terminal_log=/home/wangcheng/project/new/portable_sam2_explicit_coarse/logs/ablations/c4_pafpn_coarse_points_box_dense_densefix_unfreeze_tr0.2_va1.0_20260730_031855_pid429545.log
/home/wangcheng/miniconda3/envs/cvt2/lib/python3.9/site-packages/imagecorruptions/corruptions.py:17: UserWarning: pkg_resources is deprecated as an API. See https://setuptools.pypa.io/en/latest/pkg_resources.html. The pkg_resources package is slated for removal as early as 2025-11-30. Refrain from using this package or pin to Setuptools<81.
  from pkg_resources import resource_filename
{"ablation_id": "c4_pafpn_coarse_points_box_dense", "architecture_contract": {"architecture_id": "c4_pafpn_coarse_points_box_dense", "model_fingerprint": "830b49f74f4c43b22382de8cd36c027c3d137edf6ff9892f54d7c1f69ceafd07", "schema_version": 2}, "config": "configs/whu1024_baseplus_explicit_coarse_densefix.py", "dense_prompt_enabled": true, "explicit_prompt_mode": "points_box_dense", "final_mask_coordinate_mode": "full_image", "final_mask_loss_config": {}, "final_mask_loss_mode": "standard", "neck": "RSSAM2PAFPN", "p2_boundary_refiner_config": {"aligned": true, "beta": 0.2, "boundary_band_radius": 2, "boundary_loss_weight": 0.05, "coarse_size": 64, "delta_logit_max": 2.0, "enabled": false, "foreground_thr": 0.5, "max_search_coverage": 0.5, "mid_channels": 64, "p2_in_channels": 512, "projected_channels": 64, "roi_output_size": 32, "sampling_ratio": 0, "search_band_radius": 4, "spatial_scale": 0.25, "zero_init_residual": true}, "p2_boundary_refiner_enabled": false, "prompt_encoder_enabled": true, "prompt_route": "coarse", "prompt_sparse_mode": "shape_point", "quality_head_enabled": false, "roi_sam_config": {}, "roi_sam_enabled": false, "sam_image_embedding_size": 32, "sam_image_embedding_stride": 32, "segm_score_key": "scores", "segm_score_mode": "detector", "shape_context_fusion": "roi_only", "shape_loss_schedule_mode": "fixed", "shape_point_adaptive_validity": true, "shape_prior_enabled": true, "shape_prior_loss_weight": 0.1, "subset_seed": 44, "train_subset_ratio": 0.2, "val_subset_ratio": 1.0}
ablation contract: OK
============================================================
resolved_hyperparameters_begin
timestamp=20260730_031855
environment_config=/home/wangcheng/project/new/portable_sam2_explicit_coarse/configs/environment.local.sh
git_commit=88c4b3ebebc720b5e4c42f3c7adbd8494cad944d
ablation_id=c4_pafpn_coarse_points_box_dense
expected_architecture_id=c4_pafpn_coarse_points_box_dense
run_tag=c4_pafpn_coarse_points_box_dense_densefix_unfreeze
run_suffix=
neck_type=pafpn
prompt_route=coarse
prompt_generator_mode=explicit_mask
prompt_sparse_mode=shape_point
prompt_encoder_enabled=1
shape_prior_enabled=1
explicit_prompt_mode=points_box_dense
p2_boundary_refiner_enabled=0
final_mask_coordinate_mode=full_image
final_mask_loss_mode=standard
final_mask_roi_expand_ratio=1.20
final_mask_roi_bce_weight=1.0
final_mask_roi_dice_weight=1.0
final_mask_outside_bce_weight=0.05
roi_sam_enabled=0
roi_sam_sampling_ratio=2
sam_image_embedding_stride=32
sam_image_embedding_size=32
train_subset_ratio=0.2
val_subset_ratio=1.0
val_batch_size=1
subset_seed=44
python=/home/wangcheng/miniconda3/envs/cvt2/bin/python
nproc_per_node=2
master_port=29545
master_port_source=auto_pid
ddp_timeout_seconds=1800
ddp_timeout_source=baseline_default
ddp_control_backend=gloo
ddp_control_timeout_seconds=86400
cuda_visible_devices=1,2
batch_size_per_rank=1
grad_accum_steps=4
effective_global_batch_size=8
epochs=80
learning_rate=5e-4
amp=0
ema_enabled=0
ema_decay=0.999
ema_eval=0
ema_save_best=0
val_every_n_epochs=1
compute_val_loss=0
save_bbox_best_metric=bbox/mAP
segm_score_mode=detector
early_stopping_patience=10
early_stopping_start_epoch=20
early_stopping_min_delta=5e-4
early_stopping_smooth_window=5
sat_backbone_lr_mult=1.0
sat_other_lr_mult=1.0
mask_decoder_lr_mult=1.0
no_mask_lr_mult=1.0
prompt_encoder_lr_mult=1.0
shape_prior_lr_mult=1.0
shape_context_fusion=roi_only
p2_boundary_refiner_lr_mult=1.0
p2_boundary_refiner_projected_channels=64
p2_boundary_refiner_mid_channels=64
p2_boundary_refiner_delta_logit_max=2.0
p2_boundary_refiner_loss_weight=0.05
allow_cross_arch_init=0
warmup_iters=100
weight_decay=0.05
det_loss_stage1_end=5
det_loss_stage2_end=10
det_loss_weight_stage1=1.0
det_loss_weight_stage2=1.0
det_loss_weight_stage3=1.0
ema_update_every=1
ema_eval_start_epoch=5
shape_point_adaptive_validity=1
shape_loss_schedule_mode=fixed
shape_prior_loss_weight=0.10
shape_loss_stage1_end=5
shape_loss_weight_stage1=0.20
shape_loss_weight_stage2=0.10
point_warmup_enabled=0
point_warmup_no_point_epochs=0
point_warmup_one_pair_epochs=0
point_warmup_full_start_epoch=1
prompt_debug_stats=1
prompt_debug_stats_interval=50
max_train_batches=0
max_val_batches=0
init_from=
init_exclude_prefixes=
resume_from=
check_data=0
preflight_model=0
dry_run=0
run_in_background=1
sam2_repo=/home/wangcheng/project/new/sam2
sam2_checkpoint=/data1/wangcheng/pretrained/sam2_hiera_base_plus.pt
data_root=/data1/wangcheng/dataset/WHU
checkpoint_root=/data1/wangcheng/checkpoint/portable_sam2_explicit_coarse
log_root=/home/wangcheng/project/new/portable_sam2_explicit_coarse/logs
tmp_root=/tmp/portable_sam2_explicit_coarse
config=configs/whu1024_baseplus_explicit_coarse_densefix.py
checkpoint_dir=/data1/wangcheng/checkpoint/portable_sam2_explicit_coarse/ablations/c4_pafpn_coarse_points_box_dense_densefix_unfreeze_tr0.2_va1.0
log_file=/home/wangcheng/project/new/portable_sam2_explicit_coarse/logs/ablations/c4_pafpn_coarse_points_box_dense_densefix_unfreeze_tr0.2_va1.0_20260730_031855_pid429545.log
command= /home/wangcheng/miniconda3/envs/cvt2/bin/python -m torch.distributed.run --nproc_per_node=2 --master_port=29545 train/train_rsprompter_fusion.py --config configs/whu1024_baseplus_explicit_coarse_densefix.py --data-root /data1/wangcheng/dataset/WHU --use-whu-coco --image-size 1024 1024 --batch-size 1 --grad-accum-steps 4 --epochs 80 --lr 5e-4 --checkpoint-dir /data1/wangcheng/checkpoint/portable_sam2_explicit_coarse/ablations/c4_pafpn_coarse_points_box_dense_densefix_unfreeze_tr0.2_va1.0 --train-subset-ratio 0.2 --val-subset-ratio 1.0 --val-batch-size 1 --seed 44 --amp 0 --ema-enabled 0 --ema-decay 0.999 --ema-eval 0 --ema-save-best 0 --val-every-n-epochs 1 --compute-val-loss 0 --early-stopping-patience 10 --early-stopping-start-epoch 20 --early-stopping-min-delta 5e-4 --early-stopping-smooth-window 5 --sat-backbone-lr-mult 1.0 --sat-other-lr-mult 1.0 --mask-decoder-lr-mult 1.0 --no-mask-lr-mult 1.0 --prompt-encoder-lr-mult 1.0 --shape-prior-lr-mult 1.0 --p2-boundary-refiner-lr-mult 1.0 --warmup-iters 100 --weight-decay 0.05 --det-loss-stage1-end 5 --det-loss-stage2-end 10 --det-loss-weight-stage1 1.0 --det-loss-weight-stage2 1.0 --det-loss-weight-stage3 1.0 --ema-update-every 1 --ema-eval-start-epoch 5 --prompt-debug-stats 1 --prompt-debug-stats-interval 50
resolved_hyperparameters_end
============================================================
launch_mode=background
background_pid=429729
follow_log=tail -f /home/wangcheng/project/new/portable_sam2_explicit_coarse/logs/ablations/c4_pafpn_coarse_points_box_dense_densefix_unfreeze_tr0.2_va1.0_20260730_031855_pid429545.log
status_command=ps -fp 429729

*****************************************
Setting OMP_NUM_THREADS environment variable for each process to be 1 in default, to avoid your system being overloaded, please further tune the variable for optimal performance in your application as needed. 
*****************************************
/home/wangcheng/miniconda3/envs/cvt2/lib/python3.9/site-packages/imagecorruptions/corruptions.py:17: UserWarning: pkg_resources is deprecated as an API. See https://setuptools.pypa.io/en/latest/pkg_resources.html. The pkg_resources package is slated for removal as early as 2025-11-30. Refrain from using this package or pin to Setuptools<81.
  from pkg_resources import resource_filename
/home/wangcheng/miniconda3/envs/cvt2/lib/python3.9/site-packages/imagecorruptions/corruptions.py:17: UserWarning: pkg_resources is deprecated as an API. See https://setuptools.pypa.io/en/latest/pkg_resources.html. The pkg_resources package is slated for removal as early as 2025-11-30. Refrain from using this package or pin to Setuptools<81.
  from pkg_resources import resource_filename
[seed] Random seed fixed to 44 | cudnn.deterministic=True
[Gloo] Rank [Gloo] Rank 10 is connected to  is connected to 11 peer ranks.  peer ranks. Expected number of connected peer ranks is : Expected number of connected peer ranks is : 11

2026-07-30 03:19:11,630 - portable_sam_fusion - INFO - DDP process-group timeout: 1800 seconds
2026-07-30 03:19:11,631 - portable_sam_fusion - INFO - DDP validation control: backend=gloo timeout=86400 seconds
2026-07-30 03:19:12,681 - portable_sam_fusion - INFO - Architecture contract: id=c4_pafpn_coarse_points_box_dense schema=2 fingerprint=830b49f74f4c43b22382de8cd36c027c3d137edf6ff9892f54d7c1f69ceafd07
[RSSAM2VisionEncoder] Loading SAM2 base_plus model
  - embed_dim: 112
  - stages: (2, 3, 16, 3)
  - backbone_channels: [896, 448, 224, 112]
Loads checkpoint by local backend from path: /data1/wangcheng/pretrained/sam2_hiera_base_plus.pt
Loads checkpoint by local backend from path: /data1/wangcheng/pretrained/sam2_hiera_base_plus.pt
[ImageEncoder(base_plus)] Loaded 306 keys. missing=0, unexpected=0
[RSSAM2VisionEncoder] Applied LoRA with config:
  - r=16, alpha=32
  - target_modules=['qkv', 'proj']
  - dropout=0.05
  - modules_to_save=['neck']
trainable params: 1,492,528 || all params: 70,599,344 || trainable%: 2.114081966540652
[RSSAM2VisionEncoder] LoRA audit: backbone total=70599344, trainable=1492528, lora_trainable=1061424, unexpected_trainable=0
[SAM2] using package: /home/wangcheng/project/new/sam2/sam2/__init__.py
Loads checkpoint by local backend from path: /data1/wangcheng/pretrained/sam2_hiera_base_plus.pt
Loads checkpoint by local backend from path: /data1/wangcheng/pretrained/sam2_hiera_base_plus.pt
[MaskDecoder] Loaded 131 keys. missing=0, unexpected=0
  use_high_res_features: True
  Has conv_s0: True
  Has conv_s1: True
Loads checkpoint by local backend from path: /data1/wangcheng/pretrained/sam2_hiera_base_plus.pt
[MaskHead] Initialized no_mask_embed from SAM2 ckpt, frozen, abs_mean=0.01521041
Loads checkpoint by local backend from path: /data1/wangcheng/pretrained/sam2_hiera_base_plus.pt
Loads checkpoint by local backend from path: /data1/wangcheng/pretrained/sam2_hiera_base_plus.pt
[PromptEncoder] Loaded 17 keys. missing=0, unexpected=0
Loads checkpoint by local backend from path: /data1/wangcheng/pretrained/sam2_hiera_base_plus.pt
2026-07-30 03:19:14,763 - portable_sam_fusion - INFO - Evaluation score contract: bbox=scores segm=scores mode=detector
2026-07-30 03:19:18,601 - data.whu_instance_dataset - INFO - 加载 WHU 样本: 2943 (train.json)
2026-07-30 03:19:18,614 - data.whu_instance_dataset - INFO - 加载 WHU 样本: 2943 (train.json)
2026-07-30 03:19:18,744 - data.loader - INFO - WHU train subset: 588/2943 images (ratio=0.200000, seed=44)
2026-07-30 03:19:18,759 - data.loader - INFO - WHU train subset: 588/2943 images (ratio=0.200000, seed=44)
2026-07-30 03:19:18,883 - data.whu_instance_dataset - INFO - 加载 WHU 样本: 627 (validation.json)
2026-07-30 03:19:18,884 - data.loader - INFO - 创建 WHU 验证集加载器: 627 样本
2026-07-30 03:19:18,897 - data.whu_instance_dataset - INFO - 加载 WHU 样本: 627 (validation.json)
2026-07-30 03:19:18,898 - data.loader - INFO - 创建 WHU 验证集加载器: 627 样本
2026-07-30 03:19:18,898 - portable_sam_fusion - INFO - Validation policy: rank0_only=1 batch_size=1 every_n_epochs=1 compute_loss=0
2026-07-30 03:19:18,898 - portable_sam_fusion - INFO - Dataset size: 588 | mini-batch/epoch=294 | grad_accum=4 | optimizer_steps/epoch=74 | total_optimizer_steps=5920
2026-07-30 03:19:18,902 - portable_sam_fusion - INFO - Optimizer group sat_backbone    params=1492528 tensors=112 lr=5.000e-04 wd=5.000e-02 first=backbone.encoder.base_model.model.trunk.patch_embed.proj.lora_A.default.weight last=backbone.encoder.base_model.model.neck.modules_to_save.default.convs.3.conv.bias
2026-07-30 03:19:18,902 - portable_sam_fusion - INFO - Optimizer group mask_decoder    params=4082497 tensors=125 lr=5.000e-04 wd=5.000e-02 first=roi_head.mask_head.mask_decoder.decoder.transformer.layers.0.self_attn.q_proj.weight last=roi_head.mask_head.mask_decoder.decoder.pred_obj_score_head.layers.2.bias
2026-07-30 03:19:18,902 - portable_sam_fusion - INFO - Optimizer group prompt_encoder  params=4684 tensors=10 lr=5.000e-04 wd=0.000e+00 first=roi_head.mask_head.prompt_encoder.mask_downscaling.0.weight last=roi_head.mask_head.prompt_encoder.mask_downscaling.6.bias
2026-07-30 03:19:18,902 - portable_sam_fusion - INFO - Optimizer group shape_prior     params=960385 tensors=18 lr=5.000e-04 wd=5.000e-02 first=roi_head.mask_head.shape_injector.mask_decoder.net.0.weight last=roi_head.mask_head.shape_injector.mask_decoder.net.14.bias
2026-07-30 03:19:18,902 - portable_sam_fusion - INFO - Optimizer group quality_head    params=132612 tensors=6 lr=5.000e-04 wd=5.000e-02 first=roi_head.mask_head.mask_decoder.decoder.iou_prediction_head.layers.0.weight last=roi_head.mask_head.mask_decoder.decoder.iou_prediction_head.layers.2.bias
2026-07-30 03:19:18,902 - portable_sam_fusion - INFO - Optimizer group sat_other       params=37130793 tensors=78 lr=5.000e-04 wd=5.000e-02 first=neck.level_scales last=roi_head.bbox_head.shared_fcs.1.bias
2026-07-30 03:19:18,905 - portable_sam_fusion - INFO - Trainable state backbone               1492528 / 70599344
2026-07-30 03:19:18,905 - portable_sam_fusion - INFO - Trainable state shared_image_embedding absent
2026-07-30 03:19:18,905 - portable_sam_fusion - INFO - Trainable state mask_decoder           4215109 / 4215109
2026-07-30 03:19:18,905 - portable_sam_fusion - INFO - Trainable state no_mask_embed          0 / 256
2026-07-30 03:19:18,906 - portable_sam_fusion - INFO - Trainable state prompt_encoder         4684 / 6220
2026-07-30 03:19:18,906 - portable_sam_fusion - INFO - Trainable state shape_injector         960385 / 960385
2026-07-30 03:19:18,906 - portable_sam_fusion - INFO - Trainable state p2_boundary_refiner    absent
2026-07-30 03:19:18,906 - portable_sam_fusion - INFO - Trainable state quality_head           absent
2026-07-30 03:19:18,906 - portable_sam_fusion - INFO - Trainable state uav_roi_retriever      absent
2026-07-30 03:19:18,906 - portable_sam_fusion - INFO - Trainable state uav_roi_gate           absent
2026-07-30 03:19:18,906 - portable_sam_fusion - INFO - Trainable state uav_roi_dense_prompt   absent
2026-07-30 03:19:18,906 - portable_sam_fusion - INFO - Trainable state uav_roi_prompt_adapter absent
2026-07-30 03:19:18,906 - portable_sam_fusion - INFO - Trainable state uav_prompt_adapter_sparse_scale absent
2026-07-30 03:19:18,906 - portable_sam_fusion - INFO - Trainable state uav_prompt_adapter_dense_scale absent
2026-07-30 03:19:18,906 - portable_sam_fusion - INFO - Using user-specified warmup: 100 optimizer steps
[DEBUG] RSSAM2PAFPN inputs: 4 tensors
  [0] shape=torch.Size([1, 256, 256, 256]), dtype=torch.float32
  [1] shape=torch.Size([1, 256, 128, 128]), dtype=torch.float32
  [2] shape=torch.Size([1, 256, 64, 64]), dtype=torch.float32
  [3] shape=torch.Size([1, 256, 32, 32]), dtype=torch.float32
2026-07-30 03:20:41,446 - portable_sam_fusion - INFO - [DEBUG-BOX] epoch=1 step=50 fallback_count=0 fallback_ratio=0 num_rois=64 refined_proposal_iou=0 refined_proposal_iou_sum=0 refined_valid_count=0
2026-07-30 03:20:41,446 - portable_sam_fusion - INFO - [DEBUG-COARSE] epoch=1 step=50 bce_raw=0.5871 boundary_fn=1.499e+04 boundary_fp=2.149e+04 boundary_tp=1.755e+04 dice=0.3336 dice_loss_raw=0.3336 iou=0.5024 loss_weight=0.1 raw_boundary_fn=1.499e+04 raw_boundary_fp=2.149e+04 raw_boundary_tp=1.755e+04 raw_dice_score=0.6664 raw_iou=0.5024 weighted_loss=0.09207
2026-07-30 03:20:41,446 - portable_sam_fusion - INFO - [DEBUG-CONTEXT] epoch=1 step=50 enabled=0
2026-07-30 03:20:41,446 - portable_sam_fusion - INFO - [DEBUG-DENSE] epoch=1 step=50 applied_delta_norm=3.186 applied_delta_ratio=0.2728 base_norm=11.68 canvas_max=1.833 canvas_mean=0.005373 canvas_min=-0.8683 canvas_nonzero_ratio=0.007353 canvas_std=0.08478 final_norm=12.02 residual_alpha=0.5 shape_norm=13.2 source_delta_norm=6.371 source_delta_ratio=0.5456
2026-07-30 03:20:41,446 - portable_sam_fusion - INFO - [DEBUG-GATE] epoch=1 step=50 shape_dense_alpha_max=0.5 shape_dense_alpha_mean=0.5 shape_dense_alpha_min=0.5
2026-07-30 03:20:41,447 - portable_sam_fusion - INFO - [DEBUG-JITTER] epoch=1 step=50 area_ratio_count=64 area_ratio_mean=1 area_ratio_sum=64 fallback_count=0 mean_iou=1 num_jittered=0 num_rois=64
2026-07-30 03:20:41,447 - portable_sam_fusion - INFO - [DEBUG-SP] epoch=1 step=50 all_invalid_count=0 all_invalid_ratio=0 empty_count=0 empty_ratio=0 full_count=0 full_ratio=0 mean_point_distance=35.62 n1_gt_valid_count=64 n1_in_gt_bg=0.9531 n1_in_gt_bg_count=61 n1_valid_count=64 n1_valid_ratio=1 n2_gt_valid_count=64 n2_in_gt_bg=0.8438 n2_in_gt_bg_count=54 n2_valid_count=64 n2_valid_ratio=1 neg_in_pred_bg=1 neg_in_pred_bg_count=128 negative_pair_count=64 negative_pair_distance_sum=3771 p1_gt_valid_count=64 p1_in_gt_fg=0.9688 p1_in_gt_fg_count=62 p1_valid_count=64 p1_valid_ratio=1 p2_gt_valid_count=64 p2_in_gt_fg=0.9688 p2_in_gt_fg_count=62 p2_valid_count=64 p2_valid_ratio=1 point_distance_sum=4559 point_overlap_count=0 point_overlap_ratio=0 point_pair_count=128 pos_in_pred_fg=1 pos_in_pred_fg_count=128 positive_pair_count=64 positive_pair_distance_sum=788.5 roi_count=64 valid_neg_count=128 valid_pos_count=128 warmup_stage=2
2026-07-30 03:22:08,846 - portable_sam_fusion - INFO - [DEBUG-BOX] epoch=1 step=100 fallback_count=0 fallback_ratio=0 num_rois=45 refined_proposal_iou=0 refined_proposal_iou_sum=0 refined_valid_count=0
2026-07-30 03:22:08,846 - portable_sam_fusion - INFO - [DEBUG-COARSE] epoch=1 step=100 bce_raw=0.4705 boundary_fn=8153 boundary_fp=1.091e+04 boundary_tp=8876 dice=0.2651 dice_loss_raw=0.2651 iou=0.5834 loss_weight=0.1 raw_boundary_fn=8153 raw_boundary_fp=1.091e+04 raw_boundary_tp=8876 raw_dice_score=0.7349 raw_iou=0.5834 weighted_loss=0.07355
2026-07-30 03:22:08,846 - portable_sam_fusion - INFO - [DEBUG-CONTEXT] epoch=1 step=100 enabled=0
2026-07-30 03:22:08,846 - portable_sam_fusion - INFO - [DEBUG-DENSE] epoch=1 step=100 applied_delta_norm=2.981 applied_delta_ratio=0.2553 base_norm=11.68 canvas_max=4.292 canvas_mean=0.00546 canvas_min=-1.639 canvas_nonzero_ratio=0.006635 canvas_std=0.1416 final_norm=11.99 residual_alpha=0.5 shape_norm=13.06 source_delta_norm=5.963 source_delta_ratio=0.5106
2026-07-30 03:22:08,846 - portable_sam_fusion - INFO - [DEBUG-GATE] epoch=1 step=100 shape_dense_alpha_max=0.5 shape_dense_alpha_mean=0.5 shape_dense_alpha_min=0.5
2026-07-30 03:22:08,846 - portable_sam_fusion - INFO - [DEBUG-JITTER] epoch=1 step=100 area_ratio_count=45 area_ratio_mean=1 area_ratio_sum=45 fallback_count=0 mean_iou=1 num_jittered=0 num_rois=45
2026-07-30 03:22:08,846 - portable_sam_fusion - INFO - [DEBUG-SP] epoch=1 step=100 all_invalid_count=0 all_invalid_ratio=0 empty_count=0 empty_ratio=0 full_count=0 full_ratio=0 mean_point_distance=24.54 n1_gt_valid_count=45 n1_in_gt_bg=0.8 n1_in_gt_bg_count=36 n1_valid_count=45 n1_valid_ratio=1 n2_gt_valid_count=45 n2_in_gt_bg=0.8889 n2_in_gt_bg_count=40 n2_valid_count=45 n2_valid_ratio=1 neg_in_pred_bg=1 neg_in_pred_bg_count=90 negative_pair_count=45 negative_pair_distance_sum=1671 p1_gt_valid_count=45 p1_in_gt_fg=0.9778 p1_in_gt_fg_count=44 p1_valid_count=45 p1_valid_ratio=1 p2_gt_valid_count=45 p2_in_gt_fg=1 p2_in_gt_fg_count=45 p2_valid_count=45 p2_valid_ratio=1 point_distance_sum=2209 point_overlap_count=0 point_overlap_ratio=0 point_pair_count=90 pos_in_pred_fg=1 pos_in_pred_fg_count=90 positive_pair_count=45 positive_pair_distance_sum=537.5 roi_count=45 valid_neg_count=90 valid_pos_count=90 warmup_stage=2
2026-07-30 03:23:35,586 - portable_sam_fusion - INFO - [DEBUG-BOX] epoch=1 step=150 fallback_count=0 fallback_ratio=0 num_rois=64 refined_proposal_iou=0 refined_proposal_iou_sum=0 refined_valid_count=0
2026-07-30 03:23:35,586 - portable_sam_fusion - INFO - [DEBUG-COARSE] epoch=1 step=150 bce_raw=0.3298 boundary_fn=7827 boundary_fp=7548 boundary_tp=2.02e+04 dice=0.2004 dice_loss_raw=0.2004 iou=0.6703 loss_weight=0.1 raw_boundary_fn=7827 raw_boundary_fp=7548 raw_boundary_tp=2.02e+04 raw_dice_score=0.7996 raw_iou=0.6703 weighted_loss=0.05302
2026-07-30 03:23:35,586 - portable_sam_fusion - INFO - [DEBUG-CONTEXT] epoch=1 step=150 enabled=0
2026-07-30 03:23:35,587 - portable_sam_fusion - INFO - [DEBUG-DENSE] epoch=1 step=150 applied_delta_norm=3.415 applied_delta_ratio=0.2924 base_norm=11.68 canvas_max=5.34 canvas_mean=0.005485 canvas_min=-4.456 canvas_nonzero_ratio=0.008492 canvas_std=0.2147 final_norm=12.07 residual_alpha=0.5 shape_norm=13.4 source_delta_norm=6.83 source_delta_ratio=0.5849
2026-07-30 03:23:35,587 - portable_sam_fusion - INFO - [DEBUG-GATE] epoch=1 step=150 shape_dense_alpha_max=0.5 shape_dense_alpha_mean=0.5 shape_dense_alpha_min=0.5
2026-07-30 03:23:35,587 - portable_sam_fusion - INFO - [DEBUG-JITTER] epoch=1 step=150 area_ratio_count=64 area_ratio_mean=1 area_ratio_sum=64 fallback_count=0 mean_iou=1 num_jittered=0 num_rois=64
2026-07-30 03:23:35,587 - portable_sam_fusion - INFO - [DEBUG-SP] epoch=1 step=150 all_invalid_count=0 all_invalid_ratio=0 empty_count=0 empty_ratio=0 full_count=0 full_ratio=0 mean_point_distance=24 n1_gt_valid_count=64 n1_in_gt_bg=0.9531 n1_in_gt_bg_count=61 n1_valid_count=64 n1_valid_ratio=1 n2_gt_valid_count=64 n2_in_gt_bg=1 n2_in_gt_bg_count=64 n2_valid_count=64 n2_valid_ratio=1 neg_in_pred_bg=1 neg_in_pred_bg_count=128 negative_pair_count=64 negative_pair_distance_sum=2121 p1_gt_valid_count=64 p1_in_gt_fg=1 p1_in_gt_fg_count=64 p1_valid_count=64 p1_valid_ratio=1 p2_gt_valid_count=64 p2_in_gt_fg=1 p2_in_gt_fg_count=64 p2_valid_count=64 p2_valid_ratio=1 point_distance_sum=3072 point_overlap_count=0 point_overlap_ratio=0 point_pair_count=128 pos_in_pred_fg=1 pos_in_pred_fg_count=128 positive_pair_count=64 positive_pair_distance_sum=951.6 roi_count=64 valid_neg_count=128 valid_pos_count=128 warmup_stage=2
2026-07-30 03:25:09,508 - portable_sam_fusion - INFO - [DEBUG-BOX] epoch=1 step=200 fallback_count=0 fallback_ratio=0 num_rois=0 refined_proposal_iou=0 refined_proposal_iou_sum=0 refined_valid_count=0
2026-07-30 03:25:09,508 - portable_sam_fusion - INFO - [DEBUG-COARSE] epoch=1 step=200 boundary_fn=0 boundary_fp=0 boundary_tp=0 dice=0 iou=0
2026-07-30 03:25:09,508 - portable_sam_fusion - INFO - [DEBUG-CONTEXT] epoch=1 step=200 enabled=0
2026-07-30 03:25:09,508 - portable_sam_fusion - INFO - [DEBUG-DENSE] epoch=1 step=200 applied_delta_norm=2.77 applied_delta_ratio=0.2372 base_norm=11.68 canvas_max=5.447 canvas_mean=0.001041 canvas_min=-6.436 canvas_nonzero_ratio=0.006247 canvas_std=0.2305 final_norm=11.94 residual_alpha=0.5 shape_norm=12.85 source_delta_norm=5.54 source_delta_ratio=0.4743
2026-07-30 03:25:09,508 - portable_sam_fusion - INFO - [DEBUG-GATE] epoch=1 step=200 shape_dense_alpha_max=0.5 shape_dense_alpha_mean=0.5 shape_dense_alpha_min=0.5
2026-07-30 03:25:09,508 - portable_sam_fusion - INFO - [DEBUG-JITTER] epoch=1 step=200 area_ratio_count=0 area_ratio_mean=0 area_ratio_sum=0 fallback_count=0 mean_iou=0 num_jittered=0 num_rois=0
2026-07-30 03:25:09,508 - portable_sam_fusion - INFO - [DEBUG-SP] epoch=1 step=200 all_invalid_count=0 all_invalid_ratio=0 empty_count=0 empty_ratio=0 full_count=0 full_ratio=0 mean_point_distance=18.22 n1_gt_valid_count=64 n1_in_gt_bg=0.4062 n1_in_gt_bg_count=26 n1_valid_count=64 n1_valid_ratio=1 n2_gt_valid_count=64 n2_in_gt_bg=0.875 n2_in_gt_bg_count=56 n2_valid_count=64 n2_valid_ratio=1 neg_in_pred_bg=1 neg_in_pred_bg_count=128 negative_pair_count=64 negative_pair_distance_sum=1541 p1_gt_valid_count=64 p1_in_gt_fg=0.9844 p1_in_gt_fg_count=63 p1_valid_count=64 p1_valid_ratio=1 p2_gt_valid_count=64 p2_in_gt_fg=1 p2_in_gt_fg_count=64 p2_valid_count=64 p2_valid_ratio=1 point_distance_sum=2332 point_overlap_count=0 point_overlap_ratio=0 point_pair_count=128 pos_in_pred_fg=1 pos_in_pred_fg_count=128 positive_pair_count=64 positive_pair_distance_sum=791.2 roi_count=64 valid_neg_count=128 valid_pos_count=128 warmup_stage=2
2026-07-30 03:25:09,752 - portable_sam_fusion - INFO - epoch 1 | mini-batch 200/294 | optimizer_step 50/5920 | lr=2.503e-04
2026-07-30 03:26:27,528 - portable_sam_fusion - INFO - [DEBUG-BOX] epoch=1 step=250 fallback_count=0 fallback_ratio=0 num_rois=64 refined_proposal_iou=0 refined_proposal_iou_sum=0 refined_valid_count=0
2026-07-30 03:26:27,528 - portable_sam_fusion - INFO - [DEBUG-COARSE] epoch=1 step=250 bce_raw=0.3528 boundary_fn=7958 boundary_fp=9666 boundary_tp=1.727e+04 dice=0.1693 dice_loss_raw=0.1693 iou=0.7146 loss_weight=0.1 raw_boundary_fn=7958 raw_boundary_fp=9666 raw_boundary_tp=1.727e+04 raw_dice_score=0.8307 raw_iou=0.7146 weighted_loss=0.05221
2026-07-30 03:26:27,528 - portable_sam_fusion - INFO - [DEBUG-CONTEXT] epoch=1 step=250 enabled=0
2026-07-30 03:26:27,529 - portable_sam_fusion - INFO - [DEBUG-DENSE] epoch=1 step=250 applied_delta_norm=2.885 applied_delta_ratio=0.247 base_norm=11.68 canvas_max=6.945 canvas_mean=0.008408 canvas_min=-4.037 canvas_nonzero_ratio=0.006732 canvas_std=0.2379 final_norm=11.98 residual_alpha=0.5 shape_norm=13.03 source_delta_norm=5.769 source_delta_ratio=0.494
2026-07-30 03:26:27,529 - portable_sam_fusion - INFO - [DEBUG-GATE] epoch=1 step=250 shape_dense_alpha_max=0.5 shape_dense_alpha_mean=0.5 shape_dense_alpha_min=0.5
2026-07-30 03:26:27,529 - portable_sam_fusion - INFO - [DEBUG-JITTER] epoch=1 step=250 area_ratio_count=64 area_ratio_mean=1 area_ratio_sum=64 fallback_count=0 mean_iou=1 num_jittered=0 num_rois=64
2026-07-30 03:26:27,529 - portable_sam_fusion - INFO - [DEBUG-SP] epoch=1 step=250 all_invalid_count=0 all_invalid_ratio=0 empty_count=0 empty_ratio=0 full_count=0 full_ratio=0 mean_point_distance=22.86 n1_gt_valid_count=64 n1_in_gt_bg=0.9062 n1_in_gt_bg_count=58 n1_valid_count=64 n1_valid_ratio=1 n2_gt_valid_count=64 n2_in_gt_bg=0.9219 n2_in_gt_bg_count=59 n2_valid_count=64 n2_valid_ratio=1 neg_in_pred_bg=1 neg_in_pred_bg_count=128 negative_pair_count=64 negative_pair_distance_sum=2191 p1_gt_valid_count=64 p1_in_gt_fg=1 p1_in_gt_fg_count=64 p1_valid_count=64 p1_valid_ratio=1 p2_gt_valid_count=64 p2_in_gt_fg=0.9844 p2_in_gt_fg_count=63 p2_valid_count=64 p2_valid_ratio=1 point_distance_sum=2926 point_overlap_count=0 point_overlap_ratio=0 point_pair_count=128 pos_in_pred_fg=1 pos_in_pred_fg_count=128 positive_pair_count=64 positive_pair_distance_sum=734.4 roi_count=64 valid_neg_count=128 valid_pos_count=128 warmup_stage=2
2026-07-30 03:27:24,725 - portable_sam_fusion - INFO - Epoch 1 detailed losses: loss_rpn_cls=0.2805, loss_rpn_bbox=0.0357, loss_cls=0.4073, acc=80.2947, loss_bbox=0.2662, loss_mask=0.0115, schedule/det_weight=1.0000, debug_mask_pos_rois=50.3265, debug_mask_logit_mean=-11.4848, debug_mask_logit_std=2.5746, debug_mask_prob_mean=0.0095, debug_mask_prob_ge05=0.0048, debug_mask_target_fill=0.0050, loss_shape_prior=0.0617
2026-07-30 03:27:24,725 - portable_sam_fusion - INFO - Epoch 1 dense residual monitor: alpha=0.500000 source_delta_norm=6.5320 applied_delta_norm=3.2660 source_delta_ratio=0.559326 applied_delta_ratio=0.279663
2026-07-30 03:27:24,725 - portable_sam_fusion - INFO - Epoch 1 primary loss shares: det=93.11% final_mask=1.08% shape=5.80% p2_boundary=0.00%
2026-07-30 03:27:24,725 - portable_sam_fusion - INFO - Epoch 1 schedule: det_loss_weight=1.000 early_stop_start=20 min_delta=0.0005
2026-07-30 03:27:24,725 - portable_sam_fusion - INFO - Epoch 1 learning rates: sat_backbone=3.70e-04, mask_decoder=3.70e-04, prompt_encoder=3.70e-04, shape_prior=3.70e-04, quality_head=3.70e-04, sat_other=3.70e-04
2026-07-30 03:34:38,170 - portable_sam_fusion - INFO - Cached validation GT as RLE records: images=627
2026-07-30 03:34:38,173 - portable_sam_fusion - INFO - Validation samples: GT=15926, DT=45001, avg_masks_per_image=71.77, avg_mask_fill=0.0053
creating index...
index created!
Loading and preparing results...
DONE (t=0.06s)
creating index...
index created!
Running per image evaluation...
Evaluate annotation type *bbox*
DONE (t=14.34s).
Accumulating evaluation results...
DONE (t=0.36s).
 Average Precision  (AP) @[ IoU=0.50:0.95 | area=   all | maxDets=100 ] = 0.327
 Average Precision  (AP) @[ IoU=0.50      | area=   all | maxDets=100 ] = 0.732
 Average Precision  (AP) @[ IoU=0.75      | area=   all | maxDets=100 ] = 0.206
 Average Precision  (AP) @[ IoU=0.50:0.95 | area= small | maxDets=100 ] = 0.055
 Average Precision  (AP) @[ IoU=0.50:0.95 | area=medium | maxDets=100 ] = 0.366
 Average Precision  (AP) @[ IoU=0.50:0.95 | area= large | maxDets=100 ] = 0.389
 Average Recall     (AR) @[ IoU=0.50:0.95 | area=   all | maxDets=  1 ] = 0.016
 Average Recall     (AR) @[ IoU=0.50:0.95 | area=   all | maxDets= 10 ] = 0.112
 Average Recall     (AR) @[ IoU=0.50:0.95 | area=   all | maxDets=100 ] = 0.422
 Average Recall     (AR) @[ IoU=0.50:0.95 | area= small | maxDets=100 ] = 0.107
 Average Recall     (AR) @[ IoU=0.50:0.95 | area=medium | maxDets=100 ] = 0.457
 Average Recall     (AR) @[ IoU=0.50:0.95 | area= large | maxDets=100 ] = 0.523
2026-07-30 03:34:53,218 - portable_sam_fusion - INFO - Validation bbox/mAP: 0.3269 bbox/mAP_75: 0.2065
Running per image evaluation...
Evaluate annotation type *segm*
DONE (t=15.12s).
Accumulating evaluation results...
DONE (t=0.38s).
 Average Precision  (AP) @[ IoU=0.50:0.95 | area=   all | maxDets=100 ] = 0.180
 Average Precision  (AP) @[ IoU=0.50      | area=   all | maxDets=100 ] = 0.578
 Average Precision  (AP) @[ IoU=0.75      | area=   all | maxDets=100 ] = 0.029
 Average Precision  (AP) @[ IoU=0.50:0.95 | area= small | maxDets=100 ] = 0.003
 Average Precision  (AP) @[ IoU=0.50:0.95 | area=medium | maxDets=100 ] = 0.179
 Average Precision  (AP) @[ IoU=0.50:0.95 | area= large | maxDets=100 ] = 0.296
 Average Recall     (AR) @[ IoU=0.50:0.95 | area=   all | maxDets=  1 ] = 0.012
 Average Recall     (AR) @[ IoU=0.50:0.95 | area=   all | maxDets= 10 ] = 0.082
 Average Recall     (AR) @[ IoU=0.50:0.95 | area=   all | maxDets=100 ] = 0.257
 Average Recall     (AR) @[ IoU=0.50:0.95 | area= small | maxDets=100 ] = 0.010
 Average Recall     (AR) @[ IoU=0.50:0.95 | area=medium | maxDets=100 ] = 0.247
 Average Recall     (AR) @[ IoU=0.50:0.95 | area= large | maxDets=100 ] = 0.433
2026-07-30 03:35:08,735 - portable_sam_fusion - INFO - Validation segm/mAP: 0.1796
2026-07-30 03:35:09,359 - portable_sam_fusion - INFO - New best segm/mAP: 0.1796
2026-07-30 03:35:09,360 - portable_sam_fusion - INFO - New best bbox/mAP: 0.3269
2026-07-30 03:35:09,360 - portable_sam_fusion - INFO - New best early-stop metric (segm/mAP): raw=0.1796 smooth(5)=0.1796
2026-07-30 03:35:15,190 - portable_sam_fusion - INFO - Saved best_model with segm/mAP: 0.1796
2026-07-30 03:35:21,360 - portable_sam_fusion - INFO - Saved best_bbox_model with bbox/mAP: 0.3269
2026-07-30 03:35:27,057 - portable_sam_fusion - INFO - Epoch 1/80 | train=1.062885 val=disabled segm/mAP=0.1796 bbox/mAP=0.3269 | best_segm=0.1796 best_bbox=0.3269 best_comp=0.0000 | sat_backbone=3.70e-04 mask_decoder=3.70e-04 prompt_encoder=3.70e-04 shape_prior=3.70e-04 quality_head=3.70e-04 sat_other=3.70e-04
2026-07-30 03:35:39,696 - portable_sam_fusion - INFO - [DEBUG-BOX] epoch=2 step=300 fallback_count=0 fallback_ratio=0 num_rois=64 refined_proposal_iou=0 refined_proposal_iou_sum=0 refined_valid_count=0
2026-07-30 03:35:39,696 - portable_sam_fusion - INFO - [DEBUG-COARSE] epoch=2 step=300 bce_raw=0.3744 boundary_fn=8027 boundary_fp=8774 boundary_tp=2.003e+04 dice=0.1996 dice_loss_raw=0.1996 iou=0.675 loss_weight=0.1 raw_boundary_fn=8027 raw_boundary_fp=8774 raw_boundary_tp=2.003e+04 raw_dice_score=0.8004 raw_iou=0.675 weighted_loss=0.05741
2026-07-30 03:35:39,696 - portable_sam_fusion - INFO - [DEBUG-CONTEXT] epoch=2 step=300 enabled=0
2026-07-30 03:35:39,696 - portable_sam_fusion - INFO - [DEBUG-DENSE] epoch=2 step=300 applied_delta_norm=2.825 applied_delta_ratio=0.2419 base_norm=11.68 canvas_max=7.32 canvas_mean=0.005336 canvas_min=-5.487 canvas_nonzero_ratio=0.006574 canvas_std=0.2344 final_norm=11.97 residual_alpha=0.5 shape_norm=12.95 source_delta_norm=5.651 source_delta_ratio=0.4839
2026-07-30 03:35:39,696 - portable_sam_fusion - INFO - [DEBUG-GATE] epoch=2 step=300 shape_dense_alpha_max=0.5 shape_dense_alpha_mean=0.5 shape_dense_alpha_min=0.5
2026-07-30 03:35:39,696 - portable_sam_fusion - INFO - [DEBUG-JITTER] epoch=2 step=300 area_ratio_count=64 area_ratio_mean=1 area_ratio_sum=64 fallback_count=0 mean_iou=1 num_jittered=0 num_rois=64
2026-07-30 03:35:39,696 - portable_sam_fusion - INFO - [DEBUG-SP] epoch=2 step=300 all_invalid_count=0 all_invalid_ratio=0 empty_count=0 empty_ratio=0 full_count=0 full_ratio=0 mean_point_distance=24.22 n1_gt_valid_count=64 n1_in_gt_bg=0.9531 n1_in_gt_bg_count=61 n1_valid_count=64 n1_valid_ratio=1 n2_gt_valid_count=64 n2_in_gt_bg=1 n2_in_gt_bg_count=64 n2_valid_count=64 n2_valid_ratio=1 neg_in_pred_bg=1 neg_in_pred_bg_count=128 negative_pair_count=64 negative_pair_distance_sum=2324 p1_gt_valid_count=64 p1_in_gt_fg=0.9844 p1_in_gt_fg_count=63 p1_valid_count=64 p1_valid_ratio=1 p2_gt_valid_count=64 p2_in_gt_fg=0.9531 p2_in_gt_fg_count=61 p2_valid_count=64 p2_valid_ratio=1 point_distance_sum=3100 point_overlap_count=0 point_overlap_ratio=0 point_pair_count=128 pos_in_pred_fg=1 pos_in_pred_fg_count=128 positive_pair_count=64 positive_pair_distance_sum=776.6 roi_count=64 valid_neg_count=128 valid_pos_count=128 warmup_stage=2
2026-07-30 03:37:00,486 - portable_sam_fusion - INFO - [DEBUG-BOX] epoch=2 step=350 fallback_count=0 fallback_ratio=0 num_rois=64 refined_proposal_iou=0 refined_proposal_iou_sum=0 refined_valid_count=0
2026-07-30 03:37:00,486 - portable_sam_fusion - INFO - [DEBUG-COARSE] epoch=2 step=350 bce_raw=0.3021 boundary_fn=6967 boundary_fp=7750 boundary_tp=1.883e+04 dice=0.1363 dice_loss_raw=0.1363 iou=0.762 loss_weight=0.1 raw_boundary_fn=6967 raw_boundary_fp=7750 raw_boundary_tp=1.883e+04 raw_dice_score=0.8637 raw_iou=0.762 weighted_loss=0.04384
2026-07-30 03:37:00,486 - portable_sam_fusion - INFO - [DEBUG-CONTEXT] epoch=2 step=350 enabled=0
2026-07-30 03:37:00,486 - portable_sam_fusion - INFO - [DEBUG-DENSE] epoch=2 step=350 applied_delta_norm=2.536 applied_delta_ratio=0.2171 base_norm=11.68 canvas_max=6.857 canvas_mean=0.00497 canvas_min=-5.901 canvas_nonzero_ratio=0.005444 canvas_std=0.2315 final_norm=11.92 residual_alpha=0.5 shape_norm=12.73 source_delta_norm=5.071 source_delta_ratio=0.4343
2026-07-30 03:37:00,486 - portable_sam_fusion - INFO - [DEBUG-GATE] epoch=2 step=350 shape_dense_alpha_max=0.5 shape_dense_alpha_mean=0.5 shape_dense_alpha_min=0.5
2026-07-30 03:37:00,486 - portable_sam_fusion - INFO - [DEBUG-JITTER] epoch=2 step=350 area_ratio_count=64 area_ratio_mean=1 area_ratio_sum=64 fallback_count=0 mean_iou=1 num_jittered=0 num_rois=64
2026-07-30 03:37:00,486 - portable_sam_fusion - INFO - [DEBUG-SP] epoch=2 step=350 all_invalid_count=0 all_invalid_ratio=0 empty_count=0 empty_ratio=0 full_count=0 full_ratio=0 mean_point_distance=26.15 n1_gt_valid_count=64 n1_in_gt_bg=0.6875 n1_in_gt_bg_count=44 n1_valid_count=64 n1_valid_ratio=1 n2_gt_valid_count=64 n2_in_gt_bg=0.9688 n2_in_gt_bg_count=62 n2_valid_count=64 n2_valid_ratio=1 neg_in_pred_bg=1 neg_in_pred_bg_count=128 negative_pair_count=64 negative_pair_distance_sum=2455 p1_gt_valid_count=64 p1_in_gt_fg=1 p1_in_gt_fg_count=64 p1_valid_count=64 p1_valid_ratio=1 p2_gt_valid_count=64 p2_in_gt_fg=1 p2_in_gt_fg_count=64 p2_valid_count=64 p2_valid_ratio=1 point_distance_sum=3347 point_overlap_count=0 point_overlap_ratio=0 point_pair_count=128 pos_in_pred_fg=1 pos_in_pred_fg_count=128 positive_pair_count=64 positive_pair_distance_sum=891.4 roi_count=64 valid_neg_count=128 valid_pos_count=128 warmup_stage=2
2026-07-30 03:38:11,611 - portable_sam_fusion - INFO - epoch 2 | mini-batch 104/294 | optimizer_step 100/5920 | lr=5.000e-04
2026-07-30 03:38:13,366 - portable_sam_fusion - INFO - [DEBUG-BOX] epoch=2 step=400 fallback_count=0 fallback_ratio=0 num_rois=64 refined_proposal_iou=0 refined_proposal_iou_sum=0 refined_valid_count=0
2026-07-30 03:38:13,366 - portable_sam_fusion - INFO - [DEBUG-COARSE] epoch=2 step=400 bce_raw=0.3871 boundary_fn=7838 boundary_fp=1.075e+04 boundary_tp=1.61e+04 dice=0.1603 dice_loss_raw=0.1603 iou=0.7277 loss_weight=0.1 raw_boundary_fn=7838 raw_boundary_fp=1.075e+04 raw_boundary_tp=1.61e+04 raw_dice_score=0.8397 raw_iou=0.7277 weighted_loss=0.05474
2026-07-30 03:38:13,366 - portable_sam_fusion - INFO - [DEBUG-CONTEXT] epoch=2 step=400 enabled=0
2026-07-30 03:38:13,366 - portable_sam_fusion - INFO - [DEBUG-DENSE] epoch=2 step=400 applied_delta_norm=3.892 applied_delta_ratio=0.3333 base_norm=11.68 canvas_max=7.215 canvas_mean=0.016 canvas_min=-4.468 canvas_nonzero_ratio=0.009734 canvas_std=0.2896 final_norm=12.18 residual_alpha=0.5 shape_norm=13.83 source_delta_norm=7.784 source_delta_ratio=0.6665
2026-07-30 03:38:13,366 - portable_sam_fusion - INFO - [DEBUG-GATE] epoch=2 step=400 shape_dense_alpha_max=0.5 shape_dense_alpha_mean=0.5 shape_dense_alpha_min=0.5
2026-07-30 03:38:13,366 - portable_sam_fusion - INFO - [DEBUG-JITTER] epoch=2 step=400 area_ratio_count=64 area_ratio_mean=1 area_ratio_sum=64 fallback_count=0 mean_iou=1 num_jittered=0 num_rois=64
2026-07-30 03:38:13,366 - portable_sam_fusion - INFO - [DEBUG-SP] epoch=2 step=400 all_invalid_count=0 all_invalid_ratio=0 empty_count=0 empty_ratio=0 full_count=0 full_ratio=0 mean_point_distance=38.12 n1_gt_valid_count=64 n1_in_gt_bg=0.8594 n1_in_gt_bg_count=55 n1_valid_count=64 n1_valid_ratio=1 n2_gt_valid_count=64 n2_in_gt_bg=0.9688 n2_in_gt_bg_count=62 n2_valid_count=64 n2_valid_ratio=1 neg_in_pred_bg=1 neg_in_pred_bg_count=128 negative_pair_count=64 negative_pair_distance_sum=3850 p1_gt_valid_count=64 p1_in_gt_fg=1 p1_in_gt_fg_count=64 p1_valid_count=64 p1_valid_ratio=1 p2_gt_valid_count=64 p2_in_gt_fg=1 p2_in_gt_fg_count=64 p2_valid_count=64 p2_valid_ratio=1 point_distance_sum=4880 point_overlap_count=0 point_overlap_ratio=0 point_pair_count=128 pos_in_pred_fg=1 pos_in_pred_fg_count=128 positive_pair_count=64 positive_pair_distance_sum=1030 roi_count=64 valid_neg_count=128 valid_pos_count=128 warmup_stage=2
2026-07-30 03:39:23,269 - portable_sam_fusion - INFO - [DEBUG-BOX] epoch=2 step=450 fallback_count=0 fallback_ratio=0 num_rois=64 refined_proposal_iou=0 refined_proposal_iou_sum=0 refined_valid_count=0
2026-07-30 03:39:23,270 - portable_sam_fusion - INFO - [DEBUG-COARSE] epoch=2 step=450 bce_raw=0.3083 boundary_fn=6975 boundary_fp=8603 boundary_tp=1.705e+04 dice=0.1529 dice_loss_raw=0.1529 iou=0.7369 loss_weight=0.1 raw_boundary_fn=6975 raw_boundary_fp=8603 raw_boundary_tp=1.705e+04 raw_dice_score=0.8471 raw_iou=0.7369 weighted_loss=0.04612
2026-07-30 03:39:23,270 - portable_sam_fusion - INFO - [DEBUG-CONTEXT] epoch=2 step=450 enabled=0
2026-07-30 03:39:23,270 - portable_sam_fusion - INFO - [DEBUG-DENSE] epoch=2 step=450 applied_delta_norm=2.613 applied_delta_ratio=0.2238 base_norm=11.68 canvas_max=6.782 canvas_mean=0.003207 canvas_min=-5.543 canvas_nonzero_ratio=0.005577 canvas_std=0.2372 final_norm=11.92 residual_alpha=0.5 shape_norm=12.76 source_delta_norm=5.226 source_delta_ratio=0.4475
2026-07-30 03:39:23,270 - portable_sam_fusion - INFO - [DEBUG-GATE] epoch=2 step=450 shape_dense_alpha_max=0.5 shape_dense_alpha_mean=0.5 shape_dense_alpha_min=0.5
2026-07-30 03:39:23,270 - portable_sam_fusion - INFO - [DEBUG-JITTER] epoch=2 step=450 area_ratio_count=64 area_ratio_mean=1 area_ratio_sum=64 fallback_count=0 mean_iou=1 num_jittered=0 num_rois=64
2026-07-30 03:39:23,270 - portable_sam_fusion - INFO - [DEBUG-SP] epoch=2 step=450 all_invalid_count=0 all_invalid_ratio=0 empty_count=0 empty_ratio=0 full_count=0 full_ratio=0 mean_point_distance=24.63 n1_gt_valid_count=64 n1_in_gt_bg=0.75 n1_in_gt_bg_count=48 n1_valid_count=64 n1_valid_ratio=1 n2_gt_valid_count=64 n2_in_gt_bg=0.9531 n2_in_gt_bg_count=61 n2_valid_count=64 n2_valid_ratio=1 neg_in_pred_bg=1 neg_in_pred_bg_count=128 negative_pair_count=64 negative_pair_distance_sum=2467 p1_gt_valid_count=64 p1_in_gt_fg=1 p1_in_gt_fg_count=64 p1_valid_count=64 p1_valid_ratio=1 p2_gt_valid_count=64 p2_in_gt_fg=0.9844 p2_in_gt_fg_count=63 p2_valid_count=64 p2_valid_ratio=1 point_distance_sum=3152 point_overlap_count=0 point_overlap_ratio=0 point_pair_count=128 pos_in_pred_fg=1 pos_in_pred_fg_count=128 positive_pair_count=64 positive_pair_distance_sum=685.3 roi_count=64 valid_neg_count=128 valid_pos_count=128 warmup_stage=2
2026-07-30 03:40:39,266 - portable_sam_fusion - INFO - [DEBUG-BOX] epoch=2 step=500 fallback_count=0 fallback_ratio=0 num_rois=64 refined_proposal_iou=0 refined_proposal_iou_sum=0 refined_valid_count=0
2026-07-30 03:40:39,266 - portable_sam_fusion - INFO - [DEBUG-COARSE] epoch=2 step=500 bce_raw=0.3363 boundary_fn=7778 boundary_fp=1.003e+04 boundary_tp=1.603e+04 dice=0.1429 dice_loss_raw=0.1429 iou=0.7522 loss_weight=0.1 raw_boundary_fn=7778 raw_boundary_fp=1.003e+04 raw_boundary_tp=1.603e+04 raw_dice_score=0.8571 raw_iou=0.7522 weighted_loss=0.04792
2026-07-30 03:40:39,266 - portable_sam_fusion - INFO - [DEBUG-CONTEXT] epoch=2 step=500 enabled=0
2026-07-30 03:40:39,266 - portable_sam_fusion - INFO - [DEBUG-DENSE] epoch=2 step=500 applied_delta_norm=2.112 applied_delta_ratio=0.1809 base_norm=11.68 canvas_max=6.693 canvas_mean=0.004004 canvas_min=-6.062 canvas_nonzero_ratio=0.004243 canvas_std=0.2097 final_norm=11.86 residual_alpha=0.5 shape_norm=12.49 source_delta_norm=4.225 source_delta_ratio=0.3618
2026-07-30 03:40:39,266 - portable_sam_fusion - INFO - [DEBUG-GATE] epoch=2 step=500 shape_dense_alpha_max=0.5 shape_dense_alpha_mean=0.5 shape_dense_alpha_min=0.5
2026-07-30 03:40:39,266 - portable_sam_fusion - INFO - [DEBUG-JITTER] epoch=2 step=500 area_ratio_count=64 area_ratio_mean=1 area_ratio_sum=64 fallback_count=0 mean_iou=1 num_jittered=0 num_rois=64
2026-07-30 03:40:39,266 - portable_sam_fusion - INFO - [DEBUG-SP] epoch=2 step=500 all_invalid_count=0 all_invalid_ratio=0 empty_count=0 empty_ratio=0 full_count=0 full_ratio=0 mean_point_distance=21.03 n1_gt_valid_count=64 n1_in_gt_bg=0.75 n1_in_gt_bg_count=48 n1_valid_count=64 n1_valid_ratio=1 n2_gt_valid_count=64 n2_in_gt_bg=0.875 n2_in_gt_bg_count=56 n2_valid_count=64 n2_valid_ratio=1 neg_in_pred_bg=1 neg_in_pred_bg_count=128 negative_pair_count=64 negative_pair_distance_sum=2113 p1_gt_valid_count=64 p1_in_gt_fg=1 p1_in_gt_fg_count=64 p1_valid_count=64 p1_valid_ratio=1 p2_gt_valid_count=64 p2_in_gt_fg=1 p2_in_gt_fg_count=64 p2_valid_count=64 p2_valid_ratio=1 point_distance_sum=2692 point_overlap_count=0 point_overlap_ratio=0 point_pair_count=128 pos_in_pred_fg=1 pos_in_pred_fg_count=128 positive_pair_count=64 positive_pair_distance_sum=578.7 roi_count=64 valid_neg_count=128 valid_pos_count=128 warmup_stage=2
2026-07-30 03:41:49,484 - portable_sam_fusion - INFO - [DEBUG-BOX] epoch=2 step=550 fallback_count=0 fallback_ratio=0 num_rois=64 refined_proposal_iou=0 refined_proposal_iou_sum=0 refined_valid_count=0
2026-07-30 03:41:49,484 - portable_sam_fusion - INFO - [DEBUG-COARSE] epoch=2 step=550 bce_raw=0.3213 boundary_fn=7455 boundary_fp=7617 boundary_tp=1.712e+04 dice=0.1487 dice_loss_raw=0.1487 iou=0.7444 loss_weight=0.1 raw_boundary_fn=7455 raw_boundary_fp=7617 raw_boundary_tp=1.712e+04 raw_dice_score=0.8513 raw_iou=0.7444 weighted_loss=0.047
2026-07-30 03:41:49,484 - portable_sam_fusion - INFO - [DEBUG-CONTEXT] epoch=2 step=550 enabled=0
2026-07-30 03:41:49,485 - portable_sam_fusion - INFO - [DEBUG-DENSE] epoch=2 step=550 applied_delta_norm=2.428 applied_delta_ratio=0.2079 base_norm=11.68 canvas_max=7.623 canvas_mean=0.002479 canvas_min=-6.199 canvas_nonzero_ratio=0.005645 canvas_std=0.2597 final_norm=11.9 residual_alpha=0.5 shape_norm=12.65 source_delta_norm=4.855 source_delta_ratio=0.4158
2026-07-30 03:41:49,485 - portable_sam_fusion - INFO - [DEBUG-GATE] epoch=2 step=550 shape_dense_alpha_max=0.5 shape_dense_alpha_mean=0.5 shape_dense_alpha_min=0.5
2026-07-30 03:41:49,485 - portable_sam_fusion - INFO - [DEBUG-JITTER] epoch=2 step=550 area_ratio_count=64 area_ratio_mean=1 area_ratio_sum=64 fallback_count=0 mean_iou=1 num_jittered=0 num_rois=64
2026-07-30 03:41:49,485 - portable_sam_fusion - INFO - [DEBUG-SP] epoch=2 step=550 all_invalid_count=0 all_invalid_ratio=0 empty_count=0 empty_ratio=0 full_count=0 full_ratio=0 mean_point_distance=23.12 n1_gt_valid_count=64 n1_in_gt_bg=0.6406 n1_in_gt_bg_count=41 n1_valid_count=64 n1_valid_ratio=1 n2_gt_valid_count=64 n2_in_gt_bg=0.9062 n2_in_gt_bg_count=58 n2_valid_count=64 n2_valid_ratio=1 neg_in_pred_bg=1 neg_in_pred_bg_count=128 negative_pair_count=64 negative_pair_distance_sum=2242 p1_gt_valid_count=64 p1_in_gt_fg=1 p1_in_gt_fg_count=64 p1_valid_count=64 p1_valid_ratio=1 p2_gt_valid_count=64 p2_in_gt_fg=1 p2_in_gt_fg_count=64 p2_valid_count=64 p2_valid_ratio=1 point_distance_sum=2959 point_overlap_count=0 point_overlap_ratio=0 point_pair_count=128 pos_in_pred_fg=1 pos_in_pred_fg_count=128 positive_pair_count=64 positive_pair_distance_sum=716.6 roi_count=64 valid_neg_count=128 valid_pos_count=128 warmup_stage=2
2026-07-30 03:42:42,810 - portable_sam_fusion - INFO - Epoch 2 detailed losses: loss_rpn_cls=0.0829, loss_rpn_bbox=0.0303, loss_cls=0.3518, acc=84.8759, loss_bbox=0.2444, loss_mask=0.0059, debug_mask_pos_rois=55.8367, debug_mask_logit_mean=-13.0497, debug_mask_logit_std=3.0446, debug_mask_prob_mean=0.0049, debug_mask_prob_ge05=0.0044, debug_mask_target_fill=0.0050, loss_shape_prior=0.0476, schedule/det_weight=1.0000
2026-07-30 03:42:42,811 - portable_sam_fusion - INFO - Epoch 2 dense residual monitor: alpha=0.500000 source_delta_norm=6.0316 applied_delta_norm=3.0158 source_delta_ratio=0.516475 applied_delta_ratio=0.258237
2026-07-30 03:42:42,811 - portable_sam_fusion - INFO - Epoch 2 primary loss shares: det=92.98% final_mask=0.77% shape=6.24% p2_boundary=0.00%
2026-07-30 03:42:42,811 - portable_sam_fusion - INFO - Epoch 2 schedule: det_loss_weight=1.000 early_stop_start=20 min_delta=0.0005
2026-07-30 03:42:42,811 - portable_sam_fusion - INFO - Epoch 2 learning rates: sat_backbone=5.00e-04, mask_decoder=5.00e-04, prompt_encoder=5.00e-04, shape_prior=5.00e-04, quality_head=5.00e-04, sat_other=5.00e-04
2026-07-30 03:50:15,387 - portable_sam_fusion - INFO - Validation samples: GT=15926, DT=56341, avg_masks_per_image=89.86, avg_mask_fill=0.0096
creating index...
index created!
Loading and preparing results...
DONE (t=0.07s)
creating index...
index created!
Running per image evaluation...
Evaluate annotation type *bbox*
DONE (t=15.53s).
Accumulating evaluation results...
DONE (t=0.45s).
 Average Precision  (AP) @[ IoU=0.50:0.95 | area=   all | maxDets=100 ] = 0.421
 Average Precision  (AP) @[ IoU=0.50      | area=   all | maxDets=100 ] = 0.810
 Average Precision  (AP) @[ IoU=0.75      | area=   all | maxDets=100 ] = 0.386
 Average Precision  (AP) @[ IoU=0.50:0.95 | area= small | maxDets=100 ] = 0.097
 Average Precision  (AP) @[ IoU=0.50:0.95 | area=medium | maxDets=100 ] = 0.459
 Average Precision  (AP) @[ IoU=0.50:0.95 | area= large | maxDets=100 ] = 0.497
 Average Recall     (AR) @[ IoU=0.50:0.95 | area=   all | maxDets=  1 ] = 0.018
 Average Recall     (AR) @[ IoU=0.50:0.95 | area=   all | maxDets= 10 ] = 0.130
 Average Recall     (AR) @[ IoU=0.50:0.95 | area=   all | maxDets=100 ] = 0.518
 Average Recall     (AR) @[ IoU=0.50:0.95 | area= small | maxDets=100 ] = 0.249
 Average Recall     (AR) @[ IoU=0.50:0.95 | area=medium | maxDets=100 ] = 0.558
 Average Recall     (AR) @[ IoU=0.50:0.95 | area= large | maxDets=100 ] = 0.577
2026-07-30 03:50:32,381 - portable_sam_fusion - INFO - Validation bbox/mAP: 0.4213 bbox/mAP_75: 0.3856
Running per image evaluation...
Evaluate annotation type *segm*
DONE (t=16.23s).
Accumulating evaluation results...
DONE (t=0.44s).
 Average Precision  (AP) @[ IoU=0.50:0.95 | area=   all | maxDets=100 ] = 0.356
 Average Precision  (AP) @[ IoU=0.50      | area=   all | maxDets=100 ] = 0.751
 Average Precision  (AP) @[ IoU=0.75      | area=   all | maxDets=100 ] = 0.322
 Average Precision  (AP) @[ IoU=0.50:0.95 | area= small | maxDets=100 ] = 0.013
 Average Precision  (AP) @[ IoU=0.50:0.95 | area=medium | maxDets=100 ] = 0.375
 Average Precision  (AP) @[ IoU=0.50:0.95 | area= large | maxDets=100 ] = 0.549
 Average Recall     (AR) @[ IoU=0.50:0.95 | area=   all | maxDets=  1 ] = 0.017
 Average Recall     (AR) @[ IoU=0.50:0.95 | area=   all | maxDets= 10 ] = 0.123
 Average Recall     (AR) @[ IoU=0.50:0.95 | area=   all | maxDets=100 ] = 0.438
 Average Recall     (AR) @[ IoU=0.50:0.95 | area= small | maxDets=100 ] = 0.071
 Average Recall     (AR) @[ IoU=0.50:0.95 | area=medium | maxDets=100 ] = 0.456
 Average Recall     (AR) @[ IoU=0.50:0.95 | area= large | maxDets=100 ] = 0.620
2026-07-30 03:50:49,119 - portable_sam_fusion - INFO - Validation segm/mAP: 0.3556
2026-07-30 03:50:49,777 - portable_sam_fusion - INFO - New best segm/mAP: 0.3556
2026-07-30 03:50:49,777 - portable_sam_fusion - INFO - New best bbox/mAP: 0.4213
2026-07-30 03:50:49,777 - portable_sam_fusion - INFO - New best early-stop metric (segm/mAP): raw=0.3556 smooth(5)=0.2676
2026-07-30 03:50:55,484 - portable_sam_fusion - INFO - Saved best_model with segm/mAP: 0.3556
2026-07-30 03:51:01,701 - portable_sam_fusion - INFO - Saved best_bbox_model with bbox/mAP: 0.4213
2026-07-30 03:51:07,206 - portable_sam_fusion - INFO - Epoch 2/80 | train=0.762955 val=disabled segm/mAP=0.3556 bbox/mAP=0.4213 | best_segm=0.3556 best_bbox=0.4213 best_comp=0.0000 | sat_backbone=5.00e-04 mask_decoder=5.00e-04 prompt_encoder=5.00e-04 shape_prior=5.00e-04 quality_head=5.00e-04 sat_other=5.00e-04
2026-07-30 03:51:21,157 - portable_sam_fusion - INFO - epoch 3 | mini-batch 8/294 | optimizer_step 150/5920 | lr=4.999e-04
2026-07-30 03:51:27,239 - portable_sam_fusion - INFO - [DEBUG-BOX] epoch=3 step=600 fallback_count=0 fallback_ratio=0 num_rois=64 refined_proposal_iou=0 refined_proposal_iou_sum=0 refined_valid_count=0
2026-07-30 03:51:27,239 - portable_sam_fusion - INFO - [DEBUG-COARSE] epoch=3 step=600 bce_raw=0.3965 boundary_fn=9825 boundary_fp=9918 boundary_tp=1.426e+04 dice=0.1799 dice_loss_raw=0.1799 iou=0.6983 loss_weight=0.1 raw_boundary_fn=9825 raw_boundary_fp=9918 raw_boundary_tp=1.426e+04 raw_dice_score=0.8201 raw_iou=0.6983 weighted_loss=0.05764
2026-07-30 03:51:27,239 - portable_sam_fusion - INFO - [DEBUG-CONTEXT] epoch=3 step=600 enabled=0
2026-07-30 03:51:27,239 - portable_sam_fusion - INFO - [DEBUG-DENSE] epoch=3 step=600 applied_delta_norm=3.356 applied_delta_ratio=0.2873 base_norm=11.68 canvas_max=7.933 canvas_mean=0.0004105 canvas_min=-6.503 canvas_nonzero_ratio=0.01011 canvas_std=0.3551 final_norm=12.12 residual_alpha=0.5 shape_norm=13.53 source_delta_norm=6.711 source_delta_ratio=0.5747
2026-07-30 03:51:27,239 - portable_sam_fusion - INFO - [DEBUG-GATE] epoch=3 step=600 shape_dense_alpha_max=0.5 shape_dense_alpha_mean=0.5 shape_dense_alpha_min=0.5
2026-07-30 03:51:27,239 - portable_sam_fusion - INFO - [DEBUG-JITTER] epoch=3 step=600 area_ratio_count=64 area_ratio_mean=1 area_ratio_sum=64 fallback_count=0 mean_iou=1 num_jittered=0 num_rois=64
2026-07-30 03:51:27,239 - portable_sam_fusion - INFO - [DEBUG-SP] epoch=3 step=600 all_invalid_count=0 all_invalid_ratio=0 empty_count=0 empty_ratio=0 full_count=0 full_ratio=0 mean_point_distance=30.9 n1_gt_valid_count=64 n1_in_gt_bg=0.3594 n1_in_gt_bg_count=23 n1_valid_count=64 n1_valid_ratio=1 n2_gt_valid_count=64 n2_in_gt_bg=0.9688 n2_in_gt_bg_count=62 n2_valid_count=64 n2_valid_ratio=1 neg_in_pred_bg=1 neg_in_pred_bg_count=128 negative_pair_count=64 negative_pair_distance_sum=2821 p1_gt_valid_count=64 p1_in_gt_fg=1 p1_in_gt_fg_count=64 p1_valid_count=64 p1_valid_ratio=1 p2_gt_valid_count=64 p2_in_gt_fg=1 p2_in_gt_fg_count=64 p2_valid_count=64 p2_valid_ratio=1 point_distance_sum=3955 point_overlap_count=0 point_overlap_ratio=0 point_pair_count=128 pos_in_pred_fg=1 pos_in_pred_fg_count=128 positive_pair_count=64 positive_pair_distance_sum=1134 roi_count=64 valid_neg_count=128 valid_pos_count=128 warmup_stage=2
2026-07-30 03:52:55,578 - portable_sam_fusion - INFO - [DEBUG-BOX] epoch=3 step=650 fallback_count=0 fallback_ratio=0 num_rois=0 refined_proposal_iou=0 refined_proposal_iou_sum=0 refined_valid_count=0
2026-07-30 03:52:55,578 - portable_sam_fusion - INFO - [DEBUG-COARSE] epoch=3 step=650 boundary_fn=0 boundary_fp=0 boundary_tp=0 dice=0 iou=0
2026-07-30 03:52:55,579 - portable_sam_fusion - INFO - [DEBUG-CONTEXT] epoch=3 step=650 enabled=0
2026-07-30 03:52:55,579 - portable_sam_fusion - INFO - [DEBUG-DENSE] epoch=3 step=650 applied_delta_norm=2.821 applied_delta_ratio=0.2416 base_norm=11.68 canvas_max=6.764 canvas_mean=0.004762 canvas_min=-7.182 canvas_nonzero_ratio=0.008271 canvas_std=0.3159 final_norm=12.04 residual_alpha=0.5 shape_norm=13.13 source_delta_norm=5.643 source_delta_ratio=0.4832
2026-07-30 03:52:55,579 - portable_sam_fusion - INFO - [DEBUG-GATE] epoch=3 step=650 shape_dense_alpha_max=0.5 shape_dense_alpha_mean=0.5 shape_dense_alpha_min=0.5
2026-07-30 03:52:55,579 - portable_sam_fusion - INFO - [DEBUG-JITTER] epoch=3 step=650 area_ratio_count=0 area_ratio_mean=0 area_ratio_sum=0 fallback_count=0 mean_iou=0 num_jittered=0 num_rois=0
2026-07-30 03:52:55,579 - portable_sam_fusion - INFO - [DEBUG-SP] epoch=3 step=650 all_invalid_count=0 all_invalid_ratio=0 empty_count=0 empty_ratio=0 full_count=0 full_ratio=0 mean_point_distance=26.26 n1_gt_valid_count=64 n1_in_gt_bg=0.6562 n1_in_gt_bg_count=42 n1_valid_count=64 n1_valid_ratio=1 n2_gt_valid_count=64 n2_in_gt_bg=1 n2_in_gt_bg_count=64 n2_valid_count=64 n2_valid_ratio=1 neg_in_pred_bg=1 neg_in_pred_bg_count=128 negative_pair_count=64 negative_pair_distance_sum=2570 p1_gt_valid_count=64 p1_in_gt_fg=1 p1_in_gt_fg_count=64 p1_valid_count=64 p1_valid_ratio=1 p2_gt_valid_count=64 p2_in_gt_fg=1 p2_in_gt_fg_count=64 p2_valid_count=64 p2_valid_ratio=1 point_distance_sum=3362 point_overlap_count=0 point_overlap_ratio=0 point_pair_count=128 pos_in_pred_fg=1 pos_in_pred_fg_count=128 positive_pair_count=64 positive_pair_distance_sum=792.1 roi_count=64 valid_neg_count=128 valid_pos_count=128 warmup_stage=2
2026-07-30 03:54:24,217 - portable_sam_fusion - INFO - [DEBUG-BOX] epoch=3 step=700 fallback_count=0 fallback_ratio=0 num_rois=0 refined_proposal_iou=0 refined_proposal_iou_sum=0 refined_valid_count=0
2026-07-30 03:54:24,218 - portable_sam_fusion - INFO - [DEBUG-COARSE] epoch=3 step=700 boundary_fn=0 boundary_fp=0 boundary_tp=0 dice=0 iou=0
2026-07-30 03:54:24,218 - portable_sam_fusion - INFO - [DEBUG-CONTEXT] epoch=3 step=700 enabled=0
2026-07-30 03:54:24,218 - portable_sam_fusion - INFO - [DEBUG-DENSE] epoch=3 step=700 applied_delta_norm=2.401 applied_delta_ratio=0.2056 base_norm=11.68 canvas_max=7.402 canvas_mean=0.00216 canvas_min=-7.16 canvas_nonzero_ratio=0.004729 canvas_std=0.2482 final_norm=11.9 residual_alpha=0.5 shape_norm=12.64 source_delta_norm=4.803 source_delta_ratio=0.4112
2026-07-30 03:54:24,218 - portable_sam_fusion - INFO - [DEBUG-GATE] epoch=3 step=700 shape_dense_alpha_max=0.5 shape_dense_alpha_mean=0.5 shape_dense_alpha_min=0.5
2026-07-30 03:54:24,218 - portable_sam_fusion - INFO - [DEBUG-JITTER] epoch=3 step=700 area_ratio_count=0 area_ratio_mean=0 area_ratio_sum=0 fallback_count=0 mean_iou=0 num_jittered=0 num_rois=0
2026-07-30 03:54:24,218 - portable_sam_fusion - INFO - [DEBUG-SP] epoch=3 step=700 all_invalid_count=0 all_invalid_ratio=0 empty_count=0 empty_ratio=0 full_count=0 full_ratio=0 mean_point_distance=21.84 n1_gt_valid_count=64 n1_in_gt_bg=0.8594 n1_in_gt_bg_count=55 n1_valid_count=64 n1_valid_ratio=1 n2_gt_valid_count=64 n2_in_gt_bg=1 n2_in_gt_bg_count=64 n2_valid_count=64 n2_valid_ratio=1 neg_in_pred_bg=1 neg_in_pred_bg_count=128 negative_pair_count=64 negative_pair_distance_sum=2204 p1_gt_valid_count=64 p1_in_gt_fg=1 p1_in_gt_fg_count=64 p1_valid_count=64 p1_valid_ratio=1 p2_gt_valid_count=64 p2_in_gt_fg=1 p2_in_gt_fg_count=64 p2_valid_count=64 p2_valid_ratio=1 point_distance_sum=2795 point_overlap_count=0 point_overlap_ratio=0 point_pair_count=128 pos_in_pred_fg=1 pos_in_pred_fg_count=128 positive_pair_count=64 positive_pair_distance_sum=591.4 roi_count=64 valid_neg_count=128 valid_pos_count=128 warmup_stage=2
2026-07-30 03:55:53,267 - portable_sam_fusion - INFO - [DEBUG-BOX] epoch=3 step=750 fallback_count=0 fallback_ratio=0 num_rois=64 refined_proposal_iou=0 refined_proposal_iou_sum=0 refined_valid_count=0
2026-07-30 03:55:53,268 - portable_sam_fusion - INFO - [DEBUG-COARSE] epoch=3 step=750 bce_raw=0.243 boundary_fn=5716 boundary_fp=5366 boundary_tp=1.919e+04 dice=0.1183 dice_loss_raw=0.1183 iou=0.7911 loss_weight=0.1 raw_boundary_fn=5716 raw_boundary_fp=5366 raw_boundary_tp=1.919e+04 raw_dice_score=0.8817 raw_iou=0.7911 weighted_loss=0.03613
2026-07-30 03:55:53,268 - portable_sam_fusion - INFO - [DEBUG-CONTEXT] epoch=3 step=750 enabled=0
2026-07-30 03:55:53,268 - portable_sam_fusion - INFO - [DEBUG-DENSE] epoch=3 step=750 applied_delta_norm=2.977 applied_delta_ratio=0.2549 base_norm=11.68 canvas_max=8 canvas_mean=0.006151 canvas_min=-5.802 canvas_nonzero_ratio=0.00777 canvas_std=0.3036 final_norm=12.04 residual_alpha=0.5 shape_norm=13.18 source_delta_norm=5.955 source_delta_ratio=0.5099
2026-07-30 03:55:53,268 - portable_sam_fusion - INFO - [DEBUG-GATE] epoch=3 step=750 shape_dense_alpha_max=0.5 shape_dense_alpha_mean=0.5 shape_dense_alpha_min=0.5
2026-07-30 03:55:53,268 - portable_sam_fusion - INFO - [DEBUG-JITTER] epoch=3 step=750 area_ratio_count=64 area_ratio_mean=1 area_ratio_sum=64 fallback_count=0 mean_iou=1 num_jittered=0 num_rois=64
2026-07-30 03:55:53,268 - portable_sam_fusion - INFO - [DEBUG-SP] epoch=3 step=750 all_invalid_count=0 all_invalid_ratio=0 empty_count=0 empty_ratio=0 full_count=0 full_ratio=0 mean_point_distance=27.58 n1_gt_valid_count=64 n1_in_gt_bg=0.8125 n1_in_gt_bg_count=52 n1_valid_count=64 n1_valid_ratio=1 n2_gt_valid_count=64 n2_in_gt_bg=0.9375 n2_in_gt_bg_count=60 n2_valid_count=64 n2_valid_ratio=1 neg_in_pred_bg=1 neg_in_pred_bg_count=128 negative_pair_count=64 negative_pair_distance_sum=2654 p1_gt_valid_count=64 p1_in_gt_fg=1 p1_in_gt_fg_count=64 p1_valid_count=64 p1_valid_ratio=1 p2_gt_valid_count=64 p2_in_gt_fg=1 p2_in_gt_fg_count=64 p2_valid_count=64 p2_valid_ratio=1 point_distance_sum=3530 point_overlap_count=0 point_overlap_ratio=0 point_pair_count=128 pos_in_pred_fg=1 pos_in_pred_fg_count=128 positive_pair_count=64 positive_pair_distance_sum=875.2 roi_count=64 valid_neg_count=128 valid_pos_count=128 warmup_stage=2
2026-07-30 03:57:15,353 - portable_sam_fusion - INFO - epoch 3 | mini-batch 208/294 | optimizer_step 200/5920 | lr=4.996e-04
2026-07-30 03:57:22,810 - portable_sam_fusion - INFO - [DEBUG-BOX] epoch=3 step=800 fallback_count=0 fallback_ratio=0 num_rois=64 refined_proposal_iou=0 refined_proposal_iou_sum=0 refined_valid_count=0
2026-07-30 03:57:22,810 - portable_sam_fusion - INFO - [DEBUG-COARSE] epoch=3 step=800 bce_raw=0.2611 boundary_fn=6669 boundary_fp=6270 boundary_tp=1.897e+04 dice=0.1096 dice_loss_raw=0.1096 iou=0.8034 loss_weight=0.1 raw_boundary_fn=6669 raw_boundary_fp=6270 raw_boundary_tp=1.897e+04 raw_dice_score=0.8904 raw_iou=0.8034 weighted_loss=0.03707
2026-07-30 03:57:22,810 - portable_sam_fusion - INFO - [DEBUG-CONTEXT] epoch=3 step=800 enabled=0
2026-07-30 03:57:22,810 - portable_sam_fusion - INFO - [DEBUG-DENSE] epoch=3 step=800 applied_delta_norm=4.137 applied_delta_ratio=0.3542 base_norm=11.68 canvas_max=7.929 canvas_mean=0.01681 canvas_min=-6.473 canvas_nonzero_ratio=0.01139 canvas_std=0.391 final_norm=12.26 residual_alpha=0.5 shape_norm=14.13 source_delta_norm=8.273 source_delta_ratio=0.7084
2026-07-30 03:57:22,810 - portable_sam_fusion - INFO - [DEBUG-GATE] epoch=3 step=800 shape_dense_alpha_max=0.5 shape_dense_alpha_mean=0.5 shape_dense_alpha_min=0.5
2026-07-30 03:57:22,810 - portable_sam_fusion - INFO - [DEBUG-JITTER] epoch=3 step=800 area_ratio_count=64 area_ratio_mean=1 area_ratio_sum=64 fallback_count=0 mean_iou=1 num_jittered=0 num_rois=64
2026-07-30 03:57:22,811 - portable_sam_fusion - INFO - [DEBUG-SP] epoch=3 step=800 all_invalid_count=0 all_invalid_ratio=0 empty_count=0 empty_ratio=0 full_count=0 full_ratio=0 mean_point_distance=40.48 n1_gt_valid_count=64 n1_in_gt_bg=0.8281 n1_in_gt_bg_count=53 n1_valid_count=64 n1_valid_ratio=1 n2_gt_valid_count=64 n2_in_gt_bg=0.9531 n2_in_gt_bg_count=61 n2_valid_count=64 n2_valid_ratio=1 neg_in_pred_bg=1 neg_in_pred_bg_count=128 negative_pair_count=64 negative_pair_distance_sum=4107 p1_gt_valid_count=64 p1_in_gt_fg=1 p1_in_gt_fg_count=64 p1_valid_count=64 p1_valid_ratio=1 p2_gt_valid_count=64 p2_in_gt_fg=1 p2_in_gt_fg_count=64 p2_valid_count=64 p2_valid_ratio=1 point_distance_sum=5182 point_overlap_count=0 point_overlap_ratio=0 point_pair_count=128 pos_in_pred_fg=1 pos_in_pred_fg_count=128 positive_pair_count=64 positive_pair_distance_sum=1075 roi_count=64 valid_neg_count=128 valid_pos_count=128 warmup_stage=2
2026-07-30 03:58:33,300 - portable_sam_fusion - INFO - [DEBUG-BOX] epoch=3 step=850 fallback_count=0 fallback_ratio=0 num_rois=0 refined_proposal_iou=0 refined_proposal_iou_sum=0 refined_valid_count=0
2026-07-30 03:58:33,300 - portable_sam_fusion - INFO - [DEBUG-COARSE] epoch=3 step=850 boundary_fn=0 boundary_fp=0 boundary_tp=0 dice=0 iou=0
2026-07-30 03:58:33,300 - portable_sam_fusion - INFO - [DEBUG-CONTEXT] epoch=3 step=850 enabled=0
2026-07-30 03:58:33,300 - portable_sam_fusion - INFO - [DEBUG-DENSE] epoch=3 step=850 applied_delta_norm=2.31 applied_delta_ratio=0.1978 base_norm=11.68 canvas_max=8 canvas_mean=0.006531 canvas_min=-6.616 canvas_nonzero_ratio=0.006405 canvas_std=0.3014 final_norm=11.96 residual_alpha=0.5 shape_norm=12.78 source_delta_norm=4.62 source_delta_ratio=0.3956
2026-07-30 03:58:33,300 - portable_sam_fusion - INFO - [DEBUG-GATE] epoch=3 step=850 shape_dense_alpha_max=0.5 shape_dense_alpha_mean=0.5 shape_dense_alpha_min=0.5
2026-07-30 03:58:33,301 - portable_sam_fusion - INFO - [DEBUG-JITTER] epoch=3 step=850 area_ratio_count=0 area_ratio_mean=0 area_ratio_sum=0 fallback_count=0 mean_iou=0 num_jittered=0 num_rois=0
2026-07-30 03:58:33,301 - portable_sam_fusion - INFO - [DEBUG-SP] epoch=3 step=850 all_invalid_count=0 all_invalid_ratio=0 empty_count=0 empty_ratio=0 full_count=0 full_ratio=0 mean_point_distance=23.99 n1_gt_valid_count=64 n1_in_gt_bg=0.6094 n1_in_gt_bg_count=39 n1_valid_count=64 n1_valid_ratio=1 n2_gt_valid_count=64 n2_in_gt_bg=0.9531 n2_in_gt_bg_count=61 n2_valid_count=64 n2_valid_ratio=1 neg_in_pred_bg=1 neg_in_pred_bg_count=128 negative_pair_count=64 negative_pair_distance_sum=2431 p1_gt_valid_count=64 p1_in_gt_fg=1 p1_in_gt_fg_count=64 p1_valid_count=64 p1_valid_ratio=1 p2_gt_valid_count=64 p2_in_gt_fg=1 p2_in_gt_fg_count=64 p2_valid_count=64 p2_valid_ratio=1 point_distance_sum=3071 point_overlap_count=0 point_overlap_ratio=0 point_pair_count=128 pos_in_pred_fg=1 pos_in_pred_fg_count=128 positive_pair_count=64 positive_pair_distance_sum=640 roi_count=64 valid_neg_count=128 valid_pos_count=128 warmup_stage=2
2026-07-30 03:59:05,975 - portable_sam_fusion - INFO - Epoch 3 detailed losses: loss_rpn_cls=0.0568, loss_rpn_bbox=0.0230, loss_cls=0.3223, acc=86.1727, loss_bbox=0.1932, loss_mask=0.0029, debug_mask_pos_rois=56.0952, debug_mask_logit_mean=-14.5959, debug_mask_logit_std=3.0362, debug_mask_prob_mean=0.0046, debug_mask_prob_ge05=0.0044, debug_mask_target_fill=0.0045, loss_shape_prior=0.0394, schedule/det_weight=1.0000
2026-07-30 03:59:05,975 - portable_sam_fusion - INFO - Epoch 3 dense residual monitor: alpha=0.500000 source_delta_norm=5.9974 applied_delta_norm=2.9987 source_delta_ratio=0.513550 applied_delta_ratio=0.256775
2026-07-30 03:59:05,975 - portable_sam_fusion - INFO - Epoch 3 primary loss shares: det=93.36% final_mask=0.46% shape=6.18% p2_boundary=0.00%
2026-07-30 03:59:05,976 - portable_sam_fusion - INFO - Epoch 3 schedule: det_loss_weight=1.000 early_stop_start=20 min_delta=0.0005
2026-07-30 03:59:05,976 - portable_sam_fusion - INFO - Epoch 3 learning rates: sat_backbone=4.99e-04, mask_decoder=4.99e-04, prompt_encoder=4.99e-04, shape_prior=4.99e-04, quality_head=4.99e-04, sat_other=4.99e-04
2026-07-30 04:03:35,835 - portable_sam_fusion - INFO - Validation samples: GT=15926, DT=25668, avg_masks_per_image=40.94, avg_mask_fill=0.0058
creating index...
index created!
Loading and preparing results...
DONE (t=0.03s)
creating index...
index created!
Running per image evaluation...
Evaluate annotation type *bbox*
DONE (t=12.61s).
Accumulating evaluation results...
DONE (t=0.25s).
 Average Precision  (AP) @[ IoU=0.50:0.95 | area=   all | maxDets=100 ] = 0.460
 Average Precision  (AP) @[ IoU=0.50      | area=   all | maxDets=100 ] = 0.854
 Average Precision  (AP) @[ IoU=0.75      | area=   all | maxDets=100 ] = 0.445
 Average Precision  (AP) @[ IoU=0.50:0.95 | area= small | maxDets=100 ] = 0.181
 Average Precision  (AP) @[ IoU=0.50:0.95 | area=medium | maxDets=100 ] = 0.505
 Average Precision  (AP) @[ IoU=0.50:0.95 | area= large | maxDets=100 ] = 0.474
 Average Recall     (AR) @[ IoU=0.50:0.95 | area=   all | maxDets=  1 ] = 0.018
 Average Recall     (AR) @[ IoU=0.50:0.95 | area=   all | maxDets= 10 ] = 0.133
 Average Recall     (AR) @[ IoU=0.50:0.95 | area=   all | maxDets=100 ] = 0.546
 Average Recall     (AR) @[ IoU=0.50:0.95 | area= small | maxDets=100 ] = 0.330
 Average Recall     (AR) @[ IoU=0.50:0.95 | area=medium | maxDets=100 ] = 0.597
 Average Recall     (AR) @[ IoU=0.50:0.95 | area= large | maxDets=100 ] = 0.541
2026-07-30 04:03:48,940 - portable_sam_fusion - INFO - Validation bbox/mAP: 0.4598 bbox/mAP_75: 0.4449
Running per image evaluation...
Evaluate annotation type *segm*
DONE (t=12.95s).
Accumulating evaluation results...
DONE (t=0.23s).
 Average Precision  (AP) @[ IoU=0.50:0.95 | area=   all | maxDets=100 ] = 0.404
 Average Precision  (AP) @[ IoU=0.50      | area=   all | maxDets=100 ] = 0.808
 Average Precision  (AP) @[ IoU=0.75      | area=   all | maxDets=100 ] = 0.393
 Average Precision  (AP) @[ IoU=0.50:0.95 | area= small | maxDets=100 ] = 0.037
 Average Precision  (AP) @[ IoU=0.50:0.95 | area=medium | maxDets=100 ] = 0.418
 Average Precision  (AP) @[ IoU=0.50:0.95 | area= large | maxDets=100 ] = 0.609
 Average Recall     (AR) @[ IoU=0.50:0.95 | area=   all | maxDets=  1 ] = 0.019
 Average Recall     (AR) @[ IoU=0.50:0.95 | area=   all | maxDets= 10 ] = 0.133
 Average Recall     (AR) @[ IoU=0.50:0.95 | area=   all | maxDets=100 ] = 0.468
 Average Recall     (AR) @[ IoU=0.50:0.95 | area= small | maxDets=100 ] = 0.098
 Average Recall     (AR) @[ IoU=0.50:0.95 | area=medium | maxDets=100 ] = 0.482
 Average Recall     (AR) @[ IoU=0.50:0.95 | area= large | maxDets=100 ] = 0.659
2026-07-30 04:04:02,196 - portable_sam_fusion - INFO - Validation segm/mAP: 0.4043
2026-07-30 04:04:02,808 - portable_sam_fusion - INFO - New best segm/mAP: 0.4043
2026-07-30 04:04:02,809 - portable_sam_fusion - INFO - New best bbox/mAP: 0.4598
2026-07-30 04:04:02,809 - portable_sam_fusion - INFO - New best early-stop metric (segm/mAP): raw=0.4043 smooth(5)=0.3132
2026-07-30 04:04:08,400 - portable_sam_fusion - INFO - Saved best_model with segm/mAP: 0.4043
2026-07-30 04:04:14,779 - portable_sam_fusion - INFO - Saved best_bbox_model with bbox/mAP: 0.4598
2026-07-30 04:04:20,394 - portable_sam_fusion - INFO - Epoch 3/80 | train=0.637577 val=disabled segm/mAP=0.4043 bbox/mAP=0.4598 | best_segm=0.4043 best_bbox=0.4598 best_comp=0.0000 | sat_backbone=4.99e-04 mask_decoder=4.99e-04 prompt_encoder=4.99e-04 shape_prior=4.99e-04 quality_head=4.99e-04 sat_other=4.99e-04
2026-07-30 04:04:52,630 - portable_sam_fusion - INFO - [DEBUG-BOX] epoch=4 step=900 fallback_count=0 fallback_ratio=0 num_rois=64 refined_proposal_iou=0 refined_proposal_iou_sum=0 refined_valid_count=0
2026-07-30 04:04:52,630 - portable_sam_fusion - INFO - [DEBUG-COARSE] epoch=4 step=900 bce_raw=0.2949 boundary_fn=6379 boundary_fp=6509 boundary_tp=2.032e+04 dice=0.1478 dice_loss_raw=0.1478 iou=0.7492 loss_weight=0.1 raw_boundary_fn=6379 raw_boundary_fp=6509 raw_boundary_tp=2.032e+04 raw_dice_score=0.8522 raw_iou=0.7492 weighted_loss=0.04427
2026-07-30 04:04:52,630 - portable_sam_fusion - INFO - [DEBUG-CONTEXT] epoch=4 step=900 enabled=0
2026-07-30 04:04:52,630 - portable_sam_fusion - INFO - [DEBUG-DENSE] epoch=4 step=900 applied_delta_norm=2.818 applied_delta_ratio=0.2413 base_norm=11.68 canvas_max=7.346 canvas_mean=0.004407 canvas_min=-6.378 canvas_nonzero_ratio=0.007083 canvas_std=0.3203 final_norm=11.99 residual_alpha=0.5 shape_norm=13.03 source_delta_norm=5.637 source_delta_ratio=0.4827
2026-07-30 04:04:52,630 - portable_sam_fusion - INFO - [DEBUG-GATE] epoch=4 step=900 shape_dense_alpha_max=0.5 shape_dense_alpha_mean=0.5 shape_dense_alpha_min=0.5
2026-07-30 04:04:52,630 - portable_sam_fusion - INFO - [DEBUG-JITTER] epoch=4 step=900 area_ratio_count=64 area_ratio_mean=1 area_ratio_sum=64 fallback_count=0 mean_iou=1 num_jittered=0 num_rois=64
2026-07-30 04:04:52,631 - portable_sam_fusion - INFO - [DEBUG-SP] epoch=4 step=900 all_invalid_count=0 all_invalid_ratio=0 empty_count=0 empty_ratio=0 full_count=0 full_ratio=0 mean_point_distance=32.31 n1_gt_valid_count=64 n1_in_gt_bg=0.9531 n1_in_gt_bg_count=61 n1_valid_count=64 n1_valid_ratio=1 n2_gt_valid_count=64 n2_in_gt_bg=1 n2_in_gt_bg_count=64 n2_valid_count=64 n2_valid_ratio=1 neg_in_pred_bg=1 neg_in_pred_bg_count=128 negative_pair_count=64 negative_pair_distance_sum=3333 p1_gt_valid_count=64 p1_in_gt_fg=1 p1_in_gt_fg_count=64 p1_valid_count=64 p1_valid_ratio=1 p2_gt_valid_count=64 p2_in_gt_fg=1 p2_in_gt_fg_count=64 p2_valid_count=64 p2_valid_ratio=1 point_distance_sum=4135 point_overlap_count=0 point_overlap_ratio=0 point_pair_count=128 pos_in_pred_fg=1 pos_in_pred_fg_count=128 positive_pair_count=64 positive_pair_distance_sum=802.1 roi_count=64 valid_neg_count=128 valid_pos_count=128 warmup_stage=2
2026-07-30 04:06:15,276 - portable_sam_fusion - INFO - [DEBUG-BOX] epoch=4 step=950 fallback_count=0 fallback_ratio=0 num_rois=64 refined_proposal_iou=0 refined_proposal_iou_sum=0 refined_valid_count=0
2026-07-30 04:06:15,276 - portable_sam_fusion - INFO - [DEBUG-COARSE] epoch=4 step=950 bce_raw=0.2277 boundary_fn=5420 boundary_fp=4754 boundary_tp=2.091e+04 dice=0.1062 dice_loss_raw=0.1062 iou=0.8107 loss_weight=0.1 raw_boundary_fn=5420 raw_boundary_fp=4754 raw_boundary_tp=2.091e+04 raw_dice_score=0.8938 raw_iou=0.8107 weighted_loss=0.03339
2026-07-30 04:06:15,276 - portable_sam_fusion - INFO - [DEBUG-CONTEXT] epoch=4 step=950 enabled=0
2026-07-30 04:06:15,276 - portable_sam_fusion - INFO - [DEBUG-DENSE] epoch=4 step=950 applied_delta_norm=3.338 applied_delta_ratio=0.2858 base_norm=11.68 canvas_max=7.4 canvas_mean=0.00863 canvas_min=-7.478 canvas_nonzero_ratio=0.008718 canvas_std=0.3592 final_norm=12.08 residual_alpha=0.5 shape_norm=13.42 source_delta_norm=6.676 source_delta_ratio=0.5717
2026-07-30 04:06:15,276 - portable_sam_fusion - INFO - [DEBUG-GATE] epoch=4 step=950 shape_dense_alpha_max=0.5 shape_dense_alpha_mean=0.5 shape_dense_alpha_min=0.5
2026-07-30 04:06:15,276 - portable_sam_fusion - INFO - [DEBUG-JITTER] epoch=4 step=950 area_ratio_count=64 area_ratio_mean=1 area_ratio_sum=64 fallback_count=0 mean_iou=1 num_jittered=0 num_rois=64
2026-07-30 04:06:15,276 - portable_sam_fusion - INFO - [DEBUG-SP] epoch=4 step=950 all_invalid_count=0 all_invalid_ratio=0 empty_count=0 empty_ratio=0 full_count=0 full_ratio=0 mean_point_distance=34.22 n1_gt_valid_count=64 n1_in_gt_bg=0.8281 n1_in_gt_bg_count=53 n1_valid_count=64 n1_valid_ratio=1 n2_gt_valid_count=64 n2_in_gt_bg=0.9844 n2_in_gt_bg_count=63 n2_valid_count=64 n2_valid_ratio=1 neg_in_pred_bg=1 neg_in_pred_bg_count=128 negative_pair_count=64 negative_pair_distance_sum=3351 p1_gt_valid_count=64 p1_in_gt_fg=1 p1_in_gt_fg_count=64 p1_valid_count=64 p1_valid_ratio=1 p2_gt_valid_count=64 p2_in_gt_fg=1 p2_in_gt_fg_count=64 p2_valid_count=64 p2_valid_ratio=1 point_distance_sum=4380 point_overlap_count=0 point_overlap_ratio=0 point_pair_count=128 pos_in_pred_fg=1 pos_in_pred_fg_count=128 positive_pair_count=64 positive_pair_distance_sum=1029 roi_count=64 valid_neg_count=128 valid_pos_count=128 warmup_stage=2
2026-07-30 04:07:29,828 - portable_sam_fusion - INFO - epoch 4 | mini-batch 112/294 | optimizer_step 250/5920 | lr=4.992e-04
2026-07-30 04:07:38,761 - portable_sam_fusion - INFO - [DEBUG-BOX] epoch=4 step=1000 fallback_count=0 fallback_ratio=0 num_rois=64 refined_proposal_iou=0 refined_proposal_iou_sum=0 refined_valid_count=0
2026-07-30 04:07:38,761 - portable_sam_fusion - INFO - [DEBUG-COARSE] epoch=4 step=1000 bce_raw=0.3208 boundary_fn=7619 boundary_fp=8456 boundary_tp=1.95e+04 dice=0.1853 dice_loss_raw=0.1853 iou=0.6951 loss_weight=0.1 raw_boundary_fn=7619 raw_boundary_fp=8456 raw_boundary_tp=1.95e+04 raw_dice_score=0.8147 raw_iou=0.6951 weighted_loss=0.05061
2026-07-30 04:07:38,761 - portable_sam_fusion - INFO - [DEBUG-CONTEXT] epoch=4 step=1000 enabled=0
2026-07-30 04:07:38,761 - portable_sam_fusion - INFO - [DEBUG-DENSE] epoch=4 step=1000 applied_delta_norm=3.196 applied_delta_ratio=0.2737 base_norm=11.68 canvas_max=7.885 canvas_mean=-0.0004613 canvas_min=-7.46 canvas_nonzero_ratio=0.009646 canvas_std=0.3659 final_norm=12.09 residual_alpha=0.5 shape_norm=13.42 source_delta_norm=6.392 source_delta_ratio=0.5473
2026-07-30 04:07:38,761 - portable_sam_fusion - INFO - [DEBUG-GATE] epoch=4 step=1000 shape_dense_alpha_max=0.5 shape_dense_alpha_mean=0.5 shape_dense_alpha_min=0.5
2026-07-30 04:07:38,761 - portable_sam_fusion - INFO - [DEBUG-JITTER] epoch=4 step=1000 area_ratio_count=64 area_ratio_mean=1 area_ratio_sum=64 fallback_count=0 mean_iou=1 num_jittered=0 num_rois=64
2026-07-30 04:07:38,762 - portable_sam_fusion - INFO - [DEBUG-SP] epoch=4 step=1000 all_invalid_count=0 all_invalid_ratio=0 empty_count=0 empty_ratio=0 full_count=0 full_ratio=0 mean_point_distance=33.53 n1_gt_valid_count=64 n1_in_gt_bg=0.7812 n1_in_gt_bg_count=50 n1_valid_count=64 n1_valid_ratio=1 n2_gt_valid_count=64 n2_in_gt_bg=0.9844 n2_in_gt_bg_count=63 n2_valid_count=64 n2_valid_ratio=1 neg_in_pred_bg=1 neg_in_pred_bg_count=128 negative_pair_count=64 negative_pair_distance_sum=3359 p1_gt_valid_count=64 p1_in_gt_fg=0.9844 p1_in_gt_fg_count=63 p1_valid_count=64 p1_valid_ratio=1 p2_gt_valid_count=64 p2_in_gt_fg=1 p2_in_gt_fg_count=64 p2_valid_count=64 p2_valid_ratio=1 point_distance_sum=4291 point_overlap_count=0 point_overlap_ratio=0 point_pair_count=128 pos_in_pred_fg=1 pos_in_pred_fg_count=128 positive_pair_count=64 positive_pair_distance_sum=932.5 roi_count=64 valid_neg_count=128 valid_pos_count=128 warmup_stage=2
2026-07-30 04:08:57,359 - portable_sam_fusion - INFO - [DEBUG-BOX] epoch=4 step=1050 fallback_count=0 fallback_ratio=0 num_rois=64 refined_proposal_iou=0 refined_proposal_iou_sum=0 refined_valid_count=0
2026-07-30 04:08:57,359 - portable_sam_fusion - INFO - [DEBUG-COARSE] epoch=4 step=1050 bce_raw=0.2639 boundary_fn=6086 boundary_fp=5344 boundary_tp=2.076e+04 dice=0.1273 dice_loss_raw=0.1273 iou=0.7782 loss_weight=0.1 raw_boundary_fn=6086 raw_boundary_fp=5344 raw_boundary_tp=2.076e+04 raw_dice_score=0.8727 raw_iou=0.7782 weighted_loss=0.03912
2026-07-30 04:08:57,359 - portable_sam_fusion - INFO - [DEBUG-CONTEXT] epoch=4 step=1050 enabled=0
2026-07-30 04:08:57,359 - portable_sam_fusion - INFO - [DEBUG-DENSE] epoch=4 step=1050 applied_delta_norm=2.773 applied_delta_ratio=0.2374 base_norm=11.68 canvas_max=8 canvas_mean=0.003169 canvas_min=-8 canvas_nonzero_ratio=0.006536 canvas_std=0.3456 final_norm=11.97 residual_alpha=0.5 shape_norm=12.96 source_delta_norm=5.546 source_delta_ratio=0.4749
2026-07-30 04:08:57,359 - portable_sam_fusion - INFO - [DEBUG-GATE] epoch=4 step=1050 shape_dense_alpha_max=0.5 shape_dense_alpha_mean=0.5 shape_dense_alpha_min=0.5
2026-07-30 04:08:57,359 - portable_sam_fusion - INFO - [DEBUG-JITTER] epoch=4 step=1050 area_ratio_count=64 area_ratio_mean=1 area_ratio_sum=64 fallback_count=0 mean_iou=1 num_jittered=0 num_rois=64
2026-07-30 04:08:57,359 - portable_sam_fusion - INFO - [DEBUG-SP] epoch=4 step=1050 all_invalid_count=0 all_invalid_ratio=0 empty_count=0 empty_ratio=0 full_count=0 full_ratio=0 mean_point_distance=27.77 n1_gt_valid_count=64 n1_in_gt_bg=0.9219 n1_in_gt_bg_count=59 n1_valid_count=64 n1_valid_ratio=1 n2_gt_valid_count=64 n2_in_gt_bg=1 n2_in_gt_bg_count=64 n2_valid_count=64 n2_valid_ratio=1 neg_in_pred_bg=1 neg_in_pred_bg_count=128 negative_pair_count=64 negative_pair_distance_sum=2818 p1_gt_valid_count=64 p1_in_gt_fg=1 p1_in_gt_fg_count=64 p1_valid_count=64 p1_valid_ratio=1 p2_gt_valid_count=64 p2_in_gt_fg=1 p2_in_gt_fg_count=64 p2_valid_count=64 p2_valid_ratio=1 point_distance_sum=3554 point_overlap_count=0 point_overlap_ratio=0 point_pair_count=128 pos_in_pred_fg=1 pos_in_pred_fg_count=128 positive_pair_count=64 positive_pair_distance_sum=735.8 roi_count=64 valid_neg_count=128 valid_pos_count=128 warmup_stage=2
2026-07-30 04:10:11,297 - portable_sam_fusion - INFO - [DEBUG-BOX] epoch=4 step=1100 fallback_count=0 fallback_ratio=0 num_rois=64 refined_proposal_iou=0 refined_proposal_iou_sum=0 refined_valid_count=0
2026-07-30 04:10:11,297 - portable_sam_fusion - INFO - [DEBUG-COARSE] epoch=4 step=1100 bce_raw=0.2535 boundary_fn=5507 boundary_fp=6687 boundary_tp=2.081e+04 dice=0.134 dice_loss_raw=0.134 iou=0.7715 loss_weight=0.1 raw_boundary_fn=5507 raw_boundary_fp=6687 raw_boundary_tp=2.081e+04 raw_dice_score=0.866 raw_iou=0.7715 weighted_loss=0.03875
2026-07-30 04:10:11,297 - portable_sam_fusion - INFO - [DEBUG-CONTEXT] epoch=4 step=1100 enabled=0
2026-07-30 04:10:11,297 - portable_sam_fusion - INFO - [DEBUG-DENSE] epoch=4 step=1100 applied_delta_norm=4.455 applied_delta_ratio=0.3815 base_norm=11.68 canvas_max=7.195 canvas_mean=0.003432 canvas_min=-8 canvas_nonzero_ratio=0.0153 canvas_std=0.4901 final_norm=12.4 residual_alpha=0.5 shape_norm=14.62 source_delta_norm=8.91 source_delta_ratio=0.7629
2026-07-30 04:10:11,297 - portable_sam_fusion - INFO - [DEBUG-GATE] epoch=4 step=1100 shape_dense_alpha_max=0.5 shape_dense_alpha_mean=0.5 shape_dense_alpha_min=0.5
2026-07-30 04:10:11,297 - portable_sam_fusion - INFO - [DEBUG-JITTER] epoch=4 step=1100 area_ratio_count=64 area_ratio_mean=1 area_ratio_sum=64 fallback_count=0 mean_iou=1 num_jittered=0 num_rois=64
2026-07-30 04:10:11,298 - portable_sam_fusion - INFO - [DEBUG-SP] epoch=4 step=1100 all_invalid_count=0 all_invalid_ratio=0 empty_count=0 empty_ratio=0 full_count=0 full_ratio=0 mean_point_distance=47.71 n1_gt_valid_count=64 n1_in_gt_bg=0.8281 n1_in_gt_bg_count=53 n1_valid_count=64 n1_valid_ratio=1 n2_gt_valid_count=64 n2_in_gt_bg=1 n2_in_gt_bg_count=64 n2_valid_count=64 n2_valid_ratio=1 neg_in_pred_bg=1 neg_in_pred_bg_count=128 negative_pair_count=64 negative_pair_distance_sum=4665 p1_gt_valid_count=64 p1_in_gt_fg=1 p1_in_gt_fg_count=64 p1_valid_count=64 p1_valid_ratio=1 p2_gt_valid_count=64 p2_in_gt_fg=0.9844 p2_in_gt_fg_count=63 p2_valid_count=64 p2_valid_ratio=1 point_distance_sum=6107 point_overlap_count=0 point_overlap_ratio=0 point_pair_count=128 pos_in_pred_fg=1 pos_in_pred_fg_count=128 positive_pair_count=64 positive_pair_distance_sum=1442 roi_count=64 valid_neg_count=128 valid_pos_count=128 warmup_stage=2
2026-07-30 04:11:25,087 - portable_sam_fusion - INFO - [DEBUG-BOX] epoch=4 step=1150 fallback_count=0 fallback_ratio=0 num_rois=64 refined_proposal_iou=0 refined_proposal_iou_sum=0 refined_valid_count=0
2026-07-30 04:11:25,088 - portable_sam_fusion - INFO - [DEBUG-COARSE] epoch=4 step=1150 bce_raw=0.2647 boundary_fn=6284 boundary_fp=4715 boundary_tp=2.058e+04 dice=0.1258 dice_loss_raw=0.1258 iou=0.7802 loss_weight=0.1 raw_boundary_fn=6284 raw_boundary_fp=4715 raw_boundary_tp=2.058e+04 raw_dice_score=0.8742 raw_iou=0.7802 weighted_loss=0.03905
2026-07-30 04:11:25,088 - portable_sam_fusion - INFO - [DEBUG-CONTEXT] epoch=4 step=1150 enabled=0
2026-07-30 04:11:25,088 - portable_sam_fusion - INFO - [DEBUG-DENSE] epoch=4 step=1150 applied_delta_norm=2.911 applied_delta_ratio=0.2493 base_norm=11.68 canvas_max=8 canvas_mean=0.001081 canvas_min=-8 canvas_nonzero_ratio=0.007303 canvas_std=0.3782 final_norm=11.98 residual_alpha=0.5 shape_norm=13 source_delta_norm=5.822 source_delta_ratio=0.4985
2026-07-30 04:11:25,088 - portable_sam_fusion - INFO - [DEBUG-GATE] epoch=4 step=1150 shape_dense_alpha_max=0.5 shape_dense_alpha_mean=0.5 shape_dense_alpha_min=0.5
2026-07-30 04:11:25,088 - portable_sam_fusion - INFO - [DEBUG-JITTER] epoch=4 step=1150 area_ratio_count=64 area_ratio_mean=1 area_ratio_sum=64 fallback_count=0 mean_iou=1 num_jittered=0 num_rois=64
2026-07-30 04:11:25,088 - portable_sam_fusion - INFO - [DEBUG-SP] epoch=4 step=1150 all_invalid_count=0 all_invalid_ratio=0 empty_count=0 empty_ratio=0 full_count=0 full_ratio=0 mean_point_distance=34.47 n1_gt_valid_count=64 n1_in_gt_bg=0.7344 n1_in_gt_bg_count=47 n1_valid_count=64 n1_valid_ratio=1 n2_gt_valid_count=64 n2_in_gt_bg=0.9844 n2_in_gt_bg_count=63 n2_valid_count=64 n2_valid_ratio=1 neg_in_pred_bg=1 neg_in_pred_bg_count=128 negative_pair_count=64 negative_pair_distance_sum=3421 p1_gt_valid_count=64 p1_in_gt_fg=1 p1_in_gt_fg_count=64 p1_valid_count=64 p1_valid_ratio=1 p2_gt_valid_count=64 p2_in_gt_fg=1 p2_in_gt_fg_count=64 p2_valid_count=64 p2_valid_ratio=1 point_distance_sum=4412 point_overlap_count=0 point_overlap_ratio=0 point_pair_count=128 pos_in_pred_fg=1 pos_in_pred_fg_count=128 positive_pair_count=64 positive_pair_distance_sum=991.4 roi_count=64 valid_neg_count=128 valid_pos_count=128 warmup_stage=2
2026-07-30 04:11:56,001 - portable_sam_fusion - INFO - Epoch 4 detailed losses: loss_rpn_cls=0.0461, loss_rpn_bbox=0.0164, loss_cls=0.3009, acc=87.2977, loss_bbox=0.1613, loss_mask=0.0021, debug_mask_pos_rois=55.7109, debug_mask_logit_mean=-16.0766, debug_mask_logit_std=3.2310, debug_mask_prob_mean=0.0046, debug_mask_prob_ge05=0.0045, debug_mask_target_fill=0.0046, loss_shape_prior=0.0347, schedule/det_weight=1.0000
2026-07-30 04:11:56,001 - portable_sam_fusion - INFO - Epoch 4 dense residual monitor: alpha=0.500000 source_delta_norm=5.9282 applied_delta_norm=2.9641 source_delta_ratio=0.507623 applied_delta_ratio=0.253812
2026-07-30 04:11:56,001 - portable_sam_fusion - INFO - Epoch 4 primary loss shares: det=93.43% final_mask=0.38% shape=6.18% p2_boundary=0.00%
2026-07-30 04:11:56,002 - portable_sam_fusion - INFO - Epoch 4 schedule: det_loss_weight=1.000 early_stop_start=20 min_delta=0.0005
2026-07-30 04:11:56,002 - portable_sam_fusion - INFO - Epoch 4 learning rates: sat_backbone=4.99e-04, mask_decoder=4.99e-04, prompt_encoder=4.99e-04, shape_prior=4.99e-04, quality_head=4.99e-04, sat_other=4.99e-04
2026-07-30 04:17:27,523 - portable_sam_fusion - INFO - Validation samples: GT=15926, DT=32042, avg_masks_per_image=51.10, avg_mask_fill=0.0060
creating index...
index created!
Loading and preparing results...
DONE (t=0.04s)
creating index...
index created!
Running per image evaluation...
Evaluate annotation type *bbox*
DONE (t=13.75s).
Accumulating evaluation results...
DONE (t=0.28s).
 Average Precision  (AP) @[ IoU=0.50:0.95 | area=   all | maxDets=100 ] = 0.559
 Average Precision  (AP) @[ IoU=0.50      | area=   all | maxDets=100 ] = 0.861
 Average Precision  (AP) @[ IoU=0.75      | area=   all | maxDets=100 ] = 0.680
 Average Precision  (AP) @[ IoU=0.50:0.95 | area= small | maxDets=100 ] = 0.192
 Average Precision  (AP) @[ IoU=0.50:0.95 | area=medium | maxDets=100 ] = 0.605
 Average Precision  (AP) @[ IoU=0.50:0.95 | area= large | maxDets=100 ] = 0.631
 Average Recall     (AR) @[ IoU=0.50:0.95 | area=   all | maxDets=  1 ] = 0.023
 Average Recall     (AR) @[ IoU=0.50:0.95 | area=   all | maxDets= 10 ] = 0.164
 Average Recall     (AR) @[ IoU=0.50:0.95 | area=   all | maxDets=100 ] = 0.630
 Average Recall     (AR) @[ IoU=0.50:0.95 | area= small | maxDets=100 ] = 0.340
 Average Recall     (AR) @[ IoU=0.50:0.95 | area=medium | maxDets=100 ] = 0.667
 Average Recall     (AR) @[ IoU=0.50:0.95 | area= large | maxDets=100 ] = 0.711
2026-07-30 04:17:41,828 - portable_sam_fusion - INFO - Validation bbox/mAP: 0.5590 bbox/mAP_75: 0.6797
Running per image evaluation...
Evaluate annotation type *segm*
DONE (t=14.40s).
Accumulating evaluation results...
DONE (t=0.28s).
 Average Precision  (AP) @[ IoU=0.50:0.95 | area=   all | maxDets=100 ] = 0.449
 Average Precision  (AP) @[ IoU=0.50      | area=   all | maxDets=100 ] = 0.832
 Average Precision  (AP) @[ IoU=0.75      | area=   all | maxDets=100 ] = 0.482
 Average Precision  (AP) @[ IoU=0.50:0.95 | area= small | maxDets=100 ] = 0.057
 Average Precision  (AP) @[ IoU=0.50:0.95 | area=medium | maxDets=100 ] = 0.468
 Average Precision  (AP) @[ IoU=0.50:0.95 | area= large | maxDets=100 ] = 0.621
 Average Recall     (AR) @[ IoU=0.50:0.95 | area=   all | maxDets=  1 ] = 0.021
 Average Recall     (AR) @[ IoU=0.50:0.95 | area=   all | maxDets= 10 ] = 0.144
 Average Recall     (AR) @[ IoU=0.50:0.95 | area=   all | maxDets=100 ] = 0.509
 Average Recall     (AR) @[ IoU=0.50:0.95 | area= small | maxDets=100 ] = 0.131
 Average Recall     (AR) @[ IoU=0.50:0.95 | area=medium | maxDets=100 ] = 0.527
 Average Recall     (AR) @[ IoU=0.50:0.95 | area= large | maxDets=100 ] = 0.693
2026-07-30 04:17:56,551 - portable_sam_fusion - INFO - Validation segm/mAP: 0.4491
2026-07-30 04:17:57,161 - portable_sam_fusion - INFO - New best segm/mAP: 0.4491
2026-07-30 04:17:57,162 - portable_sam_fusion - INFO - New best bbox/mAP: 0.5590
2026-07-30 04:17:57,162 - portable_sam_fusion - INFO - New best early-stop metric (segm/mAP): raw=0.4491 smooth(5)=0.3472
2026-07-30 04:18:03,122 - portable_sam_fusion - INFO - Saved best_model with segm/mAP: 0.4491
2026-07-30 04:18:09,242 - portable_sam_fusion - INFO - Saved best_bbox_model with bbox/mAP: 0.5590
2026-07-30 04:18:14,889 - portable_sam_fusion - INFO - Epoch 4/80 | train=0.561414 val=disabled segm/mAP=0.4491 bbox/mAP=0.5590 | best_segm=0.4491 best_bbox=0.5590 best_comp=0.0000 | sat_backbone=4.99e-04 mask_decoder=4.99e-04 prompt_encoder=4.99e-04 shape_prior=4.99e-04 quality_head=4.99e-04 sat_other=4.99e-04
2026-07-30 04:18:40,044 - portable_sam_fusion - INFO - epoch 5 | mini-batch 16/294 | optimizer_step 300/5920 | lr=4.985e-04
2026-07-30 04:18:49,588 - portable_sam_fusion - INFO - [DEBUG-BOX] epoch=5 step=1200 fallback_count=0 fallback_ratio=0 num_rois=64 refined_proposal_iou=0 refined_proposal_iou_sum=0 refined_valid_count=0
2026-07-30 04:18:49,588 - portable_sam_fusion - INFO - [DEBUG-COARSE] epoch=5 step=1200 bce_raw=0.2864 boundary_fn=6021 boundary_fp=5236 boundary_tp=2.018e+04 dice=0.1211 dice_loss_raw=0.1211 iou=0.7905 loss_weight=0.1 raw_boundary_fn=6021 raw_boundary_fp=5236 raw_boundary_tp=2.018e+04 raw_dice_score=0.8789 raw_iou=0.7905 weighted_loss=0.04075
2026-07-30 04:18:49,588 - portable_sam_fusion - INFO - [DEBUG-CONTEXT] epoch=5 step=1200 enabled=0
2026-07-30 04:18:49,588 - portable_sam_fusion - INFO - [DEBUG-DENSE] epoch=5 step=1200 applied_delta_norm=3.688 applied_delta_ratio=0.3158 base_norm=11.68 canvas_max=8 canvas_mean=0.01878 canvas_min=-8 canvas_nonzero_ratio=0.01773 canvas_std=0.5141 final_norm=12.46 residual_alpha=0.5 shape_norm=14.49 source_delta_norm=7.377 source_delta_ratio=0.6316
2026-07-30 04:18:49,588 - portable_sam_fusion - INFO - [DEBUG-GATE] epoch=5 step=1200 shape_dense_alpha_max=0.5 shape_dense_alpha_mean=0.5 shape_dense_alpha_min=0.5
2026-07-30 04:18:49,588 - portable_sam_fusion - INFO - [DEBUG-JITTER] epoch=5 step=1200 area_ratio_count=64 area_ratio_mean=1 area_ratio_sum=64 fallback_count=0 mean_iou=1 num_jittered=0 num_rois=64
2026-07-30 04:18:49,588 - portable_sam_fusion - INFO - [DEBUG-SP] epoch=5 step=1200 all_invalid_count=0 all_invalid_ratio=0 empty_count=0 empty_ratio=0 full_count=0 full_ratio=0 mean_point_distance=38.83 n1_gt_valid_count=64 n1_in_gt_bg=0.6562 n1_in_gt_bg_count=42 n1_valid_count=64 n1_valid_ratio=1 n2_gt_valid_count=64 n2_in_gt_bg=0.9688 n2_in_gt_bg_count=62 n2_valid_count=64 n2_valid_ratio=1 neg_in_pred_bg=1 neg_in_pred_bg_count=128 negative_pair_count=64 negative_pair_distance_sum=3865 p1_gt_valid_count=64 p1_in_gt_fg=1 p1_in_gt_fg_count=64 p1_valid_count=64 p1_valid_ratio=1 p2_gt_valid_count=64 p2_in_gt_fg=1 p2_in_gt_fg_count=64 p2_valid_count=64 p2_valid_ratio=1 point_distance_sum=4970 point_overlap_count=0 point_overlap_ratio=0 point_pair_count=128 pos_in_pred_fg=1 pos_in_pred_fg_count=128 positive_pair_count=64 positive_pair_distance_sum=1105 roi_count=64 valid_neg_count=128 valid_pos_count=128 warmup_stage=2
2026-07-30 04:19:56,766 - portable_sam_fusion - INFO - [DEBUG-BOX] epoch=5 step=1250 fallback_count=0 fallback_ratio=0 num_rois=64 refined_proposal_iou=0 refined_proposal_iou_sum=0 refined_valid_count=0
2026-07-30 04:19:56,766 - portable_sam_fusion - INFO - [DEBUG-COARSE] epoch=5 step=1250 bce_raw=0.2589 boundary_fn=6069 boundary_fp=6597 boundary_tp=2.056e+04 dice=0.1379 dice_loss_raw=0.1379 iou=0.763 loss_weight=0.1 raw_boundary_fn=6069 raw_boundary_fp=6597 raw_boundary_tp=2.056e+04 raw_dice_score=0.8621 raw_iou=0.763 weighted_loss=0.03967
2026-07-30 04:19:56,766 - portable_sam_fusion - INFO - [DEBUG-CONTEXT] epoch=5 step=1250 enabled=0
2026-07-30 04:19:56,766 - portable_sam_fusion - INFO - [DEBUG-DENSE] epoch=5 step=1250 applied_delta_norm=3.421 applied_delta_ratio=0.2929 base_norm=11.68 canvas_max=8 canvas_mean=0.00558 canvas_min=-8 canvas_nonzero_ratio=0.009192 canvas_std=0.4047 final_norm=12.1 residual_alpha=0.5 shape_norm=13.5 source_delta_norm=6.841 source_delta_ratio=0.5858
2026-07-30 04:19:56,767 - portable_sam_fusion - INFO - [DEBUG-GATE] epoch=5 step=1250 shape_dense_alpha_max=0.5 shape_dense_alpha_mean=0.5 shape_dense_alpha_min=0.5
2026-07-30 04:19:56,767 - portable_sam_fusion - INFO - [DEBUG-JITTER] epoch=5 step=1250 area_ratio_count=64 area_ratio_mean=1 area_ratio_sum=64 fallback_count=0 mean_iou=1 num_jittered=0 num_rois=64
2026-07-30 04:19:56,767 - portable_sam_fusion - INFO - [DEBUG-SP] epoch=5 step=1250 all_invalid_count=0 all_invalid_ratio=0 empty_count=0 empty_ratio=0 full_count=0 full_ratio=0 mean_point_distance=33 n1_gt_valid_count=64 n1_in_gt_bg=0.9375 n1_in_gt_bg_count=60 n1_valid_count=64 n1_valid_ratio=1 n2_gt_valid_count=64 n2_in_gt_bg=1 n2_in_gt_bg_count=64 n2_valid_count=64 n2_valid_ratio=1 neg_in_pred_bg=1 neg_in_pred_bg_count=128 negative_pair_count=64 negative_pair_distance_sum=3242 p1_gt_valid_count=64 p1_in_gt_fg=1 p1_in_gt_fg_count=64 p1_valid_count=64 p1_valid_ratio=1 p2_gt_valid_count=64 p2_in_gt_fg=1 p2_in_gt_fg_count=64 p2_valid_count=64 p2_valid_ratio=1 point_distance_sum=4224 point_overlap_count=0 point_overlap_ratio=0 point_pair_count=128 pos_in_pred_fg=1 pos_in_pred_fg_count=128 positive_pair_count=64 positive_pair_distance_sum=982.2 roi_count=64 valid_neg_count=128 valid_pos_count=128 warmup_stage=2
2026-07-30 04:21:17,269 - portable_sam_fusion - INFO - [DEBUG-BOX] epoch=5 step=1300 fallback_count=0 fallback_ratio=0 num_rois=48 refined_proposal_iou=0 refined_proposal_iou_sum=0 refined_valid_count=0
2026-07-30 04:21:17,269 - portable_sam_fusion - INFO - [DEBUG-COARSE] epoch=5 step=1300 bce_raw=0.3205 boundary_fn=6214 boundary_fp=7321 boundary_tp=1.227e+04 dice=0.1586 dice_loss_raw=0.1586 iou=0.7267 loss_weight=0.1 raw_boundary_fn=6214 raw_boundary_fp=7321 raw_boundary_tp=1.227e+04 raw_dice_score=0.8414 raw_iou=0.7267 weighted_loss=0.04792
2026-07-30 04:21:17,269 - portable_sam_fusion - INFO - [DEBUG-CONTEXT] epoch=5 step=1300 enabled=0
2026-07-30 04:21:17,269 - portable_sam_fusion - INFO - [DEBUG-DENSE] epoch=5 step=1300 applied_delta_norm=0.5336 applied_delta_ratio=0.0457 base_norm=11.68 canvas_max=8 canvas_mean=0.001265 canvas_min=-5.95 canvas_nonzero_ratio=0.001118 canvas_std=0.1285 final_norm=11.7 residual_alpha=0.5 shape_norm=11.78 source_delta_norm=1.067 source_delta_ratio=0.09139
2026-07-30 04:21:17,269 - portable_sam_fusion - INFO - [DEBUG-GATE] epoch=5 step=1300 shape_dense_alpha_max=0.5 shape_dense_alpha_mean=0.5 shape_dense_alpha_min=0.5
2026-07-30 04:21:17,269 - portable_sam_fusion - INFO - [DEBUG-JITTER] epoch=5 step=1300 area_ratio_count=48 area_ratio_mean=1 area_ratio_sum=48 fallback_count=0 mean_iou=1 num_jittered=0 num_rois=48
2026-07-30 04:21:17,269 - portable_sam_fusion - INFO - [DEBUG-SP] epoch=5 step=1300 all_invalid_count=0 all_invalid_ratio=0 empty_count=0 empty_ratio=0 full_count=0 full_ratio=0 mean_point_distance=10.79 n1_gt_valid_count=48 n1_in_gt_bg=0.8542 n1_in_gt_bg_count=41 n1_valid_count=48 n1_valid_ratio=1 n2_gt_valid_count=48 n2_in_gt_bg=0.9792 n2_in_gt_bg_count=47 n2_valid_count=48 n2_valid_ratio=1 neg_in_pred_bg=1 neg_in_pred_bg_count=96 negative_pair_count=48 negative_pair_distance_sum=804.1 p1_gt_valid_count=48 p1_in_gt_fg=1 p1_in_gt_fg_count=48 p1_valid_count=48 p1_valid_ratio=1 p2_gt_valid_count=48 p2_in_gt_fg=1 p2_in_gt_fg_count=48 p2_valid_count=48 p2_valid_ratio=1 point_distance_sum=1035 point_overlap_count=0 point_overlap_ratio=0 point_pair_count=96 pos_in_pred_fg=1 pos_in_pred_fg_count=96 positive_pair_count=48 positive_pair_distance_sum=231.3 roi_count=48 valid_neg_count=96 valid_pos_count=96 warmup_stage=2
2026-07-30 04:22:33,862 - portable_sam_fusion - INFO - [DEBUG-BOX] epoch=5 step=1350 fallback_count=0 fallback_ratio=0 num_rois=64 refined_proposal_iou=0 refined_proposal_iou_sum=0 refined_valid_count=0
2026-07-30 04:22:33,862 - portable_sam_fusion - INFO - [DEBUG-COARSE] epoch=5 step=1350 bce_raw=0.2379 boundary_fn=6147 boundary_fp=4508 boundary_tp=1.975e+04 dice=0.1204 dice_loss_raw=0.1204 iou=0.7889 loss_weight=0.1 raw_boundary_fn=6147 raw_boundary_fp=4508 raw_boundary_tp=1.975e+04 raw_dice_score=0.8796 raw_iou=0.7889 weighted_loss=0.03583
2026-07-30 04:22:33,863 - portable_sam_fusion - INFO - [DEBUG-CONTEXT] epoch=5 step=1350 enabled=0
2026-07-30 04:22:33,863 - portable_sam_fusion - INFO - [DEBUG-DENSE] epoch=5 step=1350 applied_delta_norm=4.274 applied_delta_ratio=0.366 base_norm=11.68 canvas_max=8 canvas_mean=0.00628 canvas_min=-8 canvas_nonzero_ratio=0.02324 canvas_std=0.6314 final_norm=12.69 residual_alpha=0.5 shape_norm=15.12 source_delta_norm=8.549 source_delta_ratio=0.732
2026-07-30 04:22:33,863 - portable_sam_fusion - INFO - [DEBUG-GATE] epoch=5 step=1350 shape_dense_alpha_max=0.5 shape_dense_alpha_mean=0.5 shape_dense_alpha_min=0.5
2026-07-30 04:22:33,863 - portable_sam_fusion - INFO - [DEBUG-JITTER] epoch=5 step=1350 area_ratio_count=64 area_ratio_mean=1 area_ratio_sum=64 fallback_count=0 mean_iou=1 num_jittered=0 num_rois=64
2026-07-30 04:22:33,863 - portable_sam_fusion - INFO - [DEBUG-SP] epoch=5 step=1350 all_invalid_count=0 all_invalid_ratio=0 empty_count=0 empty_ratio=0 full_count=0 full_ratio=0 mean_point_distance=36.04 n1_gt_valid_count=64 n1_in_gt_bg=0.625 n1_in_gt_bg_count=40 n1_valid_count=64 n1_valid_ratio=1 n2_gt_valid_count=64 n2_in_gt_bg=1 n2_in_gt_bg_count=64 n2_valid_count=64 n2_valid_ratio=1 neg_in_pred_bg=1 neg_in_pred_bg_count=128 negative_pair_count=64 negative_pair_distance_sum=3417 p1_gt_valid_count=64 p1_in_gt_fg=1 p1_in_gt_fg_count=64 p1_valid_count=64 p1_valid_ratio=1 p2_gt_valid_count=64 p2_in_gt_fg=0.9844 p2_in_gt_fg_count=63 p2_valid_count=64 p2_valid_ratio=1 point_distance_sum=4613 point_overlap_count=0 point_overlap_ratio=0 point_pair_count=128 pos_in_pred_fg=1 pos_in_pred_fg_count=128 positive_pair_count=64 positive_pair_distance_sum=1196 roi_count=64 valid_neg_count=128 valid_pos_count=128 warmup_stage=2
2026-07-30 04:23:49,730 - portable_sam_fusion - INFO - epoch 5 | mini-batch 216/294 | optimizer_step 350/5920 | lr=4.977e-04
2026-07-30 04:23:59,912 - portable_sam_fusion - INFO - [DEBUG-BOX] epoch=5 step=1400 fallback_count=0 fallback_ratio=0 num_rois=64 refined_proposal_iou=0 refined_proposal_iou_sum=0 refined_valid_count=0
2026-07-30 04:23:59,912 - portable_sam_fusion - INFO - [DEBUG-COARSE] epoch=5 step=1400 bce_raw=0.2081 boundary_fn=3167 boundary_fp=4308 boundary_tp=2.445e+04 dice=0.1198 dice_loss_raw=0.1198 iou=0.7911 loss_weight=0.1 raw_boundary_fn=3167 raw_boundary_fp=4308 raw_boundary_tp=2.445e+04 raw_dice_score=0.8802 raw_iou=0.7911 weighted_loss=0.0328
2026-07-30 04:23:59,912 - portable_sam_fusion - INFO - [DEBUG-CONTEXT] epoch=5 step=1400 enabled=0
2026-07-30 04:23:59,912 - portable_sam_fusion - INFO - [DEBUG-DENSE] epoch=5 step=1400 applied_delta_norm=4.234 applied_delta_ratio=0.3625 base_norm=11.68 canvas_max=8 canvas_mean=0.0001145 canvas_min=-8 canvas_nonzero_ratio=0.01277 canvas_std=0.5096 final_norm=12.29 residual_alpha=0.5 shape_norm=14.22 source_delta_norm=8.468 source_delta_ratio=0.7251
2026-07-30 04:23:59,912 - portable_sam_fusion - INFO - [DEBUG-GATE] epoch=5 step=1400 shape_dense_alpha_max=0.5 shape_dense_alpha_mean=0.5 shape_dense_alpha_min=0.5
2026-07-30 04:23:59,912 - portable_sam_fusion - INFO - [DEBUG-JITTER] epoch=5 step=1400 area_ratio_count=64 area_ratio_mean=1 area_ratio_sum=64 fallback_count=0 mean_iou=1 num_jittered=0 num_rois=64
2026-07-30 04:23:59,912 - portable_sam_fusion - INFO - [DEBUG-SP] epoch=5 step=1400 all_invalid_count=0 all_invalid_ratio=0 empty_count=0 empty_ratio=0 full_count=0 full_ratio=0 mean_point_distance=49.35 n1_gt_valid_count=64 n1_in_gt_bg=0.8594 n1_in_gt_bg_count=55 n1_valid_count=64 n1_valid_ratio=1 n2_gt_valid_count=64 n2_in_gt_bg=1 n2_in_gt_bg_count=64 n2_valid_count=64 n2_valid_ratio=1 neg_in_pred_bg=1 neg_in_pred_bg_count=128 negative_pair_count=64 negative_pair_distance_sum=4778 p1_gt_valid_count=64 p1_in_gt_fg=1 p1_in_gt_fg_count=64 p1_valid_count=64 p1_valid_ratio=1 p2_gt_valid_count=64 p2_in_gt_fg=1 p2_in_gt_fg_count=64 p2_valid_count=64 p2_valid_ratio=1 point_distance_sum=6317 point_overlap_count=0 point_overlap_ratio=0 point_pair_count=128 pos_in_pred_fg=1 pos_in_pred_fg_count=128 positive_pair_count=64 positive_pair_distance_sum=1539 roi_count=64 valid_neg_count=128 valid_pos_count=128 warmup_stage=2
2026-07-30 04:25:06,931 - portable_sam_fusion - INFO - [DEBUG-BOX] epoch=5 step=1450 fallback_count=0 fallback_ratio=0 num_rois=64 refined_proposal_iou=0 refined_proposal_iou_sum=0 refined_valid_count=0
2026-07-30 04:25:06,931 - portable_sam_fusion - INFO - [DEBUG-COARSE] epoch=5 step=1450 bce_raw=0.2276 boundary_fn=5191 boundary_fp=4962 boundary_tp=2.292e+04 dice=0.1409 dice_loss_raw=0.1409 iou=0.7578 loss_weight=0.1 raw_boundary_fn=5191 raw_boundary_fp=4962 raw_boundary_tp=2.292e+04 raw_dice_score=0.8591 raw_iou=0.7578 weighted_loss=0.03685
2026-07-30 04:25:06,931 - portable_sam_fusion - INFO - [DEBUG-CONTEXT] epoch=5 step=1450 enabled=0
2026-07-30 04:25:06,931 - portable_sam_fusion - INFO - [DEBUG-DENSE] epoch=5 step=1450 applied_delta_norm=3.686 applied_delta_ratio=0.3156 base_norm=11.68 canvas_max=8 canvas_mean=-0.005405 canvas_min=-8 canvas_nonzero_ratio=0.0111 canvas_std=0.4515 final_norm=12.19 residual_alpha=0.5 shape_norm=13.81 source_delta_norm=7.372 source_delta_ratio=0.6312
2026-07-30 04:25:06,931 - portable_sam_fusion - INFO - [DEBUG-GATE] epoch=5 step=1450 shape_dense_alpha_max=0.5 shape_dense_alpha_mean=0.5 shape_dense_alpha_min=0.5
2026-07-30 04:25:06,932 - portable_sam_fusion - INFO - [DEBUG-JITTER] epoch=5 step=1450 area_ratio_count=64 area_ratio_mean=1 area_ratio_sum=64 fallback_count=0 mean_iou=1 num_jittered=0 num_rois=64
2026-07-30 04:25:06,932 - portable_sam_fusion - INFO - [DEBUG-SP] epoch=5 step=1450 all_invalid_count=0 all_invalid_ratio=0 empty_count=0 empty_ratio=0 full_count=0 full_ratio=0 mean_point_distance=35.22 n1_gt_valid_count=64 n1_in_gt_bg=0.9062 n1_in_gt_bg_count=58 n1_valid_count=64 n1_valid_ratio=1 n2_gt_valid_count=64 n2_in_gt_bg=1 n2_in_gt_bg_count=64 n2_valid_count=64 n2_valid_ratio=1 neg_in_pred_bg=1 neg_in_pred_bg_count=128 negative_pair_count=64 negative_pair_distance_sum=3331 p1_gt_valid_count=64 p1_in_gt_fg=0.9844 p1_in_gt_fg_count=63 p1_valid_count=64 p1_valid_ratio=1 p2_gt_valid_count=64 p2_in_gt_fg=1 p2_in_gt_fg_count=64 p2_valid_count=64 p2_valid_ratio=1 point_distance_sum=4508 point_overlap_count=0 point_overlap_ratio=0 point_pair_count=128 pos_in_pred_fg=1 pos_in_pred_fg_count=128 positive_pair_count=64 positive_pair_distance_sum=1176 roi_count=64 valid_neg_count=128 valid_pos_count=128 warmup_stage=2
2026-07-30 04:25:36,768 - portable_sam_fusion - INFO - Epoch 5 detailed losses: loss_rpn_cls=0.0395, loss_rpn_bbox=0.0157, loss_cls=0.2919, acc=87.7547, loss_bbox=0.1416, loss_mask=0.0030, debug_mask_pos_rois=56.1565, debug_mask_logit_mean=-14.9427, debug_mask_logit_std=2.9462, debug_mask_prob_mean=0.0048, debug_mask_prob_ge05=0.0047, debug_mask_target_fill=0.0049, loss_shape_prior=0.0323, schedule/det_weight=1.0000
2026-07-30 04:25:36,768 - portable_sam_fusion - INFO - Epoch 5 dense residual monitor: alpha=0.500000 source_delta_norm=6.0378 applied_delta_norm=3.0189 source_delta_ratio=0.517005 applied_delta_ratio=0.258502
2026-07-30 04:25:36,768 - portable_sam_fusion - INFO - Epoch 5 primary loss shares: det=93.27% final_mask=0.57% shape=6.17% p2_boundary=0.00%
2026-07-30 04:25:36,769 - portable_sam_fusion - INFO - Epoch 5 schedule: det_loss_weight=1.000 early_stop_start=20 min_delta=0.0005
2026-07-30 04:25:36,769 - portable_sam_fusion - INFO - Epoch 5 learning rates: sat_backbone=4.97e-04, mask_decoder=4.97e-04, prompt_encoder=4.97e-04, shape_prior=4.97e-04, quality_head=4.97e-04, sat_other=4.97e-04
2026-07-30 04:29:54,724 - portable_sam_fusion - INFO - Validation samples: GT=15926, DT=21310, avg_masks_per_image=33.99, avg_mask_fill=0.0054
creating index...
index created!
Loading and preparing results...
DONE (t=0.03s)
creating index...
index created!
Running per image evaluation...
Evaluate annotation type *bbox*
DONE (t=12.01s).
Accumulating evaluation results...
DONE (t=0.25s).
 Average Precision  (AP) @[ IoU=0.50:0.95 | area=   all | maxDets=100 ] = 0.595
 Average Precision  (AP) @[ IoU=0.50      | area=   all | maxDets=100 ] = 0.862
 Average Precision  (AP) @[ IoU=0.75      | area=   all | maxDets=100 ] = 0.730
 Average Precision  (AP) @[ IoU=0.50:0.95 | area= small | maxDets=100 ] = 0.200
 Average Precision  (AP) @[ IoU=0.50:0.95 | area=medium | maxDets=100 ] = 0.646
 Average Precision  (AP) @[ IoU=0.50:0.95 | area= large | maxDets=100 ] = 0.659
 Average Recall     (AR) @[ IoU=0.50:0.95 | area=   all | maxDets=  1 ] = 0.024
 Average Recall     (AR) @[ IoU=0.50:0.95 | area=   all | maxDets= 10 ] = 0.172
 Average Recall     (AR) @[ IoU=0.50:0.95 | area=   all | maxDets=100 ] = 0.668
 Average Recall     (AR) @[ IoU=0.50:0.95 | area= small | maxDets=100 ] = 0.360
 Average Recall     (AR) @[ IoU=0.50:0.95 | area=medium | maxDets=100 ] = 0.715
 Average Recall     (AR) @[ IoU=0.50:0.95 | area= large | maxDets=100 ] = 0.731
2026-07-30 04:30:07,790 - portable_sam_fusion - INFO - Validation bbox/mAP: 0.5954 bbox/mAP_75: 0.7296
Running per image evaluation...
Evaluate annotation type *segm*
DONE (t=12.14s).
Accumulating evaluation results...
DONE (t=0.22s).
 Average Precision  (AP) @[ IoU=0.50:0.95 | area=   all | maxDets=100 ] = 0.424
 Average Precision  (AP) @[ IoU=0.50      | area=   all | maxDets=100 ] = 0.822
 Average Precision  (AP) @[ IoU=0.75      | area=   all | maxDets=100 ] = 0.428
 Average Precision  (AP) @[ IoU=0.50:0.95 | area= small | maxDets=100 ] = 0.048
 Average Precision  (AP) @[ IoU=0.50:0.95 | area=medium | maxDets=100 ] = 0.445
 Average Precision  (AP) @[ IoU=0.50:0.95 | area= large | maxDets=100 ] = 0.613
 Average Recall     (AR) @[ IoU=0.50:0.95 | area=   all | maxDets=  1 ] = 0.020
 Average Recall     (AR) @[ IoU=0.50:0.95 | area=   all | maxDets= 10 ] = 0.139
 Average Recall     (AR) @[ IoU=0.50:0.95 | area=   all | maxDets=100 ] = 0.492
 Average Recall     (AR) @[ IoU=0.50:0.95 | area= small | maxDets=100 ] = 0.108
 Average Recall     (AR) @[ IoU=0.50:0.95 | area=medium | maxDets=100 ] = 0.508
 Average Recall     (AR) @[ IoU=0.50:0.95 | area= large | maxDets=100 ] = 0.685
2026-07-30 04:30:20,189 - portable_sam_fusion - INFO - Validation segm/mAP: 0.4237
2026-07-30 04:30:20,861 - portable_sam_fusion - INFO - New best bbox/mAP: 0.5954
2026-07-30 04:30:20,861 - portable_sam_fusion - INFO - New best early-stop metric (segm/mAP): raw=0.4237 smooth(5)=0.3625
2026-07-30 04:30:26,618 - portable_sam_fusion - INFO - Saved best_bbox_model with bbox/mAP: 0.5954
2026-07-30 04:30:32,247 - portable_sam_fusion - INFO - Epoch 5/80 | train=0.523970 val=disabled segm/mAP=0.4237 bbox/mAP=0.5954 | best_segm=0.4491 best_bbox=0.5954 best_comp=0.0000 | sat_backbone=4.97e-04 mask_decoder=4.97e-04 prompt_encoder=4.97e-04 shape_prior=4.97e-04 quality_head=4.97e-04 sat_other=4.97e-04
2026-07-30 04:31:19,116 - portable_sam_fusion - INFO - [DEBUG-BOX] epoch=6 step=1500 fallback_count=0 fallback_ratio=0 num_rois=64 refined_proposal_iou=0 refined_proposal_iou_sum=0 refined_valid_count=0
2026-07-30 04:31:19,116 - portable_sam_fusion - INFO - [DEBUG-COARSE] epoch=6 step=1500 bce_raw=0.2346 boundary_fn=7023 boundary_fp=3858 boundary_tp=2.039e+04 dice=0.1144 dice_loss_raw=0.1144 iou=0.7982 loss_weight=0.1 raw_boundary_fn=7023 raw_boundary_fp=3858 raw_boundary_tp=2.039e+04 raw_dice_score=0.8856 raw_iou=0.7982 weighted_loss=0.0349
2026-07-30 04:31:19,116 - portable_sam_fusion - INFO - [DEBUG-CONTEXT] epoch=6 step=1500 enabled=0
2026-07-30 04:31:19,116 - portable_sam_fusion - INFO - [DEBUG-DENSE] epoch=6 step=1500 applied_delta_norm=3.596 applied_delta_ratio=0.3079 base_norm=11.68 canvas_max=8 canvas_mean=-0.002746 canvas_min=-8 canvas_nonzero_ratio=0.02041 canvas_std=0.609 final_norm=12.5 residual_alpha=0.5 shape_norm=14.43 source_delta_norm=7.192 source_delta_ratio=0.6159
2026-07-30 04:31:19,117 - portable_sam_fusion - INFO - [DEBUG-GATE] epoch=6 step=1500 shape_dense_alpha_max=0.5 shape_dense_alpha_mean=0.5 shape_dense_alpha_min=0.5
2026-07-30 04:31:19,117 - portable_sam_fusion - INFO - [DEBUG-JITTER] epoch=6 step=1500 area_ratio_count=64 area_ratio_mean=1 area_ratio_sum=64 fallback_count=0 mean_iou=1 num_jittered=0 num_rois=64
2026-07-30 04:31:19,117 - portable_sam_fusion - INFO - [DEBUG-SP] epoch=6 step=1500 all_invalid_count=0 all_invalid_ratio=0 empty_count=0 empty_ratio=0 full_count=0 full_ratio=0 mean_point_distance=39.28 n1_gt_valid_count=64 n1_in_gt_bg=0.7969 n1_in_gt_bg_count=51 n1_valid_count=64 n1_valid_ratio=1 n2_gt_valid_count=64 n2_in_gt_bg=1 n2_in_gt_bg_count=64 n2_valid_count=64 n2_valid_ratio=1 neg_in_pred_bg=1 neg_in_pred_bg_count=128 negative_pair_count=64 negative_pair_distance_sum=3780 p1_gt_valid_count=64 p1_in_gt_fg=1 p1_in_gt_fg_count=64 p1_valid_count=64 p1_valid_ratio=1 p2_gt_valid_count=64 p2_in_gt_fg=0.9844 p2_in_gt_fg_count=63 p2_valid_count=64 p2_valid_ratio=1 point_distance_sum=5027 point_overlap_count=0 point_overlap_ratio=0 point_pair_count=128 pos_in_pred_fg=1 pos_in_pred_fg_count=128 positive_pair_count=64 positive_pair_distance_sum=1247 roi_count=64 valid_neg_count=128 valid_pos_count=128 warmup_stage=2
2026-07-30 04:32:29,806 - portable_sam_fusion - INFO - [DEBUG-BOX] epoch=6 step=1550 fallback_count=0 fallback_ratio=0 num_rois=64 refined_proposal_iou=0 refined_proposal_iou_sum=0 refined_valid_count=0
2026-07-30 04:32:29,807 - portable_sam_fusion - INFO - [DEBUG-COARSE] epoch=6 step=1550 bce_raw=0.1554 boundary_fn=2871 boundary_fp=2695 boundary_tp=2.064e+04 dice=0.06807 dice_loss_raw=0.06807 iou=0.8745 loss_weight=0.1 raw_boundary_fn=2871 raw_boundary_fp=2695 raw_boundary_tp=2.064e+04 raw_dice_score=0.9319 raw_iou=0.8745 weighted_loss=0.02234
2026-07-30 04:32:29,807 - portable_sam_fusion - INFO - [DEBUG-CONTEXT] epoch=6 step=1550 enabled=0
2026-07-30 04:32:29,807 - portable_sam_fusion - INFO - [DEBUG-DENSE] epoch=6 step=1550 applied_delta_norm=2.648 applied_delta_ratio=0.2267 base_norm=11.68 canvas_max=7.43 canvas_mean=0.006094 canvas_min=-8 canvas_nonzero_ratio=0.005386 canvas_std=0.359 final_norm=11.94 residual_alpha=0.5 shape_norm=12.79 source_delta_norm=5.295 source_delta_ratio=0.4534
2026-07-30 04:32:29,807 - portable_sam_fusion - INFO - [DEBUG-GATE] epoch=6 step=1550 shape_dense_alpha_max=0.5 shape_dense_alpha_mean=0.5 shape_dense_alpha_min=0.5
2026-07-30 04:32:29,807 - portable_sam_fusion - INFO - [DEBUG-JITTER] epoch=6 step=1550 area_ratio_count=64 area_ratio_mean=1 area_ratio_sum=64 fallback_count=0 mean_iou=1 num_jittered=0 num_rois=64
2026-07-30 04:32:29,807 - portable_sam_fusion - INFO - [DEBUG-SP] epoch=6 step=1550 all_invalid_count=0 all_invalid_ratio=0 empty_count=0 empty_ratio=0 full_count=0 full_ratio=0 mean_point_distance=25.44 n1_gt_valid_count=64 n1_in_gt_bg=0.7969 n1_in_gt_bg_count=51 n1_valid_count=64 n1_valid_ratio=1 n2_gt_valid_count=64 n2_in_gt_bg=0.9844 n2_in_gt_bg_count=63 n2_valid_count=64 n2_valid_ratio=1 neg_in_pred_bg=1 neg_in_pred_bg_count=128 negative_pair_count=64 negative_pair_distance_sum=2318 p1_gt_valid_count=64 p1_in_gt_fg=1 p1_in_gt_fg_count=64 p1_valid_count=64 p1_valid_ratio=1 p2_gt_valid_count=64 p2_in_gt_fg=1 p2_in_gt_fg_count=64 p2_valid_count=64 p2_valid_ratio=1 point_distance_sum=3256 point_overlap_count=0 point_overlap_ratio=0 point_pair_count=128 pos_in_pred_fg=1 pos_in_pred_fg_count=128 positive_pair_count=64 positive_pair_distance_sum=938.4 roi_count=64 valid_neg_count=128 valid_pos_count=128 warmup_stage=2
2026-07-30 04:33:44,101 - portable_sam_fusion - INFO - epoch 6 | mini-batch 120/294 | optimizer_step 400/5920 | lr=4.967e-04
2026-07-30 04:33:59,231 - portable_sam_fusion - INFO - [DEBUG-BOX] epoch=6 step=1600 fallback_count=0 fallback_ratio=0 num_rois=28 refined_proposal_iou=0 refined_proposal_iou_sum=0 refined_valid_count=0
2026-07-30 04:33:59,231 - portable_sam_fusion - INFO - [DEBUG-COARSE] epoch=6 step=1600 bce_raw=0.1447 boundary_fn=730 boundary_fp=716 boundary_tp=9686 dice=0.07815 dice_loss_raw=0.07815 iou=0.8553 loss_weight=0.1 raw_boundary_fn=730 raw_boundary_fp=716 raw_boundary_tp=9686 raw_dice_score=0.9218 raw_iou=0.8553 weighted_loss=0.02229
2026-07-30 04:33:59,231 - portable_sam_fusion - INFO - [DEBUG-CONTEXT] epoch=6 step=1600 enabled=0
2026-07-30 04:33:59,231 - portable_sam_fusion - INFO - [DEBUG-DENSE] epoch=6 step=1600 applied_delta_norm=1.447 applied_delta_ratio=0.1239 base_norm=11.68 canvas_max=7.157 canvas_mean=0.003533 canvas_min=-5.307 canvas_nonzero_ratio=0.001814 canvas_std=0.1843 final_norm=11.75 residual_alpha=0.5 shape_norm=12.01 source_delta_norm=2.895 source_delta_ratio=0.2479
2026-07-30 04:33:59,231 - portable_sam_fusion - INFO - [DEBUG-GATE] epoch=6 step=1600 shape_dense_alpha_max=0.5 shape_dense_alpha_mean=0.5 shape_dense_alpha_min=0.5
2026-07-30 04:33:59,231 - portable_sam_fusion - INFO - [DEBUG-JITTER] epoch=6 step=1600 area_ratio_count=28 area_ratio_mean=1 area_ratio_sum=28 fallback_count=0 mean_iou=1 num_jittered=0 num_rois=28
2026-07-30 04:33:59,231 - portable_sam_fusion - INFO - [DEBUG-SP] epoch=6 step=1600 all_invalid_count=0 all_invalid_ratio=0 empty_count=0 empty_ratio=0 full_count=0 full_ratio=0 mean_point_distance=16.65 n1_gt_valid_count=28 n1_in_gt_bg=0.8929 n1_in_gt_bg_count=25 n1_valid_count=28 n1_valid_ratio=1 n2_gt_valid_count=28 n2_in_gt_bg=1 n2_in_gt_bg_count=28 n2_valid_count=28 n2_valid_ratio=1 neg_in_pred_bg=1 neg_in_pred_bg_count=56 negative_pair_count=28 negative_pair_distance_sum=785.9 p1_gt_valid_count=28 p1_in_gt_fg=1 p1_in_gt_fg_count=28 p1_valid_count=28 p1_valid_ratio=1 p2_gt_valid_count=28 p2_in_gt_fg=1 p2_in_gt_fg_count=28 p2_valid_count=28 p2_valid_ratio=1 point_distance_sum=932.1 point_overlap_count=0 point_overlap_ratio=0 point_pair_count=56 pos_in_pred_fg=1 pos_in_pred_fg_count=56 positive_pair_count=28 positive_pair_distance_sum=146.2 roi_count=28 valid_neg_count=56 valid_pos_count=56 warmup_stage=2
2026-07-30 04:35:30,779 - portable_sam_fusion - INFO - [DEBUG-BOX] epoch=6 step=1650 fallback_count=0 fallback_ratio=0 num_rois=64 refined_proposal_iou=0 refined_proposal_iou_sum=0 refined_valid_count=0
2026-07-30 04:35:30,779 - portable_sam_fusion - INFO - [DEBUG-COARSE] epoch=6 step=1650 bce_raw=0.2317 boundary_fn=6313 boundary_fp=3859 boundary_tp=1.931e+04 dice=0.1105 dice_loss_raw=0.1105 iou=0.8058 loss_weight=0.1 raw_boundary_fn=6313 raw_boundary_fp=3859 raw_boundary_tp=1.931e+04 raw_dice_score=0.8895 raw_iou=0.8058 weighted_loss=0.03421
2026-07-30 04:35:30,779 - portable_sam_fusion - INFO - [DEBUG-CONTEXT] epoch=6 step=1650 enabled=0
2026-07-30 04:35:30,779 - portable_sam_fusion - INFO - [DEBUG-DENSE] epoch=6 step=1650 applied_delta_norm=2.99 applied_delta_ratio=0.256 base_norm=11.68 canvas_max=7.531 canvas_mean=0.00135 canvas_min=-7.965 canvas_nonzero_ratio=0.007772 canvas_std=0.4444 final_norm=12.04 residual_alpha=0.5 shape_norm=13.23 source_delta_norm=5.98 source_delta_ratio=0.5121
2026-07-30 04:35:30,779 - portable_sam_fusion - INFO - [DEBUG-GATE] epoch=6 step=1650 shape_dense_alpha_max=0.5 shape_dense_alpha_mean=0.5 shape_dense_alpha_min=0.5
2026-07-30 04:35:30,779 - portable_sam_fusion - INFO - [DEBUG-JITTER] epoch=6 step=1650 area_ratio_count=64 area_ratio_mean=1 area_ratio_sum=64 fallback_count=0 mean_iou=1 num_jittered=0 num_rois=64
2026-07-30 04:35:30,779 - portable_sam_fusion - INFO - [DEBUG-SP] epoch=6 step=1650 all_invalid_count=0 all_invalid_ratio=0 empty_count=0 empty_ratio=0 full_count=0 full_ratio=0 mean_point_distance=26.6 n1_gt_valid_count=64 n1_in_gt_bg=0.5156 n1_in_gt_bg_count=33 n1_valid_count=64 n1_valid_ratio=1 n2_gt_valid_count=64 n2_in_gt_bg=1 n2_in_gt_bg_count=64 n2_valid_count=64 n2_valid_ratio=1 neg_in_pred_bg=1 neg_in_pred_bg_count=128 negative_pair_count=64 negative_pair_distance_sum=2669 p1_gt_valid_count=64 p1_in_gt_fg=1 p1_in_gt_fg_count=64 p1_valid_count=64 p1_valid_ratio=1 p2_gt_valid_count=64 p2_in_gt_fg=1 p2_in_gt_fg_count=64 p2_valid_count=64 p2_valid_ratio=1 point_distance_sum=3405 point_overlap_count=0 point_overlap_ratio=0 point_pair_count=128 pos_in_pred_fg=1 pos_in_pred_fg_count=128 positive_pair_count=64 positive_pair_distance_sum=736 roi_count=64 valid_neg_count=128 valid_pos_count=128 warmup_stage=2
2026-07-30 04:36:44,905 - portable_sam_fusion - INFO - [DEBUG-BOX] epoch=6 step=1700 fallback_count=0 fallback_ratio=0 num_rois=64 refined_proposal_iou=0 refined_proposal_iou_sum=0 refined_valid_count=0
2026-07-30 04:36:44,905 - portable_sam_fusion - INFO - [DEBUG-COARSE] epoch=6 step=1700 bce_raw=0.3094 boundary_fn=5824 boundary_fp=6312 boundary_tp=1.909e+04 dice=0.1288 dice_loss_raw=0.1288 iou=0.7766 loss_weight=0.1 raw_boundary_fn=5824 raw_boundary_fp=6312 raw_boundary_tp=1.909e+04 raw_dice_score=0.8712 raw_iou=0.7766 weighted_loss=0.04382
2026-07-30 04:36:44,905 - portable_sam_fusion - INFO - [DEBUG-CONTEXT] epoch=6 step=1700 enabled=0
2026-07-30 04:36:44,905 - portable_sam_fusion - INFO - [DEBUG-DENSE] epoch=6 step=1700 applied_delta_norm=2.575 applied_delta_ratio=0.2205 base_norm=11.68 canvas_max=8 canvas_mean=0.001994 canvas_min=-7.522 canvas_nonzero_ratio=0.007518 canvas_std=0.3658 final_norm=11.99 residual_alpha=0.5 shape_norm=13.01 source_delta_norm=5.151 source_delta_ratio=0.441
2026-07-30 04:36:44,905 - portable_sam_fusion - INFO - [DEBUG-GATE] epoch=6 step=1700 shape_dense_alpha_max=0.5 shape_dense_alpha_mean=0.5 shape_dense_alpha_min=0.5
2026-07-30 04:36:44,905 - portable_sam_fusion - INFO - [DEBUG-JITTER] epoch=6 step=1700 area_ratio_count=64 area_ratio_mean=1 area_ratio_sum=64 fallback_count=0 mean_iou=1 num_jittered=0 num_rois=64
2026-07-30 04:36:44,905 - portable_sam_fusion - INFO - [DEBUG-SP] epoch=6 step=1700 all_invalid_count=0 all_invalid_ratio=0 empty_count=0 empty_ratio=0 full_count=0 full_ratio=0 mean_point_distance=32.61 n1_gt_valid_count=64 n1_in_gt_bg=0.7812 n1_in_gt_bg_count=50 n1_valid_count=64 n1_valid_ratio=1 n2_gt_valid_count=64 n2_in_gt_bg=0.9844 n2_in_gt_bg_count=63 n2_valid_count=64 n2_valid_ratio=1 neg_in_pred_bg=1 neg_in_pred_bg_count=128 negative_pair_count=64 negative_pair_distance_sum=3350 p1_gt_valid_count=64 p1_in_gt_fg=1 p1_in_gt_fg_count=64 p1_valid_count=64 p1_valid_ratio=1 p2_gt_valid_count=64 p2_in_gt_fg=0.9844 p2_in_gt_fg_count=63 p2_valid_count=64 p2_valid_ratio=1 point_distance_sum=4174 point_overlap_count=0 point_overlap_ratio=0 point_pair_count=128 pos_in_pred_fg=1 pos_in_pred_fg_count=128 positive_pair_count=64 positive_pair_distance_sum=824.3 roi_count=64 valid_neg_count=128 valid_pos_count=128 warmup_stage=2
2026-07-30 04:37:56,777 - portable_sam_fusion - INFO - [DEBUG-BOX] epoch=6 step=1750 fallback_count=0 fallback_ratio=0 num_rois=64 refined_proposal_iou=0 refined_proposal_iou_sum=0 refined_valid_count=0
2026-07-30 04:37:56,777 - portable_sam_fusion - INFO - [DEBUG-COARSE] epoch=6 step=1750 bce_raw=0.2242 boundary_fn=4759 boundary_fp=4043 boundary_tp=2.218e+04 dice=0.1084 dice_loss_raw=0.1084 iou=0.8093 loss_weight=0.1 raw_boundary_fn=4759 raw_boundary_fp=4043 raw_boundary_tp=2.218e+04 raw_dice_score=0.8916 raw_iou=0.8093 weighted_loss=0.03327
2026-07-30 04:37:56,777 - portable_sam_fusion - INFO - [DEBUG-CONTEXT] epoch=6 step=1750 enabled=0
2026-07-30 04:37:56,777 - portable_sam_fusion - INFO - [DEBUG-DENSE] epoch=6 step=1750 applied_delta_norm=2.277 applied_delta_ratio=0.195 base_norm=11.68 canvas_max=8 canvas_mean=-0.0006754 canvas_min=-8 canvas_nonzero_ratio=0.005431 canvas_std=0.344 final_norm=11.9 residual_alpha=0.5 shape_norm=12.64 source_delta_norm=4.554 source_delta_ratio=0.39
2026-07-30 04:37:56,777 - portable_sam_fusion - INFO - [DEBUG-GATE] epoch=6 step=1750 shape_dense_alpha_max=0.5 shape_dense_alpha_mean=0.5 shape_dense_alpha_min=0.5
2026-07-30 04:37:56,777 - portable_sam_fusion - INFO - [DEBUG-JITTER] epoch=6 step=1750 area_ratio_count=64 area_ratio_mean=1 area_ratio_sum=64 fallback_count=0 mean_iou=1 num_jittered=0 num_rois=64
2026-07-30 04:37:56,777 - portable_sam_fusion - INFO - [DEBUG-SP] epoch=6 step=1750 all_invalid_count=0 all_invalid_ratio=0 empty_count=0 empty_ratio=0 full_count=0 full_ratio=0 mean_point_distance=25.58 n1_gt_valid_count=64 n1_in_gt_bg=0.8125 n1_in_gt_bg_count=52 n1_valid_count=64 n1_valid_ratio=1 n2_gt_valid_count=64 n2_in_gt_bg=1 n2_in_gt_bg_count=64 n2_valid_count=64 n2_valid_ratio=1 neg_in_pred_bg=1 neg_in_pred_bg_count=128 negative_pair_count=64 negative_pair_distance_sum=2395 p1_gt_valid_count=64 p1_in_gt_fg=1 p1_in_gt_fg_count=64 p1_valid_count=64 p1_valid_ratio=1 p2_gt_valid_count=64 p2_in_gt_fg=1 p2_in_gt_fg_count=64 p2_valid_count=64 p2_valid_ratio=1 point_distance_sum=3274 point_overlap_count=0 point_overlap_ratio=0 point_pair_count=128 pos_in_pred_fg=1 pos_in_pred_fg_count=128 positive_pair_count=64 positive_pair_distance_sum=879.4 roi_count=64 valid_neg_count=128 valid_pos_count=128 warmup_stage=2
2026-07-30 04:38:16,924 - portable_sam_fusion - INFO - Epoch 6 detailed losses: loss_rpn_cls=0.0335, loss_rpn_bbox=0.0142, loss_cls=0.2709, acc=88.9337, loss_bbox=0.1299, loss_mask=0.0022, debug_mask_pos_rois=54.9728, debug_mask_logit_mean=-14.9273, debug_mask_logit_std=3.0220, debug_mask_prob_mean=0.0052, debug_mask_prob_ge05=0.0051, debug_mask_target_fill=0.0052, loss_shape_prior=0.0295, schedule/det_weight=1.0000
2026-07-30 04:38:16,924 - portable_sam_fusion - INFO - Epoch 6 dense residual monitor: alpha=0.500000 source_delta_norm=6.1338 applied_delta_norm=3.0669 source_delta_ratio=0.525225 applied_delta_ratio=0.262613
2026-07-30 04:38:16,924 - portable_sam_fusion - INFO - Epoch 6 primary loss shares: det=93.41% final_mask=0.45% shape=6.14% p2_boundary=0.00%
2026-07-30 04:38:16,924 - portable_sam_fusion - INFO - Epoch 6 schedule: det_loss_weight=1.000 early_stop_start=20 min_delta=0.0005
2026-07-30 04:38:16,925 - portable_sam_fusion - INFO - Epoch 6 learning rates: sat_backbone=4.96e-04, mask_decoder=4.96e-04, prompt_encoder=4.96e-04, shape_prior=4.96e-04, quality_head=4.96e-04, sat_other=4.96e-04
2026-07-30 04:42:37,758 - portable_sam_fusion - INFO - Validation samples: GT=15926, DT=22123, avg_masks_per_image=35.28, avg_mask_fill=0.0181
creating index...
index created!
Loading and preparing results...
DONE (t=0.03s)
creating index...
index created!
Running per image evaluation...
Evaluate annotation type *bbox*
DONE (t=11.51s).
Accumulating evaluation results...
DONE (t=0.21s).
 Average Precision  (AP) @[ IoU=0.50:0.95 | area=   all | maxDets=100 ] = 0.614
 Average Precision  (AP) @[ IoU=0.50      | area=   all | maxDets=100 ] = 0.875
 Average Precision  (AP) @[ IoU=0.75      | area=   all | maxDets=100 ] = 0.742
 Average Precision  (AP) @[ IoU=0.50:0.95 | area= small | maxDets=100 ] = 0.202
 Average Precision  (AP) @[ IoU=0.50:0.95 | area=medium | maxDets=100 ] = 0.669
 Average Precision  (AP) @[ IoU=0.50:0.95 | area= large | maxDets=100 ] = 0.682
 Average Recall     (AR) @[ IoU=0.50:0.95 | area=   all | maxDets=  1 ] = 0.024
 Average Recall     (AR) @[ IoU=0.50:0.95 | area=   all | maxDets= 10 ] = 0.175
 Average Recall     (AR) @[ IoU=0.50:0.95 | area=   all | maxDets=100 ] = 0.680
 Average Recall     (AR) @[ IoU=0.50:0.95 | area= small | maxDets=100 ] = 0.343
 Average Recall     (AR) @[ IoU=0.50:0.95 | area=medium | maxDets=100 ] = 0.732
 Average Recall     (AR) @[ IoU=0.50:0.95 | area= large | maxDets=100 ] = 0.749
2026-07-30 04:42:49,702 - portable_sam_fusion - INFO - Validation bbox/mAP: 0.6144 bbox/mAP_75: 0.7416
Running per image evaluation...
Evaluate annotation type *segm*
DONE (t=12.23s).
Accumulating evaluation results...
DONE (t=0.22s).
 Average Precision  (AP) @[ IoU=0.50:0.95 | area=   all | maxDets=100 ] = 0.407
 Average Precision  (AP) @[ IoU=0.50      | area=   all | maxDets=100 ] = 0.810
 Average Precision  (AP) @[ IoU=0.75      | area=   all | maxDets=100 ] = 0.400
 Average Precision  (AP) @[ IoU=0.50:0.95 | area= small | maxDets=100 ] = 0.038
 Average Precision  (AP) @[ IoU=0.50:0.95 | area=medium | maxDets=100 ] = 0.425
 Average Precision  (AP) @[ IoU=0.50:0.95 | area= large | maxDets=100 ] = 0.584
 Average Recall     (AR) @[ IoU=0.50:0.95 | area=   all | maxDets=  1 ] = 0.020
 Average Recall     (AR) @[ IoU=0.50:0.95 | area=   all | maxDets= 10 ] = 0.135
 Average Recall     (AR) @[ IoU=0.50:0.95 | area=   all | maxDets=100 ] = 0.464
 Average Recall     (AR) @[ IoU=0.50:0.95 | area= small | maxDets=100 ] = 0.088
 Average Recall     (AR) @[ IoU=0.50:0.95 | area=medium | maxDets=100 ] = 0.483
 Average Recall     (AR) @[ IoU=0.50:0.95 | area= large | maxDets=100 ] = 0.646
2026-07-30 04:43:02,186 - portable_sam_fusion - INFO - Validation segm/mAP: 0.4071
2026-07-30 04:43:03,052 - portable_sam_fusion - INFO - New best bbox/mAP: 0.6144
2026-07-30 04:43:03,053 - portable_sam_fusion - INFO - New best early-stop metric (segm/mAP): raw=0.4071 smooth(5)=0.4080
2026-07-30 04:43:08,846 - portable_sam_fusion - INFO - Saved best_bbox_model with bbox/mAP: 0.6144
2026-07-30 04:43:14,245 - portable_sam_fusion - INFO - Epoch 6/80 | train=0.480251 val=disabled segm/mAP=0.4071 bbox/mAP=0.6144 | best_segm=0.4491 best_bbox=0.6144 best_comp=0.0000 | sat_backbone=4.96e-04 mask_decoder=4.96e-04 prompt_encoder=4.96e-04 shape_prior=4.96e-04 quality_head=4.96e-04 sat_other=4.96e-04
2026-07-30 04:43:59,614 - portable_sam_fusion - INFO - epoch 7 | mini-batch 24/294 | optimizer_step 450/5920 | lr=4.956e-04
2026-07-30 04:44:20,852 - portable_sam_fusion - INFO - [DEBUG-BOX] epoch=7 step=1800 fallback_count=0 fallback_ratio=0 num_rois=64 refined_proposal_iou=0 refined_proposal_iou_sum=0 refined_valid_count=0
2026-07-30 04:44:20,852 - portable_sam_fusion - INFO - [DEBUG-COARSE] epoch=7 step=1800 bce_raw=0.2089 boundary_fn=4455 boundary_fp=3847 boundary_tp=2.269e+04 dice=0.1035 dice_loss_raw=0.1035 iou=0.8164 loss_weight=0.1 raw_boundary_fn=4455 raw_boundary_fp=3847 raw_boundary_tp=2.269e+04 raw_dice_score=0.8965 raw_iou=0.8164 weighted_loss=0.03124
2026-07-30 04:44:20,852 - portable_sam_fusion - INFO - [DEBUG-CONTEXT] epoch=7 step=1800 enabled=0
2026-07-30 04:44:20,852 - portable_sam_fusion - INFO - [DEBUG-DENSE] epoch=7 step=1800 applied_delta_norm=3.307 applied_delta_ratio=0.2832 base_norm=11.68 canvas_max=7.58 canvas_mean=0.004392 canvas_min=-7.982 canvas_nonzero_ratio=0.008298 canvas_std=0.3973 final_norm=12.08 residual_alpha=0.5 shape_norm=13.39 source_delta_norm=6.615 source_delta_ratio=0.5664
2026-07-30 04:44:20,852 - portable_sam_fusion - INFO - [DEBUG-GATE] epoch=7 step=1800 shape_dense_alpha_max=0.5 shape_dense_alpha_mean=0.5 shape_dense_alpha_min=0.5
2026-07-30 04:44:20,852 - portable_sam_fusion - INFO - [DEBUG-JITTER] epoch=7 step=1800 area_ratio_count=64 area_ratio_mean=1 area_ratio_sum=64 fallback_count=0 mean_iou=1 num_jittered=0 num_rois=64
2026-07-30 04:44:20,852 - portable_sam_fusion - INFO - [DEBUG-SP] epoch=7 step=1800 all_invalid_count=0 all_invalid_ratio=0 empty_count=0 empty_ratio=0 full_count=0 full_ratio=0 mean_point_distance=39.71 n1_gt_valid_count=64 n1_in_gt_bg=0.9375 n1_in_gt_bg_count=60 n1_valid_count=64 n1_valid_ratio=1 n2_gt_valid_count=64 n2_in_gt_bg=0.9844 n2_in_gt_bg_count=63 n2_valid_count=64 n2_valid_ratio=1 neg_in_pred_bg=1 neg_in_pred_bg_count=128 negative_pair_count=64 negative_pair_distance_sum=3865 p1_gt_valid_count=64 p1_in_gt_fg=1 p1_in_gt_fg_count=64 p1_valid_count=64 p1_valid_ratio=1 p2_gt_valid_count=64 p2_in_gt_fg=1 p2_in_gt_fg_count=64 p2_valid_count=64 p2_valid_ratio=1 point_distance_sum=5083 point_overlap_count=0 point_overlap_ratio=0 point_pair_count=128 pos_in_pred_fg=1 pos_in_pred_fg_count=128 positive_pair_count=64 positive_pair_distance_sum=1218 roi_count=64 valid_neg_count=128 valid_pos_count=128 warmup_stage=2
2026-07-30 04:45:47,125 - portable_sam_fusion - INFO - [DEBUG-BOX] epoch=7 step=1850 fallback_count=0 fallback_ratio=0 num_rois=64 refined_proposal_iou=0 refined_proposal_iou_sum=0 refined_valid_count=0
2026-07-30 04:45:47,125 - portable_sam_fusion - INFO - [DEBUG-COARSE] epoch=7 step=1850 bce_raw=0.2221 boundary_fn=3909 boundary_fp=5303 boundary_tp=1.952e+04 dice=0.07851 dice_loss_raw=0.07851 iou=0.8577 loss_weight=0.1 raw_boundary_fn=3909 raw_boundary_fp=5303 raw_boundary_tp=1.952e+04 raw_dice_score=0.9215 raw_iou=0.8577 weighted_loss=0.03006
2026-07-30 04:45:47,125 - portable_sam_fusion - INFO - [DEBUG-CONTEXT] epoch=7 step=1850 enabled=0
2026-07-30 04:45:47,125 - portable_sam_fusion - INFO - [DEBUG-DENSE] epoch=7 step=1850 applied_delta_norm=2.278 applied_delta_ratio=0.195 base_norm=11.68 canvas_max=8 canvas_mean=0.01254 canvas_min=-6.739 canvas_nonzero_ratio=0.004457 canvas_std=0.319 final_norm=11.89 residual_alpha=0.5 shape_norm=12.61 source_delta_norm=4.555 source_delta_ratio=0.39
2026-07-30 04:45:47,125 - portable_sam_fusion - INFO - [DEBUG-GATE] epoch=7 step=1850 shape_dense_alpha_max=0.5 shape_dense_alpha_mean=0.5 shape_dense_alpha_min=0.5
2026-07-30 04:45:47,125 - portable_sam_fusion - INFO - [DEBUG-JITTER] epoch=7 step=1850 area_ratio_count=64 area_ratio_mean=1 area_ratio_sum=64 fallback_count=0 mean_iou=1 num_jittered=0 num_rois=64
2026-07-30 04:45:47,125 - portable_sam_fusion - INFO - [DEBUG-SP] epoch=7 step=1850 all_invalid_count=0 all_invalid_ratio=0 empty_count=0 empty_ratio=0 full_count=0 full_ratio=0 mean_point_distance=22.01 n1_gt_valid_count=64 n1_in_gt_bg=0.625 n1_in_gt_bg_count=40 n1_valid_count=64 n1_valid_ratio=1 n2_gt_valid_count=64 n2_in_gt_bg=0.9062 n2_in_gt_bg_count=58 n2_valid_count=64 n2_valid_ratio=1 neg_in_pred_bg=1 neg_in_pred_bg_count=128 negative_pair_count=64 negative_pair_distance_sum=1977 p1_gt_valid_count=64 p1_in_gt_fg=1 p1_in_gt_fg_count=64 p1_valid_count=64 p1_valid_ratio=1 p2_gt_valid_count=64 p2_in_gt_fg=1 p2_in_gt_fg_count=64 p2_valid_count=64 p2_valid_ratio=1 point_distance_sum=2818 point_overlap_count=0 point_overlap_ratio=0 point_pair_count=128 pos_in_pred_fg=1 pos_in_pred_fg_count=128 positive_pair_count=64 positive_pair_distance_sum=840.3 roi_count=64 valid_neg_count=128 valid_pos_count=128 warmup_stage=2
2026-07-30 04:47:15,532 - portable_sam_fusion - INFO - [DEBUG-BOX] epoch=7 step=1900 fallback_count=0 fallback_ratio=0 num_rois=64 refined_proposal_iou=0 refined_proposal_iou_sum=0 refined_valid_count=0
2026-07-30 04:47:15,532 - portable_sam_fusion - INFO - [DEBUG-COARSE] epoch=7 step=1900 bce_raw=0.1423 boundary_fn=3028 boundary_fp=969 boundary_tp=2.401e+04 dice=0.0851 dice_loss_raw=0.0851 iou=0.8437 loss_weight=0.1 raw_boundary_fn=3028 raw_boundary_fp=969 raw_boundary_tp=2.401e+04 raw_dice_score=0.9149 raw_iou=0.8437 weighted_loss=0.02274
2026-07-30 04:47:15,532 - portable_sam_fusion - INFO - [DEBUG-CONTEXT] epoch=7 step=1900 enabled=0
2026-07-30 04:47:15,532 - portable_sam_fusion - INFO - [DEBUG-DENSE] epoch=7 step=1900 applied_delta_norm=2.929 applied_delta_ratio=0.2508 base_norm=11.68 canvas_max=8 canvas_mean=0.001516 canvas_min=-7.896 canvas_nonzero_ratio=0.00718 canvas_std=0.3993 final_norm=11.99 residual_alpha=0.5 shape_norm=13.04 source_delta_norm=5.858 source_delta_ratio=0.5016
2026-07-30 04:47:15,532 - portable_sam_fusion - INFO - [DEBUG-GATE] epoch=7 step=1900 shape_dense_alpha_max=0.5 shape_dense_alpha_mean=0.5 shape_dense_alpha_min=0.5
2026-07-30 04:47:15,532 - portable_sam_fusion - INFO - [DEBUG-JITTER] epoch=7 step=1900 area_ratio_count=64 area_ratio_mean=1 area_ratio_sum=64 fallback_count=0 mean_iou=1 num_jittered=0 num_rois=64
2026-07-30 04:47:15,532 - portable_sam_fusion - INFO - [DEBUG-SP] epoch=7 step=1900 all_invalid_count=0 all_invalid_ratio=0 empty_count=0 empty_ratio=0 full_count=0 full_ratio=0 mean_point_distance=34.51 n1_gt_valid_count=64 n1_in_gt_bg=0.8906 n1_in_gt_bg_count=57 n1_valid_count=64 n1_valid_ratio=1 n2_gt_valid_count=64 n2_in_gt_bg=1 n2_in_gt_bg_count=64 n2_valid_count=64 n2_valid_ratio=1 neg_in_pred_bg=1 neg_in_pred_bg_count=128 negative_pair_count=64 negative_pair_distance_sum=3503 p1_gt_valid_count=64 p1_in_gt_fg=1 p1_in_gt_fg_count=64 p1_valid_count=64 p1_valid_ratio=1 p2_gt_valid_count=64 p2_in_gt_fg=1 p2_in_gt_fg_count=64 p2_valid_count=64 p2_valid_ratio=1 point_distance_sum=4417 point_overlap_count=0 point_overlap_ratio=0 point_pair_count=128 pos_in_pred_fg=1 pos_in_pred_fg_count=128 positive_pair_count=64 positive_pair_distance_sum=914.5 roi_count=64 valid_neg_count=128 valid_pos_count=128 warmup_stage=2
2026-07-30 04:48:43,545 - portable_sam_fusion - INFO - [DEBUG-BOX] epoch=7 step=1950 fallback_count=0 fallback_ratio=0 num_rois=64 refined_proposal_iou=0 refined_proposal_iou_sum=0 refined_valid_count=0
2026-07-30 04:48:43,546 - portable_sam_fusion - INFO - [DEBUG-COARSE] epoch=7 step=1950 bce_raw=0.1834 boundary_fn=3283 boundary_fp=2620 boundary_tp=2.372e+04 dice=0.0931 dice_loss_raw=0.0931 iou=0.8328 loss_weight=0.1 raw_boundary_fn=3283 raw_boundary_fp=2620 raw_boundary_tp=2.372e+04 raw_dice_score=0.9069 raw_iou=0.8328 weighted_loss=0.02765
2026-07-30 04:48:43,546 - portable_sam_fusion - INFO - [DEBUG-CONTEXT] epoch=7 step=1950 enabled=0
2026-07-30 04:48:43,546 - portable_sam_fusion - INFO - [DEBUG-DENSE] epoch=7 step=1950 applied_delta_norm=2.786 applied_delta_ratio=0.2386 base_norm=11.68 canvas_max=8 canvas_mean=0.002481 canvas_min=-8 canvas_nonzero_ratio=0.006322 canvas_std=0.4025 final_norm=11.97 residual_alpha=0.5 shape_norm=12.94 source_delta_norm=5.573 source_delta_ratio=0.4772
2026-07-30 04:48:43,546 - portable_sam_fusion - INFO - [DEBUG-GATE] epoch=7 step=1950 shape_dense_alpha_max=0.5 shape_dense_alpha_mean=0.5 shape_dense_alpha_min=0.5
2026-07-30 04:48:43,546 - portable_sam_fusion - INFO - [DEBUG-JITTER] epoch=7 step=1950 area_ratio_count=64 area_ratio_mean=1 area_ratio_sum=64 fallback_count=0 mean_iou=1 num_jittered=0 num_rois=64
2026-07-30 04:48:43,546 - portable_sam_fusion - INFO - [DEBUG-SP] epoch=7 step=1950 all_invalid_count=0 all_invalid_ratio=0 empty_count=0 empty_ratio=0 full_count=0 full_ratio=0 mean_point_distance=29.47 n1_gt_valid_count=64 n1_in_gt_bg=0.875 n1_in_gt_bg_count=56 n1_valid_count=64 n1_valid_ratio=1 n2_gt_valid_count=63 n2_in_gt_bg=1 n2_in_gt_bg_count=63 n2_valid_count=63 n2_valid_ratio=0.9844 neg_in_pred_bg=1 neg_in_pred_bg_count=127 negative_pair_count=63 negative_pair_distance_sum=2774 p1_gt_valid_count=64 p1_in_gt_fg=1 p1_in_gt_fg_count=64 p1_valid_count=64 p1_valid_ratio=1 p2_gt_valid_count=64 p2_in_gt_fg=0.9844 p2_in_gt_fg_count=63 p2_valid_count=64 p2_valid_ratio=1 point_distance_sum=3743 point_overlap_count=0 point_overlap_ratio=0 point_pair_count=127 pos_in_pred_fg=1 pos_in_pred_fg_count=128 positive_pair_count=64 positive_pair_distance_sum=968.8 roi_count=64 valid_neg_count=127 valid_pos_count=128 warmup_stage=2
2026-07-30 04:49:45,526 - portable_sam_fusion - INFO - epoch 7 | mini-batch 224/294 | optimizer_step 500/5920 | lr=4.942e-04
2026-07-30 04:50:04,850 - portable_sam_fusion - INFO - [DEBUG-BOX] epoch=7 step=2000 fallback_count=0 fallback_ratio=0 num_rois=33 refined_proposal_iou=0 refined_proposal_iou_sum=0 refined_valid_count=0
2026-07-30 04:50:04,850 - portable_sam_fusion - INFO - [DEBUG-COARSE] epoch=7 step=2000 bce_raw=0.08582 boundary_fn=243 boundary_fp=230 boundary_tp=1.24e+04 dice=0.05093 dice_loss_raw=0.05093 iou=0.9034 loss_weight=0.1 raw_boundary_fn=243 raw_boundary_fp=230 raw_boundary_tp=1.24e+04 raw_dice_score=0.9491 raw_iou=0.9034 weighted_loss=0.01367
2026-07-30 04:50:04,850 - portable_sam_fusion - INFO - [DEBUG-CONTEXT] epoch=7 step=2000 enabled=0
2026-07-30 04:50:04,850 - portable_sam_fusion - INFO - [DEBUG-DENSE] epoch=7 step=2000 applied_delta_norm=3.553 applied_delta_ratio=0.3042 base_norm=11.68 canvas_max=7.762 canvas_mean=0.005186 canvas_min=-8 canvas_nonzero_ratio=0.009586 canvas_std=0.5097 final_norm=12.1 residual_alpha=0.5 shape_norm=13.49 source_delta_norm=7.106 source_delta_ratio=0.6085
2026-07-30 04:50:04,850 - portable_sam_fusion - INFO - [DEBUG-GATE] epoch=7 step=2000 shape_dense_alpha_max=0.5 shape_dense_alpha_mean=0.5 shape_dense_alpha_min=0.5
2026-07-30 04:50:04,850 - portable_sam_fusion - INFO - [DEBUG-JITTER] epoch=7 step=2000 area_ratio_count=33 area_ratio_mean=1 area_ratio_sum=33 fallback_count=0 mean_iou=1 num_jittered=0 num_rois=33
2026-07-30 04:50:04,850 - portable_sam_fusion - INFO - [DEBUG-SP] epoch=7 step=2000 all_invalid_count=0 all_invalid_ratio=0 empty_count=0 empty_ratio=0 full_count=0 full_ratio=0 mean_point_distance=51.1 n1_gt_valid_count=33 n1_in_gt_bg=0.8788 n1_in_gt_bg_count=29 n1_valid_count=33 n1_valid_ratio=1 n2_gt_valid_count=33 n2_in_gt_bg=1 n2_in_gt_bg_count=33 n2_valid_count=33 n2_valid_ratio=1 neg_in_pred_bg=1 neg_in_pred_bg_count=66 negative_pair_count=33 negative_pair_distance_sum=2371 p1_gt_valid_count=33 p1_in_gt_fg=1 p1_in_gt_fg_count=33 p1_valid_count=33 p1_valid_ratio=1 p2_gt_valid_count=33 p2_in_gt_fg=1 p2_in_gt_fg_count=33 p2_valid_count=33 p2_valid_ratio=1 point_distance_sum=3373 point_overlap_count=0 point_overlap_ratio=0 point_pair_count=66 pos_in_pred_fg=1 pos_in_pred_fg_count=66 positive_pair_count=33 positive_pair_distance_sum=1001 roi_count=33 valid_neg_count=66 valid_pos_count=66 warmup_stage=2
2026-07-30 04:50:59,286 - portable_sam_fusion - INFO - [DEBUG-BOX] epoch=7 step=2050 fallback_count=0 fallback_ratio=0 num_rois=0 refined_proposal_iou=0 refined_proposal_iou_sum=0 refined_valid_count=0
2026-07-30 04:50:59,287 - portable_sam_fusion - INFO - [DEBUG-COARSE] epoch=7 step=2050 boundary_fn=0 boundary_fp=0 boundary_tp=0 dice=0 iou=0
2026-07-30 04:50:59,287 - portable_sam_fusion - INFO - [DEBUG-CONTEXT] epoch=7 step=2050 enabled=0
2026-07-30 04:50:59,287 - portable_sam_fusion - INFO - [DEBUG-DENSE] epoch=7 step=2050 applied_delta_norm=3.999 applied_delta_ratio=0.3424 base_norm=11.68 canvas_max=8 canvas_mean=0.00714 canvas_min=-8 canvas_nonzero_ratio=0.02201 canvas_std=0.6198 final_norm=12.56 residual_alpha=0.5 shape_norm=14.74 source_delta_norm=7.998 source_delta_ratio=0.6849
2026-07-30 04:50:59,287 - portable_sam_fusion - INFO - [DEBUG-GATE] epoch=7 step=2050 shape_dense_alpha_max=0.5 shape_dense_alpha_mean=0.5 shape_dense_alpha_min=0.5
2026-07-30 04:50:59,287 - portable_sam_fusion - INFO - [DEBUG-JITTER] epoch=7 step=2050 area_ratio_count=0 area_ratio_mean=0 area_ratio_sum=0 fallback_count=0 mean_iou=0 num_jittered=0 num_rois=0
2026-07-30 04:50:59,287 - portable_sam_fusion - INFO - [DEBUG-SP] epoch=7 step=2050 all_invalid_count=0 all_invalid_ratio=0 empty_count=0 empty_ratio=0 full_count=0 full_ratio=0 mean_point_distance=46.71 n1_gt_valid_count=64 n1_in_gt_bg=0.8438 n1_in_gt_bg_count=54 n1_valid_count=64 n1_valid_ratio=1 n2_gt_valid_count=64 n2_in_gt_bg=1 n2_in_gt_bg_count=64 n2_valid_count=64 n2_valid_ratio=1 neg_in_pred_bg=1 neg_in_pred_bg_count=128 negative_pair_count=64 negative_pair_distance_sum=3977 p1_gt_valid_count=64 p1_in_gt_fg=1 p1_in_gt_fg_count=64 p1_valid_count=64 p1_valid_ratio=1 p2_gt_valid_count=64 p2_in_gt_fg=0.9688 p2_in_gt_fg_count=62 p2_valid_count=64 p2_valid_ratio=1 point_distance_sum=5979 point_overlap_count=0 point_overlap_ratio=0 point_pair_count=128 pos_in_pred_fg=1 pos_in_pred_fg_count=128 positive_pair_count=64 positive_pair_distance_sum=2002 roi_count=64 valid_neg_count=128 valid_pos_count=128 warmup_stage=2
2026-07-30 04:51:07,134 - portable_sam_fusion - INFO - Epoch 7 detailed losses: loss_rpn_cls=0.0321, loss_rpn_bbox=0.0115, loss_cls=0.2584, acc=89.4837, loss_bbox=0.1225, loss_mask=0.0021, debug_mask_pos_rois=57.5952, debug_mask_logit_mean=-14.9417, debug_mask_logit_std=3.1051, debug_mask_prob_mean=0.0049, debug_mask_prob_ge05=0.0049, debug_mask_target_fill=0.0049, loss_shape_prior=0.0290, schedule/det_weight=1.0000
2026-07-30 04:51:07,134 - portable_sam_fusion - INFO - Epoch 7 dense residual monitor: alpha=0.500000 source_delta_norm=6.2613 applied_delta_norm=3.1307 source_delta_ratio=0.536147 applied_delta_ratio=0.268073
2026-07-30 04:51:07,134 - portable_sam_fusion - INFO - Epoch 7 primary loss shares: det=93.18% final_mask=0.46% shape=6.36% p2_boundary=0.00%
2026-07-30 04:51:07,134 - portable_sam_fusion - INFO - Epoch 7 schedule: det_loss_weight=1.000 early_stop_start=20 min_delta=0.0005
2026-07-30 04:51:07,134 - portable_sam_fusion - INFO - Epoch 7 learning rates: sat_backbone=4.94e-04, mask_decoder=4.94e-04, prompt_encoder=4.94e-04, shape_prior=4.94e-04, quality_head=4.94e-04, sat_other=4.94e-04
2026-07-30 04:55:15,740 - portable_sam_fusion - INFO - Validation samples: GT=15926, DT=20090, avg_masks_per_image=32.04, avg_mask_fill=0.0053
creating index...
index created!
Loading and preparing results...
DONE (t=0.03s)
creating index...
index created!
Running per image evaluation...
Evaluate annotation type *bbox*
DONE (t=11.49s).
Accumulating evaluation results...
DONE (t=0.21s).
 Average Precision  (AP) @[ IoU=0.50:0.95 | area=   all | maxDets=100 ] = 0.619
 Average Precision  (AP) @[ IoU=0.50      | area=   all | maxDets=100 ] = 0.887
 Average Precision  (AP) @[ IoU=0.75      | area=   all | maxDets=100 ] = 0.753
 Average Precision  (AP) @[ IoU=0.50:0.95 | area= small | maxDets=100 ] = 0.244
 Average Precision  (AP) @[ IoU=0.50:0.95 | area=medium | maxDets=100 ] = 0.681
 Average Precision  (AP) @[ IoU=0.50:0.95 | area= large | maxDets=100 ] = 0.651
 Average Recall     (AR) @[ IoU=0.50:0.95 | area=   all | maxDets=  1 ] = 0.023
 Average Recall     (AR) @[ IoU=0.50:0.95 | area=   all | maxDets= 10 ] = 0.172
 Average Recall     (AR) @[ IoU=0.50:0.95 | area=   all | maxDets=100 ] = 0.685
 Average Recall     (AR) @[ IoU=0.50:0.95 | area= small | maxDets=100 ] = 0.379
 Average Recall     (AR) @[ IoU=0.50:0.95 | area=medium | maxDets=100 ] = 0.746
 Average Recall     (AR) @[ IoU=0.50:0.95 | area= large | maxDets=100 ] = 0.711
2026-07-30 04:55:27,657 - portable_sam_fusion - INFO - Validation bbox/mAP: 0.6193 bbox/mAP_75: 0.7533
Running per image evaluation...
Evaluate annotation type *segm*
DONE (t=11.96s).
Accumulating evaluation results...
DONE (t=0.19s).
 Average Precision  (AP) @[ IoU=0.50:0.95 | area=   all | maxDets=100 ] = 0.460
 Average Precision  (AP) @[ IoU=0.50      | area=   all | maxDets=100 ] = 0.859
 Average Precision  (AP) @[ IoU=0.75      | area=   all | maxDets=100 ] = 0.487
 Average Precision  (AP) @[ IoU=0.50:0.95 | area= small | maxDets=100 ] = 0.068
 Average Precision  (AP) @[ IoU=0.50:0.95 | area=medium | maxDets=100 ] = 0.478
 Average Precision  (AP) @[ IoU=0.50:0.95 | area= large | maxDets=100 ] = 0.646
 Average Recall     (AR) @[ IoU=0.50:0.95 | area=   all | maxDets=  1 ] = 0.021
 Average Recall     (AR) @[ IoU=0.50:0.95 | area=   all | maxDets= 10 ] = 0.146
 Average Recall     (AR) @[ IoU=0.50:0.95 | area=   all | maxDets=100 ] = 0.508
 Average Recall     (AR) @[ IoU=0.50:0.95 | area= small | maxDets=100 ] = 0.128
 Average Recall     (AR) @[ IoU=0.50:0.95 | area=medium | maxDets=100 ] = 0.527
 Average Recall     (AR) @[ IoU=0.50:0.95 | area= large | maxDets=100 ] = 0.691
2026-07-30 04:55:39,840 - portable_sam_fusion - INFO - Validation segm/mAP: 0.4595
2026-07-30 04:55:40,678 - portable_sam_fusion - INFO - New best segm/mAP: 0.4595
2026-07-30 04:55:40,678 - portable_sam_fusion - INFO - New best bbox/mAP: 0.6193
2026-07-30 04:55:40,678 - portable_sam_fusion - INFO - New best early-stop metric (segm/mAP): raw=0.4595 smooth(5)=0.4287
2026-07-30 04:55:46,573 - portable_sam_fusion - INFO - Saved best_model with segm/mAP: 0.4595
2026-07-30 04:55:49,596 - portable_sam_fusion - INFO - Saved best_bbox_model with bbox/mAP: 0.6193
2026-07-30 04:55:55,260 - portable_sam_fusion - INFO - Epoch 7/80 | train=0.455558 val=disabled segm/mAP=0.4595 bbox/mAP=0.6193 | best_segm=0.4595 best_bbox=0.6193 best_comp=0.0000 | sat_backbone=4.94e-04 mask_decoder=4.94e-04 prompt_encoder=4.94e-04 shape_prior=4.94e-04 quality_head=4.94e-04 sat_other=4.94e-04
2026-07-30 04:57:09,294 - portable_sam_fusion - INFO - [DEBUG-BOX] epoch=8 step=2100 fallback_count=0 fallback_ratio=0 num_rois=64 refined_proposal_iou=0 refined_proposal_iou_sum=0 refined_valid_count=0
2026-07-30 04:57:09,295 - portable_sam_fusion - INFO - [DEBUG-COARSE] epoch=8 step=2100 bce_raw=0.2008 boundary_fn=3675 boundary_fp=2689 boundary_tp=2.386e+04 dice=0.1075 dice_loss_raw=0.1075 iou=0.8086 loss_weight=0.1 raw_boundary_fn=3675 raw_boundary_fp=2689 raw_boundary_tp=2.386e+04 raw_dice_score=0.8925 raw_iou=0.8086 weighted_loss=0.03083
2026-07-30 04:57:09,295 - portable_sam_fusion - INFO - [DEBUG-CONTEXT] epoch=8 step=2100 enabled=0
2026-07-30 04:57:09,295 - portable_sam_fusion - INFO - [DEBUG-DENSE] epoch=8 step=2100 applied_delta_norm=4.031 applied_delta_ratio=0.3452 base_norm=11.68 canvas_max=8 canvas_mean=-0.009589 canvas_min=-8 canvas_nonzero_ratio=0.01325 canvas_std=0.5783 final_norm=12.29 residual_alpha=0.5 shape_norm=14.19 source_delta_norm=8.063 source_delta_ratio=0.6904
2026-07-30 04:57:09,295 - portable_sam_fusion - INFO - [DEBUG-GATE] epoch=8 step=2100 shape_dense_alpha_max=0.5 shape_dense_alpha_mean=0.5 shape_dense_alpha_min=0.5
2026-07-30 04:57:09,295 - portable_sam_fusion - INFO - [DEBUG-JITTER] epoch=8 step=2100 area_ratio_count=64 area_ratio_mean=1 area_ratio_sum=64 fallback_count=0 mean_iou=1 num_jittered=0 num_rois=64
2026-07-30 04:57:09,295 - portable_sam_fusion - INFO - [DEBUG-SP] epoch=8 step=2100 all_invalid_count=0 all_invalid_ratio=0 empty_count=0 empty_ratio=0 full_count=0 full_ratio=0 mean_point_distance=40.51 n1_gt_valid_count=64 n1_in_gt_bg=0.9688 n1_in_gt_bg_count=62 n1_valid_count=64 n1_valid_ratio=1 n2_gt_valid_count=64 n2_in_gt_bg=1 n2_in_gt_bg_count=64 n2_valid_count=64 n2_valid_ratio=1 neg_in_pred_bg=1 neg_in_pred_bg_count=128 negative_pair_count=64 negative_pair_distance_sum=3639 p1_gt_valid_count=64 p1_in_gt_fg=1 p1_in_gt_fg_count=64 p1_valid_count=64 p1_valid_ratio=1 p2_gt_valid_count=64 p2_in_gt_fg=0.9688 p2_in_gt_fg_count=62 p2_valid_count=64 p2_valid_ratio=1 point_distance_sum=5185 point_overlap_count=0 point_overlap_ratio=0 point_pair_count=128 pos_in_pred_fg=1 pos_in_pred_fg_count=128 positive_pair_count=64 positive_pair_distance_sum=1546 roi_count=64 valid_neg_count=128 valid_pos_count=128 warmup_stage=2
2026-07-30 04:58:40,767 - portable_sam_fusion - INFO - [DEBUG-BOX] epoch=8 step=2150 fallback_count=0 fallback_ratio=0 num_rois=64 refined_proposal_iou=0 refined_proposal_iou_sum=0 refined_valid_count=0
2026-07-30 04:58:40,768 - portable_sam_fusion - INFO - [DEBUG-COARSE] epoch=8 step=2150 bce_raw=0.1656 boundary_fn=2589 boundary_fp=2578 boundary_tp=2.244e+04 dice=0.07327 dice_loss_raw=0.07327 iou=0.866 loss_weight=0.1 raw_boundary_fn=2589 raw_boundary_fp=2578 raw_boundary_tp=2.244e+04 raw_dice_score=0.9267 raw_iou=0.866 weighted_loss=0.02389
2026-07-30 04:58:40,768 - portable_sam_fusion - INFO - [DEBUG-CONTEXT] epoch=8 step=2150 enabled=0
2026-07-30 04:58:40,768 - portable_sam_fusion - INFO - [DEBUG-DENSE] epoch=8 step=2150 applied_delta_norm=3.991 applied_delta_ratio=0.3418 base_norm=11.68 canvas_max=7.531 canvas_mean=0.01107 canvas_min=-8 canvas_nonzero_ratio=0.01524 canvas_std=0.5428 final_norm=12.39 residual_alpha=0.5 shape_norm=14.33 source_delta_norm=7.982 source_delta_ratio=0.6835
2026-07-30 04:58:40,768 - portable_sam_fusion - INFO - [DEBUG-GATE] epoch=8 step=2150 shape_dense_alpha_max=0.5 shape_dense_alpha_mean=0.5 shape_dense_alpha_min=0.5
2026-07-30 04:58:40,768 - portable_sam_fusion - INFO - [DEBUG-JITTER] epoch=8 step=2150 area_ratio_count=64 area_ratio_mean=1 area_ratio_sum=64 fallback_count=0 mean_iou=1 num_jittered=0 num_rois=64
2026-07-30 04:58:40,768 - portable_sam_fusion - INFO - [DEBUG-SP] epoch=8 step=2150 all_invalid_count=0 all_invalid_ratio=0 empty_count=0 empty_ratio=0 full_count=0 full_ratio=0 mean_point_distance=41.98 n1_gt_valid_count=64 n1_in_gt_bg=0.7812 n1_in_gt_bg_count=50 n1_valid_count=64 n1_valid_ratio=1 n2_gt_valid_count=64 n2_in_gt_bg=0.9844 n2_in_gt_bg_count=63 n2_valid_count=64 n2_valid_ratio=1 neg_in_pred_bg=1 neg_in_pred_bg_count=128 negative_pair_count=64 negative_pair_distance_sum=4081 p1_gt_valid_count=64 p1_in_gt_fg=1 p1_in_gt_fg_count=64 p1_valid_count=64 p1_valid_ratio=1 p2_gt_valid_count=64 p2_in_gt_fg=0.9844 p2_in_gt_fg_count=63 p2_valid_count=64 p2_valid_ratio=1 point_distance_sum=5373 point_overlap_count=0 point_overlap_ratio=0 point_pair_count=128 pos_in_pred_fg=1 pos_in_pred_fg_count=128 positive_pair_count=64 positive_pair_distance_sum=1292 roi_count=64 valid_neg_count=128 valid_pos_count=128 warmup_stage=2
2026-07-30 04:59:42,436 - portable_sam_fusion - INFO - epoch 8 | mini-batch 128/294 | optimizer_step 550/5920 | lr=4.927e-04
2026-07-30 05:00:06,539 - portable_sam_fusion - INFO - [DEBUG-BOX] epoch=8 step=2200 fallback_count=0 fallback_ratio=0 num_rois=64 refined_proposal_iou=0 refined_proposal_iou_sum=0 refined_valid_count=0
2026-07-30 05:00:06,539 - portable_sam_fusion - INFO - [DEBUG-COARSE] epoch=8 step=2200 bce_raw=0.1979 boundary_fn=4270 boundary_fp=3556 boundary_tp=2.372e+04 dice=0.09736 dice_loss_raw=0.09736 iou=0.8248 loss_weight=0.1 raw_boundary_fn=4270 raw_boundary_fp=3556 raw_boundary_tp=2.372e+04 raw_dice_score=0.9026 raw_iou=0.8248 weighted_loss=0.02952
2026-07-30 05:00:06,539 - portable_sam_fusion - INFO - [DEBUG-CONTEXT] epoch=8 step=2200 enabled=0
2026-07-30 05:00:06,539 - portable_sam_fusion - INFO - [DEBUG-DENSE] epoch=8 step=2200 applied_delta_norm=2.949 applied_delta_ratio=0.2525 base_norm=11.68 canvas_max=7.999 canvas_mean=0.002219 canvas_min=-8 canvas_nonzero_ratio=0.007643 canvas_std=0.3926 final_norm=12.03 residual_alpha=0.5 shape_norm=13.19 source_delta_norm=5.897 source_delta_ratio=0.505
2026-07-30 05:00:06,539 - portable_sam_fusion - INFO - [DEBUG-GATE] epoch=8 step=2200 shape_dense_alpha_max=0.5 shape_dense_alpha_mean=0.5 shape_dense_alpha_min=0.5
2026-07-30 05:00:06,540 - portable_sam_fusion - INFO - [DEBUG-JITTER] epoch=8 step=2200 area_ratio_count=64 area_ratio_mean=1 area_ratio_sum=64 fallback_count=0 mean_iou=1 num_jittered=0 num_rois=64
2026-07-30 05:00:06,540 - portable_sam_fusion - INFO - [DEBUG-SP] epoch=8 step=2200 all_invalid_count=0 all_invalid_ratio=0 empty_count=0 empty_ratio=0 full_count=0 full_ratio=0 mean_point_distance=36.19 n1_gt_valid_count=64 n1_in_gt_bg=0.8281 n1_in_gt_bg_count=53 n1_valid_count=64 n1_valid_ratio=1 n2_gt_valid_count=64 n2_in_gt_bg=0.9688 n2_in_gt_bg_count=62 n2_valid_count=64 n2_valid_ratio=1 neg_in_pred_bg=1 neg_in_pred_bg_count=128 negative_pair_count=64 negative_pair_distance_sum=3212 p1_gt_valid_count=64 p1_in_gt_fg=1 p1_in_gt_fg_count=64 p1_valid_count=64 p1_valid_ratio=1 p2_gt_valid_count=64 p2_in_gt_fg=1 p2_in_gt_fg_count=64 p2_valid_count=64 p2_valid_ratio=1 point_distance_sum=4632 point_overlap_count=0 point_overlap_ratio=0 point_pair_count=128 pos_in_pred_fg=1 pos_in_pred_fg_count=128 positive_pair_count=64 positive_pair_distance_sum=1420 roi_count=64 valid_neg_count=128 valid_pos_count=128 warmup_stage=2
2026-07-30 05:01:27,725 - portable_sam_fusion - INFO - [DEBUG-BOX] epoch=8 step=2250 fallback_count=0 fallback_ratio=0 num_rois=64 refined_proposal_iou=0 refined_proposal_iou_sum=0 refined_valid_count=0
2026-07-30 05:01:27,726 - portable_sam_fusion - INFO - [DEBUG-COARSE] epoch=8 step=2250 bce_raw=0.2323 boundary_fn=4774 boundary_fp=4042 boundary_tp=2.256e+04 dice=0.1056 dice_loss_raw=0.1056 iou=0.8126 loss_weight=0.1 raw_boundary_fn=4774 raw_boundary_fp=4042 raw_boundary_tp=2.256e+04 raw_dice_score=0.8944 raw_iou=0.8126 weighted_loss=0.0338
2026-07-30 05:01:27,726 - portable_sam_fusion - INFO - [DEBUG-CONTEXT] epoch=8 step=2250 enabled=0
2026-07-30 05:01:27,726 - portable_sam_fusion - INFO - [DEBUG-DENSE] epoch=8 step=2250 applied_delta_norm=3.014 applied_delta_ratio=0.2581 base_norm=11.68 canvas_max=8 canvas_mean=0.003555 canvas_min=-8 canvas_nonzero_ratio=0.007129 canvas_std=0.41 final_norm=12 residual_alpha=0.5 shape_norm=13.1 source_delta_norm=6.029 source_delta_ratio=0.5162
2026-07-30 05:01:27,726 - portable_sam_fusion - INFO - [DEBUG-GATE] epoch=8 step=2250 shape_dense_alpha_max=0.5 shape_dense_alpha_mean=0.5 shape_dense_alpha_min=0.5
2026-07-30 05:01:27,726 - portable_sam_fusion - INFO - [DEBUG-JITTER] epoch=8 step=2250 area_ratio_count=64 area_ratio_mean=1 area_ratio_sum=64 fallback_count=0 mean_iou=1 num_jittered=0 num_rois=64
2026-07-30 05:01:27,726 - portable_sam_fusion - INFO - [DEBUG-SP] epoch=8 step=2250 all_invalid_count=0 all_invalid_ratio=0 empty_count=0 empty_ratio=0 full_count=0 full_ratio=0 mean_point_distance=33.21 n1_gt_valid_count=64 n1_in_gt_bg=0.9219 n1_in_gt_bg_count=59 n1_valid_count=64 n1_valid_ratio=1 n2_gt_valid_count=64 n2_in_gt_bg=1 n2_in_gt_bg_count=64 n2_valid_count=64 n2_valid_ratio=1 neg_in_pred_bg=1 neg_in_pred_bg_count=128 negative_pair_count=64 negative_pair_distance_sum=3094 p1_gt_valid_count=64 p1_in_gt_fg=0.9844 p1_in_gt_fg_count=63 p1_valid_count=64 p1_valid_ratio=1 p2_gt_valid_count=64 p2_in_gt_fg=0.9844 p2_in_gt_fg_count=63 p2_valid_count=64 p2_valid_ratio=1 point_distance_sum=4251 point_overlap_count=0 point_overlap_ratio=0 point_pair_count=128 pos_in_pred_fg=1 pos_in_pred_fg_count=128 positive_pair_count=64 positive_pair_distance_sum=1157 roi_count=64 valid_neg_count=128 valid_pos_count=128 warmup_stage=2
2026-07-30 05:02:37,112 - portable_sam_fusion - INFO - [DEBUG-BOX] epoch=8 step=2300 fallback_count=0 fallback_ratio=0 num_rois=64 refined_proposal_iou=0 refined_proposal_iou_sum=0 refined_valid_count=0
2026-07-30 05:02:37,112 - portable_sam_fusion - INFO - [DEBUG-COARSE] epoch=8 step=2300 bce_raw=0.1711 boundary_fn=2820 boundary_fp=2746 boundary_tp=2.274e+04 dice=0.0779 dice_loss_raw=0.0779 iou=0.8584 loss_weight=0.1 raw_boundary_fn=2820 raw_boundary_fp=2746 raw_boundary_tp=2.274e+04 raw_dice_score=0.9221 raw_iou=0.8584 weighted_loss=0.0249
2026-07-30 05:02:37,112 - portable_sam_fusion - INFO - [DEBUG-CONTEXT] epoch=8 step=2300 enabled=0
2026-07-30 05:02:37,112 - portable_sam_fusion - INFO - [DEBUG-DENSE] epoch=8 step=2300 applied_delta_norm=2.553 applied_delta_ratio=0.2186 base_norm=11.68 canvas_max=8 canvas_mean=0.006755 canvas_min=-8 canvas_nonzero_ratio=0.005036 canvas_std=0.361 final_norm=11.91 residual_alpha=0.5 shape_norm=12.71 source_delta_norm=5.106 source_delta_ratio=0.4372
2026-07-30 05:02:37,112 - portable_sam_fusion - INFO - [DEBUG-GATE] epoch=8 step=2300 shape_dense_alpha_max=0.5 shape_dense_alpha_mean=0.5 shape_dense_alpha_min=0.5
2026-07-30 05:02:37,112 - portable_sam_fusion - INFO - [DEBUG-JITTER] epoch=8 step=2300 area_ratio_count=64 area_ratio_mean=1 area_ratio_sum=64 fallback_count=0 mean_iou=1 num_jittered=0 num_rois=64
2026-07-30 05:02:37,112 - portable_sam_fusion - INFO - [DEBUG-SP] epoch=8 step=2300 all_invalid_count=0 all_invalid_ratio=0 empty_count=0 empty_ratio=0 full_count=0 full_ratio=0 mean_point_distance=27.5 n1_gt_valid_count=64 n1_in_gt_bg=0.7812 n1_in_gt_bg_count=50 n1_valid_count=64 n1_valid_ratio=1 n2_gt_valid_count=64 n2_in_gt_bg=1 n2_in_gt_bg_count=64 n2_valid_count=64 n2_valid_ratio=1 neg_in_pred_bg=1 neg_in_pred_bg_count=128 negative_pair_count=64 negative_pair_distance_sum=2774 p1_gt_valid_count=64 p1_in_gt_fg=1 p1_in_gt_fg_count=64 p1_valid_count=64 p1_valid_ratio=1 p2_gt_valid_count=64 p2_in_gt_fg=1 p2_in_gt_fg_count=64 p2_valid_count=64 p2_valid_ratio=1 point_distance_sum=3520 point_overlap_count=0 point_overlap_ratio=0 point_pair_count=128 pos_in_pred_fg=1 pos_in_pred_fg_count=128 positive_pair_count=64 positive_pair_distance_sum=746.2 roi_count=64 valid_neg_count=128 valid_pos_count=128 warmup_stage=2
2026-07-30 05:03:28,677 - portable_sam_fusion - INFO - [DEBUG-BOX] epoch=8 step=2350 fallback_count=0 fallback_ratio=0 num_rois=0 refined_proposal_iou=0 refined_proposal_iou_sum=0 refined_valid_count=0
2026-07-30 05:03:28,677 - portable_sam_fusion - INFO - [DEBUG-COARSE] epoch=8 step=2350 boundary_fn=0 boundary_fp=0 boundary_tp=0 dice=0 iou=0
2026-07-30 05:03:28,677 - portable_sam_fusion - INFO - [DEBUG-CONTEXT] epoch=8 step=2350 enabled=0
2026-07-30 05:03:28,677 - portable_sam_fusion - INFO - [DEBUG-DENSE] epoch=8 step=2350 applied_delta_norm=2.699 applied_delta_ratio=0.2311 base_norm=11.68 canvas_max=8 canvas_mean=-0.001843 canvas_min=-8 canvas_nonzero_ratio=0.006184 canvas_std=0.4029 final_norm=11.94 residual_alpha=0.5 shape_norm=12.85 source_delta_norm=5.398 source_delta_ratio=0.4622
2026-07-30 05:03:28,677 - portable_sam_fusion - INFO - [DEBUG-GATE] epoch=8 step=2350 shape_dense_alpha_max=0.5 shape_dense_alpha_mean=0.5 shape_dense_alpha_min=0.5
2026-07-30 05:03:28,677 - portable_sam_fusion - INFO - [DEBUG-JITTER] epoch=8 step=2350 area_ratio_count=0 area_ratio_mean=0 area_ratio_sum=0 fallback_count=0 mean_iou=0 num_jittered=0 num_rois=0
2026-07-30 05:03:28,677 - portable_sam_fusion - INFO - [DEBUG-SP] epoch=8 step=2350 all_invalid_count=0 all_invalid_ratio=0 empty_count=0 empty_ratio=0 full_count=0 full_ratio=0 mean_point_distance=29.84 n1_gt_valid_count=64 n1_in_gt_bg=0.9531 n1_in_gt_bg_count=61 n1_valid_count=64 n1_valid_ratio=1 n2_gt_valid_count=64 n2_in_gt_bg=1 n2_in_gt_bg_count=64 n2_valid_count=64 n2_valid_ratio=1 neg_in_pred_bg=1 neg_in_pred_bg_count=128 negative_pair_count=64 negative_pair_distance_sum=2852 p1_gt_valid_count=64 p1_in_gt_fg=1 p1_in_gt_fg_count=64 p1_valid_count=64 p1_valid_ratio=1 p2_gt_valid_count=64 p2_in_gt_fg=1 p2_in_gt_fg_count=64 p2_valid_count=64 p2_valid_ratio=1 point_distance_sum=3819 point_overlap_count=0 point_overlap_ratio=0 point_pair_count=128 pos_in_pred_fg=1 pos_in_pred_fg_count=128 positive_pair_count=64 positive_pair_distance_sum=967.3 roi_count=64 valid_neg_count=128 valid_pos_count=128 warmup_stage=2
2026-07-30 05:03:30,673 - portable_sam_fusion - INFO - Epoch 8 detailed losses: loss_rpn_cls=0.0280, loss_rpn_bbox=0.0104, loss_cls=0.2494, acc=89.9838, loss_bbox=0.1138, loss_mask=0.0021, debug_mask_pos_rois=56.7585, debug_mask_logit_mean=-16.1045, debug_mask_logit_std=3.3422, debug_mask_prob_mean=0.0054, debug_mask_prob_ge05=0.0054, debug_mask_target_fill=0.0054, loss_shape_prior=0.0270, schedule/det_weight=1.0000
2026-07-30 05:03:30,673 - portable_sam_fusion - INFO - Epoch 8 dense residual monitor: alpha=0.500000 source_delta_norm=6.4348 applied_delta_norm=3.2174 source_delta_ratio=0.551003 applied_delta_ratio=0.275501
2026-07-30 05:03:30,673 - portable_sam_fusion - INFO - Epoch 8 primary loss shares: det=93.26% final_mask=0.48% shape=6.27% p2_boundary=0.00%
2026-07-30 05:03:30,673 - portable_sam_fusion - INFO - Epoch 8 schedule: det_loss_weight=1.000 early_stop_start=20 min_delta=0.0005
2026-07-30 05:03:30,673 - portable_sam_fusion - INFO - Epoch 8 learning rates: sat_backbone=4.91e-04, mask_decoder=4.91e-04, prompt_encoder=4.91e-04, shape_prior=4.91e-04, quality_head=4.91e-04, sat_other=4.91e-04
2026-07-30 05:07:48,414 - portable_sam_fusion - INFO - Validation samples: GT=15926, DT=21897, avg_masks_per_image=34.92, avg_mask_fill=0.0066
creating index...
index created!
Loading and preparing results...
DONE (t=0.03s)
creating index...
index created!
Running per image evaluation...
Evaluate annotation type *bbox*
DONE (t=11.72s).
Accumulating evaluation results...
DONE (t=0.23s).
 Average Precision  (AP) @[ IoU=0.50:0.95 | area=   all | maxDets=100 ] = 0.642
 Average Precision  (AP) @[ IoU=0.50      | area=   all | maxDets=100 ] = 0.890
 Average Precision  (AP) @[ IoU=0.75      | area=   all | maxDets=100 ] = 0.777
 Average Precision  (AP) @[ IoU=0.50:0.95 | area= small | maxDets=100 ] = 0.244
 Average Precision  (AP) @[ IoU=0.50:0.95 | area=medium | maxDets=100 ] = 0.690
 Average Precision  (AP) @[ IoU=0.50:0.95 | area= large | maxDets=100 ] = 0.700
 Average Recall     (AR) @[ IoU=0.50:0.95 | area=   all | maxDets=  1 ] = 0.024
 Average Recall     (AR) @[ IoU=0.50:0.95 | area=   all | maxDets= 10 ] = 0.176
 Average Recall     (AR) @[ IoU=0.50:0.95 | area=   all | maxDets=100 ] = 0.707
 Average Recall     (AR) @[ IoU=0.50:0.95 | area= small | maxDets=100 ] = 0.422
 Average Recall     (AR) @[ IoU=0.50:0.95 | area=medium | maxDets=100 ] = 0.750
 Average Recall     (AR) @[ IoU=0.50:0.95 | area= large | maxDets=100 ] = 0.765
2026-07-30 05:08:00,589 - portable_sam_fusion - INFO - Validation bbox/mAP: 0.6417 bbox/mAP_75: 0.7768
Running per image evaluation...
Evaluate annotation type *segm*
DONE (t=12.31s).
Accumulating evaluation results...
DONE (t=0.22s).
 Average Precision  (AP) @[ IoU=0.50:0.95 | area=   all | maxDets=100 ] = 0.449
 Average Precision  (AP) @[ IoU=0.50      | area=   all | maxDets=100 ] = 0.846
 Average Precision  (AP) @[ IoU=0.75      | area=   all | maxDets=100 ] = 0.481
 Average Precision  (AP) @[ IoU=0.50:0.95 | area= small | maxDets=100 ] = 0.053
 Average Precision  (AP) @[ IoU=0.50:0.95 | area=medium | maxDets=100 ] = 0.464
 Average Precision  (AP) @[ IoU=0.50:0.95 | area= large | maxDets=100 ] = 0.641
 Average Recall     (AR) @[ IoU=0.50:0.95 | area=   all | maxDets=  1 ] = 0.021
 Average Recall     (AR) @[ IoU=0.50:0.95 | area=   all | maxDets= 10 ] = 0.143
 Average Recall     (AR) @[ IoU=0.50:0.95 | area=   all | maxDets=100 ] = 0.502
 Average Recall     (AR) @[ IoU=0.50:0.95 | area= small | maxDets=100 ] = 0.121
 Average Recall     (AR) @[ IoU=0.50:0.95 | area=medium | maxDets=100 ] = 0.517
 Average Recall     (AR) @[ IoU=0.50:0.95 | area= large | maxDets=100 ] = 0.699
2026-07-30 05:08:13,146 - portable_sam_fusion - INFO - Validation segm/mAP: 0.4486
2026-07-30 05:08:13,718 - portable_sam_fusion - INFO - New best bbox/mAP: 0.6417
2026-07-30 05:08:13,718 - portable_sam_fusion - INFO - New best early-stop metric (segm/mAP): raw=0.4486 smooth(5)=0.4376
2026-07-30 05:08:19,632 - portable_sam_fusion - INFO - Saved best_bbox_model with bbox/mAP: 0.6417
2026-07-30 05:08:25,136 - portable_sam_fusion - INFO - Epoch 8/80 | train=0.430580 val=disabled segm/mAP=0.4486 bbox/mAP=0.6417 | best_segm=0.4595 best_bbox=0.6417 best_comp=0.0000 | sat_backbone=4.91e-04 mask_decoder=4.91e-04 prompt_encoder=4.91e-04 shape_prior=4.91e-04 quality_head=4.91e-04 sat_other=4.91e-04
2026-07-30 05:09:26,025 - portable_sam_fusion - INFO - epoch 9 | mini-batch 32/294 | optimizer_step 600/5920 | lr=4.910e-04
2026-07-30 05:09:54,941 - portable_sam_fusion - INFO - [DEBUG-BOX] epoch=9 step=2400 fallback_count=0 fallback_ratio=0 num_rois=64 refined_proposal_iou=0 refined_proposal_iou_sum=0 refined_valid_count=0
2026-07-30 05:09:54,941 - portable_sam_fusion - INFO - [DEBUG-COARSE] epoch=9 step=2400 bce_raw=0.2345 boundary_fn=4386 boundary_fp=5807 boundary_tp=2.218e+04 dice=0.1343 dice_loss_raw=0.1343 iou=0.7765 loss_weight=0.1 raw_boundary_fn=4386 raw_boundary_fp=5807 raw_boundary_tp=2.218e+04 raw_dice_score=0.8657 raw_iou=0.7765 weighted_loss=0.03688
2026-07-30 05:09:54,941 - portable_sam_fusion - INFO - [DEBUG-CONTEXT] epoch=9 step=2400 enabled=0
2026-07-30 05:09:54,941 - portable_sam_fusion - INFO - [DEBUG-DENSE] epoch=9 step=2400 applied_delta_norm=4.191 applied_delta_ratio=0.3589 base_norm=11.68 canvas_max=8 canvas_mean=-0.004935 canvas_min=-8 canvas_nonzero_ratio=0.01699 canvas_std=0.5762 final_norm=12.46 residual_alpha=0.5 shape_norm=14.73 source_delta_norm=8.382 source_delta_ratio=0.7178
2026-07-30 05:09:54,941 - portable_sam_fusion - INFO - [DEBUG-GATE] epoch=9 step=2400 shape_dense_alpha_max=0.5 shape_dense_alpha_mean=0.5 shape_dense_alpha_min=0.5
2026-07-30 05:09:54,941 - portable_sam_fusion - INFO - [DEBUG-JITTER] epoch=9 step=2400 area_ratio_count=64 area_ratio_mean=1 area_ratio_sum=64 fallback_count=0 mean_iou=1 num_jittered=0 num_rois=64
2026-07-30 05:09:54,941 - portable_sam_fusion - INFO - [DEBUG-SP] epoch=9 step=2400 all_invalid_count=0 all_invalid_ratio=0 empty_count=0 empty_ratio=0 full_count=0 full_ratio=0 mean_point_distance=44.4 n1_gt_valid_count=64 n1_in_gt_bg=0.9531 n1_in_gt_bg_count=61 n1_valid_count=64 n1_valid_ratio=1 n2_gt_valid_count=64 n2_in_gt_bg=1 n2_in_gt_bg_count=64 n2_valid_count=64 n2_valid_ratio=1 neg_in_pred_bg=1 neg_in_pred_bg_count=128 negative_pair_count=64 negative_pair_distance_sum=4035 p1_gt_valid_count=64 p1_in_gt_fg=0.9688 p1_in_gt_fg_count=62 p1_valid_count=64 p1_valid_ratio=1 p2_gt_valid_count=64 p2_in_gt_fg=0.9688 p2_in_gt_fg_count=62 p2_valid_count=64 p2_valid_ratio=1 point_distance_sum=5683 point_overlap_count=0 point_overlap_ratio=0 point_pair_count=128 pos_in_pred_fg=1 pos_in_pred_fg_count=128 positive_pair_count=64 positive_pair_distance_sum=1648 roi_count=64 valid_neg_count=128 valid_pos_count=128 warmup_stage=2
2026-07-30 05:11:22,717 - portable_sam_fusion - INFO - [DEBUG-BOX] epoch=9 step=2450 fallback_count=0 fallback_ratio=0 num_rois=64 refined_proposal_iou=0 refined_proposal_iou_sum=0 refined_valid_count=0
2026-07-30 05:11:22,717 - portable_sam_fusion - INFO - [DEBUG-COARSE] epoch=9 step=2450 bce_raw=0.2455 boundary_fn=3633 boundary_fp=4873 boundary_tp=2.402e+04 dice=0.1274 dice_loss_raw=0.1274 iou=0.7826 loss_weight=0.1 raw_boundary_fn=3633 raw_boundary_fp=4873 raw_boundary_tp=2.402e+04 raw_dice_score=0.8726 raw_iou=0.7826 weighted_loss=0.03728
2026-07-30 05:11:22,717 - portable_sam_fusion - INFO - [DEBUG-CONTEXT] epoch=9 step=2450 enabled=0
2026-07-30 05:11:22,717 - portable_sam_fusion - INFO - [DEBUG-DENSE] epoch=9 step=2450 applied_delta_norm=3.276 applied_delta_ratio=0.2805 base_norm=11.68 canvas_max=8 canvas_mean=-0.002277 canvas_min=-8 canvas_nonzero_ratio=0.009132 canvas_std=0.4907 final_norm=12.08 residual_alpha=0.5 shape_norm=13.39 source_delta_norm=6.552 source_delta_ratio=0.561
2026-07-30 05:11:22,717 - portable_sam_fusion - INFO - [DEBUG-GATE] epoch=9 step=2450 shape_dense_alpha_max=0.5 shape_dense_alpha_mean=0.5 shape_dense_alpha_min=0.5
2026-07-30 05:11:22,717 - portable_sam_fusion - INFO - [DEBUG-JITTER] epoch=9 step=2450 area_ratio_count=64 area_ratio_mean=1 area_ratio_sum=64 fallback_count=0 mean_iou=1 num_jittered=0 num_rois=64
2026-07-30 05:11:22,717 - portable_sam_fusion - INFO - [DEBUG-SP] epoch=9 step=2450 all_invalid_count=0 all_invalid_ratio=0 empty_count=0 empty_ratio=0 full_count=0 full_ratio=0 mean_point_distance=36.81 n1_gt_valid_count=64 n1_in_gt_bg=0.9531 n1_in_gt_bg_count=61 n1_valid_count=64 n1_valid_ratio=1 n2_gt_valid_count=64 n2_in_gt_bg=1 n2_in_gt_bg_count=64 n2_valid_count=64 n2_valid_ratio=1 neg_in_pred_bg=1 neg_in_pred_bg_count=128 negative_pair_count=64 negative_pair_distance_sum=3534 p1_gt_valid_count=64 p1_in_gt_fg=0.9531 p1_in_gt_fg_count=61 p1_valid_count=64 p1_valid_ratio=1 p2_gt_valid_count=64 p2_in_gt_fg=1 p2_in_gt_fg_count=64 p2_valid_count=64 p2_valid_ratio=1 point_distance_sum=4711 point_overlap_count=0 point_overlap_ratio=0 point_pair_count=128 pos_in_pred_fg=1 pos_in_pred_fg_count=128 positive_pair_count=64 positive_pair_distance_sum=1177 roi_count=64 valid_neg_count=128 valid_pos_count=128 warmup_stage=2
2026-07-30 05:12:35,197 - portable_sam_fusion - INFO - [DEBUG-BOX] epoch=9 step=2500 fallback_count=0 fallback_ratio=0 num_rois=0 refined_proposal_iou=0 refined_proposal_iou_sum=0 refined_valid_count=0
2026-07-30 05:12:35,197 - portable_sam_fusion - INFO - [DEBUG-COARSE] epoch=9 step=2500 boundary_fn=0 boundary_fp=0 boundary_tp=0 dice=0 iou=0
2026-07-30 05:12:35,197 - portable_sam_fusion - INFO - [DEBUG-CONTEXT] epoch=9 step=2500 enabled=0
2026-07-30 05:12:35,197 - portable_sam_fusion - INFO - [DEBUG-DENSE] epoch=9 step=2500 applied_delta_norm=2.704 applied_delta_ratio=0.2315 base_norm=11.68 canvas_max=8 canvas_mean=0.005373 canvas_min=-8 canvas_nonzero_ratio=0.006126 canvas_std=0.3865 final_norm=11.96 residual_alpha=0.5 shape_norm=12.91 source_delta_norm=5.407 source_delta_ratio=0.463
2026-07-30 05:12:35,197 - portable_sam_fusion - INFO - [DEBUG-GATE] epoch=9 step=2500 shape_dense_alpha_max=0.5 shape_dense_alpha_mean=0.5 shape_dense_alpha_min=0.5
2026-07-30 05:12:35,197 - portable_sam_fusion - INFO - [DEBUG-JITTER] epoch=9 step=2500 area_ratio_count=0 area_ratio_mean=0 area_ratio_sum=0 fallback_count=0 mean_iou=0 num_jittered=0 num_rois=0
2026-07-30 05:12:35,197 - portable_sam_fusion - INFO - [DEBUG-SP] epoch=9 step=2500 all_invalid_count=0 all_invalid_ratio=0 empty_count=0 empty_ratio=0 full_count=0 full_ratio=0 mean_point_distance=28.36 n1_gt_valid_count=64 n1_in_gt_bg=0.8594 n1_in_gt_bg_count=55 n1_valid_count=64 n1_valid_ratio=1 n2_gt_valid_count=64 n2_in_gt_bg=1 n2_in_gt_bg_count=64 n2_valid_count=64 n2_valid_ratio=1 neg_in_pred_bg=1 neg_in_pred_bg_count=128 negative_pair_count=64 negative_pair_distance_sum=2760 p1_gt_valid_count=64 p1_in_gt_fg=1 p1_in_gt_fg_count=64 p1_valid_count=64 p1_valid_ratio=1 p2_gt_valid_count=64 p2_in_gt_fg=1 p2_in_gt_fg_count=64 p2_valid_count=64 p2_valid_ratio=1 point_distance_sum=3631 point_overlap_count=0 point_overlap_ratio=0 point_pair_count=128 pos_in_pred_fg=1 pos_in_pred_fg_count=128 positive_pair_count=64 positive_pair_distance_sum=871 roi_count=64 valid_neg_count=128 valid_pos_count=128 warmup_stage=2
2026-07-30 05:13:47,853 - portable_sam_fusion - INFO - [DEBUG-BOX] epoch=9 step=2550 fallback_count=0 fallback_ratio=0 num_rois=0 refined_proposal_iou=0 refined_proposal_iou_sum=0 refined_valid_count=0
2026-07-30 05:13:47,853 - portable_sam_fusion - INFO - [DEBUG-COARSE] epoch=9 step=2550 boundary_fn=0 boundary_fp=0 boundary_tp=0 dice=0 iou=0
2026-07-30 05:13:47,854 - portable_sam_fusion - INFO - [DEBUG-CONTEXT] epoch=9 step=2550 enabled=0
2026-07-30 05:13:47,854 - portable_sam_fusion - INFO - [DEBUG-DENSE] epoch=9 step=2550 applied_delta_norm=2.672 applied_delta_ratio=0.2288 base_norm=11.68 canvas_max=8 canvas_mean=0.007253 canvas_min=-8 canvas_nonzero_ratio=0.005943 canvas_std=0.4082 final_norm=11.95 residual_alpha=0.5 shape_norm=12.88 source_delta_norm=5.343 source_delta_ratio=0.4576
2026-07-30 05:13:47,854 - portable_sam_fusion - INFO - [DEBUG-GATE] epoch=9 step=2550 shape_dense_alpha_max=0.5 shape_dense_alpha_mean=0.5 shape_dense_alpha_min=0.5
2026-07-30 05:13:47,854 - portable_sam_fusion - INFO - [DEBUG-JITTER] epoch=9 step=2550 area_ratio_count=0 area_ratio_mean=0 area_ratio_sum=0 fallback_count=0 mean_iou=0 num_jittered=0 num_rois=0
2026-07-30 05:13:47,854 - portable_sam_fusion - INFO - [DEBUG-SP] epoch=9 step=2550 all_invalid_count=0 all_invalid_ratio=0 empty_count=0 empty_ratio=0 full_count=0 full_ratio=0 mean_point_distance=29.92 n1_gt_valid_count=64 n1_in_gt_bg=0.8438 n1_in_gt_bg_count=54 n1_valid_count=64 n1_valid_ratio=1 n2_gt_valid_count=64 n2_in_gt_bg=1 n2_in_gt_bg_count=64 n2_valid_count=64 n2_valid_ratio=1 neg_in_pred_bg=1 neg_in_pred_bg_count=128 negative_pair_count=64 negative_pair_distance_sum=2984 p1_gt_valid_count=64 p1_in_gt_fg=1 p1_in_gt_fg_count=64 p1_valid_count=64 p1_valid_ratio=1 p2_gt_valid_count=64 p2_in_gt_fg=1 p2_in_gt_fg_count=64 p2_valid_count=64 p2_valid_ratio=1 point_distance_sum=3830 point_overlap_count=0 point_overlap_ratio=0 point_pair_count=128 pos_in_pred_fg=1 pos_in_pred_fg_count=128 positive_pair_count=64 positive_pair_distance_sum=845.9 roi_count=64 valid_neg_count=128 valid_pos_count=128 warmup_stage=2
2026-07-30 05:14:33,677 - portable_sam_fusion - INFO - epoch 9 | mini-batch 232/294 | optimizer_step 650/5920 | lr=4.891e-04
2026-07-30 05:14:58,861 - portable_sam_fusion - INFO - [DEBUG-BOX] epoch=9 step=2600 fallback_count=0 fallback_ratio=0 num_rois=64 refined_proposal_iou=0 refined_proposal_iou_sum=0 refined_valid_count=0
2026-07-30 05:14:58,861 - portable_sam_fusion - INFO - [DEBUG-COARSE] epoch=9 step=2600 bce_raw=0.1556 boundary_fn=2739 boundary_fp=2306 boundary_tp=2.497e+04 dice=0.09543 dice_loss_raw=0.09543 iou=0.8279 loss_weight=0.1 raw_boundary_fn=2739 raw_boundary_fp=2306 raw_boundary_tp=2.497e+04 raw_dice_score=0.9046 raw_iou=0.8279 weighted_loss=0.0251
2026-07-30 05:14:58,861 - portable_sam_fusion - INFO - [DEBUG-CONTEXT] epoch=9 step=2600 enabled=0
2026-07-30 05:14:58,861 - portable_sam_fusion - INFO - [DEBUG-DENSE] epoch=9 step=2600 applied_delta_norm=3.585 applied_delta_ratio=0.307 base_norm=11.68 canvas_max=8 canvas_mean=-0.009092 canvas_min=-8 canvas_nonzero_ratio=0.01151 canvas_std=0.5296 final_norm=12.2 residual_alpha=0.5 shape_norm=13.79 source_delta_norm=7.17 source_delta_ratio=0.6139
2026-07-30 05:14:58,861 - portable_sam_fusion - INFO - [DEBUG-GATE] epoch=9 step=2600 shape_dense_alpha_max=0.5 shape_dense_alpha_mean=0.5 shape_dense_alpha_min=0.5
2026-07-30 05:14:58,861 - portable_sam_fusion - INFO - [DEBUG-JITTER] epoch=9 step=2600 area_ratio_count=64 area_ratio_mean=1 area_ratio_sum=64 fallback_count=0 mean_iou=1 num_jittered=0 num_rois=64
2026-07-30 05:14:58,861 - portable_sam_fusion - INFO - [DEBUG-SP] epoch=9 step=2600 all_invalid_count=0 all_invalid_ratio=0 empty_count=0 empty_ratio=0 full_count=0 full_ratio=0 mean_point_distance=40.65 n1_gt_valid_count=64 n1_in_gt_bg=0.9062 n1_in_gt_bg_count=58 n1_valid_count=64 n1_valid_ratio=1 n2_gt_valid_count=64 n2_in_gt_bg=1 n2_in_gt_bg_count=64 n2_valid_count=64 n2_valid_ratio=1 neg_in_pred_bg=1 neg_in_pred_bg_count=128 negative_pair_count=64 negative_pair_distance_sum=3805 p1_gt_valid_count=64 p1_in_gt_fg=1 p1_in_gt_fg_count=64 p1_valid_count=64 p1_valid_ratio=1 p2_gt_valid_count=64 p2_in_gt_fg=1 p2_in_gt_fg_count=64 p2_valid_count=64 p2_valid_ratio=1 point_distance_sum=5203 point_overlap_count=0 point_overlap_ratio=0 point_pair_count=128 pos_in_pred_fg=1 pos_in_pred_fg_count=128 positive_pair_count=64 positive_pair_distance_sum=1398 roi_count=64 valid_neg_count=128 valid_pos_count=128 warmup_stage=2
2026-07-30 05:15:48,098 - portable_sam_fusion - INFO - Epoch 9 detailed losses: loss_rpn_cls=0.0252, loss_rpn_bbox=0.0098, loss_cls=0.2384, acc=90.2322, loss_bbox=0.1130, loss_mask=0.0017, debug_mask_pos_rois=54.2551, debug_mask_logit_mean=-15.2601, debug_mask_logit_std=3.0631, debug_mask_prob_mean=0.0048, debug_mask_prob_ge05=0.0047, debug_mask_target_fill=0.0048, loss_shape_prior=0.0253, schedule/det_weight=1.0000
2026-07-30 05:15:48,099 - portable_sam_fusion - INFO - Epoch 9 dense residual monitor: alpha=0.500000 source_delta_norm=6.7098 applied_delta_norm=3.3549 source_delta_ratio=0.574547 applied_delta_ratio=0.287274
2026-07-30 05:15:48,099 - portable_sam_fusion - INFO - Epoch 9 primary loss shares: det=93.46% final_mask=0.42% shape=6.12% p2_boundary=0.00%
2026-07-30 05:15:48,099 - portable_sam_fusion - INFO - Epoch 9 schedule: det_loss_weight=1.000 early_stop_start=20 min_delta=0.0005
2026-07-30 05:15:48,099 - portable_sam_fusion - INFO - Epoch 9 learning rates: sat_backbone=4.88e-04, mask_decoder=4.88e-04, prompt_encoder=4.88e-04, shape_prior=4.88e-04, quality_head=4.88e-04, sat_other=4.88e-04
2026-07-30 05:19:11,059 - portable_sam_fusion - INFO - Validation samples: GT=15926, DT=19745, avg_masks_per_image=31.49, avg_mask_fill=0.0062
creating index...
index created!
Loading and preparing results...
DONE (t=0.03s)
creating index...
index created!
Running per image evaluation...
Evaluate annotation type *bbox*
DONE (t=11.21s).
Accumulating evaluation results...
DONE (t=0.20s).
 Average Precision  (AP) @[ IoU=0.50:0.95 | area=   all | maxDets=100 ] = 0.629
 Average Precision  (AP) @[ IoU=0.50      | area=   all | maxDets=100 ] = 0.891
 Average Precision  (AP) @[ IoU=0.75      | area=   all | maxDets=100 ] = 0.778
 Average Precision  (AP) @[ IoU=0.50:0.95 | area= small | maxDets=100 ] = 0.276
 Average Precision  (AP) @[ IoU=0.50:0.95 | area=medium | maxDets=100 ] = 0.671
 Average Precision  (AP) @[ IoU=0.50:0.95 | area= large | maxDets=100 ] = 0.696
 Average Recall     (AR) @[ IoU=0.50:0.95 | area=   all | maxDets=  1 ] = 0.024
 Average Recall     (AR) @[ IoU=0.50:0.95 | area=   all | maxDets= 10 ] = 0.174
 Average Recall     (AR) @[ IoU=0.50:0.95 | area=   all | maxDets=100 ] = 0.683
 Average Recall     (AR) @[ IoU=0.50:0.95 | area= small | maxDets=100 ] = 0.405
 Average Recall     (AR) @[ IoU=0.50:0.95 | area=medium | maxDets=100 ] = 0.719
 Average Recall     (AR) @[ IoU=0.50:0.95 | area= large | maxDets=100 ] = 0.759
2026-07-30 05:19:23,207 - portable_sam_fusion - INFO - Validation bbox/mAP: 0.6293 bbox/mAP_75: 0.7778
Running per image evaluation...
Evaluate annotation type *segm*
DONE (t=11.79s).
Accumulating evaluation results...
DONE (t=0.19s).
 Average Precision  (AP) @[ IoU=0.50:0.95 | area=   all | maxDets=100 ] = 0.445
 Average Precision  (AP) @[ IoU=0.50      | area=   all | maxDets=100 ] = 0.844
 Average Precision  (AP) @[ IoU=0.75      | area=   all | maxDets=100 ] = 0.478
 Average Precision  (AP) @[ IoU=0.50:0.95 | area= small | maxDets=100 ] = 0.056
 Average Precision  (AP) @[ IoU=0.50:0.95 | area=medium | maxDets=100 ] = 0.461
 Average Precision  (AP) @[ IoU=0.50:0.95 | area= large | maxDets=100 ] = 0.629
 Average Recall     (AR) @[ IoU=0.50:0.95 | area=   all | maxDets=  1 ] = 0.021
 Average Recall     (AR) @[ IoU=0.50:0.95 | area=   all | maxDets= 10 ] = 0.142
 Average Recall     (AR) @[ IoU=0.50:0.95 | area=   all | maxDets=100 ] = 0.487
 Average Recall     (AR) @[ IoU=0.50:0.95 | area= small | maxDets=100 ] = 0.104
 Average Recall     (AR) @[ IoU=0.50:0.95 | area=medium | maxDets=100 ] = 0.500
 Average Recall     (AR) @[ IoU=0.50:0.95 | area= large | maxDets=100 ] = 0.689
2026-07-30 05:19:35,215 - portable_sam_fusion - INFO - Validation segm/mAP: 0.4449
2026-07-30 05:19:35,791 - portable_sam_fusion - INFO - Early-stop metric (segm/mAP): raw=0.4449 smooth(5)=0.4368; counter disabled before epoch 20
2026-07-30 05:19:40,950 - portable_sam_fusion - INFO - Epoch 9/80 | train=0.413490 val=disabled segm/mAP=0.4449 bbox/mAP=0.6293 | best_segm=0.4595 best_bbox=0.6417 best_comp=0.0000 | sat_backbone=4.88e-04 mask_decoder=4.88e-04 prompt_encoder=4.88e-04 shape_prior=4.88e-04 quality_head=4.88e-04 sat_other=4.88e-04
2026-07-30 05:19:48,162 - portable_sam_fusion - INFO - [DEBUG-BOX] epoch=10 step=2650 fallback_count=0 fallback_ratio=0 num_rois=64 refined_proposal_iou=0 refined_proposal_iou_sum=0 refined_valid_count=0
2026-07-30 05:19:48,163 - portable_sam_fusion - INFO - [DEBUG-COARSE] epoch=10 step=2650 bce_raw=0.1604 boundary_fn=2953 boundary_fp=2548 boundary_tp=2.286e+04 dice=0.07705 dice_loss_raw=0.07705 iou=0.8589 loss_weight=0.1 raw_boundary_fn=2953 raw_boundary_fp=2548 raw_boundary_tp=2.286e+04 raw_dice_score=0.923 raw_iou=0.8589 weighted_loss=0.02375
2026-07-30 05:19:48,163 - portable_sam_fusion - INFO - [DEBUG-CONTEXT] epoch=10 step=2650 enabled=0
2026-07-30 05:19:48,163 - portable_sam_fusion - INFO - [DEBUG-DENSE] epoch=10 step=2650 applied_delta_norm=3.031 applied_delta_ratio=0.2595 base_norm=11.68 canvas_max=8 canvas_mean=0.006935 canvas_min=-8 canvas_nonzero_ratio=0.007268 canvas_std=0.4522 final_norm=12.03 residual_alpha=0.5 shape_norm=13.18 source_delta_norm=6.062 source_delta_ratio=0.5191
2026-07-30 05:19:48,163 - portable_sam_fusion - INFO - [DEBUG-GATE] epoch=10 step=2650 shape_dense_alpha_max=0.5 shape_dense_alpha_mean=0.5 shape_dense_alpha_min=0.5
2026-07-30 05:19:48,163 - portable_sam_fusion - INFO - [DEBUG-JITTER] epoch=10 step=2650 area_ratio_count=64 area_ratio_mean=1 area_ratio_sum=64 fallback_count=0 mean_iou=1 num_jittered=0 num_rois=64
2026-07-30 05:19:48,163 - portable_sam_fusion - INFO - [DEBUG-SP] epoch=10 step=2650 all_invalid_count=0 all_invalid_ratio=0 empty_count=0 empty_ratio=0 full_count=0 full_ratio=0 mean_point_distance=26.65 n1_gt_valid_count=64 n1_in_gt_bg=0.9219 n1_in_gt_bg_count=59 n1_valid_count=64 n1_valid_ratio=1 n2_gt_valid_count=64 n2_in_gt_bg=1 n2_in_gt_bg_count=64 n2_valid_count=64 n2_valid_ratio=1 neg_in_pred_bg=1 neg_in_pred_bg_count=128 negative_pair_count=64 negative_pair_distance_sum=2451 p1_gt_valid_count=64 p1_in_gt_fg=1 p1_in_gt_fg_count=64 p1_valid_count=64 p1_valid_ratio=1 p2_gt_valid_count=64 p2_in_gt_fg=1 p2_in_gt_fg_count=64 p2_valid_count=64 p2_valid_ratio=1 point_distance_sum=3411 point_overlap_count=0 point_overlap_ratio=0 point_pair_count=128 pos_in_pred_fg=1 pos_in_pred_fg_count=128 positive_pair_count=64 positive_pair_distance_sum=959.8 roi_count=64 valid_neg_count=128 valid_pos_count=128 warmup_stage=2
2026-07-30 05:20:56,553 - portable_sam_fusion - INFO - [DEBUG-BOX] epoch=10 step=2700 fallback_count=0 fallback_ratio=0 num_rois=64 refined_proposal_iou=0 refined_proposal_iou_sum=0 refined_valid_count=0
2026-07-30 05:20:56,554 - portable_sam_fusion - INFO - [DEBUG-COARSE] epoch=10 step=2700 bce_raw=0.1793 boundary_fn=3521 boundary_fp=3487 boundary_tp=2.293e+04 dice=0.08603 dice_loss_raw=0.08603 iou=0.8429 loss_weight=0.1 raw_boundary_fn=3521 raw_boundary_fp=3487 raw_boundary_tp=2.293e+04 raw_dice_score=0.914 raw_iou=0.8429 weighted_loss=0.02654
2026-07-30 05:20:56,554 - portable_sam_fusion - INFO - [DEBUG-CONTEXT] epoch=10 step=2700 enabled=0
2026-07-30 05:20:56,554 - portable_sam_fusion - INFO - [DEBUG-DENSE] epoch=10 step=2700 applied_delta_norm=2.482 applied_delta_ratio=0.2125 base_norm=11.68 canvas_max=8 canvas_mean=0.005345 canvas_min=-8 canvas_nonzero_ratio=0.005066 canvas_std=0.3642 final_norm=11.91 residual_alpha=0.5 shape_norm=12.71 source_delta_norm=4.964 source_delta_ratio=0.425
2026-07-30 05:20:56,554 - portable_sam_fusion - INFO - [DEBUG-GATE] epoch=10 step=2700 shape_dense_alpha_max=0.5 shape_dense_alpha_mean=0.5 shape_dense_alpha_min=0.5
2026-07-30 05:20:56,554 - portable_sam_fusion - INFO - [DEBUG-JITTER] epoch=10 step=2700 area_ratio_count=64 area_ratio_mean=1 area_ratio_sum=64 fallback_count=0 mean_iou=1 num_jittered=0 num_rois=64
2026-07-30 05:20:56,554 - portable_sam_fusion - INFO - [DEBUG-SP] epoch=10 step=2700 all_invalid_count=0 all_invalid_ratio=0 empty_count=0 empty_ratio=0 full_count=0 full_ratio=0 mean_point_distance=27.36 n1_gt_valid_count=64 n1_in_gt_bg=0.7031 n1_in_gt_bg_count=45 n1_valid_count=64 n1_valid_ratio=1 n2_gt_valid_count=64 n2_in_gt_bg=1 n2_in_gt_bg_count=64 n2_valid_count=64 n2_valid_ratio=1 neg_in_pred_bg=1 neg_in_pred_bg_count=128 negative_pair_count=64 negative_pair_distance_sum=2636 p1_gt_valid_count=64 p1_in_gt_fg=1 p1_in_gt_fg_count=64 p1_valid_count=64 p1_valid_ratio=1 p2_gt_valid_count=64 p2_in_gt_fg=1 p2_in_gt_fg_count=64 p2_valid_count=64 p2_valid_ratio=1 point_distance_sum=3502 point_overlap_count=0 point_overlap_ratio=0 point_pair_count=128 pos_in_pred_fg=1 pos_in_pred_fg_count=128 positive_pair_count=64 positive_pair_distance_sum=866.5 roi_count=64 valid_neg_count=128 valid_pos_count=128 warmup_stage=2
2026-07-30 05:22:00,017 - portable_sam_fusion - INFO - [DEBUG-BOX] epoch=10 step=2750 fallback_count=0 fallback_ratio=0 num_rois=64 refined_proposal_iou=0 refined_proposal_iou_sum=0 refined_valid_count=0
2026-07-30 05:22:00,017 - portable_sam_fusion - INFO - [DEBUG-COARSE] epoch=10 step=2750 bce_raw=0.1732 boundary_fn=3026 boundary_fp=2917 boundary_tp=2.488e+04 dice=0.09505 dice_loss_raw=0.09505 iou=0.8299 loss_weight=0.1 raw_boundary_fn=3026 raw_boundary_fp=2917 raw_boundary_tp=2.488e+04 raw_dice_score=0.9049 raw_iou=0.8299 weighted_loss=0.02683
2026-07-30 05:22:00,017 - portable_sam_fusion - INFO - [DEBUG-CONTEXT] epoch=10 step=2750 enabled=0
2026-07-30 05:22:00,017 - portable_sam_fusion - INFO - [DEBUG-DENSE] epoch=10 step=2750 applied_delta_norm=2.627 applied_delta_ratio=0.2249 base_norm=11.68 canvas_max=8 canvas_mean=-0.001063 canvas_min=-8 canvas_nonzero_ratio=0.006166 canvas_std=0.4383 final_norm=11.94 residual_alpha=0.5 shape_norm=12.83 source_delta_norm=5.254 source_delta_ratio=0.4499
2026-07-30 05:22:00,017 - portable_sam_fusion - INFO - [DEBUG-GATE] epoch=10 step=2750 shape_dense_alpha_max=0.5 shape_dense_alpha_mean=0.5 shape_dense_alpha_min=0.5
2026-07-30 05:22:00,017 - portable_sam_fusion - INFO - [DEBUG-JITTER] epoch=10 step=2750 area_ratio_count=64 area_ratio_mean=1 area_ratio_sum=64 fallback_count=0 mean_iou=1 num_jittered=0 num_rois=64
2026-07-30 05:22:00,017 - portable_sam_fusion - INFO - [DEBUG-SP] epoch=10 step=2750 all_invalid_count=0 all_invalid_ratio=0 empty_count=0 empty_ratio=0 full_count=0 full_ratio=0 mean_point_distance=29.36 n1_gt_valid_count=64 n1_in_gt_bg=0.9531 n1_in_gt_bg_count=61 n1_valid_count=64 n1_valid_ratio=1 n2_gt_valid_count=64 n2_in_gt_bg=1 n2_in_gt_bg_count=64 n2_valid_count=64 n2_valid_ratio=1 neg_in_pred_bg=1 neg_in_pred_bg_count=128 negative_pair_count=64 negative_pair_distance_sum=2736 p1_gt_valid_count=64 p1_in_gt_fg=0.9844 p1_in_gt_fg_count=63 p1_valid_count=64 p1_valid_ratio=1 p2_gt_valid_count=64 p2_in_gt_fg=1 p2_in_gt_fg_count=64 p2_valid_count=64 p2_valid_ratio=1 point_distance_sum=3758 point_overlap_count=0 point_overlap_ratio=0 point_pair_count=128 pos_in_pred_fg=1 pos_in_pred_fg_count=128 positive_pair_count=64 positive_pair_distance_sum=1022 roi_count=64 valid_neg_count=128 valid_pos_count=128 warmup_stage=2
2026-07-30 05:22:44,371 - portable_sam_fusion - INFO - epoch 10 | mini-batch 136/294 | optimizer_step 700/5920 | lr=4.870e-04
2026-07-30 05:23:10,464 - portable_sam_fusion - INFO - [DEBUG-BOX] epoch=10 step=2800 fallback_count=0 fallback_ratio=0 num_rois=64 refined_proposal_iou=0 refined_proposal_iou_sum=0 refined_valid_count=0
2026-07-30 05:23:10,465 - portable_sam_fusion - INFO - [DEBUG-COARSE] epoch=10 step=2800 bce_raw=0.2186 boundary_fn=3698 boundary_fp=3778 boundary_tp=2.294e+04 dice=0.1018 dice_loss_raw=0.1018 iou=0.8189 loss_weight=0.1 raw_boundary_fn=3698 raw_boundary_fp=3778 raw_boundary_tp=2.294e+04 raw_dice_score=0.8982 raw_iou=0.8189 weighted_loss=0.03204
2026-07-30 05:23:10,465 - portable_sam_fusion - INFO - [DEBUG-CONTEXT] epoch=10 step=2800 enabled=0
2026-07-30 05:23:10,465 - portable_sam_fusion - INFO - [DEBUG-DENSE] epoch=10 step=2800 applied_delta_norm=3.595 applied_delta_ratio=0.3078 base_norm=11.68 canvas_max=8 canvas_mean=-0.0123 canvas_min=-8 canvas_nonzero_ratio=0.0149 canvas_std=0.6507 final_norm=12.34 residual_alpha=0.5 shape_norm=14.11 source_delta_norm=7.19 source_delta_ratio=0.6157
2026-07-30 05:23:10,465 - portable_sam_fusion - INFO - [DEBUG-GATE] epoch=10 step=2800 shape_dense_alpha_max=0.5 shape_dense_alpha_mean=0.5 shape_dense_alpha_min=0.5
2026-07-30 05:23:10,465 - portable_sam_fusion - INFO - [DEBUG-JITTER] epoch=10 step=2800 area_ratio_count=64 area_ratio_mean=1 area_ratio_sum=64 fallback_count=0 mean_iou=1 num_jittered=0 num_rois=64
2026-07-30 05:23:10,465 - portable_sam_fusion - INFO - [DEBUG-SP] epoch=10 step=2800 all_invalid_count=0 all_invalid_ratio=0 empty_count=0 empty_ratio=0 full_count=0 full_ratio=0 mean_point_distance=38.69 n1_gt_valid_count=64 n1_in_gt_bg=0.9219 n1_in_gt_bg_count=59 n1_valid_count=64 n1_valid_ratio=1 n2_gt_valid_count=64 n2_in_gt_bg=0.9844 n2_in_gt_bg_count=63 n2_valid_count=64 n2_valid_ratio=1 neg_in_pred_bg=1 neg_in_pred_bg_count=128 negative_pair_count=64 negative_pair_distance_sum=3695 p1_gt_valid_count=64 p1_in_gt_fg=1 p1_in_gt_fg_count=64 p1_valid_count=64 p1_valid_ratio=1 p2_gt_valid_count=64 p2_in_gt_fg=0.9844 p2_in_gt_fg_count=63 p2_valid_count=64 p2_valid_ratio=1 point_distance_sum=4952 point_overlap_count=0 point_overlap_ratio=0 point_pair_count=128 pos_in_pred_fg=1 pos_in_pred_fg_count=128 positive_pair_count=64 positive_pair_distance_sum=1258 roi_count=64 valid_neg_count=128 valid_pos_count=128 warmup_stage=2
2026-07-30 05:24:18,503 - portable_sam_fusion - INFO - [DEBUG-BOX] epoch=10 step=2850 fallback_count=0 fallback_ratio=0 num_rois=64 refined_proposal_iou=0 refined_proposal_iou_sum=0 refined_valid_count=0
2026-07-30 05:24:18,504 - portable_sam_fusion - INFO - [DEBUG-COARSE] epoch=10 step=2850 bce_raw=0.2116 boundary_fn=5390 boundary_fp=3876 boundary_tp=2.124e+04 dice=0.1213 dice_loss_raw=0.1213 iou=0.7872 loss_weight=0.1 raw_boundary_fn=5390 raw_boundary_fp=3876 raw_boundary_tp=2.124e+04 raw_dice_score=0.8787 raw_iou=0.7872 weighted_loss=0.03329
2026-07-30 05:24:18,504 - portable_sam_fusion - INFO - [DEBUG-CONTEXT] epoch=10 step=2850 enabled=0
2026-07-30 05:24:18,504 - portable_sam_fusion - INFO - [DEBUG-DENSE] epoch=10 step=2850 applied_delta_norm=2.667 applied_delta_ratio=0.2284 base_norm=11.68 canvas_max=8 canvas_mean=-0.001478 canvas_min=-8 canvas_nonzero_ratio=0.006463 canvas_std=0.4161 final_norm=11.95 residual_alpha=0.5 shape_norm=12.87 source_delta_norm=5.334 source_delta_ratio=0.4568
2026-07-30 05:24:18,504 - portable_sam_fusion - INFO - [DEBUG-GATE] epoch=10 step=2850 shape_dense_alpha_max=0.5 shape_dense_alpha_mean=0.5 shape_dense_alpha_min=0.5
2026-07-30 05:24:18,504 - portable_sam_fusion - INFO - [DEBUG-JITTER] epoch=10 step=2850 area_ratio_count=64 area_ratio_mean=1 area_ratio_sum=64 fallback_count=0 mean_iou=1 num_jittered=0 num_rois=64
2026-07-30 05:24:18,504 - portable_sam_fusion - INFO - [DEBUG-SP] epoch=10 step=2850 all_invalid_count=0 all_invalid_ratio=0 empty_count=0 empty_ratio=0 full_count=0 full_ratio=0 mean_point_distance=23.81 n1_gt_valid_count=64 n1_in_gt_bg=0.875 n1_in_gt_bg_count=56 n1_valid_count=64 n1_valid_ratio=1 n2_gt_valid_count=64 n2_in_gt_bg=1 n2_in_gt_bg_count=64 n2_valid_count=64 n2_valid_ratio=1 neg_in_pred_bg=1 neg_in_pred_bg_count=128 negative_pair_count=64 negative_pair_distance_sum=2187 p1_gt_valid_count=64 p1_in_gt_fg=1 p1_in_gt_fg_count=64 p1_valid_count=64 p1_valid_ratio=1 p2_gt_valid_count=64 p2_in_gt_fg=1 p2_in_gt_fg_count=64 p2_valid_count=64 p2_valid_ratio=1 point_distance_sum=3047 point_overlap_count=0 point_overlap_ratio=0 point_pair_count=128 pos_in_pred_fg=1 pos_in_pred_fg_count=128 positive_pair_count=64 positive_pair_distance_sum=860.6 roi_count=64 valid_neg_count=128 valid_pos_count=128 warmup_stage=2
2026-07-30 05:25:23,687 - portable_sam_fusion - INFO - [DEBUG-BOX] epoch=10 step=2900 fallback_count=0 fallback_ratio=0 num_rois=64 refined_proposal_iou=0 refined_proposal_iou_sum=0 refined_valid_count=0
2026-07-30 05:25:23,687 - portable_sam_fusion - INFO - [DEBUG-COARSE] epoch=10 step=2900 bce_raw=0.2535 boundary_fn=4430 boundary_fp=5592 boundary_tp=2.155e+04 dice=0.09516 dice_loss_raw=0.09516 iou=0.8293 loss_weight=0.1 raw_boundary_fn=4430 raw_boundary_fp=5592 raw_boundary_tp=2.155e+04 raw_dice_score=0.9048 raw_iou=0.8293 weighted_loss=0.03487
2026-07-30 05:25:23,687 - portable_sam_fusion - INFO - [DEBUG-CONTEXT] epoch=10 step=2900 enabled=0
2026-07-30 05:25:23,687 - portable_sam_fusion - INFO - [DEBUG-DENSE] epoch=10 step=2900 applied_delta_norm=3.088 applied_delta_ratio=0.2644 base_norm=11.68 canvas_max=8 canvas_mean=0.009195 canvas_min=-8 canvas_nonzero_ratio=0.007953 canvas_std=0.4614 final_norm=12.06 residual_alpha=0.5 shape_norm=13.3 source_delta_norm=6.176 source_delta_ratio=0.5289
2026-07-30 05:25:23,687 - portable_sam_fusion - INFO - [DEBUG-GATE] epoch=10 step=2900 shape_dense_alpha_max=0.5 shape_dense_alpha_mean=0.5 shape_dense_alpha_min=0.5
2026-07-30 05:25:23,687 - portable_sam_fusion - INFO - [DEBUG-JITTER] epoch=10 step=2900 area_ratio_count=64 area_ratio_mean=1 area_ratio_sum=64 fallback_count=0 mean_iou=1 num_jittered=0 num_rois=64
2026-07-30 05:25:23,687 - portable_sam_fusion - INFO - [DEBUG-SP] epoch=10 step=2900 all_invalid_count=0 all_invalid_ratio=0 empty_count=0 empty_ratio=0 full_count=0 full_ratio=0 mean_point_distance=35.18 n1_gt_valid_count=64 n1_in_gt_bg=0.6875 n1_in_gt_bg_count=44 n1_valid_count=64 n1_valid_ratio=1 n2_gt_valid_count=64 n2_in_gt_bg=0.9375 n2_in_gt_bg_count=60 n2_valid_count=64 n2_valid_ratio=1 neg_in_pred_bg=1 neg_in_pred_bg_count=128 negative_pair_count=64 negative_pair_distance_sum=3163 p1_gt_valid_count=64 p1_in_gt_fg=1 p1_in_gt_fg_count=64 p1_valid_count=64 p1_valid_ratio=1 p2_gt_valid_count=64 p2_in_gt_fg=1 p2_in_gt_fg_count=64 p2_valid_count=64 p2_valid_ratio=1 point_distance_sum=4503 point_overlap_count=0 point_overlap_ratio=0 point_pair_count=128 pos_in_pred_fg=1 pos_in_pred_fg_count=128 positive_pair_count=64 positive_pair_distance_sum=1341 roi_count=64 valid_neg_count=128 valid_pos_count=128 warmup_stage=2
2026-07-30 05:26:14,534 - portable_sam_fusion - INFO - Epoch 10 detailed losses: loss_rpn_cls=0.0239, loss_rpn_bbox=0.0086, loss_cls=0.2287, acc=90.7396, loss_bbox=0.1037, loss_mask=0.0017, debug_mask_pos_rois=54.2245, debug_mask_logit_mean=-15.0386, debug_mask_logit_std=2.9876, debug_mask_prob_mean=0.0048, debug_mask_prob_ge05=0.0048, debug_mask_target_fill=0.0049, loss_shape_prior=0.0245, schedule/det_weight=1.0000
2026-07-30 05:26:14,534 - portable_sam_fusion - INFO - Epoch 10 dense residual monitor: alpha=0.500000 source_delta_norm=6.7479 applied_delta_norm=3.3740 source_delta_ratio=0.577812 applied_delta_ratio=0.288906
2026-07-30 05:26:14,534 - portable_sam_fusion - INFO - Epoch 10 primary loss shares: det=93.31% final_mask=0.44% shape=6.25% p2_boundary=0.00%
2026-07-30 05:26:14,534 - portable_sam_fusion - INFO - Epoch 10 schedule: det_loss_weight=1.000 early_stop_start=20 min_delta=0.0005
2026-07-30 05:26:14,534 - portable_sam_fusion - INFO - Epoch 10 learning rates: sat_backbone=4.85e-04, mask_decoder=4.85e-04, prompt_encoder=4.85e-04, shape_prior=4.85e-04, quality_head=4.85e-04, sat_other=4.85e-04
2026-07-30 05:29:47,958 - portable_sam_fusion - INFO - Validation samples: GT=15926, DT=21156, avg_masks_per_image=33.74, avg_mask_fill=0.0056
creating index...
index created!
Loading and preparing results...
DONE (t=0.03s)
creating index...
index created!
Running per image evaluation...
Evaluate annotation type *bbox*
DONE (t=11.45s).
Accumulating evaluation results...
DONE (t=0.20s).
 Average Precision  (AP) @[ IoU=0.50:0.95 | area=   all | maxDets=100 ] = 0.607
 Average Precision  (AP) @[ IoU=0.50      | area=   all | maxDets=100 ] = 0.886
 Average Precision  (AP) @[ IoU=0.75      | area=   all | maxDets=100 ] = 0.753
 Average Precision  (AP) @[ IoU=0.50:0.95 | area= small | maxDets=100 ] = 0.243
 Average Precision  (AP) @[ IoU=0.50:0.95 | area=medium | maxDets=100 ] = 0.654
 Average Precision  (AP) @[ IoU=0.50:0.95 | area= large | maxDets=100 ] = 0.658
 Average Recall     (AR) @[ IoU=0.50:0.95 | area=   all | maxDets=  1 ] = 0.024
 Average Recall     (AR) @[ IoU=0.50:0.95 | area=   all | maxDets= 10 ] = 0.172
 Average Recall     (AR) @[ IoU=0.50:0.95 | area=   all | maxDets=100 ] = 0.670
 Average Recall     (AR) @[ IoU=0.50:0.95 | area= small | maxDets=100 ] = 0.397
 Average Recall     (AR) @[ IoU=0.50:0.95 | area=medium | maxDets=100 ] = 0.718
 Average Recall     (AR) @[ IoU=0.50:0.95 | area= large | maxDets=100 ] = 0.708
2026-07-30 05:29:59,828 - portable_sam_fusion - INFO - Validation bbox/mAP: 0.6067 bbox/mAP_75: 0.7528
Running per image evaluation...
Evaluate annotation type *segm*
DONE (t=11.95s).
Accumulating evaluation results...
DONE (t=0.20s).
 Average Precision  (AP) @[ IoU=0.50:0.95 | area=   all | maxDets=100 ] = 0.443
 Average Precision  (AP) @[ IoU=0.50      | area=   all | maxDets=100 ] = 0.841
 Average Precision  (AP) @[ IoU=0.75      | area=   all | maxDets=100 ] = 0.469
 Average Precision  (AP) @[ IoU=0.50:0.95 | area= small | maxDets=100 ] = 0.047
 Average Precision  (AP) @[ IoU=0.50:0.95 | area=medium | maxDets=100 ] = 0.455
 Average Precision  (AP) @[ IoU=0.50:0.95 | area= large | maxDets=100 ] = 0.645
 Average Recall     (AR) @[ IoU=0.50:0.95 | area=   all | maxDets=  1 ] = 0.021
 Average Recall     (AR) @[ IoU=0.50:0.95 | area=   all | maxDets= 10 ] = 0.144
 Average Recall     (AR) @[ IoU=0.50:0.95 | area=   all | maxDets=100 ] = 0.487
 Average Recall     (AR) @[ IoU=0.50:0.95 | area= small | maxDets=100 ] = 0.100
 Average Recall     (AR) @[ IoU=0.50:0.95 | area=medium | maxDets=100 ] = 0.501
 Average Recall     (AR) @[ IoU=0.50:0.95 | area= large | maxDets=100 ] = 0.690
2026-07-30 05:30:12,006 - portable_sam_fusion - INFO - Validation segm/mAP: 0.4430
2026-07-30 05:30:12,573 - portable_sam_fusion - INFO - New best early-stop metric (segm/mAP): raw=0.4430 smooth(5)=0.4406
2026-07-30 05:30:18,147 - portable_sam_fusion - INFO - Epoch 10/80 | train=0.391049 val=disabled segm/mAP=0.4430 bbox/mAP=0.6067 | best_segm=0.4595 best_bbox=0.6417 best_comp=0.0000 | sat_backbone=4.85e-04 mask_decoder=4.85e-04 prompt_encoder=4.85e-04 shape_prior=4.85e-04 quality_head=4.85e-04 sat_other=4.85e-04
2026-07-30 05:30:29,855 - portable_sam_fusion - INFO - [DEBUG-BOX] epoch=11 step=2950 fallback_count=0 fallback_ratio=0 num_rois=64 refined_proposal_iou=0 refined_proposal_iou_sum=0 refined_valid_count=0
2026-07-30 05:30:29,855 - portable_sam_fusion - INFO - [DEBUG-COARSE] epoch=11 step=2950 bce_raw=0.1768 boundary_fn=2837 boundary_fp=3411 boundary_tp=2.406e+04 dice=0.08445 dice_loss_raw=0.08445 iou=0.8473 loss_weight=0.1 raw_boundary_fn=2837 raw_boundary_fp=3411 raw_boundary_tp=2.406e+04 raw_dice_score=0.9155 raw_iou=0.8473 weighted_loss=0.02613
2026-07-30 05:30:29,855 - portable_sam_fusion - INFO - [DEBUG-CONTEXT] epoch=11 step=2950 enabled=0
2026-07-30 05:30:29,855 - portable_sam_fusion - INFO - [DEBUG-DENSE] epoch=11 step=2950 applied_delta_norm=2.519 applied_delta_ratio=0.2157 base_norm=11.68 canvas_max=8 canvas_mean=0.00529 canvas_min=-8 canvas_nonzero_ratio=0.005505 canvas_std=0.4053 final_norm=11.93 residual_alpha=0.5 shape_norm=12.75 source_delta_norm=5.039 source_delta_ratio=0.4315
2026-07-30 05:30:29,855 - portable_sam_fusion - INFO - [DEBUG-GATE] epoch=11 step=2950 shape_dense_alpha_max=0.5 shape_dense_alpha_mean=0.5 shape_dense_alpha_min=0.5
2026-07-30 05:30:29,855 - portable_sam_fusion - INFO - [DEBUG-JITTER] epoch=11 step=2950 area_ratio_count=64 area_ratio_mean=1 area_ratio_sum=64 fallback_count=0 mean_iou=1 num_jittered=0 num_rois=64
2026-07-30 05:30:29,855 - portable_sam_fusion - INFO - [DEBUG-SP] epoch=11 step=2950 all_invalid_count=0 all_invalid_ratio=0 empty_count=0 empty_ratio=0 full_count=0 full_ratio=0 mean_point_distance=23.48 n1_gt_valid_count=64 n1_in_gt_bg=0.8906 n1_in_gt_bg_count=57 n1_valid_count=64 n1_valid_ratio=1 n2_gt_valid_count=64 n2_in_gt_bg=1 n2_in_gt_bg_count=64 n2_valid_count=64 n2_valid_ratio=1 neg_in_pred_bg=1 neg_in_pred_bg_count=128 negative_pair_count=64 negative_pair_distance_sum=2137 p1_gt_valid_count=64 p1_in_gt_fg=1 p1_in_gt_fg_count=64 p1_valid_count=64 p1_valid_ratio=1 p2_gt_valid_count=64 p2_in_gt_fg=1 p2_in_gt_fg_count=64 p2_valid_count=64 p2_valid_ratio=1 point_distance_sum=3006 point_overlap_count=0 point_overlap_ratio=0 point_pair_count=128 pos_in_pred_fg=1 pos_in_pred_fg_count=128 positive_pair_count=64 positive_pair_distance_sum=869.2 roi_count=64 valid_neg_count=128 valid_pos_count=128 warmup_stage=2
2026-07-30 05:31:05,839 - portable_sam_fusion - INFO - epoch 11 | mini-batch 40/294 | optimizer_step 750/5920 | lr=4.848e-04
2026-07-30 05:31:34,128 - portable_sam_fusion - INFO - [DEBUG-BOX] epoch=11 step=3000 fallback_count=0 fallback_ratio=0 num_rois=64 refined_proposal_iou=0 refined_proposal_iou_sum=0 refined_valid_count=0
2026-07-30 05:31:34,129 - portable_sam_fusion - INFO - [DEBUG-COARSE] epoch=11 step=3000 bce_raw=0.1269 boundary_fn=1619 boundary_fp=1050 boundary_tp=2.594e+04 dice=0.06346 dice_loss_raw=0.06346 iou=0.8819 loss_weight=0.1 raw_boundary_fn=1619 raw_boundary_fp=1050 raw_boundary_tp=2.594e+04 raw_dice_score=0.9365 raw_iou=0.8819 weighted_loss=0.01904
2026-07-30 05:31:34,129 - portable_sam_fusion - INFO - [DEBUG-CONTEXT] epoch=11 step=3000 enabled=0
2026-07-30 05:31:34,129 - portable_sam_fusion - INFO - [DEBUG-DENSE] epoch=11 step=3000 applied_delta_norm=3.884 applied_delta_ratio=0.3326 base_norm=11.68 canvas_max=8 canvas_mean=0.00528 canvas_min=-8 canvas_nonzero_ratio=0.01066 canvas_std=0.5495 final_norm=12.19 residual_alpha=0.5 shape_norm=13.85 source_delta_norm=7.768 source_delta_ratio=0.6652
2026-07-30 05:31:34,129 - portable_sam_fusion - INFO - [DEBUG-GATE] epoch=11 step=3000 shape_dense_alpha_max=0.5 shape_dense_alpha_mean=0.5 shape_dense_alpha_min=0.5
2026-07-30 05:31:34,129 - portable_sam_fusion - INFO - [DEBUG-JITTER] epoch=11 step=3000 area_ratio_count=64 area_ratio_mean=1 area_ratio_sum=64 fallback_count=0 mean_iou=1 num_jittered=0 num_rois=64
2026-07-30 05:31:34,129 - portable_sam_fusion - INFO - [DEBUG-SP] epoch=11 step=3000 all_invalid_count=0 all_invalid_ratio=0 empty_count=0 empty_ratio=0 full_count=0 full_ratio=0 mean_point_distance=39.37 n1_gt_valid_count=64 n1_in_gt_bg=0.7188 n1_in_gt_bg_count=46 n1_valid_count=64 n1_valid_ratio=1 n2_gt_valid_count=64 n2_in_gt_bg=1 n2_in_gt_bg_count=64 n2_valid_count=64 n2_valid_ratio=1 neg_in_pred_bg=1 neg_in_pred_bg_count=128 negative_pair_count=64 negative_pair_distance_sum=3774 p1_gt_valid_count=64 p1_in_gt_fg=1 p1_in_gt_fg_count=64 p1_valid_count=64 p1_valid_ratio=1 p2_gt_valid_count=64 p2_in_gt_fg=1 p2_in_gt_fg_count=64 p2_valid_count=64 p2_valid_ratio=1 point_distance_sum=5040 point_overlap_count=0 point_overlap_ratio=0 point_pair_count=128 pos_in_pred_fg=1 pos_in_pred_fg_count=128 positive_pair_count=64 positive_pair_distance_sum=1265 roi_count=64 valid_neg_count=128 valid_pos_count=128 warmup_stage=2
2026-07-30 05:32:40,169 - portable_sam_fusion - INFO - [DEBUG-BOX] epoch=11 step=3050 fallback_count=0 fallback_ratio=0 num_rois=64 refined_proposal_iou=0 refined_proposal_iou_sum=0 refined_valid_count=0
2026-07-30 05:32:40,170 - portable_sam_fusion - INFO - [DEBUG-COARSE] epoch=11 step=3050 bce_raw=0.1373 boundary_fn=2369 boundary_fp=1995 boundary_tp=2.275e+04 dice=0.06668 dice_loss_raw=0.06668 iou=0.8772 loss_weight=0.1 raw_boundary_fn=2369 raw_boundary_fp=1995 raw_boundary_tp=2.275e+04 raw_dice_score=0.9333 raw_iou=0.8772 weighted_loss=0.02039
2026-07-30 05:32:40,170 - portable_sam_fusion - INFO - [DEBUG-CONTEXT] epoch=11 step=3050 enabled=0
2026-07-30 05:32:40,170 - portable_sam_fusion - INFO - [DEBUG-DENSE] epoch=11 step=3050 applied_delta_norm=3.468 applied_delta_ratio=0.297 base_norm=11.68 canvas_max=8 canvas_mean=0.01203 canvas_min=-8 canvas_nonzero_ratio=0.009194 canvas_std=0.5231 final_norm=12.14 residual_alpha=0.5 shape_norm=13.6 source_delta_norm=6.936 source_delta_ratio=0.5939
2026-07-30 05:32:40,170 - portable_sam_fusion - INFO - [DEBUG-GATE] epoch=11 step=3050 shape_dense_alpha_max=0.5 shape_dense_alpha_mean=0.5 shape_dense_alpha_min=0.5
2026-07-30 05:32:40,170 - portable_sam_fusion - INFO - [DEBUG-JITTER] epoch=11 step=3050 area_ratio_count=64 area_ratio_mean=1 area_ratio_sum=64 fallback_count=0 mean_iou=1 num_jittered=0 num_rois=64
2026-07-30 05:32:40,170 - portable_sam_fusion - INFO - [DEBUG-SP] epoch=11 step=3050 all_invalid_count=0 all_invalid_ratio=0 empty_count=0 empty_ratio=0 full_count=0 full_ratio=0 mean_point_distance=37.89 n1_gt_valid_count=64 n1_in_gt_bg=0.875 n1_in_gt_bg_count=56 n1_valid_count=64 n1_valid_ratio=1 n2_gt_valid_count=64 n2_in_gt_bg=1 n2_in_gt_bg_count=64 n2_valid_count=64 n2_valid_ratio=1 neg_in_pred_bg=1 neg_in_pred_bg_count=128 negative_pair_count=64 negative_pair_distance_sum=3258 p1_gt_valid_count=64 p1_in_gt_fg=1 p1_in_gt_fg_count=64 p1_valid_count=64 p1_valid_ratio=1 p2_gt_valid_count=64 p2_in_gt_fg=1 p2_in_gt_fg_count=64 p2_valid_count=64 p2_valid_ratio=1 point_distance_sum=4850 point_overlap_count=0 point_overlap_ratio=0 point_pair_count=128 pos_in_pred_fg=1 pos_in_pred_fg_count=128 positive_pair_count=64 positive_pair_distance_sum=1592 roi_count=64 valid_neg_count=128 valid_pos_count=128 warmup_stage=2
2026-07-30 05:33:43,009 - portable_sam_fusion - INFO - [DEBUG-BOX] epoch=11 step=3100 fallback_count=0 fallback_ratio=0 num_rois=64 refined_proposal_iou=0 refined_proposal_iou_sum=0 refined_valid_count=0
2026-07-30 05:33:43,010 - portable_sam_fusion - INFO - [DEBUG-COARSE] epoch=11 step=3100 bce_raw=0.1883 boundary_fn=2880 boundary_fp=4554 boundary_tp=2.419e+04 dice=0.1203 dice_loss_raw=0.1203 iou=0.7942 loss_weight=0.1 raw_boundary_fn=2880 raw_boundary_fp=4554 raw_boundary_tp=2.419e+04 raw_dice_score=0.8797 raw_iou=0.7942 weighted_loss=0.03086
2026-07-30 05:33:43,010 - portable_sam_fusion - INFO - [DEBUG-CONTEXT] epoch=11 step=3100 enabled=0
2026-07-30 05:33:43,010 - portable_sam_fusion - INFO - [DEBUG-DENSE] epoch=11 step=3100 applied_delta_norm=3.549 applied_delta_ratio=0.3039 base_norm=11.68 canvas_max=8 canvas_mean=-0.008692 canvas_min=-8 canvas_nonzero_ratio=0.01116 canvas_std=0.5149 final_norm=12.18 residual_alpha=0.5 shape_norm=13.77 source_delta_norm=7.098 source_delta_ratio=0.6078
2026-07-30 05:33:43,010 - portable_sam_fusion - INFO - [DEBUG-GATE] epoch=11 step=3100 shape_dense_alpha_max=0.5 shape_dense_alpha_mean=0.5 shape_dense_alpha_min=0.5
2026-07-30 05:33:43,010 - portable_sam_fusion - INFO - [DEBUG-JITTER] epoch=11 step=3100 area_ratio_count=64 area_ratio_mean=1 area_ratio_sum=64 fallback_count=0 mean_iou=1 num_jittered=0 num_rois=64
2026-07-30 05:33:43,010 - portable_sam_fusion - INFO - [DEBUG-SP] epoch=11 step=3100 all_invalid_count=0 all_invalid_ratio=0 empty_count=0 empty_ratio=0 full_count=0 full_ratio=0 mean_point_distance=33.49 n1_gt_valid_count=64 n1_in_gt_bg=0.9531 n1_in_gt_bg_count=61 n1_valid_count=64 n1_valid_ratio=1 n2_gt_valid_count=64 n2_in_gt_bg=1 n2_in_gt_bg_count=64 n2_valid_count=64 n2_valid_ratio=1 neg_in_pred_bg=1 neg_in_pred_bg_count=128 negative_pair_count=64 negative_pair_distance_sum=2675 p1_gt_valid_count=64 p1_in_gt_fg=0.9844 p1_in_gt_fg_count=63 p1_valid_count=64 p1_valid_ratio=1 p2_gt_valid_count=64 p2_in_gt_fg=0.9844 p2_in_gt_fg_count=63 p2_valid_count=64 p2_valid_ratio=1 point_distance_sum=4286 point_overlap_count=0 point_overlap_ratio=0 point_pair_count=128 pos_in_pred_fg=1 pos_in_pred_fg_count=128 positive_pair_count=64 positive_pair_distance_sum=1612 roi_count=64 valid_neg_count=128 valid_pos_count=128 warmup_stage=2
2026-07-30 05:34:53,381 - portable_sam_fusion - INFO - [DEBUG-BOX] epoch=11 step=3150 fallback_count=0 fallback_ratio=0 num_rois=64 refined_proposal_iou=0 refined_proposal_iou_sum=0 refined_valid_count=0
2026-07-30 05:34:53,382 - portable_sam_fusion - INFO - [DEBUG-COARSE] epoch=11 step=3150 bce_raw=0.1521 boundary_fn=2413 boundary_fp=2413 boundary_tp=2.192e+04 dice=0.06716 dice_loss_raw=0.06716 iou=0.8756 loss_weight=0.1 raw_boundary_fn=2413 raw_boundary_fp=2413 raw_boundary_tp=2.192e+04 raw_dice_score=0.9328 raw_iou=0.8756 weighted_loss=0.02192
2026-07-30 05:34:53,382 - portable_sam_fusion - INFO - [DEBUG-CONTEXT] epoch=11 step=3150 enabled=0
2026-07-30 05:34:53,382 - portable_sam_fusion - INFO - [DEBUG-DENSE] epoch=11 step=3150 applied_delta_norm=4.244 applied_delta_ratio=0.3634 base_norm=11.68 canvas_max=8 canvas_mean=-0.001626 canvas_min=-8 canvas_nonzero_ratio=0.01285 canvas_std=0.6892 final_norm=12.35 residual_alpha=0.5 shape_norm=14.39 source_delta_norm=8.489 source_delta_ratio=0.7269
2026-07-30 05:34:53,382 - portable_sam_fusion - INFO - [DEBUG-GATE] epoch=11 step=3150 shape_dense_alpha_max=0.5 shape_dense_alpha_mean=0.5 shape_dense_alpha_min=0.5
2026-07-30 05:34:53,382 - portable_sam_fusion - INFO - [DEBUG-JITTER] epoch=11 step=3150 area_ratio_count=64 area_ratio_mean=1 area_ratio_sum=64 fallback_count=0 mean_iou=1 num_jittered=0 num_rois=64
2026-07-30 05:34:53,382 - portable_sam_fusion - INFO - [DEBUG-SP] epoch=11 step=3150 all_invalid_count=0 all_invalid_ratio=0 empty_count=0 empty_ratio=0 full_count=0 full_ratio=0 mean_point_distance=33.27 n1_gt_valid_count=64 n1_in_gt_bg=0.5469 n1_in_gt_bg_count=35 n1_valid_count=64 n1_valid_ratio=1 n2_gt_valid_count=64 n2_in_gt_bg=0.9844 n2_in_gt_bg_count=63 n2_valid_count=64 n2_valid_ratio=1 neg_in_pred_bg=1 neg_in_pred_bg_count=128 negative_pair_count=64 negative_pair_distance_sum=2953 p1_gt_valid_count=64 p1_in_gt_fg=1 p1_in_gt_fg_count=64 p1_valid_count=64 p1_valid_ratio=1 p2_gt_valid_count=64 p2_in_gt_fg=1 p2_in_gt_fg_count=64 p2_valid_count=64 p2_valid_ratio=1 point_distance_sum=4259 point_overlap_count=0 point_overlap_ratio=0 point_pair_count=128 pos_in_pred_fg=1 pos_in_pred_fg_count=128 positive_pair_count=64 positive_pair_distance_sum=1306 roi_count=64 valid_neg_count=128 valid_pos_count=128 warmup_stage=2
2026-07-30 05:35:33,506 - portable_sam_fusion - INFO - epoch 11 | mini-batch 240/294 | optimizer_step 800/5920 | lr=4.824e-04
2026-07-30 05:35:58,261 - portable_sam_fusion - INFO - [DEBUG-BOX] epoch=11 step=3200 fallback_count=0 fallback_ratio=0 num_rois=0 refined_proposal_iou=0 refined_proposal_iou_sum=0 refined_valid_count=0
2026-07-30 05:35:58,261 - portable_sam_fusion - INFO - [DEBUG-COARSE] epoch=11 step=3200 boundary_fn=0 boundary_fp=0 boundary_tp=0 dice=0 iou=0
2026-07-30 05:35:58,261 - portable_sam_fusion - INFO - [DEBUG-CONTEXT] epoch=11 step=3200 enabled=0
2026-07-30 05:35:58,261 - portable_sam_fusion - INFO - [DEBUG-DENSE] epoch=11 step=3200 applied_delta_norm=2.398 applied_delta_ratio=0.2053 base_norm=11.68 canvas_max=8 canvas_mean=-0.006714 canvas_min=-8 canvas_nonzero_ratio=0.006275 canvas_std=0.4288 final_norm=11.94 residual_alpha=0.5 shape_norm=12.81 source_delta_norm=4.795 source_delta_ratio=0.4106
2026-07-30 05:35:58,261 - portable_sam_fusion - INFO - [DEBUG-GATE] epoch=11 step=3200 shape_dense_alpha_max=0.5 shape_dense_alpha_mean=0.5 shape_dense_alpha_min=0.5
2026-07-30 05:35:58,261 - portable_sam_fusion - INFO - [DEBUG-JITTER] epoch=11 step=3200 area_ratio_count=0 area_ratio_mean=0 area_ratio_sum=0 fallback_count=0 mean_iou=0 num_jittered=0 num_rois=0
2026-07-30 05:35:58,261 - portable_sam_fusion - INFO - [DEBUG-SP] epoch=11 step=3200 all_invalid_count=0 all_invalid_ratio=0 empty_count=0 empty_ratio=0 full_count=0 full_ratio=0 mean_point_distance=30.07 n1_gt_valid_count=64 n1_in_gt_bg=0.9219 n1_in_gt_bg_count=59 n1_valid_count=64 n1_valid_ratio=1 n2_gt_valid_count=64 n2_in_gt_bg=1 n2_in_gt_bg_count=64 n2_valid_count=64 n2_valid_ratio=1 neg_in_pred_bg=1 neg_in_pred_bg_count=128 negative_pair_count=64 negative_pair_distance_sum=3032 p1_gt_valid_count=64 p1_in_gt_fg=1 p1_in_gt_fg_count=64 p1_valid_count=64 p1_valid_ratio=1 p2_gt_valid_count=64 p2_in_gt_fg=1 p2_in_gt_fg_count=64 p2_valid_count=64 p2_valid_ratio=1 point_distance_sum=3849 point_overlap_count=0 point_overlap_ratio=0 point_pair_count=128 pos_in_pred_fg=1 pos_in_pred_fg_count=128 positive_pair_count=64 positive_pair_distance_sum=816.8 roi_count=64 valid_neg_count=128 valid_pos_count=128 warmup_stage=2
2026-07-30 05:36:48,226 - portable_sam_fusion - INFO - Epoch 11 detailed losses: loss_rpn_cls=0.0221, loss_rpn_bbox=0.0082, loss_cls=0.2272, acc=90.8177, loss_bbox=0.0999, loss_mask=0.0016, debug_mask_pos_rois=55.5204, debug_mask_logit_mean=-14.4279, debug_mask_logit_std=2.8402, debug_mask_prob_mean=0.0048, debug_mask_prob_ge05=0.0048, debug_mask_target_fill=0.0048, loss_shape_prior=0.0243, schedule/det_weight=1.0000
2026-07-30 05:36:48,226 - portable_sam_fusion - INFO - Epoch 11 dense residual monitor: alpha=0.500000 source_delta_norm=6.7477 applied_delta_norm=3.3739 source_delta_ratio=0.577796 applied_delta_ratio=0.288898
2026-07-30 05:36:48,226 - portable_sam_fusion - INFO - Epoch 11 primary loss shares: det=93.24% final_mask=0.42% shape=6.33% p2_boundary=0.00%
2026-07-30 05:36:48,226 - portable_sam_fusion - INFO - Epoch 11 schedule: det_loss_weight=1.000 early_stop_start=20 min_delta=0.0005
2026-07-30 05:36:48,226 - portable_sam_fusion - INFO - Epoch 11 learning rates: sat_backbone=4.82e-04, mask_decoder=4.82e-04, prompt_encoder=4.82e-04, shape_prior=4.82e-04, quality_head=4.82e-04, sat_other=4.82e-04
2026-07-30 05:39:57,235 - portable_sam_fusion - INFO - Validation samples: GT=15926, DT=17906, avg_masks_per_image=28.56, avg_mask_fill=0.0064
creating index...
index created!
Loading and preparing results...
DONE (t=0.02s)
creating index...
index created!
Running per image evaluation...
Evaluate annotation type *bbox*
DONE (t=10.75s).
Accumulating evaluation results...
DONE (t=0.18s).
 Average Precision  (AP) @[ IoU=0.50:0.95 | area=   all | maxDets=100 ] = 0.640
 Average Precision  (AP) @[ IoU=0.50      | area=   all | maxDets=100 ] = 0.884
 Average Precision  (AP) @[ IoU=0.75      | area=   all | maxDets=100 ] = 0.786
 Average Precision  (AP) @[ IoU=0.50:0.95 | area= small | maxDets=100 ] = 0.273
 Average Precision  (AP) @[ IoU=0.50:0.95 | area=medium | maxDets=100 ] = 0.681
 Average Precision  (AP) @[ IoU=0.50:0.95 | area= large | maxDets=100 ] = 0.719
 Average Recall     (AR) @[ IoU=0.50:0.95 | area=   all | maxDets=  1 ] = 0.024
 Average Recall     (AR) @[ IoU=0.50:0.95 | area=   all | maxDets= 10 ] = 0.176
 Average Recall     (AR) @[ IoU=0.50:0.95 | area=   all | maxDets=100 ] = 0.695
 Average Recall     (AR) @[ IoU=0.50:0.95 | area= small | maxDets=100 ] = 0.387
 Average Recall     (AR) @[ IoU=0.50:0.95 | area=medium | maxDets=100 ] = 0.736
 Average Recall     (AR) @[ IoU=0.50:0.95 | area= large | maxDets=100 ] = 0.774
2026-07-30 05:40:08,834 - portable_sam_fusion - INFO - Validation bbox/mAP: 0.6399 bbox/mAP_75: 0.7861
Running per image evaluation...
Evaluate annotation type *segm*
DONE (t=11.18s).
Accumulating evaluation results...
DONE (t=0.18s).
 Average Precision  (AP) @[ IoU=0.50:0.95 | area=   all | maxDets=100 ] = 0.451
 Average Precision  (AP) @[ IoU=0.50      | area=   all | maxDets=100 ] = 0.846
 Average Precision  (AP) @[ IoU=0.75      | area=   all | maxDets=100 ] = 0.486
 Average Precision  (AP) @[ IoU=0.50:0.95 | area= small | maxDets=100 ] = 0.053
 Average Precision  (AP) @[ IoU=0.50:0.95 | area=medium | maxDets=100 ] = 0.463
 Average Precision  (AP) @[ IoU=0.50:0.95 | area= large | maxDets=100 ] = 0.645
 Average Recall     (AR) @[ IoU=0.50:0.95 | area=   all | maxDets=  1 ] = 0.021
 Average Recall     (AR) @[ IoU=0.50:0.95 | area=   all | maxDets= 10 ] = 0.144
 Average Recall     (AR) @[ IoU=0.50:0.95 | area=   all | maxDets=100 ] = 0.493
 Average Recall     (AR) @[ IoU=0.50:0.95 | area= small | maxDets=100 ] = 0.103
 Average Recall     (AR) @[ IoU=0.50:0.95 | area=medium | maxDets=100 ] = 0.506
 Average Recall     (AR) @[ IoU=0.50:0.95 | area= large | maxDets=100 ] = 0.696
2026-07-30 05:40:20,220 - portable_sam_fusion - INFO - Validation segm/mAP: 0.4510
2026-07-30 05:40:20,730 - portable_sam_fusion - INFO - New best early-stop metric (segm/mAP): raw=0.4510 smooth(5)=0.4494
2026-07-30 05:40:26,584 - portable_sam_fusion - INFO - Epoch 11/80 | train=0.383366 val=disabled segm/mAP=0.4510 bbox/mAP=0.6399 | best_segm=0.4595 best_bbox=0.6417 best_comp=0.0000 | sat_backbone=4.82e-04 mask_decoder=4.82e-04 prompt_encoder=4.82e-04 shape_prior=4.82e-04 quality_head=4.82e-04 sat_other=4.82e-04
2026-07-30 05:40:43,987 - portable_sam_fusion - INFO - [DEBUG-BOX] epoch=12 step=3250 fallback_count=0 fallback_ratio=0 num_rois=34 refined_proposal_iou=0 refined_proposal_iou_sum=0 refined_valid_count=0
2026-07-30 05:40:43,987 - portable_sam_fusion - INFO - [DEBUG-COARSE] epoch=12 step=3250 bce_raw=0.09203 boundary_fn=304 boundary_fp=239 boundary_tp=1.191e+04 dice=0.05348 dice_loss_raw=0.05348 iou=0.8987 loss_weight=0.1 raw_boundary_fn=304 raw_boundary_fp=239 raw_boundary_tp=1.191e+04 raw_dice_score=0.9465 raw_iou=0.8987 weighted_loss=0.01455
2026-07-30 05:40:43,987 - portable_sam_fusion - INFO - [DEBUG-CONTEXT] epoch=12 step=3250 enabled=0
2026-07-30 05:40:43,987 - portable_sam_fusion - INFO - [DEBUG-DENSE] epoch=12 step=3250 applied_delta_norm=1.367 applied_delta_ratio=0.1171 base_norm=11.68 canvas_max=8 canvas_mean=0.002479 canvas_min=-7.772 canvas_nonzero_ratio=0.00168 canvas_std=0.2108 final_norm=11.74 residual_alpha=0.5 shape_norm=11.96 source_delta_norm=2.734 source_delta_ratio=0.2341
2026-07-30 05:40:43,987 - portable_sam_fusion - INFO - [DEBUG-GATE] epoch=12 step=3250 shape_dense_alpha_max=0.5 shape_dense_alpha_mean=0.5 shape_dense_alpha_min=0.5
2026-07-30 05:40:43,988 - portable_sam_fusion - INFO - [DEBUG-JITTER] epoch=12 step=3250 area_ratio_count=34 area_ratio_mean=1 area_ratio_sum=34 fallback_count=0 mean_iou=1 num_jittered=0 num_rois=34
2026-07-30 05:40:43,988 - portable_sam_fusion - INFO - [DEBUG-SP] epoch=12 step=3250 all_invalid_count=0 all_invalid_ratio=0 empty_count=0 empty_ratio=0 full_count=0 full_ratio=0 mean_point_distance=11.99 n1_gt_valid_count=34 n1_in_gt_bg=0.9118 n1_in_gt_bg_count=31 n1_valid_count=34 n1_valid_ratio=1 n2_gt_valid_count=34 n2_in_gt_bg=1 n2_in_gt_bg_count=34 n2_valid_count=34 n2_valid_ratio=1 neg_in_pred_bg=1 neg_in_pred_bg_count=68 negative_pair_count=34 negative_pair_distance_sum=636 p1_gt_valid_count=34 p1_in_gt_fg=1 p1_in_gt_fg_count=34 p1_valid_count=34 p1_valid_ratio=1 p2_gt_valid_count=34 p2_in_gt_fg=1 p2_in_gt_fg_count=34 p2_valid_count=34 p2_valid_ratio=1 point_distance_sum=815 point_overlap_count=0 point_overlap_ratio=0 point_pair_count=68 pos_in_pred_fg=1 pos_in_pred_fg_count=68 positive_pair_count=34 positive_pair_distance_sum=179 roi_count=34 valid_neg_count=68 valid_pos_count=68 warmup_stage=2
2026-07-30 05:41:28,171 - portable_sam_fusion - INFO - [DEBUG-BOX] epoch=12 step=3300 fallback_count=0 fallback_ratio=0 num_rois=64 refined_proposal_iou=0 refined_proposal_iou_sum=0 refined_valid_count=0
2026-07-30 05:41:28,172 - portable_sam_fusion - INFO - [DEBUG-COARSE] epoch=12 step=3300 bce_raw=0.1541 boundary_fn=3286 boundary_fp=1736 boundary_tp=2.496e+04 dice=0.08066 dice_loss_raw=0.08066 iou=0.852 loss_weight=0.1 raw_boundary_fn=3286 raw_boundary_fp=1736 raw_boundary_tp=2.496e+04 raw_dice_score=0.9193 raw_iou=0.852 weighted_loss=0.02348
2026-07-30 05:41:28,172 - portable_sam_fusion - INFO - [DEBUG-CONTEXT] epoch=12 step=3300 enabled=0
2026-07-30 05:41:28,172 - portable_sam_fusion - INFO - [DEBUG-DENSE] epoch=12 step=3300 applied_delta_norm=3.442 applied_delta_ratio=0.2947 base_norm=11.68 canvas_max=8 canvas_mean=0.003115 canvas_min=-8 canvas_nonzero_ratio=0.009449 canvas_std=0.549 final_norm=12.13 residual_alpha=0.5 shape_norm=13.58 source_delta_norm=6.883 source_delta_ratio=0.5894
2026-07-30 05:41:28,172 - portable_sam_fusion - INFO - [DEBUG-GATE] epoch=12 step=3300 shape_dense_alpha_max=0.5 shape_dense_alpha_mean=0.5 shape_dense_alpha_min=0.5
2026-07-30 05:41:28,172 - portable_sam_fusion - INFO - [DEBUG-JITTER] epoch=12 step=3300 area_ratio_count=64 area_ratio_mean=1 area_ratio_sum=64 fallback_count=0 mean_iou=1 num_jittered=0 num_rois=64
2026-07-30 05:41:28,172 - portable_sam_fusion - INFO - [DEBUG-SP] epoch=12 step=3300 all_invalid_count=0 all_invalid_ratio=0 empty_count=0 empty_ratio=0 full_count=0 full_ratio=0 mean_point_distance=36.45 n1_gt_valid_count=64 n1_in_gt_bg=0.8438 n1_in_gt_bg_count=54 n1_valid_count=64 n1_valid_ratio=1 n2_gt_valid_count=64 n2_in_gt_bg=1 n2_in_gt_bg_count=64 n2_valid_count=64 n2_valid_ratio=1 neg_in_pred_bg=1 neg_in_pred_bg_count=128 negative_pair_count=64 negative_pair_distance_sum=3667 p1_gt_valid_count=64 p1_in_gt_fg=1 p1_in_gt_fg_count=64 p1_valid_count=64 p1_valid_ratio=1 p2_gt_valid_count=64 p2_in_gt_fg=1 p2_in_gt_fg_count=64 p2_valid_count=64 p2_valid_ratio=1 point_distance_sum=4666 point_overlap_count=0 point_overlap_ratio=0 point_pair_count=128 pos_in_pred_fg=1 pos_in_pred_fg_count=128 positive_pair_count=64 positive_pair_distance_sum=998.8 roi_count=64 valid_neg_count=128 valid_pos_count=128 warmup_stage=2
2026-07-30 05:42:33,046 - portable_sam_fusion - INFO - [DEBUG-BOX] epoch=12 step=3350 fallback_count=0 fallback_ratio=0 num_rois=64 refined_proposal_iou=0 refined_proposal_iou_sum=0 refined_valid_count=0
2026-07-30 05:42:33,046 - portable_sam_fusion - INFO - [DEBUG-COARSE] epoch=12 step=3350 bce_raw=0.2083 boundary_fn=3773 boundary_fp=4912 boundary_tp=2.046e+04 dice=0.07602 dice_loss_raw=0.07602 iou=0.8617 loss_weight=0.1 raw_boundary_fn=3773 raw_boundary_fp=4912 raw_boundary_tp=2.046e+04 raw_dice_score=0.924 raw_iou=0.8617 weighted_loss=0.02843
2026-07-30 05:42:33,046 - portable_sam_fusion - INFO - [DEBUG-CONTEXT] epoch=12 step=3350 enabled=0
2026-07-30 05:42:33,046 - portable_sam_fusion - INFO - [DEBUG-DENSE] epoch=12 step=3350 applied_delta_norm=2.152 applied_delta_ratio=0.1843 base_norm=11.68 canvas_max=8 canvas_mean=0.00941 canvas_min=-8 canvas_nonzero_ratio=0.004266 canvas_std=0.3343 final_norm=11.89 residual_alpha=0.5 shape_norm=12.6 source_delta_norm=4.305 source_delta_ratio=0.3686
2026-07-30 05:42:33,046 - portable_sam_fusion - INFO - [DEBUG-GATE] epoch=12 step=3350 shape_dense_alpha_max=0.5 shape_dense_alpha_mean=0.5 shape_dense_alpha_min=0.5
2026-07-30 05:42:33,046 - portable_sam_fusion - INFO - [DEBUG-JITTER] epoch=12 step=3350 area_ratio_count=64 area_ratio_mean=1 area_ratio_sum=64 fallback_count=0 mean_iou=1 num_jittered=0 num_rois=64
2026-07-30 05:42:33,046 - portable_sam_fusion - INFO - [DEBUG-SP] epoch=12 step=3350 all_invalid_count=0 all_invalid_ratio=0 empty_count=0 empty_ratio=0 full_count=2 full_ratio=0.03125 mean_point_distance=22.79 n1_gt_valid_count=62 n1_in_gt_bg=0.4677 n1_in_gt_bg_count=29 n1_valid_count=62 n1_valid_ratio=0.9688 n2_gt_valid_count=62 n2_in_gt_bg=0.9032 n2_in_gt_bg_count=56 n2_valid_count=62 n2_valid_ratio=0.9688 neg_in_pred_bg=1 neg_in_pred_bg_count=124 negative_pair_count=62 negative_pair_distance_sum=2080 p1_gt_valid_count=64 p1_in_gt_fg=1 p1_in_gt_fg_count=64 p1_valid_count=64 p1_valid_ratio=1 p2_gt_valid_count=64 p2_in_gt_fg=0.9844 p2_in_gt_fg_count=63 p2_valid_count=64 p2_valid_ratio=1 point_distance_sum=2871 point_overlap_count=0 point_overlap_ratio=0 point_pair_count=126 pos_in_pred_fg=1 pos_in_pred_fg_count=128 positive_pair_count=64 positive_pair_distance_sum=791.2 roi_count=64 valid_neg_count=124 valid_pos_count=128 warmup_stage=2
2026-07-30 05:43:09,458 - portable_sam_fusion - INFO - epoch 12 | mini-batch 144/294 | optimizer_step 850/5920 | lr=4.798e-04
2026-07-30 05:43:39,730 - portable_sam_fusion - INFO - [DEBUG-BOX] epoch=12 step=3400 fallback_count=0 fallback_ratio=0 num_rois=64 refined_proposal_iou=0 refined_proposal_iou_sum=0 refined_valid_count=0
2026-07-30 05:43:39,731 - portable_sam_fusion - INFO - [DEBUG-COARSE] epoch=12 step=3400 bce_raw=0.2539 boundary_fn=4105 boundary_fp=4035 boundary_tp=2.113e+04 dice=0.08404 dice_loss_raw=0.08404 iou=0.8482 loss_weight=0.1 raw_boundary_fn=4105 raw_boundary_fp=4035 raw_boundary_tp=2.113e+04 raw_dice_score=0.916 raw_iou=0.8482 weighted_loss=0.0338
2026-07-30 05:43:39,731 - portable_sam_fusion - INFO - [DEBUG-CONTEXT] epoch=12 step=3400 enabled=0
2026-07-30 05:43:39,731 - portable_sam_fusion - INFO - [DEBUG-DENSE] epoch=12 step=3400 applied_delta_norm=3.906 applied_delta_ratio=0.3345 base_norm=11.68 canvas_max=8 canvas_mean=0.02354 canvas_min=-8 canvas_nonzero_ratio=0.01243 canvas_std=0.5742 final_norm=12.32 residual_alpha=0.5 shape_norm=14.14 source_delta_norm=7.812 source_delta_ratio=0.6689
2026-07-30 05:43:39,731 - portable_sam_fusion - INFO - [DEBUG-GATE] epoch=12 step=3400 shape_dense_alpha_max=0.5 shape_dense_alpha_mean=0.5 shape_dense_alpha_min=0.5
2026-07-30 05:43:39,731 - portable_sam_fusion - INFO - [DEBUG-JITTER] epoch=12 step=3400 area_ratio_count=64 area_ratio_mean=1 area_ratio_sum=64 fallback_count=0 mean_iou=1 num_jittered=0 num_rois=64
2026-07-30 05:43:39,731 - portable_sam_fusion - INFO - [DEBUG-SP] epoch=12 step=3400 all_invalid_count=0 all_invalid_ratio=0 empty_count=0 empty_ratio=0 full_count=0 full_ratio=0 mean_point_distance=41.08 n1_gt_valid_count=64 n1_in_gt_bg=0.9219 n1_in_gt_bg_count=59 n1_valid_count=64 n1_valid_ratio=1 n2_gt_valid_count=64 n2_in_gt_bg=1 n2_in_gt_bg_count=64 n2_valid_count=64 n2_valid_ratio=1 neg_in_pred_bg=1 neg_in_pred_bg_count=128 negative_pair_count=64 negative_pair_distance_sum=4151 p1_gt_valid_count=64 p1_in_gt_fg=1 p1_in_gt_fg_count=64 p1_valid_count=64 p1_valid_ratio=1 p2_gt_valid_count=64 p2_in_gt_fg=1 p2_in_gt_fg_count=64 p2_valid_count=64 p2_valid_ratio=1 point_distance_sum=5259 point_overlap_count=0 point_overlap_ratio=0 point_pair_count=128 pos_in_pred_fg=1 pos_in_pred_fg_count=128 positive_pair_count=64 positive_pair_distance_sum=1108 roi_count=64 valid_neg_count=128 valid_pos_count=128 warmup_stage=2
2026-07-30 05:44:46,923 - portable_sam_fusion - INFO - [DEBUG-BOX] epoch=12 step=3450 fallback_count=0 fallback_ratio=0 num_rois=0 refined_proposal_iou=0 refined_proposal_iou_sum=0 refined_valid_count=0
2026-07-30 05:44:46,923 - portable_sam_fusion - INFO - [DEBUG-COARSE] epoch=12 step=3450 boundary_fn=0 boundary_fp=0 boundary_tp=0 dice=0 iou=0
2026-07-30 05:44:46,923 - portable_sam_fusion - INFO - [DEBUG-CONTEXT] epoch=12 step=3450 enabled=0
2026-07-30 05:44:46,923 - portable_sam_fusion - INFO - [DEBUG-DENSE] epoch=12 step=3450 applied_delta_norm=9.702 applied_delta_ratio=0.8308 base_norm=11.68 canvas_max=8 canvas_mean=0.1408 canvas_min=-8 canvas_nonzero_ratio=0.07082 canvas_std=1.15 final_norm=15.29 residual_alpha=0.5 shape_norm=22.95 source_delta_norm=19.4 source_delta_ratio=1.662
2026-07-30 05:44:46,923 - portable_sam_fusion - INFO - [DEBUG-GATE] epoch=12 step=3450 shape_dense_alpha_max=0.5 shape_dense_alpha_mean=0.5 shape_dense_alpha_min=0.5
2026-07-30 05:44:46,923 - portable_sam_fusion - INFO - [DEBUG-JITTER] epoch=12 step=3450 area_ratio_count=0 area_ratio_mean=0 area_ratio_sum=0 fallback_count=0 mean_iou=0 num_jittered=0 num_rois=0
2026-07-30 05:44:46,923 - portable_sam_fusion - INFO - [DEBUG-SP] epoch=12 step=3450 all_invalid_count=0 all_invalid_ratio=0 empty_count=0 empty_ratio=0 full_count=0 full_ratio=0 mean_point_distance=79.27 n1_gt_valid_count=64 n1_in_gt_bg=0.6719 n1_in_gt_bg_count=43 n1_valid_count=64 n1_valid_ratio=1 n2_gt_valid_count=64 n2_in_gt_bg=0.9688 n2_in_gt_bg_count=62 n2_valid_count=64 n2_valid_ratio=1 neg_in_pred_bg=1 neg_in_pred_bg_count=128 negative_pair_count=64 negative_pair_distance_sum=7096 p1_gt_valid_count=64 p1_in_gt_fg=0.9844 p1_in_gt_fg_count=63 p1_valid_count=64 p1_valid_ratio=1 p2_gt_valid_count=64 p2_in_gt_fg=0.9844 p2_in_gt_fg_count=63 p2_valid_count=64 p2_valid_ratio=1 point_distance_sum=1.015e+04 point_overlap_count=0 point_overlap_ratio=0 point_pair_count=128 pos_in_pred_fg=1 pos_in_pred_fg_count=128 positive_pair_count=64 positive_pair_distance_sum=3051 roi_count=64 valid_neg_count=128 valid_pos_count=128 warmup_stage=2
2026-07-30 05:45:54,868 - portable_sam_fusion - INFO - [DEBUG-BOX] epoch=12 step=3500 fallback_count=0 fallback_ratio=0 num_rois=64 refined_proposal_iou=0 refined_proposal_iou_sum=0 refined_valid_count=0
2026-07-30 05:45:54,868 - portable_sam_fusion - INFO - [DEBUG-COARSE] epoch=12 step=3500 bce_raw=0.2192 boundary_fn=4387 boundary_fp=3106 boundary_tp=2.335e+04 dice=0.1022 dice_loss_raw=0.1022 iou=0.8191 loss_weight=0.1 raw_boundary_fn=4387 raw_boundary_fp=3106 raw_boundary_tp=2.335e+04 raw_dice_score=0.8978 raw_iou=0.8191 weighted_loss=0.03214
2026-07-30 05:45:54,868 - portable_sam_fusion - INFO - [DEBUG-CONTEXT] epoch=12 step=3500 enabled=0
2026-07-30 05:45:54,869 - portable_sam_fusion - INFO - [DEBUG-DENSE] epoch=12 step=3500 applied_delta_norm=3.076 applied_delta_ratio=0.2634 base_norm=11.68 canvas_max=8 canvas_mean=-0.002887 canvas_min=-8 canvas_nonzero_ratio=0.007908 canvas_std=0.4953 final_norm=12.04 residual_alpha=0.5 shape_norm=13.21 source_delta_norm=6.152 source_delta_ratio=0.5268
2026-07-30 05:45:54,869 - portable_sam_fusion - INFO - [DEBUG-GATE] epoch=12 step=3500 shape_dense_alpha_max=0.5 shape_dense_alpha_mean=0.5 shape_dense_alpha_min=0.5
2026-07-30 05:45:54,869 - portable_sam_fusion - INFO - [DEBUG-JITTER] epoch=12 step=3500 area_ratio_count=64 area_ratio_mean=1 area_ratio_sum=64 fallback_count=0 mean_iou=1 num_jittered=0 num_rois=64
2026-07-30 05:45:54,869 - portable_sam_fusion - INFO - [DEBUG-SP] epoch=12 step=3500 all_invalid_count=0 all_invalid_ratio=0 empty_count=0 empty_ratio=0 full_count=0 full_ratio=0 mean_point_distance=31.54 n1_gt_valid_count=64 n1_in_gt_bg=0.8281 n1_in_gt_bg_count=53 n1_valid_count=64 n1_valid_ratio=1 n2_gt_valid_count=64 n2_in_gt_bg=0.9844 n2_in_gt_bg_count=63 n2_valid_count=64 n2_valid_ratio=1 neg_in_pred_bg=1 neg_in_pred_bg_count=128 negative_pair_count=64 negative_pair_distance_sum=2757 p1_gt_valid_count=64 p1_in_gt_fg=0.9844 p1_in_gt_fg_count=63 p1_valid_count=64 p1_valid_ratio=1 p2_gt_valid_count=64 p2_in_gt_fg=0.9844 p2_in_gt_fg_count=63 p2_valid_count=64 p2_valid_ratio=1 point_distance_sum=4038 point_overlap_count=0 point_overlap_ratio=0 point_pair_count=128 pos_in_pred_fg=1 pos_in_pred_fg_count=128 positive_pair_count=64 positive_pair_distance_sum=1281 roi_count=64 valid_neg_count=128 valid_pos_count=128 warmup_stage=2
2026-07-30 05:46:32,654 - portable_sam_fusion - INFO - Epoch 12 detailed losses: loss_rpn_cls=0.0246, loss_rpn_bbox=0.0075, loss_cls=0.2243, acc=90.9500, loss_bbox=0.1011, loss_mask=0.0021, debug_mask_pos_rois=56.2483, debug_mask_logit_mean=-15.1849, debug_mask_logit_std=3.0181, debug_mask_prob_mean=0.0054, debug_mask_prob_ge05=0.0054, debug_mask_target_fill=0.0054, loss_shape_prior=0.0240, schedule/det_weight=1.0000
2026-07-30 05:46:32,654 - portable_sam_fusion - INFO - Epoch 12 dense residual monitor: alpha=0.500000 source_delta_norm=6.8294 applied_delta_norm=3.4147 source_delta_ratio=0.584786 applied_delta_ratio=0.292393
2026-07-30 05:46:32,655 - portable_sam_fusion - INFO - Epoch 12 primary loss shares: det=93.20% final_mask=0.54% shape=6.26% p2_boundary=0.00%
2026-07-30 05:46:32,655 - portable_sam_fusion - INFO - Epoch 12 schedule: det_loss_weight=1.000 early_stop_start=20 min_delta=0.0005
2026-07-30 05:46:32,655 - portable_sam_fusion - INFO - Epoch 12 learning rates: sat_backbone=4.78e-04, mask_decoder=4.78e-04, prompt_encoder=4.78e-04, shape_prior=4.78e-04, quality_head=4.78e-04, sat_other=4.78e-04
2026-07-30 05:49:50,038 - portable_sam_fusion - INFO - Validation samples: GT=15926, DT=17798, avg_masks_per_image=28.39, avg_mask_fill=0.0046
creating index...
index created!
Loading and preparing results...
DONE (t=0.03s)
creating index...
index created!
Running per image evaluation...
Evaluate annotation type *bbox*
DONE (t=10.57s).
Accumulating evaluation results...
DONE (t=0.18s).
 Average Precision  (AP) @[ IoU=0.50:0.95 | area=   all | maxDets=100 ] = 0.653
 Average Precision  (AP) @[ IoU=0.50      | area=   all | maxDets=100 ] = 0.879
 Average Precision  (AP) @[ IoU=0.75      | area=   all | maxDets=100 ] = 0.782
 Average Precision  (AP) @[ IoU=0.50:0.95 | area= small | maxDets=100 ] = 0.257
 Average Precision  (AP) @[ IoU=0.50:0.95 | area=medium | maxDets=100 ] = 0.700
 Average Precision  (AP) @[ IoU=0.50:0.95 | area= large | maxDets=100 ] = 0.729
 Average Recall     (AR) @[ IoU=0.50:0.95 | area=   all | maxDets=  1 ] = 0.025
 Average Recall     (AR) @[ IoU=0.50:0.95 | area=   all | maxDets= 10 ] = 0.180
 Average Recall     (AR) @[ IoU=0.50:0.95 | area=   all | maxDets=100 ] = 0.710
 Average Recall     (AR) @[ IoU=0.50:0.95 | area= small | maxDets=100 ] = 0.388
 Average Recall     (AR) @[ IoU=0.50:0.95 | area=medium | maxDets=100 ] = 0.756
 Average Recall     (AR) @[ IoU=0.50:0.95 | area= large | maxDets=100 ] = 0.785
2026-07-30 05:50:00,975 - portable_sam_fusion - INFO - Validation bbox/mAP: 0.6527 bbox/mAP_75: 0.7824
Running per image evaluation...
Evaluate annotation type *segm*
DONE (t=11.08s).
Accumulating evaluation results...
DONE (t=0.17s).
 Average Precision  (AP) @[ IoU=0.50:0.95 | area=   all | maxDets=100 ] = 0.445
 Average Precision  (AP) @[ IoU=0.50      | area=   all | maxDets=100 ] = 0.848
 Average Precision  (AP) @[ IoU=0.75      | area=   all | maxDets=100 ] = 0.467
 Average Precision  (AP) @[ IoU=0.50:0.95 | area= small | maxDets=100 ] = 0.063
 Average Precision  (AP) @[ IoU=0.50:0.95 | area=medium | maxDets=100 ] = 0.460
 Average Precision  (AP) @[ IoU=0.50:0.95 | area= large | maxDets=100 ] = 0.635
 Average Recall     (AR) @[ IoU=0.50:0.95 | area=   all | maxDets=  1 ] = 0.020
 Average Recall     (AR) @[ IoU=0.50:0.95 | area=   all | maxDets= 10 ] = 0.142
 Average Recall     (AR) @[ IoU=0.50:0.95 | area=   all | maxDets=100 ] = 0.498
 Average Recall     (AR) @[ IoU=0.50:0.95 | area= small | maxDets=100 ] = 0.124
 Average Recall     (AR) @[ IoU=0.50:0.95 | area=medium | maxDets=100 ] = 0.513
 Average Recall     (AR) @[ IoU=0.50:0.95 | area= large | maxDets=100 ] = 0.688
2026-07-30 05:50:12,259 - portable_sam_fusion - INFO - Validation segm/mAP: 0.4451
2026-07-30 05:50:12,867 - portable_sam_fusion - INFO - New best bbox/mAP: 0.6527
2026-07-30 05:50:12,868 - portable_sam_fusion - INFO - Early-stop metric (segm/mAP): raw=0.4451 smooth(5)=0.4465; counter disabled before epoch 20
2026-07-30 05:50:15,340 - portable_sam_fusion - INFO - Saved best_bbox_model with bbox/mAP: 0.6527
2026-07-30 05:50:20,904 - portable_sam_fusion - INFO - Epoch 12/80 | train=0.383561 val=disabled segm/mAP=0.4451 bbox/mAP=0.6527 | best_segm=0.4595 best_bbox=0.6527 best_comp=0.0000 | sat_backbone=4.78e-04 mask_decoder=4.78e-04 prompt_encoder=4.78e-04 shape_prior=4.78e-04 quality_head=4.78e-04 sat_other=4.78e-04
2026-07-30 05:50:46,181 - portable_sam_fusion - INFO - [DEBUG-BOX] epoch=13 step=3550 fallback_count=0 fallback_ratio=0 num_rois=64 refined_proposal_iou=0 refined_proposal_iou_sum=0 refined_valid_count=0
2026-07-30 05:50:46,181 - portable_sam_fusion - INFO - [DEBUG-COARSE] epoch=13 step=3550 bce_raw=0.2062 boundary_fn=4261 boundary_fp=3110 boundary_tp=2.306e+04 dice=0.09471 dice_loss_raw=0.09471 iou=0.8299 loss_weight=0.1 raw_boundary_fn=4261 raw_boundary_fp=3110 raw_boundary_tp=2.306e+04 raw_dice_score=0.9053 raw_iou=0.8299 weighted_loss=0.03009
2026-07-30 05:50:46,181 - portable_sam_fusion - INFO - [DEBUG-CONTEXT] epoch=13 step=3550 enabled=0
2026-07-30 05:50:46,181 - portable_sam_fusion - INFO - [DEBUG-DENSE] epoch=13 step=3550 applied_delta_norm=3.365 applied_delta_ratio=0.2881 base_norm=11.68 canvas_max=8 canvas_mean=0.002513 canvas_min=-8 canvas_nonzero_ratio=0.009485 canvas_std=0.5304 final_norm=12.11 residual_alpha=0.5 shape_norm=13.5 source_delta_norm=6.73 source_delta_ratio=0.5763
2026-07-30 05:50:46,181 - portable_sam_fusion - INFO - [DEBUG-GATE] epoch=13 step=3550 shape_dense_alpha_max=0.5 shape_dense_alpha_mean=0.5 shape_dense_alpha_min=0.5
2026-07-30 05:50:46,181 - portable_sam_fusion - INFO - [DEBUG-JITTER] epoch=13 step=3550 area_ratio_count=64 area_ratio_mean=1 area_ratio_sum=64 fallback_count=0 mean_iou=1 num_jittered=0 num_rois=64
2026-07-30 05:50:46,181 - portable_sam_fusion - INFO - [DEBUG-SP] epoch=13 step=3550 all_invalid_count=0 all_invalid_ratio=0 empty_count=0 empty_ratio=0 full_count=0 full_ratio=0 mean_point_distance=33.79 n1_gt_valid_count=64 n1_in_gt_bg=0.8906 n1_in_gt_bg_count=57 n1_valid_count=64 n1_valid_ratio=1 n2_gt_valid_count=64 n2_in_gt_bg=0.9844 n2_in_gt_bg_count=63 n2_valid_count=64 n2_valid_ratio=1 neg_in_pred_bg=1 neg_in_pred_bg_count=128 negative_pair_count=64 negative_pair_distance_sum=3277 p1_gt_valid_count=64 p1_in_gt_fg=1 p1_in_gt_fg_count=64 p1_valid_count=64 p1_valid_ratio=1 p2_gt_valid_count=64 p2_in_gt_fg=1 p2_in_gt_fg_count=64 p2_valid_count=64 p2_valid_ratio=1 point_distance_sum=4325 point_overlap_count=0 point_overlap_ratio=0 point_pair_count=128 pos_in_pred_fg=1 pos_in_pred_fg_count=128 positive_pair_count=64 positive_pair_distance_sum=1049 roi_count=64 valid_neg_count=128 valid_pos_count=128 warmup_stage=2
2026-07-30 05:51:10,667 - portable_sam_fusion - INFO - epoch 13 | mini-batch 48/294 | optimizer_step 900/5920 | lr=4.771e-04
2026-07-30 05:51:38,920 - portable_sam_fusion - INFO - [DEBUG-BOX] epoch=13 step=3600 fallback_count=0 fallback_ratio=0 num_rois=64 refined_proposal_iou=0 refined_proposal_iou_sum=0 refined_valid_count=0
2026-07-30 05:51:38,920 - portable_sam_fusion - INFO - [DEBUG-COARSE] epoch=13 step=3600 bce_raw=0.1706 boundary_fn=3219 boundary_fp=3346 boundary_tp=2.31e+04 dice=0.07611 dice_loss_raw=0.07611 iou=0.8598 loss_weight=0.1 raw_boundary_fn=3219 raw_boundary_fp=3346 raw_boundary_tp=2.31e+04 raw_dice_score=0.9239 raw_iou=0.8598 weighted_loss=0.02468
2026-07-30 05:51:38,920 - portable_sam_fusion - INFO - [DEBUG-CONTEXT] epoch=13 step=3600 enabled=0
2026-07-30 05:51:38,920 - portable_sam_fusion - INFO - [DEBUG-DENSE] epoch=13 step=3600 applied_delta_norm=2.357 applied_delta_ratio=0.2018 base_norm=11.68 canvas_max=8 canvas_mean=0.004777 canvas_min=-8 canvas_nonzero_ratio=0.004722 canvas_std=0.3918 final_norm=11.91 residual_alpha=0.5 shape_norm=12.67 source_delta_norm=4.714 source_delta_ratio=0.4037
2026-07-30 05:51:38,920 - portable_sam_fusion - INFO - [DEBUG-GATE] epoch=13 step=3600 shape_dense_alpha_max=0.5 shape_dense_alpha_mean=0.5 shape_dense_alpha_min=0.5
2026-07-30 05:51:38,920 - portable_sam_fusion - INFO - [DEBUG-JITTER] epoch=13 step=3600 area_ratio_count=64 area_ratio_mean=1 area_ratio_sum=64 fallback_count=0 mean_iou=1 num_jittered=0 num_rois=64
2026-07-30 05:51:38,920 - portable_sam_fusion - INFO - [DEBUG-SP] epoch=13 step=3600 all_invalid_count=0 all_invalid_ratio=0 empty_count=0 empty_ratio=0 full_count=0 full_ratio=0 mean_point_distance=23.6 n1_gt_valid_count=64 n1_in_gt_bg=0.6719 n1_in_gt_bg_count=43 n1_valid_count=64 n1_valid_ratio=1 n2_gt_valid_count=64 n2_in_gt_bg=1 n2_in_gt_bg_count=64 n2_valid_count=64 n2_valid_ratio=1 neg_in_pred_bg=1 neg_in_pred_bg_count=128 negative_pair_count=64 negative_pair_distance_sum=2254 p1_gt_valid_count=64 p1_in_gt_fg=1 p1_in_gt_fg_count=64 p1_valid_count=64 p1_valid_ratio=1 p2_gt_valid_count=64 p2_in_gt_fg=1 p2_in_gt_fg_count=64 p2_valid_count=64 p2_valid_ratio=1 point_distance_sum=3020 point_overlap_count=0 point_overlap_ratio=0 point_pair_count=128 pos_in_pred_fg=1 pos_in_pred_fg_count=128 positive_pair_count=64 positive_pair_distance_sum=766.9 roi_count=64 valid_neg_count=128 valid_pos_count=128 warmup_stage=2
2026-07-30 05:52:46,277 - portable_sam_fusion - INFO - [DEBUG-BOX] epoch=13 step=3650 fallback_count=0 fallback_ratio=0 num_rois=64 refined_proposal_iou=0 refined_proposal_iou_sum=0 refined_valid_count=0
2026-07-30 05:52:46,277 - portable_sam_fusion - INFO - [DEBUG-COARSE] epoch=13 step=3650 bce_raw=0.1996 boundary_fn=3879 boundary_fp=3290 boundary_tp=2.313e+04 dice=0.1124 dice_loss_raw=0.1124 iou=0.8044 loss_weight=0.1 raw_boundary_fn=3879 raw_boundary_fp=3290 raw_boundary_tp=2.313e+04 raw_dice_score=0.8876 raw_iou=0.8044 weighted_loss=0.0312
2026-07-30 05:52:46,277 - portable_sam_fusion - INFO - [DEBUG-CONTEXT] epoch=13 step=3650 enabled=0
2026-07-30 05:52:46,277 - portable_sam_fusion - INFO - [DEBUG-DENSE] epoch=13 step=3650 applied_delta_norm=2.144 applied_delta_ratio=0.1836 base_norm=11.68 canvas_max=8 canvas_mean=-0.003555 canvas_min=-8 canvas_nonzero_ratio=0.004645 canvas_std=0.363 final_norm=11.85 residual_alpha=0.5 shape_norm=12.46 source_delta_norm=4.288 source_delta_ratio=0.3671
2026-07-30 05:52:46,278 - portable_sam_fusion - INFO - [DEBUG-GATE] epoch=13 step=3650 shape_dense_alpha_max=0.5 shape_dense_alpha_mean=0.5 shape_dense_alpha_min=0.5
2026-07-30 05:52:46,278 - portable_sam_fusion - INFO - [DEBUG-JITTER] epoch=13 step=3650 area_ratio_count=64 area_ratio_mean=1 area_ratio_sum=64 fallback_count=0 mean_iou=1 num_jittered=0 num_rois=64
2026-07-30 05:52:46,278 - portable_sam_fusion - INFO - [DEBUG-SP] epoch=13 step=3650 all_invalid_count=0 all_invalid_ratio=0 empty_count=0 empty_ratio=0 full_count=0 full_ratio=0 mean_point_distance=20.9 n1_gt_valid_count=64 n1_in_gt_bg=0.8281 n1_in_gt_bg_count=53 n1_valid_count=64 n1_valid_ratio=1 n2_gt_valid_count=64 n2_in_gt_bg=1 n2_in_gt_bg_count=64 n2_valid_count=64 n2_valid_ratio=1 neg_in_pred_bg=1 neg_in_pred_bg_count=128 negative_pair_count=64 negative_pair_distance_sum=1988 p1_gt_valid_count=64 p1_in_gt_fg=1 p1_in_gt_fg_count=64 p1_valid_count=64 p1_valid_ratio=1 p2_gt_valid_count=64 p2_in_gt_fg=1 p2_in_gt_fg_count=64 p2_valid_count=64 p2_valid_ratio=1 point_distance_sum=2675 point_overlap_count=0 point_overlap_ratio=0 point_pair_count=128 pos_in_pred_fg=1 pos_in_pred_fg_count=128 positive_pair_count=64 positive_pair_distance_sum=686.9 roi_count=64 valid_neg_count=128 valid_pos_count=128 warmup_stage=2
2026-07-30 05:53:43,324 - portable_sam_fusion - INFO - [DEBUG-BOX] epoch=13 step=3700 fallback_count=0 fallback_ratio=0 num_rois=0 refined_proposal_iou=0 refined_proposal_iou_sum=0 refined_valid_count=0
2026-07-30 05:53:43,324 - portable_sam_fusion - INFO - [DEBUG-COARSE] epoch=13 step=3700 boundary_fn=0 boundary_fp=0 boundary_tp=0 dice=0 iou=0
2026-07-30 05:53:43,324 - portable_sam_fusion - INFO - [DEBUG-CONTEXT] epoch=13 step=3700 enabled=0
2026-07-30 05:53:43,324 - portable_sam_fusion - INFO - [DEBUG-DENSE] epoch=13 step=3700 applied_delta_norm=3.086 applied_delta_ratio=0.2643 base_norm=11.68 canvas_max=8 canvas_mean=0.001662 canvas_min=-8 canvas_nonzero_ratio=0.007423 canvas_std=0.4614 final_norm=12.05 residual_alpha=0.5 shape_norm=13.25 source_delta_norm=6.173 source_delta_ratio=0.5286
2026-07-30 05:53:43,324 - portable_sam_fusion - INFO - [DEBUG-GATE] epoch=13 step=3700 shape_dense_alpha_max=0.5 shape_dense_alpha_mean=0.5 shape_dense_alpha_min=0.5
2026-07-30 05:53:43,324 - portable_sam_fusion - INFO - [DEBUG-JITTER] epoch=13 step=3700 area_ratio_count=0 area_ratio_mean=0 area_ratio_sum=0 fallback_count=0 mean_iou=0 num_jittered=0 num_rois=0
2026-07-30 05:53:43,324 - portable_sam_fusion - INFO - [DEBUG-SP] epoch=13 step=3700 all_invalid_count=0 all_invalid_ratio=0 empty_count=0 empty_ratio=0 full_count=0 full_ratio=0 mean_point_distance=31.23 n1_gt_valid_count=64 n1_in_gt_bg=0.8906 n1_in_gt_bg_count=57 n1_valid_count=64 n1_valid_ratio=1 n2_gt_valid_count=64 n2_in_gt_bg=1 n2_in_gt_bg_count=64 n2_valid_count=64 n2_valid_ratio=1 neg_in_pred_bg=1 neg_in_pred_bg_count=128 negative_pair_count=64 negative_pair_distance_sum=3136 p1_gt_valid_count=64 p1_in_gt_fg=1 p1_in_gt_fg_count=64 p1_valid_count=64 p1_valid_ratio=1 p2_gt_valid_count=64 p2_in_gt_fg=1 p2_in_gt_fg_count=64 p2_valid_count=64 p2_valid_ratio=1 point_distance_sum=3998 point_overlap_count=0 point_overlap_ratio=0 point_pair_count=128 pos_in_pred_fg=1 pos_in_pred_fg_count=128 positive_pair_count=64 positive_pair_distance_sum=862.1 roi_count=64 valid_neg_count=128 valid_pos_count=128 warmup_stage=2
2026-07-30 05:54:54,653 - portable_sam_fusion - INFO - [DEBUG-BOX] epoch=13 step=3750 fallback_count=0 fallback_ratio=0 num_rois=64 refined_proposal_iou=0 refined_proposal_iou_sum=0 refined_valid_count=0
2026-07-30 05:54:54,653 - portable_sam_fusion - INFO - [DEBUG-COARSE] epoch=13 step=3750 bce_raw=0.1564 boundary_fn=2888 boundary_fp=2399 boundary_tp=2.541e+04 dice=0.08038 dice_loss_raw=0.08038 iou=0.8528 loss_weight=0.1 raw_boundary_fn=2888 raw_boundary_fp=2399 raw_boundary_tp=2.541e+04 raw_dice_score=0.9196 raw_iou=0.8528 weighted_loss=0.02368
2026-07-30 05:54:54,653 - portable_sam_fusion - INFO - [DEBUG-CONTEXT] epoch=13 step=3750 enabled=0
2026-07-30 05:54:54,653 - portable_sam_fusion - INFO - [DEBUG-DENSE] epoch=13 step=3750 applied_delta_norm=3.3 applied_delta_ratio=0.2826 base_norm=11.68 canvas_max=8 canvas_mean=0.004463 canvas_min=-8 canvas_nonzero_ratio=0.008344 canvas_std=0.5074 final_norm=12.08 residual_alpha=0.5 shape_norm=13.39 source_delta_norm=6.601 source_delta_ratio=0.5652
2026-07-30 05:54:54,653 - portable_sam_fusion - INFO - [DEBUG-GATE] epoch=13 step=3750 shape_dense_alpha_max=0.5 shape_dense_alpha_mean=0.5 shape_dense_alpha_min=0.5
2026-07-30 05:54:54,653 - portable_sam_fusion - INFO - [DEBUG-JITTER] epoch=13 step=3750 area_ratio_count=64 area_ratio_mean=1 area_ratio_sum=64 fallback_count=0 mean_iou=1 num_jittered=0 num_rois=64
2026-07-30 05:54:54,653 - portable_sam_fusion - INFO - [DEBUG-SP] epoch=13 step=3750 all_invalid_count=0 all_invalid_ratio=0 empty_count=0 empty_ratio=0 full_count=0 full_ratio=0 mean_point_distance=32.77 n1_gt_valid_count=64 n1_in_gt_bg=0.8125 n1_in_gt_bg_count=52 n1_valid_count=64 n1_valid_ratio=1 n2_gt_valid_count=64 n2_in_gt_bg=0.9844 n2_in_gt_bg_count=63 n2_valid_count=64 n2_valid_ratio=1 neg_in_pred_bg=1 neg_in_pred_bg_count=128 negative_pair_count=64 negative_pair_distance_sum=3195 p1_gt_valid_count=64 p1_in_gt_fg=1 p1_in_gt_fg_count=64 p1_valid_count=64 p1_valid_ratio=1 p2_gt_valid_count=64 p2_in_gt_fg=1 p2_in_gt_fg_count=64 p2_valid_count=64 p2_valid_ratio=1 point_distance_sum=4195 point_overlap_count=0 point_overlap_ratio=0 point_pair_count=128 pos_in_pred_fg=1 pos_in_pred_fg_count=128 positive_pair_count=64 positive_pair_distance_sum=999.6 roi_count=64 valid_neg_count=128 valid_pos_count=128 warmup_stage=2
2026-07-30 05:55:30,138 - portable_sam_fusion - INFO - epoch 13 | mini-batch 248/294 | optimizer_step 950/5920 | lr=4.742e-04
2026-07-30 05:56:01,290 - portable_sam_fusion - INFO - [DEBUG-BOX] epoch=13 step=3800 fallback_count=0 fallback_ratio=0 num_rois=64 refined_proposal_iou=0 refined_proposal_iou_sum=0 refined_valid_count=0
2026-07-30 05:56:01,290 - portable_sam_fusion - INFO - [DEBUG-COARSE] epoch=13 step=3800 bce_raw=0.1286 boundary_fn=1974 boundary_fp=2438 boundary_tp=2.103e+04 dice=0.0561 dice_loss_raw=0.0561 iou=0.8944 loss_weight=0.1 raw_boundary_fn=1974 raw_boundary_fp=2438 raw_boundary_tp=2.103e+04 raw_dice_score=0.9439 raw_iou=0.8944 weighted_loss=0.01847
2026-07-30 05:56:01,290 - portable_sam_fusion - INFO - [DEBUG-CONTEXT] epoch=13 step=3800 enabled=0
2026-07-30 05:56:01,291 - portable_sam_fusion - INFO - [DEBUG-DENSE] epoch=13 step=3800 applied_delta_norm=4.502 applied_delta_ratio=0.3855 base_norm=11.68 canvas_max=8 canvas_mean=0.03802 canvas_min=-6.934 canvas_nonzero_ratio=0.02141 canvas_std=0.7092 final_norm=12.86 residual_alpha=0.5 shape_norm=15.81 source_delta_norm=9.004 source_delta_ratio=0.771
2026-07-30 05:56:01,291 - portable_sam_fusion - INFO - [DEBUG-GATE] epoch=13 step=3800 shape_dense_alpha_max=0.5 shape_dense_alpha_mean=0.5 shape_dense_alpha_min=0.5
2026-07-30 05:56:01,291 - portable_sam_fusion - INFO - [DEBUG-JITTER] epoch=13 step=3800 area_ratio_count=64 area_ratio_mean=1 area_ratio_sum=64 fallback_count=0 mean_iou=1 num_jittered=0 num_rois=64
2026-07-30 05:56:01,291 - portable_sam_fusion - INFO - [DEBUG-SP] epoch=13 step=3800 all_invalid_count=0 all_invalid_ratio=0 empty_count=0 empty_ratio=0 full_count=0 full_ratio=0 mean_point_distance=41.1 n1_gt_valid_count=64 n1_in_gt_bg=0.8125 n1_in_gt_bg_count=52 n1_valid_count=64 n1_valid_ratio=1 n2_gt_valid_count=64 n2_in_gt_bg=0.9688 n2_in_gt_bg_count=62 n2_valid_count=64 n2_valid_ratio=1 neg_in_pred_bg=1 neg_in_pred_bg_count=128 negative_pair_count=64 negative_pair_distance_sum=3937 p1_gt_valid_count=64 p1_in_gt_fg=1 p1_in_gt_fg_count=64 p1_valid_count=64 p1_valid_ratio=1 p2_gt_valid_count=64 p2_in_gt_fg=1 p2_in_gt_fg_count=64 p2_valid_count=64 p2_valid_ratio=1 point_distance_sum=5261 point_overlap_count=0 point_overlap_ratio=0 point_pair_count=128 pos_in_pred_fg=1 pos_in_pred_fg_count=128 positive_pair_count=64 positive_pair_distance_sum=1324 roi_count=64 valid_neg_count=128 valid_pos_count=128 warmup_stage=2
2026-07-30 05:56:26,973 - portable_sam_fusion - INFO - Epoch 13 detailed losses: loss_rpn_cls=0.0242, loss_rpn_bbox=0.0077, loss_cls=0.2388, acc=90.3979, loss_bbox=0.1008, loss_mask=0.0019, schedule/det_weight=1.0000, debug_mask_pos_rois=57.6088, debug_mask_logit_mean=-15.8962, debug_mask_logit_std=3.2285, debug_mask_prob_mean=0.0054, debug_mask_prob_ge05=0.0054, debug_mask_target_fill=0.0054, loss_shape_prior=0.0242
2026-07-30 05:56:26,973 - portable_sam_fusion - INFO - Epoch 13 dense residual monitor: alpha=0.500000 source_delta_norm=6.7344 applied_delta_norm=3.3672 source_delta_ratio=0.576653 applied_delta_ratio=0.288326
2026-07-30 05:56:26,973 - portable_sam_fusion - INFO - Epoch 13 primary loss shares: det=93.42% final_mask=0.48% shape=6.10% p2_boundary=0.00%
2026-07-30 05:56:26,973 - portable_sam_fusion - INFO - Epoch 13 schedule: det_loss_weight=1.000 early_stop_start=20 min_delta=0.0005
2026-07-30 05:56:26,973 - portable_sam_fusion - INFO - Epoch 13 learning rates: sat_backbone=4.73e-04, mask_decoder=4.73e-04, prompt_encoder=4.73e-04, shape_prior=4.73e-04, quality_head=4.73e-04, sat_other=4.73e-04
2026-07-30 05:59:38,295 - portable_sam_fusion - INFO - Validation samples: GT=15926, DT=18803, avg_masks_per_image=29.99, avg_mask_fill=0.0058
creating index...
index created!
Loading and preparing results...
DONE (t=0.02s)
creating index...
index created!
Running per image evaluation...
Evaluate annotation type *bbox*
DONE (t=10.82s).
Accumulating evaluation results...
DONE (t=0.19s).
 Average Precision  (AP) @[ IoU=0.50:0.95 | area=   all | maxDets=100 ] = 0.656
 Average Precision  (AP) @[ IoU=0.50      | area=   all | maxDets=100 ] = 0.885
 Average Precision  (AP) @[ IoU=0.75      | area=   all | maxDets=100 ] = 0.783
 Average Precision  (AP) @[ IoU=0.50:0.95 | area= small | maxDets=100 ] = 0.268
 Average Precision  (AP) @[ IoU=0.50:0.95 | area=medium | maxDets=100 ] = 0.718
 Average Precision  (AP) @[ IoU=0.50:0.95 | area= large | maxDets=100 ] = 0.698
 Average Recall     (AR) @[ IoU=0.50:0.95 | area=   all | maxDets=  1 ] = 0.024
 Average Recall     (AR) @[ IoU=0.50:0.95 | area=   all | maxDets= 10 ] = 0.178
 Average Recall     (AR) @[ IoU=0.50:0.95 | area=   all | maxDets=100 ] = 0.714
 Average Recall     (AR) @[ IoU=0.50:0.95 | area= small | maxDets=100 ] = 0.379
 Average Recall     (AR) @[ IoU=0.50:0.95 | area=medium | maxDets=100 ] = 0.774
 Average Recall     (AR) @[ IoU=0.50:0.95 | area= large | maxDets=100 ] = 0.759
2026-07-30 05:59:49,505 - portable_sam_fusion - INFO - Validation bbox/mAP: 0.6560 bbox/mAP_75: 0.7830
Running per image evaluation...
Evaluate annotation type *segm*
DONE (t=11.37s).
Accumulating evaluation results...
DONE (t=0.18s).
 Average Precision  (AP) @[ IoU=0.50:0.95 | area=   all | maxDets=100 ] = 0.446
 Average Precision  (AP) @[ IoU=0.50      | area=   all | maxDets=100 ] = 0.848
 Average Precision  (AP) @[ IoU=0.75      | area=   all | maxDets=100 ] = 0.473
 Average Precision  (AP) @[ IoU=0.50:0.95 | area= small | maxDets=100 ] = 0.050
 Average Precision  (AP) @[ IoU=0.50:0.95 | area=medium | maxDets=100 ] = 0.460
 Average Precision  (AP) @[ IoU=0.50:0.95 | area= large | maxDets=100 ] = 0.640
 Average Recall     (AR) @[ IoU=0.50:0.95 | area=   all | maxDets=  1 ] = 0.021
 Average Recall     (AR) @[ IoU=0.50:0.95 | area=   all | maxDets= 10 ] = 0.143
 Average Recall     (AR) @[ IoU=0.50:0.95 | area=   all | maxDets=100 ] = 0.486
 Average Recall     (AR) @[ IoU=0.50:0.95 | area= small | maxDets=100 ] = 0.090
 Average Recall     (AR) @[ IoU=0.50:0.95 | area=medium | maxDets=100 ] = 0.502
 Average Recall     (AR) @[ IoU=0.50:0.95 | area= large | maxDets=100 ] = 0.689
2026-07-30 06:00:01,090 - portable_sam_fusion - INFO - Validation segm/mAP: 0.4462
2026-07-30 06:00:01,648 - portable_sam_fusion - INFO - New best bbox/mAP: 0.6560
2026-07-30 06:00:01,648 - portable_sam_fusion - INFO - Early-stop metric (segm/mAP): raw=0.4462 smooth(5)=0.4460; counter disabled before epoch 20
2026-07-30 06:00:04,178 - portable_sam_fusion - INFO - Saved best_bbox_model with bbox/mAP: 0.6560
2026-07-30 06:00:09,781 - portable_sam_fusion - INFO - Epoch 13/80 | train=0.397645 val=disabled segm/mAP=0.4462 bbox/mAP=0.6560 | best_segm=0.4595 best_bbox=0.6560 best_comp=0.0000 | sat_backbone=4.73e-04 mask_decoder=4.73e-04 prompt_encoder=4.73e-04 shape_prior=4.73e-04 quality_head=4.73e-04 sat_other=4.73e-04
2026-07-30 06:00:38,117 - portable_sam_fusion - INFO - [DEBUG-BOX] epoch=14 step=3850 fallback_count=0 fallback_ratio=0 num_rois=64 refined_proposal_iou=0 refined_proposal_iou_sum=0 refined_valid_count=0
2026-07-30 06:00:38,117 - portable_sam_fusion - INFO - [DEBUG-COARSE] epoch=14 step=3850 bce_raw=0.105 boundary_fn=1232 boundary_fp=1534 boundary_tp=2.132e+04 dice=0.04423 dice_loss_raw=0.04423 iou=0.9161 loss_weight=0.1 raw_boundary_fn=1232 raw_boundary_fp=1534 raw_boundary_tp=2.132e+04 raw_dice_score=0.9558 raw_iou=0.9161 weighted_loss=0.01493
2026-07-30 06:00:38,117 - portable_sam_fusion - INFO - [DEBUG-CONTEXT] epoch=14 step=3850 enabled=0
2026-07-30 06:00:38,117 - portable_sam_fusion - INFO - [DEBUG-DENSE] epoch=14 step=3850 applied_delta_norm=2.692 applied_delta_ratio=0.2305 base_norm=11.68 canvas_max=8 canvas_mean=0.01309 canvas_min=-7.996 canvas_nonzero_ratio=0.005177 canvas_std=0.4133 final_norm=11.94 residual_alpha=0.5 shape_norm=12.8 source_delta_norm=5.384 source_delta_ratio=0.461
2026-07-30 06:00:38,117 - portable_sam_fusion - INFO - [DEBUG-GATE] epoch=14 step=3850 shape_dense_alpha_max=0.5 shape_dense_alpha_mean=0.5 shape_dense_alpha_min=0.5
2026-07-30 06:00:38,117 - portable_sam_fusion - INFO - [DEBUG-JITTER] epoch=14 step=3850 area_ratio_count=64 area_ratio_mean=1 area_ratio_sum=64 fallback_count=0 mean_iou=1 num_jittered=0 num_rois=64
2026-07-30 06:00:38,117 - portable_sam_fusion - INFO - [DEBUG-SP] epoch=14 step=3850 all_invalid_count=0 all_invalid_ratio=0 empty_count=0 empty_ratio=0 full_count=1 full_ratio=0.01562 mean_point_distance=20.62 n1_gt_valid_count=63 n1_in_gt_bg=0.746 n1_in_gt_bg_count=47 n1_valid_count=63 n1_valid_ratio=0.9844 n2_gt_valid_count=63 n2_in_gt_bg=1 n2_in_gt_bg_count=63 n2_valid_count=63 n2_valid_ratio=0.9844 neg_in_pred_bg=1 neg_in_pred_bg_count=126 negative_pair_count=63 negative_pair_distance_sum=1973 p1_gt_valid_count=64 p1_in_gt_fg=1 p1_in_gt_fg_count=64 p1_valid_count=64 p1_valid_ratio=1 p2_gt_valid_count=64 p2_in_gt_fg=1 p2_in_gt_fg_count=64 p2_valid_count=64 p2_valid_ratio=1 point_distance_sum=2619 point_overlap_count=0 point_overlap_ratio=0 point_pair_count=127 pos_in_pred_fg=1 pos_in_pred_fg_count=128 positive_pair_count=64 positive_pair_distance_sum=645.8 roi_count=64 valid_neg_count=126 valid_pos_count=128 warmup_stage=2
2026-07-30 06:01:36,160 - portable_sam_fusion - INFO - [DEBUG-BOX] epoch=14 step=3900 fallback_count=0 fallback_ratio=0 num_rois=64 refined_proposal_iou=0 refined_proposal_iou_sum=0 refined_valid_count=0
2026-07-30 06:01:36,160 - portable_sam_fusion - INFO - [DEBUG-COARSE] epoch=14 step=3900 bce_raw=0.1742 boundary_fn=3077 boundary_fp=3453 boundary_tp=2.256e+04 dice=0.08106 dice_loss_raw=0.08106 iou=0.8529 loss_weight=0.1 raw_boundary_fn=3077 raw_boundary_fp=3453 raw_boundary_tp=2.256e+04 raw_dice_score=0.9189 raw_iou=0.8529 weighted_loss=0.02552
2026-07-30 06:01:36,160 - portable_sam_fusion - INFO - [DEBUG-CONTEXT] epoch=14 step=3900 enabled=0
2026-07-30 06:01:36,160 - portable_sam_fusion - INFO - [DEBUG-DENSE] epoch=14 step=3900 applied_delta_norm=2.698 applied_delta_ratio=0.231 base_norm=11.68 canvas_max=8 canvas_mean=0.007976 canvas_min=-8 canvas_nonzero_ratio=0.005808 canvas_std=0.4164 final_norm=11.96 residual_alpha=0.5 shape_norm=12.88 source_delta_norm=5.395 source_delta_ratio=0.462
2026-07-30 06:01:36,160 - portable_sam_fusion - INFO - [DEBUG-GATE] epoch=14 step=3900 shape_dense_alpha_max=0.5 shape_dense_alpha_mean=0.5 shape_dense_alpha_min=0.5
2026-07-30 06:01:36,160 - portable_sam_fusion - INFO - [DEBUG-JITTER] epoch=14 step=3900 area_ratio_count=64 area_ratio_mean=1 area_ratio_sum=64 fallback_count=0 mean_iou=1 num_jittered=0 num_rois=64
2026-07-30 06:01:36,160 - portable_sam_fusion - INFO - [DEBUG-SP] epoch=14 step=3900 all_invalid_count=0 all_invalid_ratio=0 empty_count=0 empty_ratio=0 full_count=0 full_ratio=0 mean_point_distance=29.06 n1_gt_valid_count=64 n1_in_gt_bg=0.9375 n1_in_gt_bg_count=60 n1_valid_count=64 n1_valid_ratio=1 n2_gt_valid_count=64 n2_in_gt_bg=1 n2_in_gt_bg_count=64 n2_valid_count=64 n2_valid_ratio=1 neg_in_pred_bg=1 neg_in_pred_bg_count=128 negative_pair_count=64 negative_pair_distance_sum=2750 p1_gt_valid_count=64 p1_in_gt_fg=1 p1_in_gt_fg_count=64 p1_valid_count=64 p1_valid_ratio=1 p2_gt_valid_count=64 p2_in_gt_fg=1 p2_in_gt_fg_count=64 p2_valid_count=64 p2_valid_ratio=1 point_distance_sum=3719 point_overlap_count=0 point_overlap_ratio=0 point_pair_count=128 pos_in_pred_fg=1 pos_in_pred_fg_count=128 positive_pair_count=64 positive_pair_distance_sum=969.8 roi_count=64 valid_neg_count=128 valid_pos_count=128 warmup_stage=2
2026-07-30 06:02:37,564 - portable_sam_fusion - INFO - [DEBUG-BOX] epoch=14 step=3950 fallback_count=0 fallback_ratio=0 num_rois=64 refined_proposal_iou=0 refined_proposal_iou_sum=0 refined_valid_count=0
2026-07-30 06:02:37,564 - portable_sam_fusion - INFO - [DEBUG-COARSE] epoch=14 step=3950 bce_raw=0.1573 boundary_fn=2596 boundary_fp=2535 boundary_tp=2.291e+04 dice=0.07252 dice_loss_raw=0.07252 iou=0.8662 loss_weight=0.1 raw_boundary_fn=2596 raw_boundary_fp=2535 raw_boundary_tp=2.291e+04 raw_dice_score=0.9275 raw_iou=0.8662 weighted_loss=0.02298
2026-07-30 06:02:37,564 - portable_sam_fusion - INFO - [DEBUG-CONTEXT] epoch=14 step=3950 enabled=0
2026-07-30 06:02:37,564 - portable_sam_fusion - INFO - [DEBUG-DENSE] epoch=14 step=3950 applied_delta_norm=3.559 applied_delta_ratio=0.3048 base_norm=11.68 canvas_max=8 canvas_mean=-0.002329 canvas_min=-8 canvas_nonzero_ratio=0.01214 canvas_std=0.6043 final_norm=12.27 residual_alpha=0.5 shape_norm=14.06 source_delta_norm=7.119 source_delta_ratio=0.6096
2026-07-30 06:02:37,564 - portable_sam_fusion - INFO - [DEBUG-GATE] epoch=14 step=3950 shape_dense_alpha_max=0.5 shape_dense_alpha_mean=0.5 shape_dense_alpha_min=0.5
2026-07-30 06:02:37,564 - portable_sam_fusion - INFO - [DEBUG-JITTER] epoch=14 step=3950 area_ratio_count=64 area_ratio_mean=1 area_ratio_sum=64 fallback_count=0 mean_iou=1 num_jittered=0 num_rois=64
2026-07-30 06:02:37,564 - portable_sam_fusion - INFO - [DEBUG-SP] epoch=14 step=3950 all_invalid_count=0 all_invalid_ratio=0 empty_count=0 empty_ratio=0 full_count=0 full_ratio=0 mean_point_distance=39.44 n1_gt_valid_count=64 n1_in_gt_bg=0.7031 n1_in_gt_bg_count=45 n1_valid_count=64 n1_valid_ratio=1 n2_gt_valid_count=64 n2_in_gt_bg=0.9844 n2_in_gt_bg_count=63 n2_valid_count=64 n2_valid_ratio=1 neg_in_pred_bg=1 neg_in_pred_bg_count=128 negative_pair_count=64 negative_pair_distance_sum=3901 p1_gt_valid_count=64 p1_in_gt_fg=1 p1_in_gt_fg_count=64 p1_valid_count=64 p1_valid_ratio=1 p2_gt_valid_count=64 p2_in_gt_fg=1 p2_in_gt_fg_count=64 p2_valid_count=64 p2_valid_ratio=1 point_distance_sum=5048 point_overlap_count=0 point_overlap_ratio=0 point_pair_count=128 pos_in_pred_fg=1 pos_in_pred_fg_count=128 positive_pair_count=64 positive_pair_distance_sum=1148 roi_count=64 valid_neg_count=128 valid_pos_count=128 warmup_stage=2
2026-07-30 06:03:07,814 - portable_sam_fusion - INFO - epoch 14 | mini-batch 152/294 | optimizer_step 1000/5920 | lr=4.711e-04
2026-07-30 06:03:40,120 - portable_sam_fusion - INFO - [DEBUG-BOX] epoch=14 step=4000 fallback_count=0 fallback_ratio=0 num_rois=64 refined_proposal_iou=0 refined_proposal_iou_sum=0 refined_valid_count=0
2026-07-30 06:03:40,121 - portable_sam_fusion - INFO - [DEBUG-COARSE] epoch=14 step=4000 bce_raw=0.1672 boundary_fn=3190 boundary_fp=1999 boundary_tp=2.522e+04 dice=0.08463 dice_loss_raw=0.08463 iou=0.8457 loss_weight=0.1 raw_boundary_fn=3190 raw_boundary_fp=1999 raw_boundary_tp=2.522e+04 raw_dice_score=0.9154 raw_iou=0.8457 weighted_loss=0.02519
2026-07-30 06:03:40,121 - portable_sam_fusion - INFO - [DEBUG-CONTEXT] epoch=14 step=4000 enabled=0
2026-07-30 06:03:40,121 - portable_sam_fusion - INFO - [DEBUG-DENSE] epoch=14 step=4000 applied_delta_norm=3.155 applied_delta_ratio=0.2701 base_norm=11.68 canvas_max=8 canvas_mean=0.007 canvas_min=-8 canvas_nonzero_ratio=0.007736 canvas_std=0.4883 final_norm=12.04 residual_alpha=0.5 shape_norm=13.25 source_delta_norm=6.309 source_delta_ratio=0.5403
2026-07-30 06:03:40,121 - portable_sam_fusion - INFO - [DEBUG-GATE] epoch=14 step=4000 shape_dense_alpha_max=0.5 shape_dense_alpha_mean=0.5 shape_dense_alpha_min=0.5
2026-07-30 06:03:40,121 - portable_sam_fusion - INFO - [DEBUG-JITTER] epoch=14 step=4000 area_ratio_count=64 area_ratio_mean=1 area_ratio_sum=64 fallback_count=0 mean_iou=1 num_jittered=0 num_rois=64
2026-07-30 06:03:40,121 - portable_sam_fusion - INFO - [DEBUG-SP] epoch=14 step=4000 all_invalid_count=0 all_invalid_ratio=0 empty_count=0 empty_ratio=0 full_count=0 full_ratio=0 mean_point_distance=31.33 n1_gt_valid_count=64 n1_in_gt_bg=0.9844 n1_in_gt_bg_count=63 n1_valid_count=64 n1_valid_ratio=1 n2_gt_valid_count=63 n2_in_gt_bg=1 n2_in_gt_bg_count=63 n2_valid_count=63 n2_valid_ratio=0.9844 neg_in_pred_bg=1 neg_in_pred_bg_count=127 negative_pair_count=63 negative_pair_distance_sum=3022 p1_gt_valid_count=64 p1_in_gt_fg=1 p1_in_gt_fg_count=64 p1_valid_count=64 p1_valid_ratio=1 p2_gt_valid_count=64 p2_in_gt_fg=1 p2_in_gt_fg_count=64 p2_valid_count=64 p2_valid_ratio=1 point_distance_sum=3979 point_overlap_count=0 point_overlap_ratio=0 point_pair_count=127 pos_in_pred_fg=1 pos_in_pred_fg_count=128 positive_pair_count=64 positive_pair_distance_sum=957 roi_count=64 valid_neg_count=127 valid_pos_count=128 warmup_stage=2
2026-07-30 06:04:49,368 - portable_sam_fusion - INFO - [DEBUG-BOX] epoch=14 step=4050 fallback_count=0 fallback_ratio=0 num_rois=64 refined_proposal_iou=0 refined_proposal_iou_sum=0 refined_valid_count=0
2026-07-30 06:04:49,368 - portable_sam_fusion - INFO - [DEBUG-COARSE] epoch=14 step=4050 bce_raw=0.1728 boundary_fn=2375 boundary_fp=2684 boundary_tp=2.499e+04 dice=0.1037 dice_loss_raw=0.1037 iou=0.8171 loss_weight=0.1 raw_boundary_fn=2375 raw_boundary_fp=2684 raw_boundary_tp=2.499e+04 raw_dice_score=0.8963 raw_iou=0.8171 weighted_loss=0.02765
2026-07-30 06:04:49,368 - portable_sam_fusion - INFO - [DEBUG-CONTEXT] epoch=14 step=4050 enabled=0
2026-07-30 06:04:49,368 - portable_sam_fusion - INFO - [DEBUG-DENSE] epoch=14 step=4050 applied_delta_norm=3.633 applied_delta_ratio=0.3111 base_norm=11.68 canvas_max=8 canvas_mean=-0.006675 canvas_min=-8 canvas_nonzero_ratio=0.01193 canvas_std=0.5542 final_norm=12.24 residual_alpha=0.5 shape_norm=13.93 source_delta_norm=7.267 source_delta_ratio=0.6222
2026-07-30 06:04:49,368 - portable_sam_fusion - INFO - [DEBUG-GATE] epoch=14 step=4050 shape_dense_alpha_max=0.5 shape_dense_alpha_mean=0.5 shape_dense_alpha_min=0.5
2026-07-30 06:04:49,368 - portable_sam_fusion - INFO - [DEBUG-JITTER] epoch=14 step=4050 area_ratio_count=64 area_ratio_mean=1 area_ratio_sum=64 fallback_count=0 mean_iou=1 num_jittered=0 num_rois=64
2026-07-30 06:04:49,368 - portable_sam_fusion - INFO - [DEBUG-SP] epoch=14 step=4050 all_invalid_count=0 all_invalid_ratio=0 empty_count=0 empty_ratio=0 full_count=0 full_ratio=0 mean_point_distance=42.19 n1_gt_valid_count=64 n1_in_gt_bg=0.875 n1_in_gt_bg_count=56 n1_valid_count=64 n1_valid_ratio=1 n2_gt_valid_count=64 n2_in_gt_bg=1 n2_in_gt_bg_count=64 n2_valid_count=64 n2_valid_ratio=1 neg_in_pred_bg=1 neg_in_pred_bg_count=128 negative_pair_count=64 negative_pair_distance_sum=3914 p1_gt_valid_count=64 p1_in_gt_fg=1 p1_in_gt_fg_count=64 p1_valid_count=64 p1_valid_ratio=1 p2_gt_valid_count=64 p2_in_gt_fg=1 p2_in_gt_fg_count=64 p2_valid_count=64 p2_valid_ratio=1 point_distance_sum=5401 point_overlap_count=0 point_overlap_ratio=0 point_pair_count=128 pos_in_pred_fg=1 pos_in_pred_fg_count=128 positive_pair_count=64 positive_pair_distance_sum=1487 roi_count=64 valid_neg_count=128 valid_pos_count=128 warmup_stage=2
2026-07-30 06:05:55,852 - portable_sam_fusion - INFO - [DEBUG-BOX] epoch=14 step=4100 fallback_count=0 fallback_ratio=0 num_rois=0 refined_proposal_iou=0 refined_proposal_iou_sum=0 refined_valid_count=0
2026-07-30 06:05:55,852 - portable_sam_fusion - INFO - [DEBUG-COARSE] epoch=14 step=4100 boundary_fn=0 boundary_fp=0 boundary_tp=0 dice=0 iou=0
2026-07-30 06:05:55,852 - portable_sam_fusion - INFO - [DEBUG-CONTEXT] epoch=14 step=4100 enabled=0
2026-07-30 06:05:55,852 - portable_sam_fusion - INFO - [DEBUG-DENSE] epoch=14 step=4100 applied_delta_norm=2.587 applied_delta_ratio=0.2215 base_norm=11.68 canvas_max=8 canvas_mean=-0.001006 canvas_min=-8 canvas_nonzero_ratio=0.006397 canvas_std=0.4464 final_norm=11.94 residual_alpha=0.5 shape_norm=12.82 source_delta_norm=5.173 source_delta_ratio=0.443
2026-07-30 06:05:55,852 - portable_sam_fusion - INFO - [DEBUG-GATE] epoch=14 step=4100 shape_dense_alpha_max=0.5 shape_dense_alpha_mean=0.5 shape_dense_alpha_min=0.5
2026-07-30 06:05:55,852 - portable_sam_fusion - INFO - [DEBUG-JITTER] epoch=14 step=4100 area_ratio_count=0 area_ratio_mean=0 area_ratio_sum=0 fallback_count=0 mean_iou=0 num_jittered=0 num_rois=0
2026-07-30 06:05:55,852 - portable_sam_fusion - INFO - [DEBUG-SP] epoch=14 step=4100 all_invalid_count=0 all_invalid_ratio=0 empty_count=0 empty_ratio=0 full_count=0 full_ratio=0 mean_point_distance=26.93 n1_gt_valid_count=64 n1_in_gt_bg=0.9531 n1_in_gt_bg_count=61 n1_valid_count=64 n1_valid_ratio=1 n2_gt_valid_count=64 n2_in_gt_bg=1 n2_in_gt_bg_count=64 n2_valid_count=64 n2_valid_ratio=1 neg_in_pred_bg=1 neg_in_pred_bg_count=128 negative_pair_count=64 negative_pair_distance_sum=2519 p1_gt_valid_count=64 p1_in_gt_fg=1 p1_in_gt_fg_count=64 p1_valid_count=64 p1_valid_ratio=1 p2_gt_valid_count=64 p2_in_gt_fg=1 p2_in_gt_fg_count=64 p2_valid_count=64 p2_valid_ratio=1 point_distance_sum=3447 point_overlap_count=0 point_overlap_ratio=0 point_pair_count=128 pos_in_pred_fg=1 pos_in_pred_fg_count=128 positive_pair_count=64 positive_pair_distance_sum=927.9 roi_count=64 valid_neg_count=128 valid_pos_count=128 warmup_stage=2
2026-07-30 06:06:14,317 - portable_sam_fusion - INFO - Epoch 14 detailed losses: loss_rpn_cls=0.0194, loss_rpn_bbox=0.0064, loss_cls=0.2140, acc=91.5349, loss_bbox=0.0885, loss_mask=0.0014, debug_mask_pos_rois=55.6633, debug_mask_logit_mean=-15.9587, debug_mask_logit_std=3.0749, debug_mask_prob_mean=0.0046, debug_mask_prob_ge05=0.0045, debug_mask_target_fill=0.0045, loss_shape_prior=0.0234, schedule/det_weight=1.0000
2026-07-30 06:06:14,317 - portable_sam_fusion - INFO - Epoch 14 dense residual monitor: alpha=0.500000 source_delta_norm=6.7233 applied_delta_norm=3.3617 source_delta_ratio=0.575706 applied_delta_ratio=0.287853
2026-07-30 06:06:14,317 - portable_sam_fusion - INFO - Epoch 14 primary loss shares: det=92.97% final_mask=0.41% shape=6.63% p2_boundary=0.00%
2026-07-30 06:06:14,318 - portable_sam_fusion - INFO - Epoch 14 schedule: det_loss_weight=1.000 early_stop_start=20 min_delta=0.0005
2026-07-30 06:06:14,318 - portable_sam_fusion - INFO - Epoch 14 learning rates: sat_backbone=4.69e-04, mask_decoder=4.69e-04, prompt_encoder=4.69e-04, shape_prior=4.69e-04, quality_head=4.69e-04, sat_other=4.69e-04
2026-07-30 06:09:28,190 - portable_sam_fusion - INFO - Validation samples: GT=15926, DT=18578, avg_masks_per_image=29.63, avg_mask_fill=0.0058
creating index...
index created!
Loading and preparing results...
DONE (t=0.03s)
creating index...
index created!
Running per image evaluation...
Evaluate annotation type *bbox*
DONE (t=10.82s).
Accumulating evaluation results...
DONE (t=0.19s).
 Average Precision  (AP) @[ IoU=0.50:0.95 | area=   all | maxDets=100 ] = 0.668
 Average Precision  (AP) @[ IoU=0.50      | area=   all | maxDets=100 ] = 0.895
 Average Precision  (AP) @[ IoU=0.75      | area=   all | maxDets=100 ] = 0.798
 Average Precision  (AP) @[ IoU=0.50:0.95 | area= small | maxDets=100 ] = 0.288
 Average Precision  (AP) @[ IoU=0.50:0.95 | area=medium | maxDets=100 ] = 0.713
 Average Precision  (AP) @[ IoU=0.50:0.95 | area= large | maxDets=100 ] = 0.731
 Average Recall     (AR) @[ IoU=0.50:0.95 | area=   all | maxDets=  1 ] = 0.025
 Average Recall     (AR) @[ IoU=0.50:0.95 | area=   all | maxDets= 10 ] = 0.183
 Average Recall     (AR) @[ IoU=0.50:0.95 | area=   all | maxDets=100 ] = 0.721
 Average Recall     (AR) @[ IoU=0.50:0.95 | area= small | maxDets=100 ] = 0.421
 Average Recall     (AR) @[ IoU=0.50:0.95 | area=medium | maxDets=100 ] = 0.771
 Average Recall     (AR) @[ IoU=0.50:0.95 | area= large | maxDets=100 ] = 0.772
2026-07-30 06:09:39,404 - portable_sam_fusion - INFO - Validation bbox/mAP: 0.6675 bbox/mAP_75: 0.7984
Running per image evaluation...
Evaluate annotation type *segm*
DONE (t=11.31s).
Accumulating evaluation results...
DONE (t=0.18s).
 Average Precision  (AP) @[ IoU=0.50:0.95 | area=   all | maxDets=100 ] = 0.466
 Average Precision  (AP) @[ IoU=0.50      | area=   all | maxDets=100 ] = 0.866
 Average Precision  (AP) @[ IoU=0.75      | area=   all | maxDets=100 ] = 0.503
 Average Precision  (AP) @[ IoU=0.50:0.95 | area= small | maxDets=100 ] = 0.073
 Average Precision  (AP) @[ IoU=0.50:0.95 | area=medium | maxDets=100 ] = 0.489
 Average Precision  (AP) @[ IoU=0.50:0.95 | area= large | maxDets=100 ] = 0.662
 Average Recall     (AR) @[ IoU=0.50:0.95 | area=   all | maxDets=  1 ] = 0.020
 Average Recall     (AR) @[ IoU=0.50:0.95 | area=   all | maxDets= 10 ] = 0.147
 Average Recall     (AR) @[ IoU=0.50:0.95 | area=   all | maxDets=100 ] = 0.518
 Average Recall     (AR) @[ IoU=0.50:0.95 | area= small | maxDets=100 ] = 0.131
 Average Recall     (AR) @[ IoU=0.50:0.95 | area=medium | maxDets=100 ] = 0.536
 Average Recall     (AR) @[ IoU=0.50:0.95 | area= large | maxDets=100 ] = 0.706
2026-07-30 06:09:50,930 - portable_sam_fusion - INFO - Validation segm/mAP: 0.4663
2026-07-30 06:09:51,491 - portable_sam_fusion - INFO - New best segm/mAP: 0.4663
2026-07-30 06:09:51,492 - portable_sam_fusion - INFO - New best bbox/mAP: 0.6675
2026-07-30 06:09:51,492 - portable_sam_fusion - INFO - New best early-stop metric (segm/mAP): raw=0.4663 smooth(5)=0.4503
2026-07-30 06:09:54,044 - portable_sam_fusion - INFO - Saved best_model with segm/mAP: 0.4663
2026-07-30 06:09:56,706 - portable_sam_fusion - INFO - Saved best_bbox_model with bbox/mAP: 0.6675
2026-07-30 06:10:02,162 - portable_sam_fusion - INFO - Epoch 14/80 | train=0.353175 val=disabled segm/mAP=0.4663 bbox/mAP=0.6675 | best_segm=0.4663 best_bbox=0.6675 best_comp=0.0000 | sat_backbone=4.69e-04 mask_decoder=4.69e-04 prompt_encoder=4.69e-04 shape_prior=4.69e-04 quality_head=4.69e-04 sat_other=4.69e-04
2026-07-30 06:10:37,847 - portable_sam_fusion - INFO - [DEBUG-BOX] epoch=15 step=4150 fallback_count=0 fallback_ratio=0 num_rois=64 refined_proposal_iou=0 refined_proposal_iou_sum=0 refined_valid_count=0
2026-07-30 06:10:37,848 - portable_sam_fusion - INFO - [DEBUG-COARSE] epoch=15 step=4150 bce_raw=0.1977 boundary_fn=3320 boundary_fp=3226 boundary_tp=2.116e+04 dice=0.08095 dice_loss_raw=0.08095 iou=0.8525 loss_weight=0.1 raw_boundary_fn=3320 raw_boundary_fp=3226 raw_boundary_tp=2.116e+04 raw_dice_score=0.919 raw_iou=0.8525 weighted_loss=0.02787
2026-07-30 06:10:37,848 - portable_sam_fusion - INFO - [DEBUG-CONTEXT] epoch=15 step=4150 enabled=0
2026-07-30 06:10:37,848 - portable_sam_fusion - INFO - [DEBUG-DENSE] epoch=15 step=4150 applied_delta_norm=2.338 applied_delta_ratio=0.2002 base_norm=11.68 canvas_max=8 canvas_mean=0.002197 canvas_min=-8 canvas_nonzero_ratio=0.005125 canvas_std=0.4125 final_norm=11.92 residual_alpha=0.5 shape_norm=12.69 source_delta_norm=4.675 source_delta_ratio=0.4003
2026-07-30 06:10:37,848 - portable_sam_fusion - INFO - [DEBUG-GATE] epoch=15 step=4150 shape_dense_alpha_max=0.5 shape_dense_alpha_mean=0.5 shape_dense_alpha_min=0.5
2026-07-30 06:10:37,848 - portable_sam_fusion - INFO - [DEBUG-JITTER] epoch=15 step=4150 area_ratio_count=64 area_ratio_mean=1 area_ratio_sum=64 fallback_count=0 mean_iou=1 num_jittered=0 num_rois=64
2026-07-30 06:10:37,848 - portable_sam_fusion - INFO - [DEBUG-SP] epoch=15 step=4150 all_invalid_count=0 all_invalid_ratio=0 empty_count=0 empty_ratio=0 full_count=0 full_ratio=0 mean_point_distance=24.59 n1_gt_valid_count=64 n1_in_gt_bg=0.8281 n1_in_gt_bg_count=53 n1_valid_count=64 n1_valid_ratio=1 n2_gt_valid_count=63 n2_in_gt_bg=1 n2_in_gt_bg_count=63 n2_valid_count=63 n2_valid_ratio=0.9844 neg_in_pred_bg=1 neg_in_pred_bg_count=127 negative_pair_count=63 negative_pair_distance_sum=2304 p1_gt_valid_count=64 p1_in_gt_fg=1 p1_in_gt_fg_count=64 p1_valid_count=64 p1_valid_ratio=1 p2_gt_valid_count=64 p2_in_gt_fg=1 p2_in_gt_fg_count=64 p2_valid_count=64 p2_valid_ratio=1 point_distance_sum=3123 point_overlap_count=0 point_overlap_ratio=0 point_pair_count=127 pos_in_pred_fg=1 pos_in_pred_fg_count=128 positive_pair_count=64 positive_pair_distance_sum=819.3 roi_count=64 valid_neg_count=127 valid_pos_count=128 warmup_stage=2
2026-07-30 06:10:56,968 - portable_sam_fusion - INFO - epoch 15 | mini-batch 56/294 | optimizer_step 1050/5920 | lr=4.679e-04
2026-07-30 06:11:34,451 - portable_sam_fusion - INFO - [DEBUG-BOX] epoch=15 step=4200 fallback_count=0 fallback_ratio=0 num_rois=64 refined_proposal_iou=0 refined_proposal_iou_sum=0 refined_valid_count=0
2026-07-30 06:11:34,452 - portable_sam_fusion - INFO - [DEBUG-COARSE] epoch=15 step=4200 bce_raw=0.1644 boundary_fn=2727 boundary_fp=2974 boundary_tp=2.342e+04 dice=0.07166 dice_loss_raw=0.07166 iou=0.8679 loss_weight=0.1 raw_boundary_fn=2727 raw_boundary_fp=2974 raw_boundary_tp=2.342e+04 raw_dice_score=0.9283 raw_iou=0.8679 weighted_loss=0.02361
2026-07-30 06:11:34,452 - portable_sam_fusion - INFO - [DEBUG-CONTEXT] epoch=15 step=4200 enabled=0
2026-07-30 06:11:34,452 - portable_sam_fusion - INFO - [DEBUG-DENSE] epoch=15 step=4200 applied_delta_norm=2.865 applied_delta_ratio=0.2453 base_norm=11.68 canvas_max=8 canvas_mean=0.01138 canvas_min=-8 canvas_nonzero_ratio=0.007171 canvas_std=0.464 final_norm=12.03 residual_alpha=0.5 shape_norm=13.17 source_delta_norm=5.73 source_delta_ratio=0.4906
2026-07-30 06:11:34,452 - portable_sam_fusion - INFO - [DEBUG-GATE] epoch=15 step=4200 shape_dense_alpha_max=0.5 shape_dense_alpha_mean=0.5 shape_dense_alpha_min=0.5
2026-07-30 06:11:34,452 - portable_sam_fusion - INFO - [DEBUG-JITTER] epoch=15 step=4200 area_ratio_count=64 area_ratio_mean=1 area_ratio_sum=64 fallback_count=0 mean_iou=1 num_jittered=0 num_rois=64
2026-07-30 06:11:34,452 - portable_sam_fusion - INFO - [DEBUG-SP] epoch=15 step=4200 all_invalid_count=0 all_invalid_ratio=0 empty_count=0 empty_ratio=0 full_count=0 full_ratio=0 mean_point_distance=32.05 n1_gt_valid_count=64 n1_in_gt_bg=0.6719 n1_in_gt_bg_count=43 n1_valid_count=64 n1_valid_ratio=1 n2_gt_valid_count=64 n2_in_gt_bg=0.9531 n2_in_gt_bg_count=61 n2_valid_count=64 n2_valid_ratio=1 neg_in_pred_bg=1 neg_in_pred_bg_count=128 negative_pair_count=64 negative_pair_distance_sum=3088 p1_gt_valid_count=64 p1_in_gt_fg=1 p1_in_gt_fg_count=64 p1_valid_count=64 p1_valid_ratio=1 p2_gt_valid_count=64 p2_in_gt_fg=1 p2_in_gt_fg_count=64 p2_valid_count=64 p2_valid_ratio=1 point_distance_sum=4103 point_overlap_count=0 point_overlap_ratio=0 point_pair_count=128 pos_in_pred_fg=1 pos_in_pred_fg_count=128 positive_pair_count=64 positive_pair_distance_sum=1015 roi_count=64 valid_neg_count=128 valid_pos_count=128 warmup_stage=2
2026-07-30 06:12:45,773 - portable_sam_fusion - INFO - [DEBUG-BOX] epoch=15 step=4250 fallback_count=0 fallback_ratio=0 num_rois=64 refined_proposal_iou=0 refined_proposal_iou_sum=0 refined_valid_count=0
2026-07-30 06:12:45,773 - portable_sam_fusion - INFO - [DEBUG-COARSE] epoch=15 step=4250 bce_raw=0.1614 boundary_fn=2815 boundary_fp=2309 boundary_tp=2.602e+04 dice=0.09805 dice_loss_raw=0.09805 iou=0.8261 loss_weight=0.1 raw_boundary_fn=2815 raw_boundary_fp=2309 raw_boundary_tp=2.602e+04 raw_dice_score=0.902 raw_iou=0.8261 weighted_loss=0.02595
2026-07-30 06:12:45,773 - portable_sam_fusion - INFO - [DEBUG-CONTEXT] epoch=15 step=4250 enabled=0
2026-07-30 06:12:45,773 - portable_sam_fusion - INFO - [DEBUG-DENSE] epoch=15 step=4250 applied_delta_norm=2.919 applied_delta_ratio=0.25 base_norm=11.68 canvas_max=8 canvas_mean=-0.008936 canvas_min=-8 canvas_nonzero_ratio=0.008294 canvas_std=0.5092 final_norm=12.04 residual_alpha=0.5 shape_norm=13.18 source_delta_norm=5.838 source_delta_ratio=0.4999
2026-07-30 06:12:45,773 - portable_sam_fusion - INFO - [DEBUG-GATE] epoch=15 step=4250 shape_dense_alpha_max=0.5 shape_dense_alpha_mean=0.5 shape_dense_alpha_min=0.5
2026-07-30 06:12:45,773 - portable_sam_fusion - INFO - [DEBUG-JITTER] epoch=15 step=4250 area_ratio_count=64 area_ratio_mean=1 area_ratio_sum=64 fallback_count=0 mean_iou=1 num_jittered=0 num_rois=64
2026-07-30 06:12:45,773 - portable_sam_fusion - INFO - [DEBUG-SP] epoch=15 step=4250 all_invalid_count=0 all_invalid_ratio=0 empty_count=0 empty_ratio=0 full_count=0 full_ratio=0 mean_point_distance=30.62 n1_gt_valid_count=64 n1_in_gt_bg=0.9375 n1_in_gt_bg_count=60 n1_valid_count=64 n1_valid_ratio=1 n2_gt_valid_count=64 n2_in_gt_bg=1 n2_in_gt_bg_count=64 n2_valid_count=64 n2_valid_ratio=1 neg_in_pred_bg=1 neg_in_pred_bg_count=128 negative_pair_count=64 negative_pair_distance_sum=2704 p1_gt_valid_count=64 p1_in_gt_fg=0.9844 p1_in_gt_fg_count=63 p1_valid_count=64 p1_valid_ratio=1 p2_gt_valid_count=64 p2_in_gt_fg=1 p2_in_gt_fg_count=64 p2_valid_count=64 p2_valid_ratio=1 point_distance_sum=3919 point_overlap_count=0 point_overlap_ratio=0 point_pair_count=128 pos_in_pred_fg=1 pos_in_pred_fg_count=128 positive_pair_count=64 positive_pair_distance_sum=1216 roi_count=64 valid_neg_count=128 valid_pos_count=128 warmup_stage=2
2026-07-30 06:13:51,263 - portable_sam_fusion - INFO - [DEBUG-BOX] epoch=15 step=4300 fallback_count=0 fallback_ratio=0 num_rois=0 refined_proposal_iou=0 refined_proposal_iou_sum=0 refined_valid_count=0
2026-07-30 06:13:51,263 - portable_sam_fusion - INFO - [DEBUG-COARSE] epoch=15 step=4300 boundary_fn=0 boundary_fp=0 boundary_tp=0 dice=0 iou=0
2026-07-30 06:13:51,263 - portable_sam_fusion - INFO - [DEBUG-CONTEXT] epoch=15 step=4300 enabled=0
2026-07-30 06:13:51,263 - portable_sam_fusion - INFO - [DEBUG-DENSE] epoch=15 step=4300 applied_delta_norm=8.172 applied_delta_ratio=0.6998 base_norm=11.68 canvas_max=8 canvas_mean=-0.04026 canvas_min=-8 canvas_nonzero_ratio=0.05856 canvas_std=1.059 final_norm=14.46 residual_alpha=0.5 shape_norm=20.68 source_delta_norm=16.34 source_delta_ratio=1.4
2026-07-30 06:13:51,263 - portable_sam_fusion - INFO - [DEBUG-GATE] epoch=15 step=4300 shape_dense_alpha_max=0.5 shape_dense_alpha_mean=0.5 shape_dense_alpha_min=0.5
2026-07-30 06:13:51,263 - portable_sam_fusion - INFO - [DEBUG-JITTER] epoch=15 step=4300 area_ratio_count=0 area_ratio_mean=0 area_ratio_sum=0 fallback_count=0 mean_iou=0 num_jittered=0 num_rois=0
2026-07-30 06:13:51,263 - portable_sam_fusion - INFO - [DEBUG-SP] epoch=15 step=4300 all_invalid_count=0 all_invalid_ratio=0 empty_count=0 empty_ratio=0 full_count=0 full_ratio=0 mean_point_distance=81.89 n1_gt_valid_count=64 n1_in_gt_bg=0.7969 n1_in_gt_bg_count=51 n1_valid_count=64 n1_valid_ratio=1 n2_gt_valid_count=64 n2_in_gt_bg=1 n2_in_gt_bg_count=64 n2_valid_count=64 n2_valid_ratio=1 neg_in_pred_bg=1 neg_in_pred_bg_count=128 negative_pair_count=64 negative_pair_distance_sum=7586 p1_gt_valid_count=64 p1_in_gt_fg=0.9531 p1_in_gt_fg_count=61 p1_valid_count=64 p1_valid_ratio=1 p2_gt_valid_count=64 p2_in_gt_fg=0.9531 p2_in_gt_fg_count=61 p2_valid_count=64 p2_valid_ratio=1 point_distance_sum=1.048e+04 point_overlap_count=0 point_overlap_ratio=0 point_pair_count=128 pos_in_pred_fg=1 pos_in_pred_fg_count=128 positive_pair_count=64 positive_pair_distance_sum=2895 roi_count=64 valid_neg_count=128 valid_pos_count=128 warmup_stage=2
2026-07-30 06:14:53,406 - portable_sam_fusion - INFO - [DEBUG-BOX] epoch=15 step=4350 fallback_count=0 fallback_ratio=0 num_rois=64 refined_proposal_iou=0 refined_proposal_iou_sum=0 refined_valid_count=0
2026-07-30 06:14:53,406 - portable_sam_fusion - INFO - [DEBUG-COARSE] epoch=15 step=4350 bce_raw=0.143 boundary_fn=2414 boundary_fp=2597 boundary_tp=2.286e+04 dice=0.07257 dice_loss_raw=0.07257 iou=0.8691 loss_weight=0.1 raw_boundary_fn=2414 raw_boundary_fp=2597 raw_boundary_tp=2.286e+04 raw_dice_score=0.9274 raw_iou=0.8691 weighted_loss=0.02156
2026-07-30 06:14:53,406 - portable_sam_fusion - INFO - [DEBUG-CONTEXT] epoch=15 step=4350 enabled=0
2026-07-30 06:14:53,406 - portable_sam_fusion - INFO - [DEBUG-DENSE] epoch=15 step=4350 applied_delta_norm=2.859 applied_delta_ratio=0.2448 base_norm=11.68 canvas_max=8 canvas_mean=0.003523 canvas_min=-8 canvas_nonzero_ratio=0.006253 canvas_std=0.4253 final_norm=12 residual_alpha=0.5 shape_norm=13.05 source_delta_norm=5.718 source_delta_ratio=0.4896
2026-07-30 06:14:53,406 - portable_sam_fusion - INFO - [DEBUG-GATE] epoch=15 step=4350 shape_dense_alpha_max=0.5 shape_dense_alpha_mean=0.5 shape_dense_alpha_min=0.5
2026-07-30 06:14:53,406 - portable_sam_fusion - INFO - [DEBUG-JITTER] epoch=15 step=4350 area_ratio_count=64 area_ratio_mean=1 area_ratio_sum=64 fallback_count=0 mean_iou=1 num_jittered=0 num_rois=64
2026-07-30 06:14:53,407 - portable_sam_fusion - INFO - [DEBUG-SP] epoch=15 step=4350 all_invalid_count=0 all_invalid_ratio=0 empty_count=0 empty_ratio=0 full_count=0 full_ratio=0 mean_point_distance=25.5 n1_gt_valid_count=64 n1_in_gt_bg=0.7031 n1_in_gt_bg_count=45 n1_valid_count=64 n1_valid_ratio=1 n2_gt_valid_count=64 n2_in_gt_bg=0.9375 n2_in_gt_bg_count=60 n2_valid_count=64 n2_valid_ratio=1 neg_in_pred_bg=1 neg_in_pred_bg_count=128 negative_pair_count=64 negative_pair_distance_sum=2338 p1_gt_valid_count=64 p1_in_gt_fg=1 p1_in_gt_fg_count=64 p1_valid_count=64 p1_valid_ratio=1 p2_gt_valid_count=64 p2_in_gt_fg=1 p2_in_gt_fg_count=64 p2_valid_count=64 p2_valid_ratio=1 point_distance_sum=3264 point_overlap_count=0 point_overlap_ratio=0 point_pair_count=128 pos_in_pred_fg=1 pos_in_pred_fg_count=128 positive_pair_count=64 positive_pair_distance_sum=925.9 roi_count=64 valid_neg_count=128 valid_pos_count=128 warmup_stage=2
2026-07-30 06:15:22,674 - portable_sam_fusion - INFO - epoch 15 | mini-batch 256/294 | optimizer_step 1100/5920 | lr=4.645e-04
2026-07-30 06:15:59,681 - portable_sam_fusion - INFO - [DEBUG-BOX] epoch=15 step=4400 fallback_count=0 fallback_ratio=0 num_rois=64 refined_proposal_iou=0 refined_proposal_iou_sum=0 refined_valid_count=0
2026-07-30 06:15:59,681 - portable_sam_fusion - INFO - [DEBUG-COARSE] epoch=15 step=4400 bce_raw=0.118 boundary_fn=2046 boundary_fp=1919 boundary_tp=2.172e+04 dice=0.05572 dice_loss_raw=0.05572 iou=0.8958 loss_weight=0.1 raw_boundary_fn=2046 raw_boundary_fp=1919 raw_boundary_tp=2.172e+04 raw_dice_score=0.9443 raw_iou=0.8958 weighted_loss=0.01737
2026-07-30 06:15:59,681 - portable_sam_fusion - INFO - [DEBUG-CONTEXT] epoch=15 step=4400 enabled=0
2026-07-30 06:15:59,681 - portable_sam_fusion - INFO - [DEBUG-DENSE] epoch=15 step=4400 applied_delta_norm=3.046 applied_delta_ratio=0.2608 base_norm=11.68 canvas_max=8 canvas_mean=0.01011 canvas_min=-8 canvas_nonzero_ratio=0.006831 canvas_std=0.4348 final_norm=12.05 residual_alpha=0.5 shape_norm=13.23 source_delta_norm=6.092 source_delta_ratio=0.5216
2026-07-30 06:15:59,681 - portable_sam_fusion - INFO - [DEBUG-GATE] epoch=15 step=4400 shape_dense_alpha_max=0.5 shape_dense_alpha_mean=0.5 shape_dense_alpha_min=0.5
2026-07-30 06:15:59,681 - portable_sam_fusion - INFO - [DEBUG-JITTER] epoch=15 step=4400 area_ratio_count=64 area_ratio_mean=1 area_ratio_sum=64 fallback_count=0 mean_iou=1 num_jittered=0 num_rois=64
2026-07-30 06:15:59,681 - portable_sam_fusion - INFO - [DEBUG-SP] epoch=15 step=4400 all_invalid_count=0 all_invalid_ratio=0 empty_count=0 empty_ratio=0 full_count=2 full_ratio=0.03125 mean_point_distance=26.64 n1_gt_valid_count=62 n1_in_gt_bg=0.9032 n1_in_gt_bg_count=56 n1_valid_count=62 n1_valid_ratio=0.9688 n2_gt_valid_count=61 n2_in_gt_bg=0.9836 n2_in_gt_bg_count=60 n2_valid_count=61 n2_valid_ratio=0.9531 neg_in_pred_bg=1 neg_in_pred_bg_count=123 negative_pair_count=61 negative_pair_distance_sum=2289 p1_gt_valid_count=64 p1_in_gt_fg=1 p1_in_gt_fg_count=64 p1_valid_count=64 p1_valid_ratio=1 p2_gt_valid_count=64 p2_in_gt_fg=1 p2_in_gt_fg_count=64 p2_valid_count=64 p2_valid_ratio=1 point_distance_sum=3330 point_overlap_count=0 point_overlap_ratio=0 point_pair_count=125 pos_in_pred_fg=1 pos_in_pred_fg_count=128 positive_pair_count=64 positive_pair_distance_sum=1041 roi_count=64 valid_neg_count=123 valid_pos_count=128 warmup_stage=2
2026-07-30 06:16:11,113 - portable_sam_fusion - INFO - Epoch 15 detailed losses: loss_rpn_cls=0.0190, loss_rpn_bbox=0.0071, loss_cls=0.2080, acc=91.5782, loss_bbox=0.0899, loss_mask=0.0019, debug_mask_pos_rois=56.7789, debug_mask_logit_mean=-15.9925, debug_mask_logit_std=3.1168, debug_mask_prob_mean=0.0051, debug_mask_prob_ge05=0.0051, debug_mask_target_fill=0.0052, loss_shape_prior=0.0225, schedule/det_weight=1.0000
2026-07-30 06:16:11,113 - portable_sam_fusion - INFO - Epoch 15 dense residual monitor: alpha=0.500000 source_delta_norm=6.7407 applied_delta_norm=3.3704 source_delta_ratio=0.577196 applied_delta_ratio=0.288598
2026-07-30 06:16:11,113 - portable_sam_fusion - INFO - Epoch 15 primary loss shares: det=92.98% final_mask=0.55% shape=6.46% p2_boundary=0.00%
2026-07-30 06:16:11,113 - portable_sam_fusion - INFO - Epoch 15 schedule: det_loss_weight=1.000 early_stop_start=20 min_delta=0.0005
2026-07-30 06:16:11,113 - portable_sam_fusion - INFO - Epoch 15 learning rates: sat_backbone=4.64e-04, mask_decoder=4.64e-04, prompt_encoder=4.64e-04, shape_prior=4.64e-04, quality_head=4.64e-04, sat_other=4.64e-04
2026-07-30 06:19:25,161 - portable_sam_fusion - INFO - Validation samples: GT=15926, DT=18082, avg_masks_per_image=28.84, avg_mask_fill=0.0067
creating index...
index created!
Loading and preparing results...
DONE (t=0.02s)
creating index...
index created!
Running per image evaluation...
Evaluate annotation type *bbox*
DONE (t=10.76s).
Accumulating evaluation results...
DONE (t=0.18s).
 Average Precision  (AP) @[ IoU=0.50:0.95 | area=   all | maxDets=100 ] = 0.677
 Average Precision  (AP) @[ IoU=0.50      | area=   all | maxDets=100 ] = 0.882
 Average Precision  (AP) @[ IoU=0.75      | area=   all | maxDets=100 ] = 0.800
 Average Precision  (AP) @[ IoU=0.50:0.95 | area= small | maxDets=100 ] = 0.270
 Average Precision  (AP) @[ IoU=0.50:0.95 | area=medium | maxDets=100 ] = 0.722
 Average Precision  (AP) @[ IoU=0.50:0.95 | area= large | maxDets=100 ] = 0.763
 Average Recall     (AR) @[ IoU=0.50:0.95 | area=   all | maxDets=  1 ] = 0.025
 Average Recall     (AR) @[ IoU=0.50:0.95 | area=   all | maxDets= 10 ] = 0.187
 Average Recall     (AR) @[ IoU=0.50:0.95 | area=   all | maxDets=100 ] = 0.730
 Average Recall     (AR) @[ IoU=0.50:0.95 | area= small | maxDets=100 ] = 0.404
 Average Recall     (AR) @[ IoU=0.50:0.95 | area=medium | maxDets=100 ] = 0.774
 Average Recall     (AR) @[ IoU=0.50:0.95 | area= large | maxDets=100 ] = 0.815
2026-07-30 06:19:36,294 - portable_sam_fusion - INFO - Validation bbox/mAP: 0.6766 bbox/mAP_75: 0.7996
Running per image evaluation...
Evaluate annotation type *segm*
DONE (t=11.37s).
Accumulating evaluation results...
DONE (t=0.18s).
 Average Precision  (AP) @[ IoU=0.50:0.95 | area=   all | maxDets=100 ] = 0.436
 Average Precision  (AP) @[ IoU=0.50      | area=   all | maxDets=100 ] = 0.841
 Average Precision  (AP) @[ IoU=0.75      | area=   all | maxDets=100 ] = 0.461
 Average Precision  (AP) @[ IoU=0.50:0.95 | area= small | maxDets=100 ] = 0.046
 Average Precision  (AP) @[ IoU=0.50:0.95 | area=medium | maxDets=100 ] = 0.450
 Average Precision  (AP) @[ IoU=0.50:0.95 | area= large | maxDets=100 ] = 0.627
 Average Recall     (AR) @[ IoU=0.50:0.95 | area=   all | maxDets=  1 ] = 0.021
 Average Recall     (AR) @[ IoU=0.50:0.95 | area=   all | maxDets= 10 ] = 0.141
 Average Recall     (AR) @[ IoU=0.50:0.95 | area=   all | maxDets=100 ] = 0.482
 Average Recall     (AR) @[ IoU=0.50:0.95 | area= small | maxDets=100 ] = 0.099
 Average Recall     (AR) @[ IoU=0.50:0.95 | area=medium | maxDets=100 ] = 0.496
 Average Recall     (AR) @[ IoU=0.50:0.95 | area= large | maxDets=100 ] = 0.681
2026-07-30 06:19:47,872 - portable_sam_fusion - INFO - Validation segm/mAP: 0.4355
2026-07-30 06:19:48,714 - portable_sam_fusion - INFO - New best bbox/mAP: 0.6766
2026-07-30 06:19:48,715 - portable_sam_fusion - INFO - Early-stop metric (segm/mAP): raw=0.4355 smooth(5)=0.4488; counter disabled before epoch 20
2026-07-30 06:19:51,180 - portable_sam_fusion - INFO - Saved best_bbox_model with bbox/mAP: 0.6766
2026-07-30 06:19:57,446 - portable_sam_fusion - INFO - Epoch 15/80 | train=0.348351 val=disabled segm/mAP=0.4355 bbox/mAP=0.6766 | best_segm=0.4663 best_bbox=0.6766 best_comp=0.0000 | sat_backbone=4.64e-04 mask_decoder=4.64e-04 prompt_encoder=4.64e-04 shape_prior=4.64e-04 quality_head=4.64e-04 sat_other=4.64e-04
2026-07-30 06:20:38,162 - portable_sam_fusion - INFO - [DEBUG-BOX] epoch=16 step=4450 fallback_count=0 fallback_ratio=0 num_rois=64 refined_proposal_iou=0 refined_proposal_iou_sum=0 refined_valid_count=0
2026-07-30 06:20:38,162 - portable_sam_fusion - INFO - [DEBUG-COARSE] epoch=16 step=4450 bce_raw=0.1691 boundary_fn=3123 boundary_fp=2736 boundary_tp=2.45e+04 dice=0.08228 dice_loss_raw=0.08228 iou=0.8502 loss_weight=0.1 raw_boundary_fn=3123 raw_boundary_fp=2736 raw_boundary_tp=2.45e+04 raw_dice_score=0.9177 raw_iou=0.8502 weighted_loss=0.02514
2026-07-30 06:20:38,162 - portable_sam_fusion - INFO - [DEBUG-CONTEXT] epoch=16 step=4450 enabled=0
2026-07-30 06:20:38,163 - portable_sam_fusion - INFO - [DEBUG-DENSE] epoch=16 step=4450 applied_delta_norm=3.51 applied_delta_ratio=0.3005 base_norm=11.68 canvas_max=8 canvas_mean=0.001739 canvas_min=-8 canvas_nonzero_ratio=0.009904 canvas_std=0.5291 final_norm=12.18 residual_alpha=0.5 shape_norm=13.7 source_delta_norm=7.019 source_delta_ratio=0.6011
2026-07-30 06:20:38,163 - portable_sam_fusion - INFO - [DEBUG-GATE] epoch=16 step=4450 shape_dense_alpha_max=0.5 shape_dense_alpha_mean=0.5 shape_dense_alpha_min=0.5
2026-07-30 06:20:38,163 - portable_sam_fusion - INFO - [DEBUG-JITTER] epoch=16 step=4450 area_ratio_count=64 area_ratio_mean=1 area_ratio_sum=64 fallback_count=0 mean_iou=1 num_jittered=0 num_rois=64
2026-07-30 06:20:38,163 - portable_sam_fusion - INFO - [DEBUG-SP] epoch=16 step=4450 all_invalid_count=0 all_invalid_ratio=0 empty_count=0 empty_ratio=0 full_count=0 full_ratio=0 mean_point_distance=39.65 n1_gt_valid_count=64 n1_in_gt_bg=0.8125 n1_in_gt_bg_count=52 n1_valid_count=64 n1_valid_ratio=1 n2_gt_valid_count=64 n2_in_gt_bg=1 n2_in_gt_bg_count=64 n2_valid_count=64 n2_valid_ratio=1 neg_in_pred_bg=1 neg_in_pred_bg_count=128 negative_pair_count=64 negative_pair_distance_sum=3798 p1_gt_valid_count=64 p1_in_gt_fg=1 p1_in_gt_fg_count=64 p1_valid_count=64 p1_valid_ratio=1 p2_gt_valid_count=64 p2_in_gt_fg=1 p2_in_gt_fg_count=64 p2_valid_count=64 p2_valid_ratio=1 point_distance_sum=5075 point_overlap_count=0 point_overlap_ratio=0 point_pair_count=128 pos_in_pred_fg=1 pos_in_pred_fg_count=128 positive_pair_count=64 positive_pair_distance_sum=1277 roi_count=64 valid_neg_count=128 valid_pos_count=128 warmup_stage=2
2026-07-30 06:21:29,450 - portable_sam_fusion - INFO - [DEBUG-BOX] epoch=16 step=4500 fallback_count=0 fallback_ratio=0 num_rois=64 refined_proposal_iou=0 refined_proposal_iou_sum=0 refined_valid_count=0
2026-07-30 06:21:29,450 - portable_sam_fusion - INFO - [DEBUG-COARSE] epoch=16 step=4500 bce_raw=0.218 boundary_fn=3346 boundary_fp=3917 boundary_tp=2.208e+04 dice=0.07694 dice_loss_raw=0.07694 iou=0.8605 loss_weight=0.1 raw_boundary_fn=3346 raw_boundary_fp=3917 raw_boundary_tp=2.208e+04 raw_dice_score=0.9231 raw_iou=0.8605 weighted_loss=0.02949
2026-07-30 06:21:29,450 - portable_sam_fusion - INFO - [DEBUG-CONTEXT] epoch=16 step=4500 enabled=0
2026-07-30 06:21:29,450 - portable_sam_fusion - INFO - [DEBUG-DENSE] epoch=16 step=4500 applied_delta_norm=2.375 applied_delta_ratio=0.2033 base_norm=11.68 canvas_max=8 canvas_mean=0.01084 canvas_min=-8 canvas_nonzero_ratio=0.004597 canvas_std=0.3775 final_norm=11.91 residual_alpha=0.5 shape_norm=12.67 source_delta_norm=4.749 source_delta_ratio=0.4067
2026-07-30 06:21:29,450 - portable_sam_fusion - INFO - [DEBUG-GATE] epoch=16 step=4500 shape_dense_alpha_max=0.5 shape_dense_alpha_mean=0.5 shape_dense_alpha_min=0.5
2026-07-30 06:21:29,450 - portable_sam_fusion - INFO - [DEBUG-JITTER] epoch=16 step=4500 area_ratio_count=64 area_ratio_mean=1 area_ratio_sum=64 fallback_count=0 mean_iou=1 num_jittered=0 num_rois=64
2026-07-30 06:21:29,450 - portable_sam_fusion - INFO - [DEBUG-SP] epoch=16 step=4500 all_invalid_count=0 all_invalid_ratio=0 empty_count=0 empty_ratio=0 full_count=0 full_ratio=0 mean_point_distance=20.77 n1_gt_valid_count=64 n1_in_gt_bg=0.8125 n1_in_gt_bg_count=52 n1_valid_count=64 n1_valid_ratio=1 n2_gt_valid_count=64 n2_in_gt_bg=0.9531 n2_in_gt_bg_count=61 n2_valid_count=64 n2_valid_ratio=1 neg_in_pred_bg=1 neg_in_pred_bg_count=128 negative_pair_count=64 negative_pair_distance_sum=1884 p1_gt_valid_count=64 p1_in_gt_fg=1 p1_in_gt_fg_count=64 p1_valid_count=64 p1_valid_ratio=1 p2_gt_valid_count=64 p2_in_gt_fg=1 p2_in_gt_fg_count=64 p2_valid_count=64 p2_valid_ratio=1 point_distance_sum=2658 point_overlap_count=0 point_overlap_ratio=0 point_pair_count=128 pos_in_pred_fg=1 pos_in_pred_fg_count=128 positive_pair_count=64 positive_pair_distance_sum=774.4 roi_count=64 valid_neg_count=128 valid_pos_count=128 warmup_stage=2
2026-07-30 06:22:33,101 - portable_sam_fusion - INFO - [DEBUG-BOX] epoch=16 step=4550 fallback_count=0 fallback_ratio=0 num_rois=64 refined_proposal_iou=0 refined_proposal_iou_sum=0 refined_valid_count=0
2026-07-30 06:22:33,101 - portable_sam_fusion - INFO - [DEBUG-COARSE] epoch=16 step=4550 bce_raw=0.1208 boundary_fn=1803 boundary_fp=2014 boundary_tp=2.556e+04 dice=0.06842 dice_loss_raw=0.06842 iou=0.8738 loss_weight=0.1 raw_boundary_fn=1803 raw_boundary_fp=2014 raw_boundary_tp=2.556e+04 raw_dice_score=0.9316 raw_iou=0.8738 weighted_loss=0.01893
2026-07-30 06:22:33,101 - portable_sam_fusion - INFO - [DEBUG-CONTEXT] epoch=16 step=4550 enabled=0
2026-07-30 06:22:33,101 - portable_sam_fusion - INFO - [DEBUG-DENSE] epoch=16 step=4550 applied_delta_norm=2.936 applied_delta_ratio=0.2514 base_norm=11.68 canvas_max=8 canvas_mean=0.00049 canvas_min=-8 canvas_nonzero_ratio=0.006964 canvas_std=0.4917 final_norm=12.01 residual_alpha=0.5 shape_norm=13.09 source_delta_norm=5.871 source_delta_ratio=0.5027
2026-07-30 06:22:33,101 - portable_sam_fusion - INFO - [DEBUG-GATE] epoch=16 step=4550 shape_dense_alpha_max=0.5 shape_dense_alpha_mean=0.5 shape_dense_alpha_min=0.5
2026-07-30 06:22:33,101 - portable_sam_fusion - INFO - [DEBUG-JITTER] epoch=16 step=4550 area_ratio_count=64 area_ratio_mean=1 area_ratio_sum=64 fallback_count=0 mean_iou=1 num_jittered=0 num_rois=64
2026-07-30 06:22:33,101 - portable_sam_fusion - INFO - [DEBUG-SP] epoch=16 step=4550 all_invalid_count=0 all_invalid_ratio=0 empty_count=0 empty_ratio=0 full_count=0 full_ratio=0 mean_point_distance=25.75 n1_gt_valid_count=64 n1_in_gt_bg=0.9062 n1_in_gt_bg_count=58 n1_valid_count=64 n1_valid_ratio=1 n2_gt_valid_count=64 n2_in_gt_bg=1 n2_in_gt_bg_count=64 n2_valid_count=64 n2_valid_ratio=1 neg_in_pred_bg=1 neg_in_pred_bg_count=128 negative_pair_count=64 negative_pair_distance_sum=2301 p1_gt_valid_count=64 p1_in_gt_fg=1 p1_in_gt_fg_count=64 p1_valid_count=64 p1_valid_ratio=1 p2_gt_valid_count=64 p2_in_gt_fg=1 p2_in_gt_fg_count=64 p2_valid_count=64 p2_valid_ratio=1 point_distance_sum=3296 point_overlap_count=0 point_overlap_ratio=0 point_pair_count=128 pos_in_pred_fg=1 pos_in_pred_fg_count=128 positive_pair_count=64 positive_pair_distance_sum=995.8 roi_count=64 valid_neg_count=128 valid_pos_count=128 warmup_stage=2
2026-07-30 06:22:57,567 - portable_sam_fusion - INFO - epoch 16 | mini-batch 160/294 | optimizer_step 1150/5920 | lr=4.609e-04
2026-07-30 06:23:36,594 - portable_sam_fusion - INFO - [DEBUG-BOX] epoch=16 step=4600 fallback_count=0 fallback_ratio=0 num_rois=64 refined_proposal_iou=0 refined_proposal_iou_sum=0 refined_valid_count=0
2026-07-30 06:23:36,594 - portable_sam_fusion - INFO - [DEBUG-COARSE] epoch=16 step=4600 bce_raw=0.1659 boundary_fn=3090 boundary_fp=3575 boundary_tp=2.462e+04 dice=0.1137 dice_loss_raw=0.1137 iou=0.8028 loss_weight=0.1 raw_boundary_fn=3090 raw_boundary_fp=3575 raw_boundary_tp=2.462e+04 raw_dice_score=0.8863 raw_iou=0.8028 weighted_loss=0.02795
2026-07-30 06:23:36,594 - portable_sam_fusion - INFO - [DEBUG-CONTEXT] epoch=16 step=4600 enabled=0
2026-07-30 06:23:36,594 - portable_sam_fusion - INFO - [DEBUG-DENSE] epoch=16 step=4600 applied_delta_norm=2.771 applied_delta_ratio=0.2373 base_norm=11.68 canvas_max=8 canvas_mean=-0.004777 canvas_min=-8 canvas_nonzero_ratio=0.007362 canvas_std=0.4639 final_norm=12 residual_alpha=0.5 shape_norm=13.06 source_delta_norm=5.542 source_delta_ratio=0.4745
2026-07-30 06:23:36,594 - portable_sam_fusion - INFO - [DEBUG-GATE] epoch=16 step=4600 shape_dense_alpha_max=0.5 shape_dense_alpha_mean=0.5 shape_dense_alpha_min=0.5
2026-07-30 06:23:36,594 - portable_sam_fusion - INFO - [DEBUG-JITTER] epoch=16 step=4600 area_ratio_count=64 area_ratio_mean=1 area_ratio_sum=64 fallback_count=0 mean_iou=1 num_jittered=0 num_rois=64
2026-07-30 06:23:36,594 - portable_sam_fusion - INFO - [DEBUG-SP] epoch=16 step=4600 all_invalid_count=0 all_invalid_ratio=0 empty_count=0 empty_ratio=0 full_count=0 full_ratio=0 mean_point_distance=31.71 n1_gt_valid_count=64 n1_in_gt_bg=0.9375 n1_in_gt_bg_count=60 n1_valid_count=64 n1_valid_ratio=1 n2_gt_valid_count=64 n2_in_gt_bg=1 n2_in_gt_bg_count=64 n2_valid_count=64 n2_valid_ratio=1 neg_in_pred_bg=1 neg_in_pred_bg_count=128 negative_pair_count=64 negative_pair_distance_sum=2743 p1_gt_valid_count=64 p1_in_gt_fg=0.9844 p1_in_gt_fg_count=63 p1_valid_count=64 p1_valid_ratio=1 p2_gt_valid_count=64 p2_in_gt_fg=1 p2_in_gt_fg_count=64 p2_valid_count=64 p2_valid_ratio=1 point_distance_sum=4059 point_overlap_count=0 point_overlap_ratio=0 point_pair_count=128 pos_in_pred_fg=1 pos_in_pred_fg_count=128 positive_pair_count=64 positive_pair_distance_sum=1316 roi_count=64 valid_neg_count=128 valid_pos_count=128 warmup_stage=2
2026-07-30 06:24:34,732 - portable_sam_fusion - INFO - [DEBUG-BOX] epoch=16 step=4650 fallback_count=0 fallback_ratio=0 num_rois=64 refined_proposal_iou=0 refined_proposal_iou_sum=0 refined_valid_count=0
2026-07-30 06:24:34,732 - portable_sam_fusion - INFO - [DEBUG-COARSE] epoch=16 step=4650 bce_raw=0.1356 boundary_fn=2346 boundary_fp=1415 boundary_tp=2.579e+04 dice=0.08672 dice_loss_raw=0.08672 iou=0.8439 loss_weight=0.1 raw_boundary_fn=2346 raw_boundary_fp=1415 raw_boundary_tp=2.579e+04 raw_dice_score=0.9133 raw_iou=0.8439 weighted_loss=0.02223
2026-07-30 06:24:34,733 - portable_sam_fusion - INFO - [DEBUG-CONTEXT] epoch=16 step=4650 enabled=0
2026-07-30 06:24:34,733 - portable_sam_fusion - INFO - [DEBUG-DENSE] epoch=16 step=4650 applied_delta_norm=4.413 applied_delta_ratio=0.3779 base_norm=11.68 canvas_max=8 canvas_mean=-0.008046 canvas_min=-8 canvas_nonzero_ratio=0.01784 canvas_std=0.739 final_norm=12.61 residual_alpha=0.5 shape_norm=15.06 source_delta_norm=8.827 source_delta_ratio=0.7558
2026-07-30 06:24:34,733 - portable_sam_fusion - INFO - [DEBUG-GATE] epoch=16 step=4650 shape_dense_alpha_max=0.5 shape_dense_alpha_mean=0.5 shape_dense_alpha_min=0.5
2026-07-30 06:24:34,733 - portable_sam_fusion - INFO - [DEBUG-JITTER] epoch=16 step=4650 area_ratio_count=64 area_ratio_mean=1 area_ratio_sum=64 fallback_count=0 mean_iou=1 num_jittered=0 num_rois=64
2026-07-30 06:24:34,733 - portable_sam_fusion - INFO - [DEBUG-SP] epoch=16 step=4650 all_invalid_count=0 all_invalid_ratio=0 empty_count=0 empty_ratio=0 full_count=0 full_ratio=0 mean_point_distance=43.55 n1_gt_valid_count=64 n1_in_gt_bg=0.9688 n1_in_gt_bg_count=62 n1_valid_count=64 n1_valid_ratio=1 n2_gt_valid_count=64 n2_in_gt_bg=1 n2_in_gt_bg_count=64 n2_valid_count=64 n2_valid_ratio=1 neg_in_pred_bg=1 neg_in_pred_bg_count=128 negative_pair_count=64 negative_pair_distance_sum=3898 p1_gt_valid_count=64 p1_in_gt_fg=1 p1_in_gt_fg_count=64 p1_valid_count=64 p1_valid_ratio=1 p2_gt_valid_count=64 p2_in_gt_fg=1 p2_in_gt_fg_count=64 p2_valid_count=64 p2_valid_ratio=1 point_distance_sum=5574 point_overlap_count=0 point_overlap_ratio=0 point_pair_count=128 pos_in_pred_fg=1 pos_in_pred_fg_count=128 positive_pair_count=64 positive_pair_distance_sum=1676 roi_count=64 valid_neg_count=128 valid_pos_count=128 warmup_stage=2
2026-07-30 06:25:35,899 - portable_sam_fusion - INFO - [DEBUG-BOX] epoch=16 step=4700 fallback_count=0 fallback_ratio=0 num_rois=64 refined_proposal_iou=0 refined_proposal_iou_sum=0 refined_valid_count=0
2026-07-30 06:25:35,900 - portable_sam_fusion - INFO - [DEBUG-COARSE] epoch=16 step=4700 bce_raw=0.178 boundary_fn=3163 boundary_fp=2220 boundary_tp=2.484e+04 dice=0.09032 dice_loss_raw=0.09032 iou=0.8375 loss_weight=0.1 raw_boundary_fn=3163 raw_boundary_fp=2220 raw_boundary_tp=2.484e+04 raw_dice_score=0.9097 raw_iou=0.8375 weighted_loss=0.02684
2026-07-30 06:25:35,900 - portable_sam_fusion - INFO - [DEBUG-CONTEXT] epoch=16 step=4700 enabled=0
2026-07-30 06:25:35,900 - portable_sam_fusion - INFO - [DEBUG-DENSE] epoch=16 step=4700 applied_delta_norm=2.98 applied_delta_ratio=0.2551 base_norm=11.68 canvas_max=8 canvas_mean=-0.001707 canvas_min=-8 canvas_nonzero_ratio=0.007633 canvas_std=0.5313 final_norm=12.05 residual_alpha=0.5 shape_norm=13.24 source_delta_norm=5.959 source_delta_ratio=0.5103
2026-07-30 06:25:35,900 - portable_sam_fusion - INFO - [DEBUG-GATE] epoch=16 step=4700 shape_dense_alpha_max=0.5 shape_dense_alpha_mean=0.5 shape_dense_alpha_min=0.5
2026-07-30 06:25:35,900 - portable_sam_fusion - INFO - [DEBUG-JITTER] epoch=16 step=4700 area_ratio_count=64 area_ratio_mean=1 area_ratio_sum=64 fallback_count=0 mean_iou=1 num_jittered=0 num_rois=64
2026-07-30 06:25:35,900 - portable_sam_fusion - INFO - [DEBUG-SP] epoch=16 step=4700 all_invalid_count=0 all_invalid_ratio=0 empty_count=0 empty_ratio=0 full_count=0 full_ratio=0 mean_point_distance=30.25 n1_gt_valid_count=64 n1_in_gt_bg=0.8125 n1_in_gt_bg_count=52 n1_valid_count=64 n1_valid_ratio=1 n2_gt_valid_count=64 n2_in_gt_bg=1 n2_in_gt_bg_count=64 n2_valid_count=64 n2_valid_ratio=1 neg_in_pred_bg=1 neg_in_pred_bg_count=128 negative_pair_count=64 negative_pair_distance_sum=2751 p1_gt_valid_count=64 p1_in_gt_fg=0.9844 p1_in_gt_fg_count=63 p1_valid_count=64 p1_valid_ratio=1 p2_gt_valid_count=64 p2_in_gt_fg=0.9844 p2_in_gt_fg_count=63 p2_valid_count=64 p2_valid_ratio=1 point_distance_sum=3872 point_overlap_count=0 point_overlap_ratio=0 point_pair_count=128 pos_in_pred_fg=1 pos_in_pred_fg_count=128 positive_pair_count=64 positive_pair_distance_sum=1122 roi_count=64 valid_neg_count=128 valid_pos_count=128 warmup_stage=2
2026-07-30 06:25:39,572 - portable_sam_fusion - INFO - Epoch 16 detailed losses: loss_rpn_cls=0.0188, loss_rpn_bbox=0.0072, loss_cls=0.2071, acc=91.7708, loss_bbox=0.0844, loss_mask=0.0017, debug_mask_pos_rois=56.3027, debug_mask_logit_mean=-15.1476, debug_mask_logit_std=2.9990, debug_mask_prob_mean=0.0048, debug_mask_prob_ge05=0.0048, debug_mask_target_fill=0.0048, loss_shape_prior=0.0223, schedule/det_weight=1.0000
2026-07-30 06:25:39,572 - portable_sam_fusion - INFO - Epoch 16 dense residual monitor: alpha=0.500000 source_delta_norm=6.9004 applied_delta_norm=3.4502 source_delta_ratio=0.590867 applied_delta_ratio=0.295433
2026-07-30 06:25:39,572 - portable_sam_fusion - INFO - Epoch 16 primary loss shares: det=92.97% final_mask=0.51% shape=6.52% p2_boundary=0.00%
2026-07-30 06:25:39,572 - portable_sam_fusion - INFO - Epoch 16 schedule: det_loss_weight=1.000 early_stop_start=20 min_delta=0.0005
2026-07-30 06:25:39,572 - portable_sam_fusion - INFO - Epoch 16 learning rates: sat_backbone=4.58e-04, mask_decoder=4.58e-04, prompt_encoder=4.58e-04, shape_prior=4.58e-04, quality_head=4.58e-04, sat_other=4.58e-04
2026-07-30 06:28:50,933 - portable_sam_fusion - INFO - Validation samples: GT=15926, DT=18612, avg_masks_per_image=29.68, avg_mask_fill=0.0057
creating index...
index created!
Loading and preparing results...
DONE (t=0.02s)
creating index...
index created!
Running per image evaluation...
Evaluate annotation type *bbox*
DONE (t=10.77s).
Accumulating evaluation results...
DONE (t=0.18s).
 Average Precision  (AP) @[ IoU=0.50:0.95 | area=   all | maxDets=100 ] = 0.674
 Average Precision  (AP) @[ IoU=0.50      | area=   all | maxDets=100 ] = 0.892
 Average Precision  (AP) @[ IoU=0.75      | area=   all | maxDets=100 ] = 0.808
 Average Precision  (AP) @[ IoU=0.50:0.95 | area= small | maxDets=100 ] = 0.284
 Average Precision  (AP) @[ IoU=0.50:0.95 | area=medium | maxDets=100 ] = 0.717
 Average Precision  (AP) @[ IoU=0.50:0.95 | area= large | maxDets=100 ] = 0.758
 Average Recall     (AR) @[ IoU=0.50:0.95 | area=   all | maxDets=  1 ] = 0.025
 Average Recall     (AR) @[ IoU=0.50:0.95 | area=   all | maxDets= 10 ] = 0.185
 Average Recall     (AR) @[ IoU=0.50:0.95 | area=   all | maxDets=100 ] = 0.729
 Average Recall     (AR) @[ IoU=0.50:0.95 | area= small | maxDets=100 ] = 0.412
 Average Recall     (AR) @[ IoU=0.50:0.95 | area=medium | maxDets=100 ] = 0.773
 Average Recall     (AR) @[ IoU=0.50:0.95 | area= large | maxDets=100 ] = 0.808
2026-07-30 06:29:02,075 - portable_sam_fusion - INFO - Validation bbox/mAP: 0.6744 bbox/mAP_75: 0.8085
Running per image evaluation...
Evaluate annotation type *segm*
DONE (t=11.40s).
Accumulating evaluation results...
DONE (t=0.18s).
 Average Precision  (AP) @[ IoU=0.50:0.95 | area=   all | maxDets=100 ] = 0.439
 Average Precision  (AP) @[ IoU=0.50      | area=   all | maxDets=100 ] = 0.845
 Average Precision  (AP) @[ IoU=0.75      | area=   all | maxDets=100 ] = 0.464
 Average Precision  (AP) @[ IoU=0.50:0.95 | area= small | maxDets=100 ] = 0.052
 Average Precision  (AP) @[ IoU=0.50:0.95 | area=medium | maxDets=100 ] = 0.455
 Average Precision  (AP) @[ IoU=0.50:0.95 | area= large | maxDets=100 ] = 0.635
 Average Recall     (AR) @[ IoU=0.50:0.95 | area=   all | maxDets=  1 ] = 0.020
 Average Recall     (AR) @[ IoU=0.50:0.95 | area=   all | maxDets= 10 ] = 0.141
 Average Recall     (AR) @[ IoU=0.50:0.95 | area=   all | maxDets=100 ] = 0.487
 Average Recall     (AR) @[ IoU=0.50:0.95 | area= small | maxDets=100 ] = 0.098
 Average Recall     (AR) @[ IoU=0.50:0.95 | area=medium | maxDets=100 ] = 0.502
 Average Recall     (AR) @[ IoU=0.50:0.95 | area= large | maxDets=100 ] = 0.689
2026-07-30 06:29:13,684 - portable_sam_fusion - INFO - Validation segm/mAP: 0.4389
2026-07-30 06:29:14,225 - portable_sam_fusion - INFO - Early-stop metric (segm/mAP): raw=0.4389 smooth(5)=0.4464; counter disabled before epoch 20
2026-07-30 06:29:19,886 - portable_sam_fusion - INFO - Epoch 16/80 | train=0.341567 val=disabled segm/mAP=0.4389 bbox/mAP=0.6744 | best_segm=0.4663 best_bbox=0.6766 best_comp=0.0000 | sat_backbone=4.58e-04 mask_decoder=4.58e-04 prompt_encoder=4.58e-04 shape_prior=4.58e-04 quality_head=4.58e-04 sat_other=4.58e-04
2026-07-30 06:30:09,768 - portable_sam_fusion - INFO - [DEBUG-BOX] epoch=17 step=4750 fallback_count=0 fallback_ratio=0 num_rois=64 refined_proposal_iou=0 refined_proposal_iou_sum=0 refined_valid_count=0
2026-07-30 06:30:09,768 - portable_sam_fusion - INFO - [DEBUG-COARSE] epoch=17 step=4750 bce_raw=0.1466 boundary_fn=2623 boundary_fp=2497 boundary_tp=2.412e+04 dice=0.09359 dice_loss_raw=0.09359 iou=0.8331 loss_weight=0.1 raw_boundary_fn=2623 raw_boundary_fp=2497 raw_boundary_tp=2.412e+04 raw_dice_score=0.9064 raw_iou=0.8331 weighted_loss=0.02402
2026-07-30 06:30:09,768 - portable_sam_fusion - INFO - [DEBUG-CONTEXT] epoch=17 step=4750 enabled=0
2026-07-30 06:30:09,768 - portable_sam_fusion - INFO - [DEBUG-DENSE] epoch=17 step=4750 applied_delta_norm=2.363 applied_delta_ratio=0.2023 base_norm=11.68 canvas_max=8 canvas_mean=-0.001644 canvas_min=-8 canvas_nonzero_ratio=0.00492 canvas_std=0.3816 final_norm=11.9 residual_alpha=0.5 shape_norm=12.64 source_delta_norm=4.726 source_delta_ratio=0.4046
2026-07-30 06:30:09,769 - portable_sam_fusion - INFO - [DEBUG-GATE] epoch=17 step=4750 shape_dense_alpha_max=0.5 shape_dense_alpha_mean=0.5 shape_dense_alpha_min=0.5
2026-07-30 06:30:09,769 - portable_sam_fusion - INFO - [DEBUG-JITTER] epoch=17 step=4750 area_ratio_count=64 area_ratio_mean=1 area_ratio_sum=64 fallback_count=0 mean_iou=1 num_jittered=0 num_rois=64
2026-07-30 06:30:09,769 - portable_sam_fusion - INFO - [DEBUG-SP] epoch=17 step=4750 all_invalid_count=0 all_invalid_ratio=0 empty_count=0 empty_ratio=0 full_count=0 full_ratio=0 mean_point_distance=21.73 n1_gt_valid_count=64 n1_in_gt_bg=0.8594 n1_in_gt_bg_count=55 n1_valid_count=64 n1_valid_ratio=1 n2_gt_valid_count=64 n2_in_gt_bg=0.9844 n2_in_gt_bg_count=63 n2_valid_count=64 n2_valid_ratio=1 neg_in_pred_bg=1 neg_in_pred_bg_count=128 negative_pair_count=64 negative_pair_distance_sum=2065 p1_gt_valid_count=64 p1_in_gt_fg=1 p1_in_gt_fg_count=64 p1_valid_count=64 p1_valid_ratio=1 p2_gt_valid_count=64 p2_in_gt_fg=0.9844 p2_in_gt_fg_count=63 p2_valid_count=64 p2_valid_ratio=1 point_distance_sum=2782 point_overlap_count=0 point_overlap_ratio=0 point_pair_count=128 pos_in_pred_fg=1 pos_in_pred_fg_count=128 positive_pair_count=64 positive_pair_distance_sum=716.9 roi_count=64 valid_neg_count=128 valid_pos_count=128 warmup_stage=2
2026-07-30 06:30:26,429 - portable_sam_fusion - INFO - epoch 17 | mini-batch 64/294 | optimizer_step 1200/5920 | lr=4.573e-04
2026-07-30 06:31:00,578 - portable_sam_fusion - INFO - [DEBUG-BOX] epoch=17 step=4800 fallback_count=0 fallback_ratio=0 num_rois=64 refined_proposal_iou=0 refined_proposal_iou_sum=0 refined_valid_count=0
2026-07-30 06:31:00,578 - portable_sam_fusion - INFO - [DEBUG-COARSE] epoch=17 step=4800 bce_raw=0.09403 boundary_fn=659 boundary_fp=1014 boundary_tp=2.339e+04 dice=0.04223 dice_loss_raw=0.04223 iou=0.9194 loss_weight=0.1 raw_boundary_fn=659 raw_boundary_fp=1014 raw_boundary_tp=2.339e+04 raw_dice_score=0.9578 raw_iou=0.9194 weighted_loss=0.01363
2026-07-30 06:31:00,578 - portable_sam_fusion - INFO - [DEBUG-CONTEXT] epoch=17 step=4800 enabled=0
2026-07-30 06:31:00,578 - portable_sam_fusion - INFO - [DEBUG-DENSE] epoch=17 step=4800 applied_delta_norm=3.813 applied_delta_ratio=0.3265 base_norm=11.68 canvas_max=8 canvas_mean=0.01631 canvas_min=-8 canvas_nonzero_ratio=0.008823 canvas_std=0.5635 final_norm=12.19 residual_alpha=0.5 shape_norm=13.8 source_delta_norm=7.625 source_delta_ratio=0.6529
2026-07-30 06:31:00,578 - portable_sam_fusion - INFO - [DEBUG-GATE] epoch=17 step=4800 shape_dense_alpha_max=0.5 shape_dense_alpha_mean=0.5 shape_dense_alpha_min=0.5
2026-07-30 06:31:00,578 - portable_sam_fusion - INFO - [DEBUG-JITTER] epoch=17 step=4800 area_ratio_count=64 area_ratio_mean=1 area_ratio_sum=64 fallback_count=0 mean_iou=1 num_jittered=0 num_rois=64
2026-07-30 06:31:00,578 - portable_sam_fusion - INFO - [DEBUG-SP] epoch=17 step=4800 all_invalid_count=0 all_invalid_ratio=0 empty_count=0 empty_ratio=0 full_count=1 full_ratio=0.01562 mean_point_distance=35.65 n1_gt_valid_count=63 n1_in_gt_bg=0.8571 n1_in_gt_bg_count=54 n1_valid_count=63 n1_valid_ratio=0.9844 n2_gt_valid_count=63 n2_in_gt_bg=0.9841 n2_in_gt_bg_count=62 n2_valid_count=63 n2_valid_ratio=0.9844 neg_in_pred_bg=1 neg_in_pred_bg_count=126 negative_pair_count=63 negative_pair_distance_sum=3398 p1_gt_valid_count=64 p1_in_gt_fg=1 p1_in_gt_fg_count=64 p1_valid_count=64 p1_valid_ratio=1 p2_gt_valid_count=64 p2_in_gt_fg=1 p2_in_gt_fg_count=64 p2_valid_count=64 p2_valid_ratio=1 point_distance_sum=4527 point_overlap_count=0 point_overlap_ratio=0 point_pair_count=127 pos_in_pred_fg=1 pos_in_pred_fg_count=128 positive_pair_count=64 positive_pair_distance_sum=1129 roi_count=64 valid_neg_count=126 valid_pos_count=128 warmup_stage=2
2026-07-30 06:31:59,099 - portable_sam_fusion - INFO - [DEBUG-BOX] epoch=17 step=4850 fallback_count=0 fallback_ratio=0 num_rois=64 refined_proposal_iou=0 refined_proposal_iou_sum=0 refined_valid_count=0
2026-07-30 06:31:59,099 - portable_sam_fusion - INFO - [DEBUG-COARSE] epoch=17 step=4850 bce_raw=0.1597 boundary_fn=3009 boundary_fp=3528 boundary_tp=2.134e+04 dice=0.07026 dice_loss_raw=0.07026 iou=0.8712 loss_weight=0.1 raw_boundary_fn=3009 raw_boundary_fp=3528 raw_boundary_tp=2.134e+04 raw_dice_score=0.9297 raw_iou=0.8712 weighted_loss=0.023
2026-07-30 06:31:59,099 - portable_sam_fusion - INFO - [DEBUG-CONTEXT] epoch=17 step=4850 enabled=0
2026-07-30 06:31:59,099 - portable_sam_fusion - INFO - [DEBUG-DENSE] epoch=17 step=4850 applied_delta_norm=2.41 applied_delta_ratio=0.2064 base_norm=11.68 canvas_max=8 canvas_mean=0.009954 canvas_min=-8 canvas_nonzero_ratio=0.004687 canvas_std=0.3847 final_norm=11.92 residual_alpha=0.5 shape_norm=12.73 source_delta_norm=4.82 source_delta_ratio=0.4128
2026-07-30 06:31:59,099 - portable_sam_fusion - INFO - [DEBUG-GATE] epoch=17 step=4850 shape_dense_alpha_max=0.5 shape_dense_alpha_mean=0.5 shape_dense_alpha_min=0.5
2026-07-30 06:31:59,099 - portable_sam_fusion - INFO - [DEBUG-JITTER] epoch=17 step=4850 area_ratio_count=64 area_ratio_mean=1 area_ratio_sum=64 fallback_count=0 mean_iou=1 num_jittered=0 num_rois=64
2026-07-30 06:31:59,099 - portable_sam_fusion - INFO - [DEBUG-SP] epoch=17 step=4850 all_invalid_count=0 all_invalid_ratio=0 empty_count=0 empty_ratio=0 full_count=0 full_ratio=0 mean_point_distance=24.18 n1_gt_valid_count=64 n1_in_gt_bg=0.8906 n1_in_gt_bg_count=57 n1_valid_count=64 n1_valid_ratio=1 n2_gt_valid_count=64 n2_in_gt_bg=0.9844 n2_in_gt_bg_count=63 n2_valid_count=64 n2_valid_ratio=1 neg_in_pred_bg=1 neg_in_pred_bg_count=128 negative_pair_count=64 negative_pair_distance_sum=2343 p1_gt_valid_count=64 p1_in_gt_fg=1 p1_in_gt_fg_count=64 p1_valid_count=64 p1_valid_ratio=1 p2_gt_valid_count=64 p2_in_gt_fg=1 p2_in_gt_fg_count=64 p2_valid_count=64 p2_valid_ratio=1 point_distance_sum=3095 point_overlap_count=0 point_overlap_ratio=0 point_pair_count=128 pos_in_pred_fg=1 pos_in_pred_fg_count=128 positive_pair_count=64 positive_pair_distance_sum=752.3 roi_count=64 valid_neg_count=128 valid_pos_count=128 warmup_stage=2
2026-07-30 06:33:03,823 - portable_sam_fusion - INFO - [DEBUG-BOX] epoch=17 step=4900 fallback_count=0 fallback_ratio=0 num_rois=64 refined_proposal_iou=0 refined_proposal_iou_sum=0 refined_valid_count=0
2026-07-30 06:33:03,823 - portable_sam_fusion - INFO - [DEBUG-COARSE] epoch=17 step=4900 bce_raw=0.1662 boundary_fn=2710 boundary_fp=3463 boundary_tp=2.305e+04 dice=0.08856 dice_loss_raw=0.08856 iou=0.8414 loss_weight=0.1 raw_boundary_fn=2710 raw_boundary_fp=3463 raw_boundary_tp=2.305e+04 raw_dice_score=0.9114 raw_iou=0.8414 weighted_loss=0.02548
2026-07-30 06:33:03,823 - portable_sam_fusion - INFO - [DEBUG-CONTEXT] epoch=17 step=4900 enabled=0
2026-07-30 06:33:03,823 - portable_sam_fusion - INFO - [DEBUG-DENSE] epoch=17 step=4900 applied_delta_norm=2.475 applied_delta_ratio=0.2119 base_norm=11.68 canvas_max=8 canvas_mean=0.0006637 canvas_min=-8 canvas_nonzero_ratio=0.005363 canvas_std=0.4169 final_norm=11.93 residual_alpha=0.5 shape_norm=12.75 source_delta_norm=4.95 source_delta_ratio=0.4238
2026-07-30 06:33:03,823 - portable_sam_fusion - INFO - [DEBUG-GATE] epoch=17 step=4900 shape_dense_alpha_max=0.5 shape_dense_alpha_mean=0.5 shape_dense_alpha_min=0.5
2026-07-30 06:33:03,823 - portable_sam_fusion - INFO - [DEBUG-JITTER] epoch=17 step=4900 area_ratio_count=64 area_ratio_mean=1 area_ratio_sum=64 fallback_count=0 mean_iou=1 num_jittered=0 num_rois=64
2026-07-30 06:33:03,823 - portable_sam_fusion - INFO - [DEBUG-SP] epoch=17 step=4900 all_invalid_count=0 all_invalid_ratio=0 empty_count=0 empty_ratio=0 full_count=0 full_ratio=0 mean_point_distance=24.64 n1_gt_valid_count=64 n1_in_gt_bg=0.8906 n1_in_gt_bg_count=57 n1_valid_count=64 n1_valid_ratio=1 n2_gt_valid_count=64 n2_in_gt_bg=1 n2_in_gt_bg_count=64 n2_valid_count=64 n2_valid_ratio=1 neg_in_pred_bg=1 neg_in_pred_bg_count=128 negative_pair_count=64 negative_pair_distance_sum=2354 p1_gt_valid_count=64 p1_in_gt_fg=1 p1_in_gt_fg_count=64 p1_valid_count=64 p1_valid_ratio=1 p2_gt_valid_count=64 p2_in_gt_fg=0.9844 p2_in_gt_fg_count=63 p2_valid_count=64 p2_valid_ratio=1 point_distance_sum=3154 point_overlap_count=0 point_overlap_ratio=0 point_pair_count=128 pos_in_pred_fg=1 pos_in_pred_fg_count=128 positive_pair_count=64 positive_pair_distance_sum=800.3 roi_count=64 valid_neg_count=128 valid_pos_count=128 warmup_stage=2
2026-07-30 06:34:07,111 - portable_sam_fusion - INFO - [DEBUG-BOX] epoch=17 step=4950 fallback_count=0 fallback_ratio=0 num_rois=64 refined_proposal_iou=0 refined_proposal_iou_sum=0 refined_valid_count=0
2026-07-30 06:34:07,111 - portable_sam_fusion - INFO - [DEBUG-COARSE] epoch=17 step=4950 bce_raw=0.1911 boundary_fn=3171 boundary_fp=4327 boundary_tp=2.157e+04 dice=0.07631 dice_loss_raw=0.07631 iou=0.8603 loss_weight=0.1 raw_boundary_fn=3171 raw_boundary_fp=4327 raw_boundary_tp=2.157e+04 raw_dice_score=0.9237 raw_iou=0.8603 weighted_loss=0.02674
2026-07-30 06:34:07,111 - portable_sam_fusion - INFO - [DEBUG-CONTEXT] epoch=17 step=4950 enabled=0
2026-07-30 06:34:07,112 - portable_sam_fusion - INFO - [DEBUG-DENSE] epoch=17 step=4950 applied_delta_norm=2.037 applied_delta_ratio=0.1744 base_norm=11.68 canvas_max=8 canvas_mean=0.00802 canvas_min=-8 canvas_nonzero_ratio=0.003448 canvas_std=0.3162 final_norm=11.85 residual_alpha=0.5 shape_norm=12.45 source_delta_norm=4.074 source_delta_ratio=0.3488
2026-07-30 06:34:07,112 - portable_sam_fusion - INFO - [DEBUG-GATE] epoch=17 step=4950 shape_dense_alpha_max=0.5 shape_dense_alpha_mean=0.5 shape_dense_alpha_min=0.5
2026-07-30 06:34:07,112 - portable_sam_fusion - INFO - [DEBUG-JITTER] epoch=17 step=4950 area_ratio_count=64 area_ratio_mean=1 area_ratio_sum=64 fallback_count=0 mean_iou=1 num_jittered=0 num_rois=64
2026-07-30 06:34:07,112 - portable_sam_fusion - INFO - [DEBUG-SP] epoch=17 step=4950 all_invalid_count=0 all_invalid_ratio=0 empty_count=0 empty_ratio=0 full_count=0 full_ratio=0 mean_point_distance=19.03 n1_gt_valid_count=64 n1_in_gt_bg=0.6875 n1_in_gt_bg_count=44 n1_valid_count=64 n1_valid_ratio=1 n2_gt_valid_count=64 n2_in_gt_bg=0.9844 n2_in_gt_bg_count=63 n2_valid_count=64 n2_valid_ratio=1 neg_in_pred_bg=1 neg_in_pred_bg_count=128 negative_pair_count=64 negative_pair_distance_sum=1921 p1_gt_valid_count=64 p1_in_gt_fg=1 p1_in_gt_fg_count=64 p1_valid_count=64 p1_valid_ratio=1 p2_gt_valid_count=64 p2_in_gt_fg=1 p2_in_gt_fg_count=64 p2_valid_count=64 p2_valid_ratio=1 point_distance_sum=2436 point_overlap_count=0 point_overlap_ratio=0 point_pair_count=128 pos_in_pred_fg=1 pos_in_pred_fg_count=128 positive_pair_count=64 positive_pair_distance_sum=515.7 roi_count=64 valid_neg_count=128 valid_pos_count=128 warmup_stage=2
2026-07-30 06:34:30,883 - portable_sam_fusion - INFO - epoch 17 | mini-batch 264/294 | optimizer_step 1250/5920 | lr=4.534e-04
2026-07-30 06:35:06,677 - portable_sam_fusion - INFO - Epoch 17 detailed losses: loss_rpn_cls=0.0161, loss_rpn_bbox=0.0058, loss_cls=0.2011, acc=91.9279, loss_bbox=0.0856, loss_mask=0.0015, debug_mask_pos_rois=56.7755, debug_mask_logit_mean=-17.1337, debug_mask_logit_std=3.2246, debug_mask_prob_mean=0.0048, debug_mask_prob_ge05=0.0048, debug_mask_target_fill=0.0048, loss_shape_prior=0.0225, schedule/det_weight=1.0000
2026-07-30 06:35:06,678 - portable_sam_fusion - INFO - Epoch 17 dense residual monitor: alpha=0.500000 source_delta_norm=6.7984 applied_delta_norm=3.3992 source_delta_ratio=0.582133 applied_delta_ratio=0.291067
2026-07-30 06:35:06,678 - portable_sam_fusion - INFO - Epoch 17 primary loss shares: det=92.80% final_mask=0.45% shape=6.75% p2_boundary=0.00%
2026-07-30 06:35:06,678 - portable_sam_fusion - INFO - Epoch 17 schedule: det_loss_weight=1.000 early_stop_start=20 min_delta=0.0005
2026-07-30 06:35:06,678 - portable_sam_fusion - INFO - Epoch 17 learning rates: sat_backbone=4.53e-04, mask_decoder=4.53e-04, prompt_encoder=4.53e-04, shape_prior=4.53e-04, quality_head=4.53e-04, sat_other=4.53e-04
2026-07-30 06:38:17,303 - portable_sam_fusion - INFO - Validation samples: GT=15926, DT=17382, avg_masks_per_image=27.72, avg_mask_fill=0.0057
creating index...
index created!
Loading and preparing results...
DONE (t=0.02s)
creating index...
index created!
Running per image evaluation...
Evaluate annotation type *bbox*
DONE (t=10.49s).
Accumulating evaluation results...
DONE (t=0.16s).
 Average Precision  (AP) @[ IoU=0.50:0.95 | area=   all | maxDets=100 ] = 0.660
 Average Precision  (AP) @[ IoU=0.50      | area=   all | maxDets=100 ] = 0.889
 Average Precision  (AP) @[ IoU=0.75      | area=   all | maxDets=100 ] = 0.805
 Average Precision  (AP) @[ IoU=0.50:0.95 | area= small | maxDets=100 ] = 0.300
 Average Precision  (AP) @[ IoU=0.50:0.95 | area=medium | maxDets=100 ] = 0.698
 Average Precision  (AP) @[ IoU=0.50:0.95 | area= large | maxDets=100 ] = 0.749
 Average Recall     (AR) @[ IoU=0.50:0.95 | area=   all | maxDets=  1 ] = 0.024
 Average Recall     (AR) @[ IoU=0.50:0.95 | area=   all | maxDets= 10 ] = 0.180
 Average Recall     (AR) @[ IoU=0.50:0.95 | area=   all | maxDets=100 ] = 0.709
 Average Recall     (AR) @[ IoU=0.50:0.95 | area= small | maxDets=100 ] = 0.391
 Average Recall     (AR) @[ IoU=0.50:0.95 | area=medium | maxDets=100 ] = 0.750
 Average Recall     (AR) @[ IoU=0.50:0.95 | area= large | maxDets=100 ] = 0.796
2026-07-30 06:38:28,600 - portable_sam_fusion - INFO - Validation bbox/mAP: 0.6604 bbox/mAP_75: 0.8051
Running per image evaluation...
Evaluate annotation type *segm*
DONE (t=10.96s).
Accumulating evaluation results...
DONE (t=0.16s).
 Average Precision  (AP) @[ IoU=0.50:0.95 | area=   all | maxDets=100 ] = 0.463
 Average Precision  (AP) @[ IoU=0.50      | area=   all | maxDets=100 ] = 0.860
 Average Precision  (AP) @[ IoU=0.75      | area=   all | maxDets=100 ] = 0.506
 Average Precision  (AP) @[ IoU=0.50:0.95 | area= small | maxDets=100 ] = 0.068
 Average Precision  (AP) @[ IoU=0.50:0.95 | area=medium | maxDets=100 ] = 0.477
 Average Precision  (AP) @[ IoU=0.50:0.95 | area= large | maxDets=100 ] = 0.653
 Average Recall     (AR) @[ IoU=0.50:0.95 | area=   all | maxDets=  1 ] = 0.021
 Average Recall     (AR) @[ IoU=0.50:0.95 | area=   all | maxDets= 10 ] = 0.145
 Average Recall     (AR) @[ IoU=0.50:0.95 | area=   all | maxDets=100 ] = 0.503
 Average Recall     (AR) @[ IoU=0.50:0.95 | area= small | maxDets=100 ] = 0.115
 Average Recall     (AR) @[ IoU=0.50:0.95 | area=medium | maxDets=100 ] = 0.518
 Average Recall     (AR) @[ IoU=0.50:0.95 | area= large | maxDets=100 ] = 0.702
2026-07-30 06:38:39,751 - portable_sam_fusion - INFO - Validation segm/mAP: 0.4635
2026-07-30 06:38:40,377 - portable_sam_fusion - INFO - Early-stop metric (segm/mAP): raw=0.4635 smooth(5)=0.4501; counter disabled before epoch 20
2026-07-30 06:38:45,912 - portable_sam_fusion - INFO - Epoch 17/80 | train=0.332591 val=disabled segm/mAP=0.4635 bbox/mAP=0.6604 | best_segm=0.4663 best_bbox=0.6766 best_comp=0.0000 | sat_backbone=4.53e-04 mask_decoder=4.53e-04 prompt_encoder=4.53e-04 shape_prior=4.53e-04 quality_head=4.53e-04 sat_other=4.53e-04
2026-07-30 06:38:48,877 - portable_sam_fusion - INFO - [DEBUG-BOX] epoch=18 step=5000 fallback_count=0 fallback_ratio=0 num_rois=64 refined_proposal_iou=0 refined_proposal_iou_sum=0 refined_valid_count=0
2026-07-30 06:38:48,877 - portable_sam_fusion - INFO - [DEBUG-COARSE] epoch=18 step=5000 bce_raw=0.1918 boundary_fn=3957 boundary_fp=3607 boundary_tp=2.282e+04 dice=0.09085 dice_loss_raw=0.09085 iou=0.8358 loss_weight=0.1 raw_boundary_fn=3957 raw_boundary_fp=3607 raw_boundary_tp=2.282e+04 raw_dice_score=0.9091 raw_iou=0.8358 weighted_loss=0.02826
2026-07-30 06:38:48,877 - portable_sam_fusion - INFO - [DEBUG-CONTEXT] epoch=18 step=5000 enabled=0
2026-07-30 06:38:48,877 - portable_sam_fusion - INFO - [DEBUG-DENSE] epoch=18 step=5000 applied_delta_norm=2.929 applied_delta_ratio=0.2508 base_norm=11.68 canvas_max=8 canvas_mean=0.001072 canvas_min=-8 canvas_nonzero_ratio=0.00694 canvas_std=0.4516 final_norm=12.01 residual_alpha=0.5 shape_norm=13.08 source_delta_norm=5.859 source_delta_ratio=0.5017
2026-07-30 06:38:48,877 - portable_sam_fusion - INFO - [DEBUG-GATE] epoch=18 step=5000 shape_dense_alpha_max=0.5 shape_dense_alpha_mean=0.5 shape_dense_alpha_min=0.5
2026-07-30 06:38:48,877 - portable_sam_fusion - INFO - [DEBUG-JITTER] epoch=18 step=5000 area_ratio_count=64 area_ratio_mean=1 area_ratio_sum=64 fallback_count=0 mean_iou=1 num_jittered=0 num_rois=64
2026-07-30 06:38:48,877 - portable_sam_fusion - INFO - [DEBUG-SP] epoch=18 step=5000 all_invalid_count=0 all_invalid_ratio=0 empty_count=0 empty_ratio=0 full_count=0 full_ratio=0 mean_point_distance=28.5 n1_gt_valid_count=64 n1_in_gt_bg=0.7031 n1_in_gt_bg_count=45 n1_valid_count=64 n1_valid_ratio=1 n2_gt_valid_count=64 n2_in_gt_bg=1 n2_in_gt_bg_count=64 n2_valid_count=64 n2_valid_ratio=1 neg_in_pred_bg=1 neg_in_pred_bg_count=128 negative_pair_count=64 negative_pair_distance_sum=2550 p1_gt_valid_count=64 p1_in_gt_fg=1 p1_in_gt_fg_count=64 p1_valid_count=64 p1_valid_ratio=1 p2_gt_valid_count=64 p2_in_gt_fg=1 p2_in_gt_fg_count=64 p2_valid_count=64 p2_valid_ratio=1 point_distance_sum=3648 point_overlap_count=0 point_overlap_ratio=0 point_pair_count=128 pos_in_pred_fg=1 pos_in_pred_fg_count=128 positive_pair_count=64 positive_pair_distance_sum=1099 roi_count=64 valid_neg_count=128 valid_pos_count=128 warmup_stage=2
2026-07-30 06:39:42,314 - portable_sam_fusion - INFO - [DEBUG-BOX] epoch=18 step=5050 fallback_count=0 fallback_ratio=0 num_rois=64 refined_proposal_iou=0 refined_proposal_iou_sum=0 refined_valid_count=0
2026-07-30 06:39:42,314 - portable_sam_fusion - INFO - [DEBUG-COARSE] epoch=18 step=5050 bce_raw=0.2372 boundary_fn=3962 boundary_fp=4671 boundary_tp=1.948e+04 dice=0.08771 dice_loss_raw=0.08771 iou=0.8448 loss_weight=0.1 raw_boundary_fn=3962 raw_boundary_fp=4671 raw_boundary_tp=1.948e+04 raw_dice_score=0.9123 raw_iou=0.8448 weighted_loss=0.03249
2026-07-30 06:39:42,314 - portable_sam_fusion - INFO - [DEBUG-CONTEXT] epoch=18 step=5050 enabled=0
2026-07-30 06:39:42,314 - portable_sam_fusion - INFO - [DEBUG-DENSE] epoch=18 step=5050 applied_delta_norm=2.025 applied_delta_ratio=0.1734 base_norm=11.68 canvas_max=8 canvas_mean=0.008311 canvas_min=-8 canvas_nonzero_ratio=0.004266 canvas_std=0.3896 final_norm=11.91 residual_alpha=0.5 shape_norm=12.64 source_delta_norm=4.05 source_delta_ratio=0.3468
2026-07-30 06:39:42,314 - portable_sam_fusion - INFO - [DEBUG-GATE] epoch=18 step=5050 shape_dense_alpha_max=0.5 shape_dense_alpha_mean=0.5 shape_dense_alpha_min=0.5
2026-07-30 06:39:42,314 - portable_sam_fusion - INFO - [DEBUG-JITTER] epoch=18 step=5050 area_ratio_count=64 area_ratio_mean=1 area_ratio_sum=64 fallback_count=0 mean_iou=1 num_jittered=0 num_rois=64
2026-07-30 06:39:42,314 - portable_sam_fusion - INFO - [DEBUG-SP] epoch=18 step=5050 all_invalid_count=0 all_invalid_ratio=0 empty_count=0 empty_ratio=0 full_count=0 full_ratio=0 mean_point_distance=22.53 n1_gt_valid_count=64 n1_in_gt_bg=0.7344 n1_in_gt_bg_count=47 n1_valid_count=64 n1_valid_ratio=1 n2_gt_valid_count=64 n2_in_gt_bg=0.9531 n2_in_gt_bg_count=61 n2_valid_count=64 n2_valid_ratio=1 neg_in_pred_bg=1 neg_in_pred_bg_count=128 negative_pair_count=64 negative_pair_distance_sum=2046 p1_gt_valid_count=64 p1_in_gt_fg=1 p1_in_gt_fg_count=64 p1_valid_count=64 p1_valid_ratio=1 p2_gt_valid_count=64 p2_in_gt_fg=0.9844 p2_in_gt_fg_count=63 p2_valid_count=64 p2_valid_ratio=1 point_distance_sum=2884 point_overlap_count=0 point_overlap_ratio=0 point_pair_count=128 pos_in_pred_fg=1 pos_in_pred_fg_count=128 positive_pair_count=64 positive_pair_distance_sum=838 roi_count=64 valid_neg_count=128 valid_pos_count=128 warmup_stage=2
2026-07-30 06:40:39,510 - portable_sam_fusion - INFO - [DEBUG-BOX] epoch=18 step=5100 fallback_count=0 fallback_ratio=0 num_rois=64 refined_proposal_iou=0 refined_proposal_iou_sum=0 refined_valid_count=0
2026-07-30 06:40:39,510 - portable_sam_fusion - INFO - [DEBUG-COARSE] epoch=18 step=5100 bce_raw=0.169 boundary_fn=3840 boundary_fp=3090 boundary_tp=2.112e+04 dice=0.1014 dice_loss_raw=0.1014 iou=0.8224 loss_weight=0.1 raw_boundary_fn=3840 raw_boundary_fp=3090 raw_boundary_tp=2.112e+04 raw_dice_score=0.8986 raw_iou=0.8224 weighted_loss=0.02704
2026-07-30 06:40:39,510 - portable_sam_fusion - INFO - [DEBUG-CONTEXT] epoch=18 step=5100 enabled=0
2026-07-30 06:40:39,510 - portable_sam_fusion - INFO - [DEBUG-DENSE] epoch=18 step=5100 applied_delta_norm=2.55 applied_delta_ratio=0.2184 base_norm=11.68 canvas_max=8 canvas_mean=-0.001958 canvas_min=-8 canvas_nonzero_ratio=0.006856 canvas_std=0.4968 final_norm=12.01 residual_alpha=0.5 shape_norm=13.01 source_delta_norm=5.1 source_delta_ratio=0.4367
2026-07-30 06:40:39,510 - portable_sam_fusion - INFO - [DEBUG-GATE] epoch=18 step=5100 shape_dense_alpha_max=0.5 shape_dense_alpha_mean=0.5 shape_dense_alpha_min=0.5
2026-07-30 06:40:39,510 - portable_sam_fusion - INFO - [DEBUG-JITTER] epoch=18 step=5100 area_ratio_count=64 area_ratio_mean=1 area_ratio_sum=64 fallback_count=0 mean_iou=1 num_jittered=0 num_rois=64
2026-07-30 06:40:39,510 - portable_sam_fusion - INFO - [DEBUG-SP] epoch=18 step=5100 all_invalid_count=0 all_invalid_ratio=0 empty_count=0 empty_ratio=0 full_count=0 full_ratio=0 mean_point_distance=26.96 n1_gt_valid_count=64 n1_in_gt_bg=0.8438 n1_in_gt_bg_count=54 n1_valid_count=64 n1_valid_ratio=1 n2_gt_valid_count=64 n2_in_gt_bg=1 n2_in_gt_bg_count=64 n2_valid_count=64 n2_valid_ratio=1 neg_in_pred_bg=1 neg_in_pred_bg_count=128 negative_pair_count=64 negative_pair_distance_sum=2565 p1_gt_valid_count=64 p1_in_gt_fg=1 p1_in_gt_fg_count=64 p1_valid_count=64 p1_valid_ratio=1 p2_gt_valid_count=64 p2_in_gt_fg=1 p2_in_gt_fg_count=64 p2_valid_count=64 p2_valid_ratio=1 point_distance_sum=3451 point_overlap_count=0 point_overlap_ratio=0 point_pair_count=128 pos_in_pred_fg=1 pos_in_pred_fg_count=128 positive_pair_count=64 positive_pair_distance_sum=886.2 roi_count=64 valid_neg_count=128 valid_pos_count=128 warmup_stage=2
2026-07-30 06:41:42,225 - portable_sam_fusion - INFO - [DEBUG-BOX] epoch=18 step=5150 fallback_count=0 fallback_ratio=0 num_rois=64 refined_proposal_iou=0 refined_proposal_iou_sum=0 refined_valid_count=0
2026-07-30 06:41:42,225 - portable_sam_fusion - INFO - [DEBUG-COARSE] epoch=18 step=5150 bce_raw=0.1847 boundary_fn=3084 boundary_fp=3255 boundary_tp=2.348e+04 dice=0.08522 dice_loss_raw=0.08522 iou=0.8466 loss_weight=0.1 raw_boundary_fn=3084 raw_boundary_fp=3255 raw_boundary_tp=2.348e+04 raw_dice_score=0.9148 raw_iou=0.8466 weighted_loss=0.02699
2026-07-30 06:41:42,225 - portable_sam_fusion - INFO - [DEBUG-CONTEXT] epoch=18 step=5150 enabled=0
2026-07-30 06:41:42,225 - portable_sam_fusion - INFO - [DEBUG-DENSE] epoch=18 step=5150 applied_delta_norm=2.463 applied_delta_ratio=0.2109 base_norm=11.68 canvas_max=8 canvas_mean=0.004203 canvas_min=-8 canvas_nonzero_ratio=0.004885 canvas_std=0.4161 final_norm=11.92 residual_alpha=0.5 shape_norm=12.72 source_delta_norm=4.926 source_delta_ratio=0.4218
2026-07-30 06:41:42,225 - portable_sam_fusion - INFO - [DEBUG-GATE] epoch=18 step=5150 shape_dense_alpha_max=0.5 shape_dense_alpha_mean=0.5 shape_dense_alpha_min=0.5
2026-07-30 06:41:42,225 - portable_sam_fusion - INFO - [DEBUG-JITTER] epoch=18 step=5150 area_ratio_count=64 area_ratio_mean=1 area_ratio_sum=64 fallback_count=0 mean_iou=1 num_jittered=0 num_rois=64
2026-07-30 06:41:42,225 - portable_sam_fusion - INFO - [DEBUG-SP] epoch=18 step=5150 all_invalid_count=0 all_invalid_ratio=0 empty_count=0 empty_ratio=0 full_count=0 full_ratio=0 mean_point_distance=19.99 n1_gt_valid_count=64 n1_in_gt_bg=0.8438 n1_in_gt_bg_count=54 n1_valid_count=64 n1_valid_ratio=1 n2_gt_valid_count=64 n2_in_gt_bg=0.9844 n2_in_gt_bg_count=63 n2_valid_count=64 n2_valid_ratio=1 neg_in_pred_bg=1 neg_in_pred_bg_count=128 negative_pair_count=64 negative_pair_distance_sum=1868 p1_gt_valid_count=64 p1_in_gt_fg=1 p1_in_gt_fg_count=64 p1_valid_count=64 p1_valid_ratio=1 p2_gt_valid_count=64 p2_in_gt_fg=1 p2_in_gt_fg_count=64 p2_valid_count=64 p2_valid_ratio=1 point_distance_sum=2558 point_overlap_count=0 point_overlap_ratio=0 point_pair_count=128 pos_in_pred_fg=1 pos_in_pred_fg_count=128 positive_pair_count=64 positive_pair_distance_sum=690.2 roi_count=64 valid_neg_count=128 valid_pos_count=128 warmup_stage=2
2026-07-30 06:42:04,743 - portable_sam_fusion - INFO - epoch 18 | mini-batch 168/294 | optimizer_step 1300/5920 | lr=4.494e-04
2026-07-30 06:42:51,451 - portable_sam_fusion - INFO - [DEBUG-BOX] epoch=18 step=5200 fallback_count=0 fallback_ratio=0 num_rois=64 refined_proposal_iou=0 refined_proposal_iou_sum=0 refined_valid_count=0
2026-07-30 06:42:51,451 - portable_sam_fusion - INFO - [DEBUG-COARSE] epoch=18 step=5200 bce_raw=0.1602 boundary_fn=2552 boundary_fp=2074 boundary_tp=2.607e+04 dice=0.08788 dice_loss_raw=0.08788 iou=0.8407 loss_weight=0.1 raw_boundary_fn=2552 raw_boundary_fp=2074 raw_boundary_tp=2.607e+04 raw_dice_score=0.9121 raw_iou=0.8407 weighted_loss=0.02481
2026-07-30 06:42:51,451 - portable_sam_fusion - INFO - [DEBUG-CONTEXT] epoch=18 step=5200 enabled=0
2026-07-30 06:42:51,451 - portable_sam_fusion - INFO - [DEBUG-DENSE] epoch=18 step=5200 applied_delta_norm=2.748 applied_delta_ratio=0.2353 base_norm=11.68 canvas_max=8 canvas_mean=-0.01209 canvas_min=-8 canvas_nonzero_ratio=0.008296 canvas_std=0.5242 final_norm=12.05 residual_alpha=0.5 shape_norm=13.11 source_delta_norm=5.496 source_delta_ratio=0.4706
2026-07-30 06:42:51,451 - portable_sam_fusion - INFO - [DEBUG-GATE] epoch=18 step=5200 shape_dense_alpha_max=0.5 shape_dense_alpha_mean=0.5 shape_dense_alpha_min=0.5
2026-07-30 06:42:51,452 - portable_sam_fusion - INFO - [DEBUG-JITTER] epoch=18 step=5200 area_ratio_count=64 area_ratio_mean=1 area_ratio_sum=64 fallback_count=0 mean_iou=1 num_jittered=0 num_rois=64
2026-07-30 06:42:51,452 - portable_sam_fusion - INFO - [DEBUG-SP] epoch=18 step=5200 all_invalid_count=0 all_invalid_ratio=0 empty_count=0 empty_ratio=0 full_count=0 full_ratio=0 mean_point_distance=31.91 n1_gt_valid_count=64 n1_in_gt_bg=0.8281 n1_in_gt_bg_count=53 n1_valid_count=64 n1_valid_ratio=1 n2_gt_valid_count=64 n2_in_gt_bg=1 n2_in_gt_bg_count=64 n2_valid_count=64 n2_valid_ratio=1 neg_in_pred_bg=1 neg_in_pred_bg_count=128 negative_pair_count=64 negative_pair_distance_sum=2984 p1_gt_valid_count=64 p1_in_gt_fg=1 p1_in_gt_fg_count=64 p1_valid_count=64 p1_valid_ratio=1 p2_gt_valid_count=64 p2_in_gt_fg=1 p2_in_gt_fg_count=64 p2_valid_count=64 p2_valid_ratio=1 point_distance_sum=4084 point_overlap_count=0 point_overlap_ratio=0 point_pair_count=128 pos_in_pred_fg=1 pos_in_pred_fg_count=128 positive_pair_count=64 positive_pair_distance_sum=1100 roi_count=64 valid_neg_count=128 valid_pos_count=128 warmup_stage=2
2026-07-30 06:43:57,389 - portable_sam_fusion - INFO - [DEBUG-BOX] epoch=18 step=5250 fallback_count=0 fallback_ratio=0 num_rois=64 refined_proposal_iou=0 refined_proposal_iou_sum=0 refined_valid_count=0
2026-07-30 06:43:57,390 - portable_sam_fusion - INFO - [DEBUG-COARSE] epoch=18 step=5250 bce_raw=0.2043 boundary_fn=2829 boundary_fp=4262 boundary_tp=2.091e+04 dice=0.07388 dice_loss_raw=0.07388 iou=0.8655 loss_weight=0.1 raw_boundary_fn=2829 raw_boundary_fp=4262 raw_boundary_tp=2.091e+04 raw_dice_score=0.9261 raw_iou=0.8655 weighted_loss=0.02782
2026-07-30 06:43:57,390 - portable_sam_fusion - INFO - [DEBUG-CONTEXT] epoch=18 step=5250 enabled=0
2026-07-30 06:43:57,390 - portable_sam_fusion - INFO - [DEBUG-DENSE] epoch=18 step=5250 applied_delta_norm=2.399 applied_delta_ratio=0.2054 base_norm=11.68 canvas_max=8 canvas_mean=0.01013 canvas_min=-8 canvas_nonzero_ratio=0.004606 canvas_std=0.3534 final_norm=11.91 residual_alpha=0.5 shape_norm=12.67 source_delta_norm=4.797 source_delta_ratio=0.4108
2026-07-30 06:43:57,390 - portable_sam_fusion - INFO - [DEBUG-GATE] epoch=18 step=5250 shape_dense_alpha_max=0.5 shape_dense_alpha_mean=0.5 shape_dense_alpha_min=0.5
2026-07-30 06:43:57,390 - portable_sam_fusion - INFO - [DEBUG-JITTER] epoch=18 step=5250 area_ratio_count=64 area_ratio_mean=1 area_ratio_sum=64 fallback_count=0 mean_iou=1 num_jittered=0 num_rois=64
2026-07-30 06:43:57,390 - portable_sam_fusion - INFO - [DEBUG-SP] epoch=18 step=5250 all_invalid_count=0 all_invalid_ratio=0 empty_count=0 empty_ratio=0 full_count=0 full_ratio=0 mean_point_distance=22.01 n1_gt_valid_count=64 n1_in_gt_bg=0.625 n1_in_gt_bg_count=40 n1_valid_count=64 n1_valid_ratio=1 n2_gt_valid_count=64 n2_in_gt_bg=0.9531 n2_in_gt_bg_count=61 n2_valid_count=64 n2_valid_ratio=1 neg_in_pred_bg=1 neg_in_pred_bg_count=128 negative_pair_count=64 negative_pair_distance_sum=2039 p1_gt_valid_count=64 p1_in_gt_fg=1 p1_in_gt_fg_count=64 p1_valid_count=64 p1_valid_ratio=1 p2_gt_valid_count=64 p2_in_gt_fg=1 p2_in_gt_fg_count=64 p2_valid_count=64 p2_valid_ratio=1 point_distance_sum=2818 point_overlap_count=0 point_overlap_ratio=0 point_pair_count=128 pos_in_pred_fg=1 pos_in_pred_fg_count=128 positive_pair_count=64 positive_pair_distance_sum=778.3 roi_count=64 valid_neg_count=128 valid_pos_count=128 warmup_stage=2
2026-07-30 06:44:52,709 - portable_sam_fusion - INFO - Epoch 18 detailed losses: loss_rpn_cls=0.0152, loss_rpn_bbox=0.0059, loss_cls=0.1922, acc=92.4316, loss_bbox=0.0798, loss_mask=0.0013, debug_mask_pos_rois=56.1599, debug_mask_logit_mean=-16.8994, debug_mask_logit_std=3.1618, debug_mask_prob_mean=0.0048, debug_mask_prob_ge05=0.0048, debug_mask_target_fill=0.0048, loss_shape_prior=0.0223, schedule/det_weight=1.0000
2026-07-30 06:44:52,709 - portable_sam_fusion - INFO - Epoch 18 dense residual monitor: alpha=0.500000 source_delta_norm=6.7639 applied_delta_norm=3.3820 source_delta_ratio=0.579184 applied_delta_ratio=0.289592
2026-07-30 06:44:52,709 - portable_sam_fusion - INFO - Epoch 18 primary loss shares: det=92.54% final_mask=0.42% shape=7.04% p2_boundary=0.00%
2026-07-30 06:44:52,709 - portable_sam_fusion - INFO - Epoch 18 schedule: det_loss_weight=1.000 early_stop_start=20 min_delta=0.0005
2026-07-30 06:44:52,710 - portable_sam_fusion - INFO - Epoch 18 learning rates: sat_backbone=4.47e-04, mask_decoder=4.47e-04, prompt_encoder=4.47e-04, shape_prior=4.47e-04, quality_head=4.47e-04, sat_other=4.47e-04
2026-07-30 06:48:03,560 - portable_sam_fusion - INFO - Validation samples: GT=15926, DT=17065, avg_masks_per_image=27.22, avg_mask_fill=0.0052
creating index...
index created!
Loading and preparing results...
DONE (t=0.02s)
creating index...
index created!
Running per image evaluation...
Evaluate annotation type *bbox*
DONE (t=10.44s).
Accumulating evaluation results...
DONE (t=0.16s).
 Average Precision  (AP) @[ IoU=0.50:0.95 | area=   all | maxDets=100 ] = 0.685
 Average Precision  (AP) @[ IoU=0.50      | area=   all | maxDets=100 ] = 0.890
 Average Precision  (AP) @[ IoU=0.75      | area=   all | maxDets=100 ] = 0.816
 Average Precision  (AP) @[ IoU=0.50:0.95 | area= small | maxDets=100 ] = 0.313
 Average Precision  (AP) @[ IoU=0.50:0.95 | area=medium | maxDets=100 ] = 0.723
 Average Precision  (AP) @[ IoU=0.50:0.95 | area= large | maxDets=100 ] = 0.773
 Average Recall     (AR) @[ IoU=0.50:0.95 | area=   all | maxDets=  1 ] = 0.025
 Average Recall     (AR) @[ IoU=0.50:0.95 | area=   all | maxDets= 10 ] = 0.186
 Average Recall     (AR) @[ IoU=0.50:0.95 | area=   all | maxDets=100 ] = 0.729
 Average Recall     (AR) @[ IoU=0.50:0.95 | area= small | maxDets=100 ] = 0.408
 Average Recall     (AR) @[ IoU=0.50:0.95 | area=medium | maxDets=100 ] = 0.769
 Average Recall     (AR) @[ IoU=0.50:0.95 | area= large | maxDets=100 ] = 0.817
2026-07-30 06:48:14,349 - portable_sam_fusion - INFO - Validation bbox/mAP: 0.6846 bbox/mAP_75: 0.8161
Running per image evaluation...
Evaluate annotation type *segm*
DONE (t=11.00s).
Accumulating evaluation results...
DONE (t=0.17s).
 Average Precision  (AP) @[ IoU=0.50:0.95 | area=   all | maxDets=100 ] = 0.445
 Average Precision  (AP) @[ IoU=0.50      | area=   all | maxDets=100 ] = 0.850
 Average Precision  (AP) @[ IoU=0.75      | area=   all | maxDets=100 ] = 0.473
 Average Precision  (AP) @[ IoU=0.50:0.95 | area= small | maxDets=100 ] = 0.064
 Average Precision  (AP) @[ IoU=0.50:0.95 | area=medium | maxDets=100 ] = 0.463
 Average Precision  (AP) @[ IoU=0.50:0.95 | area= large | maxDets=100 ] = 0.640
 Average Recall     (AR) @[ IoU=0.50:0.95 | area=   all | maxDets=  1 ] = 0.020
 Average Recall     (AR) @[ IoU=0.50:0.95 | area=   all | maxDets= 10 ] = 0.142
 Average Recall     (AR) @[ IoU=0.50:0.95 | area=   all | maxDets=100 ] = 0.493
 Average Recall     (AR) @[ IoU=0.50:0.95 | area= small | maxDets=100 ] = 0.109
 Average Recall     (AR) @[ IoU=0.50:0.95 | area=medium | maxDets=100 ] = 0.509
 Average Recall     (AR) @[ IoU=0.50:0.95 | area= large | maxDets=100 ] = 0.689
2026-07-30 06:48:25,554 - portable_sam_fusion - INFO - Validation segm/mAP: 0.4453
2026-07-30 06:48:26,099 - portable_sam_fusion - INFO - New best bbox/mAP: 0.6846
2026-07-30 06:48:26,100 - portable_sam_fusion - INFO - Early-stop metric (segm/mAP): raw=0.4453 smooth(5)=0.4499; counter disabled before epoch 20
2026-07-30 06:48:28,569 - portable_sam_fusion - INFO - Saved best_bbox_model with bbox/mAP: 0.6846
2026-07-30 06:48:34,172 - portable_sam_fusion - INFO - Epoch 18/80 | train=0.316756 val=disabled segm/mAP=0.4453 bbox/mAP=0.6846 | best_segm=0.4663 best_bbox=0.6846 best_comp=0.0000 | sat_backbone=4.47e-04 mask_decoder=4.47e-04 prompt_encoder=4.47e-04 shape_prior=4.47e-04 quality_head=4.47e-04 sat_other=4.47e-04
2026-07-30 06:48:45,791 - portable_sam_fusion - INFO - [DEBUG-BOX] epoch=19 step=5300 fallback_count=0 fallback_ratio=0 num_rois=64 refined_proposal_iou=0 refined_proposal_iou_sum=0 refined_valid_count=0
2026-07-30 06:48:45,791 - portable_sam_fusion - INFO - [DEBUG-COARSE] epoch=19 step=5300 bce_raw=0.1794 boundary_fn=2703 boundary_fp=3119 boundary_tp=2.579e+04 dice=0.1125 dice_loss_raw=0.1125 iou=0.8043 loss_weight=0.1 raw_boundary_fn=2703 raw_boundary_fp=3119 raw_boundary_tp=2.579e+04 raw_dice_score=0.8875 raw_iou=0.8043 weighted_loss=0.02919
2026-07-30 06:48:45,791 - portable_sam_fusion - INFO - [DEBUG-CONTEXT] epoch=19 step=5300 enabled=0
2026-07-30 06:48:45,792 - portable_sam_fusion - INFO - [DEBUG-DENSE] epoch=19 step=5300 applied_delta_norm=3.172 applied_delta_ratio=0.2716 base_norm=11.68 canvas_max=8 canvas_mean=-0.005572 canvas_min=-8 canvas_nonzero_ratio=0.008284 canvas_std=0.4931 final_norm=12.06 residual_alpha=0.5 shape_norm=13.29 source_delta_norm=6.345 source_delta_ratio=0.5433
2026-07-30 06:48:45,792 - portable_sam_fusion - INFO - [DEBUG-GATE] epoch=19 step=5300 shape_dense_alpha_max=0.5 shape_dense_alpha_mean=0.5 shape_dense_alpha_min=0.5
2026-07-30 06:48:45,792 - portable_sam_fusion - INFO - [DEBUG-JITTER] epoch=19 step=5300 area_ratio_count=64 area_ratio_mean=1 area_ratio_sum=64 fallback_count=0 mean_iou=1 num_jittered=0 num_rois=64
2026-07-30 06:48:45,792 - portable_sam_fusion - INFO - [DEBUG-SP] epoch=19 step=5300 all_invalid_count=0 all_invalid_ratio=0 empty_count=0 empty_ratio=0 full_count=0 full_ratio=0 mean_point_distance=35.88 n1_gt_valid_count=64 n1_in_gt_bg=0.9688 n1_in_gt_bg_count=62 n1_valid_count=64 n1_valid_ratio=1 n2_gt_valid_count=64 n2_in_gt_bg=1 n2_in_gt_bg_count=64 n2_valid_count=64 n2_valid_ratio=1 neg_in_pred_bg=1 neg_in_pred_bg_count=128 negative_pair_count=64 negative_pair_distance_sum=3326 p1_gt_valid_count=64 p1_in_gt_fg=1 p1_in_gt_fg_count=64 p1_valid_count=64 p1_valid_ratio=1 p2_gt_valid_count=64 p2_in_gt_fg=1 p2_in_gt_fg_count=64 p2_valid_count=64 p2_valid_ratio=1 point_distance_sum=4593 point_overlap_count=0 point_overlap_ratio=0 point_pair_count=128 pos_in_pred_fg=1 pos_in_pred_fg_count=128 positive_pair_count=64 positive_pair_distance_sum=1267 roi_count=64 valid_neg_count=128 valid_pos_count=128 warmup_stage=2
2026-07-30 06:49:35,071 - portable_sam_fusion - INFO - [DEBUG-BOX] epoch=19 step=5350 fallback_count=0 fallback_ratio=0 num_rois=64 refined_proposal_iou=0 refined_proposal_iou_sum=0 refined_valid_count=0
2026-07-30 06:49:35,071 - portable_sam_fusion - INFO - [DEBUG-COARSE] epoch=19 step=5350 bce_raw=0.1423 boundary_fn=2327 boundary_fp=1926 boundary_tp=2.436e+04 dice=0.07213 dice_loss_raw=0.07213 iou=0.8677 loss_weight=0.1 raw_boundary_fn=2327 raw_boundary_fp=1926 raw_boundary_tp=2.436e+04 raw_dice_score=0.9279 raw_iou=0.8677 weighted_loss=0.02144
2026-07-30 06:49:35,071 - portable_sam_fusion - INFO - [DEBUG-CONTEXT] epoch=19 step=5350 enabled=0
2026-07-30 06:49:35,071 - portable_sam_fusion - INFO - [DEBUG-DENSE] epoch=19 step=5350 applied_delta_norm=2.821 applied_delta_ratio=0.2415 base_norm=11.68 canvas_max=8 canvas_mean=0.0009941 canvas_min=-8 canvas_nonzero_ratio=0.006535 canvas_std=0.4487 final_norm=12 residual_alpha=0.5 shape_norm=13.03 source_delta_norm=5.641 source_delta_ratio=0.483
2026-07-30 06:49:35,072 - portable_sam_fusion - INFO - [DEBUG-GATE] epoch=19 step=5350 shape_dense_alpha_max=0.5 shape_dense_alpha_mean=0.5 shape_dense_alpha_min=0.5
2026-07-30 06:49:35,072 - portable_sam_fusion - INFO - [DEBUG-JITTER] epoch=19 step=5350 area_ratio_count=64 area_ratio_mean=1 area_ratio_sum=64 fallback_count=0 mean_iou=1 num_jittered=0 num_rois=64
2026-07-30 06:49:35,072 - portable_sam_fusion - INFO - [DEBUG-SP] epoch=19 step=5350 all_invalid_count=0 all_invalid_ratio=0 empty_count=0 empty_ratio=0 full_count=0 full_ratio=0 mean_point_distance=27.66 n1_gt_valid_count=64 n1_in_gt_bg=0.8594 n1_in_gt_bg_count=55 n1_valid_count=64 n1_valid_ratio=1 n2_gt_valid_count=63 n2_in_gt_bg=1 n2_in_gt_bg_count=63 n2_valid_count=63 n2_valid_ratio=0.9844 neg_in_pred_bg=1 neg_in_pred_bg_count=127 negative_pair_count=63 negative_pair_distance_sum=2546 p1_gt_valid_count=64 p1_in_gt_fg=1 p1_in_gt_fg_count=64 p1_valid_count=64 p1_valid_ratio=1 p2_gt_valid_count=64 p2_in_gt_fg=1 p2_in_gt_fg_count=64 p2_valid_count=64 p2_valid_ratio=1 point_distance_sum=3513 point_overlap_count=0 point_overlap_ratio=0 point_pair_count=127 pos_in_pred_fg=1 pos_in_pred_fg_count=128 positive_pair_count=64 positive_pair_distance_sum=967.7 roi_count=64 valid_neg_count=127 valid_pos_count=128 warmup_stage=2
2026-07-30 06:49:46,661 - portable_sam_fusion - INFO - epoch 19 | mini-batch 72/294 | optimizer_step 1350/5920 | lr=4.453e-04
2026-07-30 06:50:31,067 - portable_sam_fusion - INFO - [DEBUG-BOX] epoch=19 step=5400 fallback_count=0 fallback_ratio=0 num_rois=64 refined_proposal_iou=0 refined_proposal_iou_sum=0 refined_valid_count=0
2026-07-30 06:50:31,067 - portable_sam_fusion - INFO - [DEBUG-COARSE] epoch=19 step=5400 bce_raw=0.1384 boundary_fn=1997 boundary_fp=2298 boundary_tp=2.666e+04 dice=0.08467 dice_loss_raw=0.08467 iou=0.849 loss_weight=0.1 raw_boundary_fn=1997 raw_boundary_fp=2298 raw_boundary_tp=2.666e+04 raw_dice_score=0.9153 raw_iou=0.849 weighted_loss=0.02231
2026-07-30 06:50:31,067 - portable_sam_fusion - INFO - [DEBUG-CONTEXT] epoch=19 step=5400 enabled=0
2026-07-30 06:50:31,068 - portable_sam_fusion - INFO - [DEBUG-DENSE] epoch=19 step=5400 applied_delta_norm=3.461 applied_delta_ratio=0.2963 base_norm=11.68 canvas_max=8 canvas_mean=-0.001986 canvas_min=-8 canvas_nonzero_ratio=0.009479 canvas_std=0.5291 final_norm=12.12 residual_alpha=0.5 shape_norm=13.55 source_delta_norm=6.921 source_delta_ratio=0.5926
2026-07-30 06:50:31,068 - portable_sam_fusion - INFO - [DEBUG-GATE] epoch=19 step=5400 shape_dense_alpha_max=0.5 shape_dense_alpha_mean=0.5 shape_dense_alpha_min=0.5
2026-07-30 06:50:31,068 - portable_sam_fusion - INFO - [DEBUG-JITTER] epoch=19 step=5400 area_ratio_count=64 area_ratio_mean=1 area_ratio_sum=64 fallback_count=0 mean_iou=1 num_jittered=0 num_rois=64
2026-07-30 06:50:31,068 - portable_sam_fusion - INFO - [DEBUG-SP] epoch=19 step=5400 all_invalid_count=0 all_invalid_ratio=0 empty_count=0 empty_ratio=0 full_count=0 full_ratio=0 mean_point_distance=37.62 n1_gt_valid_count=64 n1_in_gt_bg=0.9219 n1_in_gt_bg_count=59 n1_valid_count=64 n1_valid_ratio=1 n2_gt_valid_count=64 n2_in_gt_bg=1 n2_in_gt_bg_count=64 n2_valid_count=64 n2_valid_ratio=1 neg_in_pred_bg=1 neg_in_pred_bg_count=128 negative_pair_count=64 negative_pair_distance_sum=3490 p1_gt_valid_count=64 p1_in_gt_fg=0.9844 p1_in_gt_fg_count=63 p1_valid_count=64 p1_valid_ratio=1 p2_gt_valid_count=64 p2_in_gt_fg=0.9844 p2_in_gt_fg_count=63 p2_valid_count=64 p2_valid_ratio=1 point_distance_sum=4815 point_overlap_count=0 point_overlap_ratio=0 point_pair_count=128 pos_in_pred_fg=1 pos_in_pred_fg_count=128 positive_pair_count=64 positive_pair_distance_sum=1325 roi_count=64 valid_neg_count=128 valid_pos_count=128 warmup_stage=2
2026-07-30 06:51:34,560 - portable_sam_fusion - INFO - [DEBUG-BOX] epoch=19 step=5450 fallback_count=0 fallback_ratio=0 num_rois=64 refined_proposal_iou=0 refined_proposal_iou_sum=0 refined_valid_count=0
2026-07-30 06:51:34,560 - portable_sam_fusion - INFO - [DEBUG-COARSE] epoch=19 step=5450 bce_raw=0.1222 boundary_fn=1575 boundary_fp=1442 boundary_tp=2.519e+04 dice=0.06936 dice_loss_raw=0.06936 iou=0.8724 loss_weight=0.1 raw_boundary_fn=1575 raw_boundary_fp=1442 raw_boundary_tp=2.519e+04 raw_dice_score=0.9306 raw_iou=0.8724 weighted_loss=0.01916
2026-07-30 06:51:34,560 - portable_sam_fusion - INFO - [DEBUG-CONTEXT] epoch=19 step=5450 enabled=0
2026-07-30 06:51:34,560 - portable_sam_fusion - INFO - [DEBUG-DENSE] epoch=19 step=5450 applied_delta_norm=2.603 applied_delta_ratio=0.2229 base_norm=11.68 canvas_max=8 canvas_mean=-0.001074 canvas_min=-8 canvas_nonzero_ratio=0.006039 canvas_std=0.4596 final_norm=11.94 residual_alpha=0.5 shape_norm=12.83 source_delta_norm=5.207 source_delta_ratio=0.4458
2026-07-30 06:51:34,560 - portable_sam_fusion - INFO - [DEBUG-GATE] epoch=19 step=5450 shape_dense_alpha_max=0.5 shape_dense_alpha_mean=0.5 shape_dense_alpha_min=0.5
2026-07-30 06:51:34,560 - portable_sam_fusion - INFO - [DEBUG-JITTER] epoch=19 step=5450 area_ratio_count=64 area_ratio_mean=1 area_ratio_sum=64 fallback_count=0 mean_iou=1 num_jittered=0 num_rois=64
2026-07-30 06:51:34,561 - portable_sam_fusion - INFO - [DEBUG-SP] epoch=19 step=5450 all_invalid_count=0 all_invalid_ratio=0 empty_count=0 empty_ratio=0 full_count=0 full_ratio=0 mean_point_distance=26.35 n1_gt_valid_count=64 n1_in_gt_bg=0.9062 n1_in_gt_bg_count=58 n1_valid_count=64 n1_valid_ratio=1 n2_gt_valid_count=64 n2_in_gt_bg=1 n2_in_gt_bg_count=64 n2_valid_count=64 n2_valid_ratio=1 neg_in_pred_bg=1 neg_in_pred_bg_count=128 negative_pair_count=64 negative_pair_distance_sum=2325 p1_gt_valid_count=64 p1_in_gt_fg=1 p1_in_gt_fg_count=64 p1_valid_count=64 p1_valid_ratio=1 p2_gt_valid_count=64 p2_in_gt_fg=1 p2_in_gt_fg_count=64 p2_valid_count=64 p2_valid_ratio=1 point_distance_sum=3373 point_overlap_count=0 point_overlap_ratio=0 point_pair_count=128 pos_in_pred_fg=1 pos_in_pred_fg_count=128 positive_pair_count=64 positive_pair_distance_sum=1047 roi_count=64 valid_neg_count=128 valid_pos_count=128 warmup_stage=2
2026-07-30 06:52:39,454 - portable_sam_fusion - INFO - [DEBUG-BOX] epoch=19 step=5500 fallback_count=0 fallback_ratio=0 num_rois=64 refined_proposal_iou=0 refined_proposal_iou_sum=0 refined_valid_count=0
2026-07-30 06:52:39,454 - portable_sam_fusion - INFO - [DEBUG-COARSE] epoch=19 step=5500 bce_raw=0.1283 boundary_fn=1665 boundary_fp=2438 boundary_tp=2.424e+04 dice=0.06818 dice_loss_raw=0.06818 iou=0.8752 loss_weight=0.1 raw_boundary_fn=1665 raw_boundary_fp=2438 raw_boundary_tp=2.424e+04 raw_dice_score=0.9318 raw_iou=0.8752 weighted_loss=0.01965
2026-07-30 06:52:39,454 - portable_sam_fusion - INFO - [DEBUG-CONTEXT] epoch=19 step=5500 enabled=0
2026-07-30 06:52:39,454 - portable_sam_fusion - INFO - [DEBUG-DENSE] epoch=19 step=5500 applied_delta_norm=3.29 applied_delta_ratio=0.2817 base_norm=11.68 canvas_max=8 canvas_mean=0.003005 canvas_min=-8 canvas_nonzero_ratio=0.01248 canvas_std=0.584 final_norm=12.29 residual_alpha=0.5 shape_norm=13.95 source_delta_norm=6.58 source_delta_ratio=0.5634
2026-07-30 06:52:39,454 - portable_sam_fusion - INFO - [DEBUG-GATE] epoch=19 step=5500 shape_dense_alpha_max=0.5 shape_dense_alpha_mean=0.5 shape_dense_alpha_min=0.5
2026-07-30 06:52:39,454 - portable_sam_fusion - INFO - [DEBUG-JITTER] epoch=19 step=5500 area_ratio_count=64 area_ratio_mean=1 area_ratio_sum=64 fallback_count=0 mean_iou=1 num_jittered=0 num_rois=64
2026-07-30 06:52:39,454 - portable_sam_fusion - INFO - [DEBUG-SP] epoch=19 step=5500 all_invalid_count=0 all_invalid_ratio=0 empty_count=0 empty_ratio=0 full_count=0 full_ratio=0 mean_point_distance=31.81 n1_gt_valid_count=64 n1_in_gt_bg=0.9219 n1_in_gt_bg_count=59 n1_valid_count=64 n1_valid_ratio=1 n2_gt_valid_count=64 n2_in_gt_bg=0.9844 n2_in_gt_bg_count=63 n2_valid_count=64 n2_valid_ratio=1 neg_in_pred_bg=1 neg_in_pred_bg_count=128 negative_pair_count=64 negative_pair_distance_sum=2985 p1_gt_valid_count=64 p1_in_gt_fg=1 p1_in_gt_fg_count=64 p1_valid_count=64 p1_valid_ratio=1 p2_gt_valid_count=64 p2_in_gt_fg=1 p2_in_gt_fg_count=64 p2_valid_count=64 p2_valid_ratio=1 point_distance_sum=4072 point_overlap_count=0 point_overlap_ratio=0 point_pair_count=128 pos_in_pred_fg=1 pos_in_pred_fg_count=128 positive_pair_count=64 positive_pair_distance_sum=1086 roi_count=64 valid_neg_count=128 valid_pos_count=128 warmup_stage=2
2026-07-30 06:53:42,516 - portable_sam_fusion - INFO - [DEBUG-BOX] epoch=19 step=5550 fallback_count=0 fallback_ratio=0 num_rois=0 refined_proposal_iou=0 refined_proposal_iou_sum=0 refined_valid_count=0
2026-07-30 06:53:42,516 - portable_sam_fusion - INFO - [DEBUG-COARSE] epoch=19 step=5550 boundary_fn=0 boundary_fp=0 boundary_tp=0 dice=0 iou=0
2026-07-30 06:53:42,516 - portable_sam_fusion - INFO - [DEBUG-CONTEXT] epoch=19 step=5550 enabled=0
2026-07-30 06:53:42,516 - portable_sam_fusion - INFO - [DEBUG-DENSE] epoch=19 step=5550 applied_delta_norm=6.114 applied_delta_ratio=0.5235 base_norm=11.68 canvas_max=8 canvas_mean=0.05055 canvas_min=-8 canvas_nonzero_ratio=0.03037 canvas_std=0.9714 final_norm=13.34 residual_alpha=0.5 shape_norm=17.48 source_delta_norm=12.23 source_delta_ratio=1.047
2026-07-30 06:53:42,516 - portable_sam_fusion - INFO - [DEBUG-GATE] epoch=19 step=5550 shape_dense_alpha_max=0.5 shape_dense_alpha_mean=0.5 shape_dense_alpha_min=0.5
2026-07-30 06:53:42,516 - portable_sam_fusion - INFO - [DEBUG-JITTER] epoch=19 step=5550 area_ratio_count=0 area_ratio_mean=0 area_ratio_sum=0 fallback_count=0 mean_iou=0 num_jittered=0 num_rois=0
2026-07-30 06:53:42,516 - portable_sam_fusion - INFO - [DEBUG-SP] epoch=19 step=5550 all_invalid_count=0 all_invalid_ratio=0 empty_count=0 empty_ratio=0 full_count=0 full_ratio=0 mean_point_distance=54.15 n1_gt_valid_count=64 n1_in_gt_bg=0.7969 n1_in_gt_bg_count=51 n1_valid_count=64 n1_valid_ratio=1 n2_gt_valid_count=62 n2_in_gt_bg=1 n2_in_gt_bg_count=62 n2_valid_count=62 n2_valid_ratio=0.9688 neg_in_pred_bg=1 neg_in_pred_bg_count=126 negative_pair_count=62 negative_pair_distance_sum=4862 p1_gt_valid_count=64 p1_in_gt_fg=1 p1_in_gt_fg_count=64 p1_valid_count=64 p1_valid_ratio=1 p2_gt_valid_count=64 p2_in_gt_fg=1 p2_in_gt_fg_count=64 p2_valid_count=64 p2_valid_ratio=1 point_distance_sum=6823 point_overlap_count=0 point_overlap_ratio=0 point_pair_count=126 pos_in_pred_fg=1 pos_in_pred_fg_count=128 positive_pair_count=64 positive_pair_distance_sum=1961 roi_count=64 valid_neg_count=126 valid_pos_count=128 warmup_stage=2
2026-07-30 06:54:00,120 - portable_sam_fusion - INFO - epoch 19 | mini-batch 272/294 | optimizer_step 1400/5920 | lr=4.410e-04
2026-07-30 06:54:27,786 - portable_sam_fusion - INFO - Epoch 19 detailed losses: loss_rpn_cls=0.0162, loss_rpn_bbox=0.0063, loss_cls=0.1931, acc=92.4770, loss_bbox=0.0810, loss_mask=0.0016, debug_mask_pos_rois=57.8231, debug_mask_logit_mean=-17.0438, debug_mask_logit_std=3.2552, debug_mask_prob_mean=0.0054, debug_mask_prob_ge05=0.0053, debug_mask_target_fill=0.0054, loss_shape_prior=0.0215, schedule/det_weight=1.0000
2026-07-30 06:54:27,787 - portable_sam_fusion - INFO - Epoch 19 dense residual monitor: alpha=0.500000 source_delta_norm=6.7562 applied_delta_norm=3.3781 source_delta_ratio=0.578525 applied_delta_ratio=0.289263
2026-07-30 06:54:27,787 - portable_sam_fusion - INFO - Epoch 19 primary loss shares: det=92.77% final_mask=0.49% shape=6.74% p2_boundary=0.00%
2026-07-30 06:54:27,787 - portable_sam_fusion - INFO - Epoch 19 schedule: det_loss_weight=1.000 early_stop_start=20 min_delta=0.0005
2026-07-30 06:54:27,787 - portable_sam_fusion - INFO - Epoch 19 learning rates: sat_backbone=4.40e-04, mask_decoder=4.40e-04, prompt_encoder=4.40e-04, shape_prior=4.40e-04, quality_head=4.40e-04, sat_other=4.40e-04
2026-07-30 06:57:36,671 - portable_sam_fusion - INFO - Validation samples: GT=15926, DT=17814, avg_masks_per_image=28.41, avg_mask_fill=0.0053
creating index...
index created!
Loading and preparing results...
DONE (t=0.02s)
creating index...
index created!
Running per image evaluation...
Evaluate annotation type *bbox*
DONE (t=10.54s).
Accumulating evaluation results...
DONE (t=0.17s).
 Average Precision  (AP) @[ IoU=0.50:0.95 | area=   all | maxDets=100 ] = 0.701
 Average Precision  (AP) @[ IoU=0.50      | area=   all | maxDets=100 ] = 0.896
 Average Precision  (AP) @[ IoU=0.75      | area=   all | maxDets=100 ] = 0.818
 Average Precision  (AP) @[ IoU=0.50:0.95 | area= small | maxDets=100 ] = 0.315
 Average Precision  (AP) @[ IoU=0.50:0.95 | area=medium | maxDets=100 ] = 0.745
 Average Precision  (AP) @[ IoU=0.50:0.95 | area= large | maxDets=100 ] = 0.784
 Average Recall     (AR) @[ IoU=0.50:0.95 | area=   all | maxDets=  1 ] = 0.026
 Average Recall     (AR) @[ IoU=0.50:0.95 | area=   all | maxDets= 10 ] = 0.190
 Average Recall     (AR) @[ IoU=0.50:0.95 | area=   all | maxDets=100 ] = 0.748
 Average Recall     (AR) @[ IoU=0.50:0.95 | area= small | maxDets=100 ] = 0.436
 Average Recall     (AR) @[ IoU=0.50:0.95 | area=medium | maxDets=100 ] = 0.791
 Average Recall     (AR) @[ IoU=0.50:0.95 | area= large | maxDets=100 ] = 0.825
2026-07-30 06:57:47,579 - portable_sam_fusion - INFO - Validation bbox/mAP: 0.7014 bbox/mAP_75: 0.8177
Running per image evaluation...
Evaluate annotation type *segm*
DONE (t=11.13s).
Accumulating evaluation results...
DONE (t=0.17s).
 Average Precision  (AP) @[ IoU=0.50:0.95 | area=   all | maxDets=100 ] = 0.465
 Average Precision  (AP) @[ IoU=0.50      | area=   all | maxDets=100 ] = 0.858
 Average Precision  (AP) @[ IoU=0.75      | area=   all | maxDets=100 ] = 0.509
 Average Precision  (AP) @[ IoU=0.50:0.95 | area= small | maxDets=100 ] = 0.067
 Average Precision  (AP) @[ IoU=0.50:0.95 | area=medium | maxDets=100 ] = 0.481
 Average Precision  (AP) @[ IoU=0.50:0.95 | area= large | maxDets=100 ] = 0.649
 Average Recall     (AR) @[ IoU=0.50:0.95 | area=   all | maxDets=  1 ] = 0.021
 Average Recall     (AR) @[ IoU=0.50:0.95 | area=   all | maxDets= 10 ] = 0.145
 Average Recall     (AR) @[ IoU=0.50:0.95 | area=   all | maxDets=100 ] = 0.506
 Average Recall     (AR) @[ IoU=0.50:0.95 | area= small | maxDets=100 ] = 0.119
 Average Recall     (AR) @[ IoU=0.50:0.95 | area=medium | maxDets=100 ] = 0.523
 Average Recall     (AR) @[ IoU=0.50:0.95 | area= large | maxDets=100 ] = 0.698
2026-07-30 06:57:58,910 - portable_sam_fusion - INFO - Validation segm/mAP: 0.4650
2026-07-30 06:57:59,438 - portable_sam_fusion - INFO - New best bbox/mAP: 0.7014
2026-07-30 06:57:59,439 - portable_sam_fusion - INFO - Early-stop metric (segm/mAP): raw=0.4650 smooth(5)=0.4497; counter disabled before epoch 20
2026-07-30 06:58:01,938 - portable_sam_fusion - INFO - Saved best_bbox_model with bbox/mAP: 0.7014
2026-07-30 06:58:07,558 - portable_sam_fusion - INFO - Epoch 19/80 | train=0.319608 val=disabled segm/mAP=0.4650 bbox/mAP=0.7014 | best_segm=0.4663 best_bbox=0.7014 best_comp=0.0000 | sat_backbone=4.40e-04 mask_decoder=4.40e-04 prompt_encoder=4.40e-04 shape_prior=4.40e-04 quality_head=4.40e-04 sat_other=4.40e-04
2026-07-30 06:58:22,910 - portable_sam_fusion - INFO - [DEBUG-BOX] epoch=20 step=5600 fallback_count=0 fallback_ratio=0 num_rois=64 refined_proposal_iou=0 refined_proposal_iou_sum=0 refined_valid_count=0
2026-07-30 06:58:22,910 - portable_sam_fusion - INFO - [DEBUG-COARSE] epoch=20 step=5600 bce_raw=0.1335 boundary_fn=2080 boundary_fp=1879 boundary_tp=2.527e+04 dice=0.07827 dice_loss_raw=0.07827 iou=0.8572 loss_weight=0.1 raw_boundary_fn=2080 raw_boundary_fp=1879 raw_boundary_tp=2.527e+04 raw_dice_score=0.9217 raw_iou=0.8572 weighted_loss=0.02118
2026-07-30 06:58:22,910 - portable_sam_fusion - INFO - [DEBUG-CONTEXT] epoch=20 step=5600 enabled=0
2026-07-30 06:58:22,910 - portable_sam_fusion - INFO - [DEBUG-DENSE] epoch=20 step=5600 applied_delta_norm=2.694 applied_delta_ratio=0.2307 base_norm=11.68 canvas_max=8 canvas_mean=-0.002108 canvas_min=-8 canvas_nonzero_ratio=0.006203 canvas_std=0.4641 final_norm=11.95 residual_alpha=0.5 shape_norm=12.86 source_delta_norm=5.389 source_delta_ratio=0.4614
2026-07-30 06:58:22,910 - portable_sam_fusion - INFO - [DEBUG-GATE] epoch=20 step=5600 shape_dense_alpha_max=0.5 shape_dense_alpha_mean=0.5 shape_dense_alpha_min=0.5
2026-07-30 06:58:22,910 - portable_sam_fusion - INFO - [DEBUG-JITTER] epoch=20 step=5600 area_ratio_count=64 area_ratio_mean=1 area_ratio_sum=64 fallback_count=0 mean_iou=1 num_jittered=0 num_rois=64
2026-07-30 06:58:22,910 - portable_sam_fusion - INFO - [DEBUG-SP] epoch=20 step=5600 all_invalid_count=0 all_invalid_ratio=0 empty_count=0 empty_ratio=0 full_count=0 full_ratio=0 mean_point_distance=26.07 n1_gt_valid_count=64 n1_in_gt_bg=0.7344 n1_in_gt_bg_count=47 n1_valid_count=64 n1_valid_ratio=1 n2_gt_valid_count=64 n2_in_gt_bg=1 n2_in_gt_bg_count=64 n2_valid_count=64 n2_valid_ratio=1 neg_in_pred_bg=1 neg_in_pred_bg_count=128 negative_pair_count=64 negative_pair_distance_sum=2465 p1_gt_valid_count=64 p1_in_gt_fg=1 p1_in_gt_fg_count=64 p1_valid_count=64 p1_valid_ratio=1 p2_gt_valid_count=64 p2_in_gt_fg=1 p2_in_gt_fg_count=64 p2_valid_count=64 p2_valid_ratio=1 point_distance_sum=3337 point_overlap_count=0 point_overlap_ratio=0 point_pair_count=128 pos_in_pred_fg=1 pos_in_pred_fg_count=128 positive_pair_count=64 positive_pair_distance_sum=872.9 roi_count=64 valid_neg_count=128 valid_pos_count=128 warmup_stage=2
2026-07-30 06:59:14,056 - portable_sam_fusion - INFO - [DEBUG-BOX] epoch=20 step=5650 fallback_count=0 fallback_ratio=0 num_rois=64 refined_proposal_iou=0 refined_proposal_iou_sum=0 refined_valid_count=0
2026-07-30 06:59:14,056 - portable_sam_fusion - INFO - [DEBUG-COARSE] epoch=20 step=5650 bce_raw=0.1464 boundary_fn=2143 boundary_fp=1984 boundary_tp=2.657e+04 dice=0.08246 dice_loss_raw=0.08246 iou=0.8507 loss_weight=0.1 raw_boundary_fn=2143 raw_boundary_fp=1984 raw_boundary_tp=2.657e+04 raw_dice_score=0.9175 raw_iou=0.8507 weighted_loss=0.02289
2026-07-30 06:59:14,056 - portable_sam_fusion - INFO - [DEBUG-CONTEXT] epoch=20 step=5650 enabled=0
2026-07-30 06:59:14,056 - portable_sam_fusion - INFO - [DEBUG-DENSE] epoch=20 step=5650 applied_delta_norm=2.747 applied_delta_ratio=0.2352 base_norm=11.68 canvas_max=8 canvas_mean=-0.0061 canvas_min=-8 canvas_nonzero_ratio=0.006948 canvas_std=0.4819 final_norm=11.98 residual_alpha=0.5 shape_norm=12.96 source_delta_norm=5.494 source_delta_ratio=0.4705
2026-07-30 06:59:14,056 - portable_sam_fusion - INFO - [DEBUG-GATE] epoch=20 step=5650 shape_dense_alpha_max=0.5 shape_dense_alpha_mean=0.5 shape_dense_alpha_min=0.5
2026-07-30 06:59:14,056 - portable_sam_fusion - INFO - [DEBUG-JITTER] epoch=20 step=5650 area_ratio_count=64 area_ratio_mean=1 area_ratio_sum=64 fallback_count=0 mean_iou=1 num_jittered=0 num_rois=64
2026-07-30 06:59:14,056 - portable_sam_fusion - INFO - [DEBUG-SP] epoch=20 step=5650 all_invalid_count=0 all_invalid_ratio=0 empty_count=0 empty_ratio=0 full_count=0 full_ratio=0 mean_point_distance=28.06 n1_gt_valid_count=64 n1_in_gt_bg=0.9062 n1_in_gt_bg_count=58 n1_valid_count=64 n1_valid_ratio=1 n2_gt_valid_count=64 n2_in_gt_bg=1 n2_in_gt_bg_count=64 n2_valid_count=64 n2_valid_ratio=1 neg_in_pred_bg=1 neg_in_pred_bg_count=128 negative_pair_count=64 negative_pair_distance_sum=2665 p1_gt_valid_count=64 p1_in_gt_fg=1 p1_in_gt_fg_count=64 p1_valid_count=64 p1_valid_ratio=1 p2_gt_valid_count=64 p2_in_gt_fg=0.9844 p2_in_gt_fg_count=63 p2_valid_count=64 p2_valid_ratio=1 point_distance_sum=3592 point_overlap_count=0 point_overlap_ratio=0 point_pair_count=128 pos_in_pred_fg=1 pos_in_pred_fg_count=128 positive_pair_count=64 positive_pair_distance_sum=926.8 roi_count=64 valid_neg_count=128 valid_pos_count=128 warmup_stage=2
2026-07-30 07:00:03,595 - portable_sam_fusion - INFO - [DEBUG-BOX] epoch=20 step=5700 fallback_count=0 fallback_ratio=0 num_rois=64 refined_proposal_iou=0 refined_proposal_iou_sum=0 refined_valid_count=0
2026-07-30 07:00:03,595 - portable_sam_fusion - INFO - [DEBUG-COARSE] epoch=20 step=5700 bce_raw=0.1361 boundary_fn=2207 boundary_fp=1909 boundary_tp=2.471e+04 dice=0.07349 dice_loss_raw=0.07349 iou=0.864 loss_weight=0.1 raw_boundary_fn=2207 raw_boundary_fp=1909 raw_boundary_tp=2.471e+04 raw_dice_score=0.9265 raw_iou=0.864 weighted_loss=0.02096
2026-07-30 07:00:03,595 - portable_sam_fusion - INFO - [DEBUG-CONTEXT] epoch=20 step=5700 enabled=0
2026-07-30 07:00:03,595 - portable_sam_fusion - INFO - [DEBUG-DENSE] epoch=20 step=5700 applied_delta_norm=3.169 applied_delta_ratio=0.2713 base_norm=11.68 canvas_max=8 canvas_mean=-0.004194 canvas_min=-8 canvas_nonzero_ratio=0.007961 canvas_std=0.5239 final_norm=12.07 residual_alpha=0.5 shape_norm=13.33 source_delta_norm=6.337 source_delta_ratio=0.5426
2026-07-30 07:00:03,595 - portable_sam_fusion - INFO - [DEBUG-GATE] epoch=20 step=5700 shape_dense_alpha_max=0.5 shape_dense_alpha_mean=0.5 shape_dense_alpha_min=0.5
2026-07-30 07:00:03,595 - portable_sam_fusion - INFO - [DEBUG-JITTER] epoch=20 step=5700 area_ratio_count=64 area_ratio_mean=1 area_ratio_sum=64 fallback_count=0 mean_iou=1 num_jittered=0 num_rois=64
2026-07-30 07:00:03,595 - portable_sam_fusion - INFO - [DEBUG-SP] epoch=20 step=5700 all_invalid_count=0 all_invalid_ratio=0 empty_count=0 empty_ratio=0 full_count=0 full_ratio=0 mean_point_distance=31.1 n1_gt_valid_count=64 n1_in_gt_bg=0.8438 n1_in_gt_bg_count=54 n1_valid_count=64 n1_valid_ratio=1 n2_gt_valid_count=64 n2_in_gt_bg=1 n2_in_gt_bg_count=64 n2_valid_count=64 n2_valid_ratio=1 neg_in_pred_bg=1 neg_in_pred_bg_count=128 negative_pair_count=64 negative_pair_distance_sum=2934 p1_gt_valid_count=64 p1_in_gt_fg=1 p1_in_gt_fg_count=64 p1_valid_count=64 p1_valid_ratio=1 p2_gt_valid_count=64 p2_in_gt_fg=1 p2_in_gt_fg_count=64 p2_valid_count=64 p2_valid_ratio=1 point_distance_sum=3981 point_overlap_count=0 point_overlap_ratio=0 point_pair_count=128 pos_in_pred_fg=1 pos_in_pred_fg_count=128 positive_pair_count=64 positive_pair_distance_sum=1047 roi_count=64 valid_neg_count=128 valid_pos_count=128 warmup_stage=2
2026-07-30 07:01:11,123 - portable_sam_fusion - INFO - [DEBUG-BOX] epoch=20 step=5750 fallback_count=0 fallback_ratio=0 num_rois=64 refined_proposal_iou=0 refined_proposal_iou_sum=0 refined_valid_count=0
2026-07-30 07:01:11,123 - portable_sam_fusion - INFO - [DEBUG-COARSE] epoch=20 step=5750 bce_raw=0.136 boundary_fn=1752 boundary_fp=1994 boundary_tp=2.584e+04 dice=0.07293 dice_loss_raw=0.07293 iou=0.8659 loss_weight=0.1 raw_boundary_fn=1752 raw_boundary_fp=1994 raw_boundary_tp=2.584e+04 raw_dice_score=0.9271 raw_iou=0.8659 weighted_loss=0.02089
2026-07-30 07:01:11,123 - portable_sam_fusion - INFO - [DEBUG-CONTEXT] epoch=20 step=5750 enabled=0
2026-07-30 07:01:11,123 - portable_sam_fusion - INFO - [DEBUG-DENSE] epoch=20 step=5750 applied_delta_norm=3.33 applied_delta_ratio=0.2852 base_norm=11.68 canvas_max=8 canvas_mean=0.004187 canvas_min=-8 canvas_nonzero_ratio=0.008104 canvas_std=0.5466 final_norm=12.09 residual_alpha=0.5 shape_norm=13.4 source_delta_norm=6.661 source_delta_ratio=0.5703
2026-07-30 07:01:11,123 - portable_sam_fusion - INFO - [DEBUG-GATE] epoch=20 step=5750 shape_dense_alpha_max=0.5 shape_dense_alpha_mean=0.5 shape_dense_alpha_min=0.5
2026-07-30 07:01:11,123 - portable_sam_fusion - INFO - [DEBUG-JITTER] epoch=20 step=5750 area_ratio_count=64 area_ratio_mean=1 area_ratio_sum=64 fallback_count=0 mean_iou=1 num_jittered=0 num_rois=64
2026-07-30 07:01:11,123 - portable_sam_fusion - INFO - [DEBUG-SP] epoch=20 step=5750 all_invalid_count=0 all_invalid_ratio=0 empty_count=0 empty_ratio=0 full_count=0 full_ratio=0 mean_point_distance=30.66 n1_gt_valid_count=64 n1_in_gt_bg=0.9219 n1_in_gt_bg_count=59 n1_valid_count=64 n1_valid_ratio=1 n2_gt_valid_count=64 n2_in_gt_bg=1 n2_in_gt_bg_count=64 n2_valid_count=64 n2_valid_ratio=1 neg_in_pred_bg=1 neg_in_pred_bg_count=128 negative_pair_count=64 negative_pair_distance_sum=2580 p1_gt_valid_count=64 p1_in_gt_fg=1 p1_in_gt_fg_count=64 p1_valid_count=64 p1_valid_ratio=1 p2_gt_valid_count=64 p2_in_gt_fg=1 p2_in_gt_fg_count=64 p2_valid_count=64 p2_valid_ratio=1 point_distance_sum=3924 point_overlap_count=0 point_overlap_ratio=0 point_pair_count=128 pos_in_pred_fg=1 pos_in_pred_fg_count=128 positive_pair_count=64 positive_pair_distance_sum=1345 roi_count=64 valid_neg_count=128 valid_pos_count=128 warmup_stage=2
2026-07-30 07:01:25,990 - portable_sam_fusion - INFO - epoch 20 | mini-batch 176/294 | optimizer_step 1450/5920 | lr=4.366e-04
2026-07-30 07:02:16,295 - portable_sam_fusion - INFO - [DEBUG-BOX] epoch=20 step=5800 fallback_count=0 fallback_ratio=0 num_rois=32 refined_proposal_iou=0 refined_proposal_iou_sum=0 refined_valid_count=0
2026-07-30 07:02:16,295 - portable_sam_fusion - INFO - [DEBUG-COARSE] epoch=20 step=5800 bce_raw=0.08794 boundary_fn=448 boundary_fp=723 boundary_tp=1.184e+04 dice=0.05485 dice_loss_raw=0.05485 iou=0.897 loss_weight=0.1 raw_boundary_fn=448 raw_boundary_fp=723 raw_boundary_tp=1.184e+04 raw_dice_score=0.9452 raw_iou=0.897 weighted_loss=0.01428
2026-07-30 07:02:16,295 - portable_sam_fusion - INFO - [DEBUG-CONTEXT] epoch=20 step=5800 enabled=0
2026-07-30 07:02:16,295 - portable_sam_fusion - INFO - [DEBUG-DENSE] epoch=20 step=5800 applied_delta_norm=4.02 applied_delta_ratio=0.3442 base_norm=11.68 canvas_max=8 canvas_mean=0.006484 canvas_min=-8 canvas_nonzero_ratio=0.01096 canvas_std=0.6253 final_norm=12.23 residual_alpha=0.5 shape_norm=13.99 source_delta_norm=8.04 source_delta_ratio=0.6884
2026-07-30 07:02:16,295 - portable_sam_fusion - INFO - [DEBUG-GATE] epoch=20 step=5800 shape_dense_alpha_max=0.5 shape_dense_alpha_mean=0.5 shape_dense_alpha_min=0.5
2026-07-30 07:02:16,295 - portable_sam_fusion - INFO - [DEBUG-JITTER] epoch=20 step=5800 area_ratio_count=32 area_ratio_mean=1 area_ratio_sum=32 fallback_count=0 mean_iou=1 num_jittered=0 num_rois=32
2026-07-30 07:02:16,295 - portable_sam_fusion - INFO - [DEBUG-SP] epoch=20 step=5800 all_invalid_count=0 all_invalid_ratio=0 empty_count=0 empty_ratio=0 full_count=0 full_ratio=0 mean_point_distance=42.19 n1_gt_valid_count=32 n1_in_gt_bg=0.9688 n1_in_gt_bg_count=31 n1_valid_count=32 n1_valid_ratio=1 n2_gt_valid_count=32 n2_in_gt_bg=1 n2_in_gt_bg_count=32 n2_valid_count=32 n2_valid_ratio=1 neg_in_pred_bg=1 neg_in_pred_bg_count=64 negative_pair_count=32 negative_pair_distance_sum=1627 p1_gt_valid_count=32 p1_in_gt_fg=1 p1_in_gt_fg_count=32 p1_valid_count=32 p1_valid_ratio=1 p2_gt_valid_count=32 p2_in_gt_fg=1 p2_in_gt_fg_count=32 p2_valid_count=32 p2_valid_ratio=1 point_distance_sum=2700 point_overlap_count=0 point_overlap_ratio=0 point_pair_count=64 pos_in_pred_fg=1 pos_in_pred_fg_count=64 positive_pair_count=32 positive_pair_distance_sum=1074 roi_count=32 valid_neg_count=64 valid_pos_count=64 warmup_stage=2
2026-07-30 07:03:24,612 - portable_sam_fusion - INFO - [DEBUG-BOX] epoch=20 step=5850 fallback_count=0 fallback_ratio=0 num_rois=64 refined_proposal_iou=0 refined_proposal_iou_sum=0 refined_valid_count=0
2026-07-30 07:03:24,612 - portable_sam_fusion - INFO - [DEBUG-COARSE] epoch=20 step=5850 bce_raw=0.1294 boundary_fn=1566 boundary_fp=2303 boundary_tp=2.232e+04 dice=0.05561 dice_loss_raw=0.05561 iou=0.896 loss_weight=0.1 raw_boundary_fn=1566 raw_boundary_fp=2303 raw_boundary_tp=2.232e+04 raw_dice_score=0.9444 raw_iou=0.896 weighted_loss=0.0185
2026-07-30 07:03:24,612 - portable_sam_fusion - INFO - [DEBUG-CONTEXT] epoch=20 step=5850 enabled=0
2026-07-30 07:03:24,612 - portable_sam_fusion - INFO - [DEBUG-DENSE] epoch=20 step=5850 applied_delta_norm=2.523 applied_delta_ratio=0.216 base_norm=11.68 canvas_max=8 canvas_mean=0.01106 canvas_min=-8 canvas_nonzero_ratio=0.004996 canvas_std=0.3894 final_norm=11.93 residual_alpha=0.5 shape_norm=12.78 source_delta_norm=5.045 source_delta_ratio=0.432
2026-07-30 07:03:24,612 - portable_sam_fusion - INFO - [DEBUG-GATE] epoch=20 step=5850 shape_dense_alpha_max=0.5 shape_dense_alpha_mean=0.5 shape_dense_alpha_min=0.5
2026-07-30 07:03:24,612 - portable_sam_fusion - INFO - [DEBUG-JITTER] epoch=20 step=5850 area_ratio_count=64 area_ratio_mean=1 area_ratio_sum=64 fallback_count=0 mean_iou=1 num_jittered=0 num_rois=64
2026-07-30 07:03:24,612 - portable_sam_fusion - INFO - [DEBUG-SP] epoch=20 step=5850 all_invalid_count=0 all_invalid_ratio=0 empty_count=0 empty_ratio=0 full_count=0 full_ratio=0 mean_point_distance=21.4 n1_gt_valid_count=64 n1_in_gt_bg=0.8594 n1_in_gt_bg_count=55 n1_valid_count=64 n1_valid_ratio=1 n2_gt_valid_count=64 n2_in_gt_bg=0.9531 n2_in_gt_bg_count=61 n2_valid_count=64 n2_valid_ratio=1 neg_in_pred_bg=1 neg_in_pred_bg_count=128 negative_pair_count=64 negative_pair_distance_sum=1991 p1_gt_valid_count=64 p1_in_gt_fg=1 p1_in_gt_fg_count=64 p1_valid_count=64 p1_valid_ratio=1 p2_gt_valid_count=64 p2_in_gt_fg=1 p2_in_gt_fg_count=64 p2_valid_count=64 p2_valid_ratio=1 point_distance_sum=2739 point_overlap_count=0 point_overlap_ratio=0 point_pair_count=128 pos_in_pred_fg=1 pos_in_pred_fg_count=128 positive_pair_count=64 positive_pair_distance_sum=747.5 roi_count=64 valid_neg_count=128 valid_pos_count=128 warmup_stage=2
2026-07-30 07:04:00,619 - portable_sam_fusion - INFO - Epoch 20 detailed losses: loss_rpn_cls=0.0137, loss_rpn_bbox=0.0055, loss_cls=0.1901, acc=92.5242, loss_bbox=0.0788, loss_mask=0.0015, debug_mask_pos_rois=57.2415, debug_mask_logit_mean=-17.0726, debug_mask_logit_std=3.2002, debug_mask_prob_mean=0.0054, debug_mask_prob_ge05=0.0053, debug_mask_target_fill=0.0054, loss_shape_prior=0.0212, schedule/det_weight=1.0000
2026-07-30 07:04:00,619 - portable_sam_fusion - INFO - Epoch 20 dense residual monitor: alpha=0.500000 source_delta_norm=6.8011 applied_delta_norm=3.4005 source_delta_ratio=0.582365 applied_delta_ratio=0.291183
2026-07-30 07:04:00,619 - portable_sam_fusion - INFO - Epoch 20 primary loss shares: det=92.70% final_mask=0.47% shape=6.83% p2_boundary=0.00%
2026-07-30 07:04:00,619 - portable_sam_fusion - INFO - Epoch 20 schedule: det_loss_weight=1.000 early_stop_start=20 min_delta=0.0005
2026-07-30 07:04:00,619 - portable_sam_fusion - INFO - Epoch 20 learning rates: sat_backbone=4.34e-04, mask_decoder=4.34e-04, prompt_encoder=4.34e-04, shape_prior=4.34e-04, quality_head=4.34e-04, sat_other=4.34e-04
2026-07-30 07:07:17,169 - portable_sam_fusion - INFO - Validation samples: GT=15926, DT=18541, avg_masks_per_image=29.57, avg_mask_fill=0.0052
creating index...
index created!
Loading and preparing results...
DONE (t=0.02s)
creating index...
index created!
Running per image evaluation...
Evaluate annotation type *bbox*
DONE (t=10.87s).
Accumulating evaluation results...
DONE (t=0.18s).
 Average Precision  (AP) @[ IoU=0.50:0.95 | area=   all | maxDets=100 ] = 0.672
 Average Precision  (AP) @[ IoU=0.50      | area=   all | maxDets=100 ] = 0.895
 Average Precision  (AP) @[ IoU=0.75      | area=   all | maxDets=100 ] = 0.809
 Average Precision  (AP) @[ IoU=0.50:0.95 | area= small | maxDets=100 ] = 0.298
 Average Precision  (AP) @[ IoU=0.50:0.95 | area=medium | maxDets=100 ] = 0.707
 Average Precision  (AP) @[ IoU=0.50:0.95 | area= large | maxDets=100 ] = 0.772
 Average Recall     (AR) @[ IoU=0.50:0.95 | area=   all | maxDets=  1 ] = 0.025
 Average Recall     (AR) @[ IoU=0.50:0.95 | area=   all | maxDets= 10 ] = 0.184
 Average Recall     (AR) @[ IoU=0.50:0.95 | area=   all | maxDets=100 ] = 0.727
 Average Recall     (AR) @[ IoU=0.50:0.95 | area= small | maxDets=100 ] = 0.410
 Average Recall     (AR) @[ IoU=0.50:0.95 | area=medium | maxDets=100 ] = 0.762
 Average Recall     (AR) @[ IoU=0.50:0.95 | area= large | maxDets=100 ] = 0.830
2026-07-30 07:07:28,409 - portable_sam_fusion - INFO - Validation bbox/mAP: 0.6721 bbox/mAP_75: 0.8093
Running per image evaluation...
Evaluate annotation type *segm*
DONE (t=11.50s).
Accumulating evaluation results...
DONE (t=0.18s).
 Average Precision  (AP) @[ IoU=0.50:0.95 | area=   all | maxDets=100 ] = 0.439
 Average Precision  (AP) @[ IoU=0.50      | area=   all | maxDets=100 ] = 0.855
 Average Precision  (AP) @[ IoU=0.75      | area=   all | maxDets=100 ] = 0.456
 Average Precision  (AP) @[ IoU=0.50:0.95 | area= small | maxDets=100 ] = 0.069
 Average Precision  (AP) @[ IoU=0.50:0.95 | area=medium | maxDets=100 ] = 0.455
 Average Precision  (AP) @[ IoU=0.50:0.95 | area= large | maxDets=100 ] = 0.622
 Average Recall     (AR) @[ IoU=0.50:0.95 | area=   all | maxDets=  1 ] = 0.020
 Average Recall     (AR) @[ IoU=0.50:0.95 | area=   all | maxDets= 10 ] = 0.140
 Average Recall     (AR) @[ IoU=0.50:0.95 | area=   all | maxDets=100 ] = 0.490
 Average Recall     (AR) @[ IoU=0.50:0.95 | area= small | maxDets=100 ] = 0.118
 Average Recall     (AR) @[ IoU=0.50:0.95 | area=medium | maxDets=100 ] = 0.503
 Average Recall     (AR) @[ IoU=0.50:0.95 | area= large | maxDets=100 ] = 0.684
2026-07-30 07:07:40,115 - portable_sam_fusion - INFO - Validation segm/mAP: 0.4394
2026-07-30 07:07:40,717 - portable_sam_fusion - INFO - Early-stop metric (segm/mAP): raw=0.4394 smooth(5)=0.4504 best=0.4503 counter=1
2026-07-30 07:07:45,761 - portable_sam_fusion - INFO - Epoch 20/80 | train=0.310866 val=disabled segm/mAP=0.4394 bbox/mAP=0.6721 | best_segm=0.4663 best_bbox=0.7014 best_comp=0.0000 | sat_backbone=4.34e-04 mask_decoder=4.34e-04 prompt_encoder=4.34e-04 shape_prior=4.34e-04 quality_head=4.34e-04 sat_other=4.34e-04
2026-07-30 07:08:08,037 - portable_sam_fusion - INFO - [DEBUG-BOX] epoch=21 step=5900 fallback_count=0 fallback_ratio=0 num_rois=0 refined_proposal_iou=0 refined_proposal_iou_sum=0 refined_valid_count=0
2026-07-30 07:08:08,038 - portable_sam_fusion - INFO - [DEBUG-COARSE] epoch=21 step=5900 boundary_fn=0 boundary_fp=0 boundary_tp=0 dice=0 iou=0
2026-07-30 07:08:08,038 - portable_sam_fusion - INFO - [DEBUG-CONTEXT] epoch=21 step=5900 enabled=0
2026-07-30 07:08:08,038 - portable_sam_fusion - INFO - [DEBUG-DENSE] epoch=21 step=5900 applied_delta_norm=2.411 applied_delta_ratio=0.2064 base_norm=11.68 canvas_max=8 canvas_mean=0.002217 canvas_min=-8 canvas_nonzero_ratio=0.00494 canvas_std=0.4225 final_norm=11.91 residual_alpha=0.5 shape_norm=12.66 source_delta_norm=4.821 source_delta_ratio=0.4128
2026-07-30 07:08:08,038 - portable_sam_fusion - INFO - [DEBUG-GATE] epoch=21 step=5900 shape_dense_alpha_max=0.5 shape_dense_alpha_mean=0.5 shape_dense_alpha_min=0.5
2026-07-30 07:08:08,038 - portable_sam_fusion - INFO - [DEBUG-JITTER] epoch=21 step=5900 area_ratio_count=0 area_ratio_mean=0 area_ratio_sum=0 fallback_count=0 mean_iou=0 num_jittered=0 num_rois=0
2026-07-30 07:08:08,038 - portable_sam_fusion - INFO - [DEBUG-SP] epoch=21 step=5900 all_invalid_count=0 all_invalid_ratio=0 empty_count=0 empty_ratio=0 full_count=0 full_ratio=0 mean_point_distance=24.06 n1_gt_valid_count=64 n1_in_gt_bg=0.8125 n1_in_gt_bg_count=52 n1_valid_count=64 n1_valid_ratio=1 n2_gt_valid_count=64 n2_in_gt_bg=1 n2_in_gt_bg_count=64 n2_valid_count=64 n2_valid_ratio=1 neg_in_pred_bg=1 neg_in_pred_bg_count=128 negative_pair_count=64 negative_pair_distance_sum=2351 p1_gt_valid_count=64 p1_in_gt_fg=1 p1_in_gt_fg_count=64 p1_valid_count=64 p1_valid_ratio=1 p2_gt_valid_count=64 p2_in_gt_fg=1 p2_in_gt_fg_count=64 p2_valid_count=64 p2_valid_ratio=1 point_distance_sum=3080 point_overlap_count=0 point_overlap_ratio=0 point_pair_count=128 pos_in_pred_fg=1 pos_in_pred_fg_count=128 positive_pair_count=64 positive_pair_distance_sum=729 roi_count=64 valid_neg_count=128 valid_pos_count=128 warmup_stage=2
2026-07-30 07:09:00,072 - portable_sam_fusion - INFO - [DEBUG-BOX] epoch=21 step=5950 fallback_count=0 fallback_ratio=0 num_rois=64 refined_proposal_iou=0 refined_proposal_iou_sum=0 refined_valid_count=0
2026-07-30 07:09:00,073 - portable_sam_fusion - INFO - [DEBUG-COARSE] epoch=21 step=5950 bce_raw=0.1399 boundary_fn=2154 boundary_fp=2258 boundary_tp=2.323e+04 dice=0.06248 dice_loss_raw=0.06248 iou=0.884 loss_weight=0.1 raw_boundary_fn=2154 raw_boundary_fp=2258 raw_boundary_tp=2.323e+04 raw_dice_score=0.9375 raw_iou=0.884 weighted_loss=0.02024
2026-07-30 07:09:00,073 - portable_sam_fusion - INFO - [DEBUG-CONTEXT] epoch=21 step=5950 enabled=0
2026-07-30 07:09:00,073 - portable_sam_fusion - INFO - [DEBUG-DENSE] epoch=21 step=5950 applied_delta_norm=2.629 applied_delta_ratio=0.2251 base_norm=11.68 canvas_max=8 canvas_mean=0.00699 canvas_min=-8 canvas_nonzero_ratio=0.005879 canvas_std=0.4545 final_norm=11.98 residual_alpha=0.5 shape_norm=12.94 source_delta_norm=5.257 source_delta_ratio=0.4502
2026-07-30 07:09:00,073 - portable_sam_fusion - INFO - [DEBUG-GATE] epoch=21 step=5950 shape_dense_alpha_max=0.5 shape_dense_alpha_mean=0.5 shape_dense_alpha_min=0.5
2026-07-30 07:09:00,073 - portable_sam_fusion - INFO - [DEBUG-JITTER] epoch=21 step=5950 area_ratio_count=64 area_ratio_mean=1 area_ratio_sum=64 fallback_count=0 mean_iou=1 num_jittered=0 num_rois=64
2026-07-30 07:09:00,073 - portable_sam_fusion - INFO - [DEBUG-SP] epoch=21 step=5950 all_invalid_count=0 all_invalid_ratio=0 empty_count=0 empty_ratio=0 full_count=0 full_ratio=0 mean_point_distance=30.06 n1_gt_valid_count=64 n1_in_gt_bg=0.8438 n1_in_gt_bg_count=54 n1_valid_count=64 n1_valid_ratio=1 n2_gt_valid_count=64 n2_in_gt_bg=1 n2_in_gt_bg_count=64 n2_valid_count=64 n2_valid_ratio=1 neg_in_pred_bg=1 neg_in_pred_bg_count=128 negative_pair_count=64 negative_pair_distance_sum=2792 p1_gt_valid_count=64 p1_in_gt_fg=1 p1_in_gt_fg_count=64 p1_valid_count=64 p1_valid_ratio=1 p2_gt_valid_count=64 p2_in_gt_fg=1 p2_in_gt_fg_count=64 p2_valid_count=64 p2_valid_ratio=1 point_distance_sum=3847 point_overlap_count=0 point_overlap_ratio=0 point_pair_count=128 pos_in_pred_fg=1 pos_in_pred_fg_count=128 positive_pair_count=64 positive_pair_distance_sum=1055 roi_count=64 valid_neg_count=128 valid_pos_count=128 warmup_stage=2
2026-07-30 07:09:10,066 - portable_sam_fusion - INFO - epoch 21 | mini-batch 80/294 | optimizer_step 1500/5920 | lr=4.320e-04
2026-07-30 07:09:48,890 - portable_sam_fusion - INFO - [DEBUG-BOX] epoch=21 step=6000 fallback_count=0 fallback_ratio=0 num_rois=64 refined_proposal_iou=0 refined_proposal_iou_sum=0 refined_valid_count=0
2026-07-30 07:09:48,890 - portable_sam_fusion - INFO - [DEBUG-COARSE] epoch=21 step=6000 bce_raw=0.1794 boundary_fn=3017 boundary_fp=2881 boundary_tp=2.065e+04 dice=0.06099 dice_loss_raw=0.06099 iou=0.8879 loss_weight=0.1 raw_boundary_fn=3017 raw_boundary_fp=2881 raw_boundary_tp=2.065e+04 raw_dice_score=0.939 raw_iou=0.8879 weighted_loss=0.02404
2026-07-30 07:09:48,890 - portable_sam_fusion - INFO - [DEBUG-CONTEXT] epoch=21 step=6000 enabled=0
2026-07-30 07:09:48,891 - portable_sam_fusion - INFO - [DEBUG-DENSE] epoch=21 step=6000 applied_delta_norm=3.667 applied_delta_ratio=0.314 base_norm=11.68 canvas_max=8 canvas_mean=0.02372 canvas_min=-8 canvas_nonzero_ratio=0.01423 canvas_std=0.662 final_norm=12.41 residual_alpha=0.5 shape_norm=14.3 source_delta_norm=7.335 source_delta_ratio=0.628
2026-07-30 07:09:48,891 - portable_sam_fusion - INFO - [DEBUG-GATE] epoch=21 step=6000 shape_dense_alpha_max=0.5 shape_dense_alpha_mean=0.5 shape_dense_alpha_min=0.5
2026-07-30 07:09:48,891 - portable_sam_fusion - INFO - [DEBUG-JITTER] epoch=21 step=6000 area_ratio_count=64 area_ratio_mean=1 area_ratio_sum=64 fallback_count=0 mean_iou=1 num_jittered=0 num_rois=64
2026-07-30 07:09:48,891 - portable_sam_fusion - INFO - [DEBUG-SP] epoch=21 step=6000 all_invalid_count=0 all_invalid_ratio=0 empty_count=0 empty_ratio=0 full_count=1 full_ratio=0.01562 mean_point_distance=29.19 n1_gt_valid_count=63 n1_in_gt_bg=0.746 n1_in_gt_bg_count=47 n1_valid_count=63 n1_valid_ratio=0.9844 n2_gt_valid_count=63 n2_in_gt_bg=0.9206 n2_in_gt_bg_count=58 n2_valid_count=63 n2_valid_ratio=0.9844 neg_in_pred_bg=1 neg_in_pred_bg_count=126 negative_pair_count=63 negative_pair_distance_sum=2712 p1_gt_valid_count=64 p1_in_gt_fg=1 p1_in_gt_fg_count=64 p1_valid_count=64 p1_valid_ratio=1 p2_gt_valid_count=64 p2_in_gt_fg=1 p2_in_gt_fg_count=64 p2_valid_count=64 p2_valid_ratio=1 point_distance_sum=3707 point_overlap_count=0 point_overlap_ratio=0 point_pair_count=127 pos_in_pred_fg=1 pos_in_pred_fg_count=128 positive_pair_count=64 positive_pair_distance_sum=995.2 roi_count=64 valid_neg_count=126 valid_pos_count=128 warmup_stage=2
2026-07-30 07:10:58,283 - portable_sam_fusion - INFO - [DEBUG-BOX] epoch=21 step=6050 fallback_count=0 fallback_ratio=0 num_rois=64 refined_proposal_iou=0 refined_proposal_iou_sum=0 refined_valid_count=0
2026-07-30 07:10:58,283 - portable_sam_fusion - INFO - [DEBUG-COARSE] epoch=21 step=6050 bce_raw=0.1901 boundary_fn=3902 boundary_fp=3682 boundary_tp=2.289e+04 dice=0.07854 dice_loss_raw=0.07854 iou=0.8563 loss_weight=0.1 raw_boundary_fn=3902 raw_boundary_fp=3682 raw_boundary_tp=2.289e+04 raw_dice_score=0.9215 raw_iou=0.8563 weighted_loss=0.02686
2026-07-30 07:10:58,283 - portable_sam_fusion - INFO - [DEBUG-CONTEXT] epoch=21 step=6050 enabled=0
2026-07-30 07:10:58,283 - portable_sam_fusion - INFO - [DEBUG-DENSE] epoch=21 step=6050 applied_delta_norm=3.195 applied_delta_ratio=0.2736 base_norm=11.68 canvas_max=8 canvas_mean=0.01589 canvas_min=-8 canvas_nonzero_ratio=0.007792 canvas_std=0.4735 final_norm=12.08 residual_alpha=0.5 shape_norm=13.37 source_delta_norm=6.39 source_delta_ratio=0.5471
2026-07-30 07:10:58,283 - portable_sam_fusion - INFO - [DEBUG-GATE] epoch=21 step=6050 shape_dense_alpha_max=0.5 shape_dense_alpha_mean=0.5 shape_dense_alpha_min=0.5
2026-07-30 07:10:58,283 - portable_sam_fusion - INFO - [DEBUG-JITTER] epoch=21 step=6050 area_ratio_count=64 area_ratio_mean=1 area_ratio_sum=64 fallback_count=0 mean_iou=1 num_jittered=0 num_rois=64
2026-07-30 07:10:58,283 - portable_sam_fusion - INFO - [DEBUG-SP] epoch=21 step=6050 all_invalid_count=0 all_invalid_ratio=0 empty_count=0 empty_ratio=0 full_count=0 full_ratio=0 mean_point_distance=32.41 n1_gt_valid_count=64 n1_in_gt_bg=0.9062 n1_in_gt_bg_count=58 n1_valid_count=64 n1_valid_ratio=1 n2_gt_valid_count=64 n2_in_gt_bg=1 n2_in_gt_bg_count=64 n2_valid_count=64 n2_valid_ratio=1 neg_in_pred_bg=1 neg_in_pred_bg_count=128 negative_pair_count=64 negative_pair_distance_sum=2807 p1_gt_valid_count=64 p1_in_gt_fg=1 p1_in_gt_fg_count=64 p1_valid_count=64 p1_valid_ratio=1 p2_gt_valid_count=64 p2_in_gt_fg=1 p2_in_gt_fg_count=64 p2_valid_count=64 p2_valid_ratio=1 point_distance_sum=4148 point_overlap_count=0 point_overlap_ratio=0 point_pair_count=128 pos_in_pred_fg=1 pos_in_pred_fg_count=128 positive_pair_count=64 positive_pair_distance_sum=1342 roi_count=64 valid_neg_count=128 valid_pos_count=128 warmup_stage=2
2026-07-30 07:12:07,757 - portable_sam_fusion - INFO - [DEBUG-BOX] epoch=21 step=6100 fallback_count=0 fallback_ratio=0 num_rois=64 refined_proposal_iou=0 refined_proposal_iou_sum=0 refined_valid_count=0
2026-07-30 07:12:07,758 - portable_sam_fusion - INFO - [DEBUG-COARSE] epoch=21 step=6100 bce_raw=0.1573 boundary_fn=2972 boundary_fp=3390 boundary_tp=1.995e+04 dice=0.06401 dice_loss_raw=0.06401 iou=0.8819 loss_weight=0.1 raw_boundary_fn=2972 raw_boundary_fp=3390 raw_boundary_tp=1.995e+04 raw_dice_score=0.936 raw_iou=0.8819 weighted_loss=0.02213
2026-07-30 07:12:07,758 - portable_sam_fusion - INFO - [DEBUG-CONTEXT] epoch=21 step=6100 enabled=0
2026-07-30 07:12:07,758 - portable_sam_fusion - INFO - [DEBUG-DENSE] epoch=21 step=6100 applied_delta_norm=1.974 applied_delta_ratio=0.169 base_norm=11.68 canvas_max=8 canvas_mean=0.003117 canvas_min=-8 canvas_nonzero_ratio=0.004396 canvas_std=0.4134 final_norm=11.91 residual_alpha=0.5 shape_norm=12.61 source_delta_norm=3.947 source_delta_ratio=0.338
2026-07-30 07:12:07,758 - portable_sam_fusion - INFO - [DEBUG-GATE] epoch=21 step=6100 shape_dense_alpha_max=0.5 shape_dense_alpha_mean=0.5 shape_dense_alpha_min=0.5
2026-07-30 07:12:07,758 - portable_sam_fusion - INFO - [DEBUG-JITTER] epoch=21 step=6100 area_ratio_count=64 area_ratio_mean=1 area_ratio_sum=64 fallback_count=0 mean_iou=1 num_jittered=0 num_rois=64
2026-07-30 07:12:07,758 - portable_sam_fusion - INFO - [DEBUG-SP] epoch=21 step=6100 all_invalid_count=0 all_invalid_ratio=0 empty_count=0 empty_ratio=0 full_count=0 full_ratio=0 mean_point_distance=18.89 n1_gt_valid_count=64 n1_in_gt_bg=0.8281 n1_in_gt_bg_count=53 n1_valid_count=64 n1_valid_ratio=1 n2_gt_valid_count=64 n2_in_gt_bg=0.9531 n2_in_gt_bg_count=61 n2_valid_count=64 n2_valid_ratio=1 neg_in_pred_bg=1 neg_in_pred_bg_count=128 negative_pair_count=64 negative_pair_distance_sum=1861 p1_gt_valid_count=64 p1_in_gt_fg=1 p1_in_gt_fg_count=64 p1_valid_count=64 p1_valid_ratio=1 p2_gt_valid_count=64 p2_in_gt_fg=1 p2_in_gt_fg_count=64 p2_valid_count=64 p2_valid_ratio=1 point_distance_sum=2418 point_overlap_count=0 point_overlap_ratio=0 point_pair_count=128 pos_in_pred_fg=1 pos_in_pred_fg_count=128 positive_pair_count=64 positive_pair_distance_sum=557.4 roi_count=64 valid_neg_count=128 valid_pos_count=128 warmup_stage=2
2026-07-30 07:13:12,107 - portable_sam_fusion - INFO - [DEBUG-BOX] epoch=21 step=6150 fallback_count=0 fallback_ratio=0 num_rois=64 refined_proposal_iou=0 refined_proposal_iou_sum=0 refined_valid_count=0
2026-07-30 07:13:12,107 - portable_sam_fusion - INFO - [DEBUG-COARSE] epoch=21 step=6150 bce_raw=0.1668 boundary_fn=2785 boundary_fp=3246 boundary_tp=2.102e+04 dice=0.06497 dice_loss_raw=0.06497 iou=0.8805 loss_weight=0.1 raw_boundary_fn=2785 raw_boundary_fp=3246 raw_boundary_tp=2.102e+04 raw_dice_score=0.935 raw_iou=0.8805 weighted_loss=0.02318
2026-07-30 07:13:12,107 - portable_sam_fusion - INFO - [DEBUG-CONTEXT] epoch=21 step=6150 enabled=0
2026-07-30 07:13:12,108 - portable_sam_fusion - INFO - [DEBUG-DENSE] epoch=21 step=6150 applied_delta_norm=4.708 applied_delta_ratio=0.4031 base_norm=11.68 canvas_max=8 canvas_mean=0.006667 canvas_min=-8 canvas_nonzero_ratio=0.03856 canvas_std=0.9561 final_norm=13.22 residual_alpha=0.5 shape_norm=16.17 source_delta_norm=9.415 source_delta_ratio=0.8062
2026-07-30 07:13:12,108 - portable_sam_fusion - INFO - [DEBUG-GATE] epoch=21 step=6150 shape_dense_alpha_max=0.5 shape_dense_alpha_mean=0.5 shape_dense_alpha_min=0.5
2026-07-30 07:13:12,108 - portable_sam_fusion - INFO - [DEBUG-JITTER] epoch=21 step=6150 area_ratio_count=64 area_ratio_mean=1 area_ratio_sum=64 fallback_count=0 mean_iou=1 num_jittered=0 num_rois=64
2026-07-30 07:13:12,108 - portable_sam_fusion - INFO - [DEBUG-SP] epoch=21 step=6150 all_invalid_count=0 all_invalid_ratio=0 empty_count=0 empty_ratio=0 full_count=0 full_ratio=0 mean_point_distance=43.38 n1_gt_valid_count=64 n1_in_gt_bg=0.7188 n1_in_gt_bg_count=46 n1_valid_count=64 n1_valid_ratio=1 n2_gt_valid_count=64 n2_in_gt_bg=1 n2_in_gt_bg_count=64 n2_valid_count=64 n2_valid_ratio=1 neg_in_pred_bg=1 neg_in_pred_bg_count=128 negative_pair_count=64 negative_pair_distance_sum=3954 p1_gt_valid_count=64 p1_in_gt_fg=1 p1_in_gt_fg_count=64 p1_valid_count=64 p1_valid_ratio=1 p2_gt_valid_count=64 p2_in_gt_fg=1 p2_in_gt_fg_count=64 p2_valid_count=64 p2_valid_ratio=1 point_distance_sum=5553 point_overlap_count=0 point_overlap_ratio=0 point_pair_count=128 pos_in_pred_fg=1 pos_in_pred_fg_count=128 positive_pair_count=64 positive_pair_distance_sum=1599 roi_count=64 valid_neg_count=128 valid_pos_count=128 warmup_stage=2
2026-07-30 07:13:25,440 - portable_sam_fusion - INFO - epoch 21 | mini-batch 280/294 | optimizer_step 1550/5920 | lr=4.273e-04
2026-07-30 07:13:44,448 - portable_sam_fusion - INFO - Epoch 21 detailed losses: loss_rpn_cls=0.0127, loss_rpn_bbox=0.0054, loss_cls=0.1853, acc=92.6907, loss_bbox=0.0736, loss_mask=0.0012, debug_mask_pos_rois=57.4592, debug_mask_logit_mean=-17.1686, debug_mask_logit_std=3.2217, debug_mask_prob_mean=0.0045, debug_mask_prob_ge05=0.0044, debug_mask_target_fill=0.0045, loss_shape_prior=0.0213, schedule/det_weight=1.0000
2026-07-30 07:13:44,448 - portable_sam_fusion - INFO - Epoch 21 dense residual monitor: alpha=0.500000 source_delta_norm=6.9834 applied_delta_norm=3.4917 source_delta_ratio=0.597975 applied_delta_ratio=0.298988
2026-07-30 07:13:44,448 - portable_sam_fusion - INFO - Epoch 21 primary loss shares: det=92.48% final_mask=0.41% shape=7.11% p2_boundary=0.00%
2026-07-30 07:13:44,448 - portable_sam_fusion - INFO - Epoch 21 schedule: det_loss_weight=1.000 early_stop_start=20 min_delta=0.0005
2026-07-30 07:13:44,448 - portable_sam_fusion - INFO - Epoch 21 learning rates: sat_backbone=4.27e-04, mask_decoder=4.27e-04, prompt_encoder=4.27e-04, shape_prior=4.27e-04, quality_head=4.27e-04, sat_other=4.27e-04
2026-07-30 07:16:59,821 - portable_sam_fusion - INFO - Validation samples: GT=15926, DT=18843, avg_masks_per_image=30.05, avg_mask_fill=0.0047
creating index...
index created!
Loading and preparing results...
DONE (t=0.02s)
creating index...
index created!
Running per image evaluation...
Evaluate annotation type *bbox*
DONE (t=10.86s).
Accumulating evaluation results...
DONE (t=0.18s).
 Average Precision  (AP) @[ IoU=0.50:0.95 | area=   all | maxDets=100 ] = 0.682
 Average Precision  (AP) @[ IoU=0.50      | area=   all | maxDets=100 ] = 0.900
 Average Precision  (AP) @[ IoU=0.75      | area=   all | maxDets=100 ] = 0.817
 Average Precision  (AP) @[ IoU=0.50:0.95 | area= small | maxDets=100 ] = 0.291
 Average Precision  (AP) @[ IoU=0.50:0.95 | area=medium | maxDets=100 ] = 0.720
 Average Precision  (AP) @[ IoU=0.50:0.95 | area= large | maxDets=100 ] = 0.763
 Average Recall     (AR) @[ IoU=0.50:0.95 | area=   all | maxDets=  1 ] = 0.025
 Average Recall     (AR) @[ IoU=0.50:0.95 | area=   all | maxDets= 10 ] = 0.185
 Average Recall     (AR) @[ IoU=0.50:0.95 | area=   all | maxDets=100 ] = 0.737
 Average Recall     (AR) @[ IoU=0.50:0.95 | area= small | maxDets=100 ] = 0.446
 Average Recall     (AR) @[ IoU=0.50:0.95 | area=medium | maxDets=100 ] = 0.777
 Average Recall     (AR) @[ IoU=0.50:0.95 | area= large | maxDets=100 ] = 0.807
2026-07-30 07:17:11,055 - portable_sam_fusion - INFO - Validation bbox/mAP: 0.6822 bbox/mAP_75: 0.8173
Running per image evaluation...
Evaluate annotation type *segm*
DONE (t=11.44s).
Accumulating evaluation results...
DONE (t=0.18s).
 Average Precision  (AP) @[ IoU=0.50:0.95 | area=   all | maxDets=100 ] = 0.450
 Average Precision  (AP) @[ IoU=0.50      | area=   all | maxDets=100 ] = 0.862
 Average Precision  (AP) @[ IoU=0.75      | area=   all | maxDets=100 ] = 0.478
 Average Precision  (AP) @[ IoU=0.50:0.95 | area= small | maxDets=100 ] = 0.061
 Average Precision  (AP) @[ IoU=0.50:0.95 | area=medium | maxDets=100 ] = 0.466
 Average Precision  (AP) @[ IoU=0.50:0.95 | area= large | maxDets=100 ] = 0.634
 Average Recall     (AR) @[ IoU=0.50:0.95 | area=   all | maxDets=  1 ] = 0.020
 Average Recall     (AR) @[ IoU=0.50:0.95 | area=   all | maxDets= 10 ] = 0.141
 Average Recall     (AR) @[ IoU=0.50:0.95 | area=   all | maxDets=100 ] = 0.498
 Average Recall     (AR) @[ IoU=0.50:0.95 | area= small | maxDets=100 ] = 0.124
 Average Recall     (AR) @[ IoU=0.50:0.95 | area=medium | maxDets=100 ] = 0.514
 Average Recall     (AR) @[ IoU=0.50:0.95 | area= large | maxDets=100 ] = 0.689
2026-07-30 07:17:22,705 - portable_sam_fusion - INFO - Validation segm/mAP: 0.4497
2026-07-30 07:17:23,578 - portable_sam_fusion - INFO - New best early-stop metric (segm/mAP): raw=0.4497 smooth(5)=0.4526
2026-07-30 07:17:29,091 - portable_sam_fusion - INFO - Epoch 21/80 | train=0.299411 val=disabled segm/mAP=0.4497 bbox/mAP=0.6822 | best_segm=0.4663 best_bbox=0.7014 best_comp=0.0000 | sat_backbone=4.27e-04 mask_decoder=4.27e-04 prompt_encoder=4.27e-04 shape_prior=4.27e-04 quality_head=4.27e-04 sat_other=4.27e-04
2026-07-30 07:17:55,506 - portable_sam_fusion - INFO - [DEBUG-BOX] epoch=22 step=6200 fallback_count=0 fallback_ratio=0 num_rois=0 refined_proposal_iou=0 refined_proposal_iou_sum=0 refined_valid_count=0
2026-07-30 07:17:55,506 - portable_sam_fusion - INFO - [DEBUG-COARSE] epoch=22 step=6200 boundary_fn=0 boundary_fp=0 boundary_tp=0 dice=0 iou=0
2026-07-30 07:17:55,507 - portable_sam_fusion - INFO - [DEBUG-CONTEXT] epoch=22 step=6200 enabled=0
2026-07-30 07:17:55,507 - portable_sam_fusion - INFO - [DEBUG-DENSE] epoch=22 step=6200 applied_delta_norm=2.516 applied_delta_ratio=0.2154 base_norm=11.68 canvas_max=8 canvas_mean=0.01151 canvas_min=-8 canvas_nonzero_ratio=0.005461 canvas_std=0.433 final_norm=11.97 residual_alpha=0.5 shape_norm=12.86 source_delta_norm=5.032 source_delta_ratio=0.4309
2026-07-30 07:17:55,507 - portable_sam_fusion - INFO - [DEBUG-GATE] epoch=22 step=6200 shape_dense_alpha_max=0.5 shape_dense_alpha_mean=0.5 shape_dense_alpha_min=0.5
2026-07-30 07:17:55,507 - portable_sam_fusion - INFO - [DEBUG-JITTER] epoch=22 step=6200 area_ratio_count=0 area_ratio_mean=0 area_ratio_sum=0 fallback_count=0 mean_iou=0 num_jittered=0 num_rois=0
2026-07-30 07:17:55,507 - portable_sam_fusion - INFO - [DEBUG-SP] epoch=22 step=6200 all_invalid_count=0 all_invalid_ratio=0 empty_count=0 empty_ratio=0 full_count=1 full_ratio=0.01562 mean_point_distance=25.78 n1_gt_valid_count=63 n1_in_gt_bg=0.8413 n1_in_gt_bg_count=53 n1_valid_count=63 n1_valid_ratio=0.9844 n2_gt_valid_count=63 n2_in_gt_bg=0.9524 n2_in_gt_bg_count=60 n2_valid_count=63 n2_valid_ratio=0.9844 neg_in_pred_bg=1 neg_in_pred_bg_count=126 negative_pair_count=63 negative_pair_distance_sum=2396 p1_gt_valid_count=64 p1_in_gt_fg=1 p1_in_gt_fg_count=64 p1_valid_count=64 p1_valid_ratio=1 p2_gt_valid_count=64 p2_in_gt_fg=1 p2_in_gt_fg_count=64 p2_valid_count=64 p2_valid_ratio=1 point_distance_sum=3274 point_overlap_count=0 point_overlap_ratio=0 point_pair_count=127 pos_in_pred_fg=1 pos_in_pred_fg_count=128 positive_pair_count=64 positive_pair_distance_sum=878.8 roi_count=64 valid_neg_count=126 valid_pos_count=128 warmup_stage=2
2026-07-30 07:18:48,082 - portable_sam_fusion - INFO - [DEBUG-BOX] epoch=22 step=6250 fallback_count=0 fallback_ratio=0 num_rois=64 refined_proposal_iou=0 refined_proposal_iou_sum=0 refined_valid_count=0
2026-07-30 07:18:48,082 - portable_sam_fusion - INFO - [DEBUG-COARSE] epoch=22 step=6250 bce_raw=0.1836 boundary_fn=3232 boundary_fp=3018 boundary_tp=2.454e+04 dice=0.08223 dice_loss_raw=0.08223 iou=0.8499 loss_weight=0.1 raw_boundary_fn=3232 raw_boundary_fp=3018 raw_boundary_tp=2.454e+04 raw_dice_score=0.9178 raw_iou=0.8499 weighted_loss=0.02658
2026-07-30 07:18:48,082 - portable_sam_fusion - INFO - [DEBUG-CONTEXT] epoch=22 step=6250 enabled=0
2026-07-30 07:18:48,082 - portable_sam_fusion - INFO - [DEBUG-DENSE] epoch=22 step=6250 applied_delta_norm=3.398 applied_delta_ratio=0.291 base_norm=11.68 canvas_max=8 canvas_mean=0.01225 canvas_min=-8 canvas_nonzero_ratio=0.007862 canvas_std=0.5256 final_norm=12.09 residual_alpha=0.5 shape_norm=13.41 source_delta_norm=6.796 source_delta_ratio=0.5819
2026-07-30 07:18:48,082 - portable_sam_fusion - INFO - [DEBUG-GATE] epoch=22 step=6250 shape_dense_alpha_max=0.5 shape_dense_alpha_mean=0.5 shape_dense_alpha_min=0.5
2026-07-30 07:18:48,082 - portable_sam_fusion - INFO - [DEBUG-JITTER] epoch=22 step=6250 area_ratio_count=64 area_ratio_mean=1 area_ratio_sum=64 fallback_count=0 mean_iou=1 num_jittered=0 num_rois=64
2026-07-30 07:18:48,082 - portable_sam_fusion - INFO - [DEBUG-SP] epoch=22 step=6250 all_invalid_count=0 all_invalid_ratio=0 empty_count=0 empty_ratio=0 full_count=0 full_ratio=0 mean_point_distance=31.63 n1_gt_valid_count=64 n1_in_gt_bg=0.9844 n1_in_gt_bg_count=63 n1_valid_count=64 n1_valid_ratio=1 n2_gt_valid_count=64 n2_in_gt_bg=1 n2_in_gt_bg_count=64 n2_valid_count=64 n2_valid_ratio=1 neg_in_pred_bg=1 neg_in_pred_bg_count=128 negative_pair_count=64 negative_pair_distance_sum=3071 p1_gt_valid_count=64 p1_in_gt_fg=1 p1_in_gt_fg_count=64 p1_valid_count=64 p1_valid_ratio=1 p2_gt_valid_count=64 p2_in_gt_fg=1 p2_in_gt_fg_count=64 p2_valid_count=64 p2_valid_ratio=1 point_distance_sum=4049 point_overlap_count=0 point_overlap_ratio=0 point_pair_count=128 pos_in_pred_fg=1 pos_in_pred_fg_count=128 positive_pair_count=64 positive_pair_distance_sum=978.3 roi_count=64 valid_neg_count=128 valid_pos_count=128 warmup_stage=2
2026-07-30 07:19:42,617 - portable_sam_fusion - INFO - [DEBUG-BOX] epoch=22 step=6300 fallback_count=0 fallback_ratio=0 num_rois=64 refined_proposal_iou=0 refined_proposal_iou_sum=0 refined_valid_count=0
2026-07-30 07:19:42,617 - portable_sam_fusion - INFO - [DEBUG-COARSE] epoch=22 step=6300 bce_raw=0.1562 boundary_fn=2499 boundary_fp=2822 boundary_tp=2.284e+04 dice=0.06128 dice_loss_raw=0.06128 iou=0.8869 loss_weight=0.1 raw_boundary_fn=2499 raw_boundary_fp=2822 raw_boundary_tp=2.284e+04 raw_dice_score=0.9387 raw_iou=0.8869 weighted_loss=0.02175
2026-07-30 07:19:42,617 - portable_sam_fusion - INFO - [DEBUG-CONTEXT] epoch=22 step=6300 enabled=0
2026-07-30 07:19:42,617 - portable_sam_fusion - INFO - [DEBUG-DENSE] epoch=22 step=6300 applied_delta_norm=2.995 applied_delta_ratio=0.2565 base_norm=11.68 canvas_max=8 canvas_mean=0.01491 canvas_min=-8 canvas_nonzero_ratio=0.007624 canvas_std=0.4627 final_norm=12.08 residual_alpha=0.5 shape_norm=13.3 source_delta_norm=5.99 source_delta_ratio=0.513
2026-07-30 07:19:42,617 - portable_sam_fusion - INFO - [DEBUG-GATE] epoch=22 step=6300 shape_dense_alpha_max=0.5 shape_dense_alpha_mean=0.5 shape_dense_alpha_min=0.5
2026-07-30 07:19:42,617 - portable_sam_fusion - INFO - [DEBUG-JITTER] epoch=22 step=6300 area_ratio_count=64 area_ratio_mean=1 area_ratio_sum=64 fallback_count=0 mean_iou=1 num_jittered=0 num_rois=64
2026-07-30 07:19:42,617 - portable_sam_fusion - INFO - [DEBUG-SP] epoch=22 step=6300 all_invalid_count=0 all_invalid_ratio=0 empty_count=0 empty_ratio=0 full_count=3 full_ratio=0.04688 mean_point_distance=29.83 n1_gt_valid_count=61 n1_in_gt_bg=0.8852 n1_in_gt_bg_count=54 n1_valid_count=61 n1_valid_ratio=0.9531 n2_gt_valid_count=60 n2_in_gt_bg=0.9667 n2_in_gt_bg_count=58 n2_valid_count=60 n2_valid_ratio=0.9375 neg_in_pred_bg=1 neg_in_pred_bg_count=121 negative_pair_count=60 negative_pair_distance_sum=2597 p1_gt_valid_count=64 p1_in_gt_fg=1 p1_in_gt_fg_count=64 p1_valid_count=64 p1_valid_ratio=1 p2_gt_valid_count=64 p2_in_gt_fg=1 p2_in_gt_fg_count=64 p2_valid_count=64 p2_valid_ratio=1 point_distance_sum=3699 point_overlap_count=0 point_overlap_ratio=0 point_pair_count=124 pos_in_pred_fg=1 pos_in_pred_fg_count=128 positive_pair_count=64 positive_pair_distance_sum=1103 roi_count=64 valid_neg_count=121 valid_pos_count=128 warmup_stage=2
2026-07-30 07:20:44,970 - portable_sam_fusion - INFO - [DEBUG-BOX] epoch=22 step=6350 fallback_count=0 fallback_ratio=0 num_rois=64 refined_proposal_iou=0 refined_proposal_iou_sum=0 refined_valid_count=0
2026-07-30 07:20:44,970 - portable_sam_fusion - INFO - [DEBUG-COARSE] epoch=22 step=6350 bce_raw=0.1997 boundary_fn=2877 boundary_fp=3539 boundary_tp=2.569e+04 dice=0.1144 dice_loss_raw=0.1144 iou=0.8037 loss_weight=0.1 raw_boundary_fn=2877 raw_boundary_fp=3539 raw_boundary_tp=2.569e+04 raw_dice_score=0.8856 raw_iou=0.8037 weighted_loss=0.03142
2026-07-30 07:20:44,970 - portable_sam_fusion - INFO - [DEBUG-CONTEXT] epoch=22 step=6350 enabled=0
2026-07-30 07:20:44,970 - portable_sam_fusion - INFO - [DEBUG-DENSE] epoch=22 step=6350 applied_delta_norm=3.695 applied_delta_ratio=0.3164 base_norm=11.68 canvas_max=8 canvas_mean=-0.01279 canvas_min=-8 canvas_nonzero_ratio=0.01198 canvas_std=0.6106 final_norm=12.25 residual_alpha=0.5 shape_norm=14 source_delta_norm=7.391 source_delta_ratio=0.6329
2026-07-30 07:20:44,970 - portable_sam_fusion - INFO - [DEBUG-GATE] epoch=22 step=6350 shape_dense_alpha_max=0.5 shape_dense_alpha_mean=0.5 shape_dense_alpha_min=0.5
2026-07-30 07:20:44,970 - portable_sam_fusion - INFO - [DEBUG-JITTER] epoch=22 step=6350 area_ratio_count=64 area_ratio_mean=1 area_ratio_sum=64 fallback_count=0 mean_iou=1 num_jittered=0 num_rois=64
2026-07-30 07:20:44,970 - portable_sam_fusion - INFO - [DEBUG-SP] epoch=22 step=6350 all_invalid_count=0 all_invalid_ratio=0 empty_count=0 empty_ratio=0 full_count=0 full_ratio=0 mean_point_distance=41.36 n1_gt_valid_count=64 n1_in_gt_bg=0.8281 n1_in_gt_bg_count=53 n1_valid_count=64 n1_valid_ratio=1 n2_gt_valid_count=64 n2_in_gt_bg=1 n2_in_gt_bg_count=64 n2_valid_count=64 n2_valid_ratio=1 neg_in_pred_bg=1 neg_in_pred_bg_count=128 negative_pair_count=64 negative_pair_distance_sum=3213 p1_gt_valid_count=64 p1_in_gt_fg=0.9844 p1_in_gt_fg_count=63 p1_valid_count=64 p1_valid_ratio=1 p2_gt_valid_count=64 p2_in_gt_fg=1 p2_in_gt_fg_count=64 p2_valid_count=64 p2_valid_ratio=1 point_distance_sum=5294 point_overlap_count=0 point_overlap_ratio=0 point_pair_count=128 pos_in_pred_fg=1 pos_in_pred_fg_count=128 positive_pair_count=64 positive_pair_distance_sum=2081 roi_count=64 valid_neg_count=128 valid_pos_count=128 warmup_stage=2
2026-07-30 07:20:55,113 - portable_sam_fusion - INFO - epoch 22 | mini-batch 184/294 | optimizer_step 1600/5920 | lr=4.225e-04
2026-07-30 07:21:50,664 - portable_sam_fusion - INFO - [DEBUG-BOX] epoch=22 step=6400 fallback_count=0 fallback_ratio=0 num_rois=18 refined_proposal_iou=0 refined_proposal_iou_sum=0 refined_valid_count=0
2026-07-30 07:21:50,664 - portable_sam_fusion - INFO - [DEBUG-COARSE] epoch=22 step=6400 bce_raw=0.1261 boundary_fn=491 boundary_fp=766 boundary_tp=5741 dice=0.06255 dice_loss_raw=0.06255 iou=0.8828 loss_weight=0.1 raw_boundary_fn=491 raw_boundary_fp=766 raw_boundary_tp=5741 raw_dice_score=0.9374 raw_iou=0.8828 weighted_loss=0.01887
2026-07-30 07:21:50,664 - portable_sam_fusion - INFO - [DEBUG-CONTEXT] epoch=22 step=6400 enabled=0
2026-07-30 07:21:50,664 - portable_sam_fusion - INFO - [DEBUG-DENSE] epoch=22 step=6400 applied_delta_norm=0.3887 applied_delta_ratio=0.03328 base_norm=11.68 canvas_max=8 canvas_mean=0.003115 canvas_min=-7.169 canvas_nonzero_ratio=0.0009935 canvas_std=0.1702 final_norm=11.69 residual_alpha=0.5 shape_norm=11.75 source_delta_norm=0.7774 source_delta_ratio=0.06657
2026-07-30 07:21:50,664 - portable_sam_fusion - INFO - [DEBUG-GATE] epoch=22 step=6400 shape_dense_alpha_max=0.5 shape_dense_alpha_mean=0.5 shape_dense_alpha_min=0.5
2026-07-30 07:21:50,664 - portable_sam_fusion - INFO - [DEBUG-JITTER] epoch=22 step=6400 area_ratio_count=18 area_ratio_mean=1 area_ratio_sum=18 fallback_count=0 mean_iou=1 num_jittered=0 num_rois=18
2026-07-30 07:21:50,664 - portable_sam_fusion - INFO - [DEBUG-SP] epoch=22 step=6400 all_invalid_count=0 all_invalid_ratio=0 empty_count=0 empty_ratio=0 full_count=0 full_ratio=0 mean_point_distance=10.76 n1_gt_valid_count=18 n1_in_gt_bg=0.8889 n1_in_gt_bg_count=16 n1_valid_count=18 n1_valid_ratio=1 n2_gt_valid_count=18 n2_in_gt_bg=1 n2_in_gt_bg_count=18 n2_valid_count=18 n2_valid_ratio=1 neg_in_pred_bg=1 neg_in_pred_bg_count=36 negative_pair_count=18 negative_pair_distance_sum=323 p1_gt_valid_count=18 p1_in_gt_fg=1 p1_in_gt_fg_count=18 p1_valid_count=18 p1_valid_ratio=1 p2_gt_valid_count=18 p2_in_gt_fg=1 p2_in_gt_fg_count=18 p2_valid_count=18 p2_valid_ratio=1 point_distance_sum=387.5 point_overlap_count=0 point_overlap_ratio=0 point_pair_count=36 pos_in_pred_fg=1 pos_in_pred_fg_count=36 positive_pair_count=18 positive_pair_distance_sum=64.49 roi_count=18 valid_neg_count=36 valid_pos_count=36 warmup_stage=2
2026-07-30 07:22:56,303 - portable_sam_fusion - INFO - [DEBUG-BOX] epoch=22 step=6450 fallback_count=0 fallback_ratio=0 num_rois=64 refined_proposal_iou=0 refined_proposal_iou_sum=0 refined_valid_count=0
2026-07-30 07:22:56,303 - portable_sam_fusion - INFO - [DEBUG-COARSE] epoch=22 step=6450 bce_raw=0.1633 boundary_fn=2723 boundary_fp=3365 boundary_tp=2.347e+04 dice=0.07538 dice_loss_raw=0.07538 iou=0.8623 loss_weight=0.1 raw_boundary_fn=2723 raw_boundary_fp=3365 raw_boundary_tp=2.347e+04 raw_dice_score=0.9246 raw_iou=0.8623 weighted_loss=0.02387
2026-07-30 07:22:56,303 - portable_sam_fusion - INFO - [DEBUG-CONTEXT] epoch=22 step=6450 enabled=0
2026-07-30 07:22:56,303 - portable_sam_fusion - INFO - [DEBUG-DENSE] epoch=22 step=6450 applied_delta_norm=2.508 applied_delta_ratio=0.2148 base_norm=11.68 canvas_max=8 canvas_mean=0.00678 canvas_min=-8 canvas_nonzero_ratio=0.005251 canvas_std=0.4 final_norm=11.94 residual_alpha=0.5 shape_norm=12.8 source_delta_norm=5.016 source_delta_ratio=0.4295
2026-07-30 07:22:56,303 - portable_sam_fusion - INFO - [DEBUG-GATE] epoch=22 step=6450 shape_dense_alpha_max=0.5 shape_dense_alpha_mean=0.5 shape_dense_alpha_min=0.5
2026-07-30 07:22:56,303 - portable_sam_fusion - INFO - [DEBUG-JITTER] epoch=22 step=6450 area_ratio_count=64 area_ratio_mean=1 area_ratio_sum=64 fallback_count=0 mean_iou=1 num_jittered=0 num_rois=64
2026-07-30 07:22:56,303 - portable_sam_fusion - INFO - [DEBUG-SP] epoch=22 step=6450 all_invalid_count=0 all_invalid_ratio=0 empty_count=0 empty_ratio=0 full_count=0 full_ratio=0 mean_point_distance=24.86 n1_gt_valid_count=64 n1_in_gt_bg=0.8281 n1_in_gt_bg_count=53 n1_valid_count=64 n1_valid_ratio=1 n2_gt_valid_count=64 n2_in_gt_bg=1 n2_in_gt_bg_count=64 n2_valid_count=64 n2_valid_ratio=1 neg_in_pred_bg=1 neg_in_pred_bg_count=128 negative_pair_count=64 negative_pair_distance_sum=2311 p1_gt_valid_count=64 p1_in_gt_fg=1 p1_in_gt_fg_count=64 p1_valid_count=64 p1_valid_ratio=1 p2_gt_valid_count=64 p2_in_gt_fg=1 p2_in_gt_fg_count=64 p2_valid_count=64 p2_valid_ratio=1 point_distance_sum=3183 point_overlap_count=0 point_overlap_ratio=0 point_pair_count=128 pos_in_pred_fg=1 pos_in_pred_fg_count=128 positive_pair_count=64 positive_pair_distance_sum=872 roi_count=64 valid_neg_count=128 valid_pos_count=128 warmup_stage=2
2026-07-30 07:23:23,089 - portable_sam_fusion - INFO - Epoch 22 detailed losses: loss_rpn_cls=0.0139, loss_rpn_bbox=0.0053, loss_cls=0.1739, acc=93.2431, loss_bbox=0.0718, loss_mask=0.0015, debug_mask_pos_rois=55.3435, debug_mask_logit_mean=-16.7109, debug_mask_logit_std=3.1582, debug_mask_prob_mean=0.0052, debug_mask_prob_ge05=0.0051, debug_mask_target_fill=0.0052, loss_shape_prior=0.0211, schedule/det_weight=1.0000
2026-07-30 07:23:23,089 - portable_sam_fusion - INFO - Epoch 22 dense residual monitor: alpha=0.500000 source_delta_norm=6.9086 applied_delta_norm=3.4543 source_delta_ratio=0.591575 applied_delta_ratio=0.295788
2026-07-30 07:23:23,089 - portable_sam_fusion - INFO - Epoch 22 primary loss shares: det=92.16% final_mask=0.51% shape=7.34% p2_boundary=0.00%
2026-07-30 07:23:23,089 - portable_sam_fusion - INFO - Epoch 22 schedule: det_loss_weight=1.000 early_stop_start=20 min_delta=0.0005
2026-07-30 07:23:23,090 - portable_sam_fusion - INFO - Epoch 22 learning rates: sat_backbone=4.20e-04, mask_decoder=4.20e-04, prompt_encoder=4.20e-04, shape_prior=4.20e-04, quality_head=4.20e-04, sat_other=4.20e-04
2026-07-30 07:26:38,475 - portable_sam_fusion - INFO - Validation samples: GT=15926, DT=17119, avg_masks_per_image=27.30, avg_mask_fill=0.0051
creating index...
index created!
Loading and preparing results...
DONE (t=0.02s)
creating index...
index created!
Running per image evaluation...
Evaluate annotation type *bbox*
DONE (t=10.45s).
Accumulating evaluation results...
DONE (t=0.17s).
 Average Precision  (AP) @[ IoU=0.50:0.95 | area=   all | maxDets=100 ] = 0.678
 Average Precision  (AP) @[ IoU=0.50      | area=   all | maxDets=100 ] = 0.889
 Average Precision  (AP) @[ IoU=0.75      | area=   all | maxDets=100 ] = 0.819
 Average Precision  (AP) @[ IoU=0.50:0.95 | area= small | maxDets=100 ] = 0.318
 Average Precision  (AP) @[ IoU=0.50:0.95 | area=medium | maxDets=100 ] = 0.724
 Average Precision  (AP) @[ IoU=0.50:0.95 | area= large | maxDets=100 ] = 0.751
 Average Recall     (AR) @[ IoU=0.50:0.95 | area=   all | maxDets=  1 ] = 0.025
 Average Recall     (AR) @[ IoU=0.50:0.95 | area=   all | maxDets= 10 ] = 0.184
 Average Recall     (AR) @[ IoU=0.50:0.95 | area=   all | maxDets=100 ] = 0.726
 Average Recall     (AR) @[ IoU=0.50:0.95 | area= small | maxDets=100 ] = 0.410
 Average Recall     (AR) @[ IoU=0.50:0.95 | area=medium | maxDets=100 ] = 0.771
 Average Recall     (AR) @[ IoU=0.50:0.95 | area= large | maxDets=100 ] = 0.801
2026-07-30 07:26:49,285 - portable_sam_fusion - INFO - Validation bbox/mAP: 0.6783 bbox/mAP_75: 0.8188
Running per image evaluation...
Evaluate annotation type *segm*
DONE (t=10.99s).
Accumulating evaluation results...
DONE (t=0.17s).
 Average Precision  (AP) @[ IoU=0.50:0.95 | area=   all | maxDets=100 ] = 0.456
 Average Precision  (AP) @[ IoU=0.50      | area=   all | maxDets=100 ] = 0.851
 Average Precision  (AP) @[ IoU=0.75      | area=   all | maxDets=100 ] = 0.491
 Average Precision  (AP) @[ IoU=0.50:0.95 | area= small | maxDets=100 ] = 0.069
 Average Precision  (AP) @[ IoU=0.50:0.95 | area=medium | maxDets=100 ] = 0.474
 Average Precision  (AP) @[ IoU=0.50:0.95 | area= large | maxDets=100 ] = 0.637
 Average Recall     (AR) @[ IoU=0.50:0.95 | area=   all | maxDets=  1 ] = 0.020
 Average Recall     (AR) @[ IoU=0.50:0.95 | area=   all | maxDets= 10 ] = 0.143
 Average Recall     (AR) @[ IoU=0.50:0.95 | area=   all | maxDets=100 ] = 0.498
 Average Recall     (AR) @[ IoU=0.50:0.95 | area= small | maxDets=100 ] = 0.114
 Average Recall     (AR) @[ IoU=0.50:0.95 | area=medium | maxDets=100 ] = 0.515
 Average Recall     (AR) @[ IoU=0.50:0.95 | area= large | maxDets=100 ] = 0.692
2026-07-30 07:27:00,477 - portable_sam_fusion - INFO - Validation segm/mAP: 0.4563
2026-07-30 07:27:01,017 - portable_sam_fusion - INFO - Early-stop metric (segm/mAP): raw=0.4563 smooth(5)=0.4512 best=0.4526 counter=1
2026-07-30 07:27:06,443 - portable_sam_fusion - INFO - Epoch 22/80 | train=0.287369 val=disabled segm/mAP=0.4563 bbox/mAP=0.6783 | best_segm=0.4663 best_bbox=0.7014 best_comp=0.0000 | sat_backbone=4.20e-04 mask_decoder=4.20e-04 prompt_encoder=4.20e-04 shape_prior=4.20e-04 quality_head=4.20e-04 sat_other=4.20e-04
2026-07-30 07:27:36,503 - portable_sam_fusion - INFO - [DEBUG-BOX] epoch=23 step=6500 fallback_count=0 fallback_ratio=0 num_rois=64 refined_proposal_iou=0 refined_proposal_iou_sum=0 refined_valid_count=0
2026-07-30 07:27:36,503 - portable_sam_fusion - INFO - [DEBUG-COARSE] epoch=23 step=6500 bce_raw=0.1645 boundary_fn=2793 boundary_fp=3015 boundary_tp=2.353e+04 dice=0.07454 dice_loss_raw=0.07454 iou=0.8647 loss_weight=0.1 raw_boundary_fn=2793 raw_boundary_fp=3015 raw_boundary_tp=2.353e+04 raw_dice_score=0.9255 raw_iou=0.8647 weighted_loss=0.0239
2026-07-30 07:27:36,503 - portable_sam_fusion - INFO - [DEBUG-CONTEXT] epoch=23 step=6500 enabled=0
2026-07-30 07:27:36,503 - portable_sam_fusion - INFO - [DEBUG-DENSE] epoch=23 step=6500 applied_delta_norm=2.771 applied_delta_ratio=0.2373 base_norm=11.68 canvas_max=8 canvas_mean=0.01463 canvas_min=-8 canvas_nonzero_ratio=0.006619 canvas_std=0.4381 final_norm=12.01 residual_alpha=0.5 shape_norm=13.04 source_delta_norm=5.542 source_delta_ratio=0.4746
2026-07-30 07:27:36,503 - portable_sam_fusion - INFO - [DEBUG-GATE] epoch=23 step=6500 shape_dense_alpha_max=0.5 shape_dense_alpha_mean=0.5 shape_dense_alpha_min=0.5
2026-07-30 07:27:36,503 - portable_sam_fusion - INFO - [DEBUG-JITTER] epoch=23 step=6500 area_ratio_count=64 area_ratio_mean=1 area_ratio_sum=64 fallback_count=0 mean_iou=1 num_jittered=0 num_rois=64
2026-07-30 07:27:36,503 - portable_sam_fusion - INFO - [DEBUG-SP] epoch=23 step=6500 all_invalid_count=0 all_invalid_ratio=0 empty_count=0 empty_ratio=0 full_count=0 full_ratio=0 mean_point_distance=30.37 n1_gt_valid_count=64 n1_in_gt_bg=0.875 n1_in_gt_bg_count=56 n1_valid_count=64 n1_valid_ratio=1 n2_gt_valid_count=64 n2_in_gt_bg=1 n2_in_gt_bg_count=64 n2_valid_count=64 n2_valid_ratio=1 neg_in_pred_bg=1 neg_in_pred_bg_count=128 negative_pair_count=64 negative_pair_distance_sum=2826 p1_gt_valid_count=64 p1_in_gt_fg=0.9844 p1_in_gt_fg_count=63 p1_valid_count=64 p1_valid_ratio=1 p2_gt_valid_count=64 p2_in_gt_fg=0.9844 p2_in_gt_fg_count=63 p2_valid_count=64 p2_valid_ratio=1 point_distance_sum=3887 point_overlap_count=0 point_overlap_ratio=0 point_pair_count=128 pos_in_pred_fg=1 pos_in_pred_fg_count=128 positive_pair_count=64 positive_pair_distance_sum=1061 roi_count=64 valid_neg_count=128 valid_pos_count=128 warmup_stage=2
2026-07-30 07:28:32,031 - portable_sam_fusion - INFO - [DEBUG-BOX] epoch=23 step=6550 fallback_count=0 fallback_ratio=0 num_rois=0 refined_proposal_iou=0 refined_proposal_iou_sum=0 refined_valid_count=0
2026-07-30 07:28:32,031 - portable_sam_fusion - INFO - [DEBUG-COARSE] epoch=23 step=6550 boundary_fn=0 boundary_fp=0 boundary_tp=0 dice=0 iou=0
2026-07-30 07:28:32,031 - portable_sam_fusion - INFO - [DEBUG-CONTEXT] epoch=23 step=6550 enabled=0
2026-07-30 07:28:32,031 - portable_sam_fusion - INFO - [DEBUG-DENSE] epoch=23 step=6550 applied_delta_norm=2.931 applied_delta_ratio=0.251 base_norm=11.68 canvas_max=8 canvas_mean=-0.01417 canvas_min=-8 canvas_nonzero_ratio=0.01113 canvas_std=0.5617 final_norm=12.18 residual_alpha=0.5 shape_norm=13.47 source_delta_norm=5.863 source_delta_ratio=0.502
2026-07-30 07:28:32,031 - portable_sam_fusion - INFO - [DEBUG-GATE] epoch=23 step=6550 shape_dense_alpha_max=0.5 shape_dense_alpha_mean=0.5 shape_dense_alpha_min=0.5
2026-07-30 07:28:32,032 - portable_sam_fusion - INFO - [DEBUG-JITTER] epoch=23 step=6550 area_ratio_count=0 area_ratio_mean=0 area_ratio_sum=0 fallback_count=0 mean_iou=0 num_jittered=0 num_rois=0
2026-07-30 07:28:32,032 - portable_sam_fusion - INFO - [DEBUG-SP] epoch=23 step=6550 all_invalid_count=0 all_invalid_ratio=0 empty_count=0 empty_ratio=0 full_count=0 full_ratio=0 mean_point_distance=30.49 n1_gt_valid_count=64 n1_in_gt_bg=0.9844 n1_in_gt_bg_count=63 n1_valid_count=64 n1_valid_ratio=1 n2_gt_valid_count=64 n2_in_gt_bg=1 n2_in_gt_bg_count=64 n2_valid_count=64 n2_valid_ratio=1 neg_in_pred_bg=1 neg_in_pred_bg_count=128 negative_pair_count=64 negative_pair_distance_sum=2869 p1_gt_valid_count=64 p1_in_gt_fg=1 p1_in_gt_fg_count=64 p1_valid_count=64 p1_valid_ratio=1 p2_gt_valid_count=64 p2_in_gt_fg=1 p2_in_gt_fg_count=64 p2_valid_count=64 p2_valid_ratio=1 point_distance_sum=3903 point_overlap_count=0 point_overlap_ratio=0 point_pair_count=128 pos_in_pred_fg=1 pos_in_pred_fg_count=128 positive_pair_count=64 positive_pair_distance_sum=1034 roi_count=64 valid_neg_count=128 valid_pos_count=128 warmup_stage=2
2026-07-30 07:28:38,273 - portable_sam_fusion - INFO - epoch 23 | mini-batch 88/294 | optimizer_step 1650/5920 | lr=4.176e-04
2026-07-30 07:29:34,511 - portable_sam_fusion - INFO - [DEBUG-BOX] epoch=23 step=6600 fallback_count=0 fallback_ratio=0 num_rois=64 refined_proposal_iou=0 refined_proposal_iou_sum=0 refined_valid_count=0
2026-07-30 07:29:34,512 - portable_sam_fusion - INFO - [DEBUG-COARSE] epoch=23 step=6600 bce_raw=0.1114 boundary_fn=1522 boundary_fp=1524 boundary_tp=2.694e+04 dice=0.06715 dice_loss_raw=0.06715 iou=0.876 loss_weight=0.1 raw_boundary_fn=1522 raw_boundary_fp=1524 raw_boundary_tp=2.694e+04 raw_dice_score=0.9328 raw_iou=0.876 weighted_loss=0.01786
2026-07-30 07:29:34,512 - portable_sam_fusion - INFO - [DEBUG-CONTEXT] epoch=23 step=6600 enabled=0
2026-07-30 07:29:34,512 - portable_sam_fusion - INFO - [DEBUG-DENSE] epoch=23 step=6600 applied_delta_norm=2.914 applied_delta_ratio=0.2496 base_norm=11.68 canvas_max=8 canvas_mean=-0.005659 canvas_min=-8 canvas_nonzero_ratio=0.007312 canvas_std=0.5165 final_norm=12 residual_alpha=0.5 shape_norm=13.07 source_delta_norm=5.829 source_delta_ratio=0.4991
2026-07-30 07:29:34,512 - portable_sam_fusion - INFO - [DEBUG-GATE] epoch=23 step=6600 shape_dense_alpha_max=0.5 shape_dense_alpha_mean=0.5 shape_dense_alpha_min=0.5
2026-07-30 07:29:34,512 - portable_sam_fusion - INFO - [DEBUG-JITTER] epoch=23 step=6600 area_ratio_count=64 area_ratio_mean=1 area_ratio_sum=64 fallback_count=0 mean_iou=1 num_jittered=0 num_rois=64
2026-07-30 07:29:34,512 - portable_sam_fusion - INFO - [DEBUG-SP] epoch=23 step=6600 all_invalid_count=0 all_invalid_ratio=0 empty_count=0 empty_ratio=0 full_count=0 full_ratio=0 mean_point_distance=28.43 n1_gt_valid_count=64 n1_in_gt_bg=0.9375 n1_in_gt_bg_count=60 n1_valid_count=64 n1_valid_ratio=1 n2_gt_valid_count=64 n2_in_gt_bg=1 n2_in_gt_bg_count=64 n2_valid_count=64 n2_valid_ratio=1 neg_in_pred_bg=1 neg_in_pred_bg_count=128 negative_pair_count=64 negative_pair_distance_sum=2625 p1_gt_valid_count=64 p1_in_gt_fg=1 p1_in_gt_fg_count=64 p1_valid_count=64 p1_valid_ratio=1 p2_gt_valid_count=64 p2_in_gt_fg=1 p2_in_gt_fg_count=64 p2_valid_count=64 p2_valid_ratio=1 point_distance_sum=3640 point_overlap_count=0 point_overlap_ratio=0 point_pair_count=128 pos_in_pred_fg=1 pos_in_pred_fg_count=128 positive_pair_count=64 positive_pair_distance_sum=1015 roi_count=64 valid_neg_count=128 valid_pos_count=128 warmup_stage=2
2026-07-30 07:30:36,539 - portable_sam_fusion - INFO - [DEBUG-BOX] epoch=23 step=6650 fallback_count=0 fallback_ratio=0 num_rois=64 refined_proposal_iou=0 refined_proposal_iou_sum=0 refined_valid_count=0
2026-07-30 07:30:36,539 - portable_sam_fusion - INFO - [DEBUG-COARSE] epoch=23 step=6650 bce_raw=0.1985 boundary_fn=4001 boundary_fp=3567 boundary_tp=2.314e+04 dice=0.1086 dice_loss_raw=0.1086 iou=0.8102 loss_weight=0.1 raw_boundary_fn=4001 raw_boundary_fp=3567 raw_boundary_tp=2.314e+04 raw_dice_score=0.8914 raw_iou=0.8102 weighted_loss=0.0307
2026-07-30 07:30:36,539 - portable_sam_fusion - INFO - [DEBUG-CONTEXT] epoch=23 step=6650 enabled=0
2026-07-30 07:30:36,539 - portable_sam_fusion - INFO - [DEBUG-DENSE] epoch=23 step=6650 applied_delta_norm=2.744 applied_delta_ratio=0.2349 base_norm=11.68 canvas_max=8 canvas_mean=-0.009674 canvas_min=-8 canvas_nonzero_ratio=0.006657 canvas_std=0.4881 final_norm=11.99 residual_alpha=0.5 shape_norm=12.99 source_delta_norm=5.488 source_delta_ratio=0.4699
2026-07-30 07:30:36,539 - portable_sam_fusion - INFO - [DEBUG-GATE] epoch=23 step=6650 shape_dense_alpha_max=0.5 shape_dense_alpha_mean=0.5 shape_dense_alpha_min=0.5
2026-07-30 07:30:36,539 - portable_sam_fusion - INFO - [DEBUG-JITTER] epoch=23 step=6650 area_ratio_count=64 area_ratio_mean=1 area_ratio_sum=64 fallback_count=0 mean_iou=1 num_jittered=0 num_rois=64
2026-07-30 07:30:36,540 - portable_sam_fusion - INFO - [DEBUG-SP] epoch=23 step=6650 all_invalid_count=0 all_invalid_ratio=0 empty_count=0 empty_ratio=0 full_count=0 full_ratio=0 mean_point_distance=22.55 n1_gt_valid_count=64 n1_in_gt_bg=0.9219 n1_in_gt_bg_count=59 n1_valid_count=64 n1_valid_ratio=1 n2_gt_valid_count=64 n2_in_gt_bg=1 n2_in_gt_bg_count=64 n2_valid_count=64 n2_valid_ratio=1 neg_in_pred_bg=1 neg_in_pred_bg_count=128 negative_pair_count=64 negative_pair_distance_sum=2010 p1_gt_valid_count=64 p1_in_gt_fg=1 p1_in_gt_fg_count=64 p1_valid_count=64 p1_valid_ratio=1 p2_gt_valid_count=64 p2_in_gt_fg=1 p2_in_gt_fg_count=64 p2_valid_count=64 p2_valid_ratio=1 point_distance_sum=2887 point_overlap_count=0 point_overlap_ratio=0 point_pair_count=128 pos_in_pred_fg=1 pos_in_pred_fg_count=128 positive_pair_count=64 positive_pair_distance_sum=877.1 roi_count=64 valid_neg_count=128 valid_pos_count=128 warmup_stage=2
2026-07-30 07:31:41,651 - portable_sam_fusion - INFO - [DEBUG-BOX] epoch=23 step=6700 fallback_count=0 fallback_ratio=0 num_rois=64 refined_proposal_iou=0 refined_proposal_iou_sum=0 refined_valid_count=0
2026-07-30 07:31:41,651 - portable_sam_fusion - INFO - [DEBUG-COARSE] epoch=23 step=6700 bce_raw=0.1981 boundary_fn=3946 boundary_fp=2563 boundary_tp=2.496e+04 dice=0.09264 dice_loss_raw=0.09264 iou=0.832 loss_weight=0.1 raw_boundary_fn=3946 raw_boundary_fp=2563 raw_boundary_tp=2.496e+04 raw_dice_score=0.9074 raw_iou=0.832 weighted_loss=0.02907
2026-07-30 07:31:41,651 - portable_sam_fusion - INFO - [DEBUG-CONTEXT] epoch=23 step=6700 enabled=0
2026-07-30 07:31:41,651 - portable_sam_fusion - INFO - [DEBUG-DENSE] epoch=23 step=6700 applied_delta_norm=3.567 applied_delta_ratio=0.3054 base_norm=11.68 canvas_max=8 canvas_mean=-0.009033 canvas_min=-8 canvas_nonzero_ratio=0.01213 canvas_std=0.6316 final_norm=12.28 residual_alpha=0.5 shape_norm=13.97 source_delta_norm=7.134 source_delta_ratio=0.6109
2026-07-30 07:31:41,651 - portable_sam_fusion - INFO - [DEBUG-GATE] epoch=23 step=6700 shape_dense_alpha_max=0.5 shape_dense_alpha_mean=0.5 shape_dense_alpha_min=0.5
2026-07-30 07:31:41,651 - portable_sam_fusion - INFO - [DEBUG-JITTER] epoch=23 step=6700 area_ratio_count=64 area_ratio_mean=1 area_ratio_sum=64 fallback_count=0 mean_iou=1 num_jittered=0 num_rois=64
2026-07-30 07:31:41,651 - portable_sam_fusion - INFO - [DEBUG-SP] epoch=23 step=6700 all_invalid_count=0 all_invalid_ratio=0 empty_count=0 empty_ratio=0 full_count=0 full_ratio=0 mean_point_distance=36.4 n1_gt_valid_count=64 n1_in_gt_bg=0.7969 n1_in_gt_bg_count=51 n1_valid_count=64 n1_valid_ratio=1 n2_gt_valid_count=64 n2_in_gt_bg=1 n2_in_gt_bg_count=64 n2_valid_count=64 n2_valid_ratio=1 neg_in_pred_bg=1 neg_in_pred_bg_count=128 negative_pair_count=64 negative_pair_distance_sum=3359 p1_gt_valid_count=64 p1_in_gt_fg=1 p1_in_gt_fg_count=64 p1_valid_count=64 p1_valid_ratio=1 p2_gt_valid_count=64 p2_in_gt_fg=1 p2_in_gt_fg_count=64 p2_valid_count=64 p2_valid_ratio=1 point_distance_sum=4659 point_overlap_count=0 point_overlap_ratio=0 point_pair_count=128 pos_in_pred_fg=1 pos_in_pred_fg_count=128 positive_pair_count=64 positive_pair_distance_sum=1300 roi_count=64 valid_neg_count=128 valid_pos_count=128 warmup_stage=2
2026-07-30 07:32:43,752 - portable_sam_fusion - INFO - [DEBUG-BOX] epoch=23 step=6750 fallback_count=0 fallback_ratio=0 num_rois=64 refined_proposal_iou=0 refined_proposal_iou_sum=0 refined_valid_count=0
2026-07-30 07:32:43,752 - portable_sam_fusion - INFO - [DEBUG-COARSE] epoch=23 step=6750 bce_raw=0.1875 boundary_fn=3371 boundary_fp=2795 boundary_tp=2.389e+04 dice=0.07483 dice_loss_raw=0.07483 iou=0.8627 loss_weight=0.1 raw_boundary_fn=3371 raw_boundary_fp=2795 raw_boundary_tp=2.389e+04 raw_dice_score=0.9252 raw_iou=0.8627 weighted_loss=0.02623
2026-07-30 07:32:43,752 - portable_sam_fusion - INFO - [DEBUG-CONTEXT] epoch=23 step=6750 enabled=0
2026-07-30 07:32:43,752 - portable_sam_fusion - INFO - [DEBUG-DENSE] epoch=23 step=6750 applied_delta_norm=2.937 applied_delta_ratio=0.2515 base_norm=11.68 canvas_max=8 canvas_mean=0.007818 canvas_min=-8 canvas_nonzero_ratio=0.006843 canvas_std=0.4572 final_norm=12.02 residual_alpha=0.5 shape_norm=13.12 source_delta_norm=5.874 source_delta_ratio=0.503
2026-07-30 07:32:43,752 - portable_sam_fusion - INFO - [DEBUG-GATE] epoch=23 step=6750 shape_dense_alpha_max=0.5 shape_dense_alpha_mean=0.5 shape_dense_alpha_min=0.5
2026-07-30 07:32:43,752 - portable_sam_fusion - INFO - [DEBUG-JITTER] epoch=23 step=6750 area_ratio_count=64 area_ratio_mean=1 area_ratio_sum=64 fallback_count=0 mean_iou=1 num_jittered=0 num_rois=64
2026-07-30 07:32:43,752 - portable_sam_fusion - INFO - [DEBUG-SP] epoch=23 step=6750 all_invalid_count=0 all_invalid_ratio=0 empty_count=0 empty_ratio=0 full_count=0 full_ratio=0 mean_point_distance=32.31 n1_gt_valid_count=64 n1_in_gt_bg=0.7344 n1_in_gt_bg_count=47 n1_valid_count=64 n1_valid_ratio=1 n2_gt_valid_count=64 n2_in_gt_bg=1 n2_in_gt_bg_count=64 n2_valid_count=64 n2_valid_ratio=1 neg_in_pred_bg=1 neg_in_pred_bg_count=128 negative_pair_count=64 negative_pair_distance_sum=2959 p1_gt_valid_count=64 p1_in_gt_fg=1 p1_in_gt_fg_count=64 p1_valid_count=64 p1_valid_ratio=1 p2_gt_valid_count=64 p2_in_gt_fg=1 p2_in_gt_fg_count=64 p2_valid_count=64 p2_valid_ratio=1 point_distance_sum=4136 point_overlap_count=0 point_overlap_ratio=0 point_pair_count=128 pos_in_pred_fg=1 pos_in_pred_fg_count=128 positive_pair_count=64 positive_pair_distance_sum=1177 roi_count=64 valid_neg_count=128 valid_pos_count=128 warmup_stage=2
2026-07-30 07:32:51,391 - portable_sam_fusion - INFO - epoch 23 | mini-batch 288/294 | optimizer_step 1700/5920 | lr=4.125e-04
2026-07-30 07:32:58,482 - portable_sam_fusion - INFO - Epoch 23 detailed losses: loss_rpn_cls=0.0147, loss_rpn_bbox=0.0047, loss_cls=0.1730, acc=93.2543, loss_bbox=0.0703, loss_mask=0.0013, schedule/det_weight=1.0000, debug_mask_pos_rois=56.1497, debug_mask_logit_mean=-17.5726, debug_mask_logit_std=3.2542, debug_mask_prob_mean=0.0050, debug_mask_prob_ge05=0.0050, debug_mask_target_fill=0.0050, loss_shape_prior=0.0211
2026-07-30 07:32:58,482 - portable_sam_fusion - INFO - Epoch 23 dense residual monitor: alpha=0.500000 source_delta_norm=6.8869 applied_delta_norm=3.4435 source_delta_ratio=0.589716 applied_delta_ratio=0.294858
2026-07-30 07:32:58,482 - portable_sam_fusion - INFO - Epoch 23 primary loss shares: det=92.14% final_mask=0.45% shape=7.41% p2_boundary=0.00%
2026-07-30 07:32:58,482 - portable_sam_fusion - INFO - Epoch 23 schedule: det_loss_weight=1.000 early_stop_start=20 min_delta=0.0005
2026-07-30 07:32:58,482 - portable_sam_fusion - INFO - Epoch 23 learning rates: sat_backbone=4.12e-04, mask_decoder=4.12e-04, prompt_encoder=4.12e-04, shape_prior=4.12e-04, quality_head=4.12e-04, sat_other=4.12e-04
2026-07-30 07:36:06,286 - portable_sam_fusion - INFO - Validation samples: GT=15926, DT=16996, avg_masks_per_image=27.11, avg_mask_fill=0.0050
creating index...
index created!
Loading and preparing results...
DONE (t=0.02s)
creating index...
index created!
Running per image evaluation...
Evaluate annotation type *bbox*
DONE (t=10.45s).
Accumulating evaluation results...
DONE (t=0.17s).
 Average Precision  (AP) @[ IoU=0.50:0.95 | area=   all | maxDets=100 ] = 0.698
 Average Precision  (AP) @[ IoU=0.50      | area=   all | maxDets=100 ] = 0.897
 Average Precision  (AP) @[ IoU=0.75      | area=   all | maxDets=100 ] = 0.828
 Average Precision  (AP) @[ IoU=0.50:0.95 | area= small | maxDets=100 ] = 0.325
 Average Precision  (AP) @[ IoU=0.50:0.95 | area=medium | maxDets=100 ] = 0.745
 Average Precision  (AP) @[ IoU=0.50:0.95 | area= large | maxDets=100 ] = 0.777
 Average Recall     (AR) @[ IoU=0.50:0.95 | area=   all | maxDets=  1 ] = 0.026
 Average Recall     (AR) @[ IoU=0.50:0.95 | area=   all | maxDets= 10 ] = 0.189
 Average Recall     (AR) @[ IoU=0.50:0.95 | area=   all | maxDets=100 ] = 0.742
 Average Recall     (AR) @[ IoU=0.50:0.95 | area= small | maxDets=100 ] = 0.421
 Average Recall     (AR) @[ IoU=0.50:0.95 | area=medium | maxDets=100 ] = 0.786
 Average Recall     (AR) @[ IoU=0.50:0.95 | area= large | maxDets=100 ] = 0.824
2026-07-30 07:36:17,091 - portable_sam_fusion - INFO - Validation bbox/mAP: 0.6985 bbox/mAP_75: 0.8281
Running per image evaluation...
Evaluate annotation type *segm*
DONE (t=11.01s).
Accumulating evaluation results...
DONE (t=0.16s).
 Average Precision  (AP) @[ IoU=0.50:0.95 | area=   all | maxDets=100 ] = 0.436
 Average Precision  (AP) @[ IoU=0.50      | area=   all | maxDets=100 ] = 0.849
 Average Precision  (AP) @[ IoU=0.75      | area=   all | maxDets=100 ] = 0.447
 Average Precision  (AP) @[ IoU=0.50:0.95 | area= small | maxDets=100 ] = 0.060
 Average Precision  (AP) @[ IoU=0.50:0.95 | area=medium | maxDets=100 ] = 0.453
 Average Precision  (AP) @[ IoU=0.50:0.95 | area= large | maxDets=100 ] = 0.623
 Average Recall     (AR) @[ IoU=0.50:0.95 | area=   all | maxDets=  1 ] = 0.020
 Average Recall     (AR) @[ IoU=0.50:0.95 | area=   all | maxDets= 10 ] = 0.140
 Average Recall     (AR) @[ IoU=0.50:0.95 | area=   all | maxDets=100 ] = 0.481
 Average Recall     (AR) @[ IoU=0.50:0.95 | area= small | maxDets=100 ] = 0.101
 Average Recall     (AR) @[ IoU=0.50:0.95 | area=medium | maxDets=100 ] = 0.493
 Average Recall     (AR) @[ IoU=0.50:0.95 | area= large | maxDets=100 ] = 0.682
2026-07-30 07:36:28,295 - portable_sam_fusion - INFO - Validation segm/mAP: 0.4364
2026-07-30 07:36:28,842 - portable_sam_fusion - INFO - Early-stop metric (segm/mAP): raw=0.4364 smooth(5)=0.4494 best=0.4526 counter=2
2026-07-30 07:36:34,335 - portable_sam_fusion - INFO - Epoch 23/80 | train=0.285191 val=disabled segm/mAP=0.4364 bbox/mAP=0.6985 | best_segm=0.4663 best_bbox=0.7014 best_comp=0.0000 | sat_backbone=4.12e-04 mask_decoder=4.12e-04 prompt_encoder=4.12e-04 shape_prior=4.12e-04 quality_head=4.12e-04 sat_other=4.12e-04
2026-07-30 07:37:09,782 - portable_sam_fusion - INFO - [DEBUG-BOX] epoch=24 step=6800 fallback_count=0 fallback_ratio=0 num_rois=64 refined_proposal_iou=0 refined_proposal_iou_sum=0 refined_valid_count=0
2026-07-30 07:37:09,782 - portable_sam_fusion - INFO - [DEBUG-COARSE] epoch=24 step=6800 bce_raw=0.1849 boundary_fn=2894 boundary_fp=3113 boundary_tp=2.458e+04 dice=0.08235 dice_loss_raw=0.08235 iou=0.8499 loss_weight=0.1 raw_boundary_fn=2894 raw_boundary_fp=3113 raw_boundary_tp=2.458e+04 raw_dice_score=0.9177 raw_iou=0.8499 weighted_loss=0.02673
2026-07-30 07:37:09,782 - portable_sam_fusion - INFO - [DEBUG-CONTEXT] epoch=24 step=6800 enabled=0
2026-07-30 07:37:09,782 - portable_sam_fusion - INFO - [DEBUG-DENSE] epoch=24 step=6800 applied_delta_norm=3.248 applied_delta_ratio=0.2781 base_norm=11.68 canvas_max=8 canvas_mean=0.005022 canvas_min=-8 canvas_nonzero_ratio=0.008034 canvas_std=0.5384 final_norm=12.08 residual_alpha=0.5 shape_norm=13.38 source_delta_norm=6.496 source_delta_ratio=0.5562
2026-07-30 07:37:09,782 - portable_sam_fusion - INFO - [DEBUG-GATE] epoch=24 step=6800 shape_dense_alpha_max=0.5 shape_dense_alpha_mean=0.5 shape_dense_alpha_min=0.5
2026-07-30 07:37:09,782 - portable_sam_fusion - INFO - [DEBUG-JITTER] epoch=24 step=6800 area_ratio_count=64 area_ratio_mean=1 area_ratio_sum=64 fallback_count=0 mean_iou=1 num_jittered=0 num_rois=64
2026-07-30 07:37:09,782 - portable_sam_fusion - INFO - [DEBUG-SP] epoch=24 step=6800 all_invalid_count=0 all_invalid_ratio=0 empty_count=0 empty_ratio=0 full_count=0 full_ratio=0 mean_point_distance=32.03 n1_gt_valid_count=64 n1_in_gt_bg=0.9219 n1_in_gt_bg_count=59 n1_valid_count=64 n1_valid_ratio=1 n2_gt_valid_count=64 n2_in_gt_bg=1 n2_in_gt_bg_count=64 n2_valid_count=64 n2_valid_ratio=1 neg_in_pred_bg=1 neg_in_pred_bg_count=128 negative_pair_count=64 negative_pair_distance_sum=2962 p1_gt_valid_count=64 p1_in_gt_fg=1 p1_in_gt_fg_count=64 p1_valid_count=64 p1_valid_ratio=1 p2_gt_valid_count=64 p2_in_gt_fg=1 p2_in_gt_fg_count=64 p2_valid_count=64 p2_valid_ratio=1 point_distance_sum=4100 point_overlap_count=0 point_overlap_ratio=0 point_pair_count=128 pos_in_pred_fg=1 pos_in_pred_fg_count=128 positive_pair_count=64 positive_pair_distance_sum=1137 roi_count=64 valid_neg_count=128 valid_pos_count=128 warmup_stage=2
2026-07-30 07:38:02,604 - portable_sam_fusion - INFO - [DEBUG-BOX] epoch=24 step=6850 fallback_count=0 fallback_ratio=0 num_rois=64 refined_proposal_iou=0 refined_proposal_iou_sum=0 refined_valid_count=0
2026-07-30 07:38:02,604 - portable_sam_fusion - INFO - [DEBUG-COARSE] epoch=24 step=6850 bce_raw=0.1839 boundary_fn=2758 boundary_fp=3269 boundary_tp=2.544e+04 dice=0.1022 dice_loss_raw=0.1022 iou=0.8174 loss_weight=0.1 raw_boundary_fn=2758 raw_boundary_fp=3269 raw_boundary_tp=2.544e+04 raw_dice_score=0.8978 raw_iou=0.8174 weighted_loss=0.02861
2026-07-30 07:38:02,604 - portable_sam_fusion - INFO - [DEBUG-CONTEXT] epoch=24 step=6850 enabled=0
2026-07-30 07:38:02,604 - portable_sam_fusion - INFO - [DEBUG-DENSE] epoch=24 step=6850 applied_delta_norm=3.673 applied_delta_ratio=0.3145 base_norm=11.68 canvas_max=8 canvas_mean=-0.01357 canvas_min=-8 canvas_nonzero_ratio=0.0112 canvas_std=0.5645 final_norm=12.22 residual_alpha=0.5 shape_norm=13.87 source_delta_norm=7.346 source_delta_ratio=0.629
2026-07-30 07:38:02,604 - portable_sam_fusion - INFO - [DEBUG-GATE] epoch=24 step=6850 shape_dense_alpha_max=0.5 shape_dense_alpha_mean=0.5 shape_dense_alpha_min=0.5
2026-07-30 07:38:02,605 - portable_sam_fusion - INFO - [DEBUG-JITTER] epoch=24 step=6850 area_ratio_count=64 area_ratio_mean=1 area_ratio_sum=64 fallback_count=0 mean_iou=1 num_jittered=0 num_rois=64
2026-07-30 07:38:02,605 - portable_sam_fusion - INFO - [DEBUG-SP] epoch=24 step=6850 all_invalid_count=0 all_invalid_ratio=0 empty_count=0 empty_ratio=0 full_count=0 full_ratio=0 mean_point_distance=41.6 n1_gt_valid_count=64 n1_in_gt_bg=0.9375 n1_in_gt_bg_count=60 n1_valid_count=64 n1_valid_ratio=1 n2_gt_valid_count=64 n2_in_gt_bg=1 n2_in_gt_bg_count=64 n2_valid_count=64 n2_valid_ratio=1 neg_in_pred_bg=1 neg_in_pred_bg_count=128 negative_pair_count=64 negative_pair_distance_sum=3939 p1_gt_valid_count=64 p1_in_gt_fg=1 p1_in_gt_fg_count=64 p1_valid_count=64 p1_valid_ratio=1 p2_gt_valid_count=64 p2_in_gt_fg=1 p2_in_gt_fg_count=64 p2_valid_count=64 p2_valid_ratio=1 point_distance_sum=5324 point_overlap_count=0 point_overlap_ratio=0 point_pair_count=128 pos_in_pred_fg=1 pos_in_pred_fg_count=128 positive_pair_count=64 positive_pair_distance_sum=1386 roi_count=64 valid_neg_count=128 valid_pos_count=128 warmup_stage=2
2026-07-30 07:39:00,319 - portable_sam_fusion - INFO - [DEBUG-BOX] epoch=24 step=6900 fallback_count=0 fallback_ratio=0 num_rois=64 refined_proposal_iou=0 refined_proposal_iou_sum=0 refined_valid_count=0
2026-07-30 07:39:00,319 - portable_sam_fusion - INFO - [DEBUG-COARSE] epoch=24 step=6900 bce_raw=0.1453 boundary_fn=3318 boundary_fp=2632 boundary_tp=2.189e+04 dice=0.0779 dice_loss_raw=0.0779 iou=0.8585 loss_weight=0.1 raw_boundary_fn=3318 raw_boundary_fp=2632 raw_boundary_tp=2.189e+04 raw_dice_score=0.9221 raw_iou=0.8585 weighted_loss=0.02232
2026-07-30 07:39:00,320 - portable_sam_fusion - INFO - [DEBUG-CONTEXT] epoch=24 step=6900 enabled=0
2026-07-30 07:39:00,320 - portable_sam_fusion - INFO - [DEBUG-DENSE] epoch=24 step=6900 applied_delta_norm=2.708 applied_delta_ratio=0.2319 base_norm=11.68 canvas_max=8 canvas_mean=0.0002527 canvas_min=-8 canvas_nonzero_ratio=0.006104 canvas_std=0.4724 final_norm=12 residual_alpha=0.5 shape_norm=13 source_delta_norm=5.416 source_delta_ratio=0.4638
2026-07-30 07:39:00,320 - portable_sam_fusion - INFO - [DEBUG-GATE] epoch=24 step=6900 shape_dense_alpha_max=0.5 shape_dense_alpha_mean=0.5 shape_dense_alpha_min=0.5
2026-07-30 07:39:00,320 - portable_sam_fusion - INFO - [DEBUG-JITTER] epoch=24 step=6900 area_ratio_count=64 area_ratio_mean=1 area_ratio_sum=64 fallback_count=0 mean_iou=1 num_jittered=0 num_rois=64
2026-07-30 07:39:00,320 - portable_sam_fusion - INFO - [DEBUG-SP] epoch=24 step=6900 all_invalid_count=0 all_invalid_ratio=0 empty_count=0 empty_ratio=0 full_count=0 full_ratio=0 mean_point_distance=24.69 n1_gt_valid_count=64 n1_in_gt_bg=0.6875 n1_in_gt_bg_count=44 n1_valid_count=64 n1_valid_ratio=1 n2_gt_valid_count=64 n2_in_gt_bg=1 n2_in_gt_bg_count=64 n2_valid_count=64 n2_valid_ratio=1 neg_in_pred_bg=1 neg_in_pred_bg_count=128 negative_pair_count=64 negative_pair_distance_sum=2280 p1_gt_valid_count=64 p1_in_gt_fg=1 p1_in_gt_fg_count=64 p1_valid_count=64 p1_valid_ratio=1 p2_gt_valid_count=64 p2_in_gt_fg=1 p2_in_gt_fg_count=64 p2_valid_count=64 p2_valid_ratio=1 point_distance_sum=3160 point_overlap_count=0 point_overlap_ratio=0 point_pair_count=128 pos_in_pred_fg=1 pos_in_pred_fg_count=128 positive_pair_count=64 positive_pair_distance_sum=880.5 roi_count=64 valid_neg_count=128 valid_pos_count=128 warmup_stage=2
2026-07-30 07:40:09,353 - portable_sam_fusion - INFO - [DEBUG-BOX] epoch=24 step=6950 fallback_count=0 fallback_ratio=0 num_rois=64 refined_proposal_iou=0 refined_proposal_iou_sum=0 refined_valid_count=0
2026-07-30 07:40:09,353 - portable_sam_fusion - INFO - [DEBUG-COARSE] epoch=24 step=6950 bce_raw=0.1452 boundary_fn=2231 boundary_fp=2984 boundary_tp=2.198e+04 dice=0.05895 dice_loss_raw=0.05895 iou=0.8913 loss_weight=0.1 raw_boundary_fn=2231 raw_boundary_fp=2984 raw_boundary_tp=2.198e+04 raw_dice_score=0.941 raw_iou=0.8913 weighted_loss=0.02041
2026-07-30 07:40:09,353 - portable_sam_fusion - INFO - [DEBUG-CONTEXT] epoch=24 step=6950 enabled=0
2026-07-30 07:40:09,353 - portable_sam_fusion - INFO - [DEBUG-DENSE] epoch=24 step=6950 applied_delta_norm=2.527 applied_delta_ratio=0.2164 base_norm=11.68 canvas_max=8 canvas_mean=0.006921 canvas_min=-8 canvas_nonzero_ratio=0.006247 canvas_std=0.4449 final_norm=12.01 residual_alpha=0.5 shape_norm=12.98 source_delta_norm=5.054 source_delta_ratio=0.4327
2026-07-30 07:40:09,353 - portable_sam_fusion - INFO - [DEBUG-GATE] epoch=24 step=6950 shape_dense_alpha_max=0.5 shape_dense_alpha_mean=0.5 shape_dense_alpha_min=0.5
2026-07-30 07:40:09,353 - portable_sam_fusion - INFO - [DEBUG-JITTER] epoch=24 step=6950 area_ratio_count=64 area_ratio_mean=1 area_ratio_sum=64 fallback_count=0 mean_iou=1 num_jittered=0 num_rois=64
2026-07-30 07:40:09,353 - portable_sam_fusion - INFO - [DEBUG-SP] epoch=24 step=6950 all_invalid_count=0 all_invalid_ratio=0 empty_count=0 empty_ratio=0 full_count=1 full_ratio=0.01562 mean_point_distance=26.13 n1_gt_valid_count=63 n1_in_gt_bg=0.873 n1_in_gt_bg_count=55 n1_valid_count=63 n1_valid_ratio=0.9844 n2_gt_valid_count=61 n2_in_gt_bg=0.9508 n2_in_gt_bg_count=58 n2_valid_count=61 n2_valid_ratio=0.9531 neg_in_pred_bg=1 neg_in_pred_bg_count=124 negative_pair_count=61 negative_pair_distance_sum=2332 p1_gt_valid_count=64 p1_in_gt_fg=1 p1_in_gt_fg_count=64 p1_valid_count=64 p1_valid_ratio=1 p2_gt_valid_count=64 p2_in_gt_fg=1 p2_in_gt_fg_count=64 p2_valid_count=64 p2_valid_ratio=1 point_distance_sum=3266 point_overlap_count=0 point_overlap_ratio=0 point_pair_count=125 pos_in_pred_fg=1 pos_in_pred_fg_count=128 positive_pair_count=64 positive_pair_distance_sum=933.9 roi_count=64 valid_neg_count=124 valid_pos_count=128 warmup_stage=2
2026-07-30 07:40:15,916 - portable_sam_fusion - INFO - epoch 24 | mini-batch 192/294 | optimizer_step 1750/5920 | lr=4.073e-04
2026-07-30 07:41:13,120 - portable_sam_fusion - INFO - [DEBUG-BOX] epoch=24 step=7000 fallback_count=0 fallback_ratio=0 num_rois=64 refined_proposal_iou=0 refined_proposal_iou_sum=0 refined_valid_count=0
2026-07-30 07:41:13,120 - portable_sam_fusion - INFO - [DEBUG-COARSE] epoch=24 step=7000 bce_raw=0.2017 boundary_fn=3483 boundary_fp=3684 boundary_tp=2.102e+04 dice=0.07679 dice_loss_raw=0.07679 iou=0.8607 loss_weight=0.1 raw_boundary_fn=3483 raw_boundary_fp=3684 raw_boundary_tp=2.102e+04 raw_dice_score=0.9232 raw_iou=0.8607 weighted_loss=0.02785
2026-07-30 07:41:13,120 - portable_sam_fusion - INFO - [DEBUG-CONTEXT] epoch=24 step=7000 enabled=0
2026-07-30 07:41:13,120 - portable_sam_fusion - INFO - [DEBUG-DENSE] epoch=24 step=7000 applied_delta_norm=2.651 applied_delta_ratio=0.227 base_norm=11.68 canvas_max=8 canvas_mean=0.01259 canvas_min=-8 canvas_nonzero_ratio=0.006001 canvas_std=0.4325 final_norm=12.01 residual_alpha=0.5 shape_norm=13.02 source_delta_norm=5.302 source_delta_ratio=0.454
2026-07-30 07:41:13,120 - portable_sam_fusion - INFO - [DEBUG-GATE] epoch=24 step=7000 shape_dense_alpha_max=0.5 shape_dense_alpha_mean=0.5 shape_dense_alpha_min=0.5
2026-07-30 07:41:13,120 - portable_sam_fusion - INFO - [DEBUG-JITTER] epoch=24 step=7000 area_ratio_count=64 area_ratio_mean=1 area_ratio_sum=64 fallback_count=0 mean_iou=1 num_jittered=0 num_rois=64
2026-07-30 07:41:13,120 - portable_sam_fusion - INFO - [DEBUG-SP] epoch=24 step=7000 all_invalid_count=0 all_invalid_ratio=0 empty_count=0 empty_ratio=0 full_count=0 full_ratio=0 mean_point_distance=26.57 n1_gt_valid_count=64 n1_in_gt_bg=0.7969 n1_in_gt_bg_count=51 n1_valid_count=64 n1_valid_ratio=1 n2_gt_valid_count=64 n2_in_gt_bg=0.9688 n2_in_gt_bg_count=62 n2_valid_count=64 n2_valid_ratio=1 neg_in_pred_bg=1 neg_in_pred_bg_count=128 negative_pair_count=64 negative_pair_distance_sum=2475 p1_gt_valid_count=64 p1_in_gt_fg=1 p1_in_gt_fg_count=64 p1_valid_count=64 p1_valid_ratio=1 p2_gt_valid_count=64 p2_in_gt_fg=1 p2_in_gt_fg_count=64 p2_valid_count=64 p2_valid_ratio=1 point_distance_sum=3401 point_overlap_count=0 point_overlap_ratio=0 point_pair_count=128 pos_in_pred_fg=1 pos_in_pred_fg_count=128 positive_pair_count=64 positive_pair_distance_sum=925.9 roi_count=64 valid_neg_count=128 valid_pos_count=128 warmup_stage=2
2026-07-30 07:42:16,545 - portable_sam_fusion - INFO - [DEBUG-BOX] epoch=24 step=7050 fallback_count=0 fallback_ratio=0 num_rois=64 refined_proposal_iou=0 refined_proposal_iou_sum=0 refined_valid_count=0
2026-07-30 07:42:16,545 - portable_sam_fusion - INFO - [DEBUG-COARSE] epoch=24 step=7050 bce_raw=0.1656 boundary_fn=2652 boundary_fp=2968 boundary_tp=2.347e+04 dice=0.07816 dice_loss_raw=0.07816 iou=0.8576 loss_weight=0.1 raw_boundary_fn=2652 raw_boundary_fp=2968 raw_boundary_tp=2.347e+04 raw_dice_score=0.9218 raw_iou=0.8576 weighted_loss=0.02438
2026-07-30 07:42:16,545 - portable_sam_fusion - INFO - [DEBUG-CONTEXT] epoch=24 step=7050 enabled=0
2026-07-30 07:42:16,545 - portable_sam_fusion - INFO - [DEBUG-DENSE] epoch=24 step=7050 applied_delta_norm=3.686 applied_delta_ratio=0.3157 base_norm=11.68 canvas_max=8 canvas_mean=0.008666 canvas_min=-8 canvas_nonzero_ratio=0.009441 canvas_std=0.5153 final_norm=12.19 residual_alpha=0.5 shape_norm=13.78 source_delta_norm=7.373 source_delta_ratio=0.6313
2026-07-30 07:42:16,545 - portable_sam_fusion - INFO - [DEBUG-GATE] epoch=24 step=7050 shape_dense_alpha_max=0.5 shape_dense_alpha_mean=0.5 shape_dense_alpha_min=0.5
2026-07-30 07:42:16,545 - portable_sam_fusion - INFO - [DEBUG-JITTER] epoch=24 step=7050 area_ratio_count=64 area_ratio_mean=1 area_ratio_sum=64 fallback_count=0 mean_iou=1 num_jittered=0 num_rois=64
2026-07-30 07:42:16,545 - portable_sam_fusion - INFO - [DEBUG-SP] epoch=24 step=7050 all_invalid_count=0 all_invalid_ratio=0 empty_count=0 empty_ratio=0 full_count=0 full_ratio=0 mean_point_distance=36.5 n1_gt_valid_count=64 n1_in_gt_bg=0.8281 n1_in_gt_bg_count=53 n1_valid_count=64 n1_valid_ratio=1 n2_gt_valid_count=64 n2_in_gt_bg=1 n2_in_gt_bg_count=64 n2_valid_count=64 n2_valid_ratio=1 neg_in_pred_bg=1 neg_in_pred_bg_count=128 negative_pair_count=64 negative_pair_distance_sum=3498 p1_gt_valid_count=64 p1_in_gt_fg=1 p1_in_gt_fg_count=64 p1_valid_count=64 p1_valid_ratio=1 p2_gt_valid_count=64 p2_in_gt_fg=0.9688 p2_in_gt_fg_count=62 p2_valid_count=64 p2_valid_ratio=1 point_distance_sum=4672 point_overlap_count=0 point_overlap_ratio=0 point_pair_count=128 pos_in_pred_fg=1 pos_in_pred_fg_count=128 positive_pair_count=64 positive_pair_distance_sum=1174 roi_count=64 valid_neg_count=128 valid_pos_count=128 warmup_stage=2
2026-07-30 07:42:23,799 - portable_sam_fusion - INFO - Epoch 24 detailed losses: loss_rpn_cls=0.0147, loss_rpn_bbox=0.0049, loss_cls=0.1822, acc=92.8376, loss_bbox=0.0707, loss_mask=0.0015, debug_mask_pos_rois=58.0204, debug_mask_logit_mean=-16.7915, debug_mask_logit_std=3.2025, debug_mask_prob_mean=0.0051, debug_mask_prob_ge05=0.0051, debug_mask_target_fill=0.0051, loss_shape_prior=0.0212, schedule/det_weight=1.0000
2026-07-30 07:42:23,799 - portable_sam_fusion - INFO - Epoch 24 dense residual monitor: alpha=0.500000 source_delta_norm=6.9617 applied_delta_norm=3.4809 source_delta_ratio=0.596120 applied_delta_ratio=0.298060
2026-07-30 07:42:23,799 - portable_sam_fusion - INFO - Epoch 24 primary loss shares: det=92.31% final_mask=0.50% shape=7.19% p2_boundary=0.00%
2026-07-30 07:42:23,799 - portable_sam_fusion - INFO - Epoch 24 schedule: det_loss_weight=1.000 early_stop_start=20 min_delta=0.0005
2026-07-30 07:42:23,799 - portable_sam_fusion - INFO - Epoch 24 learning rates: sat_backbone=4.05e-04, mask_decoder=4.05e-04, prompt_encoder=4.05e-04, shape_prior=4.05e-04, quality_head=4.05e-04, sat_other=4.05e-04
2026-07-30 07:45:29,336 - portable_sam_fusion - INFO - Validation samples: GT=15926, DT=15356, avg_masks_per_image=24.49, avg_mask_fill=0.0055
creating index...
index created!
Loading and preparing results...
DONE (t=0.02s)
creating index...
index created!
Running per image evaluation...
Evaluate annotation type *bbox*
DONE (t=10.02s).
Accumulating evaluation results...
DONE (t=0.15s).
 Average Precision  (AP) @[ IoU=0.50:0.95 | area=   all | maxDets=100 ] = 0.624
 Average Precision  (AP) @[ IoU=0.50      | area=   all | maxDets=100 ] = 0.861
 Average Precision  (AP) @[ IoU=0.75      | area=   all | maxDets=100 ] = 0.781
 Average Precision  (AP) @[ IoU=0.50:0.95 | area= small | maxDets=100 ] = 0.237
 Average Precision  (AP) @[ IoU=0.50:0.95 | area=medium | maxDets=100 ] = 0.671
 Average Precision  (AP) @[ IoU=0.50:0.95 | area= large | maxDets=100 ] = 0.717
 Average Recall     (AR) @[ IoU=0.50:0.95 | area=   all | maxDets=  1 ] = 0.023
 Average Recall     (AR) @[ IoU=0.50:0.95 | area=   all | maxDets= 10 ] = 0.171
 Average Recall     (AR) @[ IoU=0.50:0.95 | area=   all | maxDets=100 ] = 0.679
 Average Recall     (AR) @[ IoU=0.50:0.95 | area= small | maxDets=100 ] = 0.295
 Average Recall     (AR) @[ IoU=0.50:0.95 | area=medium | maxDets=100 ] = 0.735
 Average Recall     (AR) @[ IoU=0.50:0.95 | area= large | maxDets=100 ] = 0.764
2026-07-30 07:45:39,674 - portable_sam_fusion - INFO - Validation bbox/mAP: 0.6244 bbox/mAP_75: 0.7815
Running per image evaluation...
Evaluate annotation type *segm*
DONE (t=10.41s).
Accumulating evaluation results...
DONE (t=0.16s).
 Average Precision  (AP) @[ IoU=0.50:0.95 | area=   all | maxDets=100 ] = 0.451
 Average Precision  (AP) @[ IoU=0.50      | area=   all | maxDets=100 ] = 0.842
 Average Precision  (AP) @[ IoU=0.75      | area=   all | maxDets=100 ] = 0.489
 Average Precision  (AP) @[ IoU=0.50:0.95 | area= small | maxDets=100 ] = 0.060
 Average Precision  (AP) @[ IoU=0.50:0.95 | area=medium | maxDets=100 ] = 0.472
 Average Precision  (AP) @[ IoU=0.50:0.95 | area= large | maxDets=100 ] = 0.653
 Average Recall     (AR) @[ IoU=0.50:0.95 | area=   all | maxDets=  1 ] = 0.020
 Average Recall     (AR) @[ IoU=0.50:0.95 | area=   all | maxDets= 10 ] = 0.143
 Average Recall     (AR) @[ IoU=0.50:0.95 | area=   all | maxDets=100 ] = 0.497
 Average Recall     (AR) @[ IoU=0.50:0.95 | area= small | maxDets=100 ] = 0.095
 Average Recall     (AR) @[ IoU=0.50:0.95 | area=medium | maxDets=100 ] = 0.515
 Average Recall     (AR) @[ IoU=0.50:0.95 | area= large | maxDets=100 ] = 0.698
2026-07-30 07:45:50,274 - portable_sam_fusion - INFO - Validation segm/mAP: 0.4512
2026-07-30 07:45:50,808 - portable_sam_fusion - INFO - Early-stop metric (segm/mAP): raw=0.4512 smooth(5)=0.4466 best=0.4526 counter=3
2026-07-30 07:45:56,335 - portable_sam_fusion - INFO - Epoch 24/80 | train=0.295077 val=disabled segm/mAP=0.4512 bbox/mAP=0.6244 | best_segm=0.4663 best_bbox=0.7014 best_comp=0.0000 | sat_backbone=4.05e-04 mask_decoder=4.05e-04 prompt_encoder=4.05e-04 shape_prior=4.05e-04 quality_head=4.05e-04 sat_other=4.05e-04
2026-07-30 07:46:38,187 - portable_sam_fusion - INFO - [DEBUG-BOX] epoch=25 step=7100 fallback_count=0 fallback_ratio=0 num_rois=64 refined_proposal_iou=0 refined_proposal_iou_sum=0 refined_valid_count=0
2026-07-30 07:46:38,187 - portable_sam_fusion - INFO - [DEBUG-COARSE] epoch=25 step=7100 bce_raw=0.1856 boundary_fn=2900 boundary_fp=3077 boundary_tp=2.572e+04 dice=0.09736 dice_loss_raw=0.09736 iou=0.8291 loss_weight=0.1 raw_boundary_fn=2900 raw_boundary_fp=3077 raw_boundary_tp=2.572e+04 raw_dice_score=0.9026 raw_iou=0.8291 weighted_loss=0.0283
2026-07-30 07:46:38,187 - portable_sam_fusion - INFO - [DEBUG-CONTEXT] epoch=25 step=7100 enabled=0
2026-07-30 07:46:38,187 - portable_sam_fusion - INFO - [DEBUG-DENSE] epoch=25 step=7100 applied_delta_norm=2.791 applied_delta_ratio=0.239 base_norm=11.68 canvas_max=8 canvas_mean=-0.002267 canvas_min=-8 canvas_nonzero_ratio=0.006562 canvas_std=0.4867 final_norm=12.01 residual_alpha=0.5 shape_norm=13.07 source_delta_norm=5.582 source_delta_ratio=0.478
2026-07-30 07:46:38,187 - portable_sam_fusion - INFO - [DEBUG-GATE] epoch=25 step=7100 shape_dense_alpha_max=0.5 shape_dense_alpha_mean=0.5 shape_dense_alpha_min=0.5
2026-07-30 07:46:38,187 - portable_sam_fusion - INFO - [DEBUG-JITTER] epoch=25 step=7100 area_ratio_count=64 area_ratio_mean=1 area_ratio_sum=64 fallback_count=0 mean_iou=1 num_jittered=0 num_rois=64
2026-07-30 07:46:38,187 - portable_sam_fusion - INFO - [DEBUG-SP] epoch=25 step=7100 all_invalid_count=0 all_invalid_ratio=0 empty_count=0 empty_ratio=0 full_count=0 full_ratio=0 mean_point_distance=28.74 n1_gt_valid_count=64 n1_in_gt_bg=0.9531 n1_in_gt_bg_count=61 n1_valid_count=64 n1_valid_ratio=1 n2_gt_valid_count=64 n2_in_gt_bg=1 n2_in_gt_bg_count=64 n2_valid_count=64 n2_valid_ratio=1 neg_in_pred_bg=1 neg_in_pred_bg_count=128 negative_pair_count=64 negative_pair_distance_sum=2791 p1_gt_valid_count=64 p1_in_gt_fg=0.9688 p1_in_gt_fg_count=62 p1_valid_count=64 p1_valid_ratio=1 p2_gt_valid_count=64 p2_in_gt_fg=0.9844 p2_in_gt_fg_count=63 p2_valid_count=64 p2_valid_ratio=1 point_distance_sum=3679 point_overlap_count=0 point_overlap_ratio=0 point_pair_count=128 pos_in_pred_fg=1 pos_in_pred_fg_count=128 positive_pair_count=64 positive_pair_distance_sum=887.8 roi_count=64 valid_neg_count=128 valid_pos_count=128 warmup_stage=2
2026-07-30 07:47:27,899 - portable_sam_fusion - INFO - [DEBUG-BOX] epoch=25 step=7150 fallback_count=0 fallback_ratio=0 num_rois=64 refined_proposal_iou=0 refined_proposal_iou_sum=0 refined_valid_count=0
2026-07-30 07:47:27,899 - portable_sam_fusion - INFO - [DEBUG-COARSE] epoch=25 step=7150 bce_raw=0.1579 boundary_fn=2290 boundary_fp=3635 boundary_tp=2.071e+04 dice=0.06128 dice_loss_raw=0.06128 iou=0.8876 loss_weight=0.1 raw_boundary_fn=2290 raw_boundary_fp=3635 raw_boundary_tp=2.071e+04 raw_dice_score=0.9387 raw_iou=0.8876 weighted_loss=0.02192
2026-07-30 07:47:27,899 - portable_sam_fusion - INFO - [DEBUG-CONTEXT] epoch=25 step=7150 enabled=0
2026-07-30 07:47:27,899 - portable_sam_fusion - INFO - [DEBUG-DENSE] epoch=25 step=7150 applied_delta_norm=3.938 applied_delta_ratio=0.3372 base_norm=11.68 canvas_max=8 canvas_mean=0.0266 canvas_min=-8 canvas_nonzero_ratio=0.01062 canvas_std=0.4924 final_norm=12.34 residual_alpha=0.5 shape_norm=14.26 source_delta_norm=7.875 source_delta_ratio=0.6744
2026-07-30 07:47:27,899 - portable_sam_fusion - INFO - [DEBUG-GATE] epoch=25 step=7150 shape_dense_alpha_max=0.5 shape_dense_alpha_mean=0.5 shape_dense_alpha_min=0.5
2026-07-30 07:47:27,899 - portable_sam_fusion - INFO - [DEBUG-JITTER] epoch=25 step=7150 area_ratio_count=64 area_ratio_mean=1 area_ratio_sum=64 fallback_count=0 mean_iou=1 num_jittered=0 num_rois=64
2026-07-30 07:47:27,900 - portable_sam_fusion - INFO - [DEBUG-SP] epoch=25 step=7150 all_invalid_count=0 all_invalid_ratio=0 empty_count=0 empty_ratio=0 full_count=1 full_ratio=0.01562 mean_point_distance=33.83 n1_gt_valid_count=63 n1_in_gt_bg=0.7619 n1_in_gt_bg_count=48 n1_valid_count=63 n1_valid_ratio=0.9844 n2_gt_valid_count=63 n2_in_gt_bg=0.8095 n2_in_gt_bg_count=51 n2_valid_count=63 n2_valid_ratio=0.9844 neg_in_pred_bg=1 neg_in_pred_bg_count=126 negative_pair_count=63 negative_pair_distance_sum=3148 p1_gt_valid_count=64 p1_in_gt_fg=1 p1_in_gt_fg_count=64 p1_valid_count=64 p1_valid_ratio=1 p2_gt_valid_count=64 p2_in_gt_fg=1 p2_in_gt_fg_count=64 p2_valid_count=64 p2_valid_ratio=1 point_distance_sum=4297 point_overlap_count=0 point_overlap_ratio=0 point_pair_count=127 pos_in_pred_fg=1 pos_in_pred_fg_count=128 positive_pair_count=64 positive_pair_distance_sum=1148 roi_count=64 valid_neg_count=126 valid_pos_count=128 warmup_stage=2
2026-07-30 07:47:29,078 - portable_sam_fusion - INFO - epoch 25 | mini-batch 96/294 | optimizer_step 1800/5920 | lr=4.020e-04
2026-07-30 07:48:20,823 - portable_sam_fusion - INFO - [DEBUG-BOX] epoch=25 step=7200 fallback_count=0 fallback_ratio=0 num_rois=64 refined_proposal_iou=0 refined_proposal_iou_sum=0 refined_valid_count=0
2026-07-30 07:48:20,823 - portable_sam_fusion - INFO - [DEBUG-COARSE] epoch=25 step=7200 bce_raw=0.1403 boundary_fn=2452 boundary_fp=3014 boundary_tp=2.143e+04 dice=0.06491 dice_loss_raw=0.06491 iou=0.8796 loss_weight=0.1 raw_boundary_fn=2452 raw_boundary_fp=3014 raw_boundary_tp=2.143e+04 raw_dice_score=0.9351 raw_iou=0.8796 weighted_loss=0.02052
2026-07-30 07:48:20,823 - portable_sam_fusion - INFO - [DEBUG-CONTEXT] epoch=25 step=7200 enabled=0
2026-07-30 07:48:20,823 - portable_sam_fusion - INFO - [DEBUG-DENSE] epoch=25 step=7200 applied_delta_norm=2.88 applied_delta_ratio=0.2466 base_norm=11.68 canvas_max=8 canvas_mean=0.02358 canvas_min=-8 canvas_nonzero_ratio=0.0109 canvas_std=0.5722 final_norm=12.2 residual_alpha=0.5 shape_norm=13.47 source_delta_norm=5.76 source_delta_ratio=0.4932
2026-07-30 07:48:20,823 - portable_sam_fusion - INFO - [DEBUG-GATE] epoch=25 step=7200 shape_dense_alpha_max=0.5 shape_dense_alpha_mean=0.5 shape_dense_alpha_min=0.5
2026-07-30 07:48:20,823 - portable_sam_fusion - INFO - [DEBUG-JITTER] epoch=25 step=7200 area_ratio_count=64 area_ratio_mean=1 area_ratio_sum=64 fallback_count=0 mean_iou=1 num_jittered=0 num_rois=64
2026-07-30 07:48:20,824 - portable_sam_fusion - INFO - [DEBUG-SP] epoch=25 step=7200 all_invalid_count=0 all_invalid_ratio=0 empty_count=0 empty_ratio=0 full_count=0 full_ratio=0 mean_point_distance=32.71 n1_gt_valid_count=64 n1_in_gt_bg=0.5938 n1_in_gt_bg_count=38 n1_valid_count=64 n1_valid_ratio=1 n2_gt_valid_count=64 n2_in_gt_bg=0.9844 n2_in_gt_bg_count=63 n2_valid_count=64 n2_valid_ratio=1 neg_in_pred_bg=1 neg_in_pred_bg_count=128 negative_pair_count=64 negative_pair_distance_sum=3048 p1_gt_valid_count=64 p1_in_gt_fg=1 p1_in_gt_fg_count=64 p1_valid_count=64 p1_valid_ratio=1 p2_gt_valid_count=64 p2_in_gt_fg=1 p2_in_gt_fg_count=64 p2_valid_count=64 p2_valid_ratio=1 point_distance_sum=4187 point_overlap_count=0 point_overlap_ratio=0 point_pair_count=128 pos_in_pred_fg=1 pos_in_pred_fg_count=128 positive_pair_count=64 positive_pair_distance_sum=1139 roi_count=64 valid_neg_count=128 valid_pos_count=128 warmup_stage=2
2026-07-30 07:49:23,305 - portable_sam_fusion - INFO - [DEBUG-BOX] epoch=25 step=7250 fallback_count=0 fallback_ratio=0 num_rois=64 refined_proposal_iou=0 refined_proposal_iou_sum=0 refined_valid_count=0
2026-07-30 07:49:23,305 - portable_sam_fusion - INFO - [DEBUG-COARSE] epoch=25 step=7250 bce_raw=0.1743 boundary_fn=2860 boundary_fp=2433 boundary_tp=2.481e+04 dice=0.08303 dice_loss_raw=0.08303 iou=0.8481 loss_weight=0.1 raw_boundary_fn=2860 raw_boundary_fp=2433 raw_boundary_tp=2.481e+04 raw_dice_score=0.917 raw_iou=0.8481 weighted_loss=0.02574
2026-07-30 07:49:23,305 - portable_sam_fusion - INFO - [DEBUG-CONTEXT] epoch=25 step=7250 enabled=0
2026-07-30 07:49:23,305 - portable_sam_fusion - INFO - [DEBUG-DENSE] epoch=25 step=7250 applied_delta_norm=3.475 applied_delta_ratio=0.2975 base_norm=11.68 canvas_max=8 canvas_mean=-0.003806 canvas_min=-8 canvas_nonzero_ratio=0.009112 canvas_std=0.5533 final_norm=12.16 residual_alpha=0.5 shape_norm=13.65 source_delta_norm=6.949 source_delta_ratio=0.595
2026-07-30 07:49:23,305 - portable_sam_fusion - INFO - [DEBUG-GATE] epoch=25 step=7250 shape_dense_alpha_max=0.5 shape_dense_alpha_mean=0.5 shape_dense_alpha_min=0.5
2026-07-30 07:49:23,305 - portable_sam_fusion - INFO - [DEBUG-JITTER] epoch=25 step=7250 area_ratio_count=64 area_ratio_mean=1 area_ratio_sum=64 fallback_count=0 mean_iou=1 num_jittered=0 num_rois=64
2026-07-30 07:49:23,305 - portable_sam_fusion - INFO - [DEBUG-SP] epoch=25 step=7250 all_invalid_count=0 all_invalid_ratio=0 empty_count=0 empty_ratio=0 full_count=0 full_ratio=0 mean_point_distance=33.21 n1_gt_valid_count=64 n1_in_gt_bg=0.8594 n1_in_gt_bg_count=55 n1_valid_count=64 n1_valid_ratio=1 n2_gt_valid_count=64 n2_in_gt_bg=0.9688 n2_in_gt_bg_count=62 n2_valid_count=64 n2_valid_ratio=1 neg_in_pred_bg=1 neg_in_pred_bg_count=128 negative_pair_count=64 negative_pair_distance_sum=3082 p1_gt_valid_count=64 p1_in_gt_fg=1 p1_in_gt_fg_count=64 p1_valid_count=64 p1_valid_ratio=1 p2_gt_valid_count=64 p2_in_gt_fg=1 p2_in_gt_fg_count=64 p2_valid_count=64 p2_valid_ratio=1 point_distance_sum=4250 point_overlap_count=0 point_overlap_ratio=0 point_pair_count=128 pos_in_pred_fg=1 pos_in_pred_fg_count=128 positive_pair_count=64 positive_pair_distance_sum=1169 roi_count=64 valid_neg_count=128 valid_pos_count=128 warmup_stage=2
2026-07-30 07:50:26,865 - portable_sam_fusion - INFO - [DEBUG-BOX] epoch=25 step=7300 fallback_count=0 fallback_ratio=0 num_rois=64 refined_proposal_iou=0 refined_proposal_iou_sum=0 refined_valid_count=0
2026-07-30 07:50:26,866 - portable_sam_fusion - INFO - [DEBUG-COARSE] epoch=25 step=7300 bce_raw=0.1431 boundary_fn=2474 boundary_fp=2602 boundary_tp=2.655e+04 dice=0.08399 dice_loss_raw=0.08399 iou=0.8472 loss_weight=0.1 raw_boundary_fn=2474 raw_boundary_fp=2602 raw_boundary_tp=2.655e+04 raw_dice_score=0.916 raw_iou=0.8472 weighted_loss=0.02271
2026-07-30 07:50:26,866 - portable_sam_fusion - INFO - [DEBUG-CONTEXT] epoch=25 step=7300 enabled=0
2026-07-30 07:50:26,866 - portable_sam_fusion - INFO - [DEBUG-DENSE] epoch=25 step=7300 applied_delta_norm=3.241 applied_delta_ratio=0.2776 base_norm=11.68 canvas_max=8 canvas_mean=-0.006188 canvas_min=-8 canvas_nonzero_ratio=0.008245 canvas_std=0.5538 final_norm=12.09 residual_alpha=0.5 shape_norm=13.4 source_delta_norm=6.483 source_delta_ratio=0.5551
2026-07-30 07:50:26,866 - portable_sam_fusion - INFO - [DEBUG-GATE] epoch=25 step=7300 shape_dense_alpha_max=0.5 shape_dense_alpha_mean=0.5 shape_dense_alpha_min=0.5
2026-07-30 07:50:26,866 - portable_sam_fusion - INFO - [DEBUG-JITTER] epoch=25 step=7300 area_ratio_count=64 area_ratio_mean=1 area_ratio_sum=64 fallback_count=0 mean_iou=1 num_jittered=0 num_rois=64
2026-07-30 07:50:26,866 - portable_sam_fusion - INFO - [DEBUG-SP] epoch=25 step=7300 all_invalid_count=0 all_invalid_ratio=0 empty_count=0 empty_ratio=0 full_count=0 full_ratio=0 mean_point_distance=31.77 n1_gt_valid_count=64 n1_in_gt_bg=0.9688 n1_in_gt_bg_count=62 n1_valid_count=64 n1_valid_ratio=1 n2_gt_valid_count=64 n2_in_gt_bg=1 n2_in_gt_bg_count=64 n2_valid_count=64 n2_valid_ratio=1 neg_in_pred_bg=1 neg_in_pred_bg_count=128 negative_pair_count=64 negative_pair_distance_sum=2914 p1_gt_valid_count=64 p1_in_gt_fg=1 p1_in_gt_fg_count=64 p1_valid_count=64 p1_valid_ratio=1 p2_gt_valid_count=64 p2_in_gt_fg=1 p2_in_gt_fg_count=64 p2_valid_count=64 p2_valid_ratio=1 point_distance_sum=4066 point_overlap_count=0 point_overlap_ratio=0 point_pair_count=128 pos_in_pred_fg=1 pos_in_pred_fg_count=128 positive_pair_count=64 positive_pair_distance_sum=1152 roi_count=64 valid_neg_count=128 valid_pos_count=128 warmup_stage=2
2026-07-30 07:51:28,955 - portable_sam_fusion - INFO - [DEBUG-BOX] epoch=25 step=7350 fallback_count=0 fallback_ratio=0 num_rois=64 refined_proposal_iou=0 refined_proposal_iou_sum=0 refined_valid_count=0
2026-07-30 07:51:28,955 - portable_sam_fusion - INFO - [DEBUG-COARSE] epoch=25 step=7350 bce_raw=0.1512 boundary_fn=2627 boundary_fp=2144 boundary_tp=2.592e+04 dice=0.08851 dice_loss_raw=0.08851 iou=0.8404 loss_weight=0.1 raw_boundary_fn=2627 raw_boundary_fp=2144 raw_boundary_tp=2.592e+04 raw_dice_score=0.9115 raw_iou=0.8404 weighted_loss=0.02397
2026-07-30 07:51:28,955 - portable_sam_fusion - INFO - [DEBUG-CONTEXT] epoch=25 step=7350 enabled=0
2026-07-30 07:51:28,955 - portable_sam_fusion - INFO - [DEBUG-DENSE] epoch=25 step=7350 applied_delta_norm=3.18 applied_delta_ratio=0.2723 base_norm=11.68 canvas_max=8 canvas_mean=-0.005987 canvas_min=-8 canvas_nonzero_ratio=0.008413 canvas_std=0.5312 final_norm=12.11 residual_alpha=0.5 shape_norm=13.45 source_delta_norm=6.36 source_delta_ratio=0.5446
2026-07-30 07:51:28,955 - portable_sam_fusion - INFO - [DEBUG-GATE] epoch=25 step=7350 shape_dense_alpha_max=0.5 shape_dense_alpha_mean=0.5 shape_dense_alpha_min=0.5
2026-07-30 07:51:28,955 - portable_sam_fusion - INFO - [DEBUG-JITTER] epoch=25 step=7350 area_ratio_count=64 area_ratio_mean=1 area_ratio_sum=64 fallback_count=0 mean_iou=1 num_jittered=0 num_rois=64
2026-07-30 07:51:28,955 - portable_sam_fusion - INFO - [DEBUG-SP] epoch=25 step=7350 all_invalid_count=0 all_invalid_ratio=0 empty_count=0 empty_ratio=0 full_count=0 full_ratio=0 mean_point_distance=30.53 n1_gt_valid_count=64 n1_in_gt_bg=0.9062 n1_in_gt_bg_count=58 n1_valid_count=64 n1_valid_ratio=1 n2_gt_valid_count=64 n2_in_gt_bg=1 n2_in_gt_bg_count=64 n2_valid_count=64 n2_valid_ratio=1 neg_in_pred_bg=1 neg_in_pred_bg_count=128 negative_pair_count=64 negative_pair_distance_sum=2950 p1_gt_valid_count=64 p1_in_gt_fg=1 p1_in_gt_fg_count=64 p1_valid_count=64 p1_valid_ratio=1 p2_gt_valid_count=64 p2_in_gt_fg=1 p2_in_gt_fg_count=64 p2_valid_count=64 p2_valid_ratio=1 point_distance_sum=3908 point_overlap_count=0 point_overlap_ratio=0 point_pair_count=128 pos_in_pred_fg=1 pos_in_pred_fg_count=128 positive_pair_count=64 positive_pair_distance_sum=957.2 roi_count=64 valid_neg_count=128 valid_pos_count=128 warmup_stage=2
2026-07-30 07:51:29,285 - portable_sam_fusion - INFO - epoch 25 | mini-batch 294/294 | optimizer_step 1850/5920 | lr=3.966e-04
2026-07-30 07:51:29,362 - portable_sam_fusion - INFO - Epoch 25 detailed losses: loss_rpn_cls=0.0129, loss_rpn_bbox=0.0046, loss_cls=0.1689, acc=93.4378, loss_bbox=0.0679, loss_mask=0.0014, debug_mask_pos_rois=56.0952, debug_mask_logit_mean=-17.0697, debug_mask_logit_std=3.2451, debug_mask_prob_mean=0.0049, debug_mask_prob_ge05=0.0049, debug_mask_target_fill=0.0049, loss_shape_prior=0.0205, schedule/det_weight=1.0000
2026-07-30 07:51:29,362 - portable_sam_fusion - INFO - Epoch 25 dense residual monitor: alpha=0.500000 source_delta_norm=6.9311 applied_delta_norm=3.4655 source_delta_ratio=0.593494 applied_delta_ratio=0.296747
2026-07-30 07:51:29,362 - portable_sam_fusion - INFO - Epoch 25 primary loss shares: det=92.09% final_mask=0.49% shape=7.42% p2_boundary=0.00%
2026-07-30 07:51:29,362 - portable_sam_fusion - INFO - Epoch 25 schedule: det_loss_weight=1.000 early_stop_start=20 min_delta=0.0005
2026-07-30 07:51:29,362 - portable_sam_fusion - INFO - Epoch 25 learning rates: sat_backbone=3.97e-04, mask_decoder=3.97e-04, prompt_encoder=3.97e-04, shape_prior=3.97e-04, quality_head=3.97e-04, sat_other=3.97e-04
2026-07-30 07:54:52,266 - portable_sam_fusion - INFO - Validation samples: GT=15926, DT=18330, avg_masks_per_image=29.23, avg_mask_fill=0.0058
creating index...
index created!
Loading and preparing results...
DONE (t=0.02s)
creating index...
index created!
Running per image evaluation...
Evaluate annotation type *bbox*
DONE (t=10.73s).
Accumulating evaluation results...
DONE (t=0.18s).
 Average Precision  (AP) @[ IoU=0.50:0.95 | area=   all | maxDets=100 ] = 0.708
 Average Precision  (AP) @[ IoU=0.50      | area=   all | maxDets=100 ] = 0.894
 Average Precision  (AP) @[ IoU=0.75      | area=   all | maxDets=100 ] = 0.821
 Average Precision  (AP) @[ IoU=0.50:0.95 | area= small | maxDets=100 ] = 0.316
 Average Precision  (AP) @[ IoU=0.50:0.95 | area=medium | maxDets=100 ] = 0.750
 Average Precision  (AP) @[ IoU=0.50:0.95 | area= large | maxDets=100 ] = 0.793
 Average Recall     (AR) @[ IoU=0.50:0.95 | area=   all | maxDets=  1 ] = 0.026
 Average Recall     (AR) @[ IoU=0.50:0.95 | area=   all | maxDets= 10 ] = 0.193
 Average Recall     (AR) @[ IoU=0.50:0.95 | area=   all | maxDets=100 ] = 0.758
 Average Recall     (AR) @[ IoU=0.50:0.95 | area= small | maxDets=100 ] = 0.441
 Average Recall     (AR) @[ IoU=0.50:0.95 | area=medium | maxDets=100 ] = 0.800
 Average Recall     (AR) @[ IoU=0.50:0.95 | area= large | maxDets=100 ] = 0.842
2026-07-30 07:55:03,364 - portable_sam_fusion - INFO - Validation bbox/mAP: 0.7077 bbox/mAP_75: 0.8212
Running per image evaluation...
Evaluate annotation type *segm*
DONE (t=11.35s).
Accumulating evaluation results...
DONE (t=0.18s).
 Average Precision  (AP) @[ IoU=0.50:0.95 | area=   all | maxDets=100 ] = 0.451
 Average Precision  (AP) @[ IoU=0.50      | area=   all | maxDets=100 ] = 0.856
 Average Precision  (AP) @[ IoU=0.75      | area=   all | maxDets=100 ] = 0.474
 Average Precision  (AP) @[ IoU=0.50:0.95 | area= small | maxDets=100 ] = 0.067
 Average Precision  (AP) @[ IoU=0.50:0.95 | area=medium | maxDets=100 ] = 0.463
 Average Precision  (AP) @[ IoU=0.50:0.95 | area= large | maxDets=100 ] = 0.648
 Average Recall     (AR) @[ IoU=0.50:0.95 | area=   all | maxDets=  1 ] = 0.021
 Average Recall     (AR) @[ IoU=0.50:0.95 | area=   all | maxDets= 10 ] = 0.144
 Average Recall     (AR) @[ IoU=0.50:0.95 | area=   all | maxDets=100 ] = 0.500
 Average Recall     (AR) @[ IoU=0.50:0.95 | area= small | maxDets=100 ] = 0.120
 Average Recall     (AR) @[ IoU=0.50:0.95 | area=medium | maxDets=100 ] = 0.513
 Average Recall     (AR) @[ IoU=0.50:0.95 | area= large | maxDets=100 ] = 0.698
2026-07-30 07:55:14,922 - portable_sam_fusion - INFO - Validation segm/mAP: 0.4512
2026-07-30 07:55:15,692 - portable_sam_fusion - INFO - New best bbox/mAP: 0.7077
2026-07-30 07:55:15,692 - portable_sam_fusion - INFO - Early-stop metric (segm/mAP): raw=0.4512 smooth(5)=0.4490 best=0.4526 counter=4
2026-07-30 07:55:18,195 - portable_sam_fusion - INFO - Saved best_bbox_model with bbox/mAP: 0.7077
2026-07-30 07:55:23,629 - portable_sam_fusion - INFO - Epoch 25/80 | train=0.276123 val=disabled segm/mAP=0.4512 bbox/mAP=0.7077 | best_segm=0.4663 best_bbox=0.7077 best_comp=0.0000 | sat_backbone=3.97e-04 mask_decoder=3.97e-04 prompt_encoder=3.97e-04 shape_prior=3.97e-04 quality_head=3.97e-04 sat_other=3.97e-04
2026-07-30 07:56:15,686 - portable_sam_fusion - INFO - [DEBUG-BOX] epoch=26 step=7400 fallback_count=0 fallback_ratio=0 num_rois=0 refined_proposal_iou=0 refined_proposal_iou_sum=0 refined_valid_count=0
2026-07-30 07:56:15,687 - portable_sam_fusion - INFO - [DEBUG-COARSE] epoch=26 step=7400 boundary_fn=0 boundary_fp=0 boundary_tp=0 dice=0 iou=0
2026-07-30 07:56:15,687 - portable_sam_fusion - INFO - [DEBUG-CONTEXT] epoch=26 step=7400 enabled=0
2026-07-30 07:56:15,687 - portable_sam_fusion - INFO - [DEBUG-DENSE] epoch=26 step=7400 applied_delta_norm=3.484 applied_delta_ratio=0.2984 base_norm=11.68 canvas_max=8 canvas_mean=0.00394 canvas_min=-8 canvas_nonzero_ratio=0.008241 canvas_std=0.5359 final_norm=12.13 residual_alpha=0.5 shape_norm=13.55 source_delta_norm=6.969 source_delta_ratio=0.5967
2026-07-30 07:56:15,687 - portable_sam_fusion - INFO - [DEBUG-GATE] epoch=26 step=7400 shape_dense_alpha_max=0.5 shape_dense_alpha_mean=0.5 shape_dense_alpha_min=0.5
2026-07-30 07:56:15,687 - portable_sam_fusion - INFO - [DEBUG-JITTER] epoch=26 step=7400 area_ratio_count=0 area_ratio_mean=0 area_ratio_sum=0 fallback_count=0 mean_iou=0 num_jittered=0 num_rois=0
2026-07-30 07:56:15,687 - portable_sam_fusion - INFO - [DEBUG-SP] epoch=26 step=7400 all_invalid_count=0 all_invalid_ratio=0 empty_count=0 empty_ratio=0 full_count=0 full_ratio=0 mean_point_distance=31.68 n1_gt_valid_count=64 n1_in_gt_bg=0.9844 n1_in_gt_bg_count=63 n1_valid_count=64 n1_valid_ratio=1 n2_gt_valid_count=64 n2_in_gt_bg=0.9844 n2_in_gt_bg_count=63 n2_valid_count=64 n2_valid_ratio=1 neg_in_pred_bg=1 neg_in_pred_bg_count=128 negative_pair_count=64 negative_pair_distance_sum=2968 p1_gt_valid_count=64 p1_in_gt_fg=1 p1_in_gt_fg_count=64 p1_valid_count=64 p1_valid_ratio=1 p2_gt_valid_count=64 p2_in_gt_fg=1 p2_in_gt_fg_count=64 p2_valid_count=64 p2_valid_ratio=1 point_distance_sum=4055 point_overlap_count=0 point_overlap_ratio=0 point_pair_count=128 pos_in_pred_fg=1 pos_in_pred_fg_count=128 positive_pair_count=64 positive_pair_distance_sum=1087 roi_count=64 valid_neg_count=128 valid_pos_count=128 warmup_stage=2
2026-07-30 07:57:04,035 - portable_sam_fusion - INFO - [DEBUG-BOX] epoch=26 step=7450 fallback_count=0 fallback_ratio=0 num_rois=64 refined_proposal_iou=0 refined_proposal_iou_sum=0 refined_valid_count=0
2026-07-30 07:57:04,035 - portable_sam_fusion - INFO - [DEBUG-COARSE] epoch=26 step=7450 bce_raw=0.1675 boundary_fn=1526 boundary_fp=3230 boundary_tp=2.694e+04 dice=0.09396 dice_loss_raw=0.09396 iou=0.835 loss_weight=0.1 raw_boundary_fn=1526 raw_boundary_fp=3230 raw_boundary_tp=2.694e+04 raw_dice_score=0.906 raw_iou=0.835 weighted_loss=0.02615
2026-07-30 07:57:04,036 - portable_sam_fusion - INFO - [DEBUG-CONTEXT] epoch=26 step=7450 enabled=0
2026-07-30 07:57:04,036 - portable_sam_fusion - INFO - [DEBUG-DENSE] epoch=26 step=7450 applied_delta_norm=3.296 applied_delta_ratio=0.2822 base_norm=11.68 canvas_max=8 canvas_mean=-0.00941 canvas_min=-8 canvas_nonzero_ratio=0.00857 canvas_std=0.5715 final_norm=12.09 residual_alpha=0.5 shape_norm=13.39 source_delta_norm=6.592 source_delta_ratio=0.5644
2026-07-30 07:57:04,036 - portable_sam_fusion - INFO - [DEBUG-GATE] epoch=26 step=7450 shape_dense_alpha_max=0.5 shape_dense_alpha_mean=0.5 shape_dense_alpha_min=0.5
2026-07-30 07:57:04,036 - portable_sam_fusion - INFO - [DEBUG-JITTER] epoch=26 step=7450 area_ratio_count=64 area_ratio_mean=1 area_ratio_sum=64 fallback_count=0 mean_iou=1 num_jittered=0 num_rois=64
2026-07-30 07:57:04,036 - portable_sam_fusion - INFO - [DEBUG-SP] epoch=26 step=7450 all_invalid_count=0 all_invalid_ratio=0 empty_count=0 empty_ratio=0 full_count=0 full_ratio=0 mean_point_distance=32.53 n1_gt_valid_count=64 n1_in_gt_bg=0.9531 n1_in_gt_bg_count=61 n1_valid_count=64 n1_valid_ratio=1 n2_gt_valid_count=64 n2_in_gt_bg=1 n2_in_gt_bg_count=64 n2_valid_count=64 n2_valid_ratio=1 neg_in_pred_bg=1 neg_in_pred_bg_count=128 negative_pair_count=64 negative_pair_distance_sum=3051 p1_gt_valid_count=64 p1_in_gt_fg=0.9844 p1_in_gt_fg_count=63 p1_valid_count=64 p1_valid_ratio=1 p2_gt_valid_count=64 p2_in_gt_fg=0.9844 p2_in_gt_fg_count=63 p2_valid_count=64 p2_valid_ratio=1 point_distance_sum=4164 point_overlap_count=0 point_overlap_ratio=0 point_pair_count=128 pos_in_pred_fg=1 pos_in_pred_fg_count=128 positive_pair_count=64 positive_pair_distance_sum=1114 roi_count=64 valid_neg_count=128 valid_pos_count=128 warmup_stage=2
2026-07-30 07:58:07,202 - portable_sam_fusion - INFO - [DEBUG-BOX] epoch=26 step=7500 fallback_count=0 fallback_ratio=0 num_rois=64 refined_proposal_iou=0 refined_proposal_iou_sum=0 refined_valid_count=0
2026-07-30 07:58:07,202 - portable_sam_fusion - INFO - [DEBUG-COARSE] epoch=26 step=7500 bce_raw=0.1548 boundary_fn=2994 boundary_fp=1985 boundary_tp=2.53e+04 dice=0.08695 dice_loss_raw=0.08695 iou=0.8432 loss_weight=0.1 raw_boundary_fn=2994 raw_boundary_fp=1985 raw_boundary_tp=2.53e+04 raw_dice_score=0.9131 raw_iou=0.8432 weighted_loss=0.02418
2026-07-30 07:58:07,203 - portable_sam_fusion - INFO - [DEBUG-CONTEXT] epoch=26 step=7500 enabled=0
2026-07-30 07:58:07,203 - portable_sam_fusion - INFO - [DEBUG-DENSE] epoch=26 step=7500 applied_delta_norm=2.347 applied_delta_ratio=0.2009 base_norm=11.68 canvas_max=8 canvas_mean=-0.005194 canvas_min=-8 canvas_nonzero_ratio=0.005251 canvas_std=0.4431 final_norm=11.91 residual_alpha=0.5 shape_norm=12.68 source_delta_norm=4.693 source_delta_ratio=0.4019
2026-07-30 07:58:07,203 - portable_sam_fusion - INFO - [DEBUG-GATE] epoch=26 step=7500 shape_dense_alpha_max=0.5 shape_dense_alpha_mean=0.5 shape_dense_alpha_min=0.5
2026-07-30 07:58:07,203 - portable_sam_fusion - INFO - [DEBUG-JITTER] epoch=26 step=7500 area_ratio_count=64 area_ratio_mean=1 area_ratio_sum=64 fallback_count=0 mean_iou=1 num_jittered=0 num_rois=64
2026-07-30 07:58:07,203 - portable_sam_fusion - INFO - [DEBUG-SP] epoch=26 step=7500 all_invalid_count=0 all_invalid_ratio=0 empty_count=0 empty_ratio=0 full_count=0 full_ratio=0 mean_point_distance=22.22 n1_gt_valid_count=64 n1_in_gt_bg=0.8125 n1_in_gt_bg_count=52 n1_valid_count=64 n1_valid_ratio=1 n2_gt_valid_count=64 n2_in_gt_bg=1 n2_in_gt_bg_count=64 n2_valid_count=64 n2_valid_ratio=1 neg_in_pred_bg=1 neg_in_pred_bg_count=128 negative_pair_count=64 negative_pair_distance_sum=2146 p1_gt_valid_count=64 p1_in_gt_fg=1 p1_in_gt_fg_count=64 p1_valid_count=64 p1_valid_ratio=1 p2_gt_valid_count=64 p2_in_gt_fg=1 p2_in_gt_fg_count=64 p2_valid_count=64 p2_valid_ratio=1 point_distance_sum=2844 point_overlap_count=0 point_overlap_ratio=0 point_pair_count=128 pos_in_pred_fg=1 pos_in_pred_fg_count=128 positive_pair_count=64 positive_pair_distance_sum=697.8 roi_count=64 valid_neg_count=128 valid_pos_count=128 warmup_stage=2
2026-07-30 07:59:14,999 - portable_sam_fusion - INFO - [DEBUG-BOX] epoch=26 step=7550 fallback_count=0 fallback_ratio=0 num_rois=64 refined_proposal_iou=0 refined_proposal_iou_sum=0 refined_valid_count=0
2026-07-30 07:59:14,999 - portable_sam_fusion - INFO - [DEBUG-COARSE] epoch=26 step=7550 bce_raw=0.1663 boundary_fn=2888 boundary_fp=3249 boundary_tp=2.329e+04 dice=0.07112 dice_loss_raw=0.07112 iou=0.8696 loss_weight=0.1 raw_boundary_fn=2888 raw_boundary_fp=3249 raw_boundary_tp=2.329e+04 raw_dice_score=0.9289 raw_iou=0.8696 weighted_loss=0.02374
2026-07-30 07:59:14,999 - portable_sam_fusion - INFO - [DEBUG-CONTEXT] epoch=26 step=7550 enabled=0
2026-07-30 07:59:14,999 - portable_sam_fusion - INFO - [DEBUG-DENSE] epoch=26 step=7550 applied_delta_norm=2.76 applied_delta_ratio=0.2363 base_norm=11.68 canvas_max=8 canvas_mean=0.01218 canvas_min=-8 canvas_nonzero_ratio=0.006142 canvas_std=0.4554 final_norm=11.98 residual_alpha=0.5 shape_norm=12.99 source_delta_norm=5.519 source_delta_ratio=0.4726
2026-07-30 07:59:14,999 - portable_sam_fusion - INFO - [DEBUG-GATE] epoch=26 step=7550 shape_dense_alpha_max=0.5 shape_dense_alpha_mean=0.5 shape_dense_alpha_min=0.5
2026-07-30 07:59:14,999 - portable_sam_fusion - INFO - [DEBUG-JITTER] epoch=26 step=7550 area_ratio_count=64 area_ratio_mean=1 area_ratio_sum=64 fallback_count=0 mean_iou=1 num_jittered=0 num_rois=64
2026-07-30 07:59:14,999 - portable_sam_fusion - INFO - [DEBUG-SP] epoch=26 step=7550 all_invalid_count=0 all_invalid_ratio=0 empty_count=0 empty_ratio=0 full_count=0 full_ratio=0 mean_point_distance=26.2 n1_gt_valid_count=64 n1_in_gt_bg=0.75 n1_in_gt_bg_count=48 n1_valid_count=64 n1_valid_ratio=1 n2_gt_valid_count=64 n2_in_gt_bg=0.9844 n2_in_gt_bg_count=63 n2_valid_count=64 n2_valid_ratio=1 neg_in_pred_bg=1 neg_in_pred_bg_count=128 negative_pair_count=64 negative_pair_distance_sum=2470 p1_gt_valid_count=64 p1_in_gt_fg=1 p1_in_gt_fg_count=64 p1_valid_count=64 p1_valid_ratio=1 p2_gt_valid_count=64 p2_in_gt_fg=1 p2_in_gt_fg_count=64 p2_valid_count=64 p2_valid_ratio=1 point_distance_sum=3353 point_overlap_count=0 point_overlap_ratio=0 point_pair_count=128 pos_in_pred_fg=1 pos_in_pred_fg_count=128 positive_pair_count=64 positive_pair_distance_sum=883.2 roi_count=64 valid_neg_count=128 valid_pos_count=128 warmup_stage=2
2026-07-30 07:59:15,330 - portable_sam_fusion - INFO - epoch 26 | mini-batch 200/294 | optimizer_step 1900/5920 | lr=3.911e-04
2026-07-30 08:00:21,531 - portable_sam_fusion - INFO - [DEBUG-BOX] epoch=26 step=7600 fallback_count=0 fallback_ratio=0 num_rois=64 refined_proposal_iou=0 refined_proposal_iou_sum=0 refined_valid_count=0
2026-07-30 08:00:21,531 - portable_sam_fusion - INFO - [DEBUG-COARSE] epoch=26 step=7600 bce_raw=0.1506 boundary_fn=2759 boundary_fp=2353 boundary_tp=2.465e+04 dice=0.08802 dice_loss_raw=0.08802 iou=0.8412 loss_weight=0.1 raw_boundary_fn=2759 raw_boundary_fp=2353 raw_boundary_tp=2.465e+04 raw_dice_score=0.912 raw_iou=0.8412 weighted_loss=0.02386
2026-07-30 08:00:21,531 - portable_sam_fusion - INFO - [DEBUG-CONTEXT] epoch=26 step=7600 enabled=0
2026-07-30 08:00:21,531 - portable_sam_fusion - INFO - [DEBUG-DENSE] epoch=26 step=7600 applied_delta_norm=2.71 applied_delta_ratio=0.232 base_norm=11.68 canvas_max=8 canvas_mean=-0.007505 canvas_min=-8 canvas_nonzero_ratio=0.008657 canvas_std=0.499 final_norm=12.08 residual_alpha=0.5 shape_norm=13.17 source_delta_norm=5.42 source_delta_ratio=0.4641
2026-07-30 08:00:21,531 - portable_sam_fusion - INFO - [DEBUG-GATE] epoch=26 step=7600 shape_dense_alpha_max=0.5 shape_dense_alpha_mean=0.5 shape_dense_alpha_min=0.5
2026-07-30 08:00:21,531 - portable_sam_fusion - INFO - [DEBUG-JITTER] epoch=26 step=7600 area_ratio_count=64 area_ratio_mean=1 area_ratio_sum=64 fallback_count=0 mean_iou=1 num_jittered=0 num_rois=64
2026-07-30 08:00:21,531 - portable_sam_fusion - INFO - [DEBUG-SP] epoch=26 step=7600 all_invalid_count=0 all_invalid_ratio=0 empty_count=0 empty_ratio=0 full_count=0 full_ratio=0 mean_point_distance=27.03 n1_gt_valid_count=64 n1_in_gt_bg=0.9062 n1_in_gt_bg_count=58 n1_valid_count=64 n1_valid_ratio=1 n2_gt_valid_count=64 n2_in_gt_bg=1 n2_in_gt_bg_count=64 n2_valid_count=64 n2_valid_ratio=1 neg_in_pred_bg=1 neg_in_pred_bg_count=128 negative_pair_count=64 negative_pair_distance_sum=2609 p1_gt_valid_count=64 p1_in_gt_fg=1 p1_in_gt_fg_count=64 p1_valid_count=64 p1_valid_ratio=1 p2_gt_valid_count=64 p2_in_gt_fg=0.9844 p2_in_gt_fg_count=63 p2_valid_count=64 p2_valid_ratio=1 point_distance_sum=3460 point_overlap_count=0 point_overlap_ratio=0 point_pair_count=128 pos_in_pred_fg=1 pos_in_pred_fg_count=128 positive_pair_count=64 positive_pair_distance_sum=850.6 roi_count=64 valid_neg_count=128 valid_pos_count=128 warmup_stage=2
2026-07-30 08:01:18,049 - portable_sam_fusion - INFO - Epoch 26 detailed losses: loss_rpn_cls=0.0127, loss_rpn_bbox=0.0050, loss_cls=0.1700, acc=93.3410, loss_bbox=0.0673, loss_mask=0.0018, debug_mask_pos_rois=57.3095, debug_mask_logit_mean=-16.8184, debug_mask_logit_std=3.3428, debug_mask_prob_mean=0.0052, debug_mask_prob_ge05=0.0052, debug_mask_target_fill=0.0053, loss_shape_prior=0.0213, schedule/det_weight=1.0000
2026-07-30 08:01:18,050 - portable_sam_fusion - INFO - Epoch 26 dense residual monitor: alpha=0.500000 source_delta_norm=6.9325 applied_delta_norm=3.4663 source_delta_ratio=0.593619 applied_delta_ratio=0.296810
2026-07-30 08:01:18,050 - portable_sam_fusion - INFO - Epoch 26 primary loss shares: det=91.69% final_mask=0.66% shape=7.65% p2_boundary=0.00%
2026-07-30 08:01:18,050 - portable_sam_fusion - INFO - Epoch 26 schedule: det_loss_weight=1.000 early_stop_start=20 min_delta=0.0005
2026-07-30 08:01:18,050 - portable_sam_fusion - INFO - Epoch 26 learning rates: sat_backbone=3.88e-04, mask_decoder=3.88e-04, prompt_encoder=3.88e-04, shape_prior=3.88e-04, quality_head=3.88e-04, sat_other=3.88e-04
2026-07-30 08:04:30,279 - portable_sam_fusion - INFO - Validation samples: GT=15926, DT=16920, avg_masks_per_image=26.99, avg_mask_fill=0.0046
creating index...
index created!
Loading and preparing results...
DONE (t=0.02s)
creating index...
index created!
Running per image evaluation...
Evaluate annotation type *bbox*
DONE (t=10.46s).
Accumulating evaluation results...
DONE (t=0.17s).
 Average Precision  (AP) @[ IoU=0.50:0.95 | area=   all | maxDets=100 ] = 0.663
 Average Precision  (AP) @[ IoU=0.50      | area=   all | maxDets=100 ] = 0.884
 Average Precision  (AP) @[ IoU=0.75      | area=   all | maxDets=100 ] = 0.809
 Average Precision  (AP) @[ IoU=0.50:0.95 | area= small | maxDets=100 ] = 0.306
 Average Precision  (AP) @[ IoU=0.50:0.95 | area=medium | maxDets=100 ] = 0.703
 Average Precision  (AP) @[ IoU=0.50:0.95 | area= large | maxDets=100 ] = 0.730
 Average Recall     (AR) @[ IoU=0.50:0.95 | area=   all | maxDets=  1 ] = 0.024
 Average Recall     (AR) @[ IoU=0.50:0.95 | area=   all | maxDets= 10 ] = 0.178
 Average Recall     (AR) @[ IoU=0.50:0.95 | area=   all | maxDets=100 ] = 0.717
 Average Recall     (AR) @[ IoU=0.50:0.95 | area= small | maxDets=100 ] = 0.421
 Average Recall     (AR) @[ IoU=0.50:0.95 | area=medium | maxDets=100 ] = 0.763
 Average Recall     (AR) @[ IoU=0.50:0.95 | area= large | maxDets=100 ] = 0.777
2026-07-30 08:04:41,095 - portable_sam_fusion - INFO - Validation bbox/mAP: 0.6628 bbox/mAP_75: 0.8086
Running per image evaluation...
Evaluate annotation type *segm*
DONE (t=10.92s).
Accumulating evaluation results...
DONE (t=0.17s).
 Average Precision  (AP) @[ IoU=0.50:0.95 | area=   all | maxDets=100 ] = 0.448
 Average Precision  (AP) @[ IoU=0.50      | area=   all | maxDets=100 ] = 0.846
 Average Precision  (AP) @[ IoU=0.75      | area=   all | maxDets=100 ] = 0.477
 Average Precision  (AP) @[ IoU=0.50:0.95 | area= small | maxDets=100 ] = 0.061
 Average Precision  (AP) @[ IoU=0.50:0.95 | area=medium | maxDets=100 ] = 0.463
 Average Precision  (AP) @[ IoU=0.50:0.95 | area= large | maxDets=100 ] = 0.636
 Average Recall     (AR) @[ IoU=0.50:0.95 | area=   all | maxDets=  1 ] = 0.020
 Average Recall     (AR) @[ IoU=0.50:0.95 | area=   all | maxDets= 10 ] = 0.141
 Average Recall     (AR) @[ IoU=0.50:0.95 | area=   all | maxDets=100 ] = 0.493
 Average Recall     (AR) @[ IoU=0.50:0.95 | area= small | maxDets=100 ] = 0.110
 Average Recall     (AR) @[ IoU=0.50:0.95 | area=medium | maxDets=100 ] = 0.510
 Average Recall     (AR) @[ IoU=0.50:0.95 | area= large | maxDets=100 ] = 0.682
2026-07-30 08:04:52,214 - portable_sam_fusion - INFO - Validation segm/mAP: 0.4483
2026-07-30 08:04:52,746 - portable_sam_fusion - INFO - Early-stop metric (segm/mAP): raw=0.4483 smooth(5)=0.4487 best=0.4526 counter=5
2026-07-30 08:04:58,181 - portable_sam_fusion - INFO - Epoch 26/80 | train=0.278167 val=disabled segm/mAP=0.4483 bbox/mAP=0.6628 | best_segm=0.4663 best_bbox=0.7077 best_comp=0.0000 | sat_backbone=3.88e-04 mask_decoder=3.88e-04 prompt_encoder=3.88e-04 shape_prior=3.88e-04 quality_head=3.88e-04 sat_other=3.88e-04
2026-07-30 08:05:06,425 - portable_sam_fusion - INFO - [DEBUG-BOX] epoch=27 step=7650 fallback_count=0 fallback_ratio=0 num_rois=64 refined_proposal_iou=0 refined_proposal_iou_sum=0 refined_valid_count=0
2026-07-30 08:05:06,425 - portable_sam_fusion - INFO - [DEBUG-COARSE] epoch=27 step=7650 bce_raw=0.1187 boundary_fn=1435 boundary_fp=1321 boundary_tp=2.707e+04 dice=0.06718 dice_loss_raw=0.06718 iou=0.8759 loss_weight=0.1 raw_boundary_fn=1435 raw_boundary_fp=1321 raw_boundary_tp=2.707e+04 raw_dice_score=0.9328 raw_iou=0.8759 weighted_loss=0.01859
2026-07-30 08:05:06,425 - portable_sam_fusion - INFO - [DEBUG-CONTEXT] epoch=27 step=7650 enabled=0
2026-07-30 08:05:06,425 - portable_sam_fusion - INFO - [DEBUG-DENSE] epoch=27 step=7650 applied_delta_norm=2.913 applied_delta_ratio=0.2495 base_norm=11.68 canvas_max=8 canvas_mean=0.003134 canvas_min=-8 canvas_nonzero_ratio=0.00679 canvas_std=0.4959 final_norm=12.01 residual_alpha=0.5 shape_norm=13.09 source_delta_norm=5.826 source_delta_ratio=0.4989
2026-07-30 08:05:06,425 - portable_sam_fusion - INFO - [DEBUG-GATE] epoch=27 step=7650 shape_dense_alpha_max=0.5 shape_dense_alpha_mean=0.5 shape_dense_alpha_min=0.5
2026-07-30 08:05:06,425 - portable_sam_fusion - INFO - [DEBUG-JITTER] epoch=27 step=7650 area_ratio_count=64 area_ratio_mean=1 area_ratio_sum=64 fallback_count=0 mean_iou=1 num_jittered=0 num_rois=64
2026-07-30 08:05:06,425 - portable_sam_fusion - INFO - [DEBUG-SP] epoch=27 step=7650 all_invalid_count=0 all_invalid_ratio=0 empty_count=0 empty_ratio=0 full_count=0 full_ratio=0 mean_point_distance=30.32 n1_gt_valid_count=64 n1_in_gt_bg=0.9531 n1_in_gt_bg_count=61 n1_valid_count=64 n1_valid_ratio=1 n2_gt_valid_count=64 n2_in_gt_bg=1 n2_in_gt_bg_count=64 n2_valid_count=64 n2_valid_ratio=1 neg_in_pred_bg=1 neg_in_pred_bg_count=128 negative_pair_count=64 negative_pair_distance_sum=2704 p1_gt_valid_count=64 p1_in_gt_fg=1 p1_in_gt_fg_count=64 p1_valid_count=64 p1_valid_ratio=1 p2_gt_valid_count=64 p2_in_gt_fg=1 p2_in_gt_fg_count=64 p2_valid_count=64 p2_valid_ratio=1 point_distance_sum=3882 point_overlap_count=0 point_overlap_ratio=0 point_pair_count=128 pos_in_pred_fg=1 pos_in_pred_fg_count=128 positive_pair_count=64 positive_pair_distance_sum=1178 roi_count=64 valid_neg_count=128 valid_pos_count=128 warmup_stage=2
2026-07-30 08:05:54,190 - portable_sam_fusion - INFO - [DEBUG-BOX] epoch=27 step=7700 fallback_count=0 fallback_ratio=0 num_rois=64 refined_proposal_iou=0 refined_proposal_iou_sum=0 refined_valid_count=0
2026-07-30 08:05:54,190 - portable_sam_fusion - INFO - [DEBUG-COARSE] epoch=27 step=7700 bce_raw=0.1701 boundary_fn=2729 boundary_fp=2128 boundary_tp=2.627e+04 dice=0.09552 dice_loss_raw=0.09552 iou=0.8305 loss_weight=0.1 raw_boundary_fn=2729 raw_boundary_fp=2128 raw_boundary_tp=2.627e+04 raw_dice_score=0.9045 raw_iou=0.8305 weighted_loss=0.02656
2026-07-30 08:05:54,190 - portable_sam_fusion - INFO - [DEBUG-CONTEXT] epoch=27 step=7700 enabled=0
2026-07-30 08:05:54,190 - portable_sam_fusion - INFO - [DEBUG-DENSE] epoch=27 step=7700 applied_delta_norm=3.216 applied_delta_ratio=0.2754 base_norm=11.68 canvas_max=8 canvas_mean=-0.01325 canvas_min=-8 canvas_nonzero_ratio=0.008602 canvas_std=0.5352 final_norm=12.1 residual_alpha=0.5 shape_norm=13.41 source_delta_norm=6.432 source_delta_ratio=0.5507
2026-07-30 08:05:54,190 - portable_sam_fusion - INFO - [DEBUG-GATE] epoch=27 step=7700 shape_dense_alpha_max=0.5 shape_dense_alpha_mean=0.5 shape_dense_alpha_min=0.5
2026-07-30 08:05:54,191 - portable_sam_fusion - INFO - [DEBUG-JITTER] epoch=27 step=7700 area_ratio_count=64 area_ratio_mean=1 area_ratio_sum=64 fallback_count=0 mean_iou=1 num_jittered=0 num_rois=64
2026-07-30 08:05:54,191 - portable_sam_fusion - INFO - [DEBUG-SP] epoch=27 step=7700 all_invalid_count=0 all_invalid_ratio=0 empty_count=0 empty_ratio=0 full_count=0 full_ratio=0 mean_point_distance=28.44 n1_gt_valid_count=64 n1_in_gt_bg=0.9531 n1_in_gt_bg_count=61 n1_valid_count=64 n1_valid_ratio=1 n2_gt_valid_count=64 n2_in_gt_bg=1 n2_in_gt_bg_count=64 n2_valid_count=64 n2_valid_ratio=1 neg_in_pred_bg=1 neg_in_pred_bg_count=128 negative_pair_count=64 negative_pair_distance_sum=2386 p1_gt_valid_count=64 p1_in_gt_fg=0.9844 p1_in_gt_fg_count=63 p1_valid_count=64 p1_valid_ratio=1 p2_gt_valid_count=64 p2_in_gt_fg=1 p2_in_gt_fg_count=64 p2_valid_count=64 p2_valid_ratio=1 point_distance_sum=3641 point_overlap_count=0 point_overlap_ratio=0 point_pair_count=128 pos_in_pred_fg=1 pos_in_pred_fg_count=128 positive_pair_count=64 positive_pair_distance_sum=1255 roi_count=64 valid_neg_count=128 valid_pos_count=128 warmup_stage=2
2026-07-30 08:06:42,379 - portable_sam_fusion - INFO - epoch 27 | mini-batch 104/294 | optimizer_step 1950/5920 | lr=3.855e-04
2026-07-30 08:06:44,252 - portable_sam_fusion - INFO - [DEBUG-BOX] epoch=27 step=7750 fallback_count=0 fallback_ratio=0 num_rois=64 refined_proposal_iou=0 refined_proposal_iou_sum=0 refined_valid_count=0
2026-07-30 08:06:44,252 - portable_sam_fusion - INFO - [DEBUG-COARSE] epoch=27 step=7750 bce_raw=0.1819 boundary_fn=2766 boundary_fp=3189 boundary_tp=2.574e+04 dice=0.09267 dice_loss_raw=0.09267 iou=0.8359 loss_weight=0.1 raw_boundary_fn=2766 raw_boundary_fp=3189 raw_boundary_tp=2.574e+04 raw_dice_score=0.9073 raw_iou=0.8359 weighted_loss=0.02746
2026-07-30 08:06:44,252 - portable_sam_fusion - INFO - [DEBUG-CONTEXT] epoch=27 step=7750 enabled=0
2026-07-30 08:06:44,252 - portable_sam_fusion - INFO - [DEBUG-DENSE] epoch=27 step=7750 applied_delta_norm=2.929 applied_delta_ratio=0.2508 base_norm=11.68 canvas_max=8 canvas_mean=-0.002811 canvas_min=-8 canvas_nonzero_ratio=0.006962 canvas_std=0.5038 final_norm=12.02 residual_alpha=0.5 shape_norm=13.13 source_delta_norm=5.858 source_delta_ratio=0.5016
2026-07-30 08:06:44,252 - portable_sam_fusion - INFO - [DEBUG-GATE] epoch=27 step=7750 shape_dense_alpha_max=0.5 shape_dense_alpha_mean=0.5 shape_dense_alpha_min=0.5
2026-07-30 08:06:44,252 - portable_sam_fusion - INFO - [DEBUG-JITTER] epoch=27 step=7750 area_ratio_count=64 area_ratio_mean=1 area_ratio_sum=64 fallback_count=0 mean_iou=1 num_jittered=0 num_rois=64
2026-07-30 08:06:44,252 - portable_sam_fusion - INFO - [DEBUG-SP] epoch=27 step=7750 all_invalid_count=0 all_invalid_ratio=0 empty_count=0 empty_ratio=0 full_count=0 full_ratio=0 mean_point_distance=26.13 n1_gt_valid_count=64 n1_in_gt_bg=0.9375 n1_in_gt_bg_count=60 n1_valid_count=64 n1_valid_ratio=1 n2_gt_valid_count=64 n2_in_gt_bg=1 n2_in_gt_bg_count=64 n2_valid_count=64 n2_valid_ratio=1 neg_in_pred_bg=1 neg_in_pred_bg_count=128 negative_pair_count=64 negative_pair_distance_sum=2387 p1_gt_valid_count=64 p1_in_gt_fg=1 p1_in_gt_fg_count=64 p1_valid_count=64 p1_valid_ratio=1 p2_gt_valid_count=64 p2_in_gt_fg=0.9844 p2_in_gt_fg_count=63 p2_valid_count=64 p2_valid_ratio=1 point_distance_sum=3345 point_overlap_count=0 point_overlap_ratio=0 point_pair_count=128 pos_in_pred_fg=1 pos_in_pred_fg_count=128 positive_pair_count=64 positive_pair_distance_sum=957.7 roi_count=64 valid_neg_count=128 valid_pos_count=128 warmup_stage=2
2026-07-30 08:07:42,348 - portable_sam_fusion - INFO - [DEBUG-BOX] epoch=27 step=7800 fallback_count=0 fallback_ratio=0 num_rois=0 refined_proposal_iou=0 refined_proposal_iou_sum=0 refined_valid_count=0
2026-07-30 08:07:42,348 - portable_sam_fusion - INFO - [DEBUG-COARSE] epoch=27 step=7800 boundary_fn=0 boundary_fp=0 boundary_tp=0 dice=0 iou=0
2026-07-30 08:07:42,348 - portable_sam_fusion - INFO - [DEBUG-CONTEXT] epoch=27 step=7800 enabled=0
2026-07-30 08:07:42,348 - portable_sam_fusion - INFO - [DEBUG-DENSE] epoch=27 step=7800 applied_delta_norm=2.61 applied_delta_ratio=0.2235 base_norm=11.68 canvas_max=8 canvas_mean=0.007202 canvas_min=-8 canvas_nonzero_ratio=0.004766 canvas_std=0.424 final_norm=11.94 residual_alpha=0.5 shape_norm=12.81 source_delta_norm=5.22 source_delta_ratio=0.447
2026-07-30 08:07:42,348 - portable_sam_fusion - INFO - [DEBUG-GATE] epoch=27 step=7800 shape_dense_alpha_max=0.5 shape_dense_alpha_mean=0.5 shape_dense_alpha_min=0.5
2026-07-30 08:07:42,348 - portable_sam_fusion - INFO - [DEBUG-JITTER] epoch=27 step=7800 area_ratio_count=0 area_ratio_mean=0 area_ratio_sum=0 fallback_count=0 mean_iou=0 num_jittered=0 num_rois=0
2026-07-30 08:07:42,348 - portable_sam_fusion - INFO - [DEBUG-SP] epoch=27 step=7800 all_invalid_count=0 all_invalid_ratio=0 empty_count=0 empty_ratio=0 full_count=0 full_ratio=0 mean_point_distance=19.27 n1_gt_valid_count=64 n1_in_gt_bg=0.8906 n1_in_gt_bg_count=57 n1_valid_count=64 n1_valid_ratio=1 n2_gt_valid_count=64 n2_in_gt_bg=1 n2_in_gt_bg_count=64 n2_valid_count=64 n2_valid_ratio=1 neg_in_pred_bg=1 neg_in_pred_bg_count=128 negative_pair_count=64 negative_pair_distance_sum=1821 p1_gt_valid_count=64 p1_in_gt_fg=1 p1_in_gt_fg_count=64 p1_valid_count=64 p1_valid_ratio=1 p2_gt_valid_count=64 p2_in_gt_fg=0.9688 p2_in_gt_fg_count=62 p2_valid_count=64 p2_valid_ratio=1 point_distance_sum=2466 point_overlap_count=0 point_overlap_ratio=0 point_pair_count=128 pos_in_pred_fg=1 pos_in_pred_fg_count=128 positive_pair_count=64 positive_pair_distance_sum=644.8 roi_count=64 valid_neg_count=128 valid_pos_count=128 warmup_stage=2
2026-07-30 08:08:43,233 - portable_sam_fusion - INFO - [DEBUG-BOX] epoch=27 step=7850 fallback_count=0 fallback_ratio=0 num_rois=64 refined_proposal_iou=0 refined_proposal_iou_sum=0 refined_valid_count=0
2026-07-30 08:08:43,233 - portable_sam_fusion - INFO - [DEBUG-COARSE] epoch=27 step=7850 bce_raw=0.09672 boundary_fn=490 boundary_fp=2201 boundary_tp=2.256e+04 dice=0.04844 dice_loss_raw=0.04844 iou=0.9084 loss_weight=0.1 raw_boundary_fn=490 raw_boundary_fp=2201 raw_boundary_tp=2.256e+04 raw_dice_score=0.9516 raw_iou=0.9084 weighted_loss=0.01452
2026-07-30 08:08:43,233 - portable_sam_fusion - INFO - [DEBUG-CONTEXT] epoch=27 step=7850 enabled=0
2026-07-30 08:08:43,233 - portable_sam_fusion - INFO - [DEBUG-DENSE] epoch=27 step=7850 applied_delta_norm=4.672 applied_delta_ratio=0.4 base_norm=11.68 canvas_max=8 canvas_mean=0.01779 canvas_min=-8 canvas_nonzero_ratio=0.016 canvas_std=0.767 final_norm=12.64 residual_alpha=0.5 shape_norm=15.33 source_delta_norm=9.343 source_delta_ratio=0.8
2026-07-30 08:08:43,233 - portable_sam_fusion - INFO - [DEBUG-GATE] epoch=27 step=7850 shape_dense_alpha_max=0.5 shape_dense_alpha_mean=0.5 shape_dense_alpha_min=0.5
2026-07-30 08:08:43,233 - portable_sam_fusion - INFO - [DEBUG-JITTER] epoch=27 step=7850 area_ratio_count=64 area_ratio_mean=1 area_ratio_sum=64 fallback_count=0 mean_iou=1 num_jittered=0 num_rois=64
2026-07-30 08:08:43,233 - portable_sam_fusion - INFO - [DEBUG-SP] epoch=27 step=7850 all_invalid_count=0 all_invalid_ratio=0 empty_count=0 empty_ratio=0 full_count=0 full_ratio=0 mean_point_distance=49.93 n1_gt_valid_count=64 n1_in_gt_bg=0.8125 n1_in_gt_bg_count=52 n1_valid_count=64 n1_valid_ratio=1 n2_gt_valid_count=64 n2_in_gt_bg=0.9844 n2_in_gt_bg_count=63 n2_valid_count=64 n2_valid_ratio=1 neg_in_pred_bg=1 neg_in_pred_bg_count=128 negative_pair_count=64 negative_pair_distance_sum=4666 p1_gt_valid_count=64 p1_in_gt_fg=1 p1_in_gt_fg_count=64 p1_valid_count=64 p1_valid_ratio=1 p2_gt_valid_count=64 p2_in_gt_fg=1 p2_in_gt_fg_count=64 p2_valid_count=64 p2_valid_ratio=1 point_distance_sum=6391 point_overlap_count=0 point_overlap_ratio=0 point_pair_count=128 pos_in_pred_fg=1 pos_in_pred_fg_count=128 positive_pair_count=64 positive_pair_distance_sum=1724 roi_count=64 valid_neg_count=128 valid_pos_count=128 warmup_stage=2
2026-07-30 08:09:53,515 - portable_sam_fusion - INFO - [DEBUG-BOX] epoch=27 step=7900 fallback_count=0 fallback_ratio=0 num_rois=64 refined_proposal_iou=0 refined_proposal_iou_sum=0 refined_valid_count=0
2026-07-30 08:09:53,515 - portable_sam_fusion - INFO - [DEBUG-COARSE] epoch=27 step=7900 bce_raw=0.1329 boundary_fn=1917 boundary_fp=1951 boundary_tp=2.512e+04 dice=0.06692 dice_loss_raw=0.06692 iou=0.876 loss_weight=0.1 raw_boundary_fn=1917 raw_boundary_fp=1951 raw_boundary_tp=2.512e+04 raw_dice_score=0.9331 raw_iou=0.876 weighted_loss=0.01998
2026-07-30 08:09:53,515 - portable_sam_fusion - INFO - [DEBUG-CONTEXT] epoch=27 step=7900 enabled=0
2026-07-30 08:09:53,515 - portable_sam_fusion - INFO - [DEBUG-DENSE] epoch=27 step=7900 applied_delta_norm=2.816 applied_delta_ratio=0.2412 base_norm=11.68 canvas_max=8 canvas_mean=0.002838 canvas_min=-8 canvas_nonzero_ratio=0.006145 canvas_std=0.4738 final_norm=12 residual_alpha=0.5 shape_norm=13.04 source_delta_norm=5.633 source_delta_ratio=0.4823
2026-07-30 08:09:53,515 - portable_sam_fusion - INFO - [DEBUG-GATE] epoch=27 step=7900 shape_dense_alpha_max=0.5 shape_dense_alpha_mean=0.5 shape_dense_alpha_min=0.5
2026-07-30 08:09:53,515 - portable_sam_fusion - INFO - [DEBUG-JITTER] epoch=27 step=7900 area_ratio_count=64 area_ratio_mean=1 area_ratio_sum=64 fallback_count=0 mean_iou=1 num_jittered=0 num_rois=64
2026-07-30 08:09:53,515 - portable_sam_fusion - INFO - [DEBUG-SP] epoch=27 step=7900 all_invalid_count=0 all_invalid_ratio=0 empty_count=0 empty_ratio=0 full_count=0 full_ratio=0 mean_point_distance=26.06 n1_gt_valid_count=64 n1_in_gt_bg=0.9375 n1_in_gt_bg_count=60 n1_valid_count=64 n1_valid_ratio=1 n2_gt_valid_count=64 n2_in_gt_bg=1 n2_in_gt_bg_count=64 n2_valid_count=64 n2_valid_ratio=1 neg_in_pred_bg=1 neg_in_pred_bg_count=128 negative_pair_count=64 negative_pair_distance_sum=2434 p1_gt_valid_count=64 p1_in_gt_fg=1 p1_in_gt_fg_count=64 p1_valid_count=64 p1_valid_ratio=1 p2_gt_valid_count=64 p2_in_gt_fg=1 p2_in_gt_fg_count=64 p2_valid_count=64 p2_valid_ratio=1 point_distance_sum=3336 point_overlap_count=0 point_overlap_ratio=0 point_pair_count=128 pos_in_pred_fg=1 pos_in_pred_fg_count=128 positive_pair_count=64 positive_pair_distance_sum=901.7 roi_count=64 valid_neg_count=128 valid_pos_count=128 warmup_stage=2
2026-07-30 08:10:42,216 - portable_sam_fusion - INFO - Epoch 27 detailed losses: loss_rpn_cls=0.0115, loss_rpn_bbox=0.0046, loss_cls=0.1655, acc=93.5440, loss_bbox=0.0675, loss_mask=0.0012, debug_mask_pos_rois=55.7891, debug_mask_logit_mean=-17.1722, debug_mask_logit_std=3.2948, debug_mask_prob_mean=0.0045, debug_mask_prob_ge05=0.0045, debug_mask_target_fill=0.0045, loss_shape_prior=0.0196, schedule/det_weight=1.0000
2026-07-30 08:10:42,217 - portable_sam_fusion - INFO - Epoch 27 dense residual monitor: alpha=0.500000 source_delta_norm=6.7962 applied_delta_norm=3.3981 source_delta_ratio=0.581946 applied_delta_ratio=0.290973
2026-07-30 08:10:42,217 - portable_sam_fusion - INFO - Epoch 27 primary loss shares: det=92.29% final_mask=0.45% shape=7.26% p2_boundary=0.00%
2026-07-30 08:10:42,217 - portable_sam_fusion - INFO - Epoch 27 schedule: det_loss_weight=1.000 early_stop_start=20 min_delta=0.0005
2026-07-30 08:10:42,217 - portable_sam_fusion - INFO - Epoch 27 learning rates: sat_backbone=3.80e-04, mask_decoder=3.80e-04, prompt_encoder=3.80e-04, shape_prior=3.80e-04, quality_head=3.80e-04, sat_other=3.80e-04
2026-07-30 08:13:52,254 - portable_sam_fusion - INFO - Validation samples: GT=15926, DT=16810, avg_masks_per_image=26.81, avg_mask_fill=0.0050
creating index...
index created!
Loading and preparing results...
DONE (t=0.02s)
creating index...
index created!
Running per image evaluation...
Evaluate annotation type *bbox*
DONE (t=10.33s).
Accumulating evaluation results...
DONE (t=0.17s).
 Average Precision  (AP) @[ IoU=0.50:0.95 | area=   all | maxDets=100 ] = 0.701
 Average Precision  (AP) @[ IoU=0.50      | area=   all | maxDets=100 ] = 0.883
 Average Precision  (AP) @[ IoU=0.75      | area=   all | maxDets=100 ] = 0.812
 Average Precision  (AP) @[ IoU=0.50:0.95 | area= small | maxDets=100 ] = 0.276
 Average Precision  (AP) @[ IoU=0.50:0.95 | area=medium | maxDets=100 ] = 0.742
 Average Precision  (AP) @[ IoU=0.50:0.95 | area= large | maxDets=100 ] = 0.809
 Average Recall     (AR) @[ IoU=0.50:0.95 | area=   all | maxDets=  1 ] = 0.027
 Average Recall     (AR) @[ IoU=0.50:0.95 | area=   all | maxDets= 10 ] = 0.195
 Average Recall     (AR) @[ IoU=0.50:0.95 | area=   all | maxDets=100 ] = 0.750
 Average Recall     (AR) @[ IoU=0.50:0.95 | area= small | maxDets=100 ] = 0.395
 Average Recall     (AR) @[ IoU=0.50:0.95 | area=medium | maxDets=100 ] = 0.793
 Average Recall     (AR) @[ IoU=0.50:0.95 | area= large | maxDets=100 ] = 0.852
2026-07-30 08:14:02,935 - portable_sam_fusion - INFO - Validation bbox/mAP: 0.7007 bbox/mAP_75: 0.8124
Running per image evaluation...
Evaluate annotation type *segm*
DONE (t=10.85s).
Accumulating evaluation results...
DONE (t=0.17s).
 Average Precision  (AP) @[ IoU=0.50:0.95 | area=   all | maxDets=100 ] = 0.437
 Average Precision  (AP) @[ IoU=0.50      | area=   all | maxDets=100 ] = 0.843
 Average Precision  (AP) @[ IoU=0.75      | area=   all | maxDets=100 ] = 0.454
 Average Precision  (AP) @[ IoU=0.50:0.95 | area= small | maxDets=100 ] = 0.055
 Average Precision  (AP) @[ IoU=0.50:0.95 | area=medium | maxDets=100 ] = 0.452
 Average Precision  (AP) @[ IoU=0.50:0.95 | area= large | maxDets=100 ] = 0.633
 Average Recall     (AR) @[ IoU=0.50:0.95 | area=   all | maxDets=  1 ] = 0.020
 Average Recall     (AR) @[ IoU=0.50:0.95 | area=   all | maxDets= 10 ] = 0.141
 Average Recall     (AR) @[ IoU=0.50:0.95 | area=   all | maxDets=100 ] = 0.487
 Average Recall     (AR) @[ IoU=0.50:0.95 | area= small | maxDets=100 ] = 0.107
 Average Recall     (AR) @[ IoU=0.50:0.95 | area=medium | maxDets=100 ] = 0.500
 Average Recall     (AR) @[ IoU=0.50:0.95 | area= large | maxDets=100 ] = 0.688
2026-07-30 08:14:13,985 - portable_sam_fusion - INFO - Validation segm/mAP: 0.4366
2026-07-30 08:14:14,635 - portable_sam_fusion - INFO - Early-stop metric (segm/mAP): raw=0.4366 smooth(5)=0.4447 best=0.4526 counter=6
2026-07-30 08:14:20,100 - portable_sam_fusion - INFO - Epoch 27/80 | train=0.269986 val=disabled segm/mAP=0.4366 bbox/mAP=0.7007 | best_segm=0.4663 best_bbox=0.7077 best_comp=0.0000 | sat_backbone=3.80e-04 mask_decoder=3.80e-04 prompt_encoder=3.80e-04 shape_prior=3.80e-04 quality_head=3.80e-04 sat_other=3.80e-04
2026-07-30 08:14:27,226 - portable_sam_fusion - INFO - epoch 28 | mini-batch 8/294 | optimizer_step 2000/5920 | lr=3.798e-04
2026-07-30 08:14:31,127 - portable_sam_fusion - INFO - [DEBUG-BOX] epoch=28 step=7950 fallback_count=0 fallback_ratio=0 num_rois=64 refined_proposal_iou=0 refined_proposal_iou_sum=0 refined_valid_count=0
2026-07-30 08:14:31,127 - portable_sam_fusion - INFO - [DEBUG-COARSE] epoch=28 step=7950 bce_raw=0.1809 boundary_fn=3969 boundary_fp=4264 boundary_tp=1.972e+04 dice=0.077 dice_loss_raw=0.077 iou=0.8594 loss_weight=0.1 raw_boundary_fn=3969 raw_boundary_fp=4264 raw_boundary_tp=1.972e+04 raw_dice_score=0.923 raw_iou=0.8594 weighted_loss=0.02579
2026-07-30 08:14:31,127 - portable_sam_fusion - INFO - [DEBUG-CONTEXT] epoch=28 step=7950 enabled=0
2026-07-30 08:14:31,127 - portable_sam_fusion - INFO - [DEBUG-DENSE] epoch=28 step=7950 applied_delta_norm=1.791 applied_delta_ratio=0.1534 base_norm=11.68 canvas_max=8 canvas_mean=0.009198 canvas_min=-8 canvas_nonzero_ratio=0.003497 canvas_std=0.3637 final_norm=11.86 residual_alpha=0.5 shape_norm=12.47 source_delta_norm=3.582 source_delta_ratio=0.3067
2026-07-30 08:14:31,127 - portable_sam_fusion - INFO - [DEBUG-GATE] epoch=28 step=7950 shape_dense_alpha_max=0.5 shape_dense_alpha_mean=0.5 shape_dense_alpha_min=0.5
2026-07-30 08:14:31,127 - portable_sam_fusion - INFO - [DEBUG-JITTER] epoch=28 step=7950 area_ratio_count=64 area_ratio_mean=1 area_ratio_sum=64 fallback_count=0 mean_iou=1 num_jittered=0 num_rois=64
2026-07-30 08:14:31,127 - portable_sam_fusion - INFO - [DEBUG-SP] epoch=28 step=7950 all_invalid_count=0 all_invalid_ratio=0 empty_count=0 empty_ratio=0 full_count=0 full_ratio=0 mean_point_distance=19 n1_gt_valid_count=64 n1_in_gt_bg=0.7031 n1_in_gt_bg_count=45 n1_valid_count=64 n1_valid_ratio=1 n2_gt_valid_count=64 n2_in_gt_bg=0.9844 n2_in_gt_bg_count=63 n2_valid_count=64 n2_valid_ratio=1 neg_in_pred_bg=1 neg_in_pred_bg_count=128 negative_pair_count=64 negative_pair_distance_sum=1875 p1_gt_valid_count=64 p1_in_gt_fg=1 p1_in_gt_fg_count=64 p1_valid_count=64 p1_valid_ratio=1 p2_gt_valid_count=64 p2_in_gt_fg=1 p2_in_gt_fg_count=64 p2_valid_count=64 p2_valid_ratio=1 point_distance_sum=2432 point_overlap_count=0 point_overlap_ratio=0 point_pair_count=128 pos_in_pred_fg=1 pos_in_pred_fg_count=128 positive_pair_count=64 positive_pair_distance_sum=557.3 roi_count=64 valid_neg_count=128 valid_pos_count=128 warmup_stage=2
2026-07-30 08:15:19,997 - portable_sam_fusion - INFO - [DEBUG-BOX] epoch=28 step=8000 fallback_count=0 fallback_ratio=0 num_rois=0 refined_proposal_iou=0 refined_proposal_iou_sum=0 refined_valid_count=0
2026-07-30 08:15:19,997 - portable_sam_fusion - INFO - [DEBUG-COARSE] epoch=28 step=8000 boundary_fn=0 boundary_fp=0 boundary_tp=0 dice=0 iou=0
2026-07-30 08:15:19,997 - portable_sam_fusion - INFO - [DEBUG-CONTEXT] epoch=28 step=8000 enabled=0
2026-07-30 08:15:19,997 - portable_sam_fusion - INFO - [DEBUG-DENSE] epoch=28 step=8000 applied_delta_norm=4.584 applied_delta_ratio=0.3925 base_norm=11.68 canvas_max=8 canvas_mean=0.03802 canvas_min=-8 canvas_nonzero_ratio=0.01624 canvas_std=0.7377 final_norm=12.69 residual_alpha=0.5 shape_norm=15.39 source_delta_norm=9.168 source_delta_ratio=0.7851
2026-07-30 08:15:19,997 - portable_sam_fusion - INFO - [DEBUG-GATE] epoch=28 step=8000 shape_dense_alpha_max=0.5 shape_dense_alpha_mean=0.5 shape_dense_alpha_min=0.5
2026-07-30 08:15:19,997 - portable_sam_fusion - INFO - [DEBUG-JITTER] epoch=28 step=8000 area_ratio_count=0 area_ratio_mean=0 area_ratio_sum=0 fallback_count=0 mean_iou=0 num_jittered=0 num_rois=0
2026-07-30 08:15:19,997 - portable_sam_fusion - INFO - [DEBUG-SP] epoch=28 step=8000 all_invalid_count=0 all_invalid_ratio=0 empty_count=0 empty_ratio=0 full_count=1 full_ratio=0.01562 mean_point_distance=38.38 n1_gt_valid_count=63 n1_in_gt_bg=0.6667 n1_in_gt_bg_count=42 n1_valid_count=63 n1_valid_ratio=0.9844 n2_gt_valid_count=63 n2_in_gt_bg=0.8413 n2_in_gt_bg_count=53 n2_valid_count=63 n2_valid_ratio=0.9844 neg_in_pred_bg=1 neg_in_pred_bg_count=126 negative_pair_count=63 negative_pair_distance_sum=3419 p1_gt_valid_count=64 p1_in_gt_fg=1 p1_in_gt_fg_count=64 p1_valid_count=64 p1_valid_ratio=1 p2_gt_valid_count=64 p2_in_gt_fg=1 p2_in_gt_fg_count=64 p2_valid_count=64 p2_valid_ratio=1 point_distance_sum=4875 point_overlap_count=0 point_overlap_ratio=0 point_pair_count=127 pos_in_pred_fg=1 pos_in_pred_fg_count=128 positive_pair_count=64 positive_pair_distance_sum=1456 roi_count=64 valid_neg_count=126 valid_pos_count=128 warmup_stage=2
2026-07-30 08:16:09,156 - portable_sam_fusion - INFO - [DEBUG-BOX] epoch=28 step=8050 fallback_count=0 fallback_ratio=0 num_rois=64 refined_proposal_iou=0 refined_proposal_iou_sum=0 refined_valid_count=0
2026-07-30 08:16:09,156 - portable_sam_fusion - INFO - [DEBUG-COARSE] epoch=28 step=8050 bce_raw=0.1744 boundary_fn=3041 boundary_fp=2358 boundary_tp=2.398e+04 dice=0.07984 dice_loss_raw=0.07984 iou=0.8551 loss_weight=0.1 raw_boundary_fn=3041 raw_boundary_fp=2358 raw_boundary_tp=2.398e+04 raw_dice_score=0.9202 raw_iou=0.8551 weighted_loss=0.02543
2026-07-30 08:16:09,156 - portable_sam_fusion - INFO - [DEBUG-CONTEXT] epoch=28 step=8050 enabled=0
2026-07-30 08:16:09,156 - portable_sam_fusion - INFO - [DEBUG-DENSE] epoch=28 step=8050 applied_delta_norm=2.606 applied_delta_ratio=0.2231 base_norm=11.68 canvas_max=8 canvas_mean=-0.003597 canvas_min=-8 canvas_nonzero_ratio=0.00597 canvas_std=0.4579 final_norm=11.99 residual_alpha=0.5 shape_norm=12.96 source_delta_norm=5.211 source_delta_ratio=0.4462
2026-07-30 08:16:09,156 - portable_sam_fusion - INFO - [DEBUG-GATE] epoch=28 step=8050 shape_dense_alpha_max=0.5 shape_dense_alpha_mean=0.5 shape_dense_alpha_min=0.5
2026-07-30 08:16:09,156 - portable_sam_fusion - INFO - [DEBUG-JITTER] epoch=28 step=8050 area_ratio_count=64 area_ratio_mean=1 area_ratio_sum=64 fallback_count=0 mean_iou=1 num_jittered=0 num_rois=64
2026-07-30 08:16:09,156 - portable_sam_fusion - INFO - [DEBUG-SP] epoch=28 step=8050 all_invalid_count=0 all_invalid_ratio=0 empty_count=0 empty_ratio=0 full_count=0 full_ratio=0 mean_point_distance=24.85 n1_gt_valid_count=64 n1_in_gt_bg=0.7656 n1_in_gt_bg_count=49 n1_valid_count=64 n1_valid_ratio=1 n2_gt_valid_count=64 n2_in_gt_bg=1 n2_in_gt_bg_count=64 n2_valid_count=64 n2_valid_ratio=1 neg_in_pred_bg=1 neg_in_pred_bg_count=128 negative_pair_count=64 negative_pair_distance_sum=2300 p1_gt_valid_count=64 p1_in_gt_fg=1 p1_in_gt_fg_count=64 p1_valid_count=64 p1_valid_ratio=1 p2_gt_valid_count=64 p2_in_gt_fg=1 p2_in_gt_fg_count=64 p2_valid_count=64 p2_valid_ratio=1 point_distance_sum=3181 point_overlap_count=0 point_overlap_ratio=0 point_pair_count=128 pos_in_pred_fg=1 pos_in_pred_fg_count=128 positive_pair_count=64 positive_pair_distance_sum=880.9 roi_count=64 valid_neg_count=128 valid_pos_count=128 warmup_stage=2
2026-07-30 08:16:59,725 - portable_sam_fusion - INFO - [DEBUG-BOX] epoch=28 step=8100 fallback_count=0 fallback_ratio=0 num_rois=64 refined_proposal_iou=0 refined_proposal_iou_sum=0 refined_valid_count=0
2026-07-30 08:16:59,725 - portable_sam_fusion - INFO - [DEBUG-COARSE] epoch=28 step=8100 bce_raw=0.118 boundary_fn=1699 boundary_fp=1498 boundary_tp=2.654e+04 dice=0.07727 dice_loss_raw=0.07727 iou=0.859 loss_weight=0.1 raw_boundary_fn=1699 raw_boundary_fp=1498 raw_boundary_tp=2.654e+04 raw_dice_score=0.9227 raw_iou=0.859 weighted_loss=0.01953
2026-07-30 08:16:59,725 - portable_sam_fusion - INFO - [DEBUG-CONTEXT] epoch=28 step=8100 enabled=0
2026-07-30 08:16:59,725 - portable_sam_fusion - INFO - [DEBUG-DENSE] epoch=28 step=8100 applied_delta_norm=3.547 applied_delta_ratio=0.3037 base_norm=11.68 canvas_max=8 canvas_mean=-0.01632 canvas_min=-8 canvas_nonzero_ratio=0.01083 canvas_std=0.6533 final_norm=12.23 residual_alpha=0.5 shape_norm=13.85 source_delta_norm=7.094 source_delta_ratio=0.6074
2026-07-30 08:16:59,725 - portable_sam_fusion - INFO - [DEBUG-GATE] epoch=28 step=8100 shape_dense_alpha_max=0.5 shape_dense_alpha_mean=0.5 shape_dense_alpha_min=0.5
2026-07-30 08:16:59,725 - portable_sam_fusion - INFO - [DEBUG-JITTER] epoch=28 step=8100 area_ratio_count=64 area_ratio_mean=1 area_ratio_sum=64 fallback_count=0 mean_iou=1 num_jittered=0 num_rois=64
2026-07-30 08:16:59,726 - portable_sam_fusion - INFO - [DEBUG-SP] epoch=28 step=8100 all_invalid_count=0 all_invalid_ratio=0 empty_count=0 empty_ratio=0 full_count=0 full_ratio=0 mean_point_distance=40.97 n1_gt_valid_count=64 n1_in_gt_bg=0.9688 n1_in_gt_bg_count=62 n1_valid_count=64 n1_valid_ratio=1 n2_gt_valid_count=64 n2_in_gt_bg=1 n2_in_gt_bg_count=64 n2_valid_count=64 n2_valid_ratio=1 neg_in_pred_bg=1 neg_in_pred_bg_count=128 negative_pair_count=64 negative_pair_distance_sum=3834 p1_gt_valid_count=64 p1_in_gt_fg=1 p1_in_gt_fg_count=64 p1_valid_count=64 p1_valid_ratio=1 p2_gt_valid_count=64 p2_in_gt_fg=1 p2_in_gt_fg_count=64 p2_valid_count=64 p2_valid_ratio=1 point_distance_sum=5244 point_overlap_count=0 point_overlap_ratio=0 point_pair_count=128 pos_in_pred_fg=1 pos_in_pred_fg_count=128 positive_pair_count=64 positive_pair_distance_sum=1410 roi_count=64 valid_neg_count=128 valid_pos_count=128 warmup_stage=2
2026-07-30 08:18:01,755 - portable_sam_fusion - INFO - epoch 28 | mini-batch 208/294 | optimizer_step 2050/5920 | lr=3.740e-04
2026-07-30 08:18:08,022 - portable_sam_fusion - INFO - [DEBUG-BOX] epoch=28 step=8150 fallback_count=0 fallback_ratio=0 num_rois=64 refined_proposal_iou=0 refined_proposal_iou_sum=0 refined_valid_count=0
2026-07-30 08:18:08,022 - portable_sam_fusion - INFO - [DEBUG-COARSE] epoch=28 step=8150 bce_raw=0.124 boundary_fn=2054 boundary_fp=1857 boundary_tp=2.517e+04 dice=0.07544 dice_loss_raw=0.07544 iou=0.864 loss_weight=0.1 raw_boundary_fn=2054 raw_boundary_fp=1857 raw_boundary_tp=2.517e+04 raw_dice_score=0.9246 raw_iou=0.864 weighted_loss=0.01994
2026-07-30 08:18:08,022 - portable_sam_fusion - INFO - [DEBUG-CONTEXT] epoch=28 step=8150 enabled=0
2026-07-30 08:18:08,022 - portable_sam_fusion - INFO - [DEBUG-DENSE] epoch=28 step=8150 applied_delta_norm=2.944 applied_delta_ratio=0.2521 base_norm=11.68 canvas_max=8 canvas_mean=-0.005744 canvas_min=-8 canvas_nonzero_ratio=0.007113 canvas_std=0.5256 final_norm=12.03 residual_alpha=0.5 shape_norm=13.17 source_delta_norm=5.888 source_delta_ratio=0.5042
2026-07-30 08:18:08,022 - portable_sam_fusion - INFO - [DEBUG-GATE] epoch=28 step=8150 shape_dense_alpha_max=0.5 shape_dense_alpha_mean=0.5 shape_dense_alpha_min=0.5
2026-07-30 08:18:08,022 - portable_sam_fusion - INFO - [DEBUG-JITTER] epoch=28 step=8150 area_ratio_count=64 area_ratio_mean=1 area_ratio_sum=64 fallback_count=0 mean_iou=1 num_jittered=0 num_rois=64
2026-07-30 08:18:08,022 - portable_sam_fusion - INFO - [DEBUG-SP] epoch=28 step=8150 all_invalid_count=0 all_invalid_ratio=0 empty_count=0 empty_ratio=0 full_count=0 full_ratio=0 mean_point_distance=28.59 n1_gt_valid_count=64 n1_in_gt_bg=0.8906 n1_in_gt_bg_count=57 n1_valid_count=64 n1_valid_ratio=1 n2_gt_valid_count=64 n2_in_gt_bg=1 n2_in_gt_bg_count=64 n2_valid_count=64 n2_valid_ratio=1 neg_in_pred_bg=1 neg_in_pred_bg_count=128 negative_pair_count=64 negative_pair_distance_sum=2847 p1_gt_valid_count=64 p1_in_gt_fg=1 p1_in_gt_fg_count=64 p1_valid_count=64 p1_valid_ratio=1 p2_gt_valid_count=64 p2_in_gt_fg=1 p2_in_gt_fg_count=64 p2_valid_count=64 p2_valid_ratio=1 point_distance_sum=3659 point_overlap_count=0 point_overlap_ratio=0 point_pair_count=128 pos_in_pred_fg=1 pos_in_pred_fg_count=128 positive_pair_count=64 positive_pair_distance_sum=812.4 roi_count=64 valid_neg_count=128 valid_pos_count=128 warmup_stage=2
2026-07-30 08:19:10,096 - portable_sam_fusion - INFO - [DEBUG-BOX] epoch=28 step=8200 fallback_count=0 fallback_ratio=0 num_rois=64 refined_proposal_iou=0 refined_proposal_iou_sum=0 refined_valid_count=0
2026-07-30 08:19:10,096 - portable_sam_fusion - INFO - [DEBUG-COARSE] epoch=28 step=8200 bce_raw=0.1665 boundary_fn=2484 boundary_fp=3267 boundary_tp=2.267e+04 dice=0.0666 dice_loss_raw=0.0666 iou=0.8772 loss_weight=0.1 raw_boundary_fn=2484 raw_boundary_fp=3267 raw_boundary_tp=2.267e+04 raw_dice_score=0.9334 raw_iou=0.8772 weighted_loss=0.02331
2026-07-30 08:19:10,096 - portable_sam_fusion - INFO - [DEBUG-CONTEXT] epoch=28 step=8200 enabled=0
2026-07-30 08:19:10,096 - portable_sam_fusion - INFO - [DEBUG-DENSE] epoch=28 step=8200 applied_delta_norm=2.972 applied_delta_ratio=0.2545 base_norm=11.68 canvas_max=8 canvas_mean=0.01535 canvas_min=-8 canvas_nonzero_ratio=0.006026 canvas_std=0.4238 final_norm=12.03 residual_alpha=0.5 shape_norm=13.18 source_delta_norm=5.943 source_delta_ratio=0.5089
2026-07-30 08:19:10,096 - portable_sam_fusion - INFO - [DEBUG-GATE] epoch=28 step=8200 shape_dense_alpha_max=0.5 shape_dense_alpha_mean=0.5 shape_dense_alpha_min=0.5
2026-07-30 08:19:10,096 - portable_sam_fusion - INFO - [DEBUG-JITTER] epoch=28 step=8200 area_ratio_count=64 area_ratio_mean=1 area_ratio_sum=64 fallback_count=0 mean_iou=1 num_jittered=0 num_rois=64
2026-07-30 08:19:10,096 - portable_sam_fusion - INFO - [DEBUG-SP] epoch=28 step=8200 all_invalid_count=0 all_invalid_ratio=0 empty_count=0 empty_ratio=0 full_count=0 full_ratio=0 mean_point_distance=26.51 n1_gt_valid_count=64 n1_in_gt_bg=0.8438 n1_in_gt_bg_count=54 n1_valid_count=64 n1_valid_ratio=1 n2_gt_valid_count=64 n2_in_gt_bg=0.9531 n2_in_gt_bg_count=61 n2_valid_count=64 n2_valid_ratio=1 neg_in_pred_bg=1 neg_in_pred_bg_count=128 negative_pair_count=64 negative_pair_distance_sum=2315 p1_gt_valid_count=64 p1_in_gt_fg=1 p1_in_gt_fg_count=64 p1_valid_count=64 p1_valid_ratio=1 p2_gt_valid_count=64 p2_in_gt_fg=1 p2_in_gt_fg_count=64 p2_valid_count=64 p2_valid_ratio=1 point_distance_sum=3393 point_overlap_count=0 point_overlap_ratio=0 point_pair_count=128 pos_in_pred_fg=1 pos_in_pred_fg_count=128 positive_pair_count=64 positive_pair_distance_sum=1078 roi_count=64 valid_neg_count=128 valid_pos_count=128 warmup_stage=2
2026-07-30 08:19:51,895 - portable_sam_fusion - INFO - Epoch 28 detailed losses: loss_rpn_cls=0.0104, loss_rpn_bbox=0.0046, loss_cls=0.1587, acc=93.8792, loss_bbox=0.0601, loss_mask=0.0013, debug_mask_pos_rois=55.1905, debug_mask_logit_mean=-16.6881, debug_mask_logit_std=3.0784, debug_mask_prob_mean=0.0047, debug_mask_prob_ge05=0.0046, debug_mask_target_fill=0.0047, loss_shape_prior=0.0192, schedule/det_weight=1.0000
2026-07-30 08:19:51,895 - portable_sam_fusion - INFO - Epoch 28 dense residual monitor: alpha=0.500000 source_delta_norm=6.8948 applied_delta_norm=3.4474 source_delta_ratio=0.590389 applied_delta_ratio=0.295195
2026-07-30 08:19:51,895 - portable_sam_fusion - INFO - Epoch 28 primary loss shares: det=91.91% final_mask=0.52% shape=7.57% p2_boundary=0.00%
2026-07-30 08:19:51,895 - portable_sam_fusion - INFO - Epoch 28 schedule: det_loss_weight=1.000 early_stop_start=20 min_delta=0.0005
2026-07-30 08:19:51,895 - portable_sam_fusion - INFO - Epoch 28 learning rates: sat_backbone=3.71e-04, mask_decoder=3.71e-04, prompt_encoder=3.71e-04, shape_prior=3.71e-04, quality_head=3.71e-04, sat_other=3.71e-04
2026-07-30 08:23:12,289 - portable_sam_fusion - INFO - Validation samples: GT=15926, DT=17457, avg_masks_per_image=27.84, avg_mask_fill=0.0054
creating index...
index created!
Loading and preparing results...
DONE (t=0.02s)
creating index...
index created!
Running per image evaluation...
Evaluate annotation type *bbox*
DONE (t=10.62s).
Accumulating evaluation results...
DONE (t=0.18s).
 Average Precision  (AP) @[ IoU=0.50:0.95 | area=   all | maxDets=100 ] = 0.687
 Average Precision  (AP) @[ IoU=0.50      | area=   all | maxDets=100 ] = 0.898
 Average Precision  (AP) @[ IoU=0.75      | area=   all | maxDets=100 ] = 0.824
 Average Precision  (AP) @[ IoU=0.50:0.95 | area= small | maxDets=100 ] = 0.339
 Average Precision  (AP) @[ IoU=0.50:0.95 | area=medium | maxDets=100 ] = 0.721
 Average Precision  (AP) @[ IoU=0.50:0.95 | area= large | maxDets=100 ] = 0.775
 Average Recall     (AR) @[ IoU=0.50:0.95 | area=   all | maxDets=  1 ] = 0.025
 Average Recall     (AR) @[ IoU=0.50:0.95 | area=   all | maxDets= 10 ] = 0.187
 Average Recall     (AR) @[ IoU=0.50:0.95 | area=   all | maxDets=100 ] = 0.737
 Average Recall     (AR) @[ IoU=0.50:0.95 | area= small | maxDets=100 ] = 0.442
 Average Recall     (AR) @[ IoU=0.50:0.95 | area=medium | maxDets=100 ] = 0.774
 Average Recall     (AR) @[ IoU=0.50:0.95 | area= large | maxDets=100 ] = 0.822
2026-07-30 08:23:23,264 - portable_sam_fusion - INFO - Validation bbox/mAP: 0.6875 bbox/mAP_75: 0.8242
Running per image evaluation...
Evaluate annotation type *segm*
DONE (t=11.25s).
Accumulating evaluation results...
DONE (t=0.17s).
 Average Precision  (AP) @[ IoU=0.50:0.95 | area=   all | maxDets=100 ] = 0.426
 Average Precision  (AP) @[ IoU=0.50      | area=   all | maxDets=100 ] = 0.848
 Average Precision  (AP) @[ IoU=0.75      | area=   all | maxDets=100 ] = 0.414
 Average Precision  (AP) @[ IoU=0.50:0.95 | area= small | maxDets=100 ] = 0.058
 Average Precision  (AP) @[ IoU=0.50:0.95 | area=medium | maxDets=100 ] = 0.439
 Average Precision  (AP) @[ IoU=0.50:0.95 | area= large | maxDets=100 ] = 0.626
 Average Recall     (AR) @[ IoU=0.50:0.95 | area=   all | maxDets=  1 ] = 0.020
 Average Recall     (AR) @[ IoU=0.50:0.95 | area=   all | maxDets= 10 ] = 0.138
 Average Recall     (AR) @[ IoU=0.50:0.95 | area=   all | maxDets=100 ] = 0.479
 Average Recall     (AR) @[ IoU=0.50:0.95 | area= small | maxDets=100 ] = 0.104
 Average Recall     (AR) @[ IoU=0.50:0.95 | area=medium | maxDets=100 ] = 0.493
 Average Recall     (AR) @[ IoU=0.50:0.95 | area= large | maxDets=100 ] = 0.674
2026-07-30 08:23:34,707 - portable_sam_fusion - INFO - Validation segm/mAP: 0.4258
2026-07-30 08:23:35,247 - portable_sam_fusion - INFO - Early-stop metric (segm/mAP): raw=0.4258 smooth(5)=0.4426 best=0.4526 counter=7
2026-07-30 08:23:40,801 - portable_sam_fusion - INFO - Epoch 28/80 | train=0.254282 val=disabled segm/mAP=0.4258 bbox/mAP=0.6875 | best_segm=0.4663 best_bbox=0.7077 best_comp=0.0000 | sat_backbone=3.71e-04 mask_decoder=3.71e-04 prompt_encoder=3.71e-04 shape_prior=3.71e-04 quality_head=3.71e-04 sat_other=3.71e-04
2026-07-30 08:24:00,142 - portable_sam_fusion - INFO - [DEBUG-BOX] epoch=29 step=8250 fallback_count=0 fallback_ratio=0 num_rois=64 refined_proposal_iou=0 refined_proposal_iou_sum=0 refined_valid_count=0
2026-07-30 08:24:00,142 - portable_sam_fusion - INFO - [DEBUG-COARSE] epoch=29 step=8250 bce_raw=0.143 boundary_fn=2086 boundary_fp=1958 boundary_tp=2.535e+04 dice=0.07198 dice_loss_raw=0.07198 iou=0.8689 loss_weight=0.1 raw_boundary_fn=2086 raw_boundary_fp=1958 raw_boundary_tp=2.535e+04 raw_dice_score=0.928 raw_iou=0.8689 weighted_loss=0.0215
2026-07-30 08:24:00,142 - portable_sam_fusion - INFO - [DEBUG-CONTEXT] epoch=29 step=8250 enabled=0
2026-07-30 08:24:00,142 - portable_sam_fusion - INFO - [DEBUG-DENSE] epoch=29 step=8250 applied_delta_norm=2.742 applied_delta_ratio=0.2348 base_norm=11.68 canvas_max=8 canvas_mean=0.002962 canvas_min=-8 canvas_nonzero_ratio=0.005894 canvas_std=0.4773 final_norm=11.99 residual_alpha=0.5 shape_norm=12.99 source_delta_norm=5.484 source_delta_ratio=0.4696
2026-07-30 08:24:00,142 - portable_sam_fusion - INFO - [DEBUG-GATE] epoch=29 step=8250 shape_dense_alpha_max=0.5 shape_dense_alpha_mean=0.5 shape_dense_alpha_min=0.5
2026-07-30 08:24:00,142 - portable_sam_fusion - INFO - [DEBUG-JITTER] epoch=29 step=8250 area_ratio_count=64 area_ratio_mean=1 area_ratio_sum=64 fallback_count=0 mean_iou=1 num_jittered=0 num_rois=64
2026-07-30 08:24:00,142 - portable_sam_fusion - INFO - [DEBUG-SP] epoch=29 step=8250 all_invalid_count=0 all_invalid_ratio=0 empty_count=0 empty_ratio=0 full_count=0 full_ratio=0 mean_point_distance=27.26 n1_gt_valid_count=64 n1_in_gt_bg=0.7812 n1_in_gt_bg_count=50 n1_valid_count=64 n1_valid_ratio=1 n2_gt_valid_count=64 n2_in_gt_bg=1 n2_in_gt_bg_count=64 n2_valid_count=64 n2_valid_ratio=1 neg_in_pred_bg=1 neg_in_pred_bg_count=128 negative_pair_count=64 negative_pair_distance_sum=2634 p1_gt_valid_count=64 p1_in_gt_fg=1 p1_in_gt_fg_count=64 p1_valid_count=64 p1_valid_ratio=1 p2_gt_valid_count=64 p2_in_gt_fg=1 p2_in_gt_fg_count=64 p2_valid_count=64 p2_valid_ratio=1 point_distance_sum=3489 point_overlap_count=0 point_overlap_ratio=0 point_pair_count=128 pos_in_pred_fg=1 pos_in_pred_fg_count=128 positive_pair_count=64 positive_pair_distance_sum=855.3 roi_count=64 valid_neg_count=128 valid_pos_count=128 warmup_stage=2
2026-07-30 08:24:48,136 - portable_sam_fusion - INFO - [DEBUG-BOX] epoch=29 step=8300 fallback_count=0 fallback_ratio=0 num_rois=64 refined_proposal_iou=0 refined_proposal_iou_sum=0 refined_valid_count=0
2026-07-30 08:24:48,136 - portable_sam_fusion - INFO - [DEBUG-COARSE] epoch=29 step=8300 bce_raw=0.1265 boundary_fn=2097 boundary_fp=1902 boundary_tp=2.626e+04 dice=0.0749 dice_loss_raw=0.0749 iou=0.8634 loss_weight=0.1 raw_boundary_fn=2097 raw_boundary_fp=1902 raw_boundary_tp=2.626e+04 raw_dice_score=0.9251 raw_iou=0.8634 weighted_loss=0.02014
2026-07-30 08:24:48,136 - portable_sam_fusion - INFO - [DEBUG-CONTEXT] epoch=29 step=8300 enabled=0
2026-07-30 08:24:48,136 - portable_sam_fusion - INFO - [DEBUG-DENSE] epoch=29 step=8300 applied_delta_norm=2.652 applied_delta_ratio=0.2271 base_norm=11.68 canvas_max=8 canvas_mean=-0.002431 canvas_min=-8 canvas_nonzero_ratio=0.005622 canvas_std=0.4617 final_norm=11.97 residual_alpha=0.5 shape_norm=12.89 source_delta_norm=5.305 source_delta_ratio=0.4542
2026-07-30 08:24:48,136 - portable_sam_fusion - INFO - [DEBUG-GATE] epoch=29 step=8300 shape_dense_alpha_max=0.5 shape_dense_alpha_mean=0.5 shape_dense_alpha_min=0.5
2026-07-30 08:24:48,136 - portable_sam_fusion - INFO - [DEBUG-JITTER] epoch=29 step=8300 area_ratio_count=64 area_ratio_mean=1 area_ratio_sum=64 fallback_count=0 mean_iou=1 num_jittered=0 num_rois=64
2026-07-30 08:24:48,136 - portable_sam_fusion - INFO - [DEBUG-SP] epoch=29 step=8300 all_invalid_count=0 all_invalid_ratio=0 empty_count=0 empty_ratio=0 full_count=0 full_ratio=0 mean_point_distance=23.48 n1_gt_valid_count=64 n1_in_gt_bg=0.8438 n1_in_gt_bg_count=54 n1_valid_count=64 n1_valid_ratio=1 n2_gt_valid_count=64 n2_in_gt_bg=1 n2_in_gt_bg_count=64 n2_valid_count=64 n2_valid_ratio=1 neg_in_pred_bg=1 neg_in_pred_bg_count=128 negative_pair_count=64 negative_pair_distance_sum=2262 p1_gt_valid_count=64 p1_in_gt_fg=1 p1_in_gt_fg_count=64 p1_valid_count=64 p1_valid_ratio=1 p2_gt_valid_count=64 p2_in_gt_fg=1 p2_in_gt_fg_count=64 p2_valid_count=64 p2_valid_ratio=1 point_distance_sum=3005 point_overlap_count=0 point_overlap_ratio=0 point_pair_count=128 pos_in_pred_fg=1 pos_in_pred_fg_count=128 positive_pair_count=64 positive_pair_distance_sum=743.4 roi_count=64 valid_neg_count=128 valid_pos_count=128 warmup_stage=2
2026-07-30 08:25:31,930 - portable_sam_fusion - INFO - epoch 29 | mini-batch 112/294 | optimizer_step 2100/5920 | lr=3.681e-04
2026-07-30 08:25:37,892 - portable_sam_fusion - INFO - [DEBUG-BOX] epoch=29 step=8350 fallback_count=0 fallback_ratio=0 num_rois=64 refined_proposal_iou=0 refined_proposal_iou_sum=0 refined_valid_count=0
2026-07-30 08:25:37,892 - portable_sam_fusion - INFO - [DEBUG-COARSE] epoch=29 step=8350 bce_raw=0.1627 boundary_fn=2044 boundary_fp=1912 boundary_tp=2.426e+04 dice=0.06453 dice_loss_raw=0.06453 iou=0.8802 loss_weight=0.1 raw_boundary_fn=2044 raw_boundary_fp=1912 raw_boundary_tp=2.426e+04 raw_dice_score=0.9355 raw_iou=0.8802 weighted_loss=0.02273
2026-07-30 08:25:37,892 - portable_sam_fusion - INFO - [DEBUG-CONTEXT] epoch=29 step=8350 enabled=0
2026-07-30 08:25:37,892 - portable_sam_fusion - INFO - [DEBUG-DENSE] epoch=29 step=8350 applied_delta_norm=2.936 applied_delta_ratio=0.2514 base_norm=11.68 canvas_max=8 canvas_mean=0.006116 canvas_min=-8 canvas_nonzero_ratio=0.005936 canvas_std=0.4679 final_norm=12.03 residual_alpha=0.5 shape_norm=13.13 source_delta_norm=5.872 source_delta_ratio=0.5028
2026-07-30 08:25:37,892 - portable_sam_fusion - INFO - [DEBUG-GATE] epoch=29 step=8350 shape_dense_alpha_max=0.5 shape_dense_alpha_mean=0.5 shape_dense_alpha_min=0.5
2026-07-30 08:25:37,892 - portable_sam_fusion - INFO - [DEBUG-JITTER] epoch=29 step=8350 area_ratio_count=64 area_ratio_mean=1 area_ratio_sum=64 fallback_count=0 mean_iou=1 num_jittered=0 num_rois=64
2026-07-30 08:25:37,892 - portable_sam_fusion - INFO - [DEBUG-SP] epoch=29 step=8350 all_invalid_count=0 all_invalid_ratio=0 empty_count=0 empty_ratio=0 full_count=0 full_ratio=0 mean_point_distance=24.89 n1_gt_valid_count=64 n1_in_gt_bg=0.8281 n1_in_gt_bg_count=53 n1_valid_count=64 n1_valid_ratio=1 n2_gt_valid_count=64 n2_in_gt_bg=1 n2_in_gt_bg_count=64 n2_valid_count=64 n2_valid_ratio=1 neg_in_pred_bg=1 neg_in_pred_bg_count=128 negative_pair_count=64 negative_pair_distance_sum=2362 p1_gt_valid_count=64 p1_in_gt_fg=1 p1_in_gt_fg_count=64 p1_valid_count=64 p1_valid_ratio=1 p2_gt_valid_count=64 p2_in_gt_fg=1 p2_in_gt_fg_count=64 p2_valid_count=64 p2_valid_ratio=1 point_distance_sum=3186 point_overlap_count=0 point_overlap_ratio=0 point_pair_count=128 pos_in_pred_fg=1 pos_in_pred_fg_count=128 positive_pair_count=64 positive_pair_distance_sum=823.7 roi_count=64 valid_neg_count=128 valid_pos_count=128 warmup_stage=2
2026-07-30 08:26:37,687 - portable_sam_fusion - INFO - [DEBUG-BOX] epoch=29 step=8400 fallback_count=0 fallback_ratio=0 num_rois=64 refined_proposal_iou=0 refined_proposal_iou_sum=0 refined_valid_count=0
2026-07-30 08:26:37,687 - portable_sam_fusion - INFO - [DEBUG-COARSE] epoch=29 step=8400 bce_raw=0.1422 boundary_fn=2365 boundary_fp=1571 boundary_tp=2.598e+04 dice=0.07688 dice_loss_raw=0.07688 iou=0.8602 loss_weight=0.1 raw_boundary_fn=2365 raw_boundary_fp=1571 raw_boundary_tp=2.598e+04 raw_dice_score=0.9231 raw_iou=0.8602 weighted_loss=0.0219
2026-07-30 08:26:37,687 - portable_sam_fusion - INFO - [DEBUG-CONTEXT] epoch=29 step=8400 enabled=0
2026-07-30 08:26:37,687 - portable_sam_fusion - INFO - [DEBUG-DENSE] epoch=29 step=8400 applied_delta_norm=2.829 applied_delta_ratio=0.2422 base_norm=11.68 canvas_max=8 canvas_mean=-0.005222 canvas_min=-8 canvas_nonzero_ratio=0.006076 canvas_std=0.4888 final_norm=12.01 residual_alpha=0.5 shape_norm=13.05 source_delta_norm=5.657 source_delta_ratio=0.4844
2026-07-30 08:26:37,687 - portable_sam_fusion - INFO - [DEBUG-GATE] epoch=29 step=8400 shape_dense_alpha_max=0.5 shape_dense_alpha_mean=0.5 shape_dense_alpha_min=0.5
2026-07-30 08:26:37,687 - portable_sam_fusion - INFO - [DEBUG-JITTER] epoch=29 step=8400 area_ratio_count=64 area_ratio_mean=1 area_ratio_sum=64 fallback_count=0 mean_iou=1 num_jittered=0 num_rois=64
2026-07-30 08:26:37,687 - portable_sam_fusion - INFO - [DEBUG-SP] epoch=29 step=8400 all_invalid_count=0 all_invalid_ratio=0 empty_count=0 empty_ratio=0 full_count=0 full_ratio=0 mean_point_distance=24.74 n1_gt_valid_count=64 n1_in_gt_bg=0.8125 n1_in_gt_bg_count=52 n1_valid_count=64 n1_valid_ratio=1 n2_gt_valid_count=64 n2_in_gt_bg=1 n2_in_gt_bg_count=64 n2_valid_count=64 n2_valid_ratio=1 neg_in_pred_bg=1 neg_in_pred_bg_count=128 negative_pair_count=64 negative_pair_distance_sum=2454 p1_gt_valid_count=64 p1_in_gt_fg=1 p1_in_gt_fg_count=64 p1_valid_count=64 p1_valid_ratio=1 p2_gt_valid_count=64 p2_in_gt_fg=1 p2_in_gt_fg_count=64 p2_valid_count=64 p2_valid_ratio=1 point_distance_sum=3166 point_overlap_count=0 point_overlap_ratio=0 point_pair_count=128 pos_in_pred_fg=1 pos_in_pred_fg_count=128 positive_pair_count=64 positive_pair_distance_sum=712.2 roi_count=64 valid_neg_count=128 valid_pos_count=128 warmup_stage=2
2026-07-30 08:27:39,608 - portable_sam_fusion - INFO - [DEBUG-BOX] epoch=29 step=8450 fallback_count=0 fallback_ratio=0 num_rois=64 refined_proposal_iou=0 refined_proposal_iou_sum=0 refined_valid_count=0
2026-07-30 08:27:39,609 - portable_sam_fusion - INFO - [DEBUG-COARSE] epoch=29 step=8450 bce_raw=0.1233 boundary_fn=2053 boundary_fp=1341 boundary_tp=2.61e+04 dice=0.07431 dice_loss_raw=0.07431 iou=0.864 loss_weight=0.1 raw_boundary_fn=2053 raw_boundary_fp=1341 raw_boundary_tp=2.61e+04 raw_dice_score=0.9257 raw_iou=0.864 weighted_loss=0.01976
2026-07-30 08:27:39,609 - portable_sam_fusion - INFO - [DEBUG-CONTEXT] epoch=29 step=8450 enabled=0
2026-07-30 08:27:39,609 - portable_sam_fusion - INFO - [DEBUG-DENSE] epoch=29 step=8450 applied_delta_norm=2.918 applied_delta_ratio=0.2499 base_norm=11.68 canvas_max=8 canvas_mean=-0.006784 canvas_min=-8 canvas_nonzero_ratio=0.006836 canvas_std=0.5192 final_norm=12.06 residual_alpha=0.5 shape_norm=13.23 source_delta_norm=5.836 source_delta_ratio=0.4998
2026-07-30 08:27:39,609 - portable_sam_fusion - INFO - [DEBUG-GATE] epoch=29 step=8450 shape_dense_alpha_max=0.5 shape_dense_alpha_mean=0.5 shape_dense_alpha_min=0.5
2026-07-30 08:27:39,609 - portable_sam_fusion - INFO - [DEBUG-JITTER] epoch=29 step=8450 area_ratio_count=64 area_ratio_mean=1 area_ratio_sum=64 fallback_count=0 mean_iou=1 num_jittered=0 num_rois=64
2026-07-30 08:27:39,609 - portable_sam_fusion - INFO - [DEBUG-SP] epoch=29 step=8450 all_invalid_count=0 all_invalid_ratio=0 empty_count=0 empty_ratio=0 full_count=0 full_ratio=0 mean_point_distance=25.09 n1_gt_valid_count=64 n1_in_gt_bg=0.8906 n1_in_gt_bg_count=57 n1_valid_count=64 n1_valid_ratio=1 n2_gt_valid_count=64 n2_in_gt_bg=1 n2_in_gt_bg_count=64 n2_valid_count=64 n2_valid_ratio=1 neg_in_pred_bg=1 neg_in_pred_bg_count=128 negative_pair_count=64 negative_pair_distance_sum=2256 p1_gt_valid_count=64 p1_in_gt_fg=1 p1_in_gt_fg_count=64 p1_valid_count=64 p1_valid_ratio=1 p2_gt_valid_count=64 p2_in_gt_fg=1 p2_in_gt_fg_count=64 p2_valid_count=64 p2_valid_ratio=1 point_distance_sum=3211 point_overlap_count=0 point_overlap_ratio=0 point_pair_count=128 pos_in_pred_fg=1 pos_in_pred_fg_count=128 positive_pair_count=64 positive_pair_distance_sum=955.7 roi_count=64 valid_neg_count=128 valid_pos_count=128 warmup_stage=2
2026-07-30 08:28:41,540 - portable_sam_fusion - INFO - [DEBUG-BOX] epoch=29 step=8500 fallback_count=0 fallback_ratio=0 num_rois=64 refined_proposal_iou=0 refined_proposal_iou_sum=0 refined_valid_count=0
2026-07-30 08:28:41,540 - portable_sam_fusion - INFO - [DEBUG-COARSE] epoch=29 step=8500 bce_raw=0.139 boundary_fn=2228 boundary_fp=1851 boundary_tp=2.606e+04 dice=0.07447 dice_loss_raw=0.07447 iou=0.8648 loss_weight=0.1 raw_boundary_fn=2228 raw_boundary_fp=1851 raw_boundary_tp=2.606e+04 raw_dice_score=0.9255 raw_iou=0.8648 weighted_loss=0.02135
2026-07-30 08:28:41,540 - portable_sam_fusion - INFO - [DEBUG-CONTEXT] epoch=29 step=8500 enabled=0
2026-07-30 08:28:41,540 - portable_sam_fusion - INFO - [DEBUG-DENSE] epoch=29 step=8500 applied_delta_norm=3.083 applied_delta_ratio=0.264 base_norm=11.68 canvas_max=8 canvas_mean=0.001033 canvas_min=-8 canvas_nonzero_ratio=0.006557 canvas_std=0.5099 final_norm=12.05 residual_alpha=0.5 shape_norm=13.22 source_delta_norm=6.166 source_delta_ratio=0.528
2026-07-30 08:28:41,540 - portable_sam_fusion - INFO - [DEBUG-GATE] epoch=29 step=8500 shape_dense_alpha_max=0.5 shape_dense_alpha_mean=0.5 shape_dense_alpha_min=0.5
2026-07-30 08:28:41,540 - portable_sam_fusion - INFO - [DEBUG-JITTER] epoch=29 step=8500 area_ratio_count=64 area_ratio_mean=1 area_ratio_sum=64 fallback_count=0 mean_iou=1 num_jittered=0 num_rois=64
2026-07-30 08:28:41,540 - portable_sam_fusion - INFO - [DEBUG-SP] epoch=29 step=8500 all_invalid_count=0 all_invalid_ratio=0 empty_count=0 empty_ratio=0 full_count=0 full_ratio=0 mean_point_distance=29.42 n1_gt_valid_count=64 n1_in_gt_bg=0.8906 n1_in_gt_bg_count=57 n1_valid_count=64 n1_valid_ratio=1 n2_gt_valid_count=64 n2_in_gt_bg=1 n2_in_gt_bg_count=64 n2_valid_count=64 n2_valid_ratio=1 neg_in_pred_bg=1 neg_in_pred_bg_count=128 negative_pair_count=64 negative_pair_distance_sum=2832 p1_gt_valid_count=64 p1_in_gt_fg=1 p1_in_gt_fg_count=64 p1_valid_count=64 p1_valid_ratio=1 p2_gt_valid_count=64 p2_in_gt_fg=1 p2_in_gt_fg_count=64 p2_valid_count=64 p2_valid_ratio=1 point_distance_sum=3766 point_overlap_count=0 point_overlap_ratio=0 point_pair_count=128 pos_in_pred_fg=1 pos_in_pred_fg_count=128 positive_pair_count=64 positive_pair_distance_sum=934 roi_count=64 valid_neg_count=128 valid_pos_count=128 warmup_stage=2
2026-07-30 08:29:13,519 - portable_sam_fusion - INFO - Epoch 29 detailed losses: loss_rpn_cls=0.0083, loss_rpn_bbox=0.0040, loss_cls=0.1523, acc=94.0685, loss_bbox=0.0596, loss_mask=0.0017, debug_mask_pos_rois=54.8231, debug_mask_logit_mean=-15.3738, debug_mask_logit_std=3.0468, debug_mask_prob_mean=0.0052, debug_mask_prob_ge05=0.0051, debug_mask_target_fill=0.0052, loss_shape_prior=0.0185, schedule/det_weight=1.0000
2026-07-30 08:29:13,519 - portable_sam_fusion - INFO - Epoch 29 dense residual monitor: alpha=0.500000 source_delta_norm=7.0323 applied_delta_norm=3.5162 source_delta_ratio=0.602165 applied_delta_ratio=0.301083
2026-07-30 08:29:13,519 - portable_sam_fusion - INFO - Epoch 29 primary loss shares: det=91.72% final_mask=0.69% shape=7.59% p2_boundary=0.00%
2026-07-30 08:29:13,519 - portable_sam_fusion - INFO - Epoch 29 schedule: det_loss_weight=1.000 early_stop_start=20 min_delta=0.0005
2026-07-30 08:29:13,519 - portable_sam_fusion - INFO - Epoch 29 learning rates: sat_backbone=3.63e-04, mask_decoder=3.63e-04, prompt_encoder=3.63e-04, shape_prior=3.63e-04, quality_head=3.63e-04, sat_other=3.63e-04
2026-07-30 08:32:34,193 - portable_sam_fusion - INFO - Validation samples: GT=15926, DT=18037, avg_masks_per_image=28.77, avg_mask_fill=0.0047
creating index...
index created!
Loading and preparing results...
DONE (t=0.03s)
creating index...
index created!
Running per image evaluation...
Evaluate annotation type *bbox*
DONE (t=10.71s).
Accumulating evaluation results...
DONE (t=0.17s).
 Average Precision  (AP) @[ IoU=0.50:0.95 | area=   all | maxDets=100 ] = 0.701
 Average Precision  (AP) @[ IoU=0.50      | area=   all | maxDets=100 ] = 0.900
 Average Precision  (AP) @[ IoU=0.75      | area=   all | maxDets=100 ] = 0.818
 Average Precision  (AP) @[ IoU=0.50:0.95 | area= small | maxDets=100 ] = 0.303
 Average Precision  (AP) @[ IoU=0.50:0.95 | area=medium | maxDets=100 ] = 0.744
 Average Precision  (AP) @[ IoU=0.50:0.95 | area= large | maxDets=100 ] = 0.785
 Average Recall     (AR) @[ IoU=0.50:0.95 | area=   all | maxDets=  1 ] = 0.026
 Average Recall     (AR) @[ IoU=0.50:0.95 | area=   all | maxDets= 10 ] = 0.191
 Average Recall     (AR) @[ IoU=0.50:0.95 | area=   all | maxDets=100 ] = 0.756
 Average Recall     (AR) @[ IoU=0.50:0.95 | area= small | maxDets=100 ] = 0.442
 Average Recall     (AR) @[ IoU=0.50:0.95 | area=medium | maxDets=100 ] = 0.800
 Average Recall     (AR) @[ IoU=0.50:0.95 | area= large | maxDets=100 ] = 0.830
2026-07-30 08:32:45,273 - portable_sam_fusion - INFO - Validation bbox/mAP: 0.7009 bbox/mAP_75: 0.8176
Running per image evaluation...
Evaluate annotation type *segm*
DONE (t=11.35s).
Accumulating evaluation results...
DONE (t=0.17s).
 Average Precision  (AP) @[ IoU=0.50:0.95 | area=   all | maxDets=100 ] = 0.419
 Average Precision  (AP) @[ IoU=0.50      | area=   all | maxDets=100 ] = 0.841
 Average Precision  (AP) @[ IoU=0.75      | area=   all | maxDets=100 ] = 0.413
 Average Precision  (AP) @[ IoU=0.50:0.95 | area= small | maxDets=100 ] = 0.044
 Average Precision  (AP) @[ IoU=0.50:0.95 | area=medium | maxDets=100 ] = 0.433
 Average Precision  (AP) @[ IoU=0.50:0.95 | area= large | maxDets=100 ] = 0.625
 Average Recall     (AR) @[ IoU=0.50:0.95 | area=   all | maxDets=  1 ] = 0.020
 Average Recall     (AR) @[ IoU=0.50:0.95 | area=   all | maxDets= 10 ] = 0.138
 Average Recall     (AR) @[ IoU=0.50:0.95 | area=   all | maxDets=100 ] = 0.473
 Average Recall     (AR) @[ IoU=0.50:0.95 | area= small | maxDets=100 ] = 0.093
 Average Recall     (AR) @[ IoU=0.50:0.95 | area=medium | maxDets=100 ] = 0.486
 Average Recall     (AR) @[ IoU=0.50:0.95 | area= large | maxDets=100 ] = 0.675
2026-07-30 08:32:56,822 - portable_sam_fusion - INFO - Validation segm/mAP: 0.4193
2026-07-30 08:32:57,720 - portable_sam_fusion - INFO - Early-stop metric (segm/mAP): raw=0.4193 smooth(5)=0.4362 best=0.4526 counter=8
2026-07-30 08:33:03,179 - portable_sam_fusion - INFO - Epoch 29/80 | train=0.244336 val=disabled segm/mAP=0.4193 bbox/mAP=0.7009 | best_segm=0.4663 best_bbox=0.7077 best_comp=0.0000 | sat_backbone=3.63e-04 mask_decoder=3.63e-04 prompt_encoder=3.63e-04 shape_prior=3.63e-04 quality_head=3.63e-04 sat_other=3.63e-04
2026-07-30 08:33:19,856 - portable_sam_fusion - INFO - epoch 30 | mini-batch 16/294 | optimizer_step 2150/5920 | lr=3.621e-04
2026-07-30 08:33:28,143 - portable_sam_fusion - INFO - [DEBUG-BOX] epoch=30 step=8550 fallback_count=0 fallback_ratio=0 num_rois=64 refined_proposal_iou=0 refined_proposal_iou_sum=0 refined_valid_count=0
2026-07-30 08:33:28,143 - portable_sam_fusion - INFO - [DEBUG-COARSE] epoch=30 step=8550 bce_raw=0.1359 boundary_fn=2076 boundary_fp=1931 boundary_tp=2.57e+04 dice=0.07601 dice_loss_raw=0.07601 iou=0.8616 loss_weight=0.1 raw_boundary_fn=2076 raw_boundary_fp=1931 raw_boundary_tp=2.57e+04 raw_dice_score=0.924 raw_iou=0.8616 weighted_loss=0.02119
2026-07-30 08:33:28,143 - portable_sam_fusion - INFO - [DEBUG-CONTEXT] epoch=30 step=8550 enabled=0
2026-07-30 08:33:28,143 - portable_sam_fusion - INFO - [DEBUG-DENSE] epoch=30 step=8550 applied_delta_norm=3.062 applied_delta_ratio=0.2622 base_norm=11.68 canvas_max=8 canvas_mean=-0.001908 canvas_min=-8 canvas_nonzero_ratio=0.006571 canvas_std=0.4993 final_norm=12.05 residual_alpha=0.5 shape_norm=13.22 source_delta_norm=6.124 source_delta_ratio=0.5244
2026-07-30 08:33:28,143 - portable_sam_fusion - INFO - [DEBUG-GATE] epoch=30 step=8550 shape_dense_alpha_max=0.5 shape_dense_alpha_mean=0.5 shape_dense_alpha_min=0.5
2026-07-30 08:33:28,143 - portable_sam_fusion - INFO - [DEBUG-JITTER] epoch=30 step=8550 area_ratio_count=64 area_ratio_mean=1 area_ratio_sum=64 fallback_count=0 mean_iou=1 num_jittered=0 num_rois=64
2026-07-30 08:33:28,143 - portable_sam_fusion - INFO - [DEBUG-SP] epoch=30 step=8550 all_invalid_count=0 all_invalid_ratio=0 empty_count=0 empty_ratio=0 full_count=0 full_ratio=0 mean_point_distance=25.82 n1_gt_valid_count=64 n1_in_gt_bg=0.7812 n1_in_gt_bg_count=50 n1_valid_count=64 n1_valid_ratio=1 n2_gt_valid_count=64 n2_in_gt_bg=1 n2_in_gt_bg_count=64 n2_valid_count=64 n2_valid_ratio=1 neg_in_pred_bg=1 neg_in_pred_bg_count=128 negative_pair_count=64 negative_pair_distance_sum=2443 p1_gt_valid_count=64 p1_in_gt_fg=1 p1_in_gt_fg_count=64 p1_valid_count=64 p1_valid_ratio=1 p2_gt_valid_count=64 p2_in_gt_fg=1 p2_in_gt_fg_count=64 p2_valid_count=64 p2_valid_ratio=1 point_distance_sum=3305 point_overlap_count=0 point_overlap_ratio=0 point_pair_count=128 pos_in_pred_fg=1 pos_in_pred_fg_count=128 positive_pair_count=64 positive_pair_distance_sum=862 roi_count=64 valid_neg_count=128 valid_pos_count=128 warmup_stage=2
2026-07-30 08:34:19,081 - portable_sam_fusion - INFO - [DEBUG-BOX] epoch=30 step=8600 fallback_count=0 fallback_ratio=0 num_rois=64 refined_proposal_iou=0 refined_proposal_iou_sum=0 refined_valid_count=0
2026-07-30 08:34:19,081 - portable_sam_fusion - INFO - [DEBUG-COARSE] epoch=30 step=8600 bce_raw=0.1001 boundary_fn=2371 boundary_fp=880 boundary_tp=2.375e+04 dice=0.05818 dice_loss_raw=0.05818 iou=0.8911 loss_weight=0.1 raw_boundary_fn=2371 raw_boundary_fp=880 raw_boundary_tp=2.375e+04 raw_dice_score=0.9418 raw_iou=0.8911 weighted_loss=0.01583
2026-07-30 08:34:19,081 - portable_sam_fusion - INFO - [DEBUG-CONTEXT] epoch=30 step=8600 enabled=0
2026-07-30 08:34:19,081 - portable_sam_fusion - INFO - [DEBUG-DENSE] epoch=30 step=8600 applied_delta_norm=6.279 applied_delta_ratio=0.5377 base_norm=11.68 canvas_max=8 canvas_mean=0.01145 canvas_min=-8 canvas_nonzero_ratio=0.02679 canvas_std=1.059 final_norm=13.51 residual_alpha=0.5 shape_norm=17.81 source_delta_norm=12.56 source_delta_ratio=1.075
2026-07-30 08:34:19,081 - portable_sam_fusion - INFO - [DEBUG-GATE] epoch=30 step=8600 shape_dense_alpha_max=0.5 shape_dense_alpha_mean=0.5 shape_dense_alpha_min=0.5
2026-07-30 08:34:19,081 - portable_sam_fusion - INFO - [DEBUG-JITTER] epoch=30 step=8600 area_ratio_count=64 area_ratio_mean=1 area_ratio_sum=64 fallback_count=0 mean_iou=1 num_jittered=0 num_rois=64
2026-07-30 08:34:19,081 - portable_sam_fusion - INFO - [DEBUG-SP] epoch=30 step=8600 all_invalid_count=0 all_invalid_ratio=0 empty_count=0 empty_ratio=0 full_count=0 full_ratio=0 mean_point_distance=60.72 n1_gt_valid_count=64 n1_in_gt_bg=0.7031 n1_in_gt_bg_count=45 n1_valid_count=64 n1_valid_ratio=1 n2_gt_valid_count=64 n2_in_gt_bg=1 n2_in_gt_bg_count=64 n2_valid_count=64 n2_valid_ratio=1 neg_in_pred_bg=1 neg_in_pred_bg_count=128 negative_pair_count=64 negative_pair_distance_sum=5222 p1_gt_valid_count=64 p1_in_gt_fg=1 p1_in_gt_fg_count=64 p1_valid_count=64 p1_valid_ratio=1 p2_gt_valid_count=64 p2_in_gt_fg=1 p2_in_gt_fg_count=64 p2_valid_count=64 p2_valid_ratio=1 point_distance_sum=7772 point_overlap_count=0 point_overlap_ratio=0 point_pair_count=128 pos_in_pred_fg=1 pos_in_pred_fg_count=128 positive_pair_count=64 positive_pair_distance_sum=2550 roi_count=64 valid_neg_count=128 valid_pos_count=128 warmup_stage=2
2026-07-30 08:35:08,808 - portable_sam_fusion - INFO - [DEBUG-BOX] epoch=30 step=8650 fallback_count=0 fallback_ratio=0 num_rois=64 refined_proposal_iou=0 refined_proposal_iou_sum=0 refined_valid_count=0
2026-07-30 08:35:08,808 - portable_sam_fusion - INFO - [DEBUG-COARSE] epoch=30 step=8650 bce_raw=0.1616 boundary_fn=3362 boundary_fp=3055 boundary_tp=2.385e+04 dice=0.09535 dice_loss_raw=0.09535 iou=0.8282 loss_weight=0.1 raw_boundary_fn=3362 raw_boundary_fp=3055 raw_boundary_tp=2.385e+04 raw_dice_score=0.9046 raw_iou=0.8282 weighted_loss=0.0257
2026-07-30 08:35:08,808 - portable_sam_fusion - INFO - [DEBUG-CONTEXT] epoch=30 step=8650 enabled=0
2026-07-30 08:35:08,808 - portable_sam_fusion - INFO - [DEBUG-DENSE] epoch=30 step=8650 applied_delta_norm=3.813 applied_delta_ratio=0.3265 base_norm=11.68 canvas_max=8 canvas_mean=-0.01204 canvas_min=-8 canvas_nonzero_ratio=0.009903 canvas_std=0.6351 final_norm=12.29 residual_alpha=0.5 shape_norm=14.09 source_delta_norm=7.626 source_delta_ratio=0.653
2026-07-30 08:35:08,808 - portable_sam_fusion - INFO - [DEBUG-GATE] epoch=30 step=8650 shape_dense_alpha_max=0.5 shape_dense_alpha_mean=0.5 shape_dense_alpha_min=0.5
2026-07-30 08:35:08,808 - portable_sam_fusion - INFO - [DEBUG-JITTER] epoch=30 step=8650 area_ratio_count=64 area_ratio_mean=1 area_ratio_sum=64 fallback_count=0 mean_iou=1 num_jittered=0 num_rois=64
2026-07-30 08:35:08,808 - portable_sam_fusion - INFO - [DEBUG-SP] epoch=30 step=8650 all_invalid_count=0 all_invalid_ratio=0 empty_count=0 empty_ratio=0 full_count=0 full_ratio=0 mean_point_distance=39.44 n1_gt_valid_count=64 n1_in_gt_bg=0.8906 n1_in_gt_bg_count=57 n1_valid_count=64 n1_valid_ratio=1 n2_gt_valid_count=64 n2_in_gt_bg=1 n2_in_gt_bg_count=64 n2_valid_count=64 n2_valid_ratio=1 neg_in_pred_bg=1 neg_in_pred_bg_count=128 negative_pair_count=64 negative_pair_distance_sum=3292 p1_gt_valid_count=64 p1_in_gt_fg=1 p1_in_gt_fg_count=64 p1_valid_count=64 p1_valid_ratio=1 p2_gt_valid_count=64 p2_in_gt_fg=1 p2_in_gt_fg_count=64 p2_valid_count=64 p2_valid_ratio=1 point_distance_sum=5048 point_overlap_count=0 point_overlap_ratio=0 point_pair_count=128 pos_in_pred_fg=1 pos_in_pred_fg_count=128 positive_pair_count=64 positive_pair_distance_sum=1756 roi_count=64 valid_neg_count=128 valid_pos_count=128 warmup_stage=2
2026-07-30 08:35:53,477 - portable_sam_fusion - INFO - [DEBUG-BOX] epoch=30 step=8700 fallback_count=0 fallback_ratio=0 num_rois=64 refined_proposal_iou=0 refined_proposal_iou_sum=0 refined_valid_count=0
2026-07-30 08:35:53,478 - portable_sam_fusion - INFO - [DEBUG-COARSE] epoch=30 step=8700 bce_raw=0.164 boundary_fn=2689 boundary_fp=2892 boundary_tp=2.556e+04 dice=0.09438 dice_loss_raw=0.09438 iou=0.8334 loss_weight=0.1 raw_boundary_fn=2689 raw_boundary_fp=2892 raw_boundary_tp=2.556e+04 raw_dice_score=0.9056 raw_iou=0.8334 weighted_loss=0.02583
2026-07-30 08:35:53,478 - portable_sam_fusion - INFO - [DEBUG-CONTEXT] epoch=30 step=8700 enabled=0
2026-07-30 08:35:53,478 - portable_sam_fusion - INFO - [DEBUG-DENSE] epoch=30 step=8700 applied_delta_norm=3.431 applied_delta_ratio=0.2938 base_norm=11.68 canvas_max=8 canvas_mean=-0.005713 canvas_min=-8 canvas_nonzero_ratio=0.008382 canvas_std=0.5237 final_norm=12.16 residual_alpha=0.5 shape_norm=13.64 source_delta_norm=6.863 source_delta_ratio=0.5876
2026-07-30 08:35:53,478 - portable_sam_fusion - INFO - [DEBUG-GATE] epoch=30 step=8700 shape_dense_alpha_max=0.5 shape_dense_alpha_mean=0.5 shape_dense_alpha_min=0.5
2026-07-30 08:35:53,478 - portable_sam_fusion - INFO - [DEBUG-JITTER] epoch=30 step=8700 area_ratio_count=64 area_ratio_mean=1 area_ratio_sum=64 fallback_count=0 mean_iou=1 num_jittered=0 num_rois=64
2026-07-30 08:35:53,478 - portable_sam_fusion - INFO - [DEBUG-SP] epoch=30 step=8700 all_invalid_count=0 all_invalid_ratio=0 empty_count=0 empty_ratio=0 full_count=0 full_ratio=0 mean_point_distance=38 n1_gt_valid_count=64 n1_in_gt_bg=0.9531 n1_in_gt_bg_count=61 n1_valid_count=64 n1_valid_ratio=1 n2_gt_valid_count=64 n2_in_gt_bg=1 n2_in_gt_bg_count=64 n2_valid_count=64 n2_valid_ratio=1 neg_in_pred_bg=1 neg_in_pred_bg_count=128 negative_pair_count=64 negative_pair_distance_sum=3650 p1_gt_valid_count=64 p1_in_gt_fg=1 p1_in_gt_fg_count=64 p1_valid_count=64 p1_valid_ratio=1 p2_gt_valid_count=64 p2_in_gt_fg=1 p2_in_gt_fg_count=64 p2_valid_count=64 p2_valid_ratio=1 point_distance_sum=4864 point_overlap_count=0 point_overlap_ratio=0 point_pair_count=128 pos_in_pred_fg=1 pos_in_pred_fg_count=128 positive_pair_count=64 positive_pair_distance_sum=1214 roi_count=64 valid_neg_count=128 valid_pos_count=128 warmup_stage=2
2026-07-30 08:36:31,593 - portable_sam_fusion - INFO - epoch 30 | mini-batch 216/294 | optimizer_step 2200/5920 | lr=3.560e-04
2026-07-30 08:36:38,885 - portable_sam_fusion - INFO - [DEBUG-BOX] epoch=30 step=8750 fallback_count=0 fallback_ratio=0 num_rois=64 refined_proposal_iou=0 refined_proposal_iou_sum=0 refined_valid_count=0
2026-07-30 08:36:38,886 - portable_sam_fusion - INFO - [DEBUG-COARSE] epoch=30 step=8750 bce_raw=0.1399 boundary_fn=2009 boundary_fp=1784 boundary_tp=2.632e+04 dice=0.07926 dice_loss_raw=0.07926 iou=0.8573 loss_weight=0.1 raw_boundary_fn=2009 raw_boundary_fp=1784 raw_boundary_tp=2.632e+04 raw_dice_score=0.9207 raw_iou=0.8573 weighted_loss=0.02191
2026-07-30 08:36:38,886 - portable_sam_fusion - INFO - [DEBUG-CONTEXT] epoch=30 step=8750 enabled=0
2026-07-30 08:36:38,886 - portable_sam_fusion - INFO - [DEBUG-DENSE] epoch=30 step=8750 applied_delta_norm=3.301 applied_delta_ratio=0.2826 base_norm=11.68 canvas_max=8 canvas_mean=-0.001453 canvas_min=-8 canvas_nonzero_ratio=0.007291 canvas_std=0.5121 final_norm=12.11 residual_alpha=0.5 shape_norm=13.45 source_delta_norm=6.602 source_delta_ratio=0.5653
2026-07-30 08:36:38,886 - portable_sam_fusion - INFO - [DEBUG-GATE] epoch=30 step=8750 shape_dense_alpha_max=0.5 shape_dense_alpha_mean=0.5 shape_dense_alpha_min=0.5
2026-07-30 08:36:38,886 - portable_sam_fusion - INFO - [DEBUG-JITTER] epoch=30 step=8750 area_ratio_count=64 area_ratio_mean=1 area_ratio_sum=64 fallback_count=0 mean_iou=1 num_jittered=0 num_rois=64
2026-07-30 08:36:38,886 - portable_sam_fusion - INFO - [DEBUG-SP] epoch=30 step=8750 all_invalid_count=0 all_invalid_ratio=0 empty_count=0 empty_ratio=0 full_count=0 full_ratio=0 mean_point_distance=33.37 n1_gt_valid_count=64 n1_in_gt_bg=0.9531 n1_in_gt_bg_count=61 n1_valid_count=64 n1_valid_ratio=1 n2_gt_valid_count=64 n2_in_gt_bg=1 n2_in_gt_bg_count=64 n2_valid_count=64 n2_valid_ratio=1 neg_in_pred_bg=1 neg_in_pred_bg_count=128 negative_pair_count=64 negative_pair_distance_sum=3170 p1_gt_valid_count=64 p1_in_gt_fg=1 p1_in_gt_fg_count=64 p1_valid_count=64 p1_valid_ratio=1 p2_gt_valid_count=64 p2_in_gt_fg=1 p2_in_gt_fg_count=64 p2_valid_count=64 p2_valid_ratio=1 point_distance_sum=4271 point_overlap_count=0 point_overlap_ratio=0 point_pair_count=128 pos_in_pred_fg=1 pos_in_pred_fg_count=128 positive_pair_count=64 positive_pair_distance_sum=1101 roi_count=64 valid_neg_count=128 valid_pos_count=128 warmup_stage=2
2026-07-30 08:37:24,230 - portable_sam_fusion - INFO - [DEBUG-BOX] epoch=30 step=8800 fallback_count=0 fallback_ratio=0 num_rois=64 refined_proposal_iou=0 refined_proposal_iou_sum=0 refined_valid_count=0
2026-07-30 08:37:24,230 - portable_sam_fusion - INFO - [DEBUG-COARSE] epoch=30 step=8800 bce_raw=0.1265 boundary_fn=1524 boundary_fp=1652 boundary_tp=2.629e+04 dice=0.07239 dice_loss_raw=0.07239 iou=0.8686 loss_weight=0.1 raw_boundary_fn=1524 raw_boundary_fp=1652 raw_boundary_tp=2.629e+04 raw_dice_score=0.9276 raw_iou=0.8686 weighted_loss=0.01989
2026-07-30 08:37:24,230 - portable_sam_fusion - INFO - [DEBUG-CONTEXT] epoch=30 step=8800 enabled=0
2026-07-30 08:37:24,231 - portable_sam_fusion - INFO - [DEBUG-DENSE] epoch=30 step=8800 applied_delta_norm=2.828 applied_delta_ratio=0.2421 base_norm=11.68 canvas_max=8 canvas_mean=-0.00366 canvas_min=-8 canvas_nonzero_ratio=0.006109 canvas_std=0.5032 final_norm=12.01 residual_alpha=0.5 shape_norm=13.06 source_delta_norm=5.656 source_delta_ratio=0.4843
2026-07-30 08:37:24,231 - portable_sam_fusion - INFO - [DEBUG-GATE] epoch=30 step=8800 shape_dense_alpha_max=0.5 shape_dense_alpha_mean=0.5 shape_dense_alpha_min=0.5
2026-07-30 08:37:24,231 - portable_sam_fusion - INFO - [DEBUG-JITTER] epoch=30 step=8800 area_ratio_count=64 area_ratio_mean=1 area_ratio_sum=64 fallback_count=0 mean_iou=1 num_jittered=0 num_rois=64
2026-07-30 08:37:24,231 - portable_sam_fusion - INFO - [DEBUG-SP] epoch=30 step=8800 all_invalid_count=0 all_invalid_ratio=0 empty_count=0 empty_ratio=0 full_count=0 full_ratio=0 mean_point_distance=25.57 n1_gt_valid_count=64 n1_in_gt_bg=0.7656 n1_in_gt_bg_count=49 n1_valid_count=64 n1_valid_ratio=1 n2_gt_valid_count=64 n2_in_gt_bg=1 n2_in_gt_bg_count=64 n2_valid_count=64 n2_valid_ratio=1 neg_in_pred_bg=1 neg_in_pred_bg_count=128 negative_pair_count=64 negative_pair_distance_sum=2327 p1_gt_valid_count=64 p1_in_gt_fg=1 p1_in_gt_fg_count=64 p1_valid_count=64 p1_valid_ratio=1 p2_gt_valid_count=64 p2_in_gt_fg=1 p2_in_gt_fg_count=64 p2_valid_count=64 p2_valid_ratio=1 point_distance_sum=3273 point_overlap_count=0 point_overlap_ratio=0 point_pair_count=128 pos_in_pred_fg=1 pos_in_pred_fg_count=128 positive_pair_count=64 positive_pair_distance_sum=945.5 roi_count=64 valid_neg_count=128 valid_pos_count=128 warmup_stage=2
2026-07-30 08:37:40,762 - portable_sam_fusion - INFO - Epoch 30 detailed losses: loss_rpn_cls=0.0093, loss_rpn_bbox=0.0039, loss_cls=0.1472, acc=94.2984, loss_bbox=0.0585, loss_mask=0.0013, debug_mask_pos_rois=56.7993, debug_mask_logit_mean=-16.4148, debug_mask_logit_std=3.1283, debug_mask_prob_mean=0.0051, debug_mask_prob_ge05=0.0051, debug_mask_target_fill=0.0051, loss_shape_prior=0.0198, schedule/det_weight=1.0000
2026-07-30 08:37:40,762 - portable_sam_fusion - INFO - Epoch 30 dense residual monitor: alpha=0.500000 source_delta_norm=7.1391 applied_delta_norm=3.5695 source_delta_ratio=0.611305 applied_delta_ratio=0.305652
2026-07-30 08:37:40,762 - portable_sam_fusion - INFO - Epoch 30 primary loss shares: det=91.20% final_mask=0.55% shape=8.25% p2_boundary=0.00%
2026-07-30 08:37:40,762 - portable_sam_fusion - INFO - Epoch 30 schedule: det_loss_weight=1.000 early_stop_start=20 min_delta=0.0005
2026-07-30 08:37:40,762 - portable_sam_fusion - INFO - Epoch 30 learning rates: sat_backbone=3.54e-04, mask_decoder=3.54e-04, prompt_encoder=3.54e-04, shape_prior=3.54e-04, quality_head=3.54e-04, sat_other=3.54e-04
2026-07-30 08:40:21,367 - portable_sam_fusion - INFO - Validation samples: GT=15926, DT=16841, avg_masks_per_image=26.86, avg_mask_fill=0.0053
creating index...
index created!
Loading and preparing results...
DONE (t=0.02s)
creating index...
index created!
Running per image evaluation...
Evaluate annotation type *bbox*
DONE (t=10.76s).
Accumulating evaluation results...
DONE (t=0.15s).
 Average Precision  (AP) @[ IoU=0.50:0.95 | area=   all | maxDets=100 ] = 0.708
 Average Precision  (AP) @[ IoU=0.50      | area=   all | maxDets=100 ] = 0.892
 Average Precision  (AP) @[ IoU=0.75      | area=   all | maxDets=100 ] = 0.820
 Average Precision  (AP) @[ IoU=0.50:0.95 | area= small | maxDets=100 ] = 0.338
 Average Precision  (AP) @[ IoU=0.50:0.95 | area=medium | maxDets=100 ] = 0.743
 Average Precision  (AP) @[ IoU=0.50:0.95 | area= large | maxDets=100 ] = 0.805
 Average Recall     (AR) @[ IoU=0.50:0.95 | area=   all | maxDets=  1 ] = 0.026
 Average Recall     (AR) @[ IoU=0.50:0.95 | area=   all | maxDets= 10 ] = 0.190
 Average Recall     (AR) @[ IoU=0.50:0.95 | area=   all | maxDets=100 ] = 0.754
 Average Recall     (AR) @[ IoU=0.50:0.95 | area= small | maxDets=100 ] = 0.434
 Average Recall     (AR) @[ IoU=0.50:0.95 | area=medium | maxDets=100 ] = 0.791
 Average Recall     (AR) @[ IoU=0.50:0.95 | area= large | maxDets=100 ] = 0.849
2026-07-30 08:40:32,490 - portable_sam_fusion - INFO - Validation bbox/mAP: 0.7080 bbox/mAP_75: 0.8197
Running per image evaluation...
Evaluate annotation type *segm*
DONE (t=11.16s).
Accumulating evaluation results...
DONE (t=0.15s).
 Average Precision  (AP) @[ IoU=0.50:0.95 | area=   all | maxDets=100 ] = 0.439
 Average Precision  (AP) @[ IoU=0.50      | area=   all | maxDets=100 ] = 0.851
 Average Precision  (AP) @[ IoU=0.75      | area=   all | maxDets=100 ] = 0.461
 Average Precision  (AP) @[ IoU=0.50:0.95 | area= small | maxDets=100 ] = 0.057
 Average Precision  (AP) @[ IoU=0.50:0.95 | area=medium | maxDets=100 ] = 0.452
 Average Precision  (AP) @[ IoU=0.50:0.95 | area= large | maxDets=100 ] = 0.629
 Average Recall     (AR) @[ IoU=0.50:0.95 | area=   all | maxDets=  1 ] = 0.021
 Average Recall     (AR) @[ IoU=0.50:0.95 | area=   all | maxDets= 10 ] = 0.141
 Average Recall     (AR) @[ IoU=0.50:0.95 | area=   all | maxDets=100 ] = 0.478
 Average Recall     (AR) @[ IoU=0.50:0.95 | area= small | maxDets=100 ] = 0.101
 Average Recall     (AR) @[ IoU=0.50:0.95 | area=medium | maxDets=100 ] = 0.492
 Average Recall     (AR) @[ IoU=0.50:0.95 | area= large | maxDets=100 ] = 0.674
2026-07-30 08:40:43,829 - portable_sam_fusion - INFO - Validation segm/mAP: 0.4387
2026-07-30 08:40:44,347 - portable_sam_fusion - INFO - New best bbox/mAP: 0.7080
2026-07-30 08:40:44,347 - portable_sam_fusion - INFO - Early-stop metric (segm/mAP): raw=0.4387 smooth(5)=0.4337 best=0.4526 counter=9
2026-07-30 08:40:46,713 - portable_sam_fusion - INFO - Saved best_bbox_model with bbox/mAP: 0.7080
2026-07-30 08:40:52,274 - portable_sam_fusion - INFO - Epoch 30/80 | train=0.239957 val=disabled segm/mAP=0.4387 bbox/mAP=0.7080 | best_segm=0.4663 best_bbox=0.7080 best_comp=0.0000 | sat_backbone=3.54e-04 mask_decoder=3.54e-04 prompt_encoder=3.54e-04 shape_prior=3.54e-04 quality_head=3.54e-04 sat_other=3.54e-04
2026-07-30 08:41:19,417 - portable_sam_fusion - INFO - [DEBUG-BOX] epoch=31 step=8850 fallback_count=0 fallback_ratio=0 num_rois=64 refined_proposal_iou=0 refined_proposal_iou_sum=0 refined_valid_count=0
2026-07-30 08:41:19,418 - portable_sam_fusion - INFO - [DEBUG-COARSE] epoch=31 step=8850 bce_raw=0.1686 boundary_fn=3289 boundary_fp=2641 boundary_tp=2.471e+04 dice=0.09413 dice_loss_raw=0.09413 iou=0.8306 loss_weight=0.1 raw_boundary_fn=3289 raw_boundary_fp=2641 raw_boundary_tp=2.471e+04 raw_dice_score=0.9059 raw_iou=0.8306 weighted_loss=0.02628
2026-07-30 08:41:19,418 - portable_sam_fusion - INFO - [DEBUG-CONTEXT] epoch=31 step=8850 enabled=0
2026-07-30 08:41:19,418 - portable_sam_fusion - INFO - [DEBUG-DENSE] epoch=31 step=8850 applied_delta_norm=2.728 applied_delta_ratio=0.2336 base_norm=11.68 canvas_max=8 canvas_mean=-0.002902 canvas_min=-8 canvas_nonzero_ratio=0.00558 canvas_std=0.4391 final_norm=11.96 residual_alpha=0.5 shape_norm=12.89 source_delta_norm=5.457 source_delta_ratio=0.4672
2026-07-30 08:41:19,418 - portable_sam_fusion - INFO - [DEBUG-GATE] epoch=31 step=8850 shape_dense_alpha_max=0.5 shape_dense_alpha_mean=0.5 shape_dense_alpha_min=0.5
2026-07-30 08:41:19,418 - portable_sam_fusion - INFO - [DEBUG-JITTER] epoch=31 step=8850 area_ratio_count=64 area_ratio_mean=1 area_ratio_sum=64 fallback_count=0 mean_iou=1 num_jittered=0 num_rois=64
2026-07-30 08:41:19,418 - portable_sam_fusion - INFO - [DEBUG-SP] epoch=31 step=8850 all_invalid_count=0 all_invalid_ratio=0 empty_count=0 empty_ratio=0 full_count=0 full_ratio=0 mean_point_distance=24.91 n1_gt_valid_count=64 n1_in_gt_bg=0.8125 n1_in_gt_bg_count=52 n1_valid_count=64 n1_valid_ratio=1 n2_gt_valid_count=64 n2_in_gt_bg=1 n2_in_gt_bg_count=64 n2_valid_count=64 n2_valid_ratio=1 neg_in_pred_bg=1 neg_in_pred_bg_count=128 negative_pair_count=64 negative_pair_distance_sum=2417 p1_gt_valid_count=64 p1_in_gt_fg=1 p1_in_gt_fg_count=64 p1_valid_count=64 p1_valid_ratio=1 p2_gt_valid_count=64 p2_in_gt_fg=1 p2_in_gt_fg_count=64 p2_valid_count=64 p2_valid_ratio=1 point_distance_sum=3189 point_overlap_count=0 point_overlap_ratio=0 point_pair_count=128 pos_in_pred_fg=1 pos_in_pred_fg_count=128 positive_pair_count=64 positive_pair_distance_sum=771.9 roi_count=64 valid_neg_count=128 valid_pos_count=128 warmup_stage=2
2026-07-30 08:42:04,962 - portable_sam_fusion - INFO - [DEBUG-BOX] epoch=31 step=8900 fallback_count=0 fallback_ratio=0 num_rois=64 refined_proposal_iou=0 refined_proposal_iou_sum=0 refined_valid_count=0
2026-07-30 08:42:04,962 - portable_sam_fusion - INFO - [DEBUG-COARSE] epoch=31 step=8900 bce_raw=0.2043 boundary_fn=2687 boundary_fp=2964 boundary_tp=2.383e+04 dice=0.07345 dice_loss_raw=0.07345 iou=0.8669 loss_weight=0.1 raw_boundary_fn=2687 raw_boundary_fp=2964 raw_boundary_tp=2.383e+04 raw_dice_score=0.9265 raw_iou=0.8669 weighted_loss=0.02778
2026-07-30 08:42:04,962 - portable_sam_fusion - INFO - [DEBUG-CONTEXT] epoch=31 step=8900 enabled=0
2026-07-30 08:42:04,962 - portable_sam_fusion - INFO - [DEBUG-DENSE] epoch=31 step=8900 applied_delta_norm=2.508 applied_delta_ratio=0.2148 base_norm=11.68 canvas_max=8 canvas_mean=0.006935 canvas_min=-8 canvas_nonzero_ratio=0.004853 canvas_std=0.4368 final_norm=11.96 residual_alpha=0.5 shape_norm=12.87 source_delta_norm=5.016 source_delta_ratio=0.4295
2026-07-30 08:42:04,962 - portable_sam_fusion - INFO - [DEBUG-GATE] epoch=31 step=8900 shape_dense_alpha_max=0.5 shape_dense_alpha_mean=0.5 shape_dense_alpha_min=0.5
2026-07-30 08:42:04,962 - portable_sam_fusion - INFO - [DEBUG-JITTER] epoch=31 step=8900 area_ratio_count=64 area_ratio_mean=1 area_ratio_sum=64 fallback_count=0 mean_iou=1 num_jittered=0 num_rois=64
2026-07-30 08:42:04,962 - portable_sam_fusion - INFO - [DEBUG-SP] epoch=31 step=8900 all_invalid_count=0 all_invalid_ratio=0 empty_count=0 empty_ratio=0 full_count=0 full_ratio=0 mean_point_distance=21.24 n1_gt_valid_count=64 n1_in_gt_bg=0.6719 n1_in_gt_bg_count=43 n1_valid_count=64 n1_valid_ratio=1 n2_gt_valid_count=64 n2_in_gt_bg=0.9844 n2_in_gt_bg_count=63 n2_valid_count=64 n2_valid_ratio=1 neg_in_pred_bg=1 neg_in_pred_bg_count=128 negative_pair_count=64 negative_pair_distance_sum=2025 p1_gt_valid_count=64 p1_in_gt_fg=1 p1_in_gt_fg_count=64 p1_valid_count=64 p1_valid_ratio=1 p2_gt_valid_count=64 p2_in_gt_fg=1 p2_in_gt_fg_count=64 p2_valid_count=64 p2_valid_ratio=1 point_distance_sum=2719 point_overlap_count=0 point_overlap_ratio=0 point_pair_count=128 pos_in_pred_fg=1 pos_in_pred_fg_count=128 positive_pair_count=64 positive_pair_distance_sum=693.6 roi_count=64 valid_neg_count=128 valid_pos_count=128 warmup_stage=2
2026-07-30 08:42:44,327 - portable_sam_fusion - INFO - epoch 31 | mini-batch 120/294 | optimizer_step 2250/5920 | lr=3.499e-04
2026-07-30 08:42:54,133 - portable_sam_fusion - INFO - [DEBUG-BOX] epoch=31 step=8950 fallback_count=0 fallback_ratio=0 num_rois=64 refined_proposal_iou=0 refined_proposal_iou_sum=0 refined_valid_count=0
2026-07-30 08:42:54,133 - portable_sam_fusion - INFO - [DEBUG-COARSE] epoch=31 step=8950 bce_raw=0.1393 boundary_fn=1585 boundary_fp=2325 boundary_tp=2.521e+04 dice=0.06888 dice_loss_raw=0.06888 iou=0.8736 loss_weight=0.1 raw_boundary_fn=1585 raw_boundary_fp=2325 raw_boundary_tp=2.521e+04 raw_dice_score=0.9311 raw_iou=0.8736 weighted_loss=0.02082
2026-07-30 08:42:54,133 - portable_sam_fusion - INFO - [DEBUG-CONTEXT] epoch=31 step=8950 enabled=0
2026-07-30 08:42:54,133 - portable_sam_fusion - INFO - [DEBUG-DENSE] epoch=31 step=8950 applied_delta_norm=2.84 applied_delta_ratio=0.2432 base_norm=11.68 canvas_max=8 canvas_mean=0.007179 canvas_min=-8 canvas_nonzero_ratio=0.005559 canvas_std=0.4369 final_norm=11.98 residual_alpha=0.5 shape_norm=12.98 source_delta_norm=5.68 source_delta_ratio=0.4864
2026-07-30 08:42:54,133 - portable_sam_fusion - INFO - [DEBUG-GATE] epoch=31 step=8950 shape_dense_alpha_max=0.5 shape_dense_alpha_mean=0.5 shape_dense_alpha_min=0.5
2026-07-30 08:42:54,133 - portable_sam_fusion - INFO - [DEBUG-JITTER] epoch=31 step=8950 area_ratio_count=64 area_ratio_mean=1 area_ratio_sum=64 fallback_count=0 mean_iou=1 num_jittered=0 num_rois=64
2026-07-30 08:42:54,133 - portable_sam_fusion - INFO - [DEBUG-SP] epoch=31 step=8950 all_invalid_count=0 all_invalid_ratio=0 empty_count=0 empty_ratio=0 full_count=0 full_ratio=0 mean_point_distance=25.82 n1_gt_valid_count=64 n1_in_gt_bg=0.875 n1_in_gt_bg_count=56 n1_valid_count=64 n1_valid_ratio=1 n2_gt_valid_count=64 n2_in_gt_bg=1 n2_in_gt_bg_count=64 n2_valid_count=64 n2_valid_ratio=1 neg_in_pred_bg=1 neg_in_pred_bg_count=128 negative_pair_count=64 negative_pair_distance_sum=2494 p1_gt_valid_count=64 p1_in_gt_fg=1 p1_in_gt_fg_count=64 p1_valid_count=64 p1_valid_ratio=1 p2_gt_valid_count=64 p2_in_gt_fg=1 p2_in_gt_fg_count=64 p2_valid_count=64 p2_valid_ratio=1 point_distance_sum=3306 point_overlap_count=0 point_overlap_ratio=0 point_pair_count=128 pos_in_pred_fg=1 pos_in_pred_fg_count=128 positive_pair_count=64 positive_pair_distance_sum=812 roi_count=64 valid_neg_count=128 valid_pos_count=128 warmup_stage=2
2026-07-30 08:43:39,457 - portable_sam_fusion - INFO - [DEBUG-BOX] epoch=31 step=9000 fallback_count=0 fallback_ratio=0 num_rois=64 refined_proposal_iou=0 refined_proposal_iou_sum=0 refined_valid_count=0
2026-07-30 08:43:39,457 - portable_sam_fusion - INFO - [DEBUG-COARSE] epoch=31 step=9000 bce_raw=0.1861 boundary_fn=2793 boundary_fp=3119 boundary_tp=2.604e+04 dice=0.1021 dice_loss_raw=0.1021 iou=0.8184 loss_weight=0.1 raw_boundary_fn=2793 raw_boundary_fp=3119 raw_boundary_tp=2.604e+04 raw_dice_score=0.8979 raw_iou=0.8184 weighted_loss=0.02882
2026-07-30 08:43:39,457 - portable_sam_fusion - INFO - [DEBUG-CONTEXT] epoch=31 step=9000 enabled=0
2026-07-30 08:43:39,457 - portable_sam_fusion - INFO - [DEBUG-DENSE] epoch=31 step=9000 applied_delta_norm=4.576 applied_delta_ratio=0.3918 base_norm=11.68 canvas_max=8 canvas_mean=-0.006814 canvas_min=-8 canvas_nonzero_ratio=0.01412 canvas_std=0.6604 final_norm=12.53 residual_alpha=0.5 shape_norm=14.92 source_delta_norm=9.152 source_delta_ratio=0.7837
2026-07-30 08:43:39,457 - portable_sam_fusion - INFO - [DEBUG-GATE] epoch=31 step=9000 shape_dense_alpha_max=0.5 shape_dense_alpha_mean=0.5 shape_dense_alpha_min=0.5
2026-07-30 08:43:39,457 - portable_sam_fusion - INFO - [DEBUG-JITTER] epoch=31 step=9000 area_ratio_count=64 area_ratio_mean=1 area_ratio_sum=64 fallback_count=0 mean_iou=1 num_jittered=0 num_rois=64
2026-07-30 08:43:39,457 - portable_sam_fusion - INFO - [DEBUG-SP] epoch=31 step=9000 all_invalid_count=0 all_invalid_ratio=0 empty_count=0 empty_ratio=0 full_count=0 full_ratio=0 mean_point_distance=45.25 n1_gt_valid_count=64 n1_in_gt_bg=0.9375 n1_in_gt_bg_count=60 n1_valid_count=64 n1_valid_ratio=1 n2_gt_valid_count=64 n2_in_gt_bg=1 n2_in_gt_bg_count=64 n2_valid_count=64 n2_valid_ratio=1 neg_in_pred_bg=1 neg_in_pred_bg_count=128 negative_pair_count=64 negative_pair_distance_sum=4162 p1_gt_valid_count=64 p1_in_gt_fg=0.9844 p1_in_gt_fg_count=63 p1_valid_count=64 p1_valid_ratio=1 p2_gt_valid_count=64 p2_in_gt_fg=1 p2_in_gt_fg_count=64 p2_valid_count=64 p2_valid_ratio=1 point_distance_sum=5792 point_overlap_count=0 point_overlap_ratio=0 point_pair_count=128 pos_in_pred_fg=1 pos_in_pred_fg_count=128 positive_pair_count=64 positive_pair_distance_sum=1630 roi_count=64 valid_neg_count=128 valid_pos_count=128 warmup_stage=2
2026-07-30 08:44:23,872 - portable_sam_fusion - INFO - [DEBUG-BOX] epoch=31 step=9050 fallback_count=0 fallback_ratio=0 num_rois=64 refined_proposal_iou=0 refined_proposal_iou_sum=0 refined_valid_count=0
2026-07-30 08:44:23,872 - portable_sam_fusion - INFO - [DEBUG-COARSE] epoch=31 step=9050 bce_raw=0.1304 boundary_fn=1825 boundary_fp=1746 boundary_tp=2.406e+04 dice=0.06227 dice_loss_raw=0.06227 iou=0.8841 loss_weight=0.1 raw_boundary_fn=1825 raw_boundary_fp=1746 raw_boundary_tp=2.406e+04 raw_dice_score=0.9377 raw_iou=0.8841 weighted_loss=0.01927
2026-07-30 08:44:23,872 - portable_sam_fusion - INFO - [DEBUG-CONTEXT] epoch=31 step=9050 enabled=0
2026-07-30 08:44:23,872 - portable_sam_fusion - INFO - [DEBUG-DENSE] epoch=31 step=9050 applied_delta_norm=2.958 applied_delta_ratio=0.2533 base_norm=11.68 canvas_max=8 canvas_mean=0.007431 canvas_min=-8 canvas_nonzero_ratio=0.006336 canvas_std=0.4994 final_norm=12.05 residual_alpha=0.5 shape_norm=13.22 source_delta_norm=5.915 source_delta_ratio=0.5065
2026-07-30 08:44:23,872 - portable_sam_fusion - INFO - [DEBUG-GATE] epoch=31 step=9050 shape_dense_alpha_max=0.5 shape_dense_alpha_mean=0.5 shape_dense_alpha_min=0.5
2026-07-30 08:44:23,872 - portable_sam_fusion - INFO - [DEBUG-JITTER] epoch=31 step=9050 area_ratio_count=64 area_ratio_mean=1 area_ratio_sum=64 fallback_count=0 mean_iou=1 num_jittered=0 num_rois=64
2026-07-30 08:44:23,872 - portable_sam_fusion - INFO - [DEBUG-SP] epoch=31 step=9050 all_invalid_count=0 all_invalid_ratio=0 empty_count=0 empty_ratio=0 full_count=0 full_ratio=0 mean_point_distance=27.68 n1_gt_valid_count=64 n1_in_gt_bg=0.9531 n1_in_gt_bg_count=61 n1_valid_count=64 n1_valid_ratio=1 n2_gt_valid_count=64 n2_in_gt_bg=1 n2_in_gt_bg_count=64 n2_valid_count=64 n2_valid_ratio=1 neg_in_pred_bg=1 neg_in_pred_bg_count=128 negative_pair_count=64 negative_pair_distance_sum=2526 p1_gt_valid_count=64 p1_in_gt_fg=1 p1_in_gt_fg_count=64 p1_valid_count=64 p1_valid_ratio=1 p2_gt_valid_count=64 p2_in_gt_fg=1 p2_in_gt_fg_count=64 p2_valid_count=64 p2_valid_ratio=1 point_distance_sum=3543 point_overlap_count=0 point_overlap_ratio=0 point_pair_count=128 pos_in_pred_fg=1 pos_in_pred_fg_count=128 positive_pair_count=64 positive_pair_distance_sum=1017 roi_count=64 valid_neg_count=128 valid_pos_count=128 warmup_stage=2
2026-07-30 08:45:08,408 - portable_sam_fusion - INFO - [DEBUG-BOX] epoch=31 step=9100 fallback_count=0 fallback_ratio=0 num_rois=64 refined_proposal_iou=0 refined_proposal_iou_sum=0 refined_valid_count=0
2026-07-30 08:45:08,409 - portable_sam_fusion - INFO - [DEBUG-COARSE] epoch=31 step=9100 bce_raw=0.1482 boundary_fn=1987 boundary_fp=2865 boundary_tp=2.28e+04 dice=0.06065 dice_loss_raw=0.06065 iou=0.8876 loss_weight=0.1 raw_boundary_fn=1987 raw_boundary_fp=2865 raw_boundary_tp=2.28e+04 raw_dice_score=0.9393 raw_iou=0.8876 weighted_loss=0.02089
2026-07-30 08:45:08,409 - portable_sam_fusion - INFO - [DEBUG-CONTEXT] epoch=31 step=9100 enabled=0
2026-07-30 08:45:08,409 - portable_sam_fusion - INFO - [DEBUG-DENSE] epoch=31 step=9100 applied_delta_norm=2.692 applied_delta_ratio=0.2305 base_norm=11.68 canvas_max=8 canvas_mean=0.01444 canvas_min=-8 canvas_nonzero_ratio=0.005005 canvas_std=0.4101 final_norm=11.98 residual_alpha=0.5 shape_norm=12.94 source_delta_norm=5.383 source_delta_ratio=0.461
2026-07-30 08:45:08,409 - portable_sam_fusion - INFO - [DEBUG-GATE] epoch=31 step=9100 shape_dense_alpha_max=0.5 shape_dense_alpha_mean=0.5 shape_dense_alpha_min=0.5
2026-07-30 08:45:08,409 - portable_sam_fusion - INFO - [DEBUG-JITTER] epoch=31 step=9100 area_ratio_count=64 area_ratio_mean=1 area_ratio_sum=64 fallback_count=0 mean_iou=1 num_jittered=0 num_rois=64
2026-07-30 08:45:08,409 - portable_sam_fusion - INFO - [DEBUG-SP] epoch=31 step=9100 all_invalid_count=0 all_invalid_ratio=0 empty_count=0 empty_ratio=0 full_count=0 full_ratio=0 mean_point_distance=23.29 n1_gt_valid_count=64 n1_in_gt_bg=0.875 n1_in_gt_bg_count=56 n1_valid_count=64 n1_valid_ratio=1 n2_gt_valid_count=64 n2_in_gt_bg=0.9688 n2_in_gt_bg_count=62 n2_valid_count=64 n2_valid_ratio=1 neg_in_pred_bg=1 neg_in_pred_bg_count=128 negative_pair_count=64 negative_pair_distance_sum=2298 p1_gt_valid_count=64 p1_in_gt_fg=1 p1_in_gt_fg_count=64 p1_valid_count=64 p1_valid_ratio=1 p2_gt_valid_count=64 p2_in_gt_fg=1 p2_in_gt_fg_count=64 p2_valid_count=64 p2_valid_ratio=1 point_distance_sum=2981 point_overlap_count=0 point_overlap_ratio=0 point_pair_count=128 pos_in_pred_fg=1 pos_in_pred_fg_count=128 positive_pair_count=64 positive_pair_distance_sum=682.7 roi_count=64 valid_neg_count=128 valid_pos_count=128 warmup_stage=2
2026-07-30 08:45:21,710 - portable_sam_fusion - INFO - Epoch 31 detailed losses: loss_rpn_cls=0.0130, loss_rpn_bbox=0.0039, loss_cls=0.1513, acc=94.1564, loss_bbox=0.0568, loss_mask=0.0012, schedule/det_weight=1.0000, debug_mask_pos_rois=56.0986, debug_mask_logit_mean=-17.1981, debug_mask_logit_std=3.2515, debug_mask_prob_mean=0.0049, debug_mask_prob_ge05=0.0048, debug_mask_target_fill=0.0049, loss_shape_prior=0.0194
2026-07-30 08:45:21,710 - portable_sam_fusion - INFO - Epoch 31 dense residual monitor: alpha=0.500000 source_delta_norm=7.1781 applied_delta_norm=3.5890 source_delta_ratio=0.614646 applied_delta_ratio=0.307323
2026-07-30 08:45:21,710 - portable_sam_fusion - INFO - Epoch 31 primary loss shares: det=91.60% final_mask=0.50% shape=7.91% p2_boundary=0.00%
2026-07-30 08:45:21,710 - portable_sam_fusion - INFO - Epoch 31 schedule: det_loss_weight=1.000 early_stop_start=20 min_delta=0.0005
2026-07-30 08:45:21,710 - portable_sam_fusion - INFO - Epoch 31 learning rates: sat_backbone=3.44e-04, mask_decoder=3.44e-04, prompt_encoder=3.44e-04, shape_prior=3.44e-04, quality_head=3.44e-04, sat_other=3.44e-04
2026-07-30 08:48:01,870 - portable_sam_fusion - INFO - Validation samples: GT=15926, DT=16361, avg_masks_per_image=26.09, avg_mask_fill=0.0048
creating index...
index created!
Loading and preparing results...
DONE (t=0.02s)
creating index...
index created!
Running per image evaluation...
Evaluate annotation type *bbox*
DONE (t=10.31s).
Accumulating evaluation results...
DONE (t=0.15s).
 Average Precision  (AP) @[ IoU=0.50:0.95 | area=   all | maxDets=100 ] = 0.696
 Average Precision  (AP) @[ IoU=0.50      | area=   all | maxDets=100 ] = 0.892
 Average Precision  (AP) @[ IoU=0.75      | area=   all | maxDets=100 ] = 0.830
 Average Precision  (AP) @[ IoU=0.50:0.95 | area= small | maxDets=100 ] = 0.353
 Average Precision  (AP) @[ IoU=0.50:0.95 | area=medium | maxDets=100 ] = 0.738
 Average Precision  (AP) @[ IoU=0.50:0.95 | area= large | maxDets=100 ] = 0.770
 Average Recall     (AR) @[ IoU=0.50:0.95 | area=   all | maxDets=  1 ] = 0.026
 Average Recall     (AR) @[ IoU=0.50:0.95 | area=   all | maxDets= 10 ] = 0.187
 Average Recall     (AR) @[ IoU=0.50:0.95 | area=   all | maxDets=100 ] = 0.741
 Average Recall     (AR) @[ IoU=0.50:0.95 | area= small | maxDets=100 ] = 0.450
 Average Recall     (AR) @[ IoU=0.50:0.95 | area=medium | maxDets=100 ] = 0.782
 Average Recall     (AR) @[ IoU=0.50:0.95 | area= large | maxDets=100 ] = 0.812
2026-07-30 08:48:12,537 - portable_sam_fusion - INFO - Validation bbox/mAP: 0.6963 bbox/mAP_75: 0.8303
Running per image evaluation...
Evaluate annotation type *segm*
DONE (t=10.82s).
Accumulating evaluation results...
DONE (t=0.15s).
 Average Precision  (AP) @[ IoU=0.50:0.95 | area=   all | maxDets=100 ] = 0.451
 Average Precision  (AP) @[ IoU=0.50      | area=   all | maxDets=100 ] = 0.861
 Average Precision  (AP) @[ IoU=0.75      | area=   all | maxDets=100 ] = 0.476
 Average Precision  (AP) @[ IoU=0.50:0.95 | area= small | maxDets=100 ] = 0.069
 Average Precision  (AP) @[ IoU=0.50:0.95 | area=medium | maxDets=100 ] = 0.468
 Average Precision  (AP) @[ IoU=0.50:0.95 | area= large | maxDets=100 ] = 0.638
 Average Recall     (AR) @[ IoU=0.50:0.95 | area=   all | maxDets=  1 ] = 0.020
 Average Recall     (AR) @[ IoU=0.50:0.95 | area=   all | maxDets= 10 ] = 0.142
 Average Recall     (AR) @[ IoU=0.50:0.95 | area=   all | maxDets=100 ] = 0.495
 Average Recall     (AR) @[ IoU=0.50:0.95 | area= small | maxDets=100 ] = 0.118
 Average Recall     (AR) @[ IoU=0.50:0.95 | area=medium | maxDets=100 ] = 0.511
 Average Recall     (AR) @[ IoU=0.50:0.95 | area= large | maxDets=100 ] = 0.686
2026-07-30 08:48:23,540 - portable_sam_fusion - INFO - Validation segm/mAP: 0.4511
2026-07-30 08:48:24,382 - portable_sam_fusion - INFO - Early-stop metric (segm/mAP): raw=0.4511 smooth(5)=0.4343 best=0.4526 counter=10
2026-07-30 08:48:29,437 - portable_sam_fusion - INFO - Epoch 31/80 | train=0.245629 val=disabled segm/mAP=0.4511 bbox/mAP=0.6963 | best_segm=0.4663 best_bbox=0.7080 best_comp=0.0000 | sat_backbone=3.44e-04 mask_decoder=3.44e-04 prompt_encoder=3.44e-04 shape_prior=3.44e-04 quality_head=3.44e-04 sat_other=3.44e-04
2026-07-30 08:48:29,437 - portable_sam_fusion - INFO - Early stopping triggered (patience=10)
