terminal_log=/home/wangcheng/project/new/portable_sam2_explicit_coarse/logs/ablations/c4_pafpn_coarse_points_box_dense_densefix_unfreeze_tr0.2_va1.0_20260730_031800_pid428758.log
/home/wangcheng/miniconda3/envs/cvt2/lib/python3.9/site-packages/imagecorruptions/corruptions.py:17: UserWarning: pkg_resources is deprecated as an API. See https://setuptools.pypa.io/en/latest/pkg_resources.html. The pkg_resources package is slated for removal as early as 2025-11-30. Refrain from using this package or pin to Setuptools<81.
  from pkg_resources import resource_filename
{"ablation_id": "c4_pafpn_coarse_points_box_dense", "architecture_contract": {"architecture_id": "c4_pafpn_coarse_points_box_dense", "model_fingerprint": "830b49f74f4c43b22382de8cd36c027c3d137edf6ff9892f54d7c1f69ceafd07", "schema_version": 2}, "config": "configs/whu1024_baseplus_explicit_coarse_densefix.py", "dense_prompt_enabled": true, "explicit_prompt_mode": "points_box_dense", "final_mask_coordinate_mode": "full_image", "final_mask_loss_config": {}, "final_mask_loss_mode": "standard", "neck": "RSSAM2PAFPN", "p2_boundary_refiner_config": {"aligned": true, "beta": 0.2, "boundary_band_radius": 2, "boundary_loss_weight": 0.05, "coarse_size": 64, "delta_logit_max": 2.0, "enabled": false, "foreground_thr": 0.5, "max_search_coverage": 0.5, "mid_channels": 64, "p2_in_channels": 512, "projected_channels": 64, "roi_output_size": 32, "sampling_ratio": 0, "search_band_radius": 4, "spatial_scale": 0.25, "zero_init_residual": true}, "p2_boundary_refiner_enabled": false, "prompt_encoder_enabled": true, "prompt_route": "coarse", "prompt_sparse_mode": "shape_point", "quality_head_enabled": false, "roi_sam_config": {}, "roi_sam_enabled": false, "sam_image_embedding_size": 32, "sam_image_embedding_stride": 32, "segm_score_key": "scores", "segm_score_mode": "detector", "shape_context_fusion": "roi_only", "shape_loss_schedule_mode": "fixed", "shape_point_adaptive_validity": true, "shape_prior_enabled": true, "shape_prior_loss_weight": 0.1, "subset_seed": 44, "train_subset_ratio": 0.2, "val_subset_ratio": 1.0}
ablation contract: OK
============================================================
resolved_hyperparameters_begin
timestamp=20260730_031800
environment_config=/home/wangcheng/project/new/portable_sam2_explicit_coarse/configs/environment.local.sh
git_commit=88c4b3ebebc720b5e4c42f3c7adbd8494cad944d
ablation_id=c4_pafpn_coarse_points_box_dense
expected_architecture_id=c4_pafpn_coarse_points_box_dense
run_tag=c4_pafpn_coarse_points_box_dense_densefix_unfreeze
run_suffix=
neck_type=pafpn
prompt_route=coarse
prompt_generator_mode=explicit_mask
prompt_sparse_mode=shape_point
prompt_encoder_enabled=1
shape_prior_enabled=1
explicit_prompt_mode=points_box_dense
p2_boundary_refiner_enabled=0
final_mask_coordinate_mode=full_image
final_mask_loss_mode=standard
final_mask_roi_expand_ratio=1.20
final_mask_roi_bce_weight=1.0
final_mask_roi_dice_weight=1.0
final_mask_outside_bce_weight=0.05
roi_sam_enabled=0
roi_sam_sampling_ratio=2
sam_image_embedding_stride=32
sam_image_embedding_size=32
train_subset_ratio=0.2
val_subset_ratio=1.0
val_batch_size=1
subset_seed=44
python=/home/wangcheng/miniconda3/envs/cvt2/bin/python
nproc_per_node=2
master_port=28758
master_port_source=auto_pid
ddp_timeout_seconds=1800
ddp_timeout_source=baseline_default
ddp_control_backend=gloo
ddp_control_timeout_seconds=86400
cuda_visible_devices=1,2
batch_size_per_rank=1
grad_accum_steps=4
effective_global_batch_size=8
epochs=80
learning_rate=5e-4
amp=0
ema_enabled=0
ema_decay=0.999
ema_eval=0
ema_save_best=0
val_every_n_epochs=1
compute_val_loss=0
save_bbox_best_metric=bbox/mAP
segm_score_mode=detector
early_stopping_patience=10
early_stopping_start_epoch=20
early_stopping_min_delta=5e-4
early_stopping_smooth_window=5
sat_backbone_lr_mult=1.0
sat_other_lr_mult=1.0
mask_decoder_lr_mult=1.0
no_mask_lr_mult=1.0
prompt_encoder_lr_mult=1.0
shape_prior_lr_mult=1.0
shape_context_fusion=roi_only
p2_boundary_refiner_lr_mult=1.0
p2_boundary_refiner_projected_channels=64
p2_boundary_refiner_mid_channels=64
p2_boundary_refiner_delta_logit_max=2.0
p2_boundary_refiner_loss_weight=0.05
allow_cross_arch_init=0
warmup_iters=100
weight_decay=0.05
det_loss_stage1_end=5
det_loss_stage2_end=10
det_loss_weight_stage1=1.0
det_loss_weight_stage2=1.0
det_loss_weight_stage3=1.0
ema_update_every=1
ema_eval_start_epoch=5
shape_point_adaptive_validity=1
shape_loss_schedule_mode=fixed
shape_prior_loss_weight=0.10
shape_loss_stage1_end=5
shape_loss_weight_stage1=0.20
shape_loss_weight_stage2=0.10
point_warmup_enabled=0
point_warmup_no_point_epochs=0
point_warmup_one_pair_epochs=0
point_warmup_full_start_epoch=1
prompt_debug_stats=1
prompt_debug_stats_interval=50
max_train_batches=0
max_val_batches=0
init_from=
init_exclude_prefixes=
resume_from=
check_data=0
preflight_model=0
dry_run=0
run_in_background=1
sam2_repo=/home/wangcheng/project/new/sam2
sam2_checkpoint=/data1/wangcheng/pretrained/sam2_hiera_base_plus.pt
data_root=/data1/wangcheng/dataset/WHU
checkpoint_root=/data1/wangcheng/checkpoint/portable_sam2_explicit_coarse
log_root=/home/wangcheng/project/new/portable_sam2_explicit_coarse/logs
tmp_root=/tmp/portable_sam2_explicit_coarse
config=configs/whu1024_baseplus_explicit_coarse_densefix.py
checkpoint_dir=/data1/wangcheng/checkpoint/portable_sam2_explicit_coarse/ablations/c4_pafpn_coarse_points_box_dense_densefix_unfreeze_tr0.2_va1.0
log_file=/home/wangcheng/project/new/portable_sam2_explicit_coarse/logs/ablations/c4_pafpn_coarse_points_box_dense_densefix_unfreeze_tr0.2_va1.0_20260730_031800_pid428758.log
command= /home/wangcheng/miniconda3/envs/cvt2/bin/python -m torch.distributed.run --nproc_per_node=2 --master_port=28758 train/train_rsprompter_fusion.py --config configs/whu1024_baseplus_explicit_coarse_densefix.py --data-root /data1/wangcheng/dataset/WHU --use-whu-coco --image-size 1024 1024 --batch-size 1 --grad-accum-steps 4 --epochs 80 --lr 5e-4 --checkpoint-dir /data1/wangcheng/checkpoint/portable_sam2_explicit_coarse/ablations/c4_pafpn_coarse_points_box_dense_densefix_unfreeze_tr0.2_va1.0 --train-subset-ratio 0.2 --val-subset-ratio 1.0 --val-batch-size 1 --seed 44 --amp 0 --ema-enabled 0 --ema-decay 0.999 --ema-eval 0 --ema-save-best 0 --val-every-n-epochs 1 --compute-val-loss 0 --early-stopping-patience 10 --early-stopping-start-epoch 20 --early-stopping-min-delta 5e-4 --early-stopping-smooth-window 5 --sat-backbone-lr-mult 1.0 --sat-other-lr-mult 1.0 --mask-decoder-lr-mult 1.0 --no-mask-lr-mult 1.0 --prompt-encoder-lr-mult 1.0 --shape-prior-lr-mult 1.0 --p2-boundary-refiner-lr-mult 1.0 --warmup-iters 100 --weight-decay 0.05 --det-loss-stage1-end 5 --det-loss-stage2-end 10 --det-loss-weight-stage1 1.0 --det-loss-weight-stage2 1.0 --det-loss-weight-stage3 1.0 --ema-update-every 1 --ema-eval-start-epoch 5 --prompt-debug-stats 1 --prompt-debug-stats-interval 50
resolved_hyperparameters_end
============================================================
launch_mode=background
background_pid=428951
follow_log=tail -f /home/wangcheng/project/new/portable_sam2_explicit_coarse/logs/ablations/c4_pafpn_coarse_points_box_dense_densefix_unfreeze_tr0.2_va1.0_20260730_031800_pid428758.log
status_command=ps -fp 428951

*****************************************
Setting OMP_NUM_THREADS environment variable for each process to be 1 in default, to avoid your system being overloaded, please further tune the variable for optimal performance in your application as needed. 
*****************************************
/home/wangcheng/miniconda3/envs/cvt2/lib/python3.9/site-packages/imagecorruptions/corruptions.py:17: UserWarning: pkg_resources is deprecated as an API. See https://setuptools.pypa.io/en/latest/pkg_resources.html. The pkg_resources package is slated for removal as early as 2025-11-30. Refrain from using this package or pin to Setuptools<81.
  from pkg_resources import resource_filename
[seed] Random seed fixed to 44 | cudnn.deterministic=True
/home/wangcheng/miniconda3/envs/cvt2/lib/python3.9/site-packages/imagecorruptions/corruptions.py:17: UserWarning: pkg_resources is deprecated as an API. See https://setuptools.pypa.io/en/latest/pkg_resources.html. The pkg_resources package is slated for removal as early as 2025-11-30. Refrain from using this package or pin to Setuptools<81.
  from pkg_resources import resource_filename
[Gloo] Rank [Gloo] Rank 10 is connected to  is connected to 11 peer ranks.  peer ranks. Expected number of connected peer ranks is : Expected number of connected peer ranks is : 11

2026-07-30 03:18:15,826 - portable_sam_fusion - INFO - DDP process-group timeout: 1800 seconds
2026-07-30 03:18:15,827 - portable_sam_fusion - INFO - DDP validation control: backend=gloo timeout=86400 seconds
2026-07-30 03:18:16,988 - portable_sam_fusion - INFO - Architecture contract: id=c4_pafpn_coarse_points_box_dense schema=2 fingerprint=830b49f74f4c43b22382de8cd36c027c3d137edf6ff9892f54d7c1f69ceafd07
[RSSAM2VisionEncoder] Loading SAM2 base_plus model
  - embed_dim: 112
  - stages: (2, 3, 16, 3)
  - backbone_channels: [896, 448, 224, 112]
Loads checkpoint by local backend from path: /data1/wangcheng/pretrained/sam2_hiera_base_plus.pt
Loads checkpoint by local backend from path: /data1/wangcheng/pretrained/sam2_hiera_base_plus.pt
[ImageEncoder(base_plus)] Loaded 306 keys. missing=0, unexpected=0
Loads checkpoint by local backend from path: /data1/wangcheng/pretrained/sam2_hiera_base_plus.pt
[RSSAM2VisionEncoder] Applied LoRA with config:
  - r=16, alpha=32
  - target_modules=['qkv', 'proj']
  - dropout=0.05
  - modules_to_save=['neck']
trainable params: 1,492,528 || all params: 70,599,344 || trainable%: 2.114081966540652
[RSSAM2VisionEncoder] LoRA audit: backbone total=70599344, trainable=1492528, lora_trainable=1061424, unexpected_trainable=0
Loads checkpoint by local backend from path: /data1/wangcheng/pretrained/sam2_hiera_base_plus.pt
Loads checkpoint by local backend from path: /data1/wangcheng/pretrained/sam2_hiera_base_plus.pt
[SAM2] using package: /home/wangcheng/project/new/sam2/sam2/__init__.py
Loads checkpoint by local backend from path: /data1/wangcheng/pretrained/sam2_hiera_base_plus.pt
[MaskDecoder] Loaded 131 keys. missing=0, unexpected=0
  use_high_res_features: True
  Has conv_s0: True
  Has conv_s1: True
Loads checkpoint by local backend from path: /data1/wangcheng/pretrained/sam2_hiera_base_plus.pt
[MaskHead] Initialized no_mask_embed from SAM2 ckpt, frozen, abs_mean=0.01521041
Loads checkpoint by local backend from path: /data1/wangcheng/pretrained/sam2_hiera_base_plus.pt
[PromptEncoder] Loaded 17 keys. missing=0, unexpected=0
2026-07-30 03:18:20,069 - portable_sam_fusion - INFO - Evaluation score contract: bbox=scores segm=scores mode=detector
2026-07-30 03:18:23,586 - data.whu_instance_dataset - INFO - 加载 WHU 样本: 2943 (train.json)
2026-07-30 03:18:23,624 - data.whu_instance_dataset - INFO - 加载 WHU 样本: 2943 (train.json)
2026-07-30 03:18:23,724 - data.loader - INFO - WHU train subset: 588/2943 images (ratio=0.200000, seed=44)
2026-07-30 03:18:23,772 - data.loader - INFO - WHU train subset: 588/2943 images (ratio=0.200000, seed=44)
2026-07-30 03:18:23,859 - data.whu_instance_dataset - INFO - 加载 WHU 样本: 627 (validation.json)
2026-07-30 03:18:23,859 - data.loader - INFO - 创建 WHU 验证集加载器: 627 样本
2026-07-30 03:18:23,860 - portable_sam_fusion - INFO - Validation policy: rank0_only=1 batch_size=1 every_n_epochs=1 compute_loss=0
2026-07-30 03:18:23,860 - portable_sam_fusion - INFO - Dataset size: 588 | mini-batch/epoch=294 | grad_accum=4 | optimizer_steps/epoch=74 | total_optimizer_steps=5920
2026-07-30 03:18:23,863 - portable_sam_fusion - INFO - Optimizer group sat_backbone    params=1492528 tensors=112 lr=5.000e-04 wd=5.000e-02 first=backbone.encoder.base_model.model.trunk.patch_embed.proj.lora_A.default.weight last=backbone.encoder.base_model.model.neck.modules_to_save.default.convs.3.conv.bias
2026-07-30 03:18:23,863 - portable_sam_fusion - INFO - Optimizer group mask_decoder    params=4082497 tensors=125 lr=5.000e-04 wd=5.000e-02 first=roi_head.mask_head.mask_decoder.decoder.transformer.layers.0.self_attn.q_proj.weight last=roi_head.mask_head.mask_decoder.decoder.pred_obj_score_head.layers.2.bias
2026-07-30 03:18:23,864 - portable_sam_fusion - INFO - Optimizer group prompt_encoder  params=4684 tensors=10 lr=5.000e-04 wd=0.000e+00 first=roi_head.mask_head.prompt_encoder.mask_downscaling.0.weight last=roi_head.mask_head.prompt_encoder.mask_downscaling.6.bias
2026-07-30 03:18:23,864 - portable_sam_fusion - INFO - Optimizer group shape_prior     params=960385 tensors=18 lr=5.000e-04 wd=5.000e-02 first=roi_head.mask_head.shape_injector.mask_decoder.net.0.weight last=roi_head.mask_head.shape_injector.mask_decoder.net.14.bias
2026-07-30 03:18:23,864 - portable_sam_fusion - INFO - Optimizer group quality_head    params=132612 tensors=6 lr=5.000e-04 wd=5.000e-02 first=roi_head.mask_head.mask_decoder.decoder.iou_prediction_head.layers.0.weight last=roi_head.mask_head.mask_decoder.decoder.iou_prediction_head.layers.2.bias
2026-07-30 03:18:23,864 - portable_sam_fusion - INFO - Optimizer group sat_other       params=37130793 tensors=78 lr=5.000e-04 wd=5.000e-02 first=neck.level_scales last=roi_head.bbox_head.shared_fcs.1.bias
2026-07-30 03:18:23,866 - portable_sam_fusion - INFO - Trainable state backbone               1492528 / 70599344
2026-07-30 03:18:23,866 - portable_sam_fusion - INFO - Trainable state shared_image_embedding absent
2026-07-30 03:18:23,867 - portable_sam_fusion - INFO - Trainable state mask_decoder           4215109 / 4215109
2026-07-30 03:18:23,867 - portable_sam_fusion - INFO - Trainable state no_mask_embed          0 / 256
2026-07-30 03:18:23,867 - portable_sam_fusion - INFO - Trainable state prompt_encoder         4684 / 6220
2026-07-30 03:18:23,867 - portable_sam_fusion - INFO - Trainable state shape_injector         960385 / 960385
2026-07-30 03:18:23,867 - portable_sam_fusion - INFO - Trainable state p2_boundary_refiner    absent
2026-07-30 03:18:23,867 - portable_sam_fusion - INFO - Trainable state quality_head           absent
2026-07-30 03:18:23,867 - portable_sam_fusion - INFO - Trainable state uav_roi_retriever      absent
2026-07-30 03:18:23,867 - portable_sam_fusion - INFO - Trainable state uav_roi_gate           absent
2026-07-30 03:18:23,867 - portable_sam_fusion - INFO - Trainable state uav_roi_dense_prompt   absent
2026-07-30 03:18:23,867 - portable_sam_fusion - INFO - Trainable state uav_roi_prompt_adapter absent
2026-07-30 03:18:23,867 - portable_sam_fusion - INFO - Trainable state uav_prompt_adapter_sparse_scale absent
2026-07-30 03:18:23,867 - portable_sam_fusion - INFO - Trainable state uav_prompt_adapter_dense_scale absent
2026-07-30 03:18:23,867 - portable_sam_fusion - INFO - Using user-specified warmup: 100 optimizer steps
2026-07-30 03:18:23,899 - data.whu_instance_dataset - INFO - 加载 WHU 样本: 627 (validation.json)
2026-07-30 03:18:23,899 - data.loader - INFO - 创建 WHU 验证集加载器: 627 样本
[DEBUG] RSSAM2PAFPN inputs: 4 tensors
  [0] shape=torch.Size([1, 256, 256, 256]), dtype=torch.float32
  [1] shape=torch.Size([1, 256, 128, 128]), dtype=torch.float32
  [2] shape=torch.Size([1, 256, 64, 64]), dtype=torch.float32
  [3] shape=torch.Size([1, 256, 32, 32]), dtype=torch.float32
2026-07-30 03:19:37,637 - portable_sam_fusion - INFO - [DEBUG-BOX] epoch=1 step=50 fallback_count=0 fallback_ratio=0 num_rois=64 refined_proposal_iou=0 refined_proposal_iou_sum=0 refined_valid_count=0
2026-07-30 03:19:37,638 - portable_sam_fusion - INFO - [DEBUG-COARSE] epoch=1 step=50 bce_raw=0.5647 boundary_fn=1.45e+04 boundary_fp=2.006e+04 boundary_tp=1.802e+04 dice=0.3187 dice_loss_raw=0.3187 iou=0.5189 loss_weight=0.1 raw_boundary_fn=1.45e+04 raw_boundary_fp=2.006e+04 raw_boundary_tp=1.802e+04 raw_dice_score=0.6813 raw_iou=0.5189 weighted_loss=0.08834
2026-07-30 03:19:37,638 - portable_sam_fusion - INFO - [DEBUG-CONTEXT] epoch=1 step=50 enabled=0
2026-07-30 03:19:37,638 - portable_sam_fusion - INFO - [DEBUG-DENSE] epoch=1 step=50 applied_delta_norm=3.168 applied_delta_ratio=0.2713 base_norm=11.68 canvas_max=1.814 canvas_mean=0.005158 canvas_min=-0.8152 canvas_nonzero_ratio=0.007127 canvas_std=0.08426 final_norm=12.01 residual_alpha=0.5 shape_norm=13.17 source_delta_norm=6.336 source_delta_ratio=0.5426
2026-07-30 03:19:37,638 - portable_sam_fusion - INFO - [DEBUG-GATE] epoch=1 step=50 shape_dense_alpha_max=0.5 shape_dense_alpha_mean=0.5 shape_dense_alpha_min=0.5
2026-07-30 03:19:37,638 - portable_sam_fusion - INFO - [DEBUG-JITTER] epoch=1 step=50 area_ratio_count=64 area_ratio_mean=1 area_ratio_sum=64 fallback_count=0 mean_iou=1 num_jittered=0 num_rois=64
2026-07-30 03:19:37,638 - portable_sam_fusion - INFO - [DEBUG-SP] epoch=1 step=50 all_invalid_count=0 all_invalid_ratio=0 empty_count=0 empty_ratio=0 full_count=0 full_ratio=0 mean_point_distance=34.19 n1_gt_valid_count=64 n1_in_gt_bg=0.9531 n1_in_gt_bg_count=61 n1_valid_count=64 n1_valid_ratio=1 n2_gt_valid_count=64 n2_in_gt_bg=0.9375 n2_in_gt_bg_count=60 n2_valid_count=64 n2_valid_ratio=1 neg_in_pred_bg=1 neg_in_pred_bg_count=128 negative_pair_count=64 negative_pair_distance_sum=3604 p1_gt_valid_count=64 p1_in_gt_fg=0.9844 p1_in_gt_fg_count=63 p1_valid_count=64 p1_valid_ratio=1 p2_gt_valid_count=64 p2_in_gt_fg=0.9844 p2_in_gt_fg_count=63 p2_valid_count=64 p2_valid_ratio=1 point_distance_sum=4376 point_overlap_count=0 point_overlap_ratio=0 point_pair_count=128 pos_in_pred_fg=1 pos_in_pred_fg_count=128 positive_pair_count=64 positive_pair_distance_sum=771.4 roi_count=64 valid_neg_count=128 valid_pos_count=128 warmup_stage=2
2026-07-30 03:20:51,069 - portable_sam_fusion - INFO - [DEBUG-BOX] epoch=1 step=100 fallback_count=0 fallback_ratio=0 num_rois=45 refined_proposal_iou=0 refined_proposal_iou_sum=0 refined_valid_count=0
2026-07-30 03:20:51,070 - portable_sam_fusion - INFO - [DEBUG-COARSE] epoch=1 step=100 bce_raw=0.4695 boundary_fn=7436 boundary_fp=1.068e+04 boundary_tp=9592 dice=0.259 dice_loss_raw=0.259 iou=0.5917 loss_weight=0.1 raw_boundary_fn=7436 raw_boundary_fp=1.068e+04 raw_boundary_tp=9592 raw_dice_score=0.741 raw_iou=0.5917 weighted_loss=0.07285
2026-07-30 03:20:51,070 - portable_sam_fusion - INFO - [DEBUG-CONTEXT] epoch=1 step=100 enabled=0
2026-07-30 03:20:51,070 - portable_sam_fusion - INFO - [DEBUG-DENSE] epoch=1 step=100 applied_delta_norm=3.032 applied_delta_ratio=0.2596 base_norm=11.68 canvas_max=4.178 canvas_mean=0.006405 canvas_min=-1.544 canvas_nonzero_ratio=0.006749 canvas_std=0.1447 final_norm=12 residual_alpha=0.5 shape_norm=13.12 source_delta_norm=6.064 source_delta_ratio=0.5193
2026-07-30 03:20:51,070 - portable_sam_fusion - INFO - [DEBUG-GATE] epoch=1 step=100 shape_dense_alpha_max=0.5 shape_dense_alpha_mean=0.5 shape_dense_alpha_min=0.5
2026-07-30 03:20:51,070 - portable_sam_fusion - INFO - [DEBUG-JITTER] epoch=1 step=100 area_ratio_count=45 area_ratio_mean=1 area_ratio_sum=45 fallback_count=0 mean_iou=1 num_jittered=0 num_rois=45
2026-07-30 03:20:51,070 - portable_sam_fusion - INFO - [DEBUG-SP] epoch=1 step=100 all_invalid_count=0 all_invalid_ratio=0 empty_count=0 empty_ratio=0 full_count=0 full_ratio=0 mean_point_distance=26.28 n1_gt_valid_count=45 n1_in_gt_bg=0.8444 n1_in_gt_bg_count=38 n1_valid_count=45 n1_valid_ratio=1 n2_gt_valid_count=45 n2_in_gt_bg=0.8222 n2_in_gt_bg_count=37 n2_valid_count=45 n2_valid_ratio=1 neg_in_pred_bg=1 neg_in_pred_bg_count=90 negative_pair_count=45 negative_pair_distance_sum=1824 p1_gt_valid_count=45 p1_in_gt_fg=0.9778 p1_in_gt_fg_count=44 p1_valid_count=45 p1_valid_ratio=1 p2_gt_valid_count=45 p2_in_gt_fg=0.9778 p2_in_gt_fg_count=44 p2_valid_count=45 p2_valid_ratio=1 point_distance_sum=2365 point_overlap_count=0 point_overlap_ratio=0 point_pair_count=90 pos_in_pred_fg=1 pos_in_pred_fg_count=90 positive_pair_count=45 positive_pair_distance_sum=541.1 roi_count=45 valid_neg_count=90 valid_pos_count=90 warmup_stage=2
2026-07-30 03:22:22,153 - portable_sam_fusion - INFO - [DEBUG-BOX] epoch=1 step=150 fallback_count=0 fallback_ratio=0 num_rois=64 refined_proposal_iou=0 refined_proposal_iou_sum=0 refined_valid_count=0
2026-07-30 03:22:22,153 - portable_sam_fusion - INFO - [DEBUG-COARSE] epoch=1 step=150 bce_raw=0.305 boundary_fn=7565 boundary_fp=5486 boundary_tp=2.106e+04 dice=0.1945 dice_loss_raw=0.1945 iou=0.6771 loss_weight=0.1 raw_boundary_fn=7565 raw_boundary_fp=5486 raw_boundary_tp=2.106e+04 raw_dice_score=0.8055 raw_iou=0.6771 weighted_loss=0.04995
2026-07-30 03:22:22,153 - portable_sam_fusion - INFO - [DEBUG-CONTEXT] epoch=1 step=150 enabled=0
2026-07-30 03:22:22,153 - portable_sam_fusion - INFO - [DEBUG-DENSE] epoch=1 step=150 applied_delta_norm=3.143 applied_delta_ratio=0.2692 base_norm=11.68 canvas_max=5.156 canvas_mean=0.004794 canvas_min=-3.316 canvas_nonzero_ratio=0.007192 canvas_std=0.1916 final_norm=12 residual_alpha=0.5 shape_norm=13.1 source_delta_norm=6.287 source_delta_ratio=0.5383
2026-07-30 03:22:22,153 - portable_sam_fusion - INFO - [DEBUG-GATE] epoch=1 step=150 shape_dense_alpha_max=0.5 shape_dense_alpha_mean=0.5 shape_dense_alpha_min=0.5
2026-07-30 03:22:22,153 - portable_sam_fusion - INFO - [DEBUG-JITTER] epoch=1 step=150 area_ratio_count=64 area_ratio_mean=1 area_ratio_sum=64 fallback_count=0 mean_iou=1 num_jittered=0 num_rois=64
2026-07-30 03:22:22,153 - portable_sam_fusion - INFO - [DEBUG-SP] epoch=1 step=150 all_invalid_count=0 all_invalid_ratio=0 empty_count=0 empty_ratio=0 full_count=0 full_ratio=0 mean_point_distance=23.72 n1_gt_valid_count=64 n1_in_gt_bg=0.9688 n1_in_gt_bg_count=62 n1_valid_count=64 n1_valid_ratio=1 n2_gt_valid_count=64 n2_in_gt_bg=1 n2_in_gt_bg_count=64 n2_valid_count=64 n2_valid_ratio=1 neg_in_pred_bg=1 neg_in_pred_bg_count=128 negative_pair_count=64 negative_pair_distance_sum=2216 p1_gt_valid_count=64 p1_in_gt_fg=1 p1_in_gt_fg_count=64 p1_valid_count=64 p1_valid_ratio=1 p2_gt_valid_count=64 p2_in_gt_fg=1 p2_in_gt_fg_count=64 p2_valid_count=64 p2_valid_ratio=1 point_distance_sum=3036 point_overlap_count=0 point_overlap_ratio=0 point_pair_count=128 pos_in_pred_fg=1 pos_in_pred_fg_count=128 positive_pair_count=64 positive_pair_distance_sum=820.3 roi_count=64 valid_neg_count=128 valid_pos_count=128 warmup_stage=2
2026-07-30 03:23:57,198 - portable_sam_fusion - INFO - [DEBUG-BOX] epoch=1 step=200 fallback_count=0 fallback_ratio=0 num_rois=0 refined_proposal_iou=0 refined_proposal_iou_sum=0 refined_valid_count=0
2026-07-30 03:23:57,198 - portable_sam_fusion - INFO - [DEBUG-COARSE] epoch=1 step=200 boundary_fn=0 boundary_fp=0 boundary_tp=0 dice=0 iou=0
2026-07-30 03:23:57,198 - portable_sam_fusion - INFO - [DEBUG-CONTEXT] epoch=1 step=200 enabled=0
2026-07-30 03:23:57,198 - portable_sam_fusion - INFO - [DEBUG-DENSE] epoch=1 step=200 applied_delta_norm=2.726 applied_delta_ratio=0.2335 base_norm=11.68 canvas_max=5.312 canvas_mean=0.0009131 canvas_min=-6.253 canvas_nonzero_ratio=0.00605 canvas_std=0.2219 final_norm=11.93 residual_alpha=0.5 shape_norm=12.82 source_delta_norm=5.453 source_delta_ratio=0.4669
2026-07-30 03:23:57,198 - portable_sam_fusion - INFO - [DEBUG-GATE] epoch=1 step=200 shape_dense_alpha_max=0.5 shape_dense_alpha_mean=0.5 shape_dense_alpha_min=0.5
2026-07-30 03:23:57,198 - portable_sam_fusion - INFO - [DEBUG-JITTER] epoch=1 step=200 area_ratio_count=0 area_ratio_mean=0 area_ratio_sum=0 fallback_count=0 mean_iou=0 num_jittered=0 num_rois=0
2026-07-30 03:23:57,198 - portable_sam_fusion - INFO - [DEBUG-SP] epoch=1 step=200 all_invalid_count=0 all_invalid_ratio=0 empty_count=0 empty_ratio=0 full_count=0 full_ratio=0 mean_point_distance=22.62 n1_gt_valid_count=64 n1_in_gt_bg=0.4688 n1_in_gt_bg_count=30 n1_valid_count=64 n1_valid_ratio=1 n2_gt_valid_count=64 n2_in_gt_bg=0.7969 n2_in_gt_bg_count=51 n2_valid_count=64 n2_valid_ratio=1 neg_in_pred_bg=1 neg_in_pred_bg_count=128 negative_pair_count=64 negative_pair_distance_sum=2034 p1_gt_valid_count=64 p1_in_gt_fg=1 p1_in_gt_fg_count=64 p1_valid_count=64 p1_valid_ratio=1 p2_gt_valid_count=64 p2_in_gt_fg=1 p2_in_gt_fg_count=64 p2_valid_count=64 p2_valid_ratio=1 point_distance_sum=2895 point_overlap_count=0 point_overlap_ratio=0 point_pair_count=128 pos_in_pred_fg=1 pos_in_pred_fg_count=128 positive_pair_count=64 positive_pair_distance_sum=861.5 roi_count=64 valid_neg_count=128 valid_pos_count=128 warmup_stage=2
2026-07-30 03:23:57,358 - portable_sam_fusion - INFO - epoch 1 | mini-batch 200/294 | optimizer_step 50/5920 | lr=2.503e-04
2026-07-30 03:25:25,675 - portable_sam_fusion - INFO - [DEBUG-BOX] epoch=1 step=250 fallback_count=0 fallback_ratio=0 num_rois=64 refined_proposal_iou=0 refined_proposal_iou_sum=0 refined_valid_count=0
2026-07-30 03:25:25,675 - portable_sam_fusion - INFO - [DEBUG-COARSE] epoch=1 step=250 bce_raw=0.3026 boundary_fn=7459 boundary_fp=7432 boundary_tp=1.802e+04 dice=0.1605 dice_loss_raw=0.1605 iou=0.7253 loss_weight=0.1 raw_boundary_fn=7459 raw_boundary_fp=7432 raw_boundary_tp=1.802e+04 raw_dice_score=0.8395 raw_iou=0.7253 weighted_loss=0.04631
2026-07-30 03:25:25,676 - portable_sam_fusion - INFO - [DEBUG-CONTEXT] epoch=1 step=250 enabled=0
2026-07-30 03:25:25,676 - portable_sam_fusion - INFO - [DEBUG-DENSE] epoch=1 step=250 applied_delta_norm=2.989 applied_delta_ratio=0.256 base_norm=11.68 canvas_max=6.39 canvas_mean=0.005077 canvas_min=-5.25 canvas_nonzero_ratio=0.00663 canvas_std=0.2372 final_norm=11.98 residual_alpha=0.5 shape_norm=13.02 source_delta_norm=5.979 source_delta_ratio=0.5119
2026-07-30 03:25:25,676 - portable_sam_fusion - INFO - [DEBUG-GATE] epoch=1 step=250 shape_dense_alpha_max=0.5 shape_dense_alpha_mean=0.5 shape_dense_alpha_min=0.5
2026-07-30 03:25:25,676 - portable_sam_fusion - INFO - [DEBUG-JITTER] epoch=1 step=250 area_ratio_count=64 area_ratio_mean=1 area_ratio_sum=64 fallback_count=0 mean_iou=1 num_jittered=0 num_rois=64
2026-07-30 03:25:25,676 - portable_sam_fusion - INFO - [DEBUG-SP] epoch=1 step=250 all_invalid_count=0 all_invalid_ratio=0 empty_count=0 empty_ratio=0 full_count=0 full_ratio=0 mean_point_distance=25.95 n1_gt_valid_count=64 n1_in_gt_bg=0.6719 n1_in_gt_bg_count=43 n1_valid_count=64 n1_valid_ratio=1 n2_gt_valid_count=64 n2_in_gt_bg=0.9844 n2_in_gt_bg_count=63 n2_valid_count=64 n2_valid_ratio=1 neg_in_pred_bg=1 neg_in_pred_bg_count=128 negative_pair_count=64 negative_pair_distance_sum=2589 p1_gt_valid_count=64 p1_in_gt_fg=1 p1_in_gt_fg_count=64 p1_valid_count=64 p1_valid_ratio=1 p2_gt_valid_count=64 p2_in_gt_fg=1 p2_in_gt_fg_count=64 p2_valid_count=64 p2_valid_ratio=1 point_distance_sum=3322 point_overlap_count=0 point_overlap_ratio=0 point_pair_count=128 pos_in_pred_fg=1 pos_in_pred_fg_count=128 positive_pair_count=64 positive_pair_distance_sum=732.6 roi_count=64 valid_neg_count=128 valid_pos_count=128 warmup_stage=2
2026-07-30 03:26:34,004 - portable_sam_fusion - INFO - Epoch 1 detailed losses: loss_rpn_cls=0.2845, loss_rpn_bbox=0.0358, loss_cls=0.4056, acc=80.8394, loss_bbox=0.2686, loss_mask=0.0115, schedule/det_weight=1.0000, debug_mask_pos_rois=50.3197, debug_mask_logit_mean=-11.3687, debug_mask_logit_std=2.5417, debug_mask_prob_mean=0.0097, debug_mask_prob_ge05=0.0050, debug_mask_target_fill=0.0051, loss_shape_prior=0.0619
2026-07-30 03:26:34,005 - portable_sam_fusion - INFO - Epoch 1 dense residual monitor: alpha=0.500000 source_delta_norm=6.5195 applied_delta_norm=3.2597 source_delta_ratio=0.558250 applied_delta_ratio=0.279125
2026-07-30 03:26:34,005 - portable_sam_fusion - INFO - Epoch 1 primary loss shares: det=93.12% final_mask=1.08% shape=5.80% p2_boundary=0.00%
2026-07-30 03:26:34,005 - portable_sam_fusion - INFO - Epoch 1 schedule: det_loss_weight=1.000 early_stop_start=20 min_delta=0.0005
2026-07-30 03:26:34,005 - portable_sam_fusion - INFO - Epoch 1 learning rates: sat_backbone=3.70e-04, mask_decoder=3.70e-04, prompt_encoder=3.70e-04, shape_prior=3.70e-04, quality_head=3.70e-04, sat_other=3.70e-04
2026-07-30 03:33:55,554 - portable_sam_fusion - INFO - Cached validation GT as RLE records: images=627
2026-07-30 03:33:55,557 - portable_sam_fusion - INFO - Validation samples: GT=15926, DT=44948, avg_masks_per_image=71.69, avg_mask_fill=0.0107
creating index...
index created!
Loading and preparing results...
DONE (t=0.06s)
creating index...
index created!
Running per image evaluation...
Evaluate annotation type *bbox*
DONE (t=15.33s).
Accumulating evaluation results...
DONE (t=0.38s).
 Average Precision  (AP) @[ IoU=0.50:0.95 | area=   all | maxDets=100 ] = 0.174
 Average Precision  (AP) @[ IoU=0.50      | area=   all | maxDets=100 ] = 0.484
 Average Precision  (AP) @[ IoU=0.75      | area=   all | maxDets=100 ] = 0.068
 Average Precision  (AP) @[ IoU=0.50:0.95 | area= small | maxDets=100 ] = 0.007
 Average Precision  (AP) @[ IoU=0.50:0.95 | area=medium | maxDets=100 ] = 0.171
 Average Precision  (AP) @[ IoU=0.50:0.95 | area= large | maxDets=100 ] = 0.279
 Average Recall     (AR) @[ IoU=0.50:0.95 | area=   all | maxDets=  1 ] = 0.014
 Average Recall     (AR) @[ IoU=0.50:0.95 | area=   all | maxDets= 10 ] = 0.090
 Average Recall     (AR) @[ IoU=0.50:0.95 | area=   all | maxDets=100 ] = 0.255
 Average Recall     (AR) @[ IoU=0.50:0.95 | area= small | maxDets=100 ] = 0.016
 Average Recall     (AR) @[ IoU=0.50:0.95 | area=medium | maxDets=100 ] = 0.226
 Average Recall     (AR) @[ IoU=0.50:0.95 | area= large | maxDets=100 ] = 0.478
2026-07-30 03:34:11,601 - portable_sam_fusion - INFO - Validation bbox/mAP: 0.1740 bbox/mAP_75: 0.0676
Running per image evaluation...
Evaluate annotation type *segm*
DONE (t=15.61s).
Accumulating evaluation results...
DONE (t=0.38s).
 Average Precision  (AP) @[ IoU=0.50:0.95 | area=   all | maxDets=100 ] = 0.209
 Average Precision  (AP) @[ IoU=0.50      | area=   all | maxDets=100 ] = 0.507
 Average Precision  (AP) @[ IoU=0.75      | area=   all | maxDets=100 ] = 0.123
 Average Precision  (AP) @[ IoU=0.50:0.95 | area= small | maxDets=100 ] = 0.003
 Average Precision  (AP) @[ IoU=0.50:0.95 | area=medium | maxDets=100 ] = 0.214
 Average Precision  (AP) @[ IoU=0.50:0.95 | area= large | maxDets=100 ] = 0.321
 Average Recall     (AR) @[ IoU=0.50:0.95 | area=   all | maxDets=  1 ] = 0.014
 Average Recall     (AR) @[ IoU=0.50:0.95 | area=   all | maxDets= 10 ] = 0.096
 Average Recall     (AR) @[ IoU=0.50:0.95 | area=   all | maxDets=100 ] = 0.287
 Average Recall     (AR) @[ IoU=0.50:0.95 | area= small | maxDets=100 ] = 0.009
 Average Recall     (AR) @[ IoU=0.50:0.95 | area=medium | maxDets=100 ] = 0.270
 Average Recall     (AR) @[ IoU=0.50:0.95 | area= large | maxDets=100 ] = 0.504
2026-07-30 03:34:27,607 - portable_sam_fusion - INFO - Validation segm/mAP: 0.2089
2026-07-30 03:34:28,287 - portable_sam_fusion - INFO - New best segm/mAP: 0.2089
2026-07-30 03:34:28,288 - portable_sam_fusion - INFO - New best bbox/mAP: 0.1740
2026-07-30 03:34:28,288 - portable_sam_fusion - INFO - New best early-stop metric (segm/mAP): raw=0.2089 smooth(5)=0.2089
2026-07-30 03:34:31,038 - portable_sam_fusion - INFO - Saved best_model with segm/mAP: 0.2089
2026-07-30 03:34:33,785 - portable_sam_fusion - INFO - Saved best_bbox_model with bbox/mAP: 0.1740
2026-07-30 03:34:36,197 - portable_sam_fusion - INFO - Epoch 1/80 | train=1.067896 val=disabled segm/mAP=0.2089 bbox/mAP=0.1740 | best_segm=0.2089 best_bbox=0.1740 best_comp=0.0000 | sat_backbone=3.70e-04 mask_decoder=3.70e-04 prompt_encoder=3.70e-04 shape_prior=3.70e-04 quality_head=3.70e-04 sat_other=3.70e-04
2026-07-30 03:34:45,762 - portable_sam_fusion - INFO - [DEBUG-BOX] epoch=2 step=300 fallback_count=0 fallback_ratio=0 num_rois=64 refined_proposal_iou=0 refined_proposal_iou_sum=0 refined_valid_count=0
2026-07-30 03:34:45,762 - portable_sam_fusion - INFO - [DEBUG-COARSE] epoch=2 step=300 bce_raw=0.3919 boundary_fn=8419 boundary_fp=9775 boundary_tp=1.975e+04 dice=0.2184 dice_loss_raw=0.2184 iou=0.6472 loss_weight=0.1 raw_boundary_fn=8419 raw_boundary_fp=9775 raw_boundary_tp=1.975e+04 raw_dice_score=0.7816 raw_iou=0.6472 weighted_loss=0.06102
2026-07-30 03:34:45,762 - portable_sam_fusion - INFO - [DEBUG-CONTEXT] epoch=2 step=300 enabled=0
2026-07-30 03:34:45,762 - portable_sam_fusion - INFO - [DEBUG-DENSE] epoch=2 step=300 applied_delta_norm=3.365 applied_delta_ratio=0.2881 base_norm=11.68 canvas_max=6.288 canvas_mean=0.002666 canvas_min=-7.339 canvas_nonzero_ratio=0.009284 canvas_std=0.3068 final_norm=12.05 residual_alpha=0.5 shape_norm=13.32 source_delta_norm=6.73 source_delta_ratio=0.5763
2026-07-30 03:34:45,762 - portable_sam_fusion - INFO - [DEBUG-GATE] epoch=2 step=300 shape_dense_alpha_max=0.5 shape_dense_alpha_mean=0.5 shape_dense_alpha_min=0.5
2026-07-30 03:34:45,762 - portable_sam_fusion - INFO - [DEBUG-JITTER] epoch=2 step=300 area_ratio_count=64 area_ratio_mean=1 area_ratio_sum=64 fallback_count=0 mean_iou=1 num_jittered=0 num_rois=64
2026-07-30 03:34:45,762 - portable_sam_fusion - INFO - [DEBUG-SP] epoch=2 step=300 all_invalid_count=0 all_invalid_ratio=0 empty_count=0 empty_ratio=0 full_count=0 full_ratio=0 mean_point_distance=34.28 n1_gt_valid_count=64 n1_in_gt_bg=0.9062 n1_in_gt_bg_count=58 n1_valid_count=64 n1_valid_ratio=1 n2_gt_valid_count=64 n2_in_gt_bg=1 n2_in_gt_bg_count=64 n2_valid_count=64 n2_valid_ratio=1 neg_in_pred_bg=1 neg_in_pred_bg_count=128 negative_pair_count=64 negative_pair_distance_sum=3482 p1_gt_valid_count=64 p1_in_gt_fg=1 p1_in_gt_fg_count=64 p1_valid_count=64 p1_valid_ratio=1 p2_gt_valid_count=64 p2_in_gt_fg=0.9688 p2_in_gt_fg_count=62 p2_valid_count=64 p2_valid_ratio=1 point_distance_sum=4387 point_overlap_count=0 point_overlap_ratio=0 point_pair_count=128 pos_in_pred_fg=1 pos_in_pred_fg_count=128 positive_pair_count=64 positive_pair_distance_sum=905.1 roi_count=64 valid_neg_count=128 valid_pos_count=128 warmup_stage=2
2026-07-30 03:35:54,679 - portable_sam_fusion - INFO - [DEBUG-BOX] epoch=2 step=350 fallback_count=0 fallback_ratio=0 num_rois=64 refined_proposal_iou=0 refined_proposal_iou_sum=0 refined_valid_count=0
2026-07-30 03:35:54,680 - portable_sam_fusion - INFO - [DEBUG-COARSE] epoch=2 step=350 bce_raw=0.3458 boundary_fn=8475 boundary_fp=9152 boundary_tp=1.664e+04 dice=0.1592 dice_loss_raw=0.1592 iou=0.7272 loss_weight=0.1 raw_boundary_fn=8475 raw_boundary_fp=9152 raw_boundary_tp=1.664e+04 raw_dice_score=0.8408 raw_iou=0.7272 weighted_loss=0.0505
2026-07-30 03:35:54,680 - portable_sam_fusion - INFO - [DEBUG-CONTEXT] epoch=2 step=350 enabled=0
2026-07-30 03:35:54,680 - portable_sam_fusion - INFO - [DEBUG-DENSE] epoch=2 step=350 applied_delta_norm=2.771 applied_delta_ratio=0.2373 base_norm=11.68 canvas_max=7.254 canvas_mean=0.005067 canvas_min=-5.076 canvas_nonzero_ratio=0.007001 canvas_std=0.2633 final_norm=11.98 residual_alpha=0.5 shape_norm=12.99 source_delta_norm=5.542 source_delta_ratio=0.4745
2026-07-30 03:35:54,680 - portable_sam_fusion - INFO - [DEBUG-GATE] epoch=2 step=350 shape_dense_alpha_max=0.5 shape_dense_alpha_mean=0.5 shape_dense_alpha_min=0.5
2026-07-30 03:35:54,680 - portable_sam_fusion - INFO - [DEBUG-JITTER] epoch=2 step=350 area_ratio_count=64 area_ratio_mean=1 area_ratio_sum=64 fallback_count=0 mean_iou=1 num_jittered=0 num_rois=64
2026-07-30 03:35:54,680 - portable_sam_fusion - INFO - [DEBUG-SP] epoch=2 step=350 all_invalid_count=0 all_invalid_ratio=0 empty_count=0 empty_ratio=0 full_count=0 full_ratio=0 mean_point_distance=25.33 n1_gt_valid_count=64 n1_in_gt_bg=0.7344 n1_in_gt_bg_count=47 n1_valid_count=64 n1_valid_ratio=1 n2_gt_valid_count=64 n2_in_gt_bg=0.8438 n2_in_gt_bg_count=54 n2_valid_count=64 n2_valid_ratio=1 neg_in_pred_bg=1 neg_in_pred_bg_count=128 negative_pair_count=64 negative_pair_distance_sum=2346 p1_gt_valid_count=64 p1_in_gt_fg=1 p1_in_gt_fg_count=64 p1_valid_count=64 p1_valid_ratio=1 p2_gt_valid_count=64 p2_in_gt_fg=1 p2_in_gt_fg_count=64 p2_valid_count=64 p2_valid_ratio=1 point_distance_sum=3242 point_overlap_count=0 point_overlap_ratio=0 point_pair_count=128 pos_in_pred_fg=1 pos_in_pred_fg_count=128 positive_pair_count=64 positive_pair_distance_sum=895.4 roi_count=64 valid_neg_count=128 valid_pos_count=128 warmup_stage=2
2026-07-30 03:37:10,850 - portable_sam_fusion - INFO - epoch 2 | mini-batch 104/294 | optimizer_step 100/5920 | lr=5.000e-04
2026-07-30 03:37:12,647 - portable_sam_fusion - INFO - [DEBUG-BOX] epoch=2 step=400 fallback_count=0 fallback_ratio=0 num_rois=64 refined_proposal_iou=0 refined_proposal_iou_sum=0 refined_valid_count=0
2026-07-30 03:37:12,647 - portable_sam_fusion - INFO - [DEBUG-COARSE] epoch=2 step=400 bce_raw=0.2862 boundary_fn=6600 boundary_fp=7451 boundary_tp=1.769e+04 dice=0.1324 dice_loss_raw=0.1324 iou=0.7689 loss_weight=0.1 raw_boundary_fn=6600 raw_boundary_fp=7451 raw_boundary_tp=1.769e+04 raw_dice_score=0.8676 raw_iou=0.7689 weighted_loss=0.04186
2026-07-30 03:37:12,647 - portable_sam_fusion - INFO - [DEBUG-CONTEXT] epoch=2 step=400 enabled=0
2026-07-30 03:37:12,647 - portable_sam_fusion - INFO - [DEBUG-DENSE] epoch=2 step=400 applied_delta_norm=3.589 applied_delta_ratio=0.3074 base_norm=11.68 canvas_max=6.672 canvas_mean=0.01099 canvas_min=-5.417 canvas_nonzero_ratio=0.008892 canvas_std=0.293 final_norm=12.11 residual_alpha=0.5 shape_norm=13.56 source_delta_norm=7.179 source_delta_ratio=0.6147
2026-07-30 03:37:12,647 - portable_sam_fusion - INFO - [DEBUG-GATE] epoch=2 step=400 shape_dense_alpha_max=0.5 shape_dense_alpha_mean=0.5 shape_dense_alpha_min=0.5
2026-07-30 03:37:12,647 - portable_sam_fusion - INFO - [DEBUG-JITTER] epoch=2 step=400 area_ratio_count=64 area_ratio_mean=1 area_ratio_sum=64 fallback_count=0 mean_iou=1 num_jittered=0 num_rois=64
2026-07-30 03:37:12,647 - portable_sam_fusion - INFO - [DEBUG-SP] epoch=2 step=400 all_invalid_count=0 all_invalid_ratio=0 empty_count=0 empty_ratio=0 full_count=0 full_ratio=0 mean_point_distance=29.41 n1_gt_valid_count=64 n1_in_gt_bg=0.7031 n1_in_gt_bg_count=45 n1_valid_count=64 n1_valid_ratio=1 n2_gt_valid_count=64 n2_in_gt_bg=0.9375 n2_in_gt_bg_count=60 n2_valid_count=64 n2_valid_ratio=1 neg_in_pred_bg=1 neg_in_pred_bg_count=128 negative_pair_count=64 negative_pair_distance_sum=2820 p1_gt_valid_count=64 p1_in_gt_fg=1 p1_in_gt_fg_count=64 p1_valid_count=64 p1_valid_ratio=1 p2_gt_valid_count=64 p2_in_gt_fg=1 p2_in_gt_fg_count=64 p2_valid_count=64 p2_valid_ratio=1 point_distance_sum=3765 point_overlap_count=0 point_overlap_ratio=0 point_pair_count=128 pos_in_pred_fg=1 pos_in_pred_fg_count=128 positive_pair_count=64 positive_pair_distance_sum=945.2 roi_count=64 valid_neg_count=128 valid_pos_count=128 warmup_stage=2
2026-07-30 03:38:18,047 - portable_sam_fusion - INFO - [DEBUG-BOX] epoch=2 step=450 fallback_count=0 fallback_ratio=0 num_rois=64 refined_proposal_iou=0 refined_proposal_iou_sum=0 refined_valid_count=0
2026-07-30 03:38:18,047 - portable_sam_fusion - INFO - [DEBUG-COARSE] epoch=2 step=450 bce_raw=0.3181 boundary_fn=7112 boundary_fp=9153 boundary_tp=1.694e+04 dice=0.1395 dice_loss_raw=0.1395 iou=0.7572 loss_weight=0.1 raw_boundary_fn=7112 raw_boundary_fp=9153 raw_boundary_tp=1.694e+04 raw_dice_score=0.8605 raw_iou=0.7572 weighted_loss=0.04576
2026-07-30 03:38:18,047 - portable_sam_fusion - INFO - [DEBUG-CONTEXT] epoch=2 step=450 enabled=0
2026-07-30 03:38:18,047 - portable_sam_fusion - INFO - [DEBUG-DENSE] epoch=2 step=450 applied_delta_norm=2.407 applied_delta_ratio=0.2061 base_norm=11.68 canvas_max=7.745 canvas_mean=0.00501 canvas_min=-6.004 canvas_nonzero_ratio=0.005038 canvas_std=0.2262 final_norm=11.91 residual_alpha=0.5 shape_norm=12.72 source_delta_norm=4.813 source_delta_ratio=0.4121
2026-07-30 03:38:18,047 - portable_sam_fusion - INFO - [DEBUG-GATE] epoch=2 step=450 shape_dense_alpha_max=0.5 shape_dense_alpha_mean=0.5 shape_dense_alpha_min=0.5
2026-07-30 03:38:18,047 - portable_sam_fusion - INFO - [DEBUG-JITTER] epoch=2 step=450 area_ratio_count=64 area_ratio_mean=1 area_ratio_sum=64 fallback_count=0 mean_iou=1 num_jittered=0 num_rois=64
2026-07-30 03:38:18,047 - portable_sam_fusion - INFO - [DEBUG-SP] epoch=2 step=450 all_invalid_count=0 all_invalid_ratio=0 empty_count=0 empty_ratio=0 full_count=0 full_ratio=0 mean_point_distance=27.14 n1_gt_valid_count=64 n1_in_gt_bg=0.5781 n1_in_gt_bg_count=37 n1_valid_count=64 n1_valid_ratio=1 n2_gt_valid_count=64 n2_in_gt_bg=0.9062 n2_in_gt_bg_count=58 n2_valid_count=64 n2_valid_ratio=1 neg_in_pred_bg=1 neg_in_pred_bg_count=128 negative_pair_count=64 negative_pair_distance_sum=2833 p1_gt_valid_count=64 p1_in_gt_fg=1 p1_in_gt_fg_count=64 p1_valid_count=64 p1_valid_ratio=1 p2_gt_valid_count=64 p2_in_gt_fg=0.9844 p2_in_gt_fg_count=63 p2_valid_count=64 p2_valid_ratio=1 point_distance_sum=3474 point_overlap_count=0 point_overlap_ratio=0 point_pair_count=128 pos_in_pred_fg=1 pos_in_pred_fg_count=128 positive_pair_count=64 positive_pair_distance_sum=641.1 roi_count=64 valid_neg_count=128 valid_pos_count=128 warmup_stage=2
2026-07-30 03:39:30,392 - portable_sam_fusion - INFO - [DEBUG-BOX] epoch=2 step=500 fallback_count=0 fallback_ratio=0 num_rois=64 refined_proposal_iou=0 refined_proposal_iou_sum=0 refined_valid_count=0
2026-07-30 03:39:30,392 - portable_sam_fusion - INFO - [DEBUG-COARSE] epoch=2 step=500 bce_raw=0.2911 boundary_fn=6244 boundary_fp=8108 boundary_tp=1.78e+04 dice=0.136 dice_loss_raw=0.136 iou=0.763 loss_weight=0.1 raw_boundary_fn=6244 raw_boundary_fp=8108 raw_boundary_tp=1.78e+04 raw_dice_score=0.864 raw_iou=0.763 weighted_loss=0.04271
2026-07-30 03:39:30,392 - portable_sam_fusion - INFO - [DEBUG-CONTEXT] epoch=2 step=500 enabled=0
2026-07-30 03:39:30,392 - portable_sam_fusion - INFO - [DEBUG-DENSE] epoch=2 step=500 applied_delta_norm=2.233 applied_delta_ratio=0.1912 base_norm=11.68 canvas_max=7.33 canvas_mean=0.003064 canvas_min=-6.637 canvas_nonzero_ratio=0.004411 canvas_std=0.215 final_norm=11.87 residual_alpha=0.5 shape_norm=12.53 source_delta_norm=4.467 source_delta_ratio=0.3825
2026-07-30 03:39:30,392 - portable_sam_fusion - INFO - [DEBUG-GATE] epoch=2 step=500 shape_dense_alpha_max=0.5 shape_dense_alpha_mean=0.5 shape_dense_alpha_min=0.5
2026-07-30 03:39:30,392 - portable_sam_fusion - INFO - [DEBUG-JITTER] epoch=2 step=500 area_ratio_count=64 area_ratio_mean=1 area_ratio_sum=64 fallback_count=0 mean_iou=1 num_jittered=0 num_rois=64
2026-07-30 03:39:30,392 - portable_sam_fusion - INFO - [DEBUG-SP] epoch=2 step=500 all_invalid_count=0 all_invalid_ratio=0 empty_count=0 empty_ratio=0 full_count=0 full_ratio=0 mean_point_distance=20.93 n1_gt_valid_count=64 n1_in_gt_bg=0.6094 n1_in_gt_bg_count=39 n1_valid_count=64 n1_valid_ratio=1 n2_gt_valid_count=64 n2_in_gt_bg=0.9531 n2_in_gt_bg_count=61 n2_valid_count=64 n2_valid_ratio=1 neg_in_pred_bg=1 neg_in_pred_bg_count=128 negative_pair_count=64 negative_pair_distance_sum=2070 p1_gt_valid_count=64 p1_in_gt_fg=1 p1_in_gt_fg_count=64 p1_valid_count=64 p1_valid_ratio=1 p2_gt_valid_count=64 p2_in_gt_fg=1 p2_in_gt_fg_count=64 p2_valid_count=64 p2_valid_ratio=1 point_distance_sum=2679 point_overlap_count=0 point_overlap_ratio=0 point_pair_count=128 pos_in_pred_fg=1 pos_in_pred_fg_count=128 positive_pair_count=64 positive_pair_distance_sum=608.7 roi_count=64 valid_neg_count=128 valid_pos_count=128 warmup_stage=2
2026-07-30 03:40:43,743 - portable_sam_fusion - INFO - [DEBUG-BOX] epoch=2 step=550 fallback_count=0 fallback_ratio=0 num_rois=64 refined_proposal_iou=0 refined_proposal_iou_sum=0 refined_valid_count=0
2026-07-30 03:40:43,743 - portable_sam_fusion - INFO - [DEBUG-COARSE] epoch=2 step=550 bce_raw=0.2999 boundary_fn=6894 boundary_fp=8033 boundary_tp=1.706e+04 dice=0.1375 dice_loss_raw=0.1375 iou=0.7614 loss_weight=0.1 raw_boundary_fn=6894 raw_boundary_fp=8033 raw_boundary_tp=1.706e+04 raw_dice_score=0.8625 raw_iou=0.7614 weighted_loss=0.04374
2026-07-30 03:40:43,743 - portable_sam_fusion - INFO - [DEBUG-CONTEXT] epoch=2 step=550 enabled=0
2026-07-30 03:40:43,743 - portable_sam_fusion - INFO - [DEBUG-DENSE] epoch=2 step=550 applied_delta_norm=2.287 applied_delta_ratio=0.1958 base_norm=11.68 canvas_max=7.102 canvas_mean=0.005044 canvas_min=-6.415 canvas_nonzero_ratio=0.004769 canvas_std=0.2222 final_norm=11.89 residual_alpha=0.5 shape_norm=12.62 source_delta_norm=4.574 source_delta_ratio=0.3917
2026-07-30 03:40:43,743 - portable_sam_fusion - INFO - [DEBUG-GATE] epoch=2 step=550 shape_dense_alpha_max=0.5 shape_dense_alpha_mean=0.5 shape_dense_alpha_min=0.5
2026-07-30 03:40:43,743 - portable_sam_fusion - INFO - [DEBUG-JITTER] epoch=2 step=550 area_ratio_count=64 area_ratio_mean=1 area_ratio_sum=64 fallback_count=0 mean_iou=1 num_jittered=0 num_rois=64
2026-07-30 03:40:43,743 - portable_sam_fusion - INFO - [DEBUG-SP] epoch=2 step=550 all_invalid_count=0 all_invalid_ratio=0 empty_count=0 empty_ratio=0 full_count=0 full_ratio=0 mean_point_distance=20.94 n1_gt_valid_count=64 n1_in_gt_bg=0.7031 n1_in_gt_bg_count=45 n1_valid_count=64 n1_valid_ratio=1 n2_gt_valid_count=64 n2_in_gt_bg=0.9375 n2_in_gt_bg_count=60 n2_valid_count=64 n2_valid_ratio=1 neg_in_pred_bg=1 neg_in_pred_bg_count=128 negative_pair_count=64 negative_pair_distance_sum=2067 p1_gt_valid_count=64 p1_in_gt_fg=1 p1_in_gt_fg_count=64 p1_valid_count=64 p1_valid_ratio=1 p2_gt_valid_count=64 p2_in_gt_fg=0.9844 p2_in_gt_fg_count=63 p2_valid_count=64 p2_valid_ratio=1 point_distance_sum=2680 point_overlap_count=0 point_overlap_ratio=0 point_pair_count=128 pos_in_pred_fg=1 pos_in_pred_fg_count=128 positive_pair_count=64 positive_pair_distance_sum=612.4 roi_count=64 valid_neg_count=128 valid_pos_count=128 warmup_stage=2
2026-07-30 03:41:39,743 - portable_sam_fusion - INFO - Epoch 2 detailed losses: loss_rpn_cls=0.0847, loss_rpn_bbox=0.0307, loss_cls=0.3710, acc=83.4782, loss_bbox=0.2517, loss_mask=0.0045, debug_mask_pos_rois=55.6190, debug_mask_logit_mean=-14.9988, debug_mask_logit_std=3.4443, debug_mask_prob_mean=0.0050, debug_mask_prob_ge05=0.0048, debug_mask_target_fill=0.0052, loss_shape_prior=0.0482, schedule/det_weight=1.0000
2026-07-30 03:41:39,744 - portable_sam_fusion - INFO - Epoch 2 dense residual monitor: alpha=0.500000 source_delta_norm=6.2162 applied_delta_norm=3.1081 source_delta_ratio=0.532280 applied_delta_ratio=0.266140
2026-07-30 03:41:39,744 - portable_sam_fusion - INFO - Epoch 2 primary loss shares: det=93.34% final_mask=0.57% shape=6.09% p2_boundary=0.00%
2026-07-30 03:41:39,744 - portable_sam_fusion - INFO - Epoch 2 schedule: det_loss_weight=1.000 early_stop_start=20 min_delta=0.0005
2026-07-30 03:41:39,744 - portable_sam_fusion - INFO - Epoch 2 learning rates: sat_backbone=5.00e-04, mask_decoder=5.00e-04, prompt_encoder=5.00e-04, shape_prior=5.00e-04, quality_head=5.00e-04, sat_other=5.00e-04
2026-07-30 03:49:23,126 - portable_sam_fusion - INFO - Validation samples: GT=15926, DT=54124, avg_masks_per_image=86.32, avg_mask_fill=0.0125
creating index...
index created!
Loading and preparing results...
DONE (t=0.07s)
creating index...
index created!
Running per image evaluation...
Evaluate annotation type *bbox*
DONE (t=15.42s).
Accumulating evaluation results...
DONE (t=0.44s).
 Average Precision  (AP) @[ IoU=0.50:0.95 | area=   all | maxDets=100 ] = 0.448
 Average Precision  (AP) @[ IoU=0.50      | area=   all | maxDets=100 ] = 0.813
 Average Precision  (AP) @[ IoU=0.75      | area=   all | maxDets=100 ] = 0.457
 Average Precision  (AP) @[ IoU=0.50:0.95 | area= small | maxDets=100 ] = 0.104
 Average Precision  (AP) @[ IoU=0.50:0.95 | area=medium | maxDets=100 ] = 0.497
 Average Precision  (AP) @[ IoU=0.50:0.95 | area= large | maxDets=100 ] = 0.507
 Average Recall     (AR) @[ IoU=0.50:0.95 | area=   all | maxDets=  1 ] = 0.019
 Average Recall     (AR) @[ IoU=0.50:0.95 | area=   all | maxDets= 10 ] = 0.137
 Average Recall     (AR) @[ IoU=0.50:0.95 | area=   all | maxDets=100 ] = 0.540
 Average Recall     (AR) @[ IoU=0.50:0.95 | area= small | maxDets=100 ] = 0.246
 Average Recall     (AR) @[ IoU=0.50:0.95 | area=medium | maxDets=100 ] = 0.591
 Average Recall     (AR) @[ IoU=0.50:0.95 | area= large | maxDets=100 ] = 0.583
2026-07-30 03:49:39,993 - portable_sam_fusion - INFO - Validation bbox/mAP: 0.4481 bbox/mAP_75: 0.4574
Running per image evaluation...
Evaluate annotation type *segm*
DONE (t=16.32s).
Accumulating evaluation results...
DONE (t=0.45s).
 Average Precision  (AP) @[ IoU=0.50:0.95 | area=   all | maxDets=100 ] = 0.362
 Average Precision  (AP) @[ IoU=0.50      | area=   all | maxDets=100 ] = 0.764
 Average Precision  (AP) @[ IoU=0.75      | area=   all | maxDets=100 ] = 0.318
 Average Precision  (AP) @[ IoU=0.50:0.95 | area= small | maxDets=100 ] = 0.014
 Average Precision  (AP) @[ IoU=0.50:0.95 | area=medium | maxDets=100 ] = 0.387
 Average Precision  (AP) @[ IoU=0.50:0.95 | area= large | maxDets=100 ] = 0.543
 Average Recall     (AR) @[ IoU=0.50:0.95 | area=   all | maxDets=  1 ] = 0.017
 Average Recall     (AR) @[ IoU=0.50:0.95 | area=   all | maxDets= 10 ] = 0.121
 Average Recall     (AR) @[ IoU=0.50:0.95 | area=   all | maxDets=100 ] = 0.437
 Average Recall     (AR) @[ IoU=0.50:0.95 | area= small | maxDets=100 ] = 0.064
 Average Recall     (AR) @[ IoU=0.50:0.95 | area=medium | maxDets=100 ] = 0.457
 Average Recall     (AR) @[ IoU=0.50:0.95 | area= large | maxDets=100 ] = 0.614
2026-07-30 03:49:56,821 - portable_sam_fusion - INFO - Validation segm/mAP: 0.3615
2026-07-30 03:49:57,477 - portable_sam_fusion - INFO - New best segm/mAP: 0.3615
2026-07-30 03:49:57,477 - portable_sam_fusion - INFO - New best bbox/mAP: 0.4481
2026-07-30 03:49:57,477 - portable_sam_fusion - INFO - New best early-stop metric (segm/mAP): raw=0.3615 smooth(5)=0.2852
2026-07-30 03:50:00,053 - portable_sam_fusion - INFO - Saved best_model with segm/mAP: 0.3615
2026-07-30 03:50:02,786 - portable_sam_fusion - INFO - Saved best_bbox_model with bbox/mAP: 0.4481
2026-07-30 03:50:12,447 - portable_sam_fusion - INFO - Epoch 2/80 | train=0.790751 val=disabled segm/mAP=0.3615 bbox/mAP=0.4481 | best_segm=0.3615 best_bbox=0.4481 best_comp=0.0000 | sat_backbone=5.00e-04 mask_decoder=5.00e-04 prompt_encoder=5.00e-04 shape_prior=5.00e-04 quality_head=5.00e-04 sat_other=5.00e-04
2026-07-30 03:50:23,526 - portable_sam_fusion - INFO - epoch 3 | mini-batch 8/294 | optimizer_step 150/5920 | lr=4.999e-04
2026-07-30 03:50:27,335 - portable_sam_fusion - INFO - [DEBUG-BOX] epoch=3 step=600 fallback_count=0 fallback_ratio=0 num_rois=64 refined_proposal_iou=0 refined_proposal_iou_sum=0 refined_valid_count=0
2026-07-30 03:50:27,335 - portable_sam_fusion - INFO - [DEBUG-COARSE] epoch=3 step=600 bce_raw=0.3798 boundary_fn=8300 boundary_fp=9090 boundary_tp=1.589e+04 dice=0.1622 dice_loss_raw=0.1622 iou=0.7247 loss_weight=0.1 raw_boundary_fn=8300 raw_boundary_fp=9090 raw_boundary_tp=1.589e+04 raw_dice_score=0.8378 raw_iou=0.7247 weighted_loss=0.0542
2026-07-30 03:50:27,335 - portable_sam_fusion - INFO - [DEBUG-CONTEXT] epoch=3 step=600 enabled=0
2026-07-30 03:50:27,335 - portable_sam_fusion - INFO - [DEBUG-DENSE] epoch=3 step=600 applied_delta_norm=2.756 applied_delta_ratio=0.236 base_norm=11.68 canvas_max=7.97 canvas_mean=0.00288 canvas_min=-6.139 canvas_nonzero_ratio=0.006747 canvas_std=0.2757 final_norm=11.97 residual_alpha=0.5 shape_norm=12.95 source_delta_norm=5.511 source_delta_ratio=0.4719
2026-07-30 03:50:27,335 - portable_sam_fusion - INFO - [DEBUG-GATE] epoch=3 step=600 shape_dense_alpha_max=0.5 shape_dense_alpha_mean=0.5 shape_dense_alpha_min=0.5
2026-07-30 03:50:27,335 - portable_sam_fusion - INFO - [DEBUG-JITTER] epoch=3 step=600 area_ratio_count=64 area_ratio_mean=1 area_ratio_sum=64 fallback_count=0 mean_iou=1 num_jittered=0 num_rois=64
2026-07-30 03:50:27,335 - portable_sam_fusion - INFO - [DEBUG-SP] epoch=3 step=600 all_invalid_count=0 all_invalid_ratio=0 empty_count=0 empty_ratio=0 full_count=0 full_ratio=0 mean_point_distance=27.89 n1_gt_valid_count=64 n1_in_gt_bg=0.4844 n1_in_gt_bg_count=31 n1_valid_count=64 n1_valid_ratio=1 n2_gt_valid_count=64 n2_in_gt_bg=0.9219 n2_in_gt_bg_count=59 n2_valid_count=64 n2_valid_ratio=1 neg_in_pred_bg=1 neg_in_pred_bg_count=128 negative_pair_count=64 negative_pair_distance_sum=2634 p1_gt_valid_count=64 p1_in_gt_fg=1 p1_in_gt_fg_count=64 p1_valid_count=64 p1_valid_ratio=1 p2_gt_valid_count=64 p2_in_gt_fg=1 p2_in_gt_fg_count=64 p2_valid_count=64 p2_valid_ratio=1 point_distance_sum=3570 point_overlap_count=0 point_overlap_ratio=0 point_pair_count=128 pos_in_pred_fg=1 pos_in_pred_fg_count=128 positive_pair_count=64 positive_pair_distance_sum=936.1 roi_count=64 valid_neg_count=128 valid_pos_count=128 warmup_stage=2
2026-07-30 03:51:37,356 - portable_sam_fusion - INFO - [DEBUG-BOX] epoch=3 step=650 fallback_count=0 fallback_ratio=0 num_rois=0 refined_proposal_iou=0 refined_proposal_iou_sum=0 refined_valid_count=0
2026-07-30 03:51:37,356 - portable_sam_fusion - INFO - [DEBUG-COARSE] epoch=3 step=650 boundary_fn=0 boundary_fp=0 boundary_tp=0 dice=0 iou=0
2026-07-30 03:51:37,356 - portable_sam_fusion - INFO - [DEBUG-CONTEXT] epoch=3 step=650 enabled=0
2026-07-30 03:51:37,356 - portable_sam_fusion - INFO - [DEBUG-DENSE] epoch=3 step=650 applied_delta_norm=2.431 applied_delta_ratio=0.2081 base_norm=11.68 canvas_max=7.264 canvas_mean=0.002494 canvas_min=-7.383 canvas_nonzero_ratio=0.005065 canvas_std=0.2538 final_norm=11.91 residual_alpha=0.5 shape_norm=12.69 source_delta_norm=4.862 source_delta_ratio=0.4163
2026-07-30 03:51:37,356 - portable_sam_fusion - INFO - [DEBUG-GATE] epoch=3 step=650 shape_dense_alpha_max=0.5 shape_dense_alpha_mean=0.5 shape_dense_alpha_min=0.5
2026-07-30 03:51:37,356 - portable_sam_fusion - INFO - [DEBUG-JITTER] epoch=3 step=650 area_ratio_count=0 area_ratio_mean=0 area_ratio_sum=0 fallback_count=0 mean_iou=0 num_jittered=0 num_rois=0
2026-07-30 03:51:37,356 - portable_sam_fusion - INFO - [DEBUG-SP] epoch=3 step=650 all_invalid_count=0 all_invalid_ratio=0 empty_count=0 empty_ratio=0 full_count=0 full_ratio=0 mean_point_distance=18.71 n1_gt_valid_count=64 n1_in_gt_bg=0.9375 n1_in_gt_bg_count=60 n1_valid_count=64 n1_valid_ratio=1 n2_gt_valid_count=64 n2_in_gt_bg=1 n2_in_gt_bg_count=64 n2_valid_count=64 n2_valid_ratio=1 neg_in_pred_bg=1 neg_in_pred_bg_count=128 negative_pair_count=64 negative_pair_distance_sum=1713 p1_gt_valid_count=64 p1_in_gt_fg=1 p1_in_gt_fg_count=64 p1_valid_count=64 p1_valid_ratio=1 p2_gt_valid_count=64 p2_in_gt_fg=1 p2_in_gt_fg_count=64 p2_valid_count=64 p2_valid_ratio=1 point_distance_sum=2395 point_overlap_count=0 point_overlap_ratio=0 point_pair_count=128 pos_in_pred_fg=1 pos_in_pred_fg_count=128 positive_pair_count=64 positive_pair_distance_sum=681.4 roi_count=64 valid_neg_count=128 valid_pos_count=128 warmup_stage=2
2026-07-30 03:53:05,718 - portable_sam_fusion - INFO - [DEBUG-BOX] epoch=3 step=700 fallback_count=0 fallback_ratio=0 num_rois=0 refined_proposal_iou=0 refined_proposal_iou_sum=0 refined_valid_count=0
2026-07-30 03:53:05,718 - portable_sam_fusion - INFO - [DEBUG-COARSE] epoch=3 step=700 boundary_fn=0 boundary_fp=0 boundary_tp=0 dice=0 iou=0
2026-07-30 03:53:05,718 - portable_sam_fusion - INFO - [DEBUG-CONTEXT] epoch=3 step=700 enabled=0
2026-07-30 03:53:05,718 - portable_sam_fusion - INFO - [DEBUG-DENSE] epoch=3 step=700 applied_delta_norm=2.434 applied_delta_ratio=0.2085 base_norm=11.68 canvas_max=7.52 canvas_mean=0.004508 canvas_min=-6.138 canvas_nonzero_ratio=0.004721 canvas_std=0.2377 final_norm=11.9 residual_alpha=0.5 shape_norm=12.67 source_delta_norm=4.869 source_delta_ratio=0.4169
2026-07-30 03:53:05,718 - portable_sam_fusion - INFO - [DEBUG-GATE] epoch=3 step=700 shape_dense_alpha_max=0.5 shape_dense_alpha_mean=0.5 shape_dense_alpha_min=0.5
2026-07-30 03:53:05,718 - portable_sam_fusion - INFO - [DEBUG-JITTER] epoch=3 step=700 area_ratio_count=0 area_ratio_mean=0 area_ratio_sum=0 fallback_count=0 mean_iou=0 num_jittered=0 num_rois=0
2026-07-30 03:53:05,718 - portable_sam_fusion - INFO - [DEBUG-SP] epoch=3 step=700 all_invalid_count=0 all_invalid_ratio=0 empty_count=0 empty_ratio=0 full_count=0 full_ratio=0 mean_point_distance=17.11 n1_gt_valid_count=64 n1_in_gt_bg=0.9688 n1_in_gt_bg_count=62 n1_valid_count=64 n1_valid_ratio=1 n2_gt_valid_count=64 n2_in_gt_bg=0.9844 n2_in_gt_bg_count=63 n2_valid_count=64 n2_valid_ratio=1 neg_in_pred_bg=1 neg_in_pred_bg_count=128 negative_pair_count=64 negative_pair_distance_sum=1628 p1_gt_valid_count=64 p1_in_gt_fg=1 p1_in_gt_fg_count=64 p1_valid_count=64 p1_valid_ratio=1 p2_gt_valid_count=64 p2_in_gt_fg=1 p2_in_gt_fg_count=64 p2_valid_count=64 p2_valid_ratio=1 point_distance_sum=2190 point_overlap_count=0 point_overlap_ratio=0 point_pair_count=128 pos_in_pred_fg=1 pos_in_pred_fg_count=128 positive_pair_count=64 positive_pair_distance_sum=562.5 roi_count=64 valid_neg_count=128 valid_pos_count=128 warmup_stage=2
2026-07-30 03:54:34,817 - portable_sam_fusion - INFO - [DEBUG-BOX] epoch=3 step=750 fallback_count=0 fallback_ratio=0 num_rois=64 refined_proposal_iou=0 refined_proposal_iou_sum=0 refined_valid_count=0
2026-07-30 03:54:34,817 - portable_sam_fusion - INFO - [DEBUG-COARSE] epoch=3 step=750 bce_raw=0.2179 boundary_fn=5303 boundary_fp=4701 boundary_tp=1.891e+04 dice=0.1176 dice_loss_raw=0.1176 iou=0.7938 loss_weight=0.1 raw_boundary_fn=5303 raw_boundary_fp=4701 raw_boundary_tp=1.891e+04 raw_dice_score=0.8824 raw_iou=0.7938 weighted_loss=0.03355
2026-07-30 03:54:34,817 - portable_sam_fusion - INFO - [DEBUG-CONTEXT] epoch=3 step=750 enabled=0
2026-07-30 03:54:34,817 - portable_sam_fusion - INFO - [DEBUG-DENSE] epoch=3 step=750 applied_delta_norm=3.002 applied_delta_ratio=0.2571 base_norm=11.68 canvas_max=8 canvas_mean=0.002811 canvas_min=-7.967 canvas_nonzero_ratio=0.008589 canvas_std=0.3428 final_norm=12.08 residual_alpha=0.5 shape_norm=13.33 source_delta_norm=6.004 source_delta_ratio=0.5141
2026-07-30 03:54:34,817 - portable_sam_fusion - INFO - [DEBUG-GATE] epoch=3 step=750 shape_dense_alpha_max=0.5 shape_dense_alpha_mean=0.5 shape_dense_alpha_min=0.5
2026-07-30 03:54:34,817 - portable_sam_fusion - INFO - [DEBUG-JITTER] epoch=3 step=750 area_ratio_count=64 area_ratio_mean=1 area_ratio_sum=64 fallback_count=0 mean_iou=1 num_jittered=0 num_rois=64
2026-07-30 03:54:34,817 - portable_sam_fusion - INFO - [DEBUG-SP] epoch=3 step=750 all_invalid_count=0 all_invalid_ratio=0 empty_count=0 empty_ratio=0 full_count=0 full_ratio=0 mean_point_distance=25.24 n1_gt_valid_count=64 n1_in_gt_bg=0.6094 n1_in_gt_bg_count=39 n1_valid_count=64 n1_valid_ratio=1 n2_gt_valid_count=64 n2_in_gt_bg=0.9844 n2_in_gt_bg_count=63 n2_valid_count=64 n2_valid_ratio=1 neg_in_pred_bg=1 neg_in_pred_bg_count=128 negative_pair_count=64 negative_pair_distance_sum=2381 p1_gt_valid_count=64 p1_in_gt_fg=1 p1_in_gt_fg_count=64 p1_valid_count=64 p1_valid_ratio=1 p2_gt_valid_count=64 p2_in_gt_fg=1 p2_in_gt_fg_count=64 p2_valid_count=64 p2_valid_ratio=1 point_distance_sum=3231 point_overlap_count=0 point_overlap_ratio=0 point_pair_count=128 pos_in_pred_fg=1 pos_in_pred_fg_count=128 positive_pair_count=64 positive_pair_distance_sum=850.2 roi_count=64 valid_neg_count=128 valid_pos_count=128 warmup_stage=2
2026-07-30 03:56:00,826 - portable_sam_fusion - INFO - epoch 3 | mini-batch 208/294 | optimizer_step 200/5920 | lr=4.996e-04
2026-07-30 03:56:07,406 - portable_sam_fusion - INFO - [DEBUG-BOX] epoch=3 step=800 fallback_count=0 fallback_ratio=0 num_rois=64 refined_proposal_iou=0 refined_proposal_iou_sum=0 refined_valid_count=0
2026-07-30 03:56:07,407 - portable_sam_fusion - INFO - [DEBUG-COARSE] epoch=3 step=800 bce_raw=0.2458 boundary_fn=5835 boundary_fp=5003 boundary_tp=1.958e+04 dice=0.1106 dice_loss_raw=0.1106 iou=0.8044 loss_weight=0.1 raw_boundary_fn=5835 raw_boundary_fp=5003 raw_boundary_tp=1.958e+04 raw_dice_score=0.8894 raw_iou=0.8044 weighted_loss=0.03563
2026-07-30 03:56:07,407 - portable_sam_fusion - INFO - [DEBUG-CONTEXT] epoch=3 step=800 enabled=0
2026-07-30 03:56:07,407 - portable_sam_fusion - INFO - [DEBUG-DENSE] epoch=3 step=800 applied_delta_norm=5.132 applied_delta_ratio=0.4395 base_norm=11.68 canvas_max=7.467 canvas_mean=0.03498 canvas_min=-6.342 canvas_nonzero_ratio=0.0225 canvas_std=0.504 final_norm=12.77 residual_alpha=0.5 shape_norm=15.63 source_delta_norm=10.26 source_delta_ratio=0.879
2026-07-30 03:56:07,407 - portable_sam_fusion - INFO - [DEBUG-GATE] epoch=3 step=800 shape_dense_alpha_max=0.5 shape_dense_alpha_mean=0.5 shape_dense_alpha_min=0.5
2026-07-30 03:56:07,407 - portable_sam_fusion - INFO - [DEBUG-JITTER] epoch=3 step=800 area_ratio_count=64 area_ratio_mean=1 area_ratio_sum=64 fallback_count=0 mean_iou=1 num_jittered=0 num_rois=64
2026-07-30 03:56:07,407 - portable_sam_fusion - INFO - [DEBUG-SP] epoch=3 step=800 all_invalid_count=0 all_invalid_ratio=0 empty_count=0 empty_ratio=0 full_count=1 full_ratio=0.01562 mean_point_distance=50.24 n1_gt_valid_count=63 n1_in_gt_bg=0.6667 n1_in_gt_bg_count=42 n1_valid_count=63 n1_valid_ratio=0.9844 n2_gt_valid_count=62 n2_in_gt_bg=0.9677 n2_in_gt_bg_count=60 n2_valid_count=62 n2_valid_ratio=0.9688 neg_in_pred_bg=1 neg_in_pred_bg_count=125 negative_pair_count=62 negative_pair_distance_sum=4968 p1_gt_valid_count=64 p1_in_gt_fg=0.9844 p1_in_gt_fg_count=63 p1_valid_count=64 p1_valid_ratio=1 p2_gt_valid_count=64 p2_in_gt_fg=1 p2_in_gt_fg_count=64 p2_valid_count=64 p2_valid_ratio=1 point_distance_sum=6331 point_overlap_count=0 point_overlap_ratio=0 point_pair_count=126 pos_in_pred_fg=1 pos_in_pred_fg_count=128 positive_pair_count=64 positive_pair_distance_sum=1363 roi_count=64 valid_neg_count=125 valid_pos_count=128 warmup_stage=2
2026-07-30 03:57:34,136 - portable_sam_fusion - INFO - [DEBUG-BOX] epoch=3 step=850 fallback_count=0 fallback_ratio=0 num_rois=0 refined_proposal_iou=0 refined_proposal_iou_sum=0 refined_valid_count=0
2026-07-30 03:57:34,136 - portable_sam_fusion - INFO - [DEBUG-COARSE] epoch=3 step=850 boundary_fn=0 boundary_fp=0 boundary_tp=0 dice=0 iou=0
2026-07-30 03:57:34,136 - portable_sam_fusion - INFO - [DEBUG-CONTEXT] epoch=3 step=850 enabled=0
2026-07-30 03:57:34,136 - portable_sam_fusion - INFO - [DEBUG-DENSE] epoch=3 step=850 applied_delta_norm=2.344 applied_delta_ratio=0.2008 base_norm=11.68 canvas_max=8 canvas_mean=0.002143 canvas_min=-6.777 canvas_nonzero_ratio=0.006432 canvas_std=0.2998 final_norm=11.95 residual_alpha=0.5 shape_norm=12.79 source_delta_norm=4.689 source_delta_ratio=0.4015
2026-07-30 03:57:34,136 - portable_sam_fusion - INFO - [DEBUG-GATE] epoch=3 step=850 shape_dense_alpha_max=0.5 shape_dense_alpha_mean=0.5 shape_dense_alpha_min=0.5
2026-07-30 03:57:34,136 - portable_sam_fusion - INFO - [DEBUG-JITTER] epoch=3 step=850 area_ratio_count=0 area_ratio_mean=0 area_ratio_sum=0 fallback_count=0 mean_iou=0 num_jittered=0 num_rois=0
2026-07-30 03:57:34,136 - portable_sam_fusion - INFO - [DEBUG-SP] epoch=3 step=850 all_invalid_count=0 all_invalid_ratio=0 empty_count=0 empty_ratio=0 full_count=0 full_ratio=0 mean_point_distance=24.65 n1_gt_valid_count=64 n1_in_gt_bg=0.4219 n1_in_gt_bg_count=27 n1_valid_count=64 n1_valid_ratio=1 n2_gt_valid_count=64 n2_in_gt_bg=1 n2_in_gt_bg_count=64 n2_valid_count=64 n2_valid_ratio=1 neg_in_pred_bg=1 neg_in_pred_bg_count=128 negative_pair_count=64 negative_pair_distance_sum=2514 p1_gt_valid_count=64 p1_in_gt_fg=1 p1_in_gt_fg_count=64 p1_valid_count=64 p1_valid_ratio=1 p2_gt_valid_count=64 p2_in_gt_fg=1 p2_in_gt_fg_count=64 p2_valid_count=64 p2_valid_ratio=1 point_distance_sum=3155 point_overlap_count=0 point_overlap_ratio=0 point_pair_count=128 pos_in_pred_fg=1 pos_in_pred_fg_count=128 positive_pair_count=64 positive_pair_distance_sum=641.1 roi_count=64 valid_neg_count=128 valid_pos_count=128 warmup_stage=2
2026-07-30 03:58:17,989 - portable_sam_fusion - INFO - Epoch 3 detailed losses: loss_rpn_cls=0.0559, loss_rpn_bbox=0.0218, loss_cls=0.3194, acc=86.4154, loss_bbox=0.1933, loss_mask=0.0034, debug_mask_pos_rois=56.3741, debug_mask_logit_mean=-14.7348, debug_mask_logit_std=3.2022, debug_mask_prob_mean=0.0046, debug_mask_prob_ge05=0.0045, debug_mask_target_fill=0.0045, loss_shape_prior=0.0407, schedule/det_weight=1.0000
2026-07-30 03:58:17,989 - portable_sam_fusion - INFO - Epoch 3 dense residual monitor: alpha=0.500000 source_delta_norm=6.1380 applied_delta_norm=3.0690 source_delta_ratio=0.525586 applied_delta_ratio=0.262793
2026-07-30 03:58:17,989 - portable_sam_fusion - INFO - Epoch 3 primary loss shares: det=93.04% final_mask=0.54% shape=6.42% p2_boundary=0.00%
2026-07-30 03:58:17,989 - portable_sam_fusion - INFO - Epoch 3 schedule: det_loss_weight=1.000 early_stop_start=20 min_delta=0.0005
2026-07-30 03:58:17,989 - portable_sam_fusion - INFO - Epoch 3 learning rates: sat_backbone=4.99e-04, mask_decoder=4.99e-04, prompt_encoder=4.99e-04, shape_prior=4.99e-04, quality_head=4.99e-04, sat_other=4.99e-04
2026-07-30 04:03:13,508 - portable_sam_fusion - INFO - Validation samples: GT=15926, DT=28622, avg_masks_per_image=45.65, avg_mask_fill=0.0093
creating index...
index created!
Loading and preparing results...
DONE (t=0.04s)
creating index...
index created!
Running per image evaluation...
Evaluate annotation type *bbox*
DONE (t=12.91s).
Accumulating evaluation results...
DONE (t=0.27s).
 Average Precision  (AP) @[ IoU=0.50:0.95 | area=   all | maxDets=100 ] = 0.503
 Average Precision  (AP) @[ IoU=0.50      | area=   all | maxDets=100 ] = 0.853
 Average Precision  (AP) @[ IoU=0.75      | area=   all | maxDets=100 ] = 0.571
 Average Precision  (AP) @[ IoU=0.50:0.95 | area= small | maxDets=100 ] = 0.161
 Average Precision  (AP) @[ IoU=0.50:0.95 | area=medium | maxDets=100 ] = 0.564
 Average Precision  (AP) @[ IoU=0.50:0.95 | area= large | maxDets=100 ] = 0.512
 Average Recall     (AR) @[ IoU=0.50:0.95 | area=   all | maxDets=  1 ] = 0.020
 Average Recall     (AR) @[ IoU=0.50:0.95 | area=   all | maxDets= 10 ] = 0.149
 Average Recall     (AR) @[ IoU=0.50:0.95 | area=   all | maxDets=100 ] = 0.587
 Average Recall     (AR) @[ IoU=0.50:0.95 | area= small | maxDets=100 ] = 0.320
 Average Recall     (AR) @[ IoU=0.50:0.95 | area=medium | maxDets=100 ] = 0.650
 Average Recall     (AR) @[ IoU=0.50:0.95 | area= large | maxDets=100 ] = 0.585
2026-07-30 04:03:26,953 - portable_sam_fusion - INFO - Validation bbox/mAP: 0.5026 bbox/mAP_75: 0.5709
Running per image evaluation...
Evaluate annotation type *segm*
DONE (t=13.45s).
Accumulating evaluation results...
DONE (t=0.24s).
 Average Precision  (AP) @[ IoU=0.50:0.95 | area=   all | maxDets=100 ] = 0.401
 Average Precision  (AP) @[ IoU=0.50      | area=   all | maxDets=100 ] = 0.781
 Average Precision  (AP) @[ IoU=0.75      | area=   all | maxDets=100 ] = 0.408
 Average Precision  (AP) @[ IoU=0.50:0.95 | area= small | maxDets=100 ] = 0.027
 Average Precision  (AP) @[ IoU=0.50:0.95 | area=medium | maxDets=100 ] = 0.414
 Average Precision  (AP) @[ IoU=0.50:0.95 | area= large | maxDets=100 ] = 0.608
 Average Recall     (AR) @[ IoU=0.50:0.95 | area=   all | maxDets=  1 ] = 0.020
 Average Recall     (AR) @[ IoU=0.50:0.95 | area=   all | maxDets= 10 ] = 0.137
 Average Recall     (AR) @[ IoU=0.50:0.95 | area=   all | maxDets=100 ] = 0.465
 Average Recall     (AR) @[ IoU=0.50:0.95 | area= small | maxDets=100 ] = 0.084
 Average Recall     (AR) @[ IoU=0.50:0.95 | area=medium | maxDets=100 ] = 0.477
 Average Recall     (AR) @[ IoU=0.50:0.95 | area= large | maxDets=100 ] = 0.668
2026-07-30 04:03:40,724 - portable_sam_fusion - INFO - Validation segm/mAP: 0.4010
2026-07-30 04:03:41,330 - portable_sam_fusion - INFO - New best segm/mAP: 0.4010
2026-07-30 04:03:41,331 - portable_sam_fusion - INFO - New best bbox/mAP: 0.5026
2026-07-30 04:03:41,331 - portable_sam_fusion - INFO - New best early-stop metric (segm/mAP): raw=0.4010 smooth(5)=0.3238
2026-07-30 04:03:43,934 - portable_sam_fusion - INFO - Saved best_model with segm/mAP: 0.4010
2026-07-30 04:03:46,695 - portable_sam_fusion - INFO - Saved best_bbox_model with bbox/mAP: 0.5026
2026-07-30 04:03:52,168 - portable_sam_fusion - INFO - Epoch 3/80 | train=0.634584 val=disabled segm/mAP=0.4010 bbox/mAP=0.5026 | best_segm=0.4010 best_bbox=0.5026 best_comp=0.0000 | sat_backbone=4.99e-04 mask_decoder=4.99e-04 prompt_encoder=4.99e-04 shape_prior=4.99e-04 quality_head=4.99e-04 sat_other=4.99e-04
2026-07-30 04:04:15,169 - portable_sam_fusion - INFO - [DEBUG-BOX] epoch=4 step=900 fallback_count=0 fallback_ratio=0 num_rois=64 refined_proposal_iou=0 refined_proposal_iou_sum=0 refined_valid_count=0
2026-07-30 04:04:15,169 - portable_sam_fusion - INFO - [DEBUG-COARSE] epoch=4 step=900 bce_raw=0.271 boundary_fn=6075 boundary_fp=5548 boundary_tp=2.115e+04 dice=0.1453 dice_loss_raw=0.1453 iou=0.7513 loss_weight=0.1 raw_boundary_fn=6075 raw_boundary_fp=5548 raw_boundary_tp=2.115e+04 raw_dice_score=0.8547 raw_iou=0.7513 weighted_loss=0.04162
2026-07-30 04:04:15,169 - portable_sam_fusion - INFO - [DEBUG-CONTEXT] epoch=4 step=900 enabled=0
2026-07-30 04:04:15,169 - portable_sam_fusion - INFO - [DEBUG-DENSE] epoch=4 step=900 applied_delta_norm=2.952 applied_delta_ratio=0.2528 base_norm=11.68 canvas_max=8 canvas_mean=0.004283 canvas_min=-6.192 canvas_nonzero_ratio=0.007129 canvas_std=0.3258 final_norm=12 residual_alpha=0.5 shape_norm=13.08 source_delta_norm=5.904 source_delta_ratio=0.5055
2026-07-30 04:04:15,169 - portable_sam_fusion - INFO - [DEBUG-GATE] epoch=4 step=900 shape_dense_alpha_max=0.5 shape_dense_alpha_mean=0.5 shape_dense_alpha_min=0.5
2026-07-30 04:04:15,169 - portable_sam_fusion - INFO - [DEBUG-JITTER] epoch=4 step=900 area_ratio_count=64 area_ratio_mean=1 area_ratio_sum=64 fallback_count=0 mean_iou=1 num_jittered=0 num_rois=64
2026-07-30 04:04:15,169 - portable_sam_fusion - INFO - [DEBUG-SP] epoch=4 step=900 all_invalid_count=0 all_invalid_ratio=0 empty_count=0 empty_ratio=0 full_count=0 full_ratio=0 mean_point_distance=25.57 n1_gt_valid_count=64 n1_in_gt_bg=0.875 n1_in_gt_bg_count=56 n1_valid_count=64 n1_valid_ratio=1 n2_gt_valid_count=64 n2_in_gt_bg=0.9844 n2_in_gt_bg_count=63 n2_valid_count=64 n2_valid_ratio=1 neg_in_pred_bg=1 neg_in_pred_bg_count=128 negative_pair_count=64 negative_pair_distance_sum=2333 p1_gt_valid_count=64 p1_in_gt_fg=1 p1_in_gt_fg_count=64 p1_valid_count=64 p1_valid_ratio=1 p2_gt_valid_count=64 p2_in_gt_fg=1 p2_in_gt_fg_count=64 p2_valid_count=64 p2_valid_ratio=1 point_distance_sum=3272 point_overlap_count=0 point_overlap_ratio=0 point_pair_count=128 pos_in_pred_fg=1 pos_in_pred_fg_count=128 positive_pair_count=64 positive_pair_distance_sum=939.2 roi_count=64 valid_neg_count=128 valid_pos_count=128 warmup_stage=2
2026-07-30 04:05:38,236 - portable_sam_fusion - INFO - [DEBUG-BOX] epoch=4 step=950 fallback_count=0 fallback_ratio=0 num_rois=64 refined_proposal_iou=0 refined_proposal_iou_sum=0 refined_valid_count=0
2026-07-30 04:05:38,236 - portable_sam_fusion - INFO - [DEBUG-COARSE] epoch=4 step=950 bce_raw=0.2149 boundary_fn=5671 boundary_fp=4320 boundary_tp=2.077e+04 dice=0.118 dice_loss_raw=0.118 iou=0.7923 loss_weight=0.1 raw_boundary_fn=5671 raw_boundary_fp=4320 raw_boundary_tp=2.077e+04 raw_dice_score=0.882 raw_iou=0.7923 weighted_loss=0.03329
2026-07-30 04:05:38,236 - portable_sam_fusion - INFO - [DEBUG-CONTEXT] epoch=4 step=950 enabled=0
2026-07-30 04:05:38,236 - portable_sam_fusion - INFO - [DEBUG-DENSE] epoch=4 step=950 applied_delta_norm=3.964 applied_delta_ratio=0.3395 base_norm=11.68 canvas_max=7.789 canvas_mean=0.005823 canvas_min=-6.785 canvas_nonzero_ratio=0.01096 canvas_std=0.3974 final_norm=12.2 residual_alpha=0.5 shape_norm=13.91 source_delta_norm=7.929 source_delta_ratio=0.6789
2026-07-30 04:05:38,236 - portable_sam_fusion - INFO - [DEBUG-GATE] epoch=4 step=950 shape_dense_alpha_max=0.5 shape_dense_alpha_mean=0.5 shape_dense_alpha_min=0.5
2026-07-30 04:05:38,236 - portable_sam_fusion - INFO - [DEBUG-JITTER] epoch=4 step=950 area_ratio_count=64 area_ratio_mean=1 area_ratio_sum=64 fallback_count=0 mean_iou=1 num_jittered=0 num_rois=64
2026-07-30 04:05:38,236 - portable_sam_fusion - INFO - [DEBUG-SP] epoch=4 step=950 all_invalid_count=0 all_invalid_ratio=0 empty_count=0 empty_ratio=0 full_count=0 full_ratio=0 mean_point_distance=41.2 n1_gt_valid_count=64 n1_in_gt_bg=0.7031 n1_in_gt_bg_count=45 n1_valid_count=64 n1_valid_ratio=1 n2_gt_valid_count=64 n2_in_gt_bg=1 n2_in_gt_bg_count=64 n2_valid_count=64 n2_valid_ratio=1 neg_in_pred_bg=1 neg_in_pred_bg_count=128 negative_pair_count=64 negative_pair_distance_sum=4225 p1_gt_valid_count=64 p1_in_gt_fg=1 p1_in_gt_fg_count=64 p1_valid_count=64 p1_valid_ratio=1 p2_gt_valid_count=64 p2_in_gt_fg=1 p2_in_gt_fg_count=64 p2_valid_count=64 p2_valid_ratio=1 point_distance_sum=5274 point_overlap_count=0 point_overlap_ratio=0 point_pair_count=128 pos_in_pred_fg=1 pos_in_pred_fg_count=128 positive_pair_count=64 positive_pair_distance_sum=1048 roi_count=64 valid_neg_count=128 valid_pos_count=128 warmup_stage=2
2026-07-30 04:06:57,805 - portable_sam_fusion - INFO - epoch 4 | mini-batch 112/294 | optimizer_step 250/5920 | lr=4.992e-04
2026-07-30 04:07:07,715 - portable_sam_fusion - INFO - [DEBUG-BOX] epoch=4 step=1000 fallback_count=0 fallback_ratio=0 num_rois=64 refined_proposal_iou=0 refined_proposal_iou_sum=0 refined_valid_count=0
2026-07-30 04:07:07,716 - portable_sam_fusion - INFO - [DEBUG-COARSE] epoch=4 step=1000 bce_raw=0.3532 boundary_fn=5679 boundary_fp=7829 boundary_tp=2.184e+04 dice=0.1818 dice_loss_raw=0.1818 iou=0.7029 loss_weight=0.1 raw_boundary_fn=5679 raw_boundary_fp=7829 raw_boundary_tp=2.184e+04 raw_dice_score=0.8182 raw_iou=0.7029 weighted_loss=0.0535
2026-07-30 04:07:07,716 - portable_sam_fusion - INFO - [DEBUG-CONTEXT] epoch=4 step=1000 enabled=0
2026-07-30 04:07:07,716 - portable_sam_fusion - INFO - [DEBUG-DENSE] epoch=4 step=1000 applied_delta_norm=3.278 applied_delta_ratio=0.2807 base_norm=11.68 canvas_max=7.763 canvas_mean=0.002353 canvas_min=-7.573 canvas_nonzero_ratio=0.00906 canvas_std=0.3798 final_norm=12.08 residual_alpha=0.5 shape_norm=13.38 source_delta_norm=6.556 source_delta_ratio=0.5614
2026-07-30 04:07:07,716 - portable_sam_fusion - INFO - [DEBUG-GATE] epoch=4 step=1000 shape_dense_alpha_max=0.5 shape_dense_alpha_mean=0.5 shape_dense_alpha_min=0.5
2026-07-30 04:07:07,716 - portable_sam_fusion - INFO - [DEBUG-JITTER] epoch=4 step=1000 area_ratio_count=64 area_ratio_mean=1 area_ratio_sum=64 fallback_count=0 mean_iou=1 num_jittered=0 num_rois=64
2026-07-30 04:07:07,716 - portable_sam_fusion - INFO - [DEBUG-SP] epoch=4 step=1000 all_invalid_count=0 all_invalid_ratio=0 empty_count=0 empty_ratio=0 full_count=0 full_ratio=0 mean_point_distance=36.64 n1_gt_valid_count=64 n1_in_gt_bg=0.7812 n1_in_gt_bg_count=50 n1_valid_count=64 n1_valid_ratio=1 n2_gt_valid_count=64 n2_in_gt_bg=1 n2_in_gt_bg_count=64 n2_valid_count=64 n2_valid_ratio=1 neg_in_pred_bg=1 neg_in_pred_bg_count=128 negative_pair_count=64 negative_pair_distance_sum=3695 p1_gt_valid_count=64 p1_in_gt_fg=0.9844 p1_in_gt_fg_count=63 p1_valid_count=64 p1_valid_ratio=1 p2_gt_valid_count=64 p2_in_gt_fg=0.9688 p2_in_gt_fg_count=62 p2_valid_count=64 p2_valid_ratio=1 point_distance_sum=4689 point_overlap_count=0 point_overlap_ratio=0 point_pair_count=128 pos_in_pred_fg=1 pos_in_pred_fg_count=128 positive_pair_count=64 positive_pair_distance_sum=994.6 roi_count=64 valid_neg_count=128 valid_pos_count=128 warmup_stage=2
2026-07-30 04:08:27,706 - portable_sam_fusion - INFO - [DEBUG-BOX] epoch=4 step=1050 fallback_count=0 fallback_ratio=0 num_rois=64 refined_proposal_iou=0 refined_proposal_iou_sum=0 refined_valid_count=0
2026-07-30 04:08:27,706 - portable_sam_fusion - INFO - [DEBUG-COARSE] epoch=4 step=1050 bce_raw=0.2848 boundary_fn=6674 boundary_fp=4564 boundary_tp=2.023e+04 dice=0.1158 dice_loss_raw=0.1158 iou=0.7969 loss_weight=0.1 raw_boundary_fn=6674 raw_boundary_fp=4564 raw_boundary_tp=2.023e+04 raw_dice_score=0.8842 raw_iou=0.7969 weighted_loss=0.04006
2026-07-30 04:08:27,706 - portable_sam_fusion - INFO - [DEBUG-CONTEXT] epoch=4 step=1050 enabled=0
2026-07-30 04:08:27,706 - portable_sam_fusion - INFO - [DEBUG-DENSE] epoch=4 step=1050 applied_delta_norm=2.832 applied_delta_ratio=0.2425 base_norm=11.68 canvas_max=7.529 canvas_mean=0.005693 canvas_min=-8 canvas_nonzero_ratio=0.006478 canvas_std=0.3348 final_norm=11.99 residual_alpha=0.5 shape_norm=13.01 source_delta_norm=5.664 source_delta_ratio=0.485
2026-07-30 04:08:27,706 - portable_sam_fusion - INFO - [DEBUG-GATE] epoch=4 step=1050 shape_dense_alpha_max=0.5 shape_dense_alpha_mean=0.5 shape_dense_alpha_min=0.5
2026-07-30 04:08:27,706 - portable_sam_fusion - INFO - [DEBUG-JITTER] epoch=4 step=1050 area_ratio_count=64 area_ratio_mean=1 area_ratio_sum=64 fallback_count=0 mean_iou=1 num_jittered=0 num_rois=64
2026-07-30 04:08:27,706 - portable_sam_fusion - INFO - [DEBUG-SP] epoch=4 step=1050 all_invalid_count=0 all_invalid_ratio=0 empty_count=0 empty_ratio=0 full_count=0 full_ratio=0 mean_point_distance=22.57 n1_gt_valid_count=64 n1_in_gt_bg=0.7656 n1_in_gt_bg_count=49 n1_valid_count=64 n1_valid_ratio=1 n2_gt_valid_count=64 n2_in_gt_bg=0.9844 n2_in_gt_bg_count=63 n2_valid_count=64 n2_valid_ratio=1 neg_in_pred_bg=1 neg_in_pred_bg_count=128 negative_pair_count=64 negative_pair_distance_sum=1904 p1_gt_valid_count=64 p1_in_gt_fg=0.9844 p1_in_gt_fg_count=63 p1_valid_count=64 p1_valid_ratio=1 p2_gt_valid_count=64 p2_in_gt_fg=0.9688 p2_in_gt_fg_count=62 p2_valid_count=64 p2_valid_ratio=1 point_distance_sum=2889 point_overlap_count=0 point_overlap_ratio=0 point_pair_count=128 pos_in_pred_fg=1 pos_in_pred_fg_count=128 positive_pair_count=64 positive_pair_distance_sum=985.4 roi_count=64 valid_neg_count=128 valid_pos_count=128 warmup_stage=2
2026-07-30 04:09:37,582 - portable_sam_fusion - INFO - [DEBUG-BOX] epoch=4 step=1100 fallback_count=0 fallback_ratio=0 num_rois=64 refined_proposal_iou=0 refined_proposal_iou_sum=0 refined_valid_count=0
2026-07-30 04:09:37,583 - portable_sam_fusion - INFO - [DEBUG-COARSE] epoch=4 step=1100 bce_raw=0.2409 boundary_fn=6572 boundary_fp=5225 boundary_tp=2.065e+04 dice=0.1299 dice_loss_raw=0.1299 iou=0.7759 loss_weight=0.1 raw_boundary_fn=6572 raw_boundary_fp=5225 raw_boundary_tp=2.065e+04 raw_dice_score=0.8701 raw_iou=0.7759 weighted_loss=0.03708
2026-07-30 04:09:37,583 - portable_sam_fusion - INFO - [DEBUG-CONTEXT] epoch=4 step=1100 enabled=0
2026-07-30 04:09:37,583 - portable_sam_fusion - INFO - [DEBUG-DENSE] epoch=4 step=1100 applied_delta_norm=4.973 applied_delta_ratio=0.4258 base_norm=11.68 canvas_max=6.473 canvas_mean=0.001495 canvas_min=-8 canvas_nonzero_ratio=0.02588 canvas_std=0.5896 final_norm=12.83 residual_alpha=0.5 shape_norm=15.76 source_delta_norm=9.946 source_delta_ratio=0.8517
2026-07-30 04:09:37,583 - portable_sam_fusion - INFO - [DEBUG-GATE] epoch=4 step=1100 shape_dense_alpha_max=0.5 shape_dense_alpha_mean=0.5 shape_dense_alpha_min=0.5
2026-07-30 04:09:37,583 - portable_sam_fusion - INFO - [DEBUG-JITTER] epoch=4 step=1100 area_ratio_count=64 area_ratio_mean=1 area_ratio_sum=64 fallback_count=0 mean_iou=1 num_jittered=0 num_rois=64
2026-07-30 04:09:37,583 - portable_sam_fusion - INFO - [DEBUG-SP] epoch=4 step=1100 all_invalid_count=0 all_invalid_ratio=0 empty_count=0 empty_ratio=0 full_count=0 full_ratio=0 mean_point_distance=45.75 n1_gt_valid_count=64 n1_in_gt_bg=0.7344 n1_in_gt_bg_count=47 n1_valid_count=64 n1_valid_ratio=1 n2_gt_valid_count=64 n2_in_gt_bg=0.9844 n2_in_gt_bg_count=63 n2_valid_count=64 n2_valid_ratio=1 neg_in_pred_bg=1 neg_in_pred_bg_count=128 negative_pair_count=64 negative_pair_distance_sum=4485 p1_gt_valid_count=64 p1_in_gt_fg=1 p1_in_gt_fg_count=64 p1_valid_count=64 p1_valid_ratio=1 p2_gt_valid_count=64 p2_in_gt_fg=0.9844 p2_in_gt_fg_count=63 p2_valid_count=64 p2_valid_ratio=1 point_distance_sum=5856 point_overlap_count=0 point_overlap_ratio=0 point_pair_count=128 pos_in_pred_fg=1 pos_in_pred_fg_count=128 positive_pair_count=64 positive_pair_distance_sum=1371 roi_count=64 valid_neg_count=128 valid_pos_count=128 warmup_stage=2
2026-07-30 04:10:48,984 - portable_sam_fusion - INFO - [DEBUG-BOX] epoch=4 step=1150 fallback_count=0 fallback_ratio=0 num_rois=64 refined_proposal_iou=0 refined_proposal_iou_sum=0 refined_valid_count=0
2026-07-30 04:10:48,984 - portable_sam_fusion - INFO - [DEBUG-COARSE] epoch=4 step=1150 bce_raw=0.254 boundary_fn=6442 boundary_fp=4590 boundary_tp=2.135e+04 dice=0.1251 dice_loss_raw=0.1251 iou=0.7804 loss_weight=0.1 raw_boundary_fn=6442 raw_boundary_fp=4590 raw_boundary_tp=2.135e+04 raw_dice_score=0.8749 raw_iou=0.7804 weighted_loss=0.03791
2026-07-30 04:10:48,985 - portable_sam_fusion - INFO - [DEBUG-CONTEXT] epoch=4 step=1150 enabled=0
2026-07-30 04:10:48,985 - portable_sam_fusion - INFO - [DEBUG-DENSE] epoch=4 step=1150 applied_delta_norm=3.116 applied_delta_ratio=0.2668 base_norm=11.68 canvas_max=8 canvas_mean=0.002587 canvas_min=-8 canvas_nonzero_ratio=0.008307 canvas_std=0.4036 final_norm=12.03 residual_alpha=0.5 shape_norm=13.22 source_delta_norm=6.232 source_delta_ratio=0.5336
2026-07-30 04:10:48,985 - portable_sam_fusion - INFO - [DEBUG-GATE] epoch=4 step=1150 shape_dense_alpha_max=0.5 shape_dense_alpha_mean=0.5 shape_dense_alpha_min=0.5
2026-07-30 04:10:48,985 - portable_sam_fusion - INFO - [DEBUG-JITTER] epoch=4 step=1150 area_ratio_count=64 area_ratio_mean=1 area_ratio_sum=64 fallback_count=0 mean_iou=1 num_jittered=0 num_rois=64
2026-07-30 04:10:48,985 - portable_sam_fusion - INFO - [DEBUG-SP] epoch=4 step=1150 all_invalid_count=0 all_invalid_ratio=0 empty_count=0 empty_ratio=0 full_count=0 full_ratio=0 mean_point_distance=31.98 n1_gt_valid_count=64 n1_in_gt_bg=0.8438 n1_in_gt_bg_count=54 n1_valid_count=64 n1_valid_ratio=1 n2_gt_valid_count=64 n2_in_gt_bg=1 n2_in_gt_bg_count=64 n2_valid_count=64 n2_valid_ratio=1 neg_in_pred_bg=1 neg_in_pred_bg_count=128 negative_pair_count=64 negative_pair_distance_sum=3107 p1_gt_valid_count=64 p1_in_gt_fg=1 p1_in_gt_fg_count=64 p1_valid_count=64 p1_valid_ratio=1 p2_gt_valid_count=64 p2_in_gt_fg=1 p2_in_gt_fg_count=64 p2_valid_count=64 p2_valid_ratio=1 point_distance_sum=4093 point_overlap_count=0 point_overlap_ratio=0 point_pair_count=128 pos_in_pred_fg=1 pos_in_pred_fg_count=128 positive_pair_count=64 positive_pair_distance_sum=986 roi_count=64 valid_neg_count=128 valid_pos_count=128 warmup_stage=2
2026-07-30 04:11:26,571 - portable_sam_fusion - INFO - Epoch 4 detailed losses: loss_rpn_cls=0.0503, loss_rpn_bbox=0.0179, loss_cls=0.2896, acc=87.7655, loss_bbox=0.1543, loss_mask=0.0022, debug_mask_pos_rois=55.6939, debug_mask_logit_mean=-14.6379, debug_mask_logit_std=2.9442, debug_mask_prob_mean=0.0047, debug_mask_prob_ge05=0.0046, debug_mask_target_fill=0.0046, loss_shape_prior=0.0345, schedule/det_weight=1.0000
2026-07-30 04:11:26,571 - portable_sam_fusion - INFO - Epoch 4 dense residual monitor: alpha=0.500000 source_delta_norm=6.3514 applied_delta_norm=3.1757 source_delta_ratio=0.543858 applied_delta_ratio=0.271929
2026-07-30 04:11:26,571 - portable_sam_fusion - INFO - Epoch 4 primary loss shares: det=93.30% final_mask=0.41% shape=6.29% p2_boundary=0.00%
2026-07-30 04:11:26,571 - portable_sam_fusion - INFO - Epoch 4 schedule: det_loss_weight=1.000 early_stop_start=20 min_delta=0.0005
2026-07-30 04:11:26,571 - portable_sam_fusion - INFO - Epoch 4 learning rates: sat_backbone=4.99e-04, mask_decoder=4.99e-04, prompt_encoder=4.99e-04, shape_prior=4.99e-04, quality_head=4.99e-04, sat_other=4.99e-04
2026-07-30 04:15:59,907 - portable_sam_fusion - INFO - Validation samples: GT=15926, DT=23453, avg_masks_per_image=37.41, avg_mask_fill=0.0066
creating index...
index created!
Loading and preparing results...
DONE (t=0.03s)
creating index...
index created!
Running per image evaluation...
Evaluate annotation type *bbox*
DONE (t=11.95s).
Accumulating evaluation results...
DONE (t=0.23s).
 Average Precision  (AP) @[ IoU=0.50:0.95 | area=   all | maxDets=100 ] = 0.579
 Average Precision  (AP) @[ IoU=0.50      | area=   all | maxDets=100 ] = 0.854
 Average Precision  (AP) @[ IoU=0.75      | area=   all | maxDets=100 ] = 0.703
 Average Precision  (AP) @[ IoU=0.50:0.95 | area= small | maxDets=100 ] = 0.185
 Average Precision  (AP) @[ IoU=0.50:0.95 | area=medium | maxDets=100 ] = 0.630
 Average Precision  (AP) @[ IoU=0.50:0.95 | area= large | maxDets=100 ] = 0.649
 Average Recall     (AR) @[ IoU=0.50:0.95 | area=   all | maxDets=  1 ] = 0.024
 Average Recall     (AR) @[ IoU=0.50:0.95 | area=   all | maxDets= 10 ] = 0.170
 Average Recall     (AR) @[ IoU=0.50:0.95 | area=   all | maxDets=100 ] = 0.654
 Average Recall     (AR) @[ IoU=0.50:0.95 | area= small | maxDets=100 ] = 0.336
 Average Recall     (AR) @[ IoU=0.50:0.95 | area=medium | maxDets=100 ] = 0.703
 Average Recall     (AR) @[ IoU=0.50:0.95 | area= large | maxDets=100 ] = 0.720
2026-07-30 04:16:12,907 - portable_sam_fusion - INFO - Validation bbox/mAP: 0.5794 bbox/mAP_75: 0.7028
Running per image evaluation...
Evaluate annotation type *segm*
DONE (t=12.55s).
Accumulating evaluation results...
DONE (t=0.23s).
 Average Precision  (AP) @[ IoU=0.50:0.95 | area=   all | maxDets=100 ] = 0.414
 Average Precision  (AP) @[ IoU=0.50      | area=   all | maxDets=100 ] = 0.807
 Average Precision  (AP) @[ IoU=0.75      | area=   all | maxDets=100 ] = 0.420
 Average Precision  (AP) @[ IoU=0.50:0.95 | area= small | maxDets=100 ] = 0.044
 Average Precision  (AP) @[ IoU=0.50:0.95 | area=medium | maxDets=100 ] = 0.423
 Average Precision  (AP) @[ IoU=0.50:0.95 | area= large | maxDets=100 ] = 0.614
 Average Recall     (AR) @[ IoU=0.50:0.95 | area=   all | maxDets=  1 ] = 0.020
 Average Recall     (AR) @[ IoU=0.50:0.95 | area=   all | maxDets= 10 ] = 0.140
 Average Recall     (AR) @[ IoU=0.50:0.95 | area=   all | maxDets=100 ] = 0.478
 Average Recall     (AR) @[ IoU=0.50:0.95 | area= small | maxDets=100 ] = 0.102
 Average Recall     (AR) @[ IoU=0.50:0.95 | area=medium | maxDets=100 ] = 0.490
 Average Recall     (AR) @[ IoU=0.50:0.95 | area= large | maxDets=100 ] = 0.676
2026-07-30 04:16:25,730 - portable_sam_fusion - INFO - Validation segm/mAP: 0.4141
2026-07-30 04:16:26,320 - portable_sam_fusion - INFO - New best segm/mAP: 0.4141
2026-07-30 04:16:26,321 - portable_sam_fusion - INFO - New best bbox/mAP: 0.5794
2026-07-30 04:16:26,321 - portable_sam_fusion - INFO - New best early-stop metric (segm/mAP): raw=0.4141 smooth(5)=0.3464
2026-07-30 04:16:28,982 - portable_sam_fusion - INFO - Saved best_model with segm/mAP: 0.4141
2026-07-30 04:16:31,806 - portable_sam_fusion - INFO - Saved best_bbox_model with bbox/mAP: 0.5794
2026-07-30 04:16:37,510 - portable_sam_fusion - INFO - Epoch 4/80 | train=0.548819 val=disabled segm/mAP=0.4141 bbox/mAP=0.5794 | best_segm=0.4141 best_bbox=0.5794 best_comp=0.0000 | sat_backbone=4.99e-04 mask_decoder=4.99e-04 prompt_encoder=4.99e-04 shape_prior=4.99e-04 quality_head=4.99e-04 sat_other=4.99e-04
2026-07-30 04:17:02,777 - portable_sam_fusion - INFO - epoch 5 | mini-batch 16/294 | optimizer_step 300/5920 | lr=4.985e-04
2026-07-30 04:17:14,977 - portable_sam_fusion - INFO - [DEBUG-BOX] epoch=5 step=1200 fallback_count=0 fallback_ratio=0 num_rois=64 refined_proposal_iou=0 refined_proposal_iou_sum=0 refined_valid_count=0
2026-07-30 04:17:14,977 - portable_sam_fusion - INFO - [DEBUG-COARSE] epoch=5 step=1200 bce_raw=0.2506 boundary_fn=5898 boundary_fp=5587 boundary_tp=2.038e+04 dice=0.1213 dice_loss_raw=0.1213 iou=0.7891 loss_weight=0.1 raw_boundary_fn=5898 raw_boundary_fp=5587 raw_boundary_tp=2.038e+04 raw_dice_score=0.8787 raw_iou=0.7891 weighted_loss=0.03719
2026-07-30 04:17:14,977 - portable_sam_fusion - INFO - [DEBUG-CONTEXT] epoch=5 step=1200 enabled=0
2026-07-30 04:17:14,977 - portable_sam_fusion - INFO - [DEBUG-DENSE] epoch=5 step=1200 applied_delta_norm=4.037 applied_delta_ratio=0.3457 base_norm=11.68 canvas_max=8 canvas_mean=0.003244 canvas_min=-8 canvas_nonzero_ratio=0.01921 canvas_std=0.5255 final_norm=12.54 residual_alpha=0.5 shape_norm=14.83 source_delta_norm=8.075 source_delta_ratio=0.6914
2026-07-30 04:17:14,977 - portable_sam_fusion - INFO - [DEBUG-GATE] epoch=5 step=1200 shape_dense_alpha_max=0.5 shape_dense_alpha_mean=0.5 shape_dense_alpha_min=0.5
2026-07-30 04:17:14,977 - portable_sam_fusion - INFO - [DEBUG-JITTER] epoch=5 step=1200 area_ratio_count=64 area_ratio_mean=1 area_ratio_sum=64 fallback_count=0 mean_iou=1 num_jittered=0 num_rois=64
2026-07-30 04:17:14,977 - portable_sam_fusion - INFO - [DEBUG-SP] epoch=5 step=1200 all_invalid_count=0 all_invalid_ratio=0 empty_count=0 empty_ratio=0 full_count=0 full_ratio=0 mean_point_distance=38.31 n1_gt_valid_count=64 n1_in_gt_bg=0.6094 n1_in_gt_bg_count=39 n1_valid_count=64 n1_valid_ratio=1 n2_gt_valid_count=64 n2_in_gt_bg=0.9844 n2_in_gt_bg_count=63 n2_valid_count=64 n2_valid_ratio=1 neg_in_pred_bg=1 neg_in_pred_bg_count=128 negative_pair_count=64 negative_pair_distance_sum=3492 p1_gt_valid_count=64 p1_in_gt_fg=1 p1_in_gt_fg_count=64 p1_valid_count=64 p1_valid_ratio=1 p2_gt_valid_count=64 p2_in_gt_fg=1 p2_in_gt_fg_count=64 p2_valid_count=64 p2_valid_ratio=1 point_distance_sum=4904 point_overlap_count=0 point_overlap_ratio=0 point_pair_count=128 pos_in_pred_fg=1 pos_in_pred_fg_count=128 positive_pair_count=64 positive_pair_distance_sum=1412 roi_count=64 valid_neg_count=128 valid_pos_count=128 warmup_stage=2
2026-07-30 04:18:09,062 - portable_sam_fusion - INFO - [DEBUG-BOX] epoch=5 step=1250 fallback_count=0 fallback_ratio=0 num_rois=64 refined_proposal_iou=0 refined_proposal_iou_sum=0 refined_valid_count=0
2026-07-30 04:18:09,062 - portable_sam_fusion - INFO - [DEBUG-COARSE] epoch=5 step=1250 bce_raw=0.2342 boundary_fn=5431 boundary_fp=4608 boundary_tp=2.163e+04 dice=0.1255 dice_loss_raw=0.1255 iou=0.7807 loss_weight=0.1 raw_boundary_fn=5431 raw_boundary_fp=4608 raw_boundary_tp=2.163e+04 raw_dice_score=0.8745 raw_iou=0.7807 weighted_loss=0.03597
2026-07-30 04:18:09,062 - portable_sam_fusion - INFO - [DEBUG-CONTEXT] epoch=5 step=1250 enabled=0
2026-07-30 04:18:09,062 - portable_sam_fusion - INFO - [DEBUG-DENSE] epoch=5 step=1250 applied_delta_norm=2.828 applied_delta_ratio=0.2421 base_norm=11.68 canvas_max=8 canvas_mean=0.0001717 canvas_min=-8 canvas_nonzero_ratio=0.007107 canvas_std=0.3865 final_norm=11.98 residual_alpha=0.5 shape_norm=12.98 source_delta_norm=5.656 source_delta_ratio=0.4843
2026-07-30 04:18:09,062 - portable_sam_fusion - INFO - [DEBUG-GATE] epoch=5 step=1250 shape_dense_alpha_max=0.5 shape_dense_alpha_mean=0.5 shape_dense_alpha_min=0.5
2026-07-30 04:18:09,062 - portable_sam_fusion - INFO - [DEBUG-JITTER] epoch=5 step=1250 area_ratio_count=64 area_ratio_mean=1 area_ratio_sum=64 fallback_count=0 mean_iou=1 num_jittered=0 num_rois=64
2026-07-30 04:18:09,062 - portable_sam_fusion - INFO - [DEBUG-SP] epoch=5 step=1250 all_invalid_count=0 all_invalid_ratio=0 empty_count=0 empty_ratio=0 full_count=0 full_ratio=0 mean_point_distance=32.35 n1_gt_valid_count=64 n1_in_gt_bg=0.8438 n1_in_gt_bg_count=54 n1_valid_count=64 n1_valid_ratio=1 n2_gt_valid_count=64 n2_in_gt_bg=1 n2_in_gt_bg_count=64 n2_valid_count=64 n2_valid_ratio=1 neg_in_pred_bg=1 neg_in_pred_bg_count=128 negative_pair_count=64 negative_pair_distance_sum=3237 p1_gt_valid_count=64 p1_in_gt_fg=1 p1_in_gt_fg_count=64 p1_valid_count=64 p1_valid_ratio=1 p2_gt_valid_count=64 p2_in_gt_fg=1 p2_in_gt_fg_count=64 p2_valid_count=64 p2_valid_ratio=1 point_distance_sum=4141 point_overlap_count=0 point_overlap_ratio=0 point_pair_count=128 pos_in_pred_fg=1 pos_in_pred_fg_count=128 positive_pair_count=64 positive_pair_distance_sum=904 roi_count=64 valid_neg_count=128 valid_pos_count=128 warmup_stage=2
2026-07-30 04:19:17,811 - portable_sam_fusion - INFO - [DEBUG-BOX] epoch=5 step=1300 fallback_count=0 fallback_ratio=0 num_rois=42 refined_proposal_iou=0 refined_proposal_iou_sum=0 refined_valid_count=0
2026-07-30 04:19:17,811 - portable_sam_fusion - INFO - [DEBUG-COARSE] epoch=5 step=1300 bce_raw=0.3541 boundary_fn=5828 boundary_fp=6157 boundary_tp=9846 dice=0.1459 dice_loss_raw=0.1459 iou=0.7465 loss_weight=0.1 raw_boundary_fn=5828 raw_boundary_fp=6157 raw_boundary_tp=9846 raw_dice_score=0.8541 raw_iou=0.7465 weighted_loss=0.05
2026-07-30 04:19:17,811 - portable_sam_fusion - INFO - [DEBUG-CONTEXT] epoch=5 step=1300 enabled=0
2026-07-30 04:19:17,811 - portable_sam_fusion - INFO - [DEBUG-DENSE] epoch=5 step=1300 applied_delta_norm=0.3653 applied_delta_ratio=0.03128 base_norm=11.68 canvas_max=8 canvas_mean=0.0017 canvas_min=-6.771 canvas_nonzero_ratio=0.001041 canvas_std=0.1271 final_norm=11.69 residual_alpha=0.5 shape_norm=11.75 source_delta_norm=0.7307 source_delta_ratio=0.06257
2026-07-30 04:19:17,811 - portable_sam_fusion - INFO - [DEBUG-GATE] epoch=5 step=1300 shape_dense_alpha_max=0.5 shape_dense_alpha_mean=0.5 shape_dense_alpha_min=0.5
2026-07-30 04:19:17,811 - portable_sam_fusion - INFO - [DEBUG-JITTER] epoch=5 step=1300 area_ratio_count=42 area_ratio_mean=1 area_ratio_sum=42 fallback_count=0 mean_iou=1 num_jittered=0 num_rois=42
2026-07-30 04:19:17,811 - portable_sam_fusion - INFO - [DEBUG-SP] epoch=5 step=1300 all_invalid_count=0 all_invalid_ratio=0 empty_count=0 empty_ratio=0 full_count=0 full_ratio=0 mean_point_distance=10.41 n1_gt_valid_count=42 n1_in_gt_bg=0.7857 n1_in_gt_bg_count=33 n1_valid_count=42 n1_valid_ratio=1 n2_gt_valid_count=42 n2_in_gt_bg=0.9524 n2_in_gt_bg_count=40 n2_valid_count=42 n2_valid_ratio=1 neg_in_pred_bg=1 neg_in_pred_bg_count=84 negative_pair_count=42 negative_pair_distance_sum=684.7 p1_gt_valid_count=42 p1_in_gt_fg=1 p1_in_gt_fg_count=42 p1_valid_count=42 p1_valid_ratio=1 p2_gt_valid_count=42 p2_in_gt_fg=1 p2_in_gt_fg_count=42 p2_valid_count=42 p2_valid_ratio=1 point_distance_sum=874.8 point_overlap_count=0 point_overlap_ratio=0 point_pair_count=84 pos_in_pred_fg=1 pos_in_pred_fg_count=84 positive_pair_count=42 positive_pair_distance_sum=190.1 roi_count=42 valid_neg_count=84 valid_pos_count=84 warmup_stage=2
2026-07-30 04:20:28,300 - portable_sam_fusion - INFO - [DEBUG-BOX] epoch=5 step=1350 fallback_count=0 fallback_ratio=0 num_rois=64 refined_proposal_iou=0 refined_proposal_iou_sum=0 refined_valid_count=0
2026-07-30 04:20:28,300 - portable_sam_fusion - INFO - [DEBUG-COARSE] epoch=5 step=1350 bce_raw=0.1842 boundary_fn=4378 boundary_fp=3200 boundary_tp=2.163e+04 dice=0.101 dice_loss_raw=0.101 iou=0.818 loss_weight=0.1 raw_boundary_fn=4378 raw_boundary_fp=3200 raw_boundary_tp=2.163e+04 raw_dice_score=0.899 raw_iou=0.818 weighted_loss=0.02852
2026-07-30 04:20:28,300 - portable_sam_fusion - INFO - [DEBUG-CONTEXT] epoch=5 step=1350 enabled=0
2026-07-30 04:20:28,300 - portable_sam_fusion - INFO - [DEBUG-DENSE] epoch=5 step=1350 applied_delta_norm=3.599 applied_delta_ratio=0.3082 base_norm=11.68 canvas_max=8 canvas_mean=0.01098 canvas_min=-8 canvas_nonzero_ratio=0.01291 canvas_std=0.4901 final_norm=12.3 residual_alpha=0.5 shape_norm=14.04 source_delta_norm=7.197 source_delta_ratio=0.6163
2026-07-30 04:20:28,300 - portable_sam_fusion - INFO - [DEBUG-GATE] epoch=5 step=1350 shape_dense_alpha_max=0.5 shape_dense_alpha_mean=0.5 shape_dense_alpha_min=0.5
2026-07-30 04:20:28,300 - portable_sam_fusion - INFO - [DEBUG-JITTER] epoch=5 step=1350 area_ratio_count=64 area_ratio_mean=1 area_ratio_sum=64 fallback_count=0 mean_iou=1 num_jittered=0 num_rois=64
2026-07-30 04:20:28,300 - portable_sam_fusion - INFO - [DEBUG-SP] epoch=5 step=1350 all_invalid_count=0 all_invalid_ratio=0 empty_count=0 empty_ratio=0 full_count=0 full_ratio=0 mean_point_distance=36.15 n1_gt_valid_count=64 n1_in_gt_bg=0.8125 n1_in_gt_bg_count=52 n1_valid_count=64 n1_valid_ratio=1 n2_gt_valid_count=64 n2_in_gt_bg=1 n2_in_gt_bg_count=64 n2_valid_count=64 n2_valid_ratio=1 neg_in_pred_bg=1 neg_in_pred_bg_count=128 negative_pair_count=64 negative_pair_distance_sum=3336 p1_gt_valid_count=64 p1_in_gt_fg=1 p1_in_gt_fg_count=64 p1_valid_count=64 p1_valid_ratio=1 p2_gt_valid_count=64 p2_in_gt_fg=1 p2_in_gt_fg_count=64 p2_valid_count=64 p2_valid_ratio=1 point_distance_sum=4627 point_overlap_count=0 point_overlap_ratio=0 point_pair_count=128 pos_in_pred_fg=1 pos_in_pred_fg_count=128 positive_pair_count=64 positive_pair_distance_sum=1291 roi_count=64 valid_neg_count=128 valid_pos_count=128 warmup_stage=2
2026-07-30 04:21:33,027 - portable_sam_fusion - INFO - epoch 5 | mini-batch 216/294 | optimizer_step 350/5920 | lr=4.977e-04
2026-07-30 04:21:44,635 - portable_sam_fusion - INFO - [DEBUG-BOX] epoch=5 step=1400 fallback_count=0 fallback_ratio=0 num_rois=64 refined_proposal_iou=0 refined_proposal_iou_sum=0 refined_valid_count=0
2026-07-30 04:21:44,636 - portable_sam_fusion - INFO - [DEBUG-COARSE] epoch=5 step=1400 bce_raw=0.1788 boundary_fn=3092 boundary_fp=3640 boundary_tp=2.479e+04 dice=0.1069 dice_loss_raw=0.1069 iou=0.8109 loss_weight=0.1 raw_boundary_fn=3092 raw_boundary_fp=3640 raw_boundary_tp=2.479e+04 raw_dice_score=0.8931 raw_iou=0.8109 weighted_loss=0.02857
2026-07-30 04:21:44,636 - portable_sam_fusion - INFO - [DEBUG-CONTEXT] epoch=5 step=1400 enabled=0
2026-07-30 04:21:44,636 - portable_sam_fusion - INFO - [DEBUG-DENSE] epoch=5 step=1400 applied_delta_norm=3.982 applied_delta_ratio=0.341 base_norm=11.68 canvas_max=7.981 canvas_mean=-0.001645 canvas_min=-7.996 canvas_nonzero_ratio=0.01198 canvas_std=0.5092 final_norm=12.2 residual_alpha=0.5 shape_norm=13.94 source_delta_norm=7.965 source_delta_ratio=0.682
2026-07-30 04:21:44,636 - portable_sam_fusion - INFO - [DEBUG-GATE] epoch=5 step=1400 shape_dense_alpha_max=0.5 shape_dense_alpha_mean=0.5 shape_dense_alpha_min=0.5
2026-07-30 04:21:44,636 - portable_sam_fusion - INFO - [DEBUG-JITTER] epoch=5 step=1400 area_ratio_count=64 area_ratio_mean=1 area_ratio_sum=64 fallback_count=0 mean_iou=1 num_jittered=0 num_rois=64
2026-07-30 04:21:44,636 - portable_sam_fusion - INFO - [DEBUG-SP] epoch=5 step=1400 all_invalid_count=0 all_invalid_ratio=0 empty_count=0 empty_ratio=0 full_count=0 full_ratio=0 mean_point_distance=39.74 n1_gt_valid_count=64 n1_in_gt_bg=0.7969 n1_in_gt_bg_count=51 n1_valid_count=64 n1_valid_ratio=1 n2_gt_valid_count=64 n2_in_gt_bg=1 n2_in_gt_bg_count=64 n2_valid_count=64 n2_valid_ratio=1 neg_in_pred_bg=1 neg_in_pred_bg_count=128 negative_pair_count=64 negative_pair_distance_sum=3870 p1_gt_valid_count=64 p1_in_gt_fg=1 p1_in_gt_fg_count=64 p1_valid_count=64 p1_valid_ratio=1 p2_gt_valid_count=64 p2_in_gt_fg=1 p2_in_gt_fg_count=64 p2_valid_count=64 p2_valid_ratio=1 point_distance_sum=5087 point_overlap_count=0 point_overlap_ratio=0 point_pair_count=128 pos_in_pred_fg=1 pos_in_pred_fg_count=128 positive_pair_count=64 positive_pair_distance_sum=1217 roi_count=64 valid_neg_count=128 valid_pos_count=128 warmup_stage=2
2026-07-30 04:23:11,580 - portable_sam_fusion - INFO - [DEBUG-BOX] epoch=5 step=1450 fallback_count=0 fallback_ratio=0 num_rois=64 refined_proposal_iou=0 refined_proposal_iou_sum=0 refined_valid_count=0
2026-07-30 04:23:11,581 - portable_sam_fusion - INFO - [DEBUG-COARSE] epoch=5 step=1450 bce_raw=0.2535 boundary_fn=6713 boundary_fp=4919 boundary_tp=2.196e+04 dice=0.1258 dice_loss_raw=0.1258 iou=0.781 loss_weight=0.1 raw_boundary_fn=6713 raw_boundary_fp=4919 raw_boundary_tp=2.196e+04 raw_dice_score=0.8742 raw_iou=0.781 weighted_loss=0.03793
2026-07-30 04:23:11,581 - portable_sam_fusion - INFO - [DEBUG-CONTEXT] epoch=5 step=1450 enabled=0
2026-07-30 04:23:11,581 - portable_sam_fusion - INFO - [DEBUG-DENSE] epoch=5 step=1450 applied_delta_norm=3.13 applied_delta_ratio=0.268 base_norm=11.68 canvas_max=8 canvas_mean=0.001939 canvas_min=-8 canvas_nonzero_ratio=0.008248 canvas_std=0.4282 final_norm=12.05 residual_alpha=0.5 shape_norm=13.27 source_delta_norm=6.26 source_delta_ratio=0.5361
2026-07-30 04:23:11,581 - portable_sam_fusion - INFO - [DEBUG-GATE] epoch=5 step=1450 shape_dense_alpha_max=0.5 shape_dense_alpha_mean=0.5 shape_dense_alpha_min=0.5
2026-07-30 04:23:11,581 - portable_sam_fusion - INFO - [DEBUG-JITTER] epoch=5 step=1450 area_ratio_count=64 area_ratio_mean=1 area_ratio_sum=64 fallback_count=0 mean_iou=1 num_jittered=0 num_rois=64
2026-07-30 04:23:11,581 - portable_sam_fusion - INFO - [DEBUG-SP] epoch=5 step=1450 all_invalid_count=0 all_invalid_ratio=0 empty_count=0 empty_ratio=0 full_count=0 full_ratio=0 mean_point_distance=36.58 n1_gt_valid_count=64 n1_in_gt_bg=0.8906 n1_in_gt_bg_count=57 n1_valid_count=64 n1_valid_ratio=1 n2_gt_valid_count=64 n2_in_gt_bg=1 n2_in_gt_bg_count=64 n2_valid_count=64 n2_valid_ratio=1 neg_in_pred_bg=1 neg_in_pred_bg_count=128 negative_pair_count=64 negative_pair_distance_sum=3609 p1_gt_valid_count=64 p1_in_gt_fg=1 p1_in_gt_fg_count=64 p1_valid_count=64 p1_valid_ratio=1 p2_gt_valid_count=64 p2_in_gt_fg=1 p2_in_gt_fg_count=64 p2_valid_count=64 p2_valid_ratio=1 point_distance_sum=4682 point_overlap_count=0 point_overlap_ratio=0 point_pair_count=128 pos_in_pred_fg=1 pos_in_pred_fg_count=128 positive_pair_count=64 positive_pair_distance_sum=1073 roi_count=64 valid_neg_count=128 valid_pos_count=128 warmup_stage=2
2026-07-30 04:23:46,262 - portable_sam_fusion - INFO - Epoch 5 detailed losses: loss_rpn_cls=0.0375, loss_rpn_bbox=0.0138, loss_cls=0.2821, acc=88.3370, loss_bbox=0.1354, loss_mask=0.0021, debug_mask_pos_rois=55.9626, debug_mask_logit_mean=-15.4244, debug_mask_logit_std=3.0763, debug_mask_prob_mean=0.0047, debug_mask_prob_ge05=0.0046, debug_mask_target_fill=0.0047, loss_shape_prior=0.0313, schedule/det_weight=1.0000
2026-07-30 04:23:46,262 - portable_sam_fusion - INFO - Epoch 5 dense residual monitor: alpha=0.500000 source_delta_norm=6.2935 applied_delta_norm=3.1467 source_delta_ratio=0.538899 applied_delta_ratio=0.269449
2026-07-30 04:23:46,262 - portable_sam_fusion - INFO - Epoch 5 primary loss shares: det=93.35% final_mask=0.42% shape=6.22% p2_boundary=0.00%
2026-07-30 04:23:46,262 - portable_sam_fusion - INFO - Epoch 5 schedule: det_loss_weight=1.000 early_stop_start=20 min_delta=0.0005
2026-07-30 04:23:46,262 - portable_sam_fusion - INFO - Epoch 5 learning rates: sat_backbone=4.97e-04, mask_decoder=4.97e-04, prompt_encoder=4.97e-04, shape_prior=4.97e-04, quality_head=4.97e-04, sat_other=4.97e-04
2026-07-30 04:28:07,981 - portable_sam_fusion - INFO - Validation samples: GT=15926, DT=18321, avg_masks_per_image=29.22, avg_mask_fill=0.0061
creating index...
index created!
Loading and preparing results...
DONE (t=0.03s)
creating index...
index created!
Running per image evaluation...
Evaluate annotation type *bbox*
DONE (t=11.23s).
Accumulating evaluation results...
DONE (t=0.19s).
 Average Precision  (AP) @[ IoU=0.50:0.95 | area=   all | maxDets=100 ] = 0.583
 Average Precision  (AP) @[ IoU=0.50      | area=   all | maxDets=100 ] = 0.867
 Average Precision  (AP) @[ IoU=0.75      | area=   all | maxDets=100 ] = 0.718
 Average Precision  (AP) @[ IoU=0.50:0.95 | area= small | maxDets=100 ] = 0.193
 Average Precision  (AP) @[ IoU=0.50:0.95 | area=medium | maxDets=100 ] = 0.634
 Average Precision  (AP) @[ IoU=0.50:0.95 | area= large | maxDets=100 ] = 0.644
 Average Recall     (AR) @[ IoU=0.50:0.95 | area=   all | maxDets=  1 ] = 0.023
 Average Recall     (AR) @[ IoU=0.50:0.95 | area=   all | maxDets= 10 ] = 0.169
 Average Recall     (AR) @[ IoU=0.50:0.95 | area=   all | maxDets=100 ] = 0.644
 Average Recall     (AR) @[ IoU=0.50:0.95 | area= small | maxDets=100 ] = 0.317
 Average Recall     (AR) @[ IoU=0.50:0.95 | area=medium | maxDets=100 ] = 0.703
 Average Recall     (AR) @[ IoU=0.50:0.95 | area= large | maxDets=100 ] = 0.688
2026-07-30 04:28:19,665 - portable_sam_fusion - INFO - Validation bbox/mAP: 0.5830 bbox/mAP_75: 0.7180
Running per image evaluation...
Evaluate annotation type *segm*
DONE (t=11.30s).
Accumulating evaluation results...
DONE (t=0.19s).
 Average Precision  (AP) @[ IoU=0.50:0.95 | area=   all | maxDets=100 ] = 0.428
 Average Precision  (AP) @[ IoU=0.50      | area=   all | maxDets=100 ] = 0.807
 Average Precision  (AP) @[ IoU=0.75      | area=   all | maxDets=100 ] = 0.461
 Average Precision  (AP) @[ IoU=0.50:0.95 | area= small | maxDets=100 ] = 0.032
 Average Precision  (AP) @[ IoU=0.50:0.95 | area=medium | maxDets=100 ] = 0.447
 Average Precision  (AP) @[ IoU=0.50:0.95 | area= large | maxDets=100 ] = 0.621
 Average Recall     (AR) @[ IoU=0.50:0.95 | area=   all | maxDets=  1 ] = 0.020
 Average Recall     (AR) @[ IoU=0.50:0.95 | area=   all | maxDets= 10 ] = 0.139
 Average Recall     (AR) @[ IoU=0.50:0.95 | area=   all | maxDets=100 ] = 0.477
 Average Recall     (AR) @[ IoU=0.50:0.95 | area= small | maxDets=100 ] = 0.080
 Average Recall     (AR) @[ IoU=0.50:0.95 | area=medium | maxDets=100 ] = 0.498
 Average Recall     (AR) @[ IoU=0.50:0.95 | area= large | maxDets=100 ] = 0.667
2026-07-30 04:28:31,199 - portable_sam_fusion - INFO - Validation segm/mAP: 0.4276
2026-07-30 04:28:31,999 - portable_sam_fusion - INFO - New best segm/mAP: 0.4276
2026-07-30 04:28:31,999 - portable_sam_fusion - INFO - New best bbox/mAP: 0.5830
2026-07-30 04:28:31,999 - portable_sam_fusion - INFO - New best early-stop metric (segm/mAP): raw=0.4276 smooth(5)=0.3626
2026-07-30 04:28:34,679 - portable_sam_fusion - INFO - Saved best_model with segm/mAP: 0.4276
2026-07-30 04:28:37,485 - portable_sam_fusion - INFO - Saved best_bbox_model with bbox/mAP: 0.5830
2026-07-30 04:28:42,992 - portable_sam_fusion - INFO - Epoch 5/80 | train=0.502174 val=disabled segm/mAP=0.4276 bbox/mAP=0.5830 | best_segm=0.4276 best_bbox=0.5830 best_comp=0.0000 | sat_backbone=4.97e-04 mask_decoder=4.97e-04 prompt_encoder=4.97e-04 shape_prior=4.97e-04 quality_head=4.97e-04 sat_other=4.97e-04
2026-07-30 04:29:16,601 - portable_sam_fusion - INFO - [DEBUG-BOX] epoch=6 step=1500 fallback_count=0 fallback_ratio=0 num_rois=64 refined_proposal_iou=0 refined_proposal_iou_sum=0 refined_valid_count=0
2026-07-30 04:29:16,602 - portable_sam_fusion - INFO - [DEBUG-COARSE] epoch=6 step=1500 bce_raw=0.2644 boundary_fn=7768 boundary_fp=5004 boundary_tp=2.026e+04 dice=0.1289 dice_loss_raw=0.1289 iou=0.779 loss_weight=0.1 raw_boundary_fn=7768 raw_boundary_fp=5004 raw_boundary_tp=2.026e+04 raw_dice_score=0.8711 raw_iou=0.779 weighted_loss=0.03933
2026-07-30 04:29:16,602 - portable_sam_fusion - INFO - [DEBUG-CONTEXT] epoch=6 step=1500 enabled=0
2026-07-30 04:29:16,602 - portable_sam_fusion - INFO - [DEBUG-DENSE] epoch=6 step=1500 applied_delta_norm=4.017 applied_delta_ratio=0.344 base_norm=11.68 canvas_max=8 canvas_mean=-0.009531 canvas_min=-8 canvas_nonzero_ratio=0.02403 canvas_std=0.6152 final_norm=12.65 residual_alpha=0.5 shape_norm=14.98 source_delta_norm=8.034 source_delta_ratio=0.688
2026-07-30 04:29:16,602 - portable_sam_fusion - INFO - [DEBUG-GATE] epoch=6 step=1500 shape_dense_alpha_max=0.5 shape_dense_alpha_mean=0.5 shape_dense_alpha_min=0.5
2026-07-30 04:29:16,602 - portable_sam_fusion - INFO - [DEBUG-JITTER] epoch=6 step=1500 area_ratio_count=64 area_ratio_mean=1 area_ratio_sum=64 fallback_count=0 mean_iou=1 num_jittered=0 num_rois=64
2026-07-30 04:29:16,602 - portable_sam_fusion - INFO - [DEBUG-SP] epoch=6 step=1500 all_invalid_count=0 all_invalid_ratio=0 empty_count=0 empty_ratio=0 full_count=0 full_ratio=0 mean_point_distance=43.57 n1_gt_valid_count=64 n1_in_gt_bg=0.875 n1_in_gt_bg_count=56 n1_valid_count=64 n1_valid_ratio=1 n2_gt_valid_count=64 n2_in_gt_bg=1 n2_in_gt_bg_count=64 n2_valid_count=64 n2_valid_ratio=1 neg_in_pred_bg=1 neg_in_pred_bg_count=128 negative_pair_count=64 negative_pair_distance_sum=4105 p1_gt_valid_count=64 p1_in_gt_fg=1 p1_in_gt_fg_count=64 p1_valid_count=64 p1_valid_ratio=1 p2_gt_valid_count=64 p2_in_gt_fg=1 p2_in_gt_fg_count=64 p2_valid_count=64 p2_valid_ratio=1 point_distance_sum=5576 point_overlap_count=0 point_overlap_ratio=0 point_pair_count=128 pos_in_pred_fg=1 pos_in_pred_fg_count=128 positive_pair_count=64 positive_pair_distance_sum=1471 roi_count=64 valid_neg_count=128 valid_pos_count=128 warmup_stage=2
2026-07-30 04:30:09,870 - portable_sam_fusion - INFO - [DEBUG-BOX] epoch=6 step=1550 fallback_count=0 fallback_ratio=0 num_rois=64 refined_proposal_iou=0 refined_proposal_iou_sum=0 refined_valid_count=0
2026-07-30 04:30:09,870 - portable_sam_fusion - INFO - [DEBUG-COARSE] epoch=6 step=1550 bce_raw=0.1863 boundary_fn=3816 boundary_fp=4054 boundary_tp=1.96e+04 dice=0.07476 dice_loss_raw=0.07476 iou=0.8629 loss_weight=0.1 raw_boundary_fn=3816 raw_boundary_fp=4054 raw_boundary_tp=1.96e+04 raw_dice_score=0.9252 raw_iou=0.8629 weighted_loss=0.02611
2026-07-30 04:30:09,870 - portable_sam_fusion - INFO - [DEBUG-CONTEXT] epoch=6 step=1550 enabled=0
2026-07-30 04:30:09,870 - portable_sam_fusion - INFO - [DEBUG-DENSE] epoch=6 step=1550 applied_delta_norm=2.364 applied_delta_ratio=0.2024 base_norm=11.68 canvas_max=7.523 canvas_mean=0.006921 canvas_min=-8 canvas_nonzero_ratio=0.004154 canvas_std=0.3073 final_norm=11.89 residual_alpha=0.5 shape_norm=12.61 source_delta_norm=4.727 source_delta_ratio=0.4048
2026-07-30 04:30:09,870 - portable_sam_fusion - INFO - [DEBUG-GATE] epoch=6 step=1550 shape_dense_alpha_max=0.5 shape_dense_alpha_mean=0.5 shape_dense_alpha_min=0.5
2026-07-30 04:30:09,870 - portable_sam_fusion - INFO - [DEBUG-JITTER] epoch=6 step=1550 area_ratio_count=64 area_ratio_mean=1 area_ratio_sum=64 fallback_count=0 mean_iou=1 num_jittered=0 num_rois=64
2026-07-30 04:30:09,870 - portable_sam_fusion - INFO - [DEBUG-SP] epoch=6 step=1550 all_invalid_count=0 all_invalid_ratio=0 empty_count=0 empty_ratio=0 full_count=0 full_ratio=0 mean_point_distance=20.13 n1_gt_valid_count=64 n1_in_gt_bg=0.8281 n1_in_gt_bg_count=53 n1_valid_count=64 n1_valid_ratio=1 n2_gt_valid_count=64 n2_in_gt_bg=1 n2_in_gt_bg_count=64 n2_valid_count=64 n2_valid_ratio=1 neg_in_pred_bg=1 neg_in_pred_bg_count=128 negative_pair_count=64 negative_pair_distance_sum=1887 p1_gt_valid_count=64 p1_in_gt_fg=1 p1_in_gt_fg_count=64 p1_valid_count=64 p1_valid_ratio=1 p2_gt_valid_count=64 p2_in_gt_fg=1 p2_in_gt_fg_count=64 p2_valid_count=64 p2_valid_ratio=1 point_distance_sum=2576 point_overlap_count=0 point_overlap_ratio=0 point_pair_count=128 pos_in_pred_fg=1 pos_in_pred_fg_count=128 positive_pair_count=64 positive_pair_distance_sum=689.1 roi_count=64 valid_neg_count=128 valid_pos_count=128 warmup_stage=2
2026-07-30 04:30:59,414 - portable_sam_fusion - INFO - epoch 6 | mini-batch 120/294 | optimizer_step 400/5920 | lr=4.967e-04
2026-07-30 04:31:15,260 - portable_sam_fusion - INFO - [DEBUG-BOX] epoch=6 step=1600 fallback_count=0 fallback_ratio=0 num_rois=27 refined_proposal_iou=0 refined_proposal_iou_sum=0 refined_valid_count=0
2026-07-30 04:31:15,260 - portable_sam_fusion - INFO - [DEBUG-COARSE] epoch=6 step=1600 bce_raw=0.1905 boundary_fn=2264 boundary_fp=2107 boundary_tp=7789 dice=0.08968 dice_loss_raw=0.08968 iou=0.836 loss_weight=0.1 raw_boundary_fn=2264 raw_boundary_fp=2107 raw_boundary_tp=7789 raw_dice_score=0.9103 raw_iou=0.836 weighted_loss=0.02802
2026-07-30 04:31:15,260 - portable_sam_fusion - INFO - [DEBUG-CONTEXT] epoch=6 step=1600 enabled=0
2026-07-30 04:31:15,260 - portable_sam_fusion - INFO - [DEBUG-DENSE] epoch=6 step=1600 applied_delta_norm=1.269 applied_delta_ratio=0.1087 base_norm=11.68 canvas_max=7.543 canvas_mean=0.003387 canvas_min=-6.183 canvas_nonzero_ratio=0.001926 canvas_std=0.1913 final_norm=11.73 residual_alpha=0.5 shape_norm=11.94 source_delta_norm=2.539 source_delta_ratio=0.2174
2026-07-30 04:31:15,260 - portable_sam_fusion - INFO - [DEBUG-GATE] epoch=6 step=1600 shape_dense_alpha_max=0.5 shape_dense_alpha_mean=0.5 shape_dense_alpha_min=0.5
2026-07-30 04:31:15,260 - portable_sam_fusion - INFO - [DEBUG-JITTER] epoch=6 step=1600 area_ratio_count=27 area_ratio_mean=1 area_ratio_sum=27 fallback_count=0 mean_iou=1 num_jittered=0 num_rois=27
2026-07-30 04:31:15,260 - portable_sam_fusion - INFO - [DEBUG-SP] epoch=6 step=1600 all_invalid_count=0 all_invalid_ratio=0 empty_count=0 empty_ratio=0 full_count=0 full_ratio=0 mean_point_distance=13.76 n1_gt_valid_count=27 n1_in_gt_bg=0.963 n1_in_gt_bg_count=26 n1_valid_count=27 n1_valid_ratio=1 n2_gt_valid_count=27 n2_in_gt_bg=0.963 n2_in_gt_bg_count=26 n2_valid_count=27 n2_valid_ratio=1 neg_in_pred_bg=1 neg_in_pred_bg_count=54 negative_pair_count=27 negative_pair_distance_sum=594.8 p1_gt_valid_count=27 p1_in_gt_fg=1 p1_in_gt_fg_count=27 p1_valid_count=27 p1_valid_ratio=1 p2_gt_valid_count=27 p2_in_gt_fg=1 p2_in_gt_fg_count=27 p2_valid_count=27 p2_valid_ratio=1 point_distance_sum=742.8 point_overlap_count=0 point_overlap_ratio=0 point_pair_count=54 pos_in_pred_fg=1 pos_in_pred_fg_count=54 positive_pair_count=27 positive_pair_distance_sum=148 roi_count=27 valid_neg_count=54 valid_pos_count=54 warmup_stage=2
2026-07-30 04:32:27,988 - portable_sam_fusion - INFO - [DEBUG-BOX] epoch=6 step=1650 fallback_count=0 fallback_ratio=0 num_rois=64 refined_proposal_iou=0 refined_proposal_iou_sum=0 refined_valid_count=0
2026-07-30 04:32:27,988 - portable_sam_fusion - INFO - [DEBUG-COARSE] epoch=6 step=1650 bce_raw=0.2863 boundary_fn=7738 boundary_fp=4858 boundary_tp=1.795e+04 dice=0.1349 dice_loss_raw=0.1349 iou=0.7681 loss_weight=0.1 raw_boundary_fn=7738 raw_boundary_fp=4858 raw_boundary_tp=1.795e+04 raw_dice_score=0.8651 raw_iou=0.7681 weighted_loss=0.04212
2026-07-30 04:32:27,988 - portable_sam_fusion - INFO - [DEBUG-CONTEXT] epoch=6 step=1650 enabled=0
2026-07-30 04:32:27,988 - portable_sam_fusion - INFO - [DEBUG-DENSE] epoch=6 step=1650 applied_delta_norm=3.052 applied_delta_ratio=0.2613 base_norm=11.68 canvas_max=7.817 canvas_mean=-0.003676 canvas_min=-8 canvas_nonzero_ratio=0.008266 canvas_std=0.4412 final_norm=12.06 residual_alpha=0.5 shape_norm=13.29 source_delta_norm=6.104 source_delta_ratio=0.5227
2026-07-30 04:32:27,988 - portable_sam_fusion - INFO - [DEBUG-GATE] epoch=6 step=1650 shape_dense_alpha_max=0.5 shape_dense_alpha_mean=0.5 shape_dense_alpha_min=0.5
2026-07-30 04:32:27,988 - portable_sam_fusion - INFO - [DEBUG-JITTER] epoch=6 step=1650 area_ratio_count=64 area_ratio_mean=1 area_ratio_sum=64 fallback_count=0 mean_iou=1 num_jittered=0 num_rois=64
2026-07-30 04:32:27,988 - portable_sam_fusion - INFO - [DEBUG-SP] epoch=6 step=1650 all_invalid_count=0 all_invalid_ratio=0 empty_count=0 empty_ratio=0 full_count=0 full_ratio=0 mean_point_distance=29.44 n1_gt_valid_count=64 n1_in_gt_bg=0.3906 n1_in_gt_bg_count=25 n1_valid_count=64 n1_valid_ratio=1 n2_gt_valid_count=64 n2_in_gt_bg=0.9844 n2_in_gt_bg_count=63 n2_valid_count=64 n2_valid_ratio=1 neg_in_pred_bg=1 neg_in_pred_bg_count=128 negative_pair_count=64 negative_pair_distance_sum=3013 p1_gt_valid_count=64 p1_in_gt_fg=1 p1_in_gt_fg_count=64 p1_valid_count=64 p1_valid_ratio=1 p2_gt_valid_count=64 p2_in_gt_fg=1 p2_in_gt_fg_count=64 p2_valid_count=64 p2_valid_ratio=1 point_distance_sum=3768 point_overlap_count=0 point_overlap_ratio=0 point_pair_count=128 pos_in_pred_fg=1 pos_in_pred_fg_count=128 positive_pair_count=64 positive_pair_distance_sum=755 roi_count=64 valid_neg_count=128 valid_pos_count=128 warmup_stage=2
2026-07-30 04:33:52,553 - portable_sam_fusion - INFO - [DEBUG-BOX] epoch=6 step=1700 fallback_count=0 fallback_ratio=0 num_rois=64 refined_proposal_iou=0 refined_proposal_iou_sum=0 refined_valid_count=0
2026-07-30 04:33:52,553 - portable_sam_fusion - INFO - [DEBUG-COARSE] epoch=6 step=1700 bce_raw=0.2154 boundary_fn=4881 boundary_fp=4745 boundary_tp=2.003e+04 dice=0.09674 dice_loss_raw=0.09674 iou=0.8257 loss_weight=0.1 raw_boundary_fn=4881 raw_boundary_fp=4745 raw_boundary_tp=2.003e+04 raw_dice_score=0.9033 raw_iou=0.8257 weighted_loss=0.03122
2026-07-30 04:33:52,553 - portable_sam_fusion - INFO - [DEBUG-CONTEXT] epoch=6 step=1700 enabled=0
2026-07-30 04:33:52,553 - portable_sam_fusion - INFO - [DEBUG-DENSE] epoch=6 step=1700 applied_delta_norm=2.681 applied_delta_ratio=0.2295 base_norm=11.68 canvas_max=7.847 canvas_mean=0.004558 canvas_min=-7.42 canvas_nonzero_ratio=0.007439 canvas_std=0.3894 final_norm=12.04 residual_alpha=0.5 shape_norm=13.17 source_delta_norm=5.361 source_delta_ratio=0.4591
2026-07-30 04:33:52,554 - portable_sam_fusion - INFO - [DEBUG-GATE] epoch=6 step=1700 shape_dense_alpha_max=0.5 shape_dense_alpha_mean=0.5 shape_dense_alpha_min=0.5
2026-07-30 04:33:52,554 - portable_sam_fusion - INFO - [DEBUG-JITTER] epoch=6 step=1700 area_ratio_count=64 area_ratio_mean=1 area_ratio_sum=64 fallback_count=0 mean_iou=1 num_jittered=0 num_rois=64
2026-07-30 04:33:52,554 - portable_sam_fusion - INFO - [DEBUG-SP] epoch=6 step=1700 all_invalid_count=0 all_invalid_ratio=0 empty_count=0 empty_ratio=0 full_count=0 full_ratio=0 mean_point_distance=27.66 n1_gt_valid_count=64 n1_in_gt_bg=0.8438 n1_in_gt_bg_count=54 n1_valid_count=64 n1_valid_ratio=1 n2_gt_valid_count=64 n2_in_gt_bg=0.9688 n2_in_gt_bg_count=62 n2_valid_count=64 n2_valid_ratio=1 neg_in_pred_bg=1 neg_in_pred_bg_count=128 negative_pair_count=64 negative_pair_distance_sum=2570 p1_gt_valid_count=64 p1_in_gt_fg=1 p1_in_gt_fg_count=64 p1_valid_count=64 p1_valid_ratio=1 p2_gt_valid_count=64 p2_in_gt_fg=1 p2_in_gt_fg_count=64 p2_valid_count=64 p2_valid_ratio=1 point_distance_sum=3540 point_overlap_count=0 point_overlap_ratio=0 point_pair_count=128 pos_in_pred_fg=1 pos_in_pred_fg_count=128 positive_pair_count=64 positive_pair_distance_sum=969.6 roi_count=64 valid_neg_count=128 valid_pos_count=128 warmup_stage=2
2026-07-30 04:35:23,977 - portable_sam_fusion - INFO - [DEBUG-BOX] epoch=6 step=1750 fallback_count=0 fallback_ratio=0 num_rois=64 refined_proposal_iou=0 refined_proposal_iou_sum=0 refined_valid_count=0
2026-07-30 04:35:23,978 - portable_sam_fusion - INFO - [DEBUG-COARSE] epoch=6 step=1750 bce_raw=0.221 boundary_fn=4541 boundary_fp=3777 boundary_tp=2.328e+04 dice=0.1104 dice_loss_raw=0.1104 iou=0.8049 loss_weight=0.1 raw_boundary_fn=4541 raw_boundary_fp=3777 raw_boundary_tp=2.328e+04 raw_dice_score=0.8896 raw_iou=0.8049 weighted_loss=0.03314
2026-07-30 04:35:23,978 - portable_sam_fusion - INFO - [DEBUG-CONTEXT] epoch=6 step=1750 enabled=0
2026-07-30 04:35:23,978 - portable_sam_fusion - INFO - [DEBUG-DENSE] epoch=6 step=1750 applied_delta_norm=2.703 applied_delta_ratio=0.2314 base_norm=11.68 canvas_max=8 canvas_mean=-0.0006502 canvas_min=-8 canvas_nonzero_ratio=0.006731 canvas_std=0.4207 final_norm=11.97 residual_alpha=0.5 shape_norm=12.93 source_delta_norm=5.406 source_delta_ratio=0.4629
2026-07-30 04:35:23,978 - portable_sam_fusion - INFO - [DEBUG-GATE] epoch=6 step=1750 shape_dense_alpha_max=0.5 shape_dense_alpha_mean=0.5 shape_dense_alpha_min=0.5
2026-07-30 04:35:23,978 - portable_sam_fusion - INFO - [DEBUG-JITTER] epoch=6 step=1750 area_ratio_count=64 area_ratio_mean=1 area_ratio_sum=64 fallback_count=0 mean_iou=1 num_jittered=0 num_rois=64
2026-07-30 04:35:23,978 - portable_sam_fusion - INFO - [DEBUG-SP] epoch=6 step=1750 all_invalid_count=0 all_invalid_ratio=0 empty_count=0 empty_ratio=0 full_count=0 full_ratio=0 mean_point_distance=31.51 n1_gt_valid_count=64 n1_in_gt_bg=0.9375 n1_in_gt_bg_count=60 n1_valid_count=64 n1_valid_ratio=1 n2_gt_valid_count=64 n2_in_gt_bg=0.9844 n2_in_gt_bg_count=63 n2_valid_count=64 n2_valid_ratio=1 neg_in_pred_bg=1 neg_in_pred_bg_count=128 negative_pair_count=64 negative_pair_distance_sum=3050 p1_gt_valid_count=64 p1_in_gt_fg=1 p1_in_gt_fg_count=64 p1_valid_count=64 p1_valid_ratio=1 p2_gt_valid_count=64 p2_in_gt_fg=1 p2_in_gt_fg_count=64 p2_valid_count=64 p2_valid_ratio=1 point_distance_sum=4033 point_overlap_count=0 point_overlap_ratio=0 point_pair_count=128 pos_in_pred_fg=1 pos_in_pred_fg_count=128 positive_pair_count=64 positive_pair_distance_sum=983.5 roi_count=64 valid_neg_count=128 valid_pos_count=128 warmup_stage=2
2026-07-30 04:35:52,449 - portable_sam_fusion - INFO - Epoch 6 detailed losses: loss_rpn_cls=0.0331, loss_rpn_bbox=0.0138, loss_cls=0.2676, acc=88.9694, loss_bbox=0.1254, loss_mask=0.0023, debug_mask_pos_rois=54.8231, debug_mask_logit_mean=-13.5714, debug_mask_logit_std=2.7509, debug_mask_prob_mean=0.0049, debug_mask_prob_ge05=0.0048, debug_mask_target_fill=0.0049, loss_shape_prior=0.0291, schedule/det_weight=1.0000
2026-07-30 04:35:52,449 - portable_sam_fusion - INFO - Epoch 6 dense residual monitor: alpha=0.500000 source_delta_norm=6.2698 applied_delta_norm=3.1349 source_delta_ratio=0.536868 applied_delta_ratio=0.268434
2026-07-30 04:35:52,449 - portable_sam_fusion - INFO - Epoch 6 primary loss shares: det=93.34% final_mask=0.49% shape=6.17% p2_boundary=0.00%
2026-07-30 04:35:52,449 - portable_sam_fusion - INFO - Epoch 6 schedule: det_loss_weight=1.000 early_stop_start=20 min_delta=0.0005
2026-07-30 04:35:52,449 - portable_sam_fusion - INFO - Epoch 6 learning rates: sat_backbone=4.96e-04, mask_decoder=4.96e-04, prompt_encoder=4.96e-04, shape_prior=4.96e-04, quality_head=4.96e-04, sat_other=4.96e-04
2026-07-30 04:40:36,726 - portable_sam_fusion - INFO - Validation samples: GT=15926, DT=22003, avg_masks_per_image=35.09, avg_mask_fill=0.0057
creating index...
index created!
Loading and preparing results...
DONE (t=0.03s)
creating index...
index created!
Running per image evaluation...
Evaluate annotation type *bbox*
DONE (t=11.78s).
Accumulating evaluation results...
DONE (t=0.21s).
 Average Precision  (AP) @[ IoU=0.50:0.95 | area=   all | maxDets=100 ] = 0.627
 Average Precision  (AP) @[ IoU=0.50      | area=   all | maxDets=100 ] = 0.881
 Average Precision  (AP) @[ IoU=0.75      | area=   all | maxDets=100 ] = 0.764
 Average Precision  (AP) @[ IoU=0.50:0.95 | area= small | maxDets=100 ] = 0.232
 Average Precision  (AP) @[ IoU=0.50:0.95 | area=medium | maxDets=100 ] = 0.677
 Average Precision  (AP) @[ IoU=0.50:0.95 | area= large | maxDets=100 ] = 0.691
 Average Recall     (AR) @[ IoU=0.50:0.95 | area=   all | maxDets=  1 ] = 0.024
 Average Recall     (AR) @[ IoU=0.50:0.95 | area=   all | maxDets= 10 ] = 0.175
 Average Recall     (AR) @[ IoU=0.50:0.95 | area=   all | maxDets=100 ] = 0.694
 Average Recall     (AR) @[ IoU=0.50:0.95 | area= small | maxDets=100 ] = 0.377
 Average Recall     (AR) @[ IoU=0.50:0.95 | area=medium | maxDets=100 ] = 0.743
 Average Recall     (AR) @[ IoU=0.50:0.95 | area= large | maxDets=100 ] = 0.760
2026-07-30 04:40:48,954 - portable_sam_fusion - INFO - Validation bbox/mAP: 0.6267 bbox/mAP_75: 0.7638
Running per image evaluation...
Evaluate annotation type *segm*
DONE (t=12.41s).
Accumulating evaluation results...
DONE (t=0.21s).
 Average Precision  (AP) @[ IoU=0.50:0.95 | area=   all | maxDets=100 ] = 0.430
 Average Precision  (AP) @[ IoU=0.50      | area=   all | maxDets=100 ] = 0.844
 Average Precision  (AP) @[ IoU=0.75      | area=   all | maxDets=100 ] = 0.441
 Average Precision  (AP) @[ IoU=0.50:0.95 | area= small | maxDets=100 ] = 0.049
 Average Precision  (AP) @[ IoU=0.50:0.95 | area=medium | maxDets=100 ] = 0.448
 Average Precision  (AP) @[ IoU=0.50:0.95 | area= large | maxDets=100 ] = 0.617
 Average Recall     (AR) @[ IoU=0.50:0.95 | area=   all | maxDets=  1 ] = 0.020
 Average Recall     (AR) @[ IoU=0.50:0.95 | area=   all | maxDets= 10 ] = 0.139
 Average Recall     (AR) @[ IoU=0.50:0.95 | area=   all | maxDets=100 ] = 0.484
 Average Recall     (AR) @[ IoU=0.50:0.95 | area= small | maxDets=100 ] = 0.104
 Average Recall     (AR) @[ IoU=0.50:0.95 | area=medium | maxDets=100 ] = 0.498
 Average Recall     (AR) @[ IoU=0.50:0.95 | area= large | maxDets=100 ] = 0.681
2026-07-30 04:41:01,610 - portable_sam_fusion - INFO - Validation segm/mAP: 0.4298
2026-07-30 04:41:02,298 - portable_sam_fusion - INFO - New best segm/mAP: 0.4298
2026-07-30 04:41:02,299 - portable_sam_fusion - INFO - New best bbox/mAP: 0.6267
2026-07-30 04:41:02,299 - portable_sam_fusion - INFO - New best early-stop metric (segm/mAP): raw=0.4298 smooth(5)=0.4068
2026-07-30 04:41:04,903 - portable_sam_fusion - INFO - Saved best_model with segm/mAP: 0.4298
2026-07-30 04:41:07,688 - portable_sam_fusion - INFO - Saved best_bbox_model with bbox/mAP: 0.6267
2026-07-30 04:41:13,052 - portable_sam_fusion - INFO - Epoch 6/80 | train=0.471223 val=disabled segm/mAP=0.4298 bbox/mAP=0.6267 | best_segm=0.4298 best_bbox=0.6267 best_comp=0.0000 | sat_backbone=4.96e-04 mask_decoder=4.96e-04 prompt_encoder=4.96e-04 shape_prior=4.96e-04 quality_head=4.96e-04 sat_other=4.96e-04
2026-07-30 04:41:48,119 - portable_sam_fusion - INFO - epoch 7 | mini-batch 24/294 | optimizer_step 450/5920 | lr=4.956e-04
2026-07-30 04:42:04,537 - portable_sam_fusion - INFO - [DEBUG-BOX] epoch=7 step=1800 fallback_count=0 fallback_ratio=0 num_rois=64 refined_proposal_iou=0 refined_proposal_iou_sum=0 refined_valid_count=0
2026-07-30 04:42:04,538 - portable_sam_fusion - INFO - [DEBUG-COARSE] epoch=7 step=1800 bce_raw=0.1769 boundary_fn=4373 boundary_fp=2214 boundary_tp=2.389e+04 dice=0.09537 dice_loss_raw=0.09537 iou=0.8277 loss_weight=0.1 raw_boundary_fn=4373 raw_boundary_fp=2214 raw_boundary_tp=2.389e+04 raw_dice_score=0.9046 raw_iou=0.8277 weighted_loss=0.02723
2026-07-30 04:42:04,538 - portable_sam_fusion - INFO - [DEBUG-CONTEXT] epoch=7 step=1800 enabled=0
2026-07-30 04:42:04,538 - portable_sam_fusion - INFO - [DEBUG-DENSE] epoch=7 step=1800 applied_delta_norm=3.574 applied_delta_ratio=0.306 base_norm=11.68 canvas_max=8 canvas_mean=0.001556 canvas_min=-8 canvas_nonzero_ratio=0.009471 canvas_std=0.4701 final_norm=12.13 residual_alpha=0.5 shape_norm=13.6 source_delta_norm=7.147 source_delta_ratio=0.612
2026-07-30 04:42:04,538 - portable_sam_fusion - INFO - [DEBUG-GATE] epoch=7 step=1800 shape_dense_alpha_max=0.5 shape_dense_alpha_mean=0.5 shape_dense_alpha_min=0.5
2026-07-30 04:42:04,538 - portable_sam_fusion - INFO - [DEBUG-JITTER] epoch=7 step=1800 area_ratio_count=64 area_ratio_mean=1 area_ratio_sum=64 fallback_count=0 mean_iou=1 num_jittered=0 num_rois=64
2026-07-30 04:42:04,538 - portable_sam_fusion - INFO - [DEBUG-SP] epoch=7 step=1800 all_invalid_count=0 all_invalid_ratio=0 empty_count=0 empty_ratio=0 full_count=0 full_ratio=0 mean_point_distance=33.48 n1_gt_valid_count=64 n1_in_gt_bg=0.875 n1_in_gt_bg_count=56 n1_valid_count=64 n1_valid_ratio=1 n2_gt_valid_count=64 n2_in_gt_bg=1 n2_in_gt_bg_count=64 n2_valid_count=64 n2_valid_ratio=1 neg_in_pred_bg=1 neg_in_pred_bg_count=128 negative_pair_count=64 negative_pair_distance_sum=3086 p1_gt_valid_count=64 p1_in_gt_fg=1 p1_in_gt_fg_count=64 p1_valid_count=64 p1_valid_ratio=1 p2_gt_valid_count=64 p2_in_gt_fg=1 p2_in_gt_fg_count=64 p2_valid_count=64 p2_valid_ratio=1 point_distance_sum=4285 point_overlap_count=0 point_overlap_ratio=0 point_pair_count=128 pos_in_pred_fg=1 pos_in_pred_fg_count=128 positive_pair_count=64 positive_pair_distance_sum=1199 roi_count=64 valid_neg_count=128 valid_pos_count=128 warmup_stage=2
2026-07-30 04:43:05,277 - portable_sam_fusion - INFO - [DEBUG-BOX] epoch=7 step=1850 fallback_count=0 fallback_ratio=0 num_rois=64 refined_proposal_iou=0 refined_proposal_iou_sum=0 refined_valid_count=0
2026-07-30 04:43:05,278 - portable_sam_fusion - INFO - [DEBUG-COARSE] epoch=7 step=1850 bce_raw=0.2008 boundary_fn=3391 boundary_fp=4577 boundary_tp=2.154e+04 dice=0.08669 dice_loss_raw=0.08669 iou=0.8429 loss_weight=0.1 raw_boundary_fn=3391 raw_boundary_fp=4577 raw_boundary_tp=2.154e+04 raw_dice_score=0.9133 raw_iou=0.8429 weighted_loss=0.02875
2026-07-30 04:43:05,278 - portable_sam_fusion - INFO - [DEBUG-CONTEXT] epoch=7 step=1850 enabled=0
2026-07-30 04:43:05,278 - portable_sam_fusion - INFO - [DEBUG-DENSE] epoch=7 step=1850 applied_delta_norm=2.958 applied_delta_ratio=0.2533 base_norm=11.68 canvas_max=8 canvas_mean=0.0134 canvas_min=-7.108 canvas_nonzero_ratio=0.006819 canvas_std=0.3739 final_norm=12.02 residual_alpha=0.5 shape_norm=13.12 source_delta_norm=5.917 source_delta_ratio=0.5067
2026-07-30 04:43:05,278 - portable_sam_fusion - INFO - [DEBUG-GATE] epoch=7 step=1850 shape_dense_alpha_max=0.5 shape_dense_alpha_mean=0.5 shape_dense_alpha_min=0.5
2026-07-30 04:43:05,278 - portable_sam_fusion - INFO - [DEBUG-JITTER] epoch=7 step=1850 area_ratio_count=64 area_ratio_mean=1 area_ratio_sum=64 fallback_count=0 mean_iou=1 num_jittered=0 num_rois=64
2026-07-30 04:43:05,278 - portable_sam_fusion - INFO - [DEBUG-SP] epoch=7 step=1850 all_invalid_count=0 all_invalid_ratio=0 empty_count=0 empty_ratio=0 full_count=0 full_ratio=0 mean_point_distance=25.46 n1_gt_valid_count=64 n1_in_gt_bg=0.8125 n1_in_gt_bg_count=52 n1_valid_count=64 n1_valid_ratio=1 n2_gt_valid_count=64 n2_in_gt_bg=0.9531 n2_in_gt_bg_count=61 n2_valid_count=64 n2_valid_ratio=1 neg_in_pred_bg=1 neg_in_pred_bg_count=128 negative_pair_count=64 negative_pair_distance_sum=2338 p1_gt_valid_count=64 p1_in_gt_fg=1 p1_in_gt_fg_count=64 p1_valid_count=64 p1_valid_ratio=1 p2_gt_valid_count=64 p2_in_gt_fg=1 p2_in_gt_fg_count=64 p2_valid_count=64 p2_valid_ratio=1 point_distance_sum=3259 point_overlap_count=0 point_overlap_ratio=0 point_pair_count=128 pos_in_pred_fg=1 pos_in_pred_fg_count=128 positive_pair_count=64 positive_pair_distance_sum=921.2 roi_count=64 valid_neg_count=128 valid_pos_count=128 warmup_stage=2
2026-07-30 04:44:25,407 - portable_sam_fusion - INFO - [DEBUG-BOX] epoch=7 step=1900 fallback_count=0 fallback_ratio=0 num_rois=64 refined_proposal_iou=0 refined_proposal_iou_sum=0 refined_valid_count=0
2026-07-30 04:44:25,407 - portable_sam_fusion - INFO - [DEBUG-COARSE] epoch=7 step=1900 bce_raw=0.1214 boundary_fn=2090 boundary_fp=494 boundary_tp=2.457e+04 dice=0.08076 dice_loss_raw=0.08076 iou=0.851 loss_weight=0.1 raw_boundary_fn=2090 raw_boundary_fp=494 raw_boundary_tp=2.457e+04 raw_dice_score=0.9192 raw_iou=0.851 weighted_loss=0.02021
2026-07-30 04:44:25,407 - portable_sam_fusion - INFO - [DEBUG-CONTEXT] epoch=7 step=1900 enabled=0
2026-07-30 04:44:25,407 - portable_sam_fusion - INFO - [DEBUG-DENSE] epoch=7 step=1900 applied_delta_norm=3.051 applied_delta_ratio=0.2612 base_norm=11.68 canvas_max=8 canvas_mean=-0.00208 canvas_min=-7.589 canvas_nonzero_ratio=0.007834 canvas_std=0.4187 final_norm=12.02 residual_alpha=0.5 shape_norm=13.14 source_delta_norm=6.101 source_delta_ratio=0.5224
2026-07-30 04:44:25,407 - portable_sam_fusion - INFO - [DEBUG-GATE] epoch=7 step=1900 shape_dense_alpha_max=0.5 shape_dense_alpha_mean=0.5 shape_dense_alpha_min=0.5
2026-07-30 04:44:25,407 - portable_sam_fusion - INFO - [DEBUG-JITTER] epoch=7 step=1900 area_ratio_count=64 area_ratio_mean=1 area_ratio_sum=64 fallback_count=0 mean_iou=1 num_jittered=0 num_rois=64
2026-07-30 04:44:25,407 - portable_sam_fusion - INFO - [DEBUG-SP] epoch=7 step=1900 all_invalid_count=0 all_invalid_ratio=0 empty_count=0 empty_ratio=0 full_count=0 full_ratio=0 mean_point_distance=36.71 n1_gt_valid_count=64 n1_in_gt_bg=0.75 n1_in_gt_bg_count=48 n1_valid_count=64 n1_valid_ratio=1 n2_gt_valid_count=64 n2_in_gt_bg=1 n2_in_gt_bg_count=64 n2_valid_count=64 n2_valid_ratio=1 neg_in_pred_bg=1 neg_in_pred_bg_count=128 negative_pair_count=64 negative_pair_distance_sum=3656 p1_gt_valid_count=64 p1_in_gt_fg=1 p1_in_gt_fg_count=64 p1_valid_count=64 p1_valid_ratio=1 p2_gt_valid_count=64 p2_in_gt_fg=1 p2_in_gt_fg_count=64 p2_valid_count=64 p2_valid_ratio=1 point_distance_sum=4699 point_overlap_count=0 point_overlap_ratio=0 point_pair_count=128 pos_in_pred_fg=1 pos_in_pred_fg_count=128 positive_pair_count=64 positive_pair_distance_sum=1042 roi_count=64 valid_neg_count=128 valid_pos_count=128 warmup_stage=2
2026-07-30 04:45:56,805 - portable_sam_fusion - INFO - [DEBUG-BOX] epoch=7 step=1950 fallback_count=0 fallback_ratio=0 num_rois=64 refined_proposal_iou=0 refined_proposal_iou_sum=0 refined_valid_count=0
2026-07-30 04:45:56,805 - portable_sam_fusion - INFO - [DEBUG-COARSE] epoch=7 step=1950 bce_raw=0.1655 boundary_fn=2776 boundary_fp=2382 boundary_tp=2.4e+04 dice=0.08518 dice_loss_raw=0.08518 iou=0.8456 loss_weight=0.1 raw_boundary_fn=2776 raw_boundary_fp=2382 raw_boundary_tp=2.4e+04 raw_dice_score=0.9148 raw_iou=0.8456 weighted_loss=0.02506
2026-07-30 04:45:56,806 - portable_sam_fusion - INFO - [DEBUG-CONTEXT] epoch=7 step=1950 enabled=0
2026-07-30 04:45:56,806 - portable_sam_fusion - INFO - [DEBUG-DENSE] epoch=7 step=1950 applied_delta_norm=2.854 applied_delta_ratio=0.2444 base_norm=11.68 canvas_max=7.794 canvas_mean=0.00259 canvas_min=-8 canvas_nonzero_ratio=0.006675 canvas_std=0.4044 final_norm=11.98 residual_alpha=0.5 shape_norm=13 source_delta_norm=5.709 source_delta_ratio=0.4888
2026-07-30 04:45:56,806 - portable_sam_fusion - INFO - [DEBUG-GATE] epoch=7 step=1950 shape_dense_alpha_max=0.5 shape_dense_alpha_mean=0.5 shape_dense_alpha_min=0.5
2026-07-30 04:45:56,806 - portable_sam_fusion - INFO - [DEBUG-JITTER] epoch=7 step=1950 area_ratio_count=64 area_ratio_mean=1 area_ratio_sum=64 fallback_count=0 mean_iou=1 num_jittered=0 num_rois=64
2026-07-30 04:45:56,806 - portable_sam_fusion - INFO - [DEBUG-SP] epoch=7 step=1950 all_invalid_count=0 all_invalid_ratio=0 empty_count=0 empty_ratio=0 full_count=0 full_ratio=0 mean_point_distance=31.83 n1_gt_valid_count=64 n1_in_gt_bg=0.9531 n1_in_gt_bg_count=61 n1_valid_count=64 n1_valid_ratio=1 n2_gt_valid_count=64 n2_in_gt_bg=0.9844 n2_in_gt_bg_count=63 n2_valid_count=64 n2_valid_ratio=1 neg_in_pred_bg=1 neg_in_pred_bg_count=128 negative_pair_count=64 negative_pair_distance_sum=2868 p1_gt_valid_count=64 p1_in_gt_fg=1 p1_in_gt_fg_count=64 p1_valid_count=64 p1_valid_ratio=1 p2_gt_valid_count=64 p2_in_gt_fg=1 p2_in_gt_fg_count=64 p2_valid_count=64 p2_valid_ratio=1 point_distance_sum=4074 point_overlap_count=0 point_overlap_ratio=0 point_pair_count=128 pos_in_pred_fg=1 pos_in_pred_fg_count=128 positive_pair_count=64 positive_pair_distance_sum=1207 roi_count=64 valid_neg_count=128 valid_pos_count=128 warmup_stage=2
2026-07-30 04:47:05,285 - portable_sam_fusion - INFO - epoch 7 | mini-batch 224/294 | optimizer_step 500/5920 | lr=4.942e-04
2026-07-30 04:47:28,382 - portable_sam_fusion - INFO - [DEBUG-BOX] epoch=7 step=2000 fallback_count=0 fallback_ratio=0 num_rois=30 refined_proposal_iou=0 refined_proposal_iou_sum=0 refined_valid_count=0
2026-07-30 04:47:28,382 - portable_sam_fusion - INFO - [DEBUG-COARSE] epoch=7 step=2000 bce_raw=0.1404 boundary_fn=1080 boundary_fp=1132 boundary_tp=1.074e+04 dice=0.07107 dice_loss_raw=0.07107 iou=0.8678 loss_weight=0.1 raw_boundary_fn=1080 raw_boundary_fp=1132 raw_boundary_tp=1.074e+04 raw_dice_score=0.9289 raw_iou=0.8678 weighted_loss=0.02115
2026-07-30 04:47:28,382 - portable_sam_fusion - INFO - [DEBUG-CONTEXT] epoch=7 step=2000 enabled=0
2026-07-30 04:47:28,382 - portable_sam_fusion - INFO - [DEBUG-DENSE] epoch=7 step=2000 applied_delta_norm=3.469 applied_delta_ratio=0.2971 base_norm=11.68 canvas_max=8 canvas_mean=0.006113 canvas_min=-8 canvas_nonzero_ratio=0.009328 canvas_std=0.4955 final_norm=12.08 residual_alpha=0.5 shape_norm=13.41 source_delta_norm=6.939 source_delta_ratio=0.5942
2026-07-30 04:47:28,382 - portable_sam_fusion - INFO - [DEBUG-GATE] epoch=7 step=2000 shape_dense_alpha_max=0.5 shape_dense_alpha_mean=0.5 shape_dense_alpha_min=0.5
2026-07-30 04:47:28,382 - portable_sam_fusion - INFO - [DEBUG-JITTER] epoch=7 step=2000 area_ratio_count=30 area_ratio_mean=1 area_ratio_sum=30 fallback_count=0 mean_iou=1 num_jittered=0 num_rois=30
2026-07-30 04:47:28,382 - portable_sam_fusion - INFO - [DEBUG-SP] epoch=7 step=2000 all_invalid_count=0 all_invalid_ratio=0 empty_count=0 empty_ratio=0 full_count=0 full_ratio=0 mean_point_distance=44.14 n1_gt_valid_count=30 n1_in_gt_bg=0.8667 n1_in_gt_bg_count=26 n1_valid_count=30 n1_valid_ratio=1 n2_gt_valid_count=30 n2_in_gt_bg=1 n2_in_gt_bg_count=30 n2_valid_count=30 n2_valid_ratio=1 neg_in_pred_bg=1 neg_in_pred_bg_count=60 negative_pair_count=30 negative_pair_distance_sum=1689 p1_gt_valid_count=30 p1_in_gt_fg=1 p1_in_gt_fg_count=30 p1_valid_count=30 p1_valid_ratio=1 p2_gt_valid_count=30 p2_in_gt_fg=1 p2_in_gt_fg_count=30 p2_valid_count=30 p2_valid_ratio=1 point_distance_sum=2648 point_overlap_count=0 point_overlap_ratio=0 point_pair_count=60 pos_in_pred_fg=1 pos_in_pred_fg_count=60 positive_pair_count=30 positive_pair_distance_sum=959.3 roi_count=30 valid_neg_count=60 valid_pos_count=60 warmup_stage=2
2026-07-30 04:49:05,798 - portable_sam_fusion - INFO - [DEBUG-BOX] epoch=7 step=2050 fallback_count=0 fallback_ratio=0 num_rois=0 refined_proposal_iou=0 refined_proposal_iou_sum=0 refined_valid_count=0
2026-07-30 04:49:05,799 - portable_sam_fusion - INFO - [DEBUG-COARSE] epoch=7 step=2050 boundary_fn=0 boundary_fp=0 boundary_tp=0 dice=0 iou=0
2026-07-30 04:49:05,799 - portable_sam_fusion - INFO - [DEBUG-CONTEXT] epoch=7 step=2050 enabled=0
2026-07-30 04:49:05,799 - portable_sam_fusion - INFO - [DEBUG-DENSE] epoch=7 step=2050 applied_delta_norm=3.169 applied_delta_ratio=0.2713 base_norm=11.68 canvas_max=8 canvas_mean=0.002949 canvas_min=-8 canvas_nonzero_ratio=0.009546 canvas_std=0.4665 final_norm=12.13 residual_alpha=0.5 shape_norm=13.54 source_delta_norm=6.338 source_delta_ratio=0.5427
2026-07-30 04:49:05,799 - portable_sam_fusion - INFO - [DEBUG-GATE] epoch=7 step=2050 shape_dense_alpha_max=0.5 shape_dense_alpha_mean=0.5 shape_dense_alpha_min=0.5
2026-07-30 04:49:05,799 - portable_sam_fusion - INFO - [DEBUG-JITTER] epoch=7 step=2050 area_ratio_count=0 area_ratio_mean=0 area_ratio_sum=0 fallback_count=0 mean_iou=0 num_jittered=0 num_rois=0
2026-07-30 04:49:05,799 - portable_sam_fusion - INFO - [DEBUG-SP] epoch=7 step=2050 all_invalid_count=0 all_invalid_ratio=0 empty_count=0 empty_ratio=0 full_count=0 full_ratio=0 mean_point_distance=31.95 n1_gt_valid_count=64 n1_in_gt_bg=0.9844 n1_in_gt_bg_count=63 n1_valid_count=64 n1_valid_ratio=1 n2_gt_valid_count=64 n2_in_gt_bg=1 n2_in_gt_bg_count=64 n2_valid_count=64 n2_valid_ratio=1 neg_in_pred_bg=1 neg_in_pred_bg_count=128 negative_pair_count=64 negative_pair_distance_sum=2527 p1_gt_valid_count=64 p1_in_gt_fg=1 p1_in_gt_fg_count=64 p1_valid_count=64 p1_valid_ratio=1 p2_gt_valid_count=64 p2_in_gt_fg=1 p2_in_gt_fg_count=64 p2_valid_count=64 p2_valid_ratio=1 point_distance_sum=4089 point_overlap_count=0 point_overlap_ratio=0 point_pair_count=128 pos_in_pred_fg=1 pos_in_pred_fg_count=128 positive_pair_count=64 positive_pair_distance_sum=1562 roi_count=64 valid_neg_count=128 valid_pos_count=128 warmup_stage=2
2026-07-30 04:49:18,081 - portable_sam_fusion - INFO - Epoch 7 detailed losses: loss_rpn_cls=0.0296, loss_rpn_bbox=0.0113, loss_cls=0.2665, acc=89.1398, loss_bbox=0.1250, loss_mask=0.0018, debug_mask_pos_rois=57.7313, debug_mask_logit_mean=-15.7202, debug_mask_logit_std=3.1694, debug_mask_prob_mean=0.0049, debug_mask_prob_ge05=0.0048, debug_mask_target_fill=0.0049, loss_shape_prior=0.0285, schedule/det_weight=1.0000
2026-07-30 04:49:18,081 - portable_sam_fusion - INFO - Epoch 7 dense residual monitor: alpha=0.500000 source_delta_norm=6.5288 applied_delta_norm=3.2644 source_delta_ratio=0.559047 applied_delta_ratio=0.279523
2026-07-30 04:49:18,081 - portable_sam_fusion - INFO - Epoch 7 primary loss shares: det=93.43% final_mask=0.40% shape=6.17% p2_boundary=0.00%
2026-07-30 04:49:18,081 - portable_sam_fusion - INFO - Epoch 7 schedule: det_loss_weight=1.000 early_stop_start=20 min_delta=0.0005
2026-07-30 04:49:18,081 - portable_sam_fusion - INFO - Epoch 7 learning rates: sat_backbone=4.94e-04, mask_decoder=4.94e-04, prompt_encoder=4.94e-04, shape_prior=4.94e-04, quality_head=4.94e-04, sat_other=4.94e-04
2026-07-30 04:53:51,547 - portable_sam_fusion - INFO - Validation samples: GT=15926, DT=23171, avg_masks_per_image=36.96, avg_mask_fill=0.0065
creating index...
index created!
Loading and preparing results...
DONE (t=0.03s)
creating index...
index created!
Running per image evaluation...
Evaluate annotation type *bbox*
DONE (t=11.92s).
Accumulating evaluation results...
DONE (t=0.21s).
 Average Precision  (AP) @[ IoU=0.50:0.95 | area=   all | maxDets=100 ] = 0.600
 Average Precision  (AP) @[ IoU=0.50      | area=   all | maxDets=100 ] = 0.884
 Average Precision  (AP) @[ IoU=0.75      | area=   all | maxDets=100 ] = 0.734
 Average Precision  (AP) @[ IoU=0.50:0.95 | area= small | maxDets=100 ] = 0.213
 Average Precision  (AP) @[ IoU=0.50:0.95 | area=medium | maxDets=100 ] = 0.656
 Average Precision  (AP) @[ IoU=0.50:0.95 | area= large | maxDets=100 ] = 0.651
 Average Recall     (AR) @[ IoU=0.50:0.95 | area=   all | maxDets=  1 ] = 0.023
 Average Recall     (AR) @[ IoU=0.50:0.95 | area=   all | maxDets= 10 ] = 0.170
 Average Recall     (AR) @[ IoU=0.50:0.95 | area=   all | maxDets=100 ] = 0.669
 Average Recall     (AR) @[ IoU=0.50:0.95 | area= small | maxDets=100 ] = 0.349
 Average Recall     (AR) @[ IoU=0.50:0.95 | area=medium | maxDets=100 ] = 0.723
 Average Recall     (AR) @[ IoU=0.50:0.95 | area= large | maxDets=100 ] = 0.723
2026-07-30 04:54:03,915 - portable_sam_fusion - INFO - Validation bbox/mAP: 0.6001 bbox/mAP_75: 0.7340
Running per image evaluation...
Evaluate annotation type *segm*
DONE (t=12.47s).
Accumulating evaluation results...
DONE (t=0.22s).
 Average Precision  (AP) @[ IoU=0.50:0.95 | area=   all | maxDets=100 ] = 0.432
 Average Precision  (AP) @[ IoU=0.50      | area=   all | maxDets=100 ] = 0.839
 Average Precision  (AP) @[ IoU=0.75      | area=   all | maxDets=100 ] = 0.441
 Average Precision  (AP) @[ IoU=0.50:0.95 | area= small | maxDets=100 ] = 0.056
 Average Precision  (AP) @[ IoU=0.50:0.95 | area=medium | maxDets=100 ] = 0.440
 Average Precision  (AP) @[ IoU=0.50:0.95 | area= large | maxDets=100 ] = 0.633
 Average Recall     (AR) @[ IoU=0.50:0.95 | area=   all | maxDets=  1 ] = 0.021
 Average Recall     (AR) @[ IoU=0.50:0.95 | area=   all | maxDets= 10 ] = 0.143
 Average Recall     (AR) @[ IoU=0.50:0.95 | area=   all | maxDets=100 ] = 0.491
 Average Recall     (AR) @[ IoU=0.50:0.95 | area= small | maxDets=100 ] = 0.116
 Average Recall     (AR) @[ IoU=0.50:0.95 | area=medium | maxDets=100 ] = 0.503
 Average Recall     (AR) @[ IoU=0.50:0.95 | area= large | maxDets=100 ] = 0.688
2026-07-30 04:54:16,649 - portable_sam_fusion - INFO - Validation segm/mAP: 0.4317
2026-07-30 04:54:17,232 - portable_sam_fusion - INFO - New best segm/mAP: 0.4317
2026-07-30 04:54:17,233 - portable_sam_fusion - INFO - New best early-stop metric (segm/mAP): raw=0.4317 smooth(5)=0.4208
2026-07-30 04:54:19,856 - portable_sam_fusion - INFO - Saved best_model with segm/mAP: 0.4317
2026-07-30 04:54:27,794 - portable_sam_fusion - INFO - Epoch 7/80 | train=0.462756 val=disabled segm/mAP=0.4317 bbox/mAP=0.6001 | best_segm=0.4317 best_bbox=0.6267 best_comp=0.0000 | sat_backbone=4.94e-04 mask_decoder=4.94e-04 prompt_encoder=4.94e-04 shape_prior=4.94e-04 quality_head=4.94e-04 sat_other=4.94e-04
2026-07-30 04:55:30,854 - portable_sam_fusion - INFO - [DEBUG-BOX] epoch=8 step=2100 fallback_count=0 fallback_ratio=0 num_rois=64 refined_proposal_iou=0 refined_proposal_iou_sum=0 refined_valid_count=0
2026-07-30 04:55:30,854 - portable_sam_fusion - INFO - [DEBUG-COARSE] epoch=8 step=2100 bce_raw=0.177 boundary_fn=4047 boundary_fp=2487 boundary_tp=2.406e+04 dice=0.1148 dice_loss_raw=0.1148 iou=0.7988 loss_weight=0.1 raw_boundary_fn=4047 raw_boundary_fp=2487 raw_boundary_tp=2.406e+04 raw_dice_score=0.8852 raw_iou=0.7988 weighted_loss=0.02918
2026-07-30 04:55:30,854 - portable_sam_fusion - INFO - [DEBUG-CONTEXT] epoch=8 step=2100 enabled=0
2026-07-30 04:55:30,854 - portable_sam_fusion - INFO - [DEBUG-DENSE] epoch=8 step=2100 applied_delta_norm=3.708 applied_delta_ratio=0.3175 base_norm=11.68 canvas_max=7.66 canvas_mean=-0.01028 canvas_min=-8 canvas_nonzero_ratio=0.01188 canvas_std=0.5022 final_norm=12.2 residual_alpha=0.5 shape_norm=13.87 source_delta_norm=7.416 source_delta_ratio=0.635
2026-07-30 04:55:30,854 - portable_sam_fusion - INFO - [DEBUG-GATE] epoch=8 step=2100 shape_dense_alpha_max=0.5 shape_dense_alpha_mean=0.5 shape_dense_alpha_min=0.5
2026-07-30 04:55:30,854 - portable_sam_fusion - INFO - [DEBUG-JITTER] epoch=8 step=2100 area_ratio_count=64 area_ratio_mean=1 area_ratio_sum=64 fallback_count=0 mean_iou=1 num_jittered=0 num_rois=64
2026-07-30 04:55:30,854 - portable_sam_fusion - INFO - [DEBUG-SP] epoch=8 step=2100 all_invalid_count=0 all_invalid_ratio=0 empty_count=0 empty_ratio=0 full_count=0 full_ratio=0 mean_point_distance=45.6 n1_gt_valid_count=64 n1_in_gt_bg=0.875 n1_in_gt_bg_count=56 n1_valid_count=64 n1_valid_ratio=1 n2_gt_valid_count=64 n2_in_gt_bg=1 n2_in_gt_bg_count=64 n2_valid_count=64 n2_valid_ratio=1 neg_in_pred_bg=1 neg_in_pred_bg_count=128 negative_pair_count=64 negative_pair_distance_sum=4514 p1_gt_valid_count=64 p1_in_gt_fg=1 p1_in_gt_fg_count=64 p1_valid_count=64 p1_valid_ratio=1 p2_gt_valid_count=64 p2_in_gt_fg=1 p2_in_gt_fg_count=64 p2_valid_count=64 p2_valid_ratio=1 point_distance_sum=5837 point_overlap_count=0 point_overlap_ratio=0 point_pair_count=128 pos_in_pred_fg=1 pos_in_pred_fg_count=128 positive_pair_count=64 positive_pair_distance_sum=1323 roi_count=64 valid_neg_count=128 valid_pos_count=128 warmup_stage=2
2026-07-30 04:56:55,611 - portable_sam_fusion - INFO - [DEBUG-BOX] epoch=8 step=2150 fallback_count=0 fallback_ratio=0 num_rois=64 refined_proposal_iou=0 refined_proposal_iou_sum=0 refined_valid_count=0
2026-07-30 04:56:55,612 - portable_sam_fusion - INFO - [DEBUG-COARSE] epoch=8 step=2150 bce_raw=0.2301 boundary_fn=3328 boundary_fp=4003 boundary_tp=2.178e+04 dice=0.1039 dice_loss_raw=0.1039 iou=0.8191 loss_weight=0.1 raw_boundary_fn=3328 raw_boundary_fp=4003 raw_boundary_tp=2.178e+04 raw_dice_score=0.8961 raw_iou=0.8191 weighted_loss=0.03341
2026-07-30 04:56:55,612 - portable_sam_fusion - INFO - [DEBUG-CONTEXT] epoch=8 step=2150 enabled=0
2026-07-30 04:56:55,612 - portable_sam_fusion - INFO - [DEBUG-DENSE] epoch=8 step=2150 applied_delta_norm=3.803 applied_delta_ratio=0.3256 base_norm=11.68 canvas_max=7.923 canvas_mean=0.003163 canvas_min=-8 canvas_nonzero_ratio=0.01394 canvas_std=0.5632 final_norm=12.31 residual_alpha=0.5 shape_norm=14.09 source_delta_norm=7.605 source_delta_ratio=0.6512
2026-07-30 04:56:55,612 - portable_sam_fusion - INFO - [DEBUG-GATE] epoch=8 step=2150 shape_dense_alpha_max=0.5 shape_dense_alpha_mean=0.5 shape_dense_alpha_min=0.5
2026-07-30 04:56:55,612 - portable_sam_fusion - INFO - [DEBUG-JITTER] epoch=8 step=2150 area_ratio_count=64 area_ratio_mean=1 area_ratio_sum=64 fallback_count=0 mean_iou=1 num_jittered=0 num_rois=64
2026-07-30 04:56:55,612 - portable_sam_fusion - INFO - [DEBUG-SP] epoch=8 step=2150 all_invalid_count=0 all_invalid_ratio=0 empty_count=0 empty_ratio=0 full_count=0 full_ratio=0 mean_point_distance=42.59 n1_gt_valid_count=64 n1_in_gt_bg=0.875 n1_in_gt_bg_count=56 n1_valid_count=64 n1_valid_ratio=1 n2_gt_valid_count=64 n2_in_gt_bg=1 n2_in_gt_bg_count=64 n2_valid_count=64 n2_valid_ratio=1 neg_in_pred_bg=1 neg_in_pred_bg_count=128 negative_pair_count=64 negative_pair_distance_sum=4288 p1_gt_valid_count=64 p1_in_gt_fg=0.9688 p1_in_gt_fg_count=62 p1_valid_count=64 p1_valid_ratio=1 p2_gt_valid_count=64 p2_in_gt_fg=0.9531 p2_in_gt_fg_count=61 p2_valid_count=64 p2_valid_ratio=1 point_distance_sum=5451 point_overlap_count=0 point_overlap_ratio=0 point_pair_count=128 pos_in_pred_fg=1 pos_in_pred_fg_count=128 positive_pair_count=64 positive_pair_distance_sum=1163 roi_count=64 valid_neg_count=128 valid_pos_count=128 warmup_stage=2
2026-07-30 04:58:00,470 - portable_sam_fusion - INFO - epoch 8 | mini-batch 128/294 | optimizer_step 550/5920 | lr=4.927e-04
2026-07-30 04:58:26,918 - portable_sam_fusion - INFO - [DEBUG-BOX] epoch=8 step=2200 fallback_count=0 fallback_ratio=0 num_rois=64 refined_proposal_iou=0 refined_proposal_iou_sum=0 refined_valid_count=0
2026-07-30 04:58:26,919 - portable_sam_fusion - INFO - [DEBUG-COARSE] epoch=8 step=2200 bce_raw=0.1954 boundary_fn=4054 boundary_fp=3239 boundary_tp=2.277e+04 dice=0.08554 dice_loss_raw=0.08554 iou=0.8453 loss_weight=0.1 raw_boundary_fn=4054 raw_boundary_fp=3239 raw_boundary_tp=2.277e+04 raw_dice_score=0.9145 raw_iou=0.8453 weighted_loss=0.02809
2026-07-30 04:58:26,919 - portable_sam_fusion - INFO - [DEBUG-CONTEXT] epoch=8 step=2200 enabled=0
2026-07-30 04:58:26,919 - portable_sam_fusion - INFO - [DEBUG-DENSE] epoch=8 step=2200 applied_delta_norm=2.989 applied_delta_ratio=0.2559 base_norm=11.68 canvas_max=8 canvas_mean=0.007217 canvas_min=-8 canvas_nonzero_ratio=0.007192 canvas_std=0.4135 final_norm=12.02 residual_alpha=0.5 shape_norm=13.14 source_delta_norm=5.978 source_delta_ratio=0.5119
2026-07-30 04:58:26,919 - portable_sam_fusion - INFO - [DEBUG-GATE] epoch=8 step=2200 shape_dense_alpha_max=0.5 shape_dense_alpha_mean=0.5 shape_dense_alpha_min=0.5
2026-07-30 04:58:26,919 - portable_sam_fusion - INFO - [DEBUG-JITTER] epoch=8 step=2200 area_ratio_count=64 area_ratio_mean=1 area_ratio_sum=64 fallback_count=0 mean_iou=1 num_jittered=0 num_rois=64
2026-07-30 04:58:26,919 - portable_sam_fusion - INFO - [DEBUG-SP] epoch=8 step=2200 all_invalid_count=0 all_invalid_ratio=0 empty_count=0 empty_ratio=0 full_count=0 full_ratio=0 mean_point_distance=37.98 n1_gt_valid_count=64 n1_in_gt_bg=0.7188 n1_in_gt_bg_count=46 n1_valid_count=64 n1_valid_ratio=1 n2_gt_valid_count=64 n2_in_gt_bg=0.9844 n2_in_gt_bg_count=63 n2_valid_count=64 n2_valid_ratio=1 neg_in_pred_bg=1 neg_in_pred_bg_count=128 negative_pair_count=64 negative_pair_distance_sum=3684 p1_gt_valid_count=64 p1_in_gt_fg=1 p1_in_gt_fg_count=64 p1_valid_count=64 p1_valid_ratio=1 p2_gt_valid_count=64 p2_in_gt_fg=1 p2_in_gt_fg_count=64 p2_valid_count=64 p2_valid_ratio=1 point_distance_sum=4861 point_overlap_count=0 point_overlap_ratio=0 point_pair_count=128 pos_in_pred_fg=1 pos_in_pred_fg_count=128 positive_pair_count=64 positive_pair_distance_sum=1177 roi_count=64 valid_neg_count=128 valid_pos_count=128 warmup_stage=2
2026-07-30 04:59:53,343 - portable_sam_fusion - INFO - [DEBUG-BOX] epoch=8 step=2250 fallback_count=0 fallback_ratio=0 num_rois=64 refined_proposal_iou=0 refined_proposal_iou_sum=0 refined_valid_count=0
2026-07-30 04:59:53,343 - portable_sam_fusion - INFO - [DEBUG-COARSE] epoch=8 step=2250 bce_raw=0.2045 boundary_fn=3939 boundary_fp=3621 boundary_tp=2.282e+04 dice=0.112 dice_loss_raw=0.112 iou=0.8038 loss_weight=0.1 raw_boundary_fn=3939 raw_boundary_fp=3621 raw_boundary_tp=2.282e+04 raw_dice_score=0.888 raw_iou=0.8038 weighted_loss=0.03165
2026-07-30 04:59:53,343 - portable_sam_fusion - INFO - [DEBUG-CONTEXT] epoch=8 step=2250 enabled=0
2026-07-30 04:59:53,343 - portable_sam_fusion - INFO - [DEBUG-DENSE] epoch=8 step=2250 applied_delta_norm=2.974 applied_delta_ratio=0.2547 base_norm=11.68 canvas_max=8 canvas_mean=-0.00103 canvas_min=-8 canvas_nonzero_ratio=0.007328 canvas_std=0.4267 final_norm=12 residual_alpha=0.5 shape_norm=13.07 source_delta_norm=5.949 source_delta_ratio=0.5094
2026-07-30 04:59:53,343 - portable_sam_fusion - INFO - [DEBUG-GATE] epoch=8 step=2250 shape_dense_alpha_max=0.5 shape_dense_alpha_mean=0.5 shape_dense_alpha_min=0.5
2026-07-30 04:59:53,344 - portable_sam_fusion - INFO - [DEBUG-JITTER] epoch=8 step=2250 area_ratio_count=64 area_ratio_mean=1 area_ratio_sum=64 fallback_count=0 mean_iou=1 num_jittered=0 num_rois=64
2026-07-30 04:59:53,344 - portable_sam_fusion - INFO - [DEBUG-SP] epoch=8 step=2250 all_invalid_count=0 all_invalid_ratio=0 empty_count=0 empty_ratio=0 full_count=0 full_ratio=0 mean_point_distance=38.29 n1_gt_valid_count=64 n1_in_gt_bg=0.9375 n1_in_gt_bg_count=60 n1_valid_count=64 n1_valid_ratio=1 n2_gt_valid_count=64 n2_in_gt_bg=1 n2_in_gt_bg_count=64 n2_valid_count=64 n2_valid_ratio=1 neg_in_pred_bg=1 neg_in_pred_bg_count=128 negative_pair_count=64 negative_pair_distance_sum=3920 p1_gt_valid_count=64 p1_in_gt_fg=0.9844 p1_in_gt_fg_count=63 p1_valid_count=64 p1_valid_ratio=1 p2_gt_valid_count=64 p2_in_gt_fg=1 p2_in_gt_fg_count=64 p2_valid_count=64 p2_valid_ratio=1 point_distance_sum=4901 point_overlap_count=0 point_overlap_ratio=0 point_pair_count=128 pos_in_pred_fg=1 pos_in_pred_fg_count=128 positive_pair_count=64 positive_pair_distance_sum=981.1 roi_count=64 valid_neg_count=128 valid_pos_count=128 warmup_stage=2
2026-07-30 05:01:19,551 - portable_sam_fusion - INFO - [DEBUG-BOX] epoch=8 step=2300 fallback_count=0 fallback_ratio=0 num_rois=64 refined_proposal_iou=0 refined_proposal_iou_sum=0 refined_valid_count=0
2026-07-30 05:01:19,552 - portable_sam_fusion - INFO - [DEBUG-COARSE] epoch=8 step=2300 bce_raw=0.1874 boundary_fn=3536 boundary_fp=3153 boundary_tp=2.202e+04 dice=0.08587 dice_loss_raw=0.08587 iou=0.8442 loss_weight=0.1 raw_boundary_fn=3536 raw_boundary_fp=3153 raw_boundary_tp=2.202e+04 raw_dice_score=0.9141 raw_iou=0.8442 weighted_loss=0.02733
2026-07-30 05:01:19,552 - portable_sam_fusion - INFO - [DEBUG-CONTEXT] epoch=8 step=2300 enabled=0
2026-07-30 05:01:19,552 - portable_sam_fusion - INFO - [DEBUG-DENSE] epoch=8 step=2300 applied_delta_norm=2.304 applied_delta_ratio=0.1973 base_norm=11.68 canvas_max=8 canvas_mean=0.006724 canvas_min=-7.843 canvas_nonzero_ratio=0.004387 canvas_std=0.3161 final_norm=11.88 residual_alpha=0.5 shape_norm=12.56 source_delta_norm=4.609 source_delta_ratio=0.3946
2026-07-30 05:01:19,552 - portable_sam_fusion - INFO - [DEBUG-GATE] epoch=8 step=2300 shape_dense_alpha_max=0.5 shape_dense_alpha_mean=0.5 shape_dense_alpha_min=0.5
2026-07-30 05:01:19,552 - portable_sam_fusion - INFO - [DEBUG-JITTER] epoch=8 step=2300 area_ratio_count=64 area_ratio_mean=1 area_ratio_sum=64 fallback_count=0 mean_iou=1 num_jittered=0 num_rois=64
2026-07-30 05:01:19,552 - portable_sam_fusion - INFO - [DEBUG-SP] epoch=8 step=2300 all_invalid_count=0 all_invalid_ratio=0 empty_count=0 empty_ratio=0 full_count=0 full_ratio=0 mean_point_distance=26.21 n1_gt_valid_count=64 n1_in_gt_bg=0.8594 n1_in_gt_bg_count=55 n1_valid_count=64 n1_valid_ratio=1 n2_gt_valid_count=64 n2_in_gt_bg=0.9844 n2_in_gt_bg_count=63 n2_valid_count=64 n2_valid_ratio=1 neg_in_pred_bg=1 neg_in_pred_bg_count=128 negative_pair_count=64 negative_pair_distance_sum=2589 p1_gt_valid_count=64 p1_in_gt_fg=1 p1_in_gt_fg_count=64 p1_valid_count=64 p1_valid_ratio=1 p2_gt_valid_count=64 p2_in_gt_fg=1 p2_in_gt_fg_count=64 p2_valid_count=64 p2_valid_ratio=1 point_distance_sum=3355 point_overlap_count=0 point_overlap_ratio=0 point_pair_count=128 pos_in_pred_fg=1 pos_in_pred_fg_count=128 positive_pair_count=64 positive_pair_distance_sum=766.2 roi_count=64 valid_neg_count=128 valid_pos_count=128 warmup_stage=2
2026-07-30 05:02:29,426 - portable_sam_fusion - INFO - [DEBUG-BOX] epoch=8 step=2350 fallback_count=0 fallback_ratio=0 num_rois=0 refined_proposal_iou=0 refined_proposal_iou_sum=0 refined_valid_count=0
2026-07-30 05:02:29,426 - portable_sam_fusion - INFO - [DEBUG-COARSE] epoch=8 step=2350 boundary_fn=0 boundary_fp=0 boundary_tp=0 dice=0 iou=0
2026-07-30 05:02:29,426 - portable_sam_fusion - INFO - [DEBUG-CONTEXT] epoch=8 step=2350 enabled=0
2026-07-30 05:02:29,426 - portable_sam_fusion - INFO - [DEBUG-DENSE] epoch=8 step=2350 applied_delta_norm=3.098 applied_delta_ratio=0.2652 base_norm=11.68 canvas_max=7.626 canvas_mean=-0.001074 canvas_min=-8 canvas_nonzero_ratio=0.007526 canvas_std=0.4171 final_norm=12.01 residual_alpha=0.5 shape_norm=13.15 source_delta_norm=6.195 source_delta_ratio=0.5305
2026-07-30 05:02:29,426 - portable_sam_fusion - INFO - [DEBUG-GATE] epoch=8 step=2350 shape_dense_alpha_max=0.5 shape_dense_alpha_mean=0.5 shape_dense_alpha_min=0.5
2026-07-30 05:02:29,426 - portable_sam_fusion - INFO - [DEBUG-JITTER] epoch=8 step=2350 area_ratio_count=0 area_ratio_mean=0 area_ratio_sum=0 fallback_count=0 mean_iou=0 num_jittered=0 num_rois=0
2026-07-30 05:02:29,426 - portable_sam_fusion - INFO - [DEBUG-SP] epoch=8 step=2350 all_invalid_count=0 all_invalid_ratio=0 empty_count=0 empty_ratio=0 full_count=0 full_ratio=0 mean_point_distance=32.7 n1_gt_valid_count=64 n1_in_gt_bg=0.9688 n1_in_gt_bg_count=62 n1_valid_count=64 n1_valid_ratio=1 n2_gt_valid_count=64 n2_in_gt_bg=0.9688 n2_in_gt_bg_count=62 n2_valid_count=64 n2_valid_ratio=1 neg_in_pred_bg=1 neg_in_pred_bg_count=128 negative_pair_count=64 negative_pair_distance_sum=3141 p1_gt_valid_count=64 p1_in_gt_fg=1 p1_in_gt_fg_count=64 p1_valid_count=64 p1_valid_ratio=1 p2_gt_valid_count=64 p2_in_gt_fg=1 p2_in_gt_fg_count=64 p2_valid_count=64 p2_valid_ratio=1 point_distance_sum=4185 point_overlap_count=0 point_overlap_ratio=0 point_pair_count=128 pos_in_pred_fg=1 pos_in_pred_fg_count=128 positive_pair_count=64 positive_pair_distance_sum=1044 roi_count=64 valid_neg_count=128 valid_pos_count=128 warmup_stage=2
2026-07-30 05:02:31,769 - portable_sam_fusion - INFO - Epoch 8 detailed losses: loss_rpn_cls=0.0288, loss_rpn_bbox=0.0114, loss_cls=0.2524, acc=89.9155, loss_bbox=0.1177, loss_mask=0.0019, debug_mask_pos_rois=56.7789, debug_mask_logit_mean=-16.1774, debug_mask_logit_std=3.2892, debug_mask_prob_mean=0.0053, debug_mask_prob_ge05=0.0052, debug_mask_target_fill=0.0053, loss_shape_prior=0.0278, schedule/det_weight=1.0000
2026-07-30 05:02:31,769 - portable_sam_fusion - INFO - Epoch 8 dense residual monitor: alpha=0.500000 source_delta_norm=6.4235 applied_delta_norm=3.2118 source_delta_ratio=0.550035 applied_delta_ratio=0.275017
2026-07-30 05:02:31,770 - portable_sam_fusion - INFO - Epoch 8 primary loss shares: det=93.24% final_mask=0.43% shape=6.33% p2_boundary=0.00%
2026-07-30 05:02:31,770 - portable_sam_fusion - INFO - Epoch 8 schedule: det_loss_weight=1.000 early_stop_start=20 min_delta=0.0005
2026-07-30 05:02:31,770 - portable_sam_fusion - INFO - Epoch 8 learning rates: sat_backbone=4.91e-04, mask_decoder=4.91e-04, prompt_encoder=4.91e-04, shape_prior=4.91e-04, quality_head=4.91e-04, sat_other=4.91e-04
2026-07-30 05:06:44,746 - portable_sam_fusion - INFO - Validation samples: GT=15926, DT=20925, avg_masks_per_image=33.37, avg_mask_fill=0.0070
creating index...
index created!
Loading and preparing results...
DONE (t=0.03s)
creating index...
index created!
Running per image evaluation...
Evaluate annotation type *bbox*
DONE (t=12.25s).
Accumulating evaluation results...
DONE (t=0.21s).
 Average Precision  (AP) @[ IoU=0.50:0.95 | area=   all | maxDets=100 ] = 0.640
 Average Precision  (AP) @[ IoU=0.50      | area=   all | maxDets=100 ] = 0.882
 Average Precision  (AP) @[ IoU=0.75      | area=   all | maxDets=100 ] = 0.774
 Average Precision  (AP) @[ IoU=0.50:0.95 | area= small | maxDets=100 ] = 0.228
 Average Precision  (AP) @[ IoU=0.50:0.95 | area=medium | maxDets=100 ] = 0.697
 Average Precision  (AP) @[ IoU=0.50:0.95 | area= large | maxDets=100 ] = 0.694
 Average Recall     (AR) @[ IoU=0.50:0.95 | area=   all | maxDets=  1 ] = 0.025
 Average Recall     (AR) @[ IoU=0.50:0.95 | area=   all | maxDets= 10 ] = 0.179
 Average Recall     (AR) @[ IoU=0.50:0.95 | area=   all | maxDets=100 ] = 0.705
 Average Recall     (AR) @[ IoU=0.50:0.95 | area= small | maxDets=100 ] = 0.381
 Average Recall     (AR) @[ IoU=0.50:0.95 | area=medium | maxDets=100 ] = 0.760
 Average Recall     (AR) @[ IoU=0.50:0.95 | area= large | maxDets=100 ] = 0.756
2026-07-30 05:06:57,475 - portable_sam_fusion - INFO - Validation bbox/mAP: 0.6404 bbox/mAP_75: 0.7737
Running per image evaluation...
Evaluate annotation type *segm*
DONE (t=12.93s).
Accumulating evaluation results...
DONE (t=0.23s).
 Average Precision  (AP) @[ IoU=0.50:0.95 | area=   all | maxDets=100 ] = 0.447
 Average Precision  (AP) @[ IoU=0.50      | area=   all | maxDets=100 ] = 0.853
 Average Precision  (AP) @[ IoU=0.75      | area=   all | maxDets=100 ] = 0.472
 Average Precision  (AP) @[ IoU=0.50:0.95 | area= small | maxDets=100 ] = 0.049
 Average Precision  (AP) @[ IoU=0.50:0.95 | area=medium | maxDets=100 ] = 0.464
 Average Precision  (AP) @[ IoU=0.50:0.95 | area= large | maxDets=100 ] = 0.640
 Average Recall     (AR) @[ IoU=0.50:0.95 | area=   all | maxDets=  1 ] = 0.020
 Average Recall     (AR) @[ IoU=0.50:0.95 | area=   all | maxDets= 10 ] = 0.143
 Average Recall     (AR) @[ IoU=0.50:0.95 | area=   all | maxDets=100 ] = 0.502
 Average Recall     (AR) @[ IoU=0.50:0.95 | area= small | maxDets=100 ] = 0.113
 Average Recall     (AR) @[ IoU=0.50:0.95 | area=medium | maxDets=100 ] = 0.520
 Average Recall     (AR) @[ IoU=0.50:0.95 | area= large | maxDets=100 ] = 0.695
2026-07-30 05:07:10,680 - portable_sam_fusion - INFO - Validation segm/mAP: 0.4473
2026-07-30 05:07:11,401 - portable_sam_fusion - INFO - New best segm/mAP: 0.4473
2026-07-30 05:07:11,401 - portable_sam_fusion - INFO - New best bbox/mAP: 0.6404
2026-07-30 05:07:11,402 - portable_sam_fusion - INFO - New best early-stop metric (segm/mAP): raw=0.4473 smooth(5)=0.4301
2026-07-30 05:07:14,148 - portable_sam_fusion - INFO - Saved best_model with segm/mAP: 0.4473
2026-07-30 05:07:17,061 - portable_sam_fusion - INFO - Saved best_bbox_model with bbox/mAP: 0.6404
2026-07-30 05:07:22,672 - portable_sam_fusion - INFO - Epoch 8/80 | train=0.439973 val=disabled segm/mAP=0.4473 bbox/mAP=0.6404 | best_segm=0.4473 best_bbox=0.6404 best_comp=0.0000 | sat_backbone=4.91e-04 mask_decoder=4.91e-04 prompt_encoder=4.91e-04 shape_prior=4.91e-04 quality_head=4.91e-04 sat_other=4.91e-04
2026-07-30 05:08:09,180 - portable_sam_fusion - INFO - epoch 9 | mini-batch 32/294 | optimizer_step 600/5920 | lr=4.910e-04
2026-07-30 05:08:30,173 - portable_sam_fusion - INFO - [DEBUG-BOX] epoch=9 step=2400 fallback_count=0 fallback_ratio=0 num_rois=64 refined_proposal_iou=0 refined_proposal_iou_sum=0 refined_valid_count=0
2026-07-30 05:08:30,174 - portable_sam_fusion - INFO - [DEBUG-COARSE] epoch=9 step=2400 bce_raw=0.2309 boundary_fn=3187 boundary_fp=5029 boundary_tp=2.365e+04 dice=0.1176 dice_loss_raw=0.1176 iou=0.7994 loss_weight=0.1 raw_boundary_fn=3187 raw_boundary_fp=5029 raw_boundary_tp=2.365e+04 raw_dice_score=0.8824 raw_iou=0.7994 weighted_loss=0.03485
2026-07-30 05:08:30,174 - portable_sam_fusion - INFO - [DEBUG-CONTEXT] epoch=9 step=2400 enabled=0
2026-07-30 05:08:30,174 - portable_sam_fusion - INFO - [DEBUG-DENSE] epoch=9 step=2400 applied_delta_norm=4.443 applied_delta_ratio=0.3805 base_norm=11.68 canvas_max=8 canvas_mean=0.003161 canvas_min=-7.983 canvas_nonzero_ratio=0.01794 canvas_std=0.6313 final_norm=12.52 residual_alpha=0.5 shape_norm=14.95 source_delta_norm=8.886 source_delta_ratio=0.7609
2026-07-30 05:08:30,174 - portable_sam_fusion - INFO - [DEBUG-GATE] epoch=9 step=2400 shape_dense_alpha_max=0.5 shape_dense_alpha_mean=0.5 shape_dense_alpha_min=0.5
2026-07-30 05:08:30,174 - portable_sam_fusion - INFO - [DEBUG-JITTER] epoch=9 step=2400 area_ratio_count=64 area_ratio_mean=1 area_ratio_sum=64 fallback_count=0 mean_iou=1 num_jittered=0 num_rois=64
2026-07-30 05:08:30,174 - portable_sam_fusion - INFO - [DEBUG-SP] epoch=9 step=2400 all_invalid_count=0 all_invalid_ratio=0 empty_count=0 empty_ratio=0 full_count=0 full_ratio=0 mean_point_distance=51.73 n1_gt_valid_count=64 n1_in_gt_bg=0.9062 n1_in_gt_bg_count=58 n1_valid_count=64 n1_valid_ratio=1 n2_gt_valid_count=64 n2_in_gt_bg=1 n2_in_gt_bg_count=64 n2_valid_count=64 n2_valid_ratio=1 neg_in_pred_bg=1 neg_in_pred_bg_count=128 negative_pair_count=64 negative_pair_distance_sum=4913 p1_gt_valid_count=64 p1_in_gt_fg=0.9688 p1_in_gt_fg_count=62 p1_valid_count=64 p1_valid_ratio=1 p2_gt_valid_count=64 p2_in_gt_fg=0.9688 p2_in_gt_fg_count=62 p2_valid_count=64 p2_valid_ratio=1 point_distance_sum=6621 point_overlap_count=0 point_overlap_ratio=0 point_pair_count=128 pos_in_pred_fg=1 pos_in_pred_fg_count=128 positive_pair_count=64 positive_pair_distance_sum=1708 roi_count=64 valid_neg_count=128 valid_pos_count=128 warmup_stage=2
2026-07-30 05:10:04,865 - portable_sam_fusion - INFO - [DEBUG-BOX] epoch=9 step=2450 fallback_count=0 fallback_ratio=0 num_rois=64 refined_proposal_iou=0 refined_proposal_iou_sum=0 refined_valid_count=0
2026-07-30 05:10:04,866 - portable_sam_fusion - INFO - [DEBUG-COARSE] epoch=9 step=2450 bce_raw=0.2394 boundary_fn=3389 boundary_fp=3791 boundary_tp=2.458e+04 dice=0.1079 dice_loss_raw=0.1079 iou=0.8128 loss_weight=0.1 raw_boundary_fn=3389 raw_boundary_fp=3791 raw_boundary_tp=2.458e+04 raw_dice_score=0.8921 raw_iou=0.8128 weighted_loss=0.03473
2026-07-30 05:10:04,866 - portable_sam_fusion - INFO - [DEBUG-CONTEXT] epoch=9 step=2450 enabled=0
2026-07-30 05:10:04,866 - portable_sam_fusion - INFO - [DEBUG-DENSE] epoch=9 step=2450 applied_delta_norm=3.166 applied_delta_ratio=0.2711 base_norm=11.68 canvas_max=8 canvas_mean=0.001765 canvas_min=-8 canvas_nonzero_ratio=0.008227 canvas_std=0.489 final_norm=12.05 residual_alpha=0.5 shape_norm=13.27 source_delta_norm=6.333 source_delta_ratio=0.5423
2026-07-30 05:10:04,866 - portable_sam_fusion - INFO - [DEBUG-GATE] epoch=9 step=2450 shape_dense_alpha_max=0.5 shape_dense_alpha_mean=0.5 shape_dense_alpha_min=0.5
2026-07-30 05:10:04,866 - portable_sam_fusion - INFO - [DEBUG-JITTER] epoch=9 step=2450 area_ratio_count=64 area_ratio_mean=1 area_ratio_sum=64 fallback_count=0 mean_iou=1 num_jittered=0 num_rois=64
2026-07-30 05:10:04,866 - portable_sam_fusion - INFO - [DEBUG-SP] epoch=9 step=2450 all_invalid_count=0 all_invalid_ratio=0 empty_count=0 empty_ratio=0 full_count=0 full_ratio=0 mean_point_distance=36.89 n1_gt_valid_count=64 n1_in_gt_bg=0.875 n1_in_gt_bg_count=56 n1_valid_count=64 n1_valid_ratio=1 n2_gt_valid_count=64 n2_in_gt_bg=1 n2_in_gt_bg_count=64 n2_valid_count=64 n2_valid_ratio=1 neg_in_pred_bg=1 neg_in_pred_bg_count=128 negative_pair_count=64 negative_pair_distance_sum=3561 p1_gt_valid_count=64 p1_in_gt_fg=0.9844 p1_in_gt_fg_count=63 p1_valid_count=64 p1_valid_ratio=1 p2_gt_valid_count=64 p2_in_gt_fg=0.9688 p2_in_gt_fg_count=62 p2_valid_count=64 p2_valid_ratio=1 point_distance_sum=4722 point_overlap_count=0 point_overlap_ratio=0 point_pair_count=128 pos_in_pred_fg=1 pos_in_pred_fg_count=128 positive_pair_count=64 positive_pair_distance_sum=1160 roi_count=64 valid_neg_count=128 valid_pos_count=128 warmup_stage=2
2026-07-30 05:11:31,202 - portable_sam_fusion - INFO - [DEBUG-BOX] epoch=9 step=2500 fallback_count=0 fallback_ratio=0 num_rois=0 refined_proposal_iou=0 refined_proposal_iou_sum=0 refined_valid_count=0
2026-07-30 05:11:31,202 - portable_sam_fusion - INFO - [DEBUG-COARSE] epoch=9 step=2500 boundary_fn=0 boundary_fp=0 boundary_tp=0 dice=0 iou=0
2026-07-30 05:11:31,202 - portable_sam_fusion - INFO - [DEBUG-CONTEXT] epoch=9 step=2500 enabled=0
2026-07-30 05:11:31,202 - portable_sam_fusion - INFO - [DEBUG-DENSE] epoch=9 step=2500 applied_delta_norm=2.65 applied_delta_ratio=0.2269 base_norm=11.68 canvas_max=8 canvas_mean=0.004779 canvas_min=-7.155 canvas_nonzero_ratio=0.00604 canvas_std=0.3513 final_norm=11.95 residual_alpha=0.5 shape_norm=12.85 source_delta_norm=5.299 source_delta_ratio=0.4538
2026-07-30 05:11:31,202 - portable_sam_fusion - INFO - [DEBUG-GATE] epoch=9 step=2500 shape_dense_alpha_max=0.5 shape_dense_alpha_mean=0.5 shape_dense_alpha_min=0.5
2026-07-30 05:11:31,202 - portable_sam_fusion - INFO - [DEBUG-JITTER] epoch=9 step=2500 area_ratio_count=0 area_ratio_mean=0 area_ratio_sum=0 fallback_count=0 mean_iou=0 num_jittered=0 num_rois=0
2026-07-30 05:11:31,202 - portable_sam_fusion - INFO - [DEBUG-SP] epoch=9 step=2500 all_invalid_count=0 all_invalid_ratio=0 empty_count=0 empty_ratio=0 full_count=0 full_ratio=0 mean_point_distance=31.35 n1_gt_valid_count=64 n1_in_gt_bg=0.8906 n1_in_gt_bg_count=57 n1_valid_count=64 n1_valid_ratio=1 n2_gt_valid_count=64 n2_in_gt_bg=1 n2_in_gt_bg_count=64 n2_valid_count=64 n2_valid_ratio=1 neg_in_pred_bg=1 neg_in_pred_bg_count=128 negative_pair_count=64 negative_pair_distance_sum=3189 p1_gt_valid_count=64 p1_in_gt_fg=1 p1_in_gt_fg_count=64 p1_valid_count=64 p1_valid_ratio=1 p2_gt_valid_count=64 p2_in_gt_fg=0.9844 p2_in_gt_fg_count=63 p2_valid_count=64 p2_valid_ratio=1 point_distance_sum=4013 point_overlap_count=0 point_overlap_ratio=0 point_pair_count=128 pos_in_pred_fg=1 pos_in_pred_fg_count=128 positive_pair_count=64 positive_pair_distance_sum=824.1 roi_count=64 valid_neg_count=128 valid_pos_count=128 warmup_stage=2
2026-07-30 05:12:50,533 - portable_sam_fusion - INFO - [DEBUG-BOX] epoch=9 step=2550 fallback_count=0 fallback_ratio=0 num_rois=0 refined_proposal_iou=0 refined_proposal_iou_sum=0 refined_valid_count=0
2026-07-30 05:12:50,533 - portable_sam_fusion - INFO - [DEBUG-COARSE] epoch=9 step=2550 boundary_fn=0 boundary_fp=0 boundary_tp=0 dice=0 iou=0
2026-07-30 05:12:50,533 - portable_sam_fusion - INFO - [DEBUG-CONTEXT] epoch=9 step=2550 enabled=0
2026-07-30 05:12:50,533 - portable_sam_fusion - INFO - [DEBUG-DENSE] epoch=9 step=2550 applied_delta_norm=2.436 applied_delta_ratio=0.2086 base_norm=11.68 canvas_max=8 canvas_mean=0.004775 canvas_min=-7.855 canvas_nonzero_ratio=0.005362 canvas_std=0.3685 final_norm=11.92 residual_alpha=0.5 shape_norm=12.73 source_delta_norm=4.872 source_delta_ratio=0.4172
2026-07-30 05:12:50,533 - portable_sam_fusion - INFO - [DEBUG-GATE] epoch=9 step=2550 shape_dense_alpha_max=0.5 shape_dense_alpha_mean=0.5 shape_dense_alpha_min=0.5
2026-07-30 05:12:50,533 - portable_sam_fusion - INFO - [DEBUG-JITTER] epoch=9 step=2550 area_ratio_count=0 area_ratio_mean=0 area_ratio_sum=0 fallback_count=0 mean_iou=0 num_jittered=0 num_rois=0
2026-07-30 05:12:50,533 - portable_sam_fusion - INFO - [DEBUG-SP] epoch=9 step=2550 all_invalid_count=0 all_invalid_ratio=0 empty_count=0 empty_ratio=0 full_count=0 full_ratio=0 mean_point_distance=22.71 n1_gt_valid_count=64 n1_in_gt_bg=0.8281 n1_in_gt_bg_count=53 n1_valid_count=64 n1_valid_ratio=1 n2_gt_valid_count=64 n2_in_gt_bg=0.9844 n2_in_gt_bg_count=63 n2_valid_count=64 n2_valid_ratio=1 neg_in_pred_bg=1 neg_in_pred_bg_count=128 negative_pair_count=64 negative_pair_distance_sum=2176 p1_gt_valid_count=64 p1_in_gt_fg=1 p1_in_gt_fg_count=64 p1_valid_count=64 p1_valid_ratio=1 p2_gt_valid_count=64 p2_in_gt_fg=0.9844 p2_in_gt_fg_count=63 p2_valid_count=64 p2_valid_ratio=1 point_distance_sum=2906 point_overlap_count=0 point_overlap_ratio=0 point_pair_count=128 pos_in_pred_fg=1 pos_in_pred_fg_count=128 positive_pair_count=64 positive_pair_distance_sum=730.5 roi_count=64 valid_neg_count=128 valid_pos_count=128 warmup_stage=2
2026-07-30 05:13:34,768 - portable_sam_fusion - INFO - epoch 9 | mini-batch 232/294 | optimizer_step 650/5920 | lr=4.891e-04
2026-07-30 05:13:59,357 - portable_sam_fusion - INFO - [DEBUG-BOX] epoch=9 step=2600 fallback_count=0 fallback_ratio=0 num_rois=64 refined_proposal_iou=0 refined_proposal_iou_sum=0 refined_valid_count=0
2026-07-30 05:13:59,357 - portable_sam_fusion - INFO - [DEBUG-COARSE] epoch=9 step=2600 bce_raw=0.1996 boundary_fn=4430 boundary_fp=3963 boundary_tp=2.305e+04 dice=0.1047 dice_loss_raw=0.1047 iou=0.8138 loss_weight=0.1 raw_boundary_fn=4430 raw_boundary_fp=3963 raw_boundary_tp=2.305e+04 raw_dice_score=0.8953 raw_iou=0.8138 weighted_loss=0.03043
2026-07-30 05:13:59,357 - portable_sam_fusion - INFO - [DEBUG-CONTEXT] epoch=9 step=2600 enabled=0
2026-07-30 05:13:59,357 - portable_sam_fusion - INFO - [DEBUG-DENSE] epoch=9 step=2600 applied_delta_norm=2.973 applied_delta_ratio=0.2546 base_norm=11.68 canvas_max=8 canvas_mean=-0.0007757 canvas_min=-8 canvas_nonzero_ratio=0.007663 canvas_std=0.431 final_norm=12.03 residual_alpha=0.5 shape_norm=13.17 source_delta_norm=5.947 source_delta_ratio=0.5092
2026-07-30 05:13:59,357 - portable_sam_fusion - INFO - [DEBUG-GATE] epoch=9 step=2600 shape_dense_alpha_max=0.5 shape_dense_alpha_mean=0.5 shape_dense_alpha_min=0.5
2026-07-30 05:13:59,357 - portable_sam_fusion - INFO - [DEBUG-JITTER] epoch=9 step=2600 area_ratio_count=64 area_ratio_mean=1 area_ratio_sum=64 fallback_count=0 mean_iou=1 num_jittered=0 num_rois=64
2026-07-30 05:13:59,357 - portable_sam_fusion - INFO - [DEBUG-SP] epoch=9 step=2600 all_invalid_count=0 all_invalid_ratio=0 empty_count=0 empty_ratio=0 full_count=0 full_ratio=0 mean_point_distance=31.87 n1_gt_valid_count=64 n1_in_gt_bg=0.8438 n1_in_gt_bg_count=54 n1_valid_count=64 n1_valid_ratio=1 n2_gt_valid_count=64 n2_in_gt_bg=1 n2_in_gt_bg_count=64 n2_valid_count=64 n2_valid_ratio=1 neg_in_pred_bg=1 neg_in_pred_bg_count=128 negative_pair_count=64 negative_pair_distance_sum=3125 p1_gt_valid_count=64 p1_in_gt_fg=1 p1_in_gt_fg_count=64 p1_valid_count=64 p1_valid_ratio=1 p2_gt_valid_count=64 p2_in_gt_fg=1 p2_in_gt_fg_count=64 p2_valid_count=64 p2_valid_ratio=1 point_distance_sum=4079 point_overlap_count=0 point_overlap_ratio=0 point_pair_count=128 pos_in_pred_fg=1 pos_in_pred_fg_count=128 positive_pair_count=64 positive_pair_distance_sum=953.7 roi_count=64 valid_neg_count=128 valid_pos_count=128 warmup_stage=2
2026-07-30 05:15:09,694 - portable_sam_fusion - INFO - Epoch 9 detailed losses: loss_rpn_cls=0.0240, loss_rpn_bbox=0.0090, loss_cls=0.2330, acc=90.6051, loss_bbox=0.1087, loss_mask=0.0018, debug_mask_pos_rois=54.3673, debug_mask_logit_mean=-14.7189, debug_mask_logit_std=2.9401, debug_mask_prob_mean=0.0048, debug_mask_prob_ge05=0.0047, debug_mask_target_fill=0.0048, loss_shape_prior=0.0256, schedule/det_weight=1.0000
2026-07-30 05:15:09,694 - portable_sam_fusion - INFO - Epoch 9 dense residual monitor: alpha=0.500000 source_delta_norm=6.6114 applied_delta_norm=3.3057 source_delta_ratio=0.566125 applied_delta_ratio=0.283062
2026-07-30 05:15:09,694 - portable_sam_fusion - INFO - Epoch 9 primary loss shares: det=93.18% final_mask=0.45% shape=6.38% p2_boundary=0.00%
2026-07-30 05:15:09,694 - portable_sam_fusion - INFO - Epoch 9 schedule: det_loss_weight=1.000 early_stop_start=20 min_delta=0.0005
2026-07-30 05:15:09,694 - portable_sam_fusion - INFO - Epoch 9 learning rates: sat_backbone=4.88e-04, mask_decoder=4.88e-04, prompt_encoder=4.88e-04, shape_prior=4.88e-04, quality_head=4.88e-04, sat_other=4.88e-04
2026-07-30 05:18:58,464 - portable_sam_fusion - INFO - Validation samples: GT=15926, DT=23306, avg_masks_per_image=37.17, avg_mask_fill=0.0049
creating index...
index created!
Loading and preparing results...
DONE (t=0.03s)
creating index...
index created!
Running per image evaluation...
Evaluate annotation type *bbox*
DONE (t=12.67s).
Accumulating evaluation results...
DONE (t=0.24s).
 Average Precision  (AP) @[ IoU=0.50:0.95 | area=   all | maxDets=100 ] = 0.647
 Average Precision  (AP) @[ IoU=0.50      | area=   all | maxDets=100 ] = 0.898
 Average Precision  (AP) @[ IoU=0.75      | area=   all | maxDets=100 ] = 0.786
 Average Precision  (AP) @[ IoU=0.50:0.95 | area= small | maxDets=100 ] = 0.279
 Average Precision  (AP) @[ IoU=0.50:0.95 | area=medium | maxDets=100 ] = 0.699
 Average Precision  (AP) @[ IoU=0.50:0.95 | area= large | maxDets=100 ] = 0.694
 Average Recall     (AR) @[ IoU=0.50:0.95 | area=   all | maxDets=  1 ] = 0.024
 Average Recall     (AR) @[ IoU=0.50:0.95 | area=   all | maxDets= 10 ] = 0.179
 Average Recall     (AR) @[ IoU=0.50:0.95 | area=   all | maxDets=100 ] = 0.707
 Average Recall     (AR) @[ IoU=0.50:0.95 | area= small | maxDets=100 ] = 0.452
 Average Recall     (AR) @[ IoU=0.50:0.95 | area=medium | maxDets=100 ] = 0.749
 Average Recall     (AR) @[ IoU=0.50:0.95 | area= large | maxDets=100 ] = 0.752
2026-07-30 05:19:11,619 - portable_sam_fusion - INFO - Validation bbox/mAP: 0.6473 bbox/mAP_75: 0.7863
Running per image evaluation...
Evaluate annotation type *segm*
DONE (t=12.75s).
Accumulating evaluation results...
DONE (t=0.23s).
 Average Precision  (AP) @[ IoU=0.50:0.95 | area=   all | maxDets=100 ] = 0.445
 Average Precision  (AP) @[ IoU=0.50      | area=   all | maxDets=100 ] = 0.843
 Average Precision  (AP) @[ IoU=0.75      | area=   all | maxDets=100 ] = 0.474
 Average Precision  (AP) @[ IoU=0.50:0.95 | area= small | maxDets=100 ] = 0.049
 Average Precision  (AP) @[ IoU=0.50:0.95 | area=medium | maxDets=100 ] = 0.461
 Average Precision  (AP) @[ IoU=0.50:0.95 | area= large | maxDets=100 ] = 0.636
 Average Recall     (AR) @[ IoU=0.50:0.95 | area=   all | maxDets=  1 ] = 0.021
 Average Recall     (AR) @[ IoU=0.50:0.95 | area=   all | maxDets= 10 ] = 0.144
 Average Recall     (AR) @[ IoU=0.50:0.95 | area=   all | maxDets=100 ] = 0.490
 Average Recall     (AR) @[ IoU=0.50:0.95 | area= small | maxDets=100 ] = 0.107
 Average Recall     (AR) @[ IoU=0.50:0.95 | area=medium | maxDets=100 ] = 0.503
 Average Recall     (AR) @[ IoU=0.50:0.95 | area= large | maxDets=100 ] = 0.690
2026-07-30 05:19:24,638 - portable_sam_fusion - INFO - Validation segm/mAP: 0.4446
2026-07-30 05:19:25,224 - portable_sam_fusion - INFO - New best bbox/mAP: 0.6473
2026-07-30 05:19:25,224 - portable_sam_fusion - INFO - New best early-stop metric (segm/mAP): raw=0.4446 smooth(5)=0.4362
2026-07-30 05:19:27,791 - portable_sam_fusion - INFO - Saved best_bbox_model with bbox/mAP: 0.6473
2026-07-30 05:19:33,139 - portable_sam_fusion - INFO - Epoch 9/80 | train=0.402048 val=disabled segm/mAP=0.4446 bbox/mAP=0.6473 | best_segm=0.4473 best_bbox=0.6473 best_comp=0.0000 | sat_backbone=4.88e-04 mask_decoder=4.88e-04 prompt_encoder=4.88e-04 shape_prior=4.88e-04 quality_head=4.88e-04 sat_other=4.88e-04
2026-07-30 05:19:38,984 - portable_sam_fusion - INFO - [DEBUG-BOX] epoch=10 step=2650 fallback_count=0 fallback_ratio=0 num_rois=64 refined_proposal_iou=0 refined_proposal_iou_sum=0 refined_valid_count=0
2026-07-30 05:19:38,984 - portable_sam_fusion - INFO - [DEBUG-COARSE] epoch=10 step=2650 bce_raw=0.1562 boundary_fn=2911 boundary_fp=2241 boundary_tp=2.363e+04 dice=0.07841 dice_loss_raw=0.07841 iou=0.8561 loss_weight=0.1 raw_boundary_fn=2911 raw_boundary_fp=2241 raw_boundary_tp=2.363e+04 raw_dice_score=0.9216 raw_iou=0.8561 weighted_loss=0.02346
2026-07-30 05:19:38,984 - portable_sam_fusion - INFO - [DEBUG-CONTEXT] epoch=10 step=2650 enabled=0
2026-07-30 05:19:38,984 - portable_sam_fusion - INFO - [DEBUG-DENSE] epoch=10 step=2650 applied_delta_norm=3.025 applied_delta_ratio=0.2591 base_norm=11.68 canvas_max=8 canvas_mean=0.00388 canvas_min=-8 canvas_nonzero_ratio=0.00754 canvas_std=0.442 final_norm=12.03 residual_alpha=0.5 shape_norm=13.18 source_delta_norm=6.051 source_delta_ratio=0.5181
2026-07-30 05:19:38,984 - portable_sam_fusion - INFO - [DEBUG-GATE] epoch=10 step=2650 shape_dense_alpha_max=0.5 shape_dense_alpha_mean=0.5 shape_dense_alpha_min=0.5
2026-07-30 05:19:38,985 - portable_sam_fusion - INFO - [DEBUG-JITTER] epoch=10 step=2650 area_ratio_count=64 area_ratio_mean=1 area_ratio_sum=64 fallback_count=0 mean_iou=1 num_jittered=0 num_rois=64
2026-07-30 05:19:38,985 - portable_sam_fusion - INFO - [DEBUG-SP] epoch=10 step=2650 all_invalid_count=0 all_invalid_ratio=0 empty_count=0 empty_ratio=0 full_count=0 full_ratio=0 mean_point_distance=30.64 n1_gt_valid_count=64 n1_in_gt_bg=0.8594 n1_in_gt_bg_count=55 n1_valid_count=64 n1_valid_ratio=1 n2_gt_valid_count=64 n2_in_gt_bg=1 n2_in_gt_bg_count=64 n2_valid_count=64 n2_valid_ratio=1 neg_in_pred_bg=1 neg_in_pred_bg_count=128 negative_pair_count=64 negative_pair_distance_sum=2875 p1_gt_valid_count=64 p1_in_gt_fg=1 p1_in_gt_fg_count=64 p1_valid_count=64 p1_valid_ratio=1 p2_gt_valid_count=64 p2_in_gt_fg=1 p2_in_gt_fg_count=64 p2_valid_count=64 p2_valid_ratio=1 point_distance_sum=3922 point_overlap_count=0 point_overlap_ratio=0 point_pair_count=128 pos_in_pred_fg=1 pos_in_pred_fg_count=128 positive_pair_count=64 positive_pair_distance_sum=1047 roi_count=64 valid_neg_count=128 valid_pos_count=128 warmup_stage=2
2026-07-30 05:20:43,416 - portable_sam_fusion - INFO - [DEBUG-BOX] epoch=10 step=2700 fallback_count=0 fallback_ratio=0 num_rois=64 refined_proposal_iou=0 refined_proposal_iou_sum=0 refined_valid_count=0
2026-07-30 05:20:43,416 - portable_sam_fusion - INFO - [DEBUG-COARSE] epoch=10 step=2700 bce_raw=0.2251 boundary_fn=4164 boundary_fp=3973 boundary_tp=2.26e+04 dice=0.09278 dice_loss_raw=0.09278 iou=0.833 loss_weight=0.1 raw_boundary_fn=4164 raw_boundary_fp=3973 raw_boundary_tp=2.26e+04 raw_dice_score=0.9072 raw_iou=0.833 weighted_loss=0.03179
2026-07-30 05:20:43,417 - portable_sam_fusion - INFO - [DEBUG-CONTEXT] epoch=10 step=2700 enabled=0
2026-07-30 05:20:43,417 - portable_sam_fusion - INFO - [DEBUG-DENSE] epoch=10 step=2700 applied_delta_norm=2.38 applied_delta_ratio=0.2038 base_norm=11.68 canvas_max=8 canvas_mean=0.00441 canvas_min=-8 canvas_nonzero_ratio=0.004919 canvas_std=0.3522 final_norm=11.89 residual_alpha=0.5 shape_norm=12.6 source_delta_norm=4.759 source_delta_ratio=0.4075
2026-07-30 05:20:43,417 - portable_sam_fusion - INFO - [DEBUG-GATE] epoch=10 step=2700 shape_dense_alpha_max=0.5 shape_dense_alpha_mean=0.5 shape_dense_alpha_min=0.5
2026-07-30 05:20:43,417 - portable_sam_fusion - INFO - [DEBUG-JITTER] epoch=10 step=2700 area_ratio_count=64 area_ratio_mean=1 area_ratio_sum=64 fallback_count=0 mean_iou=1 num_jittered=0 num_rois=64
2026-07-30 05:20:43,417 - portable_sam_fusion - INFO - [DEBUG-SP] epoch=10 step=2700 all_invalid_count=0 all_invalid_ratio=0 empty_count=0 empty_ratio=0 full_count=0 full_ratio=0 mean_point_distance=26.01 n1_gt_valid_count=64 n1_in_gt_bg=0.7031 n1_in_gt_bg_count=45 n1_valid_count=64 n1_valid_ratio=1 n2_gt_valid_count=64 n2_in_gt_bg=0.9844 n2_in_gt_bg_count=63 n2_valid_count=64 n2_valid_ratio=1 neg_in_pred_bg=1 neg_in_pred_bg_count=128 negative_pair_count=64 negative_pair_distance_sum=2456 p1_gt_valid_count=64 p1_in_gt_fg=1 p1_in_gt_fg_count=64 p1_valid_count=64 p1_valid_ratio=1 p2_gt_valid_count=64 p2_in_gt_fg=1 p2_in_gt_fg_count=64 p2_valid_count=64 p2_valid_ratio=1 point_distance_sum=3330 point_overlap_count=0 point_overlap_ratio=0 point_pair_count=128 pos_in_pred_fg=1 pos_in_pred_fg_count=128 positive_pair_count=64 positive_pair_distance_sum=873.5 roi_count=64 valid_neg_count=128 valid_pos_count=128 warmup_stage=2
2026-07-30 05:21:53,218 - portable_sam_fusion - INFO - [DEBUG-BOX] epoch=10 step=2750 fallback_count=0 fallback_ratio=0 num_rois=64 refined_proposal_iou=0 refined_proposal_iou_sum=0 refined_valid_count=0
2026-07-30 05:21:53,218 - portable_sam_fusion - INFO - [DEBUG-COARSE] epoch=10 step=2750 bce_raw=0.1823 boundary_fn=3334 boundary_fp=3191 boundary_tp=2.43e+04 dice=0.09759 dice_loss_raw=0.09759 iou=0.8256 loss_weight=0.1 raw_boundary_fn=3334 raw_boundary_fp=3191 raw_boundary_tp=2.43e+04 raw_dice_score=0.9024 raw_iou=0.8256 weighted_loss=0.02799
2026-07-30 05:21:53,218 - portable_sam_fusion - INFO - [DEBUG-CONTEXT] epoch=10 step=2750 enabled=0
2026-07-30 05:21:53,218 - portable_sam_fusion - INFO - [DEBUG-DENSE] epoch=10 step=2750 applied_delta_norm=2.49 applied_delta_ratio=0.2132 base_norm=11.68 canvas_max=8 canvas_mean=-0.00391 canvas_min=-8 canvas_nonzero_ratio=0.005836 canvas_std=0.4244 final_norm=11.91 residual_alpha=0.5 shape_norm=12.72 source_delta_norm=4.98 source_delta_ratio=0.4264
2026-07-30 05:21:53,218 - portable_sam_fusion - INFO - [DEBUG-GATE] epoch=10 step=2750 shape_dense_alpha_max=0.5 shape_dense_alpha_mean=0.5 shape_dense_alpha_min=0.5
2026-07-30 05:21:53,218 - portable_sam_fusion - INFO - [DEBUG-JITTER] epoch=10 step=2750 area_ratio_count=64 area_ratio_mean=1 area_ratio_sum=64 fallback_count=0 mean_iou=1 num_jittered=0 num_rois=64
2026-07-30 05:21:53,218 - portable_sam_fusion - INFO - [DEBUG-SP] epoch=10 step=2750 all_invalid_count=0 all_invalid_ratio=0 empty_count=0 empty_ratio=0 full_count=0 full_ratio=0 mean_point_distance=25.53 n1_gt_valid_count=64 n1_in_gt_bg=0.875 n1_in_gt_bg_count=56 n1_valid_count=64 n1_valid_ratio=1 n2_gt_valid_count=64 n2_in_gt_bg=1 n2_in_gt_bg_count=64 n2_valid_count=64 n2_valid_ratio=1 neg_in_pred_bg=1 neg_in_pred_bg_count=128 negative_pair_count=64 negative_pair_distance_sum=2379 p1_gt_valid_count=64 p1_in_gt_fg=1 p1_in_gt_fg_count=64 p1_valid_count=64 p1_valid_ratio=1 p2_gt_valid_count=64 p2_in_gt_fg=1 p2_in_gt_fg_count=64 p2_valid_count=64 p2_valid_ratio=1 point_distance_sum=3268 point_overlap_count=0 point_overlap_ratio=0 point_pair_count=128 pos_in_pred_fg=1 pos_in_pred_fg_count=128 positive_pair_count=64 positive_pair_distance_sum=889.7 roi_count=64 valid_neg_count=128 valid_pos_count=128 warmup_stage=2
2026-07-30 05:22:36,500 - portable_sam_fusion - INFO - epoch 10 | mini-batch 136/294 | optimizer_step 700/5920 | lr=4.870e-04
2026-07-30 05:23:00,992 - portable_sam_fusion - INFO - [DEBUG-BOX] epoch=10 step=2800 fallback_count=0 fallback_ratio=0 num_rois=64 refined_proposal_iou=0 refined_proposal_iou_sum=0 refined_valid_count=0
2026-07-30 05:23:00,992 - portable_sam_fusion - INFO - [DEBUG-COARSE] epoch=10 step=2800 bce_raw=0.1694 boundary_fn=3569 boundary_fp=3314 boundary_tp=2.363e+04 dice=0.09983 dice_loss_raw=0.09983 iou=0.8215 loss_weight=0.1 raw_boundary_fn=3569 raw_boundary_fp=3314 raw_boundary_tp=2.363e+04 raw_dice_score=0.9002 raw_iou=0.8215 weighted_loss=0.02692
2026-07-30 05:23:00,992 - portable_sam_fusion - INFO - [DEBUG-CONTEXT] epoch=10 step=2800 enabled=0
2026-07-30 05:23:00,992 - portable_sam_fusion - INFO - [DEBUG-DENSE] epoch=10 step=2800 applied_delta_norm=2.983 applied_delta_ratio=0.2554 base_norm=11.68 canvas_max=8 canvas_mean=-0.002449 canvas_min=-8 canvas_nonzero_ratio=0.01023 canvas_std=0.4746 final_norm=12.12 residual_alpha=0.5 shape_norm=13.39 source_delta_norm=5.965 source_delta_ratio=0.5108
2026-07-30 05:23:00,992 - portable_sam_fusion - INFO - [DEBUG-GATE] epoch=10 step=2800 shape_dense_alpha_max=0.5 shape_dense_alpha_mean=0.5 shape_dense_alpha_min=0.5
2026-07-30 05:23:00,993 - portable_sam_fusion - INFO - [DEBUG-JITTER] epoch=10 step=2800 area_ratio_count=64 area_ratio_mean=1 area_ratio_sum=64 fallback_count=0 mean_iou=1 num_jittered=0 num_rois=64
2026-07-30 05:23:00,993 - portable_sam_fusion - INFO - [DEBUG-SP] epoch=10 step=2800 all_invalid_count=0 all_invalid_ratio=0 empty_count=0 empty_ratio=0 full_count=0 full_ratio=0 mean_point_distance=33.34 n1_gt_valid_count=64 n1_in_gt_bg=0.9062 n1_in_gt_bg_count=58 n1_valid_count=64 n1_valid_ratio=1 n2_gt_valid_count=64 n2_in_gt_bg=0.9844 n2_in_gt_bg_count=63 n2_valid_count=64 n2_valid_ratio=1 neg_in_pred_bg=1 neg_in_pred_bg_count=128 negative_pair_count=64 negative_pair_distance_sum=3330 p1_gt_valid_count=64 p1_in_gt_fg=1 p1_in_gt_fg_count=64 p1_valid_count=64 p1_valid_ratio=1 p2_gt_valid_count=64 p2_in_gt_fg=1 p2_in_gt_fg_count=64 p2_valid_count=64 p2_valid_ratio=1 point_distance_sum=4267 point_overlap_count=0 point_overlap_ratio=0 point_pair_count=128 pos_in_pred_fg=1 pos_in_pred_fg_count=128 positive_pair_count=64 positive_pair_distance_sum=936.5 roi_count=64 valid_neg_count=128 valid_pos_count=128 warmup_stage=2
2026-07-30 05:24:10,846 - portable_sam_fusion - INFO - [DEBUG-BOX] epoch=10 step=2850 fallback_count=0 fallback_ratio=0 num_rois=64 refined_proposal_iou=0 refined_proposal_iou_sum=0 refined_valid_count=0
2026-07-30 05:24:10,847 - portable_sam_fusion - INFO - [DEBUG-COARSE] epoch=10 step=2850 bce_raw=0.2183 boundary_fn=5623 boundary_fp=3958 boundary_tp=2.104e+04 dice=0.1182 dice_loss_raw=0.1182 iou=0.791 loss_weight=0.1 raw_boundary_fn=5623 raw_boundary_fp=3958 raw_boundary_tp=2.104e+04 raw_dice_score=0.8818 raw_iou=0.791 weighted_loss=0.03365
2026-07-30 05:24:10,847 - portable_sam_fusion - INFO - [DEBUG-CONTEXT] epoch=10 step=2850 enabled=0
2026-07-30 05:24:10,847 - portable_sam_fusion - INFO - [DEBUG-DENSE] epoch=10 step=2850 applied_delta_norm=2.713 applied_delta_ratio=0.2323 base_norm=11.68 canvas_max=8 canvas_mean=-0.002198 canvas_min=-8 canvas_nonzero_ratio=0.006824 canvas_std=0.439 final_norm=11.97 residual_alpha=0.5 shape_norm=12.95 source_delta_norm=5.426 source_delta_ratio=0.4646
2026-07-30 05:24:10,847 - portable_sam_fusion - INFO - [DEBUG-GATE] epoch=10 step=2850 shape_dense_alpha_max=0.5 shape_dense_alpha_mean=0.5 shape_dense_alpha_min=0.5
2026-07-30 05:24:10,847 - portable_sam_fusion - INFO - [DEBUG-JITTER] epoch=10 step=2850 area_ratio_count=64 area_ratio_mean=1 area_ratio_sum=64 fallback_count=0 mean_iou=1 num_jittered=0 num_rois=64
2026-07-30 05:24:10,847 - portable_sam_fusion - INFO - [DEBUG-SP] epoch=10 step=2850 all_invalid_count=0 all_invalid_ratio=0 empty_count=0 empty_ratio=0 full_count=0 full_ratio=0 mean_point_distance=26.4 n1_gt_valid_count=64 n1_in_gt_bg=0.7969 n1_in_gt_bg_count=51 n1_valid_count=64 n1_valid_ratio=1 n2_gt_valid_count=64 n2_in_gt_bg=1 n2_in_gt_bg_count=64 n2_valid_count=64 n2_valid_ratio=1 neg_in_pred_bg=1 neg_in_pred_bg_count=128 negative_pair_count=64 negative_pair_distance_sum=2640 p1_gt_valid_count=64 p1_in_gt_fg=1 p1_in_gt_fg_count=64 p1_valid_count=64 p1_valid_ratio=1 p2_gt_valid_count=64 p2_in_gt_fg=1 p2_in_gt_fg_count=64 p2_valid_count=64 p2_valid_ratio=1 point_distance_sum=3379 point_overlap_count=0 point_overlap_ratio=0 point_pair_count=128 pos_in_pred_fg=1 pos_in_pred_fg_count=128 positive_pair_count=64 positive_pair_distance_sum=738.9 roi_count=64 valid_neg_count=128 valid_pos_count=128 warmup_stage=2
2026-07-30 05:25:18,128 - portable_sam_fusion - INFO - [DEBUG-BOX] epoch=10 step=2900 fallback_count=0 fallback_ratio=0 num_rois=64 refined_proposal_iou=0 refined_proposal_iou_sum=0 refined_valid_count=0
2026-07-30 05:25:18,128 - portable_sam_fusion - INFO - [DEBUG-COARSE] epoch=10 step=2900 bce_raw=0.2688 boundary_fn=5003 boundary_fp=5146 boundary_tp=2.21e+04 dice=0.1028 dice_loss_raw=0.1028 iou=0.8171 loss_weight=0.1 raw_boundary_fn=5003 raw_boundary_fp=5146 raw_boundary_tp=2.21e+04 raw_dice_score=0.8972 raw_iou=0.8171 weighted_loss=0.03715
2026-07-30 05:25:18,128 - portable_sam_fusion - INFO - [DEBUG-CONTEXT] epoch=10 step=2900 enabled=0
2026-07-30 05:25:18,128 - portable_sam_fusion - INFO - [DEBUG-DENSE] epoch=10 step=2900 applied_delta_norm=3.394 applied_delta_ratio=0.2906 base_norm=11.68 canvas_max=8 canvas_mean=0.004676 canvas_min=-8 canvas_nonzero_ratio=0.009717 canvas_std=0.5018 final_norm=12.14 residual_alpha=0.5 shape_norm=13.61 source_delta_norm=6.788 source_delta_ratio=0.5812
2026-07-30 05:25:18,128 - portable_sam_fusion - INFO - [DEBUG-GATE] epoch=10 step=2900 shape_dense_alpha_max=0.5 shape_dense_alpha_mean=0.5 shape_dense_alpha_min=0.5
2026-07-30 05:25:18,128 - portable_sam_fusion - INFO - [DEBUG-JITTER] epoch=10 step=2900 area_ratio_count=64 area_ratio_mean=1 area_ratio_sum=64 fallback_count=0 mean_iou=1 num_jittered=0 num_rois=64
2026-07-30 05:25:18,129 - portable_sam_fusion - INFO - [DEBUG-SP] epoch=10 step=2900 all_invalid_count=0 all_invalid_ratio=0 empty_count=0 empty_ratio=0 full_count=0 full_ratio=0 mean_point_distance=43.46 n1_gt_valid_count=64 n1_in_gt_bg=0.7031 n1_in_gt_bg_count=45 n1_valid_count=64 n1_valid_ratio=1 n2_gt_valid_count=64 n2_in_gt_bg=0.9844 n2_in_gt_bg_count=63 n2_valid_count=64 n2_valid_ratio=1 neg_in_pred_bg=1 neg_in_pred_bg_count=128 negative_pair_count=64 negative_pair_distance_sum=4038 p1_gt_valid_count=64 p1_in_gt_fg=1 p1_in_gt_fg_count=64 p1_valid_count=64 p1_valid_ratio=1 p2_gt_valid_count=64 p2_in_gt_fg=0.9844 p2_in_gt_fg_count=63 p2_valid_count=64 p2_valid_ratio=1 point_distance_sum=5563 point_overlap_count=0 point_overlap_ratio=0 point_pair_count=128 pos_in_pred_fg=1 pos_in_pred_fg_count=128 positive_pair_count=64 positive_pair_distance_sum=1525 roi_count=64 valid_neg_count=128 valid_pos_count=128 warmup_stage=2
2026-07-30 05:26:09,287 - portable_sam_fusion - INFO - Epoch 10 detailed losses: loss_rpn_cls=0.0233, loss_rpn_bbox=0.0085, loss_cls=0.2296, acc=90.6164, loss_bbox=0.1035, loss_mask=0.0019, debug_mask_pos_rois=54.2313, debug_mask_logit_mean=-15.0853, debug_mask_logit_std=3.0800, debug_mask_prob_mean=0.0049, debug_mask_prob_ge05=0.0049, debug_mask_target_fill=0.0049, loss_shape_prior=0.0247, schedule/det_weight=1.0000
2026-07-30 05:26:09,287 - portable_sam_fusion - INFO - Epoch 10 dense residual monitor: alpha=0.500000 source_delta_norm=6.6069 applied_delta_norm=3.3034 source_delta_ratio=0.565736 applied_delta_ratio=0.282868
2026-07-30 05:26:09,287 - portable_sam_fusion - INFO - Epoch 10 primary loss shares: det=93.22% final_mask=0.48% shape=6.30% p2_boundary=0.00%
2026-07-30 05:26:09,287 - portable_sam_fusion - INFO - Epoch 10 schedule: det_loss_weight=1.000 early_stop_start=20 min_delta=0.0005
2026-07-30 05:26:09,287 - portable_sam_fusion - INFO - Epoch 10 learning rates: sat_backbone=4.85e-04, mask_decoder=4.85e-04, prompt_encoder=4.85e-04, shape_prior=4.85e-04, quality_head=4.85e-04, sat_other=4.85e-04
2026-07-30 05:30:05,094 - portable_sam_fusion - INFO - Validation samples: GT=15926, DT=25216, avg_masks_per_image=40.22, avg_mask_fill=0.0050
creating index...
index created!
Loading and preparing results...
DONE (t=0.03s)
creating index...
index created!
Running per image evaluation...
Evaluate annotation type *bbox*
DONE (t=12.24s).
Accumulating evaluation results...
DONE (t=0.23s).
 Average Precision  (AP) @[ IoU=0.50:0.95 | area=   all | maxDets=100 ] = 0.646
 Average Precision  (AP) @[ IoU=0.50      | area=   all | maxDets=100 ] = 0.892
 Average Precision  (AP) @[ IoU=0.75      | area=   all | maxDets=100 ] = 0.778
 Average Precision  (AP) @[ IoU=0.50:0.95 | area= small | maxDets=100 ] = 0.234
 Average Precision  (AP) @[ IoU=0.50:0.95 | area=medium | maxDets=100 ] = 0.698
 Average Precision  (AP) @[ IoU=0.50:0.95 | area= large | maxDets=100 ] = 0.709
 Average Recall     (AR) @[ IoU=0.50:0.95 | area=   all | maxDets=  1 ] = 0.025
 Average Recall     (AR) @[ IoU=0.50:0.95 | area=   all | maxDets= 10 ] = 0.179
 Average Recall     (AR) @[ IoU=0.50:0.95 | area=   all | maxDets=100 ] = 0.708
 Average Recall     (AR) @[ IoU=0.50:0.95 | area= small | maxDets=100 ] = 0.391
 Average Recall     (AR) @[ IoU=0.50:0.95 | area=medium | maxDets=100 ] = 0.761
 Average Recall     (AR) @[ IoU=0.50:0.95 | area= large | maxDets=100 ] = 0.762
2026-07-30 05:30:17,804 - portable_sam_fusion - INFO - Validation bbox/mAP: 0.6463 bbox/mAP_75: 0.7777
Running per image evaluation...
Evaluate annotation type *segm*
DONE (t=12.99s).
Accumulating evaluation results...
DONE (t=0.24s).
 Average Precision  (AP) @[ IoU=0.50:0.95 | area=   all | maxDets=100 ] = 0.462
 Average Precision  (AP) @[ IoU=0.50      | area=   all | maxDets=100 ] = 0.856
 Average Precision  (AP) @[ IoU=0.75      | area=   all | maxDets=100 ] = 0.505
 Average Precision  (AP) @[ IoU=0.50:0.95 | area= small | maxDets=100 ] = 0.057
 Average Precision  (AP) @[ IoU=0.50:0.95 | area=medium | maxDets=100 ] = 0.479
 Average Precision  (AP) @[ IoU=0.50:0.95 | area= large | maxDets=100 ] = 0.645
 Average Recall     (AR) @[ IoU=0.50:0.95 | area=   all | maxDets=  1 ] = 0.021
 Average Recall     (AR) @[ IoU=0.50:0.95 | area=   all | maxDets= 10 ] = 0.146
 Average Recall     (AR) @[ IoU=0.50:0.95 | area=   all | maxDets=100 ] = 0.506
 Average Recall     (AR) @[ IoU=0.50:0.95 | area= small | maxDets=100 ] = 0.120
 Average Recall     (AR) @[ IoU=0.50:0.95 | area=medium | maxDets=100 ] = 0.525
 Average Recall     (AR) @[ IoU=0.50:0.95 | area= large | maxDets=100 ] = 0.695
2026-07-30 05:30:31,077 - portable_sam_fusion - INFO - Validation segm/mAP: 0.4620
2026-07-30 05:30:31,673 - portable_sam_fusion - INFO - New best segm/mAP: 0.4620
2026-07-30 05:30:31,674 - portable_sam_fusion - INFO - New best early-stop metric (segm/mAP): raw=0.4620 smooth(5)=0.4431
2026-07-30 05:30:34,284 - portable_sam_fusion - INFO - Saved best_model with segm/mAP: 0.4620
2026-07-30 05:30:39,808 - portable_sam_fusion - INFO - Epoch 10/80 | train=0.391431 val=disabled segm/mAP=0.4620 bbox/mAP=0.6463 | best_segm=0.4620 best_bbox=0.6473 best_comp=0.0000 | sat_backbone=4.85e-04 mask_decoder=4.85e-04 prompt_encoder=4.85e-04 shape_prior=4.85e-04 quality_head=4.85e-04 sat_other=4.85e-04
2026-07-30 05:30:55,728 - portable_sam_fusion - INFO - [DEBUG-BOX] epoch=11 step=2950 fallback_count=0 fallback_ratio=0 num_rois=64 refined_proposal_iou=0 refined_proposal_iou_sum=0 refined_valid_count=0
2026-07-30 05:30:55,729 - portable_sam_fusion - INFO - [DEBUG-COARSE] epoch=11 step=2950 bce_raw=0.1658 boundary_fn=2493 boundary_fp=2684 boundary_tp=2.399e+04 dice=0.07756 dice_loss_raw=0.07756 iou=0.8594 loss_weight=0.1 raw_boundary_fn=2493 raw_boundary_fp=2684 raw_boundary_tp=2.399e+04 raw_dice_score=0.9224 raw_iou=0.8594 weighted_loss=0.02433
2026-07-30 05:30:55,729 - portable_sam_fusion - INFO - [DEBUG-CONTEXT] epoch=11 step=2950 enabled=0
2026-07-30 05:30:55,729 - portable_sam_fusion - INFO - [DEBUG-DENSE] epoch=11 step=2950 applied_delta_norm=2.343 applied_delta_ratio=0.2006 base_norm=11.68 canvas_max=8 canvas_mean=0.006893 canvas_min=-8 canvas_nonzero_ratio=0.004617 canvas_std=0.378 final_norm=11.89 residual_alpha=0.5 shape_norm=12.61 source_delta_norm=4.686 source_delta_ratio=0.4012
2026-07-30 05:30:55,729 - portable_sam_fusion - INFO - [DEBUG-GATE] epoch=11 step=2950 shape_dense_alpha_max=0.5 shape_dense_alpha_mean=0.5 shape_dense_alpha_min=0.5
2026-07-30 05:30:55,729 - portable_sam_fusion - INFO - [DEBUG-JITTER] epoch=11 step=2950 area_ratio_count=64 area_ratio_mean=1 area_ratio_sum=64 fallback_count=0 mean_iou=1 num_jittered=0 num_rois=64
2026-07-30 05:30:55,729 - portable_sam_fusion - INFO - [DEBUG-SP] epoch=11 step=2950 all_invalid_count=0 all_invalid_ratio=0 empty_count=0 empty_ratio=0 full_count=0 full_ratio=0 mean_point_distance=27.26 n1_gt_valid_count=64 n1_in_gt_bg=0.9062 n1_in_gt_bg_count=58 n1_valid_count=64 n1_valid_ratio=1 n2_gt_valid_count=64 n2_in_gt_bg=1 n2_in_gt_bg_count=64 n2_valid_count=64 n2_valid_ratio=1 neg_in_pred_bg=1 neg_in_pred_bg_count=128 negative_pair_count=64 negative_pair_distance_sum=2787 p1_gt_valid_count=64 p1_in_gt_fg=1 p1_in_gt_fg_count=64 p1_valid_count=64 p1_valid_ratio=1 p2_gt_valid_count=64 p2_in_gt_fg=1 p2_in_gt_fg_count=64 p2_valid_count=64 p2_valid_ratio=1 point_distance_sum=3489 point_overlap_count=0 point_overlap_ratio=0 point_pair_count=128 pos_in_pred_fg=1 pos_in_pred_fg_count=128 positive_pair_count=64 positive_pair_distance_sum=702.7 roi_count=64 valid_neg_count=128 valid_pos_count=128 warmup_stage=2
2026-07-30 05:31:35,064 - portable_sam_fusion - INFO - epoch 11 | mini-batch 40/294 | optimizer_step 750/5920 | lr=4.848e-04
2026-07-30 05:32:02,778 - portable_sam_fusion - INFO - [DEBUG-BOX] epoch=11 step=3000 fallback_count=0 fallback_ratio=0 num_rois=64 refined_proposal_iou=0 refined_proposal_iou_sum=0 refined_valid_count=0
2026-07-30 05:32:02,779 - portable_sam_fusion - INFO - [DEBUG-COARSE] epoch=11 step=3000 bce_raw=0.1454 boundary_fn=2120 boundary_fp=2351 boundary_tp=2.461e+04 dice=0.07683 dice_loss_raw=0.07683 iou=0.8608 loss_weight=0.1 raw_boundary_fn=2120 raw_boundary_fp=2351 raw_boundary_tp=2.461e+04 raw_dice_score=0.9232 raw_iou=0.8608 weighted_loss=0.02222
2026-07-30 05:32:02,779 - portable_sam_fusion - INFO - [DEBUG-CONTEXT] epoch=11 step=3000 enabled=0
2026-07-30 05:32:02,779 - portable_sam_fusion - INFO - [DEBUG-DENSE] epoch=11 step=3000 applied_delta_norm=3.514 applied_delta_ratio=0.3009 base_norm=11.68 canvas_max=8 canvas_mean=0.004441 canvas_min=-8 canvas_nonzero_ratio=0.009185 canvas_std=0.4701 final_norm=12.12 residual_alpha=0.5 shape_norm=13.58 source_delta_norm=7.028 source_delta_ratio=0.6018
2026-07-30 05:32:02,779 - portable_sam_fusion - INFO - [DEBUG-GATE] epoch=11 step=3000 shape_dense_alpha_max=0.5 shape_dense_alpha_mean=0.5 shape_dense_alpha_min=0.5
2026-07-30 05:32:02,779 - portable_sam_fusion - INFO - [DEBUG-JITTER] epoch=11 step=3000 area_ratio_count=64 area_ratio_mean=1 area_ratio_sum=64 fallback_count=0 mean_iou=1 num_jittered=0 num_rois=64
2026-07-30 05:32:02,779 - portable_sam_fusion - INFO - [DEBUG-SP] epoch=11 step=3000 all_invalid_count=0 all_invalid_ratio=0 empty_count=0 empty_ratio=0 full_count=0 full_ratio=0 mean_point_distance=36.66 n1_gt_valid_count=64 n1_in_gt_bg=0.6875 n1_in_gt_bg_count=44 n1_valid_count=64 n1_valid_ratio=1 n2_gt_valid_count=64 n2_in_gt_bg=0.9844 n2_in_gt_bg_count=63 n2_valid_count=64 n2_valid_ratio=1 neg_in_pred_bg=1 neg_in_pred_bg_count=128 negative_pair_count=64 negative_pair_distance_sum=3582 p1_gt_valid_count=64 p1_in_gt_fg=1 p1_in_gt_fg_count=64 p1_valid_count=64 p1_valid_ratio=1 p2_gt_valid_count=64 p2_in_gt_fg=1 p2_in_gt_fg_count=64 p2_valid_count=64 p2_valid_ratio=1 point_distance_sum=4692 point_overlap_count=0 point_overlap_ratio=0 point_pair_count=128 pos_in_pred_fg=1 pos_in_pred_fg_count=128 positive_pair_count=64 positive_pair_distance_sum=1109 roi_count=64 valid_neg_count=128 valid_pos_count=128 warmup_stage=2
2026-07-30 05:33:11,116 - portable_sam_fusion - INFO - [DEBUG-BOX] epoch=11 step=3050 fallback_count=0 fallback_ratio=0 num_rois=64 refined_proposal_iou=0 refined_proposal_iou_sum=0 refined_valid_count=0
2026-07-30 05:33:11,116 - portable_sam_fusion - INFO - [DEBUG-COARSE] epoch=11 step=3050 bce_raw=0.146 boundary_fn=2315 boundary_fp=2334 boundary_tp=2.32e+04 dice=0.07199 dice_loss_raw=0.07199 iou=0.8686 loss_weight=0.1 raw_boundary_fn=2315 raw_boundary_fp=2334 raw_boundary_tp=2.32e+04 raw_dice_score=0.928 raw_iou=0.8686 weighted_loss=0.0218
2026-07-30 05:33:11,117 - portable_sam_fusion - INFO - [DEBUG-CONTEXT] epoch=11 step=3050 enabled=0
2026-07-30 05:33:11,117 - portable_sam_fusion - INFO - [DEBUG-DENSE] epoch=11 step=3050 applied_delta_norm=3.339 applied_delta_ratio=0.2859 base_norm=11.68 canvas_max=8 canvas_mean=0.006001 canvas_min=-8 canvas_nonzero_ratio=0.008803 canvas_std=0.5196 final_norm=12.09 residual_alpha=0.5 shape_norm=13.44 source_delta_norm=6.678 source_delta_ratio=0.5718
2026-07-30 05:33:11,117 - portable_sam_fusion - INFO - [DEBUG-GATE] epoch=11 step=3050 shape_dense_alpha_max=0.5 shape_dense_alpha_mean=0.5 shape_dense_alpha_min=0.5
2026-07-30 05:33:11,117 - portable_sam_fusion - INFO - [DEBUG-JITTER] epoch=11 step=3050 area_ratio_count=64 area_ratio_mean=1 area_ratio_sum=64 fallback_count=0 mean_iou=1 num_jittered=0 num_rois=64
2026-07-30 05:33:11,117 - portable_sam_fusion - INFO - [DEBUG-SP] epoch=11 step=3050 all_invalid_count=0 all_invalid_ratio=0 empty_count=0 empty_ratio=0 full_count=0 full_ratio=0 mean_point_distance=41.13 n1_gt_valid_count=64 n1_in_gt_bg=0.7344 n1_in_gt_bg_count=47 n1_valid_count=64 n1_valid_ratio=1 n2_gt_valid_count=64 n2_in_gt_bg=1 n2_in_gt_bg_count=64 n2_valid_count=64 n2_valid_ratio=1 neg_in_pred_bg=1 neg_in_pred_bg_count=128 negative_pair_count=64 negative_pair_distance_sum=3396 p1_gt_valid_count=64 p1_in_gt_fg=1 p1_in_gt_fg_count=64 p1_valid_count=64 p1_valid_ratio=1 p2_gt_valid_count=64 p2_in_gt_fg=1 p2_in_gt_fg_count=64 p2_valid_count=64 p2_valid_ratio=1 point_distance_sum=5265 point_overlap_count=0 point_overlap_ratio=0 point_pair_count=128 pos_in_pred_fg=1 pos_in_pred_fg_count=128 positive_pair_count=64 positive_pair_distance_sum=1869 roi_count=64 valid_neg_count=128 valid_pos_count=128 warmup_stage=2
2026-07-30 05:34:19,082 - portable_sam_fusion - INFO - [DEBUG-BOX] epoch=11 step=3100 fallback_count=0 fallback_ratio=0 num_rois=64 refined_proposal_iou=0 refined_proposal_iou_sum=0 refined_valid_count=0
2026-07-30 05:34:19,082 - portable_sam_fusion - INFO - [DEBUG-COARSE] epoch=11 step=3100 bce_raw=0.1967 boundary_fn=3119 boundary_fp=4450 boundary_tp=2.445e+04 dice=0.1139 dice_loss_raw=0.1139 iou=0.8054 loss_weight=0.1 raw_boundary_fn=3119 raw_boundary_fp=4450 raw_boundary_tp=2.445e+04 raw_dice_score=0.8861 raw_iou=0.8054 weighted_loss=0.03106
2026-07-30 05:34:19,082 - portable_sam_fusion - INFO - [DEBUG-CONTEXT] epoch=11 step=3100 enabled=0
2026-07-30 05:34:19,082 - portable_sam_fusion - INFO - [DEBUG-DENSE] epoch=11 step=3100 applied_delta_norm=3.217 applied_delta_ratio=0.2755 base_norm=11.68 canvas_max=8 canvas_mean=-0.003154 canvas_min=-8 canvas_nonzero_ratio=0.009643 canvas_std=0.4623 final_norm=12.09 residual_alpha=0.5 shape_norm=13.42 source_delta_norm=6.434 source_delta_ratio=0.551
2026-07-30 05:34:19,082 - portable_sam_fusion - INFO - [DEBUG-GATE] epoch=11 step=3100 shape_dense_alpha_max=0.5 shape_dense_alpha_mean=0.5 shape_dense_alpha_min=0.5
2026-07-30 05:34:19,082 - portable_sam_fusion - INFO - [DEBUG-JITTER] epoch=11 step=3100 area_ratio_count=64 area_ratio_mean=1 area_ratio_sum=64 fallback_count=0 mean_iou=1 num_jittered=0 num_rois=64
2026-07-30 05:34:19,082 - portable_sam_fusion - INFO - [DEBUG-SP] epoch=11 step=3100 all_invalid_count=0 all_invalid_ratio=0 empty_count=0 empty_ratio=0 full_count=0 full_ratio=0 mean_point_distance=41.27 n1_gt_valid_count=64 n1_in_gt_bg=0.7969 n1_in_gt_bg_count=51 n1_valid_count=64 n1_valid_ratio=1 n2_gt_valid_count=64 n2_in_gt_bg=1 n2_in_gt_bg_count=64 n2_valid_count=64 n2_valid_ratio=1 neg_in_pred_bg=1 neg_in_pred_bg_count=128 negative_pair_count=64 negative_pair_distance_sum=3730 p1_gt_valid_count=64 p1_in_gt_fg=0.9688 p1_in_gt_fg_count=62 p1_valid_count=64 p1_valid_ratio=1 p2_gt_valid_count=64 p2_in_gt_fg=0.9688 p2_in_gt_fg_count=62 p2_valid_count=64 p2_valid_ratio=1 point_distance_sum=5283 point_overlap_count=0 point_overlap_ratio=0 point_pair_count=128 pos_in_pred_fg=1 pos_in_pred_fg_count=128 positive_pair_count=64 positive_pair_distance_sum=1553 roi_count=64 valid_neg_count=128 valid_pos_count=128 warmup_stage=2
2026-07-30 05:35:27,255 - portable_sam_fusion - INFO - [DEBUG-BOX] epoch=11 step=3150 fallback_count=0 fallback_ratio=0 num_rois=59 refined_proposal_iou=0 refined_proposal_iou_sum=0 refined_valid_count=0
2026-07-30 05:35:27,256 - portable_sam_fusion - INFO - [DEBUG-COARSE] epoch=11 step=3150 bce_raw=0.1529 boundary_fn=2476 boundary_fp=2222 boundary_tp=2.019e+04 dice=0.07728 dice_loss_raw=0.07728 iou=0.8594 loss_weight=0.1 raw_boundary_fn=2476 raw_boundary_fp=2222 raw_boundary_tp=2.019e+04 raw_dice_score=0.9227 raw_iou=0.8594 weighted_loss=0.02302
2026-07-30 05:35:27,256 - portable_sam_fusion - INFO - [DEBUG-CONTEXT] epoch=11 step=3150 enabled=0
2026-07-30 05:35:27,256 - portable_sam_fusion - INFO - [DEBUG-DENSE] epoch=11 step=3150 applied_delta_norm=4.196 applied_delta_ratio=0.3593 base_norm=11.68 canvas_max=8 canvas_mean=-0.01395 canvas_min=-8 canvas_nonzero_ratio=0.01379 canvas_std=0.6647 final_norm=12.32 residual_alpha=0.5 shape_norm=14.31 source_delta_norm=8.392 source_delta_ratio=0.7186
2026-07-30 05:35:27,256 - portable_sam_fusion - INFO - [DEBUG-GATE] epoch=11 step=3150 shape_dense_alpha_max=0.5 shape_dense_alpha_mean=0.5 shape_dense_alpha_min=0.5
2026-07-30 05:35:27,256 - portable_sam_fusion - INFO - [DEBUG-JITTER] epoch=11 step=3150 area_ratio_count=59 area_ratio_mean=1 area_ratio_sum=59 fallback_count=0 mean_iou=1 num_jittered=0 num_rois=59
2026-07-30 05:35:27,256 - portable_sam_fusion - INFO - [DEBUG-SP] epoch=11 step=3150 all_invalid_count=0 all_invalid_ratio=0 empty_count=0 empty_ratio=0 full_count=0 full_ratio=0 mean_point_distance=36.4 n1_gt_valid_count=59 n1_in_gt_bg=0.3898 n1_in_gt_bg_count=23 n1_valid_count=59 n1_valid_ratio=1 n2_gt_valid_count=59 n2_in_gt_bg=0.9661 n2_in_gt_bg_count=57 n2_valid_count=59 n2_valid_ratio=1 neg_in_pred_bg=1 neg_in_pred_bg_count=118 negative_pair_count=59 negative_pair_distance_sum=3093 p1_gt_valid_count=59 p1_in_gt_fg=1 p1_in_gt_fg_count=59 p1_valid_count=59 p1_valid_ratio=1 p2_gt_valid_count=59 p2_in_gt_fg=1 p2_in_gt_fg_count=59 p2_valid_count=59 p2_valid_ratio=1 point_distance_sum=4295 point_overlap_count=0 point_overlap_ratio=0 point_pair_count=118 pos_in_pred_fg=1 pos_in_pred_fg_count=118 positive_pair_count=59 positive_pair_distance_sum=1202 roi_count=59 valid_neg_count=118 valid_pos_count=118 warmup_stage=2
2026-07-30 05:36:08,521 - portable_sam_fusion - INFO - epoch 11 | mini-batch 240/294 | optimizer_step 800/5920 | lr=4.824e-04
2026-07-30 05:36:35,061 - portable_sam_fusion - INFO - [DEBUG-BOX] epoch=11 step=3200 fallback_count=0 fallback_ratio=0 num_rois=0 refined_proposal_iou=0 refined_proposal_iou_sum=0 refined_valid_count=0
2026-07-30 05:36:35,061 - portable_sam_fusion - INFO - [DEBUG-COARSE] epoch=11 step=3200 boundary_fn=0 boundary_fp=0 boundary_tp=0 dice=0 iou=0
2026-07-30 05:36:35,061 - portable_sam_fusion - INFO - [DEBUG-CONTEXT] epoch=11 step=3200 enabled=0
2026-07-30 05:36:35,061 - portable_sam_fusion - INFO - [DEBUG-DENSE] epoch=11 step=3200 applied_delta_norm=1.952 applied_delta_ratio=0.1672 base_norm=11.68 canvas_max=8 canvas_mean=-0.003372 canvas_min=-8 canvas_nonzero_ratio=0.005445 canvas_std=0.422 final_norm=11.89 residual_alpha=0.5 shape_norm=12.59 source_delta_norm=3.904 source_delta_ratio=0.3343
2026-07-30 05:36:35,061 - portable_sam_fusion - INFO - [DEBUG-GATE] epoch=11 step=3200 shape_dense_alpha_max=0.5 shape_dense_alpha_mean=0.5 shape_dense_alpha_min=0.5
2026-07-30 05:36:35,061 - portable_sam_fusion - INFO - [DEBUG-JITTER] epoch=11 step=3200 area_ratio_count=0 area_ratio_mean=0 area_ratio_sum=0 fallback_count=0 mean_iou=0 num_jittered=0 num_rois=0
2026-07-30 05:36:35,061 - portable_sam_fusion - INFO - [DEBUG-SP] epoch=11 step=3200 all_invalid_count=0 all_invalid_ratio=0 empty_count=0 empty_ratio=0 full_count=0 full_ratio=0 mean_point_distance=26.68 n1_gt_valid_count=64 n1_in_gt_bg=0.9688 n1_in_gt_bg_count=62 n1_valid_count=64 n1_valid_ratio=1 n2_gt_valid_count=64 n2_in_gt_bg=1 n2_in_gt_bg_count=64 n2_valid_count=64 n2_valid_ratio=1 neg_in_pred_bg=1 neg_in_pred_bg_count=128 negative_pair_count=64 negative_pair_distance_sum=2444 p1_gt_valid_count=64 p1_in_gt_fg=1 p1_in_gt_fg_count=64 p1_valid_count=64 p1_valid_ratio=1 p2_gt_valid_count=64 p2_in_gt_fg=1 p2_in_gt_fg_count=64 p2_valid_count=64 p2_valid_ratio=1 point_distance_sum=3415 point_overlap_count=0 point_overlap_ratio=0 point_pair_count=128 pos_in_pred_fg=1 pos_in_pred_fg_count=128 positive_pair_count=64 positive_pair_distance_sum=971 roi_count=64 valid_neg_count=128 valid_pos_count=128 warmup_stage=2
2026-07-30 05:37:13,122 - portable_sam_fusion - INFO - Epoch 11 detailed losses: loss_rpn_cls=0.0228, loss_rpn_bbox=0.0090, loss_cls=0.2212, acc=91.0366, loss_bbox=0.0996, loss_mask=0.0016, debug_mask_pos_rois=55.4218, debug_mask_logit_mean=-15.0116, debug_mask_logit_std=2.9354, debug_mask_prob_mean=0.0048, debug_mask_prob_ge05=0.0047, debug_mask_target_fill=0.0047, loss_shape_prior=0.0245, schedule/det_weight=1.0000
2026-07-30 05:37:13,123 - portable_sam_fusion - INFO - Epoch 11 dense residual monitor: alpha=0.500000 source_delta_norm=6.6757 applied_delta_norm=3.3378 source_delta_ratio=0.571624 applied_delta_ratio=0.285812
2026-07-30 05:37:13,123 - portable_sam_fusion - INFO - Epoch 11 primary loss shares: det=93.11% final_mask=0.42% shape=6.47% p2_boundary=0.00%
2026-07-30 05:37:13,123 - portable_sam_fusion - INFO - Epoch 11 schedule: det_loss_weight=1.000 early_stop_start=20 min_delta=0.0005
2026-07-30 05:37:13,123 - portable_sam_fusion - INFO - Epoch 11 learning rates: sat_backbone=4.82e-04, mask_decoder=4.82e-04, prompt_encoder=4.82e-04, shape_prior=4.82e-04, quality_head=4.82e-04, sat_other=4.82e-04
2026-07-30 05:40:54,076 - portable_sam_fusion - INFO - Validation samples: GT=15926, DT=23881, avg_masks_per_image=38.09, avg_mask_fill=0.0054
creating index...
index created!
Loading and preparing results...
DONE (t=0.03s)
creating index...
index created!
Running per image evaluation...
Evaluate annotation type *bbox*
DONE (t=12.10s).
Accumulating evaluation results...
DONE (t=0.22s).
 Average Precision  (AP) @[ IoU=0.50:0.95 | area=   all | maxDets=100 ] = 0.662
 Average Precision  (AP) @[ IoU=0.50      | area=   all | maxDets=100 ] = 0.900
 Average Precision  (AP) @[ IoU=0.75      | area=   all | maxDets=100 ] = 0.799
 Average Precision  (AP) @[ IoU=0.50:0.95 | area= small | maxDets=100 ] = 0.291
 Average Precision  (AP) @[ IoU=0.50:0.95 | area=medium | maxDets=100 ] = 0.704
 Average Precision  (AP) @[ IoU=0.50:0.95 | area= large | maxDets=100 ] = 0.731
 Average Recall     (AR) @[ IoU=0.50:0.95 | area=   all | maxDets=  1 ] = 0.024
 Average Recall     (AR) @[ IoU=0.50:0.95 | area=   all | maxDets= 10 ] = 0.181
 Average Recall     (AR) @[ IoU=0.50:0.95 | area=   all | maxDets=100 ] = 0.717
 Average Recall     (AR) @[ IoU=0.50:0.95 | area= small | maxDets=100 ] = 0.441
 Average Recall     (AR) @[ IoU=0.50:0.95 | area=medium | maxDets=100 ] = 0.757
 Average Recall     (AR) @[ IoU=0.50:0.95 | area= large | maxDets=100 ] = 0.783
2026-07-30 05:41:07,135 - portable_sam_fusion - INFO - Validation bbox/mAP: 0.6620 bbox/mAP_75: 0.7986
Running per image evaluation...
Evaluate annotation type *segm*
DONE (t=12.82s).
Accumulating evaluation results...
DONE (t=0.24s).
 Average Precision  (AP) @[ IoU=0.50:0.95 | area=   all | maxDets=100 ] = 0.439
 Average Precision  (AP) @[ IoU=0.50      | area=   all | maxDets=100 ] = 0.844
 Average Precision  (AP) @[ IoU=0.75      | area=   all | maxDets=100 ] = 0.469
 Average Precision  (AP) @[ IoU=0.50:0.95 | area= small | maxDets=100 ] = 0.047
 Average Precision  (AP) @[ IoU=0.50:0.95 | area=medium | maxDets=100 ] = 0.453
 Average Precision  (AP) @[ IoU=0.50:0.95 | area= large | maxDets=100 ] = 0.635
 Average Recall     (AR) @[ IoU=0.50:0.95 | area=   all | maxDets=  1 ] = 0.020
 Average Recall     (AR) @[ IoU=0.50:0.95 | area=   all | maxDets= 10 ] = 0.141
 Average Recall     (AR) @[ IoU=0.50:0.95 | area=   all | maxDets=100 ] = 0.486
 Average Recall     (AR) @[ IoU=0.50:0.95 | area= small | maxDets=100 ] = 0.102
 Average Recall     (AR) @[ IoU=0.50:0.95 | area=medium | maxDets=100 ] = 0.500
 Average Recall     (AR) @[ IoU=0.50:0.95 | area= large | maxDets=100 ] = 0.688
2026-07-30 05:41:20,228 - portable_sam_fusion - INFO - Validation segm/mAP: 0.4394
2026-07-30 05:41:20,786 - portable_sam_fusion - INFO - New best bbox/mAP: 0.6620
2026-07-30 05:41:20,786 - portable_sam_fusion - INFO - New best early-stop metric (segm/mAP): raw=0.4394 smooth(5)=0.4450
2026-07-30 05:41:23,416 - portable_sam_fusion - INFO - Saved best_bbox_model with bbox/mAP: 0.6620
2026-07-30 05:41:29,114 - portable_sam_fusion - INFO - Epoch 11/80 | train=0.378671 val=disabled segm/mAP=0.4394 bbox/mAP=0.6620 | best_segm=0.4620 best_bbox=0.6620 best_comp=0.0000 | sat_backbone=4.82e-04 mask_decoder=4.82e-04 prompt_encoder=4.82e-04 shape_prior=4.82e-04 quality_head=4.82e-04 sat_other=4.82e-04
2026-07-30 05:41:53,073 - portable_sam_fusion - INFO - [DEBUG-BOX] epoch=12 step=3250 fallback_count=0 fallback_ratio=0 num_rois=35 refined_proposal_iou=0 refined_proposal_iou_sum=0 refined_valid_count=0
2026-07-30 05:41:53,074 - portable_sam_fusion - INFO - [DEBUG-COARSE] epoch=12 step=3250 bce_raw=0.1022 boundary_fn=359 boundary_fp=217 boundary_tp=1.269e+04 dice=0.06297 dice_loss_raw=0.06297 iou=0.8818 loss_weight=0.1 raw_boundary_fn=359 raw_boundary_fp=217 raw_boundary_tp=1.269e+04 raw_dice_score=0.937 raw_iou=0.8818 weighted_loss=0.01651
2026-07-30 05:41:53,074 - portable_sam_fusion - INFO - [DEBUG-CONTEXT] epoch=12 step=3250 enabled=0
2026-07-30 05:41:53,074 - portable_sam_fusion - INFO - [DEBUG-DENSE] epoch=12 step=3250 applied_delta_norm=1.401 applied_delta_ratio=0.12 base_norm=11.68 canvas_max=8 canvas_mean=0.002826 canvas_min=-7.885 canvas_nonzero_ratio=0.001873 canvas_std=0.2263 final_norm=11.74 residual_alpha=0.5 shape_norm=11.97 source_delta_norm=2.802 source_delta_ratio=0.2399
2026-07-30 05:41:53,074 - portable_sam_fusion - INFO - [DEBUG-GATE] epoch=12 step=3250 shape_dense_alpha_max=0.5 shape_dense_alpha_mean=0.5 shape_dense_alpha_min=0.5
2026-07-30 05:41:53,074 - portable_sam_fusion - INFO - [DEBUG-JITTER] epoch=12 step=3250 area_ratio_count=35 area_ratio_mean=1 area_ratio_sum=35 fallback_count=0 mean_iou=1 num_jittered=0 num_rois=35
2026-07-30 05:41:53,074 - portable_sam_fusion - INFO - [DEBUG-SP] epoch=12 step=3250 all_invalid_count=0 all_invalid_ratio=0 empty_count=0 empty_ratio=0 full_count=0 full_ratio=0 mean_point_distance=12.27 n1_gt_valid_count=35 n1_in_gt_bg=0.8286 n1_in_gt_bg_count=29 n1_valid_count=35 n1_valid_ratio=1 n2_gt_valid_count=35 n2_in_gt_bg=1 n2_in_gt_bg_count=35 n2_valid_count=35 n2_valid_ratio=1 neg_in_pred_bg=1 neg_in_pred_bg_count=70 negative_pair_count=35 negative_pair_distance_sum=655.5 p1_gt_valid_count=35 p1_in_gt_fg=1 p1_in_gt_fg_count=35 p1_valid_count=35 p1_valid_ratio=1 p2_gt_valid_count=35 p2_in_gt_fg=1 p2_in_gt_fg_count=35 p2_valid_count=35 p2_valid_ratio=1 point_distance_sum=859.1 point_overlap_count=0 point_overlap_ratio=0 point_pair_count=70 pos_in_pred_fg=1 pos_in_pred_fg_count=70 positive_pair_count=35 positive_pair_distance_sum=203.6 roi_count=35 valid_neg_count=70 valid_pos_count=70 warmup_stage=2
2026-07-30 05:42:55,822 - portable_sam_fusion - INFO - [DEBUG-BOX] epoch=12 step=3300 fallback_count=0 fallback_ratio=0 num_rois=64 refined_proposal_iou=0 refined_proposal_iou_sum=0 refined_valid_count=0
2026-07-30 05:42:55,822 - portable_sam_fusion - INFO - [DEBUG-COARSE] epoch=12 step=3300 bce_raw=0.2034 boundary_fn=4202 boundary_fp=2708 boundary_tp=2.424e+04 dice=0.09521 dice_loss_raw=0.09521 iou=0.8309 loss_weight=0.1 raw_boundary_fn=4202 raw_boundary_fp=2708 raw_boundary_tp=2.424e+04 raw_dice_score=0.9048 raw_iou=0.8309 weighted_loss=0.02986
2026-07-30 05:42:55,822 - portable_sam_fusion - INFO - [DEBUG-CONTEXT] epoch=12 step=3300 enabled=0
2026-07-30 05:42:55,822 - portable_sam_fusion - INFO - [DEBUG-DENSE] epoch=12 step=3300 applied_delta_norm=3.273 applied_delta_ratio=0.2803 base_norm=11.68 canvas_max=8 canvas_mean=-0.0006575 canvas_min=-8 canvas_nonzero_ratio=0.008595 canvas_std=0.5126 final_norm=12.07 residual_alpha=0.5 shape_norm=13.36 source_delta_norm=6.546 source_delta_ratio=0.5605
2026-07-30 05:42:55,822 - portable_sam_fusion - INFO - [DEBUG-GATE] epoch=12 step=3300 shape_dense_alpha_max=0.5 shape_dense_alpha_mean=0.5 shape_dense_alpha_min=0.5
2026-07-30 05:42:55,822 - portable_sam_fusion - INFO - [DEBUG-JITTER] epoch=12 step=3300 area_ratio_count=64 area_ratio_mean=1 area_ratio_sum=64 fallback_count=0 mean_iou=1 num_jittered=0 num_rois=64
2026-07-30 05:42:55,822 - portable_sam_fusion - INFO - [DEBUG-SP] epoch=12 step=3300 all_invalid_count=0 all_invalid_ratio=0 empty_count=0 empty_ratio=0 full_count=0 full_ratio=0 mean_point_distance=36.71 n1_gt_valid_count=64 n1_in_gt_bg=0.8438 n1_in_gt_bg_count=54 n1_valid_count=64 n1_valid_ratio=1 n2_gt_valid_count=64 n2_in_gt_bg=1 n2_in_gt_bg_count=64 n2_valid_count=64 n2_valid_ratio=1 neg_in_pred_bg=1 neg_in_pred_bg_count=128 negative_pair_count=64 negative_pair_distance_sum=3701 p1_gt_valid_count=64 p1_in_gt_fg=1 p1_in_gt_fg_count=64 p1_valid_count=64 p1_valid_ratio=1 p2_gt_valid_count=64 p2_in_gt_fg=0.9844 p2_in_gt_fg_count=63 p2_valid_count=64 p2_valid_ratio=1 point_distance_sum=4699 point_overlap_count=0 point_overlap_ratio=0 point_pair_count=128 pos_in_pred_fg=1 pos_in_pred_fg_count=128 positive_pair_count=64 positive_pair_distance_sum=997.8 roi_count=64 valid_neg_count=128 valid_pos_count=128 warmup_stage=2
2026-07-30 05:44:02,509 - portable_sam_fusion - INFO - [DEBUG-BOX] epoch=12 step=3350 fallback_count=0 fallback_ratio=0 num_rois=64 refined_proposal_iou=0 refined_proposal_iou_sum=0 refined_valid_count=0
2026-07-30 05:44:02,509 - portable_sam_fusion - INFO - [DEBUG-COARSE] epoch=12 step=3350 bce_raw=0.1807 boundary_fn=3602 boundary_fp=4206 boundary_tp=2.137e+04 dice=0.0814 dice_loss_raw=0.0814 iou=0.8528 loss_weight=0.1 raw_boundary_fn=3602 raw_boundary_fp=4206 raw_boundary_tp=2.137e+04 raw_dice_score=0.9186 raw_iou=0.8528 weighted_loss=0.02621
2026-07-30 05:44:02,509 - portable_sam_fusion - INFO - [DEBUG-CONTEXT] epoch=12 step=3350 enabled=0
2026-07-30 05:44:02,509 - portable_sam_fusion - INFO - [DEBUG-DENSE] epoch=12 step=3350 applied_delta_norm=2.812 applied_delta_ratio=0.2408 base_norm=11.68 canvas_max=8 canvas_mean=0.009319 canvas_min=-7.998 canvas_nonzero_ratio=0.006782 canvas_std=0.4111 final_norm=12 residual_alpha=0.5 shape_norm=13.05 source_delta_norm=5.625 source_delta_ratio=0.4816
2026-07-30 05:44:02,509 - portable_sam_fusion - INFO - [DEBUG-GATE] epoch=12 step=3350 shape_dense_alpha_max=0.5 shape_dense_alpha_mean=0.5 shape_dense_alpha_min=0.5
2026-07-30 05:44:02,509 - portable_sam_fusion - INFO - [DEBUG-JITTER] epoch=12 step=3350 area_ratio_count=64 area_ratio_mean=1 area_ratio_sum=64 fallback_count=0 mean_iou=1 num_jittered=0 num_rois=64
2026-07-30 05:44:02,509 - portable_sam_fusion - INFO - [DEBUG-SP] epoch=12 step=3350 all_invalid_count=0 all_invalid_ratio=0 empty_count=0 empty_ratio=0 full_count=0 full_ratio=0 mean_point_distance=29.99 n1_gt_valid_count=64 n1_in_gt_bg=0.5312 n1_in_gt_bg_count=34 n1_valid_count=64 n1_valid_ratio=1 n2_gt_valid_count=64 n2_in_gt_bg=0.9062 n2_in_gt_bg_count=58 n2_valid_count=64 n2_valid_ratio=1 neg_in_pred_bg=1 neg_in_pred_bg_count=128 negative_pair_count=64 negative_pair_distance_sum=2742 p1_gt_valid_count=64 p1_in_gt_fg=1 p1_in_gt_fg_count=64 p1_valid_count=64 p1_valid_ratio=1 p2_gt_valid_count=64 p2_in_gt_fg=0.9844 p2_in_gt_fg_count=63 p2_valid_count=64 p2_valid_ratio=1 point_distance_sum=3839 point_overlap_count=0 point_overlap_ratio=0 point_pair_count=128 pos_in_pred_fg=1 pos_in_pred_fg_count=128 positive_pair_count=64 positive_pair_distance_sum=1097 roi_count=64 valid_neg_count=128 valid_pos_count=128 warmup_stage=2
2026-07-30 05:44:39,634 - portable_sam_fusion - INFO - epoch 12 | mini-batch 144/294 | optimizer_step 850/5920 | lr=4.798e-04
2026-07-30 05:45:11,902 - portable_sam_fusion - INFO - [DEBUG-BOX] epoch=12 step=3400 fallback_count=0 fallback_ratio=0 num_rois=64 refined_proposal_iou=0 refined_proposal_iou_sum=0 refined_valid_count=0
2026-07-30 05:45:11,903 - portable_sam_fusion - INFO - [DEBUG-COARSE] epoch=12 step=3400 bce_raw=0.1882 boundary_fn=2497 boundary_fp=3366 boundary_tp=2.105e+04 dice=0.07924 dice_loss_raw=0.07924 iou=0.8617 loss_weight=0.1 raw_boundary_fn=2497 raw_boundary_fp=3366 raw_boundary_tp=2.105e+04 raw_dice_score=0.9208 raw_iou=0.8617 weighted_loss=0.02674
2026-07-30 05:45:11,903 - portable_sam_fusion - INFO - [DEBUG-CONTEXT] epoch=12 step=3400 enabled=0
2026-07-30 05:45:11,903 - portable_sam_fusion - INFO - [DEBUG-DENSE] epoch=12 step=3400 applied_delta_norm=3.024 applied_delta_ratio=0.2589 base_norm=11.68 canvas_max=8 canvas_mean=0.01578 canvas_min=-8 canvas_nonzero_ratio=0.006696 canvas_std=0.4312 final_norm=12.02 residual_alpha=0.5 shape_norm=13.15 source_delta_norm=6.048 source_delta_ratio=0.5178
2026-07-30 05:45:11,903 - portable_sam_fusion - INFO - [DEBUG-GATE] epoch=12 step=3400 shape_dense_alpha_max=0.5 shape_dense_alpha_mean=0.5 shape_dense_alpha_min=0.5
2026-07-30 05:45:11,903 - portable_sam_fusion - INFO - [DEBUG-JITTER] epoch=12 step=3400 area_ratio_count=64 area_ratio_mean=1 area_ratio_sum=64 fallback_count=0 mean_iou=1 num_jittered=0 num_rois=64
2026-07-30 05:45:11,903 - portable_sam_fusion - INFO - [DEBUG-SP] epoch=12 step=3400 all_invalid_count=0 all_invalid_ratio=0 empty_count=0 empty_ratio=0 full_count=1 full_ratio=0.01562 mean_point_distance=29.59 n1_gt_valid_count=63 n1_in_gt_bg=0.9365 n1_in_gt_bg_count=59 n1_valid_count=63 n1_valid_ratio=0.9844 n2_gt_valid_count=63 n2_in_gt_bg=0.9841 n2_in_gt_bg_count=62 n2_valid_count=63 n2_valid_ratio=0.9844 neg_in_pred_bg=1 neg_in_pred_bg_count=126 negative_pair_count=63 negative_pair_distance_sum=2750 p1_gt_valid_count=64 p1_in_gt_fg=1 p1_in_gt_fg_count=64 p1_valid_count=64 p1_valid_ratio=1 p2_gt_valid_count=64 p2_in_gt_fg=0.9844 p2_in_gt_fg_count=63 p2_valid_count=64 p2_valid_ratio=1 point_distance_sum=3757 point_overlap_count=0 point_overlap_ratio=0 point_pair_count=127 pos_in_pred_fg=1 pos_in_pred_fg_count=128 positive_pair_count=64 positive_pair_distance_sum=1007 roi_count=64 valid_neg_count=126 valid_pos_count=128 warmup_stage=2
2026-07-30 05:46:18,949 - portable_sam_fusion - INFO - [DEBUG-BOX] epoch=12 step=3450 fallback_count=0 fallback_ratio=0 num_rois=0 refined_proposal_iou=0 refined_proposal_iou_sum=0 refined_valid_count=0
2026-07-30 05:46:18,949 - portable_sam_fusion - INFO - [DEBUG-COARSE] epoch=12 step=3450 boundary_fn=0 boundary_fp=0 boundary_tp=0 dice=0 iou=0
2026-07-30 05:46:18,950 - portable_sam_fusion - INFO - [DEBUG-CONTEXT] epoch=12 step=3450 enabled=0
2026-07-30 05:46:18,950 - portable_sam_fusion - INFO - [DEBUG-DENSE] epoch=12 step=3450 applied_delta_norm=7.098 applied_delta_ratio=0.6078 base_norm=11.68 canvas_max=8 canvas_mean=0.02604 canvas_min=-8 canvas_nonzero_ratio=0.04385 canvas_std=0.8053 final_norm=13.74 residual_alpha=0.5 shape_norm=18.66 source_delta_norm=14.2 source_delta_ratio=1.216
2026-07-30 05:46:18,950 - portable_sam_fusion - INFO - [DEBUG-GATE] epoch=12 step=3450 shape_dense_alpha_max=0.5 shape_dense_alpha_mean=0.5 shape_dense_alpha_min=0.5
2026-07-30 05:46:18,950 - portable_sam_fusion - INFO - [DEBUG-JITTER] epoch=12 step=3450 area_ratio_count=0 area_ratio_mean=0 area_ratio_sum=0 fallback_count=0 mean_iou=0 num_jittered=0 num_rois=0
2026-07-30 05:46:18,950 - portable_sam_fusion - INFO - [DEBUG-SP] epoch=12 step=3450 all_invalid_count=0 all_invalid_ratio=0 empty_count=0 empty_ratio=0 full_count=2 full_ratio=0.03125 mean_point_distance=72.76 n1_gt_valid_count=62 n1_in_gt_bg=0.6935 n1_in_gt_bg_count=43 n1_valid_count=62 n1_valid_ratio=0.9688 n2_gt_valid_count=61 n2_in_gt_bg=0.9016 n2_in_gt_bg_count=55 n2_valid_count=61 n2_valid_ratio=0.9531 neg_in_pred_bg=1 neg_in_pred_bg_count=123 negative_pair_count=61 negative_pair_distance_sum=6712 p1_gt_valid_count=64 p1_in_gt_fg=1 p1_in_gt_fg_count=64 p1_valid_count=64 p1_valid_ratio=1 p2_gt_valid_count=64 p2_in_gt_fg=0.9688 p2_in_gt_fg_count=62 p2_valid_count=64 p2_valid_ratio=1 point_distance_sum=9096 point_overlap_count=0 point_overlap_ratio=0 point_pair_count=125 pos_in_pred_fg=1 pos_in_pred_fg_count=128 positive_pair_count=64 positive_pair_distance_sum=2383 roi_count=64 valid_neg_count=123 valid_pos_count=128 warmup_stage=2
2026-07-30 05:47:14,136 - portable_sam_fusion - INFO - [DEBUG-BOX] epoch=12 step=3500 fallback_count=0 fallback_ratio=0 num_rois=64 refined_proposal_iou=0 refined_proposal_iou_sum=0 refined_valid_count=0
2026-07-30 05:47:14,136 - portable_sam_fusion - INFO - [DEBUG-COARSE] epoch=12 step=3500 bce_raw=0.1983 boundary_fn=4023 boundary_fp=3734 boundary_tp=2.39e+04 dice=0.101 dice_loss_raw=0.101 iou=0.8203 loss_weight=0.1 raw_boundary_fn=4023 raw_boundary_fp=3734 raw_boundary_tp=2.39e+04 raw_dice_score=0.899 raw_iou=0.8203 weighted_loss=0.02994
2026-07-30 05:47:14,136 - portable_sam_fusion - INFO - [DEBUG-CONTEXT] epoch=12 step=3500 enabled=0
2026-07-30 05:47:14,136 - portable_sam_fusion - INFO - [DEBUG-DENSE] epoch=12 step=3500 applied_delta_norm=2.93 applied_delta_ratio=0.2509 base_norm=11.68 canvas_max=8 canvas_mean=0.0008597 canvas_min=-8 canvas_nonzero_ratio=0.007713 canvas_std=0.4502 final_norm=12.01 residual_alpha=0.5 shape_norm=13.11 source_delta_norm=5.86 source_delta_ratio=0.5018
2026-07-30 05:47:14,136 - portable_sam_fusion - INFO - [DEBUG-GATE] epoch=12 step=3500 shape_dense_alpha_max=0.5 shape_dense_alpha_mean=0.5 shape_dense_alpha_min=0.5
2026-07-30 05:47:14,136 - portable_sam_fusion - INFO - [DEBUG-JITTER] epoch=12 step=3500 area_ratio_count=64 area_ratio_mean=1 area_ratio_sum=64 fallback_count=0 mean_iou=1 num_jittered=0 num_rois=64
2026-07-30 05:47:14,136 - portable_sam_fusion - INFO - [DEBUG-SP] epoch=12 step=3500 all_invalid_count=0 all_invalid_ratio=0 empty_count=0 empty_ratio=0 full_count=0 full_ratio=0 mean_point_distance=33.33 n1_gt_valid_count=64 n1_in_gt_bg=0.8594 n1_in_gt_bg_count=55 n1_valid_count=64 n1_valid_ratio=1 n2_gt_valid_count=64 n2_in_gt_bg=1 n2_in_gt_bg_count=64 n2_valid_count=64 n2_valid_ratio=1 neg_in_pred_bg=1 neg_in_pred_bg_count=128 negative_pair_count=64 negative_pair_distance_sum=3177 p1_gt_valid_count=64 p1_in_gt_fg=1 p1_in_gt_fg_count=64 p1_valid_count=64 p1_valid_ratio=1 p2_gt_valid_count=64 p2_in_gt_fg=1 p2_in_gt_fg_count=64 p2_valid_count=64 p2_valid_ratio=1 point_distance_sum=4266 point_overlap_count=0 point_overlap_ratio=0 point_pair_count=128 pos_in_pred_fg=1 pos_in_pred_fg_count=128 positive_pair_count=64 positive_pair_distance_sum=1089 roi_count=64 valid_neg_count=128 valid_pos_count=128 warmup_stage=2
2026-07-30 05:47:41,127 - portable_sam_fusion - INFO - Epoch 12 detailed losses: loss_rpn_cls=0.0244, loss_rpn_bbox=0.0076, loss_cls=0.2217, acc=91.0811, loss_bbox=0.0987, loss_mask=0.0020, debug_mask_pos_rois=56.2347, debug_mask_logit_mean=-16.1023, debug_mask_logit_std=3.1840, debug_mask_prob_mean=0.0051, debug_mask_prob_ge05=0.0050, debug_mask_target_fill=0.0051, loss_shape_prior=0.0247, schedule/det_weight=1.0000
2026-07-30 05:47:41,128 - portable_sam_fusion - INFO - Epoch 12 dense residual monitor: alpha=0.500000 source_delta_norm=6.6891 applied_delta_norm=3.3445 source_delta_ratio=0.572775 applied_delta_ratio=0.286388
2026-07-30 05:47:41,128 - portable_sam_fusion - INFO - Epoch 12 primary loss shares: det=92.97% final_mask=0.52% shape=6.51% p2_boundary=0.00%
2026-07-30 05:47:41,128 - portable_sam_fusion - INFO - Epoch 12 schedule: det_loss_weight=1.000 early_stop_start=20 min_delta=0.0005
2026-07-30 05:47:41,128 - portable_sam_fusion - INFO - Epoch 12 learning rates: sat_backbone=4.78e-04, mask_decoder=4.78e-04, prompt_encoder=4.78e-04, shape_prior=4.78e-04, quality_head=4.78e-04, sat_other=4.78e-04
2026-07-30 05:50:47,186 - portable_sam_fusion - INFO - Validation samples: GT=15926, DT=17269, avg_masks_per_image=27.54, avg_mask_fill=0.0057
creating index...
index created!
Loading and preparing results...
DONE (t=0.02s)
creating index...
index created!
Running per image evaluation...
Evaluate annotation type *bbox*
DONE (t=10.54s).
Accumulating evaluation results...
DONE (t=0.18s).
 Average Precision  (AP) @[ IoU=0.50:0.95 | area=   all | maxDets=100 ] = 0.641
 Average Precision  (AP) @[ IoU=0.50      | area=   all | maxDets=100 ] = 0.876
 Average Precision  (AP) @[ IoU=0.75      | area=   all | maxDets=100 ] = 0.781
 Average Precision  (AP) @[ IoU=0.50:0.95 | area= small | maxDets=100 ] = 0.260
 Average Precision  (AP) @[ IoU=0.50:0.95 | area=medium | maxDets=100 ] = 0.698
 Average Precision  (AP) @[ IoU=0.50:0.95 | area= large | maxDets=100 ] = 0.699
 Average Recall     (AR) @[ IoU=0.50:0.95 | area=   all | maxDets=  1 ] = 0.023
 Average Recall     (AR) @[ IoU=0.50:0.95 | area=   all | maxDets= 10 ] = 0.175
 Average Recall     (AR) @[ IoU=0.50:0.95 | area=   all | maxDets=100 ] = 0.695
 Average Recall     (AR) @[ IoU=0.50:0.95 | area= small | maxDets=100 ] = 0.367
 Average Recall     (AR) @[ IoU=0.50:0.95 | area=medium | maxDets=100 ] = 0.746
 Average Recall     (AR) @[ IoU=0.50:0.95 | area= large | maxDets=100 ] = 0.762
2026-07-30 05:50:58,631 - portable_sam_fusion - INFO - Validation bbox/mAP: 0.6411 bbox/mAP_75: 0.7809
Running per image evaluation...
Evaluate annotation type *segm*
DONE (t=10.99s).
Accumulating evaluation results...
DONE (t=0.19s).
 Average Precision  (AP) @[ IoU=0.50:0.95 | area=   all | maxDets=100 ] = 0.473
 Average Precision  (AP) @[ IoU=0.50      | area=   all | maxDets=100 ] = 0.856
 Average Precision  (AP) @[ IoU=0.75      | area=   all | maxDets=100 ] = 0.530
 Average Precision  (AP) @[ IoU=0.50:0.95 | area= small | maxDets=100 ] = 0.069
 Average Precision  (AP) @[ IoU=0.50:0.95 | area=medium | maxDets=100 ] = 0.494
 Average Precision  (AP) @[ IoU=0.50:0.95 | area= large | maxDets=100 ] = 0.645
 Average Recall     (AR) @[ IoU=0.50:0.95 | area=   all | maxDets=  1 ] = 0.021
 Average Recall     (AR) @[ IoU=0.50:0.95 | area=   all | maxDets= 10 ] = 0.146
 Average Recall     (AR) @[ IoU=0.50:0.95 | area=   all | maxDets=100 ] = 0.511
 Average Recall     (AR) @[ IoU=0.50:0.95 | area= small | maxDets=100 ] = 0.121
 Average Recall     (AR) @[ IoU=0.50:0.95 | area=medium | maxDets=100 ] = 0.530
 Average Recall     (AR) @[ IoU=0.50:0.95 | area= large | maxDets=100 ] = 0.698
2026-07-30 05:51:09,842 - portable_sam_fusion - INFO - Validation segm/mAP: 0.4733
2026-07-30 05:51:10,542 - portable_sam_fusion - INFO - New best segm/mAP: 0.4733
2026-07-30 05:51:10,542 - portable_sam_fusion - INFO - New best early-stop metric (segm/mAP): raw=0.4733 smooth(5)=0.4533
2026-07-30 05:51:13,313 - portable_sam_fusion - INFO - Saved best_model with segm/mAP: 0.4733
2026-07-30 05:51:19,020 - portable_sam_fusion - INFO - Epoch 12/80 | train=0.378958 val=disabled segm/mAP=0.4733 bbox/mAP=0.6411 | best_segm=0.4733 best_bbox=0.6620 best_comp=0.0000 | sat_backbone=4.78e-04 mask_decoder=4.78e-04 prompt_encoder=4.78e-04 shape_prior=4.78e-04 quality_head=4.78e-04 sat_other=4.78e-04
2026-07-30 05:51:48,684 - portable_sam_fusion - INFO - [DEBUG-BOX] epoch=13 step=3550 fallback_count=0 fallback_ratio=0 num_rois=64 refined_proposal_iou=0 refined_proposal_iou_sum=0 refined_valid_count=0
2026-07-30 05:51:48,684 - portable_sam_fusion - INFO - [DEBUG-COARSE] epoch=13 step=3550 bce_raw=0.2223 boundary_fn=4818 boundary_fp=3738 boundary_tp=2.266e+04 dice=0.09895 dice_loss_raw=0.09895 iou=0.8233 loss_weight=0.1 raw_boundary_fn=4818 raw_boundary_fp=3738 raw_boundary_tp=2.266e+04 raw_dice_score=0.9011 raw_iou=0.8233 weighted_loss=0.03212
2026-07-30 05:51:48,684 - portable_sam_fusion - INFO - [DEBUG-CONTEXT] epoch=13 step=3550 enabled=0
2026-07-30 05:51:48,684 - portable_sam_fusion - INFO - [DEBUG-DENSE] epoch=13 step=3550 applied_delta_norm=3.076 applied_delta_ratio=0.2634 base_norm=11.68 canvas_max=8 canvas_mean=0.002119 canvas_min=-8 canvas_nonzero_ratio=0.008193 canvas_std=0.4905 final_norm=12.03 residual_alpha=0.5 shape_norm=13.18 source_delta_norm=6.151 source_delta_ratio=0.5267
2026-07-30 05:51:48,684 - portable_sam_fusion - INFO - [DEBUG-GATE] epoch=13 step=3550 shape_dense_alpha_max=0.5 shape_dense_alpha_mean=0.5 shape_dense_alpha_min=0.5
2026-07-30 05:51:48,684 - portable_sam_fusion - INFO - [DEBUG-JITTER] epoch=13 step=3550 area_ratio_count=64 area_ratio_mean=1 area_ratio_sum=64 fallback_count=0 mean_iou=1 num_jittered=0 num_rois=64
2026-07-30 05:51:48,684 - portable_sam_fusion - INFO - [DEBUG-SP] epoch=13 step=3550 all_invalid_count=0 all_invalid_ratio=0 empty_count=0 empty_ratio=0 full_count=0 full_ratio=0 mean_point_distance=35.43 n1_gt_valid_count=64 n1_in_gt_bg=0.9375 n1_in_gt_bg_count=60 n1_valid_count=64 n1_valid_ratio=1 n2_gt_valid_count=64 n2_in_gt_bg=1 n2_in_gt_bg_count=64 n2_valid_count=64 n2_valid_ratio=1 neg_in_pred_bg=1 neg_in_pred_bg_count=128 negative_pair_count=64 negative_pair_distance_sum=3566 p1_gt_valid_count=64 p1_in_gt_fg=1 p1_in_gt_fg_count=64 p1_valid_count=64 p1_valid_ratio=1 p2_gt_valid_count=64 p2_in_gt_fg=1 p2_in_gt_fg_count=64 p2_valid_count=64 p2_valid_ratio=1 point_distance_sum=4536 point_overlap_count=0 point_overlap_ratio=0 point_pair_count=128 pos_in_pred_fg=1 pos_in_pred_fg_count=128 positive_pair_count=64 positive_pair_distance_sum=970 roi_count=64 valid_neg_count=128 valid_pos_count=128 warmup_stage=2
2026-07-30 05:52:26,423 - portable_sam_fusion - INFO - epoch 13 | mini-batch 48/294 | optimizer_step 900/5920 | lr=4.771e-04
2026-07-30 05:52:55,987 - portable_sam_fusion - INFO - [DEBUG-BOX] epoch=13 step=3600 fallback_count=0 fallback_ratio=0 num_rois=64 refined_proposal_iou=0 refined_proposal_iou_sum=0 refined_valid_count=0
2026-07-30 05:52:55,987 - portable_sam_fusion - INFO - [DEBUG-COARSE] epoch=13 step=3600 bce_raw=0.1691 boundary_fn=3091 boundary_fp=3657 boundary_tp=2.342e+04 dice=0.08993 dice_loss_raw=0.08993 iou=0.8371 loss_weight=0.1 raw_boundary_fn=3091 raw_boundary_fp=3657 raw_boundary_tp=2.342e+04 raw_dice_score=0.9101 raw_iou=0.8371 weighted_loss=0.0259
2026-07-30 05:52:55,987 - portable_sam_fusion - INFO - [DEBUG-CONTEXT] epoch=13 step=3600 enabled=0
2026-07-30 05:52:55,987 - portable_sam_fusion - INFO - [DEBUG-DENSE] epoch=13 step=3600 applied_delta_norm=2.684 applied_delta_ratio=0.2298 base_norm=11.68 canvas_max=8 canvas_mean=0.004347 canvas_min=-8 canvas_nonzero_ratio=0.008126 canvas_std=0.42 final_norm=12.03 residual_alpha=0.5 shape_norm=13.13 source_delta_norm=5.368 source_delta_ratio=0.4597
2026-07-30 05:52:55,987 - portable_sam_fusion - INFO - [DEBUG-GATE] epoch=13 step=3600 shape_dense_alpha_max=0.5 shape_dense_alpha_mean=0.5 shape_dense_alpha_min=0.5
2026-07-30 05:52:55,987 - portable_sam_fusion - INFO - [DEBUG-JITTER] epoch=13 step=3600 area_ratio_count=64 area_ratio_mean=1 area_ratio_sum=64 fallback_count=0 mean_iou=1 num_jittered=0 num_rois=64
2026-07-30 05:52:55,987 - portable_sam_fusion - INFO - [DEBUG-SP] epoch=13 step=3600 all_invalid_count=0 all_invalid_ratio=0 empty_count=0 empty_ratio=0 full_count=0 full_ratio=0 mean_point_distance=35.32 n1_gt_valid_count=64 n1_in_gt_bg=0.8438 n1_in_gt_bg_count=54 n1_valid_count=64 n1_valid_ratio=1 n2_gt_valid_count=64 n2_in_gt_bg=0.9844 n2_in_gt_bg_count=63 n2_valid_count=64 n2_valid_ratio=1 neg_in_pred_bg=1 neg_in_pred_bg_count=128 negative_pair_count=64 negative_pair_distance_sum=3475 p1_gt_valid_count=64 p1_in_gt_fg=1 p1_in_gt_fg_count=64 p1_valid_count=64 p1_valid_ratio=1 p2_gt_valid_count=64 p2_in_gt_fg=1 p2_in_gt_fg_count=64 p2_valid_count=64 p2_valid_ratio=1 point_distance_sum=4521 point_overlap_count=0 point_overlap_ratio=0 point_pair_count=128 pos_in_pred_fg=1 pos_in_pred_fg_count=128 positive_pair_count=64 positive_pair_distance_sum=1046 roi_count=64 valid_neg_count=128 valid_pos_count=128 warmup_stage=2
2026-07-30 05:54:05,207 - portable_sam_fusion - INFO - [DEBUG-BOX] epoch=13 step=3650 fallback_count=0 fallback_ratio=0 num_rois=64 refined_proposal_iou=0 refined_proposal_iou_sum=0 refined_valid_count=0
2026-07-30 05:54:05,207 - portable_sam_fusion - INFO - [DEBUG-COARSE] epoch=13 step=3650 bce_raw=0.1883 boundary_fn=3812 boundary_fp=3124 boundary_tp=2.427e+04 dice=0.1068 dice_loss_raw=0.1068 iou=0.8132 loss_weight=0.1 raw_boundary_fn=3812 raw_boundary_fp=3124 raw_boundary_tp=2.427e+04 raw_dice_score=0.8932 raw_iou=0.8132 weighted_loss=0.02952
2026-07-30 05:54:05,207 - portable_sam_fusion - INFO - [DEBUG-CONTEXT] epoch=13 step=3650 enabled=0
2026-07-30 05:54:05,207 - portable_sam_fusion - INFO - [DEBUG-DENSE] epoch=13 step=3650 applied_delta_norm=2.414 applied_delta_ratio=0.2067 base_norm=11.68 canvas_max=8 canvas_mean=-0.00175 canvas_min=-8 canvas_nonzero_ratio=0.005901 canvas_std=0.3912 final_norm=11.91 residual_alpha=0.5 shape_norm=12.7 source_delta_norm=4.829 source_delta_ratio=0.4135
2026-07-30 05:54:05,207 - portable_sam_fusion - INFO - [DEBUG-GATE] epoch=13 step=3650 shape_dense_alpha_max=0.5 shape_dense_alpha_mean=0.5 shape_dense_alpha_min=0.5
2026-07-30 05:54:05,207 - portable_sam_fusion - INFO - [DEBUG-JITTER] epoch=13 step=3650 area_ratio_count=64 area_ratio_mean=1 area_ratio_sum=64 fallback_count=0 mean_iou=1 num_jittered=0 num_rois=64
2026-07-30 05:54:05,207 - portable_sam_fusion - INFO - [DEBUG-SP] epoch=13 step=3650 all_invalid_count=0 all_invalid_ratio=0 empty_count=0 empty_ratio=0 full_count=0 full_ratio=0 mean_point_distance=29.16 n1_gt_valid_count=64 n1_in_gt_bg=0.8594 n1_in_gt_bg_count=55 n1_valid_count=64 n1_valid_ratio=1 n2_gt_valid_count=64 n2_in_gt_bg=1 n2_in_gt_bg_count=64 n2_valid_count=64 n2_valid_ratio=1 neg_in_pred_bg=1 neg_in_pred_bg_count=128 negative_pair_count=64 negative_pair_distance_sum=2905 p1_gt_valid_count=64 p1_in_gt_fg=1 p1_in_gt_fg_count=64 p1_valid_count=64 p1_valid_ratio=1 p2_gt_valid_count=64 p2_in_gt_fg=1 p2_in_gt_fg_count=64 p2_valid_count=64 p2_valid_ratio=1 point_distance_sum=3732 point_overlap_count=0 point_overlap_ratio=0 point_pair_count=128 pos_in_pred_fg=1 pos_in_pred_fg_count=128 positive_pair_count=64 positive_pair_distance_sum=827.5 roi_count=64 valid_neg_count=128 valid_pos_count=128 warmup_stage=2
2026-07-30 05:55:07,385 - portable_sam_fusion - INFO - [DEBUG-BOX] epoch=13 step=3700 fallback_count=0 fallback_ratio=0 num_rois=0 refined_proposal_iou=0 refined_proposal_iou_sum=0 refined_valid_count=0
2026-07-30 05:55:07,385 - portable_sam_fusion - INFO - [DEBUG-COARSE] epoch=13 step=3700 boundary_fn=0 boundary_fp=0 boundary_tp=0 dice=0 iou=0
2026-07-30 05:55:07,385 - portable_sam_fusion - INFO - [DEBUG-CONTEXT] epoch=13 step=3700 enabled=0
2026-07-30 05:55:07,385 - portable_sam_fusion - INFO - [DEBUG-DENSE] epoch=13 step=3700 applied_delta_norm=3.114 applied_delta_ratio=0.2667 base_norm=11.68 canvas_max=8 canvas_mean=0.003393 canvas_min=-8 canvas_nonzero_ratio=0.007916 canvas_std=0.5324 final_norm=12.05 residual_alpha=0.5 shape_norm=13.25 source_delta_norm=6.228 source_delta_ratio=0.5333
2026-07-30 05:55:07,385 - portable_sam_fusion - INFO - [DEBUG-GATE] epoch=13 step=3700 shape_dense_alpha_max=0.5 shape_dense_alpha_mean=0.5 shape_dense_alpha_min=0.5
2026-07-30 05:55:07,386 - portable_sam_fusion - INFO - [DEBUG-JITTER] epoch=13 step=3700 area_ratio_count=0 area_ratio_mean=0 area_ratio_sum=0 fallback_count=0 mean_iou=0 num_jittered=0 num_rois=0
2026-07-30 05:55:07,386 - portable_sam_fusion - INFO - [DEBUG-SP] epoch=13 step=3700 all_invalid_count=0 all_invalid_ratio=0 empty_count=0 empty_ratio=0 full_count=0 full_ratio=0 mean_point_distance=31.88 n1_gt_valid_count=64 n1_in_gt_bg=0.7812 n1_in_gt_bg_count=50 n1_valid_count=64 n1_valid_ratio=1 n2_gt_valid_count=64 n2_in_gt_bg=1 n2_in_gt_bg_count=64 n2_valid_count=64 n2_valid_ratio=1 neg_in_pred_bg=1 neg_in_pred_bg_count=128 negative_pair_count=64 negative_pair_distance_sum=3181 p1_gt_valid_count=64 p1_in_gt_fg=1 p1_in_gt_fg_count=64 p1_valid_count=64 p1_valid_ratio=1 p2_gt_valid_count=64 p2_in_gt_fg=1 p2_in_gt_fg_count=64 p2_valid_count=64 p2_valid_ratio=1 point_distance_sum=4081 point_overlap_count=0 point_overlap_ratio=0 point_pair_count=128 pos_in_pred_fg=1 pos_in_pred_fg_count=128 positive_pair_count=64 positive_pair_distance_sum=900.3 roi_count=64 valid_neg_count=128 valid_pos_count=128 warmup_stage=2
2026-07-30 05:56:14,473 - portable_sam_fusion - INFO - [DEBUG-BOX] epoch=13 step=3750 fallback_count=0 fallback_ratio=0 num_rois=64 refined_proposal_iou=0 refined_proposal_iou_sum=0 refined_valid_count=0
2026-07-30 05:56:14,473 - portable_sam_fusion - INFO - [DEBUG-COARSE] epoch=13 step=3750 bce_raw=0.1989 boundary_fn=3217 boundary_fp=2694 boundary_tp=2.495e+04 dice=0.09841 dice_loss_raw=0.09841 iou=0.8255 loss_weight=0.1 raw_boundary_fn=3217 raw_boundary_fp=2694 raw_boundary_tp=2.495e+04 raw_dice_score=0.9016 raw_iou=0.8255 weighted_loss=0.02973
2026-07-30 05:56:14,473 - portable_sam_fusion - INFO - [DEBUG-CONTEXT] epoch=13 step=3750 enabled=0
2026-07-30 05:56:14,473 - portable_sam_fusion - INFO - [DEBUG-DENSE] epoch=13 step=3750 applied_delta_norm=3.47 applied_delta_ratio=0.2972 base_norm=11.68 canvas_max=8 canvas_mean=0.001978 canvas_min=-8 canvas_nonzero_ratio=0.009726 canvas_std=0.5142 final_norm=12.1 residual_alpha=0.5 shape_norm=13.5 source_delta_norm=6.941 source_delta_ratio=0.5943
2026-07-30 05:56:14,473 - portable_sam_fusion - INFO - [DEBUG-GATE] epoch=13 step=3750 shape_dense_alpha_max=0.5 shape_dense_alpha_mean=0.5 shape_dense_alpha_min=0.5
2026-07-30 05:56:14,473 - portable_sam_fusion - INFO - [DEBUG-JITTER] epoch=13 step=3750 area_ratio_count=64 area_ratio_mean=1 area_ratio_sum=64 fallback_count=0 mean_iou=1 num_jittered=0 num_rois=64
2026-07-30 05:56:14,473 - portable_sam_fusion - INFO - [DEBUG-SP] epoch=13 step=3750 all_invalid_count=0 all_invalid_ratio=0 empty_count=0 empty_ratio=0 full_count=0 full_ratio=0 mean_point_distance=39.23 n1_gt_valid_count=64 n1_in_gt_bg=0.8438 n1_in_gt_bg_count=54 n1_valid_count=64 n1_valid_ratio=1 n2_gt_valid_count=64 n2_in_gt_bg=0.9844 n2_in_gt_bg_count=63 n2_valid_count=64 n2_valid_ratio=1 neg_in_pred_bg=1 neg_in_pred_bg_count=128 negative_pair_count=64 negative_pair_distance_sum=3753 p1_gt_valid_count=64 p1_in_gt_fg=1 p1_in_gt_fg_count=64 p1_valid_count=64 p1_valid_ratio=1 p2_gt_valid_count=64 p2_in_gt_fg=0.9688 p2_in_gt_fg_count=62 p2_valid_count=64 p2_valid_ratio=1 point_distance_sum=5022 point_overlap_count=0 point_overlap_ratio=0 point_pair_count=128 pos_in_pred_fg=1 pos_in_pred_fg_count=128 positive_pair_count=64 positive_pair_distance_sum=1269 roi_count=64 valid_neg_count=128 valid_pos_count=128 warmup_stage=2
2026-07-30 05:56:41,980 - portable_sam_fusion - INFO - epoch 13 | mini-batch 248/294 | optimizer_step 950/5920 | lr=4.742e-04
2026-07-30 05:57:04,830 - portable_sam_fusion - INFO - [DEBUG-BOX] epoch=13 step=3800 fallback_count=0 fallback_ratio=0 num_rois=64 refined_proposal_iou=0 refined_proposal_iou_sum=0 refined_valid_count=0
2026-07-30 05:57:04,830 - portable_sam_fusion - INFO - [DEBUG-COARSE] epoch=13 step=3800 bce_raw=0.1119 boundary_fn=1295 boundary_fp=1921 boundary_tp=2.186e+04 dice=0.05112 dice_loss_raw=0.05112 iou=0.9031 loss_weight=0.1 raw_boundary_fn=1295 raw_boundary_fp=1921 raw_boundary_tp=2.186e+04 raw_dice_score=0.9489 raw_iou=0.9031 weighted_loss=0.0163
2026-07-30 05:57:04,831 - portable_sam_fusion - INFO - [DEBUG-CONTEXT] epoch=13 step=3800 enabled=0
2026-07-30 05:57:04,831 - portable_sam_fusion - INFO - [DEBUG-DENSE] epoch=13 step=3800 applied_delta_norm=4.685 applied_delta_ratio=0.4012 base_norm=11.68 canvas_max=8 canvas_mean=0.03884 canvas_min=-8 canvas_nonzero_ratio=0.02192 canvas_std=0.779 final_norm=12.88 residual_alpha=0.5 shape_norm=15.97 source_delta_norm=9.37 source_delta_ratio=0.8024
2026-07-30 05:57:04,831 - portable_sam_fusion - INFO - [DEBUG-GATE] epoch=13 step=3800 shape_dense_alpha_max=0.5 shape_dense_alpha_mean=0.5 shape_dense_alpha_min=0.5
2026-07-30 05:57:04,831 - portable_sam_fusion - INFO - [DEBUG-JITTER] epoch=13 step=3800 area_ratio_count=64 area_ratio_mean=1 area_ratio_sum=64 fallback_count=0 mean_iou=1 num_jittered=0 num_rois=64
2026-07-30 05:57:04,831 - portable_sam_fusion - INFO - [DEBUG-SP] epoch=13 step=3800 all_invalid_count=0 all_invalid_ratio=0 empty_count=0 empty_ratio=0 full_count=0 full_ratio=0 mean_point_distance=43.75 n1_gt_valid_count=64 n1_in_gt_bg=0.8281 n1_in_gt_bg_count=53 n1_valid_count=64 n1_valid_ratio=1 n2_gt_valid_count=64 n2_in_gt_bg=0.9688 n2_in_gt_bg_count=62 n2_valid_count=64 n2_valid_ratio=1 neg_in_pred_bg=1 neg_in_pred_bg_count=128 negative_pair_count=64 negative_pair_distance_sum=3938 p1_gt_valid_count=64 p1_in_gt_fg=1 p1_in_gt_fg_count=64 p1_valid_count=64 p1_valid_ratio=1 p2_gt_valid_count=64 p2_in_gt_fg=1 p2_in_gt_fg_count=64 p2_valid_count=64 p2_valid_ratio=1 point_distance_sum=5601 point_overlap_count=0 point_overlap_ratio=0 point_pair_count=128 pos_in_pred_fg=1 pos_in_pred_fg_count=128 positive_pair_count=64 positive_pair_distance_sum=1663 roi_count=64 valid_neg_count=128 valid_pos_count=128 warmup_stage=2
2026-07-30 05:57:24,504 - portable_sam_fusion - INFO - Epoch 13 detailed losses: loss_rpn_cls=0.0238, loss_rpn_bbox=0.0079, loss_cls=0.2225, acc=91.0931, loss_bbox=0.0918, loss_mask=0.0016, schedule/det_weight=1.0000, debug_mask_pos_rois=57.5680, debug_mask_logit_mean=-16.2501, debug_mask_logit_std=3.1881, debug_mask_prob_mean=0.0052, debug_mask_prob_ge05=0.0051, debug_mask_target_fill=0.0052, loss_shape_prior=0.0236
2026-07-30 05:57:24,504 - portable_sam_fusion - INFO - Epoch 13 dense residual monitor: alpha=0.500000 source_delta_norm=6.5182 applied_delta_norm=3.2591 source_delta_ratio=0.558142 applied_delta_ratio=0.279071
2026-07-30 05:57:24,504 - portable_sam_fusion - INFO - Epoch 13 primary loss shares: det=93.23% final_mask=0.42% shape=6.35% p2_boundary=0.00%
2026-07-30 05:57:24,504 - portable_sam_fusion - INFO - Epoch 13 schedule: det_loss_weight=1.000 early_stop_start=20 min_delta=0.0005
2026-07-30 05:57:24,504 - portable_sam_fusion - INFO - Epoch 13 learning rates: sat_backbone=4.73e-04, mask_decoder=4.73e-04, prompt_encoder=4.73e-04, shape_prior=4.73e-04, quality_head=4.73e-04, sat_other=4.73e-04
2026-07-30 06:00:26,709 - portable_sam_fusion - INFO - Validation samples: GT=15926, DT=16264, avg_masks_per_image=25.94, avg_mask_fill=0.0056
creating index...
index created!
Loading and preparing results...
DONE (t=0.02s)
creating index...
index created!
Running per image evaluation...
Evaluate annotation type *bbox*
DONE (t=10.19s).
Accumulating evaluation results...
DONE (t=0.17s).
 Average Precision  (AP) @[ IoU=0.50:0.95 | area=   all | maxDets=100 ] = 0.647
 Average Precision  (AP) @[ IoU=0.50      | area=   all | maxDets=100 ] = 0.870
 Average Precision  (AP) @[ IoU=0.75      | area=   all | maxDets=100 ] = 0.782
 Average Precision  (AP) @[ IoU=0.50:0.95 | area= small | maxDets=100 ] = 0.240
 Average Precision  (AP) @[ IoU=0.50:0.95 | area=medium | maxDets=100 ] = 0.707
 Average Precision  (AP) @[ IoU=0.50:0.95 | area= large | maxDets=100 ] = 0.716
 Average Recall     (AR) @[ IoU=0.50:0.95 | area=   all | maxDets=  1 ] = 0.024
 Average Recall     (AR) @[ IoU=0.50:0.95 | area=   all | maxDets= 10 ] = 0.181
 Average Recall     (AR) @[ IoU=0.50:0.95 | area=   all | maxDets=100 ] = 0.700
 Average Recall     (AR) @[ IoU=0.50:0.95 | area= small | maxDets=100 ] = 0.332
 Average Recall     (AR) @[ IoU=0.50:0.95 | area=medium | maxDets=100 ] = 0.760
 Average Recall     (AR) @[ IoU=0.50:0.95 | area= large | maxDets=100 ] = 0.766
2026-07-30 06:00:37,260 - portable_sam_fusion - INFO - Validation bbox/mAP: 0.6469 bbox/mAP_75: 0.7816
Running per image evaluation...
Evaluate annotation type *segm*
DONE (t=10.65s).
Accumulating evaluation results...
DONE (t=0.16s).
 Average Precision  (AP) @[ IoU=0.50:0.95 | area=   all | maxDets=100 ] = 0.448
 Average Precision  (AP) @[ IoU=0.50      | area=   all | maxDets=100 ] = 0.840
 Average Precision  (AP) @[ IoU=0.75      | area=   all | maxDets=100 ] = 0.480
 Average Precision  (AP) @[ IoU=0.50:0.95 | area= small | maxDets=100 ] = 0.048
 Average Precision  (AP) @[ IoU=0.50:0.95 | area=medium | maxDets=100 ] = 0.464
 Average Precision  (AP) @[ IoU=0.50:0.95 | area= large | maxDets=100 ] = 0.643
 Average Recall     (AR) @[ IoU=0.50:0.95 | area=   all | maxDets=  1 ] = 0.021
 Average Recall     (AR) @[ IoU=0.50:0.95 | area=   all | maxDets= 10 ] = 0.145
 Average Recall     (AR) @[ IoU=0.50:0.95 | area=   all | maxDets=100 ] = 0.489
 Average Recall     (AR) @[ IoU=0.50:0.95 | area= small | maxDets=100 ] = 0.090
 Average Recall     (AR) @[ IoU=0.50:0.95 | area=medium | maxDets=100 ] = 0.506
 Average Recall     (AR) @[ IoU=0.50:0.95 | area= large | maxDets=100 ] = 0.687
2026-07-30 06:00:48,105 - portable_sam_fusion - INFO - Validation segm/mAP: 0.4483
2026-07-30 06:00:48,704 - portable_sam_fusion - INFO - Early-stop metric (segm/mAP): raw=0.4483 smooth(5)=0.4535; counter disabled before epoch 20
2026-07-30 06:00:54,040 - portable_sam_fusion - INFO - Epoch 13/80 | train=0.371072 val=disabled segm/mAP=0.4483 bbox/mAP=0.6469 | best_segm=0.4733 best_bbox=0.6620 best_comp=0.0000 | sat_backbone=4.73e-04 mask_decoder=4.73e-04 prompt_encoder=4.73e-04 shape_prior=4.73e-04 quality_head=4.73e-04 sat_other=4.73e-04
2026-07-30 06:01:31,851 - portable_sam_fusion - INFO - [DEBUG-BOX] epoch=14 step=3850 fallback_count=0 fallback_ratio=0 num_rois=64 refined_proposal_iou=0 refined_proposal_iou_sum=0 refined_valid_count=0
2026-07-30 06:01:31,851 - portable_sam_fusion - INFO - [DEBUG-COARSE] epoch=14 step=3850 bce_raw=0.09803 boundary_fn=781 boundary_fp=1253 boundary_tp=2.186e+04 dice=0.04536 dice_loss_raw=0.04536 iou=0.9138 loss_weight=0.1 raw_boundary_fn=781 raw_boundary_fp=1253 raw_boundary_tp=2.186e+04 raw_dice_score=0.9546 raw_iou=0.9138 weighted_loss=0.01434
2026-07-30 06:01:31,851 - portable_sam_fusion - INFO - [DEBUG-CONTEXT] epoch=14 step=3850 enabled=0
2026-07-30 06:01:31,851 - portable_sam_fusion - INFO - [DEBUG-DENSE] epoch=14 step=3850 applied_delta_norm=2.476 applied_delta_ratio=0.212 base_norm=11.68 canvas_max=8 canvas_mean=0.0129 canvas_min=-7.572 canvas_nonzero_ratio=0.004652 canvas_std=0.3856 final_norm=11.9 residual_alpha=0.5 shape_norm=12.65 source_delta_norm=4.951 source_delta_ratio=0.424
2026-07-30 06:01:31,851 - portable_sam_fusion - INFO - [DEBUG-GATE] epoch=14 step=3850 shape_dense_alpha_max=0.5 shape_dense_alpha_mean=0.5 shape_dense_alpha_min=0.5
2026-07-30 06:01:31,851 - portable_sam_fusion - INFO - [DEBUG-JITTER] epoch=14 step=3850 area_ratio_count=64 area_ratio_mean=1 area_ratio_sum=64 fallback_count=0 mean_iou=1 num_jittered=0 num_rois=64
2026-07-30 06:01:31,851 - portable_sam_fusion - INFO - [DEBUG-SP] epoch=14 step=3850 all_invalid_count=0 all_invalid_ratio=0 empty_count=0 empty_ratio=0 full_count=0 full_ratio=0 mean_point_distance=20.69 n1_gt_valid_count=64 n1_in_gt_bg=0.8125 n1_in_gt_bg_count=52 n1_valid_count=64 n1_valid_ratio=1 n2_gt_valid_count=64 n2_in_gt_bg=1 n2_in_gt_bg_count=64 n2_valid_count=64 n2_valid_ratio=1 neg_in_pred_bg=1 neg_in_pred_bg_count=128 negative_pair_count=64 negative_pair_distance_sum=1968 p1_gt_valid_count=64 p1_in_gt_fg=1 p1_in_gt_fg_count=64 p1_valid_count=64 p1_valid_ratio=1 p2_gt_valid_count=64 p2_in_gt_fg=1 p2_in_gt_fg_count=64 p2_valid_count=64 p2_valid_ratio=1 point_distance_sum=2648 point_overlap_count=0 point_overlap_ratio=0 point_pair_count=128 pos_in_pred_fg=1 pos_in_pred_fg_count=128 positive_pair_count=64 positive_pair_distance_sum=680.6 roi_count=64 valid_neg_count=128 valid_pos_count=128 warmup_stage=2
2026-07-30 06:02:36,234 - portable_sam_fusion - INFO - [DEBUG-BOX] epoch=14 step=3900 fallback_count=0 fallback_ratio=0 num_rois=64 refined_proposal_iou=0 refined_proposal_iou_sum=0 refined_valid_count=0
2026-07-30 06:02:36,234 - portable_sam_fusion - INFO - [DEBUG-COARSE] epoch=14 step=3900 bce_raw=0.1607 boundary_fn=2568 boundary_fp=2665 boundary_tp=2.34e+04 dice=0.07283 dice_loss_raw=0.07283 iou=0.8671 loss_weight=0.1 raw_boundary_fn=2568 raw_boundary_fp=2665 raw_boundary_tp=2.34e+04 raw_dice_score=0.9272 raw_iou=0.8671 weighted_loss=0.02336
2026-07-30 06:02:36,234 - portable_sam_fusion - INFO - [DEBUG-CONTEXT] epoch=14 step=3900 enabled=0
2026-07-30 06:02:36,234 - portable_sam_fusion - INFO - [DEBUG-DENSE] epoch=14 step=3900 applied_delta_norm=2.778 applied_delta_ratio=0.2378 base_norm=11.68 canvas_max=8 canvas_mean=0.005112 canvas_min=-8 canvas_nonzero_ratio=0.006467 canvas_std=0.4553 final_norm=11.97 residual_alpha=0.5 shape_norm=12.94 source_delta_norm=5.555 source_delta_ratio=0.4757
2026-07-30 06:02:36,234 - portable_sam_fusion - INFO - [DEBUG-GATE] epoch=14 step=3900 shape_dense_alpha_max=0.5 shape_dense_alpha_mean=0.5 shape_dense_alpha_min=0.5
2026-07-30 06:02:36,234 - portable_sam_fusion - INFO - [DEBUG-JITTER] epoch=14 step=3900 area_ratio_count=64 area_ratio_mean=1 area_ratio_sum=64 fallback_count=0 mean_iou=1 num_jittered=0 num_rois=64
2026-07-30 06:02:36,234 - portable_sam_fusion - INFO - [DEBUG-SP] epoch=14 step=3900 all_invalid_count=0 all_invalid_ratio=0 empty_count=0 empty_ratio=0 full_count=0 full_ratio=0 mean_point_distance=30.44 n1_gt_valid_count=64 n1_in_gt_bg=0.8906 n1_in_gt_bg_count=57 n1_valid_count=64 n1_valid_ratio=1 n2_gt_valid_count=64 n2_in_gt_bg=0.9844 n2_in_gt_bg_count=63 n2_valid_count=64 n2_valid_ratio=1 neg_in_pred_bg=1 neg_in_pred_bg_count=128 negative_pair_count=64 negative_pair_distance_sum=2856 p1_gt_valid_count=64 p1_in_gt_fg=1 p1_in_gt_fg_count=64 p1_valid_count=64 p1_valid_ratio=1 p2_gt_valid_count=64 p2_in_gt_fg=1 p2_in_gt_fg_count=64 p2_valid_count=64 p2_valid_ratio=1 point_distance_sum=3896 point_overlap_count=0 point_overlap_ratio=0 point_pair_count=128 pos_in_pred_fg=1 pos_in_pred_fg_count=128 positive_pair_count=64 positive_pair_distance_sum=1040 roi_count=64 valid_neg_count=128 valid_pos_count=128 warmup_stage=2
2026-07-30 06:03:43,269 - portable_sam_fusion - INFO - [DEBUG-BOX] epoch=14 step=3950 fallback_count=0 fallback_ratio=0 num_rois=64 refined_proposal_iou=0 refined_proposal_iou_sum=0 refined_valid_count=0
2026-07-30 06:03:43,269 - portable_sam_fusion - INFO - [DEBUG-COARSE] epoch=14 step=3950 bce_raw=0.1737 boundary_fn=1957 boundary_fp=2397 boundary_tp=2.34e+04 dice=0.07383 dice_loss_raw=0.07383 iou=0.8648 loss_weight=0.1 raw_boundary_fn=1957 raw_boundary_fp=2397 raw_boundary_tp=2.34e+04 raw_dice_score=0.9262 raw_iou=0.8648 weighted_loss=0.02475
2026-07-30 06:03:43,269 - portable_sam_fusion - INFO - [DEBUG-CONTEXT] epoch=14 step=3950 enabled=0
2026-07-30 06:03:43,269 - portable_sam_fusion - INFO - [DEBUG-DENSE] epoch=14 step=3950 applied_delta_norm=3.566 applied_delta_ratio=0.3053 base_norm=11.68 canvas_max=8 canvas_mean=-0.006308 canvas_min=-8 canvas_nonzero_ratio=0.01194 canvas_std=0.6239 final_norm=12.26 residual_alpha=0.5 shape_norm=14.03 source_delta_norm=7.131 source_delta_ratio=0.6106
2026-07-30 06:03:43,269 - portable_sam_fusion - INFO - [DEBUG-GATE] epoch=14 step=3950 shape_dense_alpha_max=0.5 shape_dense_alpha_mean=0.5 shape_dense_alpha_min=0.5
2026-07-30 06:03:43,269 - portable_sam_fusion - INFO - [DEBUG-JITTER] epoch=14 step=3950 area_ratio_count=64 area_ratio_mean=1 area_ratio_sum=64 fallback_count=0 mean_iou=1 num_jittered=0 num_rois=64
2026-07-30 06:03:43,269 - portable_sam_fusion - INFO - [DEBUG-SP] epoch=14 step=3950 all_invalid_count=0 all_invalid_ratio=0 empty_count=0 empty_ratio=0 full_count=0 full_ratio=0 mean_point_distance=36.14 n1_gt_valid_count=64 n1_in_gt_bg=0.7344 n1_in_gt_bg_count=47 n1_valid_count=64 n1_valid_ratio=1 n2_gt_valid_count=64 n2_in_gt_bg=1 n2_in_gt_bg_count=64 n2_valid_count=64 n2_valid_ratio=1 neg_in_pred_bg=1 neg_in_pred_bg_count=128 negative_pair_count=64 negative_pair_distance_sum=3379 p1_gt_valid_count=64 p1_in_gt_fg=1 p1_in_gt_fg_count=64 p1_valid_count=64 p1_valid_ratio=1 p2_gt_valid_count=64 p2_in_gt_fg=1 p2_in_gt_fg_count=64 p2_valid_count=64 p2_valid_ratio=1 point_distance_sum=4626 point_overlap_count=0 point_overlap_ratio=0 point_pair_count=128 pos_in_pred_fg=1 pos_in_pred_fg_count=128 positive_pair_count=64 positive_pair_distance_sum=1247 roi_count=64 valid_neg_count=128 valid_pos_count=128 warmup_stage=2
2026-07-30 06:04:12,939 - portable_sam_fusion - INFO - epoch 14 | mini-batch 152/294 | optimizer_step 1000/5920 | lr=4.711e-04
2026-07-30 06:04:44,414 - portable_sam_fusion - INFO - [DEBUG-BOX] epoch=14 step=4000 fallback_count=0 fallback_ratio=0 num_rois=64 refined_proposal_iou=0 refined_proposal_iou_sum=0 refined_valid_count=0
2026-07-30 06:04:44,414 - portable_sam_fusion - INFO - [DEBUG-COARSE] epoch=14 step=4000 bce_raw=0.1617 boundary_fn=2951 boundary_fp=2726 boundary_tp=2.518e+04 dice=0.0881 dice_loss_raw=0.0881 iou=0.8414 loss_weight=0.1 raw_boundary_fn=2951 raw_boundary_fp=2726 raw_boundary_tp=2.518e+04 raw_dice_score=0.9119 raw_iou=0.8414 weighted_loss=0.02498
2026-07-30 06:04:44,415 - portable_sam_fusion - INFO - [DEBUG-CONTEXT] epoch=14 step=4000 enabled=0
2026-07-30 06:04:44,415 - portable_sam_fusion - INFO - [DEBUG-DENSE] epoch=14 step=4000 applied_delta_norm=3.44 applied_delta_ratio=0.2945 base_norm=11.68 canvas_max=8 canvas_mean=0.004649 canvas_min=-8 canvas_nonzero_ratio=0.009002 canvas_std=0.5194 final_norm=12.09 residual_alpha=0.5 shape_norm=13.47 source_delta_norm=6.88 source_delta_ratio=0.5891
2026-07-30 06:04:44,415 - portable_sam_fusion - INFO - [DEBUG-GATE] epoch=14 step=4000 shape_dense_alpha_max=0.5 shape_dense_alpha_mean=0.5 shape_dense_alpha_min=0.5
2026-07-30 06:04:44,415 - portable_sam_fusion - INFO - [DEBUG-JITTER] epoch=14 step=4000 area_ratio_count=64 area_ratio_mean=1 area_ratio_sum=64 fallback_count=0 mean_iou=1 num_jittered=0 num_rois=64
2026-07-30 06:04:44,415 - portable_sam_fusion - INFO - [DEBUG-SP] epoch=14 step=4000 all_invalid_count=0 all_invalid_ratio=0 empty_count=0 empty_ratio=0 full_count=0 full_ratio=0 mean_point_distance=29.35 n1_gt_valid_count=64 n1_in_gt_bg=0.9375 n1_in_gt_bg_count=60 n1_valid_count=64 n1_valid_ratio=1 n2_gt_valid_count=64 n2_in_gt_bg=1 n2_in_gt_bg_count=64 n2_valid_count=64 n2_valid_ratio=1 neg_in_pred_bg=1 neg_in_pred_bg_count=128 negative_pair_count=64 negative_pair_distance_sum=2609 p1_gt_valid_count=64 p1_in_gt_fg=1 p1_in_gt_fg_count=64 p1_valid_count=64 p1_valid_ratio=1 p2_gt_valid_count=64 p2_in_gt_fg=1 p2_in_gt_fg_count=64 p2_valid_count=64 p2_valid_ratio=1 point_distance_sum=3756 point_overlap_count=0 point_overlap_ratio=0 point_pair_count=128 pos_in_pred_fg=1 pos_in_pred_fg_count=128 positive_pair_count=64 positive_pair_distance_sum=1147 roi_count=64 valid_neg_count=128 valid_pos_count=128 warmup_stage=2
2026-07-30 06:05:48,688 - portable_sam_fusion - INFO - [DEBUG-BOX] epoch=14 step=4050 fallback_count=0 fallback_ratio=0 num_rois=64 refined_proposal_iou=0 refined_proposal_iou_sum=0 refined_valid_count=0
2026-07-30 06:05:48,688 - portable_sam_fusion - INFO - [DEBUG-COARSE] epoch=14 step=4050 bce_raw=0.1861 boundary_fn=3709 boundary_fp=3038 boundary_tp=2.285e+04 dice=0.1036 dice_loss_raw=0.1036 iou=0.8177 loss_weight=0.1 raw_boundary_fn=3709 raw_boundary_fp=3038 raw_boundary_tp=2.285e+04 raw_dice_score=0.8964 raw_iou=0.8177 weighted_loss=0.02897
2026-07-30 06:05:48,688 - portable_sam_fusion - INFO - [DEBUG-CONTEXT] epoch=14 step=4050 enabled=0
2026-07-30 06:05:48,688 - portable_sam_fusion - INFO - [DEBUG-DENSE] epoch=14 step=4050 applied_delta_norm=4.133 applied_delta_ratio=0.3539 base_norm=11.68 canvas_max=8 canvas_mean=-0.02195 canvas_min=-8 canvas_nonzero_ratio=0.02113 canvas_std=0.8085 final_norm=12.6 residual_alpha=0.5 shape_norm=14.92 source_delta_norm=8.266 source_delta_ratio=0.7078
2026-07-30 06:05:48,688 - portable_sam_fusion - INFO - [DEBUG-GATE] epoch=14 step=4050 shape_dense_alpha_max=0.5 shape_dense_alpha_mean=0.5 shape_dense_alpha_min=0.5
2026-07-30 06:05:48,688 - portable_sam_fusion - INFO - [DEBUG-JITTER] epoch=14 step=4050 area_ratio_count=64 area_ratio_mean=1 area_ratio_sum=64 fallback_count=0 mean_iou=1 num_jittered=0 num_rois=64
2026-07-30 06:05:48,688 - portable_sam_fusion - INFO - [DEBUG-SP] epoch=14 step=4050 all_invalid_count=0 all_invalid_ratio=0 empty_count=0 empty_ratio=0 full_count=0 full_ratio=0 mean_point_distance=41.69 n1_gt_valid_count=64 n1_in_gt_bg=0.9531 n1_in_gt_bg_count=61 n1_valid_count=64 n1_valid_ratio=1 n2_gt_valid_count=64 n2_in_gt_bg=1 n2_in_gt_bg_count=64 n2_valid_count=64 n2_valid_ratio=1 neg_in_pred_bg=1 neg_in_pred_bg_count=128 negative_pair_count=64 negative_pair_distance_sum=3889 p1_gt_valid_count=64 p1_in_gt_fg=1 p1_in_gt_fg_count=64 p1_valid_count=64 p1_valid_ratio=1 p2_gt_valid_count=64 p2_in_gt_fg=1 p2_in_gt_fg_count=64 p2_valid_count=64 p2_valid_ratio=1 point_distance_sum=5336 point_overlap_count=0 point_overlap_ratio=0 point_pair_count=128 pos_in_pred_fg=1 pos_in_pred_fg_count=128 positive_pair_count=64 positive_pair_distance_sum=1447 roi_count=64 valid_neg_count=128 valid_pos_count=128 warmup_stage=2
2026-07-30 06:06:45,639 - portable_sam_fusion - INFO - [DEBUG-BOX] epoch=14 step=4100 fallback_count=0 fallback_ratio=0 num_rois=0 refined_proposal_iou=0 refined_proposal_iou_sum=0 refined_valid_count=0
2026-07-30 06:06:45,639 - portable_sam_fusion - INFO - [DEBUG-COARSE] epoch=14 step=4100 boundary_fn=0 boundary_fp=0 boundary_tp=0 dice=0 iou=0
2026-07-30 06:06:45,639 - portable_sam_fusion - INFO - [DEBUG-CONTEXT] epoch=14 step=4100 enabled=0
2026-07-30 06:06:45,639 - portable_sam_fusion - INFO - [DEBUG-DENSE] epoch=14 step=4100 applied_delta_norm=2.579 applied_delta_ratio=0.2208 base_norm=11.68 canvas_max=8 canvas_mean=-0.00348 canvas_min=-8 canvas_nonzero_ratio=0.006148 canvas_std=0.4436 final_norm=11.93 residual_alpha=0.5 shape_norm=12.79 source_delta_norm=5.158 source_delta_ratio=0.4416
2026-07-30 06:06:45,639 - portable_sam_fusion - INFO - [DEBUG-GATE] epoch=14 step=4100 shape_dense_alpha_max=0.5 shape_dense_alpha_mean=0.5 shape_dense_alpha_min=0.5
2026-07-30 06:06:45,639 - portable_sam_fusion - INFO - [DEBUG-JITTER] epoch=14 step=4100 area_ratio_count=0 area_ratio_mean=0 area_ratio_sum=0 fallback_count=0 mean_iou=0 num_jittered=0 num_rois=0
2026-07-30 06:06:45,639 - portable_sam_fusion - INFO - [DEBUG-SP] epoch=14 step=4100 all_invalid_count=0 all_invalid_ratio=0 empty_count=0 empty_ratio=0 full_count=0 full_ratio=0 mean_point_distance=25.62 n1_gt_valid_count=64 n1_in_gt_bg=0.9844 n1_in_gt_bg_count=63 n1_valid_count=64 n1_valid_ratio=1 n2_gt_valid_count=64 n2_in_gt_bg=1 n2_in_gt_bg_count=64 n2_valid_count=64 n2_valid_ratio=1 neg_in_pred_bg=1 neg_in_pred_bg_count=128 negative_pair_count=64 negative_pair_distance_sum=2398 p1_gt_valid_count=64 p1_in_gt_fg=1 p1_in_gt_fg_count=64 p1_valid_count=64 p1_valid_ratio=1 p2_gt_valid_count=64 p2_in_gt_fg=1 p2_in_gt_fg_count=64 p2_valid_count=64 p2_valid_ratio=1 point_distance_sum=3280 point_overlap_count=0 point_overlap_ratio=0 point_pair_count=128 pos_in_pred_fg=1 pos_in_pred_fg_count=128 positive_pair_count=64 positive_pair_distance_sum=882 roi_count=64 valid_neg_count=128 valid_pos_count=128 warmup_stage=2
2026-07-30 06:06:58,970 - portable_sam_fusion - INFO - Epoch 14 detailed losses: loss_rpn_cls=0.0180, loss_rpn_bbox=0.0064, loss_cls=0.2098, acc=91.7508, loss_bbox=0.0845, loss_mask=0.0016, debug_mask_pos_rois=55.6429, debug_mask_logit_mean=-16.0041, debug_mask_logit_std=3.1324, debug_mask_prob_mean=0.0045, debug_mask_prob_ge05=0.0045, debug_mask_target_fill=0.0045, loss_shape_prior=0.0231, schedule/det_weight=1.0000
2026-07-30 06:06:58,970 - portable_sam_fusion - INFO - Epoch 14 dense residual monitor: alpha=0.500000 source_delta_norm=6.6646 applied_delta_norm=3.3323 source_delta_ratio=0.570675 applied_delta_ratio=0.285337
2026-07-30 06:06:58,970 - portable_sam_fusion - INFO - Epoch 14 primary loss shares: det=92.82% final_mask=0.46% shape=6.72% p2_boundary=0.00%
2026-07-30 06:06:58,970 - portable_sam_fusion - INFO - Epoch 14 schedule: det_loss_weight=1.000 early_stop_start=20 min_delta=0.0005
2026-07-30 06:06:58,970 - portable_sam_fusion - INFO - Epoch 14 learning rates: sat_backbone=4.69e-04, mask_decoder=4.69e-04, prompt_encoder=4.69e-04, shape_prior=4.69e-04, quality_head=4.69e-04, sat_other=4.69e-04
2026-07-30 06:10:23,326 - portable_sam_fusion - INFO - Validation samples: GT=15926, DT=19962, avg_masks_per_image=31.84, avg_mask_fill=0.0057
creating index...
index created!
Loading and preparing results...
DONE (t=0.03s)
creating index...
index created!
Running per image evaluation...
Evaluate annotation type *bbox*
DONE (t=11.17s).
Accumulating evaluation results...
DONE (t=0.20s).
 Average Precision  (AP) @[ IoU=0.50:0.95 | area=   all | maxDets=100 ] = 0.668
 Average Precision  (AP) @[ IoU=0.50      | area=   all | maxDets=100 ] = 0.892
 Average Precision  (AP) @[ IoU=0.75      | area=   all | maxDets=100 ] = 0.795
 Average Precision  (AP) @[ IoU=0.50:0.95 | area= small | maxDets=100 ] = 0.283
 Average Precision  (AP) @[ IoU=0.50:0.95 | area=medium | maxDets=100 ] = 0.708
 Average Precision  (AP) @[ IoU=0.50:0.95 | area= large | maxDets=100 ] = 0.750
 Average Recall     (AR) @[ IoU=0.50:0.95 | area=   all | maxDets=  1 ] = 0.025
 Average Recall     (AR) @[ IoU=0.50:0.95 | area=   all | maxDets= 10 ] = 0.185
 Average Recall     (AR) @[ IoU=0.50:0.95 | area=   all | maxDets=100 ] = 0.724
 Average Recall     (AR) @[ IoU=0.50:0.95 | area= small | maxDets=100 ] = 0.423
 Average Recall     (AR) @[ IoU=0.50:0.95 | area=medium | maxDets=100 ] = 0.763
 Average Recall     (AR) @[ IoU=0.50:0.95 | area= large | maxDets=100 ] = 0.805
2026-07-30 06:10:34,908 - portable_sam_fusion - INFO - Validation bbox/mAP: 0.6685 bbox/mAP_75: 0.7954
Running per image evaluation...
Evaluate annotation type *segm*
DONE (t=11.85s).
Accumulating evaluation results...
DONE (t=0.21s).
 Average Precision  (AP) @[ IoU=0.50:0.95 | area=   all | maxDets=100 ] = 0.450
 Average Precision  (AP) @[ IoU=0.50      | area=   all | maxDets=100 ] = 0.853
 Average Precision  (AP) @[ IoU=0.75      | area=   all | maxDets=100 ] = 0.479
 Average Precision  (AP) @[ IoU=0.50:0.95 | area= small | maxDets=100 ] = 0.064
 Average Precision  (AP) @[ IoU=0.50:0.95 | area=medium | maxDets=100 ] = 0.464
 Average Precision  (AP) @[ IoU=0.50:0.95 | area= large | maxDets=100 ] = 0.641
 Average Recall     (AR) @[ IoU=0.50:0.95 | area=   all | maxDets=  1 ] = 0.021
 Average Recall     (AR) @[ IoU=0.50:0.95 | area=   all | maxDets= 10 ] = 0.145
 Average Recall     (AR) @[ IoU=0.50:0.95 | area=   all | maxDets=100 ] = 0.497
 Average Recall     (AR) @[ IoU=0.50:0.95 | area= small | maxDets=100 ] = 0.121
 Average Recall     (AR) @[ IoU=0.50:0.95 | area=medium | maxDets=100 ] = 0.511
 Average Recall     (AR) @[ IoU=0.50:0.95 | area= large | maxDets=100 ] = 0.693
2026-07-30 06:10:46,995 - portable_sam_fusion - INFO - Validation segm/mAP: 0.4499
2026-07-30 06:10:47,578 - portable_sam_fusion - INFO - New best bbox/mAP: 0.6685
2026-07-30 06:10:47,579 - portable_sam_fusion - INFO - New best early-stop metric (segm/mAP): raw=0.4499 smooth(5)=0.4546
2026-07-30 06:10:53,489 - portable_sam_fusion - INFO - Saved best_bbox_model with bbox/mAP: 0.6685
2026-07-30 06:11:00,540 - portable_sam_fusion - INFO - Epoch 14/80 | train=0.343396 val=disabled segm/mAP=0.4499 bbox/mAP=0.6685 | best_segm=0.4733 best_bbox=0.6685 best_comp=0.0000 | sat_backbone=4.69e-04 mask_decoder=4.69e-04 prompt_encoder=4.69e-04 shape_prior=4.69e-04 quality_head=4.69e-04 sat_other=4.69e-04
2026-07-30 06:11:50,810 - portable_sam_fusion - INFO - [DEBUG-BOX] epoch=15 step=4150 fallback_count=0 fallback_ratio=0 num_rois=64 refined_proposal_iou=0 refined_proposal_iou_sum=0 refined_valid_count=0
2026-07-30 06:11:50,811 - portable_sam_fusion - INFO - [DEBUG-COARSE] epoch=15 step=4150 bce_raw=0.1931 boundary_fn=3904 boundary_fp=3634 boundary_tp=2.01e+04 dice=0.07521 dice_loss_raw=0.07521 iou=0.8619 loss_weight=0.1 raw_boundary_fn=3904 raw_boundary_fp=3634 raw_boundary_tp=2.01e+04 raw_dice_score=0.9248 raw_iou=0.8619 weighted_loss=0.02683
2026-07-30 06:11:50,811 - portable_sam_fusion - INFO - [DEBUG-CONTEXT] epoch=15 step=4150 enabled=0
2026-07-30 06:11:50,811 - portable_sam_fusion - INFO - [DEBUG-DENSE] epoch=15 step=4150 applied_delta_norm=2.458 applied_delta_ratio=0.2105 base_norm=11.68 canvas_max=8 canvas_mean=0.006069 canvas_min=-8 canvas_nonzero_ratio=0.004889 canvas_std=0.4137 final_norm=11.93 residual_alpha=0.5 shape_norm=12.74 source_delta_norm=4.916 source_delta_ratio=0.4209
2026-07-30 06:11:50,811 - portable_sam_fusion - INFO - [DEBUG-GATE] epoch=15 step=4150 shape_dense_alpha_max=0.5 shape_dense_alpha_mean=0.5 shape_dense_alpha_min=0.5
2026-07-30 06:11:50,811 - portable_sam_fusion - INFO - [DEBUG-JITTER] epoch=15 step=4150 area_ratio_count=64 area_ratio_mean=1 area_ratio_sum=64 fallback_count=0 mean_iou=1 num_jittered=0 num_rois=64
2026-07-30 06:11:50,811 - portable_sam_fusion - INFO - [DEBUG-SP] epoch=15 step=4150 all_invalid_count=0 all_invalid_ratio=0 empty_count=0 empty_ratio=0 full_count=0 full_ratio=0 mean_point_distance=24.45 n1_gt_valid_count=64 n1_in_gt_bg=0.7812 n1_in_gt_bg_count=50 n1_valid_count=64 n1_valid_ratio=1 n2_gt_valid_count=64 n2_in_gt_bg=1 n2_in_gt_bg_count=64 n2_valid_count=64 n2_valid_ratio=1 neg_in_pred_bg=1 neg_in_pred_bg_count=128 negative_pair_count=64 negative_pair_distance_sum=2183 p1_gt_valid_count=64 p1_in_gt_fg=1 p1_in_gt_fg_count=64 p1_valid_count=64 p1_valid_ratio=1 p2_gt_valid_count=64 p2_in_gt_fg=1 p2_in_gt_fg_count=64 p2_valid_count=64 p2_valid_ratio=1 point_distance_sum=3129 point_overlap_count=0 point_overlap_ratio=0 point_pair_count=128 pos_in_pred_fg=1 pos_in_pred_fg_count=128 positive_pair_count=64 positive_pair_distance_sum=946.1 roi_count=64 valid_neg_count=128 valid_pos_count=128 warmup_stage=2
2026-07-30 06:12:18,348 - portable_sam_fusion - INFO - epoch 15 | mini-batch 56/294 | optimizer_step 1050/5920 | lr=4.679e-04
2026-07-30 06:12:55,942 - portable_sam_fusion - INFO - [DEBUG-BOX] epoch=15 step=4200 fallback_count=0 fallback_ratio=0 num_rois=64 refined_proposal_iou=0 refined_proposal_iou_sum=0 refined_valid_count=0
2026-07-30 06:12:55,942 - portable_sam_fusion - INFO - [DEBUG-COARSE] epoch=15 step=4200 bce_raw=0.1727 boundary_fn=2839 boundary_fp=2976 boundary_tp=2.268e+04 dice=0.07225 dice_loss_raw=0.07225 iou=0.8668 loss_weight=0.1 raw_boundary_fn=2839 raw_boundary_fp=2976 raw_boundary_tp=2.268e+04 raw_dice_score=0.9277 raw_iou=0.8668 weighted_loss=0.0245
2026-07-30 06:12:55,943 - portable_sam_fusion - INFO - [DEBUG-CONTEXT] epoch=15 step=4200 enabled=0
2026-07-30 06:12:55,943 - portable_sam_fusion - INFO - [DEBUG-DENSE] epoch=15 step=4200 applied_delta_norm=2.686 applied_delta_ratio=0.23 base_norm=11.68 canvas_max=8 canvas_mean=0.01312 canvas_min=-7.633 canvas_nonzero_ratio=0.005669 canvas_std=0.3995 final_norm=11.97 residual_alpha=0.5 shape_norm=12.91 source_delta_norm=5.372 source_delta_ratio=0.46
2026-07-30 06:12:55,943 - portable_sam_fusion - INFO - [DEBUG-GATE] epoch=15 step=4200 shape_dense_alpha_max=0.5 shape_dense_alpha_mean=0.5 shape_dense_alpha_min=0.5
2026-07-30 06:12:55,943 - portable_sam_fusion - INFO - [DEBUG-JITTER] epoch=15 step=4200 area_ratio_count=64 area_ratio_mean=1 area_ratio_sum=64 fallback_count=0 mean_iou=1 num_jittered=0 num_rois=64
2026-07-30 06:12:55,943 - portable_sam_fusion - INFO - [DEBUG-SP] epoch=15 step=4200 all_invalid_count=0 all_invalid_ratio=0 empty_count=0 empty_ratio=0 full_count=0 full_ratio=0 mean_point_distance=29.1 n1_gt_valid_count=64 n1_in_gt_bg=0.6875 n1_in_gt_bg_count=44 n1_valid_count=64 n1_valid_ratio=1 n2_gt_valid_count=64 n2_in_gt_bg=0.9844 n2_in_gt_bg_count=63 n2_valid_count=64 n2_valid_ratio=1 neg_in_pred_bg=1 neg_in_pred_bg_count=128 negative_pair_count=64 negative_pair_distance_sum=2656 p1_gt_valid_count=64 p1_in_gt_fg=1 p1_in_gt_fg_count=64 p1_valid_count=64 p1_valid_ratio=1 p2_gt_valid_count=64 p2_in_gt_fg=1 p2_in_gt_fg_count=64 p2_valid_count=64 p2_valid_ratio=1 point_distance_sum=3725 point_overlap_count=0 point_overlap_ratio=0 point_pair_count=128 pos_in_pred_fg=1 pos_in_pred_fg_count=128 positive_pair_count=64 positive_pair_distance_sum=1068 roi_count=64 valid_neg_count=128 valid_pos_count=128 warmup_stage=2
2026-07-30 06:14:04,329 - portable_sam_fusion - INFO - [DEBUG-BOX] epoch=15 step=4250 fallback_count=0 fallback_ratio=0 num_rois=64 refined_proposal_iou=0 refined_proposal_iou_sum=0 refined_valid_count=0
2026-07-30 06:14:04,329 - portable_sam_fusion - INFO - [DEBUG-COARSE] epoch=15 step=4250 bce_raw=0.1965 boundary_fn=3538 boundary_fp=3471 boundary_tp=2.468e+04 dice=0.1091 dice_loss_raw=0.1091 iou=0.8083 loss_weight=0.1 raw_boundary_fn=3538 raw_boundary_fp=3471 raw_boundary_tp=2.468e+04 raw_dice_score=0.8909 raw_iou=0.8083 weighted_loss=0.03056
2026-07-30 06:14:04,329 - portable_sam_fusion - INFO - [DEBUG-CONTEXT] epoch=15 step=4250 enabled=0
2026-07-30 06:14:04,330 - portable_sam_fusion - INFO - [DEBUG-DENSE] epoch=15 step=4250 applied_delta_norm=3.398 applied_delta_ratio=0.2909 base_norm=11.68 canvas_max=8 canvas_mean=-0.01589 canvas_min=-8 canvas_nonzero_ratio=0.009467 canvas_std=0.51 final_norm=12.15 residual_alpha=0.5 shape_norm=13.63 source_delta_norm=6.795 source_delta_ratio=0.5819
2026-07-30 06:14:04,330 - portable_sam_fusion - INFO - [DEBUG-GATE] epoch=15 step=4250 shape_dense_alpha_max=0.5 shape_dense_alpha_mean=0.5 shape_dense_alpha_min=0.5
2026-07-30 06:14:04,330 - portable_sam_fusion - INFO - [DEBUG-JITTER] epoch=15 step=4250 area_ratio_count=64 area_ratio_mean=1 area_ratio_sum=64 fallback_count=0 mean_iou=1 num_jittered=0 num_rois=64
2026-07-30 06:14:04,330 - portable_sam_fusion - INFO - [DEBUG-SP] epoch=15 step=4250 all_invalid_count=0 all_invalid_ratio=0 empty_count=0 empty_ratio=0 full_count=0 full_ratio=0 mean_point_distance=34.09 n1_gt_valid_count=64 n1_in_gt_bg=0.9062 n1_in_gt_bg_count=58 n1_valid_count=64 n1_valid_ratio=1 n2_gt_valid_count=64 n2_in_gt_bg=0.9844 n2_in_gt_bg_count=63 n2_valid_count=64 n2_valid_ratio=1 neg_in_pred_bg=1 neg_in_pred_bg_count=128 negative_pair_count=64 negative_pair_distance_sum=3177 p1_gt_valid_count=64 p1_in_gt_fg=1 p1_in_gt_fg_count=64 p1_valid_count=64 p1_valid_ratio=1 p2_gt_valid_count=64 p2_in_gt_fg=1 p2_in_gt_fg_count=64 p2_valid_count=64 p2_valid_ratio=1 point_distance_sum=4364 point_overlap_count=0 point_overlap_ratio=0 point_pair_count=128 pos_in_pred_fg=1 pos_in_pred_fg_count=128 positive_pair_count=64 positive_pair_distance_sum=1187 roi_count=64 valid_neg_count=128 valid_pos_count=128 warmup_stage=2
2026-07-30 06:15:11,478 - portable_sam_fusion - INFO - [DEBUG-BOX] epoch=15 step=4300 fallback_count=0 fallback_ratio=0 num_rois=0 refined_proposal_iou=0 refined_proposal_iou_sum=0 refined_valid_count=0
2026-07-30 06:15:11,478 - portable_sam_fusion - INFO - [DEBUG-COARSE] epoch=15 step=4300 boundary_fn=0 boundary_fp=0 boundary_tp=0 dice=0 iou=0
2026-07-30 06:15:11,478 - portable_sam_fusion - INFO - [DEBUG-CONTEXT] epoch=15 step=4300 enabled=0
2026-07-30 06:15:11,478 - portable_sam_fusion - INFO - [DEBUG-DENSE] epoch=15 step=4300 applied_delta_norm=9.226 applied_delta_ratio=0.79 base_norm=11.68 canvas_max=8 canvas_mean=-0.001134 canvas_min=-8 canvas_nonzero_ratio=0.0544 canvas_std=1.064 final_norm=14.79 residual_alpha=0.5 shape_norm=21.83 source_delta_norm=18.45 source_delta_ratio=1.58
2026-07-30 06:15:11,478 - portable_sam_fusion - INFO - [DEBUG-GATE] epoch=15 step=4300 shape_dense_alpha_max=0.5 shape_dense_alpha_mean=0.5 shape_dense_alpha_min=0.5
2026-07-30 06:15:11,478 - portable_sam_fusion - INFO - [DEBUG-JITTER] epoch=15 step=4300 area_ratio_count=0 area_ratio_mean=0 area_ratio_sum=0 fallback_count=0 mean_iou=0 num_jittered=0 num_rois=0
2026-07-30 06:15:11,478 - portable_sam_fusion - INFO - [DEBUG-SP] epoch=15 step=4300 all_invalid_count=0 all_invalid_ratio=0 empty_count=0 empty_ratio=0 full_count=0 full_ratio=0 mean_point_distance=95.89 n1_gt_valid_count=64 n1_in_gt_bg=0.8438 n1_in_gt_bg_count=54 n1_valid_count=64 n1_valid_ratio=1 n2_gt_valid_count=64 n2_in_gt_bg=1 n2_in_gt_bg_count=64 n2_valid_count=64 n2_valid_ratio=1 neg_in_pred_bg=1 neg_in_pred_bg_count=128 negative_pair_count=64 negative_pair_distance_sum=8904 p1_gt_valid_count=64 p1_in_gt_fg=0.875 p1_in_gt_fg_count=56 p1_valid_count=64 p1_valid_ratio=1 p2_gt_valid_count=64 p2_in_gt_fg=0.9062 p2_in_gt_fg_count=58 p2_valid_count=64 p2_valid_ratio=1 point_distance_sum=1.227e+04 point_overlap_count=0 point_overlap_ratio=0 point_pair_count=128 pos_in_pred_fg=1 pos_in_pred_fg_count=128 positive_pair_count=64 positive_pair_distance_sum=3370 roi_count=64 valid_neg_count=128 valid_pos_count=128 warmup_stage=2
2026-07-30 06:16:15,992 - portable_sam_fusion - INFO - [DEBUG-BOX] epoch=15 step=4350 fallback_count=0 fallback_ratio=0 num_rois=64 refined_proposal_iou=0 refined_proposal_iou_sum=0 refined_valid_count=0
2026-07-30 06:16:15,992 - portable_sam_fusion - INFO - [DEBUG-COARSE] epoch=15 step=4350 bce_raw=0.1842 boundary_fn=3773 boundary_fp=2755 boundary_tp=2.038e+04 dice=0.09541 dice_loss_raw=0.09541 iou=0.8351 loss_weight=0.1 raw_boundary_fn=3773 raw_boundary_fp=2755 raw_boundary_tp=2.038e+04 raw_dice_score=0.9046 raw_iou=0.8351 weighted_loss=0.02796
2026-07-30 06:16:15,992 - portable_sam_fusion - INFO - [DEBUG-CONTEXT] epoch=15 step=4350 enabled=0
2026-07-30 06:16:15,992 - portable_sam_fusion - INFO - [DEBUG-DENSE] epoch=15 step=4350 applied_delta_norm=3.424 applied_delta_ratio=0.2932 base_norm=11.68 canvas_max=8 canvas_mean=-0.005224 canvas_min=-8 canvas_nonzero_ratio=0.0087 canvas_std=0.5445 final_norm=12.15 residual_alpha=0.5 shape_norm=13.62 source_delta_norm=6.848 source_delta_ratio=0.5864
2026-07-30 06:16:15,992 - portable_sam_fusion - INFO - [DEBUG-GATE] epoch=15 step=4350 shape_dense_alpha_max=0.5 shape_dense_alpha_mean=0.5 shape_dense_alpha_min=0.5
2026-07-30 06:16:15,992 - portable_sam_fusion - INFO - [DEBUG-JITTER] epoch=15 step=4350 area_ratio_count=64 area_ratio_mean=1 area_ratio_sum=64 fallback_count=0 mean_iou=1 num_jittered=0 num_rois=64
2026-07-30 06:16:15,992 - portable_sam_fusion - INFO - [DEBUG-SP] epoch=15 step=4350 all_invalid_count=0 all_invalid_ratio=0 empty_count=0 empty_ratio=0 full_count=0 full_ratio=0 mean_point_distance=28.94 n1_gt_valid_count=64 n1_in_gt_bg=0.8281 n1_in_gt_bg_count=53 n1_valid_count=64 n1_valid_ratio=1 n2_gt_valid_count=64 n2_in_gt_bg=0.9688 n2_in_gt_bg_count=62 n2_valid_count=64 n2_valid_ratio=1 neg_in_pred_bg=1 neg_in_pred_bg_count=128 negative_pair_count=64 negative_pair_distance_sum=2634 p1_gt_valid_count=64 p1_in_gt_fg=1 p1_in_gt_fg_count=64 p1_valid_count=64 p1_valid_ratio=1 p2_gt_valid_count=64 p2_in_gt_fg=0.9844 p2_in_gt_fg_count=63 p2_valid_count=64 p2_valid_ratio=1 point_distance_sum=3705 point_overlap_count=0 point_overlap_ratio=0 point_pair_count=128 pos_in_pred_fg=1 pos_in_pred_fg_count=128 positive_pair_count=64 positive_pair_distance_sum=1071 roi_count=64 valid_neg_count=128 valid_pos_count=128 warmup_stage=2
2026-07-30 06:16:38,219 - portable_sam_fusion - INFO - epoch 15 | mini-batch 256/294 | optimizer_step 1100/5920 | lr=4.645e-04
2026-07-30 06:17:05,078 - portable_sam_fusion - INFO - [DEBUG-BOX] epoch=15 step=4400 fallback_count=0 fallback_ratio=0 num_rois=64 refined_proposal_iou=0 refined_proposal_iou_sum=0 refined_valid_count=0
2026-07-30 06:17:05,078 - portable_sam_fusion - INFO - [DEBUG-COARSE] epoch=15 step=4400 bce_raw=0.1133 boundary_fn=1819 boundary_fp=1736 boundary_tp=2.159e+04 dice=0.05037 dice_loss_raw=0.05037 iou=0.9049 loss_weight=0.1 raw_boundary_fn=1819 raw_boundary_fp=1736 raw_boundary_tp=2.159e+04 raw_dice_score=0.9496 raw_iou=0.9049 weighted_loss=0.01637
2026-07-30 06:17:05,078 - portable_sam_fusion - INFO - [DEBUG-CONTEXT] epoch=15 step=4400 enabled=0
2026-07-30 06:17:05,078 - portable_sam_fusion - INFO - [DEBUG-DENSE] epoch=15 step=4400 applied_delta_norm=2.805 applied_delta_ratio=0.2402 base_norm=11.68 canvas_max=8 canvas_mean=0.007822 canvas_min=-8 canvas_nonzero_ratio=0.005471 canvas_std=0.4179 final_norm=12 residual_alpha=0.5 shape_norm=13 source_delta_norm=5.611 source_delta_ratio=0.4804
2026-07-30 06:17:05,078 - portable_sam_fusion - INFO - [DEBUG-GATE] epoch=15 step=4400 shape_dense_alpha_max=0.5 shape_dense_alpha_mean=0.5 shape_dense_alpha_min=0.5
2026-07-30 06:17:05,078 - portable_sam_fusion - INFO - [DEBUG-JITTER] epoch=15 step=4400 area_ratio_count=64 area_ratio_mean=1 area_ratio_sum=64 fallback_count=0 mean_iou=1 num_jittered=0 num_rois=64
2026-07-30 06:17:05,078 - portable_sam_fusion - INFO - [DEBUG-SP] epoch=15 step=4400 all_invalid_count=0 all_invalid_ratio=0 empty_count=0 empty_ratio=0 full_count=1 full_ratio=0.01562 mean_point_distance=23.18 n1_gt_valid_count=63 n1_in_gt_bg=0.7619 n1_in_gt_bg_count=48 n1_valid_count=63 n1_valid_ratio=0.9844 n2_gt_valid_count=63 n2_in_gt_bg=0.9841 n2_in_gt_bg_count=62 n2_valid_count=63 n2_valid_ratio=0.9844 neg_in_pred_bg=1 neg_in_pred_bg_count=126 negative_pair_count=63 negative_pair_distance_sum=2086 p1_gt_valid_count=64 p1_in_gt_fg=1 p1_in_gt_fg_count=64 p1_valid_count=64 p1_valid_ratio=1 p2_gt_valid_count=64 p2_in_gt_fg=1 p2_in_gt_fg_count=64 p2_valid_count=64 p2_valid_ratio=1 point_distance_sum=2944 point_overlap_count=0 point_overlap_ratio=0 point_pair_count=127 pos_in_pred_fg=1 pos_in_pred_fg_count=128 positive_pair_count=64 positive_pair_distance_sum=857.2 roi_count=64 valid_neg_count=126 valid_pos_count=128 warmup_stage=2
2026-07-30 06:17:13,795 - portable_sam_fusion - INFO - Epoch 15 detailed losses: loss_rpn_cls=0.0174, loss_rpn_bbox=0.0063, loss_cls=0.2053, acc=91.8057, loss_bbox=0.0874, loss_mask=0.0022, debug_mask_pos_rois=56.7381, debug_mask_logit_mean=-17.8417, debug_mask_logit_std=3.6428, debug_mask_prob_mean=0.0054, debug_mask_prob_ge05=0.0053, debug_mask_target_fill=0.0054, loss_shape_prior=0.0225, schedule/det_weight=1.0000
2026-07-30 06:17:13,795 - portable_sam_fusion - INFO - Epoch 15 dense residual monitor: alpha=0.500000 source_delta_norm=6.7808 applied_delta_norm=3.3904 source_delta_ratio=0.580626 applied_delta_ratio=0.290313
2026-07-30 06:17:13,795 - portable_sam_fusion - INFO - Epoch 15 primary loss shares: det=92.76% final_mask=0.63% shape=6.60% p2_boundary=0.00%
2026-07-30 06:17:13,795 - portable_sam_fusion - INFO - Epoch 15 schedule: det_loss_weight=1.000 early_stop_start=20 min_delta=0.0005
2026-07-30 06:17:13,795 - portable_sam_fusion - INFO - Epoch 15 learning rates: sat_backbone=4.64e-04, mask_decoder=4.64e-04, prompt_encoder=4.64e-04, shape_prior=4.64e-04, quality_head=4.64e-04, sat_other=4.64e-04
2026-07-30 06:20:32,308 - portable_sam_fusion - INFO - Validation samples: GT=15926, DT=19435, avg_masks_per_image=31.00, avg_mask_fill=0.0055
creating index...
index created!
Loading and preparing results...
DONE (t=0.03s)
creating index...
index created!
Running per image evaluation...
Evaluate annotation type *bbox*
DONE (t=11.18s).
Accumulating evaluation results...
DONE (t=0.18s).
 Average Precision  (AP) @[ IoU=0.50:0.95 | area=   all | maxDets=100 ] = 0.677
 Average Precision  (AP) @[ IoU=0.50      | area=   all | maxDets=100 ] = 0.902
 Average Precision  (AP) @[ IoU=0.75      | area=   all | maxDets=100 ] = 0.809
 Average Precision  (AP) @[ IoU=0.50:0.95 | area= small | maxDets=100 ] = 0.291
 Average Precision  (AP) @[ IoU=0.50:0.95 | area=medium | maxDets=100 ] = 0.720
 Average Precision  (AP) @[ IoU=0.50:0.95 | area= large | maxDets=100 ] = 0.753
 Average Recall     (AR) @[ IoU=0.50:0.95 | area=   all | maxDets=  1 ] = 0.025
 Average Recall     (AR) @[ IoU=0.50:0.95 | area=   all | maxDets= 10 ] = 0.184
 Average Recall     (AR) @[ IoU=0.50:0.95 | area=   all | maxDets=100 ] = 0.733
 Average Recall     (AR) @[ IoU=0.50:0.95 | area= small | maxDets=100 ] = 0.424
 Average Recall     (AR) @[ IoU=0.50:0.95 | area=medium | maxDets=100 ] = 0.776
 Average Recall     (AR) @[ IoU=0.50:0.95 | area= large | maxDets=100 ] = 0.808
2026-07-30 06:20:43,889 - portable_sam_fusion - INFO - Validation bbox/mAP: 0.6766 bbox/mAP_75: 0.8087
Running per image evaluation...
Evaluate annotation type *segm*
DONE (t=11.81s).
Accumulating evaluation results...
DONE (t=0.17s).
 Average Precision  (AP) @[ IoU=0.50:0.95 | area=   all | maxDets=100 ] = 0.440
 Average Precision  (AP) @[ IoU=0.50      | area=   all | maxDets=100 ] = 0.855
 Average Precision  (AP) @[ IoU=0.75      | area=   all | maxDets=100 ] = 0.450
 Average Precision  (AP) @[ IoU=0.50:0.95 | area= small | maxDets=100 ] = 0.056
 Average Precision  (AP) @[ IoU=0.50:0.95 | area=medium | maxDets=100 ] = 0.454
 Average Precision  (AP) @[ IoU=0.50:0.95 | area= large | maxDets=100 ] = 0.622
 Average Recall     (AR) @[ IoU=0.50:0.95 | area=   all | maxDets=  1 ] = 0.021
 Average Recall     (AR) @[ IoU=0.50:0.95 | area=   all | maxDets= 10 ] = 0.142
 Average Recall     (AR) @[ IoU=0.50:0.95 | area=   all | maxDets=100 ] = 0.482
 Average Recall     (AR) @[ IoU=0.50:0.95 | area= small | maxDets=100 ] = 0.109
 Average Recall     (AR) @[ IoU=0.50:0.95 | area=medium | maxDets=100 ] = 0.497
 Average Recall     (AR) @[ IoU=0.50:0.95 | area= large | maxDets=100 ] = 0.673
2026-07-30 06:20:55,911 - portable_sam_fusion - INFO - Validation segm/mAP: 0.4401
2026-07-30 06:20:56,509 - portable_sam_fusion - INFO - New best bbox/mAP: 0.6766
2026-07-30 06:20:56,510 - portable_sam_fusion - INFO - Early-stop metric (segm/mAP): raw=0.4401 smooth(5)=0.4502; counter disabled before epoch 20
2026-07-30 06:21:02,427 - portable_sam_fusion - INFO - Saved best_bbox_model with bbox/mAP: 0.6766
2026-07-30 06:21:07,919 - portable_sam_fusion - INFO - Epoch 15/80 | train=0.341064 val=disabled segm/mAP=0.4401 bbox/mAP=0.6766 | best_segm=0.4733 best_bbox=0.6766 best_comp=0.0000 | sat_backbone=4.64e-04 mask_decoder=4.64e-04 prompt_encoder=4.64e-04 shape_prior=4.64e-04 quality_head=4.64e-04 sat_other=4.64e-04
2026-07-30 06:21:58,274 - portable_sam_fusion - INFO - [DEBUG-BOX] epoch=16 step=4450 fallback_count=0 fallback_ratio=0 num_rois=64 refined_proposal_iou=0 refined_proposal_iou_sum=0 refined_valid_count=0
2026-07-30 06:21:58,274 - portable_sam_fusion - INFO - [DEBUG-COARSE] epoch=16 step=4450 bce_raw=0.1846 boundary_fn=3825 boundary_fp=2620 boundary_tp=2.4e+04 dice=0.0894 dice_loss_raw=0.0894 iou=0.8387 loss_weight=0.1 raw_boundary_fn=3825 raw_boundary_fp=2620 raw_boundary_tp=2.4e+04 raw_dice_score=0.9106 raw_iou=0.8387 weighted_loss=0.0274
2026-07-30 06:21:58,274 - portable_sam_fusion - INFO - [DEBUG-CONTEXT] epoch=16 step=4450 enabled=0
2026-07-30 06:21:58,274 - portable_sam_fusion - INFO - [DEBUG-DENSE] epoch=16 step=4450 applied_delta_norm=4.133 applied_delta_ratio=0.3539 base_norm=11.68 canvas_max=8 canvas_mean=0.00122 canvas_min=-8 canvas_nonzero_ratio=0.01326 canvas_std=0.6377 final_norm=12.4 residual_alpha=0.5 shape_norm=14.49 source_delta_norm=8.266 source_delta_ratio=0.7078
2026-07-30 06:21:58,274 - portable_sam_fusion - INFO - [DEBUG-GATE] epoch=16 step=4450 shape_dense_alpha_max=0.5 shape_dense_alpha_mean=0.5 shape_dense_alpha_min=0.5
2026-07-30 06:21:58,274 - portable_sam_fusion - INFO - [DEBUG-JITTER] epoch=16 step=4450 area_ratio_count=64 area_ratio_mean=1 area_ratio_sum=64 fallback_count=0 mean_iou=1 num_jittered=0 num_rois=64
2026-07-30 06:21:58,274 - portable_sam_fusion - INFO - [DEBUG-SP] epoch=16 step=4450 all_invalid_count=0 all_invalid_ratio=0 empty_count=0 empty_ratio=0 full_count=0 full_ratio=0 mean_point_distance=40.98 n1_gt_valid_count=64 n1_in_gt_bg=0.8594 n1_in_gt_bg_count=55 n1_valid_count=64 n1_valid_ratio=1 n2_gt_valid_count=64 n2_in_gt_bg=1 n2_in_gt_bg_count=64 n2_valid_count=64 n2_valid_ratio=1 neg_in_pred_bg=1 neg_in_pred_bg_count=128 negative_pair_count=64 negative_pair_distance_sum=3860 p1_gt_valid_count=64 p1_in_gt_fg=1 p1_in_gt_fg_count=64 p1_valid_count=64 p1_valid_ratio=1 p2_gt_valid_count=64 p2_in_gt_fg=1 p2_in_gt_fg_count=64 p2_valid_count=64 p2_valid_ratio=1 point_distance_sum=5246 point_overlap_count=0 point_overlap_ratio=0 point_pair_count=128 pos_in_pred_fg=1 pos_in_pred_fg_count=128 positive_pair_count=64 positive_pair_distance_sum=1386 roi_count=64 valid_neg_count=128 valid_pos_count=128 warmup_stage=2
2026-07-30 06:22:59,928 - portable_sam_fusion - INFO - [DEBUG-BOX] epoch=16 step=4500 fallback_count=0 fallback_ratio=0 num_rois=64 refined_proposal_iou=0 refined_proposal_iou_sum=0 refined_valid_count=0
2026-07-30 06:22:59,928 - portable_sam_fusion - INFO - [DEBUG-COARSE] epoch=16 step=4500 bce_raw=0.1791 boundary_fn=2886 boundary_fp=3433 boundary_tp=2.253e+04 dice=0.07184 dice_loss_raw=0.07184 iou=0.8683 loss_weight=0.1 raw_boundary_fn=2886 raw_boundary_fp=3433 raw_boundary_tp=2.253e+04 raw_dice_score=0.9282 raw_iou=0.8683 weighted_loss=0.02509
2026-07-30 06:22:59,928 - portable_sam_fusion - INFO - [DEBUG-CONTEXT] epoch=16 step=4500 enabled=0
2026-07-30 06:22:59,928 - portable_sam_fusion - INFO - [DEBUG-DENSE] epoch=16 step=4500 applied_delta_norm=2.664 applied_delta_ratio=0.2281 base_norm=11.68 canvas_max=8 canvas_mean=0.009966 canvas_min=-8 canvas_nonzero_ratio=0.005268 canvas_std=0.4091 final_norm=11.96 residual_alpha=0.5 shape_norm=12.87 source_delta_norm=5.328 source_delta_ratio=0.4562
2026-07-30 06:22:59,928 - portable_sam_fusion - INFO - [DEBUG-GATE] epoch=16 step=4500 shape_dense_alpha_max=0.5 shape_dense_alpha_mean=0.5 shape_dense_alpha_min=0.5
2026-07-30 06:22:59,928 - portable_sam_fusion - INFO - [DEBUG-JITTER] epoch=16 step=4500 area_ratio_count=64 area_ratio_mean=1 area_ratio_sum=64 fallback_count=0 mean_iou=1 num_jittered=0 num_rois=64
2026-07-30 06:22:59,928 - portable_sam_fusion - INFO - [DEBUG-SP] epoch=16 step=4500 all_invalid_count=0 all_invalid_ratio=0 empty_count=0 empty_ratio=0 full_count=0 full_ratio=0 mean_point_distance=24.88 n1_gt_valid_count=64 n1_in_gt_bg=0.8438 n1_in_gt_bg_count=54 n1_valid_count=64 n1_valid_ratio=1 n2_gt_valid_count=64 n2_in_gt_bg=1 n2_in_gt_bg_count=64 n2_valid_count=64 n2_valid_ratio=1 neg_in_pred_bg=1 neg_in_pred_bg_count=128 negative_pair_count=64 negative_pair_distance_sum=2339 p1_gt_valid_count=64 p1_in_gt_fg=1 p1_in_gt_fg_count=64 p1_valid_count=64 p1_valid_ratio=1 p2_gt_valid_count=64 p2_in_gt_fg=1 p2_in_gt_fg_count=64 p2_valid_count=64 p2_valid_ratio=1 point_distance_sum=3184 point_overlap_count=0 point_overlap_ratio=0 point_pair_count=128 pos_in_pred_fg=1 pos_in_pred_fg_count=128 positive_pair_count=64 positive_pair_distance_sum=845.1 roi_count=64 valid_neg_count=128 valid_pos_count=128 warmup_stage=2
2026-07-30 06:24:06,552 - portable_sam_fusion - INFO - [DEBUG-BOX] epoch=16 step=4550 fallback_count=0 fallback_ratio=0 num_rois=64 refined_proposal_iou=0 refined_proposal_iou_sum=0 refined_valid_count=0
2026-07-30 06:24:06,553 - portable_sam_fusion - INFO - [DEBUG-COARSE] epoch=16 step=4550 bce_raw=0.1228 boundary_fn=1721 boundary_fp=1502 boundary_tp=2.562e+04 dice=0.07124 dice_loss_raw=0.07124 iou=0.8692 loss_weight=0.1 raw_boundary_fn=1721 raw_boundary_fp=1502 raw_boundary_tp=2.562e+04 raw_dice_score=0.9288 raw_iou=0.8692 weighted_loss=0.0194
2026-07-30 06:24:06,553 - portable_sam_fusion - INFO - [DEBUG-CONTEXT] epoch=16 step=4550 enabled=0
2026-07-30 06:24:06,553 - portable_sam_fusion - INFO - [DEBUG-DENSE] epoch=16 step=4550 applied_delta_norm=3.398 applied_delta_ratio=0.2909 base_norm=11.68 canvas_max=8 canvas_mean=-0.004134 canvas_min=-8 canvas_nonzero_ratio=0.008397 canvas_std=0.5558 final_norm=12.11 residual_alpha=0.5 shape_norm=13.49 source_delta_norm=6.795 source_delta_ratio=0.5819
2026-07-30 06:24:06,553 - portable_sam_fusion - INFO - [DEBUG-GATE] epoch=16 step=4550 shape_dense_alpha_max=0.5 shape_dense_alpha_mean=0.5 shape_dense_alpha_min=0.5
2026-07-30 06:24:06,553 - portable_sam_fusion - INFO - [DEBUG-JITTER] epoch=16 step=4550 area_ratio_count=64 area_ratio_mean=1 area_ratio_sum=64 fallback_count=0 mean_iou=1 num_jittered=0 num_rois=64
2026-07-30 06:24:06,553 - portable_sam_fusion - INFO - [DEBUG-SP] epoch=16 step=4550 all_invalid_count=0 all_invalid_ratio=0 empty_count=0 empty_ratio=0 full_count=0 full_ratio=0 mean_point_distance=34.2 n1_gt_valid_count=64 n1_in_gt_bg=0.8906 n1_in_gt_bg_count=57 n1_valid_count=64 n1_valid_ratio=1 n2_gt_valid_count=64 n2_in_gt_bg=1 n2_in_gt_bg_count=64 n2_valid_count=64 n2_valid_ratio=1 neg_in_pred_bg=1 neg_in_pred_bg_count=128 negative_pair_count=64 negative_pair_distance_sum=3236 p1_gt_valid_count=64 p1_in_gt_fg=1 p1_in_gt_fg_count=64 p1_valid_count=64 p1_valid_ratio=1 p2_gt_valid_count=64 p2_in_gt_fg=1 p2_in_gt_fg_count=64 p2_valid_count=64 p2_valid_ratio=1 point_distance_sum=4377 point_overlap_count=0 point_overlap_ratio=0 point_pair_count=128 pos_in_pred_fg=1 pos_in_pred_fg_count=128 positive_pair_count=64 positive_pair_distance_sum=1141 roi_count=64 valid_neg_count=128 valid_pos_count=128 warmup_stage=2
2026-07-30 06:24:31,381 - portable_sam_fusion - INFO - epoch 16 | mini-batch 160/294 | optimizer_step 1150/5920 | lr=4.609e-04
2026-07-30 06:25:11,607 - portable_sam_fusion - INFO - [DEBUG-BOX] epoch=16 step=4600 fallback_count=0 fallback_ratio=0 num_rois=64 refined_proposal_iou=0 refined_proposal_iou_sum=0 refined_valid_count=0
2026-07-30 06:25:11,607 - portable_sam_fusion - INFO - [DEBUG-COARSE] epoch=16 step=4600 bce_raw=0.1957 boundary_fn=3731 boundary_fp=3755 boundary_tp=2.357e+04 dice=0.1254 dice_loss_raw=0.1254 iou=0.7906 loss_weight=0.1 raw_boundary_fn=3731 raw_boundary_fp=3755 raw_boundary_tp=2.357e+04 raw_dice_score=0.8746 raw_iou=0.7906 weighted_loss=0.03211
2026-07-30 06:25:11,607 - portable_sam_fusion - INFO - [DEBUG-CONTEXT] epoch=16 step=4600 enabled=0
2026-07-30 06:25:11,607 - portable_sam_fusion - INFO - [DEBUG-DENSE] epoch=16 step=4600 applied_delta_norm=2.828 applied_delta_ratio=0.2422 base_norm=11.68 canvas_max=8 canvas_mean=-0.004654 canvas_min=-8 canvas_nonzero_ratio=0.007303 canvas_std=0.4331 final_norm=12.03 residual_alpha=0.5 shape_norm=13.14 source_delta_norm=5.656 source_delta_ratio=0.4843
2026-07-30 06:25:11,607 - portable_sam_fusion - INFO - [DEBUG-GATE] epoch=16 step=4600 shape_dense_alpha_max=0.5 shape_dense_alpha_mean=0.5 shape_dense_alpha_min=0.5
2026-07-30 06:25:11,607 - portable_sam_fusion - INFO - [DEBUG-JITTER] epoch=16 step=4600 area_ratio_count=64 area_ratio_mean=1 area_ratio_sum=64 fallback_count=0 mean_iou=1 num_jittered=0 num_rois=64
2026-07-30 06:25:11,607 - portable_sam_fusion - INFO - [DEBUG-SP] epoch=16 step=4600 all_invalid_count=0 all_invalid_ratio=0 empty_count=0 empty_ratio=0 full_count=0 full_ratio=0 mean_point_distance=31.18 n1_gt_valid_count=64 n1_in_gt_bg=0.9219 n1_in_gt_bg_count=59 n1_valid_count=64 n1_valid_ratio=1 n2_gt_valid_count=64 n2_in_gt_bg=1 n2_in_gt_bg_count=64 n2_valid_count=64 n2_valid_ratio=1 neg_in_pred_bg=1 neg_in_pred_bg_count=128 negative_pair_count=64 negative_pair_distance_sum=2740 p1_gt_valid_count=64 p1_in_gt_fg=0.9688 p1_in_gt_fg_count=62 p1_valid_count=64 p1_valid_ratio=1 p2_gt_valid_count=64 p2_in_gt_fg=0.9844 p2_in_gt_fg_count=63 p2_valid_count=64 p2_valid_ratio=1 point_distance_sum=3991 point_overlap_count=0 point_overlap_ratio=0 point_pair_count=128 pos_in_pred_fg=1 pos_in_pred_fg_count=128 positive_pair_count=64 positive_pair_distance_sum=1252 roi_count=64 valid_neg_count=128 valid_pos_count=128 warmup_stage=2
2026-07-30 06:26:03,346 - portable_sam_fusion - INFO - [DEBUG-BOX] epoch=16 step=4650 fallback_count=0 fallback_ratio=0 num_rois=64 refined_proposal_iou=0 refined_proposal_iou_sum=0 refined_valid_count=0
2026-07-30 06:26:03,347 - portable_sam_fusion - INFO - [DEBUG-COARSE] epoch=16 step=4650 bce_raw=0.1396 boundary_fn=2036 boundary_fp=1955 boundary_tp=2.564e+04 dice=0.0765 dice_loss_raw=0.0765 iou=0.8608 loss_weight=0.1 raw_boundary_fn=2036 raw_boundary_fp=1955 raw_boundary_tp=2.564e+04 raw_dice_score=0.9235 raw_iou=0.8608 weighted_loss=0.02161
2026-07-30 06:26:03,347 - portable_sam_fusion - INFO - [DEBUG-CONTEXT] epoch=16 step=4650 enabled=0
2026-07-30 06:26:03,347 - portable_sam_fusion - INFO - [DEBUG-DENSE] epoch=16 step=4650 applied_delta_norm=5.354 applied_delta_ratio=0.4584 base_norm=11.68 canvas_max=8 canvas_mean=-0.00813 canvas_min=-8 canvas_nonzero_ratio=0.02662 canvas_std=0.8933 final_norm=13.1 residual_alpha=0.5 shape_norm=16.5 source_delta_norm=10.71 source_delta_ratio=0.9169
2026-07-30 06:26:03,347 - portable_sam_fusion - INFO - [DEBUG-GATE] epoch=16 step=4650 shape_dense_alpha_max=0.5 shape_dense_alpha_mean=0.5 shape_dense_alpha_min=0.5
2026-07-30 06:26:03,347 - portable_sam_fusion - INFO - [DEBUG-JITTER] epoch=16 step=4650 area_ratio_count=64 area_ratio_mean=1 area_ratio_sum=64 fallback_count=0 mean_iou=1 num_jittered=0 num_rois=64
2026-07-30 06:26:03,347 - portable_sam_fusion - INFO - [DEBUG-SP] epoch=16 step=4650 all_invalid_count=0 all_invalid_ratio=0 empty_count=0 empty_ratio=0 full_count=0 full_ratio=0 mean_point_distance=47.25 n1_gt_valid_count=64 n1_in_gt_bg=0.8906 n1_in_gt_bg_count=57 n1_valid_count=64 n1_valid_ratio=1 n2_gt_valid_count=64 n2_in_gt_bg=1 n2_in_gt_bg_count=64 n2_valid_count=64 n2_valid_ratio=1 neg_in_pred_bg=1 neg_in_pred_bg_count=128 negative_pair_count=64 negative_pair_distance_sum=4296 p1_gt_valid_count=64 p1_in_gt_fg=1 p1_in_gt_fg_count=64 p1_valid_count=64 p1_valid_ratio=1 p2_gt_valid_count=64 p2_in_gt_fg=1 p2_in_gt_fg_count=64 p2_valid_count=64 p2_valid_ratio=1 point_distance_sum=6048 point_overlap_count=0 point_overlap_ratio=0 point_pair_count=128 pos_in_pred_fg=1 pos_in_pred_fg_count=128 positive_pair_count=64 positive_pair_distance_sum=1752 roi_count=64 valid_neg_count=128 valid_pos_count=128 warmup_stage=2
2026-07-30 06:26:49,131 - portable_sam_fusion - INFO - [DEBUG-BOX] epoch=16 step=4700 fallback_count=0 fallback_ratio=0 num_rois=64 refined_proposal_iou=0 refined_proposal_iou_sum=0 refined_valid_count=0
2026-07-30 06:26:49,131 - portable_sam_fusion - INFO - [DEBUG-COARSE] epoch=16 step=4700 bce_raw=0.1634 boundary_fn=3422 boundary_fp=2500 boundary_tp=2.414e+04 dice=0.08964 dice_loss_raw=0.08964 iou=0.8371 loss_weight=0.1 raw_boundary_fn=3422 raw_boundary_fp=2500 raw_boundary_tp=2.414e+04 raw_dice_score=0.9104 raw_iou=0.8371 weighted_loss=0.02531
2026-07-30 06:26:49,132 - portable_sam_fusion - INFO - [DEBUG-CONTEXT] epoch=16 step=4700 enabled=0
2026-07-30 06:26:49,132 - portable_sam_fusion - INFO - [DEBUG-DENSE] epoch=16 step=4700 applied_delta_norm=3.529 applied_delta_ratio=0.3022 base_norm=11.68 canvas_max=8 canvas_mean=-0.01025 canvas_min=-8 canvas_nonzero_ratio=0.01039 canvas_std=0.6015 final_norm=12.2 residual_alpha=0.5 shape_norm=13.8 source_delta_norm=7.059 source_delta_ratio=0.6044
2026-07-30 06:26:49,132 - portable_sam_fusion - INFO - [DEBUG-GATE] epoch=16 step=4700 shape_dense_alpha_max=0.5 shape_dense_alpha_mean=0.5 shape_dense_alpha_min=0.5
2026-07-30 06:26:49,132 - portable_sam_fusion - INFO - [DEBUG-JITTER] epoch=16 step=4700 area_ratio_count=64 area_ratio_mean=1 area_ratio_sum=64 fallback_count=0 mean_iou=1 num_jittered=0 num_rois=64
2026-07-30 06:26:49,132 - portable_sam_fusion - INFO - [DEBUG-SP] epoch=16 step=4700 all_invalid_count=0 all_invalid_ratio=0 empty_count=0 empty_ratio=0 full_count=0 full_ratio=0 mean_point_distance=36.33 n1_gt_valid_count=64 n1_in_gt_bg=0.9062 n1_in_gt_bg_count=58 n1_valid_count=64 n1_valid_ratio=1 n2_gt_valid_count=64 n2_in_gt_bg=1 n2_in_gt_bg_count=64 n2_valid_count=64 n2_valid_ratio=1 neg_in_pred_bg=1 neg_in_pred_bg_count=128 negative_pair_count=64 negative_pair_distance_sum=3335 p1_gt_valid_count=64 p1_in_gt_fg=1 p1_in_gt_fg_count=64 p1_valid_count=64 p1_valid_ratio=1 p2_gt_valid_count=64 p2_in_gt_fg=1 p2_in_gt_fg_count=64 p2_valid_count=64 p2_valid_ratio=1 point_distance_sum=4650 point_overlap_count=0 point_overlap_ratio=0 point_pair_count=128 pos_in_pred_fg=1 pos_in_pred_fg_count=128 positive_pair_count=64 positive_pair_distance_sum=1315 roi_count=64 valid_neg_count=128 valid_pos_count=128 warmup_stage=2
2026-07-30 06:26:52,417 - portable_sam_fusion - INFO - Epoch 16 detailed losses: loss_rpn_cls=0.0175, loss_rpn_bbox=0.0061, loss_cls=0.2027, acc=92.0376, loss_bbox=0.0883, loss_mask=0.0018, debug_mask_pos_rois=56.2993, debug_mask_logit_mean=-16.0124, debug_mask_logit_std=3.1081, debug_mask_prob_mean=0.0048, debug_mask_prob_ge05=0.0047, debug_mask_target_fill=0.0048, loss_shape_prior=0.0223, schedule/det_weight=1.0000
2026-07-30 06:26:52,417 - portable_sam_fusion - INFO - Epoch 16 dense residual monitor: alpha=0.500000 source_delta_norm=6.7898 applied_delta_norm=3.3949 source_delta_ratio=0.581400 applied_delta_ratio=0.290700
2026-07-30 06:26:52,417 - portable_sam_fusion - INFO - Epoch 16 primary loss shares: det=92.88% final_mask=0.53% shape=6.58% p2_boundary=0.00%
2026-07-30 06:26:52,417 - portable_sam_fusion - INFO - Epoch 16 schedule: det_loss_weight=1.000 early_stop_start=20 min_delta=0.0005
2026-07-30 06:26:52,417 - portable_sam_fusion - INFO - Epoch 16 learning rates: sat_backbone=4.58e-04, mask_decoder=4.58e-04, prompt_encoder=4.58e-04, shape_prior=4.58e-04, quality_head=4.58e-04, sat_other=4.58e-04
2026-07-30 06:30:10,884 - portable_sam_fusion - INFO - Validation samples: GT=15926, DT=18367, avg_masks_per_image=29.29, avg_mask_fill=0.0060
creating index...
index created!
Loading and preparing results...
DONE (t=0.02s)
creating index...
index created!
Running per image evaluation...
Evaluate annotation type *bbox*
DONE (t=10.73s).
Accumulating evaluation results...
DONE (t=0.18s).
 Average Precision  (AP) @[ IoU=0.50:0.95 | area=   all | maxDets=100 ] = 0.675
 Average Precision  (AP) @[ IoU=0.50      | area=   all | maxDets=100 ] = 0.893
 Average Precision  (AP) @[ IoU=0.75      | area=   all | maxDets=100 ] = 0.799
 Average Precision  (AP) @[ IoU=0.50:0.95 | area= small | maxDets=100 ] = 0.282
 Average Precision  (AP) @[ IoU=0.50:0.95 | area=medium | maxDets=100 ] = 0.727
 Average Precision  (AP) @[ IoU=0.50:0.95 | area= large | maxDets=100 ] = 0.745
 Average Recall     (AR) @[ IoU=0.50:0.95 | area=   all | maxDets=  1 ] = 0.025
 Average Recall     (AR) @[ IoU=0.50:0.95 | area=   all | maxDets= 10 ] = 0.186
 Average Recall     (AR) @[ IoU=0.50:0.95 | area=   all | maxDets=100 ] = 0.728
 Average Recall     (AR) @[ IoU=0.50:0.95 | area= small | maxDets=100 ] = 0.397
 Average Recall     (AR) @[ IoU=0.50:0.95 | area=medium | maxDets=100 ] = 0.779
 Average Recall     (AR) @[ IoU=0.50:0.95 | area= large | maxDets=100 ] = 0.799
2026-07-30 06:30:21,993 - portable_sam_fusion - INFO - Validation bbox/mAP: 0.6751 bbox/mAP_75: 0.7985
Running per image evaluation...
Evaluate annotation type *segm*
DONE (t=11.36s).
Accumulating evaluation results...
DONE (t=0.18s).
 Average Precision  (AP) @[ IoU=0.50:0.95 | area=   all | maxDets=100 ] = 0.443
 Average Precision  (AP) @[ IoU=0.50      | area=   all | maxDets=100 ] = 0.846
 Average Precision  (AP) @[ IoU=0.75      | area=   all | maxDets=100 ] = 0.473
 Average Precision  (AP) @[ IoU=0.50:0.95 | area= small | maxDets=100 ] = 0.054
 Average Precision  (AP) @[ IoU=0.50:0.95 | area=medium | maxDets=100 ] = 0.458
 Average Precision  (AP) @[ IoU=0.50:0.95 | area= large | maxDets=100 ] = 0.637
 Average Recall     (AR) @[ IoU=0.50:0.95 | area=   all | maxDets=  1 ] = 0.021
 Average Recall     (AR) @[ IoU=0.50:0.95 | area=   all | maxDets= 10 ] = 0.143
 Average Recall     (AR) @[ IoU=0.50:0.95 | area=   all | maxDets=100 ] = 0.489
 Average Recall     (AR) @[ IoU=0.50:0.95 | area= small | maxDets=100 ] = 0.100
 Average Recall     (AR) @[ IoU=0.50:0.95 | area=medium | maxDets=100 ] = 0.504
 Average Recall     (AR) @[ IoU=0.50:0.95 | area= large | maxDets=100 ] = 0.688
2026-07-30 06:30:33,574 - portable_sam_fusion - INFO - Validation segm/mAP: 0.4434
2026-07-30 06:30:34,134 - portable_sam_fusion - INFO - Early-stop metric (segm/mAP): raw=0.4434 smooth(5)=0.4510; counter disabled before epoch 20
2026-07-30 06:30:38,914 - portable_sam_fusion - INFO - Epoch 16/80 | train=0.338611 val=disabled segm/mAP=0.4434 bbox/mAP=0.6751 | best_segm=0.4733 best_bbox=0.6766 best_comp=0.0000 | sat_backbone=4.58e-04 mask_decoder=4.58e-04 prompt_encoder=4.58e-04 shape_prior=4.58e-04 quality_head=4.58e-04 sat_other=4.58e-04
2026-07-30 06:31:38,906 - portable_sam_fusion - INFO - [DEBUG-BOX] epoch=17 step=4750 fallback_count=0 fallback_ratio=0 num_rois=64 refined_proposal_iou=0 refined_proposal_iou_sum=0 refined_valid_count=0
2026-07-30 06:31:38,906 - portable_sam_fusion - INFO - [DEBUG-COARSE] epoch=17 step=4750 bce_raw=0.1458 boundary_fn=2276 boundary_fp=1828 boundary_tp=2.43e+04 dice=0.07615 dice_loss_raw=0.07615 iou=0.8613 loss_weight=0.1 raw_boundary_fn=2276 raw_boundary_fp=1828 raw_boundary_tp=2.43e+04 raw_dice_score=0.9238 raw_iou=0.8613 weighted_loss=0.0222
2026-07-30 06:31:38,906 - portable_sam_fusion - INFO - [DEBUG-CONTEXT] epoch=17 step=4750 enabled=0
2026-07-30 06:31:38,906 - portable_sam_fusion - INFO - [DEBUG-DENSE] epoch=17 step=4750 applied_delta_norm=3.45 applied_delta_ratio=0.2954 base_norm=11.68 canvas_max=8 canvas_mean=0.00328 canvas_min=-8 canvas_nonzero_ratio=0.01472 canvas_std=0.5763 final_norm=12.38 residual_alpha=0.5 shape_norm=14.04 source_delta_norm=6.9 source_delta_ratio=0.5908
2026-07-30 06:31:38,906 - portable_sam_fusion - INFO - [DEBUG-GATE] epoch=17 step=4750 shape_dense_alpha_max=0.5 shape_dense_alpha_mean=0.5 shape_dense_alpha_min=0.5
2026-07-30 06:31:38,906 - portable_sam_fusion - INFO - [DEBUG-JITTER] epoch=17 step=4750 area_ratio_count=64 area_ratio_mean=1 area_ratio_sum=64 fallback_count=0 mean_iou=1 num_jittered=0 num_rois=64
2026-07-30 06:31:38,906 - portable_sam_fusion - INFO - [DEBUG-SP] epoch=17 step=4750 all_invalid_count=0 all_invalid_ratio=0 empty_count=0 empty_ratio=0 full_count=0 full_ratio=0 mean_point_distance=30 n1_gt_valid_count=64 n1_in_gt_bg=0.8594 n1_in_gt_bg_count=55 n1_valid_count=64 n1_valid_ratio=1 n2_gt_valid_count=64 n2_in_gt_bg=1 n2_in_gt_bg_count=64 n2_valid_count=64 n2_valid_ratio=1 neg_in_pred_bg=1 neg_in_pred_bg_count=128 negative_pair_count=64 negative_pair_distance_sum=2983 p1_gt_valid_count=64 p1_in_gt_fg=1 p1_in_gt_fg_count=64 p1_valid_count=64 p1_valid_ratio=1 p2_gt_valid_count=64 p2_in_gt_fg=1 p2_in_gt_fg_count=64 p2_valid_count=64 p2_valid_ratio=1 point_distance_sum=3840 point_overlap_count=0 point_overlap_ratio=0 point_pair_count=128 pos_in_pred_fg=1 pos_in_pred_fg_count=128 positive_pair_count=64 positive_pair_distance_sum=856.9 roi_count=64 valid_neg_count=128 valid_pos_count=128 warmup_stage=2
2026-07-30 06:32:01,863 - portable_sam_fusion - INFO - epoch 17 | mini-batch 64/294 | optimizer_step 1200/5920 | lr=4.573e-04
2026-07-30 06:32:42,118 - portable_sam_fusion - INFO - [DEBUG-BOX] epoch=17 step=4800 fallback_count=0 fallback_ratio=0 num_rois=64 refined_proposal_iou=0 refined_proposal_iou_sum=0 refined_valid_count=0
2026-07-30 06:32:42,118 - portable_sam_fusion - INFO - [DEBUG-COARSE] epoch=17 step=4800 bce_raw=0.109 boundary_fn=1455 boundary_fp=1899 boundary_tp=2.256e+04 dice=0.04621 dice_loss_raw=0.04621 iou=0.912 loss_weight=0.1 raw_boundary_fn=1455 raw_boundary_fp=1899 raw_boundary_tp=2.256e+04 raw_dice_score=0.9538 raw_iou=0.912 weighted_loss=0.01552
2026-07-30 06:32:42,118 - portable_sam_fusion - INFO - [DEBUG-CONTEXT] epoch=17 step=4800 enabled=0
2026-07-30 06:32:42,118 - portable_sam_fusion - INFO - [DEBUG-DENSE] epoch=17 step=4800 applied_delta_norm=3.795 applied_delta_ratio=0.325 base_norm=11.68 canvas_max=8 canvas_mean=0.01431 canvas_min=-8 canvas_nonzero_ratio=0.008596 canvas_std=0.5691 final_norm=12.19 residual_alpha=0.5 shape_norm=13.79 source_delta_norm=7.591 source_delta_ratio=0.65
2026-07-30 06:32:42,118 - portable_sam_fusion - INFO - [DEBUG-GATE] epoch=17 step=4800 shape_dense_alpha_max=0.5 shape_dense_alpha_mean=0.5 shape_dense_alpha_min=0.5
2026-07-30 06:32:42,118 - portable_sam_fusion - INFO - [DEBUG-JITTER] epoch=17 step=4800 area_ratio_count=64 area_ratio_mean=1 area_ratio_sum=64 fallback_count=0 mean_iou=1 num_jittered=0 num_rois=64
2026-07-30 06:32:42,118 - portable_sam_fusion - INFO - [DEBUG-SP] epoch=17 step=4800 all_invalid_count=0 all_invalid_ratio=0 empty_count=0 empty_ratio=0 full_count=0 full_ratio=0 mean_point_distance=33.83 n1_gt_valid_count=64 n1_in_gt_bg=0.8281 n1_in_gt_bg_count=53 n1_valid_count=64 n1_valid_ratio=1 n2_gt_valid_count=63 n2_in_gt_bg=1 n2_in_gt_bg_count=63 n2_valid_count=63 n2_valid_ratio=0.9844 neg_in_pred_bg=1 neg_in_pred_bg_count=127 negative_pair_count=63 negative_pair_distance_sum=3051 p1_gt_valid_count=64 p1_in_gt_fg=1 p1_in_gt_fg_count=64 p1_valid_count=64 p1_valid_ratio=1 p2_gt_valid_count=64 p2_in_gt_fg=1 p2_in_gt_fg_count=64 p2_valid_count=64 p2_valid_ratio=1 point_distance_sum=4297 point_overlap_count=0 point_overlap_ratio=0 point_pair_count=127 pos_in_pred_fg=1 pos_in_pred_fg_count=128 positive_pair_count=64 positive_pair_distance_sum=1245 roi_count=64 valid_neg_count=127 valid_pos_count=128 warmup_stage=2
2026-07-30 06:33:43,450 - portable_sam_fusion - INFO - [DEBUG-BOX] epoch=17 step=4850 fallback_count=0 fallback_ratio=0 num_rois=64 refined_proposal_iou=0 refined_proposal_iou_sum=0 refined_valid_count=0
2026-07-30 06:33:43,450 - portable_sam_fusion - INFO - [DEBUG-COARSE] epoch=17 step=4850 bce_raw=0.2075 boundary_fn=3391 boundary_fp=3923 boundary_tp=2.142e+04 dice=0.07943 dice_loss_raw=0.07943 iou=0.8569 loss_weight=0.1 raw_boundary_fn=3391 raw_boundary_fp=3923 raw_boundary_tp=2.142e+04 raw_dice_score=0.9206 raw_iou=0.8569 weighted_loss=0.02869
2026-07-30 06:33:43,450 - portable_sam_fusion - INFO - [DEBUG-CONTEXT] epoch=17 step=4850 enabled=0
2026-07-30 06:33:43,450 - portable_sam_fusion - INFO - [DEBUG-DENSE] epoch=17 step=4850 applied_delta_norm=2.285 applied_delta_ratio=0.1956 base_norm=11.68 canvas_max=8 canvas_mean=0.008784 canvas_min=-8 canvas_nonzero_ratio=0.004301 canvas_std=0.3677 final_norm=11.91 residual_alpha=0.5 shape_norm=12.66 source_delta_norm=4.569 source_delta_ratio=0.3912
2026-07-30 06:33:43,450 - portable_sam_fusion - INFO - [DEBUG-GATE] epoch=17 step=4850 shape_dense_alpha_max=0.5 shape_dense_alpha_mean=0.5 shape_dense_alpha_min=0.5
2026-07-30 06:33:43,450 - portable_sam_fusion - INFO - [DEBUG-JITTER] epoch=17 step=4850 area_ratio_count=64 area_ratio_mean=1 area_ratio_sum=64 fallback_count=0 mean_iou=1 num_jittered=0 num_rois=64
2026-07-30 06:33:43,450 - portable_sam_fusion - INFO - [DEBUG-SP] epoch=17 step=4850 all_invalid_count=0 all_invalid_ratio=0 empty_count=0 empty_ratio=0 full_count=0 full_ratio=0 mean_point_distance=23.38 n1_gt_valid_count=64 n1_in_gt_bg=0.7656 n1_in_gt_bg_count=49 n1_valid_count=64 n1_valid_ratio=1 n2_gt_valid_count=64 n2_in_gt_bg=0.9688 n2_in_gt_bg_count=62 n2_valid_count=64 n2_valid_ratio=1 neg_in_pred_bg=1 neg_in_pred_bg_count=128 negative_pair_count=64 negative_pair_distance_sum=2344 p1_gt_valid_count=64 p1_in_gt_fg=1 p1_in_gt_fg_count=64 p1_valid_count=64 p1_valid_ratio=1 p2_gt_valid_count=64 p2_in_gt_fg=1 p2_in_gt_fg_count=64 p2_valid_count=64 p2_valid_ratio=1 point_distance_sum=2992 point_overlap_count=0 point_overlap_ratio=0 point_pair_count=128 pos_in_pred_fg=1 pos_in_pred_fg_count=128 positive_pair_count=64 positive_pair_distance_sum=648.3 roi_count=64 valid_neg_count=128 valid_pos_count=128 warmup_stage=2
2026-07-30 06:34:47,624 - portable_sam_fusion - INFO - [DEBUG-BOX] epoch=17 step=4900 fallback_count=0 fallback_ratio=0 num_rois=64 refined_proposal_iou=0 refined_proposal_iou_sum=0 refined_valid_count=0
2026-07-30 06:34:47,625 - portable_sam_fusion - INFO - [DEBUG-COARSE] epoch=17 step=4900 bce_raw=0.1374 boundary_fn=2214 boundary_fp=2851 boundary_tp=2.361e+04 dice=0.07799 dice_loss_raw=0.07799 iou=0.8583 loss_weight=0.1 raw_boundary_fn=2214 raw_boundary_fp=2851 raw_boundary_tp=2.361e+04 raw_dice_score=0.922 raw_iou=0.8583 weighted_loss=0.02154
2026-07-30 06:34:47,625 - portable_sam_fusion - INFO - [DEBUG-CONTEXT] epoch=17 step=4900 enabled=0
2026-07-30 06:34:47,625 - portable_sam_fusion - INFO - [DEBUG-DENSE] epoch=17 step=4900 applied_delta_norm=2.873 applied_delta_ratio=0.246 base_norm=11.68 canvas_max=8 canvas_mean=0.005554 canvas_min=-8 canvas_nonzero_ratio=0.006052 canvas_std=0.4291 final_norm=12 residual_alpha=0.5 shape_norm=13.03 source_delta_norm=5.747 source_delta_ratio=0.4921
2026-07-30 06:34:47,625 - portable_sam_fusion - INFO - [DEBUG-GATE] epoch=17 step=4900 shape_dense_alpha_max=0.5 shape_dense_alpha_mean=0.5 shape_dense_alpha_min=0.5
2026-07-30 06:34:47,625 - portable_sam_fusion - INFO - [DEBUG-JITTER] epoch=17 step=4900 area_ratio_count=64 area_ratio_mean=1 area_ratio_sum=64 fallback_count=0 mean_iou=1 num_jittered=0 num_rois=64
2026-07-30 06:34:47,625 - portable_sam_fusion - INFO - [DEBUG-SP] epoch=17 step=4900 all_invalid_count=0 all_invalid_ratio=0 empty_count=0 empty_ratio=0 full_count=0 full_ratio=0 mean_point_distance=24.24 n1_gt_valid_count=64 n1_in_gt_bg=0.9062 n1_in_gt_bg_count=58 n1_valid_count=64 n1_valid_ratio=1 n2_gt_valid_count=64 n2_in_gt_bg=1 n2_in_gt_bg_count=64 n2_valid_count=64 n2_valid_ratio=1 neg_in_pred_bg=1 neg_in_pred_bg_count=128 negative_pair_count=64 negative_pair_distance_sum=2183 p1_gt_valid_count=64 p1_in_gt_fg=1 p1_in_gt_fg_count=64 p1_valid_count=64 p1_valid_ratio=1 p2_gt_valid_count=64 p2_in_gt_fg=1 p2_in_gt_fg_count=64 p2_valid_count=64 p2_valid_ratio=1 point_distance_sum=3103 point_overlap_count=0 point_overlap_ratio=0 point_pair_count=128 pos_in_pred_fg=1 pos_in_pred_fg_count=128 positive_pair_count=64 positive_pair_distance_sum=919.9 roi_count=64 valid_neg_count=128 valid_pos_count=128 warmup_stage=2
2026-07-30 06:35:40,485 - portable_sam_fusion - INFO - [DEBUG-BOX] epoch=17 step=4950 fallback_count=0 fallback_ratio=0 num_rois=64 refined_proposal_iou=0 refined_proposal_iou_sum=0 refined_valid_count=0
2026-07-30 06:35:40,485 - portable_sam_fusion - INFO - [DEBUG-COARSE] epoch=17 step=4950 bce_raw=0.1893 boundary_fn=2699 boundary_fp=4064 boundary_tp=2.191e+04 dice=0.07928 dice_loss_raw=0.07928 iou=0.8554 loss_weight=0.1 raw_boundary_fn=2699 raw_boundary_fp=4064 raw_boundary_tp=2.191e+04 raw_dice_score=0.9207 raw_iou=0.8554 weighted_loss=0.02685
2026-07-30 06:35:40,485 - portable_sam_fusion - INFO - [DEBUG-CONTEXT] epoch=17 step=4950 enabled=0
2026-07-30 06:35:40,485 - portable_sam_fusion - INFO - [DEBUG-DENSE] epoch=17 step=4950 applied_delta_norm=2.31 applied_delta_ratio=0.1978 base_norm=11.68 canvas_max=8 canvas_mean=0.008861 canvas_min=-8 canvas_nonzero_ratio=0.004048 canvas_std=0.3402 final_norm=11.9 residual_alpha=0.5 shape_norm=12.62 source_delta_norm=4.621 source_delta_ratio=0.3957
2026-07-30 06:35:40,485 - portable_sam_fusion - INFO - [DEBUG-GATE] epoch=17 step=4950 shape_dense_alpha_max=0.5 shape_dense_alpha_mean=0.5 shape_dense_alpha_min=0.5
2026-07-30 06:35:40,485 - portable_sam_fusion - INFO - [DEBUG-JITTER] epoch=17 step=4950 area_ratio_count=64 area_ratio_mean=1 area_ratio_sum=64 fallback_count=0 mean_iou=1 num_jittered=0 num_rois=64
2026-07-30 06:35:40,485 - portable_sam_fusion - INFO - [DEBUG-SP] epoch=17 step=4950 all_invalid_count=0 all_invalid_ratio=0 empty_count=0 empty_ratio=0 full_count=0 full_ratio=0 mean_point_distance=19.41 n1_gt_valid_count=64 n1_in_gt_bg=0.8438 n1_in_gt_bg_count=54 n1_valid_count=64 n1_valid_ratio=1 n2_gt_valid_count=64 n2_in_gt_bg=0.9688 n2_in_gt_bg_count=62 n2_valid_count=64 n2_valid_ratio=1 neg_in_pred_bg=1 neg_in_pred_bg_count=128 negative_pair_count=64 negative_pair_distance_sum=1883 p1_gt_valid_count=64 p1_in_gt_fg=1 p1_in_gt_fg_count=64 p1_valid_count=64 p1_valid_ratio=1 p2_gt_valid_count=64 p2_in_gt_fg=1 p2_in_gt_fg_count=64 p2_valid_count=64 p2_valid_ratio=1 point_distance_sum=2484 point_overlap_count=0 point_overlap_ratio=0 point_pair_count=128 pos_in_pred_fg=1 pos_in_pred_fg_count=128 positive_pair_count=64 positive_pair_distance_sum=601.6 roi_count=64 valid_neg_count=128 valid_pos_count=128 warmup_stage=2
2026-07-30 06:35:58,725 - portable_sam_fusion - INFO - epoch 17 | mini-batch 264/294 | optimizer_step 1250/5920 | lr=4.534e-04
2026-07-30 06:36:25,468 - portable_sam_fusion - INFO - Epoch 17 detailed losses: loss_rpn_cls=0.0176, loss_rpn_bbox=0.0061, loss_cls=0.2055, acc=91.9202, loss_bbox=0.0844, loss_mask=0.0016, debug_mask_pos_rois=56.8163, debug_mask_logit_mean=-15.9993, debug_mask_logit_std=2.9782, debug_mask_prob_mean=0.0047, debug_mask_prob_ge05=0.0046, debug_mask_target_fill=0.0047, loss_shape_prior=0.0226, schedule/det_weight=1.0000
2026-07-30 06:36:25,469 - portable_sam_fusion - INFO - Epoch 17 dense residual monitor: alpha=0.500000 source_delta_norm=6.7802 applied_delta_norm=3.3901 source_delta_ratio=0.580581 applied_delta_ratio=0.290290
2026-07-30 06:36:25,469 - portable_sam_fusion - INFO - Epoch 17 primary loss shares: det=92.83% final_mask=0.47% shape=6.70% p2_boundary=0.00%
2026-07-30 06:36:25,469 - portable_sam_fusion - INFO - Epoch 17 schedule: det_loss_weight=1.000 early_stop_start=20 min_delta=0.0005
2026-07-30 06:36:25,469 - portable_sam_fusion - INFO - Epoch 17 learning rates: sat_backbone=4.53e-04, mask_decoder=4.53e-04, prompt_encoder=4.53e-04, shape_prior=4.53e-04, quality_head=4.53e-04, sat_other=4.53e-04
2026-07-30 06:39:32,037 - portable_sam_fusion - INFO - Validation samples: GT=15926, DT=17403, avg_masks_per_image=27.76, avg_mask_fill=0.0063
creating index...
index created!
Loading and preparing results...
DONE (t=0.02s)
creating index...
index created!
Running per image evaluation...
Evaluate annotation type *bbox*
DONE (t=10.59s).
Accumulating evaluation results...
DONE (t=0.17s).
 Average Precision  (AP) @[ IoU=0.50:0.95 | area=   all | maxDets=100 ] = 0.608
 Average Precision  (AP) @[ IoU=0.50      | area=   all | maxDets=100 ] = 0.887
 Average Precision  (AP) @[ IoU=0.75      | area=   all | maxDets=100 ] = 0.775
 Average Precision  (AP) @[ IoU=0.50:0.95 | area= small | maxDets=100 ] = 0.265
 Average Precision  (AP) @[ IoU=0.50:0.95 | area=medium | maxDets=100 ] = 0.634
 Average Precision  (AP) @[ IoU=0.50:0.95 | area= large | maxDets=100 ] = 0.703
 Average Recall     (AR) @[ IoU=0.50:0.95 | area=   all | maxDets=  1 ] = 0.023
 Average Recall     (AR) @[ IoU=0.50:0.95 | area=   all | maxDets= 10 ] = 0.170
 Average Recall     (AR) @[ IoU=0.50:0.95 | area=   all | maxDets=100 ] = 0.663
 Average Recall     (AR) @[ IoU=0.50:0.95 | area= small | maxDets=100 ] = 0.390
 Average Recall     (AR) @[ IoU=0.50:0.95 | area=medium | maxDets=100 ] = 0.694
 Average Recall     (AR) @[ IoU=0.50:0.95 | area= large | maxDets=100 ] = 0.747
2026-07-30 06:39:43,472 - portable_sam_fusion - INFO - Validation bbox/mAP: 0.6082 bbox/mAP_75: 0.7748
Running per image evaluation...
Evaluate annotation type *segm*
DONE (t=11.01s).
Accumulating evaluation results...
DONE (t=0.18s).
 Average Precision  (AP) @[ IoU=0.50:0.95 | area=   all | maxDets=100 ] = 0.445
 Average Precision  (AP) @[ IoU=0.50      | area=   all | maxDets=100 ] = 0.848
 Average Precision  (AP) @[ IoU=0.75      | area=   all | maxDets=100 ] = 0.481
 Average Precision  (AP) @[ IoU=0.50:0.95 | area= small | maxDets=100 ] = 0.046
 Average Precision  (AP) @[ IoU=0.50:0.95 | area=medium | maxDets=100 ] = 0.457
 Average Precision  (AP) @[ IoU=0.50:0.95 | area= large | maxDets=100 ] = 0.643
 Average Recall     (AR) @[ IoU=0.50:0.95 | area=   all | maxDets=  1 ] = 0.021
 Average Recall     (AR) @[ IoU=0.50:0.95 | area=   all | maxDets= 10 ] = 0.143
 Average Recall     (AR) @[ IoU=0.50:0.95 | area=   all | maxDets=100 ] = 0.483
 Average Recall     (AR) @[ IoU=0.50:0.95 | area= small | maxDets=100 ] = 0.095
 Average Recall     (AR) @[ IoU=0.50:0.95 | area=medium | maxDets=100 ] = 0.497
 Average Recall     (AR) @[ IoU=0.50:0.95 | area= large | maxDets=100 ] = 0.686
2026-07-30 06:39:54,692 - portable_sam_fusion - INFO - Validation segm/mAP: 0.4451
2026-07-30 06:39:55,425 - portable_sam_fusion - INFO - Early-stop metric (segm/mAP): raw=0.4451 smooth(5)=0.4454; counter disabled before epoch 20
2026-07-30 06:40:00,352 - portable_sam_fusion - INFO - Epoch 17/80 | train=0.337802 val=disabled segm/mAP=0.4451 bbox/mAP=0.6082 | best_segm=0.4733 best_bbox=0.6766 best_comp=0.0000 | sat_backbone=4.53e-04 mask_decoder=4.53e-04 prompt_encoder=4.53e-04 shape_prior=4.53e-04 quality_head=4.53e-04 sat_other=4.53e-04
2026-07-30 06:40:04,390 - portable_sam_fusion - INFO - [DEBUG-BOX] epoch=18 step=5000 fallback_count=0 fallback_ratio=0 num_rois=64 refined_proposal_iou=0 refined_proposal_iou_sum=0 refined_valid_count=0
2026-07-30 06:40:04,390 - portable_sam_fusion - INFO - [DEBUG-COARSE] epoch=18 step=5000 bce_raw=0.1886 boundary_fn=3445 boundary_fp=3238 boundary_tp=2.284e+04 dice=0.08075 dice_loss_raw=0.08075 iou=0.8519 loss_weight=0.1 raw_boundary_fn=3445 raw_boundary_fp=3238 raw_boundary_tp=2.284e+04 raw_dice_score=0.9193 raw_iou=0.8519 weighted_loss=0.02694
2026-07-30 06:40:04,390 - portable_sam_fusion - INFO - [DEBUG-CONTEXT] epoch=18 step=5000 enabled=0
2026-07-30 06:40:04,390 - portable_sam_fusion - INFO - [DEBUG-DENSE] epoch=18 step=5000 applied_delta_norm=2.99 applied_delta_ratio=0.256 base_norm=11.68 canvas_max=8 canvas_mean=0.004134 canvas_min=-8 canvas_nonzero_ratio=0.006543 canvas_std=0.4846 final_norm=12.02 residual_alpha=0.5 shape_norm=13.12 source_delta_norm=5.98 source_delta_ratio=0.512
2026-07-30 06:40:04,391 - portable_sam_fusion - INFO - [DEBUG-GATE] epoch=18 step=5000 shape_dense_alpha_max=0.5 shape_dense_alpha_mean=0.5 shape_dense_alpha_min=0.5
2026-07-30 06:40:04,391 - portable_sam_fusion - INFO - [DEBUG-JITTER] epoch=18 step=5000 area_ratio_count=64 area_ratio_mean=1 area_ratio_sum=64 fallback_count=0 mean_iou=1 num_jittered=0 num_rois=64
2026-07-30 06:40:04,391 - portable_sam_fusion - INFO - [DEBUG-SP] epoch=18 step=5000 all_invalid_count=0 all_invalid_ratio=0 empty_count=0 empty_ratio=0 full_count=1 full_ratio=0.01562 mean_point_distance=26.39 n1_gt_valid_count=63 n1_in_gt_bg=0.7619 n1_in_gt_bg_count=48 n1_valid_count=63 n1_valid_ratio=0.9844 n2_gt_valid_count=63 n2_in_gt_bg=0.9841 n2_in_gt_bg_count=62 n2_valid_count=63 n2_valid_ratio=0.9844 neg_in_pred_bg=1 neg_in_pred_bg_count=126 negative_pair_count=63 negative_pair_distance_sum=2365 p1_gt_valid_count=64 p1_in_gt_fg=1 p1_in_gt_fg_count=64 p1_valid_count=64 p1_valid_ratio=1 p2_gt_valid_count=64 p2_in_gt_fg=1 p2_in_gt_fg_count=64 p2_valid_count=64 p2_valid_ratio=1 point_distance_sum=3352 point_overlap_count=0 point_overlap_ratio=0 point_pair_count=127 pos_in_pred_fg=1 pos_in_pred_fg_count=128 positive_pair_count=64 positive_pair_distance_sum=986.7 roi_count=64 valid_neg_count=126 valid_pos_count=128 warmup_stage=2
2026-07-30 06:41:13,344 - portable_sam_fusion - INFO - [DEBUG-BOX] epoch=18 step=5050 fallback_count=0 fallback_ratio=0 num_rois=64 refined_proposal_iou=0 refined_proposal_iou_sum=0 refined_valid_count=0
2026-07-30 06:41:13,345 - portable_sam_fusion - INFO - [DEBUG-COARSE] epoch=18 step=5050 bce_raw=0.184 boundary_fn=3548 boundary_fp=4221 boundary_tp=2.018e+04 dice=0.08045 dice_loss_raw=0.08045 iou=0.856 loss_weight=0.1 raw_boundary_fn=3548 raw_boundary_fp=4221 raw_boundary_tp=2.018e+04 raw_dice_score=0.9195 raw_iou=0.856 weighted_loss=0.02645
2026-07-30 06:41:13,345 - portable_sam_fusion - INFO - [DEBUG-CONTEXT] epoch=18 step=5050 enabled=0
2026-07-30 06:41:13,345 - portable_sam_fusion - INFO - [DEBUG-DENSE] epoch=18 step=5050 applied_delta_norm=2.087 applied_delta_ratio=0.1787 base_norm=11.68 canvas_max=8 canvas_mean=0.01036 canvas_min=-8 canvas_nonzero_ratio=0.004358 canvas_std=0.3881 final_norm=11.92 residual_alpha=0.5 shape_norm=12.7 source_delta_norm=4.173 source_delta_ratio=0.3573
2026-07-30 06:41:13,345 - portable_sam_fusion - INFO - [DEBUG-GATE] epoch=18 step=5050 shape_dense_alpha_max=0.5 shape_dense_alpha_mean=0.5 shape_dense_alpha_min=0.5
2026-07-30 06:41:13,345 - portable_sam_fusion - INFO - [DEBUG-JITTER] epoch=18 step=5050 area_ratio_count=64 area_ratio_mean=1 area_ratio_sum=64 fallback_count=0 mean_iou=1 num_jittered=0 num_rois=64
2026-07-30 06:41:13,345 - portable_sam_fusion - INFO - [DEBUG-SP] epoch=18 step=5050 all_invalid_count=0 all_invalid_ratio=0 empty_count=0 empty_ratio=0 full_count=0 full_ratio=0 mean_point_distance=22.06 n1_gt_valid_count=64 n1_in_gt_bg=0.7656 n1_in_gt_bg_count=49 n1_valid_count=64 n1_valid_ratio=1 n2_gt_valid_count=64 n2_in_gt_bg=0.9688 n2_in_gt_bg_count=62 n2_valid_count=64 n2_valid_ratio=1 neg_in_pred_bg=1 neg_in_pred_bg_count=128 negative_pair_count=64 negative_pair_distance_sum=2138 p1_gt_valid_count=64 p1_in_gt_fg=1 p1_in_gt_fg_count=64 p1_valid_count=64 p1_valid_ratio=1 p2_gt_valid_count=64 p2_in_gt_fg=1 p2_in_gt_fg_count=64 p2_valid_count=64 p2_valid_ratio=1 point_distance_sum=2823 point_overlap_count=0 point_overlap_ratio=0 point_pair_count=128 pos_in_pred_fg=1 pos_in_pred_fg_count=128 positive_pair_count=64 positive_pair_distance_sum=684.7 roi_count=64 valid_neg_count=128 valid_pos_count=128 warmup_stage=2
2026-07-30 06:42:20,891 - portable_sam_fusion - INFO - [DEBUG-BOX] epoch=18 step=5100 fallback_count=0 fallback_ratio=0 num_rois=64 refined_proposal_iou=0 refined_proposal_iou_sum=0 refined_valid_count=0
2026-07-30 06:42:20,891 - portable_sam_fusion - INFO - [DEBUG-COARSE] epoch=18 step=5100 bce_raw=0.1575 boundary_fn=3162 boundary_fp=2973 boundary_tp=2.256e+04 dice=0.1002 dice_loss_raw=0.1002 iou=0.8236 loss_weight=0.1 raw_boundary_fn=3162 raw_boundary_fp=2973 raw_boundary_tp=2.256e+04 raw_dice_score=0.8998 raw_iou=0.8236 weighted_loss=0.02577
2026-07-30 06:42:20,891 - portable_sam_fusion - INFO - [DEBUG-CONTEXT] epoch=18 step=5100 enabled=0
2026-07-30 06:42:20,891 - portable_sam_fusion - INFO - [DEBUG-DENSE] epoch=18 step=5100 applied_delta_norm=2.786 applied_delta_ratio=0.2385 base_norm=11.68 canvas_max=8 canvas_mean=-0.003674 canvas_min=-8 canvas_nonzero_ratio=0.008697 canvas_std=0.5471 final_norm=12.11 residual_alpha=0.5 shape_norm=13.38 source_delta_norm=5.572 source_delta_ratio=0.4771
2026-07-30 06:42:20,891 - portable_sam_fusion - INFO - [DEBUG-GATE] epoch=18 step=5100 shape_dense_alpha_max=0.5 shape_dense_alpha_mean=0.5 shape_dense_alpha_min=0.5
2026-07-30 06:42:20,891 - portable_sam_fusion - INFO - [DEBUG-JITTER] epoch=18 step=5100 area_ratio_count=64 area_ratio_mean=1 area_ratio_sum=64 fallback_count=0 mean_iou=1 num_jittered=0 num_rois=64
2026-07-30 06:42:20,891 - portable_sam_fusion - INFO - [DEBUG-SP] epoch=18 step=5100 all_invalid_count=0 all_invalid_ratio=0 empty_count=0 empty_ratio=0 full_count=0 full_ratio=0 mean_point_distance=28.96 n1_gt_valid_count=64 n1_in_gt_bg=0.9219 n1_in_gt_bg_count=59 n1_valid_count=64 n1_valid_ratio=1 n2_gt_valid_count=64 n2_in_gt_bg=1 n2_in_gt_bg_count=64 n2_valid_count=64 n2_valid_ratio=1 neg_in_pred_bg=1 neg_in_pred_bg_count=128 negative_pair_count=64 negative_pair_distance_sum=2552 p1_gt_valid_count=64 p1_in_gt_fg=1 p1_in_gt_fg_count=64 p1_valid_count=64 p1_valid_ratio=1 p2_gt_valid_count=64 p2_in_gt_fg=1 p2_in_gt_fg_count=64 p2_valid_count=64 p2_valid_ratio=1 point_distance_sum=3707 point_overlap_count=0 point_overlap_ratio=0 point_pair_count=128 pos_in_pred_fg=1 pos_in_pred_fg_count=128 positive_pair_count=64 positive_pair_distance_sum=1155 roi_count=64 valid_neg_count=128 valid_pos_count=128 warmup_stage=2
2026-07-30 06:43:24,154 - portable_sam_fusion - INFO - [DEBUG-BOX] epoch=18 step=5150 fallback_count=0 fallback_ratio=0 num_rois=64 refined_proposal_iou=0 refined_proposal_iou_sum=0 refined_valid_count=0
2026-07-30 06:43:24,154 - portable_sam_fusion - INFO - [DEBUG-COARSE] epoch=18 step=5150 bce_raw=0.17 boundary_fn=3031 boundary_fp=3042 boundary_tp=2.366e+04 dice=0.07701 dice_loss_raw=0.07701 iou=0.8606 loss_weight=0.1 raw_boundary_fn=3031 raw_boundary_fp=3042 raw_boundary_tp=2.366e+04 raw_dice_score=0.923 raw_iou=0.8606 weighted_loss=0.0247
2026-07-30 06:43:24,154 - portable_sam_fusion - INFO - [DEBUG-CONTEXT] epoch=18 step=5150 enabled=0
2026-07-30 06:43:24,154 - portable_sam_fusion - INFO - [DEBUG-DENSE] epoch=18 step=5150 applied_delta_norm=2.532 applied_delta_ratio=0.2168 base_norm=11.68 canvas_max=8 canvas_mean=0.00424 canvas_min=-8 canvas_nonzero_ratio=0.005546 canvas_std=0.4406 final_norm=11.96 residual_alpha=0.5 shape_norm=12.85 source_delta_norm=5.064 source_delta_ratio=0.4336
2026-07-30 06:43:24,154 - portable_sam_fusion - INFO - [DEBUG-GATE] epoch=18 step=5150 shape_dense_alpha_max=0.5 shape_dense_alpha_mean=0.5 shape_dense_alpha_min=0.5
2026-07-30 06:43:24,154 - portable_sam_fusion - INFO - [DEBUG-JITTER] epoch=18 step=5150 area_ratio_count=64 area_ratio_mean=1 area_ratio_sum=64 fallback_count=0 mean_iou=1 num_jittered=0 num_rois=64
2026-07-30 06:43:24,154 - portable_sam_fusion - INFO - [DEBUG-SP] epoch=18 step=5150 all_invalid_count=0 all_invalid_ratio=0 empty_count=0 empty_ratio=0 full_count=0 full_ratio=0 mean_point_distance=24.5 n1_gt_valid_count=64 n1_in_gt_bg=0.8438 n1_in_gt_bg_count=54 n1_valid_count=64 n1_valid_ratio=1 n2_gt_valid_count=64 n2_in_gt_bg=0.9531 n2_in_gt_bg_count=61 n2_valid_count=64 n2_valid_ratio=1 neg_in_pred_bg=1 neg_in_pred_bg_count=128 negative_pair_count=64 negative_pair_distance_sum=2312 p1_gt_valid_count=64 p1_in_gt_fg=1 p1_in_gt_fg_count=64 p1_valid_count=64 p1_valid_ratio=1 p2_gt_valid_count=64 p2_in_gt_fg=1 p2_in_gt_fg_count=64 p2_valid_count=64 p2_valid_ratio=1 point_distance_sum=3136 point_overlap_count=0 point_overlap_ratio=0 point_pair_count=128 pos_in_pred_fg=1 pos_in_pred_fg_count=128 positive_pair_count=64 positive_pair_distance_sum=823.5 roi_count=64 valid_neg_count=128 valid_pos_count=128 warmup_stage=2
2026-07-30 06:43:44,702 - portable_sam_fusion - INFO - epoch 18 | mini-batch 168/294 | optimizer_step 1300/5920 | lr=4.494e-04
2026-07-30 06:44:32,616 - portable_sam_fusion - INFO - [DEBUG-BOX] epoch=18 step=5200 fallback_count=0 fallback_ratio=0 num_rois=64 refined_proposal_iou=0 refined_proposal_iou_sum=0 refined_valid_count=0
2026-07-30 06:44:32,616 - portable_sam_fusion - INFO - [DEBUG-COARSE] epoch=18 step=5200 bce_raw=0.1536 boundary_fn=2539 boundary_fp=2687 boundary_tp=2.589e+04 dice=0.09615 dice_loss_raw=0.09615 iou=0.8282 loss_weight=0.1 raw_boundary_fn=2539 raw_boundary_fp=2687 raw_boundary_tp=2.589e+04 raw_dice_score=0.9039 raw_iou=0.8282 weighted_loss=0.02497
2026-07-30 06:44:32,616 - portable_sam_fusion - INFO - [DEBUG-CONTEXT] epoch=18 step=5200 enabled=0
2026-07-30 06:44:32,616 - portable_sam_fusion - INFO - [DEBUG-DENSE] epoch=18 step=5200 applied_delta_norm=3.142 applied_delta_ratio=0.269 base_norm=11.68 canvas_max=8 canvas_mean=-0.01413 canvas_min=-8 canvas_nonzero_ratio=0.01084 canvas_std=0.5338 final_norm=12.18 residual_alpha=0.5 shape_norm=13.57 source_delta_norm=6.284 source_delta_ratio=0.5381
2026-07-30 06:44:32,616 - portable_sam_fusion - INFO - [DEBUG-GATE] epoch=18 step=5200 shape_dense_alpha_max=0.5 shape_dense_alpha_mean=0.5 shape_dense_alpha_min=0.5
2026-07-30 06:44:32,616 - portable_sam_fusion - INFO - [DEBUG-JITTER] epoch=18 step=5200 area_ratio_count=64 area_ratio_mean=1 area_ratio_sum=64 fallback_count=0 mean_iou=1 num_jittered=0 num_rois=64
2026-07-30 06:44:32,616 - portable_sam_fusion - INFO - [DEBUG-SP] epoch=18 step=5200 all_invalid_count=0 all_invalid_ratio=0 empty_count=0 empty_ratio=0 full_count=0 full_ratio=0 mean_point_distance=32.18 n1_gt_valid_count=64 n1_in_gt_bg=0.8906 n1_in_gt_bg_count=57 n1_valid_count=64 n1_valid_ratio=1 n2_gt_valid_count=64 n2_in_gt_bg=1 n2_in_gt_bg_count=64 n2_valid_count=64 n2_valid_ratio=1 neg_in_pred_bg=1 neg_in_pred_bg_count=128 negative_pair_count=64 negative_pair_distance_sum=2649 p1_gt_valid_count=64 p1_in_gt_fg=1 p1_in_gt_fg_count=64 p1_valid_count=64 p1_valid_ratio=1 p2_gt_valid_count=64 p2_in_gt_fg=1 p2_in_gt_fg_count=64 p2_valid_count=64 p2_valid_ratio=1 point_distance_sum=4120 point_overlap_count=0 point_overlap_ratio=0 point_pair_count=128 pos_in_pred_fg=1 pos_in_pred_fg_count=128 positive_pair_count=64 positive_pair_distance_sum=1470 roi_count=64 valid_neg_count=128 valid_pos_count=128 warmup_stage=2
2026-07-30 06:45:29,035 - portable_sam_fusion - INFO - [DEBUG-BOX] epoch=18 step=5250 fallback_count=0 fallback_ratio=0 num_rois=64 refined_proposal_iou=0 refined_proposal_iou_sum=0 refined_valid_count=0
2026-07-30 06:45:29,035 - portable_sam_fusion - INFO - [DEBUG-COARSE] epoch=18 step=5250 bce_raw=0.1935 boundary_fn=3189 boundary_fp=4631 boundary_tp=2.076e+04 dice=0.07087 dice_loss_raw=0.07087 iou=0.8695 loss_weight=0.1 raw_boundary_fn=3189 raw_boundary_fp=4631 raw_boundary_tp=2.076e+04 raw_dice_score=0.9291 raw_iou=0.8695 weighted_loss=0.02644
2026-07-30 06:45:29,035 - portable_sam_fusion - INFO - [DEBUG-CONTEXT] epoch=18 step=5250 enabled=0
2026-07-30 06:45:29,035 - portable_sam_fusion - INFO - [DEBUG-DENSE] epoch=18 step=5250 applied_delta_norm=2.386 applied_delta_ratio=0.2043 base_norm=11.68 canvas_max=8 canvas_mean=0.01097 canvas_min=-8 canvas_nonzero_ratio=0.005153 canvas_std=0.3739 final_norm=11.95 residual_alpha=0.5 shape_norm=12.8 source_delta_norm=4.772 source_delta_ratio=0.4086
2026-07-30 06:45:29,036 - portable_sam_fusion - INFO - [DEBUG-GATE] epoch=18 step=5250 shape_dense_alpha_max=0.5 shape_dense_alpha_mean=0.5 shape_dense_alpha_min=0.5
2026-07-30 06:45:29,036 - portable_sam_fusion - INFO - [DEBUG-JITTER] epoch=18 step=5250 area_ratio_count=64 area_ratio_mean=1 area_ratio_sum=64 fallback_count=0 mean_iou=1 num_jittered=0 num_rois=64
2026-07-30 06:45:29,036 - portable_sam_fusion - INFO - [DEBUG-SP] epoch=18 step=5250 all_invalid_count=0 all_invalid_ratio=0 empty_count=0 empty_ratio=0 full_count=0 full_ratio=0 mean_point_distance=24.75 n1_gt_valid_count=64 n1_in_gt_bg=0.6875 n1_in_gt_bg_count=44 n1_valid_count=64 n1_valid_ratio=1 n2_gt_valid_count=64 n2_in_gt_bg=0.8906 n2_in_gt_bg_count=57 n2_valid_count=64 n2_valid_ratio=1 neg_in_pred_bg=1 neg_in_pred_bg_count=128 negative_pair_count=64 negative_pair_distance_sum=2353 p1_gt_valid_count=64 p1_in_gt_fg=1 p1_in_gt_fg_count=64 p1_valid_count=64 p1_valid_ratio=1 p2_gt_valid_count=64 p2_in_gt_fg=1 p2_in_gt_fg_count=64 p2_valid_count=64 p2_valid_ratio=1 point_distance_sum=3168 point_overlap_count=0 point_overlap_ratio=0 point_pair_count=128 pos_in_pred_fg=1 pos_in_pred_fg_count=128 positive_pair_count=64 positive_pair_distance_sum=815 roi_count=64 valid_neg_count=128 valid_pos_count=128 warmup_stage=2
2026-07-30 06:46:11,226 - portable_sam_fusion - INFO - Epoch 18 detailed losses: loss_rpn_cls=0.0143, loss_rpn_bbox=0.0060, loss_cls=0.1917, acc=92.4584, loss_bbox=0.0813, loss_mask=0.0014, debug_mask_pos_rois=56.0102, debug_mask_logit_mean=-16.4342, debug_mask_logit_std=3.0345, debug_mask_prob_mean=0.0050, debug_mask_prob_ge05=0.0049, debug_mask_target_fill=0.0050, loss_shape_prior=0.0221, schedule/det_weight=1.0000
2026-07-30 06:46:11,226 - portable_sam_fusion - INFO - Epoch 18 dense residual monitor: alpha=0.500000 source_delta_norm=6.6888 applied_delta_norm=3.3444 source_delta_ratio=0.572754 applied_delta_ratio=0.286377
2026-07-30 06:46:11,226 - portable_sam_fusion - INFO - Epoch 18 primary loss shares: det=92.57% final_mask=0.45% shape=6.98% p2_boundary=0.00%
2026-07-30 06:46:11,226 - portable_sam_fusion - INFO - Epoch 18 schedule: det_loss_weight=1.000 early_stop_start=20 min_delta=0.0005
2026-07-30 06:46:11,226 - portable_sam_fusion - INFO - Epoch 18 learning rates: sat_backbone=4.47e-04, mask_decoder=4.47e-04, prompt_encoder=4.47e-04, shape_prior=4.47e-04, quality_head=4.47e-04, sat_other=4.47e-04
2026-07-30 06:49:19,031 - portable_sam_fusion - INFO - Validation samples: GT=15926, DT=17477, avg_masks_per_image=27.87, avg_mask_fill=0.0050
creating index...
index created!
Loading and preparing results...
DONE (t=0.02s)
creating index...
index created!
Running per image evaluation...
Evaluate annotation type *bbox*
DONE (t=10.70s).
Accumulating evaluation results...
DONE (t=0.17s).
 Average Precision  (AP) @[ IoU=0.50:0.95 | area=   all | maxDets=100 ] = 0.651
 Average Precision  (AP) @[ IoU=0.50      | area=   all | maxDets=100 ] = 0.899
 Average Precision  (AP) @[ IoU=0.75      | area=   all | maxDets=100 ] = 0.804
 Average Precision  (AP) @[ IoU=0.50:0.95 | area= small | maxDets=100 ] = 0.298
 Average Precision  (AP) @[ IoU=0.50:0.95 | area=medium | maxDets=100 ] = 0.688
 Average Precision  (AP) @[ IoU=0.50:0.95 | area= large | maxDets=100 ] = 0.741
 Average Recall     (AR) @[ IoU=0.50:0.95 | area=   all | maxDets=  1 ] = 0.024
 Average Recall     (AR) @[ IoU=0.50:0.95 | area=   all | maxDets= 10 ] = 0.177
 Average Recall     (AR) @[ IoU=0.50:0.95 | area=   all | maxDets=100 ] = 0.700
 Average Recall     (AR) @[ IoU=0.50:0.95 | area= small | maxDets=100 ] = 0.400
 Average Recall     (AR) @[ IoU=0.50:0.95 | area=medium | maxDets=100 ] = 0.734
 Average Recall     (AR) @[ IoU=0.50:0.95 | area= large | maxDets=100 ] = 0.795
2026-07-30 06:49:30,108 - portable_sam_fusion - INFO - Validation bbox/mAP: 0.6512 bbox/mAP_75: 0.8039
Running per image evaluation...
Evaluate annotation type *segm*
DONE (t=11.19s).
Accumulating evaluation results...
DONE (t=0.17s).
 Average Precision  (AP) @[ IoU=0.50:0.95 | area=   all | maxDets=100 ] = 0.436
 Average Precision  (AP) @[ IoU=0.50      | area=   all | maxDets=100 ] = 0.849
 Average Precision  (AP) @[ IoU=0.75      | area=   all | maxDets=100 ] = 0.444
 Average Precision  (AP) @[ IoU=0.50:0.95 | area= small | maxDets=100 ] = 0.059
 Average Precision  (AP) @[ IoU=0.50:0.95 | area=medium | maxDets=100 ] = 0.452
 Average Precision  (AP) @[ IoU=0.50:0.95 | area= large | maxDets=100 ] = 0.619
 Average Recall     (AR) @[ IoU=0.50:0.95 | area=   all | maxDets=  1 ] = 0.020
 Average Recall     (AR) @[ IoU=0.50:0.95 | area=   all | maxDets= 10 ] = 0.139
 Average Recall     (AR) @[ IoU=0.50:0.95 | area=   all | maxDets=100 ] = 0.478
 Average Recall     (AR) @[ IoU=0.50:0.95 | area= small | maxDets=100 ] = 0.095
 Average Recall     (AR) @[ IoU=0.50:0.95 | area=medium | maxDets=100 ] = 0.493
 Average Recall     (AR) @[ IoU=0.50:0.95 | area= large | maxDets=100 ] = 0.674
2026-07-30 06:49:41,505 - portable_sam_fusion - INFO - Validation segm/mAP: 0.4355
2026-07-30 06:49:42,058 - portable_sam_fusion - INFO - Early-stop metric (segm/mAP): raw=0.4355 smooth(5)=0.4428; counter disabled before epoch 20
2026-07-30 06:49:47,402 - portable_sam_fusion - INFO - Epoch 18/80 | train=0.316890 val=disabled segm/mAP=0.4355 bbox/mAP=0.6512 | best_segm=0.4733 best_bbox=0.6766 best_comp=0.0000 | sat_backbone=4.47e-04 mask_decoder=4.47e-04 prompt_encoder=4.47e-04 shape_prior=4.47e-04 quality_head=4.47e-04 sat_other=4.47e-04
2026-07-30 06:50:01,108 - portable_sam_fusion - INFO - [DEBUG-BOX] epoch=19 step=5300 fallback_count=0 fallback_ratio=0 num_rois=64 refined_proposal_iou=0 refined_proposal_iou_sum=0 refined_valid_count=0
2026-07-30 06:50:01,109 - portable_sam_fusion - INFO - [DEBUG-COARSE] epoch=19 step=5300 bce_raw=0.1855 boundary_fn=2714 boundary_fp=3393 boundary_tp=2.502e+04 dice=0.1181 dice_loss_raw=0.1181 iou=0.7952 loss_weight=0.1 raw_boundary_fn=2714 raw_boundary_fp=3393 raw_boundary_tp=2.502e+04 raw_dice_score=0.8819 raw_iou=0.7952 weighted_loss=0.03036
2026-07-30 06:50:01,109 - portable_sam_fusion - INFO - [DEBUG-CONTEXT] epoch=19 step=5300 enabled=0
2026-07-30 06:50:01,109 - portable_sam_fusion - INFO - [DEBUG-DENSE] epoch=19 step=5300 applied_delta_norm=2.676 applied_delta_ratio=0.2291 base_norm=11.68 canvas_max=8 canvas_mean=-0.003827 canvas_min=-8 canvas_nonzero_ratio=0.006343 canvas_std=0.4047 final_norm=11.97 residual_alpha=0.5 shape_norm=12.94 source_delta_norm=5.351 source_delta_ratio=0.4582
2026-07-30 06:50:01,109 - portable_sam_fusion - INFO - [DEBUG-GATE] epoch=19 step=5300 shape_dense_alpha_max=0.5 shape_dense_alpha_mean=0.5 shape_dense_alpha_min=0.5
2026-07-30 06:50:01,109 - portable_sam_fusion - INFO - [DEBUG-JITTER] epoch=19 step=5300 area_ratio_count=64 area_ratio_mean=1 area_ratio_sum=64 fallback_count=0 mean_iou=1 num_jittered=0 num_rois=64
2026-07-30 06:50:01,109 - portable_sam_fusion - INFO - [DEBUG-SP] epoch=19 step=5300 all_invalid_count=0 all_invalid_ratio=0 empty_count=0 empty_ratio=0 full_count=0 full_ratio=0 mean_point_distance=30.24 n1_gt_valid_count=64 n1_in_gt_bg=0.9062 n1_in_gt_bg_count=58 n1_valid_count=64 n1_valid_ratio=1 n2_gt_valid_count=64 n2_in_gt_bg=1 n2_in_gt_bg_count=64 n2_valid_count=64 n2_valid_ratio=1 neg_in_pred_bg=1 neg_in_pred_bg_count=128 negative_pair_count=64 negative_pair_distance_sum=2878 p1_gt_valid_count=64 p1_in_gt_fg=0.9844 p1_in_gt_fg_count=63 p1_valid_count=64 p1_valid_ratio=1 p2_gt_valid_count=64 p2_in_gt_fg=0.9844 p2_in_gt_fg_count=63 p2_valid_count=64 p2_valid_ratio=1 point_distance_sum=3871 point_overlap_count=0 point_overlap_ratio=0 point_pair_count=128 pos_in_pred_fg=1 pos_in_pred_fg_count=128 positive_pair_count=64 positive_pair_distance_sum=993 roi_count=64 valid_neg_count=128 valid_pos_count=128 warmup_stage=2
2026-07-30 06:51:03,408 - portable_sam_fusion - INFO - [DEBUG-BOX] epoch=19 step=5350 fallback_count=0 fallback_ratio=0 num_rois=64 refined_proposal_iou=0 refined_proposal_iou_sum=0 refined_valid_count=0
2026-07-30 06:51:03,408 - portable_sam_fusion - INFO - [DEBUG-COARSE] epoch=19 step=5350 bce_raw=0.1456 boundary_fn=2630 boundary_fp=1917 boundary_tp=2.446e+04 dice=0.06786 dice_loss_raw=0.06786 iou=0.8747 loss_weight=0.1 raw_boundary_fn=2630 raw_boundary_fp=1917 raw_boundary_tp=2.446e+04 raw_dice_score=0.9321 raw_iou=0.8747 weighted_loss=0.02134
2026-07-30 06:51:03,408 - portable_sam_fusion - INFO - [DEBUG-CONTEXT] epoch=19 step=5350 enabled=0
2026-07-30 06:51:03,408 - portable_sam_fusion - INFO - [DEBUG-DENSE] epoch=19 step=5350 applied_delta_norm=2.881 applied_delta_ratio=0.2467 base_norm=11.68 canvas_max=8 canvas_mean=0.005788 canvas_min=-8 canvas_nonzero_ratio=0.006089 canvas_std=0.4622 final_norm=12 residual_alpha=0.5 shape_norm=13.03 source_delta_norm=5.762 source_delta_ratio=0.4933
2026-07-30 06:51:03,408 - portable_sam_fusion - INFO - [DEBUG-GATE] epoch=19 step=5350 shape_dense_alpha_max=0.5 shape_dense_alpha_mean=0.5 shape_dense_alpha_min=0.5
2026-07-30 06:51:03,408 - portable_sam_fusion - INFO - [DEBUG-JITTER] epoch=19 step=5350 area_ratio_count=64 area_ratio_mean=1 area_ratio_sum=64 fallback_count=0 mean_iou=1 num_jittered=0 num_rois=64
2026-07-30 06:51:03,408 - portable_sam_fusion - INFO - [DEBUG-SP] epoch=19 step=5350 all_invalid_count=0 all_invalid_ratio=0 empty_count=0 empty_ratio=0 full_count=0 full_ratio=0 mean_point_distance=34.85 n1_gt_valid_count=64 n1_in_gt_bg=0.8281 n1_in_gt_bg_count=53 n1_valid_count=64 n1_valid_ratio=1 n2_gt_valid_count=64 n2_in_gt_bg=0.9844 n2_in_gt_bg_count=63 n2_valid_count=64 n2_valid_ratio=1 neg_in_pred_bg=1 neg_in_pred_bg_count=128 negative_pair_count=64 negative_pair_distance_sum=3511 p1_gt_valid_count=64 p1_in_gt_fg=1 p1_in_gt_fg_count=64 p1_valid_count=64 p1_valid_ratio=1 p2_gt_valid_count=64 p2_in_gt_fg=1 p2_in_gt_fg_count=64 p2_valid_count=64 p2_valid_ratio=1 point_distance_sum=4461 point_overlap_count=0 point_overlap_ratio=0 point_pair_count=128 pos_in_pred_fg=1 pos_in_pred_fg_count=128 positive_pair_count=64 positive_pair_distance_sum=950.8 roi_count=64 valid_neg_count=128 valid_pos_count=128 warmup_stage=2
2026-07-30 06:51:19,508 - portable_sam_fusion - INFO - epoch 19 | mini-batch 72/294 | optimizer_step 1350/5920 | lr=4.453e-04
2026-07-30 06:52:05,896 - portable_sam_fusion - INFO - [DEBUG-BOX] epoch=19 step=5400 fallback_count=0 fallback_ratio=0 num_rois=64 refined_proposal_iou=0 refined_proposal_iou_sum=0 refined_valid_count=0
2026-07-30 06:52:05,897 - portable_sam_fusion - INFO - [DEBUG-COARSE] epoch=19 step=5400 bce_raw=0.1573 boundary_fn=2927 boundary_fp=2513 boundary_tp=2.564e+04 dice=0.08573 dice_loss_raw=0.08573 iou=0.844 loss_weight=0.1 raw_boundary_fn=2927 raw_boundary_fp=2513 raw_boundary_tp=2.564e+04 raw_dice_score=0.9143 raw_iou=0.844 weighted_loss=0.0243
2026-07-30 06:52:05,897 - portable_sam_fusion - INFO - [DEBUG-CONTEXT] epoch=19 step=5400 enabled=0
2026-07-30 06:52:05,897 - portable_sam_fusion - INFO - [DEBUG-DENSE] epoch=19 step=5400 applied_delta_norm=3.532 applied_delta_ratio=0.3024 base_norm=11.68 canvas_max=8 canvas_mean=-0.003182 canvas_min=-8 canvas_nonzero_ratio=0.009191 canvas_std=0.536 final_norm=12.15 residual_alpha=0.5 shape_norm=13.65 source_delta_norm=7.063 source_delta_ratio=0.6048
2026-07-30 06:52:05,897 - portable_sam_fusion - INFO - [DEBUG-GATE] epoch=19 step=5400 shape_dense_alpha_max=0.5 shape_dense_alpha_mean=0.5 shape_dense_alpha_min=0.5
2026-07-30 06:52:05,897 - portable_sam_fusion - INFO - [DEBUG-JITTER] epoch=19 step=5400 area_ratio_count=64 area_ratio_mean=1 area_ratio_sum=64 fallback_count=0 mean_iou=1 num_jittered=0 num_rois=64
2026-07-30 06:52:05,897 - portable_sam_fusion - INFO - [DEBUG-SP] epoch=19 step=5400 all_invalid_count=0 all_invalid_ratio=0 empty_count=0 empty_ratio=0 full_count=0 full_ratio=0 mean_point_distance=37.25 n1_gt_valid_count=64 n1_in_gt_bg=0.9219 n1_in_gt_bg_count=59 n1_valid_count=64 n1_valid_ratio=1 n2_gt_valid_count=64 n2_in_gt_bg=1 n2_in_gt_bg_count=64 n2_valid_count=64 n2_valid_ratio=1 neg_in_pred_bg=1 neg_in_pred_bg_count=128 negative_pair_count=64 negative_pair_distance_sum=3642 p1_gt_valid_count=64 p1_in_gt_fg=1 p1_in_gt_fg_count=64 p1_valid_count=64 p1_valid_ratio=1 p2_gt_valid_count=64 p2_in_gt_fg=1 p2_in_gt_fg_count=64 p2_valid_count=64 p2_valid_ratio=1 point_distance_sum=4769 point_overlap_count=0 point_overlap_ratio=0 point_pair_count=128 pos_in_pred_fg=1 pos_in_pred_fg_count=128 positive_pair_count=64 positive_pair_distance_sum=1127 roi_count=64 valid_neg_count=128 valid_pos_count=128 warmup_stage=2
2026-07-30 06:53:11,370 - portable_sam_fusion - INFO - [DEBUG-BOX] epoch=19 step=5450 fallback_count=0 fallback_ratio=0 num_rois=64 refined_proposal_iou=0 refined_proposal_iou_sum=0 refined_valid_count=0
2026-07-30 06:53:11,371 - portable_sam_fusion - INFO - [DEBUG-COARSE] epoch=19 step=5450 bce_raw=0.1474 boundary_fn=2316 boundary_fp=2098 boundary_tp=2.464e+04 dice=0.08046 dice_loss_raw=0.08046 iou=0.854 loss_weight=0.1 raw_boundary_fn=2316 raw_boundary_fp=2098 raw_boundary_tp=2.464e+04 raw_dice_score=0.9195 raw_iou=0.854 weighted_loss=0.02279
2026-07-30 06:53:11,371 - portable_sam_fusion - INFO - [DEBUG-CONTEXT] epoch=19 step=5450 enabled=0
2026-07-30 06:53:11,371 - portable_sam_fusion - INFO - [DEBUG-DENSE] epoch=19 step=5450 applied_delta_norm=2.627 applied_delta_ratio=0.2249 base_norm=11.68 canvas_max=8 canvas_mean=0.002305 canvas_min=-8 canvas_nonzero_ratio=0.005733 canvas_std=0.4375 final_norm=11.95 residual_alpha=0.5 shape_norm=12.86 source_delta_norm=5.254 source_delta_ratio=0.4499
2026-07-30 06:53:11,371 - portable_sam_fusion - INFO - [DEBUG-GATE] epoch=19 step=5450 shape_dense_alpha_max=0.5 shape_dense_alpha_mean=0.5 shape_dense_alpha_min=0.5
2026-07-30 06:53:11,371 - portable_sam_fusion - INFO - [DEBUG-JITTER] epoch=19 step=5450 area_ratio_count=64 area_ratio_mean=1 area_ratio_sum=64 fallback_count=0 mean_iou=1 num_jittered=0 num_rois=64
2026-07-30 06:53:11,371 - portable_sam_fusion - INFO - [DEBUG-SP] epoch=19 step=5450 all_invalid_count=0 all_invalid_ratio=0 empty_count=0 empty_ratio=0 full_count=0 full_ratio=0 mean_point_distance=27.43 n1_gt_valid_count=64 n1_in_gt_bg=0.8906 n1_in_gt_bg_count=57 n1_valid_count=64 n1_valid_ratio=1 n2_gt_valid_count=64 n2_in_gt_bg=1 n2_in_gt_bg_count=64 n2_valid_count=64 n2_valid_ratio=1 neg_in_pred_bg=1 neg_in_pred_bg_count=128 negative_pair_count=64 negative_pair_distance_sum=2604 p1_gt_valid_count=64 p1_in_gt_fg=1 p1_in_gt_fg_count=64 p1_valid_count=64 p1_valid_ratio=1 p2_gt_valid_count=64 p2_in_gt_fg=1 p2_in_gt_fg_count=64 p2_valid_count=64 p2_valid_ratio=1 point_distance_sum=3510 point_overlap_count=0 point_overlap_ratio=0 point_pair_count=128 pos_in_pred_fg=1 pos_in_pred_fg_count=128 positive_pair_count=64 positive_pair_distance_sum=906.5 roi_count=64 valid_neg_count=128 valid_pos_count=128 warmup_stage=2
2026-07-30 06:54:18,090 - portable_sam_fusion - INFO - [DEBUG-BOX] epoch=19 step=5500 fallback_count=0 fallback_ratio=0 num_rois=64 refined_proposal_iou=0 refined_proposal_iou_sum=0 refined_valid_count=0
2026-07-30 06:54:18,091 - portable_sam_fusion - INFO - [DEBUG-COARSE] epoch=19 step=5500 bce_raw=0.154 boundary_fn=2033 boundary_fp=3439 boundary_tp=2.37e+04 dice=0.08141 dice_loss_raw=0.08141 iou=0.8545 loss_weight=0.1 raw_boundary_fn=2033 raw_boundary_fp=3439 raw_boundary_tp=2.37e+04 raw_dice_score=0.9186 raw_iou=0.8545 weighted_loss=0.02354
2026-07-30 06:54:18,091 - portable_sam_fusion - INFO - [DEBUG-CONTEXT] epoch=19 step=5500 enabled=0
2026-07-30 06:54:18,091 - portable_sam_fusion - INFO - [DEBUG-DENSE] epoch=19 step=5500 applied_delta_norm=3.477 applied_delta_ratio=0.2978 base_norm=11.68 canvas_max=8 canvas_mean=0.005359 canvas_min=-8 canvas_nonzero_ratio=0.01304 canvas_std=0.549 final_norm=12.37 residual_alpha=0.5 shape_norm=14.21 source_delta_norm=6.955 source_delta_ratio=0.5955
2026-07-30 06:54:18,091 - portable_sam_fusion - INFO - [DEBUG-GATE] epoch=19 step=5500 shape_dense_alpha_max=0.5 shape_dense_alpha_mean=0.5 shape_dense_alpha_min=0.5
2026-07-30 06:54:18,091 - portable_sam_fusion - INFO - [DEBUG-JITTER] epoch=19 step=5500 area_ratio_count=64 area_ratio_mean=1 area_ratio_sum=64 fallback_count=0 mean_iou=1 num_jittered=0 num_rois=64
2026-07-30 06:54:18,091 - portable_sam_fusion - INFO - [DEBUG-SP] epoch=19 step=5500 all_invalid_count=0 all_invalid_ratio=0 empty_count=0 empty_ratio=0 full_count=0 full_ratio=0 mean_point_distance=37.66 n1_gt_valid_count=64 n1_in_gt_bg=0.9531 n1_in_gt_bg_count=61 n1_valid_count=64 n1_valid_ratio=1 n2_gt_valid_count=64 n2_in_gt_bg=1 n2_in_gt_bg_count=64 n2_valid_count=64 n2_valid_ratio=1 neg_in_pred_bg=1 neg_in_pred_bg_count=128 negative_pair_count=64 negative_pair_distance_sum=3609 p1_gt_valid_count=64 p1_in_gt_fg=1 p1_in_gt_fg_count=64 p1_valid_count=64 p1_valid_ratio=1 p2_gt_valid_count=64 p2_in_gt_fg=0.9844 p2_in_gt_fg_count=63 p2_valid_count=64 p2_valid_ratio=1 point_distance_sum=4821 point_overlap_count=0 point_overlap_ratio=0 point_pair_count=128 pos_in_pred_fg=1 pos_in_pred_fg_count=128 positive_pair_count=64 positive_pair_distance_sum=1212 roi_count=64 valid_neg_count=128 valid_pos_count=128 warmup_stage=2
2026-07-30 06:55:10,480 - portable_sam_fusion - INFO - [DEBUG-BOX] epoch=19 step=5550 fallback_count=0 fallback_ratio=0 num_rois=0 refined_proposal_iou=0 refined_proposal_iou_sum=0 refined_valid_count=0
2026-07-30 06:55:10,480 - portable_sam_fusion - INFO - [DEBUG-COARSE] epoch=19 step=5550 boundary_fn=0 boundary_fp=0 boundary_tp=0 dice=0 iou=0
2026-07-30 06:55:10,480 - portable_sam_fusion - INFO - [DEBUG-CONTEXT] epoch=19 step=5550 enabled=0
2026-07-30 06:55:10,480 - portable_sam_fusion - INFO - [DEBUG-DENSE] epoch=19 step=5550 applied_delta_norm=6.923 applied_delta_ratio=0.5928 base_norm=11.68 canvas_max=8 canvas_mean=0.08163 canvas_min=-8 canvas_nonzero_ratio=0.03326 canvas_std=0.9963 final_norm=13.74 residual_alpha=0.5 shape_norm=18.61 source_delta_norm=13.85 source_delta_ratio=1.186
2026-07-30 06:55:10,480 - portable_sam_fusion - INFO - [DEBUG-GATE] epoch=19 step=5550 shape_dense_alpha_max=0.5 shape_dense_alpha_mean=0.5 shape_dense_alpha_min=0.5
2026-07-30 06:55:10,480 - portable_sam_fusion - INFO - [DEBUG-JITTER] epoch=19 step=5550 area_ratio_count=0 area_ratio_mean=0 area_ratio_sum=0 fallback_count=0 mean_iou=0 num_jittered=0 num_rois=0
2026-07-30 06:55:10,480 - portable_sam_fusion - INFO - [DEBUG-SP] epoch=19 step=5550 all_invalid_count=0 all_invalid_ratio=0 empty_count=0 empty_ratio=0 full_count=0 full_ratio=0 mean_point_distance=61.31 n1_gt_valid_count=64 n1_in_gt_bg=1 n1_in_gt_bg_count=64 n1_valid_count=64 n1_valid_ratio=1 n2_gt_valid_count=64 n2_in_gt_bg=1 n2_in_gt_bg_count=64 n2_valid_count=64 n2_valid_ratio=1 neg_in_pred_bg=1 neg_in_pred_bg_count=128 negative_pair_count=64 negative_pair_distance_sum=5354 p1_gt_valid_count=64 p1_in_gt_fg=1 p1_in_gt_fg_count=64 p1_valid_count=64 p1_valid_ratio=1 p2_gt_valid_count=64 p2_in_gt_fg=1 p2_in_gt_fg_count=64 p2_valid_count=64 p2_valid_ratio=1 point_distance_sum=7847 point_overlap_count=0 point_overlap_ratio=0 point_pair_count=128 pos_in_pred_fg=1 pos_in_pred_fg_count=128 positive_pair_count=64 positive_pair_distance_sum=2494 roi_count=64 valid_neg_count=128 valid_pos_count=128 warmup_stage=2
2026-07-30 06:55:23,192 - portable_sam_fusion - INFO - epoch 19 | mini-batch 272/294 | optimizer_step 1400/5920 | lr=4.410e-04
2026-07-30 06:55:44,023 - portable_sam_fusion - INFO - Epoch 19 detailed losses: loss_rpn_cls=0.0191, loss_rpn_bbox=0.0063, loss_cls=0.1935, acc=92.4767, loss_bbox=0.0841, loss_mask=0.0017, debug_mask_pos_rois=57.8469, debug_mask_logit_mean=-16.5942, debug_mask_logit_std=3.1159, debug_mask_prob_mean=0.0055, debug_mask_prob_ge05=0.0054, debug_mask_target_fill=0.0055, loss_shape_prior=0.0222, schedule/det_weight=1.0000
2026-07-30 06:55:44,023 - portable_sam_fusion - INFO - Epoch 19 dense residual monitor: alpha=0.500000 source_delta_norm=6.7313 applied_delta_norm=3.3657 source_delta_ratio=0.576390 applied_delta_ratio=0.288195
2026-07-30 06:55:44,023 - portable_sam_fusion - INFO - Epoch 19 primary loss shares: det=92.70% final_mask=0.52% shape=6.78% p2_boundary=0.00%
2026-07-30 06:55:44,023 - portable_sam_fusion - INFO - Epoch 19 schedule: det_loss_weight=1.000 early_stop_start=20 min_delta=0.0005
2026-07-30 06:55:44,023 - portable_sam_fusion - INFO - Epoch 19 learning rates: sat_backbone=4.40e-04, mask_decoder=4.40e-04, prompt_encoder=4.40e-04, shape_prior=4.40e-04, quality_head=4.40e-04, sat_other=4.40e-04
2026-07-30 06:59:05,739 - portable_sam_fusion - INFO - Validation samples: GT=15926, DT=18606, avg_masks_per_image=29.67, avg_mask_fill=0.0060
creating index...
index created!
Loading and preparing results...
DONE (t=0.03s)
creating index...
index created!
Running per image evaluation...
Evaluate annotation type *bbox*
DONE (t=11.06s).
Accumulating evaluation results...
DONE (t=0.18s).
 Average Precision  (AP) @[ IoU=0.50:0.95 | area=   all | maxDets=100 ] = 0.677
 Average Precision  (AP) @[ IoU=0.50      | area=   all | maxDets=100 ] = 0.893
 Average Precision  (AP) @[ IoU=0.75      | area=   all | maxDets=100 ] = 0.802
 Average Precision  (AP) @[ IoU=0.50:0.95 | area= small | maxDets=100 ] = 0.272
 Average Precision  (AP) @[ IoU=0.50:0.95 | area=medium | maxDets=100 ] = 0.725
 Average Precision  (AP) @[ IoU=0.50:0.95 | area= large | maxDets=100 ] = 0.758
 Average Recall     (AR) @[ IoU=0.50:0.95 | area=   all | maxDets=  1 ] = 0.026
 Average Recall     (AR) @[ IoU=0.50:0.95 | area=   all | maxDets= 10 ] = 0.188
 Average Recall     (AR) @[ IoU=0.50:0.95 | area=   all | maxDets=100 ] = 0.728
 Average Recall     (AR) @[ IoU=0.50:0.95 | area= small | maxDets=100 ] = 0.400
 Average Recall     (AR) @[ IoU=0.50:0.95 | area=medium | maxDets=100 ] = 0.772
 Average Recall     (AR) @[ IoU=0.50:0.95 | area= large | maxDets=100 ] = 0.811
2026-07-30 06:59:17,213 - portable_sam_fusion - INFO - Validation bbox/mAP: 0.6770 bbox/mAP_75: 0.8019
Running per image evaluation...
Evaluate annotation type *segm*
DONE (t=11.39s).
Accumulating evaluation results...
DONE (t=0.17s).
 Average Precision  (AP) @[ IoU=0.50:0.95 | area=   all | maxDets=100 ] = 0.466
 Average Precision  (AP) @[ IoU=0.50      | area=   all | maxDets=100 ] = 0.856
 Average Precision  (AP) @[ IoU=0.75      | area=   all | maxDets=100 ] = 0.520
 Average Precision  (AP) @[ IoU=0.50:0.95 | area= small | maxDets=100 ] = 0.065
 Average Precision  (AP) @[ IoU=0.50:0.95 | area=medium | maxDets=100 ] = 0.483
 Average Precision  (AP) @[ IoU=0.50:0.95 | area= large | maxDets=100 ] = 0.644
 Average Recall     (AR) @[ IoU=0.50:0.95 | area=   all | maxDets=  1 ] = 0.021
 Average Recall     (AR) @[ IoU=0.50:0.95 | area=   all | maxDets= 10 ] = 0.146
 Average Recall     (AR) @[ IoU=0.50:0.95 | area=   all | maxDets=100 ] = 0.506
 Average Recall     (AR) @[ IoU=0.50:0.95 | area= small | maxDets=100 ] = 0.122
 Average Recall     (AR) @[ IoU=0.50:0.95 | area=medium | maxDets=100 ] = 0.522
 Average Recall     (AR) @[ IoU=0.50:0.95 | area= large | maxDets=100 ] = 0.699
2026-07-30 06:59:28,803 - portable_sam_fusion - INFO - Validation segm/mAP: 0.4658
2026-07-30 06:59:29,364 - portable_sam_fusion - INFO - New best bbox/mAP: 0.6770
2026-07-30 06:59:29,364 - portable_sam_fusion - INFO - Early-stop metric (segm/mAP): raw=0.4658 smooth(5)=0.4460; counter disabled before epoch 20
2026-07-30 06:59:35,071 - portable_sam_fusion - INFO - Saved best_bbox_model with bbox/mAP: 0.6770
2026-07-30 06:59:40,432 - portable_sam_fusion - INFO - Epoch 19/80 | train=0.326920 val=disabled segm/mAP=0.4658 bbox/mAP=0.6770 | best_segm=0.4733 best_bbox=0.6770 best_comp=0.0000 | sat_backbone=4.40e-04 mask_decoder=4.40e-04 prompt_encoder=4.40e-04 shape_prior=4.40e-04 quality_head=4.40e-04 sat_other=4.40e-04
2026-07-30 06:59:58,503 - portable_sam_fusion - INFO - [DEBUG-BOX] epoch=20 step=5600 fallback_count=0 fallback_ratio=0 num_rois=64 refined_proposal_iou=0 refined_proposal_iou_sum=0 refined_valid_count=0
2026-07-30 06:59:58,503 - portable_sam_fusion - INFO - [DEBUG-COARSE] epoch=20 step=5600 bce_raw=0.1423 boundary_fn=2006 boundary_fp=2109 boundary_tp=2.596e+04 dice=0.07469 dice_loss_raw=0.07469 iou=0.8639 loss_weight=0.1 raw_boundary_fn=2006 raw_boundary_fp=2109 raw_boundary_tp=2.596e+04 raw_dice_score=0.9253 raw_iou=0.8639 weighted_loss=0.0217
2026-07-30 06:59:58,503 - portable_sam_fusion - INFO - [DEBUG-CONTEXT] epoch=20 step=5600 enabled=0
2026-07-30 06:59:58,503 - portable_sam_fusion - INFO - [DEBUG-DENSE] epoch=20 step=5600 applied_delta_norm=2.5 applied_delta_ratio=0.2141 base_norm=11.68 canvas_max=8 canvas_mean=0.0003805 canvas_min=-8 canvas_nonzero_ratio=0.005236 canvas_std=0.4268 final_norm=11.93 residual_alpha=0.5 shape_norm=12.77 source_delta_norm=5.001 source_delta_ratio=0.4282
2026-07-30 06:59:58,503 - portable_sam_fusion - INFO - [DEBUG-GATE] epoch=20 step=5600 shape_dense_alpha_max=0.5 shape_dense_alpha_mean=0.5 shape_dense_alpha_min=0.5
2026-07-30 06:59:58,503 - portable_sam_fusion - INFO - [DEBUG-JITTER] epoch=20 step=5600 area_ratio_count=64 area_ratio_mean=1 area_ratio_sum=64 fallback_count=0 mean_iou=1 num_jittered=0 num_rois=64
2026-07-30 06:59:58,503 - portable_sam_fusion - INFO - [DEBUG-SP] epoch=20 step=5600 all_invalid_count=0 all_invalid_ratio=0 empty_count=0 empty_ratio=0 full_count=0 full_ratio=0 mean_point_distance=25.85 n1_gt_valid_count=64 n1_in_gt_bg=0.75 n1_in_gt_bg_count=48 n1_valid_count=64 n1_valid_ratio=1 n2_gt_valid_count=64 n2_in_gt_bg=1 n2_in_gt_bg_count=64 n2_valid_count=64 n2_valid_ratio=1 neg_in_pred_bg=1 neg_in_pred_bg_count=128 negative_pair_count=64 negative_pair_distance_sum=2457 p1_gt_valid_count=64 p1_in_gt_fg=1 p1_in_gt_fg_count=64 p1_valid_count=64 p1_valid_ratio=1 p2_gt_valid_count=64 p2_in_gt_fg=1 p2_in_gt_fg_count=64 p2_valid_count=64 p2_valid_ratio=1 point_distance_sum=3309 point_overlap_count=0 point_overlap_ratio=0 point_pair_count=128 pos_in_pred_fg=1 pos_in_pred_fg_count=128 positive_pair_count=64 positive_pair_distance_sum=852.2 roi_count=64 valid_neg_count=128 valid_pos_count=128 warmup_stage=2
2026-07-30 07:01:05,599 - portable_sam_fusion - INFO - [DEBUG-BOX] epoch=20 step=5650 fallback_count=0 fallback_ratio=0 num_rois=64 refined_proposal_iou=0 refined_proposal_iou_sum=0 refined_valid_count=0
2026-07-30 07:01:05,599 - portable_sam_fusion - INFO - [DEBUG-COARSE] epoch=20 step=5650 bce_raw=0.1335 boundary_fn=2117 boundary_fp=2382 boundary_tp=2.671e+04 dice=0.08531 dice_loss_raw=0.08531 iou=0.8468 loss_weight=0.1 raw_boundary_fn=2117 raw_boundary_fp=2382 raw_boundary_tp=2.671e+04 raw_dice_score=0.9147 raw_iou=0.8468 weighted_loss=0.02188
2026-07-30 07:01:05,599 - portable_sam_fusion - INFO - [DEBUG-CONTEXT] epoch=20 step=5650 enabled=0
2026-07-30 07:01:05,599 - portable_sam_fusion - INFO - [DEBUG-DENSE] epoch=20 step=5650 applied_delta_norm=3.003 applied_delta_ratio=0.2572 base_norm=11.68 canvas_max=8 canvas_mean=-0.006377 canvas_min=-8 canvas_nonzero_ratio=0.007508 canvas_std=0.5066 final_norm=12.03 residual_alpha=0.5 shape_norm=13.17 source_delta_norm=6.007 source_delta_ratio=0.5144
2026-07-30 07:01:05,599 - portable_sam_fusion - INFO - [DEBUG-GATE] epoch=20 step=5650 shape_dense_alpha_max=0.5 shape_dense_alpha_mean=0.5 shape_dense_alpha_min=0.5
2026-07-30 07:01:05,599 - portable_sam_fusion - INFO - [DEBUG-JITTER] epoch=20 step=5650 area_ratio_count=64 area_ratio_mean=1 area_ratio_sum=64 fallback_count=0 mean_iou=1 num_jittered=0 num_rois=64
2026-07-30 07:01:05,600 - portable_sam_fusion - INFO - [DEBUG-SP] epoch=20 step=5650 all_invalid_count=0 all_invalid_ratio=0 empty_count=0 empty_ratio=0 full_count=0 full_ratio=0 mean_point_distance=28.72 n1_gt_valid_count=64 n1_in_gt_bg=0.8438 n1_in_gt_bg_count=54 n1_valid_count=64 n1_valid_ratio=1 n2_gt_valid_count=64 n2_in_gt_bg=1 n2_in_gt_bg_count=64 n2_valid_count=64 n2_valid_ratio=1 neg_in_pred_bg=1 neg_in_pred_bg_count=128 negative_pair_count=64 negative_pair_distance_sum=2793 p1_gt_valid_count=64 p1_in_gt_fg=1 p1_in_gt_fg_count=64 p1_valid_count=64 p1_valid_ratio=1 p2_gt_valid_count=64 p2_in_gt_fg=1 p2_in_gt_fg_count=64 p2_valid_count=64 p2_valid_ratio=1 point_distance_sum=3676 point_overlap_count=0 point_overlap_ratio=0 point_pair_count=128 pos_in_pred_fg=1 pos_in_pred_fg_count=128 positive_pair_count=64 positive_pair_distance_sum=883.1 roi_count=64 valid_neg_count=128 valid_pos_count=128 warmup_stage=2
2026-07-30 07:02:10,319 - portable_sam_fusion - INFO - [DEBUG-BOX] epoch=20 step=5700 fallback_count=0 fallback_ratio=0 num_rois=64 refined_proposal_iou=0 refined_proposal_iou_sum=0 refined_valid_count=0
2026-07-30 07:02:10,319 - portable_sam_fusion - INFO - [DEBUG-COARSE] epoch=20 step=5700 bce_raw=0.1451 boundary_fn=2652 boundary_fp=2290 boundary_tp=2.491e+04 dice=0.07532 dice_loss_raw=0.07532 iou=0.8614 loss_weight=0.1 raw_boundary_fn=2652 raw_boundary_fp=2290 raw_boundary_tp=2.491e+04 raw_dice_score=0.9247 raw_iou=0.8614 weighted_loss=0.02205
2026-07-30 07:02:10,319 - portable_sam_fusion - INFO - [DEBUG-CONTEXT] epoch=20 step=5700 enabled=0
2026-07-30 07:02:10,319 - portable_sam_fusion - INFO - [DEBUG-DENSE] epoch=20 step=5700 applied_delta_norm=2.911 applied_delta_ratio=0.2493 base_norm=11.68 canvas_max=8 canvas_mean=-0.0032 canvas_min=-8 canvas_nonzero_ratio=0.006899 canvas_std=0.4705 final_norm=11.99 residual_alpha=0.5 shape_norm=13.04 source_delta_norm=5.823 source_delta_ratio=0.4986
2026-07-30 07:02:10,319 - portable_sam_fusion - INFO - [DEBUG-GATE] epoch=20 step=5700 shape_dense_alpha_max=0.5 shape_dense_alpha_mean=0.5 shape_dense_alpha_min=0.5
2026-07-30 07:02:10,319 - portable_sam_fusion - INFO - [DEBUG-JITTER] epoch=20 step=5700 area_ratio_count=64 area_ratio_mean=1 area_ratio_sum=64 fallback_count=0 mean_iou=1 num_jittered=0 num_rois=64
2026-07-30 07:02:10,319 - portable_sam_fusion - INFO - [DEBUG-SP] epoch=20 step=5700 all_invalid_count=0 all_invalid_ratio=0 empty_count=0 empty_ratio=0 full_count=0 full_ratio=0 mean_point_distance=29.04 n1_gt_valid_count=64 n1_in_gt_bg=0.8906 n1_in_gt_bg_count=57 n1_valid_count=64 n1_valid_ratio=1 n2_gt_valid_count=64 n2_in_gt_bg=1 n2_in_gt_bg_count=64 n2_valid_count=64 n2_valid_ratio=1 neg_in_pred_bg=1 neg_in_pred_bg_count=128 negative_pair_count=64 negative_pair_distance_sum=2572 p1_gt_valid_count=64 p1_in_gt_fg=1 p1_in_gt_fg_count=64 p1_valid_count=64 p1_valid_ratio=1 p2_gt_valid_count=64 p2_in_gt_fg=1 p2_in_gt_fg_count=64 p2_valid_count=64 p2_valid_ratio=1 point_distance_sum=3717 point_overlap_count=0 point_overlap_ratio=0 point_pair_count=128 pos_in_pred_fg=1 pos_in_pred_fg_count=128 positive_pair_count=64 positive_pair_distance_sum=1145 roi_count=64 valid_neg_count=128 valid_pos_count=128 warmup_stage=2
2026-07-30 07:03:19,956 - portable_sam_fusion - INFO - [DEBUG-BOX] epoch=20 step=5750 fallback_count=0 fallback_ratio=0 num_rois=64 refined_proposal_iou=0 refined_proposal_iou_sum=0 refined_valid_count=0
2026-07-30 07:03:19,957 - portable_sam_fusion - INFO - [DEBUG-COARSE] epoch=20 step=5750 bce_raw=0.1314 boundary_fn=1724 boundary_fp=1521 boundary_tp=2.616e+04 dice=0.06868 dice_loss_raw=0.06868 iou=0.8728 loss_weight=0.1 raw_boundary_fn=1724 raw_boundary_fp=1521 raw_boundary_tp=2.616e+04 raw_dice_score=0.9313 raw_iou=0.8728 weighted_loss=0.02
2026-07-30 07:03:19,957 - portable_sam_fusion - INFO - [DEBUG-CONTEXT] epoch=20 step=5750 enabled=0
2026-07-30 07:03:19,957 - portable_sam_fusion - INFO - [DEBUG-DENSE] epoch=20 step=5750 applied_delta_norm=3.52 applied_delta_ratio=0.3014 base_norm=11.68 canvas_max=8 canvas_mean=-0.000521 canvas_min=-8 canvas_nonzero_ratio=0.008492 canvas_std=0.5512 final_norm=12.12 residual_alpha=0.5 shape_norm=13.56 source_delta_norm=7.04 source_delta_ratio=0.6029
2026-07-30 07:03:19,957 - portable_sam_fusion - INFO - [DEBUG-GATE] epoch=20 step=5750 shape_dense_alpha_max=0.5 shape_dense_alpha_mean=0.5 shape_dense_alpha_min=0.5
2026-07-30 07:03:19,957 - portable_sam_fusion - INFO - [DEBUG-JITTER] epoch=20 step=5750 area_ratio_count=64 area_ratio_mean=1 area_ratio_sum=64 fallback_count=0 mean_iou=1 num_jittered=0 num_rois=64
2026-07-30 07:03:19,957 - portable_sam_fusion - INFO - [DEBUG-SP] epoch=20 step=5750 all_invalid_count=0 all_invalid_ratio=0 empty_count=0 empty_ratio=0 full_count=0 full_ratio=0 mean_point_distance=38.79 n1_gt_valid_count=64 n1_in_gt_bg=0.9688 n1_in_gt_bg_count=62 n1_valid_count=64 n1_valid_ratio=1 n2_gt_valid_count=64 n2_in_gt_bg=1 n2_in_gt_bg_count=64 n2_valid_count=64 n2_valid_ratio=1 neg_in_pred_bg=1 neg_in_pred_bg_count=128 negative_pair_count=64 negative_pair_distance_sum=3865 p1_gt_valid_count=64 p1_in_gt_fg=1 p1_in_gt_fg_count=64 p1_valid_count=64 p1_valid_ratio=1 p2_gt_valid_count=64 p2_in_gt_fg=1 p2_in_gt_fg_count=64 p2_valid_count=64 p2_valid_ratio=1 point_distance_sum=4965 point_overlap_count=0 point_overlap_ratio=0 point_pair_count=128 pos_in_pred_fg=1 pos_in_pred_fg_count=128 positive_pair_count=64 positive_pair_distance_sum=1100 roi_count=64 valid_neg_count=128 valid_pos_count=128 warmup_stage=2
2026-07-30 07:03:34,922 - portable_sam_fusion - INFO - epoch 20 | mini-batch 176/294 | optimizer_step 1450/5920 | lr=4.366e-04
2026-07-30 07:04:16,814 - portable_sam_fusion - INFO - [DEBUG-BOX] epoch=20 step=5800 fallback_count=0 fallback_ratio=0 num_rois=29 refined_proposal_iou=0 refined_proposal_iou_sum=0 refined_valid_count=0
2026-07-30 07:04:16,815 - portable_sam_fusion - INFO - [DEBUG-COARSE] epoch=20 step=5800 bce_raw=0.0666 boundary_fn=74 boundary_fp=59 boundary_tp=1.139e+04 dice=0.04128 dice_loss_raw=0.04128 iou=0.921 loss_weight=0.1 raw_boundary_fn=74 raw_boundary_fp=59 raw_boundary_tp=1.139e+04 raw_dice_score=0.9587 raw_iou=0.921 weighted_loss=0.01079
2026-07-30 07:04:16,815 - portable_sam_fusion - INFO - [DEBUG-CONTEXT] epoch=20 step=5800 enabled=0
2026-07-30 07:04:16,815 - portable_sam_fusion - INFO - [DEBUG-DENSE] epoch=20 step=5800 applied_delta_norm=3.848 applied_delta_ratio=0.3295 base_norm=11.68 canvas_max=8 canvas_mean=0.01003 canvas_min=-8 canvas_nonzero_ratio=0.01013 canvas_std=0.6037 final_norm=12.17 residual_alpha=0.5 shape_norm=13.78 source_delta_norm=7.697 source_delta_ratio=0.6591
2026-07-30 07:04:16,815 - portable_sam_fusion - INFO - [DEBUG-GATE] epoch=20 step=5800 shape_dense_alpha_max=0.5 shape_dense_alpha_mean=0.5 shape_dense_alpha_min=0.5
2026-07-30 07:04:16,815 - portable_sam_fusion - INFO - [DEBUG-JITTER] epoch=20 step=5800 area_ratio_count=29 area_ratio_mean=1 area_ratio_sum=29 fallback_count=0 mean_iou=1 num_jittered=0 num_rois=29
2026-07-30 07:04:16,815 - portable_sam_fusion - INFO - [DEBUG-SP] epoch=20 step=5800 all_invalid_count=0 all_invalid_ratio=0 empty_count=0 empty_ratio=0 full_count=0 full_ratio=0 mean_point_distance=39.05 n1_gt_valid_count=29 n1_in_gt_bg=1 n1_in_gt_bg_count=29 n1_valid_count=29 n1_valid_ratio=1 n2_gt_valid_count=29 n2_in_gt_bg=1 n2_in_gt_bg_count=29 n2_valid_count=29 n2_valid_ratio=1 neg_in_pred_bg=1 neg_in_pred_bg_count=58 negative_pair_count=29 negative_pair_distance_sum=1084 p1_gt_valid_count=29 p1_in_gt_fg=1 p1_in_gt_fg_count=29 p1_valid_count=29 p1_valid_ratio=1 p2_gt_valid_count=29 p2_in_gt_fg=1 p2_in_gt_fg_count=29 p2_valid_count=29 p2_valid_ratio=1 point_distance_sum=2265 point_overlap_count=0 point_overlap_ratio=0 point_pair_count=58 pos_in_pred_fg=1 pos_in_pred_fg_count=58 positive_pair_count=29 positive_pair_distance_sum=1181 roi_count=29 valid_neg_count=58 valid_pos_count=58 warmup_stage=2
2026-07-30 07:05:07,815 - portable_sam_fusion - INFO - [DEBUG-BOX] epoch=20 step=5850 fallback_count=0 fallback_ratio=0 num_rois=64 refined_proposal_iou=0 refined_proposal_iou_sum=0 refined_valid_count=0
2026-07-30 07:05:07,815 - portable_sam_fusion - INFO - [DEBUG-COARSE] epoch=20 step=5850 bce_raw=0.1539 boundary_fn=2012 boundary_fp=2797 boundary_tp=2.319e+04 dice=0.06481 dice_loss_raw=0.06481 iou=0.8802 loss_weight=0.1 raw_boundary_fn=2012 raw_boundary_fp=2797 raw_boundary_tp=2.319e+04 raw_dice_score=0.9352 raw_iou=0.8802 weighted_loss=0.02187
2026-07-30 07:05:07,815 - portable_sam_fusion - INFO - [DEBUG-CONTEXT] epoch=20 step=5850 enabled=0
2026-07-30 07:05:07,815 - portable_sam_fusion - INFO - [DEBUG-DENSE] epoch=20 step=5850 applied_delta_norm=2.698 applied_delta_ratio=0.231 base_norm=11.68 canvas_max=8 canvas_mean=0.01119 canvas_min=-8 canvas_nonzero_ratio=0.005467 canvas_std=0.4215 final_norm=11.96 residual_alpha=0.5 shape_norm=12.87 source_delta_norm=5.396 source_delta_ratio=0.4621
2026-07-30 07:05:07,815 - portable_sam_fusion - INFO - [DEBUG-GATE] epoch=20 step=5850 shape_dense_alpha_max=0.5 shape_dense_alpha_mean=0.5 shape_dense_alpha_min=0.5
2026-07-30 07:05:07,815 - portable_sam_fusion - INFO - [DEBUG-JITTER] epoch=20 step=5850 area_ratio_count=64 area_ratio_mean=1 area_ratio_sum=64 fallback_count=0 mean_iou=1 num_jittered=0 num_rois=64
2026-07-30 07:05:07,815 - portable_sam_fusion - INFO - [DEBUG-SP] epoch=20 step=5850 all_invalid_count=0 all_invalid_ratio=0 empty_count=0 empty_ratio=0 full_count=0 full_ratio=0 mean_point_distance=29.53 n1_gt_valid_count=64 n1_in_gt_bg=0.7656 n1_in_gt_bg_count=49 n1_valid_count=64 n1_valid_ratio=1 n2_gt_valid_count=64 n2_in_gt_bg=0.9375 n2_in_gt_bg_count=60 n2_valid_count=64 n2_valid_ratio=1 neg_in_pred_bg=1 neg_in_pred_bg_count=128 negative_pair_count=64 negative_pair_distance_sum=2918 p1_gt_valid_count=64 p1_in_gt_fg=1 p1_in_gt_fg_count=64 p1_valid_count=64 p1_valid_ratio=1 p2_gt_valid_count=64 p2_in_gt_fg=1 p2_in_gt_fg_count=64 p2_valid_count=64 p2_valid_ratio=1 point_distance_sum=3780 point_overlap_count=0 point_overlap_ratio=0 point_pair_count=128 pos_in_pred_fg=1 pos_in_pred_fg_count=128 positive_pair_count=64 positive_pair_distance_sum=862.2 roi_count=64 valid_neg_count=128 valid_pos_count=128 warmup_stage=2
2026-07-30 07:05:37,143 - portable_sam_fusion - INFO - Epoch 20 detailed losses: loss_rpn_cls=0.0144, loss_rpn_bbox=0.0053, loss_cls=0.1844, acc=92.7367, loss_bbox=0.0733, loss_mask=0.0013, debug_mask_pos_rois=57.2143, debug_mask_logit_mean=-17.1175, debug_mask_logit_std=3.1855, debug_mask_prob_mean=0.0052, debug_mask_prob_ge05=0.0051, debug_mask_target_fill=0.0051, loss_shape_prior=0.0212, schedule/det_weight=1.0000
2026-07-30 07:05:37,143 - portable_sam_fusion - INFO - Epoch 20 dense residual monitor: alpha=0.500000 source_delta_norm=6.7067 applied_delta_norm=3.3533 source_delta_ratio=0.574279 applied_delta_ratio=0.287140
2026-07-30 07:05:37,143 - portable_sam_fusion - INFO - Epoch 20 primary loss shares: det=92.48% final_mask=0.44% shape=7.08% p2_boundary=0.00%
2026-07-30 07:05:37,143 - portable_sam_fusion - INFO - Epoch 20 schedule: det_loss_weight=1.000 early_stop_start=20 min_delta=0.0005
2026-07-30 07:05:37,143 - portable_sam_fusion - INFO - Epoch 20 learning rates: sat_backbone=4.34e-04, mask_decoder=4.34e-04, prompt_encoder=4.34e-04, shape_prior=4.34e-04, quality_head=4.34e-04, sat_other=4.34e-04
2026-07-30 07:08:59,622 - portable_sam_fusion - INFO - Validation samples: GT=15926, DT=18085, avg_masks_per_image=28.84, avg_mask_fill=0.0050
creating index...
index created!
Loading and preparing results...
DONE (t=0.02s)
creating index...
index created!
Running per image evaluation...
Evaluate annotation type *bbox*
DONE (t=10.72s).
Accumulating evaluation results...
DONE (t=0.17s).
 Average Precision  (AP) @[ IoU=0.50:0.95 | area=   all | maxDets=100 ] = 0.685
 Average Precision  (AP) @[ IoU=0.50      | area=   all | maxDets=100 ] = 0.896
 Average Precision  (AP) @[ IoU=0.75      | area=   all | maxDets=100 ] = 0.814
 Average Precision  (AP) @[ IoU=0.50:0.95 | area= small | maxDets=100 ] = 0.302
 Average Precision  (AP) @[ IoU=0.50:0.95 | area=medium | maxDets=100 ] = 0.727
 Average Precision  (AP) @[ IoU=0.50:0.95 | area= large | maxDets=100 ] = 0.763
 Average Recall     (AR) @[ IoU=0.50:0.95 | area=   all | maxDets=  1 ] = 0.026
 Average Recall     (AR) @[ IoU=0.50:0.95 | area=   all | maxDets= 10 ] = 0.188
 Average Recall     (AR) @[ IoU=0.50:0.95 | area=   all | maxDets=100 ] = 0.730
 Average Recall     (AR) @[ IoU=0.50:0.95 | area= small | maxDets=100 ] = 0.418
 Average Recall     (AR) @[ IoU=0.50:0.95 | area=medium | maxDets=100 ] = 0.774
 Average Recall     (AR) @[ IoU=0.50:0.95 | area= large | maxDets=100 ] = 0.806
2026-07-30 07:09:10,701 - portable_sam_fusion - INFO - Validation bbox/mAP: 0.6845 bbox/mAP_75: 0.8143
Running per image evaluation...
Evaluate annotation type *segm*
DONE (t=11.28s).
Accumulating evaluation results...
DONE (t=0.17s).
 Average Precision  (AP) @[ IoU=0.50:0.95 | area=   all | maxDets=100 ] = 0.462
 Average Precision  (AP) @[ IoU=0.50      | area=   all | maxDets=100 ] = 0.858
 Average Precision  (AP) @[ IoU=0.75      | area=   all | maxDets=100 ] = 0.501
 Average Precision  (AP) @[ IoU=0.50:0.95 | area= small | maxDets=100 ] = 0.070
 Average Precision  (AP) @[ IoU=0.50:0.95 | area=medium | maxDets=100 ] = 0.476
 Average Precision  (AP) @[ IoU=0.50:0.95 | area= large | maxDets=100 ] = 0.648
 Average Recall     (AR) @[ IoU=0.50:0.95 | area=   all | maxDets=  1 ] = 0.021
 Average Recall     (AR) @[ IoU=0.50:0.95 | area=   all | maxDets= 10 ] = 0.145
 Average Recall     (AR) @[ IoU=0.50:0.95 | area=   all | maxDets=100 ] = 0.503
 Average Recall     (AR) @[ IoU=0.50:0.95 | area= small | maxDets=100 ] = 0.124
 Average Recall     (AR) @[ IoU=0.50:0.95 | area=medium | maxDets=100 ] = 0.519
 Average Recall     (AR) @[ IoU=0.50:0.95 | area= large | maxDets=100 ] = 0.694
2026-07-30 07:09:22,182 - portable_sam_fusion - INFO - Validation segm/mAP: 0.4616
2026-07-30 07:09:22,786 - portable_sam_fusion - INFO - New best bbox/mAP: 0.6845
2026-07-30 07:09:22,787 - portable_sam_fusion - INFO - Early-stop metric (segm/mAP): raw=0.4616 smooth(5)=0.4503 best=0.4546 counter=1
2026-07-30 07:09:25,346 - portable_sam_fusion - INFO - Saved best_bbox_model with bbox/mAP: 0.6845
2026-07-30 07:09:30,694 - portable_sam_fusion - INFO - Epoch 20/80 | train=0.300062 val=disabled segm/mAP=0.4616 bbox/mAP=0.6845 | best_segm=0.4733 best_bbox=0.6845 best_comp=0.0000 | sat_backbone=4.34e-04 mask_decoder=4.34e-04 prompt_encoder=4.34e-04 shape_prior=4.34e-04 quality_head=4.34e-04 sat_other=4.34e-04
2026-07-30 07:10:00,857 - portable_sam_fusion - INFO - [DEBUG-BOX] epoch=21 step=5900 fallback_count=0 fallback_ratio=0 num_rois=0 refined_proposal_iou=0 refined_proposal_iou_sum=0 refined_valid_count=0
2026-07-30 07:10:00,858 - portable_sam_fusion - INFO - [DEBUG-COARSE] epoch=21 step=5900 boundary_fn=0 boundary_fp=0 boundary_tp=0 dice=0 iou=0
2026-07-30 07:10:00,858 - portable_sam_fusion - INFO - [DEBUG-CONTEXT] epoch=21 step=5900 enabled=0
2026-07-30 07:10:00,858 - portable_sam_fusion - INFO - [DEBUG-DENSE] epoch=21 step=5900 applied_delta_norm=2.469 applied_delta_ratio=0.2115 base_norm=11.68 canvas_max=8 canvas_mean=0.0001752 canvas_min=-8 canvas_nonzero_ratio=0.004999 canvas_std=0.4374 final_norm=11.92 residual_alpha=0.5 shape_norm=12.75 source_delta_norm=4.939 source_delta_ratio=0.4229
2026-07-30 07:10:00,858 - portable_sam_fusion - INFO - [DEBUG-GATE] epoch=21 step=5900 shape_dense_alpha_max=0.5 shape_dense_alpha_mean=0.5 shape_dense_alpha_min=0.5
2026-07-30 07:10:00,858 - portable_sam_fusion - INFO - [DEBUG-JITTER] epoch=21 step=5900 area_ratio_count=0 area_ratio_mean=0 area_ratio_sum=0 fallback_count=0 mean_iou=0 num_jittered=0 num_rois=0
2026-07-30 07:10:00,858 - portable_sam_fusion - INFO - [DEBUG-SP] epoch=21 step=5900 all_invalid_count=0 all_invalid_ratio=0 empty_count=0 empty_ratio=0 full_count=0 full_ratio=0 mean_point_distance=24.53 n1_gt_valid_count=64 n1_in_gt_bg=0.8125 n1_in_gt_bg_count=52 n1_valid_count=64 n1_valid_ratio=1 n2_gt_valid_count=64 n2_in_gt_bg=1 n2_in_gt_bg_count=64 n2_valid_count=64 n2_valid_ratio=1 neg_in_pred_bg=1 neg_in_pred_bg_count=128 negative_pair_count=64 negative_pair_distance_sum=2373 p1_gt_valid_count=64 p1_in_gt_fg=1 p1_in_gt_fg_count=64 p1_valid_count=64 p1_valid_ratio=1 p2_gt_valid_count=64 p2_in_gt_fg=1 p2_in_gt_fg_count=64 p2_valid_count=64 p2_valid_ratio=1 point_distance_sum=3139 point_overlap_count=0 point_overlap_ratio=0 point_pair_count=128 pos_in_pred_fg=1 pos_in_pred_fg_count=128 positive_pair_count=64 positive_pair_distance_sum=766.3 roi_count=64 valid_neg_count=128 valid_pos_count=128 warmup_stage=2
2026-07-30 07:11:08,265 - portable_sam_fusion - INFO - [DEBUG-BOX] epoch=21 step=5950 fallback_count=0 fallback_ratio=0 num_rois=64 refined_proposal_iou=0 refined_proposal_iou_sum=0 refined_valid_count=0
2026-07-30 07:11:08,265 - portable_sam_fusion - INFO - [DEBUG-COARSE] epoch=21 step=5950 bce_raw=0.1564 boundary_fn=2241 boundary_fp=2660 boundary_tp=2.399e+04 dice=0.06759 dice_loss_raw=0.06759 iou=0.8771 loss_weight=0.1 raw_boundary_fn=2241 raw_boundary_fp=2660 raw_boundary_tp=2.399e+04 raw_dice_score=0.9324 raw_iou=0.8771 weighted_loss=0.0224
2026-07-30 07:11:08,265 - portable_sam_fusion - INFO - [DEBUG-CONTEXT] epoch=21 step=5950 enabled=0
2026-07-30 07:11:08,265 - portable_sam_fusion - INFO - [DEBUG-DENSE] epoch=21 step=5950 applied_delta_norm=2.958 applied_delta_ratio=0.2533 base_norm=11.68 canvas_max=8 canvas_mean=0.01181 canvas_min=-8 canvas_nonzero_ratio=0.006912 canvas_std=0.5011 final_norm=12.05 residual_alpha=0.5 shape_norm=13.23 source_delta_norm=5.916 source_delta_ratio=0.5065
2026-07-30 07:11:08,265 - portable_sam_fusion - INFO - [DEBUG-GATE] epoch=21 step=5950 shape_dense_alpha_max=0.5 shape_dense_alpha_mean=0.5 shape_dense_alpha_min=0.5
2026-07-30 07:11:08,265 - portable_sam_fusion - INFO - [DEBUG-JITTER] epoch=21 step=5950 area_ratio_count=64 area_ratio_mean=1 area_ratio_sum=64 fallback_count=0 mean_iou=1 num_jittered=0 num_rois=64
2026-07-30 07:11:08,265 - portable_sam_fusion - INFO - [DEBUG-SP] epoch=21 step=5950 all_invalid_count=0 all_invalid_ratio=0 empty_count=0 empty_ratio=0 full_count=0 full_ratio=0 mean_point_distance=33.04 n1_gt_valid_count=64 n1_in_gt_bg=0.8281 n1_in_gt_bg_count=53 n1_valid_count=64 n1_valid_ratio=1 n2_gt_valid_count=64 n2_in_gt_bg=1 n2_in_gt_bg_count=64 n2_valid_count=64 n2_valid_ratio=1 neg_in_pred_bg=1 neg_in_pred_bg_count=128 negative_pair_count=64 negative_pair_distance_sum=3129 p1_gt_valid_count=64 p1_in_gt_fg=1 p1_in_gt_fg_count=64 p1_valid_count=64 p1_valid_ratio=1 p2_gt_valid_count=64 p2_in_gt_fg=1 p2_in_gt_fg_count=64 p2_valid_count=64 p2_valid_ratio=1 point_distance_sum=4229 point_overlap_count=0 point_overlap_ratio=0 point_pair_count=128 pos_in_pred_fg=1 pos_in_pred_fg_count=128 positive_pair_count=64 positive_pair_distance_sum=1101 roi_count=64 valid_neg_count=128 valid_pos_count=128 warmup_stage=2
2026-07-30 07:11:23,754 - portable_sam_fusion - INFO - epoch 21 | mini-batch 80/294 | optimizer_step 1500/5920 | lr=4.320e-04
2026-07-30 07:12:13,487 - portable_sam_fusion - INFO - [DEBUG-BOX] epoch=21 step=6000 fallback_count=0 fallback_ratio=0 num_rois=64 refined_proposal_iou=0 refined_proposal_iou_sum=0 refined_valid_count=0
2026-07-30 07:12:13,487 - portable_sam_fusion - INFO - [DEBUG-COARSE] epoch=21 step=6000 bce_raw=0.1608 boundary_fn=2958 boundary_fp=2969 boundary_tp=2.044e+04 dice=0.06023 dice_loss_raw=0.06023 iou=0.8893 loss_weight=0.1 raw_boundary_fn=2958 raw_boundary_fp=2969 raw_boundary_tp=2.044e+04 raw_dice_score=0.9398 raw_iou=0.8893 weighted_loss=0.0221
2026-07-30 07:12:13,487 - portable_sam_fusion - INFO - [DEBUG-CONTEXT] epoch=21 step=6000 enabled=0
2026-07-30 07:12:13,487 - portable_sam_fusion - INFO - [DEBUG-DENSE] epoch=21 step=6000 applied_delta_norm=3.846 applied_delta_ratio=0.3293 base_norm=11.68 canvas_max=8 canvas_mean=0.02902 canvas_min=-8 canvas_nonzero_ratio=0.01651 canvas_std=0.7122 final_norm=12.54 residual_alpha=0.5 shape_norm=14.65 source_delta_norm=7.691 source_delta_ratio=0.6586
2026-07-30 07:12:13,487 - portable_sam_fusion - INFO - [DEBUG-GATE] epoch=21 step=6000 shape_dense_alpha_max=0.5 shape_dense_alpha_mean=0.5 shape_dense_alpha_min=0.5
2026-07-30 07:12:13,487 - portable_sam_fusion - INFO - [DEBUG-JITTER] epoch=21 step=6000 area_ratio_count=64 area_ratio_mean=1 area_ratio_sum=64 fallback_count=0 mean_iou=1 num_jittered=0 num_rois=64
2026-07-30 07:12:13,487 - portable_sam_fusion - INFO - [DEBUG-SP] epoch=21 step=6000 all_invalid_count=0 all_invalid_ratio=0 empty_count=0 empty_ratio=0 full_count=2 full_ratio=0.03125 mean_point_distance=33.87 n1_gt_valid_count=62 n1_in_gt_bg=0.6613 n1_in_gt_bg_count=41 n1_valid_count=62 n1_valid_ratio=0.9688 n2_gt_valid_count=61 n2_in_gt_bg=0.9016 n2_in_gt_bg_count=55 n2_valid_count=61 n2_valid_ratio=0.9531 neg_in_pred_bg=1 neg_in_pred_bg_count=123 negative_pair_count=61 negative_pair_distance_sum=3013 p1_gt_valid_count=64 p1_in_gt_fg=1 p1_in_gt_fg_count=64 p1_valid_count=64 p1_valid_ratio=1 p2_gt_valid_count=64 p2_in_gt_fg=1 p2_in_gt_fg_count=64 p2_valid_count=64 p2_valid_ratio=1 point_distance_sum=4234 point_overlap_count=0 point_overlap_ratio=0 point_pair_count=125 pos_in_pred_fg=1 pos_in_pred_fg_count=128 positive_pair_count=64 positive_pair_distance_sum=1221 roi_count=64 valid_neg_count=123 valid_pos_count=128 warmup_stage=2
2026-07-30 07:13:24,033 - portable_sam_fusion - INFO - [DEBUG-BOX] epoch=21 step=6050 fallback_count=0 fallback_ratio=0 num_rois=64 refined_proposal_iou=0 refined_proposal_iou_sum=0 refined_valid_count=0
2026-07-30 07:13:24,033 - portable_sam_fusion - INFO - [DEBUG-COARSE] epoch=21 step=6050 bce_raw=0.2248 boundary_fn=4380 boundary_fp=4484 boundary_tp=2.268e+04 dice=0.08902 dice_loss_raw=0.08902 iou=0.8398 loss_weight=0.1 raw_boundary_fn=4380 raw_boundary_fp=4484 raw_boundary_tp=2.268e+04 raw_dice_score=0.911 raw_iou=0.8398 weighted_loss=0.03138
2026-07-30 07:13:24,033 - portable_sam_fusion - INFO - [DEBUG-CONTEXT] epoch=21 step=6050 enabled=0
2026-07-30 07:13:24,033 - portable_sam_fusion - INFO - [DEBUG-DENSE] epoch=21 step=6050 applied_delta_norm=3.392 applied_delta_ratio=0.2904 base_norm=11.68 canvas_max=8 canvas_mean=0.01093 canvas_min=-8 canvas_nonzero_ratio=0.008464 canvas_std=0.5134 final_norm=12.13 residual_alpha=0.5 shape_norm=13.56 source_delta_norm=6.784 source_delta_ratio=0.5809
2026-07-30 07:13:24,033 - portable_sam_fusion - INFO - [DEBUG-GATE] epoch=21 step=6050 shape_dense_alpha_max=0.5 shape_dense_alpha_mean=0.5 shape_dense_alpha_min=0.5
2026-07-30 07:13:24,033 - portable_sam_fusion - INFO - [DEBUG-JITTER] epoch=21 step=6050 area_ratio_count=64 area_ratio_mean=1 area_ratio_sum=64 fallback_count=0 mean_iou=1 num_jittered=0 num_rois=64
2026-07-30 07:13:24,033 - portable_sam_fusion - INFO - [DEBUG-SP] epoch=21 step=6050 all_invalid_count=0 all_invalid_ratio=0 empty_count=0 empty_ratio=0 full_count=0 full_ratio=0 mean_point_distance=34.62 n1_gt_valid_count=64 n1_in_gt_bg=0.9219 n1_in_gt_bg_count=59 n1_valid_count=64 n1_valid_ratio=1 n2_gt_valid_count=64 n2_in_gt_bg=1 n2_in_gt_bg_count=64 n2_valid_count=64 n2_valid_ratio=1 neg_in_pred_bg=1 neg_in_pred_bg_count=128 negative_pair_count=64 negative_pair_distance_sum=2777 p1_gt_valid_count=64 p1_in_gt_fg=1 p1_in_gt_fg_count=64 p1_valid_count=64 p1_valid_ratio=1 p2_gt_valid_count=64 p2_in_gt_fg=1 p2_in_gt_fg_count=64 p2_valid_count=64 p2_valid_ratio=1 point_distance_sum=4431 point_overlap_count=0 point_overlap_ratio=0 point_pair_count=128 pos_in_pred_fg=1 pos_in_pred_fg_count=128 positive_pair_count=64 positive_pair_distance_sum=1654 roi_count=64 valid_neg_count=128 valid_pos_count=128 warmup_stage=2
2026-07-30 07:14:18,484 - portable_sam_fusion - INFO - [DEBUG-BOX] epoch=21 step=6100 fallback_count=0 fallback_ratio=0 num_rois=64 refined_proposal_iou=0 refined_proposal_iou_sum=0 refined_valid_count=0
2026-07-30 07:14:18,484 - portable_sam_fusion - INFO - [DEBUG-COARSE] epoch=21 step=6100 bce_raw=0.1911 boundary_fn=3320 boundary_fp=4591 boundary_tp=1.971e+04 dice=0.07295 dice_loss_raw=0.07295 iou=0.8663 loss_weight=0.1 raw_boundary_fn=3320 raw_boundary_fp=4591 raw_boundary_tp=1.971e+04 raw_dice_score=0.927 raw_iou=0.8663 weighted_loss=0.02641
2026-07-30 07:14:18,484 - portable_sam_fusion - INFO - [DEBUG-CONTEXT] epoch=21 step=6100 enabled=0
2026-07-30 07:14:18,484 - portable_sam_fusion - INFO - [DEBUG-DENSE] epoch=21 step=6100 applied_delta_norm=2.263 applied_delta_ratio=0.1938 base_norm=11.68 canvas_max=8 canvas_mean=0.005193 canvas_min=-8 canvas_nonzero_ratio=0.005438 canvas_std=0.4295 final_norm=11.96 residual_alpha=0.5 shape_norm=12.82 source_delta_norm=4.526 source_delta_ratio=0.3876
2026-07-30 07:14:18,484 - portable_sam_fusion - INFO - [DEBUG-GATE] epoch=21 step=6100 shape_dense_alpha_max=0.5 shape_dense_alpha_mean=0.5 shape_dense_alpha_min=0.5
2026-07-30 07:14:18,484 - portable_sam_fusion - INFO - [DEBUG-JITTER] epoch=21 step=6100 area_ratio_count=64 area_ratio_mean=1 area_ratio_sum=64 fallback_count=0 mean_iou=1 num_jittered=0 num_rois=64
2026-07-30 07:14:18,485 - portable_sam_fusion - INFO - [DEBUG-SP] epoch=21 step=6100 all_invalid_count=0 all_invalid_ratio=0 empty_count=0 empty_ratio=0 full_count=0 full_ratio=0 mean_point_distance=25.06 n1_gt_valid_count=64 n1_in_gt_bg=0.9375 n1_in_gt_bg_count=60 n1_valid_count=64 n1_valid_ratio=1 n2_gt_valid_count=64 n2_in_gt_bg=0.9531 n2_in_gt_bg_count=61 n2_valid_count=64 n2_valid_ratio=1 neg_in_pred_bg=1 neg_in_pred_bg_count=128 negative_pair_count=64 negative_pair_distance_sum=2515 p1_gt_valid_count=64 p1_in_gt_fg=1 p1_in_gt_fg_count=64 p1_valid_count=64 p1_valid_ratio=1 p2_gt_valid_count=64 p2_in_gt_fg=1 p2_in_gt_fg_count=64 p2_valid_count=64 p2_valid_ratio=1 point_distance_sum=3208 point_overlap_count=0 point_overlap_ratio=0 point_pair_count=128 pos_in_pred_fg=1 pos_in_pred_fg_count=128 positive_pair_count=64 positive_pair_distance_sum=693.1 roi_count=64 valid_neg_count=128 valid_pos_count=128 warmup_stage=2
2026-07-30 07:15:05,134 - portable_sam_fusion - INFO - [DEBUG-BOX] epoch=21 step=6150 fallback_count=0 fallback_ratio=0 num_rois=64 refined_proposal_iou=0 refined_proposal_iou_sum=0 refined_valid_count=0
2026-07-30 07:15:05,134 - portable_sam_fusion - INFO - [DEBUG-COARSE] epoch=21 step=6150 bce_raw=0.1576 boundary_fn=3125 boundary_fp=3410 boundary_tp=2.138e+04 dice=0.06127 dice_loss_raw=0.06127 iou=0.8859 loss_weight=0.1 raw_boundary_fn=3125 raw_boundary_fp=3410 raw_boundary_tp=2.138e+04 raw_dice_score=0.9387 raw_iou=0.8859 weighted_loss=0.02189
2026-07-30 07:15:05,134 - portable_sam_fusion - INFO - [DEBUG-CONTEXT] epoch=21 step=6150 enabled=0
2026-07-30 07:15:05,134 - portable_sam_fusion - INFO - [DEBUG-DENSE] epoch=21 step=6150 applied_delta_norm=3.395 applied_delta_ratio=0.2907 base_norm=11.68 canvas_max=8 canvas_mean=0.01008 canvas_min=-8 canvas_nonzero_ratio=0.01676 canvas_std=0.6723 final_norm=12.38 residual_alpha=0.5 shape_norm=14.03 source_delta_norm=6.789 source_delta_ratio=0.5813
2026-07-30 07:15:05,134 - portable_sam_fusion - INFO - [DEBUG-GATE] epoch=21 step=6150 shape_dense_alpha_max=0.5 shape_dense_alpha_mean=0.5 shape_dense_alpha_min=0.5
2026-07-30 07:15:05,134 - portable_sam_fusion - INFO - [DEBUG-JITTER] epoch=21 step=6150 area_ratio_count=64 area_ratio_mean=1 area_ratio_sum=64 fallback_count=0 mean_iou=1 num_jittered=0 num_rois=64
2026-07-30 07:15:05,134 - portable_sam_fusion - INFO - [DEBUG-SP] epoch=21 step=6150 all_invalid_count=0 all_invalid_ratio=0 empty_count=0 empty_ratio=0 full_count=1 full_ratio=0.01562 mean_point_distance=32.47 n1_gt_valid_count=63 n1_in_gt_bg=0.7302 n1_in_gt_bg_count=46 n1_valid_count=63 n1_valid_ratio=0.9844 n2_gt_valid_count=63 n2_in_gt_bg=1 n2_in_gt_bg_count=63 n2_valid_count=63 n2_valid_ratio=0.9844 neg_in_pred_bg=1 neg_in_pred_bg_count=126 negative_pair_count=63 negative_pair_distance_sum=2800 p1_gt_valid_count=64 p1_in_gt_fg=1 p1_in_gt_fg_count=64 p1_valid_count=64 p1_valid_ratio=1 p2_gt_valid_count=64 p2_in_gt_fg=1 p2_in_gt_fg_count=64 p2_valid_count=64 p2_valid_ratio=1 point_distance_sum=4123 point_overlap_count=0 point_overlap_ratio=0 point_pair_count=127 pos_in_pred_fg=1 pos_in_pred_fg_count=128 positive_pair_count=64 positive_pair_distance_sum=1323 roi_count=64 valid_neg_count=126 valid_pos_count=128 warmup_stage=2
2026-07-30 07:15:14,488 - portable_sam_fusion - INFO - epoch 21 | mini-batch 280/294 | optimizer_step 1550/5920 | lr=4.273e-04
2026-07-30 07:15:28,860 - portable_sam_fusion - INFO - Epoch 21 detailed losses: loss_rpn_cls=0.0127, loss_rpn_bbox=0.0052, loss_cls=0.1776, acc=93.0300, loss_bbox=0.0746, loss_mask=0.0012, debug_mask_pos_rois=57.4218, debug_mask_logit_mean=-17.0876, debug_mask_logit_std=3.1301, debug_mask_prob_mean=0.0044, debug_mask_prob_ge05=0.0044, debug_mask_target_fill=0.0045, loss_shape_prior=0.0210, schedule/det_weight=1.0000
2026-07-30 07:15:28,860 - portable_sam_fusion - INFO - Epoch 21 dense residual monitor: alpha=0.500000 source_delta_norm=6.7899 applied_delta_norm=3.3949 source_delta_ratio=0.581407 applied_delta_ratio=0.290704
2026-07-30 07:15:28,860 - portable_sam_fusion - INFO - Epoch 21 primary loss shares: det=92.41% final_mask=0.40% shape=7.19% p2_boundary=0.00%
2026-07-30 07:15:28,860 - portable_sam_fusion - INFO - Epoch 21 schedule: det_loss_weight=1.000 early_stop_start=20 min_delta=0.0005
2026-07-30 07:15:28,860 - portable_sam_fusion - INFO - Epoch 21 learning rates: sat_backbone=4.27e-04, mask_decoder=4.27e-04, prompt_encoder=4.27e-04, shape_prior=4.27e-04, quality_head=4.27e-04, sat_other=4.27e-04
2026-07-30 07:18:44,151 - portable_sam_fusion - INFO - Validation samples: GT=15926, DT=16572, avg_masks_per_image=26.43, avg_mask_fill=0.0050
creating index...
index created!
Loading and preparing results...
DONE (t=0.02s)
creating index...
index created!
Running per image evaluation...
Evaluate annotation type *bbox*
DONE (t=10.33s).
Accumulating evaluation results...
DONE (t=0.17s).
 Average Precision  (AP) @[ IoU=0.50:0.95 | area=   all | maxDets=100 ] = 0.666
 Average Precision  (AP) @[ IoU=0.50      | area=   all | maxDets=100 ] = 0.885
 Average Precision  (AP) @[ IoU=0.75      | area=   all | maxDets=100 ] = 0.801
 Average Precision  (AP) @[ IoU=0.50:0.95 | area= small | maxDets=100 ] = 0.270
 Average Precision  (AP) @[ IoU=0.50:0.95 | area=medium | maxDets=100 ] = 0.713
 Average Precision  (AP) @[ IoU=0.50:0.95 | area= large | maxDets=100 ] = 0.743
 Average Recall     (AR) @[ IoU=0.50:0.95 | area=   all | maxDets=  1 ] = 0.025
 Average Recall     (AR) @[ IoU=0.50:0.95 | area=   all | maxDets= 10 ] = 0.182
 Average Recall     (AR) @[ IoU=0.50:0.95 | area=   all | maxDets=100 ] = 0.719
 Average Recall     (AR) @[ IoU=0.50:0.95 | area= small | maxDets=100 ] = 0.374
 Average Recall     (AR) @[ IoU=0.50:0.95 | area=medium | maxDets=100 ] = 0.770
 Average Recall     (AR) @[ IoU=0.50:0.95 | area= large | maxDets=100 ] = 0.794
2026-07-30 07:18:54,851 - portable_sam_fusion - INFO - Validation bbox/mAP: 0.6658 bbox/mAP_75: 0.8009
Running per image evaluation...
Evaluate annotation type *segm*
DONE (t=10.79s).
Accumulating evaluation results...
DONE (t=0.17s).
 Average Precision  (AP) @[ IoU=0.50:0.95 | area=   all | maxDets=100 ] = 0.445
 Average Precision  (AP) @[ IoU=0.50      | area=   all | maxDets=100 ] = 0.847
 Average Precision  (AP) @[ IoU=0.75      | area=   all | maxDets=100 ] = 0.477
 Average Precision  (AP) @[ IoU=0.50:0.95 | area= small | maxDets=100 ] = 0.056
 Average Precision  (AP) @[ IoU=0.50:0.95 | area=medium | maxDets=100 ] = 0.463
 Average Precision  (AP) @[ IoU=0.50:0.95 | area= large | maxDets=100 ] = 0.635
 Average Recall     (AR) @[ IoU=0.50:0.95 | area=   all | maxDets=  1 ] = 0.021
 Average Recall     (AR) @[ IoU=0.50:0.95 | area=   all | maxDets= 10 ] = 0.142
 Average Recall     (AR) @[ IoU=0.50:0.95 | area=   all | maxDets=100 ] = 0.488
 Average Recall     (AR) @[ IoU=0.50:0.95 | area= small | maxDets=100 ] = 0.102
 Average Recall     (AR) @[ IoU=0.50:0.95 | area=medium | maxDets=100 ] = 0.504
 Average Recall     (AR) @[ IoU=0.50:0.95 | area= large | maxDets=100 ] = 0.684
2026-07-30 07:19:05,842 - portable_sam_fusion - INFO - Validation segm/mAP: 0.4445
2026-07-30 07:19:06,710 - portable_sam_fusion - INFO - Early-stop metric (segm/mAP): raw=0.4445 smooth(5)=0.4505 best=0.4546 counter=2
2026-07-30 07:19:12,156 - portable_sam_fusion - INFO - Epoch 21/80 | train=0.292326 val=disabled segm/mAP=0.4445 bbox/mAP=0.6658 | best_segm=0.4733 best_bbox=0.6845 best_comp=0.0000 | sat_backbone=4.27e-04 mask_decoder=4.27e-04 prompt_encoder=4.27e-04 shape_prior=4.27e-04 quality_head=4.27e-04 sat_other=4.27e-04
2026-07-30 07:19:48,212 - portable_sam_fusion - INFO - [DEBUG-BOX] epoch=22 step=6200 fallback_count=0 fallback_ratio=0 num_rois=0 refined_proposal_iou=0 refined_proposal_iou_sum=0 refined_valid_count=0
2026-07-30 07:19:48,213 - portable_sam_fusion - INFO - [DEBUG-COARSE] epoch=22 step=6200 boundary_fn=0 boundary_fp=0 boundary_tp=0 dice=0 iou=0
2026-07-30 07:19:48,213 - portable_sam_fusion - INFO - [DEBUG-CONTEXT] epoch=22 step=6200 enabled=0
2026-07-30 07:19:48,213 - portable_sam_fusion - INFO - [DEBUG-DENSE] epoch=22 step=6200 applied_delta_norm=2.328 applied_delta_ratio=0.1994 base_norm=11.68 canvas_max=8 canvas_mean=0.01002 canvas_min=-8 canvas_nonzero_ratio=0.004607 canvas_std=0.3996 final_norm=11.92 residual_alpha=0.5 shape_norm=12.7 source_delta_norm=4.657 source_delta_ratio=0.3988
2026-07-30 07:19:48,213 - portable_sam_fusion - INFO - [DEBUG-GATE] epoch=22 step=6200 shape_dense_alpha_max=0.5 shape_dense_alpha_mean=0.5 shape_dense_alpha_min=0.5
2026-07-30 07:19:48,213 - portable_sam_fusion - INFO - [DEBUG-JITTER] epoch=22 step=6200 area_ratio_count=0 area_ratio_mean=0 area_ratio_sum=0 fallback_count=0 mean_iou=0 num_jittered=0 num_rois=0
2026-07-30 07:19:48,213 - portable_sam_fusion - INFO - [DEBUG-SP] epoch=22 step=6200 all_invalid_count=0 all_invalid_ratio=0 empty_count=0 empty_ratio=0 full_count=0 full_ratio=0 mean_point_distance=25.1 n1_gt_valid_count=64 n1_in_gt_bg=0.8281 n1_in_gt_bg_count=53 n1_valid_count=64 n1_valid_ratio=1 n2_gt_valid_count=64 n2_in_gt_bg=0.9531 n2_in_gt_bg_count=61 n2_valid_count=64 n2_valid_ratio=1 neg_in_pred_bg=1 neg_in_pred_bg_count=128 negative_pair_count=64 negative_pair_distance_sum=2359 p1_gt_valid_count=64 p1_in_gt_fg=1 p1_in_gt_fg_count=64 p1_valid_count=64 p1_valid_ratio=1 p2_gt_valid_count=64 p2_in_gt_fg=1 p2_in_gt_fg_count=64 p2_valid_count=64 p2_valid_ratio=1 point_distance_sum=3213 point_overlap_count=0 point_overlap_ratio=0 point_pair_count=128 pos_in_pred_fg=1 pos_in_pred_fg_count=128 positive_pair_count=64 positive_pair_distance_sum=854.5 roi_count=64 valid_neg_count=128 valid_pos_count=128 warmup_stage=2
2026-07-30 07:20:52,041 - portable_sam_fusion - INFO - [DEBUG-BOX] epoch=22 step=6250 fallback_count=0 fallback_ratio=0 num_rois=64 refined_proposal_iou=0 refined_proposal_iou_sum=0 refined_valid_count=0
2026-07-30 07:20:52,041 - portable_sam_fusion - INFO - [DEBUG-COARSE] epoch=22 step=6250 bce_raw=0.1786 boundary_fn=3118 boundary_fp=2473 boundary_tp=2.51e+04 dice=0.08229 dice_loss_raw=0.08229 iou=0.8497 loss_weight=0.1 raw_boundary_fn=3118 raw_boundary_fp=2473 raw_boundary_tp=2.51e+04 raw_dice_score=0.9177 raw_iou=0.8497 weighted_loss=0.02609
2026-07-30 07:20:52,042 - portable_sam_fusion - INFO - [DEBUG-CONTEXT] epoch=22 step=6250 enabled=0
2026-07-30 07:20:52,042 - portable_sam_fusion - INFO - [DEBUG-DENSE] epoch=22 step=6250 applied_delta_norm=3.249 applied_delta_ratio=0.2782 base_norm=11.68 canvas_max=8 canvas_mean=-0.0005885 canvas_min=-8 canvas_nonzero_ratio=0.007928 canvas_std=0.5279 final_norm=12.06 residual_alpha=0.5 shape_norm=13.33 source_delta_norm=6.498 source_delta_ratio=0.5565
2026-07-30 07:20:52,042 - portable_sam_fusion - INFO - [DEBUG-GATE] epoch=22 step=6250 shape_dense_alpha_max=0.5 shape_dense_alpha_mean=0.5 shape_dense_alpha_min=0.5
2026-07-30 07:20:52,042 - portable_sam_fusion - INFO - [DEBUG-JITTER] epoch=22 step=6250 area_ratio_count=64 area_ratio_mean=1 area_ratio_sum=64 fallback_count=0 mean_iou=1 num_jittered=0 num_rois=64
2026-07-30 07:20:52,042 - portable_sam_fusion - INFO - [DEBUG-SP] epoch=22 step=6250 all_invalid_count=0 all_invalid_ratio=0 empty_count=0 empty_ratio=0 full_count=0 full_ratio=0 mean_point_distance=29.75 n1_gt_valid_count=64 n1_in_gt_bg=0.9375 n1_in_gt_bg_count=60 n1_valid_count=64 n1_valid_ratio=1 n2_gt_valid_count=64 n2_in_gt_bg=1 n2_in_gt_bg_count=64 n2_valid_count=64 n2_valid_ratio=1 neg_in_pred_bg=1 neg_in_pred_bg_count=128 negative_pair_count=64 negative_pair_distance_sum=2783 p1_gt_valid_count=64 p1_in_gt_fg=1 p1_in_gt_fg_count=64 p1_valid_count=64 p1_valid_ratio=1 p2_gt_valid_count=64 p2_in_gt_fg=1 p2_in_gt_fg_count=64 p2_valid_count=64 p2_valid_ratio=1 point_distance_sum=3808 point_overlap_count=0 point_overlap_ratio=0 point_pair_count=128 pos_in_pred_fg=1 pos_in_pred_fg_count=128 positive_pair_count=64 positive_pair_distance_sum=1026 roi_count=64 valid_neg_count=128 valid_pos_count=128 warmup_stage=2
2026-07-30 07:21:56,349 - portable_sam_fusion - INFO - [DEBUG-BOX] epoch=22 step=6300 fallback_count=0 fallback_ratio=0 num_rois=64 refined_proposal_iou=0 refined_proposal_iou_sum=0 refined_valid_count=0
2026-07-30 07:21:56,349 - portable_sam_fusion - INFO - [DEBUG-COARSE] epoch=22 step=6300 bce_raw=0.158 boundary_fn=2828 boundary_fp=3135 boundary_tp=2.274e+04 dice=0.0695 dice_loss_raw=0.0695 iou=0.8732 loss_weight=0.1 raw_boundary_fn=2828 raw_boundary_fp=3135 raw_boundary_tp=2.274e+04 raw_dice_score=0.9305 raw_iou=0.8732 weighted_loss=0.02275
2026-07-30 07:21:56,349 - portable_sam_fusion - INFO - [DEBUG-CONTEXT] epoch=22 step=6300 enabled=0
2026-07-30 07:21:56,349 - portable_sam_fusion - INFO - [DEBUG-DENSE] epoch=22 step=6300 applied_delta_norm=2.956 applied_delta_ratio=0.2531 base_norm=11.68 canvas_max=8 canvas_mean=0.006843 canvas_min=-8 canvas_nonzero_ratio=0.007607 canvas_std=0.4411 final_norm=12.06 residual_alpha=0.5 shape_norm=13.28 source_delta_norm=5.912 source_delta_ratio=0.5063
2026-07-30 07:21:56,349 - portable_sam_fusion - INFO - [DEBUG-GATE] epoch=22 step=6300 shape_dense_alpha_max=0.5 shape_dense_alpha_mean=0.5 shape_dense_alpha_min=0.5
2026-07-30 07:21:56,349 - portable_sam_fusion - INFO - [DEBUG-JITTER] epoch=22 step=6300 area_ratio_count=64 area_ratio_mean=1 area_ratio_sum=64 fallback_count=0 mean_iou=1 num_jittered=0 num_rois=64
2026-07-30 07:21:56,349 - portable_sam_fusion - INFO - [DEBUG-SP] epoch=22 step=6300 all_invalid_count=0 all_invalid_ratio=0 empty_count=0 empty_ratio=0 full_count=0 full_ratio=0 mean_point_distance=30.39 n1_gt_valid_count=64 n1_in_gt_bg=0.7656 n1_in_gt_bg_count=49 n1_valid_count=64 n1_valid_ratio=1 n2_gt_valid_count=64 n2_in_gt_bg=0.9531 n2_in_gt_bg_count=61 n2_valid_count=64 n2_valid_ratio=1 neg_in_pred_bg=1 neg_in_pred_bg_count=128 negative_pair_count=64 negative_pair_distance_sum=2680 p1_gt_valid_count=64 p1_in_gt_fg=1 p1_in_gt_fg_count=64 p1_valid_count=64 p1_valid_ratio=1 p2_gt_valid_count=64 p2_in_gt_fg=1 p2_in_gt_fg_count=64 p2_valid_count=64 p2_valid_ratio=1 point_distance_sum=3889 point_overlap_count=0 point_overlap_ratio=0 point_pair_count=128 pos_in_pred_fg=1 pos_in_pred_fg_count=128 positive_pair_count=64 positive_pair_distance_sum=1209 roi_count=64 valid_neg_count=128 valid_pos_count=128 warmup_stage=2
2026-07-30 07:22:59,117 - portable_sam_fusion - INFO - [DEBUG-BOX] epoch=22 step=6350 fallback_count=0 fallback_ratio=0 num_rois=64 refined_proposal_iou=0 refined_proposal_iou_sum=0 refined_valid_count=0
2026-07-30 07:22:59,117 - portable_sam_fusion - INFO - [DEBUG-COARSE] epoch=22 step=6350 bce_raw=0.1766 boundary_fn=3233 boundary_fp=2216 boundary_tp=2.548e+04 dice=0.0957 dice_loss_raw=0.0957 iou=0.8286 loss_weight=0.1 raw_boundary_fn=3233 raw_boundary_fp=2216 raw_boundary_tp=2.548e+04 raw_dice_score=0.9043 raw_iou=0.8286 weighted_loss=0.02723
2026-07-30 07:22:59,117 - portable_sam_fusion - INFO - [DEBUG-CONTEXT] epoch=22 step=6350 enabled=0
2026-07-30 07:22:59,117 - portable_sam_fusion - INFO - [DEBUG-DENSE] epoch=22 step=6350 applied_delta_norm=3.126 applied_delta_ratio=0.2677 base_norm=11.68 canvas_max=8 canvas_mean=-0.01834 canvas_min=-8 canvas_nonzero_ratio=0.009109 canvas_std=0.5688 final_norm=12.12 residual_alpha=0.5 shape_norm=13.47 source_delta_norm=6.252 source_delta_ratio=0.5353
2026-07-30 07:22:59,117 - portable_sam_fusion - INFO - [DEBUG-GATE] epoch=22 step=6350 shape_dense_alpha_max=0.5 shape_dense_alpha_mean=0.5 shape_dense_alpha_min=0.5
2026-07-30 07:22:59,118 - portable_sam_fusion - INFO - [DEBUG-JITTER] epoch=22 step=6350 area_ratio_count=64 area_ratio_mean=1 area_ratio_sum=64 fallback_count=0 mean_iou=1 num_jittered=0 num_rois=64
2026-07-30 07:22:59,118 - portable_sam_fusion - INFO - [DEBUG-SP] epoch=22 step=6350 all_invalid_count=0 all_invalid_ratio=0 empty_count=0 empty_ratio=0 full_count=0 full_ratio=0 mean_point_distance=30.15 n1_gt_valid_count=64 n1_in_gt_bg=0.7812 n1_in_gt_bg_count=50 n1_valid_count=64 n1_valid_ratio=1 n2_gt_valid_count=64 n2_in_gt_bg=0.9688 n2_in_gt_bg_count=62 n2_valid_count=64 n2_valid_ratio=1 neg_in_pred_bg=1 neg_in_pred_bg_count=128 negative_pair_count=64 negative_pair_distance_sum=2786 p1_gt_valid_count=64 p1_in_gt_fg=1 p1_in_gt_fg_count=64 p1_valid_count=64 p1_valid_ratio=1 p2_gt_valid_count=64 p2_in_gt_fg=0.9844 p2_in_gt_fg_count=63 p2_valid_count=64 p2_valid_ratio=1 point_distance_sum=3859 point_overlap_count=0 point_overlap_ratio=0 point_pair_count=128 pos_in_pred_fg=1 pos_in_pred_fg_count=128 positive_pair_count=64 positive_pair_distance_sum=1073 roi_count=64 valid_neg_count=128 valid_pos_count=128 warmup_stage=2
2026-07-30 07:23:12,408 - portable_sam_fusion - INFO - epoch 22 | mini-batch 184/294 | optimizer_step 1600/5920 | lr=4.225e-04
2026-07-30 07:23:54,424 - portable_sam_fusion - INFO - [DEBUG-BOX] epoch=22 step=6400 fallback_count=0 fallback_ratio=0 num_rois=24 refined_proposal_iou=0 refined_proposal_iou_sum=0 refined_valid_count=0
2026-07-30 07:23:54,424 - portable_sam_fusion - INFO - [DEBUG-COARSE] epoch=22 step=6400 bce_raw=0.1339 boundary_fn=834 boundary_fp=972 boundary_tp=7505 dice=0.06066 dice_loss_raw=0.06066 iou=0.886 loss_weight=0.1 raw_boundary_fn=834 raw_boundary_fp=972 raw_boundary_tp=7505 raw_dice_score=0.9393 raw_iou=0.886 weighted_loss=0.01946
2026-07-30 07:23:54,424 - portable_sam_fusion - INFO - [DEBUG-CONTEXT] epoch=22 step=6400 enabled=0
2026-07-30 07:23:54,424 - portable_sam_fusion - INFO - [DEBUG-DENSE] epoch=22 step=6400 applied_delta_norm=0.1887 applied_delta_ratio=0.01616 base_norm=11.68 canvas_max=8 canvas_mean=0.003258 canvas_min=-5.612 canvas_nonzero_ratio=0.0008647 canvas_std=0.1662 final_norm=11.68 residual_alpha=0.5 shape_norm=11.71 source_delta_norm=0.3775 source_delta_ratio=0.03232
2026-07-30 07:23:54,424 - portable_sam_fusion - INFO - [DEBUG-GATE] epoch=22 step=6400 shape_dense_alpha_max=0.5 shape_dense_alpha_mean=0.5 shape_dense_alpha_min=0.5
2026-07-30 07:23:54,424 - portable_sam_fusion - INFO - [DEBUG-JITTER] epoch=22 step=6400 area_ratio_count=24 area_ratio_mean=1 area_ratio_sum=24 fallback_count=0 mean_iou=1 num_jittered=0 num_rois=24
2026-07-30 07:23:54,425 - portable_sam_fusion - INFO - [DEBUG-SP] epoch=22 step=6400 all_invalid_count=0 all_invalid_ratio=0 empty_count=0 empty_ratio=0 full_count=0 full_ratio=0 mean_point_distance=7.999 n1_gt_valid_count=24 n1_in_gt_bg=0.9583 n1_in_gt_bg_count=23 n1_valid_count=24 n1_valid_ratio=1 n2_gt_valid_count=24 n2_in_gt_bg=1 n2_in_gt_bg_count=24 n2_valid_count=24 n2_valid_ratio=1 neg_in_pred_bg=1 neg_in_pred_bg_count=48 negative_pair_count=24 negative_pair_distance_sum=307.7 p1_gt_valid_count=24 p1_in_gt_fg=1 p1_in_gt_fg_count=24 p1_valid_count=24 p1_valid_ratio=1 p2_gt_valid_count=24 p2_in_gt_fg=1 p2_in_gt_fg_count=24 p2_valid_count=24 p2_valid_ratio=1 point_distance_sum=383.9 point_overlap_count=0 point_overlap_ratio=0 point_pair_count=48 pos_in_pred_fg=1 pos_in_pred_fg_count=48 positive_pair_count=24 positive_pair_distance_sum=76.25 roi_count=24 valid_neg_count=48 valid_pos_count=48 warmup_stage=2
2026-07-30 07:24:42,452 - portable_sam_fusion - INFO - [DEBUG-BOX] epoch=22 step=6450 fallback_count=0 fallback_ratio=0 num_rois=64 refined_proposal_iou=0 refined_proposal_iou_sum=0 refined_valid_count=0
2026-07-30 07:24:42,452 - portable_sam_fusion - INFO - [DEBUG-COARSE] epoch=22 step=6450 bce_raw=0.1591 boundary_fn=2308 boundary_fp=2936 boundary_tp=2.486e+04 dice=0.07219 dice_loss_raw=0.07219 iou=0.8673 loss_weight=0.1 raw_boundary_fn=2308 raw_boundary_fp=2936 raw_boundary_tp=2.486e+04 raw_dice_score=0.9278 raw_iou=0.8673 weighted_loss=0.02313
2026-07-30 07:24:42,452 - portable_sam_fusion - INFO - [DEBUG-CONTEXT] epoch=22 step=6450 enabled=0
2026-07-30 07:24:42,452 - portable_sam_fusion - INFO - [DEBUG-DENSE] epoch=22 step=6450 applied_delta_norm=2.837 applied_delta_ratio=0.2429 base_norm=11.68 canvas_max=8 canvas_mean=0.008656 canvas_min=-8 canvas_nonzero_ratio=0.00567 canvas_std=0.4092 final_norm=12 residual_alpha=0.5 shape_norm=13.02 source_delta_norm=5.674 source_delta_ratio=0.4858
2026-07-30 07:24:42,452 - portable_sam_fusion - INFO - [DEBUG-GATE] epoch=22 step=6450 shape_dense_alpha_max=0.5 shape_dense_alpha_mean=0.5 shape_dense_alpha_min=0.5
2026-07-30 07:24:42,452 - portable_sam_fusion - INFO - [DEBUG-JITTER] epoch=22 step=6450 area_ratio_count=64 area_ratio_mean=1 area_ratio_sum=64 fallback_count=0 mean_iou=1 num_jittered=0 num_rois=64
2026-07-30 07:24:42,452 - portable_sam_fusion - INFO - [DEBUG-SP] epoch=22 step=6450 all_invalid_count=0 all_invalid_ratio=0 empty_count=0 empty_ratio=0 full_count=0 full_ratio=0 mean_point_distance=28.47 n1_gt_valid_count=64 n1_in_gt_bg=0.8281 n1_in_gt_bg_count=53 n1_valid_count=64 n1_valid_ratio=1 n2_gt_valid_count=64 n2_in_gt_bg=0.9844 n2_in_gt_bg_count=63 n2_valid_count=64 n2_valid_ratio=1 neg_in_pred_bg=1 neg_in_pred_bg_count=128 negative_pair_count=64 negative_pair_distance_sum=2807 p1_gt_valid_count=64 p1_in_gt_fg=1 p1_in_gt_fg_count=64 p1_valid_count=64 p1_valid_ratio=1 p2_gt_valid_count=64 p2_in_gt_fg=1 p2_in_gt_fg_count=64 p2_valid_count=64 p2_valid_ratio=1 point_distance_sum=3644 point_overlap_count=0 point_overlap_ratio=0 point_pair_count=128 pos_in_pred_fg=1 pos_in_pred_fg_count=128 positive_pair_count=64 positive_pair_distance_sum=837.2 roi_count=64 valid_neg_count=128 valid_pos_count=128 warmup_stage=2
2026-07-30 07:25:01,547 - portable_sam_fusion - INFO - Epoch 22 detailed losses: loss_rpn_cls=0.0119, loss_rpn_bbox=0.0049, loss_cls=0.1736, acc=93.0853, loss_bbox=0.0692, loss_mask=0.0016, debug_mask_pos_rois=55.5272, debug_mask_logit_mean=-16.3186, debug_mask_logit_std=3.0814, debug_mask_prob_mean=0.0051, debug_mask_prob_ge05=0.0050, debug_mask_target_fill=0.0051, loss_shape_prior=0.0210, schedule/det_weight=1.0000
2026-07-30 07:25:01,548 - portable_sam_fusion - INFO - Epoch 22 dense residual monitor: alpha=0.500000 source_delta_norm=6.7801 applied_delta_norm=3.3900 source_delta_ratio=0.580567 applied_delta_ratio=0.290283
2026-07-30 07:25:01,548 - portable_sam_fusion - INFO - Epoch 22 primary loss shares: det=92.00% final_mask=0.57% shape=7.44% p2_boundary=0.00%
2026-07-30 07:25:01,548 - portable_sam_fusion - INFO - Epoch 22 schedule: det_loss_weight=1.000 early_stop_start=20 min_delta=0.0005
2026-07-30 07:25:01,548 - portable_sam_fusion - INFO - Epoch 22 learning rates: sat_backbone=4.20e-04, mask_decoder=4.20e-04, prompt_encoder=4.20e-04, shape_prior=4.20e-04, quality_head=4.20e-04, sat_other=4.20e-04
2026-07-30 07:28:17,375 - portable_sam_fusion - INFO - Validation samples: GT=15926, DT=17427, avg_masks_per_image=27.79, avg_mask_fill=0.0051
creating index...
index created!
Loading and preparing results...
DONE (t=0.02s)
creating index...
index created!
Running per image evaluation...
Evaluate annotation type *bbox*
DONE (t=10.51s).
Accumulating evaluation results...
DONE (t=0.16s).
 Average Precision  (AP) @[ IoU=0.50:0.95 | area=   all | maxDets=100 ] = 0.683
 Average Precision  (AP) @[ IoU=0.50      | area=   all | maxDets=100 ] = 0.887
 Average Precision  (AP) @[ IoU=0.75      | area=   all | maxDets=100 ] = 0.805
 Average Precision  (AP) @[ IoU=0.50:0.95 | area= small | maxDets=100 ] = 0.294
 Average Precision  (AP) @[ IoU=0.50:0.95 | area=medium | maxDets=100 ] = 0.720
 Average Precision  (AP) @[ IoU=0.50:0.95 | area= large | maxDets=100 ] = 0.780
 Average Recall     (AR) @[ IoU=0.50:0.95 | area=   all | maxDets=  1 ] = 0.026
 Average Recall     (AR) @[ IoU=0.50:0.95 | area=   all | maxDets= 10 ] = 0.188
 Average Recall     (AR) @[ IoU=0.50:0.95 | area=   all | maxDets=100 ] = 0.727
 Average Recall     (AR) @[ IoU=0.50:0.95 | area= small | maxDets=100 ] = 0.401
 Average Recall     (AR) @[ IoU=0.50:0.95 | area=medium | maxDets=100 ] = 0.766
 Average Recall     (AR) @[ IoU=0.50:0.95 | area= large | maxDets=100 ] = 0.825
2026-07-30 07:28:28,238 - portable_sam_fusion - INFO - Validation bbox/mAP: 0.6828 bbox/mAP_75: 0.8046
Running per image evaluation...
Evaluate annotation type *segm*
DONE (t=11.14s).
Accumulating evaluation results...
DONE (t=0.17s).
 Average Precision  (AP) @[ IoU=0.50:0.95 | area=   all | maxDets=100 ] = 0.424
 Average Precision  (AP) @[ IoU=0.50      | area=   all | maxDets=100 ] = 0.836
 Average Precision  (AP) @[ IoU=0.75      | area=   all | maxDets=100 ] = 0.435
 Average Precision  (AP) @[ IoU=0.50:0.95 | area= small | maxDets=100 ] = 0.048
 Average Precision  (AP) @[ IoU=0.50:0.95 | area=medium | maxDets=100 ] = 0.435
 Average Precision  (AP) @[ IoU=0.50:0.95 | area= large | maxDets=100 ] = 0.616
 Average Recall     (AR) @[ IoU=0.50:0.95 | area=   all | maxDets=  1 ] = 0.020
 Average Recall     (AR) @[ IoU=0.50:0.95 | area=   all | maxDets= 10 ] = 0.137
 Average Recall     (AR) @[ IoU=0.50:0.95 | area=   all | maxDets=100 ] = 0.472
 Average Recall     (AR) @[ IoU=0.50:0.95 | area= small | maxDets=100 ] = 0.091
 Average Recall     (AR) @[ IoU=0.50:0.95 | area=medium | maxDets=100 ] = 0.485
 Average Recall     (AR) @[ IoU=0.50:0.95 | area= large | maxDets=100 ] = 0.674
2026-07-30 07:28:39,578 - portable_sam_fusion - INFO - Validation segm/mAP: 0.4243
2026-07-30 07:28:40,331 - portable_sam_fusion - INFO - Early-stop metric (segm/mAP): raw=0.4243 smooth(5)=0.4463 best=0.4546 counter=3
2026-07-30 07:28:45,472 - portable_sam_fusion - INFO - Epoch 22/80 | train=0.282145 val=disabled segm/mAP=0.4243 bbox/mAP=0.6828 | best_segm=0.4733 best_bbox=0.6845 best_comp=0.0000 | sat_backbone=4.20e-04 mask_decoder=4.20e-04 prompt_encoder=4.20e-04 shape_prior=4.20e-04 quality_head=4.20e-04 sat_other=4.20e-04
2026-07-30 07:29:28,243 - portable_sam_fusion - INFO - [DEBUG-BOX] epoch=23 step=6500 fallback_count=0 fallback_ratio=0 num_rois=64 refined_proposal_iou=0 refined_proposal_iou_sum=0 refined_valid_count=0
2026-07-30 07:29:28,243 - portable_sam_fusion - INFO - [DEBUG-COARSE] epoch=23 step=6500 bce_raw=0.2083 boundary_fn=3038 boundary_fp=2972 boundary_tp=2.39e+04 dice=0.07889 dice_loss_raw=0.07889 iou=0.8585 loss_weight=0.1 raw_boundary_fn=3038 raw_boundary_fp=2972 raw_boundary_tp=2.39e+04 raw_dice_score=0.9211 raw_iou=0.8585 weighted_loss=0.02872
2026-07-30 07:29:28,243 - portable_sam_fusion - INFO - [DEBUG-CONTEXT] epoch=23 step=6500 enabled=0
2026-07-30 07:29:28,243 - portable_sam_fusion - INFO - [DEBUG-DENSE] epoch=23 step=6500 applied_delta_norm=2.606 applied_delta_ratio=0.2232 base_norm=11.68 canvas_max=8 canvas_mean=0.01228 canvas_min=-8 canvas_nonzero_ratio=0.005409 canvas_std=0.4167 final_norm=11.99 residual_alpha=0.5 shape_norm=12.96 source_delta_norm=5.213 source_delta_ratio=0.4464
2026-07-30 07:29:28,243 - portable_sam_fusion - INFO - [DEBUG-GATE] epoch=23 step=6500 shape_dense_alpha_max=0.5 shape_dense_alpha_mean=0.5 shape_dense_alpha_min=0.5
2026-07-30 07:29:28,243 - portable_sam_fusion - INFO - [DEBUG-JITTER] epoch=23 step=6500 area_ratio_count=64 area_ratio_mean=1 area_ratio_sum=64 fallback_count=0 mean_iou=1 num_jittered=0 num_rois=64
2026-07-30 07:29:28,243 - portable_sam_fusion - INFO - [DEBUG-SP] epoch=23 step=6500 all_invalid_count=0 all_invalid_ratio=0 empty_count=0 empty_ratio=0 full_count=0 full_ratio=0 mean_point_distance=26.79 n1_gt_valid_count=64 n1_in_gt_bg=0.8906 n1_in_gt_bg_count=57 n1_valid_count=64 n1_valid_ratio=1 n2_gt_valid_count=64 n2_in_gt_bg=1 n2_in_gt_bg_count=64 n2_valid_count=64 n2_valid_ratio=1 neg_in_pred_bg=1 neg_in_pred_bg_count=128 negative_pair_count=64 negative_pair_distance_sum=2469 p1_gt_valid_count=64 p1_in_gt_fg=1 p1_in_gt_fg_count=64 p1_valid_count=64 p1_valid_ratio=1 p2_gt_valid_count=64 p2_in_gt_fg=0.9688 p2_in_gt_fg_count=62 p2_valid_count=64 p2_valid_ratio=1 point_distance_sum=3429 point_overlap_count=0 point_overlap_ratio=0 point_pair_count=128 pos_in_pred_fg=1 pos_in_pred_fg_count=128 positive_pair_count=64 positive_pair_distance_sum=959.8 roi_count=64 valid_neg_count=128 valid_pos_count=128 warmup_stage=2
2026-07-30 07:30:42,018 - portable_sam_fusion - INFO - [DEBUG-BOX] epoch=23 step=6550 fallback_count=0 fallback_ratio=0 num_rois=0 refined_proposal_iou=0 refined_proposal_iou_sum=0 refined_valid_count=0
2026-07-30 07:30:42,018 - portable_sam_fusion - INFO - [DEBUG-COARSE] epoch=23 step=6550 boundary_fn=0 boundary_fp=0 boundary_tp=0 dice=0 iou=0
2026-07-30 07:30:42,018 - portable_sam_fusion - INFO - [DEBUG-CONTEXT] epoch=23 step=6550 enabled=0
2026-07-30 07:30:42,019 - portable_sam_fusion - INFO - [DEBUG-DENSE] epoch=23 step=6550 applied_delta_norm=2.71 applied_delta_ratio=0.2321 base_norm=11.68 canvas_max=8 canvas_mean=-0.001953 canvas_min=-8 canvas_nonzero_ratio=0.006449 canvas_std=0.4441 final_norm=12.01 residual_alpha=0.5 shape_norm=13.03 source_delta_norm=5.421 source_delta_ratio=0.4641
2026-07-30 07:30:42,019 - portable_sam_fusion - INFO - [DEBUG-GATE] epoch=23 step=6550 shape_dense_alpha_max=0.5 shape_dense_alpha_mean=0.5 shape_dense_alpha_min=0.5
2026-07-30 07:30:42,019 - portable_sam_fusion - INFO - [DEBUG-JITTER] epoch=23 step=6550 area_ratio_count=0 area_ratio_mean=0 area_ratio_sum=0 fallback_count=0 mean_iou=0 num_jittered=0 num_rois=0
2026-07-30 07:30:42,019 - portable_sam_fusion - INFO - [DEBUG-SP] epoch=23 step=6550 all_invalid_count=0 all_invalid_ratio=0 empty_count=0 empty_ratio=0 full_count=0 full_ratio=0 mean_point_distance=26.42 n1_gt_valid_count=64 n1_in_gt_bg=0.9688 n1_in_gt_bg_count=62 n1_valid_count=64 n1_valid_ratio=1 n2_gt_valid_count=64 n2_in_gt_bg=1 n2_in_gt_bg_count=64 n2_valid_count=64 n2_valid_ratio=1 neg_in_pred_bg=1 neg_in_pred_bg_count=128 negative_pair_count=64 negative_pair_distance_sum=2493 p1_gt_valid_count=64 p1_in_gt_fg=1 p1_in_gt_fg_count=64 p1_valid_count=64 p1_valid_ratio=1 p2_gt_valid_count=64 p2_in_gt_fg=1 p2_in_gt_fg_count=64 p2_valid_count=64 p2_valid_ratio=1 point_distance_sum=3382 point_overlap_count=0 point_overlap_ratio=0 point_pair_count=128 pos_in_pred_fg=1 pos_in_pred_fg_count=128 positive_pair_count=64 positive_pair_distance_sum=889.2 roi_count=64 valid_neg_count=128 valid_pos_count=128 warmup_stage=2
2026-07-30 07:30:50,802 - portable_sam_fusion - INFO - epoch 23 | mini-batch 88/294 | optimizer_step 1650/5920 | lr=4.176e-04
2026-07-30 07:31:49,240 - portable_sam_fusion - INFO - [DEBUG-BOX] epoch=23 step=6600 fallback_count=0 fallback_ratio=0 num_rois=64 refined_proposal_iou=0 refined_proposal_iou_sum=0 refined_valid_count=0
2026-07-30 07:31:49,240 - portable_sam_fusion - INFO - [DEBUG-COARSE] epoch=23 step=6600 bce_raw=0.122 boundary_fn=2186 boundary_fp=1330 boundary_tp=2.629e+04 dice=0.07212 dice_loss_raw=0.07212 iou=0.8674 loss_weight=0.1 raw_boundary_fn=2186 raw_boundary_fp=1330 raw_boundary_tp=2.629e+04 raw_dice_score=0.9279 raw_iou=0.8674 weighted_loss=0.01941
2026-07-30 07:31:49,240 - portable_sam_fusion - INFO - [DEBUG-CONTEXT] epoch=23 step=6600 enabled=0
2026-07-30 07:31:49,240 - portable_sam_fusion - INFO - [DEBUG-DENSE] epoch=23 step=6600 applied_delta_norm=3.117 applied_delta_ratio=0.2669 base_norm=11.68 canvas_max=8 canvas_mean=-0.006802 canvas_min=-8 canvas_nonzero_ratio=0.007329 canvas_std=0.5376 final_norm=12.05 residual_alpha=0.5 shape_norm=13.23 source_delta_norm=6.235 source_delta_ratio=0.5339
2026-07-30 07:31:49,240 - portable_sam_fusion - INFO - [DEBUG-GATE] epoch=23 step=6600 shape_dense_alpha_max=0.5 shape_dense_alpha_mean=0.5 shape_dense_alpha_min=0.5
2026-07-30 07:31:49,240 - portable_sam_fusion - INFO - [DEBUG-JITTER] epoch=23 step=6600 area_ratio_count=64 area_ratio_mean=1 area_ratio_sum=64 fallback_count=0 mean_iou=1 num_jittered=0 num_rois=64
2026-07-30 07:31:49,240 - portable_sam_fusion - INFO - [DEBUG-SP] epoch=23 step=6600 all_invalid_count=0 all_invalid_ratio=0 empty_count=0 empty_ratio=0 full_count=0 full_ratio=0 mean_point_distance=26.4 n1_gt_valid_count=64 n1_in_gt_bg=0.9375 n1_in_gt_bg_count=60 n1_valid_count=64 n1_valid_ratio=1 n2_gt_valid_count=64 n2_in_gt_bg=1 n2_in_gt_bg_count=64 n2_valid_count=64 n2_valid_ratio=1 neg_in_pred_bg=1 neg_in_pred_bg_count=128 negative_pair_count=64 negative_pair_distance_sum=2526 p1_gt_valid_count=64 p1_in_gt_fg=1 p1_in_gt_fg_count=64 p1_valid_count=64 p1_valid_ratio=1 p2_gt_valid_count=64 p2_in_gt_fg=1 p2_in_gt_fg_count=64 p2_valid_count=64 p2_valid_ratio=1 point_distance_sum=3380 point_overlap_count=0 point_overlap_ratio=0 point_pair_count=128 pos_in_pred_fg=1 pos_in_pred_fg_count=128 positive_pair_count=64 positive_pair_distance_sum=853.7 roi_count=64 valid_neg_count=128 valid_pos_count=128 warmup_stage=2
2026-07-30 07:32:50,514 - portable_sam_fusion - INFO - [DEBUG-BOX] epoch=23 step=6650 fallback_count=0 fallback_ratio=0 num_rois=64 refined_proposal_iou=0 refined_proposal_iou_sum=0 refined_valid_count=0
2026-07-30 07:32:50,515 - portable_sam_fusion - INFO - [DEBUG-COARSE] epoch=23 step=6650 bce_raw=0.1665 boundary_fn=2273 boundary_fp=2674 boundary_tp=2.506e+04 dice=0.09598 dice_loss_raw=0.09598 iou=0.835 loss_weight=0.1 raw_boundary_fn=2273 raw_boundary_fp=2674 raw_boundary_tp=2.506e+04 raw_dice_score=0.904 raw_iou=0.835 weighted_loss=0.02625
2026-07-30 07:32:50,515 - portable_sam_fusion - INFO - [DEBUG-CONTEXT] epoch=23 step=6650 enabled=0
2026-07-30 07:32:50,515 - portable_sam_fusion - INFO - [DEBUG-DENSE] epoch=23 step=6650 applied_delta_norm=2.965 applied_delta_ratio=0.2538 base_norm=11.68 canvas_max=8 canvas_mean=-0.008455 canvas_min=-8 canvas_nonzero_ratio=0.007078 canvas_std=0.4933 final_norm=12.02 residual_alpha=0.5 shape_norm=13.12 source_delta_norm=5.929 source_delta_ratio=0.5077
2026-07-30 07:32:50,515 - portable_sam_fusion - INFO - [DEBUG-GATE] epoch=23 step=6650 shape_dense_alpha_max=0.5 shape_dense_alpha_mean=0.5 shape_dense_alpha_min=0.5
2026-07-30 07:32:50,515 - portable_sam_fusion - INFO - [DEBUG-JITTER] epoch=23 step=6650 area_ratio_count=64 area_ratio_mean=1 area_ratio_sum=64 fallback_count=0 mean_iou=1 num_jittered=0 num_rois=64
2026-07-30 07:32:50,515 - portable_sam_fusion - INFO - [DEBUG-SP] epoch=23 step=6650 all_invalid_count=0 all_invalid_ratio=0 empty_count=0 empty_ratio=0 full_count=0 full_ratio=0 mean_point_distance=29.88 n1_gt_valid_count=64 n1_in_gt_bg=0.8594 n1_in_gt_bg_count=55 n1_valid_count=64 n1_valid_ratio=1 n2_gt_valid_count=64 n2_in_gt_bg=1 n2_in_gt_bg_count=64 n2_valid_count=64 n2_valid_ratio=1 neg_in_pred_bg=1 neg_in_pred_bg_count=128 negative_pair_count=64 negative_pair_distance_sum=2718 p1_gt_valid_count=64 p1_in_gt_fg=0.9844 p1_in_gt_fg_count=63 p1_valid_count=64 p1_valid_ratio=1 p2_gt_valid_count=64 p2_in_gt_fg=0.9688 p2_in_gt_fg_count=62 p2_valid_count=64 p2_valid_ratio=1 point_distance_sum=3825 point_overlap_count=0 point_overlap_ratio=0 point_pair_count=128 pos_in_pred_fg=1 pos_in_pred_fg_count=128 positive_pair_count=64 positive_pair_distance_sum=1107 roi_count=64 valid_neg_count=128 valid_pos_count=128 warmup_stage=2
2026-07-30 07:33:39,950 - portable_sam_fusion - INFO - [DEBUG-BOX] epoch=23 step=6700 fallback_count=0 fallback_ratio=0 num_rois=64 refined_proposal_iou=0 refined_proposal_iou_sum=0 refined_valid_count=0
2026-07-30 07:33:39,951 - portable_sam_fusion - INFO - [DEBUG-COARSE] epoch=23 step=6700 bce_raw=0.2188 boundary_fn=4244 boundary_fp=3147 boundary_tp=2.488e+04 dice=0.1104 dice_loss_raw=0.1104 iou=0.8135 loss_weight=0.1 raw_boundary_fn=4244 raw_boundary_fp=3147 raw_boundary_tp=2.488e+04 raw_dice_score=0.8896 raw_iou=0.8135 weighted_loss=0.03292
2026-07-30 07:33:39,951 - portable_sam_fusion - INFO - [DEBUG-CONTEXT] epoch=23 step=6700 enabled=0
2026-07-30 07:33:39,951 - portable_sam_fusion - INFO - [DEBUG-DENSE] epoch=23 step=6700 applied_delta_norm=4.392 applied_delta_ratio=0.376 base_norm=11.68 canvas_max=8 canvas_mean=-0.0372 canvas_min=-8 canvas_nonzero_ratio=0.01808 canvas_std=0.7703 final_norm=12.58 residual_alpha=0.5 shape_norm=15 source_delta_norm=8.783 source_delta_ratio=0.7521
2026-07-30 07:33:39,951 - portable_sam_fusion - INFO - [DEBUG-GATE] epoch=23 step=6700 shape_dense_alpha_max=0.5 shape_dense_alpha_mean=0.5 shape_dense_alpha_min=0.5
2026-07-30 07:33:39,951 - portable_sam_fusion - INFO - [DEBUG-JITTER] epoch=23 step=6700 area_ratio_count=64 area_ratio_mean=1 area_ratio_sum=64 fallback_count=0 mean_iou=1 num_jittered=0 num_rois=64
2026-07-30 07:33:39,951 - portable_sam_fusion - INFO - [DEBUG-SP] epoch=23 step=6700 all_invalid_count=0 all_invalid_ratio=0 empty_count=0 empty_ratio=0 full_count=0 full_ratio=0 mean_point_distance=46.56 n1_gt_valid_count=64 n1_in_gt_bg=0.8125 n1_in_gt_bg_count=52 n1_valid_count=64 n1_valid_ratio=1 n2_gt_valid_count=64 n2_in_gt_bg=1 n2_in_gt_bg_count=64 n2_valid_count=64 n2_valid_ratio=1 neg_in_pred_bg=1 neg_in_pred_bg_count=128 negative_pair_count=64 negative_pair_distance_sum=4046 p1_gt_valid_count=64 p1_in_gt_fg=0.9688 p1_in_gt_fg_count=62 p1_valid_count=64 p1_valid_ratio=1 p2_gt_valid_count=64 p2_in_gt_fg=0.9844 p2_in_gt_fg_count=63 p2_valid_count=64 p2_valid_ratio=1 point_distance_sum=5959 point_overlap_count=0 point_overlap_ratio=0 point_pair_count=128 pos_in_pred_fg=1 pos_in_pred_fg_count=128 positive_pair_count=64 positive_pair_distance_sum=1913 roi_count=64 valid_neg_count=128 valid_pos_count=128 warmup_stage=2
2026-07-30 07:34:28,240 - portable_sam_fusion - INFO - [DEBUG-BOX] epoch=23 step=6750 fallback_count=0 fallback_ratio=0 num_rois=64 refined_proposal_iou=0 refined_proposal_iou_sum=0 refined_valid_count=0
2026-07-30 07:34:28,240 - portable_sam_fusion - INFO - [DEBUG-COARSE] epoch=23 step=6750 bce_raw=0.1837 boundary_fn=3470 boundary_fp=2511 boundary_tp=2.472e+04 dice=0.08103 dice_loss_raw=0.08103 iou=0.8531 loss_weight=0.1 raw_boundary_fn=3470 raw_boundary_fp=2511 raw_boundary_tp=2.472e+04 raw_dice_score=0.919 raw_iou=0.8531 weighted_loss=0.02648
2026-07-30 07:34:28,240 - portable_sam_fusion - INFO - [DEBUG-CONTEXT] epoch=23 step=6750 enabled=0
2026-07-30 07:34:28,240 - portable_sam_fusion - INFO - [DEBUG-DENSE] epoch=23 step=6750 applied_delta_norm=3.379 applied_delta_ratio=0.2894 base_norm=11.68 canvas_max=8 canvas_mean=0.006098 canvas_min=-8 canvas_nonzero_ratio=0.008768 canvas_std=0.5012 final_norm=12.16 residual_alpha=0.5 shape_norm=13.65 source_delta_norm=6.758 source_delta_ratio=0.5787
2026-07-30 07:34:28,240 - portable_sam_fusion - INFO - [DEBUG-GATE] epoch=23 step=6750 shape_dense_alpha_max=0.5 shape_dense_alpha_mean=0.5 shape_dense_alpha_min=0.5
2026-07-30 07:34:28,240 - portable_sam_fusion - INFO - [DEBUG-JITTER] epoch=23 step=6750 area_ratio_count=64 area_ratio_mean=1 area_ratio_sum=64 fallback_count=0 mean_iou=1 num_jittered=0 num_rois=64
2026-07-30 07:34:28,240 - portable_sam_fusion - INFO - [DEBUG-SP] epoch=23 step=6750 all_invalid_count=0 all_invalid_ratio=0 empty_count=0 empty_ratio=0 full_count=0 full_ratio=0 mean_point_distance=33.22 n1_gt_valid_count=64 n1_in_gt_bg=0.8281 n1_in_gt_bg_count=53 n1_valid_count=64 n1_valid_ratio=1 n2_gt_valid_count=64 n2_in_gt_bg=0.9844 n2_in_gt_bg_count=63 n2_valid_count=64 n2_valid_ratio=1 neg_in_pred_bg=1 neg_in_pred_bg_count=128 negative_pair_count=64 negative_pair_distance_sum=2823 p1_gt_valid_count=64 p1_in_gt_fg=1 p1_in_gt_fg_count=64 p1_valid_count=64 p1_valid_ratio=1 p2_gt_valid_count=64 p2_in_gt_fg=1 p2_in_gt_fg_count=64 p2_valid_count=64 p2_valid_ratio=1 point_distance_sum=4252 point_overlap_count=0 point_overlap_ratio=0 point_pair_count=128 pos_in_pred_fg=1 pos_in_pred_fg_count=128 positive_pair_count=64 positive_pair_distance_sum=1430 roi_count=64 valid_neg_count=128 valid_pos_count=128 warmup_stage=2
2026-07-30 07:34:34,548 - portable_sam_fusion - INFO - epoch 23 | mini-batch 288/294 | optimizer_step 1700/5920 | lr=4.125e-04
2026-07-30 07:34:39,962 - portable_sam_fusion - INFO - Epoch 23 detailed losses: loss_rpn_cls=0.0124, loss_rpn_bbox=0.0046, loss_cls=0.1729, acc=93.2351, loss_bbox=0.0703, loss_mask=0.0013, schedule/det_weight=1.0000, debug_mask_pos_rois=56.2211, debug_mask_logit_mean=-16.6597, debug_mask_logit_std=3.0302, debug_mask_prob_mean=0.0049, debug_mask_prob_ge05=0.0048, debug_mask_target_fill=0.0048, loss_shape_prior=0.0209
2026-07-30 07:34:39,962 - portable_sam_fusion - INFO - Epoch 23 dense residual monitor: alpha=0.500000 source_delta_norm=6.7955 applied_delta_norm=3.3977 source_delta_ratio=0.581885 applied_delta_ratio=0.290942
2026-07-30 07:34:39,962 - portable_sam_fusion - INFO - Epoch 23 primary loss shares: det=92.15% final_mask=0.45% shape=7.40% p2_boundary=0.00%
2026-07-30 07:34:39,962 - portable_sam_fusion - INFO - Epoch 23 schedule: det_loss_weight=1.000 early_stop_start=20 min_delta=0.0005
2026-07-30 07:34:39,962 - portable_sam_fusion - INFO - Epoch 23 learning rates: sat_backbone=4.12e-04, mask_decoder=4.12e-04, prompt_encoder=4.12e-04, shape_prior=4.12e-04, quality_head=4.12e-04, sat_other=4.12e-04
2026-07-30 07:37:51,045 - portable_sam_fusion - INFO - Validation samples: GT=15926, DT=16778, avg_masks_per_image=26.76, avg_mask_fill=0.0053
creating index...
index created!
Loading and preparing results...
DONE (t=0.02s)
creating index...
index created!
Running per image evaluation...
Evaluate annotation type *bbox*
DONE (t=10.41s).
Accumulating evaluation results...
DONE (t=0.18s).
 Average Precision  (AP) @[ IoU=0.50:0.95 | area=   all | maxDets=100 ] = 0.694
 Average Precision  (AP) @[ IoU=0.50      | area=   all | maxDets=100 ] = 0.888
 Average Precision  (AP) @[ IoU=0.75      | area=   all | maxDets=100 ] = 0.814
 Average Precision  (AP) @[ IoU=0.50:0.95 | area= small | maxDets=100 ] = 0.297
 Average Precision  (AP) @[ IoU=0.50:0.95 | area=medium | maxDets=100 ] = 0.738
 Average Precision  (AP) @[ IoU=0.50:0.95 | area= large | maxDets=100 ] = 0.785
 Average Recall     (AR) @[ IoU=0.50:0.95 | area=   all | maxDets=  1 ] = 0.026
 Average Recall     (AR) @[ IoU=0.50:0.95 | area=   all | maxDets= 10 ] = 0.191
 Average Recall     (AR) @[ IoU=0.50:0.95 | area=   all | maxDets=100 ] = 0.741
 Average Recall     (AR) @[ IoU=0.50:0.95 | area= small | maxDets=100 ] = 0.398
 Average Recall     (AR) @[ IoU=0.50:0.95 | area=medium | maxDets=100 ] = 0.786
 Average Recall     (AR) @[ IoU=0.50:0.95 | area= large | maxDets=100 ] = 0.831
2026-07-30 07:38:02,301 - portable_sam_fusion - INFO - Validation bbox/mAP: 0.6941 bbox/mAP_75: 0.8142
Running per image evaluation...
Evaluate annotation type *segm*
DONE (t=10.95s).
Accumulating evaluation results...
DONE (t=0.16s).
 Average Precision  (AP) @[ IoU=0.50:0.95 | area=   all | maxDets=100 ] = 0.448
 Average Precision  (AP) @[ IoU=0.50      | area=   all | maxDets=100 ] = 0.848
 Average Precision  (AP) @[ IoU=0.75      | area=   all | maxDets=100 ] = 0.479
 Average Precision  (AP) @[ IoU=0.50:0.95 | area= small | maxDets=100 ] = 0.058
 Average Precision  (AP) @[ IoU=0.50:0.95 | area=medium | maxDets=100 ] = 0.463
 Average Precision  (AP) @[ IoU=0.50:0.95 | area= large | maxDets=100 ] = 0.639
 Average Recall     (AR) @[ IoU=0.50:0.95 | area=   all | maxDets=  1 ] = 0.020
 Average Recall     (AR) @[ IoU=0.50:0.95 | area=   all | maxDets= 10 ] = 0.143
 Average Recall     (AR) @[ IoU=0.50:0.95 | area=   all | maxDets=100 ] = 0.494
 Average Recall     (AR) @[ IoU=0.50:0.95 | area= small | maxDets=100 ] = 0.108
 Average Recall     (AR) @[ IoU=0.50:0.95 | area=medium | maxDets=100 ] = 0.509
 Average Recall     (AR) @[ IoU=0.50:0.95 | area= large | maxDets=100 ] = 0.690
2026-07-30 07:38:13,443 - portable_sam_fusion - INFO - Validation segm/mAP: 0.4484
2026-07-30 07:38:14,007 - portable_sam_fusion - INFO - New best bbox/mAP: 0.6941
2026-07-30 07:38:14,007 - portable_sam_fusion - INFO - Early-stop metric (segm/mAP): raw=0.4484 smooth(5)=0.4489 best=0.4546 counter=4
2026-07-30 07:38:16,516 - portable_sam_fusion - INFO - Saved best_bbox_model with bbox/mAP: 0.6941
2026-07-30 07:38:21,805 - portable_sam_fusion - INFO - Epoch 23/80 | train=0.282167 val=disabled segm/mAP=0.4484 bbox/mAP=0.6941 | best_segm=0.4733 best_bbox=0.6941 best_comp=0.0000 | sat_backbone=4.12e-04 mask_decoder=4.12e-04 prompt_encoder=4.12e-04 shape_prior=4.12e-04 quality_head=4.12e-04 sat_other=4.12e-04
2026-07-30 07:39:07,786 - portable_sam_fusion - INFO - [DEBUG-BOX] epoch=24 step=6800 fallback_count=0 fallback_ratio=0 num_rois=64 refined_proposal_iou=0 refined_proposal_iou_sum=0 refined_valid_count=0
2026-07-30 07:39:07,786 - portable_sam_fusion - INFO - [DEBUG-COARSE] epoch=24 step=6800 bce_raw=0.2 boundary_fn=3252 boundary_fp=3056 boundary_tp=2.424e+04 dice=0.08485 dice_loss_raw=0.08485 iou=0.8485 loss_weight=0.1 raw_boundary_fn=3252 raw_boundary_fp=3056 raw_boundary_tp=2.424e+04 raw_dice_score=0.9152 raw_iou=0.8485 weighted_loss=0.02849
2026-07-30 07:39:07,786 - portable_sam_fusion - INFO - [DEBUG-CONTEXT] epoch=24 step=6800 enabled=0
2026-07-30 07:39:07,786 - portable_sam_fusion - INFO - [DEBUG-DENSE] epoch=24 step=6800 applied_delta_norm=3.491 applied_delta_ratio=0.299 base_norm=11.68 canvas_max=8 canvas_mean=0.003121 canvas_min=-8 canvas_nonzero_ratio=0.008516 canvas_std=0.5593 final_norm=12.14 residual_alpha=0.5 shape_norm=13.6 source_delta_norm=6.983 source_delta_ratio=0.5979
2026-07-30 07:39:07,786 - portable_sam_fusion - INFO - [DEBUG-GATE] epoch=24 step=6800 shape_dense_alpha_max=0.5 shape_dense_alpha_mean=0.5 shape_dense_alpha_min=0.5
2026-07-30 07:39:07,786 - portable_sam_fusion - INFO - [DEBUG-JITTER] epoch=24 step=6800 area_ratio_count=64 area_ratio_mean=1 area_ratio_sum=64 fallback_count=0 mean_iou=1 num_jittered=0 num_rois=64
2026-07-30 07:39:07,786 - portable_sam_fusion - INFO - [DEBUG-SP] epoch=24 step=6800 all_invalid_count=0 all_invalid_ratio=0 empty_count=0 empty_ratio=0 full_count=0 full_ratio=0 mean_point_distance=30.54 n1_gt_valid_count=64 n1_in_gt_bg=0.8125 n1_in_gt_bg_count=52 n1_valid_count=64 n1_valid_ratio=1 n2_gt_valid_count=64 n2_in_gt_bg=0.9844 n2_in_gt_bg_count=63 n2_valid_count=64 n2_valid_ratio=1 neg_in_pred_bg=1 neg_in_pred_bg_count=128 negative_pair_count=64 negative_pair_distance_sum=2631 p1_gt_valid_count=64 p1_in_gt_fg=1 p1_in_gt_fg_count=64 p1_valid_count=64 p1_valid_ratio=1 p2_gt_valid_count=64 p2_in_gt_fg=1 p2_in_gt_fg_count=64 p2_valid_count=64 p2_valid_ratio=1 point_distance_sum=3909 point_overlap_count=0 point_overlap_ratio=0 point_pair_count=128 pos_in_pred_fg=1 pos_in_pred_fg_count=128 positive_pair_count=64 positive_pair_distance_sum=1278 roi_count=64 valid_neg_count=128 valid_pos_count=128 warmup_stage=2
2026-07-30 07:40:20,408 - portable_sam_fusion - INFO - [DEBUG-BOX] epoch=24 step=6850 fallback_count=0 fallback_ratio=0 num_rois=64 refined_proposal_iou=0 refined_proposal_iou_sum=0 refined_valid_count=0
2026-07-30 07:40:20,408 - portable_sam_fusion - INFO - [DEBUG-COARSE] epoch=24 step=6850 bce_raw=0.1696 boundary_fn=2745 boundary_fp=2774 boundary_tp=2.504e+04 dice=0.09484 dice_loss_raw=0.09484 iou=0.8289 loss_weight=0.1 raw_boundary_fn=2745 raw_boundary_fp=2774 raw_boundary_tp=2.504e+04 raw_dice_score=0.9052 raw_iou=0.8289 weighted_loss=0.02645
2026-07-30 07:40:20,408 - portable_sam_fusion - INFO - [DEBUG-CONTEXT] epoch=24 step=6850 enabled=0
2026-07-30 07:40:20,408 - portable_sam_fusion - INFO - [DEBUG-DENSE] epoch=24 step=6850 applied_delta_norm=3.928 applied_delta_ratio=0.3363 base_norm=11.68 canvas_max=8 canvas_mean=-0.01094 canvas_min=-8 canvas_nonzero_ratio=0.01195 canvas_std=0.6401 final_norm=12.3 residual_alpha=0.5 shape_norm=14.16 source_delta_norm=7.856 source_delta_ratio=0.6727
2026-07-30 07:40:20,408 - portable_sam_fusion - INFO - [DEBUG-GATE] epoch=24 step=6850 shape_dense_alpha_max=0.5 shape_dense_alpha_mean=0.5 shape_dense_alpha_min=0.5
2026-07-30 07:40:20,408 - portable_sam_fusion - INFO - [DEBUG-JITTER] epoch=24 step=6850 area_ratio_count=64 area_ratio_mean=1 area_ratio_sum=64 fallback_count=0 mean_iou=1 num_jittered=0 num_rois=64
2026-07-30 07:40:20,408 - portable_sam_fusion - INFO - [DEBUG-SP] epoch=24 step=6850 all_invalid_count=0 all_invalid_ratio=0 empty_count=0 empty_ratio=0 full_count=0 full_ratio=0 mean_point_distance=40.26 n1_gt_valid_count=64 n1_in_gt_bg=0.9375 n1_in_gt_bg_count=60 n1_valid_count=64 n1_valid_ratio=1 n2_gt_valid_count=64 n2_in_gt_bg=1 n2_in_gt_bg_count=64 n2_valid_count=64 n2_valid_ratio=1 neg_in_pred_bg=1 neg_in_pred_bg_count=128 negative_pair_count=64 negative_pair_distance_sum=3644 p1_gt_valid_count=64 p1_in_gt_fg=0.9844 p1_in_gt_fg_count=63 p1_valid_count=64 p1_valid_ratio=1 p2_gt_valid_count=64 p2_in_gt_fg=1 p2_in_gt_fg_count=64 p2_valid_count=64 p2_valid_ratio=1 point_distance_sum=5153 point_overlap_count=0 point_overlap_ratio=0 point_pair_count=128 pos_in_pred_fg=1 pos_in_pred_fg_count=128 positive_pair_count=64 positive_pair_distance_sum=1508 roi_count=64 valid_neg_count=128 valid_pos_count=128 warmup_stage=2
2026-07-30 07:41:23,002 - portable_sam_fusion - INFO - [DEBUG-BOX] epoch=24 step=6900 fallback_count=0 fallback_ratio=0 num_rois=64 refined_proposal_iou=0 refined_proposal_iou_sum=0 refined_valid_count=0
2026-07-30 07:41:23,002 - portable_sam_fusion - INFO - [DEBUG-COARSE] epoch=24 step=6900 bce_raw=0.1919 boundary_fn=4158 boundary_fp=3482 boundary_tp=2.153e+04 dice=0.09321 dice_loss_raw=0.09321 iou=0.8344 loss_weight=0.1 raw_boundary_fn=4158 raw_boundary_fp=3482 raw_boundary_tp=2.153e+04 raw_dice_score=0.9068 raw_iou=0.8344 weighted_loss=0.02851
2026-07-30 07:41:23,003 - portable_sam_fusion - INFO - [DEBUG-CONTEXT] epoch=24 step=6900 enabled=0
2026-07-30 07:41:23,003 - portable_sam_fusion - INFO - [DEBUG-DENSE] epoch=24 step=6900 applied_delta_norm=2.978 applied_delta_ratio=0.255 base_norm=11.68 canvas_max=8 canvas_mean=-0.002851 canvas_min=-8 canvas_nonzero_ratio=0.006749 canvas_std=0.5289 final_norm=12.05 residual_alpha=0.5 shape_norm=13.24 source_delta_norm=5.955 source_delta_ratio=0.5099
2026-07-30 07:41:23,003 - portable_sam_fusion - INFO - [DEBUG-GATE] epoch=24 step=6900 shape_dense_alpha_max=0.5 shape_dense_alpha_mean=0.5 shape_dense_alpha_min=0.5
2026-07-30 07:41:23,003 - portable_sam_fusion - INFO - [DEBUG-JITTER] epoch=24 step=6900 area_ratio_count=64 area_ratio_mean=1 area_ratio_sum=64 fallback_count=0 mean_iou=1 num_jittered=0 num_rois=64
2026-07-30 07:41:23,003 - portable_sam_fusion - INFO - [DEBUG-SP] epoch=24 step=6900 all_invalid_count=0 all_invalid_ratio=0 empty_count=0 empty_ratio=0 full_count=0 full_ratio=0 mean_point_distance=27.17 n1_gt_valid_count=64 n1_in_gt_bg=0.5469 n1_in_gt_bg_count=35 n1_valid_count=64 n1_valid_ratio=1 n2_gt_valid_count=64 n2_in_gt_bg=1 n2_in_gt_bg_count=64 n2_valid_count=64 n2_valid_ratio=1 neg_in_pred_bg=1 neg_in_pred_bg_count=128 negative_pair_count=64 negative_pair_distance_sum=2553 p1_gt_valid_count=64 p1_in_gt_fg=1 p1_in_gt_fg_count=64 p1_valid_count=64 p1_valid_ratio=1 p2_gt_valid_count=64 p2_in_gt_fg=1 p2_in_gt_fg_count=64 p2_valid_count=64 p2_valid_ratio=1 point_distance_sum=3477 point_overlap_count=0 point_overlap_ratio=0 point_pair_count=128 pos_in_pred_fg=1 pos_in_pred_fg_count=128 positive_pair_count=64 positive_pair_distance_sum=924.6 roi_count=64 valid_neg_count=128 valid_pos_count=128 warmup_stage=2
2026-07-30 07:42:29,349 - portable_sam_fusion - INFO - [DEBUG-BOX] epoch=24 step=6950 fallback_count=0 fallback_ratio=0 num_rois=64 refined_proposal_iou=0 refined_proposal_iou_sum=0 refined_valid_count=0
2026-07-30 07:42:29,350 - portable_sam_fusion - INFO - [DEBUG-COARSE] epoch=24 step=6950 bce_raw=0.1481 boundary_fn=1825 boundary_fp=3178 boundary_tp=2.181e+04 dice=0.06245 dice_loss_raw=0.06245 iou=0.8859 loss_weight=0.1 raw_boundary_fn=1825 raw_boundary_fp=3178 raw_boundary_tp=2.181e+04 raw_dice_score=0.9375 raw_iou=0.8859 weighted_loss=0.02105
2026-07-30 07:42:29,350 - portable_sam_fusion - INFO - [DEBUG-CONTEXT] epoch=24 step=6950 enabled=0
2026-07-30 07:42:29,350 - portable_sam_fusion - INFO - [DEBUG-DENSE] epoch=24 step=6950 applied_delta_norm=2.695 applied_delta_ratio=0.2308 base_norm=11.68 canvas_max=8 canvas_mean=0.007237 canvas_min=-8 canvas_nonzero_ratio=0.005856 canvas_std=0.454 final_norm=12.02 residual_alpha=0.5 shape_norm=13.05 source_delta_norm=5.391 source_delta_ratio=0.4616
2026-07-30 07:42:29,350 - portable_sam_fusion - INFO - [DEBUG-GATE] epoch=24 step=6950 shape_dense_alpha_max=0.5 shape_dense_alpha_mean=0.5 shape_dense_alpha_min=0.5
2026-07-30 07:42:29,350 - portable_sam_fusion - INFO - [DEBUG-JITTER] epoch=24 step=6950 area_ratio_count=64 area_ratio_mean=1 area_ratio_sum=64 fallback_count=0 mean_iou=1 num_jittered=0 num_rois=64
2026-07-30 07:42:29,350 - portable_sam_fusion - INFO - [DEBUG-SP] epoch=24 step=6950 all_invalid_count=0 all_invalid_ratio=0 empty_count=0 empty_ratio=0 full_count=0 full_ratio=0 mean_point_distance=24.18 n1_gt_valid_count=64 n1_in_gt_bg=0.7656 n1_in_gt_bg_count=49 n1_valid_count=64 n1_valid_ratio=1 n2_gt_valid_count=63 n2_in_gt_bg=0.9206 n2_in_gt_bg_count=58 n2_valid_count=63 n2_valid_ratio=0.9844 neg_in_pred_bg=1 neg_in_pred_bg_count=127 negative_pair_count=63 negative_pair_distance_sum=2299 p1_gt_valid_count=64 p1_in_gt_fg=1 p1_in_gt_fg_count=64 p1_valid_count=64 p1_valid_ratio=1 p2_gt_valid_count=64 p2_in_gt_fg=1 p2_in_gt_fg_count=64 p2_valid_count=64 p2_valid_ratio=1 point_distance_sum=3070 point_overlap_count=0 point_overlap_ratio=0 point_pair_count=127 pos_in_pred_fg=1 pos_in_pred_fg_count=128 positive_pair_count=64 positive_pair_distance_sum=771.3 roi_count=64 valid_neg_count=127 valid_pos_count=128 warmup_stage=2
2026-07-30 07:42:34,253 - portable_sam_fusion - INFO - epoch 24 | mini-batch 192/294 | optimizer_step 1750/5920 | lr=4.073e-04
2026-07-30 07:43:18,649 - portable_sam_fusion - INFO - [DEBUG-BOX] epoch=24 step=7000 fallback_count=0 fallback_ratio=0 num_rois=64 refined_proposal_iou=0 refined_proposal_iou_sum=0 refined_valid_count=0
2026-07-30 07:43:18,649 - portable_sam_fusion - INFO - [DEBUG-COARSE] epoch=24 step=7000 bce_raw=0.1757 boundary_fn=2742 boundary_fp=3203 boundary_tp=2.146e+04 dice=0.07439 dice_loss_raw=0.07439 iou=0.8646 loss_weight=0.1 raw_boundary_fn=2742 raw_boundary_fp=3203 raw_boundary_tp=2.146e+04 raw_dice_score=0.9256 raw_iou=0.8646 weighted_loss=0.02501
2026-07-30 07:43:18,649 - portable_sam_fusion - INFO - [DEBUG-CONTEXT] epoch=24 step=7000 enabled=0
2026-07-30 07:43:18,649 - portable_sam_fusion - INFO - [DEBUG-DENSE] epoch=24 step=7000 applied_delta_norm=2.635 applied_delta_ratio=0.2256 base_norm=11.68 canvas_max=8 canvas_mean=0.01782 canvas_min=-8 canvas_nonzero_ratio=0.005654 canvas_std=0.4351 final_norm=12.02 residual_alpha=0.5 shape_norm=13.02 source_delta_norm=5.27 source_delta_ratio=0.4513
2026-07-30 07:43:18,649 - portable_sam_fusion - INFO - [DEBUG-GATE] epoch=24 step=7000 shape_dense_alpha_max=0.5 shape_dense_alpha_mean=0.5 shape_dense_alpha_min=0.5
2026-07-30 07:43:18,649 - portable_sam_fusion - INFO - [DEBUG-JITTER] epoch=24 step=7000 area_ratio_count=64 area_ratio_mean=1 area_ratio_sum=64 fallback_count=0 mean_iou=1 num_jittered=0 num_rois=64
2026-07-30 07:43:18,649 - portable_sam_fusion - INFO - [DEBUG-SP] epoch=24 step=7000 all_invalid_count=0 all_invalid_ratio=0 empty_count=0 empty_ratio=0 full_count=0 full_ratio=0 mean_point_distance=19.54 n1_gt_valid_count=64 n1_in_gt_bg=0.7656 n1_in_gt_bg_count=49 n1_valid_count=64 n1_valid_ratio=1 n2_gt_valid_count=63 n2_in_gt_bg=0.9841 n2_in_gt_bg_count=62 n2_valid_count=63 n2_valid_ratio=0.9844 neg_in_pred_bg=1 neg_in_pred_bg_count=127 negative_pair_count=63 negative_pair_distance_sum=1791 p1_gt_valid_count=64 p1_in_gt_fg=1 p1_in_gt_fg_count=64 p1_valid_count=64 p1_valid_ratio=1 p2_gt_valid_count=64 p2_in_gt_fg=1 p2_in_gt_fg_count=64 p2_valid_count=64 p2_valid_ratio=1 point_distance_sum=2481 point_overlap_count=0 point_overlap_ratio=0 point_pair_count=127 pos_in_pred_fg=1 pos_in_pred_fg_count=128 positive_pair_count=64 positive_pair_distance_sum=690.4 roi_count=64 valid_neg_count=127 valid_pos_count=128 warmup_stage=2
2026-07-30 07:44:06,313 - portable_sam_fusion - INFO - [DEBUG-BOX] epoch=24 step=7050 fallback_count=0 fallback_ratio=0 num_rois=64 refined_proposal_iou=0 refined_proposal_iou_sum=0 refined_valid_count=0
2026-07-30 07:44:06,313 - portable_sam_fusion - INFO - [DEBUG-COARSE] epoch=24 step=7050 bce_raw=0.1648 boundary_fn=2247 boundary_fp=2336 boundary_tp=2.397e+04 dice=0.07366 dice_loss_raw=0.07366 iou=0.866 loss_weight=0.1 raw_boundary_fn=2247 raw_boundary_fp=2336 raw_boundary_tp=2.397e+04 raw_dice_score=0.9263 raw_iou=0.866 weighted_loss=0.02384
2026-07-30 07:44:06,313 - portable_sam_fusion - INFO - [DEBUG-CONTEXT] epoch=24 step=7050 enabled=0
2026-07-30 07:44:06,313 - portable_sam_fusion - INFO - [DEBUG-DENSE] epoch=24 step=7050 applied_delta_norm=3.56 applied_delta_ratio=0.3048 base_norm=11.68 canvas_max=8 canvas_mean=0.01173 canvas_min=-8 canvas_nonzero_ratio=0.008435 canvas_std=0.5334 final_norm=12.16 residual_alpha=0.5 shape_norm=13.65 source_delta_norm=7.12 source_delta_ratio=0.6097
2026-07-30 07:44:06,313 - portable_sam_fusion - INFO - [DEBUG-GATE] epoch=24 step=7050 shape_dense_alpha_max=0.5 shape_dense_alpha_mean=0.5 shape_dense_alpha_min=0.5
2026-07-30 07:44:06,313 - portable_sam_fusion - INFO - [DEBUG-JITTER] epoch=24 step=7050 area_ratio_count=64 area_ratio_mean=1 area_ratio_sum=64 fallback_count=0 mean_iou=1 num_jittered=0 num_rois=64
2026-07-30 07:44:06,313 - portable_sam_fusion - INFO - [DEBUG-SP] epoch=24 step=7050 all_invalid_count=0 all_invalid_ratio=0 empty_count=0 empty_ratio=0 full_count=0 full_ratio=0 mean_point_distance=29.61 n1_gt_valid_count=64 n1_in_gt_bg=0.8125 n1_in_gt_bg_count=52 n1_valid_count=64 n1_valid_ratio=1 n2_gt_valid_count=64 n2_in_gt_bg=1 n2_in_gt_bg_count=64 n2_valid_count=64 n2_valid_ratio=1 neg_in_pred_bg=1 neg_in_pred_bg_count=128 negative_pair_count=64 negative_pair_distance_sum=2822 p1_gt_valid_count=64 p1_in_gt_fg=0.9844 p1_in_gt_fg_count=63 p1_valid_count=64 p1_valid_ratio=1 p2_gt_valid_count=64 p2_in_gt_fg=0.9688 p2_in_gt_fg_count=62 p2_valid_count=64 p2_valid_ratio=1 point_distance_sum=3790 point_overlap_count=0 point_overlap_ratio=0 point_pair_count=128 pos_in_pred_fg=1 pos_in_pred_fg_count=128 positive_pair_count=64 positive_pair_distance_sum=968.5 roi_count=64 valid_neg_count=128 valid_pos_count=128 warmup_stage=2
2026-07-30 07:44:12,489 - portable_sam_fusion - INFO - Epoch 24 detailed losses: loss_rpn_cls=0.0143, loss_rpn_bbox=0.0050, loss_cls=0.1767, acc=93.1034, loss_bbox=0.0706, loss_mask=0.0014, debug_mask_pos_rois=58.0408, debug_mask_logit_mean=-17.7404, debug_mask_logit_std=3.3194, debug_mask_prob_mean=0.0052, debug_mask_prob_ge05=0.0051, debug_mask_target_fill=0.0052, loss_shape_prior=0.0209, schedule/det_weight=1.0000
2026-07-30 07:44:12,489 - portable_sam_fusion - INFO - Epoch 24 dense residual monitor: alpha=0.500000 source_delta_norm=6.8245 applied_delta_norm=3.4122 source_delta_ratio=0.584370 applied_delta_ratio=0.292185
2026-07-30 07:44:12,489 - portable_sam_fusion - INFO - Epoch 24 primary loss shares: det=92.28% final_mask=0.48% shape=7.24% p2_boundary=0.00%
2026-07-30 07:44:12,489 - portable_sam_fusion - INFO - Epoch 24 schedule: det_loss_weight=1.000 early_stop_start=20 min_delta=0.0005
2026-07-30 07:44:12,489 - portable_sam_fusion - INFO - Epoch 24 learning rates: sat_backbone=4.05e-04, mask_decoder=4.05e-04, prompt_encoder=4.05e-04, shape_prior=4.05e-04, quality_head=4.05e-04, sat_other=4.05e-04
2026-07-30 07:47:20,619 - portable_sam_fusion - INFO - Validation samples: GT=15926, DT=15299, avg_masks_per_image=24.40, avg_mask_fill=0.0054
creating index...
index created!
Loading and preparing results...
DONE (t=0.02s)
creating index...
index created!
Running per image evaluation...
Evaluate annotation type *bbox*
DONE (t=9.95s).
Accumulating evaluation results...
DONE (t=0.16s).
 Average Precision  (AP) @[ IoU=0.50:0.95 | area=   all | maxDets=100 ] = 0.669
 Average Precision  (AP) @[ IoU=0.50      | area=   all | maxDets=100 ] = 0.872
 Average Precision  (AP) @[ IoU=0.75      | area=   all | maxDets=100 ] = 0.808
 Average Precision  (AP) @[ IoU=0.50:0.95 | area= small | maxDets=100 ] = 0.282
 Average Precision  (AP) @[ IoU=0.50:0.95 | area=medium | maxDets=100 ] = 0.718
 Average Precision  (AP) @[ IoU=0.50:0.95 | area= large | maxDets=100 ] = 0.757
 Average Recall     (AR) @[ IoU=0.50:0.95 | area=   all | maxDets=  1 ] = 0.025
 Average Recall     (AR) @[ IoU=0.50:0.95 | area=   all | maxDets= 10 ] = 0.182
 Average Recall     (AR) @[ IoU=0.50:0.95 | area=   all | maxDets=100 ] = 0.718
 Average Recall     (AR) @[ IoU=0.50:0.95 | area= small | maxDets=100 ] = 0.341
 Average Recall     (AR) @[ IoU=0.50:0.95 | area=medium | maxDets=100 ] = 0.774
 Average Recall     (AR) @[ IoU=0.50:0.95 | area= large | maxDets=100 ] = 0.800
2026-07-30 07:47:30,911 - portable_sam_fusion - INFO - Validation bbox/mAP: 0.6690 bbox/mAP_75: 0.8084
Running per image evaluation...
Evaluate annotation type *segm*
DONE (t=10.39s).
Accumulating evaluation results...
DONE (t=0.16s).
 Average Precision  (AP) @[ IoU=0.50:0.95 | area=   all | maxDets=100 ] = 0.458
 Average Precision  (AP) @[ IoU=0.50      | area=   all | maxDets=100 ] = 0.852
 Average Precision  (AP) @[ IoU=0.75      | area=   all | maxDets=100 ] = 0.495
 Average Precision  (AP) @[ IoU=0.50:0.95 | area= small | maxDets=100 ] = 0.065
 Average Precision  (AP) @[ IoU=0.50:0.95 | area=medium | maxDets=100 ] = 0.473
 Average Precision  (AP) @[ IoU=0.50:0.95 | area= large | maxDets=100 ] = 0.651
 Average Recall     (AR) @[ IoU=0.50:0.95 | area=   all | maxDets=  1 ] = 0.020
 Average Recall     (AR) @[ IoU=0.50:0.95 | area=   all | maxDets= 10 ] = 0.144
 Average Recall     (AR) @[ IoU=0.50:0.95 | area=   all | maxDets=100 ] = 0.500
 Average Recall     (AR) @[ IoU=0.50:0.95 | area= small | maxDets=100 ] = 0.101
 Average Recall     (AR) @[ IoU=0.50:0.95 | area=medium | maxDets=100 ] = 0.519
 Average Recall     (AR) @[ IoU=0.50:0.95 | area= large | maxDets=100 ] = 0.697
2026-07-30 07:47:41,485 - portable_sam_fusion - INFO - Validation segm/mAP: 0.4580
2026-07-30 07:47:42,325 - portable_sam_fusion - INFO - Early-stop metric (segm/mAP): raw=0.4580 smooth(5)=0.4473 best=0.4546 counter=5
2026-07-30 07:47:47,433 - portable_sam_fusion - INFO - Epoch 24/80 | train=0.288976 val=disabled segm/mAP=0.4580 bbox/mAP=0.6690 | best_segm=0.4733 best_bbox=0.6941 best_comp=0.0000 | sat_backbone=4.05e-04 mask_decoder=4.05e-04 prompt_encoder=4.05e-04 shape_prior=4.05e-04 quality_head=4.05e-04 sat_other=4.05e-04
2026-07-30 07:48:44,648 - portable_sam_fusion - INFO - [DEBUG-BOX] epoch=25 step=7100 fallback_count=0 fallback_ratio=0 num_rois=64 refined_proposal_iou=0 refined_proposal_iou_sum=0 refined_valid_count=0
2026-07-30 07:48:44,648 - portable_sam_fusion - INFO - [DEBUG-COARSE] epoch=25 step=7100 bce_raw=0.1562 boundary_fn=2797 boundary_fp=2133 boundary_tp=2.546e+04 dice=0.08806 dice_loss_raw=0.08806 iou=0.8433 loss_weight=0.1 raw_boundary_fn=2797 raw_boundary_fp=2133 raw_boundary_tp=2.546e+04 raw_dice_score=0.9119 raw_iou=0.8433 weighted_loss=0.02443
2026-07-30 07:48:44,648 - portable_sam_fusion - INFO - [DEBUG-CONTEXT] epoch=25 step=7100 enabled=0
2026-07-30 07:48:44,648 - portable_sam_fusion - INFO - [DEBUG-DENSE] epoch=25 step=7100 applied_delta_norm=3.101 applied_delta_ratio=0.2655 base_norm=11.68 canvas_max=8 canvas_mean=-0.003797 canvas_min=-8 canvas_nonzero_ratio=0.007308 canvas_std=0.5099 final_norm=12.05 residual_alpha=0.5 shape_norm=13.25 source_delta_norm=6.202 source_delta_ratio=0.5311
2026-07-30 07:48:44,648 - portable_sam_fusion - INFO - [DEBUG-GATE] epoch=25 step=7100 shape_dense_alpha_max=0.5 shape_dense_alpha_mean=0.5 shape_dense_alpha_min=0.5
2026-07-30 07:48:44,648 - portable_sam_fusion - INFO - [DEBUG-JITTER] epoch=25 step=7100 area_ratio_count=64 area_ratio_mean=1 area_ratio_sum=64 fallback_count=0 mean_iou=1 num_jittered=0 num_rois=64
2026-07-30 07:48:44,648 - portable_sam_fusion - INFO - [DEBUG-SP] epoch=25 step=7100 all_invalid_count=0 all_invalid_ratio=0 empty_count=0 empty_ratio=0 full_count=0 full_ratio=0 mean_point_distance=29.74 n1_gt_valid_count=64 n1_in_gt_bg=0.9062 n1_in_gt_bg_count=58 n1_valid_count=64 n1_valid_ratio=1 n2_gt_valid_count=64 n2_in_gt_bg=1 n2_in_gt_bg_count=64 n2_valid_count=64 n2_valid_ratio=1 neg_in_pred_bg=1 neg_in_pred_bg_count=128 negative_pair_count=64 negative_pair_distance_sum=2820 p1_gt_valid_count=64 p1_in_gt_fg=1 p1_in_gt_fg_count=64 p1_valid_count=64 p1_valid_ratio=1 p2_gt_valid_count=64 p2_in_gt_fg=1 p2_in_gt_fg_count=64 p2_valid_count=64 p2_valid_ratio=1 point_distance_sum=3807 point_overlap_count=0 point_overlap_ratio=0 point_pair_count=128 pos_in_pred_fg=1 pos_in_pred_fg_count=128 positive_pair_count=64 positive_pair_distance_sum=987.6 roi_count=64 valid_neg_count=128 valid_pos_count=128 warmup_stage=2
2026-07-30 07:49:49,115 - portable_sam_fusion - INFO - [DEBUG-BOX] epoch=25 step=7150 fallback_count=0 fallback_ratio=0 num_rois=64 refined_proposal_iou=0 refined_proposal_iou_sum=0 refined_valid_count=0
2026-07-30 07:49:49,115 - portable_sam_fusion - INFO - [DEBUG-COARSE] epoch=25 step=7150 bce_raw=0.1879 boundary_fn=2621 boundary_fp=4520 boundary_tp=2.022e+04 dice=0.06832 dice_loss_raw=0.06832 iou=0.8767 loss_weight=0.1 raw_boundary_fn=2621 raw_boundary_fp=4520 raw_boundary_tp=2.022e+04 raw_dice_score=0.9317 raw_iou=0.8767 weighted_loss=0.02562
2026-07-30 07:49:49,115 - portable_sam_fusion - INFO - [DEBUG-CONTEXT] epoch=25 step=7150 enabled=0
2026-07-30 07:49:49,115 - portable_sam_fusion - INFO - [DEBUG-DENSE] epoch=25 step=7150 applied_delta_norm=4.388 applied_delta_ratio=0.3757 base_norm=11.68 canvas_max=8 canvas_mean=0.03914 canvas_min=-8 canvas_nonzero_ratio=0.01503 canvas_std=0.5712 final_norm=12.65 residual_alpha=0.5 shape_norm=15.17 source_delta_norm=8.775 source_delta_ratio=0.7514
2026-07-30 07:49:49,115 - portable_sam_fusion - INFO - [DEBUG-GATE] epoch=25 step=7150 shape_dense_alpha_max=0.5 shape_dense_alpha_mean=0.5 shape_dense_alpha_min=0.5
2026-07-30 07:49:49,115 - portable_sam_fusion - INFO - [DEBUG-JITTER] epoch=25 step=7150 area_ratio_count=64 area_ratio_mean=1 area_ratio_sum=64 fallback_count=0 mean_iou=1 num_jittered=0 num_rois=64
2026-07-30 07:49:49,115 - portable_sam_fusion - INFO - [DEBUG-SP] epoch=25 step=7150 all_invalid_count=0 all_invalid_ratio=0 empty_count=0 empty_ratio=0 full_count=1 full_ratio=0.01562 mean_point_distance=34.8 n1_gt_valid_count=63 n1_in_gt_bg=0.6984 n1_in_gt_bg_count=44 n1_valid_count=63 n1_valid_ratio=0.9844 n2_gt_valid_count=62 n2_in_gt_bg=0.9032 n2_in_gt_bg_count=56 n2_valid_count=62 n2_valid_ratio=0.9688 neg_in_pred_bg=1 neg_in_pred_bg_count=125 negative_pair_count=62 negative_pair_distance_sum=3205 p1_gt_valid_count=64 p1_in_gt_fg=1 p1_in_gt_fg_count=64 p1_valid_count=64 p1_valid_ratio=1 p2_gt_valid_count=64 p2_in_gt_fg=1 p2_in_gt_fg_count=64 p2_valid_count=64 p2_valid_ratio=1 point_distance_sum=4384 point_overlap_count=0 point_overlap_ratio=0 point_pair_count=126 pos_in_pred_fg=1 pos_in_pred_fg_count=128 positive_pair_count=64 positive_pair_distance_sum=1179 roi_count=64 valid_neg_count=125 valid_pos_count=128 warmup_stage=2
2026-07-30 07:49:50,795 - portable_sam_fusion - INFO - epoch 25 | mini-batch 96/294 | optimizer_step 1800/5920 | lr=4.020e-04
2026-07-30 07:50:55,665 - portable_sam_fusion - INFO - [DEBUG-BOX] epoch=25 step=7200 fallback_count=0 fallback_ratio=0 num_rois=64 refined_proposal_iou=0 refined_proposal_iou_sum=0 refined_valid_count=0
2026-07-30 07:50:55,666 - portable_sam_fusion - INFO - [DEBUG-COARSE] epoch=25 step=7200 bce_raw=0.1127 boundary_fn=1566 boundary_fp=1720 boundary_tp=2.283e+04 dice=0.04879 dice_loss_raw=0.04879 iou=0.9079 loss_weight=0.1 raw_boundary_fn=1566 raw_boundary_fp=1720 raw_boundary_tp=2.283e+04 raw_dice_score=0.9512 raw_iou=0.9079 weighted_loss=0.01615
2026-07-30 07:50:55,666 - portable_sam_fusion - INFO - [DEBUG-CONTEXT] epoch=25 step=7200 enabled=0
2026-07-30 07:50:55,666 - portable_sam_fusion - INFO - [DEBUG-DENSE] epoch=25 step=7200 applied_delta_norm=3.547 applied_delta_ratio=0.3037 base_norm=11.68 canvas_max=8 canvas_mean=0.01492 canvas_min=-8 canvas_nonzero_ratio=0.01465 canvas_std=0.6127 final_norm=12.39 residual_alpha=0.5 shape_norm=14.12 source_delta_norm=7.094 source_delta_ratio=0.6074
2026-07-30 07:50:55,666 - portable_sam_fusion - INFO - [DEBUG-GATE] epoch=25 step=7200 shape_dense_alpha_max=0.5 shape_dense_alpha_mean=0.5 shape_dense_alpha_min=0.5
2026-07-30 07:50:55,666 - portable_sam_fusion - INFO - [DEBUG-JITTER] epoch=25 step=7200 area_ratio_count=64 area_ratio_mean=1 area_ratio_sum=64 fallback_count=0 mean_iou=1 num_jittered=0 num_rois=64
2026-07-30 07:50:55,666 - portable_sam_fusion - INFO - [DEBUG-SP] epoch=25 step=7200 all_invalid_count=0 all_invalid_ratio=0 empty_count=0 empty_ratio=0 full_count=0 full_ratio=0 mean_point_distance=34.99 n1_gt_valid_count=64 n1_in_gt_bg=0.7031 n1_in_gt_bg_count=45 n1_valid_count=64 n1_valid_ratio=1 n2_gt_valid_count=63 n2_in_gt_bg=1 n2_in_gt_bg_count=63 n2_valid_count=63 n2_valid_ratio=0.9844 neg_in_pred_bg=1 neg_in_pred_bg_count=127 negative_pair_count=63 negative_pair_distance_sum=2965 p1_gt_valid_count=64 p1_in_gt_fg=1 p1_in_gt_fg_count=64 p1_valid_count=64 p1_valid_ratio=1 p2_gt_valid_count=64 p2_in_gt_fg=1 p2_in_gt_fg_count=64 p2_valid_count=64 p2_valid_ratio=1 point_distance_sum=4444 point_overlap_count=0 point_overlap_ratio=0 point_pair_count=127 pos_in_pred_fg=1 pos_in_pred_fg_count=128 positive_pair_count=64 positive_pair_distance_sum=1479 roi_count=64 valid_neg_count=127 valid_pos_count=128 warmup_stage=2
2026-07-30 07:51:53,506 - portable_sam_fusion - INFO - [DEBUG-BOX] epoch=25 step=7250 fallback_count=0 fallback_ratio=0 num_rois=64 refined_proposal_iou=0 refined_proposal_iou_sum=0 refined_valid_count=0
2026-07-30 07:51:53,507 - portable_sam_fusion - INFO - [DEBUG-COARSE] epoch=25 step=7250 bce_raw=0.1735 boundary_fn=2803 boundary_fp=2503 boundary_tp=2.471e+04 dice=0.07681 dice_loss_raw=0.07681 iou=0.8596 loss_weight=0.1 raw_boundary_fn=2803 raw_boundary_fp=2503 raw_boundary_tp=2.471e+04 raw_dice_score=0.9232 raw_iou=0.8596 weighted_loss=0.02503
2026-07-30 07:51:53,507 - portable_sam_fusion - INFO - [DEBUG-CONTEXT] epoch=25 step=7250 enabled=0
2026-07-30 07:51:53,507 - portable_sam_fusion - INFO - [DEBUG-DENSE] epoch=25 step=7250 applied_delta_norm=3.201 applied_delta_ratio=0.2741 base_norm=11.68 canvas_max=8 canvas_mean=0.00194 canvas_min=-8 canvas_nonzero_ratio=0.008096 canvas_std=0.5546 final_norm=12.1 residual_alpha=0.5 shape_norm=13.43 source_delta_norm=6.403 source_delta_ratio=0.5483
2026-07-30 07:51:53,507 - portable_sam_fusion - INFO - [DEBUG-GATE] epoch=25 step=7250 shape_dense_alpha_max=0.5 shape_dense_alpha_mean=0.5 shape_dense_alpha_min=0.5
2026-07-30 07:51:53,507 - portable_sam_fusion - INFO - [DEBUG-JITTER] epoch=25 step=7250 area_ratio_count=64 area_ratio_mean=1 area_ratio_sum=64 fallback_count=0 mean_iou=1 num_jittered=0 num_rois=64
2026-07-30 07:51:53,507 - portable_sam_fusion - INFO - [DEBUG-SP] epoch=25 step=7250 all_invalid_count=0 all_invalid_ratio=0 empty_count=0 empty_ratio=0 full_count=0 full_ratio=0 mean_point_distance=31 n1_gt_valid_count=64 n1_in_gt_bg=0.7969 n1_in_gt_bg_count=51 n1_valid_count=64 n1_valid_ratio=1 n2_gt_valid_count=64 n2_in_gt_bg=1 n2_in_gt_bg_count=64 n2_valid_count=64 n2_valid_ratio=1 neg_in_pred_bg=1 neg_in_pred_bg_count=128 negative_pair_count=64 negative_pair_distance_sum=2940 p1_gt_valid_count=64 p1_in_gt_fg=1 p1_in_gt_fg_count=64 p1_valid_count=64 p1_valid_ratio=1 p2_gt_valid_count=64 p2_in_gt_fg=1 p2_in_gt_fg_count=64 p2_valid_count=64 p2_valid_ratio=1 point_distance_sum=3968 point_overlap_count=0 point_overlap_ratio=0 point_pair_count=128 pos_in_pred_fg=1 pos_in_pred_fg_count=128 positive_pair_count=64 positive_pair_distance_sum=1028 roi_count=64 valid_neg_count=128 valid_pos_count=128 warmup_stage=2
2026-07-30 07:52:43,295 - portable_sam_fusion - INFO - [DEBUG-BOX] epoch=25 step=7300 fallback_count=0 fallback_ratio=0 num_rois=64 refined_proposal_iou=0 refined_proposal_iou_sum=0 refined_valid_count=0
2026-07-30 07:52:43,295 - portable_sam_fusion - INFO - [DEBUG-COARSE] epoch=25 step=7300 bce_raw=0.1237 boundary_fn=1982 boundary_fp=1755 boundary_tp=2.652e+04 dice=0.08189 dice_loss_raw=0.08189 iou=0.8512 loss_weight=0.1 raw_boundary_fn=1982 raw_boundary_fp=1755 raw_boundary_tp=2.652e+04 raw_dice_score=0.9181 raw_iou=0.8512 weighted_loss=0.02056
2026-07-30 07:52:43,295 - portable_sam_fusion - INFO - [DEBUG-CONTEXT] epoch=25 step=7300 enabled=0
2026-07-30 07:52:43,295 - portable_sam_fusion - INFO - [DEBUG-DENSE] epoch=25 step=7300 applied_delta_norm=3.443 applied_delta_ratio=0.2948 base_norm=11.68 canvas_max=8 canvas_mean=-0.01215 canvas_min=-8 canvas_nonzero_ratio=0.009433 canvas_std=0.5738 final_norm=12.15 residual_alpha=0.5 shape_norm=13.62 source_delta_norm=6.885 source_delta_ratio=0.5896
2026-07-30 07:52:43,295 - portable_sam_fusion - INFO - [DEBUG-GATE] epoch=25 step=7300 shape_dense_alpha_max=0.5 shape_dense_alpha_mean=0.5 shape_dense_alpha_min=0.5
2026-07-30 07:52:43,295 - portable_sam_fusion - INFO - [DEBUG-JITTER] epoch=25 step=7300 area_ratio_count=64 area_ratio_mean=1 area_ratio_sum=64 fallback_count=0 mean_iou=1 num_jittered=0 num_rois=64
2026-07-30 07:52:43,295 - portable_sam_fusion - INFO - [DEBUG-SP] epoch=25 step=7300 all_invalid_count=0 all_invalid_ratio=0 empty_count=0 empty_ratio=0 full_count=0 full_ratio=0 mean_point_distance=33.06 n1_gt_valid_count=64 n1_in_gt_bg=0.9531 n1_in_gt_bg_count=61 n1_valid_count=64 n1_valid_ratio=1 n2_gt_valid_count=64 n2_in_gt_bg=1 n2_in_gt_bg_count=64 n2_valid_count=64 n2_valid_ratio=1 neg_in_pred_bg=1 neg_in_pred_bg_count=128 negative_pair_count=64 negative_pair_distance_sum=3097 p1_gt_valid_count=64 p1_in_gt_fg=1 p1_in_gt_fg_count=64 p1_valid_count=64 p1_valid_ratio=1 p2_gt_valid_count=64 p2_in_gt_fg=1 p2_in_gt_fg_count=64 p2_valid_count=64 p2_valid_ratio=1 point_distance_sum=4232 point_overlap_count=0 point_overlap_ratio=0 point_pair_count=128 pos_in_pred_fg=1 pos_in_pred_fg_count=128 positive_pair_count=64 positive_pair_distance_sum=1135 roi_count=64 valid_neg_count=128 valid_pos_count=128 warmup_stage=2
2026-07-30 07:53:29,358 - portable_sam_fusion - INFO - [DEBUG-BOX] epoch=25 step=7350 fallback_count=0 fallback_ratio=0 num_rois=64 refined_proposal_iou=0 refined_proposal_iou_sum=0 refined_valid_count=0
2026-07-30 07:53:29,358 - portable_sam_fusion - INFO - [DEBUG-COARSE] epoch=25 step=7350 bce_raw=0.1351 boundary_fn=2332 boundary_fp=1714 boundary_tp=2.538e+04 dice=0.07957 dice_loss_raw=0.07957 iou=0.8553 loss_weight=0.1 raw_boundary_fn=2332 raw_boundary_fp=1714 raw_boundary_tp=2.538e+04 raw_dice_score=0.9204 raw_iou=0.8553 weighted_loss=0.02147
2026-07-30 07:53:29,358 - portable_sam_fusion - INFO - [DEBUG-CONTEXT] epoch=25 step=7350 enabled=0
2026-07-30 07:53:29,358 - portable_sam_fusion - INFO - [DEBUG-DENSE] epoch=25 step=7350 applied_delta_norm=3.183 applied_delta_ratio=0.2726 base_norm=11.68 canvas_max=8 canvas_mean=-0.006369 canvas_min=-8 canvas_nonzero_ratio=0.008029 canvas_std=0.5438 final_norm=12.09 residual_alpha=0.5 shape_norm=13.39 source_delta_norm=6.367 source_delta_ratio=0.5452
2026-07-30 07:53:29,358 - portable_sam_fusion - INFO - [DEBUG-GATE] epoch=25 step=7350 shape_dense_alpha_max=0.5 shape_dense_alpha_mean=0.5 shape_dense_alpha_min=0.5
2026-07-30 07:53:29,359 - portable_sam_fusion - INFO - [DEBUG-JITTER] epoch=25 step=7350 area_ratio_count=64 area_ratio_mean=1 area_ratio_sum=64 fallback_count=0 mean_iou=1 num_jittered=0 num_rois=64
2026-07-30 07:53:29,359 - portable_sam_fusion - INFO - [DEBUG-SP] epoch=25 step=7350 all_invalid_count=0 all_invalid_ratio=0 empty_count=0 empty_ratio=0 full_count=0 full_ratio=0 mean_point_distance=29.32 n1_gt_valid_count=64 n1_in_gt_bg=0.875 n1_in_gt_bg_count=56 n1_valid_count=64 n1_valid_ratio=1 n2_gt_valid_count=64 n2_in_gt_bg=1 n2_in_gt_bg_count=64 n2_valid_count=64 n2_valid_ratio=1 neg_in_pred_bg=1 neg_in_pred_bg_count=128 negative_pair_count=64 negative_pair_distance_sum=2815 p1_gt_valid_count=64 p1_in_gt_fg=1 p1_in_gt_fg_count=64 p1_valid_count=64 p1_valid_ratio=1 p2_gt_valid_count=64 p2_in_gt_fg=1 p2_in_gt_fg_count=64 p2_valid_count=64 p2_valid_ratio=1 point_distance_sum=3753 point_overlap_count=0 point_overlap_ratio=0 point_pair_count=128 pos_in_pred_fg=1 pos_in_pred_fg_count=128 positive_pair_count=64 positive_pair_distance_sum=938 roi_count=64 valid_neg_count=128 valid_pos_count=128 warmup_stage=2
2026-07-30 07:53:29,544 - portable_sam_fusion - INFO - epoch 25 | mini-batch 294/294 | optimizer_step 1850/5920 | lr=3.966e-04
2026-07-30 07:53:29,617 - portable_sam_fusion - INFO - Epoch 25 detailed losses: loss_rpn_cls=0.0128, loss_rpn_bbox=0.0048, loss_cls=0.1622, acc=93.7086, loss_bbox=0.0659, loss_mask=0.0014, debug_mask_pos_rois=56.2279, debug_mask_logit_mean=-16.9752, debug_mask_logit_std=3.2709, debug_mask_prob_mean=0.0052, debug_mask_prob_ge05=0.0052, debug_mask_target_fill=0.0052, loss_shape_prior=0.0201, schedule/det_weight=1.0000
2026-07-30 07:53:29,624 - portable_sam_fusion - INFO - Epoch 25 dense residual monitor: alpha=0.500000 source_delta_norm=6.7817 applied_delta_norm=3.3908 source_delta_ratio=0.580703 applied_delta_ratio=0.290352
2026-07-30 07:53:29,624 - portable_sam_fusion - INFO - Epoch 25 primary loss shares: det=91.94% final_mask=0.54% shape=7.52% p2_boundary=0.00%
2026-07-30 07:53:29,624 - portable_sam_fusion - INFO - Epoch 25 schedule: det_loss_weight=1.000 early_stop_start=20 min_delta=0.0005
2026-07-30 07:53:29,624 - portable_sam_fusion - INFO - Epoch 25 learning rates: sat_backbone=3.97e-04, mask_decoder=3.97e-04, prompt_encoder=3.97e-04, shape_prior=3.97e-04, quality_head=3.97e-04, sat_other=3.97e-04
2026-07-30 07:56:43,698 - portable_sam_fusion - INFO - Validation samples: GT=15926, DT=17367, avg_masks_per_image=27.70, avg_mask_fill=0.0055
creating index...
index created!
Loading and preparing results...
DONE (t=0.02s)
creating index...
index created!
Running per image evaluation...
Evaluate annotation type *bbox*
DONE (t=10.50s).
Accumulating evaluation results...
DONE (t=0.17s).
 Average Precision  (AP) @[ IoU=0.50:0.95 | area=   all | maxDets=100 ] = 0.673
 Average Precision  (AP) @[ IoU=0.50      | area=   all | maxDets=100 ] = 0.895
 Average Precision  (AP) @[ IoU=0.75      | area=   all | maxDets=100 ] = 0.800
 Average Precision  (AP) @[ IoU=0.50:0.95 | area= small | maxDets=100 ] = 0.290
 Average Precision  (AP) @[ IoU=0.50:0.95 | area=medium | maxDets=100 ] = 0.715
 Average Precision  (AP) @[ IoU=0.50:0.95 | area= large | maxDets=100 ] = 0.752
 Average Recall     (AR) @[ IoU=0.50:0.95 | area=   all | maxDets=  1 ] = 0.026
 Average Recall     (AR) @[ IoU=0.50:0.95 | area=   all | maxDets= 10 ] = 0.185
 Average Recall     (AR) @[ IoU=0.50:0.95 | area=   all | maxDets=100 ] = 0.723
 Average Recall     (AR) @[ IoU=0.50:0.95 | area= small | maxDets=100 ] = 0.401
 Average Recall     (AR) @[ IoU=0.50:0.95 | area=medium | maxDets=100 ] = 0.770
 Average Recall     (AR) @[ IoU=0.50:0.95 | area= large | maxDets=100 ] = 0.797
2026-07-30 07:56:54,569 - portable_sam_fusion - INFO - Validation bbox/mAP: 0.6730 bbox/mAP_75: 0.8001
Running per image evaluation...
Evaluate annotation type *segm*
DONE (t=10.99s).
Accumulating evaluation results...
DONE (t=0.17s).
 Average Precision  (AP) @[ IoU=0.50:0.95 | area=   all | maxDets=100 ] = 0.456
 Average Precision  (AP) @[ IoU=0.50      | area=   all | maxDets=100 ] = 0.857
 Average Precision  (AP) @[ IoU=0.75      | area=   all | maxDets=100 ] = 0.486
 Average Precision  (AP) @[ IoU=0.50:0.95 | area= small | maxDets=100 ] = 0.072
 Average Precision  (AP) @[ IoU=0.50:0.95 | area=medium | maxDets=100 ] = 0.468
 Average Precision  (AP) @[ IoU=0.50:0.95 | area= large | maxDets=100 ] = 0.652
 Average Recall     (AR) @[ IoU=0.50:0.95 | area=   all | maxDets=  1 ] = 0.021
 Average Recall     (AR) @[ IoU=0.50:0.95 | area=   all | maxDets= 10 ] = 0.145
 Average Recall     (AR) @[ IoU=0.50:0.95 | area=   all | maxDets=100 ] = 0.502
 Average Recall     (AR) @[ IoU=0.50:0.95 | area= small | maxDets=100 ] = 0.126
 Average Recall     (AR) @[ IoU=0.50:0.95 | area=medium | maxDets=100 ] = 0.516
 Average Recall     (AR) @[ IoU=0.50:0.95 | area= large | maxDets=100 ] = 0.696
2026-07-30 07:57:05,766 - portable_sam_fusion - INFO - Validation segm/mAP: 0.4556
2026-07-30 07:57:06,314 - portable_sam_fusion - INFO - Early-stop metric (segm/mAP): raw=0.4556 smooth(5)=0.4461 best=0.4546 counter=6
2026-07-30 07:57:11,570 - portable_sam_fusion - INFO - Epoch 25/80 | train=0.267205 val=disabled segm/mAP=0.4556 bbox/mAP=0.6730 | best_segm=0.4733 best_bbox=0.6941 best_comp=0.0000 | sat_backbone=3.97e-04 mask_decoder=3.97e-04 prompt_encoder=3.97e-04 shape_prior=3.97e-04 quality_head=3.97e-04 sat_other=3.97e-04
2026-07-30 07:58:20,528 - portable_sam_fusion - INFO - [DEBUG-BOX] epoch=26 step=7400 fallback_count=0 fallback_ratio=0 num_rois=0 refined_proposal_iou=0 refined_proposal_iou_sum=0 refined_valid_count=0
2026-07-30 07:58:20,528 - portable_sam_fusion - INFO - [DEBUG-COARSE] epoch=26 step=7400 boundary_fn=0 boundary_fp=0 boundary_tp=0 dice=0 iou=0
2026-07-30 07:58:20,528 - portable_sam_fusion - INFO - [DEBUG-CONTEXT] epoch=26 step=7400 enabled=0
2026-07-30 07:58:20,528 - portable_sam_fusion - INFO - [DEBUG-DENSE] epoch=26 step=7400 applied_delta_norm=3.451 applied_delta_ratio=0.2955 base_norm=11.68 canvas_max=8 canvas_mean=-0.002443 canvas_min=-8 canvas_nonzero_ratio=0.009029 canvas_std=0.5343 final_norm=12.13 residual_alpha=0.5 shape_norm=13.58 source_delta_norm=6.902 source_delta_ratio=0.591
2026-07-30 07:58:20,528 - portable_sam_fusion - INFO - [DEBUG-GATE] epoch=26 step=7400 shape_dense_alpha_max=0.5 shape_dense_alpha_mean=0.5 shape_dense_alpha_min=0.5
2026-07-30 07:58:20,528 - portable_sam_fusion - INFO - [DEBUG-JITTER] epoch=26 step=7400 area_ratio_count=0 area_ratio_mean=0 area_ratio_sum=0 fallback_count=0 mean_iou=0 num_jittered=0 num_rois=0
2026-07-30 07:58:20,528 - portable_sam_fusion - INFO - [DEBUG-SP] epoch=26 step=7400 all_invalid_count=0 all_invalid_ratio=0 empty_count=0 empty_ratio=0 full_count=0 full_ratio=0 mean_point_distance=33.66 n1_gt_valid_count=64 n1_in_gt_bg=0.9531 n1_in_gt_bg_count=61 n1_valid_count=64 n1_valid_ratio=1 n2_gt_valid_count=64 n2_in_gt_bg=1 n2_in_gt_bg_count=64 n2_valid_count=64 n2_valid_ratio=1 neg_in_pred_bg=1 neg_in_pred_bg_count=128 negative_pair_count=64 negative_pair_distance_sum=3214 p1_gt_valid_count=64 p1_in_gt_fg=1 p1_in_gt_fg_count=64 p1_valid_count=64 p1_valid_ratio=1 p2_gt_valid_count=64 p2_in_gt_fg=1 p2_in_gt_fg_count=64 p2_valid_count=64 p2_valid_ratio=1 point_distance_sum=4308 point_overlap_count=0 point_overlap_ratio=0 point_pair_count=128 pos_in_pred_fg=1 pos_in_pred_fg_count=128 positive_pair_count=64 positive_pair_distance_sum=1094 roi_count=64 valid_neg_count=128 valid_pos_count=128 warmup_stage=2
2026-07-30 07:59:26,119 - portable_sam_fusion - INFO - [DEBUG-BOX] epoch=26 step=7450 fallback_count=0 fallback_ratio=0 num_rois=64 refined_proposal_iou=0 refined_proposal_iou_sum=0 refined_valid_count=0
2026-07-30 07:59:26,119 - portable_sam_fusion - INFO - [DEBUG-COARSE] epoch=26 step=7450 bce_raw=0.1485 boundary_fn=1721 boundary_fp=2970 boundary_tp=2.663e+04 dice=0.08743 dice_loss_raw=0.08743 iou=0.8434 loss_weight=0.1 raw_boundary_fn=1721 raw_boundary_fp=2970 raw_boundary_tp=2.663e+04 raw_dice_score=0.9126 raw_iou=0.8434 weighted_loss=0.02359
2026-07-30 07:59:26,119 - portable_sam_fusion - INFO - [DEBUG-CONTEXT] epoch=26 step=7450 enabled=0
2026-07-30 07:59:26,119 - portable_sam_fusion - INFO - [DEBUG-DENSE] epoch=26 step=7450 applied_delta_norm=3.212 applied_delta_ratio=0.2751 base_norm=11.68 canvas_max=8 canvas_mean=-0.007345 canvas_min=-8 canvas_nonzero_ratio=0.007549 canvas_std=0.5319 final_norm=12.07 residual_alpha=0.5 shape_norm=13.32 source_delta_norm=6.424 source_delta_ratio=0.5501
2026-07-30 07:59:26,119 - portable_sam_fusion - INFO - [DEBUG-GATE] epoch=26 step=7450 shape_dense_alpha_max=0.5 shape_dense_alpha_mean=0.5 shape_dense_alpha_min=0.5
2026-07-30 07:59:26,119 - portable_sam_fusion - INFO - [DEBUG-JITTER] epoch=26 step=7450 area_ratio_count=64 area_ratio_mean=1 area_ratio_sum=64 fallback_count=0 mean_iou=1 num_jittered=0 num_rois=64
2026-07-30 07:59:26,119 - portable_sam_fusion - INFO - [DEBUG-SP] epoch=26 step=7450 all_invalid_count=0 all_invalid_ratio=0 empty_count=0 empty_ratio=0 full_count=0 full_ratio=0 mean_point_distance=30.64 n1_gt_valid_count=64 n1_in_gt_bg=0.9844 n1_in_gt_bg_count=63 n1_valid_count=64 n1_valid_ratio=1 n2_gt_valid_count=64 n2_in_gt_bg=1 n2_in_gt_bg_count=64 n2_valid_count=64 n2_valid_ratio=1 neg_in_pred_bg=1 neg_in_pred_bg_count=128 negative_pair_count=64 negative_pair_distance_sum=2786 p1_gt_valid_count=64 p1_in_gt_fg=1 p1_in_gt_fg_count=64 p1_valid_count=64 p1_valid_ratio=1 p2_gt_valid_count=64 p2_in_gt_fg=0.9844 p2_in_gt_fg_count=63 p2_valid_count=64 p2_valid_ratio=1 point_distance_sum=3923 point_overlap_count=0 point_overlap_ratio=0 point_pair_count=128 pos_in_pred_fg=1 pos_in_pred_fg_count=128 positive_pair_count=64 positive_pair_distance_sum=1136 roi_count=64 valid_neg_count=128 valid_pos_count=128 warmup_stage=2
2026-07-30 08:00:33,567 - portable_sam_fusion - INFO - [DEBUG-BOX] epoch=26 step=7500 fallback_count=0 fallback_ratio=0 num_rois=64 refined_proposal_iou=0 refined_proposal_iou_sum=0 refined_valid_count=0
2026-07-30 08:00:33,568 - portable_sam_fusion - INFO - [DEBUG-COARSE] epoch=26 step=7500 bce_raw=0.164 boundary_fn=2637 boundary_fp=2189 boundary_tp=2.656e+04 dice=0.08098 dice_loss_raw=0.08098 iou=0.8533 loss_weight=0.1 raw_boundary_fn=2637 raw_boundary_fp=2189 raw_boundary_tp=2.656e+04 raw_dice_score=0.919 raw_iou=0.8533 weighted_loss=0.0245
2026-07-30 08:00:33,568 - portable_sam_fusion - INFO - [DEBUG-CONTEXT] epoch=26 step=7500 enabled=0
2026-07-30 08:00:33,568 - portable_sam_fusion - INFO - [DEBUG-DENSE] epoch=26 step=7500 applied_delta_norm=3.041 applied_delta_ratio=0.2604 base_norm=11.68 canvas_max=8 canvas_mean=-0.005227 canvas_min=-8 canvas_nonzero_ratio=0.006777 canvas_std=0.5374 final_norm=12.05 residual_alpha=0.5 shape_norm=13.22 source_delta_norm=6.082 source_delta_ratio=0.5208
2026-07-30 08:00:33,568 - portable_sam_fusion - INFO - [DEBUG-GATE] epoch=26 step=7500 shape_dense_alpha_max=0.5 shape_dense_alpha_mean=0.5 shape_dense_alpha_min=0.5
2026-07-30 08:00:33,568 - portable_sam_fusion - INFO - [DEBUG-JITTER] epoch=26 step=7500 area_ratio_count=64 area_ratio_mean=1 area_ratio_sum=64 fallback_count=0 mean_iou=1 num_jittered=0 num_rois=64
2026-07-30 08:00:33,568 - portable_sam_fusion - INFO - [DEBUG-SP] epoch=26 step=7500 all_invalid_count=0 all_invalid_ratio=0 empty_count=0 empty_ratio=0 full_count=0 full_ratio=0 mean_point_distance=28.89 n1_gt_valid_count=64 n1_in_gt_bg=0.9219 n1_in_gt_bg_count=59 n1_valid_count=64 n1_valid_ratio=1 n2_gt_valid_count=64 n2_in_gt_bg=1 n2_in_gt_bg_count=64 n2_valid_count=64 n2_valid_ratio=1 neg_in_pred_bg=1 neg_in_pred_bg_count=128 negative_pair_count=64 negative_pair_distance_sum=2695 p1_gt_valid_count=64 p1_in_gt_fg=1 p1_in_gt_fg_count=64 p1_valid_count=64 p1_valid_ratio=1 p2_gt_valid_count=64 p2_in_gt_fg=0.9844 p2_in_gt_fg_count=63 p2_valid_count=64 p2_valid_ratio=1 point_distance_sum=3698 point_overlap_count=0 point_overlap_ratio=0 point_pair_count=128 pos_in_pred_fg=1 pos_in_pred_fg_count=128 positive_pair_count=64 positive_pair_distance_sum=1003 roi_count=64 valid_neg_count=128 valid_pos_count=128 warmup_stage=2
2026-07-30 08:01:35,619 - portable_sam_fusion - INFO - [DEBUG-BOX] epoch=26 step=7550 fallback_count=0 fallback_ratio=0 num_rois=64 refined_proposal_iou=0 refined_proposal_iou_sum=0 refined_valid_count=0
2026-07-30 08:01:35,619 - portable_sam_fusion - INFO - [DEBUG-COARSE] epoch=26 step=7550 bce_raw=0.1606 boundary_fn=2834 boundary_fp=2893 boundary_tp=2.327e+04 dice=0.07201 dice_loss_raw=0.07201 iou=0.8675 loss_weight=0.1 raw_boundary_fn=2834 raw_boundary_fp=2893 raw_boundary_tp=2.327e+04 raw_dice_score=0.928 raw_iou=0.8675 weighted_loss=0.02326
2026-07-30 08:01:35,619 - portable_sam_fusion - INFO - [DEBUG-CONTEXT] epoch=26 step=7550 enabled=0
2026-07-30 08:01:35,619 - portable_sam_fusion - INFO - [DEBUG-DENSE] epoch=26 step=7550 applied_delta_norm=3.253 applied_delta_ratio=0.2785 base_norm=11.68 canvas_max=8 canvas_mean=0.01261 canvas_min=-8 canvas_nonzero_ratio=0.006741 canvas_std=0.4576 final_norm=12.11 residual_alpha=0.5 shape_norm=13.44 source_delta_norm=6.505 source_delta_ratio=0.557
2026-07-30 08:01:35,619 - portable_sam_fusion - INFO - [DEBUG-GATE] epoch=26 step=7550 shape_dense_alpha_max=0.5 shape_dense_alpha_mean=0.5 shape_dense_alpha_min=0.5
2026-07-30 08:01:35,619 - portable_sam_fusion - INFO - [DEBUG-JITTER] epoch=26 step=7550 area_ratio_count=64 area_ratio_mean=1 area_ratio_sum=64 fallback_count=0 mean_iou=1 num_jittered=0 num_rois=64
2026-07-30 08:01:35,619 - portable_sam_fusion - INFO - [DEBUG-SP] epoch=26 step=7550 all_invalid_count=0 all_invalid_ratio=0 empty_count=0 empty_ratio=0 full_count=0 full_ratio=0 mean_point_distance=31.67 n1_gt_valid_count=64 n1_in_gt_bg=0.8125 n1_in_gt_bg_count=52 n1_valid_count=64 n1_valid_ratio=1 n2_gt_valid_count=64 n2_in_gt_bg=1 n2_in_gt_bg_count=64 n2_valid_count=64 n2_valid_ratio=1 neg_in_pred_bg=1 neg_in_pred_bg_count=128 negative_pair_count=64 negative_pair_distance_sum=3037 p1_gt_valid_count=64 p1_in_gt_fg=1 p1_in_gt_fg_count=64 p1_valid_count=64 p1_valid_ratio=1 p2_gt_valid_count=64 p2_in_gt_fg=1 p2_in_gt_fg_count=64 p2_valid_count=64 p2_valid_ratio=1 point_distance_sum=4053 point_overlap_count=0 point_overlap_ratio=0 point_pair_count=128 pos_in_pred_fg=1 pos_in_pred_fg_count=128 positive_pair_count=64 positive_pair_distance_sum=1017 roi_count=64 valid_neg_count=128 valid_pos_count=128 warmup_stage=2
2026-07-30 08:01:35,809 - portable_sam_fusion - INFO - epoch 26 | mini-batch 200/294 | optimizer_step 1900/5920 | lr=3.911e-04
2026-07-30 08:02:24,039 - portable_sam_fusion - INFO - [DEBUG-BOX] epoch=26 step=7600 fallback_count=0 fallback_ratio=0 num_rois=64 refined_proposal_iou=0 refined_proposal_iou_sum=0 refined_valid_count=0
2026-07-30 08:02:24,040 - portable_sam_fusion - INFO - [DEBUG-COARSE] epoch=26 step=7600 bce_raw=0.1425 boundary_fn=2732 boundary_fp=1851 boundary_tp=2.591e+04 dice=0.08778 dice_loss_raw=0.08778 iou=0.8417 loss_weight=0.1 raw_boundary_fn=2732 raw_boundary_fp=1851 raw_boundary_tp=2.591e+04 raw_dice_score=0.9122 raw_iou=0.8417 weighted_loss=0.02303
2026-07-30 08:02:24,040 - portable_sam_fusion - INFO - [DEBUG-CONTEXT] epoch=26 step=7600 enabled=0
2026-07-30 08:02:24,040 - portable_sam_fusion - INFO - [DEBUG-DENSE] epoch=26 step=7600 applied_delta_norm=3.6 applied_delta_ratio=0.3083 base_norm=11.68 canvas_max=8 canvas_mean=-0.008086 canvas_min=-8 canvas_nonzero_ratio=0.01278 canvas_std=0.5561 final_norm=12.41 residual_alpha=0.5 shape_norm=14.23 source_delta_norm=7.2 source_delta_ratio=0.6165
2026-07-30 08:02:24,040 - portable_sam_fusion - INFO - [DEBUG-GATE] epoch=26 step=7600 shape_dense_alpha_max=0.5 shape_dense_alpha_mean=0.5 shape_dense_alpha_min=0.5
2026-07-30 08:02:24,040 - portable_sam_fusion - INFO - [DEBUG-JITTER] epoch=26 step=7600 area_ratio_count=64 area_ratio_mean=1 area_ratio_sum=64 fallback_count=0 mean_iou=1 num_jittered=0 num_rois=64
2026-07-30 08:02:24,040 - portable_sam_fusion - INFO - [DEBUG-SP] epoch=26 step=7600 all_invalid_count=0 all_invalid_ratio=0 empty_count=0 empty_ratio=0 full_count=0 full_ratio=0 mean_point_distance=33.47 n1_gt_valid_count=64 n1_in_gt_bg=0.9531 n1_in_gt_bg_count=61 n1_valid_count=64 n1_valid_ratio=1 n2_gt_valid_count=64 n2_in_gt_bg=1 n2_in_gt_bg_count=64 n2_valid_count=64 n2_valid_ratio=1 neg_in_pred_bg=1 neg_in_pred_bg_count=128 negative_pair_count=64 negative_pair_distance_sum=3274 p1_gt_valid_count=64 p1_in_gt_fg=1 p1_in_gt_fg_count=64 p1_valid_count=64 p1_valid_ratio=1 p2_gt_valid_count=64 p2_in_gt_fg=0.9844 p2_in_gt_fg_count=63 p2_valid_count=64 p2_valid_ratio=1 point_distance_sum=4284 point_overlap_count=0 point_overlap_ratio=0 point_pair_count=128 pos_in_pred_fg=1 pos_in_pred_fg_count=128 positive_pair_count=64 positive_pair_distance_sum=1010 roi_count=64 valid_neg_count=128 valid_pos_count=128 warmup_stage=2
2026-07-30 08:03:07,684 - portable_sam_fusion - INFO - Epoch 26 detailed losses: loss_rpn_cls=0.0128, loss_rpn_bbox=0.0049, loss_cls=0.1684, acc=93.5428, loss_bbox=0.0678, loss_mask=0.0017, debug_mask_pos_rois=57.3095, debug_mask_logit_mean=-16.2208, debug_mask_logit_std=3.1402, debug_mask_prob_mean=0.0054, debug_mask_prob_ge05=0.0053, debug_mask_target_fill=0.0054, loss_shape_prior=0.0208, schedule/det_weight=1.0000
2026-07-30 08:03:07,684 - portable_sam_fusion - INFO - Epoch 26 dense residual monitor: alpha=0.500000 source_delta_norm=7.0013 applied_delta_norm=3.5006 source_delta_ratio=0.599505 applied_delta_ratio=0.299752
2026-07-30 08:03:07,684 - portable_sam_fusion - INFO - Epoch 26 primary loss shares: det=91.87% final_mask=0.61% shape=7.52% p2_boundary=0.00%
2026-07-30 08:03:07,684 - portable_sam_fusion - INFO - Epoch 26 schedule: det_loss_weight=1.000 early_stop_start=20 min_delta=0.0005
2026-07-30 08:03:07,685 - portable_sam_fusion - INFO - Epoch 26 learning rates: sat_backbone=3.88e-04, mask_decoder=3.88e-04, prompt_encoder=3.88e-04, shape_prior=3.88e-04, quality_head=3.88e-04, sat_other=3.88e-04
2026-07-30 08:06:26,340 - portable_sam_fusion - INFO - Validation samples: GT=15926, DT=17787, avg_masks_per_image=28.37, avg_mask_fill=0.0052
creating index...
index created!
Loading and preparing results...
DONE (t=0.02s)
creating index...
index created!
Running per image evaluation...
Evaluate annotation type *bbox*
DONE (t=10.73s).
Accumulating evaluation results...
DONE (t=0.17s).
 Average Precision  (AP) @[ IoU=0.50:0.95 | area=   all | maxDets=100 ] = 0.669
 Average Precision  (AP) @[ IoU=0.50      | area=   all | maxDets=100 ] = 0.896
 Average Precision  (AP) @[ IoU=0.75      | area=   all | maxDets=100 ] = 0.812
 Average Precision  (AP) @[ IoU=0.50:0.95 | area= small | maxDets=100 ] = 0.313
 Average Precision  (AP) @[ IoU=0.50:0.95 | area=medium | maxDets=100 ] = 0.704
 Average Precision  (AP) @[ IoU=0.50:0.95 | area= large | maxDets=100 ] = 0.746
 Average Recall     (AR) @[ IoU=0.50:0.95 | area=   all | maxDets=  1 ] = 0.024
 Average Recall     (AR) @[ IoU=0.50:0.95 | area=   all | maxDets= 10 ] = 0.180
 Average Recall     (AR) @[ IoU=0.50:0.95 | area=   all | maxDets=100 ] = 0.721
 Average Recall     (AR) @[ IoU=0.50:0.95 | area= small | maxDets=100 ] = 0.438
 Average Recall     (AR) @[ IoU=0.50:0.95 | area=medium | maxDets=100 ] = 0.759
 Average Recall     (AR) @[ IoU=0.50:0.95 | area= large | maxDets=100 ] = 0.794
2026-07-30 08:06:37,432 - portable_sam_fusion - INFO - Validation bbox/mAP: 0.6688 bbox/mAP_75: 0.8115
Running per image evaluation...
Evaluate annotation type *segm*
DONE (t=11.28s).
Accumulating evaluation results...
DONE (t=0.18s).
 Average Precision  (AP) @[ IoU=0.50:0.95 | area=   all | maxDets=100 ] = 0.445
 Average Precision  (AP) @[ IoU=0.50      | area=   all | maxDets=100 ] = 0.856
 Average Precision  (AP) @[ IoU=0.75      | area=   all | maxDets=100 ] = 0.473
 Average Precision  (AP) @[ IoU=0.50:0.95 | area= small | maxDets=100 ] = 0.053
 Average Precision  (AP) @[ IoU=0.50:0.95 | area=medium | maxDets=100 ] = 0.461
 Average Precision  (AP) @[ IoU=0.50:0.95 | area= large | maxDets=100 ] = 0.640
 Average Recall     (AR) @[ IoU=0.50:0.95 | area=   all | maxDets=  1 ] = 0.020
 Average Recall     (AR) @[ IoU=0.50:0.95 | area=   all | maxDets= 10 ] = 0.141
 Average Recall     (AR) @[ IoU=0.50:0.95 | area=   all | maxDets=100 ] = 0.490
 Average Recall     (AR) @[ IoU=0.50:0.95 | area= small | maxDets=100 ] = 0.104
 Average Recall     (AR) @[ IoU=0.50:0.95 | area=medium | maxDets=100 ] = 0.504
 Average Recall     (AR) @[ IoU=0.50:0.95 | area= large | maxDets=100 ] = 0.690
2026-07-30 08:06:48,924 - portable_sam_fusion - INFO - Validation segm/mAP: 0.4449
2026-07-30 08:06:49,682 - portable_sam_fusion - INFO - Early-stop metric (segm/mAP): raw=0.4449 smooth(5)=0.4462 best=0.4546 counter=7
2026-07-30 08:06:54,740 - portable_sam_fusion - INFO - Epoch 26/80 | train=0.276248 val=disabled segm/mAP=0.4449 bbox/mAP=0.6688 | best_segm=0.4733 best_bbox=0.6941 best_comp=0.0000 | sat_backbone=3.88e-04 mask_decoder=3.88e-04 prompt_encoder=3.88e-04 shape_prior=3.88e-04 quality_head=3.88e-04 sat_other=3.88e-04
2026-07-30 08:07:06,201 - portable_sam_fusion - INFO - [DEBUG-BOX] epoch=27 step=7650 fallback_count=0 fallback_ratio=0 num_rois=64 refined_proposal_iou=0 refined_proposal_iou_sum=0 refined_valid_count=0
2026-07-30 08:07:06,201 - portable_sam_fusion - INFO - [DEBUG-COARSE] epoch=27 step=7650 bce_raw=0.1108 boundary_fn=1551 boundary_fp=1077 boundary_tp=2.645e+04 dice=0.06587 dice_loss_raw=0.06587 iou=0.879 loss_weight=0.1 raw_boundary_fn=1551 raw_boundary_fp=1077 raw_boundary_tp=2.645e+04 raw_dice_score=0.9341 raw_iou=0.879 weighted_loss=0.01766
2026-07-30 08:07:06,201 - portable_sam_fusion - INFO - [DEBUG-CONTEXT] epoch=27 step=7650 enabled=0
2026-07-30 08:07:06,201 - portable_sam_fusion - INFO - [DEBUG-DENSE] epoch=27 step=7650 applied_delta_norm=3.311 applied_delta_ratio=0.2835 base_norm=11.68 canvas_max=8 canvas_mean=-0.003255 canvas_min=-8 canvas_nonzero_ratio=0.008036 canvas_std=0.5408 final_norm=12.15 residual_alpha=0.5 shape_norm=13.59 source_delta_norm=6.622 source_delta_ratio=0.567
2026-07-30 08:07:06,201 - portable_sam_fusion - INFO - [DEBUG-GATE] epoch=27 step=7650 shape_dense_alpha_max=0.5 shape_dense_alpha_mean=0.5 shape_dense_alpha_min=0.5
2026-07-30 08:07:06,201 - portable_sam_fusion - INFO - [DEBUG-JITTER] epoch=27 step=7650 area_ratio_count=64 area_ratio_mean=1 area_ratio_sum=64 fallback_count=0 mean_iou=1 num_jittered=0 num_rois=64
2026-07-30 08:07:06,201 - portable_sam_fusion - INFO - [DEBUG-SP] epoch=27 step=7650 all_invalid_count=0 all_invalid_ratio=0 empty_count=0 empty_ratio=0 full_count=0 full_ratio=0 mean_point_distance=34.89 n1_gt_valid_count=64 n1_in_gt_bg=0.9375 n1_in_gt_bg_count=60 n1_valid_count=64 n1_valid_ratio=1 n2_gt_valid_count=64 n2_in_gt_bg=1 n2_in_gt_bg_count=64 n2_valid_count=64 n2_valid_ratio=1 neg_in_pred_bg=1 neg_in_pred_bg_count=128 negative_pair_count=64 negative_pair_distance_sum=3234 p1_gt_valid_count=64 p1_in_gt_fg=1 p1_in_gt_fg_count=64 p1_valid_count=64 p1_valid_ratio=1 p2_gt_valid_count=64 p2_in_gt_fg=1 p2_in_gt_fg_count=64 p2_valid_count=64 p2_valid_ratio=1 point_distance_sum=4465 point_overlap_count=0 point_overlap_ratio=0 point_pair_count=128 pos_in_pred_fg=1 pos_in_pred_fg_count=128 positive_pair_count=64 positive_pair_distance_sum=1232 roi_count=64 valid_neg_count=128 valid_pos_count=128 warmup_stage=2
2026-07-30 08:08:07,128 - portable_sam_fusion - INFO - [DEBUG-BOX] epoch=27 step=7700 fallback_count=0 fallback_ratio=0 num_rois=64 refined_proposal_iou=0 refined_proposal_iou_sum=0 refined_valid_count=0
2026-07-30 08:08:07,128 - portable_sam_fusion - INFO - [DEBUG-COARSE] epoch=27 step=7700 bce_raw=0.1469 boundary_fn=2239 boundary_fp=1984 boundary_tp=2.623e+04 dice=0.07809 dice_loss_raw=0.07809 iou=0.8577 loss_weight=0.1 raw_boundary_fn=2239 raw_boundary_fp=1984 raw_boundary_tp=2.623e+04 raw_dice_score=0.9219 raw_iou=0.8577 weighted_loss=0.0225
2026-07-30 08:08:07,128 - portable_sam_fusion - INFO - [DEBUG-CONTEXT] epoch=27 step=7700 enabled=0
2026-07-30 08:08:07,128 - portable_sam_fusion - INFO - [DEBUG-DENSE] epoch=27 step=7700 applied_delta_norm=3.573 applied_delta_ratio=0.3059 base_norm=11.68 canvas_max=8 canvas_mean=-0.01187 canvas_min=-8 canvas_nonzero_ratio=0.009097 canvas_std=0.6053 final_norm=12.23 residual_alpha=0.5 shape_norm=13.85 source_delta_norm=7.145 source_delta_ratio=0.6118
2026-07-30 08:08:07,128 - portable_sam_fusion - INFO - [DEBUG-GATE] epoch=27 step=7700 shape_dense_alpha_max=0.5 shape_dense_alpha_mean=0.5 shape_dense_alpha_min=0.5
2026-07-30 08:08:07,128 - portable_sam_fusion - INFO - [DEBUG-JITTER] epoch=27 step=7700 area_ratio_count=64 area_ratio_mean=1 area_ratio_sum=64 fallback_count=0 mean_iou=1 num_jittered=0 num_rois=64
2026-07-30 08:08:07,128 - portable_sam_fusion - INFO - [DEBUG-SP] epoch=27 step=7700 all_invalid_count=0 all_invalid_ratio=0 empty_count=0 empty_ratio=0 full_count=0 full_ratio=0 mean_point_distance=35.3 n1_gt_valid_count=64 n1_in_gt_bg=0.9062 n1_in_gt_bg_count=58 n1_valid_count=64 n1_valid_ratio=1 n2_gt_valid_count=64 n2_in_gt_bg=1 n2_in_gt_bg_count=64 n2_valid_count=64 n2_valid_ratio=1 neg_in_pred_bg=1 neg_in_pred_bg_count=128 negative_pair_count=64 negative_pair_distance_sum=3342 p1_gt_valid_count=64 p1_in_gt_fg=1 p1_in_gt_fg_count=64 p1_valid_count=64 p1_valid_ratio=1 p2_gt_valid_count=64 p2_in_gt_fg=1 p2_in_gt_fg_count=64 p2_valid_count=64 p2_valid_ratio=1 point_distance_sum=4518 point_overlap_count=0 point_overlap_ratio=0 point_pair_count=128 pos_in_pred_fg=1 pos_in_pred_fg_count=128 positive_pair_count=64 positive_pair_distance_sum=1175 roi_count=64 valid_neg_count=128 valid_pos_count=128 warmup_stage=2
2026-07-30 08:09:08,961 - portable_sam_fusion - INFO - epoch 27 | mini-batch 104/294 | optimizer_step 1950/5920 | lr=3.855e-04
2026-07-30 08:09:11,568 - portable_sam_fusion - INFO - [DEBUG-BOX] epoch=27 step=7750 fallback_count=0 fallback_ratio=0 num_rois=64 refined_proposal_iou=0 refined_proposal_iou_sum=0 refined_valid_count=0
2026-07-30 08:09:11,569 - portable_sam_fusion - INFO - [DEBUG-COARSE] epoch=27 step=7750 bce_raw=0.1638 boundary_fn=3090 boundary_fp=2783 boundary_tp=2.53e+04 dice=0.09039 dice_loss_raw=0.09039 iou=0.8364 loss_weight=0.1 raw_boundary_fn=3090 raw_boundary_fp=2783 raw_boundary_tp=2.53e+04 raw_dice_score=0.9096 raw_iou=0.8364 weighted_loss=0.02541
2026-07-30 08:09:11,569 - portable_sam_fusion - INFO - [DEBUG-CONTEXT] epoch=27 step=7750 enabled=0
2026-07-30 08:09:11,569 - portable_sam_fusion - INFO - [DEBUG-DENSE] epoch=27 step=7750 applied_delta_norm=3.315 applied_delta_ratio=0.2838 base_norm=11.68 canvas_max=8 canvas_mean=-0.004528 canvas_min=-8 canvas_nonzero_ratio=0.007941 canvas_std=0.5207 final_norm=12.13 residual_alpha=0.5 shape_norm=13.51 source_delta_norm=6.63 source_delta_ratio=0.5677
2026-07-30 08:09:11,569 - portable_sam_fusion - INFO - [DEBUG-GATE] epoch=27 step=7750 shape_dense_alpha_max=0.5 shape_dense_alpha_mean=0.5 shape_dense_alpha_min=0.5
2026-07-30 08:09:11,569 - portable_sam_fusion - INFO - [DEBUG-JITTER] epoch=27 step=7750 area_ratio_count=64 area_ratio_mean=1 area_ratio_sum=64 fallback_count=0 mean_iou=1 num_jittered=0 num_rois=64
2026-07-30 08:09:11,569 - portable_sam_fusion - INFO - [DEBUG-SP] epoch=27 step=7750 all_invalid_count=0 all_invalid_ratio=0 empty_count=0 empty_ratio=0 full_count=0 full_ratio=0 mean_point_distance=27.97 n1_gt_valid_count=64 n1_in_gt_bg=0.9219 n1_in_gt_bg_count=59 n1_valid_count=64 n1_valid_ratio=1 n2_gt_valid_count=64 n2_in_gt_bg=1 n2_in_gt_bg_count=64 n2_valid_count=64 n2_valid_ratio=1 neg_in_pred_bg=1 neg_in_pred_bg_count=128 negative_pair_count=64 negative_pair_distance_sum=2623 p1_gt_valid_count=64 p1_in_gt_fg=1 p1_in_gt_fg_count=64 p1_valid_count=64 p1_valid_ratio=1 p2_gt_valid_count=64 p2_in_gt_fg=1 p2_in_gt_fg_count=64 p2_valid_count=64 p2_valid_ratio=1 point_distance_sum=3581 point_overlap_count=0 point_overlap_ratio=0 point_pair_count=128 pos_in_pred_fg=1 pos_in_pred_fg_count=128 positive_pair_count=64 positive_pair_distance_sum=957.9 roi_count=64 valid_neg_count=128 valid_pos_count=128 warmup_stage=2
2026-07-30 08:10:19,534 - portable_sam_fusion - INFO - [DEBUG-BOX] epoch=27 step=7800 fallback_count=0 fallback_ratio=0 num_rois=0 refined_proposal_iou=0 refined_proposal_iou_sum=0 refined_valid_count=0
2026-07-30 08:10:19,535 - portable_sam_fusion - INFO - [DEBUG-COARSE] epoch=27 step=7800 boundary_fn=0 boundary_fp=0 boundary_tp=0 dice=0 iou=0
2026-07-30 08:10:19,535 - portable_sam_fusion - INFO - [DEBUG-CONTEXT] epoch=27 step=7800 enabled=0
2026-07-30 08:10:19,535 - portable_sam_fusion - INFO - [DEBUG-DENSE] epoch=27 step=7800 applied_delta_norm=2.821 applied_delta_ratio=0.2416 base_norm=11.68 canvas_max=8 canvas_mean=0.005008 canvas_min=-8 canvas_nonzero_ratio=0.005279 canvas_std=0.453 final_norm=12 residual_alpha=0.5 shape_norm=13.01 source_delta_norm=5.642 source_delta_ratio=0.4831
2026-07-30 08:10:19,535 - portable_sam_fusion - INFO - [DEBUG-GATE] epoch=27 step=7800 shape_dense_alpha_max=0.5 shape_dense_alpha_mean=0.5 shape_dense_alpha_min=0.5
2026-07-30 08:10:19,535 - portable_sam_fusion - INFO - [DEBUG-JITTER] epoch=27 step=7800 area_ratio_count=0 area_ratio_mean=0 area_ratio_sum=0 fallback_count=0 mean_iou=0 num_jittered=0 num_rois=0
2026-07-30 08:10:19,535 - portable_sam_fusion - INFO - [DEBUG-SP] epoch=27 step=7800 all_invalid_count=0 all_invalid_ratio=0 empty_count=0 empty_ratio=0 full_count=0 full_ratio=0 mean_point_distance=24.38 n1_gt_valid_count=64 n1_in_gt_bg=0.8906 n1_in_gt_bg_count=57 n1_valid_count=64 n1_valid_ratio=1 n2_gt_valid_count=64 n2_in_gt_bg=1 n2_in_gt_bg_count=64 n2_valid_count=64 n2_valid_ratio=1 neg_in_pred_bg=1 neg_in_pred_bg_count=128 negative_pair_count=64 negative_pair_distance_sum=2393 p1_gt_valid_count=64 p1_in_gt_fg=1 p1_in_gt_fg_count=64 p1_valid_count=64 p1_valid_ratio=1 p2_gt_valid_count=64 p2_in_gt_fg=1 p2_in_gt_fg_count=64 p2_valid_count=64 p2_valid_ratio=1 point_distance_sum=3121 point_overlap_count=0 point_overlap_ratio=0 point_pair_count=128 pos_in_pred_fg=1 pos_in_pred_fg_count=128 positive_pair_count=64 positive_pair_distance_sum=728.1 roi_count=64 valid_neg_count=128 valid_pos_count=128 warmup_stage=2
2026-07-30 08:11:13,450 - portable_sam_fusion - INFO - [DEBUG-BOX] epoch=27 step=7850 fallback_count=0 fallback_ratio=0 num_rois=64 refined_proposal_iou=0 refined_proposal_iou_sum=0 refined_valid_count=0
2026-07-30 08:11:13,451 - portable_sam_fusion - INFO - [DEBUG-COARSE] epoch=27 step=7850 bce_raw=0.08864 boundary_fn=728 boundary_fp=1210 boundary_tp=2.224e+04 dice=0.04303 dice_loss_raw=0.04303 iou=0.9179 loss_weight=0.1 raw_boundary_fn=728 raw_boundary_fp=1210 raw_boundary_tp=2.224e+04 raw_dice_score=0.957 raw_iou=0.9179 weighted_loss=0.01317
2026-07-30 08:11:13,451 - portable_sam_fusion - INFO - [DEBUG-CONTEXT] epoch=27 step=7850 enabled=0
2026-07-30 08:11:13,451 - portable_sam_fusion - INFO - [DEBUG-DENSE] epoch=27 step=7850 applied_delta_norm=4.473 applied_delta_ratio=0.383 base_norm=11.68 canvas_max=8 canvas_mean=0.01721 canvas_min=-8 canvas_nonzero_ratio=0.0136 canvas_std=0.7407 final_norm=12.63 residual_alpha=0.5 shape_norm=15.19 source_delta_norm=8.946 source_delta_ratio=0.766
2026-07-30 08:11:13,451 - portable_sam_fusion - INFO - [DEBUG-GATE] epoch=27 step=7850 shape_dense_alpha_max=0.5 shape_dense_alpha_mean=0.5 shape_dense_alpha_min=0.5
2026-07-30 08:11:13,451 - portable_sam_fusion - INFO - [DEBUG-JITTER] epoch=27 step=7850 area_ratio_count=64 area_ratio_mean=1 area_ratio_sum=64 fallback_count=0 mean_iou=1 num_jittered=0 num_rois=64
2026-07-30 08:11:13,451 - portable_sam_fusion - INFO - [DEBUG-SP] epoch=27 step=7850 all_invalid_count=0 all_invalid_ratio=0 empty_count=0 empty_ratio=0 full_count=0 full_ratio=0 mean_point_distance=43.64 n1_gt_valid_count=64 n1_in_gt_bg=0.7969 n1_in_gt_bg_count=51 n1_valid_count=64 n1_valid_ratio=1 n2_gt_valid_count=64 n2_in_gt_bg=0.9844 n2_in_gt_bg_count=63 n2_valid_count=64 n2_valid_ratio=1 neg_in_pred_bg=1 neg_in_pred_bg_count=128 negative_pair_count=64 negative_pair_distance_sum=4274 p1_gt_valid_count=64 p1_in_gt_fg=1 p1_in_gt_fg_count=64 p1_valid_count=64 p1_valid_ratio=1 p2_gt_valid_count=64 p2_in_gt_fg=1 p2_in_gt_fg_count=64 p2_valid_count=64 p2_valid_ratio=1 point_distance_sum=5586 point_overlap_count=0 point_overlap_ratio=0 point_pair_count=128 pos_in_pred_fg=1 pos_in_pred_fg_count=128 positive_pair_count=64 positive_pair_distance_sum=1312 roi_count=64 valid_neg_count=128 valid_pos_count=128 warmup_stage=2
2026-07-30 08:12:05,458 - portable_sam_fusion - INFO - [DEBUG-BOX] epoch=27 step=7900 fallback_count=0 fallback_ratio=0 num_rois=64 refined_proposal_iou=0 refined_proposal_iou_sum=0 refined_valid_count=0
2026-07-30 08:12:05,458 - portable_sam_fusion - INFO - [DEBUG-COARSE] epoch=27 step=7900 bce_raw=0.128 boundary_fn=1712 boundary_fp=1376 boundary_tp=2.491e+04 dice=0.06334 dice_loss_raw=0.06334 iou=0.8822 loss_weight=0.1 raw_boundary_fn=1712 raw_boundary_fp=1376 raw_boundary_tp=2.491e+04 raw_dice_score=0.9367 raw_iou=0.8822 weighted_loss=0.01913
2026-07-30 08:12:05,458 - portable_sam_fusion - INFO - [DEBUG-CONTEXT] epoch=27 step=7900 enabled=0
2026-07-30 08:12:05,458 - portable_sam_fusion - INFO - [DEBUG-DENSE] epoch=27 step=7900 applied_delta_norm=3.235 applied_delta_ratio=0.277 base_norm=11.68 canvas_max=8 canvas_mean=0.002387 canvas_min=-8 canvas_nonzero_ratio=0.006886 canvas_std=0.5127 final_norm=12.1 residual_alpha=0.5 shape_norm=13.39 source_delta_norm=6.47 source_delta_ratio=0.554
2026-07-30 08:12:05,459 - portable_sam_fusion - INFO - [DEBUG-GATE] epoch=27 step=7900 shape_dense_alpha_max=0.5 shape_dense_alpha_mean=0.5 shape_dense_alpha_min=0.5
2026-07-30 08:12:05,459 - portable_sam_fusion - INFO - [DEBUG-JITTER] epoch=27 step=7900 area_ratio_count=64 area_ratio_mean=1 area_ratio_sum=64 fallback_count=0 mean_iou=1 num_jittered=0 num_rois=64
2026-07-30 08:12:05,459 - portable_sam_fusion - INFO - [DEBUG-SP] epoch=27 step=7900 all_invalid_count=0 all_invalid_ratio=0 empty_count=0 empty_ratio=0 full_count=0 full_ratio=0 mean_point_distance=27.83 n1_gt_valid_count=64 n1_in_gt_bg=0.9062 n1_in_gt_bg_count=58 n1_valid_count=64 n1_valid_ratio=1 n2_gt_valid_count=64 n2_in_gt_bg=1 n2_in_gt_bg_count=64 n2_valid_count=64 n2_valid_ratio=1 neg_in_pred_bg=1 neg_in_pred_bg_count=128 negative_pair_count=64 negative_pair_distance_sum=2603 p1_gt_valid_count=64 p1_in_gt_fg=1 p1_in_gt_fg_count=64 p1_valid_count=64 p1_valid_ratio=1 p2_gt_valid_count=64 p2_in_gt_fg=1 p2_in_gt_fg_count=64 p2_valid_count=64 p2_valid_ratio=1 point_distance_sum=3562 point_overlap_count=0 point_overlap_ratio=0 point_pair_count=128 pos_in_pred_fg=1 pos_in_pred_fg_count=128 positive_pair_count=64 positive_pair_distance_sum=959.2 roi_count=64 valid_neg_count=128 valid_pos_count=128 warmup_stage=2
2026-07-30 08:12:44,207 - portable_sam_fusion - INFO - Epoch 27 detailed losses: loss_rpn_cls=0.0123, loss_rpn_bbox=0.0043, loss_cls=0.1662, acc=93.5870, loss_bbox=0.0632, loss_mask=0.0012, debug_mask_pos_rois=55.8027, debug_mask_logit_mean=-17.1809, debug_mask_logit_std=3.2325, debug_mask_prob_mean=0.0047, debug_mask_prob_ge05=0.0047, debug_mask_target_fill=0.0047, loss_shape_prior=0.0194, schedule/det_weight=1.0000
2026-07-30 08:12:44,207 - portable_sam_fusion - INFO - Epoch 27 dense residual monitor: alpha=0.500000 source_delta_norm=6.9249 applied_delta_norm=3.4624 source_delta_ratio=0.592964 applied_delta_ratio=0.296482
2026-07-30 08:12:44,208 - portable_sam_fusion - INFO - Epoch 27 primary loss shares: det=92.27% final_mask=0.45% shape=7.27% p2_boundary=0.00%
2026-07-30 08:12:44,208 - portable_sam_fusion - INFO - Epoch 27 schedule: det_loss_weight=1.000 early_stop_start=20 min_delta=0.0005
2026-07-30 08:12:44,208 - portable_sam_fusion - INFO - Epoch 27 learning rates: sat_backbone=3.80e-04, mask_decoder=3.80e-04, prompt_encoder=3.80e-04, shape_prior=3.80e-04, quality_head=3.80e-04, sat_other=3.80e-04
2026-07-30 08:16:10,094 - portable_sam_fusion - INFO - Validation samples: GT=15926, DT=18026, avg_masks_per_image=28.75, avg_mask_fill=0.0049
creating index...
index created!
Loading and preparing results...
DONE (t=0.02s)
creating index...
index created!
Running per image evaluation...
Evaluate annotation type *bbox*
DONE (t=10.71s).
Accumulating evaluation results...
DONE (t=0.23s).
 Average Precision  (AP) @[ IoU=0.50:0.95 | area=   all | maxDets=100 ] = 0.678
 Average Precision  (AP) @[ IoU=0.50      | area=   all | maxDets=100 ] = 0.894
 Average Precision  (AP) @[ IoU=0.75      | area=   all | maxDets=100 ] = 0.811
 Average Precision  (AP) @[ IoU=0.50:0.95 | area= small | maxDets=100 ] = 0.303
 Average Precision  (AP) @[ IoU=0.50:0.95 | area=medium | maxDets=100 ] = 0.711
 Average Precision  (AP) @[ IoU=0.50:0.95 | area= large | maxDets=100 ] = 0.770
 Average Recall     (AR) @[ IoU=0.50:0.95 | area=   all | maxDets=  1 ] = 0.025
 Average Recall     (AR) @[ IoU=0.50:0.95 | area=   all | maxDets= 10 ] = 0.186
 Average Recall     (AR) @[ IoU=0.50:0.95 | area=   all | maxDets=100 ] = 0.727
 Average Recall     (AR) @[ IoU=0.50:0.95 | area= small | maxDets=100 ] = 0.433
 Average Recall     (AR) @[ IoU=0.50:0.95 | area=medium | maxDets=100 ] = 0.758
 Average Recall     (AR) @[ IoU=0.50:0.95 | area= large | maxDets=100 ] = 0.824
2026-07-30 08:16:21,234 - portable_sam_fusion - INFO - Validation bbox/mAP: 0.6777 bbox/mAP_75: 0.8114
Running per image evaluation...
Evaluate annotation type *segm*
DONE (t=12.42s).
Accumulating evaluation results...
DONE (t=0.18s).
 Average Precision  (AP) @[ IoU=0.50:0.95 | area=   all | maxDets=100 ] = 0.442
 Average Precision  (AP) @[ IoU=0.50      | area=   all | maxDets=100 ] = 0.845
 Average Precision  (AP) @[ IoU=0.75      | area=   all | maxDets=100 ] = 0.469
 Average Precision  (AP) @[ IoU=0.50:0.95 | area= small | maxDets=100 ] = 0.055
 Average Precision  (AP) @[ IoU=0.50:0.95 | area=medium | maxDets=100 ] = 0.458
 Average Precision  (AP) @[ IoU=0.50:0.95 | area= large | maxDets=100 ] = 0.632
 Average Recall     (AR) @[ IoU=0.50:0.95 | area=   all | maxDets=  1 ] = 0.021
 Average Recall     (AR) @[ IoU=0.50:0.95 | area=   all | maxDets= 10 ] = 0.141
 Average Recall     (AR) @[ IoU=0.50:0.95 | area=   all | maxDets=100 ] = 0.485
 Average Recall     (AR) @[ IoU=0.50:0.95 | area= small | maxDets=100 ] = 0.103
 Average Recall     (AR) @[ IoU=0.50:0.95 | area=medium | maxDets=100 ] = 0.498
 Average Recall     (AR) @[ IoU=0.50:0.95 | area= large | maxDets=100 ] = 0.687
2026-07-30 08:16:33,892 - portable_sam_fusion - INFO - Validation segm/mAP: 0.4423
2026-07-30 08:16:34,600 - portable_sam_fusion - INFO - Early-stop metric (segm/mAP): raw=0.4423 smooth(5)=0.4498 best=0.4546 counter=8
2026-07-30 08:16:40,218 - portable_sam_fusion - INFO - Epoch 27/80 | train=0.266536 val=disabled segm/mAP=0.4423 bbox/mAP=0.6777 | best_segm=0.4733 best_bbox=0.6941 best_comp=0.0000 | sat_backbone=3.80e-04 mask_decoder=3.80e-04 prompt_encoder=3.80e-04 shape_prior=3.80e-04 quality_head=3.80e-04 sat_other=3.80e-04
2026-07-30 08:16:49,799 - portable_sam_fusion - INFO - epoch 28 | mini-batch 8/294 | optimizer_step 2000/5920 | lr=3.798e-04
2026-07-30 08:16:54,914 - portable_sam_fusion - INFO - [DEBUG-BOX] epoch=28 step=7950 fallback_count=0 fallback_ratio=0 num_rois=64 refined_proposal_iou=0 refined_proposal_iou_sum=0 refined_valid_count=0
2026-07-30 08:16:54,914 - portable_sam_fusion - INFO - [DEBUG-COARSE] epoch=28 step=7950 bce_raw=0.1488 boundary_fn=3051 boundary_fp=3348 boundary_tp=2.065e+04 dice=0.07131 dice_loss_raw=0.07131 iou=0.8688 loss_weight=0.1 raw_boundary_fn=3051 raw_boundary_fp=3348 raw_boundary_tp=2.065e+04 raw_dice_score=0.9287 raw_iou=0.8688 weighted_loss=0.02201
2026-07-30 08:16:54,914 - portable_sam_fusion - INFO - [DEBUG-CONTEXT] epoch=28 step=7950 enabled=0
2026-07-30 08:16:54,914 - portable_sam_fusion - INFO - [DEBUG-DENSE] epoch=28 step=7950 applied_delta_norm=1.945 applied_delta_ratio=0.1665 base_norm=11.68 canvas_max=8 canvas_mean=0.009759 canvas_min=-8 canvas_nonzero_ratio=0.003823 canvas_std=0.3474 final_norm=11.92 residual_alpha=0.5 shape_norm=12.66 source_delta_norm=3.89 source_delta_ratio=0.3331
2026-07-30 08:16:54,915 - portable_sam_fusion - INFO - [DEBUG-GATE] epoch=28 step=7950 shape_dense_alpha_max=0.5 shape_dense_alpha_mean=0.5 shape_dense_alpha_min=0.5
2026-07-30 08:16:54,915 - portable_sam_fusion - INFO - [DEBUG-JITTER] epoch=28 step=7950 area_ratio_count=64 area_ratio_mean=1 area_ratio_sum=64 fallback_count=0 mean_iou=1 num_jittered=0 num_rois=64
2026-07-30 08:16:54,915 - portable_sam_fusion - INFO - [DEBUG-SP] epoch=28 step=7950 all_invalid_count=0 all_invalid_ratio=0 empty_count=0 empty_ratio=0 full_count=0 full_ratio=0 mean_point_distance=21.23 n1_gt_valid_count=64 n1_in_gt_bg=0.8438 n1_in_gt_bg_count=54 n1_valid_count=64 n1_valid_ratio=1 n2_gt_valid_count=64 n2_in_gt_bg=1 n2_in_gt_bg_count=64 n2_valid_count=64 n2_valid_ratio=1 neg_in_pred_bg=1 neg_in_pred_bg_count=128 negative_pair_count=64 negative_pair_distance_sum=1985 p1_gt_valid_count=64 p1_in_gt_fg=1 p1_in_gt_fg_count=64 p1_valid_count=64 p1_valid_ratio=1 p2_gt_valid_count=64 p2_in_gt_fg=1 p2_in_gt_fg_count=64 p2_valid_count=64 p2_valid_ratio=1 point_distance_sum=2718 point_overlap_count=0 point_overlap_ratio=0 point_pair_count=128 pos_in_pred_fg=1 pos_in_pred_fg_count=128 positive_pair_count=64 positive_pair_distance_sum=732.4 roi_count=64 valid_neg_count=128 valid_pos_count=128 warmup_stage=2
2026-07-30 08:18:08,297 - portable_sam_fusion - INFO - [DEBUG-BOX] epoch=28 step=8000 fallback_count=0 fallback_ratio=0 num_rois=0 refined_proposal_iou=0 refined_proposal_iou_sum=0 refined_valid_count=0
2026-07-30 08:18:08,297 - portable_sam_fusion - INFO - [DEBUG-COARSE] epoch=28 step=8000 boundary_fn=0 boundary_fp=0 boundary_tp=0 dice=0 iou=0
2026-07-30 08:18:08,297 - portable_sam_fusion - INFO - [DEBUG-CONTEXT] epoch=28 step=8000 enabled=0
2026-07-30 08:18:08,297 - portable_sam_fusion - INFO - [DEBUG-DENSE] epoch=28 step=8000 applied_delta_norm=5.396 applied_delta_ratio=0.462 base_norm=11.68 canvas_max=8 canvas_mean=0.04368 canvas_min=-8 canvas_nonzero_ratio=0.01959 canvas_std=0.8195 final_norm=13.04 residual_alpha=0.5 shape_norm=16.44 source_delta_norm=10.79 source_delta_ratio=0.924
2026-07-30 08:18:08,297 - portable_sam_fusion - INFO - [DEBUG-GATE] epoch=28 step=8000 shape_dense_alpha_max=0.5 shape_dense_alpha_mean=0.5 shape_dense_alpha_min=0.5
2026-07-30 08:18:08,297 - portable_sam_fusion - INFO - [DEBUG-JITTER] epoch=28 step=8000 area_ratio_count=0 area_ratio_mean=0 area_ratio_sum=0 fallback_count=0 mean_iou=0 num_jittered=0 num_rois=0
2026-07-30 08:18:08,297 - portable_sam_fusion - INFO - [DEBUG-SP] epoch=28 step=8000 all_invalid_count=0 all_invalid_ratio=0 empty_count=0 empty_ratio=0 full_count=0 full_ratio=0 mean_point_distance=51.54 n1_gt_valid_count=64 n1_in_gt_bg=0.7344 n1_in_gt_bg_count=47 n1_valid_count=64 n1_valid_ratio=1 n2_gt_valid_count=63 n2_in_gt_bg=0.9683 n2_in_gt_bg_count=61 n2_valid_count=63 n2_valid_ratio=0.9844 neg_in_pred_bg=1 neg_in_pred_bg_count=127 negative_pair_count=63 negative_pair_distance_sum=4556 p1_gt_valid_count=64 p1_in_gt_fg=1 p1_in_gt_fg_count=64 p1_valid_count=64 p1_valid_ratio=1 p2_gt_valid_count=64 p2_in_gt_fg=1 p2_in_gt_fg_count=64 p2_valid_count=64 p2_valid_ratio=1 point_distance_sum=6545 point_overlap_count=0 point_overlap_ratio=0 point_pair_count=127 pos_in_pred_fg=1 pos_in_pred_fg_count=128 positive_pair_count=64 positive_pair_distance_sum=1989 roi_count=64 valid_neg_count=127 valid_pos_count=128 warmup_stage=2
2026-07-30 08:19:09,272 - portable_sam_fusion - INFO - [DEBUG-BOX] epoch=28 step=8050 fallback_count=0 fallback_ratio=0 num_rois=64 refined_proposal_iou=0 refined_proposal_iou_sum=0 refined_valid_count=0
2026-07-30 08:19:09,272 - portable_sam_fusion - INFO - [DEBUG-COARSE] epoch=28 step=8050 bce_raw=0.1481 boundary_fn=2228 boundary_fp=2073 boundary_tp=2.441e+04 dice=0.06567 dice_loss_raw=0.06567 iou=0.8778 loss_weight=0.1 raw_boundary_fn=2228 raw_boundary_fp=2073 raw_boundary_tp=2.441e+04 raw_dice_score=0.9343 raw_iou=0.8778 weighted_loss=0.02137
2026-07-30 08:19:09,272 - portable_sam_fusion - INFO - [DEBUG-CONTEXT] epoch=28 step=8050 enabled=0
2026-07-30 08:19:09,272 - portable_sam_fusion - INFO - [DEBUG-DENSE] epoch=28 step=8050 applied_delta_norm=2.798 applied_delta_ratio=0.2396 base_norm=11.68 canvas_max=8 canvas_mean=0.003466 canvas_min=-8 canvas_nonzero_ratio=0.005534 canvas_std=0.4455 final_norm=11.99 residual_alpha=0.5 shape_norm=12.96 source_delta_norm=5.597 source_delta_ratio=0.4792
2026-07-30 08:19:09,272 - portable_sam_fusion - INFO - [DEBUG-GATE] epoch=28 step=8050 shape_dense_alpha_max=0.5 shape_dense_alpha_mean=0.5 shape_dense_alpha_min=0.5
2026-07-30 08:19:09,272 - portable_sam_fusion - INFO - [DEBUG-JITTER] epoch=28 step=8050 area_ratio_count=64 area_ratio_mean=1 area_ratio_sum=64 fallback_count=0 mean_iou=1 num_jittered=0 num_rois=64
2026-07-30 08:19:09,272 - portable_sam_fusion - INFO - [DEBUG-SP] epoch=28 step=8050 all_invalid_count=0 all_invalid_ratio=0 empty_count=0 empty_ratio=0 full_count=0 full_ratio=0 mean_point_distance=25.95 n1_gt_valid_count=64 n1_in_gt_bg=0.8594 n1_in_gt_bg_count=55 n1_valid_count=64 n1_valid_ratio=1 n2_gt_valid_count=64 n2_in_gt_bg=1 n2_in_gt_bg_count=64 n2_valid_count=64 n2_valid_ratio=1 neg_in_pred_bg=1 neg_in_pred_bg_count=128 negative_pair_count=64 negative_pair_distance_sum=2523 p1_gt_valid_count=64 p1_in_gt_fg=1 p1_in_gt_fg_count=64 p1_valid_count=64 p1_valid_ratio=1 p2_gt_valid_count=64 p2_in_gt_fg=1 p2_in_gt_fg_count=64 p2_valid_count=64 p2_valid_ratio=1 point_distance_sum=3321 point_overlap_count=0 point_overlap_ratio=0 point_pair_count=128 pos_in_pred_fg=1 pos_in_pred_fg_count=128 positive_pair_count=64 positive_pair_distance_sum=797.8 roi_count=64 valid_neg_count=128 valid_pos_count=128 warmup_stage=2
2026-07-30 08:20:07,502 - portable_sam_fusion - INFO - [DEBUG-BOX] epoch=28 step=8100 fallback_count=0 fallback_ratio=0 num_rois=64 refined_proposal_iou=0 refined_proposal_iou_sum=0 refined_valid_count=0
2026-07-30 08:20:07,503 - portable_sam_fusion - INFO - [DEBUG-COARSE] epoch=28 step=8100 bce_raw=0.1241 boundary_fn=1642 boundary_fp=1863 boundary_tp=2.616e+04 dice=0.0768 dice_loss_raw=0.0768 iou=0.8597 loss_weight=0.1 raw_boundary_fn=1642 raw_boundary_fp=1863 raw_boundary_tp=2.616e+04 raw_dice_score=0.9232 raw_iou=0.8597 weighted_loss=0.02009
2026-07-30 08:20:07,503 - portable_sam_fusion - INFO - [DEBUG-CONTEXT] epoch=28 step=8100 enabled=0
2026-07-30 08:20:07,503 - portable_sam_fusion - INFO - [DEBUG-DENSE] epoch=28 step=8100 applied_delta_norm=3.289 applied_delta_ratio=0.2817 base_norm=11.68 canvas_max=8 canvas_mean=-0.008075 canvas_min=-8 canvas_nonzero_ratio=0.008175 canvas_std=0.5665 final_norm=12.12 residual_alpha=0.5 shape_norm=13.49 source_delta_norm=6.579 source_delta_ratio=0.5633
2026-07-30 08:20:07,503 - portable_sam_fusion - INFO - [DEBUG-GATE] epoch=28 step=8100 shape_dense_alpha_max=0.5 shape_dense_alpha_mean=0.5 shape_dense_alpha_min=0.5
2026-07-30 08:20:07,503 - portable_sam_fusion - INFO - [DEBUG-JITTER] epoch=28 step=8100 area_ratio_count=64 area_ratio_mean=1 area_ratio_sum=64 fallback_count=0 mean_iou=1 num_jittered=0 num_rois=64
2026-07-30 08:20:07,503 - portable_sam_fusion - INFO - [DEBUG-SP] epoch=28 step=8100 all_invalid_count=0 all_invalid_ratio=0 empty_count=0 empty_ratio=0 full_count=0 full_ratio=0 mean_point_distance=35.04 n1_gt_valid_count=64 n1_in_gt_bg=0.875 n1_in_gt_bg_count=56 n1_valid_count=64 n1_valid_ratio=1 n2_gt_valid_count=64 n2_in_gt_bg=1 n2_in_gt_bg_count=64 n2_valid_count=64 n2_valid_ratio=1 neg_in_pred_bg=1 neg_in_pred_bg_count=128 negative_pair_count=64 negative_pair_distance_sum=3249 p1_gt_valid_count=64 p1_in_gt_fg=1 p1_in_gt_fg_count=64 p1_valid_count=64 p1_valid_ratio=1 p2_gt_valid_count=64 p2_in_gt_fg=1 p2_in_gt_fg_count=64 p2_valid_count=64 p2_valid_ratio=1 point_distance_sum=4486 point_overlap_count=0 point_overlap_ratio=0 point_pair_count=128 pos_in_pred_fg=1 pos_in_pred_fg_count=128 positive_pair_count=64 positive_pair_distance_sum=1236 roi_count=64 valid_neg_count=128 valid_pos_count=128 warmup_stage=2
2026-07-30 08:20:48,710 - portable_sam_fusion - INFO - epoch 28 | mini-batch 208/294 | optimizer_step 2050/5920 | lr=3.740e-04
2026-07-30 08:20:52,240 - portable_sam_fusion - INFO - [DEBUG-BOX] epoch=28 step=8150 fallback_count=0 fallback_ratio=0 num_rois=64 refined_proposal_iou=0 refined_proposal_iou_sum=0 refined_valid_count=0
2026-07-30 08:20:52,240 - portable_sam_fusion - INFO - [DEBUG-COARSE] epoch=28 step=8150 bce_raw=0.1077 boundary_fn=1694 boundary_fp=1323 boundary_tp=2.435e+04 dice=0.06661 dice_loss_raw=0.06661 iou=0.877 loss_weight=0.1 raw_boundary_fn=1694 raw_boundary_fp=1323 raw_boundary_tp=2.435e+04 raw_dice_score=0.9334 raw_iou=0.877 weighted_loss=0.01743
2026-07-30 08:20:52,240 - portable_sam_fusion - INFO - [DEBUG-CONTEXT] epoch=28 step=8150 enabled=0
2026-07-30 08:20:52,240 - portable_sam_fusion - INFO - [DEBUG-DENSE] epoch=28 step=8150 applied_delta_norm=2.66 applied_delta_ratio=0.2277 base_norm=11.68 canvas_max=8 canvas_mean=-0.00637 canvas_min=-8 canvas_nonzero_ratio=0.005627 canvas_std=0.4739 final_norm=11.98 residual_alpha=0.5 shape_norm=12.92 source_delta_norm=5.319 source_delta_ratio=0.4555
2026-07-30 08:20:52,240 - portable_sam_fusion - INFO - [DEBUG-GATE] epoch=28 step=8150 shape_dense_alpha_max=0.5 shape_dense_alpha_mean=0.5 shape_dense_alpha_min=0.5
2026-07-30 08:20:52,240 - portable_sam_fusion - INFO - [DEBUG-JITTER] epoch=28 step=8150 area_ratio_count=64 area_ratio_mean=1 area_ratio_sum=64 fallback_count=0 mean_iou=1 num_jittered=0 num_rois=64
2026-07-30 08:20:52,240 - portable_sam_fusion - INFO - [DEBUG-SP] epoch=28 step=8150 all_invalid_count=0 all_invalid_ratio=0 empty_count=0 empty_ratio=0 full_count=0 full_ratio=0 mean_point_distance=25.52 n1_gt_valid_count=64 n1_in_gt_bg=0.875 n1_in_gt_bg_count=56 n1_valid_count=64 n1_valid_ratio=1 n2_gt_valid_count=64 n2_in_gt_bg=1 n2_in_gt_bg_count=64 n2_valid_count=64 n2_valid_ratio=1 neg_in_pred_bg=1 neg_in_pred_bg_count=128 negative_pair_count=64 negative_pair_distance_sum=2548 p1_gt_valid_count=64 p1_in_gt_fg=1 p1_in_gt_fg_count=64 p1_valid_count=64 p1_valid_ratio=1 p2_gt_valid_count=64 p2_in_gt_fg=1 p2_in_gt_fg_count=64 p2_valid_count=64 p2_valid_ratio=1 point_distance_sum=3266 point_overlap_count=0 point_overlap_ratio=0 point_pair_count=128 pos_in_pred_fg=1 pos_in_pred_fg_count=128 positive_pair_count=64 positive_pair_distance_sum=717.6 roi_count=64 valid_neg_count=128 valid_pos_count=128 warmup_stage=2
2026-07-30 08:21:41,650 - portable_sam_fusion - INFO - [DEBUG-BOX] epoch=28 step=8200 fallback_count=0 fallback_ratio=0 num_rois=64 refined_proposal_iou=0 refined_proposal_iou_sum=0 refined_valid_count=0
2026-07-30 08:21:41,650 - portable_sam_fusion - INFO - [DEBUG-COARSE] epoch=28 step=8200 bce_raw=0.1618 boundary_fn=2834 boundary_fp=3096 boundary_tp=2.251e+04 dice=0.06045 dice_loss_raw=0.06045 iou=0.8879 loss_weight=0.1 raw_boundary_fn=2834 raw_boundary_fp=3096 raw_boundary_tp=2.251e+04 raw_dice_score=0.9396 raw_iou=0.8879 weighted_loss=0.02222
2026-07-30 08:21:41,650 - portable_sam_fusion - INFO - [DEBUG-CONTEXT] epoch=28 step=8200 enabled=0
2026-07-30 08:21:41,650 - portable_sam_fusion - INFO - [DEBUG-DENSE] epoch=28 step=8200 applied_delta_norm=2.872 applied_delta_ratio=0.2459 base_norm=11.68 canvas_max=8 canvas_mean=0.0171 canvas_min=-8 canvas_nonzero_ratio=0.005642 canvas_std=0.4351 final_norm=12.04 residual_alpha=0.5 shape_norm=13.16 source_delta_norm=5.744 source_delta_ratio=0.4919
2026-07-30 08:21:41,650 - portable_sam_fusion - INFO - [DEBUG-GATE] epoch=28 step=8200 shape_dense_alpha_max=0.5 shape_dense_alpha_mean=0.5 shape_dense_alpha_min=0.5
2026-07-30 08:21:41,650 - portable_sam_fusion - INFO - [DEBUG-JITTER] epoch=28 step=8200 area_ratio_count=64 area_ratio_mean=1 area_ratio_sum=64 fallback_count=0 mean_iou=1 num_jittered=0 num_rois=64
2026-07-30 08:21:41,650 - portable_sam_fusion - INFO - [DEBUG-SP] epoch=28 step=8200 all_invalid_count=0 all_invalid_ratio=0 empty_count=0 empty_ratio=0 full_count=0 full_ratio=0 mean_point_distance=27.77 n1_gt_valid_count=64 n1_in_gt_bg=0.75 n1_in_gt_bg_count=48 n1_valid_count=64 n1_valid_ratio=1 n2_gt_valid_count=64 n2_in_gt_bg=0.9375 n2_in_gt_bg_count=60 n2_valid_count=64 n2_valid_ratio=1 neg_in_pred_bg=1 neg_in_pred_bg_count=128 negative_pair_count=64 negative_pair_distance_sum=2508 p1_gt_valid_count=64 p1_in_gt_fg=1 p1_in_gt_fg_count=64 p1_valid_count=64 p1_valid_ratio=1 p2_gt_valid_count=64 p2_in_gt_fg=1 p2_in_gt_fg_count=64 p2_valid_count=64 p2_valid_ratio=1 point_distance_sum=3555 point_overlap_count=0 point_overlap_ratio=0 point_pair_count=128 pos_in_pred_fg=1 pos_in_pred_fg_count=128 positive_pair_count=64 positive_pair_distance_sum=1048 roi_count=64 valid_neg_count=128 valid_pos_count=128 warmup_stage=2
2026-07-30 08:22:14,376 - portable_sam_fusion - INFO - Epoch 28 detailed losses: loss_rpn_cls=0.0109, loss_rpn_bbox=0.0046, loss_cls=0.1568, acc=93.8949, loss_bbox=0.0610, loss_mask=0.0012, debug_mask_pos_rois=55.3878, debug_mask_logit_mean=-15.8716, debug_mask_logit_std=2.8904, debug_mask_prob_mean=0.0047, debug_mask_prob_ge05=0.0047, debug_mask_target_fill=0.0048, loss_shape_prior=0.0193, schedule/det_weight=1.0000
2026-07-30 08:22:14,376 - portable_sam_fusion - INFO - Epoch 28 dense residual monitor: alpha=0.500000 source_delta_norm=6.8777 applied_delta_norm=3.4389 source_delta_ratio=0.588927 applied_delta_ratio=0.294464
2026-07-30 08:22:14,376 - portable_sam_fusion - INFO - Epoch 28 primary loss shares: det=91.91% final_mask=0.48% shape=7.62% p2_boundary=0.00%
2026-07-30 08:22:14,376 - portable_sam_fusion - INFO - Epoch 28 schedule: det_loss_weight=1.000 early_stop_start=20 min_delta=0.0005
2026-07-30 08:22:14,376 - portable_sam_fusion - INFO - Epoch 28 learning rates: sat_backbone=3.71e-04, mask_decoder=3.71e-04, prompt_encoder=3.71e-04, shape_prior=3.71e-04, quality_head=3.71e-04, sat_other=3.71e-04
2026-07-30 08:25:20,496 - portable_sam_fusion - INFO - Validation samples: GT=15926, DT=16708, avg_masks_per_image=26.65, avg_mask_fill=0.0059
creating index...
index created!
Loading and preparing results...
DONE (t=0.02s)
creating index...
index created!
Running per image evaluation...
Evaluate annotation type *bbox*
DONE (t=10.41s).
Accumulating evaluation results...
DONE (t=0.18s).
 Average Precision  (AP) @[ IoU=0.50:0.95 | area=   all | maxDets=100 ] = 0.687
 Average Precision  (AP) @[ IoU=0.50      | area=   all | maxDets=100 ] = 0.895
 Average Precision  (AP) @[ IoU=0.75      | area=   all | maxDets=100 ] = 0.810
 Average Precision  (AP) @[ IoU=0.50:0.95 | area= small | maxDets=100 ] = 0.322
 Average Precision  (AP) @[ IoU=0.50:0.95 | area=medium | maxDets=100 ] = 0.727
 Average Precision  (AP) @[ IoU=0.50:0.95 | area= large | maxDets=100 ] = 0.764
 Average Recall     (AR) @[ IoU=0.50:0.95 | area=   all | maxDets=  1 ] = 0.025
 Average Recall     (AR) @[ IoU=0.50:0.95 | area=   all | maxDets= 10 ] = 0.187
 Average Recall     (AR) @[ IoU=0.50:0.95 | area=   all | maxDets=100 ] = 0.738
 Average Recall     (AR) @[ IoU=0.50:0.95 | area= small | maxDets=100 ] = 0.426
 Average Recall     (AR) @[ IoU=0.50:0.95 | area=medium | maxDets=100 ] = 0.782
 Average Recall     (AR) @[ IoU=0.50:0.95 | area= large | maxDets=100 ] = 0.813
2026-07-30 08:25:31,275 - portable_sam_fusion - INFO - Validation bbox/mAP: 0.6868 bbox/mAP_75: 0.8100
Running per image evaluation...
Evaluate annotation type *segm*
DONE (t=10.99s).
Accumulating evaluation results...
DONE (t=0.17s).
 Average Precision  (AP) @[ IoU=0.50:0.95 | area=   all | maxDets=100 ] = 0.432
 Average Precision  (AP) @[ IoU=0.50      | area=   all | maxDets=100 ] = 0.845
 Average Precision  (AP) @[ IoU=0.75      | area=   all | maxDets=100 ] = 0.438
 Average Precision  (AP) @[ IoU=0.50:0.95 | area= small | maxDets=100 ] = 0.055
 Average Precision  (AP) @[ IoU=0.50:0.95 | area=medium | maxDets=100 ] = 0.441
 Average Precision  (AP) @[ IoU=0.50:0.95 | area= large | maxDets=100 ] = 0.635
 Average Recall     (AR) @[ IoU=0.50:0.95 | area=   all | maxDets=  1 ] = 0.020
 Average Recall     (AR) @[ IoU=0.50:0.95 | area=   all | maxDets= 10 ] = 0.141
 Average Recall     (AR) @[ IoU=0.50:0.95 | area=   all | maxDets=100 ] = 0.482
 Average Recall     (AR) @[ IoU=0.50:0.95 | area= small | maxDets=100 ] = 0.098
 Average Recall     (AR) @[ IoU=0.50:0.95 | area=medium | maxDets=100 ] = 0.496
 Average Recall     (AR) @[ IoU=0.50:0.95 | area= large | maxDets=100 ] = 0.680
2026-07-30 08:25:42,460 - portable_sam_fusion - INFO - Validation segm/mAP: 0.4316
2026-07-30 08:25:43,016 - portable_sam_fusion - INFO - Early-stop metric (segm/mAP): raw=0.4316 smooth(5)=0.4465 best=0.4546 counter=9
2026-07-30 08:25:48,171 - portable_sam_fusion - INFO - Epoch 28/80 | train=0.253838 val=disabled segm/mAP=0.4316 bbox/mAP=0.6868 | best_segm=0.4733 best_bbox=0.6941 best_comp=0.0000 | sat_backbone=3.71e-04 mask_decoder=3.71e-04 prompt_encoder=3.71e-04 shape_prior=3.71e-04 quality_head=3.71e-04 sat_other=3.71e-04
2026-07-30 08:26:13,206 - portable_sam_fusion - INFO - [DEBUG-BOX] epoch=29 step=8250 fallback_count=0 fallback_ratio=0 num_rois=64 refined_proposal_iou=0 refined_proposal_iou_sum=0 refined_valid_count=0
2026-07-30 08:26:13,206 - portable_sam_fusion - INFO - [DEBUG-COARSE] epoch=29 step=8250 bce_raw=0.1701 boundary_fn=2918 boundary_fp=2717 boundary_tp=2.496e+04 dice=0.08469 dice_loss_raw=0.08469 iou=0.8469 loss_weight=0.1 raw_boundary_fn=2918 raw_boundary_fp=2717 raw_boundary_tp=2.496e+04 raw_dice_score=0.9153 raw_iou=0.8469 weighted_loss=0.02548
2026-07-30 08:26:13,206 - portable_sam_fusion - INFO - [DEBUG-CONTEXT] epoch=29 step=8250 enabled=0
2026-07-30 08:26:13,206 - portable_sam_fusion - INFO - [DEBUG-DENSE] epoch=29 step=8250 applied_delta_norm=2.825 applied_delta_ratio=0.2419 base_norm=11.68 canvas_max=8 canvas_mean=-0.001887 canvas_min=-8 canvas_nonzero_ratio=0.006488 canvas_std=0.4967 final_norm=12.03 residual_alpha=0.5 shape_norm=13.13 source_delta_norm=5.65 source_delta_ratio=0.4838
2026-07-30 08:26:13,206 - portable_sam_fusion - INFO - [DEBUG-GATE] epoch=29 step=8250 shape_dense_alpha_max=0.5 shape_dense_alpha_mean=0.5 shape_dense_alpha_min=0.5
2026-07-30 08:26:13,206 - portable_sam_fusion - INFO - [DEBUG-JITTER] epoch=29 step=8250 area_ratio_count=64 area_ratio_mean=1 area_ratio_sum=64 fallback_count=0 mean_iou=1 num_jittered=0 num_rois=64
2026-07-30 08:26:13,206 - portable_sam_fusion - INFO - [DEBUG-SP] epoch=29 step=8250 all_invalid_count=0 all_invalid_ratio=0 empty_count=0 empty_ratio=0 full_count=0 full_ratio=0 mean_point_distance=31.52 n1_gt_valid_count=64 n1_in_gt_bg=0.7656 n1_in_gt_bg_count=49 n1_valid_count=64 n1_valid_ratio=1 n2_gt_valid_count=64 n2_in_gt_bg=1 n2_in_gt_bg_count=64 n2_valid_count=64 n2_valid_ratio=1 neg_in_pred_bg=1 neg_in_pred_bg_count=128 negative_pair_count=64 negative_pair_distance_sum=3044 p1_gt_valid_count=64 p1_in_gt_fg=1 p1_in_gt_fg_count=64 p1_valid_count=64 p1_valid_ratio=1 p2_gt_valid_count=64 p2_in_gt_fg=1 p2_in_gt_fg_count=64 p2_valid_count=64 p2_valid_ratio=1 point_distance_sum=4034 point_overlap_count=0 point_overlap_ratio=0 point_pair_count=128 pos_in_pred_fg=1 pos_in_pred_fg_count=128 positive_pair_count=64 positive_pair_distance_sum=990.4 roi_count=64 valid_neg_count=128 valid_pos_count=128 warmup_stage=2
2026-07-30 08:27:19,320 - portable_sam_fusion - INFO - [DEBUG-BOX] epoch=29 step=8300 fallback_count=0 fallback_ratio=0 num_rois=64 refined_proposal_iou=0 refined_proposal_iou_sum=0 refined_valid_count=0
2026-07-30 08:27:19,320 - portable_sam_fusion - INFO - [DEBUG-COARSE] epoch=29 step=8300 bce_raw=0.1128 boundary_fn=1491 boundary_fp=1613 boundary_tp=2.676e+04 dice=0.07966 dice_loss_raw=0.07966 iou=0.857 loss_weight=0.1 raw_boundary_fn=1491 raw_boundary_fp=1613 raw_boundary_tp=2.676e+04 raw_dice_score=0.9203 raw_iou=0.857 weighted_loss=0.01925
2026-07-30 08:27:19,320 - portable_sam_fusion - INFO - [DEBUG-CONTEXT] epoch=29 step=8300 enabled=0
2026-07-30 08:27:19,320 - portable_sam_fusion - INFO - [DEBUG-DENSE] epoch=29 step=8300 applied_delta_norm=3.35 applied_delta_ratio=0.2869 base_norm=11.68 canvas_max=8 canvas_mean=-0.01224 canvas_min=-8 canvas_nonzero_ratio=0.008085 canvas_std=0.5522 final_norm=12.12 residual_alpha=0.5 shape_norm=13.49 source_delta_norm=6.701 source_delta_ratio=0.5738
2026-07-30 08:27:19,320 - portable_sam_fusion - INFO - [DEBUG-GATE] epoch=29 step=8300 shape_dense_alpha_max=0.5 shape_dense_alpha_mean=0.5 shape_dense_alpha_min=0.5
2026-07-30 08:27:19,321 - portable_sam_fusion - INFO - [DEBUG-JITTER] epoch=29 step=8300 area_ratio_count=64 area_ratio_mean=1 area_ratio_sum=64 fallback_count=0 mean_iou=1 num_jittered=0 num_rois=64
2026-07-30 08:27:19,321 - portable_sam_fusion - INFO - [DEBUG-SP] epoch=29 step=8300 all_invalid_count=0 all_invalid_ratio=0 empty_count=0 empty_ratio=0 full_count=0 full_ratio=0 mean_point_distance=30.81 n1_gt_valid_count=64 n1_in_gt_bg=0.9688 n1_in_gt_bg_count=62 n1_valid_count=64 n1_valid_ratio=1 n2_gt_valid_count=64 n2_in_gt_bg=1 n2_in_gt_bg_count=64 n2_valid_count=64 n2_valid_ratio=1 neg_in_pred_bg=1 neg_in_pred_bg_count=128 negative_pair_count=64 negative_pair_distance_sum=2843 p1_gt_valid_count=64 p1_in_gt_fg=1 p1_in_gt_fg_count=64 p1_valid_count=64 p1_valid_ratio=1 p2_gt_valid_count=64 p2_in_gt_fg=1 p2_in_gt_fg_count=64 p2_valid_count=64 p2_valid_ratio=1 point_distance_sum=3944 point_overlap_count=0 point_overlap_ratio=0 point_pair_count=128 pos_in_pred_fg=1 pos_in_pred_fg_count=128 positive_pair_count=64 positive_pair_distance_sum=1101 roi_count=64 valid_neg_count=128 valid_pos_count=128 warmup_stage=2
2026-07-30 08:28:16,896 - portable_sam_fusion - INFO - epoch 29 | mini-batch 112/294 | optimizer_step 2100/5920 | lr=3.681e-04
2026-07-30 08:28:24,219 - portable_sam_fusion - INFO - [DEBUG-BOX] epoch=29 step=8350 fallback_count=0 fallback_ratio=0 num_rois=64 refined_proposal_iou=0 refined_proposal_iou_sum=0 refined_valid_count=0
2026-07-30 08:28:24,219 - portable_sam_fusion - INFO - [DEBUG-COARSE] epoch=29 step=8350 bce_raw=0.1344 boundary_fn=1954 boundary_fp=1698 boundary_tp=2.441e+04 dice=0.06255 dice_loss_raw=0.06255 iou=0.8833 loss_weight=0.1 raw_boundary_fn=1954 raw_boundary_fp=1698 raw_boundary_tp=2.441e+04 raw_dice_score=0.9374 raw_iou=0.8833 weighted_loss=0.0197
2026-07-30 08:28:24,219 - portable_sam_fusion - INFO - [DEBUG-CONTEXT] epoch=29 step=8350 enabled=0
2026-07-30 08:28:24,219 - portable_sam_fusion - INFO - [DEBUG-DENSE] epoch=29 step=8350 applied_delta_norm=3.361 applied_delta_ratio=0.2878 base_norm=11.68 canvas_max=8 canvas_mean=-0.0005588 canvas_min=-8 canvas_nonzero_ratio=0.008432 canvas_std=0.5675 final_norm=12.16 residual_alpha=0.5 shape_norm=13.59 source_delta_norm=6.721 source_delta_ratio=0.5755
2026-07-30 08:28:24,220 - portable_sam_fusion - INFO - [DEBUG-GATE] epoch=29 step=8350 shape_dense_alpha_max=0.5 shape_dense_alpha_mean=0.5 shape_dense_alpha_min=0.5
2026-07-30 08:28:24,220 - portable_sam_fusion - INFO - [DEBUG-JITTER] epoch=29 step=8350 area_ratio_count=64 area_ratio_mean=1 area_ratio_sum=64 fallback_count=0 mean_iou=1 num_jittered=0 num_rois=64
2026-07-30 08:28:24,220 - portable_sam_fusion - INFO - [DEBUG-SP] epoch=29 step=8350 all_invalid_count=0 all_invalid_ratio=0 empty_count=0 empty_ratio=0 full_count=0 full_ratio=0 mean_point_distance=28.82 n1_gt_valid_count=64 n1_in_gt_bg=0.8125 n1_in_gt_bg_count=52 n1_valid_count=64 n1_valid_ratio=1 n2_gt_valid_count=64 n2_in_gt_bg=1 n2_in_gt_bg_count=64 n2_valid_count=64 n2_valid_ratio=1 neg_in_pred_bg=1 neg_in_pred_bg_count=128 negative_pair_count=64 negative_pair_distance_sum=2810 p1_gt_valid_count=64 p1_in_gt_fg=1 p1_in_gt_fg_count=64 p1_valid_count=64 p1_valid_ratio=1 p2_gt_valid_count=64 p2_in_gt_fg=1 p2_in_gt_fg_count=64 p2_valid_count=64 p2_valid_ratio=1 point_distance_sum=3688 point_overlap_count=0 point_overlap_ratio=0 point_pair_count=128 pos_in_pred_fg=1 pos_in_pred_fg_count=128 positive_pair_count=64 positive_pair_distance_sum=878.4 roi_count=64 valid_neg_count=128 valid_pos_count=128 warmup_stage=2
2026-07-30 08:29:26,547 - portable_sam_fusion - INFO - [DEBUG-BOX] epoch=29 step=8400 fallback_count=0 fallback_ratio=0 num_rois=64 refined_proposal_iou=0 refined_proposal_iou_sum=0 refined_valid_count=0
2026-07-30 08:29:26,548 - portable_sam_fusion - INFO - [DEBUG-COARSE] epoch=29 step=8400 bce_raw=0.1395 boundary_fn=2421 boundary_fp=2037 boundary_tp=2.512e+04 dice=0.08446 dice_loss_raw=0.08446 iou=0.8476 loss_weight=0.1 raw_boundary_fn=2421 raw_boundary_fp=2037 raw_boundary_tp=2.512e+04 raw_dice_score=0.9155 raw_iou=0.8476 weighted_loss=0.02239
2026-07-30 08:29:26,548 - portable_sam_fusion - INFO - [DEBUG-CONTEXT] epoch=29 step=8400 enabled=0
2026-07-30 08:29:26,548 - portable_sam_fusion - INFO - [DEBUG-DENSE] epoch=29 step=8400 applied_delta_norm=2.77 applied_delta_ratio=0.2372 base_norm=11.68 canvas_max=8 canvas_mean=-0.00368 canvas_min=-8 canvas_nonzero_ratio=0.005795 canvas_std=0.4713 final_norm=11.99 residual_alpha=0.5 shape_norm=12.99 source_delta_norm=5.54 source_delta_ratio=0.4744
2026-07-30 08:29:26,548 - portable_sam_fusion - INFO - [DEBUG-GATE] epoch=29 step=8400 shape_dense_alpha_max=0.5 shape_dense_alpha_mean=0.5 shape_dense_alpha_min=0.5
2026-07-30 08:29:26,548 - portable_sam_fusion - INFO - [DEBUG-JITTER] epoch=29 step=8400 area_ratio_count=64 area_ratio_mean=1 area_ratio_sum=64 fallback_count=0 mean_iou=1 num_jittered=0 num_rois=64
2026-07-30 08:29:26,548 - portable_sam_fusion - INFO - [DEBUG-SP] epoch=29 step=8400 all_invalid_count=0 all_invalid_ratio=0 empty_count=0 empty_ratio=0 full_count=0 full_ratio=0 mean_point_distance=23.59 n1_gt_valid_count=64 n1_in_gt_bg=0.9219 n1_in_gt_bg_count=59 n1_valid_count=64 n1_valid_ratio=1 n2_gt_valid_count=64 n2_in_gt_bg=1 n2_in_gt_bg_count=64 n2_valid_count=64 n2_valid_ratio=1 neg_in_pred_bg=1 neg_in_pred_bg_count=128 negative_pair_count=64 negative_pair_distance_sum=2255 p1_gt_valid_count=64 p1_in_gt_fg=1 p1_in_gt_fg_count=64 p1_valid_count=64 p1_valid_ratio=1 p2_gt_valid_count=64 p2_in_gt_fg=1 p2_in_gt_fg_count=64 p2_valid_count=64 p2_valid_ratio=1 point_distance_sum=3019 point_overlap_count=0 point_overlap_ratio=0 point_pair_count=128 pos_in_pred_fg=1 pos_in_pred_fg_count=128 positive_pair_count=64 positive_pair_distance_sum=763.9 roi_count=64 valid_neg_count=128 valid_pos_count=128 warmup_stage=2
2026-07-30 08:30:11,996 - portable_sam_fusion - INFO - [DEBUG-BOX] epoch=29 step=8450 fallback_count=0 fallback_ratio=0 num_rois=64 refined_proposal_iou=0 refined_proposal_iou_sum=0 refined_valid_count=0
2026-07-30 08:30:11,997 - portable_sam_fusion - INFO - [DEBUG-COARSE] epoch=29 step=8450 bce_raw=0.1593 boundary_fn=2532 boundary_fp=2104 boundary_tp=2.652e+04 dice=0.08163 dice_loss_raw=0.08163 iou=0.8538 loss_weight=0.1 raw_boundary_fn=2532 raw_boundary_fp=2104 raw_boundary_tp=2.652e+04 raw_dice_score=0.9184 raw_iou=0.8538 weighted_loss=0.0241
2026-07-30 08:30:11,997 - portable_sam_fusion - INFO - [DEBUG-CONTEXT] epoch=29 step=8450 enabled=0
2026-07-30 08:30:11,997 - portable_sam_fusion - INFO - [DEBUG-DENSE] epoch=29 step=8450 applied_delta_norm=3.185 applied_delta_ratio=0.2727 base_norm=11.68 canvas_max=8 canvas_mean=-0.008661 canvas_min=-8 canvas_nonzero_ratio=0.007393 canvas_std=0.5273 final_norm=12.09 residual_alpha=0.5 shape_norm=13.37 source_delta_norm=6.369 source_delta_ratio=0.5454
2026-07-30 08:30:11,997 - portable_sam_fusion - INFO - [DEBUG-GATE] epoch=29 step=8450 shape_dense_alpha_max=0.5 shape_dense_alpha_mean=0.5 shape_dense_alpha_min=0.5
2026-07-30 08:30:11,997 - portable_sam_fusion - INFO - [DEBUG-JITTER] epoch=29 step=8450 area_ratio_count=64 area_ratio_mean=1 area_ratio_sum=64 fallback_count=0 mean_iou=1 num_jittered=0 num_rois=64
2026-07-30 08:30:11,997 - portable_sam_fusion - INFO - [DEBUG-SP] epoch=29 step=8450 all_invalid_count=0 all_invalid_ratio=0 empty_count=0 empty_ratio=0 full_count=0 full_ratio=0 mean_point_distance=28.87 n1_gt_valid_count=64 n1_in_gt_bg=0.9219 n1_in_gt_bg_count=59 n1_valid_count=64 n1_valid_ratio=1 n2_gt_valid_count=64 n2_in_gt_bg=1 n2_in_gt_bg_count=64 n2_valid_count=64 n2_valid_ratio=1 neg_in_pred_bg=1 neg_in_pred_bg_count=128 negative_pair_count=64 negative_pair_distance_sum=2498 p1_gt_valid_count=64 p1_in_gt_fg=1 p1_in_gt_fg_count=64 p1_valid_count=64 p1_valid_ratio=1 p2_gt_valid_count=64 p2_in_gt_fg=0.9844 p2_in_gt_fg_count=63 p2_valid_count=64 p2_valid_ratio=1 point_distance_sum=3695 point_overlap_count=0 point_overlap_ratio=0 point_pair_count=128 pos_in_pred_fg=1 pos_in_pred_fg_count=128 positive_pair_count=64 positive_pair_distance_sum=1197 roi_count=64 valid_neg_count=128 valid_pos_count=128 warmup_stage=2
2026-07-30 08:31:00,577 - portable_sam_fusion - INFO - [DEBUG-BOX] epoch=29 step=8500 fallback_count=0 fallback_ratio=0 num_rois=64 refined_proposal_iou=0 refined_proposal_iou_sum=0 refined_valid_count=0
2026-07-30 08:31:00,578 - portable_sam_fusion - INFO - [DEBUG-COARSE] epoch=29 step=8500 bce_raw=0.1612 boundary_fn=3237 boundary_fp=2436 boundary_tp=2.468e+04 dice=0.08675 dice_loss_raw=0.08675 iou=0.8472 loss_weight=0.1 raw_boundary_fn=3237 raw_boundary_fp=2436 raw_boundary_tp=2.468e+04 raw_dice_score=0.9132 raw_iou=0.8472 weighted_loss=0.02479
2026-07-30 08:31:00,578 - portable_sam_fusion - INFO - [DEBUG-CONTEXT] epoch=29 step=8500 enabled=0
2026-07-30 08:31:00,578 - portable_sam_fusion - INFO - [DEBUG-DENSE] epoch=29 step=8500 applied_delta_norm=2.87 applied_delta_ratio=0.2458 base_norm=11.68 canvas_max=8 canvas_mean=0.001054 canvas_min=-8 canvas_nonzero_ratio=0.006598 canvas_std=0.5166 final_norm=12.03 residual_alpha=0.5 shape_norm=13.14 source_delta_norm=5.741 source_delta_ratio=0.4916
2026-07-30 08:31:00,578 - portable_sam_fusion - INFO - [DEBUG-GATE] epoch=29 step=8500 shape_dense_alpha_max=0.5 shape_dense_alpha_mean=0.5 shape_dense_alpha_min=0.5
2026-07-30 08:31:00,578 - portable_sam_fusion - INFO - [DEBUG-JITTER] epoch=29 step=8500 area_ratio_count=64 area_ratio_mean=1 area_ratio_sum=64 fallback_count=0 mean_iou=1 num_jittered=0 num_rois=64
2026-07-30 08:31:00,578 - portable_sam_fusion - INFO - [DEBUG-SP] epoch=29 step=8500 all_invalid_count=0 all_invalid_ratio=0 empty_count=0 empty_ratio=0 full_count=0 full_ratio=0 mean_point_distance=29.35 n1_gt_valid_count=64 n1_in_gt_bg=0.9531 n1_in_gt_bg_count=61 n1_valid_count=64 n1_valid_ratio=1 n2_gt_valid_count=64 n2_in_gt_bg=1 n2_in_gt_bg_count=64 n2_valid_count=64 n2_valid_ratio=1 neg_in_pred_bg=1 neg_in_pred_bg_count=128 negative_pair_count=64 negative_pair_distance_sum=2844 p1_gt_valid_count=64 p1_in_gt_fg=1 p1_in_gt_fg_count=64 p1_valid_count=64 p1_valid_ratio=1 p2_gt_valid_count=64 p2_in_gt_fg=1 p2_in_gt_fg_count=64 p2_valid_count=64 p2_valid_ratio=1 point_distance_sum=3756 point_overlap_count=0 point_overlap_ratio=0 point_pair_count=128 pos_in_pred_fg=1 pos_in_pred_fg_count=128 positive_pair_count=64 positive_pair_distance_sum=912.1 roi_count=64 valid_neg_count=128 valid_pos_count=128 warmup_stage=2
2026-07-30 08:31:24,044 - portable_sam_fusion - INFO - Epoch 29 detailed losses: loss_rpn_cls=0.0096, loss_rpn_bbox=0.0041, loss_cls=0.1586, acc=93.8031, loss_bbox=0.0617, loss_mask=0.0013, debug_mask_pos_rois=54.8367, debug_mask_logit_mean=-16.7460, debug_mask_logit_std=3.2119, debug_mask_prob_mean=0.0050, debug_mask_prob_ge05=0.0050, debug_mask_target_fill=0.0050, loss_shape_prior=0.0190, schedule/det_weight=1.0000
2026-07-30 08:31:24,044 - portable_sam_fusion - INFO - Epoch 29 dense residual monitor: alpha=0.500000 source_delta_norm=6.8922 applied_delta_norm=3.4461 source_delta_ratio=0.590171 applied_delta_ratio=0.295085
2026-07-30 08:31:24,044 - portable_sam_fusion - INFO - Epoch 29 primary loss shares: det=92.01% final_mask=0.52% shape=7.47% p2_boundary=0.00%
2026-07-30 08:31:24,044 - portable_sam_fusion - INFO - Epoch 29 schedule: det_loss_weight=1.000 early_stop_start=20 min_delta=0.0005
2026-07-30 08:31:24,044 - portable_sam_fusion - INFO - Epoch 29 learning rates: sat_backbone=3.63e-04, mask_decoder=3.63e-04, prompt_encoder=3.63e-04, shape_prior=3.63e-04, quality_head=3.63e-04, sat_other=3.63e-04
2026-07-30 08:34:44,630 - portable_sam_fusion - INFO - Validation samples: GT=15926, DT=17739, avg_masks_per_image=28.29, avg_mask_fill=0.0047
creating index...
index created!
Loading and preparing results...
DONE (t=0.02s)
creating index...
index created!
Running per image evaluation...
Evaluate annotation type *bbox*
DONE (t=10.60s).
Accumulating evaluation results...
DONE (t=0.17s).
 Average Precision  (AP) @[ IoU=0.50:0.95 | area=   all | maxDets=100 ] = 0.703
 Average Precision  (AP) @[ IoU=0.50      | area=   all | maxDets=100 ] = 0.894
 Average Precision  (AP) @[ IoU=0.75      | area=   all | maxDets=100 ] = 0.823
 Average Precision  (AP) @[ IoU=0.50:0.95 | area= small | maxDets=100 ] = 0.315
 Average Precision  (AP) @[ IoU=0.50:0.95 | area=medium | maxDets=100 ] = 0.741
 Average Precision  (AP) @[ IoU=0.50:0.95 | area= large | maxDets=100 ] = 0.795
 Average Recall     (AR) @[ IoU=0.50:0.95 | area=   all | maxDets=  1 ] = 0.026
 Average Recall     (AR) @[ IoU=0.50:0.95 | area=   all | maxDets= 10 ] = 0.190
 Average Recall     (AR) @[ IoU=0.50:0.95 | area=   all | maxDets=100 ] = 0.752
 Average Recall     (AR) @[ IoU=0.50:0.95 | area= small | maxDets=100 ] = 0.438
 Average Recall     (AR) @[ IoU=0.50:0.95 | area=medium | maxDets=100 ] = 0.792
 Average Recall     (AR) @[ IoU=0.50:0.95 | area= large | maxDets=100 ] = 0.840
2026-07-30 08:34:55,590 - portable_sam_fusion - INFO - Validation bbox/mAP: 0.7025 bbox/mAP_75: 0.8229
Running per image evaluation...
Evaluate annotation type *segm*
DONE (t=11.20s).
Accumulating evaluation results...
DONE (t=0.17s).
 Average Precision  (AP) @[ IoU=0.50:0.95 | area=   all | maxDets=100 ] = 0.454
 Average Precision  (AP) @[ IoU=0.50      | area=   all | maxDets=100 ] = 0.854
 Average Precision  (AP) @[ IoU=0.75      | area=   all | maxDets=100 ] = 0.487
 Average Precision  (AP) @[ IoU=0.50:0.95 | area= small | maxDets=100 ] = 0.061
 Average Precision  (AP) @[ IoU=0.50:0.95 | area=medium | maxDets=100 ] = 0.470
 Average Precision  (AP) @[ IoU=0.50:0.95 | area= large | maxDets=100 ] = 0.654
 Average Recall     (AR) @[ IoU=0.50:0.95 | area=   all | maxDets=  1 ] = 0.020
 Average Recall     (AR) @[ IoU=0.50:0.95 | area=   all | maxDets= 10 ] = 0.143
 Average Recall     (AR) @[ IoU=0.50:0.95 | area=   all | maxDets=100 ] = 0.502
 Average Recall     (AR) @[ IoU=0.50:0.95 | area= small | maxDets=100 ] = 0.113
 Average Recall     (AR) @[ IoU=0.50:0.95 | area=medium | maxDets=100 ] = 0.518
 Average Recall     (AR) @[ IoU=0.50:0.95 | area= large | maxDets=100 ] = 0.700
2026-07-30 08:35:06,992 - portable_sam_fusion - INFO - Validation segm/mAP: 0.4543
2026-07-30 08:35:07,761 - portable_sam_fusion - INFO - New best bbox/mAP: 0.7025
2026-07-30 08:35:07,761 - portable_sam_fusion - INFO - Early-stop metric (segm/mAP): raw=0.4543 smooth(5)=0.4457 best=0.4546 counter=10
2026-07-30 08:35:10,292 - portable_sam_fusion - INFO - Saved best_bbox_model with bbox/mAP: 0.7025
2026-07-30 08:35:15,455 - portable_sam_fusion - INFO - Epoch 29/80 | train=0.254316 val=disabled segm/mAP=0.4543 bbox/mAP=0.7025 | best_segm=0.4733 best_bbox=0.7025 best_comp=0.0000 | sat_backbone=3.63e-04 mask_decoder=3.63e-04 prompt_encoder=3.63e-04 shape_prior=3.63e-04 quality_head=3.63e-04 sat_other=3.63e-04
2026-07-30 08:35:15,455 - portable_sam_fusion - INFO - Early stopping triggered (patience=10)
