terminal_log=/home/wangcheng/project/new/portable_sam2_explicit_coarse/logs/ablations/c4_pafpn_coarse_points_box_dense_semanticfix_roi_only_tr0.2_va1.0_20260729_235711_pid375196.log
/home/wangcheng/miniconda3/envs/cvt2/lib/python3.9/site-packages/imagecorruptions/corruptions.py:17: UserWarning: pkg_resources is deprecated as an API. See https://setuptools.pypa.io/en/latest/pkg_resources.html. The pkg_resources package is slated for removal as early as 2025-11-30. Refrain from using this package or pin to Setuptools<81.
  from pkg_resources import resource_filename
{"ablation_id": "c4_pafpn_coarse_points_box_dense", "architecture_contract": {"architecture_id": "c4_pafpn_coarse_points_box_dense", "model_fingerprint": "00febad68a23e15597ccbadc4941f6516c20811bc4614e0de992f361ca77d330", "schema_version": 2}, "config": "configs/whu1024_baseplus_explicit_coarse.py", "dense_prompt_enabled": true, "explicit_prompt_mode": "points_box_dense", "final_mask_coordinate_mode": "full_image", "final_mask_loss_config": {}, "final_mask_loss_mode": "standard", "neck": "RSSAM2PAFPN", "p2_boundary_refiner_config": {"aligned": true, "beta": 0.2, "boundary_band_radius": 2, "boundary_loss_weight": 0.05, "coarse_size": 64, "delta_logit_max": 2.0, "enabled": false, "foreground_thr": 0.5, "max_search_coverage": 0.5, "mid_channels": 64, "p2_in_channels": 512, "projected_channels": 64, "roi_output_size": 32, "sampling_ratio": 0, "search_band_radius": 4, "spatial_scale": 0.25, "zero_init_residual": true}, "p2_boundary_refiner_enabled": false, "prompt_encoder_enabled": true, "prompt_route": "coarse", "prompt_sparse_mode": "shape_point", "quality_head_enabled": false, "roi_sam_config": {}, "roi_sam_enabled": false, "sam_image_embedding_size": 32, "sam_image_embedding_stride": 32, "segm_score_key": "scores", "segm_score_mode": "detector", "shape_context_fusion": "roi_only", "shape_loss_schedule_mode": "fixed", "shape_point_adaptive_validity": true, "shape_prior_enabled": true, "shape_prior_loss_weight": 0.1, "subset_seed": 44, "train_subset_ratio": 0.2, "val_subset_ratio": 1.0}
ablation contract: OK
============================================================
resolved_hyperparameters_begin
timestamp=20260729_235711
environment_config=/home/wangcheng/project/new/portable_sam2_explicit_coarse/configs/environment.local.sh
git_commit=88c4b3ebebc720b5e4c42f3c7adbd8494cad944d
ablation_id=c4_pafpn_coarse_points_box_dense
expected_architecture_id=c4_pafpn_coarse_points_box_dense
run_tag=c4_pafpn_coarse_points_box_dense_semanticfix_roi_only
run_suffix=
neck_type=pafpn
prompt_route=coarse
prompt_generator_mode=explicit_mask
prompt_sparse_mode=shape_point
prompt_encoder_enabled=1
shape_prior_enabled=1
explicit_prompt_mode=points_box_dense
p2_boundary_refiner_enabled=0
final_mask_coordinate_mode=full_image
final_mask_loss_mode=standard
final_mask_roi_expand_ratio=1.20
final_mask_roi_bce_weight=1.0
final_mask_roi_dice_weight=1.0
final_mask_outside_bce_weight=0.05
roi_sam_enabled=0
roi_sam_sampling_ratio=2
sam_image_embedding_stride=32
sam_image_embedding_size=32
train_subset_ratio=0.2
val_subset_ratio=1.0
val_batch_size=1
subset_seed=44
python=/home/wangcheng/miniconda3/envs/cvt2/bin/python
nproc_per_node=2
master_port=35196
master_port_source=auto_pid
ddp_timeout_seconds=1800
ddp_timeout_source=baseline_default
ddp_control_backend=gloo
ddp_control_timeout_seconds=86400
cuda_visible_devices=0,3
batch_size_per_rank=1
grad_accum_steps=4
effective_global_batch_size=8
epochs=80
learning_rate=5e-4
amp=0
ema_enabled=0
ema_decay=0.999
ema_eval=0
ema_save_best=0
val_every_n_epochs=1
compute_val_loss=0
save_bbox_best_metric=bbox/mAP
segm_score_mode=detector
early_stopping_patience=10
early_stopping_start_epoch=20
early_stopping_min_delta=5e-4
early_stopping_smooth_window=5
sat_backbone_lr_mult=1.0
sat_other_lr_mult=1.0
mask_decoder_lr_mult=1.0
no_mask_lr_mult=1.0
prompt_encoder_lr_mult=0.0
shape_prior_lr_mult=1.0
shape_context_fusion=roi_only
p2_boundary_refiner_lr_mult=1.0
p2_boundary_refiner_projected_channels=64
p2_boundary_refiner_mid_channels=64
p2_boundary_refiner_delta_logit_max=2.0
p2_boundary_refiner_loss_weight=0.05
allow_cross_arch_init=0
warmup_iters=100
weight_decay=0.05
det_loss_stage1_end=5
det_loss_stage2_end=10
det_loss_weight_stage1=1.0
det_loss_weight_stage2=1.0
det_loss_weight_stage3=1.0
ema_update_every=1
ema_eval_start_epoch=5
shape_point_adaptive_validity=1
shape_loss_schedule_mode=fixed
shape_prior_loss_weight=0.10
shape_loss_stage1_end=5
shape_loss_weight_stage1=0.20
shape_loss_weight_stage2=0.10
point_warmup_enabled=0
point_warmup_no_point_epochs=0
point_warmup_one_pair_epochs=0
point_warmup_full_start_epoch=1
prompt_debug_stats=1
prompt_debug_stats_interval=50
max_train_batches=0
max_val_batches=0
init_from=
init_exclude_prefixes=
resume_from=
check_data=0
preflight_model=0
dry_run=0
run_in_background=1
sam2_repo=/home/wangcheng/project/new/sam2
sam2_checkpoint=/data1/wangcheng/pretrained/sam2_hiera_base_plus.pt
data_root=/data1/wangcheng/dataset/WHU
checkpoint_root=/data1/wangcheng/checkpoint/portable_sam2_explicit_coarse
log_root=/home/wangcheng/project/new/portable_sam2_explicit_coarse/logs
tmp_root=/tmp/portable_sam2_explicit_coarse
config=configs/whu1024_baseplus_explicit_coarse.py
checkpoint_dir=/data1/wangcheng/checkpoint/portable_sam2_explicit_coarse/ablations/c4_pafpn_coarse_points_box_dense_semanticfix_roi_only_tr0.2_va1.0
log_file=/home/wangcheng/project/new/portable_sam2_explicit_coarse/logs/ablations/c4_pafpn_coarse_points_box_dense_semanticfix_roi_only_tr0.2_va1.0_20260729_235711_pid375196.log
command= /home/wangcheng/miniconda3/envs/cvt2/bin/python -m torch.distributed.run --nproc_per_node=2 --master_port=35196 train/train_rsprompter_fusion.py --config configs/whu1024_baseplus_explicit_coarse.py --data-root /data1/wangcheng/dataset/WHU --use-whu-coco --image-size 1024 1024 --batch-size 1 --grad-accum-steps 4 --epochs 80 --lr 5e-4 --checkpoint-dir /data1/wangcheng/checkpoint/portable_sam2_explicit_coarse/ablations/c4_pafpn_coarse_points_box_dense_semanticfix_roi_only_tr0.2_va1.0 --train-subset-ratio 0.2 --val-subset-ratio 1.0 --val-batch-size 1 --seed 44 --amp 0 --ema-enabled 0 --ema-decay 0.999 --ema-eval 0 --ema-save-best 0 --val-every-n-epochs 1 --compute-val-loss 0 --early-stopping-patience 10 --early-stopping-start-epoch 20 --early-stopping-min-delta 5e-4 --early-stopping-smooth-window 5 --sat-backbone-lr-mult 1.0 --sat-other-lr-mult 1.0 --mask-decoder-lr-mult 1.0 --no-mask-lr-mult 1.0 --prompt-encoder-lr-mult 0.0 --shape-prior-lr-mult 1.0 --p2-boundary-refiner-lr-mult 1.0 --warmup-iters 100 --weight-decay 0.05 --det-loss-stage1-end 5 --det-loss-stage2-end 10 --det-loss-weight-stage1 1.0 --det-loss-weight-stage2 1.0 --det-loss-weight-stage3 1.0 --ema-update-every 1 --ema-eval-start-epoch 5 --prompt-debug-stats 1 --prompt-debug-stats-interval 50
resolved_hyperparameters_end
============================================================
launch_mode=background
background_pid=375374
follow_log=tail -f /home/wangcheng/project/new/portable_sam2_explicit_coarse/logs/ablations/c4_pafpn_coarse_points_box_dense_semanticfix_roi_only_tr0.2_va1.0_20260729_235711_pid375196.log
status_command=ps -fp 375374

*****************************************
Setting OMP_NUM_THREADS environment variable for each process to be 1 in default, to avoid your system being overloaded, please further tune the variable for optimal performance in your application as needed. 
*****************************************
/home/wangcheng/miniconda3/envs/cvt2/lib/python3.9/site-packages/imagecorruptions/corruptions.py:17: UserWarning: pkg_resources is deprecated as an API. See https://setuptools.pypa.io/en/latest/pkg_resources.html. The pkg_resources package is slated for removal as early as 2025-11-30. Refrain from using this package or pin to Setuptools<81.
  from pkg_resources import resource_filename
[seed] Random seed fixed to 44 | cudnn.deterministic=True
/home/wangcheng/miniconda3/envs/cvt2/lib/python3.9/site-packages/imagecorruptions/corruptions.py:17: UserWarning: pkg_resources is deprecated as an API. See https://setuptools.pypa.io/en/latest/pkg_resources.html. The pkg_resources package is slated for removal as early as 2025-11-30. Refrain from using this package or pin to Setuptools<81.
  from pkg_resources import resource_filename
[Gloo] Rank [Gloo] Rank 1 is connected to 01 is connected to  peer ranks. 1Expected number of connected peer ranks is :  peer ranks. 1Expected number of connected peer ranks is : 
1
2026-07-29 23:57:26,539 - portable_sam_fusion - INFO - DDP process-group timeout: 1800 seconds
2026-07-29 23:57:26,540 - portable_sam_fusion - INFO - DDP validation control: backend=gloo timeout=86400 seconds
2026-07-29 23:57:27,513 - portable_sam_fusion - INFO - Architecture contract: id=c4_pafpn_coarse_points_box_dense schema=2 fingerprint=00febad68a23e15597ccbadc4941f6516c20811bc4614e0de992f361ca77d330
[RSSAM2VisionEncoder] Loading SAM2 base_plus model
  - embed_dim: 112
  - stages: (2, 3, 16, 3)
  - backbone_channels: [896, 448, 224, 112]
Loads checkpoint by local backend from path: /data1/wangcheng/pretrained/sam2_hiera_base_plus.pt
Loads checkpoint by local backend from path: /data1/wangcheng/pretrained/sam2_hiera_base_plus.pt
[ImageEncoder(base_plus)] Loaded 306 keys. missing=0, unexpected=0
[RSSAM2VisionEncoder] Applied LoRA with config:
  - r=16, alpha=32
  - target_modules=['qkv', 'proj']
  - dropout=0.05
  - modules_to_save=['neck']
trainable params: 1,492,528 || all params: 70,599,344 || trainable%: 2.114081966540652
[RSSAM2VisionEncoder] LoRA audit: backbone total=70599344, trainable=1492528, lora_trainable=1061424, unexpected_trainable=0
Loads checkpoint by local backend from path: /data1/wangcheng/pretrained/sam2_hiera_base_plus.pt
Loads checkpoint by local backend from path: /data1/wangcheng/pretrained/sam2_hiera_base_plus.pt
[SAM2] using package: /home/wangcheng/project/new/sam2/sam2/__init__.py
Loads checkpoint by local backend from path: /data1/wangcheng/pretrained/sam2_hiera_base_plus.pt
Loads checkpoint by local backend from path: /data1/wangcheng/pretrained/sam2_hiera_base_plus.pt
[MaskDecoder] Loaded 131 keys. missing=0, unexpected=0
  use_high_res_features: True
  Has conv_s0: True
  Has conv_s1: True
Loads checkpoint by local backend from path: /data1/wangcheng/pretrained/sam2_hiera_base_plus.pt
[MaskHead] Initialized no_mask_embed from SAM2 ckpt, frozen, abs_mean=0.01521041
Loads checkpoint by local backend from path: /data1/wangcheng/pretrained/sam2_hiera_base_plus.pt
[PromptEncoder] Loaded 17 keys. missing=0, unexpected=0
2026-07-29 23:57:29,891 - portable_sam_fusion - INFO - Evaluation score contract: bbox=scores segm=scores mode=detector
2026-07-29 23:57:32,621 - data.whu_instance_dataset - INFO - 加载 WHU 样本: 2943 (train.json)
2026-07-29 23:57:32,714 - data.whu_instance_dataset - INFO - 加载 WHU 样本: 2943 (train.json)
2026-07-29 23:57:32,768 - data.loader - INFO - WHU train subset: 588/2943 images (ratio=0.200000, seed=44)
2026-07-29 23:57:32,863 - data.loader - INFO - WHU train subset: 588/2943 images (ratio=0.200000, seed=44)
2026-07-29 23:57:32,903 - data.whu_instance_dataset - INFO - 加载 WHU 样本: 627 (validation.json)
2026-07-29 23:57:32,924 - data.loader - INFO - 创建 WHU 验证集加载器: 627 样本
2026-07-29 23:57:32,924 - portable_sam_fusion - INFO - Validation policy: rank0_only=1 batch_size=1 every_n_epochs=1 compute_loss=0
2026-07-29 23:57:32,925 - portable_sam_fusion - INFO - Dataset size: 588 | mini-batch/epoch=294 | grad_accum=4 | optimizer_steps/epoch=74 | total_optimizer_steps=5920
2026-07-29 23:57:32,929 - portable_sam_fusion - INFO - Optimizer group sat_backbone    params=1492528 tensors=112 lr=5.000e-04 wd=5.000e-02 first=backbone.encoder.base_model.model.trunk.patch_embed.proj.lora_A.default.weight last=backbone.encoder.base_model.model.neck.modules_to_save.default.convs.3.conv.bias
2026-07-29 23:57:32,929 - portable_sam_fusion - INFO - Optimizer group mask_decoder    params=4082497 tensors=125 lr=5.000e-04 wd=5.000e-02 first=roi_head.mask_head.mask_decoder.decoder.transformer.layers.0.self_attn.q_proj.weight last=roi_head.mask_head.mask_decoder.decoder.pred_obj_score_head.layers.2.bias
2026-07-29 23:57:32,929 - portable_sam_fusion - INFO - Optimizer group shape_prior     params=960385 tensors=18 lr=5.000e-04 wd=5.000e-02 first=roi_head.mask_head.shape_injector.mask_decoder.net.0.weight last=roi_head.mask_head.shape_injector.mask_decoder.net.14.bias
2026-07-29 23:57:32,929 - portable_sam_fusion - INFO - Optimizer group quality_head    params=132612 tensors=6 lr=5.000e-04 wd=5.000e-02 first=roi_head.mask_head.mask_decoder.decoder.iou_prediction_head.layers.0.weight last=roi_head.mask_head.mask_decoder.decoder.iou_prediction_head.layers.2.bias
2026-07-29 23:57:32,929 - portable_sam_fusion - INFO - Optimizer group sat_other       params=37130794 tensors=79 lr=5.000e-04 wd=5.000e-02 first=neck.level_scales last=roi_head.mask_head.shape_dense_alpha_raw
2026-07-29 23:57:32,932 - portable_sam_fusion - INFO - Trainable state backbone               1492528 / 70599344
2026-07-29 23:57:32,932 - portable_sam_fusion - INFO - Trainable state shared_image_embedding absent
2026-07-29 23:57:32,933 - portable_sam_fusion - INFO - Trainable state mask_decoder           4215109 / 4215109
2026-07-29 23:57:32,933 - portable_sam_fusion - INFO - Trainable state no_mask_embed          0 / 256
2026-07-29 23:57:32,933 - portable_sam_fusion - INFO - Trainable state prompt_encoder         0 / 6220
2026-07-29 23:57:32,933 - portable_sam_fusion - INFO - Trainable state shape_injector         960385 / 960385
2026-07-29 23:57:32,933 - portable_sam_fusion - INFO - Trainable state p2_boundary_refiner    absent
2026-07-29 23:57:32,933 - portable_sam_fusion - INFO - Trainable state quality_head           absent
2026-07-29 23:57:32,933 - portable_sam_fusion - INFO - Trainable state uav_roi_retriever      absent
2026-07-29 23:57:32,933 - portable_sam_fusion - INFO - Trainable state uav_roi_gate           absent
2026-07-29 23:57:32,933 - portable_sam_fusion - INFO - Trainable state uav_roi_dense_prompt   absent
2026-07-29 23:57:32,933 - portable_sam_fusion - INFO - Trainable state uav_roi_prompt_adapter absent
2026-07-29 23:57:32,933 - portable_sam_fusion - INFO - Trainable state uav_prompt_adapter_sparse_scale absent
2026-07-29 23:57:32,933 - portable_sam_fusion - INFO - Trainable state uav_prompt_adapter_dense_scale absent
2026-07-29 23:57:32,933 - portable_sam_fusion - INFO - Using user-specified warmup: 100 optimizer steps
2026-07-29 23:57:33,003 - data.whu_instance_dataset - INFO - 加载 WHU 样本: 627 (validation.json)
2026-07-29 23:57:33,004 - data.loader - INFO - 创建 WHU 验证集加载器: 627 样本
[DEBUG] RSSAM2PAFPN inputs: 4 tensors
  [0] shape=torch.Size([1, 256, 256, 256]), dtype=torch.float32
  [1] shape=torch.Size([1, 256, 128, 128]), dtype=torch.float32
  [2] shape=torch.Size([1, 256, 64, 64]), dtype=torch.float32
  [3] shape=torch.Size([1, 256, 32, 32]), dtype=torch.float32
2026-07-29 23:58:30,717 - portable_sam_fusion - INFO - [DEBUG-BOX] epoch=1 step=50 fallback_count=0 fallback_ratio=0 num_rois=64 refined_proposal_iou=0 refined_proposal_iou_sum=0 refined_valid_count=0
2026-07-29 23:58:30,717 - portable_sam_fusion - INFO - [DEBUG-COARSE] epoch=1 step=50 bce_raw=0.5704 boundary_fn=1.492e+04 boundary_fp=2.008e+04 boundary_tp=1.758e+04 dice=0.3218 dice_loss_raw=0.3218 iou=0.5155 loss_weight=0.1 raw_boundary_fn=1.492e+04 raw_boundary_fp=2.008e+04 raw_boundary_tp=1.758e+04 raw_dice_score=0.6782 raw_iou=0.5155 weighted_loss=0.08921
2026-07-29 23:58:30,717 - portable_sam_fusion - INFO - [DEBUG-CONTEXT] epoch=1 step=50 enabled=0
2026-07-29 23:58:30,717 - portable_sam_fusion - INFO - [DEBUG-DENSE] epoch=1 step=50 applied_delta_norm=1.567 applied_delta_ratio=0.1341 base_norm=11.68 canvas_max=1.779 canvas_mean=0.005081 canvas_min=-0.8475 canvas_nonzero_ratio=0.006975 canvas_std=0.08182 final_norm=11.73 residual_alpha=0.25 shape_norm=13.13 source_delta_norm=6.267 source_delta_ratio=0.5366
2026-07-29 23:58:30,717 - portable_sam_fusion - INFO - [DEBUG-GATE] epoch=1 step=50 shape_dense_alpha_max=0.25 shape_dense_alpha_mean=0.25 shape_dense_alpha_min=0.25
2026-07-29 23:58:30,718 - portable_sam_fusion - INFO - [DEBUG-JITTER] epoch=1 step=50 area_ratio_count=64 area_ratio_mean=1 area_ratio_sum=64 fallback_count=0 mean_iou=1 num_jittered=0 num_rois=64
2026-07-29 23:58:30,718 - portable_sam_fusion - INFO - [DEBUG-SP] epoch=1 step=50 all_invalid_count=0 all_invalid_ratio=0 empty_count=0 empty_ratio=0 full_count=0 full_ratio=0 mean_point_distance=31.14 n1_gt_valid_count=64 n1_in_gt_bg=0.9531 n1_in_gt_bg_count=61 n1_valid_count=64 n1_valid_ratio=1 n2_gt_valid_count=64 n2_in_gt_bg=0.8906 n2_in_gt_bg_count=57 n2_valid_count=64 n2_valid_ratio=1 neg_in_pred_bg=1 neg_in_pred_bg_count=128 negative_pair_count=64 negative_pair_distance_sum=3213 p1_gt_valid_count=64 p1_in_gt_fg=0.9844 p1_in_gt_fg_count=63 p1_valid_count=64 p1_valid_ratio=1 p2_gt_valid_count=64 p2_in_gt_fg=0.9844 p2_in_gt_fg_count=63 p2_valid_count=64 p2_valid_ratio=1 point_distance_sum=3986 point_overlap_count=0 point_overlap_ratio=0 point_pair_count=128 pos_in_pred_fg=1 pos_in_pred_fg_count=128 positive_pair_count=64 positive_pair_distance_sum=773.2 roi_count=64 valid_neg_count=128 valid_pos_count=128 warmup_stage=2
2026-07-29 23:59:32,882 - portable_sam_fusion - INFO - [DEBUG-BOX] epoch=1 step=100 fallback_count=0 fallback_ratio=0 num_rois=46 refined_proposal_iou=0 refined_proposal_iou_sum=0 refined_valid_count=0
2026-07-29 23:59:32,882 - portable_sam_fusion - INFO - [DEBUG-COARSE] epoch=1 step=100 bce_raw=0.469 boundary_fn=8367 boundary_fp=1.082e+04 boundary_tp=9036 dice=0.2586 dice_loss_raw=0.2586 iou=0.5913 loss_weight=0.1 raw_boundary_fn=8367 raw_boundary_fp=1.082e+04 raw_boundary_tp=9036 raw_dice_score=0.7414 raw_iou=0.5913 weighted_loss=0.07276
2026-07-29 23:59:32,883 - portable_sam_fusion - INFO - [DEBUG-CONTEXT] epoch=1 step=100 enabled=0
2026-07-29 23:59:32,883 - portable_sam_fusion - INFO - [DEBUG-DENSE] epoch=1 step=100 applied_delta_norm=1.481 applied_delta_ratio=0.1268 base_norm=11.68 canvas_max=4.205 canvas_mean=0.005771 canvas_min=-1.569 canvas_nonzero_ratio=0.006506 canvas_std=0.141 final_norm=11.72 residual_alpha=0.25 shape_norm=13.02 source_delta_norm=5.923 source_delta_ratio=0.5072
2026-07-29 23:59:32,883 - portable_sam_fusion - INFO - [DEBUG-GATE] epoch=1 step=100 shape_dense_alpha_max=0.25 shape_dense_alpha_mean=0.25 shape_dense_alpha_min=0.25
2026-07-29 23:59:32,883 - portable_sam_fusion - INFO - [DEBUG-JITTER] epoch=1 step=100 area_ratio_count=46 area_ratio_mean=1 area_ratio_sum=46 fallback_count=0 mean_iou=1 num_jittered=0 num_rois=46
2026-07-29 23:59:32,883 - portable_sam_fusion - INFO - [DEBUG-SP] epoch=1 step=100 all_invalid_count=0 all_invalid_ratio=0 empty_count=0 empty_ratio=0 full_count=0 full_ratio=0 mean_point_distance=25.37 n1_gt_valid_count=46 n1_in_gt_bg=0.7826 n1_in_gt_bg_count=36 n1_valid_count=46 n1_valid_ratio=1 n2_gt_valid_count=46 n2_in_gt_bg=0.913 n2_in_gt_bg_count=42 n2_valid_count=46 n2_valid_ratio=1 neg_in_pred_bg=1 neg_in_pred_bg_count=92 negative_pair_count=46 negative_pair_distance_sum=1786 p1_gt_valid_count=46 p1_in_gt_fg=1 p1_in_gt_fg_count=46 p1_valid_count=46 p1_valid_ratio=1 p2_gt_valid_count=46 p2_in_gt_fg=1 p2_in_gt_fg_count=46 p2_valid_count=46 p2_valid_ratio=1 point_distance_sum=2334 point_overlap_count=0 point_overlap_ratio=0 point_pair_count=92 pos_in_pred_fg=1 pos_in_pred_fg_count=92 positive_pair_count=46 positive_pair_distance_sum=547.8 roi_count=46 valid_neg_count=92 valid_pos_count=92 warmup_stage=2
2026-07-30 00:00:37,024 - portable_sam_fusion - INFO - [DEBUG-BOX] epoch=1 step=150 fallback_count=0 fallback_ratio=0 num_rois=64 refined_proposal_iou=0 refined_proposal_iou_sum=0 refined_valid_count=0
2026-07-30 00:00:37,024 - portable_sam_fusion - INFO - [DEBUG-COARSE] epoch=1 step=150 bce_raw=0.3312 boundary_fn=8512 boundary_fp=7009 boundary_tp=2.038e+04 dice=0.1999 dice_loss_raw=0.1999 iou=0.6725 loss_weight=0.1 raw_boundary_fn=8512 raw_boundary_fp=7009 raw_boundary_tp=2.038e+04 raw_dice_score=0.8001 raw_iou=0.6725 weighted_loss=0.05312
2026-07-30 00:00:37,024 - portable_sam_fusion - INFO - [DEBUG-CONTEXT] epoch=1 step=150 enabled=0
2026-07-30 00:00:37,024 - portable_sam_fusion - INFO - [DEBUG-DENSE] epoch=1 step=150 applied_delta_norm=1.55 applied_delta_ratio=0.1327 base_norm=11.68 canvas_max=5.474 canvas_mean=0.00515 canvas_min=-4.161 canvas_nonzero_ratio=0.007805 canvas_std=0.2025 final_norm=11.73 residual_alpha=0.2501 shape_norm=13.15 source_delta_norm=6.198 source_delta_ratio=0.5308
2026-07-30 00:00:37,024 - portable_sam_fusion - INFO - [DEBUG-GATE] epoch=1 step=150 shape_dense_alpha_max=0.2501 shape_dense_alpha_mean=0.2501 shape_dense_alpha_min=0.2501
2026-07-30 00:00:37,024 - portable_sam_fusion - INFO - [DEBUG-JITTER] epoch=1 step=150 area_ratio_count=64 area_ratio_mean=1 area_ratio_sum=64 fallback_count=0 mean_iou=1 num_jittered=0 num_rois=64
2026-07-30 00:00:37,024 - portable_sam_fusion - INFO - [DEBUG-SP] epoch=1 step=150 all_invalid_count=0 all_invalid_ratio=0 empty_count=0 empty_ratio=0 full_count=0 full_ratio=0 mean_point_distance=22.92 n1_gt_valid_count=64 n1_in_gt_bg=0.9531 n1_in_gt_bg_count=61 n1_valid_count=64 n1_valid_ratio=1 n2_gt_valid_count=64 n2_in_gt_bg=0.9688 n2_in_gt_bg_count=62 n2_valid_count=64 n2_valid_ratio=1 neg_in_pred_bg=1 neg_in_pred_bg_count=128 negative_pair_count=64 negative_pair_distance_sum=2086 p1_gt_valid_count=64 p1_in_gt_fg=1 p1_in_gt_fg_count=64 p1_valid_count=64 p1_valid_ratio=1 p2_gt_valid_count=64 p2_in_gt_fg=1 p2_in_gt_fg_count=64 p2_valid_count=64 p2_valid_ratio=1 point_distance_sum=2933 point_overlap_count=0 point_overlap_ratio=0 point_pair_count=128 pos_in_pred_fg=1 pos_in_pred_fg_count=128 positive_pair_count=64 positive_pair_distance_sum=847.4 roi_count=64 valid_neg_count=128 valid_pos_count=128 warmup_stage=2
2026-07-30 00:01:48,452 - portable_sam_fusion - INFO - [DEBUG-BOX] epoch=1 step=200 fallback_count=0 fallback_ratio=0 num_rois=0 refined_proposal_iou=0 refined_proposal_iou_sum=0 refined_valid_count=0
2026-07-30 00:01:48,452 - portable_sam_fusion - INFO - [DEBUG-COARSE] epoch=1 step=200 boundary_fn=0 boundary_fp=0 boundary_tp=0 dice=0 iou=0
2026-07-30 00:01:48,452 - portable_sam_fusion - INFO - [DEBUG-CONTEXT] epoch=1 step=200 enabled=0
2026-07-30 00:01:48,452 - portable_sam_fusion - INFO - [DEBUG-DENSE] epoch=1 step=200 applied_delta_norm=1.369 applied_delta_ratio=0.1172 base_norm=11.68 canvas_max=5.426 canvas_mean=0.0005399 canvas_min=-6.686 canvas_nonzero_ratio=0.00646 canvas_std=0.2302 final_norm=11.72 residual_alpha=0.2501 shape_norm=12.87 source_delta_norm=5.474 source_delta_ratio=0.4687
2026-07-30 00:01:48,452 - portable_sam_fusion - INFO - [DEBUG-GATE] epoch=1 step=200 shape_dense_alpha_max=0.2501 shape_dense_alpha_mean=0.2501 shape_dense_alpha_min=0.2501
2026-07-30 00:01:48,452 - portable_sam_fusion - INFO - [DEBUG-JITTER] epoch=1 step=200 area_ratio_count=0 area_ratio_mean=0 area_ratio_sum=0 fallback_count=0 mean_iou=0 num_jittered=0 num_rois=0
2026-07-30 00:01:48,453 - portable_sam_fusion - INFO - [DEBUG-SP] epoch=1 step=200 all_invalid_count=0 all_invalid_ratio=0 empty_count=0 empty_ratio=0 full_count=0 full_ratio=0 mean_point_distance=19 n1_gt_valid_count=64 n1_in_gt_bg=0.4375 n1_in_gt_bg_count=28 n1_valid_count=64 n1_valid_ratio=1 n2_gt_valid_count=64 n2_in_gt_bg=0.8438 n2_in_gt_bg_count=54 n2_valid_count=64 n2_valid_ratio=1 neg_in_pred_bg=1 neg_in_pred_bg_count=128 negative_pair_count=64 negative_pair_distance_sum=1562 p1_gt_valid_count=64 p1_in_gt_fg=1 p1_in_gt_fg_count=64 p1_valid_count=64 p1_valid_ratio=1 p2_gt_valid_count=64 p2_in_gt_fg=1 p2_in_gt_fg_count=64 p2_valid_count=64 p2_valid_ratio=1 point_distance_sum=2432 point_overlap_count=0 point_overlap_ratio=0 point_pair_count=128 pos_in_pred_fg=1 pos_in_pred_fg_count=128 positive_pair_count=64 positive_pair_distance_sum=870 roi_count=64 valid_neg_count=128 valid_pos_count=128 warmup_stage=2
2026-07-30 00:01:48,699 - portable_sam_fusion - INFO - epoch 1 | mini-batch 200/294 | optimizer_step 50/5920 | lr=2.503e-04
2026-07-30 00:02:54,493 - portable_sam_fusion - INFO - [DEBUG-BOX] epoch=1 step=250 fallback_count=0 fallback_ratio=0 num_rois=64 refined_proposal_iou=0 refined_proposal_iou_sum=0 refined_valid_count=0
2026-07-30 00:02:54,494 - portable_sam_fusion - INFO - [DEBUG-COARSE] epoch=1 step=250 bce_raw=0.353 boundary_fn=8298 boundary_fp=9239 boundary_tp=1.714e+04 dice=0.1674 dice_loss_raw=0.1674 iou=0.7174 loss_weight=0.1 raw_boundary_fn=8298 raw_boundary_fp=9239 raw_boundary_tp=1.714e+04 raw_dice_score=0.8326 raw_iou=0.7174 weighted_loss=0.05204
2026-07-30 00:02:54,494 - portable_sam_fusion - INFO - [DEBUG-CONTEXT] epoch=1 step=250 enabled=0
2026-07-30 00:02:54,494 - portable_sam_fusion - INFO - [DEBUG-DENSE] epoch=1 step=250 applied_delta_norm=1.206 applied_delta_ratio=0.1033 base_norm=11.68 canvas_max=6.959 canvas_mean=0.005071 canvas_min=-4.683 canvas_nonzero_ratio=0.005082 canvas_std=0.2067 final_norm=11.71 residual_alpha=0.2502 shape_norm=12.66 source_delta_norm=4.822 source_delta_ratio=0.4129
2026-07-30 00:02:54,494 - portable_sam_fusion - INFO - [DEBUG-GATE] epoch=1 step=250 shape_dense_alpha_max=0.2502 shape_dense_alpha_mean=0.2502 shape_dense_alpha_min=0.2502
2026-07-30 00:02:54,494 - portable_sam_fusion - INFO - [DEBUG-JITTER] epoch=1 step=250 area_ratio_count=64 area_ratio_mean=1 area_ratio_sum=64 fallback_count=0 mean_iou=1 num_jittered=0 num_rois=64
2026-07-30 00:02:54,494 - portable_sam_fusion - INFO - [DEBUG-SP] epoch=1 step=250 all_invalid_count=0 all_invalid_ratio=0 empty_count=0 empty_ratio=0 full_count=0 full_ratio=0 mean_point_distance=15.99 n1_gt_valid_count=64 n1_in_gt_bg=0.8125 n1_in_gt_bg_count=52 n1_valid_count=64 n1_valid_ratio=1 n2_gt_valid_count=64 n2_in_gt_bg=0.9062 n2_in_gt_bg_count=58 n2_valid_count=64 n2_valid_ratio=1 neg_in_pred_bg=1 neg_in_pred_bg_count=128 negative_pair_count=64 negative_pair_distance_sum=1448 p1_gt_valid_count=64 p1_in_gt_fg=1 p1_in_gt_fg_count=64 p1_valid_count=64 p1_valid_ratio=1 p2_gt_valid_count=64 p2_in_gt_fg=1 p2_in_gt_fg_count=64 p2_valid_count=64 p2_valid_ratio=1 point_distance_sum=2047 point_overlap_count=0 point_overlap_ratio=0 point_pair_count=128 pos_in_pred_fg=1 pos_in_pred_fg_count=128 positive_pair_count=64 positive_pair_distance_sum=599.2 roi_count=64 valid_neg_count=128 valid_pos_count=128 warmup_stage=2
2026-07-30 00:03:49,649 - portable_sam_fusion - INFO - Epoch 1 detailed losses: loss_rpn_cls=0.2812, loss_rpn_bbox=0.0357, loss_cls=0.4107, acc=80.1831, loss_bbox=0.2813, loss_mask=0.0101, schedule/det_weight=1.0000, debug_mask_pos_rois=50.4762, debug_mask_logit_mean=-11.7309, debug_mask_logit_std=2.6082, debug_mask_prob_mean=0.0082, debug_mask_prob_ge05=0.0045, debug_mask_target_fill=0.0047, loss_shape_prior=0.0611
2026-07-30 00:03:49,649 - portable_sam_fusion - INFO - Epoch 1 dense residual monitor: alpha=0.250083 source_delta_norm=6.4033 applied_delta_norm=1.6013 source_delta_ratio=0.548304 applied_delta_ratio=0.137121
2026-07-30 00:03:49,649 - portable_sam_fusion - INFO - Epoch 1 primary loss shares: det=93.41% final_mask=0.93% shape=5.65% p2_boundary=0.00%
2026-07-30 00:03:49,649 - portable_sam_fusion - INFO - Epoch 1 schedule: det_loss_weight=1.000 early_stop_start=20 min_delta=0.0005
2026-07-30 00:03:49,649 - portable_sam_fusion - INFO - Epoch 1 learning rates: sat_backbone=3.70e-04, mask_decoder=3.70e-04, shape_prior=3.70e-04, quality_head=3.70e-04, sat_other=3.70e-04
2026-07-30 00:11:39,374 - portable_sam_fusion - INFO - Cached validation GT as RLE records: images=627
2026-07-30 00:11:39,377 - portable_sam_fusion - INFO - Validation samples: GT=15926, DT=57748, avg_masks_per_image=92.10, avg_mask_fill=0.0094
creating index...
index created!
Loading and preparing results...
DONE (t=0.07s)
creating index...
index created!
Running per image evaluation...
Evaluate annotation type *bbox*
DONE (t=16.44s).
Accumulating evaluation results...
DONE (t=0.45s).
 Average Precision  (AP) @[ IoU=0.50:0.95 | area=   all | maxDets=100 ] = 0.317
 Average Precision  (AP) @[ IoU=0.50      | area=   all | maxDets=100 ] = 0.657
 Average Precision  (AP) @[ IoU=0.75      | area=   all | maxDets=100 ] = 0.265
 Average Precision  (AP) @[ IoU=0.50:0.95 | area= small | maxDets=100 ] = 0.029
 Average Precision  (AP) @[ IoU=0.50:0.95 | area=medium | maxDets=100 ] = 0.353
 Average Precision  (AP) @[ IoU=0.50:0.95 | area= large | maxDets=100 ] = 0.396
 Average Recall     (AR) @[ IoU=0.50:0.95 | area=   all | maxDets=  1 ] = 0.016
 Average Recall     (AR) @[ IoU=0.50:0.95 | area=   all | maxDets= 10 ] = 0.117
 Average Recall     (AR) @[ IoU=0.50:0.95 | area=   all | maxDets=100 ] = 0.412
 Average Recall     (AR) @[ IoU=0.50:0.95 | area= small | maxDets=100 ] = 0.079
 Average Recall     (AR) @[ IoU=0.50:0.95 | area=medium | maxDets=100 ] = 0.454
 Average Recall     (AR) @[ IoU=0.50:0.95 | area= large | maxDets=100 ] = 0.504
2026-07-30 00:11:56,666 - portable_sam_fusion - INFO - Validation bbox/mAP: 0.3173 bbox/mAP_75: 0.2650
Running per image evaluation...
Evaluate annotation type *segm*
DONE (t=16.79s).
Accumulating evaluation results...
DONE (t=0.43s).
 Average Precision  (AP) @[ IoU=0.50:0.95 | area=   all | maxDets=100 ] = 0.234
 Average Precision  (AP) @[ IoU=0.50      | area=   all | maxDets=100 ] = 0.599
 Average Precision  (AP) @[ IoU=0.75      | area=   all | maxDets=100 ] = 0.100
 Average Precision  (AP) @[ IoU=0.50:0.95 | area= small | maxDets=100 ] = 0.005
 Average Precision  (AP) @[ IoU=0.50:0.95 | area=medium | maxDets=100 ] = 0.235
 Average Precision  (AP) @[ IoU=0.50:0.95 | area= large | maxDets=100 ] = 0.389
 Average Recall     (AR) @[ IoU=0.50:0.95 | area=   all | maxDets=  1 ] = 0.013
 Average Recall     (AR) @[ IoU=0.50:0.95 | area=   all | maxDets= 10 ] = 0.093
 Average Recall     (AR) @[ IoU=0.50:0.95 | area=   all | maxDets=100 ] = 0.316
 Average Recall     (AR) @[ IoU=0.50:0.95 | area= small | maxDets=100 ] = 0.022
 Average Recall     (AR) @[ IoU=0.50:0.95 | area=medium | maxDets=100 ] = 0.315
 Average Recall     (AR) @[ IoU=0.50:0.95 | area= large | maxDets=100 ] = 0.499
2026-07-30 00:12:13,894 - portable_sam_fusion - INFO - Validation segm/mAP: 0.2341
2026-07-30 00:12:14,710 - portable_sam_fusion - INFO - New best segm/mAP: 0.2341
2026-07-30 00:12:14,710 - portable_sam_fusion - INFO - New best bbox/mAP: 0.3173
2026-07-30 00:12:14,710 - portable_sam_fusion - INFO - New best early-stop metric (segm/mAP): raw=0.2341 smooth(5)=0.2341
2026-07-30 00:12:17,113 - portable_sam_fusion - INFO - Saved best_model with segm/mAP: 0.2341
2026-07-30 00:12:19,582 - portable_sam_fusion - INFO - Saved best_bbox_model with bbox/mAP: 0.3173
2026-07-30 00:12:21,584 - portable_sam_fusion - INFO - Epoch 1/80 | train=1.080175 val=disabled segm/mAP=0.2341 bbox/mAP=0.3173 | best_segm=0.2341 best_bbox=0.3173 best_comp=0.0000 | sat_backbone=3.70e-04 mask_decoder=3.70e-04 shape_prior=3.70e-04 quality_head=3.70e-04 sat_other=3.70e-04
2026-07-30 00:12:27,630 - portable_sam_fusion - INFO - [DEBUG-BOX] epoch=2 step=300 fallback_count=0 fallback_ratio=0 num_rois=64 refined_proposal_iou=0 refined_proposal_iou_sum=0 refined_valid_count=0
2026-07-30 00:12:27,630 - portable_sam_fusion - INFO - [DEBUG-COARSE] epoch=2 step=300 bce_raw=0.3852 boundary_fn=7904 boundary_fp=8159 boundary_tp=2.036e+04 dice=0.2048 dice_loss_raw=0.2048 iou=0.6692 loss_weight=0.1 raw_boundary_fn=7904 raw_boundary_fp=8159 raw_boundary_tp=2.036e+04 raw_dice_score=0.7952 raw_iou=0.6692 weighted_loss=0.059
2026-07-30 00:12:27,630 - portable_sam_fusion - INFO - [DEBUG-CONTEXT] epoch=2 step=300 enabled=0
2026-07-30 00:12:27,630 - portable_sam_fusion - INFO - [DEBUG-DENSE] epoch=2 step=300 applied_delta_norm=1.568 applied_delta_ratio=0.1343 base_norm=11.68 canvas_max=6.896 canvas_mean=0.003629 canvas_min=-7.51 canvas_nonzero_ratio=0.007793 canvas_std=0.282 final_norm=11.73 residual_alpha=0.2503 shape_norm=13.14 source_delta_norm=6.266 source_delta_ratio=0.5365
2026-07-30 00:12:27,630 - portable_sam_fusion - INFO - [DEBUG-GATE] epoch=2 step=300 shape_dense_alpha_max=0.2503 shape_dense_alpha_mean=0.2503 shape_dense_alpha_min=0.2503
2026-07-30 00:12:27,630 - portable_sam_fusion - INFO - [DEBUG-JITTER] epoch=2 step=300 area_ratio_count=64 area_ratio_mean=1 area_ratio_sum=64 fallback_count=0 mean_iou=1 num_jittered=0 num_rois=64
2026-07-30 00:12:27,630 - portable_sam_fusion - INFO - [DEBUG-SP] epoch=2 step=300 all_invalid_count=0 all_invalid_ratio=0 empty_count=0 empty_ratio=0 full_count=0 full_ratio=0 mean_point_distance=29.06 n1_gt_valid_count=64 n1_in_gt_bg=0.9062 n1_in_gt_bg_count=58 n1_valid_count=64 n1_valid_ratio=1 n2_gt_valid_count=64 n2_in_gt_bg=1 n2_in_gt_bg_count=64 n2_valid_count=64 n2_valid_ratio=1 neg_in_pred_bg=1 neg_in_pred_bg_count=128 negative_pair_count=64 negative_pair_distance_sum=2859 p1_gt_valid_count=64 p1_in_gt_fg=1 p1_in_gt_fg_count=64 p1_valid_count=64 p1_valid_ratio=1 p2_gt_valid_count=64 p2_in_gt_fg=0.9531 p2_in_gt_fg_count=61 p2_valid_count=64 p2_valid_ratio=1 point_distance_sum=3719 point_overlap_count=0 point_overlap_ratio=0 point_pair_count=128 pos_in_pred_fg=1 pos_in_pred_fg_count=128 positive_pair_count=64 positive_pair_distance_sum=859.8 roi_count=64 valid_neg_count=128 valid_pos_count=128 warmup_stage=2
2026-07-30 00:13:28,449 - portable_sam_fusion - INFO - [DEBUG-BOX] epoch=2 step=350 fallback_count=0 fallback_ratio=0 num_rois=64 refined_proposal_iou=0 refined_proposal_iou_sum=0 refined_valid_count=0
2026-07-30 00:13:28,449 - portable_sam_fusion - INFO - [DEBUG-COARSE] epoch=2 step=350 bce_raw=0.342 boundary_fn=8612 boundary_fp=8388 boundary_tp=1.784e+04 dice=0.1753 dice_loss_raw=0.1753 iou=0.7046 loss_weight=0.1 raw_boundary_fn=8612 raw_boundary_fp=8388 raw_boundary_tp=1.784e+04 raw_dice_score=0.8247 raw_iou=0.7046 weighted_loss=0.05172
2026-07-30 00:13:28,449 - portable_sam_fusion - INFO - [DEBUG-CONTEXT] epoch=2 step=350 enabled=0
2026-07-30 00:13:28,449 - portable_sam_fusion - INFO - [DEBUG-DENSE] epoch=2 step=350 applied_delta_norm=1.65 applied_delta_ratio=0.1413 base_norm=11.68 canvas_max=7.432 canvas_mean=0.004397 canvas_min=-6.181 canvas_nonzero_ratio=0.009057 canvas_std=0.3092 final_norm=11.74 residual_alpha=0.2504 shape_norm=13.33 source_delta_norm=6.59 source_delta_ratio=0.5643
2026-07-30 00:13:28,449 - portable_sam_fusion - INFO - [DEBUG-GATE] epoch=2 step=350 shape_dense_alpha_max=0.2504 shape_dense_alpha_mean=0.2504 shape_dense_alpha_min=0.2504
2026-07-30 00:13:28,449 - portable_sam_fusion - INFO - [DEBUG-JITTER] epoch=2 step=350 area_ratio_count=64 area_ratio_mean=1 area_ratio_sum=64 fallback_count=0 mean_iou=1 num_jittered=0 num_rois=64
2026-07-30 00:13:28,449 - portable_sam_fusion - INFO - [DEBUG-SP] epoch=2 step=350 all_invalid_count=0 all_invalid_ratio=0 empty_count=0 empty_ratio=0 full_count=0 full_ratio=0 mean_point_distance=30.51 n1_gt_valid_count=64 n1_in_gt_bg=0.5781 n1_in_gt_bg_count=37 n1_valid_count=64 n1_valid_ratio=1 n2_gt_valid_count=64 n2_in_gt_bg=0.9688 n2_in_gt_bg_count=62 n2_valid_count=64 n2_valid_ratio=1 neg_in_pred_bg=1 neg_in_pred_bg_count=128 negative_pair_count=64 negative_pair_distance_sum=2840 p1_gt_valid_count=64 p1_in_gt_fg=0.9844 p1_in_gt_fg_count=63 p1_valid_count=64 p1_valid_ratio=1 p2_gt_valid_count=64 p2_in_gt_fg=1 p2_in_gt_fg_count=64 p2_valid_count=64 p2_valid_ratio=1 point_distance_sum=3905 point_overlap_count=0 point_overlap_ratio=0 point_pair_count=128 pos_in_pred_fg=1 pos_in_pred_fg_count=128 positive_pair_count=64 positive_pair_distance_sum=1066 roi_count=64 valid_neg_count=128 valid_pos_count=128 warmup_stage=2
2026-07-30 00:14:39,628 - portable_sam_fusion - INFO - epoch 2 | mini-batch 104/294 | optimizer_step 100/5920 | lr=5.000e-04
2026-07-30 00:14:41,468 - portable_sam_fusion - INFO - [DEBUG-BOX] epoch=2 step=400 fallback_count=0 fallback_ratio=0 num_rois=64 refined_proposal_iou=0 refined_proposal_iou_sum=0 refined_valid_count=0
2026-07-30 00:14:41,468 - portable_sam_fusion - INFO - [DEBUG-COARSE] epoch=2 step=400 bce_raw=0.3465 boundary_fn=8178 boundary_fp=9597 boundary_tp=1.577e+04 dice=0.1423 dice_loss_raw=0.1423 iou=0.7539 loss_weight=0.1 raw_boundary_fn=8178 raw_boundary_fp=9597 raw_boundary_tp=1.577e+04 raw_dice_score=0.8577 raw_iou=0.7539 weighted_loss=0.04887
2026-07-30 00:14:41,468 - portable_sam_fusion - INFO - [DEBUG-CONTEXT] epoch=2 step=400 enabled=0
2026-07-30 00:14:41,468 - portable_sam_fusion - INFO - [DEBUG-DENSE] epoch=2 step=400 applied_delta_norm=1.717 applied_delta_ratio=0.147 base_norm=11.68 canvas_max=5.773 canvas_mean=0.01368 canvas_min=-4.025 canvas_nonzero_ratio=0.00781 canvas_std=0.2381 final_norm=11.74 residual_alpha=0.2505 shape_norm=13.37 source_delta_norm=6.853 source_delta_ratio=0.5868
2026-07-30 00:14:41,468 - portable_sam_fusion - INFO - [DEBUG-GATE] epoch=2 step=400 shape_dense_alpha_max=0.2505 shape_dense_alpha_mean=0.2505 shape_dense_alpha_min=0.2505
2026-07-30 00:14:41,468 - portable_sam_fusion - INFO - [DEBUG-JITTER] epoch=2 step=400 area_ratio_count=64 area_ratio_mean=1 area_ratio_sum=64 fallback_count=0 mean_iou=1 num_jittered=0 num_rois=64
2026-07-30 00:14:41,468 - portable_sam_fusion - INFO - [DEBUG-SP] epoch=2 step=400 all_invalid_count=0 all_invalid_ratio=0 empty_count=0 empty_ratio=0 full_count=0 full_ratio=0 mean_point_distance=30.64 n1_gt_valid_count=64 n1_in_gt_bg=0.7656 n1_in_gt_bg_count=49 n1_valid_count=64 n1_valid_ratio=1 n2_gt_valid_count=64 n2_in_gt_bg=0.9531 n2_in_gt_bg_count=61 n2_valid_count=64 n2_valid_ratio=1 neg_in_pred_bg=1 neg_in_pred_bg_count=128 negative_pair_count=64 negative_pair_distance_sum=2977 p1_gt_valid_count=64 p1_in_gt_fg=1 p1_in_gt_fg_count=64 p1_valid_count=64 p1_valid_ratio=1 p2_gt_valid_count=64 p2_in_gt_fg=1 p2_in_gt_fg_count=64 p2_valid_count=64 p2_valid_ratio=1 point_distance_sum=3922 point_overlap_count=0 point_overlap_ratio=0 point_pair_count=128 pos_in_pred_fg=1 pos_in_pred_fg_count=128 positive_pair_count=64 positive_pair_distance_sum=945 roi_count=64 valid_neg_count=128 valid_pos_count=128 warmup_stage=2
2026-07-30 00:15:43,712 - portable_sam_fusion - INFO - [DEBUG-BOX] epoch=2 step=450 fallback_count=0 fallback_ratio=0 num_rois=64 refined_proposal_iou=0 refined_proposal_iou_sum=0 refined_valid_count=0
2026-07-30 00:15:43,712 - portable_sam_fusion - INFO - [DEBUG-COARSE] epoch=2 step=450 bce_raw=0.3017 boundary_fn=6723 boundary_fp=8044 boundary_tp=1.727e+04 dice=0.1291 dice_loss_raw=0.1291 iou=0.774 loss_weight=0.1 raw_boundary_fn=6723 raw_boundary_fp=8044 raw_boundary_tp=1.727e+04 raw_dice_score=0.8709 raw_iou=0.774 weighted_loss=0.04308
2026-07-30 00:15:43,712 - portable_sam_fusion - INFO - [DEBUG-CONTEXT] epoch=2 step=450 enabled=0
2026-07-30 00:15:43,712 - portable_sam_fusion - INFO - [DEBUG-DENSE] epoch=2 step=450 applied_delta_norm=1.155 applied_delta_ratio=0.09886 base_norm=11.68 canvas_max=6.679 canvas_mean=0.005588 canvas_min=-5.746 canvas_nonzero_ratio=0.004538 canvas_std=0.2169 final_norm=11.71 residual_alpha=0.2506 shape_norm=12.55 source_delta_norm=4.606 source_delta_ratio=0.3944
2026-07-30 00:15:43,712 - portable_sam_fusion - INFO - [DEBUG-GATE] epoch=2 step=450 shape_dense_alpha_max=0.2506 shape_dense_alpha_mean=0.2506 shape_dense_alpha_min=0.2506
2026-07-30 00:15:43,713 - portable_sam_fusion - INFO - [DEBUG-JITTER] epoch=2 step=450 area_ratio_count=64 area_ratio_mean=1 area_ratio_sum=64 fallback_count=0 mean_iou=1 num_jittered=0 num_rois=64
2026-07-30 00:15:43,713 - portable_sam_fusion - INFO - [DEBUG-SP] epoch=2 step=450 all_invalid_count=0 all_invalid_ratio=0 empty_count=0 empty_ratio=0 full_count=0 full_ratio=0 mean_point_distance=21.35 n1_gt_valid_count=64 n1_in_gt_bg=0.4844 n1_in_gt_bg_count=31 n1_valid_count=64 n1_valid_ratio=1 n2_gt_valid_count=64 n2_in_gt_bg=0.9062 n2_in_gt_bg_count=58 n2_valid_count=64 n2_valid_ratio=1 neg_in_pred_bg=1 neg_in_pred_bg_count=128 negative_pair_count=64 negative_pair_distance_sum=2127 p1_gt_valid_count=64 p1_in_gt_fg=1 p1_in_gt_fg_count=64 p1_valid_count=64 p1_valid_ratio=1 p2_gt_valid_count=64 p2_in_gt_fg=0.9688 p2_in_gt_fg_count=62 p2_valid_count=64 p2_valid_ratio=1 point_distance_sum=2732 point_overlap_count=0 point_overlap_ratio=0 point_pair_count=128 pos_in_pred_fg=1 pos_in_pred_fg_count=128 positive_pair_count=64 positive_pair_distance_sum=604.8 roi_count=64 valid_neg_count=128 valid_pos_count=128 warmup_stage=2
2026-07-30 00:16:56,357 - portable_sam_fusion - INFO - [DEBUG-BOX] epoch=2 step=500 fallback_count=0 fallback_ratio=0 num_rois=64 refined_proposal_iou=0 refined_proposal_iou_sum=0 refined_valid_count=0
2026-07-30 00:16:56,357 - portable_sam_fusion - INFO - [DEBUG-COARSE] epoch=2 step=500 bce_raw=0.3353 boundary_fn=6510 boundary_fp=8399 boundary_tp=1.709e+04 dice=0.1271 dice_loss_raw=0.1271 iou=0.7781 loss_weight=0.1 raw_boundary_fn=6510 raw_boundary_fp=8399 raw_boundary_tp=1.709e+04 raw_dice_score=0.8729 raw_iou=0.7781 weighted_loss=0.04624
2026-07-30 00:16:56,358 - portable_sam_fusion - INFO - [DEBUG-CONTEXT] epoch=2 step=500 enabled=0
2026-07-30 00:16:56,358 - portable_sam_fusion - INFO - [DEBUG-DENSE] epoch=2 step=500 applied_delta_norm=1.135 applied_delta_ratio=0.09717 base_norm=11.68 canvas_max=7.472 canvas_mean=0.004064 canvas_min=-7.736 canvas_nonzero_ratio=0.004884 canvas_std=0.2424 final_norm=11.71 residual_alpha=0.2507 shape_norm=12.58 source_delta_norm=4.526 source_delta_ratio=0.3875
2026-07-30 00:16:56,358 - portable_sam_fusion - INFO - [DEBUG-GATE] epoch=2 step=500 shape_dense_alpha_max=0.2507 shape_dense_alpha_mean=0.2507 shape_dense_alpha_min=0.2507
2026-07-30 00:16:56,358 - portable_sam_fusion - INFO - [DEBUG-JITTER] epoch=2 step=500 area_ratio_count=64 area_ratio_mean=1 area_ratio_sum=64 fallback_count=0 mean_iou=1 num_jittered=0 num_rois=64
2026-07-30 00:16:56,358 - portable_sam_fusion - INFO - [DEBUG-SP] epoch=2 step=500 all_invalid_count=0 all_invalid_ratio=0 empty_count=0 empty_ratio=0 full_count=0 full_ratio=0 mean_point_distance=24.85 n1_gt_valid_count=64 n1_in_gt_bg=0.4531 n1_in_gt_bg_count=29 n1_valid_count=64 n1_valid_ratio=1 n2_gt_valid_count=64 n2_in_gt_bg=0.875 n2_in_gt_bg_count=56 n2_valid_count=64 n2_valid_ratio=1 neg_in_pred_bg=1 neg_in_pred_bg_count=128 negative_pair_count=64 negative_pair_distance_sum=2474 p1_gt_valid_count=64 p1_in_gt_fg=1 p1_in_gt_fg_count=64 p1_valid_count=64 p1_valid_ratio=1 p2_gt_valid_count=64 p2_in_gt_fg=1 p2_in_gt_fg_count=64 p2_valid_count=64 p2_valid_ratio=1 point_distance_sum=3181 point_overlap_count=0 point_overlap_ratio=0 point_pair_count=128 pos_in_pred_fg=1 pos_in_pred_fg_count=128 positive_pair_count=64 positive_pair_distance_sum=707.5 roi_count=64 valid_neg_count=128 valid_pos_count=128 warmup_stage=2
2026-07-30 00:18:08,352 - portable_sam_fusion - INFO - [DEBUG-BOX] epoch=2 step=550 fallback_count=0 fallback_ratio=0 num_rois=64 refined_proposal_iou=0 refined_proposal_iou_sum=0 refined_valid_count=0
2026-07-30 00:18:08,352 - portable_sam_fusion - INFO - [DEBUG-COARSE] epoch=2 step=550 bce_raw=0.2367 boundary_fn=4570 boundary_fp=5494 boundary_tp=1.962e+04 dice=0.1265 dice_loss_raw=0.1265 iou=0.7771 loss_weight=0.1 raw_boundary_fn=4570 raw_boundary_fp=5494 raw_boundary_tp=1.962e+04 raw_dice_score=0.8735 raw_iou=0.7771 weighted_loss=0.03633
2026-07-30 00:18:08,352 - portable_sam_fusion - INFO - [DEBUG-CONTEXT] epoch=2 step=550 enabled=0
2026-07-30 00:18:08,352 - portable_sam_fusion - INFO - [DEBUG-DENSE] epoch=2 step=550 applied_delta_norm=1.302 applied_delta_ratio=0.1115 base_norm=11.68 canvas_max=6.705 canvas_mean=0.005445 canvas_min=-6.196 canvas_nonzero_ratio=0.005627 canvas_std=0.2449 final_norm=11.72 residual_alpha=0.2508 shape_norm=12.75 source_delta_norm=5.193 source_delta_ratio=0.4447
2026-07-30 00:18:08,352 - portable_sam_fusion - INFO - [DEBUG-GATE] epoch=2 step=550 shape_dense_alpha_max=0.2508 shape_dense_alpha_mean=0.2508 shape_dense_alpha_min=0.2508
2026-07-30 00:18:08,352 - portable_sam_fusion - INFO - [DEBUG-JITTER] epoch=2 step=550 area_ratio_count=64 area_ratio_mean=1 area_ratio_sum=64 fallback_count=0 mean_iou=1 num_jittered=0 num_rois=64
2026-07-30 00:18:08,352 - portable_sam_fusion - INFO - [DEBUG-SP] epoch=2 step=550 all_invalid_count=0 all_invalid_ratio=0 empty_count=0 empty_ratio=0 full_count=0 full_ratio=0 mean_point_distance=28.76 n1_gt_valid_count=64 n1_in_gt_bg=0.625 n1_in_gt_bg_count=40 n1_valid_count=64 n1_valid_ratio=1 n2_gt_valid_count=64 n2_in_gt_bg=0.9844 n2_in_gt_bg_count=63 n2_valid_count=64 n2_valid_ratio=1 neg_in_pred_bg=1 neg_in_pred_bg_count=128 negative_pair_count=64 negative_pair_distance_sum=3023 p1_gt_valid_count=64 p1_in_gt_fg=1 p1_in_gt_fg_count=64 p1_valid_count=64 p1_valid_ratio=1 p2_gt_valid_count=64 p2_in_gt_fg=1 p2_in_gt_fg_count=64 p2_valid_count=64 p2_valid_ratio=1 point_distance_sum=3681 point_overlap_count=0 point_overlap_ratio=0 point_pair_count=128 pos_in_pred_fg=1 pos_in_pred_fg_count=128 positive_pair_count=64 positive_pair_distance_sum=657.7 roi_count=64 valid_neg_count=128 valid_pos_count=128 warmup_stage=2
2026-07-30 00:19:00,411 - portable_sam_fusion - INFO - Epoch 2 detailed losses: loss_rpn_cls=0.0839, loss_rpn_bbox=0.0345, loss_cls=0.3504, acc=84.4056, loss_bbox=0.2247, loss_mask=0.0038, debug_mask_pos_rois=55.5850, debug_mask_logit_mean=-14.8935, debug_mask_logit_std=3.2943, debug_mask_prob_mean=0.0047, debug_mask_prob_ge05=0.0045, debug_mask_target_fill=0.0048, loss_shape_prior=0.0477, schedule/det_weight=1.0000
2026-07-30 00:19:00,411 - portable_sam_fusion - INFO - Epoch 2 dense residual monitor: alpha=0.250605 source_delta_norm=6.0387 applied_delta_norm=1.5133 source_delta_ratio=0.517085 applied_delta_ratio=0.129579
2026-07-30 00:19:00,411 - portable_sam_fusion - INFO - Epoch 2 primary loss shares: det=93.09% final_mask=0.51% shape=6.40% p2_boundary=0.00%
2026-07-30 00:19:00,411 - portable_sam_fusion - INFO - Epoch 2 schedule: det_loss_weight=1.000 early_stop_start=20 min_delta=0.0005
2026-07-30 00:19:00,411 - portable_sam_fusion - INFO - Epoch 2 learning rates: sat_backbone=5.00e-04, mask_decoder=5.00e-04, shape_prior=5.00e-04, quality_head=5.00e-04, sat_other=5.00e-04
2026-07-30 00:23:45,460 - portable_sam_fusion - INFO - Validation samples: GT=15926, DT=33115, avg_masks_per_image=52.81, avg_mask_fill=0.0114
creating index...
index created!
Loading and preparing results...
DONE (t=0.04s)
creating index...
index created!
Running per image evaluation...
Evaluate annotation type *bbox*
DONE (t=13.73s).
Accumulating evaluation results...
DONE (t=0.29s).
 Average Precision  (AP) @[ IoU=0.50:0.95 | area=   all | maxDets=100 ] = 0.485
 Average Precision  (AP) @[ IoU=0.50      | area=   all | maxDets=100 ] = 0.795
 Average Precision  (AP) @[ IoU=0.75      | area=   all | maxDets=100 ] = 0.555
 Average Precision  (AP) @[ IoU=0.50:0.95 | area= small | maxDets=100 ] = 0.089
 Average Precision  (AP) @[ IoU=0.50:0.95 | area=medium | maxDets=100 ] = 0.544
 Average Precision  (AP) @[ IoU=0.50:0.95 | area= large | maxDets=100 ] = 0.548
 Average Recall     (AR) @[ IoU=0.50:0.95 | area=   all | maxDets=  1 ] = 0.021
 Average Recall     (AR) @[ IoU=0.50:0.95 | area=   all | maxDets= 10 ] = 0.150
 Average Recall     (AR) @[ IoU=0.50:0.95 | area=   all | maxDets=100 ] = 0.571
 Average Recall     (AR) @[ IoU=0.50:0.95 | area= small | maxDets=100 ] = 0.205
 Average Recall     (AR) @[ IoU=0.50:0.95 | area=medium | maxDets=100 ] = 0.631
 Average Recall     (AR) @[ IoU=0.50:0.95 | area= large | maxDets=100 ] = 0.633
2026-07-30 00:23:59,753 - portable_sam_fusion - INFO - Validation bbox/mAP: 0.4846 bbox/mAP_75: 0.5550
Running per image evaluation...
Evaluate annotation type *segm*
DONE (t=14.40s).
Accumulating evaluation results...
DONE (t=0.28s).
 Average Precision  (AP) @[ IoU=0.50:0.95 | area=   all | maxDets=100 ] = 0.397
 Average Precision  (AP) @[ IoU=0.50      | area=   all | maxDets=100 ] = 0.773
 Average Precision  (AP) @[ IoU=0.75      | area=   all | maxDets=100 ] = 0.400
 Average Precision  (AP) @[ IoU=0.50:0.95 | area= small | maxDets=100 ] = 0.021
 Average Precision  (AP) @[ IoU=0.50:0.95 | area=medium | maxDets=100 ] = 0.423
 Average Precision  (AP) @[ IoU=0.50:0.95 | area= large | maxDets=100 ] = 0.564
 Average Recall     (AR) @[ IoU=0.50:0.95 | area=   all | maxDets=  1 ] = 0.019
 Average Recall     (AR) @[ IoU=0.50:0.95 | area=   all | maxDets= 10 ] = 0.132
 Average Recall     (AR) @[ IoU=0.50:0.95 | area=   all | maxDets=100 ] = 0.466
 Average Recall     (AR) @[ IoU=0.50:0.95 | area= small | maxDets=100 ] = 0.074
 Average Recall     (AR) @[ IoU=0.50:0.95 | area=medium | maxDets=100 ] = 0.493
 Average Recall     (AR) @[ IoU=0.50:0.95 | area= large | maxDets=100 ] = 0.635
2026-07-30 00:24:14,509 - portable_sam_fusion - INFO - Validation segm/mAP: 0.3970
2026-07-30 00:24:15,426 - portable_sam_fusion - INFO - New best segm/mAP: 0.3970
2026-07-30 00:24:15,427 - portable_sam_fusion - INFO - New best bbox/mAP: 0.4846
2026-07-30 00:24:15,427 - portable_sam_fusion - INFO - New best early-stop metric (segm/mAP): raw=0.3970 smooth(5)=0.3155
2026-07-30 00:24:17,920 - portable_sam_fusion - INFO - Saved best_model with segm/mAP: 0.3970
2026-07-30 00:24:20,602 - portable_sam_fusion - INFO - Saved best_bbox_model with bbox/mAP: 0.4846
2026-07-30 00:24:26,038 - portable_sam_fusion - INFO - Epoch 2/80 | train=0.745009 val=disabled segm/mAP=0.3970 bbox/mAP=0.4846 | best_segm=0.3970 best_bbox=0.4846 best_comp=0.0000 | sat_backbone=5.00e-04 mask_decoder=5.00e-04 shape_prior=5.00e-04 quality_head=5.00e-04 sat_other=5.00e-04
2026-07-30 00:24:34,478 - portable_sam_fusion - INFO - epoch 3 | mini-batch 8/294 | optimizer_step 150/5920 | lr=4.999e-04
2026-07-30 00:24:37,570 - portable_sam_fusion - INFO - [DEBUG-BOX] epoch=3 step=600 fallback_count=0 fallback_ratio=0 num_rois=64 refined_proposal_iou=0 refined_proposal_iou_sum=0 refined_valid_count=0
2026-07-30 00:24:37,570 - portable_sam_fusion - INFO - [DEBUG-COARSE] epoch=3 step=600 bce_raw=0.2782 boundary_fn=6344 boundary_fp=6237 boundary_tp=1.686e+04 dice=0.1224 dice_loss_raw=0.1224 iou=0.7868 loss_weight=0.1 raw_boundary_fn=6344 raw_boundary_fp=6237 raw_boundary_tp=1.686e+04 raw_dice_score=0.8776 raw_iou=0.7868 weighted_loss=0.04006
2026-07-30 00:24:37,570 - portable_sam_fusion - INFO - [DEBUG-CONTEXT] epoch=3 step=600 enabled=0
2026-07-30 00:24:37,570 - portable_sam_fusion - INFO - [DEBUG-DENSE] epoch=3 step=600 applied_delta_norm=1.425 applied_delta_ratio=0.122 base_norm=11.68 canvas_max=8 canvas_mean=0.007526 canvas_min=-7.314 canvas_nonzero_ratio=0.007051 canvas_std=0.2795 final_norm=11.73 residual_alpha=0.2509 shape_norm=13.01 source_delta_norm=5.679 source_delta_ratio=0.4863
2026-07-30 00:24:37,570 - portable_sam_fusion - INFO - [DEBUG-GATE] epoch=3 step=600 shape_dense_alpha_max=0.2509 shape_dense_alpha_mean=0.2509 shape_dense_alpha_min=0.2509
2026-07-30 00:24:37,570 - portable_sam_fusion - INFO - [DEBUG-JITTER] epoch=3 step=600 area_ratio_count=64 area_ratio_mean=1 area_ratio_sum=64 fallback_count=0 mean_iou=1 num_jittered=0 num_rois=64
2026-07-30 00:24:37,571 - portable_sam_fusion - INFO - [DEBUG-SP] epoch=3 step=600 all_invalid_count=0 all_invalid_ratio=0 empty_count=0 empty_ratio=0 full_count=0 full_ratio=0 mean_point_distance=25.13 n1_gt_valid_count=64 n1_in_gt_bg=0.6719 n1_in_gt_bg_count=43 n1_valid_count=64 n1_valid_ratio=1 n2_gt_valid_count=64 n2_in_gt_bg=0.9531 n2_in_gt_bg_count=61 n2_valid_count=64 n2_valid_ratio=1 neg_in_pred_bg=1 neg_in_pred_bg_count=128 negative_pair_count=64 negative_pair_distance_sum=2367 p1_gt_valid_count=64 p1_in_gt_fg=1 p1_in_gt_fg_count=64 p1_valid_count=64 p1_valid_ratio=1 p2_gt_valid_count=64 p2_in_gt_fg=1 p2_in_gt_fg_count=64 p2_valid_count=64 p2_valid_ratio=1 point_distance_sum=3217 point_overlap_count=0 point_overlap_ratio=0 point_pair_count=128 pos_in_pred_fg=1 pos_in_pred_fg_count=128 positive_pair_count=64 positive_pair_distance_sum=850.1 roi_count=64 valid_neg_count=128 valid_pos_count=128 warmup_stage=2
2026-07-30 00:25:24,063 - portable_sam_fusion - INFO - [DEBUG-BOX] epoch=3 step=650 fallback_count=0 fallback_ratio=0 num_rois=0 refined_proposal_iou=0 refined_proposal_iou_sum=0 refined_valid_count=0
2026-07-30 00:25:24,063 - portable_sam_fusion - INFO - [DEBUG-COARSE] epoch=3 step=650 boundary_fn=0 boundary_fp=0 boundary_tp=0 dice=0 iou=0
2026-07-30 00:25:24,063 - portable_sam_fusion - INFO - [DEBUG-CONTEXT] epoch=3 step=650 enabled=0
2026-07-30 00:25:24,063 - portable_sam_fusion - INFO - [DEBUG-DENSE] epoch=3 step=650 applied_delta_norm=1.517 applied_delta_ratio=0.1299 base_norm=11.68 canvas_max=7.245 canvas_mean=0.009243 canvas_min=-6.705 canvas_nonzero_ratio=0.01019 canvas_std=0.3382 final_norm=11.76 residual_alpha=0.251 shape_norm=13.32 source_delta_norm=6.044 source_delta_ratio=0.5176
2026-07-30 00:25:24,063 - portable_sam_fusion - INFO - [DEBUG-GATE] epoch=3 step=650 shape_dense_alpha_max=0.251 shape_dense_alpha_mean=0.251 shape_dense_alpha_min=0.251
2026-07-30 00:25:24,063 - portable_sam_fusion - INFO - [DEBUG-JITTER] epoch=3 step=650 area_ratio_count=0 area_ratio_mean=0 area_ratio_sum=0 fallback_count=0 mean_iou=0 num_jittered=0 num_rois=0
2026-07-30 00:25:24,063 - portable_sam_fusion - INFO - [DEBUG-SP] epoch=3 step=650 all_invalid_count=0 all_invalid_ratio=0 empty_count=0 empty_ratio=0 full_count=0 full_ratio=0 mean_point_distance=33.15 n1_gt_valid_count=64 n1_in_gt_bg=0.8281 n1_in_gt_bg_count=53 n1_valid_count=64 n1_valid_ratio=1 n2_gt_valid_count=64 n2_in_gt_bg=1 n2_in_gt_bg_count=64 n2_valid_count=64 n2_valid_ratio=1 neg_in_pred_bg=1 neg_in_pred_bg_count=128 negative_pair_count=64 negative_pair_distance_sum=3222 p1_gt_valid_count=64 p1_in_gt_fg=0.9844 p1_in_gt_fg_count=63 p1_valid_count=64 p1_valid_ratio=1 p2_gt_valid_count=64 p2_in_gt_fg=0.9844 p2_in_gt_fg_count=63 p2_valid_count=64 p2_valid_ratio=1 point_distance_sum=4243 point_overlap_count=0 point_overlap_ratio=0 point_pair_count=128 pos_in_pred_fg=1 pos_in_pred_fg_count=128 positive_pair_count=64 positive_pair_distance_sum=1021 roi_count=64 valid_neg_count=128 valid_pos_count=128 warmup_stage=2
2026-07-30 00:26:13,942 - portable_sam_fusion - INFO - [DEBUG-BOX] epoch=3 step=700 fallback_count=0 fallback_ratio=0 num_rois=0 refined_proposal_iou=0 refined_proposal_iou_sum=0 refined_valid_count=0
2026-07-30 00:26:13,943 - portable_sam_fusion - INFO - [DEBUG-COARSE] epoch=3 step=700 boundary_fn=0 boundary_fp=0 boundary_tp=0 dice=0 iou=0
2026-07-30 00:26:13,943 - portable_sam_fusion - INFO - [DEBUG-CONTEXT] epoch=3 step=700 enabled=0
2026-07-30 00:26:13,943 - portable_sam_fusion - INFO - [DEBUG-DENSE] epoch=3 step=700 applied_delta_norm=1.264 applied_delta_ratio=0.1082 base_norm=11.68 canvas_max=7.946 canvas_mean=0.001905 canvas_min=-7.739 canvas_nonzero_ratio=0.005533 canvas_std=0.266 final_norm=11.72 residual_alpha=0.251 shape_norm=12.74 source_delta_norm=5.035 source_delta_ratio=0.4312
2026-07-30 00:26:13,943 - portable_sam_fusion - INFO - [DEBUG-GATE] epoch=3 step=700 shape_dense_alpha_max=0.251 shape_dense_alpha_mean=0.251 shape_dense_alpha_min=0.251
2026-07-30 00:26:13,943 - portable_sam_fusion - INFO - [DEBUG-JITTER] epoch=3 step=700 area_ratio_count=0 area_ratio_mean=0 area_ratio_sum=0 fallback_count=0 mean_iou=0 num_jittered=0 num_rois=0
2026-07-30 00:26:13,943 - portable_sam_fusion - INFO - [DEBUG-SP] epoch=3 step=700 all_invalid_count=0 all_invalid_ratio=0 empty_count=0 empty_ratio=0 full_count=0 full_ratio=0 mean_point_distance=19.44 n1_gt_valid_count=64 n1_in_gt_bg=0.875 n1_in_gt_bg_count=56 n1_valid_count=64 n1_valid_ratio=1 n2_gt_valid_count=64 n2_in_gt_bg=1 n2_in_gt_bg_count=64 n2_valid_count=64 n2_valid_ratio=1 neg_in_pred_bg=1 neg_in_pred_bg_count=128 negative_pair_count=64 negative_pair_distance_sum=1856 p1_gt_valid_count=64 p1_in_gt_fg=1 p1_in_gt_fg_count=64 p1_valid_count=64 p1_valid_ratio=1 p2_gt_valid_count=64 p2_in_gt_fg=1 p2_in_gt_fg_count=64 p2_valid_count=64 p2_valid_ratio=1 point_distance_sum=2489 point_overlap_count=0 point_overlap_ratio=0 point_pair_count=128 pos_in_pred_fg=1 pos_in_pred_fg_count=128 positive_pair_count=64 positive_pair_distance_sum=632.7 roi_count=64 valid_neg_count=128 valid_pos_count=128 warmup_stage=2
2026-07-30 00:27:00,448 - portable_sam_fusion - INFO - [DEBUG-BOX] epoch=3 step=750 fallback_count=0 fallback_ratio=0 num_rois=64 refined_proposal_iou=0 refined_proposal_iou_sum=0 refined_valid_count=0
2026-07-30 00:27:00,448 - portable_sam_fusion - INFO - [DEBUG-COARSE] epoch=3 step=750 bce_raw=0.2458 boundary_fn=5398 boundary_fp=5539 boundary_tp=1.904e+04 dice=0.1247 dice_loss_raw=0.1247 iou=0.7836 loss_weight=0.1 raw_boundary_fn=5398 raw_boundary_fp=5539 raw_boundary_tp=1.904e+04 raw_dice_score=0.8753 raw_iou=0.7836 weighted_loss=0.03705
2026-07-30 00:27:00,448 - portable_sam_fusion - INFO - [DEBUG-CONTEXT] epoch=3 step=750 enabled=0
2026-07-30 00:27:00,448 - portable_sam_fusion - INFO - [DEBUG-DENSE] epoch=3 step=750 applied_delta_norm=1.069 applied_delta_ratio=0.09155 base_norm=11.68 canvas_max=7.232 canvas_mean=0.003238 canvas_min=-6.779 canvas_nonzero_ratio=0.004482 canvas_std=0.2479 final_norm=11.71 residual_alpha=0.2511 shape_norm=12.49 source_delta_norm=4.257 source_delta_ratio=0.3645
2026-07-30 00:27:00,449 - portable_sam_fusion - INFO - [DEBUG-GATE] epoch=3 step=750 shape_dense_alpha_max=0.2511 shape_dense_alpha_mean=0.2511 shape_dense_alpha_min=0.2511
2026-07-30 00:27:00,449 - portable_sam_fusion - INFO - [DEBUG-JITTER] epoch=3 step=750 area_ratio_count=64 area_ratio_mean=1 area_ratio_sum=64 fallback_count=0 mean_iou=1 num_jittered=0 num_rois=64
2026-07-30 00:27:00,449 - portable_sam_fusion - INFO - [DEBUG-SP] epoch=3 step=750 all_invalid_count=0 all_invalid_ratio=0 empty_count=0 empty_ratio=0 full_count=0 full_ratio=0 mean_point_distance=19.05 n1_gt_valid_count=64 n1_in_gt_bg=0.8281 n1_in_gt_bg_count=53 n1_valid_count=64 n1_valid_ratio=1 n2_gt_valid_count=64 n2_in_gt_bg=0.9688 n2_in_gt_bg_count=62 n2_valid_count=64 n2_valid_ratio=1 neg_in_pred_bg=1 neg_in_pred_bg_count=128 negative_pair_count=64 negative_pair_distance_sum=1749 p1_gt_valid_count=64 p1_in_gt_fg=1 p1_in_gt_fg_count=64 p1_valid_count=64 p1_valid_ratio=1 p2_gt_valid_count=64 p2_in_gt_fg=0.9844 p2_in_gt_fg_count=63 p2_valid_count=64 p2_valid_ratio=1 point_distance_sum=2438 point_overlap_count=0 point_overlap_ratio=0 point_pair_count=128 pos_in_pred_fg=1 pos_in_pred_fg_count=128 positive_pair_count=64 positive_pair_distance_sum=689 roi_count=64 valid_neg_count=128 valid_pos_count=128 warmup_stage=2
2026-07-30 00:28:04,279 - portable_sam_fusion - INFO - epoch 3 | mini-batch 208/294 | optimizer_step 200/5920 | lr=4.996e-04
2026-07-30 00:28:09,586 - portable_sam_fusion - INFO - [DEBUG-BOX] epoch=3 step=800 fallback_count=0 fallback_ratio=0 num_rois=64 refined_proposal_iou=0 refined_proposal_iou_sum=0 refined_valid_count=0
2026-07-30 00:28:09,586 - portable_sam_fusion - INFO - [DEBUG-COARSE] epoch=3 step=800 bce_raw=0.294 boundary_fn=7250 boundary_fp=6744 boundary_tp=1.824e+04 dice=0.1182 dice_loss_raw=0.1182 iou=0.7907 loss_weight=0.1 raw_boundary_fn=7250 raw_boundary_fp=6744 raw_boundary_tp=1.824e+04 raw_dice_score=0.8818 raw_iou=0.7907 weighted_loss=0.04122
2026-07-30 00:28:09,586 - portable_sam_fusion - INFO - [DEBUG-CONTEXT] epoch=3 step=800 enabled=0
2026-07-30 00:28:09,586 - portable_sam_fusion - INFO - [DEBUG-DENSE] epoch=3 step=800 applied_delta_norm=2.279 applied_delta_ratio=0.1952 base_norm=11.68 canvas_max=7.619 canvas_mean=0.03274 canvas_min=-6.498 canvas_nonzero_ratio=0.0165 canvas_std=0.4347 final_norm=11.82 residual_alpha=0.2513 shape_norm=14.76 source_delta_norm=9.072 source_delta_ratio=0.7768
2026-07-30 00:28:09,586 - portable_sam_fusion - INFO - [DEBUG-GATE] epoch=3 step=800 shape_dense_alpha_max=0.2513 shape_dense_alpha_mean=0.2513 shape_dense_alpha_min=0.2513
2026-07-30 00:28:09,586 - portable_sam_fusion - INFO - [DEBUG-JITTER] epoch=3 step=800 area_ratio_count=64 area_ratio_mean=1 area_ratio_sum=64 fallback_count=0 mean_iou=1 num_jittered=0 num_rois=64
2026-07-30 00:28:09,586 - portable_sam_fusion - INFO - [DEBUG-SP] epoch=3 step=800 all_invalid_count=0 all_invalid_ratio=0 empty_count=0 empty_ratio=0 full_count=0 full_ratio=0 mean_point_distance=42.5 n1_gt_valid_count=64 n1_in_gt_bg=0.9062 n1_in_gt_bg_count=58 n1_valid_count=64 n1_valid_ratio=1 n2_gt_valid_count=63 n2_in_gt_bg=0.9841 n2_in_gt_bg_count=62 n2_valid_count=63 n2_valid_ratio=0.9844 neg_in_pred_bg=1 neg_in_pred_bg_count=127 negative_pair_count=63 negative_pair_distance_sum=4037 p1_gt_valid_count=64 p1_in_gt_fg=1 p1_in_gt_fg_count=64 p1_valid_count=64 p1_valid_ratio=1 p2_gt_valid_count=64 p2_in_gt_fg=1 p2_in_gt_fg_count=64 p2_valid_count=64 p2_valid_ratio=1 point_distance_sum=5398 point_overlap_count=0 point_overlap_ratio=0 point_pair_count=127 pos_in_pred_fg=1 pos_in_pred_fg_count=128 positive_pair_count=64 positive_pair_distance_sum=1361 roi_count=64 valid_neg_count=127 valid_pos_count=128 warmup_stage=2
2026-07-30 00:29:17,931 - portable_sam_fusion - INFO - [DEBUG-BOX] epoch=3 step=850 fallback_count=0 fallback_ratio=0 num_rois=0 refined_proposal_iou=0 refined_proposal_iou_sum=0 refined_valid_count=0
2026-07-30 00:29:17,931 - portable_sam_fusion - INFO - [DEBUG-COARSE] epoch=3 step=850 boundary_fn=0 boundary_fp=0 boundary_tp=0 dice=0 iou=0
2026-07-30 00:29:17,931 - portable_sam_fusion - INFO - [DEBUG-CONTEXT] epoch=3 step=850 enabled=0
2026-07-30 00:29:17,931 - portable_sam_fusion - INFO - [DEBUG-DENSE] epoch=3 step=850 applied_delta_norm=1.269 applied_delta_ratio=0.1087 base_norm=11.68 canvas_max=8 canvas_mean=0.001628 canvas_min=-7.297 canvas_nonzero_ratio=0.008162 canvas_std=0.3343 final_norm=11.74 residual_alpha=0.2514 shape_norm=12.98 source_delta_norm=5.048 source_delta_ratio=0.4322
2026-07-30 00:29:17,931 - portable_sam_fusion - INFO - [DEBUG-GATE] epoch=3 step=850 shape_dense_alpha_max=0.2514 shape_dense_alpha_mean=0.2514 shape_dense_alpha_min=0.2514
2026-07-30 00:29:17,931 - portable_sam_fusion - INFO - [DEBUG-JITTER] epoch=3 step=850 area_ratio_count=0 area_ratio_mean=0 area_ratio_sum=0 fallback_count=0 mean_iou=0 num_jittered=0 num_rois=0
2026-07-30 00:29:17,931 - portable_sam_fusion - INFO - [DEBUG-SP] epoch=3 step=850 all_invalid_count=0 all_invalid_ratio=0 empty_count=0 empty_ratio=0 full_count=0 full_ratio=0 mean_point_distance=22.71 n1_gt_valid_count=64 n1_in_gt_bg=0.6562 n1_in_gt_bg_count=42 n1_valid_count=64 n1_valid_ratio=1 n2_gt_valid_count=64 n2_in_gt_bg=0.9688 n2_in_gt_bg_count=62 n2_valid_count=64 n2_valid_ratio=1 neg_in_pred_bg=1 neg_in_pred_bg_count=128 negative_pair_count=64 negative_pair_distance_sum=2200 p1_gt_valid_count=64 p1_in_gt_fg=1 p1_in_gt_fg_count=64 p1_valid_count=64 p1_valid_ratio=1 p2_gt_valid_count=64 p2_in_gt_fg=1 p2_in_gt_fg_count=64 p2_valid_count=64 p2_valid_ratio=1 point_distance_sum=2907 point_overlap_count=0 point_overlap_ratio=0 point_pair_count=128 pos_in_pred_fg=1 pos_in_pred_fg_count=128 positive_pair_count=64 positive_pair_distance_sum=706.9 roi_count=64 valid_neg_count=128 valid_pos_count=128 warmup_stage=2
2026-07-30 00:30:02,971 - portable_sam_fusion - INFO - Epoch 3 detailed losses: loss_rpn_cls=0.0581, loss_rpn_bbox=0.0248, loss_cls=0.3011, acc=87.2887, loss_bbox=0.1751, loss_mask=0.0028, debug_mask_pos_rois=56.2993, debug_mask_logit_mean=-16.0049, debug_mask_logit_std=3.4824, debug_mask_prob_mean=0.0045, debug_mask_prob_ge05=0.0044, debug_mask_target_fill=0.0045, loss_shape_prior=0.0406, schedule/det_weight=1.0000
2026-07-30 00:30:02,971 - portable_sam_fusion - INFO - Epoch 3 dense residual monitor: alpha=0.251154 source_delta_norm=6.0547 applied_delta_norm=1.5206 source_delta_ratio=0.518454 applied_delta_ratio=0.130210
2026-07-30 00:30:02,971 - portable_sam_fusion - INFO - Epoch 3 primary loss shares: det=92.79% final_mask=0.47% shape=6.74% p2_boundary=0.00%
2026-07-30 00:30:02,971 - portable_sam_fusion - INFO - Epoch 3 schedule: det_loss_weight=1.000 early_stop_start=20 min_delta=0.0005
2026-07-30 00:30:02,971 - portable_sam_fusion - INFO - Epoch 3 learning rates: sat_backbone=4.99e-04, mask_decoder=4.99e-04, shape_prior=4.99e-04, quality_head=4.99e-04, sat_other=4.99e-04
2026-07-30 00:34:54,232 - portable_sam_fusion - INFO - Validation samples: GT=15926, DT=29876, avg_masks_per_image=47.65, avg_mask_fill=0.0071
creating index...
index created!
Loading and preparing results...
DONE (t=0.04s)
creating index...
index created!
Running per image evaluation...
Evaluate annotation type *bbox*
DONE (t=12.98s).
Accumulating evaluation results...
DONE (t=0.27s).
 Average Precision  (AP) @[ IoU=0.50:0.95 | area=   all | maxDets=100 ] = 0.553
 Average Precision  (AP) @[ IoU=0.50      | area=   all | maxDets=100 ] = 0.854
 Average Precision  (AP) @[ IoU=0.75      | area=   all | maxDets=100 ] = 0.656
 Average Precision  (AP) @[ IoU=0.50:0.95 | area= small | maxDets=100 ] = 0.174
 Average Precision  (AP) @[ IoU=0.50:0.95 | area=medium | maxDets=100 ] = 0.606
 Average Precision  (AP) @[ IoU=0.50:0.95 | area= large | maxDets=100 ] = 0.606
 Average Recall     (AR) @[ IoU=0.50:0.95 | area=   all | maxDets=  1 ] = 0.022
 Average Recall     (AR) @[ IoU=0.50:0.95 | area=   all | maxDets= 10 ] = 0.162
 Average Recall     (AR) @[ IoU=0.50:0.95 | area=   all | maxDets=100 ] = 0.631
 Average Recall     (AR) @[ IoU=0.50:0.95 | area= small | maxDets=100 ] = 0.322
 Average Recall     (AR) @[ IoU=0.50:0.95 | area=medium | maxDets=100 ] = 0.683
 Average Recall     (AR) @[ IoU=0.50:0.95 | area= large | maxDets=100 ] = 0.683
2026-07-30 00:35:08,322 - portable_sam_fusion - INFO - Validation bbox/mAP: 0.5531 bbox/mAP_75: 0.6558
Running per image evaluation...
Evaluate annotation type *segm*
DONE (t=13.66s).
Accumulating evaluation results...
DONE (t=0.27s).
 Average Precision  (AP) @[ IoU=0.50:0.95 | area=   all | maxDets=100 ] = 0.397
 Average Precision  (AP) @[ IoU=0.50      | area=   all | maxDets=100 ] = 0.804
 Average Precision  (AP) @[ IoU=0.75      | area=   all | maxDets=100 ] = 0.382
 Average Precision  (AP) @[ IoU=0.50:0.95 | area= small | maxDets=100 ] = 0.039
 Average Precision  (AP) @[ IoU=0.50:0.95 | area=medium | maxDets=100 ] = 0.416
 Average Precision  (AP) @[ IoU=0.50:0.95 | area= large | maxDets=100 ] = 0.591
 Average Recall     (AR) @[ IoU=0.50:0.95 | area=   all | maxDets=  1 ] = 0.019
 Average Recall     (AR) @[ IoU=0.50:0.95 | area=   all | maxDets= 10 ] = 0.135
 Average Recall     (AR) @[ IoU=0.50:0.95 | area=   all | maxDets=100 ] = 0.473
 Average Recall     (AR) @[ IoU=0.50:0.95 | area= small | maxDets=100 ] = 0.100
 Average Recall     (AR) @[ IoU=0.50:0.95 | area=medium | maxDets=100 ] = 0.488
 Average Recall     (AR) @[ IoU=0.50:0.95 | area= large | maxDets=100 ] = 0.663
2026-07-30 00:35:22,307 - portable_sam_fusion - INFO - Validation segm/mAP: 0.3975
2026-07-30 00:35:22,895 - portable_sam_fusion - INFO - New best segm/mAP: 0.3975
2026-07-30 00:35:22,895 - portable_sam_fusion - INFO - New best bbox/mAP: 0.5531
2026-07-30 00:35:22,896 - portable_sam_fusion - INFO - New best early-stop metric (segm/mAP): raw=0.3975 smooth(5)=0.3428
2026-07-30 00:35:25,424 - portable_sam_fusion - INFO - Saved best_model with segm/mAP: 0.3975
2026-07-30 00:35:27,944 - portable_sam_fusion - INFO - Saved best_bbox_model with bbox/mAP: 0.5531
2026-07-30 00:35:33,367 - portable_sam_fusion - INFO - Epoch 3/80 | train=0.602547 val=disabled segm/mAP=0.3975 bbox/mAP=0.5531 | best_segm=0.3975 best_bbox=0.5531 best_comp=0.0000 | sat_backbone=4.99e-04 mask_decoder=4.99e-04 shape_prior=4.99e-04 quality_head=4.99e-04 sat_other=4.99e-04
2026-07-30 00:35:52,244 - portable_sam_fusion - INFO - [DEBUG-BOX] epoch=4 step=900 fallback_count=0 fallback_ratio=0 num_rois=64 refined_proposal_iou=0 refined_proposal_iou_sum=0 refined_valid_count=0
2026-07-30 00:35:52,244 - portable_sam_fusion - INFO - [DEBUG-COARSE] epoch=4 step=900 bce_raw=0.226 boundary_fn=6134 boundary_fp=4681 boundary_tp=2.079e+04 dice=0.1135 dice_loss_raw=0.1135 iou=0.798 loss_weight=0.1 raw_boundary_fn=6134 raw_boundary_fp=4681 raw_boundary_tp=2.079e+04 raw_dice_score=0.8865 raw_iou=0.798 weighted_loss=0.03394
2026-07-30 00:35:52,244 - portable_sam_fusion - INFO - [DEBUG-CONTEXT] epoch=4 step=900 enabled=0
2026-07-30 00:35:52,244 - portable_sam_fusion - INFO - [DEBUG-DENSE] epoch=4 step=900 applied_delta_norm=1.228 applied_delta_ratio=0.1052 base_norm=11.68 canvas_max=7.433 canvas_mean=0.003578 canvas_min=-7.626 canvas_nonzero_ratio=0.005465 canvas_std=0.2991 final_norm=11.72 residual_alpha=0.2515 shape_norm=12.69 source_delta_norm=4.884 source_delta_ratio=0.4182
2026-07-30 00:35:52,244 - portable_sam_fusion - INFO - [DEBUG-GATE] epoch=4 step=900 shape_dense_alpha_max=0.2515 shape_dense_alpha_mean=0.2515 shape_dense_alpha_min=0.2515
2026-07-30 00:35:52,244 - portable_sam_fusion - INFO - [DEBUG-JITTER] epoch=4 step=900 area_ratio_count=64 area_ratio_mean=1 area_ratio_sum=64 fallback_count=0 mean_iou=1 num_jittered=0 num_rois=64
2026-07-30 00:35:52,244 - portable_sam_fusion - INFO - [DEBUG-SP] epoch=4 step=900 all_invalid_count=0 all_invalid_ratio=0 empty_count=0 empty_ratio=0 full_count=0 full_ratio=0 mean_point_distance=21.76 n1_gt_valid_count=64 n1_in_gt_bg=0.8281 n1_in_gt_bg_count=53 n1_valid_count=64 n1_valid_ratio=1 n2_gt_valid_count=64 n2_in_gt_bg=1 n2_in_gt_bg_count=64 n2_valid_count=64 n2_valid_ratio=1 neg_in_pred_bg=1 neg_in_pred_bg_count=128 negative_pair_count=64 negative_pair_distance_sum=2076 p1_gt_valid_count=64 p1_in_gt_fg=1 p1_in_gt_fg_count=64 p1_valid_count=64 p1_valid_ratio=1 p2_gt_valid_count=64 p2_in_gt_fg=1 p2_in_gt_fg_count=64 p2_valid_count=64 p2_valid_ratio=1 point_distance_sum=2785 point_overlap_count=0 point_overlap_ratio=0 point_pair_count=128 pos_in_pred_fg=1 pos_in_pred_fg_count=128 positive_pair_count=64 positive_pair_distance_sum=708.8 roi_count=64 valid_neg_count=128 valid_pos_count=128 warmup_stage=2
2026-07-30 00:36:40,468 - portable_sam_fusion - INFO - [DEBUG-BOX] epoch=4 step=950 fallback_count=0 fallback_ratio=0 num_rois=64 refined_proposal_iou=0 refined_proposal_iou_sum=0 refined_valid_count=0
2026-07-30 00:36:40,468 - portable_sam_fusion - INFO - [DEBUG-COARSE] epoch=4 step=950 bce_raw=0.1981 boundary_fn=4409 boundary_fp=3773 boundary_tp=2.166e+04 dice=0.1013 dice_loss_raw=0.1013 iou=0.8186 loss_weight=0.1 raw_boundary_fn=4409 raw_boundary_fp=3773 raw_boundary_tp=2.166e+04 raw_dice_score=0.8987 raw_iou=0.8186 weighted_loss=0.02993
2026-07-30 00:36:40,468 - portable_sam_fusion - INFO - [DEBUG-CONTEXT] epoch=4 step=950 enabled=0
2026-07-30 00:36:40,468 - portable_sam_fusion - INFO - [DEBUG-DENSE] epoch=4 step=950 applied_delta_norm=1.758 applied_delta_ratio=0.1505 base_norm=11.68 canvas_max=7.911 canvas_mean=0.008057 canvas_min=-7.04 canvas_nonzero_ratio=0.0092 canvas_std=0.3835 final_norm=11.75 residual_alpha=0.2516 shape_norm=13.49 source_delta_norm=6.988 source_delta_ratio=0.5984
2026-07-30 00:36:40,468 - portable_sam_fusion - INFO - [DEBUG-GATE] epoch=4 step=950 shape_dense_alpha_max=0.2516 shape_dense_alpha_mean=0.2516 shape_dense_alpha_min=0.2516
2026-07-30 00:36:40,468 - portable_sam_fusion - INFO - [DEBUG-JITTER] epoch=4 step=950 area_ratio_count=64 area_ratio_mean=1 area_ratio_sum=64 fallback_count=0 mean_iou=1 num_jittered=0 num_rois=64
2026-07-30 00:36:40,468 - portable_sam_fusion - INFO - [DEBUG-SP] epoch=4 step=950 all_invalid_count=0 all_invalid_ratio=0 empty_count=0 empty_ratio=0 full_count=0 full_ratio=0 mean_point_distance=39.88 n1_gt_valid_count=64 n1_in_gt_bg=0.8438 n1_in_gt_bg_count=54 n1_valid_count=64 n1_valid_ratio=1 n2_gt_valid_count=64 n2_in_gt_bg=1 n2_in_gt_bg_count=64 n2_valid_count=64 n2_valid_ratio=1 neg_in_pred_bg=1 neg_in_pred_bg_count=128 negative_pair_count=64 negative_pair_distance_sum=4179 p1_gt_valid_count=64 p1_in_gt_fg=1 p1_in_gt_fg_count=64 p1_valid_count=64 p1_valid_ratio=1 p2_gt_valid_count=64 p2_in_gt_fg=1 p2_in_gt_fg_count=64 p2_valid_count=64 p2_valid_ratio=1 point_distance_sum=5104 point_overlap_count=0 point_overlap_ratio=0 point_pair_count=128 pos_in_pred_fg=1 pos_in_pred_fg_count=128 positive_pair_count=64 positive_pair_distance_sum=925.5 roi_count=64 valid_neg_count=128 valid_pos_count=128 warmup_stage=2
2026-07-30 00:37:22,205 - portable_sam_fusion - INFO - epoch 4 | mini-batch 112/294 | optimizer_step 250/5920 | lr=4.992e-04
2026-07-30 00:37:28,356 - portable_sam_fusion - INFO - [DEBUG-BOX] epoch=4 step=1000 fallback_count=0 fallback_ratio=0 num_rois=64 refined_proposal_iou=0 refined_proposal_iou_sum=0 refined_valid_count=0
2026-07-30 00:37:28,356 - portable_sam_fusion - INFO - [DEBUG-COARSE] epoch=4 step=1000 bce_raw=0.3029 boundary_fn=6392 boundary_fp=6316 boundary_tp=2.088e+04 dice=0.1657 dice_loss_raw=0.1657 iou=0.7241 loss_weight=0.1 raw_boundary_fn=6392 raw_boundary_fp=6316 raw_boundary_tp=2.088e+04 raw_dice_score=0.8343 raw_iou=0.7241 weighted_loss=0.04686
2026-07-30 00:37:28,356 - portable_sam_fusion - INFO - [DEBUG-CONTEXT] epoch=4 step=1000 enabled=0
2026-07-30 00:37:28,356 - portable_sam_fusion - INFO - [DEBUG-DENSE] epoch=4 step=1000 applied_delta_norm=1.744 applied_delta_ratio=0.1493 base_norm=11.68 canvas_max=8 canvas_mean=-0.001239 canvas_min=-8 canvas_nonzero_ratio=0.01057 canvas_std=0.4359 final_norm=11.75 residual_alpha=0.2517 shape_norm=13.56 source_delta_norm=6.929 source_delta_ratio=0.5933
2026-07-30 00:37:28,356 - portable_sam_fusion - INFO - [DEBUG-GATE] epoch=4 step=1000 shape_dense_alpha_max=0.2517 shape_dense_alpha_mean=0.2517 shape_dense_alpha_min=0.2517
2026-07-30 00:37:28,356 - portable_sam_fusion - INFO - [DEBUG-JITTER] epoch=4 step=1000 area_ratio_count=64 area_ratio_mean=1 area_ratio_sum=64 fallback_count=0 mean_iou=1 num_jittered=0 num_rois=64
2026-07-30 00:37:28,356 - portable_sam_fusion - INFO - [DEBUG-SP] epoch=4 step=1000 all_invalid_count=0 all_invalid_ratio=0 empty_count=0 empty_ratio=0 full_count=0 full_ratio=0 mean_point_distance=30.41 n1_gt_valid_count=64 n1_in_gt_bg=0.8906 n1_in_gt_bg_count=57 n1_valid_count=64 n1_valid_ratio=1 n2_gt_valid_count=64 n2_in_gt_bg=1 n2_in_gt_bg_count=64 n2_valid_count=64 n2_valid_ratio=1 neg_in_pred_bg=1 neg_in_pred_bg_count=128 negative_pair_count=64 negative_pair_distance_sum=2909 p1_gt_valid_count=64 p1_in_gt_fg=1 p1_in_gt_fg_count=64 p1_valid_count=64 p1_valid_ratio=1 p2_gt_valid_count=64 p2_in_gt_fg=0.9844 p2_in_gt_fg_count=63 p2_valid_count=64 p2_valid_ratio=1 point_distance_sum=3892 point_overlap_count=0 point_overlap_ratio=0 point_pair_count=128 pos_in_pred_fg=1 pos_in_pred_fg_count=128 positive_pair_count=64 positive_pair_distance_sum=983.2 roi_count=64 valid_neg_count=128 valid_pos_count=128 warmup_stage=2
2026-07-30 00:38:21,222 - portable_sam_fusion - INFO - [DEBUG-BOX] epoch=4 step=1050 fallback_count=0 fallback_ratio=0 num_rois=64 refined_proposal_iou=0 refined_proposal_iou_sum=0 refined_valid_count=0
2026-07-30 00:38:21,223 - portable_sam_fusion - INFO - [DEBUG-COARSE] epoch=4 step=1050 bce_raw=0.2795 boundary_fn=5698 boundary_fp=4843 boundary_tp=2.099e+04 dice=0.1297 dice_loss_raw=0.1297 iou=0.7765 loss_weight=0.1 raw_boundary_fn=5698 raw_boundary_fp=4843 raw_boundary_tp=2.099e+04 raw_dice_score=0.8703 raw_iou=0.7765 weighted_loss=0.04092
2026-07-30 00:38:21,223 - portable_sam_fusion - INFO - [DEBUG-CONTEXT] epoch=4 step=1050 enabled=0
2026-07-30 00:38:21,223 - portable_sam_fusion - INFO - [DEBUG-DENSE] epoch=4 step=1050 applied_delta_norm=1.509 applied_delta_ratio=0.1292 base_norm=11.68 canvas_max=8 canvas_mean=0.003744 canvas_min=-7.996 canvas_nonzero_ratio=0.00742 canvas_std=0.3574 final_norm=11.73 residual_alpha=0.2517 shape_norm=13.09 source_delta_norm=5.992 source_delta_ratio=0.5131
2026-07-30 00:38:21,223 - portable_sam_fusion - INFO - [DEBUG-GATE] epoch=4 step=1050 shape_dense_alpha_max=0.2517 shape_dense_alpha_mean=0.2517 shape_dense_alpha_min=0.2517
2026-07-30 00:38:21,223 - portable_sam_fusion - INFO - [DEBUG-JITTER] epoch=4 step=1050 area_ratio_count=64 area_ratio_mean=1 area_ratio_sum=64 fallback_count=0 mean_iou=1 num_jittered=0 num_rois=64
2026-07-30 00:38:21,224 - portable_sam_fusion - INFO - [DEBUG-SP] epoch=4 step=1050 all_invalid_count=0 all_invalid_ratio=0 empty_count=0 empty_ratio=0 full_count=0 full_ratio=0 mean_point_distance=32.53 n1_gt_valid_count=64 n1_in_gt_bg=0.8438 n1_in_gt_bg_count=54 n1_valid_count=64 n1_valid_ratio=1 n2_gt_valid_count=64 n2_in_gt_bg=1 n2_in_gt_bg_count=64 n2_valid_count=64 n2_valid_ratio=1 neg_in_pred_bg=1 neg_in_pred_bg_count=128 negative_pair_count=64 negative_pair_distance_sum=3172 p1_gt_valid_count=64 p1_in_gt_fg=0.9844 p1_in_gt_fg_count=63 p1_valid_count=64 p1_valid_ratio=1 p2_gt_valid_count=64 p2_in_gt_fg=1 p2_in_gt_fg_count=64 p2_valid_count=64 p2_valid_ratio=1 point_distance_sum=4164 point_overlap_count=0 point_overlap_ratio=0 point_pair_count=128 pos_in_pred_fg=1 pos_in_pred_fg_count=128 positive_pair_count=64 positive_pair_distance_sum=992 roi_count=64 valid_neg_count=128 valid_pos_count=128 warmup_stage=2
2026-07-30 00:39:13,913 - portable_sam_fusion - INFO - [DEBUG-BOX] epoch=4 step=1100 fallback_count=0 fallback_ratio=0 num_rois=64 refined_proposal_iou=0 refined_proposal_iou_sum=0 refined_valid_count=0
2026-07-30 00:39:13,914 - portable_sam_fusion - INFO - [DEBUG-COARSE] epoch=4 step=1100 bce_raw=0.2861 boundary_fn=6301 boundary_fp=6471 boundary_tp=2.126e+04 dice=0.1391 dice_loss_raw=0.1391 iou=0.7635 loss_weight=0.1 raw_boundary_fn=6301 raw_boundary_fp=6471 raw_boundary_tp=2.126e+04 raw_dice_score=0.8609 raw_iou=0.7635 weighted_loss=0.04252
2026-07-30 00:39:13,914 - portable_sam_fusion - INFO - [DEBUG-CONTEXT] epoch=4 step=1100 enabled=0
2026-07-30 00:39:13,914 - portable_sam_fusion - INFO - [DEBUG-DENSE] epoch=4 step=1100 applied_delta_norm=2.663 applied_delta_ratio=0.228 base_norm=11.68 canvas_max=8 canvas_mean=0.008737 canvas_min=-8 canvas_nonzero_ratio=0.02404 canvas_std=0.6393 final_norm=11.88 residual_alpha=0.2518 shape_norm=15.8 source_delta_norm=10.57 source_delta_ratio=0.9054
2026-07-30 00:39:13,914 - portable_sam_fusion - INFO - [DEBUG-GATE] epoch=4 step=1100 shape_dense_alpha_max=0.2518 shape_dense_alpha_mean=0.2518 shape_dense_alpha_min=0.2518
2026-07-30 00:39:13,914 - portable_sam_fusion - INFO - [DEBUG-JITTER] epoch=4 step=1100 area_ratio_count=64 area_ratio_mean=1 area_ratio_sum=64 fallback_count=0 mean_iou=1 num_jittered=0 num_rois=64
2026-07-30 00:39:13,914 - portable_sam_fusion - INFO - [DEBUG-SP] epoch=4 step=1100 all_invalid_count=0 all_invalid_ratio=0 empty_count=0 empty_ratio=0 full_count=0 full_ratio=0 mean_point_distance=60.04 n1_gt_valid_count=64 n1_in_gt_bg=0.7188 n1_in_gt_bg_count=46 n1_valid_count=64 n1_valid_ratio=1 n2_gt_valid_count=64 n2_in_gt_bg=1 n2_in_gt_bg_count=64 n2_valid_count=64 n2_valid_ratio=1 neg_in_pred_bg=1 neg_in_pred_bg_count=128 negative_pair_count=64 negative_pair_distance_sum=5676 p1_gt_valid_count=64 p1_in_gt_fg=0.9844 p1_in_gt_fg_count=63 p1_valid_count=64 p1_valid_ratio=1 p2_gt_valid_count=64 p2_in_gt_fg=0.9844 p2_in_gt_fg_count=63 p2_valid_count=64 p2_valid_ratio=1 point_distance_sum=7685 point_overlap_count=0 point_overlap_ratio=0 point_pair_count=128 pos_in_pred_fg=1 pos_in_pred_fg_count=128 positive_pair_count=64 positive_pair_distance_sum=2009 roi_count=64 valid_neg_count=128 valid_pos_count=128 warmup_stage=2
2026-07-30 00:40:09,036 - portable_sam_fusion - INFO - [DEBUG-BOX] epoch=4 step=1150 fallback_count=0 fallback_ratio=0 num_rois=64 refined_proposal_iou=0 refined_proposal_iou_sum=0 refined_valid_count=0
2026-07-30 00:40:09,036 - portable_sam_fusion - INFO - [DEBUG-COARSE] epoch=4 step=1150 bce_raw=0.2638 boundary_fn=6551 boundary_fp=5092 boundary_tp=2.034e+04 dice=0.1314 dice_loss_raw=0.1314 iou=0.7725 loss_weight=0.1 raw_boundary_fn=6551 raw_boundary_fp=5092 raw_boundary_tp=2.034e+04 raw_dice_score=0.8686 raw_iou=0.7725 weighted_loss=0.03952
2026-07-30 00:40:09,036 - portable_sam_fusion - INFO - [DEBUG-CONTEXT] epoch=4 step=1150 enabled=0
2026-07-30 00:40:09,036 - portable_sam_fusion - INFO - [DEBUG-DENSE] epoch=4 step=1150 applied_delta_norm=1.562 applied_delta_ratio=0.1337 base_norm=11.68 canvas_max=8 canvas_mean=-0.0004582 canvas_min=-8 canvas_nonzero_ratio=0.00834 canvas_std=0.4015 final_norm=11.74 residual_alpha=0.2519 shape_norm=13.17 source_delta_norm=6.201 source_delta_ratio=0.531
2026-07-30 00:40:09,036 - portable_sam_fusion - INFO - [DEBUG-GATE] epoch=4 step=1150 shape_dense_alpha_max=0.2519 shape_dense_alpha_mean=0.2519 shape_dense_alpha_min=0.2519
2026-07-30 00:40:09,036 - portable_sam_fusion - INFO - [DEBUG-JITTER] epoch=4 step=1150 area_ratio_count=64 area_ratio_mean=1 area_ratio_sum=64 fallback_count=0 mean_iou=1 num_jittered=0 num_rois=64
2026-07-30 00:40:09,036 - portable_sam_fusion - INFO - [DEBUG-SP] epoch=4 step=1150 all_invalid_count=0 all_invalid_ratio=0 empty_count=0 empty_ratio=0 full_count=0 full_ratio=0 mean_point_distance=29.59 n1_gt_valid_count=64 n1_in_gt_bg=0.7188 n1_in_gt_bg_count=46 n1_valid_count=64 n1_valid_ratio=1 n2_gt_valid_count=64 n2_in_gt_bg=0.9844 n2_in_gt_bg_count=63 n2_valid_count=64 n2_valid_ratio=1 neg_in_pred_bg=1 neg_in_pred_bg_count=128 negative_pair_count=64 negative_pair_distance_sum=2674 p1_gt_valid_count=64 p1_in_gt_fg=1 p1_in_gt_fg_count=64 p1_valid_count=64 p1_valid_ratio=1 p2_gt_valid_count=64 p2_in_gt_fg=0.9844 p2_in_gt_fg_count=63 p2_valid_count=64 p2_valid_ratio=1 point_distance_sum=3788 point_overlap_count=0 point_overlap_ratio=0 point_pair_count=128 pos_in_pred_fg=1 pos_in_pred_fg_count=128 positive_pair_count=64 positive_pair_distance_sum=1114 roi_count=64 valid_neg_count=128 valid_pos_count=128 warmup_stage=2
2026-07-30 00:40:44,136 - portable_sam_fusion - INFO - Epoch 4 detailed losses: loss_rpn_cls=0.0499, loss_rpn_bbox=0.0206, loss_cls=0.3003, acc=87.3791, loss_bbox=0.1579, loss_mask=0.0022, debug_mask_pos_rois=55.5782, debug_mask_logit_mean=-15.6052, debug_mask_logit_std=3.2638, debug_mask_prob_mean=0.0048, debug_mask_prob_ge05=0.0047, debug_mask_target_fill=0.0047, loss_shape_prior=0.0332, schedule/det_weight=1.0000
2026-07-30 00:40:44,137 - portable_sam_fusion - INFO - Epoch 4 dense residual monitor: alpha=0.251962 source_delta_norm=6.0249 applied_delta_norm=1.5181 source_delta_ratio=0.515902 applied_delta_ratio=0.129992
2026-07-30 00:40:44,137 - portable_sam_fusion - INFO - Epoch 4 primary loss shares: det=93.71% final_mask=0.40% shape=5.89% p2_boundary=0.00%
2026-07-30 00:40:44,137 - portable_sam_fusion - INFO - Epoch 4 schedule: det_loss_weight=1.000 early_stop_start=20 min_delta=0.0005
2026-07-30 00:40:44,137 - portable_sam_fusion - INFO - Epoch 4 learning rates: sat_backbone=4.99e-04, mask_decoder=4.99e-04, shape_prior=4.99e-04, quality_head=4.99e-04, sat_other=4.99e-04
2026-07-30 00:45:38,579 - portable_sam_fusion - INFO - Validation samples: GT=15926, DT=27433, avg_masks_per_image=43.75, avg_mask_fill=0.0053
creating index...
index created!
Loading and preparing results...
DONE (t=0.03s)
creating index...
index created!
Running per image evaluation...
Evaluate annotation type *bbox*
DONE (t=12.77s).
Accumulating evaluation results...
DONE (t=0.25s).
 Average Precision  (AP) @[ IoU=0.50:0.95 | area=   all | maxDets=100 ] = 0.577
 Average Precision  (AP) @[ IoU=0.50      | area=   all | maxDets=100 ] = 0.867
 Average Precision  (AP) @[ IoU=0.75      | area=   all | maxDets=100 ] = 0.701
 Average Precision  (AP) @[ IoU=0.50:0.95 | area= small | maxDets=100 ] = 0.180
 Average Precision  (AP) @[ IoU=0.50:0.95 | area=medium | maxDets=100 ] = 0.626
 Average Precision  (AP) @[ IoU=0.50:0.95 | area= large | maxDets=100 ] = 0.643
 Average Recall     (AR) @[ IoU=0.50:0.95 | area=   all | maxDets=  1 ] = 0.023
 Average Recall     (AR) @[ IoU=0.50:0.95 | area=   all | maxDets= 10 ] = 0.165
 Average Recall     (AR) @[ IoU=0.50:0.95 | area=   all | maxDets=100 ] = 0.645
 Average Recall     (AR) @[ IoU=0.50:0.95 | area= small | maxDets=100 ] = 0.347
 Average Recall     (AR) @[ IoU=0.50:0.95 | area=medium | maxDets=100 ] = 0.690
 Average Recall     (AR) @[ IoU=0.50:0.95 | area= large | maxDets=100 ] = 0.711
2026-07-30 00:45:52,380 - portable_sam_fusion - INFO - Validation bbox/mAP: 0.5773 bbox/mAP_75: 0.7010
Running per image evaluation...
Evaluate annotation type *segm*
DONE (t=13.43s).
Accumulating evaluation results...
DONE (t=0.25s).
 Average Precision  (AP) @[ IoU=0.50:0.95 | area=   all | maxDets=100 ] = 0.449
 Average Precision  (AP) @[ IoU=0.50      | area=   all | maxDets=100 ] = 0.831
 Average Precision  (AP) @[ IoU=0.75      | area=   all | maxDets=100 ] = 0.488
 Average Precision  (AP) @[ IoU=0.50:0.95 | area= small | maxDets=100 ] = 0.044
 Average Precision  (AP) @[ IoU=0.50:0.95 | area=medium | maxDets=100 ] = 0.468
 Average Precision  (AP) @[ IoU=0.50:0.95 | area= large | maxDets=100 ] = 0.630
 Average Recall     (AR) @[ IoU=0.50:0.95 | area=   all | maxDets=  1 ] = 0.021
 Average Recall     (AR) @[ IoU=0.50:0.95 | area=   all | maxDets= 10 ] = 0.144
 Average Recall     (AR) @[ IoU=0.50:0.95 | area=   all | maxDets=100 ] = 0.498
 Average Recall     (AR) @[ IoU=0.50:0.95 | area= small | maxDets=100 ] = 0.115
 Average Recall     (AR) @[ IoU=0.50:0.95 | area=medium | maxDets=100 ] = 0.516
 Average Recall     (AR) @[ IoU=0.50:0.95 | area= large | maxDets=100 ] = 0.685
2026-07-30 00:46:06,108 - portable_sam_fusion - INFO - Validation segm/mAP: 0.4486
2026-07-30 00:46:06,684 - portable_sam_fusion - INFO - New best segm/mAP: 0.4486
2026-07-30 00:46:06,684 - portable_sam_fusion - INFO - New best bbox/mAP: 0.5773
2026-07-30 00:46:06,684 - portable_sam_fusion - INFO - New best early-stop metric (segm/mAP): raw=0.4486 smooth(5)=0.3693
2026-07-30 00:46:09,330 - portable_sam_fusion - INFO - Saved best_model with segm/mAP: 0.4486
2026-07-30 00:46:12,023 - portable_sam_fusion - INFO - Saved best_bbox_model with bbox/mAP: 0.5773
2026-07-30 00:46:17,612 - portable_sam_fusion - INFO - Epoch 4/80 | train=0.564122 val=disabled segm/mAP=0.4486 bbox/mAP=0.5773 | best_segm=0.4486 best_bbox=0.5773 best_comp=0.0000 | sat_backbone=4.99e-04 mask_decoder=4.99e-04 shape_prior=4.99e-04 quality_head=4.99e-04 sat_other=4.99e-04
2026-07-30 00:46:41,954 - portable_sam_fusion - INFO - epoch 5 | mini-batch 16/294 | optimizer_step 300/5920 | lr=4.985e-04
2026-07-30 00:46:49,477 - portable_sam_fusion - INFO - [DEBUG-BOX] epoch=5 step=1200 fallback_count=0 fallback_ratio=0 num_rois=64 refined_proposal_iou=0 refined_proposal_iou_sum=0 refined_valid_count=0
2026-07-30 00:46:49,477 - portable_sam_fusion - INFO - [DEBUG-COARSE] epoch=5 step=1200 bce_raw=0.2991 boundary_fn=5998 boundary_fp=6663 boundary_tp=1.948e+04 dice=0.1362 dice_loss_raw=0.1362 iou=0.768 loss_weight=0.1 raw_boundary_fn=5998 raw_boundary_fp=6663 raw_boundary_tp=1.948e+04 raw_dice_score=0.8638 raw_iou=0.768 weighted_loss=0.04352
2026-07-30 00:46:49,477 - portable_sam_fusion - INFO - [DEBUG-CONTEXT] epoch=5 step=1200 enabled=0
2026-07-30 00:46:49,477 - portable_sam_fusion - INFO - [DEBUG-DENSE] epoch=5 step=1200 applied_delta_norm=1.911 applied_delta_ratio=0.1636 base_norm=11.68 canvas_max=8 canvas_mean=0.01258 canvas_min=-8 canvas_nonzero_ratio=0.01966 canvas_std=0.5364 final_norm=11.84 residual_alpha=0.252 shape_norm=14.65 source_delta_norm=7.584 source_delta_ratio=0.6494
2026-07-30 00:46:49,477 - portable_sam_fusion - INFO - [DEBUG-GATE] epoch=5 step=1200 shape_dense_alpha_max=0.252 shape_dense_alpha_mean=0.252 shape_dense_alpha_min=0.252
2026-07-30 00:46:49,477 - portable_sam_fusion - INFO - [DEBUG-JITTER] epoch=5 step=1200 area_ratio_count=64 area_ratio_mean=1 area_ratio_sum=64 fallback_count=0 mean_iou=1 num_jittered=0 num_rois=64
2026-07-30 00:46:49,477 - portable_sam_fusion - INFO - [DEBUG-SP] epoch=5 step=1200 all_invalid_count=0 all_invalid_ratio=0 empty_count=0 empty_ratio=0 full_count=0 full_ratio=0 mean_point_distance=41.88 n1_gt_valid_count=64 n1_in_gt_bg=0.6094 n1_in_gt_bg_count=39 n1_valid_count=64 n1_valid_ratio=1 n2_gt_valid_count=64 n2_in_gt_bg=1 n2_in_gt_bg_count=64 n2_valid_count=64 n2_valid_ratio=1 neg_in_pred_bg=1 neg_in_pred_bg_count=128 negative_pair_count=64 negative_pair_distance_sum=4207 p1_gt_valid_count=64 p1_in_gt_fg=1 p1_in_gt_fg_count=64 p1_valid_count=64 p1_valid_ratio=1 p2_gt_valid_count=64 p2_in_gt_fg=1 p2_in_gt_fg_count=64 p2_valid_count=64 p2_valid_ratio=1 point_distance_sum=5360 point_overlap_count=0 point_overlap_ratio=0 point_pair_count=128 pos_in_pred_fg=1 pos_in_pred_fg_count=128 positive_pair_count=64 positive_pair_distance_sum=1153 roi_count=64 valid_neg_count=128 valid_pos_count=128 warmup_stage=2
2026-07-30 00:47:37,086 - portable_sam_fusion - INFO - [DEBUG-BOX] epoch=5 step=1250 fallback_count=0 fallback_ratio=0 num_rois=64 refined_proposal_iou=0 refined_proposal_iou_sum=0 refined_valid_count=0
2026-07-30 00:47:37,087 - portable_sam_fusion - INFO - [DEBUG-COARSE] epoch=5 step=1250 bce_raw=0.2524 boundary_fn=5819 boundary_fp=6171 boundary_tp=2.1e+04 dice=0.1269 dice_loss_raw=0.1269 iou=0.7795 loss_weight=0.1 raw_boundary_fn=5819 raw_boundary_fp=6171 raw_boundary_tp=2.1e+04 raw_dice_score=0.8731 raw_iou=0.7795 weighted_loss=0.03793
2026-07-30 00:47:37,087 - portable_sam_fusion - INFO - [DEBUG-CONTEXT] epoch=5 step=1250 enabled=0
2026-07-30 00:47:37,087 - portable_sam_fusion - INFO - [DEBUG-DENSE] epoch=5 step=1250 applied_delta_norm=1.292 applied_delta_ratio=0.1106 base_norm=11.68 canvas_max=8 canvas_mean=0.004196 canvas_min=-8 canvas_nonzero_ratio=0.00597 canvas_std=0.3337 final_norm=11.72 residual_alpha=0.2522 shape_norm=12.8 source_delta_norm=5.124 source_delta_ratio=0.4388
2026-07-30 00:47:37,087 - portable_sam_fusion - INFO - [DEBUG-GATE] epoch=5 step=1250 shape_dense_alpha_max=0.2522 shape_dense_alpha_mean=0.2522 shape_dense_alpha_min=0.2522
2026-07-30 00:47:37,087 - portable_sam_fusion - INFO - [DEBUG-JITTER] epoch=5 step=1250 area_ratio_count=64 area_ratio_mean=1 area_ratio_sum=64 fallback_count=0 mean_iou=1 num_jittered=0 num_rois=64
2026-07-30 00:47:37,087 - portable_sam_fusion - INFO - [DEBUG-SP] epoch=5 step=1250 all_invalid_count=0 all_invalid_ratio=0 empty_count=0 empty_ratio=0 full_count=0 full_ratio=0 mean_point_distance=22.8 n1_gt_valid_count=64 n1_in_gt_bg=0.8906 n1_in_gt_bg_count=57 n1_valid_count=64 n1_valid_ratio=1 n2_gt_valid_count=64 n2_in_gt_bg=1 n2_in_gt_bg_count=64 n2_valid_count=64 n2_valid_ratio=1 neg_in_pred_bg=1 neg_in_pred_bg_count=128 negative_pair_count=64 negative_pair_distance_sum=2225 p1_gt_valid_count=64 p1_in_gt_fg=1 p1_in_gt_fg_count=64 p1_valid_count=64 p1_valid_ratio=1 p2_gt_valid_count=64 p2_in_gt_fg=1 p2_in_gt_fg_count=64 p2_valid_count=64 p2_valid_ratio=1 point_distance_sum=2918 point_overlap_count=0 point_overlap_ratio=0 point_pair_count=128 pos_in_pred_fg=1 pos_in_pred_fg_count=128 positive_pair_count=64 positive_pair_distance_sum=693.6 roi_count=64 valid_neg_count=128 valid_pos_count=128 warmup_stage=2
2026-07-30 00:48:28,854 - portable_sam_fusion - INFO - [DEBUG-BOX] epoch=5 step=1300 fallback_count=0 fallback_ratio=0 num_rois=45 refined_proposal_iou=0 refined_proposal_iou_sum=0 refined_valid_count=0
2026-07-30 00:48:28,855 - portable_sam_fusion - INFO - [DEBUG-COARSE] epoch=5 step=1300 bce_raw=0.5103 boundary_fn=6968 boundary_fp=9256 boundary_tp=1.042e+04 dice=0.2191 dice_loss_raw=0.2191 iou=0.642 loss_weight=0.1 raw_boundary_fn=6968 raw_boundary_fp=9256 raw_boundary_tp=1.042e+04 raw_dice_score=0.7809 raw_iou=0.642 weighted_loss=0.07294
2026-07-30 00:48:28,855 - portable_sam_fusion - INFO - [DEBUG-CONTEXT] epoch=5 step=1300 enabled=0
2026-07-30 00:48:28,855 - portable_sam_fusion - INFO - [DEBUG-DENSE] epoch=5 step=1300 applied_delta_norm=0.2469 applied_delta_ratio=0.02114 base_norm=11.68 canvas_max=8 canvas_mean=0.0004942 canvas_min=-5.744 canvas_nonzero_ratio=0.001036 canvas_std=0.122 final_norm=11.68 residual_alpha=0.2523 shape_norm=11.77 source_delta_norm=0.9783 source_delta_ratio=0.08377
2026-07-30 00:48:28,855 - portable_sam_fusion - INFO - [DEBUG-GATE] epoch=5 step=1300 shape_dense_alpha_max=0.2523 shape_dense_alpha_mean=0.2523 shape_dense_alpha_min=0.2523
2026-07-30 00:48:28,855 - portable_sam_fusion - INFO - [DEBUG-JITTER] epoch=5 step=1300 area_ratio_count=45 area_ratio_mean=1 area_ratio_sum=45 fallback_count=0 mean_iou=1 num_jittered=0 num_rois=45
2026-07-30 00:48:28,855 - portable_sam_fusion - INFO - [DEBUG-SP] epoch=5 step=1300 all_invalid_count=0 all_invalid_ratio=0 empty_count=0 empty_ratio=0 full_count=0 full_ratio=0 mean_point_distance=10.84 n1_gt_valid_count=45 n1_in_gt_bg=0.5778 n1_in_gt_bg_count=26 n1_valid_count=45 n1_valid_ratio=1 n2_gt_valid_count=45 n2_in_gt_bg=1 n2_in_gt_bg_count=45 n2_valid_count=45 n2_valid_ratio=1 neg_in_pred_bg=1 neg_in_pred_bg_count=90 negative_pair_count=45 negative_pair_distance_sum=721.1 p1_gt_valid_count=45 p1_in_gt_fg=1 p1_in_gt_fg_count=45 p1_valid_count=45 p1_valid_ratio=1 p2_gt_valid_count=45 p2_in_gt_fg=1 p2_in_gt_fg_count=45 p2_valid_count=45 p2_valid_ratio=1 point_distance_sum=975.2 point_overlap_count=0 point_overlap_ratio=0 point_pair_count=90 pos_in_pred_fg=1 pos_in_pred_fg_count=90 positive_pair_count=45 positive_pair_distance_sum=254.1 roi_count=45 valid_neg_count=90 valid_pos_count=90 warmup_stage=2
2026-07-30 00:49:17,885 - portable_sam_fusion - INFO - [DEBUG-BOX] epoch=5 step=1350 fallback_count=0 fallback_ratio=0 num_rois=64 refined_proposal_iou=0 refined_proposal_iou_sum=0 refined_valid_count=0
2026-07-30 00:49:17,885 - portable_sam_fusion - INFO - [DEBUG-COARSE] epoch=5 step=1350 bce_raw=0.2271 boundary_fn=5981 boundary_fp=4333 boundary_tp=2.088e+04 dice=0.123 dice_loss_raw=0.123 iou=0.784 loss_weight=0.1 raw_boundary_fn=5981 raw_boundary_fp=4333 raw_boundary_tp=2.088e+04 raw_dice_score=0.877 raw_iou=0.784 weighted_loss=0.03501
2026-07-30 00:49:17,885 - portable_sam_fusion - INFO - [DEBUG-CONTEXT] epoch=5 step=1350 enabled=0
2026-07-30 00:49:17,885 - portable_sam_fusion - INFO - [DEBUG-DENSE] epoch=5 step=1350 applied_delta_norm=2.703 applied_delta_ratio=0.2314 base_norm=11.68 canvas_max=8 canvas_mean=-0.0106 canvas_min=-8 canvas_nonzero_ratio=0.03932 canvas_std=0.8309 final_norm=12.03 residual_alpha=0.2524 shape_norm=16.73 source_delta_norm=10.71 source_delta_ratio=0.917
2026-07-30 00:49:17,885 - portable_sam_fusion - INFO - [DEBUG-GATE] epoch=5 step=1350 shape_dense_alpha_max=0.2524 shape_dense_alpha_mean=0.2524 shape_dense_alpha_min=0.2524
2026-07-30 00:49:17,885 - portable_sam_fusion - INFO - [DEBUG-JITTER] epoch=5 step=1350 area_ratio_count=64 area_ratio_mean=1 area_ratio_sum=64 fallback_count=0 mean_iou=1 num_jittered=0 num_rois=64
2026-07-30 00:49:17,885 - portable_sam_fusion - INFO - [DEBUG-SP] epoch=5 step=1350 all_invalid_count=0 all_invalid_ratio=0 empty_count=0 empty_ratio=0 full_count=0 full_ratio=0 mean_point_distance=50.55 n1_gt_valid_count=64 n1_in_gt_bg=0.8125 n1_in_gt_bg_count=52 n1_valid_count=64 n1_valid_ratio=1 n2_gt_valid_count=64 n2_in_gt_bg=1 n2_in_gt_bg_count=64 n2_valid_count=64 n2_valid_ratio=1 neg_in_pred_bg=1 neg_in_pred_bg_count=128 negative_pair_count=64 negative_pair_distance_sum=4992 p1_gt_valid_count=64 p1_in_gt_fg=1 p1_in_gt_fg_count=64 p1_valid_count=64 p1_valid_ratio=1 p2_gt_valid_count=64 p2_in_gt_fg=1 p2_in_gt_fg_count=64 p2_valid_count=64 p2_valid_ratio=1 point_distance_sum=6471 point_overlap_count=0 point_overlap_ratio=0 point_pair_count=128 pos_in_pred_fg=1 pos_in_pred_fg_count=128 positive_pair_count=64 positive_pair_distance_sum=1478 roi_count=64 valid_neg_count=128 valid_pos_count=128 warmup_stage=2
2026-07-30 00:49:59,555 - portable_sam_fusion - INFO - epoch 5 | mini-batch 216/294 | optimizer_step 350/5920 | lr=4.977e-04
2026-07-30 00:50:07,840 - portable_sam_fusion - INFO - [DEBUG-BOX] epoch=5 step=1400 fallback_count=0 fallback_ratio=0 num_rois=64 refined_proposal_iou=0 refined_proposal_iou_sum=0 refined_valid_count=0
2026-07-30 00:50:07,840 - portable_sam_fusion - INFO - [DEBUG-COARSE] epoch=5 step=1400 bce_raw=0.1719 boundary_fn=3005 boundary_fp=2860 boundary_tp=2.454e+04 dice=0.09289 dice_loss_raw=0.09289 iou=0.8333 loss_weight=0.1 raw_boundary_fn=3005 raw_boundary_fp=2860 raw_boundary_tp=2.454e+04 raw_dice_score=0.9071 raw_iou=0.8333 weighted_loss=0.02648
2026-07-30 00:50:07,841 - portable_sam_fusion - INFO - [DEBUG-CONTEXT] epoch=5 step=1400 enabled=0
2026-07-30 00:50:07,841 - portable_sam_fusion - INFO - [DEBUG-DENSE] epoch=5 step=1400 applied_delta_norm=1.864 applied_delta_ratio=0.1596 base_norm=11.68 canvas_max=8 canvas_mean=0.003707 canvas_min=-8 canvas_nonzero_ratio=0.01039 canvas_std=0.4778 final_norm=11.76 residual_alpha=0.2525 shape_norm=13.65 source_delta_norm=7.385 source_delta_ratio=0.6323
2026-07-30 00:50:07,841 - portable_sam_fusion - INFO - [DEBUG-GATE] epoch=5 step=1400 shape_dense_alpha_max=0.2525 shape_dense_alpha_mean=0.2525 shape_dense_alpha_min=0.2525
2026-07-30 00:50:07,841 - portable_sam_fusion - INFO - [DEBUG-JITTER] epoch=5 step=1400 area_ratio_count=64 area_ratio_mean=1 area_ratio_sum=64 fallback_count=0 mean_iou=1 num_jittered=0 num_rois=64
2026-07-30 00:50:07,841 - portable_sam_fusion - INFO - [DEBUG-SP] epoch=5 step=1400 all_invalid_count=0 all_invalid_ratio=0 empty_count=0 empty_ratio=0 full_count=0 full_ratio=0 mean_point_distance=40.96 n1_gt_valid_count=64 n1_in_gt_bg=0.7344 n1_in_gt_bg_count=47 n1_valid_count=64 n1_valid_ratio=1 n2_gt_valid_count=64 n2_in_gt_bg=1 n2_in_gt_bg_count=64 n2_valid_count=64 n2_valid_ratio=1 neg_in_pred_bg=1 neg_in_pred_bg_count=128 negative_pair_count=64 negative_pair_distance_sum=3854 p1_gt_valid_count=64 p1_in_gt_fg=1 p1_in_gt_fg_count=64 p1_valid_count=64 p1_valid_ratio=1 p2_gt_valid_count=64 p2_in_gt_fg=0.9844 p2_in_gt_fg_count=63 p2_valid_count=64 p2_valid_ratio=1 point_distance_sum=5243 point_overlap_count=0 point_overlap_ratio=0 point_pair_count=128 pos_in_pred_fg=1 pos_in_pred_fg_count=128 positive_pair_count=64 positive_pair_distance_sum=1389 roi_count=64 valid_neg_count=128 valid_pos_count=128 warmup_stage=2
2026-07-30 00:51:01,291 - portable_sam_fusion - INFO - [DEBUG-BOX] epoch=5 step=1450 fallback_count=0 fallback_ratio=0 num_rois=64 refined_proposal_iou=0 refined_proposal_iou_sum=0 refined_valid_count=0
2026-07-30 00:51:01,291 - portable_sam_fusion - INFO - [DEBUG-COARSE] epoch=5 step=1450 bce_raw=0.1972 boundary_fn=4632 boundary_fp=2719 boundary_tp=2.394e+04 dice=0.09542 dice_loss_raw=0.09542 iou=0.8282 loss_weight=0.1 raw_boundary_fn=4632 raw_boundary_fp=2719 raw_boundary_tp=2.394e+04 raw_dice_score=0.9046 raw_iou=0.8282 weighted_loss=0.02926
2026-07-30 00:51:01,291 - portable_sam_fusion - INFO - [DEBUG-CONTEXT] epoch=5 step=1450 enabled=0
2026-07-30 00:51:01,291 - portable_sam_fusion - INFO - [DEBUG-DENSE] epoch=5 step=1450 applied_delta_norm=1.598 applied_delta_ratio=0.1369 base_norm=11.68 canvas_max=8 canvas_mean=0.002572 canvas_min=-8 canvas_nonzero_ratio=0.008327 canvas_std=0.4525 final_norm=11.74 residual_alpha=0.2526 shape_norm=13.23 source_delta_norm=6.329 source_delta_ratio=0.5419
2026-07-30 00:51:01,291 - portable_sam_fusion - INFO - [DEBUG-GATE] epoch=5 step=1450 shape_dense_alpha_max=0.2526 shape_dense_alpha_mean=0.2526 shape_dense_alpha_min=0.2526
2026-07-30 00:51:01,291 - portable_sam_fusion - INFO - [DEBUG-JITTER] epoch=5 step=1450 area_ratio_count=64 area_ratio_mean=1 area_ratio_sum=64 fallback_count=0 mean_iou=1 num_jittered=0 num_rois=64
2026-07-30 00:51:01,291 - portable_sam_fusion - INFO - [DEBUG-SP] epoch=5 step=1450 all_invalid_count=0 all_invalid_ratio=0 empty_count=0 empty_ratio=0 full_count=0 full_ratio=0 mean_point_distance=33.21 n1_gt_valid_count=64 n1_in_gt_bg=0.9219 n1_in_gt_bg_count=59 n1_valid_count=64 n1_valid_ratio=1 n2_gt_valid_count=64 n2_in_gt_bg=0.9844 n2_in_gt_bg_count=63 n2_valid_count=64 n2_valid_ratio=1 neg_in_pred_bg=1 neg_in_pred_bg_count=128 negative_pair_count=64 negative_pair_distance_sum=3236 p1_gt_valid_count=64 p1_in_gt_fg=1 p1_in_gt_fg_count=64 p1_valid_count=64 p1_valid_ratio=1 p2_gt_valid_count=64 p2_in_gt_fg=0.9844 p2_in_gt_fg_count=63 p2_valid_count=64 p2_valid_ratio=1 point_distance_sum=4251 point_overlap_count=0 point_overlap_ratio=0 point_pair_count=128 pos_in_pred_fg=1 pos_in_pred_fg_count=128 positive_pair_count=64 positive_pair_distance_sum=1014 roi_count=64 valid_neg_count=128 valid_pos_count=128 warmup_stage=2
2026-07-30 00:51:21,839 - portable_sam_fusion - INFO - Epoch 5 detailed losses: loss_rpn_cls=0.0386, loss_rpn_bbox=0.0143, loss_cls=0.2864, acc=88.0909, loss_bbox=0.1425, loss_mask=0.0023, debug_mask_pos_rois=56.1361, debug_mask_logit_mean=-14.5985, debug_mask_logit_std=2.9556, debug_mask_prob_mean=0.0046, debug_mask_prob_ge05=0.0045, debug_mask_target_fill=0.0045, loss_shape_prior=0.0313, schedule/det_weight=1.0000
2026-07-30 00:51:21,839 - portable_sam_fusion - INFO - Epoch 5 dense residual monitor: alpha=0.252736 source_delta_norm=5.9869 applied_delta_norm=1.5131 source_delta_ratio=0.512645 applied_delta_ratio=0.129567
2026-07-30 00:51:21,839 - portable_sam_fusion - INFO - Epoch 5 primary loss shares: det=93.49% final_mask=0.44% shape=6.07% p2_boundary=0.00%
2026-07-30 00:51:21,839 - portable_sam_fusion - INFO - Epoch 5 schedule: det_loss_weight=1.000 early_stop_start=20 min_delta=0.0005
2026-07-30 00:51:21,839 - portable_sam_fusion - INFO - Epoch 5 learning rates: sat_backbone=4.97e-04, mask_decoder=4.97e-04, shape_prior=4.97e-04, quality_head=4.97e-04, sat_other=4.97e-04
2026-07-30 00:55:40,169 - portable_sam_fusion - INFO - Validation samples: GT=15926, DT=23961, avg_masks_per_image=38.22, avg_mask_fill=0.0060
creating index...
index created!
Loading and preparing results...
DONE (t=0.03s)
creating index...
index created!
Running per image evaluation...
Evaluate annotation type *bbox*
DONE (t=11.95s).
Accumulating evaluation results...
DONE (t=0.22s).
 Average Precision  (AP) @[ IoU=0.50:0.95 | area=   all | maxDets=100 ] = 0.621
 Average Precision  (AP) @[ IoU=0.50      | area=   all | maxDets=100 ] = 0.869
 Average Precision  (AP) @[ IoU=0.75      | area=   all | maxDets=100 ] = 0.744
 Average Precision  (AP) @[ IoU=0.50:0.95 | area= small | maxDets=100 ] = 0.202
 Average Precision  (AP) @[ IoU=0.50:0.95 | area=medium | maxDets=100 ] = 0.676
 Average Precision  (AP) @[ IoU=0.50:0.95 | area= large | maxDets=100 ] = 0.679
 Average Recall     (AR) @[ IoU=0.50:0.95 | area=   all | maxDets=  1 ] = 0.025
 Average Recall     (AR) @[ IoU=0.50:0.95 | area=   all | maxDets= 10 ] = 0.178
 Average Recall     (AR) @[ IoU=0.50:0.95 | area=   all | maxDets=100 ] = 0.689
 Average Recall     (AR) @[ IoU=0.50:0.95 | area= small | maxDets=100 ] = 0.397
 Average Recall     (AR) @[ IoU=0.50:0.95 | area=medium | maxDets=100 ] = 0.739
 Average Recall     (AR) @[ IoU=0.50:0.95 | area= large | maxDets=100 ] = 0.738
2026-07-30 00:55:53,133 - portable_sam_fusion - INFO - Validation bbox/mAP: 0.6211 bbox/mAP_75: 0.7436
Running per image evaluation...
Evaluate annotation type *segm*
DONE (t=12.60s).
Accumulating evaluation results...
DONE (t=0.23s).
 Average Precision  (AP) @[ IoU=0.50:0.95 | area=   all | maxDets=100 ] = 0.424
 Average Precision  (AP) @[ IoU=0.50      | area=   all | maxDets=100 ] = 0.815
 Average Precision  (AP) @[ IoU=0.75      | area=   all | maxDets=100 ] = 0.446
 Average Precision  (AP) @[ IoU=0.50:0.95 | area= small | maxDets=100 ] = 0.034
 Average Precision  (AP) @[ IoU=0.50:0.95 | area=medium | maxDets=100 ] = 0.446
 Average Precision  (AP) @[ IoU=0.50:0.95 | area= large | maxDets=100 ] = 0.624
 Average Recall     (AR) @[ IoU=0.50:0.95 | area=   all | maxDets=  1 ] = 0.020
 Average Recall     (AR) @[ IoU=0.50:0.95 | area=   all | maxDets= 10 ] = 0.139
 Average Recall     (AR) @[ IoU=0.50:0.95 | area=   all | maxDets=100 ] = 0.486
 Average Recall     (AR) @[ IoU=0.50:0.95 | area= small | maxDets=100 ] = 0.099
 Average Recall     (AR) @[ IoU=0.50:0.95 | area=medium | maxDets=100 ] = 0.501
 Average Recall     (AR) @[ IoU=0.50:0.95 | area= large | maxDets=100 ] = 0.687
2026-07-30 00:56:06,008 - portable_sam_fusion - INFO - Validation segm/mAP: 0.4241
2026-07-30 00:56:06,714 - portable_sam_fusion - INFO - New best bbox/mAP: 0.6211
2026-07-30 00:56:06,715 - portable_sam_fusion - INFO - New best early-stop metric (segm/mAP): raw=0.4241 smooth(5)=0.3802
2026-07-30 00:56:09,263 - portable_sam_fusion - INFO - Saved best_bbox_model with bbox/mAP: 0.6211
2026-07-30 00:56:14,991 - portable_sam_fusion - INFO - Epoch 5/80 | train=0.515394 val=disabled segm/mAP=0.4241 bbox/mAP=0.6211 | best_segm=0.4486 best_bbox=0.6211 best_comp=0.0000 | sat_backbone=4.97e-04 mask_decoder=4.97e-04 shape_prior=4.97e-04 quality_head=4.97e-04 sat_other=4.97e-04
2026-07-30 00:56:54,593 - portable_sam_fusion - INFO - [DEBUG-BOX] epoch=6 step=1500 fallback_count=0 fallback_ratio=0 num_rois=64 refined_proposal_iou=0 refined_proposal_iou_sum=0 refined_valid_count=0
2026-07-30 00:56:54,593 - portable_sam_fusion - INFO - [DEBUG-COARSE] epoch=6 step=1500 bce_raw=0.2575 boundary_fn=6908 boundary_fp=3423 boundary_tp=2.136e+04 dice=0.1182 dice_loss_raw=0.1182 iou=0.794 loss_weight=0.1 raw_boundary_fn=6908 raw_boundary_fp=3423 raw_boundary_tp=2.136e+04 raw_dice_score=0.8818 raw_iou=0.794 weighted_loss=0.03757
2026-07-30 00:56:54,593 - portable_sam_fusion - INFO - [DEBUG-CONTEXT] epoch=6 step=1500 enabled=0
2026-07-30 00:56:54,593 - portable_sam_fusion - INFO - [DEBUG-DENSE] epoch=6 step=1500 applied_delta_norm=2.218 applied_delta_ratio=0.1899 base_norm=11.68 canvas_max=8 canvas_mean=-0.03088 canvas_min=-8 canvas_nonzero_ratio=0.02909 canvas_std=0.7831 final_norm=11.93 residual_alpha=0.2527 shape_norm=15.48 source_delta_norm=8.779 source_delta_ratio=0.7517
2026-07-30 00:56:54,593 - portable_sam_fusion - INFO - [DEBUG-GATE] epoch=6 step=1500 shape_dense_alpha_max=0.2527 shape_dense_alpha_mean=0.2527 shape_dense_alpha_min=0.2527
2026-07-30 00:56:54,593 - portable_sam_fusion - INFO - [DEBUG-JITTER] epoch=6 step=1500 area_ratio_count=64 area_ratio_mean=1 area_ratio_sum=64 fallback_count=0 mean_iou=1 num_jittered=0 num_rois=64
2026-07-30 00:56:54,593 - portable_sam_fusion - INFO - [DEBUG-SP] epoch=6 step=1500 all_invalid_count=0 all_invalid_ratio=0 empty_count=0 empty_ratio=0 full_count=0 full_ratio=0 mean_point_distance=50.46 n1_gt_valid_count=64 n1_in_gt_bg=0.6406 n1_in_gt_bg_count=41 n1_valid_count=64 n1_valid_ratio=1 n2_gt_valid_count=64 n2_in_gt_bg=1 n2_in_gt_bg_count=64 n2_valid_count=64 n2_valid_ratio=1 neg_in_pred_bg=1 neg_in_pred_bg_count=128 negative_pair_count=64 negative_pair_distance_sum=4437 p1_gt_valid_count=64 p1_in_gt_fg=1 p1_in_gt_fg_count=64 p1_valid_count=64 p1_valid_ratio=1 p2_gt_valid_count=64 p2_in_gt_fg=0.9688 p2_in_gt_fg_count=62 p2_valid_count=64 p2_valid_ratio=1 point_distance_sum=6458 point_overlap_count=0 point_overlap_ratio=0 point_pair_count=128 pos_in_pred_fg=1 pos_in_pred_fg_count=128 positive_pair_count=64 positive_pair_distance_sum=2021 roi_count=64 valid_neg_count=128 valid_pos_count=128 warmup_stage=2
2026-07-30 00:58:04,108 - portable_sam_fusion - INFO - [DEBUG-BOX] epoch=6 step=1550 fallback_count=0 fallback_ratio=0 num_rois=64 refined_proposal_iou=0 refined_proposal_iou_sum=0 refined_valid_count=0
2026-07-30 00:58:04,108 - portable_sam_fusion - INFO - [DEBUG-COARSE] epoch=6 step=1550 bce_raw=0.1846 boundary_fn=3627 boundary_fp=3902 boundary_tp=1.936e+04 dice=0.07381 dice_loss_raw=0.07381 iou=0.8642 loss_weight=0.1 raw_boundary_fn=3627 raw_boundary_fp=3902 raw_boundary_tp=1.936e+04 raw_dice_score=0.9262 raw_iou=0.8642 weighted_loss=0.02584
2026-07-30 00:58:04,108 - portable_sam_fusion - INFO - [DEBUG-CONTEXT] epoch=6 step=1550 enabled=0
2026-07-30 00:58:04,108 - portable_sam_fusion - INFO - [DEBUG-DENSE] epoch=6 step=1550 applied_delta_norm=1.115 applied_delta_ratio=0.09549 base_norm=11.68 canvas_max=7.991 canvas_mean=0.007385 canvas_min=-6.642 canvas_nonzero_ratio=0.004356 canvas_std=0.3148 final_norm=11.71 residual_alpha=0.2528 shape_norm=12.48 source_delta_norm=4.412 source_delta_ratio=0.3778
2026-07-30 00:58:04,108 - portable_sam_fusion - INFO - [DEBUG-GATE] epoch=6 step=1550 shape_dense_alpha_max=0.2528 shape_dense_alpha_mean=0.2528 shape_dense_alpha_min=0.2528
2026-07-30 00:58:04,108 - portable_sam_fusion - INFO - [DEBUG-JITTER] epoch=6 step=1550 area_ratio_count=64 area_ratio_mean=1 area_ratio_sum=64 fallback_count=0 mean_iou=1 num_jittered=0 num_rois=64
2026-07-30 00:58:04,108 - portable_sam_fusion - INFO - [DEBUG-SP] epoch=6 step=1550 all_invalid_count=0 all_invalid_ratio=0 empty_count=0 empty_ratio=0 full_count=0 full_ratio=0 mean_point_distance=21.31 n1_gt_valid_count=64 n1_in_gt_bg=0.8281 n1_in_gt_bg_count=53 n1_valid_count=64 n1_valid_ratio=1 n2_gt_valid_count=64 n2_in_gt_bg=0.9688 n2_in_gt_bg_count=62 n2_valid_count=64 n2_valid_ratio=1 neg_in_pred_bg=1 neg_in_pred_bg_count=128 negative_pair_count=64 negative_pair_distance_sum=2116 p1_gt_valid_count=64 p1_in_gt_fg=1 p1_in_gt_fg_count=64 p1_valid_count=64 p1_valid_ratio=1 p2_gt_valid_count=64 p2_in_gt_fg=1 p2_in_gt_fg_count=64 p2_valid_count=64 p2_valid_ratio=1 point_distance_sum=2728 point_overlap_count=0 point_overlap_ratio=0 point_pair_count=128 pos_in_pred_fg=1 pos_in_pred_fg_count=128 positive_pair_count=64 positive_pair_distance_sum=612.3 roi_count=64 valid_neg_count=128 valid_pos_count=128 warmup_stage=2
2026-07-30 00:58:59,067 - portable_sam_fusion - INFO - epoch 6 | mini-batch 120/294 | optimizer_step 400/5920 | lr=4.967e-04
2026-07-30 00:59:13,393 - portable_sam_fusion - INFO - [DEBUG-BOX] epoch=6 step=1600 fallback_count=0 fallback_ratio=0 num_rois=30 refined_proposal_iou=0 refined_proposal_iou_sum=0 refined_valid_count=0
2026-07-30 00:59:13,393 - portable_sam_fusion - INFO - [DEBUG-COARSE] epoch=6 step=1600 bce_raw=0.1583 boundary_fn=1276 boundary_fp=1307 boundary_tp=9680 dice=0.08087 dice_loss_raw=0.08087 iou=0.8509 loss_weight=0.1 raw_boundary_fn=1276 raw_boundary_fp=1307 raw_boundary_tp=9680 raw_dice_score=0.9191 raw_iou=0.8509 weighted_loss=0.02391
2026-07-30 00:59:13,393 - portable_sam_fusion - INFO - [DEBUG-CONTEXT] epoch=6 step=1600 enabled=0
2026-07-30 00:59:13,393 - portable_sam_fusion - INFO - [DEBUG-DENSE] epoch=6 step=1600 applied_delta_norm=0.7221 applied_delta_ratio=0.06184 base_norm=11.68 canvas_max=7.696 canvas_mean=0.003556 canvas_min=-6.717 canvas_nonzero_ratio=0.001939 canvas_std=0.2024 final_norm=11.69 residual_alpha=0.2529 shape_norm=11.99 source_delta_norm=2.856 source_delta_ratio=0.2445
2026-07-30 00:59:13,393 - portable_sam_fusion - INFO - [DEBUG-GATE] epoch=6 step=1600 shape_dense_alpha_max=0.2529 shape_dense_alpha_mean=0.2529 shape_dense_alpha_min=0.2529
2026-07-30 00:59:13,393 - portable_sam_fusion - INFO - [DEBUG-JITTER] epoch=6 step=1600 area_ratio_count=30 area_ratio_mean=1 area_ratio_sum=30 fallback_count=0 mean_iou=1 num_jittered=0 num_rois=30
2026-07-30 00:59:13,393 - portable_sam_fusion - INFO - [DEBUG-SP] epoch=6 step=1600 all_invalid_count=0 all_invalid_ratio=0 empty_count=0 empty_ratio=0 full_count=0 full_ratio=0 mean_point_distance=14 n1_gt_valid_count=30 n1_in_gt_bg=1 n1_in_gt_bg_count=30 n1_valid_count=30 n1_valid_ratio=1 n2_gt_valid_count=30 n2_in_gt_bg=1 n2_in_gt_bg_count=30 n2_valid_count=30 n2_valid_ratio=1 neg_in_pred_bg=1 neg_in_pred_bg_count=60 negative_pair_count=30 negative_pair_distance_sum=671.7 p1_gt_valid_count=30 p1_in_gt_fg=1 p1_in_gt_fg_count=30 p1_valid_count=30 p1_valid_ratio=1 p2_gt_valid_count=30 p2_in_gt_fg=1 p2_in_gt_fg_count=30 p2_valid_count=30 p2_valid_ratio=1 point_distance_sum=840.2 point_overlap_count=0 point_overlap_ratio=0 point_pair_count=60 pos_in_pred_fg=1 pos_in_pred_fg_count=60 positive_pair_count=30 positive_pair_distance_sum=168.5 roi_count=30 valid_neg_count=60 valid_pos_count=60 warmup_stage=2
2026-07-30 01:00:06,187 - portable_sam_fusion - INFO - [DEBUG-BOX] epoch=6 step=1650 fallback_count=0 fallback_ratio=0 num_rois=64 refined_proposal_iou=0 refined_proposal_iou_sum=0 refined_valid_count=0
2026-07-30 01:00:06,187 - portable_sam_fusion - INFO - [DEBUG-COARSE] epoch=6 step=1650 bce_raw=0.2497 boundary_fn=6211 boundary_fp=3345 boundary_tp=2.004e+04 dice=0.1028 dice_loss_raw=0.1028 iou=0.8181 loss_weight=0.1 raw_boundary_fn=6211 raw_boundary_fp=3345 raw_boundary_tp=2.004e+04 raw_dice_score=0.8972 raw_iou=0.8181 weighted_loss=0.03525
2026-07-30 01:00:06,187 - portable_sam_fusion - INFO - [DEBUG-CONTEXT] epoch=6 step=1650 enabled=0
2026-07-30 01:00:06,187 - portable_sam_fusion - INFO - [DEBUG-DENSE] epoch=6 step=1650 applied_delta_norm=1.583 applied_delta_ratio=0.1355 base_norm=11.68 canvas_max=8 canvas_mean=0.001219 canvas_min=-8 canvas_nonzero_ratio=0.008045 canvas_std=0.4578 final_norm=11.74 residual_alpha=0.2529 shape_norm=13.25 source_delta_norm=6.258 source_delta_ratio=0.5358
2026-07-30 01:00:06,187 - portable_sam_fusion - INFO - [DEBUG-GATE] epoch=6 step=1650 shape_dense_alpha_max=0.2529 shape_dense_alpha_mean=0.2529 shape_dense_alpha_min=0.2529
2026-07-30 01:00:06,187 - portable_sam_fusion - INFO - [DEBUG-JITTER] epoch=6 step=1650 area_ratio_count=64 area_ratio_mean=1 area_ratio_sum=64 fallback_count=0 mean_iou=1 num_jittered=0 num_rois=64
2026-07-30 01:00:06,187 - portable_sam_fusion - INFO - [DEBUG-SP] epoch=6 step=1650 all_invalid_count=0 all_invalid_ratio=0 empty_count=0 empty_ratio=0 full_count=0 full_ratio=0 mean_point_distance=27.43 n1_gt_valid_count=64 n1_in_gt_bg=0.3281 n1_in_gt_bg_count=21 n1_valid_count=64 n1_valid_ratio=1 n2_gt_valid_count=64 n2_in_gt_bg=1 n2_in_gt_bg_count=64 n2_valid_count=64 n2_valid_ratio=1 neg_in_pred_bg=1 neg_in_pred_bg_count=128 negative_pair_count=64 negative_pair_distance_sum=2595 p1_gt_valid_count=64 p1_in_gt_fg=1 p1_in_gt_fg_count=64 p1_valid_count=64 p1_valid_ratio=1 p2_gt_valid_count=64 p2_in_gt_fg=1 p2_in_gt_fg_count=64 p2_valid_count=64 p2_valid_ratio=1 point_distance_sum=3512 point_overlap_count=0 point_overlap_ratio=0 point_pair_count=128 pos_in_pred_fg=1 pos_in_pred_fg_count=128 positive_pair_count=64 positive_pair_distance_sum=916.8 roi_count=64 valid_neg_count=128 valid_pos_count=128 warmup_stage=2
2026-07-30 01:00:53,883 - portable_sam_fusion - INFO - [DEBUG-BOX] epoch=6 step=1700 fallback_count=0 fallback_ratio=0 num_rois=64 refined_proposal_iou=0 refined_proposal_iou_sum=0 refined_valid_count=0
2026-07-30 01:00:53,883 - portable_sam_fusion - INFO - [DEBUG-COARSE] epoch=6 step=1700 bce_raw=0.2124 boundary_fn=4144 boundary_fp=5039 boundary_tp=2.025e+04 dice=0.09845 dice_loss_raw=0.09845 iou=0.8242 loss_weight=0.1 raw_boundary_fn=4144 raw_boundary_fp=5039 raw_boundary_tp=2.025e+04 raw_dice_score=0.9016 raw_iou=0.8242 weighted_loss=0.03109
2026-07-30 01:00:53,883 - portable_sam_fusion - INFO - [DEBUG-CONTEXT] epoch=6 step=1700 enabled=0
2026-07-30 01:00:53,883 - portable_sam_fusion - INFO - [DEBUG-DENSE] epoch=6 step=1700 applied_delta_norm=1.294 applied_delta_ratio=0.1108 base_norm=11.68 canvas_max=8 canvas_mean=0.006621 canvas_min=-8 canvas_nonzero_ratio=0.006757 canvas_std=0.3668 final_norm=11.73 residual_alpha=0.2531 shape_norm=12.96 source_delta_norm=5.112 source_delta_ratio=0.4377
2026-07-30 01:00:53,883 - portable_sam_fusion - INFO - [DEBUG-GATE] epoch=6 step=1700 shape_dense_alpha_max=0.2531 shape_dense_alpha_mean=0.2531 shape_dense_alpha_min=0.2531
2026-07-30 01:00:53,883 - portable_sam_fusion - INFO - [DEBUG-JITTER] epoch=6 step=1700 area_ratio_count=64 area_ratio_mean=1 area_ratio_sum=64 fallback_count=0 mean_iou=1 num_jittered=0 num_rois=64
2026-07-30 01:00:53,883 - portable_sam_fusion - INFO - [DEBUG-SP] epoch=6 step=1700 all_invalid_count=0 all_invalid_ratio=0 empty_count=0 empty_ratio=0 full_count=0 full_ratio=0 mean_point_distance=27.48 n1_gt_valid_count=64 n1_in_gt_bg=0.75 n1_in_gt_bg_count=48 n1_valid_count=64 n1_valid_ratio=1 n2_gt_valid_count=64 n2_in_gt_bg=0.9375 n2_in_gt_bg_count=60 n2_valid_count=64 n2_valid_ratio=1 neg_in_pred_bg=1 neg_in_pred_bg_count=128 negative_pair_count=64 negative_pair_distance_sum=2770 p1_gt_valid_count=64 p1_in_gt_fg=1 p1_in_gt_fg_count=64 p1_valid_count=64 p1_valid_ratio=1 p2_gt_valid_count=64 p2_in_gt_fg=1 p2_in_gt_fg_count=64 p2_valid_count=64 p2_valid_ratio=1 point_distance_sum=3517 point_overlap_count=0 point_overlap_ratio=0 point_pair_count=128 pos_in_pred_fg=1 pos_in_pred_fg_count=128 positive_pair_count=64 positive_pair_distance_sum=747.2 roi_count=64 valid_neg_count=128 valid_pos_count=128 warmup_stage=2
2026-07-30 01:01:44,476 - portable_sam_fusion - INFO - [DEBUG-BOX] epoch=6 step=1750 fallback_count=0 fallback_ratio=0 num_rois=64 refined_proposal_iou=0 refined_proposal_iou_sum=0 refined_valid_count=0
2026-07-30 01:01:44,476 - portable_sam_fusion - INFO - [DEBUG-COARSE] epoch=6 step=1750 bce_raw=0.1912 boundary_fn=3671 boundary_fp=3448 boundary_tp=2.353e+04 dice=0.101 dice_loss_raw=0.101 iou=0.8198 loss_weight=0.1 raw_boundary_fn=3671 raw_boundary_fp=3448 raw_boundary_tp=2.353e+04 raw_dice_score=0.899 raw_iou=0.8198 weighted_loss=0.02922
2026-07-30 01:01:44,476 - portable_sam_fusion - INFO - [DEBUG-CONTEXT] epoch=6 step=1750 enabled=0
2026-07-30 01:01:44,476 - portable_sam_fusion - INFO - [DEBUG-DENSE] epoch=6 step=1750 applied_delta_norm=1.258 applied_delta_ratio=0.1077 base_norm=11.68 canvas_max=7.991 canvas_mean=-0.000939 canvas_min=-8 canvas_nonzero_ratio=0.005857 canvas_std=0.3717 final_norm=11.72 residual_alpha=0.2532 shape_norm=12.72 source_delta_norm=4.967 source_delta_ratio=0.4253
2026-07-30 01:01:44,476 - portable_sam_fusion - INFO - [DEBUG-GATE] epoch=6 step=1750 shape_dense_alpha_max=0.2532 shape_dense_alpha_mean=0.2532 shape_dense_alpha_min=0.2532
2026-07-30 01:01:44,476 - portable_sam_fusion - INFO - [DEBUG-JITTER] epoch=6 step=1750 area_ratio_count=64 area_ratio_mean=1 area_ratio_sum=64 fallback_count=0 mean_iou=1 num_jittered=0 num_rois=64
2026-07-30 01:01:44,476 - portable_sam_fusion - INFO - [DEBUG-SP] epoch=6 step=1750 all_invalid_count=0 all_invalid_ratio=0 empty_count=0 empty_ratio=0 full_count=0 full_ratio=0 mean_point_distance=26.89 n1_gt_valid_count=64 n1_in_gt_bg=0.8438 n1_in_gt_bg_count=54 n1_valid_count=64 n1_valid_ratio=1 n2_gt_valid_count=64 n2_in_gt_bg=1 n2_in_gt_bg_count=64 n2_valid_count=64 n2_valid_ratio=1 neg_in_pred_bg=1 neg_in_pred_bg_count=128 negative_pair_count=64 negative_pair_distance_sum=2631 p1_gt_valid_count=64 p1_in_gt_fg=1 p1_in_gt_fg_count=64 p1_valid_count=64 p1_valid_ratio=1 p2_gt_valid_count=64 p2_in_gt_fg=1 p2_in_gt_fg_count=64 p2_valid_count=64 p2_valid_ratio=1 point_distance_sum=3442 point_overlap_count=0 point_overlap_ratio=0 point_pair_count=128 pos_in_pred_fg=1 pos_in_pred_fg_count=128 positive_pair_count=64 positive_pair_distance_sum=811 roi_count=64 valid_neg_count=128 valid_pos_count=128 warmup_stage=2
2026-07-30 01:01:59,644 - portable_sam_fusion - INFO - Epoch 6 detailed losses: loss_rpn_cls=0.0331, loss_rpn_bbox=0.0130, loss_cls=0.2690, acc=88.8838, loss_bbox=0.1307, loss_mask=0.0023, debug_mask_pos_rois=54.9558, debug_mask_logit_mean=-14.5375, debug_mask_logit_std=2.9460, debug_mask_prob_mean=0.0052, debug_mask_prob_ge05=0.0051, debug_mask_target_fill=0.0052, loss_shape_prior=0.0289, schedule/det_weight=1.0000
2026-07-30 01:01:59,644 - portable_sam_fusion - INFO - Epoch 6 dense residual monitor: alpha=0.253393 source_delta_norm=6.0148 applied_delta_norm=1.5241 source_delta_ratio=0.515039 applied_delta_ratio=0.130502
2026-07-30 01:01:59,645 - portable_sam_fusion - INFO - Epoch 6 primary loss shares: det=93.47% final_mask=0.47% shape=6.05% p2_boundary=0.00%
2026-07-30 01:01:59,645 - portable_sam_fusion - INFO - Epoch 6 schedule: det_loss_weight=1.000 early_stop_start=20 min_delta=0.0005
2026-07-30 01:01:59,645 - portable_sam_fusion - INFO - Epoch 6 learning rates: sat_backbone=4.96e-04, mask_decoder=4.96e-04, shape_prior=4.96e-04, quality_head=4.96e-04, sat_other=4.96e-04
2026-07-30 01:05:50,506 - portable_sam_fusion - INFO - Validation samples: GT=15926, DT=19652, avg_masks_per_image=31.34, avg_mask_fill=0.0175
creating index...
index created!
Loading and preparing results...
DONE (t=0.02s)
creating index...
index created!
Running per image evaluation...
Evaluate annotation type *bbox*
DONE (t=10.76s).
Accumulating evaluation results...
DONE (t=0.20s).
 Average Precision  (AP) @[ IoU=0.50:0.95 | area=   all | maxDets=100 ] = 0.610
 Average Precision  (AP) @[ IoU=0.50      | area=   all | maxDets=100 ] = 0.850
 Average Precision  (AP) @[ IoU=0.75      | area=   all | maxDets=100 ] = 0.744
 Average Precision  (AP) @[ IoU=0.50:0.95 | area= small | maxDets=100 ] = 0.187
 Average Precision  (AP) @[ IoU=0.50:0.95 | area=medium | maxDets=100 ] = 0.661
 Average Precision  (AP) @[ IoU=0.50:0.95 | area= large | maxDets=100 ] = 0.697
 Average Recall     (AR) @[ IoU=0.50:0.95 | area=   all | maxDets=  1 ] = 0.024
 Average Recall     (AR) @[ IoU=0.50:0.95 | area=   all | maxDets= 10 ] = 0.175
 Average Recall     (AR) @[ IoU=0.50:0.95 | area=   all | maxDets=100 ] = 0.676
 Average Recall     (AR) @[ IoU=0.50:0.95 | area= small | maxDets=100 ] = 0.326
 Average Recall     (AR) @[ IoU=0.50:0.95 | area=medium | maxDets=100 ] = 0.725
 Average Recall     (AR) @[ IoU=0.50:0.95 | area= large | maxDets=100 ] = 0.762
2026-07-30 01:06:02,143 - portable_sam_fusion - INFO - Validation bbox/mAP: 0.6101 bbox/mAP_75: 0.7442
Running per image evaluation...
Evaluate annotation type *segm*
DONE (t=11.34s).
Accumulating evaluation results...
DONE (t=0.20s).
 Average Precision  (AP) @[ IoU=0.50:0.95 | area=   all | maxDets=100 ] = 0.423
 Average Precision  (AP) @[ IoU=0.50      | area=   all | maxDets=100 ] = 0.803
 Average Precision  (AP) @[ IoU=0.75      | area=   all | maxDets=100 ] = 0.444
 Average Precision  (AP) @[ IoU=0.50:0.95 | area= small | maxDets=100 ] = 0.034
 Average Precision  (AP) @[ IoU=0.50:0.95 | area=medium | maxDets=100 ] = 0.442
 Average Precision  (AP) @[ IoU=0.50:0.95 | area= large | maxDets=100 ] = 0.611
 Average Recall     (AR) @[ IoU=0.50:0.95 | area=   all | maxDets=  1 ] = 0.020
 Average Recall     (AR) @[ IoU=0.50:0.95 | area=   all | maxDets= 10 ] = 0.140
 Average Recall     (AR) @[ IoU=0.50:0.95 | area=   all | maxDets=100 ] = 0.476
 Average Recall     (AR) @[ IoU=0.50:0.95 | area= small | maxDets=100 ] = 0.082
 Average Recall     (AR) @[ IoU=0.50:0.95 | area=medium | maxDets=100 ] = 0.492
 Average Recall     (AR) @[ IoU=0.50:0.95 | area= large | maxDets=100 ] = 0.677
2026-07-30 01:06:13,715 - portable_sam_fusion - INFO - Validation segm/mAP: 0.4229
2026-07-30 01:06:14,278 - portable_sam_fusion - INFO - New best early-stop metric (segm/mAP): raw=0.4229 smooth(5)=0.4180
2026-07-30 01:06:22,767 - portable_sam_fusion - INFO - Epoch 6/80 | train=0.476895 val=disabled segm/mAP=0.4229 bbox/mAP=0.6101 | best_segm=0.4486 best_bbox=0.6211 best_comp=0.0000 | sat_backbone=4.96e-04 mask_decoder=4.96e-04 shape_prior=4.96e-04 quality_head=4.96e-04 sat_other=4.96e-04
2026-07-30 01:06:59,246 - portable_sam_fusion - INFO - epoch 7 | mini-batch 24/294 | optimizer_step 450/5920 | lr=4.956e-04
2026-07-30 01:07:14,515 - portable_sam_fusion - INFO - [DEBUG-BOX] epoch=7 step=1800 fallback_count=0 fallback_ratio=0 num_rois=64 refined_proposal_iou=0 refined_proposal_iou_sum=0 refined_valid_count=0
2026-07-30 01:07:14,515 - portable_sam_fusion - INFO - [DEBUG-COARSE] epoch=7 step=1800 bce_raw=0.1623 boundary_fn=3124 boundary_fp=1789 boundary_tp=2.391e+04 dice=0.08894 dice_loss_raw=0.08894 iou=0.8389 loss_weight=0.1 raw_boundary_fn=3124 raw_boundary_fp=1789 raw_boundary_tp=2.391e+04 raw_dice_score=0.9111 raw_iou=0.8389 weighted_loss=0.02512
2026-07-30 01:07:14,516 - portable_sam_fusion - INFO - [DEBUG-CONTEXT] epoch=7 step=1800 enabled=0
2026-07-30 01:07:14,516 - portable_sam_fusion - INFO - [DEBUG-DENSE] epoch=7 step=1800 applied_delta_norm=1.65 applied_delta_ratio=0.1413 base_norm=11.68 canvas_max=8 canvas_mean=0.003003 canvas_min=-8 canvas_nonzero_ratio=0.008636 canvas_std=0.4388 final_norm=11.74 residual_alpha=0.2534 shape_norm=13.31 source_delta_norm=6.511 source_delta_ratio=0.5576
2026-07-30 01:07:14,516 - portable_sam_fusion - INFO - [DEBUG-GATE] epoch=7 step=1800 shape_dense_alpha_max=0.2534 shape_dense_alpha_mean=0.2534 shape_dense_alpha_min=0.2534
2026-07-30 01:07:14,516 - portable_sam_fusion - INFO - [DEBUG-JITTER] epoch=7 step=1800 area_ratio_count=64 area_ratio_mean=1 area_ratio_sum=64 fallback_count=0 mean_iou=1 num_jittered=0 num_rois=64
2026-07-30 01:07:14,516 - portable_sam_fusion - INFO - [DEBUG-SP] epoch=7 step=1800 all_invalid_count=0 all_invalid_ratio=0 empty_count=0 empty_ratio=0 full_count=0 full_ratio=0 mean_point_distance=39.67 n1_gt_valid_count=64 n1_in_gt_bg=0.9531 n1_in_gt_bg_count=61 n1_valid_count=64 n1_valid_ratio=1 n2_gt_valid_count=64 n2_in_gt_bg=1 n2_in_gt_bg_count=64 n2_valid_count=64 n2_valid_ratio=1 neg_in_pred_bg=1 neg_in_pred_bg_count=128 negative_pair_count=64 negative_pair_distance_sum=3886 p1_gt_valid_count=64 p1_in_gt_fg=1 p1_in_gt_fg_count=64 p1_valid_count=64 p1_valid_ratio=1 p2_gt_valid_count=64 p2_in_gt_fg=1 p2_in_gt_fg_count=64 p2_valid_count=64 p2_valid_ratio=1 point_distance_sum=5077 point_overlap_count=0 point_overlap_ratio=0 point_pair_count=128 pos_in_pred_fg=1 pos_in_pred_fg_count=128 positive_pair_count=64 positive_pair_distance_sum=1191 roi_count=64 valid_neg_count=128 valid_pos_count=128 warmup_stage=2
2026-07-30 01:08:25,683 - portable_sam_fusion - INFO - [DEBUG-BOX] epoch=7 step=1850 fallback_count=0 fallback_ratio=0 num_rois=64 refined_proposal_iou=0 refined_proposal_iou_sum=0 refined_valid_count=0
2026-07-30 01:08:25,683 - portable_sam_fusion - INFO - [DEBUG-COARSE] epoch=7 step=1850 bce_raw=0.1948 boundary_fn=3383 boundary_fp=4113 boundary_tp=2.177e+04 dice=0.07289 dice_loss_raw=0.07289 iou=0.867 loss_weight=0.1 raw_boundary_fn=3383 raw_boundary_fp=4113 raw_boundary_tp=2.177e+04 raw_dice_score=0.9271 raw_iou=0.867 weighted_loss=0.02677
2026-07-30 01:08:25,683 - portable_sam_fusion - INFO - [DEBUG-CONTEXT] epoch=7 step=1850 enabled=0
2026-07-30 01:08:25,683 - portable_sam_fusion - INFO - [DEBUG-DENSE] epoch=7 step=1850 applied_delta_norm=1.283 applied_delta_ratio=0.1099 base_norm=11.68 canvas_max=8 canvas_mean=0.01195 canvas_min=-7.97 canvas_nonzero_ratio=0.005459 canvas_std=0.3697 final_norm=11.72 residual_alpha=0.2536 shape_norm=12.73 source_delta_norm=5.06 source_delta_ratio=0.4333
2026-07-30 01:08:25,683 - portable_sam_fusion - INFO - [DEBUG-GATE] epoch=7 step=1850 shape_dense_alpha_max=0.2536 shape_dense_alpha_mean=0.2536 shape_dense_alpha_min=0.2536
2026-07-30 01:08:25,683 - portable_sam_fusion - INFO - [DEBUG-JITTER] epoch=7 step=1850 area_ratio_count=64 area_ratio_mean=1 area_ratio_sum=64 fallback_count=0 mean_iou=1 num_jittered=0 num_rois=64
2026-07-30 01:08:25,683 - portable_sam_fusion - INFO - [DEBUG-SP] epoch=7 step=1850 all_invalid_count=0 all_invalid_ratio=0 empty_count=0 empty_ratio=0 full_count=0 full_ratio=0 mean_point_distance=23.68 n1_gt_valid_count=64 n1_in_gt_bg=0.7188 n1_in_gt_bg_count=46 n1_valid_count=64 n1_valid_ratio=1 n2_gt_valid_count=64 n2_in_gt_bg=0.9531 n2_in_gt_bg_count=61 n2_valid_count=64 n2_valid_ratio=1 neg_in_pred_bg=1 neg_in_pred_bg_count=128 negative_pair_count=64 negative_pair_distance_sum=2068 p1_gt_valid_count=64 p1_in_gt_fg=1 p1_in_gt_fg_count=64 p1_valid_count=64 p1_valid_ratio=1 p2_gt_valid_count=64 p2_in_gt_fg=1 p2_in_gt_fg_count=64 p2_valid_count=64 p2_valid_ratio=1 point_distance_sum=3032 point_overlap_count=0 point_overlap_ratio=0 point_pair_count=128 pos_in_pred_fg=1 pos_in_pred_fg_count=128 positive_pair_count=64 positive_pair_distance_sum=963.2 roi_count=64 valid_neg_count=128 valid_pos_count=128 warmup_stage=2
2026-07-30 01:09:33,640 - portable_sam_fusion - INFO - [DEBUG-BOX] epoch=7 step=1900 fallback_count=0 fallback_ratio=0 num_rois=64 refined_proposal_iou=0 refined_proposal_iou_sum=0 refined_valid_count=0
2026-07-30 01:09:33,640 - portable_sam_fusion - INFO - [DEBUG-COARSE] epoch=7 step=1900 bce_raw=0.129 boundary_fn=2079 boundary_fp=494 boundary_tp=2.5e+04 dice=0.08904 dice_loss_raw=0.08904 iou=0.837 loss_weight=0.1 raw_boundary_fn=2079 raw_boundary_fp=494 raw_boundary_tp=2.5e+04 raw_dice_score=0.911 raw_iou=0.837 weighted_loss=0.0218
2026-07-30 01:09:33,640 - portable_sam_fusion - INFO - [DEBUG-CONTEXT] epoch=7 step=1900 enabled=0
2026-07-30 01:09:33,640 - portable_sam_fusion - INFO - [DEBUG-DENSE] epoch=7 step=1900 applied_delta_norm=1.543 applied_delta_ratio=0.1321 base_norm=11.68 canvas_max=7.103 canvas_mean=-0.004837 canvas_min=-8 canvas_nonzero_ratio=0.008041 canvas_std=0.4152 final_norm=11.74 residual_alpha=0.2537 shape_norm=13.11 source_delta_norm=6.081 source_delta_ratio=0.5207
2026-07-30 01:09:33,640 - portable_sam_fusion - INFO - [DEBUG-GATE] epoch=7 step=1900 shape_dense_alpha_max=0.2537 shape_dense_alpha_mean=0.2537 shape_dense_alpha_min=0.2537
2026-07-30 01:09:33,640 - portable_sam_fusion - INFO - [DEBUG-JITTER] epoch=7 step=1900 area_ratio_count=64 area_ratio_mean=1 area_ratio_sum=64 fallback_count=0 mean_iou=1 num_jittered=0 num_rois=64
2026-07-30 01:09:33,640 - portable_sam_fusion - INFO - [DEBUG-SP] epoch=7 step=1900 all_invalid_count=0 all_invalid_ratio=0 empty_count=0 empty_ratio=0 full_count=0 full_ratio=0 mean_point_distance=35.35 n1_gt_valid_count=64 n1_in_gt_bg=0.6875 n1_in_gt_bg_count=44 n1_valid_count=64 n1_valid_ratio=1 n2_gt_valid_count=64 n2_in_gt_bg=1 n2_in_gt_bg_count=64 n2_valid_count=64 n2_valid_ratio=1 neg_in_pred_bg=1 neg_in_pred_bg_count=128 negative_pair_count=64 negative_pair_distance_sum=3522 p1_gt_valid_count=64 p1_in_gt_fg=1 p1_in_gt_fg_count=64 p1_valid_count=64 p1_valid_ratio=1 p2_gt_valid_count=64 p2_in_gt_fg=1 p2_in_gt_fg_count=64 p2_valid_count=64 p2_valid_ratio=1 point_distance_sum=4525 point_overlap_count=0 point_overlap_ratio=0 point_pair_count=128 pos_in_pred_fg=1 pos_in_pred_fg_count=128 positive_pair_count=64 positive_pair_distance_sum=1003 roi_count=64 valid_neg_count=128 valid_pos_count=128 warmup_stage=2
2026-07-30 01:10:42,794 - portable_sam_fusion - INFO - [DEBUG-BOX] epoch=7 step=1950 fallback_count=0 fallback_ratio=0 num_rois=64 refined_proposal_iou=0 refined_proposal_iou_sum=0 refined_valid_count=0
2026-07-30 01:10:42,794 - portable_sam_fusion - INFO - [DEBUG-COARSE] epoch=7 step=1950 bce_raw=0.1805 boundary_fn=3224 boundary_fp=3055 boundary_tp=2.31e+04 dice=0.09205 dice_loss_raw=0.09205 iou=0.8343 loss_weight=0.1 raw_boundary_fn=3224 raw_boundary_fp=3055 raw_boundary_tp=2.31e+04 raw_dice_score=0.9079 raw_iou=0.8343 weighted_loss=0.02725
2026-07-30 01:10:42,794 - portable_sam_fusion - INFO - [DEBUG-CONTEXT] epoch=7 step=1950 enabled=0
2026-07-30 01:10:42,794 - portable_sam_fusion - INFO - [DEBUG-DENSE] epoch=7 step=1950 applied_delta_norm=1.43 applied_delta_ratio=0.1224 base_norm=11.68 canvas_max=7.765 canvas_mean=0.00185 canvas_min=-8 canvas_nonzero_ratio=0.006548 canvas_std=0.3907 final_norm=11.73 residual_alpha=0.2538 shape_norm=12.91 source_delta_norm=5.633 source_delta_ratio=0.4823
2026-07-30 01:10:42,794 - portable_sam_fusion - INFO - [DEBUG-GATE] epoch=7 step=1950 shape_dense_alpha_max=0.2538 shape_dense_alpha_mean=0.2538 shape_dense_alpha_min=0.2538
2026-07-30 01:10:42,795 - portable_sam_fusion - INFO - [DEBUG-JITTER] epoch=7 step=1950 area_ratio_count=64 area_ratio_mean=1 area_ratio_sum=64 fallback_count=0 mean_iou=1 num_jittered=0 num_rois=64
2026-07-30 01:10:42,795 - portable_sam_fusion - INFO - [DEBUG-SP] epoch=7 step=1950 all_invalid_count=0 all_invalid_ratio=0 empty_count=0 empty_ratio=0 full_count=0 full_ratio=0 mean_point_distance=30.05 n1_gt_valid_count=64 n1_in_gt_bg=0.8906 n1_in_gt_bg_count=57 n1_valid_count=64 n1_valid_ratio=1 n2_gt_valid_count=64 n2_in_gt_bg=1 n2_in_gt_bg_count=64 n2_valid_count=64 n2_valid_ratio=1 neg_in_pred_bg=1 neg_in_pred_bg_count=128 negative_pair_count=64 negative_pair_distance_sum=2815 p1_gt_valid_count=64 p1_in_gt_fg=1 p1_in_gt_fg_count=64 p1_valid_count=64 p1_valid_ratio=1 p2_gt_valid_count=64 p2_in_gt_fg=1 p2_in_gt_fg_count=64 p2_valid_count=64 p2_valid_ratio=1 point_distance_sum=3847 point_overlap_count=0 point_overlap_ratio=0 point_pair_count=128 pos_in_pred_fg=1 pos_in_pred_fg_count=128 positive_pair_count=64 positive_pair_distance_sum=1032 roi_count=64 valid_neg_count=128 valid_pos_count=128 warmup_stage=2
2026-07-30 01:11:27,926 - portable_sam_fusion - INFO - epoch 7 | mini-batch 224/294 | optimizer_step 500/5920 | lr=4.942e-04
2026-07-30 01:11:40,825 - portable_sam_fusion - INFO - [DEBUG-BOX] epoch=7 step=2000 fallback_count=0 fallback_ratio=0 num_rois=28 refined_proposal_iou=0 refined_proposal_iou_sum=0 refined_valid_count=0
2026-07-30 01:11:40,825 - portable_sam_fusion - INFO - [DEBUG-COARSE] epoch=7 step=2000 bce_raw=0.07793 boundary_fn=66 boundary_fp=94 boundary_tp=1.047e+04 dice=0.05196 dice_loss_raw=0.05196 iou=0.9013 loss_weight=0.1 raw_boundary_fn=66 raw_boundary_fp=94 raw_boundary_tp=1.047e+04 raw_dice_score=0.948 raw_iou=0.9013 weighted_loss=0.01299
2026-07-30 01:11:40,825 - portable_sam_fusion - INFO - [DEBUG-CONTEXT] epoch=7 step=2000 enabled=0
2026-07-30 01:11:40,825 - portable_sam_fusion - INFO - [DEBUG-DENSE] epoch=7 step=2000 applied_delta_norm=1.76 applied_delta_ratio=0.1507 base_norm=11.68 canvas_max=7.904 canvas_mean=0.001166 canvas_min=-7.995 canvas_nonzero_ratio=0.00965 canvas_std=0.5055 final_norm=11.75 residual_alpha=0.2539 shape_norm=13.38 source_delta_norm=6.931 source_delta_ratio=0.5935
2026-07-30 01:11:40,825 - portable_sam_fusion - INFO - [DEBUG-GATE] epoch=7 step=2000 shape_dense_alpha_max=0.2539 shape_dense_alpha_mean=0.2539 shape_dense_alpha_min=0.2539
2026-07-30 01:11:40,825 - portable_sam_fusion - INFO - [DEBUG-JITTER] epoch=7 step=2000 area_ratio_count=28 area_ratio_mean=1 area_ratio_sum=28 fallback_count=0 mean_iou=1 num_jittered=0 num_rois=28
2026-07-30 01:11:40,825 - portable_sam_fusion - INFO - [DEBUG-SP] epoch=7 step=2000 all_invalid_count=0 all_invalid_ratio=0 empty_count=0 empty_ratio=0 full_count=0 full_ratio=0 mean_point_distance=49.48 n1_gt_valid_count=28 n1_in_gt_bg=1 n1_in_gt_bg_count=28 n1_valid_count=28 n1_valid_ratio=1 n2_gt_valid_count=28 n2_in_gt_bg=1 n2_in_gt_bg_count=28 n2_valid_count=28 n2_valid_ratio=1 neg_in_pred_bg=1 neg_in_pred_bg_count=56 negative_pair_count=28 negative_pair_distance_sum=1799 p1_gt_valid_count=28 p1_in_gt_fg=1 p1_in_gt_fg_count=28 p1_valid_count=28 p1_valid_ratio=1 p2_gt_valid_count=28 p2_in_gt_fg=1 p2_in_gt_fg_count=28 p2_valid_count=28 p2_valid_ratio=1 point_distance_sum=2771 point_overlap_count=0 point_overlap_ratio=0 point_pair_count=56 pos_in_pred_fg=1 pos_in_pred_fg_count=56 positive_pair_count=28 positive_pair_distance_sum=971.9 roi_count=28 valid_neg_count=56 valid_pos_count=56 warmup_stage=2
2026-07-30 01:12:31,983 - portable_sam_fusion - INFO - [DEBUG-BOX] epoch=7 step=2050 fallback_count=0 fallback_ratio=0 num_rois=0 refined_proposal_iou=0 refined_proposal_iou_sum=0 refined_valid_count=0
2026-07-30 01:12:31,983 - portable_sam_fusion - INFO - [DEBUG-COARSE] epoch=7 step=2050 boundary_fn=0 boundary_fp=0 boundary_tp=0 dice=0 iou=0
2026-07-30 01:12:31,983 - portable_sam_fusion - INFO - [DEBUG-CONTEXT] epoch=7 step=2050 enabled=0
2026-07-30 01:12:31,983 - portable_sam_fusion - INFO - [DEBUG-DENSE] epoch=7 step=2050 applied_delta_norm=1.761 applied_delta_ratio=0.1508 base_norm=11.68 canvas_max=8 canvas_mean=-0.009319 canvas_min=-8 canvas_nonzero_ratio=0.02029 canvas_std=0.6325 final_norm=11.85 residual_alpha=0.254 shape_norm=14.19 source_delta_norm=6.932 source_delta_ratio=0.5935
2026-07-30 01:12:31,984 - portable_sam_fusion - INFO - [DEBUG-GATE] epoch=7 step=2050 shape_dense_alpha_max=0.254 shape_dense_alpha_mean=0.254 shape_dense_alpha_min=0.254
2026-07-30 01:12:31,984 - portable_sam_fusion - INFO - [DEBUG-JITTER] epoch=7 step=2050 area_ratio_count=0 area_ratio_mean=0 area_ratio_sum=0 fallback_count=0 mean_iou=0 num_jittered=0 num_rois=0
2026-07-30 01:12:31,984 - portable_sam_fusion - INFO - [DEBUG-SP] epoch=7 step=2050 all_invalid_count=0 all_invalid_ratio=0 empty_count=0 empty_ratio=0 full_count=0 full_ratio=0 mean_point_distance=41.14 n1_gt_valid_count=64 n1_in_gt_bg=0.8125 n1_in_gt_bg_count=52 n1_valid_count=64 n1_valid_ratio=1 n2_gt_valid_count=64 n2_in_gt_bg=1 n2_in_gt_bg_count=64 n2_valid_count=64 n2_valid_ratio=1 neg_in_pred_bg=1 neg_in_pred_bg_count=128 negative_pair_count=64 negative_pair_distance_sum=3801 p1_gt_valid_count=64 p1_in_gt_fg=0.9844 p1_in_gt_fg_count=63 p1_valid_count=64 p1_valid_ratio=1 p2_gt_valid_count=64 p2_in_gt_fg=0.9688 p2_in_gt_fg_count=62 p2_valid_count=64 p2_valid_ratio=1 point_distance_sum=5266 point_overlap_count=0 point_overlap_ratio=0 point_pair_count=128 pos_in_pred_fg=1 pos_in_pred_fg_count=128 positive_pair_count=64 positive_pair_distance_sum=1465 roi_count=64 valid_neg_count=128 valid_pos_count=128 warmup_stage=2
2026-07-30 01:12:39,339 - portable_sam_fusion - INFO - Epoch 7 detailed losses: loss_rpn_cls=0.0317, loss_rpn_bbox=0.0113, loss_cls=0.2614, acc=89.3188, loss_bbox=0.1255, loss_mask=0.0018, debug_mask_pos_rois=57.5782, debug_mask_logit_mean=-16.1898, debug_mask_logit_std=3.1355, debug_mask_prob_mean=0.0047, debug_mask_prob_ge05=0.0046, debug_mask_target_fill=0.0047, loss_shape_prior=0.0282, schedule/det_weight=1.0000
2026-07-30 01:12:39,339 - portable_sam_fusion - INFO - Epoch 7 dense residual monitor: alpha=0.254232 source_delta_norm=6.0711 applied_delta_norm=1.5435 source_delta_ratio=0.519854 applied_delta_ratio=0.132166
2026-07-30 01:12:39,339 - portable_sam_fusion - INFO - Epoch 7 primary loss shares: det=93.47% final_mask=0.38% shape=6.14% p2_boundary=0.00%
2026-07-30 01:12:39,340 - portable_sam_fusion - INFO - Epoch 7 schedule: det_loss_weight=1.000 early_stop_start=20 min_delta=0.0005
2026-07-30 01:12:39,340 - portable_sam_fusion - INFO - Epoch 7 learning rates: sat_backbone=4.94e-04, mask_decoder=4.94e-04, shape_prior=4.94e-04, quality_head=4.94e-04, sat_other=4.94e-04
2026-07-30 01:16:26,670 - portable_sam_fusion - INFO - Validation samples: GT=15926, DT=22343, avg_masks_per_image=35.63, avg_mask_fill=0.0058
creating index...
index created!
Loading and preparing results...
DONE (t=0.03s)
creating index...
index created!
Running per image evaluation...
Evaluate annotation type *bbox*
DONE (t=11.88s).
Accumulating evaluation results...
DONE (t=0.21s).
 Average Precision  (AP) @[ IoU=0.50:0.95 | area=   all | maxDets=100 ] = 0.615
 Average Precision  (AP) @[ IoU=0.50      | area=   all | maxDets=100 ] = 0.884
 Average Precision  (AP) @[ IoU=0.75      | area=   all | maxDets=100 ] = 0.757
 Average Precision  (AP) @[ IoU=0.50:0.95 | area= small | maxDets=100 ] = 0.225
 Average Precision  (AP) @[ IoU=0.50:0.95 | area=medium | maxDets=100 ] = 0.663
 Average Precision  (AP) @[ IoU=0.50:0.95 | area= large | maxDets=100 ] = 0.684
 Average Recall     (AR) @[ IoU=0.50:0.95 | area=   all | maxDets=  1 ] = 0.023
 Average Recall     (AR) @[ IoU=0.50:0.95 | area=   all | maxDets= 10 ] = 0.172
 Average Recall     (AR) @[ IoU=0.50:0.95 | area=   all | maxDets=100 ] = 0.678
 Average Recall     (AR) @[ IoU=0.50:0.95 | area= small | maxDets=100 ] = 0.359
 Average Recall     (AR) @[ IoU=0.50:0.95 | area=medium | maxDets=100 ] = 0.728
 Average Recall     (AR) @[ IoU=0.50:0.95 | area= large | maxDets=100 ] = 0.742
2026-07-30 01:16:38,997 - portable_sam_fusion - INFO - Validation bbox/mAP: 0.6149 bbox/mAP_75: 0.7575
Running per image evaluation...
Evaluate annotation type *segm*
DONE (t=12.48s).
Accumulating evaluation results...
DONE (t=0.23s).
 Average Precision  (AP) @[ IoU=0.50:0.95 | area=   all | maxDets=100 ] = 0.441
 Average Precision  (AP) @[ IoU=0.50      | area=   all | maxDets=100 ] = 0.848
 Average Precision  (AP) @[ IoU=0.75      | area=   all | maxDets=100 ] = 0.457
 Average Precision  (AP) @[ IoU=0.50:0.95 | area= small | maxDets=100 ] = 0.057
 Average Precision  (AP) @[ IoU=0.50:0.95 | area=medium | maxDets=100 ] = 0.457
 Average Precision  (AP) @[ IoU=0.50:0.95 | area= large | maxDets=100 ] = 0.645
 Average Recall     (AR) @[ IoU=0.50:0.95 | area=   all | maxDets=  1 ] = 0.020
 Average Recall     (AR) @[ IoU=0.50:0.95 | area=   all | maxDets= 10 ] = 0.143
 Average Recall     (AR) @[ IoU=0.50:0.95 | area=   all | maxDets=100 ] = 0.498
 Average Recall     (AR) @[ IoU=0.50:0.95 | area= small | maxDets=100 ] = 0.119
 Average Recall     (AR) @[ IoU=0.50:0.95 | area=medium | maxDets=100 ] = 0.512
 Average Recall     (AR) @[ IoU=0.50:0.95 | area= large | maxDets=100 ] = 0.695
2026-07-30 01:16:51,744 - portable_sam_fusion - INFO - Validation segm/mAP: 0.4410
2026-07-30 01:16:52,408 - portable_sam_fusion - INFO - New best early-stop metric (segm/mAP): raw=0.4410 smooth(5)=0.4268
2026-07-30 01:16:57,604 - portable_sam_fusion - INFO - Epoch 7/80 | train=0.459917 val=disabled segm/mAP=0.4410 bbox/mAP=0.6149 | best_segm=0.4486 best_bbox=0.6211 best_comp=0.0000 | sat_backbone=4.94e-04 mask_decoder=4.94e-04 shape_prior=4.94e-04 quality_head=4.94e-04 sat_other=4.94e-04
2026-07-30 01:17:54,642 - portable_sam_fusion - INFO - [DEBUG-BOX] epoch=8 step=2100 fallback_count=0 fallback_ratio=0 num_rois=64 refined_proposal_iou=0 refined_proposal_iou_sum=0 refined_valid_count=0
2026-07-30 01:17:54,642 - portable_sam_fusion - INFO - [DEBUG-COARSE] epoch=8 step=2100 bce_raw=0.1954 boundary_fn=4249 boundary_fp=2743 boundary_tp=2.388e+04 dice=0.1083 dice_loss_raw=0.1083 iou=0.8083 loss_weight=0.1 raw_boundary_fn=4249 raw_boundary_fp=2743 raw_boundary_tp=2.388e+04 raw_dice_score=0.8917 raw_iou=0.8083 weighted_loss=0.03037
2026-07-30 01:17:54,642 - portable_sam_fusion - INFO - [DEBUG-CONTEXT] epoch=8 step=2100 enabled=0
2026-07-30 01:17:54,642 - portable_sam_fusion - INFO - [DEBUG-DENSE] epoch=8 step=2100 applied_delta_norm=1.89 applied_delta_ratio=0.1618 base_norm=11.68 canvas_max=8 canvas_mean=-0.004919 canvas_min=-8 canvas_nonzero_ratio=0.01163 canvas_std=0.5325 final_norm=11.77 residual_alpha=0.2541 shape_norm=13.85 source_delta_norm=7.437 source_delta_ratio=0.6368
2026-07-30 01:17:54,642 - portable_sam_fusion - INFO - [DEBUG-GATE] epoch=8 step=2100 shape_dense_alpha_max=0.2541 shape_dense_alpha_mean=0.2541 shape_dense_alpha_min=0.2541
2026-07-30 01:17:54,642 - portable_sam_fusion - INFO - [DEBUG-JITTER] epoch=8 step=2100 area_ratio_count=64 area_ratio_mean=1 area_ratio_sum=64 fallback_count=0 mean_iou=1 num_jittered=0 num_rois=64
2026-07-30 01:17:54,642 - portable_sam_fusion - INFO - [DEBUG-SP] epoch=8 step=2100 all_invalid_count=0 all_invalid_ratio=0 empty_count=0 empty_ratio=0 full_count=0 full_ratio=0 mean_point_distance=44 n1_gt_valid_count=64 n1_in_gt_bg=0.8438 n1_in_gt_bg_count=54 n1_valid_count=64 n1_valid_ratio=1 n2_gt_valid_count=64 n2_in_gt_bg=1 n2_in_gt_bg_count=64 n2_valid_count=64 n2_valid_ratio=1 neg_in_pred_bg=1 neg_in_pred_bg_count=128 negative_pair_count=64 negative_pair_distance_sum=4204 p1_gt_valid_count=64 p1_in_gt_fg=0.9688 p1_in_gt_fg_count=62 p1_valid_count=64 p1_valid_ratio=1 p2_gt_valid_count=64 p2_in_gt_fg=1 p2_in_gt_fg_count=64 p2_valid_count=64 p2_valid_ratio=1 point_distance_sum=5631 point_overlap_count=0 point_overlap_ratio=0 point_pair_count=128 pos_in_pred_fg=1 pos_in_pred_fg_count=128 positive_pair_count=64 positive_pair_distance_sum=1427 roi_count=64 valid_neg_count=128 valid_pos_count=128 warmup_stage=2
2026-07-30 01:19:07,984 - portable_sam_fusion - INFO - [DEBUG-BOX] epoch=8 step=2150 fallback_count=0 fallback_ratio=0 num_rois=64 refined_proposal_iou=0 refined_proposal_iou_sum=0 refined_valid_count=0
2026-07-30 01:19:07,984 - portable_sam_fusion - INFO - [DEBUG-COARSE] epoch=8 step=2150 bce_raw=0.2044 boundary_fn=2889 boundary_fp=3384 boundary_tp=2.14e+04 dice=0.08723 dice_loss_raw=0.08723 iou=0.8455 loss_weight=0.1 raw_boundary_fn=2889 raw_boundary_fp=3384 raw_boundary_tp=2.14e+04 raw_dice_score=0.9128 raw_iou=0.8455 weighted_loss=0.02916
2026-07-30 01:19:07,984 - portable_sam_fusion - INFO - [DEBUG-CONTEXT] epoch=8 step=2150 enabled=0
2026-07-30 01:19:07,984 - portable_sam_fusion - INFO - [DEBUG-DENSE] epoch=8 step=2150 applied_delta_norm=1.954 applied_delta_ratio=0.1673 base_norm=11.68 canvas_max=8 canvas_mean=0.009524 canvas_min=-8 canvas_nonzero_ratio=0.01362 canvas_std=0.5382 final_norm=11.8 residual_alpha=0.2542 shape_norm=14.05 source_delta_norm=7.686 source_delta_ratio=0.6581
2026-07-30 01:19:07,984 - portable_sam_fusion - INFO - [DEBUG-GATE] epoch=8 step=2150 shape_dense_alpha_max=0.2542 shape_dense_alpha_mean=0.2542 shape_dense_alpha_min=0.2542
2026-07-30 01:19:07,984 - portable_sam_fusion - INFO - [DEBUG-JITTER] epoch=8 step=2150 area_ratio_count=64 area_ratio_mean=1 area_ratio_sum=64 fallback_count=0 mean_iou=1 num_jittered=0 num_rois=64
2026-07-30 01:19:07,984 - portable_sam_fusion - INFO - [DEBUG-SP] epoch=8 step=2150 all_invalid_count=0 all_invalid_ratio=0 empty_count=0 empty_ratio=0 full_count=0 full_ratio=0 mean_point_distance=42.02 n1_gt_valid_count=64 n1_in_gt_bg=0.7656 n1_in_gt_bg_count=49 n1_valid_count=64 n1_valid_ratio=1 n2_gt_valid_count=64 n2_in_gt_bg=1 n2_in_gt_bg_count=64 n2_valid_count=64 n2_valid_ratio=1 neg_in_pred_bg=1 neg_in_pred_bg_count=128 negative_pair_count=64 negative_pair_distance_sum=4027 p1_gt_valid_count=64 p1_in_gt_fg=0.9688 p1_in_gt_fg_count=62 p1_valid_count=64 p1_valid_ratio=1 p2_gt_valid_count=64 p2_in_gt_fg=1 p2_in_gt_fg_count=64 p2_valid_count=64 p2_valid_ratio=1 point_distance_sum=5379 point_overlap_count=0 point_overlap_ratio=0 point_pair_count=128 pos_in_pred_fg=1 pos_in_pred_fg_count=128 positive_pair_count=64 positive_pair_distance_sum=1352 roi_count=64 valid_neg_count=128 valid_pos_count=128 warmup_stage=2
2026-07-30 01:20:02,919 - portable_sam_fusion - INFO - epoch 8 | mini-batch 128/294 | optimizer_step 550/5920 | lr=4.927e-04
2026-07-30 01:20:23,930 - portable_sam_fusion - INFO - [DEBUG-BOX] epoch=8 step=2200 fallback_count=0 fallback_ratio=0 num_rois=64 refined_proposal_iou=0 refined_proposal_iou_sum=0 refined_valid_count=0
2026-07-30 01:20:23,930 - portable_sam_fusion - INFO - [DEBUG-COARSE] epoch=8 step=2200 bce_raw=0.2437 boundary_fn=4831 boundary_fp=5076 boundary_tp=2.168e+04 dice=0.0956 dice_loss_raw=0.0956 iou=0.83 loss_weight=0.1 raw_boundary_fn=4831 raw_boundary_fp=5076 raw_boundary_tp=2.168e+04 raw_dice_score=0.9044 raw_iou=0.83 weighted_loss=0.03393
2026-07-30 01:20:23,930 - portable_sam_fusion - INFO - [DEBUG-CONTEXT] epoch=8 step=2200 enabled=0
2026-07-30 01:20:23,930 - portable_sam_fusion - INFO - [DEBUG-DENSE] epoch=8 step=2200 applied_delta_norm=1.354 applied_delta_ratio=0.116 base_norm=11.68 canvas_max=8 canvas_mean=0.007497 canvas_min=-8 canvas_nonzero_ratio=0.006134 canvas_std=0.3752 final_norm=11.72 residual_alpha=0.2543 shape_norm=12.82 source_delta_norm=5.326 source_delta_ratio=0.456
2026-07-30 01:20:23,930 - portable_sam_fusion - INFO - [DEBUG-GATE] epoch=8 step=2200 shape_dense_alpha_max=0.2543 shape_dense_alpha_mean=0.2543 shape_dense_alpha_min=0.2543
2026-07-30 01:20:23,930 - portable_sam_fusion - INFO - [DEBUG-JITTER] epoch=8 step=2200 area_ratio_count=64 area_ratio_mean=1 area_ratio_sum=64 fallback_count=0 mean_iou=1 num_jittered=0 num_rois=64
2026-07-30 01:20:23,930 - portable_sam_fusion - INFO - [DEBUG-SP] epoch=8 step=2200 all_invalid_count=0 all_invalid_ratio=0 empty_count=0 empty_ratio=0 full_count=0 full_ratio=0 mean_point_distance=31.45 n1_gt_valid_count=64 n1_in_gt_bg=0.5781 n1_in_gt_bg_count=37 n1_valid_count=64 n1_valid_ratio=1 n2_gt_valid_count=64 n2_in_gt_bg=1 n2_in_gt_bg_count=64 n2_valid_count=64 n2_valid_ratio=1 neg_in_pred_bg=1 neg_in_pred_bg_count=128 negative_pair_count=64 negative_pair_distance_sum=2962 p1_gt_valid_count=64 p1_in_gt_fg=1 p1_in_gt_fg_count=64 p1_valid_count=64 p1_valid_ratio=1 p2_gt_valid_count=64 p2_in_gt_fg=1 p2_in_gt_fg_count=64 p2_valid_count=64 p2_valid_ratio=1 point_distance_sum=4026 point_overlap_count=0 point_overlap_ratio=0 point_pair_count=128 pos_in_pred_fg=1 pos_in_pred_fg_count=128 positive_pair_count=64 positive_pair_distance_sum=1064 roi_count=64 valid_neg_count=128 valid_pos_count=128 warmup_stage=2
2026-07-30 01:21:36,025 - portable_sam_fusion - INFO - [DEBUG-BOX] epoch=8 step=2250 fallback_count=0 fallback_ratio=0 num_rois=64 refined_proposal_iou=0 refined_proposal_iou_sum=0 refined_valid_count=0
2026-07-30 01:21:36,025 - portable_sam_fusion - INFO - [DEBUG-COARSE] epoch=8 step=2250 bce_raw=0.2103 boundary_fn=4237 boundary_fp=4242 boundary_tp=2.264e+04 dice=0.1017 dice_loss_raw=0.1017 iou=0.8188 loss_weight=0.1 raw_boundary_fn=4237 raw_boundary_fp=4242 raw_boundary_tp=2.264e+04 raw_dice_score=0.8983 raw_iou=0.8188 weighted_loss=0.0312
2026-07-30 01:21:36,025 - portable_sam_fusion - INFO - [DEBUG-CONTEXT] epoch=8 step=2250 enabled=0
2026-07-30 01:21:36,026 - portable_sam_fusion - INFO - [DEBUG-DENSE] epoch=8 step=2250 applied_delta_norm=1.41 applied_delta_ratio=0.1207 base_norm=11.68 canvas_max=8 canvas_mean=-0.001383 canvas_min=-8 canvas_nonzero_ratio=0.00689 canvas_std=0.4259 final_norm=11.73 residual_alpha=0.2544 shape_norm=12.94 source_delta_norm=5.54 source_delta_ratio=0.4744
2026-07-30 01:21:36,026 - portable_sam_fusion - INFO - [DEBUG-GATE] epoch=8 step=2250 shape_dense_alpha_max=0.2544 shape_dense_alpha_mean=0.2544 shape_dense_alpha_min=0.2544
2026-07-30 01:21:36,026 - portable_sam_fusion - INFO - [DEBUG-JITTER] epoch=8 step=2250 area_ratio_count=64 area_ratio_mean=1 area_ratio_sum=64 fallback_count=0 mean_iou=1 num_jittered=0 num_rois=64
2026-07-30 01:21:36,026 - portable_sam_fusion - INFO - [DEBUG-SP] epoch=8 step=2250 all_invalid_count=0 all_invalid_ratio=0 empty_count=0 empty_ratio=0 full_count=0 full_ratio=0 mean_point_distance=28.79 n1_gt_valid_count=64 n1_in_gt_bg=0.875 n1_in_gt_bg_count=56 n1_valid_count=64 n1_valid_ratio=1 n2_gt_valid_count=64 n2_in_gt_bg=1 n2_in_gt_bg_count=64 n2_valid_count=64 n2_valid_ratio=1 neg_in_pred_bg=1 neg_in_pred_bg_count=128 negative_pair_count=64 negative_pair_distance_sum=2689 p1_gt_valid_count=64 p1_in_gt_fg=1 p1_in_gt_fg_count=64 p1_valid_count=64 p1_valid_ratio=1 p2_gt_valid_count=64 p2_in_gt_fg=0.9844 p2_in_gt_fg_count=63 p2_valid_count=64 p2_valid_ratio=1 point_distance_sum=3685 point_overlap_count=0 point_overlap_ratio=0 point_pair_count=128 pos_in_pred_fg=1 pos_in_pred_fg_count=128 positive_pair_count=64 positive_pair_distance_sum=996.2 roi_count=64 valid_neg_count=128 valid_pos_count=128 warmup_stage=2
2026-07-30 01:22:49,305 - portable_sam_fusion - INFO - [DEBUG-BOX] epoch=8 step=2300 fallback_count=0 fallback_ratio=0 num_rois=64 refined_proposal_iou=0 refined_proposal_iou_sum=0 refined_valid_count=0
2026-07-30 01:22:49,305 - portable_sam_fusion - INFO - [DEBUG-COARSE] epoch=8 step=2300 bce_raw=0.1706 boundary_fn=3065 boundary_fp=3020 boundary_tp=2.24e+04 dice=0.07891 dice_loss_raw=0.07891 iou=0.8558 loss_weight=0.1 raw_boundary_fn=3065 raw_boundary_fp=3020 raw_boundary_tp=2.24e+04 raw_dice_score=0.9211 raw_iou=0.8558 weighted_loss=0.02495
2026-07-30 01:22:49,305 - portable_sam_fusion - INFO - [DEBUG-CONTEXT] epoch=8 step=2300 enabled=0
2026-07-30 01:22:49,305 - portable_sam_fusion - INFO - [DEBUG-DENSE] epoch=8 step=2300 applied_delta_norm=1.286 applied_delta_ratio=0.1102 base_norm=11.68 canvas_max=8 canvas_mean=0.005501 canvas_min=-8 canvas_nonzero_ratio=0.005361 canvas_std=0.3605 final_norm=11.72 residual_alpha=0.2546 shape_norm=12.71 source_delta_norm=5.052 source_delta_ratio=0.4326
2026-07-30 01:22:49,305 - portable_sam_fusion - INFO - [DEBUG-GATE] epoch=8 step=2300 shape_dense_alpha_max=0.2546 shape_dense_alpha_mean=0.2546 shape_dense_alpha_min=0.2546
2026-07-30 01:22:49,305 - portable_sam_fusion - INFO - [DEBUG-JITTER] epoch=8 step=2300 area_ratio_count=64 area_ratio_mean=1 area_ratio_sum=64 fallback_count=0 mean_iou=1 num_jittered=0 num_rois=64
2026-07-30 01:22:49,305 - portable_sam_fusion - INFO - [DEBUG-SP] epoch=8 step=2300 all_invalid_count=0 all_invalid_ratio=0 empty_count=0 empty_ratio=0 full_count=0 full_ratio=0 mean_point_distance=27.41 n1_gt_valid_count=64 n1_in_gt_bg=0.7656 n1_in_gt_bg_count=49 n1_valid_count=64 n1_valid_ratio=1 n2_gt_valid_count=64 n2_in_gt_bg=0.9688 n2_in_gt_bg_count=62 n2_valid_count=64 n2_valid_ratio=1 neg_in_pred_bg=1 neg_in_pred_bg_count=128 negative_pair_count=64 negative_pair_distance_sum=2614 p1_gt_valid_count=64 p1_in_gt_fg=1 p1_in_gt_fg_count=64 p1_valid_count=64 p1_valid_ratio=1 p2_gt_valid_count=64 p2_in_gt_fg=1 p2_in_gt_fg_count=64 p2_valid_count=64 p2_valid_ratio=1 point_distance_sum=3508 point_overlap_count=0 point_overlap_ratio=0 point_pair_count=128 pos_in_pred_fg=1 pos_in_pred_fg_count=128 positive_pair_count=64 positive_pair_distance_sum=894.1 roi_count=64 valid_neg_count=128 valid_pos_count=128 warmup_stage=2
2026-07-30 01:23:57,467 - portable_sam_fusion - INFO - [DEBUG-BOX] epoch=8 step=2350 fallback_count=0 fallback_ratio=0 num_rois=0 refined_proposal_iou=0 refined_proposal_iou_sum=0 refined_valid_count=0
2026-07-30 01:23:57,467 - portable_sam_fusion - INFO - [DEBUG-COARSE] epoch=8 step=2350 boundary_fn=0 boundary_fp=0 boundary_tp=0 dice=0 iou=0
2026-07-30 01:23:57,467 - portable_sam_fusion - INFO - [DEBUG-CONTEXT] epoch=8 step=2350 enabled=0
2026-07-30 01:23:57,467 - portable_sam_fusion - INFO - [DEBUG-DENSE] epoch=8 step=2350 applied_delta_norm=1.419 applied_delta_ratio=0.1215 base_norm=11.68 canvas_max=7.956 canvas_mean=-0.004676 canvas_min=-8 canvas_nonzero_ratio=0.007025 canvas_std=0.4507 final_norm=11.73 residual_alpha=0.255 shape_norm=12.91 source_delta_norm=5.564 source_delta_ratio=0.4764
2026-07-30 01:23:57,467 - portable_sam_fusion - INFO - [DEBUG-GATE] epoch=8 step=2350 shape_dense_alpha_max=0.255 shape_dense_alpha_mean=0.255 shape_dense_alpha_min=0.255
2026-07-30 01:23:57,467 - portable_sam_fusion - INFO - [DEBUG-JITTER] epoch=8 step=2350 area_ratio_count=0 area_ratio_mean=0 area_ratio_sum=0 fallback_count=0 mean_iou=0 num_jittered=0 num_rois=0
2026-07-30 01:23:57,467 - portable_sam_fusion - INFO - [DEBUG-SP] epoch=8 step=2350 all_invalid_count=0 all_invalid_ratio=0 empty_count=0 empty_ratio=0 full_count=0 full_ratio=0 mean_point_distance=32.44 n1_gt_valid_count=64 n1_in_gt_bg=0.9062 n1_in_gt_bg_count=58 n1_valid_count=64 n1_valid_ratio=1 n2_gt_valid_count=64 n2_in_gt_bg=0.9844 n2_in_gt_bg_count=63 n2_valid_count=64 n2_valid_ratio=1 neg_in_pred_bg=1 neg_in_pred_bg_count=128 negative_pair_count=64 negative_pair_distance_sum=3193 p1_gt_valid_count=64 p1_in_gt_fg=1 p1_in_gt_fg_count=64 p1_valid_count=64 p1_valid_ratio=1 p2_gt_valid_count=64 p2_in_gt_fg=0.9844 p2_in_gt_fg_count=63 p2_valid_count=64 p2_valid_ratio=1 point_distance_sum=4152 point_overlap_count=0 point_overlap_ratio=0 point_pair_count=128 pos_in_pred_fg=1 pos_in_pred_fg_count=128 positive_pair_count=64 positive_pair_distance_sum=959.4 roi_count=64 valid_neg_count=128 valid_pos_count=128 warmup_stage=2
2026-07-30 01:24:00,531 - portable_sam_fusion - INFO - Epoch 8 detailed losses: loss_rpn_cls=0.0299, loss_rpn_bbox=0.0108, loss_cls=0.2457, acc=89.9879, loss_bbox=0.1135, loss_mask=0.0023, debug_mask_pos_rois=56.7279, debug_mask_logit_mean=-16.2099, debug_mask_logit_std=3.2798, debug_mask_prob_mean=0.0056, debug_mask_prob_ge05=0.0056, debug_mask_target_fill=0.0056, loss_shape_prior=0.0275, schedule/det_weight=1.0000
2026-07-30 01:24:00,531 - portable_sam_fusion - INFO - Epoch 8 dense residual monitor: alpha=0.254887 source_delta_norm=6.1680 applied_delta_norm=1.5721 source_delta_ratio=0.528158 applied_delta_ratio=0.134612
2026-07-30 01:24:00,531 - portable_sam_fusion - INFO - Epoch 8 primary loss shares: det=93.07% final_mask=0.54% shape=6.39% p2_boundary=0.00%
2026-07-30 01:24:00,531 - portable_sam_fusion - INFO - Epoch 8 schedule: det_loss_weight=1.000 early_stop_start=20 min_delta=0.0005
2026-07-30 01:24:00,531 - portable_sam_fusion - INFO - Epoch 8 learning rates: sat_backbone=4.91e-04, mask_decoder=4.91e-04, shape_prior=4.91e-04, quality_head=4.91e-04, sat_other=4.91e-04
2026-07-30 01:27:49,781 - portable_sam_fusion - INFO - Validation samples: GT=15926, DT=22952, avg_masks_per_image=36.61, avg_mask_fill=0.0051
creating index...
index created!
Loading and preparing results...
DONE (t=0.03s)
creating index...
index created!
Running per image evaluation...
Evaluate annotation type *bbox*
DONE (t=11.77s).
Accumulating evaluation results...
DONE (t=0.21s).
 Average Precision  (AP) @[ IoU=0.50:0.95 | area=   all | maxDets=100 ] = 0.633
 Average Precision  (AP) @[ IoU=0.50      | area=   all | maxDets=100 ] = 0.881
 Average Precision  (AP) @[ IoU=0.75      | area=   all | maxDets=100 ] = 0.766
 Average Precision  (AP) @[ IoU=0.50:0.95 | area= small | maxDets=100 ] = 0.226
 Average Precision  (AP) @[ IoU=0.50:0.95 | area=medium | maxDets=100 ] = 0.674
 Average Precision  (AP) @[ IoU=0.50:0.95 | area= large | maxDets=100 ] = 0.716
 Average Recall     (AR) @[ IoU=0.50:0.95 | area=   all | maxDets=  1 ] = 0.024
 Average Recall     (AR) @[ IoU=0.50:0.95 | area=   all | maxDets= 10 ] = 0.177
 Average Recall     (AR) @[ IoU=0.50:0.95 | area=   all | maxDets=100 ] = 0.698
 Average Recall     (AR) @[ IoU=0.50:0.95 | area= small | maxDets=100 ] = 0.392
 Average Recall     (AR) @[ IoU=0.50:0.95 | area=medium | maxDets=100 ] = 0.741
 Average Recall     (AR) @[ IoU=0.50:0.95 | area= large | maxDets=100 ] = 0.772
2026-07-30 01:28:02,483 - portable_sam_fusion - INFO - Validation bbox/mAP: 0.6334 bbox/mAP_75: 0.7657
Running per image evaluation...
Evaluate annotation type *segm*
DONE (t=12.45s).
Accumulating evaluation results...
DONE (t=0.21s).
 Average Precision  (AP) @[ IoU=0.50:0.95 | area=   all | maxDets=100 ] = 0.445
 Average Precision  (AP) @[ IoU=0.50      | area=   all | maxDets=100 ] = 0.842
 Average Precision  (AP) @[ IoU=0.75      | area=   all | maxDets=100 ] = 0.476
 Average Precision  (AP) @[ IoU=0.50:0.95 | area= small | maxDets=100 ] = 0.050
 Average Precision  (AP) @[ IoU=0.50:0.95 | area=medium | maxDets=100 ] = 0.462
 Average Precision  (AP) @[ IoU=0.50:0.95 | area= large | maxDets=100 ] = 0.644
 Average Recall     (AR) @[ IoU=0.50:0.95 | area=   all | maxDets=  1 ] = 0.020
 Average Recall     (AR) @[ IoU=0.50:0.95 | area=   all | maxDets= 10 ] = 0.142
 Average Recall     (AR) @[ IoU=0.50:0.95 | area=   all | maxDets=100 ] = 0.501
 Average Recall     (AR) @[ IoU=0.50:0.95 | area= small | maxDets=100 ] = 0.118
 Average Recall     (AR) @[ IoU=0.50:0.95 | area=medium | maxDets=100 ] = 0.516
 Average Recall     (AR) @[ IoU=0.50:0.95 | area= large | maxDets=100 ] = 0.698
2026-07-30 01:28:15,179 - portable_sam_fusion - INFO - Validation segm/mAP: 0.4448
2026-07-30 01:28:15,718 - portable_sam_fusion - INFO - New best bbox/mAP: 0.6334
2026-07-30 01:28:15,719 - portable_sam_fusion - INFO - New best early-stop metric (segm/mAP): raw=0.4448 smooth(5)=0.4363
2026-07-30 01:28:18,220 - portable_sam_fusion - INFO - Saved best_bbox_model with bbox/mAP: 0.6334
2026-07-30 01:28:23,622 - portable_sam_fusion - INFO - Epoch 8/80 | train=0.429650 val=disabled segm/mAP=0.4448 bbox/mAP=0.6334 | best_segm=0.4486 best_bbox=0.6334 best_comp=0.0000 | sat_backbone=4.91e-04 mask_decoder=4.91e-04 shape_prior=4.91e-04 quality_head=4.91e-04 sat_other=4.91e-04
2026-07-30 01:28:58,542 - portable_sam_fusion - INFO - epoch 9 | mini-batch 32/294 | optimizer_step 600/5920 | lr=4.910e-04
2026-07-30 01:29:18,563 - portable_sam_fusion - INFO - [DEBUG-BOX] epoch=9 step=2400 fallback_count=0 fallback_ratio=0 num_rois=64 refined_proposal_iou=0 refined_proposal_iou_sum=0 refined_valid_count=0
2026-07-30 01:29:18,563 - portable_sam_fusion - INFO - [DEBUG-COARSE] epoch=9 step=2400 bce_raw=0.3386 boundary_fn=3587 boundary_fp=4736 boundary_tp=2.252e+04 dice=0.1236 dice_loss_raw=0.1236 iou=0.7937 loss_weight=0.1 raw_boundary_fn=3587 raw_boundary_fp=4736 raw_boundary_tp=2.252e+04 raw_dice_score=0.8764 raw_iou=0.7937 weighted_loss=0.04622
2026-07-30 01:29:18,563 - portable_sam_fusion - INFO - [DEBUG-CONTEXT] epoch=9 step=2400 enabled=0
2026-07-30 01:29:18,563 - portable_sam_fusion - INFO - [DEBUG-DENSE] epoch=9 step=2400 applied_delta_norm=2.35 applied_delta_ratio=0.2012 base_norm=11.68 canvas_max=8 canvas_mean=0.01993 canvas_min=-8 canvas_nonzero_ratio=0.01903 canvas_std=0.6695 final_norm=11.85 residual_alpha=0.2552 shape_norm=15.1 source_delta_norm=9.206 source_delta_ratio=0.7883
2026-07-30 01:29:18,563 - portable_sam_fusion - INFO - [DEBUG-GATE] epoch=9 step=2400 shape_dense_alpha_max=0.2552 shape_dense_alpha_mean=0.2552 shape_dense_alpha_min=0.2552
2026-07-30 01:29:18,563 - portable_sam_fusion - INFO - [DEBUG-JITTER] epoch=9 step=2400 area_ratio_count=64 area_ratio_mean=1 area_ratio_sum=64 fallback_count=0 mean_iou=1 num_jittered=0 num_rois=64
2026-07-30 01:29:18,563 - portable_sam_fusion - INFO - [DEBUG-SP] epoch=9 step=2400 all_invalid_count=0 all_invalid_ratio=0 empty_count=0 empty_ratio=0 full_count=0 full_ratio=0 mean_point_distance=52.4 n1_gt_valid_count=64 n1_in_gt_bg=0.8906 n1_in_gt_bg_count=57 n1_valid_count=64 n1_valid_ratio=1 n2_gt_valid_count=63 n2_in_gt_bg=1 n2_in_gt_bg_count=63 n2_valid_count=63 n2_valid_ratio=0.9844 neg_in_pred_bg=1 neg_in_pred_bg_count=127 negative_pair_count=63 negative_pair_distance_sum=5088 p1_gt_valid_count=64 p1_in_gt_fg=1 p1_in_gt_fg_count=64 p1_valid_count=64 p1_valid_ratio=1 p2_gt_valid_count=64 p2_in_gt_fg=0.9219 p2_in_gt_fg_count=59 p2_valid_count=64 p2_valid_ratio=1 point_distance_sum=6655 point_overlap_count=0 point_overlap_ratio=0 point_pair_count=127 pos_in_pred_fg=1 pos_in_pred_fg_count=128 positive_pair_count=64 positive_pair_distance_sum=1567 roi_count=64 valid_neg_count=127 valid_pos_count=128 warmup_stage=2
2026-07-30 01:30:25,030 - portable_sam_fusion - INFO - [DEBUG-BOX] epoch=9 step=2450 fallback_count=0 fallback_ratio=0 num_rois=64 refined_proposal_iou=0 refined_proposal_iou_sum=0 refined_valid_count=0
2026-07-30 01:30:25,030 - portable_sam_fusion - INFO - [DEBUG-COARSE] epoch=9 step=2450 bce_raw=0.2415 boundary_fn=4003 boundary_fp=4928 boundary_tp=2.418e+04 dice=0.1257 dice_loss_raw=0.1257 iou=0.7823 loss_weight=0.1 raw_boundary_fn=4003 raw_boundary_fp=4928 raw_boundary_tp=2.418e+04 raw_dice_score=0.8743 raw_iou=0.7823 weighted_loss=0.03672
2026-07-30 01:30:25,030 - portable_sam_fusion - INFO - [DEBUG-CONTEXT] epoch=9 step=2450 enabled=0
2026-07-30 01:30:25,030 - portable_sam_fusion - INFO - [DEBUG-DENSE] epoch=9 step=2450 applied_delta_norm=1.564 applied_delta_ratio=0.1339 base_norm=11.68 canvas_max=8 canvas_mean=-0.0003285 canvas_min=-8 canvas_nonzero_ratio=0.008169 canvas_std=0.4584 final_norm=11.74 residual_alpha=0.2554 shape_norm=13.14 source_delta_norm=6.124 source_delta_ratio=0.5244
2026-07-30 01:30:25,030 - portable_sam_fusion - INFO - [DEBUG-GATE] epoch=9 step=2450 shape_dense_alpha_max=0.2554 shape_dense_alpha_mean=0.2554 shape_dense_alpha_min=0.2554
2026-07-30 01:30:25,030 - portable_sam_fusion - INFO - [DEBUG-JITTER] epoch=9 step=2450 area_ratio_count=64 area_ratio_mean=1 area_ratio_sum=64 fallback_count=0 mean_iou=1 num_jittered=0 num_rois=64
2026-07-30 01:30:25,030 - portable_sam_fusion - INFO - [DEBUG-SP] epoch=9 step=2450 all_invalid_count=0 all_invalid_ratio=0 empty_count=0 empty_ratio=0 full_count=0 full_ratio=0 mean_point_distance=31.29 n1_gt_valid_count=64 n1_in_gt_bg=0.8594 n1_in_gt_bg_count=55 n1_valid_count=64 n1_valid_ratio=1 n2_gt_valid_count=64 n2_in_gt_bg=1 n2_in_gt_bg_count=64 n2_valid_count=64 n2_valid_ratio=1 neg_in_pred_bg=1 neg_in_pred_bg_count=128 negative_pair_count=64 negative_pair_distance_sum=3017 p1_gt_valid_count=64 p1_in_gt_fg=1 p1_in_gt_fg_count=64 p1_valid_count=64 p1_valid_ratio=1 p2_gt_valid_count=64 p2_in_gt_fg=0.9688 p2_in_gt_fg_count=62 p2_valid_count=64 p2_valid_ratio=1 point_distance_sum=4005 point_overlap_count=0 point_overlap_ratio=0 point_pair_count=128 pos_in_pred_fg=1 pos_in_pred_fg_count=128 positive_pair_count=64 positive_pair_distance_sum=987.8 roi_count=64 valid_neg_count=128 valid_pos_count=128 warmup_stage=2
2026-07-30 01:31:39,099 - portable_sam_fusion - INFO - [DEBUG-BOX] epoch=9 step=2500 fallback_count=0 fallback_ratio=0 num_rois=0 refined_proposal_iou=0 refined_proposal_iou_sum=0 refined_valid_count=0
2026-07-30 01:31:39,100 - portable_sam_fusion - INFO - [DEBUG-COARSE] epoch=9 step=2500 boundary_fn=0 boundary_fp=0 boundary_tp=0 dice=0 iou=0
2026-07-30 01:31:39,100 - portable_sam_fusion - INFO - [DEBUG-CONTEXT] epoch=9 step=2500 enabled=0
2026-07-30 01:31:39,100 - portable_sam_fusion - INFO - [DEBUG-DENSE] epoch=9 step=2500 applied_delta_norm=1.343 applied_delta_ratio=0.115 base_norm=11.68 canvas_max=8 canvas_mean=0.00691 canvas_min=-7.99 canvas_nonzero_ratio=0.005602 canvas_std=0.3824 final_norm=11.72 residual_alpha=0.2555 shape_norm=12.77 source_delta_norm=5.257 source_delta_ratio=0.4502
2026-07-30 01:31:39,100 - portable_sam_fusion - INFO - [DEBUG-GATE] epoch=9 step=2500 shape_dense_alpha_max=0.2555 shape_dense_alpha_mean=0.2555 shape_dense_alpha_min=0.2555
2026-07-30 01:31:39,100 - portable_sam_fusion - INFO - [DEBUG-JITTER] epoch=9 step=2500 area_ratio_count=0 area_ratio_mean=0 area_ratio_sum=0 fallback_count=0 mean_iou=0 num_jittered=0 num_rois=0
2026-07-30 01:31:39,100 - portable_sam_fusion - INFO - [DEBUG-SP] epoch=9 step=2500 all_invalid_count=0 all_invalid_ratio=0 empty_count=0 empty_ratio=0 full_count=0 full_ratio=0 mean_point_distance=27.14 n1_gt_valid_count=64 n1_in_gt_bg=0.9219 n1_in_gt_bg_count=59 n1_valid_count=64 n1_valid_ratio=1 n2_gt_valid_count=64 n2_in_gt_bg=1 n2_in_gt_bg_count=64 n2_valid_count=64 n2_valid_ratio=1 neg_in_pred_bg=1 neg_in_pred_bg_count=128 negative_pair_count=64 negative_pair_distance_sum=2654 p1_gt_valid_count=64 p1_in_gt_fg=1 p1_in_gt_fg_count=64 p1_valid_count=64 p1_valid_ratio=1 p2_gt_valid_count=64 p2_in_gt_fg=1 p2_in_gt_fg_count=64 p2_valid_count=64 p2_valid_ratio=1 point_distance_sum=3473 point_overlap_count=0 point_overlap_ratio=0 point_pair_count=128 pos_in_pred_fg=1 pos_in_pred_fg_count=128 positive_pair_count=64 positive_pair_distance_sum=819 roi_count=64 valid_neg_count=128 valid_pos_count=128 warmup_stage=2
2026-07-30 01:32:52,873 - portable_sam_fusion - INFO - [DEBUG-BOX] epoch=9 step=2550 fallback_count=0 fallback_ratio=0 num_rois=0 refined_proposal_iou=0 refined_proposal_iou_sum=0 refined_valid_count=0
2026-07-30 01:32:52,874 - portable_sam_fusion - INFO - [DEBUG-COARSE] epoch=9 step=2550 boundary_fn=0 boundary_fp=0 boundary_tp=0 dice=0 iou=0
2026-07-30 01:32:52,874 - portable_sam_fusion - INFO - [DEBUG-CONTEXT] epoch=9 step=2550 enabled=0
2026-07-30 01:32:52,874 - portable_sam_fusion - INFO - [DEBUG-DENSE] epoch=9 step=2550 applied_delta_norm=1.231 applied_delta_ratio=0.1054 base_norm=11.68 canvas_max=8 canvas_mean=0.00625 canvas_min=-8 canvas_nonzero_ratio=0.005175 canvas_std=0.3569 final_norm=11.72 residual_alpha=0.2557 shape_norm=12.64 source_delta_norm=4.813 source_delta_ratio=0.4121
2026-07-30 01:32:52,874 - portable_sam_fusion - INFO - [DEBUG-GATE] epoch=9 step=2550 shape_dense_alpha_max=0.2557 shape_dense_alpha_mean=0.2557 shape_dense_alpha_min=0.2557
2026-07-30 01:32:52,874 - portable_sam_fusion - INFO - [DEBUG-JITTER] epoch=9 step=2550 area_ratio_count=0 area_ratio_mean=0 area_ratio_sum=0 fallback_count=0 mean_iou=0 num_jittered=0 num_rois=0
2026-07-30 01:32:52,874 - portable_sam_fusion - INFO - [DEBUG-SP] epoch=9 step=2550 all_invalid_count=0 all_invalid_ratio=0 empty_count=0 empty_ratio=0 full_count=0 full_ratio=0 mean_point_distance=24.95 n1_gt_valid_count=64 n1_in_gt_bg=0.8594 n1_in_gt_bg_count=55 n1_valid_count=64 n1_valid_ratio=1 n2_gt_valid_count=64 n2_in_gt_bg=0.9531 n2_in_gt_bg_count=61 n2_valid_count=64 n2_valid_ratio=1 neg_in_pred_bg=1 neg_in_pred_bg_count=128 negative_pair_count=64 negative_pair_distance_sum=2407 p1_gt_valid_count=64 p1_in_gt_fg=1 p1_in_gt_fg_count=64 p1_valid_count=64 p1_valid_ratio=1 p2_gt_valid_count=64 p2_in_gt_fg=0.9844 p2_in_gt_fg_count=63 p2_valid_count=64 p2_valid_ratio=1 point_distance_sum=3194 point_overlap_count=0 point_overlap_ratio=0 point_pair_count=128 pos_in_pred_fg=1 pos_in_pred_fg_count=128 positive_pair_count=64 positive_pair_distance_sum=787.2 roi_count=64 valid_neg_count=128 valid_pos_count=128 warmup_stage=2
2026-07-30 01:33:34,447 - portable_sam_fusion - INFO - epoch 9 | mini-batch 232/294 | optimizer_step 650/5920 | lr=4.891e-04
2026-07-30 01:33:57,002 - portable_sam_fusion - INFO - [DEBUG-BOX] epoch=9 step=2600 fallback_count=0 fallback_ratio=0 num_rois=64 refined_proposal_iou=0 refined_proposal_iou_sum=0 refined_valid_count=0
2026-07-30 01:33:57,003 - portable_sam_fusion - INFO - [DEBUG-COARSE] epoch=9 step=2600 bce_raw=0.2205 boundary_fn=4616 boundary_fp=3373 boundary_tp=2.29e+04 dice=0.1137 dice_loss_raw=0.1137 iou=0.8007 loss_weight=0.1 raw_boundary_fn=4616 raw_boundary_fp=3373 raw_boundary_tp=2.29e+04 raw_dice_score=0.8863 raw_iou=0.8007 weighted_loss=0.03342
2026-07-30 01:33:57,003 - portable_sam_fusion - INFO - [DEBUG-CONTEXT] epoch=9 step=2600 enabled=0
2026-07-30 01:33:57,003 - portable_sam_fusion - INFO - [DEBUG-DENSE] epoch=9 step=2600 applied_delta_norm=1.389 applied_delta_ratio=0.119 base_norm=11.68 canvas_max=8 canvas_mean=-0.001735 canvas_min=-8 canvas_nonzero_ratio=0.008046 canvas_std=0.4441 final_norm=11.74 residual_alpha=0.2559 shape_norm=13.11 source_delta_norm=5.43 source_delta_ratio=0.465
2026-07-30 01:33:57,003 - portable_sam_fusion - INFO - [DEBUG-GATE] epoch=9 step=2600 shape_dense_alpha_max=0.2559 shape_dense_alpha_mean=0.2559 shape_dense_alpha_min=0.2559
2026-07-30 01:33:57,003 - portable_sam_fusion - INFO - [DEBUG-JITTER] epoch=9 step=2600 area_ratio_count=64 area_ratio_mean=1 area_ratio_sum=64 fallback_count=0 mean_iou=1 num_jittered=0 num_rois=64
2026-07-30 01:33:57,003 - portable_sam_fusion - INFO - [DEBUG-SP] epoch=9 step=2600 all_invalid_count=0 all_invalid_ratio=0 empty_count=0 empty_ratio=0 full_count=0 full_ratio=0 mean_point_distance=32.71 n1_gt_valid_count=64 n1_in_gt_bg=0.8594 n1_in_gt_bg_count=55 n1_valid_count=64 n1_valid_ratio=1 n2_gt_valid_count=64 n2_in_gt_bg=1 n2_in_gt_bg_count=64 n2_valid_count=64 n2_valid_ratio=1 neg_in_pred_bg=1 neg_in_pred_bg_count=128 negative_pair_count=64 negative_pair_distance_sum=3085 p1_gt_valid_count=64 p1_in_gt_fg=1 p1_in_gt_fg_count=64 p1_valid_count=64 p1_valid_ratio=1 p2_gt_valid_count=64 p2_in_gt_fg=0.9844 p2_in_gt_fg_count=63 p2_valid_count=64 p2_valid_ratio=1 point_distance_sum=4187 point_overlap_count=0 point_overlap_ratio=0 point_pair_count=128 pos_in_pred_fg=1 pos_in_pred_fg_count=128 positive_pair_count=64 positive_pair_distance_sum=1102 roi_count=64 valid_neg_count=128 valid_pos_count=128 warmup_stage=2
2026-07-30 01:35:02,296 - portable_sam_fusion - INFO - Epoch 9 detailed losses: loss_rpn_cls=0.0250, loss_rpn_bbox=0.0091, loss_cls=0.2362, acc=90.3798, loss_bbox=0.1128, loss_mask=0.0021, debug_mask_pos_rois=54.3061, debug_mask_logit_mean=-15.2689, debug_mask_logit_std=3.2002, debug_mask_prob_mean=0.0051, debug_mask_prob_ge05=0.0050, debug_mask_target_fill=0.0051, loss_shape_prior=0.0259, schedule/det_weight=1.0000
2026-07-30 01:35:02,296 - portable_sam_fusion - INFO - Epoch 9 dense residual monitor: alpha=0.255831 source_delta_norm=6.1513 applied_delta_norm=1.5737 source_delta_ratio=0.526725 applied_delta_ratio=0.134751
2026-07-30 01:35:02,297 - portable_sam_fusion - INFO - Epoch 9 primary loss shares: det=93.19% final_mask=0.50% shape=6.30% p2_boundary=0.00%
2026-07-30 01:35:02,297 - portable_sam_fusion - INFO - Epoch 9 schedule: det_loss_weight=1.000 early_stop_start=20 min_delta=0.0005
2026-07-30 01:35:02,297 - portable_sam_fusion - INFO - Epoch 9 learning rates: sat_backbone=4.88e-04, mask_decoder=4.88e-04, shape_prior=4.88e-04, quality_head=4.88e-04, sat_other=4.88e-04
2026-07-30 01:38:52,358 - portable_sam_fusion - INFO - Validation samples: GT=15926, DT=19526, avg_masks_per_image=31.14, avg_mask_fill=0.0055
creating index...
index created!
Loading and preparing results...
DONE (t=0.03s)
creating index...
index created!
Running per image evaluation...
Evaluate annotation type *bbox*
DONE (t=11.23s).
Accumulating evaluation results...
DONE (t=0.18s).
 Average Precision  (AP) @[ IoU=0.50:0.95 | area=   all | maxDets=100 ] = 0.643
 Average Precision  (AP) @[ IoU=0.50      | area=   all | maxDets=100 ] = 0.889
 Average Precision  (AP) @[ IoU=0.75      | area=   all | maxDets=100 ] = 0.783
 Average Precision  (AP) @[ IoU=0.50:0.95 | area= small | maxDets=100 ] = 0.269
 Average Precision  (AP) @[ IoU=0.50:0.95 | area=medium | maxDets=100 ] = 0.687
 Average Precision  (AP) @[ IoU=0.50:0.95 | area= large | maxDets=100 ] = 0.708
 Average Recall     (AR) @[ IoU=0.50:0.95 | area=   all | maxDets=  1 ] = 0.025
 Average Recall     (AR) @[ IoU=0.50:0.95 | area=   all | maxDets= 10 ] = 0.179
 Average Recall     (AR) @[ IoU=0.50:0.95 | area=   all | maxDets=100 ] = 0.699
 Average Recall     (AR) @[ IoU=0.50:0.95 | area= small | maxDets=100 ] = 0.405
 Average Recall     (AR) @[ IoU=0.50:0.95 | area=medium | maxDets=100 ] = 0.740
 Average Recall     (AR) @[ IoU=0.50:0.95 | area= large | maxDets=100 ] = 0.767
2026-07-30 01:39:04,544 - portable_sam_fusion - INFO - Validation bbox/mAP: 0.6429 bbox/mAP_75: 0.7833
Running per image evaluation...
Evaluate annotation type *segm*
DONE (t=11.74s).
Accumulating evaluation results...
DONE (t=0.18s).
 Average Precision  (AP) @[ IoU=0.50:0.95 | area=   all | maxDets=100 ] = 0.460
 Average Precision  (AP) @[ IoU=0.50      | area=   all | maxDets=100 ] = 0.843
 Average Precision  (AP) @[ IoU=0.75      | area=   all | maxDets=100 ] = 0.501
 Average Precision  (AP) @[ IoU=0.50:0.95 | area= small | maxDets=100 ] = 0.067
 Average Precision  (AP) @[ IoU=0.50:0.95 | area=medium | maxDets=100 ] = 0.480
 Average Precision  (AP) @[ IoU=0.50:0.95 | area= large | maxDets=100 ] = 0.641
 Average Recall     (AR) @[ IoU=0.50:0.95 | area=   all | maxDets=  1 ] = 0.021
 Average Recall     (AR) @[ IoU=0.50:0.95 | area=   all | maxDets= 10 ] = 0.146
 Average Recall     (AR) @[ IoU=0.50:0.95 | area=   all | maxDets=100 ] = 0.508
 Average Recall     (AR) @[ IoU=0.50:0.95 | area= small | maxDets=100 ] = 0.125
 Average Recall     (AR) @[ IoU=0.50:0.95 | area=medium | maxDets=100 ] = 0.527
 Average Recall     (AR) @[ IoU=0.50:0.95 | area= large | maxDets=100 ] = 0.695
2026-07-30 01:39:16,503 - portable_sam_fusion - INFO - Validation segm/mAP: 0.4598
2026-07-30 01:39:17,166 - portable_sam_fusion - INFO - New best segm/mAP: 0.4598
2026-07-30 01:39:17,166 - portable_sam_fusion - INFO - New best bbox/mAP: 0.6429
2026-07-30 01:39:17,166 - portable_sam_fusion - INFO - New best early-stop metric (segm/mAP): raw=0.4598 smooth(5)=0.4385
2026-07-30 01:39:19,739 - portable_sam_fusion - INFO - Saved best_model with segm/mAP: 0.4598
2026-07-30 01:39:22,471 - portable_sam_fusion - INFO - Saved best_bbox_model with bbox/mAP: 0.6429
2026-07-30 01:39:27,750 - portable_sam_fusion - INFO - Epoch 9/80 | train=0.411096 val=disabled segm/mAP=0.4598 bbox/mAP=0.6429 | best_segm=0.4598 best_bbox=0.6429 best_comp=0.0000 | sat_backbone=4.88e-04 mask_decoder=4.88e-04 shape_prior=4.88e-04 quality_head=4.88e-04 sat_other=4.88e-04
2026-07-30 01:39:33,644 - portable_sam_fusion - INFO - [DEBUG-BOX] epoch=10 step=2650 fallback_count=0 fallback_ratio=0 num_rois=64 refined_proposal_iou=0 refined_proposal_iou_sum=0 refined_valid_count=0
2026-07-30 01:39:33,645 - portable_sam_fusion - INFO - [DEBUG-COARSE] epoch=10 step=2650 bce_raw=0.149 boundary_fn=2444 boundary_fp=2235 boundary_tp=2.388e+04 dice=0.07718 dice_loss_raw=0.07718 iou=0.8578 loss_weight=0.1 raw_boundary_fn=2444 raw_boundary_fp=2235 raw_boundary_tp=2.388e+04 raw_dice_score=0.9228 raw_iou=0.8578 weighted_loss=0.02262
2026-07-30 01:39:33,645 - portable_sam_fusion - INFO - [DEBUG-CONTEXT] epoch=10 step=2650 enabled=0
2026-07-30 01:39:33,645 - portable_sam_fusion - INFO - [DEBUG-DENSE] epoch=10 step=2650 applied_delta_norm=1.477 applied_delta_ratio=0.1265 base_norm=11.68 canvas_max=8 canvas_mean=0.00191 canvas_min=-8 canvas_nonzero_ratio=0.007136 canvas_std=0.4358 final_norm=11.73 residual_alpha=0.2561 shape_norm=12.98 source_delta_norm=5.768 source_delta_ratio=0.4939
2026-07-30 01:39:33,645 - portable_sam_fusion - INFO - [DEBUG-GATE] epoch=10 step=2650 shape_dense_alpha_max=0.2561 shape_dense_alpha_mean=0.2561 shape_dense_alpha_min=0.2561
2026-07-30 01:39:33,645 - portable_sam_fusion - INFO - [DEBUG-JITTER] epoch=10 step=2650 area_ratio_count=64 area_ratio_mean=1 area_ratio_sum=64 fallback_count=0 mean_iou=1 num_jittered=0 num_rois=64
2026-07-30 01:39:33,645 - portable_sam_fusion - INFO - [DEBUG-SP] epoch=10 step=2650 all_invalid_count=0 all_invalid_ratio=0 empty_count=0 empty_ratio=0 full_count=0 full_ratio=0 mean_point_distance=32.53 n1_gt_valid_count=64 n1_in_gt_bg=0.8906 n1_in_gt_bg_count=57 n1_valid_count=64 n1_valid_ratio=1 n2_gt_valid_count=64 n2_in_gt_bg=1 n2_in_gt_bg_count=64 n2_valid_count=64 n2_valid_ratio=1 neg_in_pred_bg=1 neg_in_pred_bg_count=128 negative_pair_count=64 negative_pair_distance_sum=3166 p1_gt_valid_count=64 p1_in_gt_fg=1 p1_in_gt_fg_count=64 p1_valid_count=64 p1_valid_ratio=1 p2_gt_valid_count=64 p2_in_gt_fg=1 p2_in_gt_fg_count=64 p2_valid_count=64 p2_valid_ratio=1 point_distance_sum=4164 point_overlap_count=0 point_overlap_ratio=0 point_pair_count=128 pos_in_pred_fg=1 pos_in_pred_fg_count=128 positive_pair_count=64 positive_pair_distance_sum=997.6 roi_count=64 valid_neg_count=128 valid_pos_count=128 warmup_stage=2
2026-07-30 01:40:24,937 - portable_sam_fusion - INFO - [DEBUG-BOX] epoch=10 step=2700 fallback_count=0 fallback_ratio=0 num_rois=64 refined_proposal_iou=0 refined_proposal_iou_sum=0 refined_valid_count=0
2026-07-30 01:40:24,937 - portable_sam_fusion - INFO - [DEBUG-COARSE] epoch=10 step=2700 bce_raw=0.2223 boundary_fn=4484 boundary_fp=4197 boundary_tp=2.157e+04 dice=0.09487 dice_loss_raw=0.09487 iou=0.8292 loss_weight=0.1 raw_boundary_fn=4484 raw_boundary_fp=4197 raw_boundary_tp=2.157e+04 raw_dice_score=0.9051 raw_iou=0.8292 weighted_loss=0.03172
2026-07-30 01:40:24,937 - portable_sam_fusion - INFO - [DEBUG-CONTEXT] epoch=10 step=2700 enabled=0
2026-07-30 01:40:24,937 - portable_sam_fusion - INFO - [DEBUG-DENSE] epoch=10 step=2700 applied_delta_norm=1.176 applied_delta_ratio=0.1007 base_norm=11.68 canvas_max=8 canvas_mean=0.004195 canvas_min=-8 canvas_nonzero_ratio=0.004915 canvas_std=0.3468 final_norm=11.72 residual_alpha=0.2563 shape_norm=12.59 source_delta_norm=4.589 source_delta_ratio=0.393
2026-07-30 01:40:24,937 - portable_sam_fusion - INFO - [DEBUG-GATE] epoch=10 step=2700 shape_dense_alpha_max=0.2563 shape_dense_alpha_mean=0.2563 shape_dense_alpha_min=0.2563
2026-07-30 01:40:24,937 - portable_sam_fusion - INFO - [DEBUG-JITTER] epoch=10 step=2700 area_ratio_count=64 area_ratio_mean=1 area_ratio_sum=64 fallback_count=0 mean_iou=1 num_jittered=0 num_rois=64
2026-07-30 01:40:24,938 - portable_sam_fusion - INFO - [DEBUG-SP] epoch=10 step=2700 all_invalid_count=0 all_invalid_ratio=0 empty_count=0 empty_ratio=0 full_count=0 full_ratio=0 mean_point_distance=26.77 n1_gt_valid_count=64 n1_in_gt_bg=0.5781 n1_in_gt_bg_count=37 n1_valid_count=64 n1_valid_ratio=1 n2_gt_valid_count=64 n2_in_gt_bg=1 n2_in_gt_bg_count=64 n2_valid_count=64 n2_valid_ratio=1 neg_in_pred_bg=1 neg_in_pred_bg_count=128 negative_pair_count=64 negative_pair_distance_sum=2655 p1_gt_valid_count=64 p1_in_gt_fg=1 p1_in_gt_fg_count=64 p1_valid_count=64 p1_valid_ratio=1 p2_gt_valid_count=64 p2_in_gt_fg=1 p2_in_gt_fg_count=64 p2_valid_count=64 p2_valid_ratio=1 point_distance_sum=3427 point_overlap_count=0 point_overlap_ratio=0 point_pair_count=128 pos_in_pred_fg=1 pos_in_pred_fg_count=128 positive_pair_count=64 positive_pair_distance_sum=772 roi_count=64 valid_neg_count=128 valid_pos_count=128 warmup_stage=2
2026-07-30 01:41:16,511 - portable_sam_fusion - INFO - [DEBUG-BOX] epoch=10 step=2750 fallback_count=0 fallback_ratio=0 num_rois=64 refined_proposal_iou=0 refined_proposal_iou_sum=0 refined_valid_count=0
2026-07-30 01:41:16,511 - portable_sam_fusion - INFO - [DEBUG-COARSE] epoch=10 step=2750 bce_raw=0.1736 boundary_fn=3691 boundary_fp=2935 boundary_tp=2.474e+04 dice=0.0972 dice_loss_raw=0.0972 iou=0.8257 loss_weight=0.1 raw_boundary_fn=3691 raw_boundary_fp=2935 raw_boundary_tp=2.474e+04 raw_dice_score=0.9028 raw_iou=0.8257 weighted_loss=0.02708
2026-07-30 01:41:16,511 - portable_sam_fusion - INFO - [DEBUG-CONTEXT] epoch=10 step=2750 enabled=0
2026-07-30 01:41:16,511 - portable_sam_fusion - INFO - [DEBUG-DENSE] epoch=10 step=2750 applied_delta_norm=1.336 applied_delta_ratio=0.1144 base_norm=11.68 canvas_max=8 canvas_mean=-0.001782 canvas_min=-8 canvas_nonzero_ratio=0.006164 canvas_std=0.4339 final_norm=11.72 residual_alpha=0.2564 shape_norm=12.76 source_delta_norm=5.211 source_delta_ratio=0.4462
2026-07-30 01:41:16,511 - portable_sam_fusion - INFO - [DEBUG-GATE] epoch=10 step=2750 shape_dense_alpha_max=0.2564 shape_dense_alpha_mean=0.2564 shape_dense_alpha_min=0.2564
2026-07-30 01:41:16,511 - portable_sam_fusion - INFO - [DEBUG-JITTER] epoch=10 step=2750 area_ratio_count=64 area_ratio_mean=1 area_ratio_sum=64 fallback_count=0 mean_iou=1 num_jittered=0 num_rois=64
2026-07-30 01:41:16,511 - portable_sam_fusion - INFO - [DEBUG-SP] epoch=10 step=2750 all_invalid_count=0 all_invalid_ratio=0 empty_count=0 empty_ratio=0 full_count=0 full_ratio=0 mean_point_distance=26.68 n1_gt_valid_count=64 n1_in_gt_bg=0.8594 n1_in_gt_bg_count=55 n1_valid_count=64 n1_valid_ratio=1 n2_gt_valid_count=64 n2_in_gt_bg=1 n2_in_gt_bg_count=64 n2_valid_count=64 n2_valid_ratio=1 neg_in_pred_bg=1 neg_in_pred_bg_count=128 negative_pair_count=64 negative_pair_distance_sum=2576 p1_gt_valid_count=64 p1_in_gt_fg=1 p1_in_gt_fg_count=64 p1_valid_count=64 p1_valid_ratio=1 p2_gt_valid_count=64 p2_in_gt_fg=1 p2_in_gt_fg_count=64 p2_valid_count=64 p2_valid_ratio=1 point_distance_sum=3415 point_overlap_count=0 point_overlap_ratio=0 point_pair_count=128 pos_in_pred_fg=1 pos_in_pred_fg_count=128 positive_pair_count=64 positive_pair_distance_sum=839 roi_count=64 valid_neg_count=128 valid_pos_count=128 warmup_stage=2
2026-07-30 01:41:49,228 - portable_sam_fusion - INFO - epoch 10 | mini-batch 136/294 | optimizer_step 700/5920 | lr=4.870e-04
2026-07-30 01:42:14,417 - portable_sam_fusion - INFO - [DEBUG-BOX] epoch=10 step=2800 fallback_count=0 fallback_ratio=0 num_rois=64 refined_proposal_iou=0 refined_proposal_iou_sum=0 refined_valid_count=0
2026-07-30 01:42:14,418 - portable_sam_fusion - INFO - [DEBUG-COARSE] epoch=10 step=2800 bce_raw=0.1592 boundary_fn=2735 boundary_fp=2558 boundary_tp=2.418e+04 dice=0.08955 dice_loss_raw=0.08955 iou=0.8377 loss_weight=0.1 raw_boundary_fn=2735 raw_boundary_fp=2558 raw_boundary_tp=2.418e+04 raw_dice_score=0.9105 raw_iou=0.8377 weighted_loss=0.02487
2026-07-30 01:42:14,418 - portable_sam_fusion - INFO - [DEBUG-CONTEXT] epoch=10 step=2800 enabled=0
2026-07-30 01:42:14,418 - portable_sam_fusion - INFO - [DEBUG-DENSE] epoch=10 step=2800 applied_delta_norm=1.685 applied_delta_ratio=0.1443 base_norm=11.68 canvas_max=8 canvas_mean=-0.00556 canvas_min=-8 canvas_nonzero_ratio=0.01107 canvas_std=0.5383 final_norm=11.77 residual_alpha=0.2565 shape_norm=13.59 source_delta_norm=6.568 source_delta_ratio=0.5624
2026-07-30 01:42:14,418 - portable_sam_fusion - INFO - [DEBUG-GATE] epoch=10 step=2800 shape_dense_alpha_max=0.2565 shape_dense_alpha_mean=0.2565 shape_dense_alpha_min=0.2565
2026-07-30 01:42:14,418 - portable_sam_fusion - INFO - [DEBUG-JITTER] epoch=10 step=2800 area_ratio_count=64 area_ratio_mean=1 area_ratio_sum=64 fallback_count=0 mean_iou=1 num_jittered=0 num_rois=64
2026-07-30 01:42:14,418 - portable_sam_fusion - INFO - [DEBUG-SP] epoch=10 step=2800 all_invalid_count=0 all_invalid_ratio=0 empty_count=0 empty_ratio=0 full_count=0 full_ratio=0 mean_point_distance=31.64 n1_gt_valid_count=64 n1_in_gt_bg=0.9062 n1_in_gt_bg_count=58 n1_valid_count=64 n1_valid_ratio=1 n2_gt_valid_count=64 n2_in_gt_bg=1 n2_in_gt_bg_count=64 n2_valid_count=64 n2_valid_ratio=1 neg_in_pred_bg=1 neg_in_pred_bg_count=128 negative_pair_count=64 negative_pair_distance_sum=2922 p1_gt_valid_count=64 p1_in_gt_fg=1 p1_in_gt_fg_count=64 p1_valid_count=64 p1_valid_ratio=1 p2_gt_valid_count=64 p2_in_gt_fg=1 p2_in_gt_fg_count=64 p2_valid_count=64 p2_valid_ratio=1 point_distance_sum=4050 point_overlap_count=0 point_overlap_ratio=0 point_pair_count=128 pos_in_pred_fg=1 pos_in_pred_fg_count=128 positive_pair_count=64 positive_pair_distance_sum=1128 roi_count=64 valid_neg_count=128 valid_pos_count=128 warmup_stage=2
2026-07-30 01:43:22,972 - portable_sam_fusion - INFO - [DEBUG-BOX] epoch=10 step=2850 fallback_count=0 fallback_ratio=0 num_rois=64 refined_proposal_iou=0 refined_proposal_iou_sum=0 refined_valid_count=0
2026-07-30 01:43:22,972 - portable_sam_fusion - INFO - [DEBUG-COARSE] epoch=10 step=2850 bce_raw=0.2118 boundary_fn=5005 boundary_fp=4129 boundary_tp=2.162e+04 dice=0.1189 dice_loss_raw=0.1189 iou=0.7907 loss_weight=0.1 raw_boundary_fn=5005 raw_boundary_fp=4129 raw_boundary_tp=2.162e+04 raw_dice_score=0.8811 raw_iou=0.7907 weighted_loss=0.03307
2026-07-30 01:43:22,972 - portable_sam_fusion - INFO - [DEBUG-CONTEXT] epoch=10 step=2850 enabled=0
2026-07-30 01:43:22,972 - portable_sam_fusion - INFO - [DEBUG-DENSE] epoch=10 step=2850 applied_delta_norm=1.318 applied_delta_ratio=0.1129 base_norm=11.68 canvas_max=8 canvas_mean=-0.002996 canvas_min=-8 canvas_nonzero_ratio=0.006184 canvas_std=0.4042 final_norm=11.73 residual_alpha=0.2567 shape_norm=12.81 source_delta_norm=5.134 source_delta_ratio=0.4396
2026-07-30 01:43:22,972 - portable_sam_fusion - INFO - [DEBUG-GATE] epoch=10 step=2850 shape_dense_alpha_max=0.2567 shape_dense_alpha_mean=0.2567 shape_dense_alpha_min=0.2567
2026-07-30 01:43:22,972 - portable_sam_fusion - INFO - [DEBUG-JITTER] epoch=10 step=2850 area_ratio_count=64 area_ratio_mean=1 area_ratio_sum=64 fallback_count=0 mean_iou=1 num_jittered=0 num_rois=64
2026-07-30 01:43:22,972 - portable_sam_fusion - INFO - [DEBUG-SP] epoch=10 step=2850 all_invalid_count=0 all_invalid_ratio=0 empty_count=0 empty_ratio=0 full_count=0 full_ratio=0 mean_point_distance=23.45 n1_gt_valid_count=64 n1_in_gt_bg=0.9375 n1_in_gt_bg_count=60 n1_valid_count=64 n1_valid_ratio=1 n2_gt_valid_count=64 n2_in_gt_bg=1 n2_in_gt_bg_count=64 n2_valid_count=64 n2_valid_ratio=1 neg_in_pred_bg=1 neg_in_pred_bg_count=128 negative_pair_count=64 negative_pair_distance_sum=2236 p1_gt_valid_count=64 p1_in_gt_fg=1 p1_in_gt_fg_count=64 p1_valid_count=64 p1_valid_ratio=1 p2_gt_valid_count=64 p2_in_gt_fg=1 p2_in_gt_fg_count=64 p2_valid_count=64 p2_valid_ratio=1 point_distance_sum=3002 point_overlap_count=0 point_overlap_ratio=0 point_pair_count=128 pos_in_pred_fg=1 pos_in_pred_fg_count=128 positive_pair_count=64 positive_pair_distance_sum=765.3 roi_count=64 valid_neg_count=128 valid_pos_count=128 warmup_stage=2
2026-07-30 01:44:33,285 - portable_sam_fusion - INFO - [DEBUG-BOX] epoch=10 step=2900 fallback_count=0 fallback_ratio=0 num_rois=64 refined_proposal_iou=0 refined_proposal_iou_sum=0 refined_valid_count=0
2026-07-30 01:44:33,285 - portable_sam_fusion - INFO - [DEBUG-COARSE] epoch=10 step=2900 bce_raw=0.1881 boundary_fn=3310 boundary_fp=3676 boundary_tp=2.32e+04 dice=0.07846 dice_loss_raw=0.07846 iou=0.8571 loss_weight=0.1 raw_boundary_fn=3310 raw_boundary_fp=3676 raw_boundary_tp=2.32e+04 raw_dice_score=0.9215 raw_iou=0.8571 weighted_loss=0.02666
2026-07-30 01:44:33,285 - portable_sam_fusion - INFO - [DEBUG-CONTEXT] epoch=10 step=2900 enabled=0
2026-07-30 01:44:33,286 - portable_sam_fusion - INFO - [DEBUG-DENSE] epoch=10 step=2900 applied_delta_norm=1.602 applied_delta_ratio=0.1371 base_norm=11.68 canvas_max=8 canvas_mean=0.009735 canvas_min=-8 canvas_nonzero_ratio=0.007797 canvas_std=0.4174 final_norm=11.74 residual_alpha=0.257 shape_norm=13.24 source_delta_norm=6.232 source_delta_ratio=0.5337
2026-07-30 01:44:33,286 - portable_sam_fusion - INFO - [DEBUG-GATE] epoch=10 step=2900 shape_dense_alpha_max=0.257 shape_dense_alpha_mean=0.257 shape_dense_alpha_min=0.257
2026-07-30 01:44:33,286 - portable_sam_fusion - INFO - [DEBUG-JITTER] epoch=10 step=2900 area_ratio_count=64 area_ratio_mean=1 area_ratio_sum=64 fallback_count=0 mean_iou=1 num_jittered=0 num_rois=64
2026-07-30 01:44:33,286 - portable_sam_fusion - INFO - [DEBUG-SP] epoch=10 step=2900 all_invalid_count=0 all_invalid_ratio=0 empty_count=0 empty_ratio=0 full_count=0 full_ratio=0 mean_point_distance=32.55 n1_gt_valid_count=64 n1_in_gt_bg=0.8125 n1_in_gt_bg_count=52 n1_valid_count=64 n1_valid_ratio=1 n2_gt_valid_count=63 n2_in_gt_bg=0.9683 n2_in_gt_bg_count=61 n2_valid_count=63 n2_valid_ratio=0.9844 neg_in_pred_bg=1 neg_in_pred_bg_count=127 negative_pair_count=63 negative_pair_distance_sum=2809 p1_gt_valid_count=64 p1_in_gt_fg=0.9844 p1_in_gt_fg_count=63 p1_valid_count=64 p1_valid_ratio=1 p2_gt_valid_count=64 p2_in_gt_fg=0.9844 p2_in_gt_fg_count=63 p2_valid_count=64 p2_valid_ratio=1 point_distance_sum=4133 point_overlap_count=0 point_overlap_ratio=0 point_pair_count=127 pos_in_pred_fg=1 pos_in_pred_fg_count=128 positive_pair_count=64 positive_pair_distance_sum=1324 roi_count=64 valid_neg_count=127 valid_pos_count=128 warmup_stage=2
2026-07-30 01:45:31,932 - portable_sam_fusion - INFO - Epoch 10 detailed losses: loss_rpn_cls=0.0218, loss_rpn_bbox=0.0084, loss_cls=0.2330, acc=90.5030, loss_bbox=0.1018, loss_mask=0.0021, debug_mask_pos_rois=54.3265, debug_mask_logit_mean=-13.5862, debug_mask_logit_std=2.7176, debug_mask_prob_mean=0.0047, debug_mask_prob_ge05=0.0047, debug_mask_target_fill=0.0048, loss_shape_prior=0.0248, schedule/det_weight=1.0000
2026-07-30 01:45:31,932 - portable_sam_fusion - INFO - Epoch 10 dense residual monitor: alpha=0.256707 source_delta_norm=6.1087 applied_delta_norm=1.5682 source_delta_ratio=0.523074 applied_delta_ratio=0.134278
2026-07-30 01:45:31,933 - portable_sam_fusion - INFO - Epoch 10 primary loss shares: det=93.13% final_mask=0.54% shape=6.32% p2_boundary=0.00%
2026-07-30 01:45:31,933 - portable_sam_fusion - INFO - Epoch 10 schedule: det_loss_weight=1.000 early_stop_start=20 min_delta=0.0005
2026-07-30 01:45:31,933 - portable_sam_fusion - INFO - Epoch 10 learning rates: sat_backbone=4.85e-04, mask_decoder=4.85e-04, shape_prior=4.85e-04, quality_head=4.85e-04, sat_other=4.85e-04
2026-07-30 01:50:06,104 - portable_sam_fusion - INFO - Validation samples: GT=15926, DT=24499, avg_masks_per_image=39.07, avg_mask_fill=0.0061
creating index...
index created!
Loading and preparing results...
DONE (t=0.03s)
creating index...
index created!
Running per image evaluation...
Evaluate annotation type *bbox*
DONE (t=12.00s).
Accumulating evaluation results...
DONE (t=0.21s).
 Average Precision  (AP) @[ IoU=0.50:0.95 | area=   all | maxDets=100 ] = 0.641
 Average Precision  (AP) @[ IoU=0.50      | area=   all | maxDets=100 ] = 0.890
 Average Precision  (AP) @[ IoU=0.75      | area=   all | maxDets=100 ] = 0.785
 Average Precision  (AP) @[ IoU=0.50:0.95 | area= small | maxDets=100 ] = 0.252
 Average Precision  (AP) @[ IoU=0.50:0.95 | area=medium | maxDets=100 ] = 0.689
 Average Precision  (AP) @[ IoU=0.50:0.95 | area= large | maxDets=100 ] = 0.701
 Average Recall     (AR) @[ IoU=0.50:0.95 | area=   all | maxDets=  1 ] = 0.024
 Average Recall     (AR) @[ IoU=0.50:0.95 | area=   all | maxDets= 10 ] = 0.176
 Average Recall     (AR) @[ IoU=0.50:0.95 | area=   all | maxDets=100 ] = 0.706
 Average Recall     (AR) @[ IoU=0.50:0.95 | area= small | maxDets=100 ] = 0.431
 Average Recall     (AR) @[ IoU=0.50:0.95 | area=medium | maxDets=100 ] = 0.749
 Average Recall     (AR) @[ IoU=0.50:0.95 | area= large | maxDets=100 ] = 0.760
2026-07-30 01:50:18,584 - portable_sam_fusion - INFO - Validation bbox/mAP: 0.6411 bbox/mAP_75: 0.7849
Running per image evaluation...
Evaluate annotation type *segm*
DONE (t=12.76s).
Accumulating evaluation results...
DONE (t=0.21s).
 Average Precision  (AP) @[ IoU=0.50:0.95 | area=   all | maxDets=100 ] = 0.427
 Average Precision  (AP) @[ IoU=0.50      | area=   all | maxDets=100 ] = 0.827
 Average Precision  (AP) @[ IoU=0.75      | area=   all | maxDets=100 ] = 0.446
 Average Precision  (AP) @[ IoU=0.50:0.95 | area= small | maxDets=100 ] = 0.040
 Average Precision  (AP) @[ IoU=0.50:0.95 | area=medium | maxDets=100 ] = 0.438
 Average Precision  (AP) @[ IoU=0.50:0.95 | area= large | maxDets=100 ] = 0.620
 Average Recall     (AR) @[ IoU=0.50:0.95 | area=   all | maxDets=  1 ] = 0.021
 Average Recall     (AR) @[ IoU=0.50:0.95 | area=   all | maxDets= 10 ] = 0.141
 Average Recall     (AR) @[ IoU=0.50:0.95 | area=   all | maxDets=100 ] = 0.472
 Average Recall     (AR) @[ IoU=0.50:0.95 | area= small | maxDets=100 ] = 0.092
 Average Recall     (AR) @[ IoU=0.50:0.95 | area=medium | maxDets=100 ] = 0.483
 Average Recall     (AR) @[ IoU=0.50:0.95 | area= large | maxDets=100 ] = 0.676
2026-07-30 01:50:31,588 - portable_sam_fusion - INFO - Validation segm/mAP: 0.4271
2026-07-30 01:50:32,213 - portable_sam_fusion - INFO - New best early-stop metric (segm/mAP): raw=0.4271 smooth(5)=0.4391
2026-07-30 01:50:37,833 - portable_sam_fusion - INFO - Epoch 10/80 | train=0.391966 val=disabled segm/mAP=0.4271 bbox/mAP=0.6411 | best_segm=0.4598 best_bbox=0.6429 best_comp=0.0000 | sat_backbone=4.85e-04 mask_decoder=4.85e-04 shape_prior=4.85e-04 quality_head=4.85e-04 sat_other=4.85e-04
2026-07-30 01:50:50,048 - portable_sam_fusion - INFO - [DEBUG-BOX] epoch=11 step=2950 fallback_count=0 fallback_ratio=0 num_rois=64 refined_proposal_iou=0 refined_proposal_iou_sum=0 refined_valid_count=0
2026-07-30 01:50:50,049 - portable_sam_fusion - INFO - [DEBUG-COARSE] epoch=11 step=2950 bce_raw=0.1933 boundary_fn=3062 boundary_fp=2973 boundary_tp=2.426e+04 dice=0.08384 dice_loss_raw=0.08384 iou=0.8474 loss_weight=0.1 raw_boundary_fn=3062 raw_boundary_fp=2973 raw_boundary_tp=2.426e+04 raw_dice_score=0.9162 raw_iou=0.8474 weighted_loss=0.02771
2026-07-30 01:50:50,049 - portable_sam_fusion - INFO - [DEBUG-CONTEXT] epoch=11 step=2950 enabled=0
2026-07-30 01:50:50,049 - portable_sam_fusion - INFO - [DEBUG-DENSE] epoch=11 step=2950 applied_delta_norm=1.277 applied_delta_ratio=0.1093 base_norm=11.68 canvas_max=8 canvas_mean=0.006704 canvas_min=-8 canvas_nonzero_ratio=0.005342 canvas_std=0.4013 final_norm=11.72 residual_alpha=0.2573 shape_norm=12.73 source_delta_norm=4.963 source_delta_ratio=0.425
2026-07-30 01:50:50,049 - portable_sam_fusion - INFO - [DEBUG-GATE] epoch=11 step=2950 shape_dense_alpha_max=0.2573 shape_dense_alpha_mean=0.2573 shape_dense_alpha_min=0.2573
2026-07-30 01:50:50,049 - portable_sam_fusion - INFO - [DEBUG-JITTER] epoch=11 step=2950 area_ratio_count=64 area_ratio_mean=1 area_ratio_sum=64 fallback_count=0 mean_iou=1 num_jittered=0 num_rois=64
2026-07-30 01:50:50,049 - portable_sam_fusion - INFO - [DEBUG-SP] epoch=11 step=2950 all_invalid_count=0 all_invalid_ratio=0 empty_count=0 empty_ratio=0 full_count=0 full_ratio=0 mean_point_distance=23.65 n1_gt_valid_count=64 n1_in_gt_bg=0.8906 n1_in_gt_bg_count=57 n1_valid_count=64 n1_valid_ratio=1 n2_gt_valid_count=64 n2_in_gt_bg=0.9844 n2_in_gt_bg_count=63 n2_valid_count=64 n2_valid_ratio=1 neg_in_pred_bg=1 neg_in_pred_bg_count=128 negative_pair_count=64 negative_pair_distance_sum=2196 p1_gt_valid_count=64 p1_in_gt_fg=1 p1_in_gt_fg_count=64 p1_valid_count=64 p1_valid_ratio=1 p2_gt_valid_count=64 p2_in_gt_fg=1 p2_in_gt_fg_count=64 p2_valid_count=64 p2_valid_ratio=1 point_distance_sum=3027 point_overlap_count=0 point_overlap_ratio=0 point_pair_count=128 pos_in_pred_fg=1 pos_in_pred_fg_count=128 positive_pair_count=64 positive_pair_distance_sum=831.5 roi_count=64 valid_neg_count=128 valid_pos_count=128 warmup_stage=2
2026-07-30 01:51:21,112 - portable_sam_fusion - INFO - epoch 11 | mini-batch 40/294 | optimizer_step 750/5920 | lr=4.848e-04
2026-07-30 01:51:41,154 - portable_sam_fusion - INFO - [DEBUG-BOX] epoch=11 step=3000 fallback_count=0 fallback_ratio=0 num_rois=64 refined_proposal_iou=0 refined_proposal_iou_sum=0 refined_valid_count=0
2026-07-30 01:51:41,154 - portable_sam_fusion - INFO - [DEBUG-COARSE] epoch=11 step=3000 bce_raw=0.1556 boundary_fn=2917 boundary_fp=2262 boundary_tp=2.397e+04 dice=0.08504 dice_loss_raw=0.08504 iou=0.8465 loss_weight=0.1 raw_boundary_fn=2917 raw_boundary_fp=2262 raw_boundary_tp=2.397e+04 raw_dice_score=0.915 raw_iou=0.8465 weighted_loss=0.02406
2026-07-30 01:51:41,154 - portable_sam_fusion - INFO - [DEBUG-CONTEXT] epoch=11 step=3000 enabled=0
2026-07-30 01:51:41,154 - portable_sam_fusion - INFO - [DEBUG-DENSE] epoch=11 step=3000 applied_delta_norm=1.8 applied_delta_ratio=0.1541 base_norm=11.68 canvas_max=8 canvas_mean=-0.0001193 canvas_min=-8 canvas_nonzero_ratio=0.009927 canvas_std=0.5222 final_norm=11.76 residual_alpha=0.2574 shape_norm=13.56 source_delta_norm=6.991 source_delta_ratio=0.5986
2026-07-30 01:51:41,154 - portable_sam_fusion - INFO - [DEBUG-GATE] epoch=11 step=3000 shape_dense_alpha_max=0.2574 shape_dense_alpha_mean=0.2574 shape_dense_alpha_min=0.2574
2026-07-30 01:51:41,154 - portable_sam_fusion - INFO - [DEBUG-JITTER] epoch=11 step=3000 area_ratio_count=64 area_ratio_mean=1 area_ratio_sum=64 fallback_count=0 mean_iou=1 num_jittered=0 num_rois=64
2026-07-30 01:51:41,154 - portable_sam_fusion - INFO - [DEBUG-SP] epoch=11 step=3000 all_invalid_count=0 all_invalid_ratio=0 empty_count=0 empty_ratio=0 full_count=0 full_ratio=0 mean_point_distance=34.82 n1_gt_valid_count=64 n1_in_gt_bg=0.6406 n1_in_gt_bg_count=41 n1_valid_count=64 n1_valid_ratio=1 n2_gt_valid_count=64 n2_in_gt_bg=1 n2_in_gt_bg_count=64 n2_valid_count=64 n2_valid_ratio=1 neg_in_pred_bg=1 neg_in_pred_bg_count=128 negative_pair_count=64 negative_pair_distance_sum=3389 p1_gt_valid_count=64 p1_in_gt_fg=1 p1_in_gt_fg_count=64 p1_valid_count=64 p1_valid_ratio=1 p2_gt_valid_count=64 p2_in_gt_fg=1 p2_in_gt_fg_count=64 p2_valid_count=64 p2_valid_ratio=1 point_distance_sum=4457 point_overlap_count=0 point_overlap_ratio=0 point_pair_count=128 pos_in_pred_fg=1 pos_in_pred_fg_count=128 positive_pair_count=64 positive_pair_distance_sum=1069 roi_count=64 valid_neg_count=128 valid_pos_count=128 warmup_stage=2
2026-07-30 01:52:36,257 - portable_sam_fusion - INFO - [DEBUG-BOX] epoch=11 step=3050 fallback_count=0 fallback_ratio=0 num_rois=64 refined_proposal_iou=0 refined_proposal_iou_sum=0 refined_valid_count=0
2026-07-30 01:52:36,257 - portable_sam_fusion - INFO - [DEBUG-COARSE] epoch=11 step=3050 bce_raw=0.1247 boundary_fn=1842 boundary_fp=1427 boundary_tp=2.414e+04 dice=0.05928 dice_loss_raw=0.05928 iou=0.8887 loss_weight=0.1 raw_boundary_fn=1842 raw_boundary_fp=1427 raw_boundary_tp=2.414e+04 raw_dice_score=0.9407 raw_iou=0.8887 weighted_loss=0.0184
2026-07-30 01:52:36,257 - portable_sam_fusion - INFO - [DEBUG-CONTEXT] epoch=11 step=3050 enabled=0
2026-07-30 01:52:36,258 - portable_sam_fusion - INFO - [DEBUG-DENSE] epoch=11 step=3050 applied_delta_norm=1.649 applied_delta_ratio=0.1412 base_norm=11.68 canvas_max=8 canvas_mean=0.007906 canvas_min=-8 canvas_nonzero_ratio=0.008239 canvas_std=0.4991 final_norm=11.75 residual_alpha=0.2576 shape_norm=13.26 source_delta_norm=6.402 source_delta_ratio=0.5482
2026-07-30 01:52:36,258 - portable_sam_fusion - INFO - [DEBUG-GATE] epoch=11 step=3050 shape_dense_alpha_max=0.2576 shape_dense_alpha_mean=0.2576 shape_dense_alpha_min=0.2576
2026-07-30 01:52:36,258 - portable_sam_fusion - INFO - [DEBUG-JITTER] epoch=11 step=3050 area_ratio_count=64 area_ratio_mean=1 area_ratio_sum=64 fallback_count=0 mean_iou=1 num_jittered=0 num_rois=64
2026-07-30 01:52:36,258 - portable_sam_fusion - INFO - [DEBUG-SP] epoch=11 step=3050 all_invalid_count=0 all_invalid_ratio=0 empty_count=0 empty_ratio=0 full_count=0 full_ratio=0 mean_point_distance=38.37 n1_gt_valid_count=64 n1_in_gt_bg=0.7812 n1_in_gt_bg_count=50 n1_valid_count=64 n1_valid_ratio=1 n2_gt_valid_count=64 n2_in_gt_bg=1 n2_in_gt_bg_count=64 n2_valid_count=64 n2_valid_ratio=1 neg_in_pred_bg=1 neg_in_pred_bg_count=128 negative_pair_count=64 negative_pair_distance_sum=3348 p1_gt_valid_count=64 p1_in_gt_fg=1 p1_in_gt_fg_count=64 p1_valid_count=64 p1_valid_ratio=1 p2_gt_valid_count=64 p2_in_gt_fg=1 p2_in_gt_fg_count=64 p2_valid_count=64 p2_valid_ratio=1 point_distance_sum=4911 point_overlap_count=0 point_overlap_ratio=0 point_pair_count=128 pos_in_pred_fg=1 pos_in_pred_fg_count=128 positive_pair_count=64 positive_pair_distance_sum=1563 roi_count=64 valid_neg_count=128 valid_pos_count=128 warmup_stage=2
2026-07-30 01:53:22,318 - portable_sam_fusion - INFO - [DEBUG-BOX] epoch=11 step=3100 fallback_count=0 fallback_ratio=0 num_rois=64 refined_proposal_iou=0 refined_proposal_iou_sum=0 refined_valid_count=0
2026-07-30 01:53:22,318 - portable_sam_fusion - INFO - [DEBUG-COARSE] epoch=11 step=3100 bce_raw=0.1774 boundary_fn=2700 boundary_fp=2646 boundary_tp=2.513e+04 dice=0.09895 dice_loss_raw=0.09895 iou=0.8252 loss_weight=0.1 raw_boundary_fn=2700 raw_boundary_fp=2646 raw_boundary_tp=2.513e+04 raw_dice_score=0.901 raw_iou=0.8252 weighted_loss=0.02763
2026-07-30 01:53:22,318 - portable_sam_fusion - INFO - [DEBUG-CONTEXT] epoch=11 step=3100 enabled=0
2026-07-30 01:53:22,318 - portable_sam_fusion - INFO - [DEBUG-DENSE] epoch=11 step=3100 applied_delta_norm=1.699 applied_delta_ratio=0.1455 base_norm=11.68 canvas_max=8 canvas_mean=-0.01096 canvas_min=-8 canvas_nonzero_ratio=0.01026 canvas_std=0.5506 final_norm=11.76 residual_alpha=0.2578 shape_norm=13.42 source_delta_norm=6.59 source_delta_ratio=0.5643
2026-07-30 01:53:22,318 - portable_sam_fusion - INFO - [DEBUG-GATE] epoch=11 step=3100 shape_dense_alpha_max=0.2578 shape_dense_alpha_mean=0.2578 shape_dense_alpha_min=0.2578
2026-07-30 01:53:22,318 - portable_sam_fusion - INFO - [DEBUG-JITTER] epoch=11 step=3100 area_ratio_count=64 area_ratio_mean=1 area_ratio_sum=64 fallback_count=0 mean_iou=1 num_jittered=0 num_rois=64
2026-07-30 01:53:22,318 - portable_sam_fusion - INFO - [DEBUG-SP] epoch=11 step=3100 all_invalid_count=0 all_invalid_ratio=0 empty_count=0 empty_ratio=0 full_count=0 full_ratio=0 mean_point_distance=33.19 n1_gt_valid_count=64 n1_in_gt_bg=0.8281 n1_in_gt_bg_count=53 n1_valid_count=64 n1_valid_ratio=1 n2_gt_valid_count=64 n2_in_gt_bg=0.9844 n2_in_gt_bg_count=63 n2_valid_count=64 n2_valid_ratio=1 neg_in_pred_bg=1 neg_in_pred_bg_count=128 negative_pair_count=64 negative_pair_distance_sum=3071 p1_gt_valid_count=64 p1_in_gt_fg=1 p1_in_gt_fg_count=64 p1_valid_count=64 p1_valid_ratio=1 p2_gt_valid_count=64 p2_in_gt_fg=0.9844 p2_in_gt_fg_count=63 p2_valid_count=64 p2_valid_ratio=1 point_distance_sum=4249 point_overlap_count=0 point_overlap_ratio=0 point_pair_count=128 pos_in_pred_fg=1 pos_in_pred_fg_count=128 positive_pair_count=64 positive_pair_distance_sum=1177 roi_count=64 valid_neg_count=128 valid_pos_count=128 warmup_stage=2
2026-07-30 01:54:31,202 - portable_sam_fusion - INFO - [DEBUG-BOX] epoch=11 step=3150 fallback_count=0 fallback_ratio=0 num_rois=64 refined_proposal_iou=0 refined_proposal_iou_sum=0 refined_valid_count=0
2026-07-30 01:54:31,202 - portable_sam_fusion - INFO - [DEBUG-COARSE] epoch=11 step=3150 bce_raw=0.1338 boundary_fn=2103 boundary_fp=2022 boundary_tp=2.15e+04 dice=0.05855 dice_loss_raw=0.05855 iou=0.8921 loss_weight=0.1 raw_boundary_fn=2103 raw_boundary_fp=2022 raw_boundary_tp=2.15e+04 raw_dice_score=0.9414 raw_iou=0.8921 weighted_loss=0.01923
2026-07-30 01:54:31,202 - portable_sam_fusion - INFO - [DEBUG-CONTEXT] epoch=11 step=3150 enabled=0
2026-07-30 01:54:31,202 - portable_sam_fusion - INFO - [DEBUG-DENSE] epoch=11 step=3150 applied_delta_norm=2.006 applied_delta_ratio=0.1718 base_norm=11.68 canvas_max=8 canvas_mean=0.004715 canvas_min=-8 canvas_nonzero_ratio=0.0117 canvas_std=0.6071 final_norm=11.79 residual_alpha=0.258 shape_norm=14.02 source_delta_norm=7.777 source_delta_ratio=0.6659
2026-07-30 01:54:31,202 - portable_sam_fusion - INFO - [DEBUG-GATE] epoch=11 step=3150 shape_dense_alpha_max=0.258 shape_dense_alpha_mean=0.258 shape_dense_alpha_min=0.258
2026-07-30 01:54:31,202 - portable_sam_fusion - INFO - [DEBUG-JITTER] epoch=11 step=3150 area_ratio_count=64 area_ratio_mean=1 area_ratio_sum=64 fallback_count=0 mean_iou=1 num_jittered=0 num_rois=64
2026-07-30 01:54:31,202 - portable_sam_fusion - INFO - [DEBUG-SP] epoch=11 step=3150 all_invalid_count=0 all_invalid_ratio=0 empty_count=0 empty_ratio=0 full_count=0 full_ratio=0 mean_point_distance=36.09 n1_gt_valid_count=64 n1_in_gt_bg=0.9531 n1_in_gt_bg_count=61 n1_valid_count=64 n1_valid_ratio=1 n2_gt_valid_count=62 n2_in_gt_bg=1 n2_in_gt_bg_count=62 n2_valid_count=62 n2_valid_ratio=0.9688 neg_in_pred_bg=1 neg_in_pred_bg_count=126 negative_pair_count=62 negative_pair_distance_sum=3176 p1_gt_valid_count=64 p1_in_gt_fg=1 p1_in_gt_fg_count=64 p1_valid_count=64 p1_valid_ratio=1 p2_gt_valid_count=64 p2_in_gt_fg=1 p2_in_gt_fg_count=64 p2_valid_count=64 p2_valid_ratio=1 point_distance_sum=4548 point_overlap_count=0 point_overlap_ratio=0 point_pair_count=126 pos_in_pred_fg=1 pos_in_pred_fg_count=128 positive_pair_count=64 positive_pair_distance_sum=1372 roi_count=64 valid_neg_count=126 valid_pos_count=128 warmup_stage=2
2026-07-30 01:55:14,366 - portable_sam_fusion - INFO - epoch 11 | mini-batch 240/294 | optimizer_step 800/5920 | lr=4.824e-04
2026-07-30 01:55:45,001 - portable_sam_fusion - INFO - [DEBUG-BOX] epoch=11 step=3200 fallback_count=0 fallback_ratio=0 num_rois=0 refined_proposal_iou=0 refined_proposal_iou_sum=0 refined_valid_count=0
2026-07-30 01:55:45,001 - portable_sam_fusion - INFO - [DEBUG-COARSE] epoch=11 step=3200 boundary_fn=0 boundary_fp=0 boundary_tp=0 dice=0 iou=0
2026-07-30 01:55:45,001 - portable_sam_fusion - INFO - [DEBUG-CONTEXT] epoch=11 step=3200 enabled=0
2026-07-30 01:55:45,001 - portable_sam_fusion - INFO - [DEBUG-DENSE] epoch=11 step=3200 applied_delta_norm=1.188 applied_delta_ratio=0.1017 base_norm=11.68 canvas_max=8 canvas_mean=-0.008171 canvas_min=-8 canvas_nonzero_ratio=0.006063 canvas_std=0.4389 final_norm=11.72 residual_alpha=0.2582 shape_norm=12.72 source_delta_norm=4.601 source_delta_ratio=0.394
2026-07-30 01:55:45,001 - portable_sam_fusion - INFO - [DEBUG-GATE] epoch=11 step=3200 shape_dense_alpha_max=0.2582 shape_dense_alpha_mean=0.2582 shape_dense_alpha_min=0.2582
2026-07-30 01:55:45,001 - portable_sam_fusion - INFO - [DEBUG-JITTER] epoch=11 step=3200 area_ratio_count=0 area_ratio_mean=0 area_ratio_sum=0 fallback_count=0 mean_iou=0 num_jittered=0 num_rois=0
2026-07-30 01:55:45,001 - portable_sam_fusion - INFO - [DEBUG-SP] epoch=11 step=3200 all_invalid_count=0 all_invalid_ratio=0 empty_count=0 empty_ratio=0 full_count=0 full_ratio=0 mean_point_distance=25.04 n1_gt_valid_count=64 n1_in_gt_bg=0.9062 n1_in_gt_bg_count=58 n1_valid_count=64 n1_valid_ratio=1 n2_gt_valid_count=64 n2_in_gt_bg=1 n2_in_gt_bg_count=64 n2_valid_count=64 n2_valid_ratio=1 neg_in_pred_bg=1 neg_in_pred_bg_count=128 negative_pair_count=64 negative_pair_distance_sum=2444 p1_gt_valid_count=64 p1_in_gt_fg=1 p1_in_gt_fg_count=64 p1_valid_count=64 p1_valid_ratio=1 p2_gt_valid_count=64 p2_in_gt_fg=1 p2_in_gt_fg_count=64 p2_valid_count=64 p2_valid_ratio=1 point_distance_sum=3206 point_overlap_count=0 point_overlap_ratio=0 point_pair_count=128 pos_in_pred_fg=1 pos_in_pred_fg_count=128 positive_pair_count=64 positive_pair_distance_sum=761.4 roi_count=64 valid_neg_count=128 valid_pos_count=128 warmup_stage=2
2026-07-30 01:56:40,426 - portable_sam_fusion - INFO - Epoch 11 detailed losses: loss_rpn_cls=0.0241, loss_rpn_bbox=0.0078, loss_cls=0.2229, acc=91.0468, loss_bbox=0.1034, loss_mask=0.0018, debug_mask_pos_rois=55.5068, debug_mask_logit_mean=-14.8002, debug_mask_logit_std=2.9438, debug_mask_prob_mean=0.0049, debug_mask_prob_ge05=0.0048, debug_mask_target_fill=0.0049, loss_shape_prior=0.0238, schedule/det_weight=1.0000
2026-07-30 01:56:40,426 - portable_sam_fusion - INFO - Epoch 11 dense residual monitor: alpha=0.257754 source_delta_norm=6.2130 applied_delta_norm=1.6014 source_delta_ratio=0.532006 applied_delta_ratio=0.137126
2026-07-30 01:56:40,426 - portable_sam_fusion - INFO - Epoch 11 primary loss shares: det=93.32% final_mask=0.48% shape=6.20% p2_boundary=0.00%
2026-07-30 01:56:40,426 - portable_sam_fusion - INFO - Epoch 11 schedule: det_loss_weight=1.000 early_stop_start=20 min_delta=0.0005
2026-07-30 01:56:40,426 - portable_sam_fusion - INFO - Epoch 11 learning rates: sat_backbone=4.82e-04, mask_decoder=4.82e-04, shape_prior=4.82e-04, quality_head=4.82e-04, sat_other=4.82e-04
2026-07-30 02:00:42,805 - portable_sam_fusion - INFO - Validation samples: GT=15926, DT=18892, avg_masks_per_image=30.13, avg_mask_fill=0.0066
creating index...
index created!
Loading and preparing results...
DONE (t=0.02s)
creating index...
index created!
Running per image evaluation...
Evaluate annotation type *bbox*
DONE (t=11.51s).
Accumulating evaluation results...
DONE (t=0.17s).
 Average Precision  (AP) @[ IoU=0.50:0.95 | area=   all | maxDets=100 ] = 0.642
 Average Precision  (AP) @[ IoU=0.50      | area=   all | maxDets=100 ] = 0.884
 Average Precision  (AP) @[ IoU=0.75      | area=   all | maxDets=100 ] = 0.777
 Average Precision  (AP) @[ IoU=0.50:0.95 | area= small | maxDets=100 ] = 0.279
 Average Precision  (AP) @[ IoU=0.50:0.95 | area=medium | maxDets=100 ] = 0.686
 Average Precision  (AP) @[ IoU=0.50:0.95 | area= large | maxDets=100 ] = 0.719
 Average Recall     (AR) @[ IoU=0.50:0.95 | area=   all | maxDets=  1 ] = 0.024
 Average Recall     (AR) @[ IoU=0.50:0.95 | area=   all | maxDets= 10 ] = 0.178
 Average Recall     (AR) @[ IoU=0.50:0.95 | area=   all | maxDets=100 ] = 0.696
 Average Recall     (AR) @[ IoU=0.50:0.95 | area= small | maxDets=100 ] = 0.384
 Average Recall     (AR) @[ IoU=0.50:0.95 | area=medium | maxDets=100 ] = 0.739
 Average Recall     (AR) @[ IoU=0.50:0.95 | area= large | maxDets=100 ] = 0.773
2026-07-30 02:00:55,234 - portable_sam_fusion - INFO - Validation bbox/mAP: 0.6424 bbox/mAP_75: 0.7775
Running per image evaluation...
Evaluate annotation type *segm*
DONE (t=11.45s).
Accumulating evaluation results...
DONE (t=0.17s).
 Average Precision  (AP) @[ IoU=0.50:0.95 | area=   all | maxDets=100 ] = 0.433
 Average Precision  (AP) @[ IoU=0.50      | area=   all | maxDets=100 ] = 0.826
 Average Precision  (AP) @[ IoU=0.75      | area=   all | maxDets=100 ] = 0.461
 Average Precision  (AP) @[ IoU=0.50:0.95 | area= small | maxDets=100 ] = 0.051
 Average Precision  (AP) @[ IoU=0.50:0.95 | area=medium | maxDets=100 ] = 0.446
 Average Precision  (AP) @[ IoU=0.50:0.95 | area= large | maxDets=100 ] = 0.642
 Average Recall     (AR) @[ IoU=0.50:0.95 | area=   all | maxDets=  1 ] = 0.020
 Average Recall     (AR) @[ IoU=0.50:0.95 | area=   all | maxDets= 10 ] = 0.143
 Average Recall     (AR) @[ IoU=0.50:0.95 | area=   all | maxDets=100 ] = 0.482
 Average Recall     (AR) @[ IoU=0.50:0.95 | area= small | maxDets=100 ] = 0.096
 Average Recall     (AR) @[ IoU=0.50:0.95 | area=medium | maxDets=100 ] = 0.494
 Average Recall     (AR) @[ IoU=0.50:0.95 | area= large | maxDets=100 ] = 0.690
2026-07-30 02:01:06,897 - portable_sam_fusion - INFO - Validation segm/mAP: 0.4333
2026-07-30 02:01:07,763 - portable_sam_fusion - INFO - New best early-stop metric (segm/mAP): raw=0.4333 smooth(5)=0.4412
2026-07-30 02:01:15,043 - portable_sam_fusion - INFO - Epoch 11/80 | train=0.383863 val=disabled segm/mAP=0.4333 bbox/mAP=0.6424 | best_segm=0.4598 best_bbox=0.6429 best_comp=0.0000 | sat_backbone=4.82e-04 mask_decoder=4.82e-04 shape_prior=4.82e-04 quality_head=4.82e-04 sat_other=4.82e-04
2026-07-30 02:01:34,566 - portable_sam_fusion - INFO - [DEBUG-BOX] epoch=12 step=3250 fallback_count=0 fallback_ratio=0 num_rois=25 refined_proposal_iou=0 refined_proposal_iou_sum=0 refined_valid_count=0
2026-07-30 02:01:34,566 - portable_sam_fusion - INFO - [DEBUG-COARSE] epoch=12 step=3250 bce_raw=0.1194 boundary_fn=407 boundary_fp=238 boundary_tp=9235 dice=0.07324 dice_loss_raw=0.07324 iou=0.8637 loss_weight=0.1 raw_boundary_fn=407 raw_boundary_fp=238 raw_boundary_tp=9235 raw_dice_score=0.9268 raw_iou=0.8637 weighted_loss=0.01927
2026-07-30 02:01:34,567 - portable_sam_fusion - INFO - [DEBUG-CONTEXT] epoch=12 step=3250 enabled=0
2026-07-30 02:01:34,567 - portable_sam_fusion - INFO - [DEBUG-DENSE] epoch=12 step=3250 applied_delta_norm=0.7244 applied_delta_ratio=0.06203 base_norm=11.68 canvas_max=8 canvas_mean=0.002079 canvas_min=-8 canvas_nonzero_ratio=0.002061 canvas_std=0.244 final_norm=11.69 residual_alpha=0.2585 shape_norm=12 source_delta_norm=2.803 source_delta_ratio=0.24
2026-07-30 02:01:34,567 - portable_sam_fusion - INFO - [DEBUG-GATE] epoch=12 step=3250 shape_dense_alpha_max=0.2585 shape_dense_alpha_mean=0.2585 shape_dense_alpha_min=0.2585
2026-07-30 02:01:34,567 - portable_sam_fusion - INFO - [DEBUG-JITTER] epoch=12 step=3250 area_ratio_count=25 area_ratio_mean=1 area_ratio_sum=25 fallback_count=0 mean_iou=1 num_jittered=0 num_rois=25
2026-07-30 02:01:34,567 - portable_sam_fusion - INFO - [DEBUG-SP] epoch=12 step=3250 all_invalid_count=0 all_invalid_ratio=0 empty_count=0 empty_ratio=0 full_count=0 full_ratio=0 mean_point_distance=12.6 n1_gt_valid_count=25 n1_in_gt_bg=0.8 n1_in_gt_bg_count=20 n1_valid_count=25 n1_valid_ratio=1 n2_gt_valid_count=25 n2_in_gt_bg=1 n2_in_gt_bg_count=25 n2_valid_count=25 n2_valid_ratio=1 neg_in_pred_bg=1 neg_in_pred_bg_count=50 negative_pair_count=25 negative_pair_distance_sum=490.1 p1_gt_valid_count=25 p1_in_gt_fg=1 p1_in_gt_fg_count=25 p1_valid_count=25 p1_valid_ratio=1 p2_gt_valid_count=25 p2_in_gt_fg=1 p2_in_gt_fg_count=25 p2_valid_count=25 p2_valid_ratio=1 point_distance_sum=629.9 point_overlap_count=0 point_overlap_ratio=0 point_pair_count=50 pos_in_pred_fg=1 pos_in_pred_fg_count=50 positive_pair_count=25 positive_pair_distance_sum=139.7 roi_count=25 valid_neg_count=50 valid_pos_count=50 warmup_stage=2
2026-07-30 02:02:26,006 - portable_sam_fusion - INFO - [DEBUG-BOX] epoch=12 step=3300 fallback_count=0 fallback_ratio=0 num_rois=64 refined_proposal_iou=0 refined_proposal_iou_sum=0 refined_valid_count=0
2026-07-30 02:02:26,006 - portable_sam_fusion - INFO - [DEBUG-COARSE] epoch=12 step=3300 bce_raw=0.1908 boundary_fn=3649 boundary_fp=2804 boundary_tp=2.343e+04 dice=0.1015 dice_loss_raw=0.1015 iou=0.82 loss_weight=0.1 raw_boundary_fn=3649 raw_boundary_fp=2804 raw_boundary_tp=2.343e+04 raw_dice_score=0.8985 raw_iou=0.82 weighted_loss=0.02923
2026-07-30 02:02:26,006 - portable_sam_fusion - INFO - [DEBUG-CONTEXT] epoch=12 step=3300 enabled=0
2026-07-30 02:02:26,006 - portable_sam_fusion - INFO - [DEBUG-DENSE] epoch=12 step=3300 applied_delta_norm=1.608 applied_delta_ratio=0.1377 base_norm=11.68 canvas_max=8 canvas_mean=-0.002057 canvas_min=-8 canvas_nonzero_ratio=0.008965 canvas_std=0.5301 final_norm=11.75 residual_alpha=0.2587 shape_norm=13.26 source_delta_norm=6.217 source_delta_ratio=0.5323
2026-07-30 02:02:26,006 - portable_sam_fusion - INFO - [DEBUG-GATE] epoch=12 step=3300 shape_dense_alpha_max=0.2587 shape_dense_alpha_mean=0.2587 shape_dense_alpha_min=0.2587
2026-07-30 02:02:26,006 - portable_sam_fusion - INFO - [DEBUG-JITTER] epoch=12 step=3300 area_ratio_count=64 area_ratio_mean=1 area_ratio_sum=64 fallback_count=0 mean_iou=1 num_jittered=0 num_rois=64
2026-07-30 02:02:26,006 - portable_sam_fusion - INFO - [DEBUG-SP] epoch=12 step=3300 all_invalid_count=0 all_invalid_ratio=0 empty_count=0 empty_ratio=0 full_count=0 full_ratio=0 mean_point_distance=37.69 n1_gt_valid_count=64 n1_in_gt_bg=0.8281 n1_in_gt_bg_count=53 n1_valid_count=64 n1_valid_ratio=1 n2_gt_valid_count=64 n2_in_gt_bg=1 n2_in_gt_bg_count=64 n2_valid_count=64 n2_valid_ratio=1 neg_in_pred_bg=1 neg_in_pred_bg_count=128 negative_pair_count=64 negative_pair_distance_sum=3733 p1_gt_valid_count=64 p1_in_gt_fg=1 p1_in_gt_fg_count=64 p1_valid_count=64 p1_valid_ratio=1 p2_gt_valid_count=64 p2_in_gt_fg=1 p2_in_gt_fg_count=64 p2_valid_count=64 p2_valid_ratio=1 point_distance_sum=4824 point_overlap_count=0 point_overlap_ratio=0 point_pair_count=128 pos_in_pred_fg=1 pos_in_pred_fg_count=128 positive_pair_count=64 positive_pair_distance_sum=1091 roi_count=64 valid_neg_count=128 valid_pos_count=128 warmup_stage=2
2026-07-30 02:03:18,678 - portable_sam_fusion - INFO - [DEBUG-BOX] epoch=12 step=3350 fallback_count=0 fallback_ratio=0 num_rois=64 refined_proposal_iou=0 refined_proposal_iou_sum=0 refined_valid_count=0
2026-07-30 02:03:18,679 - portable_sam_fusion - INFO - [DEBUG-COARSE] epoch=12 step=3350 bce_raw=0.1816 boundary_fn=3348 boundary_fp=4138 boundary_tp=2.138e+04 dice=0.07287 dice_loss_raw=0.07287 iou=0.8668 loss_weight=0.1 raw_boundary_fn=3348 raw_boundary_fp=4138 raw_boundary_tp=2.138e+04 raw_dice_score=0.9271 raw_iou=0.8668 weighted_loss=0.02545
2026-07-30 02:03:18,679 - portable_sam_fusion - INFO - [DEBUG-CONTEXT] epoch=12 step=3350 enabled=0
2026-07-30 02:03:18,679 - portable_sam_fusion - INFO - [DEBUG-DENSE] epoch=12 step=3350 applied_delta_norm=1.246 applied_delta_ratio=0.1067 base_norm=11.68 canvas_max=8 canvas_mean=0.00811 canvas_min=-8 canvas_nonzero_ratio=0.005645 canvas_std=0.3855 final_norm=11.73 residual_alpha=0.2588 shape_norm=12.78 source_delta_norm=4.816 source_delta_ratio=0.4124
2026-07-30 02:03:18,679 - portable_sam_fusion - INFO - [DEBUG-GATE] epoch=12 step=3350 shape_dense_alpha_max=0.2588 shape_dense_alpha_mean=0.2588 shape_dense_alpha_min=0.2588
2026-07-30 02:03:18,679 - portable_sam_fusion - INFO - [DEBUG-JITTER] epoch=12 step=3350 area_ratio_count=64 area_ratio_mean=1 area_ratio_sum=64 fallback_count=0 mean_iou=1 num_jittered=0 num_rois=64
2026-07-30 02:03:18,679 - portable_sam_fusion - INFO - [DEBUG-SP] epoch=12 step=3350 all_invalid_count=0 all_invalid_ratio=0 empty_count=0 empty_ratio=0 full_count=0 full_ratio=0 mean_point_distance=21.74 n1_gt_valid_count=64 n1_in_gt_bg=0.6094 n1_in_gt_bg_count=39 n1_valid_count=64 n1_valid_ratio=1 n2_gt_valid_count=64 n2_in_gt_bg=0.9219 n2_in_gt_bg_count=59 n2_valid_count=64 n2_valid_ratio=1 neg_in_pred_bg=1 neg_in_pred_bg_count=128 negative_pair_count=64 negative_pair_distance_sum=1913 p1_gt_valid_count=64 p1_in_gt_fg=1 p1_in_gt_fg_count=64 p1_valid_count=64 p1_valid_ratio=1 p2_gt_valid_count=64 p2_in_gt_fg=1 p2_in_gt_fg_count=64 p2_valid_count=64 p2_valid_ratio=1 point_distance_sum=2782 point_overlap_count=0 point_overlap_ratio=0 point_pair_count=128 pos_in_pred_fg=1 pos_in_pred_fg_count=128 positive_pair_count=64 positive_pair_distance_sum=869.5 roi_count=64 valid_neg_count=128 valid_pos_count=128 warmup_stage=2
2026-07-30 02:03:48,209 - portable_sam_fusion - INFO - epoch 12 | mini-batch 144/294 | optimizer_step 850/5920 | lr=4.798e-04
2026-07-30 02:04:10,218 - portable_sam_fusion - INFO - [DEBUG-BOX] epoch=12 step=3400 fallback_count=0 fallback_ratio=0 num_rois=64 refined_proposal_iou=0 refined_proposal_iou_sum=0 refined_valid_count=0
2026-07-30 02:04:10,219 - portable_sam_fusion - INFO - [DEBUG-COARSE] epoch=12 step=3400 bce_raw=0.1704 boundary_fn=2074 boundary_fp=2576 boundary_tp=2.281e+04 dice=0.07532 dice_loss_raw=0.07532 iou=0.8654 loss_weight=0.1 raw_boundary_fn=2074 raw_boundary_fp=2576 raw_boundary_tp=2.281e+04 raw_dice_score=0.9247 raw_iou=0.8654 weighted_loss=0.02458
2026-07-30 02:04:10,219 - portable_sam_fusion - INFO - [DEBUG-CONTEXT] epoch=12 step=3400 enabled=0
2026-07-30 02:04:10,219 - portable_sam_fusion - INFO - [DEBUG-DENSE] epoch=12 step=3400 applied_delta_norm=2.062 applied_delta_ratio=0.1765 base_norm=11.68 canvas_max=8 canvas_mean=0.02338 canvas_min=-8 canvas_nonzero_ratio=0.01872 canvas_std=0.6205 final_norm=11.86 residual_alpha=0.2589 shape_norm=14.41 source_delta_norm=7.962 source_delta_ratio=0.6818
2026-07-30 02:04:10,219 - portable_sam_fusion - INFO - [DEBUG-GATE] epoch=12 step=3400 shape_dense_alpha_max=0.2589 shape_dense_alpha_mean=0.2589 shape_dense_alpha_min=0.2589
2026-07-30 02:04:10,219 - portable_sam_fusion - INFO - [DEBUG-JITTER] epoch=12 step=3400 area_ratio_count=64 area_ratio_mean=1 area_ratio_sum=64 fallback_count=0 mean_iou=1 num_jittered=0 num_rois=64
2026-07-30 02:04:10,219 - portable_sam_fusion - INFO - [DEBUG-SP] epoch=12 step=3400 all_invalid_count=0 all_invalid_ratio=0 empty_count=0 empty_ratio=0 full_count=1 full_ratio=0.01562 mean_point_distance=44.64 n1_gt_valid_count=63 n1_in_gt_bg=0.8889 n1_in_gt_bg_count=56 n1_valid_count=63 n1_valid_ratio=0.9844 n2_gt_valid_count=63 n2_in_gt_bg=0.9683 n2_in_gt_bg_count=61 n2_valid_count=63 n2_valid_ratio=0.9844 neg_in_pred_bg=1 neg_in_pred_bg_count=126 negative_pair_count=63 negative_pair_distance_sum=4201 p1_gt_valid_count=64 p1_in_gt_fg=0.9844 p1_in_gt_fg_count=63 p1_valid_count=64 p1_valid_ratio=1 p2_gt_valid_count=64 p2_in_gt_fg=0.9688 p2_in_gt_fg_count=62 p2_valid_count=64 p2_valid_ratio=1 point_distance_sum=5669 point_overlap_count=0 point_overlap_ratio=0 point_pair_count=127 pos_in_pred_fg=1 pos_in_pred_fg_count=128 positive_pair_count=64 positive_pair_distance_sum=1468 roi_count=64 valid_neg_count=126 valid_pos_count=128 warmup_stage=2
2026-07-30 02:05:04,518 - portable_sam_fusion - INFO - [DEBUG-BOX] epoch=12 step=3450 fallback_count=0 fallback_ratio=0 num_rois=0 refined_proposal_iou=0 refined_proposal_iou_sum=0 refined_valid_count=0
2026-07-30 02:05:04,518 - portable_sam_fusion - INFO - [DEBUG-COARSE] epoch=12 step=3450 boundary_fn=0 boundary_fp=0 boundary_tp=0 dice=0 iou=0
2026-07-30 02:05:04,518 - portable_sam_fusion - INFO - [DEBUG-CONTEXT] epoch=12 step=3450 enabled=0
2026-07-30 02:05:04,518 - portable_sam_fusion - INFO - [DEBUG-DENSE] epoch=12 step=3450 applied_delta_norm=3.612 applied_delta_ratio=0.3093 base_norm=11.68 canvas_max=8 canvas_mean=0.06263 canvas_min=-8 canvas_nonzero_ratio=0.04317 canvas_std=0.9433 final_norm=12.13 residual_alpha=0.2593 shape_norm=18.42 source_delta_norm=13.93 source_delta_ratio=1.193
2026-07-30 02:05:04,518 - portable_sam_fusion - INFO - [DEBUG-GATE] epoch=12 step=3450 shape_dense_alpha_max=0.2593 shape_dense_alpha_mean=0.2593 shape_dense_alpha_min=0.2593
2026-07-30 02:05:04,518 - portable_sam_fusion - INFO - [DEBUG-JITTER] epoch=12 step=3450 area_ratio_count=0 area_ratio_mean=0 area_ratio_sum=0 fallback_count=0 mean_iou=0 num_jittered=0 num_rois=0
2026-07-30 02:05:04,519 - portable_sam_fusion - INFO - [DEBUG-SP] epoch=12 step=3450 all_invalid_count=0 all_invalid_ratio=0 empty_count=0 empty_ratio=0 full_count=2 full_ratio=0.03125 mean_point_distance=66.24 n1_gt_valid_count=62 n1_in_gt_bg=0.4839 n1_in_gt_bg_count=30 n1_valid_count=62 n1_valid_ratio=0.9688 n2_gt_valid_count=62 n2_in_gt_bg=0.9516 n2_in_gt_bg_count=59 n2_valid_count=62 n2_valid_ratio=0.9688 neg_in_pred_bg=1 neg_in_pred_bg_count=124 negative_pair_count=62 negative_pair_distance_sum=5796 p1_gt_valid_count=64 p1_in_gt_fg=0.9844 p1_in_gt_fg_count=63 p1_valid_count=64 p1_valid_ratio=1 p2_gt_valid_count=64 p2_in_gt_fg=0.9688 p2_in_gt_fg_count=62 p2_valid_count=64 p2_valid_ratio=1 point_distance_sum=8346 point_overlap_count=0 point_overlap_ratio=0 point_pair_count=126 pos_in_pred_fg=1 pos_in_pred_fg_count=128 positive_pair_count=64 positive_pair_distance_sum=2550 roi_count=64 valid_neg_count=124 valid_pos_count=128 warmup_stage=2
2026-07-30 02:05:55,835 - portable_sam_fusion - INFO - [DEBUG-BOX] epoch=12 step=3500 fallback_count=0 fallback_ratio=0 num_rois=64 refined_proposal_iou=0 refined_proposal_iou_sum=0 refined_valid_count=0
2026-07-30 02:05:55,835 - portable_sam_fusion - INFO - [DEBUG-COARSE] epoch=12 step=3500 bce_raw=0.2052 boundary_fn=4149 boundary_fp=3357 boundary_tp=2.359e+04 dice=0.1021 dice_loss_raw=0.1021 iou=0.8187 loss_weight=0.1 raw_boundary_fn=4149 raw_boundary_fp=3357 raw_boundary_tp=2.359e+04 raw_dice_score=0.8979 raw_iou=0.8187 weighted_loss=0.03072
2026-07-30 02:05:55,836 - portable_sam_fusion - INFO - [DEBUG-CONTEXT] epoch=12 step=3500 enabled=0
2026-07-30 02:05:55,836 - portable_sam_fusion - INFO - [DEBUG-DENSE] epoch=12 step=3500 applied_delta_norm=1.519 applied_delta_ratio=0.1301 base_norm=11.68 canvas_max=8 canvas_mean=0.003102 canvas_min=-8 canvas_nonzero_ratio=0.007364 canvas_std=0.468 final_norm=11.74 residual_alpha=0.2595 shape_norm=13.04 source_delta_norm=5.852 source_delta_ratio=0.5011
2026-07-30 02:05:55,836 - portable_sam_fusion - INFO - [DEBUG-GATE] epoch=12 step=3500 shape_dense_alpha_max=0.2595 shape_dense_alpha_mean=0.2595 shape_dense_alpha_min=0.2595
2026-07-30 02:05:55,836 - portable_sam_fusion - INFO - [DEBUG-JITTER] epoch=12 step=3500 area_ratio_count=64 area_ratio_mean=1 area_ratio_sum=64 fallback_count=0 mean_iou=1 num_jittered=0 num_rois=64
2026-07-30 02:05:55,836 - portable_sam_fusion - INFO - [DEBUG-SP] epoch=12 step=3500 all_invalid_count=0 all_invalid_ratio=0 empty_count=0 empty_ratio=0 full_count=0 full_ratio=0 mean_point_distance=32.82 n1_gt_valid_count=64 n1_in_gt_bg=0.8438 n1_in_gt_bg_count=54 n1_valid_count=64 n1_valid_ratio=1 n2_gt_valid_count=64 n2_in_gt_bg=1 n2_in_gt_bg_count=64 n2_valid_count=64 n2_valid_ratio=1 neg_in_pred_bg=1 neg_in_pred_bg_count=128 negative_pair_count=64 negative_pair_distance_sum=3067 p1_gt_valid_count=64 p1_in_gt_fg=1 p1_in_gt_fg_count=64 p1_valid_count=64 p1_valid_ratio=1 p2_gt_valid_count=64 p2_in_gt_fg=1 p2_in_gt_fg_count=64 p2_valid_count=64 p2_valid_ratio=1 point_distance_sum=4202 point_overlap_count=0 point_overlap_ratio=0 point_pair_count=128 pos_in_pred_fg=1 pos_in_pred_fg_count=128 positive_pair_count=64 positive_pair_distance_sum=1135 roi_count=64 valid_neg_count=128 valid_pos_count=128 warmup_stage=2
2026-07-30 02:06:31,201 - portable_sam_fusion - INFO - Epoch 12 detailed losses: loss_rpn_cls=0.0238, loss_rpn_bbox=0.0072, loss_cls=0.2298, acc=90.6828, loss_bbox=0.1005, loss_mask=0.0026, debug_mask_pos_rois=56.0646, debug_mask_logit_mean=-15.9451, debug_mask_logit_std=3.2453, debug_mask_prob_mean=0.0053, debug_mask_prob_ge05=0.0052, debug_mask_target_fill=0.0053, loss_shape_prior=0.0239, schedule/det_weight=1.0000
2026-07-30 02:06:31,202 - portable_sam_fusion - INFO - Epoch 12 dense residual monitor: alpha=0.258728 source_delta_norm=6.1809 applied_delta_norm=1.5992 source_delta_ratio=0.529263 applied_delta_ratio=0.136934
2026-07-30 02:06:31,202 - portable_sam_fusion - INFO - Epoch 12 primary loss shares: det=93.17% final_mask=0.66% shape=6.16% p2_boundary=0.00%
2026-07-30 02:06:31,202 - portable_sam_fusion - INFO - Epoch 12 schedule: det_loss_weight=1.000 early_stop_start=20 min_delta=0.0005
2026-07-30 02:06:31,202 - portable_sam_fusion - INFO - Epoch 12 learning rates: sat_backbone=4.78e-04, mask_decoder=4.78e-04, shape_prior=4.78e-04, quality_head=4.78e-04, sat_other=4.78e-04
2026-07-30 02:10:26,080 - portable_sam_fusion - INFO - Validation samples: GT=15926, DT=17590, avg_masks_per_image=28.05, avg_mask_fill=0.0072
creating index...
index created!
Loading and preparing results...
DONE (t=0.03s)
creating index...
index created!
Running per image evaluation...
Evaluate annotation type *bbox*
DONE (t=10.65s).
Accumulating evaluation results...
DONE (t=0.19s).
 Average Precision  (AP) @[ IoU=0.50:0.95 | area=   all | maxDets=100 ] = 0.673
 Average Precision  (AP) @[ IoU=0.50      | area=   all | maxDets=100 ] = 0.885
 Average Precision  (AP) @[ IoU=0.75      | area=   all | maxDets=100 ] = 0.796
 Average Precision  (AP) @[ IoU=0.50:0.95 | area= small | maxDets=100 ] = 0.269
 Average Precision  (AP) @[ IoU=0.50:0.95 | area=medium | maxDets=100 ] = 0.721
 Average Precision  (AP) @[ IoU=0.50:0.95 | area= large | maxDets=100 ] = 0.759
 Average Recall     (AR) @[ IoU=0.50:0.95 | area=   all | maxDets=  1 ] = 0.025
 Average Recall     (AR) @[ IoU=0.50:0.95 | area=   all | maxDets= 10 ] = 0.185
 Average Recall     (AR) @[ IoU=0.50:0.95 | area=   all | maxDets=100 ] = 0.722
 Average Recall     (AR) @[ IoU=0.50:0.95 | area= small | maxDets=100 ] = 0.394
 Average Recall     (AR) @[ IoU=0.50:0.95 | area=medium | maxDets=100 ] = 0.766
 Average Recall     (AR) @[ IoU=0.50:0.95 | area= large | maxDets=100 ] = 0.807
2026-07-30 02:10:37,130 - portable_sam_fusion - INFO - Validation bbox/mAP: 0.6735 bbox/mAP_75: 0.7959
Running per image evaluation...
Evaluate annotation type *segm*
DONE (t=11.14s).
Accumulating evaluation results...
DONE (t=0.18s).
 Average Precision  (AP) @[ IoU=0.50:0.95 | area=   all | maxDets=100 ] = 0.485
 Average Precision  (AP) @[ IoU=0.50      | area=   all | maxDets=100 ] = 0.849
 Average Precision  (AP) @[ IoU=0.75      | area=   all | maxDets=100 ] = 0.560
 Average Precision  (AP) @[ IoU=0.50:0.95 | area= small | maxDets=100 ] = 0.075
 Average Precision  (AP) @[ IoU=0.50:0.95 | area=medium | maxDets=100 ] = 0.507
 Average Precision  (AP) @[ IoU=0.50:0.95 | area= large | maxDets=100 ] = 0.662
 Average Recall     (AR) @[ IoU=0.50:0.95 | area=   all | maxDets=  1 ] = 0.022
 Average Recall     (AR) @[ IoU=0.50:0.95 | area=   all | maxDets= 10 ] = 0.150
 Average Recall     (AR) @[ IoU=0.50:0.95 | area=   all | maxDets=100 ] = 0.523
 Average Recall     (AR) @[ IoU=0.50:0.95 | area= small | maxDets=100 ] = 0.133
 Average Recall     (AR) @[ IoU=0.50:0.95 | area=medium | maxDets=100 ] = 0.544
 Average Recall     (AR) @[ IoU=0.50:0.95 | area= large | maxDets=100 ] = 0.709
2026-07-30 02:10:48,478 - portable_sam_fusion - INFO - Validation segm/mAP: 0.4852
2026-07-30 02:10:49,268 - portable_sam_fusion - INFO - New best segm/mAP: 0.4852
2026-07-30 02:10:49,268 - portable_sam_fusion - INFO - New best bbox/mAP: 0.6735
2026-07-30 02:10:49,269 - portable_sam_fusion - INFO - New best early-stop metric (segm/mAP): raw=0.4852 smooth(5)=0.4500
2026-07-30 02:10:51,872 - portable_sam_fusion - INFO - Saved best_model with segm/mAP: 0.4852
2026-07-30 02:10:54,564 - portable_sam_fusion - INFO - Saved best_bbox_model with bbox/mAP: 0.6735
2026-07-30 02:11:00,128 - portable_sam_fusion - INFO - Epoch 12/80 | train=0.387709 val=disabled segm/mAP=0.4852 bbox/mAP=0.6735 | best_segm=0.4852 best_bbox=0.6735 best_comp=0.0000 | sat_backbone=4.78e-04 mask_decoder=4.78e-04 shape_prior=4.78e-04 quality_head=4.78e-04 sat_other=4.78e-04
2026-07-30 02:11:33,469 - portable_sam_fusion - INFO - [DEBUG-BOX] epoch=13 step=3550 fallback_count=0 fallback_ratio=0 num_rois=64 refined_proposal_iou=0 refined_proposal_iou_sum=0 refined_valid_count=0
2026-07-30 02:11:33,470 - portable_sam_fusion - INFO - [DEBUG-COARSE] epoch=13 step=3550 bce_raw=0.1659 boundary_fn=2999 boundary_fp=2288 boundary_tp=2.446e+04 dice=0.08941 dice_loss_raw=0.08941 iou=0.84 loss_weight=0.1 raw_boundary_fn=2999 raw_boundary_fp=2288 raw_boundary_tp=2.446e+04 raw_dice_score=0.9106 raw_iou=0.84 weighted_loss=0.02553
2026-07-30 02:11:33,470 - portable_sam_fusion - INFO - [DEBUG-CONTEXT] epoch=13 step=3550 enabled=0
2026-07-30 02:11:33,470 - portable_sam_fusion - INFO - [DEBUG-DENSE] epoch=13 step=3550 applied_delta_norm=1.633 applied_delta_ratio=0.1398 base_norm=11.68 canvas_max=8 canvas_mean=0.0006661 canvas_min=-8 canvas_nonzero_ratio=0.008534 canvas_std=0.5006 final_norm=11.75 residual_alpha=0.2598 shape_norm=13.23 source_delta_norm=6.283 source_delta_ratio=0.538
2026-07-30 02:11:33,470 - portable_sam_fusion - INFO - [DEBUG-GATE] epoch=13 step=3550 shape_dense_alpha_max=0.2598 shape_dense_alpha_mean=0.2598 shape_dense_alpha_min=0.2598
2026-07-30 02:11:33,470 - portable_sam_fusion - INFO - [DEBUG-JITTER] epoch=13 step=3550 area_ratio_count=64 area_ratio_mean=1 area_ratio_sum=64 fallback_count=0 mean_iou=1 num_jittered=0 num_rois=64
2026-07-30 02:11:33,470 - portable_sam_fusion - INFO - [DEBUG-SP] epoch=13 step=3550 all_invalid_count=0 all_invalid_ratio=0 empty_count=0 empty_ratio=0 full_count=0 full_ratio=0 mean_point_distance=32.23 n1_gt_valid_count=64 n1_in_gt_bg=0.8906 n1_in_gt_bg_count=57 n1_valid_count=64 n1_valid_ratio=1 n2_gt_valid_count=64 n2_in_gt_bg=1 n2_in_gt_bg_count=64 n2_valid_count=64 n2_valid_ratio=1 neg_in_pred_bg=1 neg_in_pred_bg_count=128 negative_pair_count=64 negative_pair_distance_sum=3100 p1_gt_valid_count=64 p1_in_gt_fg=0.9844 p1_in_gt_fg_count=63 p1_valid_count=64 p1_valid_ratio=1 p2_gt_valid_count=64 p2_in_gt_fg=1 p2_in_gt_fg_count=64 p2_valid_count=64 p2_valid_ratio=1 point_distance_sum=4126 point_overlap_count=0 point_overlap_ratio=0 point_pair_count=128 pos_in_pred_fg=1 pos_in_pred_fg_count=128 positive_pair_count=64 positive_pair_distance_sum=1026 roi_count=64 valid_neg_count=128 valid_pos_count=128 warmup_stage=2
2026-07-30 02:12:13,966 - portable_sam_fusion - INFO - epoch 13 | mini-batch 48/294 | optimizer_step 900/5920 | lr=4.771e-04
2026-07-30 02:12:50,830 - portable_sam_fusion - INFO - [DEBUG-BOX] epoch=13 step=3600 fallback_count=0 fallback_ratio=0 num_rois=64 refined_proposal_iou=0 refined_proposal_iou_sum=0 refined_valid_count=0
2026-07-30 02:12:50,830 - portable_sam_fusion - INFO - [DEBUG-COARSE] epoch=13 step=3600 bce_raw=0.1533 boundary_fn=2389 boundary_fp=2917 boundary_tp=2.393e+04 dice=0.07543 dice_loss_raw=0.07543 iou=0.8615 loss_weight=0.1 raw_boundary_fn=2389 raw_boundary_fp=2917 raw_boundary_tp=2.393e+04 raw_dice_score=0.9246 raw_iou=0.8615 weighted_loss=0.02287
2026-07-30 02:12:50,830 - portable_sam_fusion - INFO - [DEBUG-CONTEXT] epoch=13 step=3600 enabled=0
2026-07-30 02:12:50,830 - portable_sam_fusion - INFO - [DEBUG-DENSE] epoch=13 step=3600 applied_delta_norm=1.45 applied_delta_ratio=0.1242 base_norm=11.68 canvas_max=8 canvas_mean=0.00161 canvas_min=-8 canvas_nonzero_ratio=0.009662 canvas_std=0.4829 final_norm=11.77 residual_alpha=0.26 shape_norm=13.26 source_delta_norm=5.578 source_delta_ratio=0.4776
2026-07-30 02:12:50,830 - portable_sam_fusion - INFO - [DEBUG-GATE] epoch=13 step=3600 shape_dense_alpha_max=0.26 shape_dense_alpha_mean=0.26 shape_dense_alpha_min=0.26
2026-07-30 02:12:50,830 - portable_sam_fusion - INFO - [DEBUG-JITTER] epoch=13 step=3600 area_ratio_count=64 area_ratio_mean=1 area_ratio_sum=64 fallback_count=0 mean_iou=1 num_jittered=0 num_rois=64
2026-07-30 02:12:50,830 - portable_sam_fusion - INFO - [DEBUG-SP] epoch=13 step=3600 all_invalid_count=0 all_invalid_ratio=0 empty_count=0 empty_ratio=0 full_count=0 full_ratio=0 mean_point_distance=28.64 n1_gt_valid_count=64 n1_in_gt_bg=0.8281 n1_in_gt_bg_count=53 n1_valid_count=64 n1_valid_ratio=1 n2_gt_valid_count=64 n2_in_gt_bg=1 n2_in_gt_bg_count=64 n2_valid_count=64 n2_valid_ratio=1 neg_in_pred_bg=1 neg_in_pred_bg_count=128 negative_pair_count=64 negative_pair_distance_sum=2545 p1_gt_valid_count=64 p1_in_gt_fg=1 p1_in_gt_fg_count=64 p1_valid_count=64 p1_valid_ratio=1 p2_gt_valid_count=64 p2_in_gt_fg=1 p2_in_gt_fg_count=64 p2_valid_count=64 p2_valid_ratio=1 point_distance_sum=3665 point_overlap_count=0 point_overlap_ratio=0 point_pair_count=128 pos_in_pred_fg=1 pos_in_pred_fg_count=128 positive_pair_count=64 positive_pair_distance_sum=1121 roi_count=64 valid_neg_count=128 valid_pos_count=128 warmup_stage=2
2026-07-30 02:13:52,054 - portable_sam_fusion - INFO - [DEBUG-BOX] epoch=13 step=3650 fallback_count=0 fallback_ratio=0 num_rois=64 refined_proposal_iou=0 refined_proposal_iou_sum=0 refined_valid_count=0
2026-07-30 02:13:52,054 - portable_sam_fusion - INFO - [DEBUG-COARSE] epoch=13 step=3650 bce_raw=0.1853 boundary_fn=3188 boundary_fp=3638 boundary_tp=2.456e+04 dice=0.1079 dice_loss_raw=0.1079 iou=0.8111 loss_weight=0.1 raw_boundary_fn=3188 raw_boundary_fp=3638 raw_boundary_tp=2.456e+04 raw_dice_score=0.8921 raw_iou=0.8111 weighted_loss=0.02932
2026-07-30 02:13:52,054 - portable_sam_fusion - INFO - [DEBUG-CONTEXT] epoch=13 step=3650 enabled=0
2026-07-30 02:13:52,054 - portable_sam_fusion - INFO - [DEBUG-DENSE] epoch=13 step=3650 applied_delta_norm=1.339 applied_delta_ratio=0.1146 base_norm=11.68 canvas_max=8 canvas_mean=-0.005265 canvas_min=-8 canvas_nonzero_ratio=0.006784 canvas_std=0.4099 final_norm=11.73 residual_alpha=0.2603 shape_norm=12.84 source_delta_norm=5.143 source_delta_ratio=0.4404
2026-07-30 02:13:52,054 - portable_sam_fusion - INFO - [DEBUG-GATE] epoch=13 step=3650 shape_dense_alpha_max=0.2603 shape_dense_alpha_mean=0.2603 shape_dense_alpha_min=0.2603
2026-07-30 02:13:52,054 - portable_sam_fusion - INFO - [DEBUG-JITTER] epoch=13 step=3650 area_ratio_count=64 area_ratio_mean=1 area_ratio_sum=64 fallback_count=0 mean_iou=1 num_jittered=0 num_rois=64
2026-07-30 02:13:52,054 - portable_sam_fusion - INFO - [DEBUG-SP] epoch=13 step=3650 all_invalid_count=0 all_invalid_ratio=0 empty_count=0 empty_ratio=0 full_count=0 full_ratio=0 mean_point_distance=24.61 n1_gt_valid_count=64 n1_in_gt_bg=0.9375 n1_in_gt_bg_count=60 n1_valid_count=64 n1_valid_ratio=1 n2_gt_valid_count=64 n2_in_gt_bg=1 n2_in_gt_bg_count=64 n2_valid_count=64 n2_valid_ratio=1 neg_in_pred_bg=1 neg_in_pred_bg_count=128 negative_pair_count=64 negative_pair_distance_sum=2185 p1_gt_valid_count=64 p1_in_gt_fg=1 p1_in_gt_fg_count=64 p1_valid_count=64 p1_valid_ratio=1 p2_gt_valid_count=64 p2_in_gt_fg=1 p2_in_gt_fg_count=64 p2_valid_count=64 p2_valid_ratio=1 point_distance_sum=3151 point_overlap_count=0 point_overlap_ratio=0 point_pair_count=128 pos_in_pred_fg=1 pos_in_pred_fg_count=128 positive_pair_count=64 positive_pair_distance_sum=965.8 roi_count=64 valid_neg_count=128 valid_pos_count=128 warmup_stage=2
2026-07-30 02:14:36,406 - portable_sam_fusion - INFO - [DEBUG-BOX] epoch=13 step=3700 fallback_count=0 fallback_ratio=0 num_rois=0 refined_proposal_iou=0 refined_proposal_iou_sum=0 refined_valid_count=0
2026-07-30 02:14:36,406 - portable_sam_fusion - INFO - [DEBUG-COARSE] epoch=13 step=3700 boundary_fn=0 boundary_fp=0 boundary_tp=0 dice=0 iou=0
2026-07-30 02:14:36,406 - portable_sam_fusion - INFO - [DEBUG-CONTEXT] epoch=13 step=3700 enabled=0
2026-07-30 02:14:36,406 - portable_sam_fusion - INFO - [DEBUG-DENSE] epoch=13 step=3700 applied_delta_norm=1.598 applied_delta_ratio=0.1369 base_norm=11.68 canvas_max=8 canvas_mean=0.009458 canvas_min=-8 canvas_nonzero_ratio=0.007328 canvas_std=0.4996 final_norm=11.75 residual_alpha=0.261 shape_norm=13.14 source_delta_norm=6.124 source_delta_ratio=0.5244
2026-07-30 02:14:36,406 - portable_sam_fusion - INFO - [DEBUG-GATE] epoch=13 step=3700 shape_dense_alpha_max=0.261 shape_dense_alpha_mean=0.261 shape_dense_alpha_min=0.261
2026-07-30 02:14:36,406 - portable_sam_fusion - INFO - [DEBUG-JITTER] epoch=13 step=3700 area_ratio_count=0 area_ratio_mean=0 area_ratio_sum=0 fallback_count=0 mean_iou=0 num_jittered=0 num_rois=0
2026-07-30 02:14:36,406 - portable_sam_fusion - INFO - [DEBUG-SP] epoch=13 step=3700 all_invalid_count=0 all_invalid_ratio=0 empty_count=0 empty_ratio=0 full_count=0 full_ratio=0 mean_point_distance=34 n1_gt_valid_count=64 n1_in_gt_bg=0.7344 n1_in_gt_bg_count=47 n1_valid_count=64 n1_valid_ratio=1 n2_gt_valid_count=64 n2_in_gt_bg=1 n2_in_gt_bg_count=64 n2_valid_count=64 n2_valid_ratio=1 neg_in_pred_bg=1 neg_in_pred_bg_count=128 negative_pair_count=64 negative_pair_distance_sum=3453 p1_gt_valid_count=64 p1_in_gt_fg=1 p1_in_gt_fg_count=64 p1_valid_count=64 p1_valid_ratio=1 p2_gt_valid_count=64 p2_in_gt_fg=1 p2_in_gt_fg_count=64 p2_valid_count=64 p2_valid_ratio=1 point_distance_sum=4352 point_overlap_count=0 point_overlap_ratio=0 point_pair_count=128 pos_in_pred_fg=1 pos_in_pred_fg_count=128 positive_pair_count=64 positive_pair_distance_sum=898.2 roi_count=64 valid_neg_count=128 valid_pos_count=128 warmup_stage=2
2026-07-30 02:15:29,138 - portable_sam_fusion - INFO - [DEBUG-BOX] epoch=13 step=3750 fallback_count=0 fallback_ratio=0 num_rois=64 refined_proposal_iou=0 refined_proposal_iou_sum=0 refined_valid_count=0
2026-07-30 02:15:29,138 - portable_sam_fusion - INFO - [DEBUG-COARSE] epoch=13 step=3750 bce_raw=0.1599 boundary_fn=2818 boundary_fp=2671 boundary_tp=2.516e+04 dice=0.09306 dice_loss_raw=0.09306 iou=0.8326 loss_weight=0.1 raw_boundary_fn=2818 raw_boundary_fp=2671 raw_boundary_tp=2.516e+04 raw_dice_score=0.9069 raw_iou=0.8326 weighted_loss=0.0253
2026-07-30 02:15:29,138 - portable_sam_fusion - INFO - [DEBUG-CONTEXT] epoch=13 step=3750 enabled=0
2026-07-30 02:15:29,138 - portable_sam_fusion - INFO - [DEBUG-DENSE] epoch=13 step=3750 applied_delta_norm=1.663 applied_delta_ratio=0.1424 base_norm=11.68 canvas_max=8 canvas_mean=-0.0005729 canvas_min=-8 canvas_nonzero_ratio=0.008941 canvas_std=0.5107 final_norm=11.75 residual_alpha=0.2615 shape_norm=13.25 source_delta_norm=6.359 source_delta_ratio=0.5445
2026-07-30 02:15:29,139 - portable_sam_fusion - INFO - [DEBUG-GATE] epoch=13 step=3750 shape_dense_alpha_max=0.2615 shape_dense_alpha_mean=0.2615 shape_dense_alpha_min=0.2615
2026-07-30 02:15:29,139 - portable_sam_fusion - INFO - [DEBUG-JITTER] epoch=13 step=3750 area_ratio_count=64 area_ratio_mean=1 area_ratio_sum=64 fallback_count=0 mean_iou=1 num_jittered=0 num_rois=64
2026-07-30 02:15:29,139 - portable_sam_fusion - INFO - [DEBUG-SP] epoch=13 step=3750 all_invalid_count=0 all_invalid_ratio=0 empty_count=0 empty_ratio=0 full_count=0 full_ratio=0 mean_point_distance=37.59 n1_gt_valid_count=64 n1_in_gt_bg=0.8438 n1_in_gt_bg_count=54 n1_valid_count=64 n1_valid_ratio=1 n2_gt_valid_count=64 n2_in_gt_bg=1 n2_in_gt_bg_count=64 n2_valid_count=64 n2_valid_ratio=1 neg_in_pred_bg=1 neg_in_pred_bg_count=128 negative_pair_count=64 negative_pair_distance_sum=3727 p1_gt_valid_count=64 p1_in_gt_fg=0.9844 p1_in_gt_fg_count=63 p1_valid_count=64 p1_valid_ratio=1 p2_gt_valid_count=64 p2_in_gt_fg=1 p2_in_gt_fg_count=64 p2_valid_count=64 p2_valid_ratio=1 point_distance_sum=4812 point_overlap_count=0 point_overlap_ratio=0 point_pair_count=128 pos_in_pred_fg=1 pos_in_pred_fg_count=128 positive_pair_count=64 positive_pair_distance_sum=1085 roi_count=64 valid_neg_count=128 valid_pos_count=128 warmup_stage=2
2026-07-30 02:15:55,503 - portable_sam_fusion - INFO - epoch 13 | mini-batch 248/294 | optimizer_step 950/5920 | lr=4.742e-04
2026-07-30 02:16:19,351 - portable_sam_fusion - INFO - [DEBUG-BOX] epoch=13 step=3800 fallback_count=0 fallback_ratio=0 num_rois=53 refined_proposal_iou=0 refined_proposal_iou_sum=0 refined_valid_count=0
2026-07-30 02:16:19,352 - portable_sam_fusion - INFO - [DEBUG-COARSE] epoch=13 step=3800 bce_raw=0.161 boundary_fn=1976 boundary_fp=2960 boundary_tp=1.702e+04 dice=0.06148 dice_loss_raw=0.06148 iou=0.8859 loss_weight=0.1 raw_boundary_fn=1976 raw_boundary_fp=2960 raw_boundary_tp=1.702e+04 raw_dice_score=0.9385 raw_iou=0.8859 weighted_loss=0.02225
2026-07-30 02:16:19,352 - portable_sam_fusion - INFO - [DEBUG-CONTEXT] epoch=13 step=3800 enabled=0
2026-07-30 02:16:19,352 - portable_sam_fusion - INFO - [DEBUG-DENSE] epoch=13 step=3800 applied_delta_norm=1.985 applied_delta_ratio=0.1699 base_norm=11.68 canvas_max=8 canvas_mean=0.01877 canvas_min=-8 canvas_nonzero_ratio=0.01816 canvas_std=0.5975 final_norm=11.86 residual_alpha=0.2617 shape_norm=14.84 source_delta_norm=7.584 source_delta_ratio=0.6494
2026-07-30 02:16:19,352 - portable_sam_fusion - INFO - [DEBUG-GATE] epoch=13 step=3800 shape_dense_alpha_max=0.2617 shape_dense_alpha_mean=0.2617 shape_dense_alpha_min=0.2617
2026-07-30 02:16:19,352 - portable_sam_fusion - INFO - [DEBUG-JITTER] epoch=13 step=3800 area_ratio_count=53 area_ratio_mean=1 area_ratio_sum=53 fallback_count=0 mean_iou=1 num_jittered=0 num_rois=53
2026-07-30 02:16:19,352 - portable_sam_fusion - INFO - [DEBUG-SP] epoch=13 step=3800 all_invalid_count=0 all_invalid_ratio=0 empty_count=0 empty_ratio=0 full_count=0 full_ratio=0 mean_point_distance=30.9 n1_gt_valid_count=53 n1_in_gt_bg=0.9057 n1_in_gt_bg_count=48 n1_valid_count=53 n1_valid_ratio=1 n2_gt_valid_count=53 n2_in_gt_bg=0.9623 n2_in_gt_bg_count=51 n2_valid_count=53 n2_valid_ratio=1 neg_in_pred_bg=1 neg_in_pred_bg_count=106 negative_pair_count=53 negative_pair_distance_sum=2305 p1_gt_valid_count=53 p1_in_gt_fg=1 p1_in_gt_fg_count=53 p1_valid_count=53 p1_valid_ratio=1 p2_gt_valid_count=53 p2_in_gt_fg=1 p2_in_gt_fg_count=53 p2_valid_count=53 p2_valid_ratio=1 point_distance_sum=3276 point_overlap_count=0 point_overlap_ratio=0 point_pair_count=106 pos_in_pred_fg=1 pos_in_pred_fg_count=106 positive_pair_count=53 positive_pair_distance_sum=970.9 roi_count=53 valid_neg_count=106 valid_pos_count=106 warmup_stage=2
2026-07-30 02:16:40,968 - portable_sam_fusion - INFO - Epoch 13 detailed losses: loss_rpn_cls=0.0228, loss_rpn_bbox=0.0077, loss_cls=0.2300, acc=90.8545, loss_bbox=0.0982, loss_mask=0.0021, schedule/det_weight=1.0000, debug_mask_pos_rois=57.5952, debug_mask_logit_mean=-15.5891, debug_mask_logit_std=3.1593, debug_mask_prob_mean=0.0053, debug_mask_prob_ge05=0.0053, debug_mask_target_fill=0.0053, loss_shape_prior=0.0244
2026-07-30 02:16:40,968 - portable_sam_fusion - INFO - Epoch 13 dense residual monitor: alpha=0.259988 source_delta_norm=6.1229 applied_delta_norm=1.5919 source_delta_ratio=0.524296 applied_delta_ratio=0.136316
2026-07-30 02:16:40,968 - portable_sam_fusion - INFO - Epoch 13 primary loss shares: det=93.12% final_mask=0.56% shape=6.33% p2_boundary=0.00%
2026-07-30 02:16:40,968 - portable_sam_fusion - INFO - Epoch 13 schedule: det_loss_weight=1.000 early_stop_start=20 min_delta=0.0005
2026-07-30 02:16:40,968 - portable_sam_fusion - INFO - Epoch 13 learning rates: sat_backbone=4.73e-04, mask_decoder=4.73e-04, shape_prior=4.73e-04, quality_head=4.73e-04, sat_other=4.73e-04
2026-07-30 02:20:31,220 - portable_sam_fusion - INFO - Validation samples: GT=15926, DT=19919, avg_masks_per_image=31.77, avg_mask_fill=0.0074
creating index...
index created!
Loading and preparing results...
DONE (t=0.03s)
creating index...
index created!
Running per image evaluation...
Evaluate annotation type *bbox*
DONE (t=11.05s).
Accumulating evaluation results...
DONE (t=0.20s).
 Average Precision  (AP) @[ IoU=0.50:0.95 | area=   all | maxDets=100 ] = 0.653
 Average Precision  (AP) @[ IoU=0.50      | area=   all | maxDets=100 ] = 0.885
 Average Precision  (AP) @[ IoU=0.75      | area=   all | maxDets=100 ] = 0.789
 Average Precision  (AP) @[ IoU=0.50:0.95 | area= small | maxDets=100 ] = 0.275
 Average Precision  (AP) @[ IoU=0.50:0.95 | area=medium | maxDets=100 ] = 0.704
 Average Precision  (AP) @[ IoU=0.50:0.95 | area= large | maxDets=100 ] = 0.719
 Average Recall     (AR) @[ IoU=0.50:0.95 | area=   all | maxDets=  1 ] = 0.024
 Average Recall     (AR) @[ IoU=0.50:0.95 | area=   all | maxDets= 10 ] = 0.178
 Average Recall     (AR) @[ IoU=0.50:0.95 | area=   all | maxDets=100 ] = 0.709
 Average Recall     (AR) @[ IoU=0.50:0.95 | area= small | maxDets=100 ] = 0.391
 Average Recall     (AR) @[ IoU=0.50:0.95 | area=medium | maxDets=100 ] = 0.759
 Average Recall     (AR) @[ IoU=0.50:0.95 | area= large | maxDets=100 ] = 0.770
2026-07-30 02:20:42,686 - portable_sam_fusion - INFO - Validation bbox/mAP: 0.6528 bbox/mAP_75: 0.7885
Running per image evaluation...
Evaluate annotation type *segm*
DONE (t=11.68s).
Accumulating evaluation results...
DONE (t=0.19s).
 Average Precision  (AP) @[ IoU=0.50:0.95 | area=   all | maxDets=100 ] = 0.439
 Average Precision  (AP) @[ IoU=0.50      | area=   all | maxDets=100 ] = 0.825
 Average Precision  (AP) @[ IoU=0.75      | area=   all | maxDets=100 ] = 0.474
 Average Precision  (AP) @[ IoU=0.50:0.95 | area= small | maxDets=100 ] = 0.041
 Average Precision  (AP) @[ IoU=0.50:0.95 | area=medium | maxDets=100 ] = 0.452
 Average Precision  (AP) @[ IoU=0.50:0.95 | area= large | maxDets=100 ] = 0.647
 Average Recall     (AR) @[ IoU=0.50:0.95 | area=   all | maxDets=  1 ] = 0.021
 Average Recall     (AR) @[ IoU=0.50:0.95 | area=   all | maxDets= 10 ] = 0.144
 Average Recall     (AR) @[ IoU=0.50:0.95 | area=   all | maxDets=100 ] = 0.481
 Average Recall     (AR) @[ IoU=0.50:0.95 | area= small | maxDets=100 ] = 0.082
 Average Recall     (AR) @[ IoU=0.50:0.95 | area=medium | maxDets=100 ] = 0.493
 Average Recall     (AR) @[ IoU=0.50:0.95 | area= large | maxDets=100 ] = 0.695
2026-07-30 02:20:54,585 - portable_sam_fusion - INFO - Validation segm/mAP: 0.4389
2026-07-30 02:20:55,148 - portable_sam_fusion - INFO - Early-stop metric (segm/mAP): raw=0.4389 smooth(5)=0.4489; counter disabled before epoch 20
2026-07-30 02:21:00,838 - portable_sam_fusion - INFO - Epoch 13/80 | train=0.385206 val=disabled segm/mAP=0.4389 bbox/mAP=0.6528 | best_segm=0.4852 best_bbox=0.6735 best_comp=0.0000 | sat_backbone=4.73e-04 mask_decoder=4.73e-04 shape_prior=4.73e-04 quality_head=4.73e-04 sat_other=4.73e-04
2026-07-30 02:21:45,392 - portable_sam_fusion - INFO - [DEBUG-BOX] epoch=14 step=3850 fallback_count=0 fallback_ratio=0 num_rois=64 refined_proposal_iou=0 refined_proposal_iou_sum=0 refined_valid_count=0
2026-07-30 02:21:45,392 - portable_sam_fusion - INFO - [DEBUG-COARSE] epoch=14 step=3850 bce_raw=0.09563 boundary_fn=1319 boundary_fp=1621 boundary_tp=2.12e+04 dice=0.03955 dice_loss_raw=0.03955 iou=0.9246 loss_weight=0.1 raw_boundary_fn=1319 raw_boundary_fp=1621 raw_boundary_tp=2.12e+04 raw_dice_score=0.9604 raw_iou=0.9246 weighted_loss=0.01352
2026-07-30 02:21:45,392 - portable_sam_fusion - INFO - [DEBUG-CONTEXT] epoch=14 step=3850 enabled=0
2026-07-30 02:21:45,392 - portable_sam_fusion - INFO - [DEBUG-DENSE] epoch=14 step=3850 applied_delta_norm=1.334 applied_delta_ratio=0.1142 base_norm=11.68 canvas_max=8 canvas_mean=0.01274 canvas_min=-8 canvas_nonzero_ratio=0.005447 canvas_std=0.4233 final_norm=11.73 residual_alpha=0.2619 shape_norm=12.7 source_delta_norm=5.094 source_delta_ratio=0.4362
2026-07-30 02:21:45,393 - portable_sam_fusion - INFO - [DEBUG-GATE] epoch=14 step=3850 shape_dense_alpha_max=0.2619 shape_dense_alpha_mean=0.2619 shape_dense_alpha_min=0.2619
2026-07-30 02:21:45,393 - portable_sam_fusion - INFO - [DEBUG-JITTER] epoch=14 step=3850 area_ratio_count=64 area_ratio_mean=1 area_ratio_sum=64 fallback_count=0 mean_iou=1 num_jittered=0 num_rois=64
2026-07-30 02:21:45,393 - portable_sam_fusion - INFO - [DEBUG-SP] epoch=14 step=3850 all_invalid_count=0 all_invalid_ratio=0 empty_count=0 empty_ratio=0 full_count=0 full_ratio=0 mean_point_distance=21.45 n1_gt_valid_count=64 n1_in_gt_bg=0.875 n1_in_gt_bg_count=56 n1_valid_count=64 n1_valid_ratio=1 n2_gt_valid_count=64 n2_in_gt_bg=1 n2_in_gt_bg_count=64 n2_valid_count=64 n2_valid_ratio=1 neg_in_pred_bg=1 neg_in_pred_bg_count=128 negative_pair_count=64 negative_pair_distance_sum=1990 p1_gt_valid_count=64 p1_in_gt_fg=1 p1_in_gt_fg_count=64 p1_valid_count=64 p1_valid_ratio=1 p2_gt_valid_count=64 p2_in_gt_fg=1 p2_in_gt_fg_count=64 p2_valid_count=64 p2_valid_ratio=1 point_distance_sum=2746 point_overlap_count=0 point_overlap_ratio=0 point_pair_count=128 pos_in_pred_fg=1 pos_in_pred_fg_count=128 positive_pair_count=64 positive_pair_distance_sum=756 roi_count=64 valid_neg_count=128 valid_pos_count=128 warmup_stage=2
2026-07-30 02:22:56,443 - portable_sam_fusion - INFO - [DEBUG-BOX] epoch=14 step=3900 fallback_count=0 fallback_ratio=0 num_rois=64 refined_proposal_iou=0 refined_proposal_iou_sum=0 refined_valid_count=0
2026-07-30 02:22:56,443 - portable_sam_fusion - INFO - [DEBUG-COARSE] epoch=14 step=3900 bce_raw=0.1972 boundary_fn=3588 boundary_fp=3670 boundary_tp=2.227e+04 dice=0.08811 dice_loss_raw=0.08811 iou=0.8421 loss_weight=0.1 raw_boundary_fn=3588 raw_boundary_fp=3670 raw_boundary_tp=2.227e+04 raw_dice_score=0.9119 raw_iou=0.8421 weighted_loss=0.02854
2026-07-30 02:22:56,443 - portable_sam_fusion - INFO - [DEBUG-CONTEXT] epoch=14 step=3900 enabled=0
2026-07-30 02:22:56,443 - portable_sam_fusion - INFO - [DEBUG-DENSE] epoch=14 step=3900 applied_delta_norm=1.157 applied_delta_ratio=0.09906 base_norm=11.68 canvas_max=8 canvas_mean=0.003377 canvas_min=-8 canvas_nonzero_ratio=0.004899 canvas_std=0.3752 final_norm=11.72 residual_alpha=0.2621 shape_norm=12.57 source_delta_norm=4.414 source_delta_ratio=0.378
2026-07-30 02:22:56,443 - portable_sam_fusion - INFO - [DEBUG-GATE] epoch=14 step=3900 shape_dense_alpha_max=0.2621 shape_dense_alpha_mean=0.2621 shape_dense_alpha_min=0.2621
2026-07-30 02:22:56,443 - portable_sam_fusion - INFO - [DEBUG-JITTER] epoch=14 step=3900 area_ratio_count=64 area_ratio_mean=1 area_ratio_sum=64 fallback_count=0 mean_iou=1 num_jittered=0 num_rois=64
2026-07-30 02:22:56,443 - portable_sam_fusion - INFO - [DEBUG-SP] epoch=14 step=3900 all_invalid_count=0 all_invalid_ratio=0 empty_count=0 empty_ratio=0 full_count=0 full_ratio=0 mean_point_distance=23.24 n1_gt_valid_count=64 n1_in_gt_bg=0.8125 n1_in_gt_bg_count=52 n1_valid_count=64 n1_valid_ratio=1 n2_gt_valid_count=64 n2_in_gt_bg=1 n2_in_gt_bg_count=64 n2_valid_count=64 n2_valid_ratio=1 neg_in_pred_bg=1 neg_in_pred_bg_count=128 negative_pair_count=64 negative_pair_distance_sum=2063 p1_gt_valid_count=64 p1_in_gt_fg=1 p1_in_gt_fg_count=64 p1_valid_count=64 p1_valid_ratio=1 p2_gt_valid_count=64 p2_in_gt_fg=1 p2_in_gt_fg_count=64 p2_valid_count=64 p2_valid_ratio=1 point_distance_sum=2975 point_overlap_count=0 point_overlap_ratio=0 point_pair_count=128 pos_in_pred_fg=1 pos_in_pred_fg_count=128 positive_pair_count=64 positive_pair_distance_sum=912.1 roi_count=64 valid_neg_count=128 valid_pos_count=128 warmup_stage=2
2026-07-30 02:24:06,853 - portable_sam_fusion - INFO - [DEBUG-BOX] epoch=14 step=3950 fallback_count=0 fallback_ratio=0 num_rois=64 refined_proposal_iou=0 refined_proposal_iou_sum=0 refined_valid_count=0
2026-07-30 02:24:06,853 - portable_sam_fusion - INFO - [DEBUG-COARSE] epoch=14 step=3950 bce_raw=0.1346 boundary_fn=1331 boundary_fp=1994 boundary_tp=2.41e+04 dice=0.06976 dice_loss_raw=0.06976 iou=0.871 loss_weight=0.1 raw_boundary_fn=1331 raw_boundary_fp=1994 raw_boundary_tp=2.41e+04 raw_dice_score=0.9302 raw_iou=0.871 weighted_loss=0.02044
2026-07-30 02:24:06,853 - portable_sam_fusion - INFO - [DEBUG-CONTEXT] epoch=14 step=3950 enabled=0
2026-07-30 02:24:06,853 - portable_sam_fusion - INFO - [DEBUG-DENSE] epoch=14 step=3950 applied_delta_norm=1.736 applied_delta_ratio=0.1486 base_norm=11.68 canvas_max=8 canvas_mean=-0.006275 canvas_min=-8 canvas_nonzero_ratio=0.0116 canvas_std=0.5762 final_norm=11.79 residual_alpha=0.2622 shape_norm=13.8 source_delta_norm=6.62 source_delta_ratio=0.5668
2026-07-30 02:24:06,853 - portable_sam_fusion - INFO - [DEBUG-GATE] epoch=14 step=3950 shape_dense_alpha_max=0.2622 shape_dense_alpha_mean=0.2622 shape_dense_alpha_min=0.2622
2026-07-30 02:24:06,853 - portable_sam_fusion - INFO - [DEBUG-JITTER] epoch=14 step=3950 area_ratio_count=64 area_ratio_mean=1 area_ratio_sum=64 fallback_count=0 mean_iou=1 num_jittered=0 num_rois=64
2026-07-30 02:24:06,853 - portable_sam_fusion - INFO - [DEBUG-SP] epoch=14 step=3950 all_invalid_count=0 all_invalid_ratio=0 empty_count=0 empty_ratio=0 full_count=0 full_ratio=0 mean_point_distance=36.62 n1_gt_valid_count=64 n1_in_gt_bg=0.8906 n1_in_gt_bg_count=57 n1_valid_count=64 n1_valid_ratio=1 n2_gt_valid_count=64 n2_in_gt_bg=0.9844 n2_in_gt_bg_count=63 n2_valid_count=64 n2_valid_ratio=1 neg_in_pred_bg=1 neg_in_pred_bg_count=128 negative_pair_count=64 negative_pair_distance_sum=3484 p1_gt_valid_count=64 p1_in_gt_fg=1 p1_in_gt_fg_count=64 p1_valid_count=64 p1_valid_ratio=1 p2_gt_valid_count=64 p2_in_gt_fg=1 p2_in_gt_fg_count=64 p2_valid_count=64 p2_valid_ratio=1 point_distance_sum=4688 point_overlap_count=0 point_overlap_ratio=0 point_pair_count=128 pos_in_pred_fg=1 pos_in_pred_fg_count=128 positive_pair_count=64 positive_pair_distance_sum=1204 roi_count=64 valid_neg_count=128 valid_pos_count=128 warmup_stage=2
2026-07-30 02:24:37,808 - portable_sam_fusion - INFO - epoch 14 | mini-batch 152/294 | optimizer_step 1000/5920 | lr=4.711e-04
2026-07-30 02:25:08,831 - portable_sam_fusion - INFO - [DEBUG-BOX] epoch=14 step=4000 fallback_count=0 fallback_ratio=0 num_rois=64 refined_proposal_iou=0 refined_proposal_iou_sum=0 refined_valid_count=0
2026-07-30 02:25:08,831 - portable_sam_fusion - INFO - [DEBUG-COARSE] epoch=14 step=4000 bce_raw=0.1457 boundary_fn=2391 boundary_fp=1933 boundary_tp=2.569e+04 dice=0.08066 dice_loss_raw=0.08066 iou=0.8529 loss_weight=0.1 raw_boundary_fn=2391 raw_boundary_fp=1933 raw_boundary_tp=2.569e+04 raw_dice_score=0.9193 raw_iou=0.8529 weighted_loss=0.02264
2026-07-30 02:25:08,831 - portable_sam_fusion - INFO - [DEBUG-CONTEXT] epoch=14 step=4000 enabled=0
2026-07-30 02:25:08,831 - portable_sam_fusion - INFO - [DEBUG-DENSE] epoch=14 step=4000 applied_delta_norm=1.588 applied_delta_ratio=0.136 base_norm=11.68 canvas_max=8 canvas_mean=0.003429 canvas_min=-8 canvas_nonzero_ratio=0.007564 canvas_std=0.4994 final_norm=11.74 residual_alpha=0.2624 shape_norm=13.1 source_delta_norm=6.052 source_delta_ratio=0.5182
2026-07-30 02:25:08,831 - portable_sam_fusion - INFO - [DEBUG-GATE] epoch=14 step=4000 shape_dense_alpha_max=0.2624 shape_dense_alpha_mean=0.2624 shape_dense_alpha_min=0.2624
2026-07-30 02:25:08,831 - portable_sam_fusion - INFO - [DEBUG-JITTER] epoch=14 step=4000 area_ratio_count=64 area_ratio_mean=1 area_ratio_sum=64 fallback_count=0 mean_iou=1 num_jittered=0 num_rois=64
2026-07-30 02:25:08,831 - portable_sam_fusion - INFO - [DEBUG-SP] epoch=14 step=4000 all_invalid_count=0 all_invalid_ratio=0 empty_count=0 empty_ratio=0 full_count=0 full_ratio=0 mean_point_distance=29.99 n1_gt_valid_count=64 n1_in_gt_bg=0.875 n1_in_gt_bg_count=56 n1_valid_count=64 n1_valid_ratio=1 n2_gt_valid_count=64 n2_in_gt_bg=1 n2_in_gt_bg_count=64 n2_valid_count=64 n2_valid_ratio=1 neg_in_pred_bg=1 neg_in_pred_bg_count=128 negative_pair_count=64 negative_pair_distance_sum=2927 p1_gt_valid_count=64 p1_in_gt_fg=1 p1_in_gt_fg_count=64 p1_valid_count=64 p1_valid_ratio=1 p2_gt_valid_count=64 p2_in_gt_fg=1 p2_in_gt_fg_count=64 p2_valid_count=64 p2_valid_ratio=1 point_distance_sum=3838 point_overlap_count=0 point_overlap_ratio=0 point_pair_count=128 pos_in_pred_fg=1 pos_in_pred_fg_count=128 positive_pair_count=64 positive_pair_distance_sum=911.6 roi_count=64 valid_neg_count=128 valid_pos_count=128 warmup_stage=2
2026-07-30 02:26:08,111 - portable_sam_fusion - INFO - [DEBUG-BOX] epoch=14 step=4050 fallback_count=0 fallback_ratio=0 num_rois=64 refined_proposal_iou=0 refined_proposal_iou_sum=0 refined_valid_count=0
2026-07-30 02:26:08,111 - portable_sam_fusion - INFO - [DEBUG-COARSE] epoch=14 step=4050 bce_raw=0.1586 boundary_fn=3121 boundary_fp=2773 boundary_tp=2.399e+04 dice=0.09367 dice_loss_raw=0.09367 iou=0.8334 loss_weight=0.1 raw_boundary_fn=3121 raw_boundary_fp=2773 raw_boundary_tp=2.399e+04 raw_dice_score=0.9063 raw_iou=0.8334 weighted_loss=0.02522
2026-07-30 02:26:08,111 - portable_sam_fusion - INFO - [DEBUG-CONTEXT] epoch=14 step=4050 enabled=0
2026-07-30 02:26:08,111 - portable_sam_fusion - INFO - [DEBUG-DENSE] epoch=14 step=4050 applied_delta_norm=1.931 applied_delta_ratio=0.1654 base_norm=11.68 canvas_max=8 canvas_mean=-0.009615 canvas_min=-8 canvas_nonzero_ratio=0.01371 canvas_std=0.6477 final_norm=11.81 residual_alpha=0.2625 shape_norm=14.03 source_delta_norm=7.358 source_delta_ratio=0.63
2026-07-30 02:26:08,111 - portable_sam_fusion - INFO - [DEBUG-GATE] epoch=14 step=4050 shape_dense_alpha_max=0.2625 shape_dense_alpha_mean=0.2625 shape_dense_alpha_min=0.2625
2026-07-30 02:26:08,111 - portable_sam_fusion - INFO - [DEBUG-JITTER] epoch=14 step=4050 area_ratio_count=64 area_ratio_mean=1 area_ratio_sum=64 fallback_count=0 mean_iou=1 num_jittered=0 num_rois=64
2026-07-30 02:26:08,112 - portable_sam_fusion - INFO - [DEBUG-SP] epoch=14 step=4050 all_invalid_count=0 all_invalid_ratio=0 empty_count=0 empty_ratio=0 full_count=0 full_ratio=0 mean_point_distance=39.19 n1_gt_valid_count=64 n1_in_gt_bg=0.9219 n1_in_gt_bg_count=59 n1_valid_count=64 n1_valid_ratio=1 n2_gt_valid_count=64 n2_in_gt_bg=1 n2_in_gt_bg_count=64 n2_valid_count=64 n2_valid_ratio=1 neg_in_pred_bg=1 neg_in_pred_bg_count=128 negative_pair_count=64 negative_pair_distance_sum=3634 p1_gt_valid_count=64 p1_in_gt_fg=1 p1_in_gt_fg_count=64 p1_valid_count=64 p1_valid_ratio=1 p2_gt_valid_count=64 p2_in_gt_fg=1 p2_in_gt_fg_count=64 p2_valid_count=64 p2_valid_ratio=1 point_distance_sum=5016 point_overlap_count=0 point_overlap_ratio=0 point_pair_count=128 pos_in_pred_fg=1 pos_in_pred_fg_count=128 positive_pair_count=64 positive_pair_distance_sum=1382 roi_count=64 valid_neg_count=128 valid_pos_count=128 warmup_stage=2
2026-07-30 02:27:00,048 - portable_sam_fusion - INFO - [DEBUG-BOX] epoch=14 step=4100 fallback_count=0 fallback_ratio=0 num_rois=0 refined_proposal_iou=0 refined_proposal_iou_sum=0 refined_valid_count=0
2026-07-30 02:27:00,049 - portable_sam_fusion - INFO - [DEBUG-COARSE] epoch=14 step=4100 boundary_fn=0 boundary_fp=0 boundary_tp=0 dice=0 iou=0
2026-07-30 02:27:00,049 - portable_sam_fusion - INFO - [DEBUG-CONTEXT] epoch=14 step=4100 enabled=0
2026-07-30 02:27:00,049 - portable_sam_fusion - INFO - [DEBUG-DENSE] epoch=14 step=4100 applied_delta_norm=1.399 applied_delta_ratio=0.1198 base_norm=11.68 canvas_max=8 canvas_mean=-0.004576 canvas_min=-8 canvas_nonzero_ratio=0.006385 canvas_std=0.4519 final_norm=11.73 residual_alpha=0.2626 shape_norm=12.83 source_delta_norm=5.327 source_delta_ratio=0.4561
2026-07-30 02:27:00,049 - portable_sam_fusion - INFO - [DEBUG-GATE] epoch=14 step=4100 shape_dense_alpha_max=0.2626 shape_dense_alpha_mean=0.2626 shape_dense_alpha_min=0.2626
2026-07-30 02:27:00,049 - portable_sam_fusion - INFO - [DEBUG-JITTER] epoch=14 step=4100 area_ratio_count=0 area_ratio_mean=0 area_ratio_sum=0 fallback_count=0 mean_iou=0 num_jittered=0 num_rois=0
2026-07-30 02:27:00,049 - portable_sam_fusion - INFO - [DEBUG-SP] epoch=14 step=4100 all_invalid_count=0 all_invalid_ratio=0 empty_count=0 empty_ratio=0 full_count=0 full_ratio=0 mean_point_distance=27.98 n1_gt_valid_count=64 n1_in_gt_bg=0.9219 n1_in_gt_bg_count=59 n1_valid_count=64 n1_valid_ratio=1 n2_gt_valid_count=64 n2_in_gt_bg=1 n2_in_gt_bg_count=64 n2_valid_count=64 n2_valid_ratio=1 neg_in_pred_bg=1 neg_in_pred_bg_count=128 negative_pair_count=64 negative_pair_distance_sum=2608 p1_gt_valid_count=64 p1_in_gt_fg=1 p1_in_gt_fg_count=64 p1_valid_count=64 p1_valid_ratio=1 p2_gt_valid_count=64 p2_in_gt_fg=1 p2_in_gt_fg_count=64 p2_valid_count=64 p2_valid_ratio=1 point_distance_sum=3582 point_overlap_count=0 point_overlap_ratio=0 point_pair_count=128 pos_in_pred_fg=1 pos_in_pred_fg_count=128 positive_pair_count=64 positive_pair_distance_sum=974.3 roi_count=64 valid_neg_count=128 valid_pos_count=128 warmup_stage=2
2026-07-30 02:27:13,339 - portable_sam_fusion - INFO - Epoch 14 detailed losses: loss_rpn_cls=0.0190, loss_rpn_bbox=0.0065, loss_cls=0.2079, acc=91.7219, loss_bbox=0.0888, loss_mask=0.0016, debug_mask_pos_rois=55.7449, debug_mask_logit_mean=-15.5159, debug_mask_logit_std=3.0633, debug_mask_prob_mean=0.0046, debug_mask_prob_ge05=0.0045, debug_mask_target_fill=0.0045, loss_shape_prior=0.0229, schedule/det_weight=1.0000
2026-07-30 02:27:13,340 - portable_sam_fusion - INFO - Epoch 14 dense residual monitor: alpha=0.261274 source_delta_norm=6.1389 applied_delta_norm=1.6039 source_delta_ratio=0.525661 applied_delta_ratio=0.137336
2026-07-30 02:27:13,340 - portable_sam_fusion - INFO - Epoch 14 primary loss shares: det=92.93% final_mask=0.47% shape=6.60% p2_boundary=0.00%
2026-07-30 02:27:13,340 - portable_sam_fusion - INFO - Epoch 14 schedule: det_loss_weight=1.000 early_stop_start=20 min_delta=0.0005
2026-07-30 02:27:13,340 - portable_sam_fusion - INFO - Epoch 14 learning rates: sat_backbone=4.69e-04, mask_decoder=4.69e-04, shape_prior=4.69e-04, quality_head=4.69e-04, sat_other=4.69e-04
2026-07-30 02:30:27,426 - portable_sam_fusion - INFO - Validation samples: GT=15926, DT=16352, avg_masks_per_image=26.08, avg_mask_fill=0.0053
creating index...
index created!
Loading and preparing results...
DONE (t=0.03s)
creating index...
index created!
Running per image evaluation...
Evaluate annotation type *bbox*
DONE (t=10.49s).
Accumulating evaluation results...
DONE (t=0.17s).
 Average Precision  (AP) @[ IoU=0.50:0.95 | area=   all | maxDets=100 ] = 0.680
 Average Precision  (AP) @[ IoU=0.50      | area=   all | maxDets=100 ] = 0.879
 Average Precision  (AP) @[ IoU=0.75      | area=   all | maxDets=100 ] = 0.806
 Average Precision  (AP) @[ IoU=0.50:0.95 | area= small | maxDets=100 ] = 0.272
 Average Precision  (AP) @[ IoU=0.50:0.95 | area=medium | maxDets=100 ] = 0.733
 Average Precision  (AP) @[ IoU=0.50:0.95 | area= large | maxDets=100 ] = 0.762
 Average Recall     (AR) @[ IoU=0.50:0.95 | area=   all | maxDets=  1 ] = 0.026
 Average Recall     (AR) @[ IoU=0.50:0.95 | area=   all | maxDets= 10 ] = 0.189
 Average Recall     (AR) @[ IoU=0.50:0.95 | area=   all | maxDets=100 ] = 0.725
 Average Recall     (AR) @[ IoU=0.50:0.95 | area= small | maxDets=100 ] = 0.356
 Average Recall     (AR) @[ IoU=0.50:0.95 | area=medium | maxDets=100 ] = 0.782
 Average Recall     (AR) @[ IoU=0.50:0.95 | area= large | maxDets=100 ] = 0.801
2026-07-30 02:30:38,826 - portable_sam_fusion - INFO - Validation bbox/mAP: 0.6797 bbox/mAP_75: 0.8056
Running per image evaluation...
Evaluate annotation type *segm*
DONE (t=10.81s).
Accumulating evaluation results...
DONE (t=0.17s).
 Average Precision  (AP) @[ IoU=0.50:0.95 | area=   all | maxDets=100 ] = 0.453
 Average Precision  (AP) @[ IoU=0.50      | area=   all | maxDets=100 ] = 0.849
 Average Precision  (AP) @[ IoU=0.75      | area=   all | maxDets=100 ] = 0.486
 Average Precision  (AP) @[ IoU=0.50:0.95 | area= small | maxDets=100 ] = 0.066
 Average Precision  (AP) @[ IoU=0.50:0.95 | area=medium | maxDets=100 ] = 0.470
 Average Precision  (AP) @[ IoU=0.50:0.95 | area= large | maxDets=100 ] = 0.642
 Average Recall     (AR) @[ IoU=0.50:0.95 | area=   all | maxDets=  1 ] = 0.020
 Average Recall     (AR) @[ IoU=0.50:0.95 | area=   all | maxDets= 10 ] = 0.144
 Average Recall     (AR) @[ IoU=0.50:0.95 | area=   all | maxDets=100 ] = 0.496
 Average Recall     (AR) @[ IoU=0.50:0.95 | area= small | maxDets=100 ] = 0.107
 Average Recall     (AR) @[ IoU=0.50:0.95 | area=medium | maxDets=100 ] = 0.514
 Average Recall     (AR) @[ IoU=0.50:0.95 | area= large | maxDets=100 ] = 0.690
2026-07-30 02:30:49,830 - portable_sam_fusion - INFO - Validation segm/mAP: 0.4527
2026-07-30 02:30:50,360 - portable_sam_fusion - INFO - New best bbox/mAP: 0.6797
2026-07-30 02:30:50,361 - portable_sam_fusion - INFO - Early-stop metric (segm/mAP): raw=0.4527 smooth(5)=0.4474; counter disabled before epoch 20
2026-07-30 02:30:52,877 - portable_sam_fusion - INFO - Saved best_bbox_model with bbox/mAP: 0.6797
2026-07-30 02:30:58,183 - portable_sam_fusion - INFO - Epoch 14/80 | train=0.346648 val=disabled segm/mAP=0.4527 bbox/mAP=0.6797 | best_segm=0.4852 best_bbox=0.6797 best_comp=0.0000 | sat_backbone=4.69e-04 mask_decoder=4.69e-04 shape_prior=4.69e-04 quality_head=4.69e-04 sat_other=4.69e-04
2026-07-30 02:31:43,450 - portable_sam_fusion - INFO - [DEBUG-BOX] epoch=15 step=4150 fallback_count=0 fallback_ratio=0 num_rois=64 refined_proposal_iou=0 refined_proposal_iou_sum=0 refined_valid_count=0
2026-07-30 02:31:43,451 - portable_sam_fusion - INFO - [DEBUG-COARSE] epoch=15 step=4150 bce_raw=0.2372 boundary_fn=5309 boundary_fp=4553 boundary_tp=1.96e+04 dice=0.08214 dice_loss_raw=0.08214 iou=0.8506 loss_weight=0.1 raw_boundary_fn=5309 raw_boundary_fp=4553 raw_boundary_tp=1.96e+04 raw_dice_score=0.9179 raw_iou=0.8506 weighted_loss=0.03193
2026-07-30 02:31:43,451 - portable_sam_fusion - INFO - [DEBUG-CONTEXT] epoch=15 step=4150 enabled=0
2026-07-30 02:31:43,451 - portable_sam_fusion - INFO - [DEBUG-DENSE] epoch=15 step=4150 applied_delta_norm=1.35 applied_delta_ratio=0.1156 base_norm=11.68 canvas_max=8 canvas_mean=0.006684 canvas_min=-8 canvas_nonzero_ratio=0.005799 canvas_std=0.462 final_norm=11.73 residual_alpha=0.2628 shape_norm=12.85 source_delta_norm=5.138 source_delta_ratio=0.44
2026-07-30 02:31:43,451 - portable_sam_fusion - INFO - [DEBUG-GATE] epoch=15 step=4150 shape_dense_alpha_max=0.2628 shape_dense_alpha_mean=0.2628 shape_dense_alpha_min=0.2628
2026-07-30 02:31:43,451 - portable_sam_fusion - INFO - [DEBUG-JITTER] epoch=15 step=4150 area_ratio_count=64 area_ratio_mean=1 area_ratio_sum=64 fallback_count=0 mean_iou=1 num_jittered=0 num_rois=64
2026-07-30 02:31:43,451 - portable_sam_fusion - INFO - [DEBUG-SP] epoch=15 step=4150 all_invalid_count=0 all_invalid_ratio=0 empty_count=0 empty_ratio=0 full_count=0 full_ratio=0 mean_point_distance=24.69 n1_gt_valid_count=64 n1_in_gt_bg=0.7812 n1_in_gt_bg_count=50 n1_valid_count=64 n1_valid_ratio=1 n2_gt_valid_count=63 n2_in_gt_bg=0.9841 n2_in_gt_bg_count=62 n2_valid_count=63 n2_valid_ratio=0.9844 neg_in_pred_bg=1 neg_in_pred_bg_count=127 negative_pair_count=63 negative_pair_distance_sum=2333 p1_gt_valid_count=64 p1_in_gt_fg=1 p1_in_gt_fg_count=64 p1_valid_count=64 p1_valid_ratio=1 p2_gt_valid_count=64 p2_in_gt_fg=1 p2_in_gt_fg_count=64 p2_valid_count=64 p2_valid_ratio=1 point_distance_sum=3136 point_overlap_count=0 point_overlap_ratio=0 point_pair_count=127 pos_in_pred_fg=1 pos_in_pred_fg_count=128 positive_pair_count=64 positive_pair_distance_sum=803 roi_count=64 valid_neg_count=127 valid_pos_count=128 warmup_stage=2
2026-07-30 02:32:12,488 - portable_sam_fusion - INFO - epoch 15 | mini-batch 56/294 | optimizer_step 1050/5920 | lr=4.679e-04
2026-07-30 02:32:52,559 - portable_sam_fusion - INFO - [DEBUG-BOX] epoch=15 step=4200 fallback_count=0 fallback_ratio=0 num_rois=64 refined_proposal_iou=0 refined_proposal_iou_sum=0 refined_valid_count=0
2026-07-30 02:32:52,560 - portable_sam_fusion - INFO - [DEBUG-COARSE] epoch=15 step=4200 bce_raw=0.1641 boundary_fn=2427 boundary_fp=3105 boundary_tp=2.36e+04 dice=0.06524 dice_loss_raw=0.06524 iou=0.8788 loss_weight=0.1 raw_boundary_fn=2427 raw_boundary_fp=3105 raw_boundary_tp=2.36e+04 raw_dice_score=0.9348 raw_iou=0.8788 weighted_loss=0.02293
2026-07-30 02:32:52,560 - portable_sam_fusion - INFO - [DEBUG-CONTEXT] epoch=15 step=4200 enabled=0
2026-07-30 02:32:52,560 - portable_sam_fusion - INFO - [DEBUG-DENSE] epoch=15 step=4200 applied_delta_norm=1.375 applied_delta_ratio=0.1178 base_norm=11.68 canvas_max=8 canvas_mean=0.0185 canvas_min=-8 canvas_nonzero_ratio=0.00597 canvas_std=0.4294 final_norm=11.73 residual_alpha=0.2629 shape_norm=12.88 source_delta_norm=5.231 source_delta_ratio=0.4479
2026-07-30 02:32:52,560 - portable_sam_fusion - INFO - [DEBUG-GATE] epoch=15 step=4200 shape_dense_alpha_max=0.2629 shape_dense_alpha_mean=0.2629 shape_dense_alpha_min=0.2629
2026-07-30 02:32:52,560 - portable_sam_fusion - INFO - [DEBUG-JITTER] epoch=15 step=4200 area_ratio_count=64 area_ratio_mean=1 area_ratio_sum=64 fallback_count=0 mean_iou=1 num_jittered=0 num_rois=64
2026-07-30 02:32:52,560 - portable_sam_fusion - INFO - [DEBUG-SP] epoch=15 step=4200 all_invalid_count=0 all_invalid_ratio=0 empty_count=0 empty_ratio=0 full_count=0 full_ratio=0 mean_point_distance=30.55 n1_gt_valid_count=64 n1_in_gt_bg=0.7656 n1_in_gt_bg_count=49 n1_valid_count=64 n1_valid_ratio=1 n2_gt_valid_count=64 n2_in_gt_bg=0.9688 n2_in_gt_bg_count=62 n2_valid_count=64 n2_valid_ratio=1 neg_in_pred_bg=1 neg_in_pred_bg_count=128 negative_pair_count=64 negative_pair_distance_sum=2667 p1_gt_valid_count=64 p1_in_gt_fg=1 p1_in_gt_fg_count=64 p1_valid_count=64 p1_valid_ratio=1 p2_gt_valid_count=64 p2_in_gt_fg=1 p2_in_gt_fg_count=64 p2_valid_count=64 p2_valid_ratio=1 point_distance_sum=3910 point_overlap_count=0 point_overlap_ratio=0 point_pair_count=128 pos_in_pred_fg=1 pos_in_pred_fg_count=128 positive_pair_count=64 positive_pair_distance_sum=1243 roi_count=64 valid_neg_count=128 valid_pos_count=128 warmup_stage=2
2026-07-30 02:34:05,899 - portable_sam_fusion - INFO - [DEBUG-BOX] epoch=15 step=4250 fallback_count=0 fallback_ratio=0 num_rois=64 refined_proposal_iou=0 refined_proposal_iou_sum=0 refined_valid_count=0
2026-07-30 02:34:05,899 - portable_sam_fusion - INFO - [DEBUG-COARSE] epoch=15 step=4250 bce_raw=0.1666 boundary_fn=2078 boundary_fp=2401 boundary_tp=2.631e+04 dice=0.09748 dice_loss_raw=0.09748 iou=0.8289 loss_weight=0.1 raw_boundary_fn=2078 raw_boundary_fp=2401 raw_boundary_tp=2.631e+04 raw_dice_score=0.9025 raw_iou=0.8289 weighted_loss=0.02641
2026-07-30 02:34:05,899 - portable_sam_fusion - INFO - [DEBUG-CONTEXT] epoch=15 step=4250 enabled=0
2026-07-30 02:34:05,899 - portable_sam_fusion - INFO - [DEBUG-DENSE] epoch=15 step=4250 applied_delta_norm=1.6 applied_delta_ratio=0.137 base_norm=11.68 canvas_max=8 canvas_mean=-0.007164 canvas_min=-8 canvas_nonzero_ratio=0.008452 canvas_std=0.4612 final_norm=11.75 residual_alpha=0.263 shape_norm=13.17 source_delta_norm=6.084 source_delta_ratio=0.521
2026-07-30 02:34:05,899 - portable_sam_fusion - INFO - [DEBUG-GATE] epoch=15 step=4250 shape_dense_alpha_max=0.263 shape_dense_alpha_mean=0.263 shape_dense_alpha_min=0.263
2026-07-30 02:34:05,899 - portable_sam_fusion - INFO - [DEBUG-JITTER] epoch=15 step=4250 area_ratio_count=64 area_ratio_mean=1 area_ratio_sum=64 fallback_count=0 mean_iou=1 num_jittered=0 num_rois=64
2026-07-30 02:34:05,899 - portable_sam_fusion - INFO - [DEBUG-SP] epoch=15 step=4250 all_invalid_count=0 all_invalid_ratio=0 empty_count=0 empty_ratio=0 full_count=0 full_ratio=0 mean_point_distance=34.41 n1_gt_valid_count=64 n1_in_gt_bg=0.8594 n1_in_gt_bg_count=55 n1_valid_count=64 n1_valid_ratio=1 n2_gt_valid_count=64 n2_in_gt_bg=0.9844 n2_in_gt_bg_count=63 n2_valid_count=64 n2_valid_ratio=1 neg_in_pred_bg=1 neg_in_pred_bg_count=128 negative_pair_count=64 negative_pair_distance_sum=3288 p1_gt_valid_count=64 p1_in_gt_fg=0.9844 p1_in_gt_fg_count=63 p1_valid_count=64 p1_valid_ratio=1 p2_gt_valid_count=64 p2_in_gt_fg=0.9844 p2_in_gt_fg_count=63 p2_valid_count=64 p2_valid_ratio=1 point_distance_sum=4404 point_overlap_count=0 point_overlap_ratio=0 point_pair_count=128 pos_in_pred_fg=1 pos_in_pred_fg_count=128 positive_pair_count=64 positive_pair_distance_sum=1116 roi_count=64 valid_neg_count=128 valid_pos_count=128 warmup_stage=2
2026-07-30 02:35:15,167 - portable_sam_fusion - INFO - [DEBUG-BOX] epoch=15 step=4300 fallback_count=0 fallback_ratio=0 num_rois=0 refined_proposal_iou=0 refined_proposal_iou_sum=0 refined_valid_count=0
2026-07-30 02:35:15,167 - portable_sam_fusion - INFO - [DEBUG-COARSE] epoch=15 step=4300 boundary_fn=0 boundary_fp=0 boundary_tp=0 dice=0 iou=0
2026-07-30 02:35:15,167 - portable_sam_fusion - INFO - [DEBUG-CONTEXT] epoch=15 step=4300 enabled=0
2026-07-30 02:35:15,167 - portable_sam_fusion - INFO - [DEBUG-DENSE] epoch=15 step=4300 applied_delta_norm=3.972 applied_delta_ratio=0.3401 base_norm=11.68 canvas_max=8 canvas_mean=-0.02062 canvas_min=-8 canvas_nonzero_ratio=0.05437 canvas_std=1.078 final_norm=12.23 residual_alpha=0.2632 shape_norm=19.51 source_delta_norm=15.09 source_delta_ratio=1.292
2026-07-30 02:35:15,167 - portable_sam_fusion - INFO - [DEBUG-GATE] epoch=15 step=4300 shape_dense_alpha_max=0.2632 shape_dense_alpha_mean=0.2632 shape_dense_alpha_min=0.2632
2026-07-30 02:35:15,167 - portable_sam_fusion - INFO - [DEBUG-JITTER] epoch=15 step=4300 area_ratio_count=0 area_ratio_mean=0 area_ratio_sum=0 fallback_count=0 mean_iou=0 num_jittered=0 num_rois=0
2026-07-30 02:35:15,167 - portable_sam_fusion - INFO - [DEBUG-SP] epoch=15 step=4300 all_invalid_count=0 all_invalid_ratio=0 empty_count=0 empty_ratio=0 full_count=0 full_ratio=0 mean_point_distance=75.19 n1_gt_valid_count=64 n1_in_gt_bg=0.75 n1_in_gt_bg_count=48 n1_valid_count=64 n1_valid_ratio=1 n2_gt_valid_count=64 n2_in_gt_bg=1 n2_in_gt_bg_count=64 n2_valid_count=64 n2_valid_ratio=1 neg_in_pred_bg=1 neg_in_pred_bg_count=128 negative_pair_count=64 negative_pair_distance_sum=6844 p1_gt_valid_count=64 p1_in_gt_fg=0.9219 p1_in_gt_fg_count=59 p1_valid_count=64 p1_valid_ratio=1 p2_gt_valid_count=64 p2_in_gt_fg=0.9219 p2_in_gt_fg_count=59 p2_valid_count=64 p2_valid_ratio=1 point_distance_sum=9624 point_overlap_count=0 point_overlap_ratio=0 point_pair_count=128 pos_in_pred_fg=1 pos_in_pred_fg_count=128 positive_pair_count=64 positive_pair_distance_sum=2780 roi_count=64 valid_neg_count=128 valid_pos_count=128 warmup_stage=2
2026-07-30 02:36:24,417 - portable_sam_fusion - INFO - [DEBUG-BOX] epoch=15 step=4350 fallback_count=0 fallback_ratio=0 num_rois=64 refined_proposal_iou=0 refined_proposal_iou_sum=0 refined_valid_count=0
2026-07-30 02:36:24,418 - portable_sam_fusion - INFO - [DEBUG-COARSE] epoch=15 step=4350 bce_raw=0.1219 boundary_fn=1801 boundary_fp=1796 boundary_tp=2.22e+04 dice=0.0676 dice_loss_raw=0.0676 iou=0.8775 loss_weight=0.1 raw_boundary_fn=1801 raw_boundary_fp=1796 raw_boundary_tp=2.22e+04 raw_dice_score=0.9324 raw_iou=0.8775 weighted_loss=0.01895
2026-07-30 02:36:24,418 - portable_sam_fusion - INFO - [DEBUG-CONTEXT] epoch=15 step=4350 enabled=0
2026-07-30 02:36:24,418 - portable_sam_fusion - INFO - [DEBUG-DENSE] epoch=15 step=4350 applied_delta_norm=1.441 applied_delta_ratio=0.1234 base_norm=11.68 canvas_max=8 canvas_mean=0.001678 canvas_min=-8 canvas_nonzero_ratio=0.006855 canvas_std=0.4848 final_norm=11.74 residual_alpha=0.2638 shape_norm=12.96 source_delta_norm=5.461 source_delta_ratio=0.4676
2026-07-30 02:36:24,418 - portable_sam_fusion - INFO - [DEBUG-GATE] epoch=15 step=4350 shape_dense_alpha_max=0.2638 shape_dense_alpha_mean=0.2638 shape_dense_alpha_min=0.2638
2026-07-30 02:36:24,418 - portable_sam_fusion - INFO - [DEBUG-JITTER] epoch=15 step=4350 area_ratio_count=64 area_ratio_mean=1 area_ratio_sum=64 fallback_count=0 mean_iou=1 num_jittered=0 num_rois=64
2026-07-30 02:36:24,418 - portable_sam_fusion - INFO - [DEBUG-SP] epoch=15 step=4350 all_invalid_count=0 all_invalid_ratio=0 empty_count=0 empty_ratio=0 full_count=1 full_ratio=0.01562 mean_point_distance=26.16 n1_gt_valid_count=63 n1_in_gt_bg=0.7619 n1_in_gt_bg_count=48 n1_valid_count=63 n1_valid_ratio=0.9844 n2_gt_valid_count=63 n2_in_gt_bg=1 n2_in_gt_bg_count=63 n2_valid_count=63 n2_valid_ratio=0.9844 neg_in_pred_bg=1 neg_in_pred_bg_count=126 negative_pair_count=63 negative_pair_distance_sum=2466 p1_gt_valid_count=64 p1_in_gt_fg=1 p1_in_gt_fg_count=64 p1_valid_count=64 p1_valid_ratio=1 p2_gt_valid_count=64 p2_in_gt_fg=1 p2_in_gt_fg_count=64 p2_valid_count=64 p2_valid_ratio=1 point_distance_sum=3322 point_overlap_count=0 point_overlap_ratio=0 point_pair_count=127 pos_in_pred_fg=1 pos_in_pred_fg_count=128 positive_pair_count=64 positive_pair_distance_sum=855.7 roi_count=64 valid_neg_count=126 valid_pos_count=128 warmup_stage=2
2026-07-30 02:36:55,904 - portable_sam_fusion - INFO - epoch 15 | mini-batch 256/294 | optimizer_step 1100/5920 | lr=4.645e-04
2026-07-30 02:37:31,424 - portable_sam_fusion - INFO - [DEBUG-BOX] epoch=15 step=4400 fallback_count=0 fallback_ratio=0 num_rois=64 refined_proposal_iou=0 refined_proposal_iou_sum=0 refined_valid_count=0
2026-07-30 02:37:31,424 - portable_sam_fusion - INFO - [DEBUG-COARSE] epoch=15 step=4400 bce_raw=0.1417 boundary_fn=2479 boundary_fp=2929 boundary_tp=2.174e+04 dice=0.06468 dice_loss_raw=0.06468 iou=0.8792 loss_weight=0.1 raw_boundary_fn=2479 raw_boundary_fp=2929 raw_boundary_tp=2.174e+04 raw_dice_score=0.9353 raw_iou=0.8792 weighted_loss=0.02064
2026-07-30 02:37:31,424 - portable_sam_fusion - INFO - [DEBUG-CONTEXT] epoch=15 step=4400 enabled=0
2026-07-30 02:37:31,424 - portable_sam_fusion - INFO - [DEBUG-DENSE] epoch=15 step=4400 applied_delta_norm=1.552 applied_delta_ratio=0.1329 base_norm=11.68 canvas_max=8 canvas_mean=0.009448 canvas_min=-8 canvas_nonzero_ratio=0.006931 canvas_std=0.4266 final_norm=11.74 residual_alpha=0.2647 shape_norm=13.04 source_delta_norm=5.861 source_delta_ratio=0.5019
2026-07-30 02:37:31,424 - portable_sam_fusion - INFO - [DEBUG-GATE] epoch=15 step=4400 shape_dense_alpha_max=0.2647 shape_dense_alpha_mean=0.2647 shape_dense_alpha_min=0.2647
2026-07-30 02:37:31,424 - portable_sam_fusion - INFO - [DEBUG-JITTER] epoch=15 step=4400 area_ratio_count=64 area_ratio_mean=1 area_ratio_sum=64 fallback_count=0 mean_iou=1 num_jittered=0 num_rois=64
2026-07-30 02:37:31,424 - portable_sam_fusion - INFO - [DEBUG-SP] epoch=15 step=4400 all_invalid_count=0 all_invalid_ratio=0 empty_count=0 empty_ratio=0 full_count=1 full_ratio=0.01562 mean_point_distance=30.28 n1_gt_valid_count=63 n1_in_gt_bg=0.6825 n1_in_gt_bg_count=43 n1_valid_count=63 n1_valid_ratio=0.9844 n2_gt_valid_count=63 n2_in_gt_bg=0.9524 n2_in_gt_bg_count=60 n2_valid_count=63 n2_valid_ratio=0.9844 neg_in_pred_bg=1 neg_in_pred_bg_count=126 negative_pair_count=63 negative_pair_distance_sum=2937 p1_gt_valid_count=64 p1_in_gt_fg=1 p1_in_gt_fg_count=64 p1_valid_count=64 p1_valid_ratio=1 p2_gt_valid_count=64 p2_in_gt_fg=1 p2_in_gt_fg_count=64 p2_valid_count=64 p2_valid_ratio=1 point_distance_sum=3845 point_overlap_count=0 point_overlap_ratio=0 point_pair_count=127 pos_in_pred_fg=1 pos_in_pred_fg_count=128 positive_pair_count=64 positive_pair_distance_sum=907.7 roi_count=64 valid_neg_count=126 valid_pos_count=128 warmup_stage=2
2026-07-30 02:37:44,092 - portable_sam_fusion - INFO - Epoch 15 detailed losses: loss_rpn_cls=0.0196, loss_rpn_bbox=0.0066, loss_cls=0.2025, acc=91.9168, loss_bbox=0.0880, loss_mask=0.0021, debug_mask_pos_rois=56.8605, debug_mask_logit_mean=-15.7939, debug_mask_logit_std=3.0978, debug_mask_prob_mean=0.0052, debug_mask_prob_ge05=0.0051, debug_mask_target_fill=0.0052, loss_shape_prior=0.0226, schedule/det_weight=1.0000
2026-07-30 02:37:44,093 - portable_sam_fusion - INFO - Epoch 15 dense residual monitor: alpha=0.262274 source_delta_norm=6.0989 applied_delta_norm=1.5998 source_delta_ratio=0.522240 applied_delta_ratio=0.136990
2026-07-30 02:37:44,093 - portable_sam_fusion - INFO - Epoch 15 primary loss shares: det=92.76% final_mask=0.62% shape=6.61% p2_boundary=0.00%
2026-07-30 02:37:44,093 - portable_sam_fusion - INFO - Epoch 15 schedule: det_loss_weight=1.000 early_stop_start=20 min_delta=0.0005
2026-07-30 02:37:44,093 - portable_sam_fusion - INFO - Epoch 15 learning rates: sat_backbone=4.64e-04, mask_decoder=4.64e-04, shape_prior=4.64e-04, quality_head=4.64e-04, sat_other=4.64e-04
2026-07-30 02:41:02,725 - portable_sam_fusion - INFO - Validation samples: GT=15926, DT=17678, avg_masks_per_image=28.19, avg_mask_fill=0.0054
creating index...
index created!
Loading and preparing results...
DONE (t=0.03s)
creating index...
index created!
Running per image evaluation...
Evaluate annotation type *bbox*
DONE (t=10.77s).
Accumulating evaluation results...
DONE (t=0.18s).
 Average Precision  (AP) @[ IoU=0.50:0.95 | area=   all | maxDets=100 ] = 0.676
 Average Precision  (AP) @[ IoU=0.50      | area=   all | maxDets=100 ] = 0.887
 Average Precision  (AP) @[ IoU=0.75      | area=   all | maxDets=100 ] = 0.803
 Average Precision  (AP) @[ IoU=0.50:0.95 | area= small | maxDets=100 ] = 0.289
 Average Precision  (AP) @[ IoU=0.50:0.95 | area=medium | maxDets=100 ] = 0.719
 Average Precision  (AP) @[ IoU=0.50:0.95 | area= large | maxDets=100 ] = 0.761
 Average Recall     (AR) @[ IoU=0.50:0.95 | area=   all | maxDets=  1 ] = 0.025
 Average Recall     (AR) @[ IoU=0.50:0.95 | area=   all | maxDets= 10 ] = 0.186
 Average Recall     (AR) @[ IoU=0.50:0.95 | area=   all | maxDets=100 ] = 0.726
 Average Recall     (AR) @[ IoU=0.50:0.95 | area= small | maxDets=100 ] = 0.408
 Average Recall     (AR) @[ IoU=0.50:0.95 | area=medium | maxDets=100 ] = 0.768
 Average Recall     (AR) @[ IoU=0.50:0.95 | area= large | maxDets=100 ] = 0.810
2026-07-30 02:41:13,906 - portable_sam_fusion - INFO - Validation bbox/mAP: 0.6759 bbox/mAP_75: 0.8030
Running per image evaluation...
Evaluate annotation type *segm*
DONE (t=11.29s).
Accumulating evaluation results...
DONE (t=0.18s).
 Average Precision  (AP) @[ IoU=0.50:0.95 | area=   all | maxDets=100 ] = 0.435
 Average Precision  (AP) @[ IoU=0.50      | area=   all | maxDets=100 ] = 0.835
 Average Precision  (AP) @[ IoU=0.75      | area=   all | maxDets=100 ] = 0.450
 Average Precision  (AP) @[ IoU=0.50:0.95 | area= small | maxDets=100 ] = 0.052
 Average Precision  (AP) @[ IoU=0.50:0.95 | area=medium | maxDets=100 ] = 0.445
 Average Precision  (AP) @[ IoU=0.50:0.95 | area= large | maxDets=100 ] = 0.625
 Average Recall     (AR) @[ IoU=0.50:0.95 | area=   all | maxDets=  1 ] = 0.021
 Average Recall     (AR) @[ IoU=0.50:0.95 | area=   all | maxDets= 10 ] = 0.140
 Average Recall     (AR) @[ IoU=0.50:0.95 | area=   all | maxDets=100 ] = 0.477
 Average Recall     (AR) @[ IoU=0.50:0.95 | area= small | maxDets=100 ] = 0.101
 Average Recall     (AR) @[ IoU=0.50:0.95 | area=medium | maxDets=100 ] = 0.491
 Average Recall     (AR) @[ IoU=0.50:0.95 | area= large | maxDets=100 ] = 0.673
2026-07-30 02:41:25,402 - portable_sam_fusion - INFO - Validation segm/mAP: 0.4350
2026-07-30 02:41:25,959 - portable_sam_fusion - INFO - Early-stop metric (segm/mAP): raw=0.4350 smooth(5)=0.4490; counter disabled before epoch 20
2026-07-30 02:41:31,396 - portable_sam_fusion - INFO - Epoch 15/80 | train=0.341336 val=disabled segm/mAP=0.4350 bbox/mAP=0.6759 | best_segm=0.4852 best_bbox=0.6797 best_comp=0.0000 | sat_backbone=4.64e-04 mask_decoder=4.64e-04 shape_prior=4.64e-04 quality_head=4.64e-04 sat_other=4.64e-04
2026-07-30 02:42:10,528 - portable_sam_fusion - INFO - [DEBUG-BOX] epoch=16 step=4450 fallback_count=0 fallback_ratio=0 num_rois=64 refined_proposal_iou=0 refined_proposal_iou_sum=0 refined_valid_count=0
2026-07-30 02:42:10,528 - portable_sam_fusion - INFO - [DEBUG-COARSE] epoch=16 step=4450 bce_raw=0.1807 boundary_fn=3491 boundary_fp=3552 boundary_tp=2.432e+04 dice=0.0936 dice_loss_raw=0.0936 iou=0.8327 loss_weight=0.1 raw_boundary_fn=3491 raw_boundary_fp=3552 raw_boundary_tp=2.432e+04 raw_dice_score=0.9064 raw_iou=0.8327 weighted_loss=0.02744
2026-07-30 02:42:10,528 - portable_sam_fusion - INFO - [DEBUG-CONTEXT] epoch=16 step=4450 enabled=0
2026-07-30 02:42:10,528 - portable_sam_fusion - INFO - [DEBUG-DENSE] epoch=16 step=4450 applied_delta_norm=2.201 applied_delta_ratio=0.1884 base_norm=11.68 canvas_max=8 canvas_mean=-0.01114 canvas_min=-8 canvas_nonzero_ratio=0.01589 canvas_std=0.6822 final_norm=11.83 residual_alpha=0.2652 shape_norm=14.42 source_delta_norm=8.297 source_delta_ratio=0.7105
2026-07-30 02:42:10,528 - portable_sam_fusion - INFO - [DEBUG-GATE] epoch=16 step=4450 shape_dense_alpha_max=0.2652 shape_dense_alpha_mean=0.2652 shape_dense_alpha_min=0.2652
2026-07-30 02:42:10,528 - portable_sam_fusion - INFO - [DEBUG-JITTER] epoch=16 step=4450 area_ratio_count=64 area_ratio_mean=1 area_ratio_sum=64 fallback_count=0 mean_iou=1 num_jittered=0 num_rois=64
2026-07-30 02:42:10,528 - portable_sam_fusion - INFO - [DEBUG-SP] epoch=16 step=4450 all_invalid_count=0 all_invalid_ratio=0 empty_count=0 empty_ratio=0 full_count=0 full_ratio=0 mean_point_distance=43.23 n1_gt_valid_count=64 n1_in_gt_bg=0.875 n1_in_gt_bg_count=56 n1_valid_count=64 n1_valid_ratio=1 n2_gt_valid_count=64 n2_in_gt_bg=1 n2_in_gt_bg_count=64 n2_valid_count=64 n2_valid_ratio=1 neg_in_pred_bg=1 neg_in_pred_bg_count=128 negative_pair_count=64 negative_pair_distance_sum=4045 p1_gt_valid_count=64 p1_in_gt_fg=1 p1_in_gt_fg_count=64 p1_valid_count=64 p1_valid_ratio=1 p2_gt_valid_count=64 p2_in_gt_fg=1 p2_in_gt_fg_count=64 p2_valid_count=64 p2_valid_ratio=1 point_distance_sum=5533 point_overlap_count=0 point_overlap_ratio=0 point_pair_count=128 pos_in_pred_fg=1 pos_in_pred_fg_count=128 positive_pair_count=64 positive_pair_distance_sum=1487 roi_count=64 valid_neg_count=128 valid_pos_count=128 warmup_stage=2
2026-07-30 02:43:17,492 - portable_sam_fusion - INFO - [DEBUG-BOX] epoch=16 step=4500 fallback_count=0 fallback_ratio=0 num_rois=64 refined_proposal_iou=0 refined_proposal_iou_sum=0 refined_valid_count=0
2026-07-30 02:43:17,492 - portable_sam_fusion - INFO - [DEBUG-COARSE] epoch=16 step=4500 bce_raw=0.1878 boundary_fn=2833 boundary_fp=3621 boundary_tp=2.295e+04 dice=0.0768 dice_loss_raw=0.0768 iou=0.8603 loss_weight=0.1 raw_boundary_fn=2833 raw_boundary_fp=3621 raw_boundary_tp=2.295e+04 raw_dice_score=0.9232 raw_iou=0.8603 weighted_loss=0.02646
2026-07-30 02:43:17,492 - portable_sam_fusion - INFO - [DEBUG-CONTEXT] epoch=16 step=4500 enabled=0
2026-07-30 02:43:17,492 - portable_sam_fusion - INFO - [DEBUG-DENSE] epoch=16 step=4500 applied_delta_norm=1.197 applied_delta_ratio=0.1025 base_norm=11.68 canvas_max=8 canvas_mean=0.007951 canvas_min=-8 canvas_nonzero_ratio=0.005098 canvas_std=0.3901 final_norm=11.72 residual_alpha=0.2657 shape_norm=12.6 source_delta_norm=4.504 source_delta_ratio=0.3857
2026-07-30 02:43:17,492 - portable_sam_fusion - INFO - [DEBUG-GATE] epoch=16 step=4500 shape_dense_alpha_max=0.2657 shape_dense_alpha_mean=0.2657 shape_dense_alpha_min=0.2657
2026-07-30 02:43:17,492 - portable_sam_fusion - INFO - [DEBUG-JITTER] epoch=16 step=4500 area_ratio_count=64 area_ratio_mean=1 area_ratio_sum=64 fallback_count=0 mean_iou=1 num_jittered=0 num_rois=64
2026-07-30 02:43:17,492 - portable_sam_fusion - INFO - [DEBUG-SP] epoch=16 step=4500 all_invalid_count=0 all_invalid_ratio=0 empty_count=0 empty_ratio=0 full_count=0 full_ratio=0 mean_point_distance=24.42 n1_gt_valid_count=64 n1_in_gt_bg=0.7812 n1_in_gt_bg_count=50 n1_valid_count=64 n1_valid_ratio=1 n2_gt_valid_count=64 n2_in_gt_bg=0.9844 n2_in_gt_bg_count=63 n2_valid_count=64 n2_valid_ratio=1 neg_in_pred_bg=1 neg_in_pred_bg_count=128 negative_pair_count=64 negative_pair_distance_sum=2275 p1_gt_valid_count=64 p1_in_gt_fg=1 p1_in_gt_fg_count=64 p1_valid_count=64 p1_valid_ratio=1 p2_gt_valid_count=64 p2_in_gt_fg=1 p2_in_gt_fg_count=64 p2_valid_count=64 p2_valid_ratio=1 point_distance_sum=3126 point_overlap_count=0 point_overlap_ratio=0 point_pair_count=128 pos_in_pred_fg=1 pos_in_pred_fg_count=128 positive_pair_count=64 positive_pair_distance_sum=850.6 roi_count=64 valid_neg_count=128 valid_pos_count=128 warmup_stage=2
2026-07-30 02:44:25,544 - portable_sam_fusion - INFO - [DEBUG-BOX] epoch=16 step=4550 fallback_count=0 fallback_ratio=0 num_rois=64 refined_proposal_iou=0 refined_proposal_iou_sum=0 refined_valid_count=0
2026-07-30 02:44:25,544 - portable_sam_fusion - INFO - [DEBUG-COARSE] epoch=16 step=4550 bce_raw=0.129 boundary_fn=2018 boundary_fp=1923 boundary_tp=2.525e+04 dice=0.07349 dice_loss_raw=0.07349 iou=0.8651 loss_weight=0.1 raw_boundary_fn=2018 raw_boundary_fp=1923 raw_boundary_tp=2.525e+04 raw_dice_score=0.9265 raw_iou=0.8651 weighted_loss=0.02025
2026-07-30 02:44:25,544 - portable_sam_fusion - INFO - [DEBUG-CONTEXT] epoch=16 step=4550 enabled=0
2026-07-30 02:44:25,544 - portable_sam_fusion - INFO - [DEBUG-DENSE] epoch=16 step=4550 applied_delta_norm=1.514 applied_delta_ratio=0.1296 base_norm=11.68 canvas_max=8 canvas_mean=0.00046 canvas_min=-8 canvas_nonzero_ratio=0.007067 canvas_std=0.4909 final_norm=11.74 residual_alpha=0.266 shape_norm=12.99 source_delta_norm=5.693 source_delta_ratio=0.4875
2026-07-30 02:44:25,544 - portable_sam_fusion - INFO - [DEBUG-GATE] epoch=16 step=4550 shape_dense_alpha_max=0.266 shape_dense_alpha_mean=0.266 shape_dense_alpha_min=0.266
2026-07-30 02:44:25,544 - portable_sam_fusion - INFO - [DEBUG-JITTER] epoch=16 step=4550 area_ratio_count=64 area_ratio_mean=1 area_ratio_sum=64 fallback_count=0 mean_iou=1 num_jittered=0 num_rois=64
2026-07-30 02:44:25,544 - portable_sam_fusion - INFO - [DEBUG-SP] epoch=16 step=4550 all_invalid_count=0 all_invalid_ratio=0 empty_count=0 empty_ratio=0 full_count=0 full_ratio=0 mean_point_distance=31.22 n1_gt_valid_count=64 n1_in_gt_bg=0.8438 n1_in_gt_bg_count=54 n1_valid_count=64 n1_valid_ratio=1 n2_gt_valid_count=64 n2_in_gt_bg=1 n2_in_gt_bg_count=64 n2_valid_count=64 n2_valid_ratio=1 neg_in_pred_bg=1 neg_in_pred_bg_count=128 negative_pair_count=64 negative_pair_distance_sum=2882 p1_gt_valid_count=64 p1_in_gt_fg=1 p1_in_gt_fg_count=64 p1_valid_count=64 p1_valid_ratio=1 p2_gt_valid_count=64 p2_in_gt_fg=1 p2_in_gt_fg_count=64 p2_valid_count=64 p2_valid_ratio=1 point_distance_sum=3996 point_overlap_count=0 point_overlap_ratio=0 point_pair_count=128 pos_in_pred_fg=1 pos_in_pred_fg_count=128 positive_pair_count=64 positive_pair_distance_sum=1114 roi_count=64 valid_neg_count=128 valid_pos_count=128 warmup_stage=2
2026-07-30 02:44:52,809 - portable_sam_fusion - INFO - epoch 16 | mini-batch 160/294 | optimizer_step 1150/5920 | lr=4.609e-04
2026-07-30 02:45:34,845 - portable_sam_fusion - INFO - [DEBUG-BOX] epoch=16 step=4600 fallback_count=0 fallback_ratio=0 num_rois=64 refined_proposal_iou=0 refined_proposal_iou_sum=0 refined_valid_count=0
2026-07-30 02:45:34,845 - portable_sam_fusion - INFO - [DEBUG-COARSE] epoch=16 step=4600 bce_raw=0.1789 boundary_fn=3000 boundary_fp=3530 boundary_tp=2.475e+04 dice=0.113 dice_loss_raw=0.113 iou=0.8041 loss_weight=0.1 raw_boundary_fn=3000 raw_boundary_fp=3530 raw_boundary_tp=2.475e+04 raw_dice_score=0.887 raw_iou=0.8041 weighted_loss=0.02919
2026-07-30 02:45:34,845 - portable_sam_fusion - INFO - [DEBUG-CONTEXT] epoch=16 step=4600 enabled=0
2026-07-30 02:45:34,845 - portable_sam_fusion - INFO - [DEBUG-DENSE] epoch=16 step=4600 applied_delta_norm=1.494 applied_delta_ratio=0.1279 base_norm=11.68 canvas_max=8 canvas_mean=-0.004373 canvas_min=-8 canvas_nonzero_ratio=0.008428 canvas_std=0.4722 final_norm=11.75 residual_alpha=0.2662 shape_norm=13.16 source_delta_norm=5.612 source_delta_ratio=0.4805
2026-07-30 02:45:34,845 - portable_sam_fusion - INFO - [DEBUG-GATE] epoch=16 step=4600 shape_dense_alpha_max=0.2662 shape_dense_alpha_mean=0.2662 shape_dense_alpha_min=0.2662
2026-07-30 02:45:34,845 - portable_sam_fusion - INFO - [DEBUG-JITTER] epoch=16 step=4600 area_ratio_count=64 area_ratio_mean=1 area_ratio_sum=64 fallback_count=0 mean_iou=1 num_jittered=0 num_rois=64
2026-07-30 02:45:34,846 - portable_sam_fusion - INFO - [DEBUG-SP] epoch=16 step=4600 all_invalid_count=0 all_invalid_ratio=0 empty_count=0 empty_ratio=0 full_count=0 full_ratio=0 mean_point_distance=33.18 n1_gt_valid_count=64 n1_in_gt_bg=0.9375 n1_in_gt_bg_count=60 n1_valid_count=64 n1_valid_ratio=1 n2_gt_valid_count=64 n2_in_gt_bg=1 n2_in_gt_bg_count=64 n2_valid_count=64 n2_valid_ratio=1 neg_in_pred_bg=1 neg_in_pred_bg_count=128 negative_pair_count=64 negative_pair_distance_sum=2816 p1_gt_valid_count=64 p1_in_gt_fg=0.9844 p1_in_gt_fg_count=63 p1_valid_count=64 p1_valid_ratio=1 p2_gt_valid_count=64 p2_in_gt_fg=1 p2_in_gt_fg_count=64 p2_valid_count=64 p2_valid_ratio=1 point_distance_sum=4247 point_overlap_count=0 point_overlap_ratio=0 point_pair_count=128 pos_in_pred_fg=1 pos_in_pred_fg_count=128 positive_pair_count=64 positive_pair_distance_sum=1431 roi_count=64 valid_neg_count=128 valid_pos_count=128 warmup_stage=2
2026-07-30 02:46:39,696 - portable_sam_fusion - INFO - [DEBUG-BOX] epoch=16 step=4650 fallback_count=0 fallback_ratio=0 num_rois=64 refined_proposal_iou=0 refined_proposal_iou_sum=0 refined_valid_count=0
2026-07-30 02:46:39,696 - portable_sam_fusion - INFO - [DEBUG-COARSE] epoch=16 step=4650 bce_raw=0.1468 boundary_fn=2521 boundary_fp=2353 boundary_tp=2.474e+04 dice=0.08526 dice_loss_raw=0.08526 iou=0.847 loss_weight=0.1 raw_boundary_fn=2521 raw_boundary_fp=2353 raw_boundary_tp=2.474e+04 raw_dice_score=0.9147 raw_iou=0.847 weighted_loss=0.02321
2026-07-30 02:46:39,696 - portable_sam_fusion - INFO - [DEBUG-CONTEXT] epoch=16 step=4650 enabled=0
2026-07-30 02:46:39,696 - portable_sam_fusion - INFO - [DEBUG-DENSE] epoch=16 step=4650 applied_delta_norm=2.603 applied_delta_ratio=0.2229 base_norm=11.68 canvas_max=8 canvas_mean=0.007408 canvas_min=-8 canvas_nonzero_ratio=0.02444 canvas_std=0.853 final_norm=11.95 residual_alpha=0.2665 shape_norm=15.73 source_delta_norm=9.767 source_delta_ratio=0.8363
2026-07-30 02:46:39,696 - portable_sam_fusion - INFO - [DEBUG-GATE] epoch=16 step=4650 shape_dense_alpha_max=0.2665 shape_dense_alpha_mean=0.2665 shape_dense_alpha_min=0.2665
2026-07-30 02:46:39,696 - portable_sam_fusion - INFO - [DEBUG-JITTER] epoch=16 step=4650 area_ratio_count=64 area_ratio_mean=1 area_ratio_sum=64 fallback_count=0 mean_iou=1 num_jittered=0 num_rois=64
2026-07-30 02:46:39,696 - portable_sam_fusion - INFO - [DEBUG-SP] epoch=16 step=4650 all_invalid_count=0 all_invalid_ratio=0 empty_count=0 empty_ratio=0 full_count=0 full_ratio=0 mean_point_distance=51.56 n1_gt_valid_count=64 n1_in_gt_bg=0.9844 n1_in_gt_bg_count=63 n1_valid_count=64 n1_valid_ratio=1 n2_gt_valid_count=64 n2_in_gt_bg=1 n2_in_gt_bg_count=64 n2_valid_count=64 n2_valid_ratio=1 neg_in_pred_bg=1 neg_in_pred_bg_count=128 negative_pair_count=64 negative_pair_distance_sum=4543 p1_gt_valid_count=64 p1_in_gt_fg=1 p1_in_gt_fg_count=64 p1_valid_count=64 p1_valid_ratio=1 p2_gt_valid_count=64 p2_in_gt_fg=1 p2_in_gt_fg_count=64 p2_valid_count=64 p2_valid_ratio=1 point_distance_sum=6599 point_overlap_count=0 point_overlap_ratio=0 point_pair_count=128 pos_in_pred_fg=1 pos_in_pred_fg_count=128 positive_pair_count=64 positive_pair_distance_sum=2056 roi_count=64 valid_neg_count=128 valid_pos_count=128 warmup_stage=2
2026-07-30 02:47:46,266 - portable_sam_fusion - INFO - [DEBUG-BOX] epoch=16 step=4700 fallback_count=0 fallback_ratio=0 num_rois=64 refined_proposal_iou=0 refined_proposal_iou_sum=0 refined_valid_count=0
2026-07-30 02:47:46,267 - portable_sam_fusion - INFO - [DEBUG-COARSE] epoch=16 step=4700 bce_raw=0.1638 boundary_fn=2807 boundary_fp=2392 boundary_tp=2.61e+04 dice=0.09089 dice_loss_raw=0.09089 iou=0.8356 loss_weight=0.1 raw_boundary_fn=2807 raw_boundary_fp=2392 raw_boundary_tp=2.61e+04 raw_dice_score=0.9091 raw_iou=0.8356 weighted_loss=0.02547
2026-07-30 02:47:46,267 - portable_sam_fusion - INFO - [DEBUG-CONTEXT] epoch=16 step=4700 enabled=0
2026-07-30 02:47:46,267 - portable_sam_fusion - INFO - [DEBUG-DENSE] epoch=16 step=4700 applied_delta_norm=1.765 applied_delta_ratio=0.1511 base_norm=11.68 canvas_max=8 canvas_mean=-0.003332 canvas_min=-8 canvas_nonzero_ratio=0.009646 canvas_std=0.5472 final_norm=11.76 residual_alpha=0.2668 shape_norm=13.39 source_delta_norm=6.617 source_delta_ratio=0.5666
2026-07-30 02:47:46,267 - portable_sam_fusion - INFO - [DEBUG-GATE] epoch=16 step=4700 shape_dense_alpha_max=0.2668 shape_dense_alpha_mean=0.2668 shape_dense_alpha_min=0.2668
2026-07-30 02:47:46,267 - portable_sam_fusion - INFO - [DEBUG-JITTER] epoch=16 step=4700 area_ratio_count=64 area_ratio_mean=1 area_ratio_sum=64 fallback_count=0 mean_iou=1 num_jittered=0 num_rois=64
2026-07-30 02:47:46,267 - portable_sam_fusion - INFO - [DEBUG-SP] epoch=16 step=4700 all_invalid_count=0 all_invalid_ratio=0 empty_count=0 empty_ratio=0 full_count=0 full_ratio=0 mean_point_distance=40.91 n1_gt_valid_count=64 n1_in_gt_bg=0.8438 n1_in_gt_bg_count=54 n1_valid_count=64 n1_valid_ratio=1 n2_gt_valid_count=64 n2_in_gt_bg=1 n2_in_gt_bg_count=64 n2_valid_count=64 n2_valid_ratio=1 neg_in_pred_bg=1 neg_in_pred_bg_count=128 negative_pair_count=64 negative_pair_distance_sum=3841 p1_gt_valid_count=64 p1_in_gt_fg=0.9844 p1_in_gt_fg_count=63 p1_valid_count=64 p1_valid_ratio=1 p2_gt_valid_count=64 p2_in_gt_fg=0.9844 p2_in_gt_fg_count=63 p2_valid_count=64 p2_valid_ratio=1 point_distance_sum=5237 point_overlap_count=0 point_overlap_ratio=0 point_pair_count=128 pos_in_pred_fg=1 pos_in_pred_fg_count=128 positive_pair_count=64 positive_pair_distance_sum=1396 roi_count=64 valid_neg_count=128 valid_pos_count=128 warmup_stage=2
2026-07-30 02:47:50,142 - portable_sam_fusion - INFO - Epoch 16 detailed losses: loss_rpn_cls=0.0165, loss_rpn_bbox=0.0069, loss_cls=0.2080, acc=91.7999, loss_bbox=0.0886, loss_mask=0.0020, debug_mask_pos_rois=56.1905, debug_mask_logit_mean=-15.1840, debug_mask_logit_std=2.9546, debug_mask_prob_mean=0.0050, debug_mask_prob_ge05=0.0049, debug_mask_target_fill=0.0050, loss_shape_prior=0.0224, schedule/det_weight=1.0000
2026-07-30 02:47:50,142 - portable_sam_fusion - INFO - Epoch 16 dense residual monitor: alpha=0.263888 source_delta_norm=6.1980 applied_delta_norm=1.6353 source_delta_ratio=0.530723 applied_delta_ratio=0.140025
2026-07-30 02:47:50,142 - portable_sam_fusion - INFO - Epoch 16 primary loss shares: det=92.91% final_mask=0.58% shape=6.51% p2_boundary=0.00%
2026-07-30 02:47:50,142 - portable_sam_fusion - INFO - Epoch 16 schedule: det_loss_weight=1.000 early_stop_start=20 min_delta=0.0005
2026-07-30 02:47:50,142 - portable_sam_fusion - INFO - Epoch 16 learning rates: sat_backbone=4.58e-04, mask_decoder=4.58e-04, shape_prior=4.58e-04, quality_head=4.58e-04, sat_other=4.58e-04
2026-07-30 02:51:27,512 - portable_sam_fusion - INFO - Validation samples: GT=15926, DT=18069, avg_masks_per_image=28.82, avg_mask_fill=0.0061
creating index...
index created!
Loading and preparing results...
DONE (t=0.02s)
creating index...
index created!
Running per image evaluation...
Evaluate annotation type *bbox*
DONE (t=10.80s).
Accumulating evaluation results...
DONE (t=0.17s).
 Average Precision  (AP) @[ IoU=0.50:0.95 | area=   all | maxDets=100 ] = 0.649
 Average Precision  (AP) @[ IoU=0.50      | area=   all | maxDets=100 ] = 0.886
 Average Precision  (AP) @[ IoU=0.75      | area=   all | maxDets=100 ] = 0.784
 Average Precision  (AP) @[ IoU=0.50:0.95 | area= small | maxDets=100 ] = 0.270
 Average Precision  (AP) @[ IoU=0.50:0.95 | area=medium | maxDets=100 ] = 0.690
 Average Precision  (AP) @[ IoU=0.50:0.95 | area= large | maxDets=100 ] = 0.743
 Average Recall     (AR) @[ IoU=0.50:0.95 | area=   all | maxDets=  1 ] = 0.025
 Average Recall     (AR) @[ IoU=0.50:0.95 | area=   all | maxDets= 10 ] = 0.181
 Average Recall     (AR) @[ IoU=0.50:0.95 | area=   all | maxDets=100 ] = 0.694
 Average Recall     (AR) @[ IoU=0.50:0.95 | area= small | maxDets=100 ] = 0.366
 Average Recall     (AR) @[ IoU=0.50:0.95 | area=medium | maxDets=100 ] = 0.734
 Average Recall     (AR) @[ IoU=0.50:0.95 | area= large | maxDets=100 ] = 0.787
2026-07-30 02:51:38,676 - portable_sam_fusion - INFO - Validation bbox/mAP: 0.6489 bbox/mAP_75: 0.7837
Running per image evaluation...
Evaluate annotation type *segm*
DONE (t=11.32s).
Accumulating evaluation results...
DONE (t=0.18s).
 Average Precision  (AP) @[ IoU=0.50:0.95 | area=   all | maxDets=100 ] = 0.437
 Average Precision  (AP) @[ IoU=0.50      | area=   all | maxDets=100 ] = 0.837
 Average Precision  (AP) @[ IoU=0.75      | area=   all | maxDets=100 ] = 0.459
 Average Precision  (AP) @[ IoU=0.50:0.95 | area= small | maxDets=100 ] = 0.055
 Average Precision  (AP) @[ IoU=0.50:0.95 | area=medium | maxDets=100 ] = 0.449
 Average Precision  (AP) @[ IoU=0.50:0.95 | area= large | maxDets=100 ] = 0.633
 Average Recall     (AR) @[ IoU=0.50:0.95 | area=   all | maxDets=  1 ] = 0.021
 Average Recall     (AR) @[ IoU=0.50:0.95 | area=   all | maxDets= 10 ] = 0.142
 Average Recall     (AR) @[ IoU=0.50:0.95 | area=   all | maxDets=100 ] = 0.478
 Average Recall     (AR) @[ IoU=0.50:0.95 | area= small | maxDets=100 ] = 0.094
 Average Recall     (AR) @[ IoU=0.50:0.95 | area=medium | maxDets=100 ] = 0.489
 Average Recall     (AR) @[ IoU=0.50:0.95 | area= large | maxDets=100 ] = 0.683
2026-07-30 02:51:50,204 - portable_sam_fusion - INFO - Validation segm/mAP: 0.4369
2026-07-30 02:51:51,066 - portable_sam_fusion - INFO - Early-stop metric (segm/mAP): raw=0.4369 smooth(5)=0.4497; counter disabled before epoch 20
2026-07-30 02:51:56,101 - portable_sam_fusion - INFO - Epoch 16/80 | train=0.344438 val=disabled segm/mAP=0.4369 bbox/mAP=0.6489 | best_segm=0.4852 best_bbox=0.6797 best_comp=0.0000 | sat_backbone=4.58e-04 mask_decoder=4.58e-04 shape_prior=4.58e-04 quality_head=4.58e-04 sat_other=4.58e-04
2026-07-30 02:52:42,513 - portable_sam_fusion - INFO - [DEBUG-BOX] epoch=17 step=4750 fallback_count=0 fallback_ratio=0 num_rois=64 refined_proposal_iou=0 refined_proposal_iou_sum=0 refined_valid_count=0
2026-07-30 02:52:42,513 - portable_sam_fusion - INFO - [DEBUG-COARSE] epoch=17 step=4750 bce_raw=0.1735 boundary_fn=3169 boundary_fp=3121 boundary_tp=2.367e+04 dice=0.08528 dice_loss_raw=0.08528 iou=0.8459 loss_weight=0.1 raw_boundary_fn=3169 raw_boundary_fp=3121 raw_boundary_tp=2.367e+04 raw_dice_score=0.9147 raw_iou=0.8459 weighted_loss=0.02587
2026-07-30 02:52:42,513 - portable_sam_fusion - INFO - [DEBUG-CONTEXT] epoch=17 step=4750 enabled=0
2026-07-30 02:52:42,514 - portable_sam_fusion - INFO - [DEBUG-DENSE] epoch=17 step=4750 applied_delta_norm=1.408 applied_delta_ratio=0.1206 base_norm=11.68 canvas_max=8 canvas_mean=0.003584 canvas_min=-8 canvas_nonzero_ratio=0.008592 canvas_std=0.4766 final_norm=11.76 residual_alpha=0.2669 shape_norm=13.03 source_delta_norm=5.275 source_delta_ratio=0.4517
2026-07-30 02:52:42,514 - portable_sam_fusion - INFO - [DEBUG-GATE] epoch=17 step=4750 shape_dense_alpha_max=0.2669 shape_dense_alpha_mean=0.2669 shape_dense_alpha_min=0.2669
2026-07-30 02:52:42,514 - portable_sam_fusion - INFO - [DEBUG-JITTER] epoch=17 step=4750 area_ratio_count=64 area_ratio_mean=1 area_ratio_sum=64 fallback_count=0 mean_iou=1 num_jittered=0 num_rois=64
2026-07-30 02:52:42,514 - portable_sam_fusion - INFO - [DEBUG-SP] epoch=17 step=4750 all_invalid_count=0 all_invalid_ratio=0 empty_count=0 empty_ratio=0 full_count=0 full_ratio=0 mean_point_distance=27.66 n1_gt_valid_count=64 n1_in_gt_bg=0.9375 n1_in_gt_bg_count=60 n1_valid_count=64 n1_valid_ratio=1 n2_gt_valid_count=64 n2_in_gt_bg=1 n2_in_gt_bg_count=64 n2_valid_count=64 n2_valid_ratio=1 neg_in_pred_bg=1 neg_in_pred_bg_count=128 negative_pair_count=64 negative_pair_distance_sum=2669 p1_gt_valid_count=64 p1_in_gt_fg=1 p1_in_gt_fg_count=64 p1_valid_count=64 p1_valid_ratio=1 p2_gt_valid_count=64 p2_in_gt_fg=1 p2_in_gt_fg_count=64 p2_valid_count=64 p2_valid_ratio=1 point_distance_sum=3541 point_overlap_count=0 point_overlap_ratio=0 point_pair_count=128 pos_in_pred_fg=1 pos_in_pred_fg_count=128 positive_pair_count=64 positive_pair_distance_sum=872 roi_count=64 valid_neg_count=128 valid_pos_count=128 warmup_stage=2
2026-07-30 02:53:01,452 - portable_sam_fusion - INFO - epoch 17 | mini-batch 64/294 | optimizer_step 1200/5920 | lr=4.573e-04
2026-07-30 02:53:35,641 - portable_sam_fusion - INFO - [DEBUG-BOX] epoch=17 step=4800 fallback_count=0 fallback_ratio=0 num_rois=64 refined_proposal_iou=0 refined_proposal_iou_sum=0 refined_valid_count=0
2026-07-30 02:53:35,641 - portable_sam_fusion - INFO - [DEBUG-COARSE] epoch=17 step=4800 bce_raw=0.1035 boundary_fn=890 boundary_fp=1574 boundary_tp=2.309e+04 dice=0.04838 dice_loss_raw=0.04838 iou=0.9081 loss_weight=0.1 raw_boundary_fn=890 raw_boundary_fp=1574 raw_boundary_tp=2.309e+04 raw_dice_score=0.9516 raw_iou=0.9081 weighted_loss=0.01519
2026-07-30 02:53:35,641 - portable_sam_fusion - INFO - [DEBUG-CONTEXT] epoch=17 step=4800 enabled=0
2026-07-30 02:53:35,641 - portable_sam_fusion - INFO - [DEBUG-DENSE] epoch=17 step=4800 applied_delta_norm=1.873 applied_delta_ratio=0.1604 base_norm=11.68 canvas_max=8 canvas_mean=0.007362 canvas_min=-8 canvas_nonzero_ratio=0.009164 canvas_std=0.5734 final_norm=11.77 residual_alpha=0.267 shape_norm=13.5 source_delta_norm=7.015 source_delta_ratio=0.6007
2026-07-30 02:53:35,641 - portable_sam_fusion - INFO - [DEBUG-GATE] epoch=17 step=4800 shape_dense_alpha_max=0.267 shape_dense_alpha_mean=0.267 shape_dense_alpha_min=0.267
2026-07-30 02:53:35,641 - portable_sam_fusion - INFO - [DEBUG-JITTER] epoch=17 step=4800 area_ratio_count=64 area_ratio_mean=1 area_ratio_sum=64 fallback_count=0 mean_iou=1 num_jittered=0 num_rois=64
2026-07-30 02:53:35,641 - portable_sam_fusion - INFO - [DEBUG-SP] epoch=17 step=4800 all_invalid_count=0 all_invalid_ratio=0 empty_count=0 empty_ratio=0 full_count=0 full_ratio=0 mean_point_distance=30.8 n1_gt_valid_count=64 n1_in_gt_bg=0.8438 n1_in_gt_bg_count=54 n1_valid_count=64 n1_valid_ratio=1 n2_gt_valid_count=64 n2_in_gt_bg=0.9844 n2_in_gt_bg_count=63 n2_valid_count=64 n2_valid_ratio=1 neg_in_pred_bg=1 neg_in_pred_bg_count=128 negative_pair_count=64 negative_pair_distance_sum=2713 p1_gt_valid_count=64 p1_in_gt_fg=1 p1_in_gt_fg_count=64 p1_valid_count=64 p1_valid_ratio=1 p2_gt_valid_count=64 p2_in_gt_fg=1 p2_in_gt_fg_count=64 p2_valid_count=64 p2_valid_ratio=1 point_distance_sum=3943 point_overlap_count=0 point_overlap_ratio=0 point_pair_count=128 pos_in_pred_fg=1 pos_in_pred_fg_count=128 positive_pair_count=64 positive_pair_distance_sum=1230 roi_count=64 valid_neg_count=128 valid_pos_count=128 warmup_stage=2
2026-07-30 02:54:20,880 - portable_sam_fusion - INFO - [DEBUG-BOX] epoch=17 step=4850 fallback_count=0 fallback_ratio=0 num_rois=64 refined_proposal_iou=0 refined_proposal_iou_sum=0 refined_valid_count=0
2026-07-30 02:54:20,880 - portable_sam_fusion - INFO - [DEBUG-COARSE] epoch=17 step=4850 bce_raw=0.1649 boundary_fn=3064 boundary_fp=3397 boundary_tp=2.209e+04 dice=0.07348 dice_loss_raw=0.07348 iou=0.8648 loss_weight=0.1 raw_boundary_fn=3064 raw_boundary_fp=3397 raw_boundary_tp=2.209e+04 raw_dice_score=0.9265 raw_iou=0.8648 weighted_loss=0.02383
2026-07-30 02:54:20,880 - portable_sam_fusion - INFO - [DEBUG-CONTEXT] epoch=17 step=4850 enabled=0
2026-07-30 02:54:20,880 - portable_sam_fusion - INFO - [DEBUG-DENSE] epoch=17 step=4850 applied_delta_norm=1.323 applied_delta_ratio=0.1133 base_norm=11.68 canvas_max=8 canvas_mean=0.01016 canvas_min=-8 canvas_nonzero_ratio=0.005074 canvas_std=0.4082 final_norm=11.73 residual_alpha=0.2672 shape_norm=12.69 source_delta_norm=4.953 source_delta_ratio=0.4241
2026-07-30 02:54:20,880 - portable_sam_fusion - INFO - [DEBUG-GATE] epoch=17 step=4850 shape_dense_alpha_max=0.2672 shape_dense_alpha_mean=0.2672 shape_dense_alpha_min=0.2672
2026-07-30 02:54:20,880 - portable_sam_fusion - INFO - [DEBUG-JITTER] epoch=17 step=4850 area_ratio_count=64 area_ratio_mean=1 area_ratio_sum=64 fallback_count=0 mean_iou=1 num_jittered=0 num_rois=64
2026-07-30 02:54:20,880 - portable_sam_fusion - INFO - [DEBUG-SP] epoch=17 step=4850 all_invalid_count=0 all_invalid_ratio=0 empty_count=0 empty_ratio=0 full_count=0 full_ratio=0 mean_point_distance=28.29 n1_gt_valid_count=64 n1_in_gt_bg=0.8906 n1_in_gt_bg_count=57 n1_valid_count=64 n1_valid_ratio=1 n2_gt_valid_count=64 n2_in_gt_bg=0.9844 n2_in_gt_bg_count=63 n2_valid_count=64 n2_valid_ratio=1 neg_in_pred_bg=1 neg_in_pred_bg_count=128 negative_pair_count=64 negative_pair_distance_sum=2830 p1_gt_valid_count=64 p1_in_gt_fg=1 p1_in_gt_fg_count=64 p1_valid_count=64 p1_valid_ratio=1 p2_gt_valid_count=64 p2_in_gt_fg=1 p2_in_gt_fg_count=64 p2_valid_count=64 p2_valid_ratio=1 point_distance_sum=3621 point_overlap_count=0 point_overlap_ratio=0 point_pair_count=128 pos_in_pred_fg=1 pos_in_pred_fg_count=128 positive_pair_count=64 positive_pair_distance_sum=790.3 roi_count=64 valid_neg_count=128 valid_pos_count=128 warmup_stage=2
2026-07-30 02:55:26,266 - portable_sam_fusion - INFO - [DEBUG-BOX] epoch=17 step=4900 fallback_count=0 fallback_ratio=0 num_rois=64 refined_proposal_iou=0 refined_proposal_iou_sum=0 refined_valid_count=0
2026-07-30 02:55:26,266 - portable_sam_fusion - INFO - [DEBUG-COARSE] epoch=17 step=4900 bce_raw=0.181 boundary_fn=3688 boundary_fp=3951 boundary_tp=2.181e+04 dice=0.1035 dice_loss_raw=0.1035 iou=0.8171 loss_weight=0.1 raw_boundary_fn=3688 raw_boundary_fp=3951 raw_boundary_tp=2.181e+04 raw_dice_score=0.8965 raw_iou=0.8171 weighted_loss=0.02845
2026-07-30 02:55:26,267 - portable_sam_fusion - INFO - [DEBUG-CONTEXT] epoch=17 step=4900 enabled=0
2026-07-30 02:55:26,267 - portable_sam_fusion - INFO - [DEBUG-DENSE] epoch=17 step=4900 applied_delta_norm=1.364 applied_delta_ratio=0.1168 base_norm=11.68 canvas_max=8 canvas_mean=0.004819 canvas_min=-8 canvas_nonzero_ratio=0.005854 canvas_std=0.3798 final_norm=11.73 residual_alpha=0.2673 shape_norm=12.75 source_delta_norm=5.101 source_delta_ratio=0.4368
2026-07-30 02:55:26,267 - portable_sam_fusion - INFO - [DEBUG-GATE] epoch=17 step=4900 shape_dense_alpha_max=0.2673 shape_dense_alpha_mean=0.2673 shape_dense_alpha_min=0.2673
2026-07-30 02:55:26,267 - portable_sam_fusion - INFO - [DEBUG-JITTER] epoch=17 step=4900 area_ratio_count=64 area_ratio_mean=1 area_ratio_sum=64 fallback_count=0 mean_iou=1 num_jittered=0 num_rois=64
2026-07-30 02:55:26,267 - portable_sam_fusion - INFO - [DEBUG-SP] epoch=17 step=4900 all_invalid_count=0 all_invalid_ratio=0 empty_count=0 empty_ratio=0 full_count=0 full_ratio=0 mean_point_distance=29.24 n1_gt_valid_count=64 n1_in_gt_bg=0.9375 n1_in_gt_bg_count=60 n1_valid_count=64 n1_valid_ratio=1 n2_gt_valid_count=64 n2_in_gt_bg=1 n2_in_gt_bg_count=64 n2_valid_count=64 n2_valid_ratio=1 neg_in_pred_bg=1 neg_in_pred_bg_count=128 negative_pair_count=64 negative_pair_distance_sum=2906 p1_gt_valid_count=64 p1_in_gt_fg=1 p1_in_gt_fg_count=64 p1_valid_count=64 p1_valid_ratio=1 p2_gt_valid_count=64 p2_in_gt_fg=1 p2_in_gt_fg_count=64 p2_valid_count=64 p2_valid_ratio=1 point_distance_sum=3743 point_overlap_count=0 point_overlap_ratio=0 point_pair_count=128 pos_in_pred_fg=1 pos_in_pred_fg_count=128 positive_pair_count=64 positive_pair_distance_sum=836.5 roi_count=64 valid_neg_count=128 valid_pos_count=128 warmup_stage=2
2026-07-30 02:56:36,801 - portable_sam_fusion - INFO - [DEBUG-BOX] epoch=17 step=4950 fallback_count=0 fallback_ratio=0 num_rois=64 refined_proposal_iou=0 refined_proposal_iou_sum=0 refined_valid_count=0
2026-07-30 02:56:36,801 - portable_sam_fusion - INFO - [DEBUG-COARSE] epoch=17 step=4950 bce_raw=0.1866 boundary_fn=2799 boundary_fp=4217 boundary_tp=2.13e+04 dice=0.08067 dice_loss_raw=0.08067 iou=0.8532 loss_weight=0.1 raw_boundary_fn=2799 raw_boundary_fp=4217 raw_boundary_tp=2.13e+04 raw_dice_score=0.9193 raw_iou=0.8532 weighted_loss=0.02673
2026-07-30 02:56:36,801 - portable_sam_fusion - INFO - [DEBUG-CONTEXT] epoch=17 step=4950 enabled=0
2026-07-30 02:56:36,801 - portable_sam_fusion - INFO - [DEBUG-DENSE] epoch=17 step=4950 applied_delta_norm=1.088 applied_delta_ratio=0.0932 base_norm=11.68 canvas_max=8 canvas_mean=0.008012 canvas_min=-8 canvas_nonzero_ratio=0.003774 canvas_std=0.3275 final_norm=11.71 residual_alpha=0.2674 shape_norm=12.39 source_delta_norm=4.07 source_delta_ratio=0.3485
2026-07-30 02:56:36,801 - portable_sam_fusion - INFO - [DEBUG-GATE] epoch=17 step=4950 shape_dense_alpha_max=0.2674 shape_dense_alpha_mean=0.2674 shape_dense_alpha_min=0.2674
2026-07-30 02:56:36,801 - portable_sam_fusion - INFO - [DEBUG-JITTER] epoch=17 step=4950 area_ratio_count=64 area_ratio_mean=1 area_ratio_sum=64 fallback_count=0 mean_iou=1 num_jittered=0 num_rois=64
2026-07-30 02:56:36,801 - portable_sam_fusion - INFO - [DEBUG-SP] epoch=17 step=4950 all_invalid_count=0 all_invalid_ratio=0 empty_count=0 empty_ratio=0 full_count=0 full_ratio=0 mean_point_distance=21.69 n1_gt_valid_count=64 n1_in_gt_bg=0.7188 n1_in_gt_bg_count=46 n1_valid_count=64 n1_valid_ratio=1 n2_gt_valid_count=64 n2_in_gt_bg=0.9688 n2_in_gt_bg_count=62 n2_valid_count=64 n2_valid_ratio=1 neg_in_pred_bg=1 neg_in_pred_bg_count=128 negative_pair_count=64 negative_pair_distance_sum=2235 p1_gt_valid_count=64 p1_in_gt_fg=1 p1_in_gt_fg_count=64 p1_valid_count=64 p1_valid_ratio=1 p2_gt_valid_count=64 p2_in_gt_fg=1 p2_in_gt_fg_count=64 p2_valid_count=64 p2_valid_ratio=1 point_distance_sum=2776 point_overlap_count=0 point_overlap_ratio=0 point_pair_count=128 pos_in_pred_fg=1 pos_in_pred_fg_count=128 positive_pair_count=64 positive_pair_distance_sum=541.9 roi_count=64 valid_neg_count=128 valid_pos_count=128 warmup_stage=2
2026-07-30 02:57:03,524 - portable_sam_fusion - INFO - epoch 17 | mini-batch 264/294 | optimizer_step 1250/5920 | lr=4.534e-04
2026-07-30 02:57:41,899 - portable_sam_fusion - INFO - Epoch 17 detailed losses: loss_rpn_cls=0.0167, loss_rpn_bbox=0.0065, loss_cls=0.1987, acc=92.1987, loss_bbox=0.0850, loss_mask=0.0016, debug_mask_pos_rois=56.9116, debug_mask_logit_mean=-17.2108, debug_mask_logit_std=3.2733, debug_mask_prob_mean=0.0048, debug_mask_prob_ge05=0.0048, debug_mask_target_fill=0.0049, loss_shape_prior=0.0232, schedule/det_weight=1.0000
2026-07-30 02:57:41,899 - portable_sam_fusion - INFO - Epoch 17 dense residual monitor: alpha=0.264833 source_delta_norm=6.1601 applied_delta_norm=1.6311 source_delta_ratio=0.527481 applied_delta_ratio=0.139671
2026-07-30 02:57:41,899 - portable_sam_fusion - INFO - Epoch 17 primary loss shares: det=92.54% final_mask=0.48% shape=6.98% p2_boundary=0.00%
2026-07-30 02:57:41,899 - portable_sam_fusion - INFO - Epoch 17 schedule: det_loss_weight=1.000 early_stop_start=20 min_delta=0.0005
2026-07-30 02:57:41,899 - portable_sam_fusion - INFO - Epoch 17 learning rates: sat_backbone=4.53e-04, mask_decoder=4.53e-04, shape_prior=4.53e-04, quality_head=4.53e-04, sat_other=4.53e-04
2026-07-30 03:01:22,458 - portable_sam_fusion - INFO - Validation samples: GT=15926, DT=16329, avg_masks_per_image=26.04, avg_mask_fill=0.0059
creating index...
index created!
Loading and preparing results...
DONE (t=0.03s)
creating index...
index created!
Running per image evaluation...
Evaluate annotation type *bbox*
DONE (t=10.41s).
Accumulating evaluation results...
DONE (t=0.17s).
 Average Precision  (AP) @[ IoU=0.50:0.95 | area=   all | maxDets=100 ] = 0.619
 Average Precision  (AP) @[ IoU=0.50      | area=   all | maxDets=100 ] = 0.869
 Average Precision  (AP) @[ IoU=0.75      | area=   all | maxDets=100 ] = 0.778
 Average Precision  (AP) @[ IoU=0.50:0.95 | area= small | maxDets=100 ] = 0.254
 Average Precision  (AP) @[ IoU=0.50:0.95 | area=medium | maxDets=100 ] = 0.655
 Average Precision  (AP) @[ IoU=0.50:0.95 | area= large | maxDets=100 ] = 0.714
 Average Recall     (AR) @[ IoU=0.50:0.95 | area=   all | maxDets=  1 ] = 0.023
 Average Recall     (AR) @[ IoU=0.50:0.95 | area=   all | maxDets= 10 ] = 0.172
 Average Recall     (AR) @[ IoU=0.50:0.95 | area=   all | maxDets=100 ] = 0.675
 Average Recall     (AR) @[ IoU=0.50:0.95 | area= small | maxDets=100 ] = 0.343
 Average Recall     (AR) @[ IoU=0.50:0.95 | area=medium | maxDets=100 ] = 0.718
 Average Recall     (AR) @[ IoU=0.50:0.95 | area= large | maxDets=100 ] = 0.762
2026-07-30 03:01:33,796 - portable_sam_fusion - INFO - Validation bbox/mAP: 0.6190 bbox/mAP_75: 0.7777
Running per image evaluation...
Evaluate annotation type *segm*
DONE (t=10.80s).
Accumulating evaluation results...
DONE (t=0.17s).
 Average Precision  (AP) @[ IoU=0.50:0.95 | area=   all | maxDets=100 ] = 0.450
 Average Precision  (AP) @[ IoU=0.50      | area=   all | maxDets=100 ] = 0.841
 Average Precision  (AP) @[ IoU=0.75      | area=   all | maxDets=100 ] = 0.484
 Average Precision  (AP) @[ IoU=0.50:0.95 | area= small | maxDets=100 ] = 0.054
 Average Precision  (AP) @[ IoU=0.50:0.95 | area=medium | maxDets=100 ] = 0.462
 Average Precision  (AP) @[ IoU=0.50:0.95 | area= large | maxDets=100 ] = 0.651
 Average Recall     (AR) @[ IoU=0.50:0.95 | area=   all | maxDets=  1 ] = 0.021
 Average Recall     (AR) @[ IoU=0.50:0.95 | area=   all | maxDets= 10 ] = 0.144
 Average Recall     (AR) @[ IoU=0.50:0.95 | area=   all | maxDets=100 ] = 0.489
 Average Recall     (AR) @[ IoU=0.50:0.95 | area= small | maxDets=100 ] = 0.097
 Average Recall     (AR) @[ IoU=0.50:0.95 | area=medium | maxDets=100 ] = 0.503
 Average Recall     (AR) @[ IoU=0.50:0.95 | area= large | maxDets=100 ] = 0.693
2026-07-30 03:01:44,795 - portable_sam_fusion - INFO - Validation segm/mAP: 0.4502
2026-07-30 03:01:45,389 - portable_sam_fusion - INFO - Early-stop metric (segm/mAP): raw=0.4502 smooth(5)=0.4427; counter disabled before epoch 20
2026-07-30 03:01:50,488 - portable_sam_fusion - INFO - Epoch 17/80 | train=0.331644 val=disabled segm/mAP=0.4502 bbox/mAP=0.6190 | best_segm=0.4852 best_bbox=0.6797 best_comp=0.0000 | sat_backbone=4.53e-04 mask_decoder=4.53e-04 shape_prior=4.53e-04 quality_head=4.53e-04 sat_other=4.53e-04
2026-07-30 03:01:54,107 - portable_sam_fusion - INFO - [DEBUG-BOX] epoch=18 step=5000 fallback_count=0 fallback_ratio=0 num_rois=64 refined_proposal_iou=0 refined_proposal_iou_sum=0 refined_valid_count=0
2026-07-30 03:01:54,107 - portable_sam_fusion - INFO - [DEBUG-COARSE] epoch=18 step=5000 bce_raw=0.1821 boundary_fn=3128 boundary_fp=3004 boundary_tp=2.344e+04 dice=0.08296 dice_loss_raw=0.08296 iou=0.8493 loss_weight=0.1 raw_boundary_fn=3128 raw_boundary_fp=3004 raw_boundary_tp=2.344e+04 raw_dice_score=0.917 raw_iou=0.8493 weighted_loss=0.02651
2026-07-30 03:01:54,107 - portable_sam_fusion - INFO - [DEBUG-CONTEXT] epoch=18 step=5000 enabled=0
2026-07-30 03:01:54,107 - portable_sam_fusion - INFO - [DEBUG-DENSE] epoch=18 step=5000 applied_delta_norm=1.542 applied_delta_ratio=0.132 base_norm=11.68 canvas_max=8 canvas_mean=-1.766e-05 canvas_min=-8 canvas_nonzero_ratio=0.007209 canvas_std=0.4935 final_norm=11.74 residual_alpha=0.2675 shape_norm=13.02 source_delta_norm=5.765 source_delta_ratio=0.4936
2026-07-30 03:01:54,107 - portable_sam_fusion - INFO - [DEBUG-GATE] epoch=18 step=5000 shape_dense_alpha_max=0.2675 shape_dense_alpha_mean=0.2675 shape_dense_alpha_min=0.2675
2026-07-30 03:01:54,107 - portable_sam_fusion - INFO - [DEBUG-JITTER] epoch=18 step=5000 area_ratio_count=64 area_ratio_mean=1 area_ratio_sum=64 fallback_count=0 mean_iou=1 num_jittered=0 num_rois=64
2026-07-30 03:01:54,107 - portable_sam_fusion - INFO - [DEBUG-SP] epoch=18 step=5000 all_invalid_count=0 all_invalid_ratio=0 empty_count=0 empty_ratio=0 full_count=0 full_ratio=0 mean_point_distance=27.48 n1_gt_valid_count=64 n1_in_gt_bg=0.7969 n1_in_gt_bg_count=51 n1_valid_count=64 n1_valid_ratio=1 n2_gt_valid_count=64 n2_in_gt_bg=1 n2_in_gt_bg_count=64 n2_valid_count=64 n2_valid_ratio=1 neg_in_pred_bg=1 neg_in_pred_bg_count=128 negative_pair_count=64 negative_pair_distance_sum=2488 p1_gt_valid_count=64 p1_in_gt_fg=1 p1_in_gt_fg_count=64 p1_valid_count=64 p1_valid_ratio=1 p2_gt_valid_count=64 p2_in_gt_fg=1 p2_in_gt_fg_count=64 p2_valid_count=64 p2_valid_ratio=1 point_distance_sum=3518 point_overlap_count=0 point_overlap_ratio=0 point_pair_count=128 pos_in_pred_fg=1 pos_in_pred_fg_count=128 positive_pair_count=64 positive_pair_distance_sum=1029 roi_count=64 valid_neg_count=128 valid_pos_count=128 warmup_stage=2
2026-07-30 03:02:45,597 - portable_sam_fusion - INFO - [DEBUG-BOX] epoch=18 step=5050 fallback_count=0 fallback_ratio=0 num_rois=64 refined_proposal_iou=0 refined_proposal_iou_sum=0 refined_valid_count=0
2026-07-30 03:02:45,597 - portable_sam_fusion - INFO - [DEBUG-COARSE] epoch=18 step=5050 bce_raw=0.1701 boundary_fn=3710 boundary_fp=4280 boundary_tp=1.942e+04 dice=0.07613 dice_loss_raw=0.07613 iou=0.8628 loss_weight=0.1 raw_boundary_fn=3710 raw_boundary_fp=4280 raw_boundary_tp=1.942e+04 raw_dice_score=0.9239 raw_iou=0.8628 weighted_loss=0.02462
2026-07-30 03:02:45,597 - portable_sam_fusion - INFO - [DEBUG-CONTEXT] epoch=18 step=5050 enabled=0
2026-07-30 03:02:45,597 - portable_sam_fusion - INFO - [DEBUG-DENSE] epoch=18 step=5050 applied_delta_norm=1.017 applied_delta_ratio=0.08712 base_norm=11.68 canvas_max=8 canvas_mean=0.01144 canvas_min=-8 canvas_nonzero_ratio=0.004017 canvas_std=0.3438 final_norm=11.72 residual_alpha=0.2675 shape_norm=12.48 source_delta_norm=3.803 source_delta_ratio=0.3256
2026-07-30 03:02:45,597 - portable_sam_fusion - INFO - [DEBUG-GATE] epoch=18 step=5050 shape_dense_alpha_max=0.2675 shape_dense_alpha_mean=0.2675 shape_dense_alpha_min=0.2675
2026-07-30 03:02:45,597 - portable_sam_fusion - INFO - [DEBUG-JITTER] epoch=18 step=5050 area_ratio_count=64 area_ratio_mean=1 area_ratio_sum=64 fallback_count=0 mean_iou=1 num_jittered=0 num_rois=64
2026-07-30 03:02:45,597 - portable_sam_fusion - INFO - [DEBUG-SP] epoch=18 step=5050 all_invalid_count=0 all_invalid_ratio=0 empty_count=0 empty_ratio=0 full_count=0 full_ratio=0 mean_point_distance=20.74 n1_gt_valid_count=64 n1_in_gt_bg=0.8438 n1_in_gt_bg_count=54 n1_valid_count=64 n1_valid_ratio=1 n2_gt_valid_count=64 n2_in_gt_bg=0.9844 n2_in_gt_bg_count=63 n2_valid_count=64 n2_valid_ratio=1 neg_in_pred_bg=1 neg_in_pred_bg_count=128 negative_pair_count=64 negative_pair_distance_sum=2001 p1_gt_valid_count=64 p1_in_gt_fg=1 p1_in_gt_fg_count=64 p1_valid_count=64 p1_valid_ratio=1 p2_gt_valid_count=64 p2_in_gt_fg=1 p2_in_gt_fg_count=64 p2_valid_count=64 p2_valid_ratio=1 point_distance_sum=2654 point_overlap_count=0 point_overlap_ratio=0 point_pair_count=128 pos_in_pred_fg=1 pos_in_pred_fg_count=128 positive_pair_count=64 positive_pair_distance_sum=653 roi_count=64 valid_neg_count=128 valid_pos_count=128 warmup_stage=2
2026-07-30 03:03:35,722 - portable_sam_fusion - INFO - [DEBUG-BOX] epoch=18 step=5100 fallback_count=0 fallback_ratio=0 num_rois=64 refined_proposal_iou=0 refined_proposal_iou_sum=0 refined_valid_count=0
2026-07-30 03:03:35,722 - portable_sam_fusion - INFO - [DEBUG-COARSE] epoch=18 step=5100 bce_raw=0.1625 boundary_fn=3426 boundary_fp=2687 boundary_tp=2.224e+04 dice=0.1024 dice_loss_raw=0.1024 iou=0.8187 loss_weight=0.1 raw_boundary_fn=3426 raw_boundary_fp=2687 raw_boundary_tp=2.224e+04 raw_dice_score=0.8976 raw_iou=0.8187 weighted_loss=0.0265
2026-07-30 03:03:35,722 - portable_sam_fusion - INFO - [DEBUG-CONTEXT] epoch=18 step=5100 enabled=0
2026-07-30 03:03:35,722 - portable_sam_fusion - INFO - [DEBUG-DENSE] epoch=18 step=5100 applied_delta_norm=1.21 applied_delta_ratio=0.1036 base_norm=11.68 canvas_max=8 canvas_mean=-0.001032 canvas_min=-8 canvas_nonzero_ratio=0.006382 canvas_std=0.4627 final_norm=11.73 residual_alpha=0.2677 shape_norm=12.76 source_delta_norm=4.521 source_delta_ratio=0.3871
2026-07-30 03:03:35,722 - portable_sam_fusion - INFO - [DEBUG-GATE] epoch=18 step=5100 shape_dense_alpha_max=0.2677 shape_dense_alpha_mean=0.2677 shape_dense_alpha_min=0.2677
2026-07-30 03:03:35,722 - portable_sam_fusion - INFO - [DEBUG-JITTER] epoch=18 step=5100 area_ratio_count=64 area_ratio_mean=1 area_ratio_sum=64 fallback_count=0 mean_iou=1 num_jittered=0 num_rois=64
2026-07-30 03:03:35,722 - portable_sam_fusion - INFO - [DEBUG-SP] epoch=18 step=5100 all_invalid_count=0 all_invalid_ratio=0 empty_count=0 empty_ratio=0 full_count=0 full_ratio=0 mean_point_distance=25 n1_gt_valid_count=64 n1_in_gt_bg=0.875 n1_in_gt_bg_count=56 n1_valid_count=64 n1_valid_ratio=1 n2_gt_valid_count=64 n2_in_gt_bg=0.9844 n2_in_gt_bg_count=63 n2_valid_count=64 n2_valid_ratio=1 neg_in_pred_bg=1 neg_in_pred_bg_count=128 negative_pair_count=64 negative_pair_distance_sum=2310 p1_gt_valid_count=64 p1_in_gt_fg=1 p1_in_gt_fg_count=64 p1_valid_count=64 p1_valid_ratio=1 p2_gt_valid_count=64 p2_in_gt_fg=1 p2_in_gt_fg_count=64 p2_valid_count=64 p2_valid_ratio=1 point_distance_sum=3201 point_overlap_count=0 point_overlap_ratio=0 point_pair_count=128 pos_in_pred_fg=1 pos_in_pred_fg_count=128 positive_pair_count=64 positive_pair_distance_sum=890.6 roi_count=64 valid_neg_count=128 valid_pos_count=128 warmup_stage=2
2026-07-30 03:04:23,362 - portable_sam_fusion - INFO - [DEBUG-BOX] epoch=18 step=5150 fallback_count=0 fallback_ratio=0 num_rois=64 refined_proposal_iou=0 refined_proposal_iou_sum=0 refined_valid_count=0
2026-07-30 03:04:23,362 - portable_sam_fusion - INFO - [DEBUG-COARSE] epoch=18 step=5150 bce_raw=0.2055 boundary_fn=3972 boundary_fp=4210 boundary_tp=2.315e+04 dice=0.09634 dice_loss_raw=0.09634 iou=0.8275 loss_weight=0.1 raw_boundary_fn=3972 raw_boundary_fp=4210 raw_boundary_tp=2.315e+04 raw_dice_score=0.9037 raw_iou=0.8275 weighted_loss=0.03018
2026-07-30 03:04:23,362 - portable_sam_fusion - INFO - [DEBUG-CONTEXT] epoch=18 step=5150 enabled=0
2026-07-30 03:04:23,363 - portable_sam_fusion - INFO - [DEBUG-DENSE] epoch=18 step=5150 applied_delta_norm=1.232 applied_delta_ratio=0.1055 base_norm=11.68 canvas_max=8 canvas_mean=0.00765 canvas_min=-8 canvas_nonzero_ratio=0.005779 canvas_std=0.3988 final_norm=11.73 residual_alpha=0.2678 shape_norm=12.75 source_delta_norm=4.6 source_delta_ratio=0.3939
2026-07-30 03:04:23,363 - portable_sam_fusion - INFO - [DEBUG-GATE] epoch=18 step=5150 shape_dense_alpha_max=0.2678 shape_dense_alpha_mean=0.2678 shape_dense_alpha_min=0.2678
2026-07-30 03:04:23,363 - portable_sam_fusion - INFO - [DEBUG-JITTER] epoch=18 step=5150 area_ratio_count=64 area_ratio_mean=1 area_ratio_sum=64 fallback_count=0 mean_iou=1 num_jittered=0 num_rois=64
2026-07-30 03:04:23,363 - portable_sam_fusion - INFO - [DEBUG-SP] epoch=18 step=5150 all_invalid_count=0 all_invalid_ratio=0 empty_count=0 empty_ratio=0 full_count=0 full_ratio=0 mean_point_distance=22.67 n1_gt_valid_count=64 n1_in_gt_bg=0.75 n1_in_gt_bg_count=48 n1_valid_count=64 n1_valid_ratio=1 n2_gt_valid_count=64 n2_in_gt_bg=0.9688 n2_in_gt_bg_count=62 n2_valid_count=64 n2_valid_ratio=1 neg_in_pred_bg=1 neg_in_pred_bg_count=128 negative_pair_count=64 negative_pair_distance_sum=2075 p1_gt_valid_count=64 p1_in_gt_fg=1 p1_in_gt_fg_count=64 p1_valid_count=64 p1_valid_ratio=1 p2_gt_valid_count=64 p2_in_gt_fg=1 p2_in_gt_fg_count=64 p2_valid_count=64 p2_valid_ratio=1 point_distance_sum=2902 point_overlap_count=0 point_overlap_ratio=0 point_pair_count=128 pos_in_pred_fg=1 pos_in_pred_fg_count=128 positive_pair_count=64 positive_pair_distance_sum=827.5 roi_count=64 valid_neg_count=128 valid_pos_count=128 warmup_stage=2
2026-07-30 03:04:40,034 - portable_sam_fusion - INFO - epoch 18 | mini-batch 168/294 | optimizer_step 1300/5920 | lr=4.494e-04
2026-07-30 03:05:17,528 - portable_sam_fusion - INFO - [DEBUG-BOX] epoch=18 step=5200 fallback_count=0 fallback_ratio=0 num_rois=64 refined_proposal_iou=0 refined_proposal_iou_sum=0 refined_valid_count=0
2026-07-30 03:05:17,528 - portable_sam_fusion - INFO - [DEBUG-COARSE] epoch=18 step=5200 bce_raw=0.1545 boundary_fn=2536 boundary_fp=3123 boundary_tp=2.524e+04 dice=0.1017 dice_loss_raw=0.1017 iou=0.8206 loss_weight=0.1 raw_boundary_fn=2536 raw_boundary_fp=3123 raw_boundary_tp=2.524e+04 raw_dice_score=0.8983 raw_iou=0.8206 weighted_loss=0.02562
2026-07-30 03:05:17,528 - portable_sam_fusion - INFO - [DEBUG-CONTEXT] epoch=18 step=5200 enabled=0
2026-07-30 03:05:17,528 - portable_sam_fusion - INFO - [DEBUG-DENSE] epoch=18 step=5200 applied_delta_norm=1.403 applied_delta_ratio=0.1201 base_norm=11.68 canvas_max=8 canvas_mean=-0.006279 canvas_min=-8 canvas_nonzero_ratio=0.006333 canvas_std=0.4076 final_norm=11.73 residual_alpha=0.2679 shape_norm=12.78 source_delta_norm=5.235 source_delta_ratio=0.4483
2026-07-30 03:05:17,528 - portable_sam_fusion - INFO - [DEBUG-GATE] epoch=18 step=5200 shape_dense_alpha_max=0.2679 shape_dense_alpha_mean=0.2679 shape_dense_alpha_min=0.2679
2026-07-30 03:05:17,528 - portable_sam_fusion - INFO - [DEBUG-JITTER] epoch=18 step=5200 area_ratio_count=64 area_ratio_mean=1 area_ratio_sum=64 fallback_count=0 mean_iou=1 num_jittered=0 num_rois=64
2026-07-30 03:05:17,528 - portable_sam_fusion - INFO - [DEBUG-SP] epoch=18 step=5200 all_invalid_count=0 all_invalid_ratio=0 empty_count=0 empty_ratio=0 full_count=0 full_ratio=0 mean_point_distance=29.95 n1_gt_valid_count=64 n1_in_gt_bg=0.9219 n1_in_gt_bg_count=59 n1_valid_count=64 n1_valid_ratio=1 n2_gt_valid_count=64 n2_in_gt_bg=1 n2_in_gt_bg_count=64 n2_valid_count=64 n2_valid_ratio=1 neg_in_pred_bg=1 neg_in_pred_bg_count=128 negative_pair_count=64 negative_pair_distance_sum=2767 p1_gt_valid_count=64 p1_in_gt_fg=1 p1_in_gt_fg_count=64 p1_valid_count=64 p1_valid_ratio=1 p2_gt_valid_count=64 p2_in_gt_fg=1 p2_in_gt_fg_count=64 p2_valid_count=64 p2_valid_ratio=1 point_distance_sum=3834 point_overlap_count=0 point_overlap_ratio=0 point_pair_count=128 pos_in_pred_fg=1 pos_in_pred_fg_count=128 positive_pair_count=64 positive_pair_distance_sum=1067 roi_count=64 valid_neg_count=128 valid_pos_count=128 warmup_stage=2
2026-07-30 03:06:08,970 - portable_sam_fusion - INFO - [DEBUG-BOX] epoch=18 step=5250 fallback_count=0 fallback_ratio=0 num_rois=64 refined_proposal_iou=0 refined_proposal_iou_sum=0 refined_valid_count=0
2026-07-30 03:06:08,970 - portable_sam_fusion - INFO - [DEBUG-COARSE] epoch=18 step=5250 bce_raw=0.1644 boundary_fn=2504 boundary_fp=3813 boundary_tp=2.091e+04 dice=0.0652 dice_loss_raw=0.0652 iou=0.8805 loss_weight=0.1 raw_boundary_fn=2504 raw_boundary_fp=3813 raw_boundary_tp=2.091e+04 raw_dice_score=0.9348 raw_iou=0.8805 weighted_loss=0.02295
2026-07-30 03:06:08,970 - portable_sam_fusion - INFO - [DEBUG-CONTEXT] epoch=18 step=5250 enabled=0
2026-07-30 03:06:08,970 - portable_sam_fusion - INFO - [DEBUG-DENSE] epoch=18 step=5250 applied_delta_norm=1.311 applied_delta_ratio=0.1122 base_norm=11.68 canvas_max=8 canvas_mean=0.01377 canvas_min=-8 canvas_nonzero_ratio=0.005153 canvas_std=0.3912 final_norm=11.73 residual_alpha=0.2681 shape_norm=12.69 source_delta_norm=4.888 source_delta_ratio=0.4186
2026-07-30 03:06:08,970 - portable_sam_fusion - INFO - [DEBUG-GATE] epoch=18 step=5250 shape_dense_alpha_max=0.2681 shape_dense_alpha_mean=0.2681 shape_dense_alpha_min=0.2681
2026-07-30 03:06:08,970 - portable_sam_fusion - INFO - [DEBUG-JITTER] epoch=18 step=5250 area_ratio_count=64 area_ratio_mean=1 area_ratio_sum=64 fallback_count=0 mean_iou=1 num_jittered=0 num_rois=64
2026-07-30 03:06:08,970 - portable_sam_fusion - INFO - [DEBUG-SP] epoch=18 step=5250 all_invalid_count=0 all_invalid_ratio=0 empty_count=0 empty_ratio=0 full_count=0 full_ratio=0 mean_point_distance=28.36 n1_gt_valid_count=64 n1_in_gt_bg=0.7969 n1_in_gt_bg_count=51 n1_valid_count=64 n1_valid_ratio=1 n2_gt_valid_count=64 n2_in_gt_bg=0.8906 n2_in_gt_bg_count=57 n2_valid_count=64 n2_valid_ratio=1 neg_in_pred_bg=1 neg_in_pred_bg_count=128 negative_pair_count=64 negative_pair_distance_sum=2709 p1_gt_valid_count=64 p1_in_gt_fg=1 p1_in_gt_fg_count=64 p1_valid_count=64 p1_valid_ratio=1 p2_gt_valid_count=64 p2_in_gt_fg=1 p2_in_gt_fg_count=64 p2_valid_count=64 p2_valid_ratio=1 point_distance_sum=3630 point_overlap_count=0 point_overlap_ratio=0 point_pair_count=128 pos_in_pred_fg=1 pos_in_pred_fg_count=128 positive_pair_count=64 positive_pair_distance_sum=920.9 roi_count=64 valid_neg_count=128 valid_pos_count=128 warmup_stage=2
2026-07-30 03:07:01,772 - portable_sam_fusion - INFO - Epoch 18 detailed losses: loss_rpn_cls=0.0149, loss_rpn_bbox=0.0058, loss_cls=0.1951, acc=92.2879, loss_bbox=0.0786, loss_mask=0.0015, debug_mask_pos_rois=56.0986, debug_mask_logit_mean=-17.2367, debug_mask_logit_std=3.2367, debug_mask_prob_mean=0.0049, debug_mask_prob_ge05=0.0049, debug_mask_target_fill=0.0049, loss_shape_prior=0.0225, schedule/det_weight=1.0000
2026-07-30 03:07:01,772 - portable_sam_fusion - INFO - Epoch 18 dense residual monitor: alpha=0.265504 source_delta_norm=6.2011 applied_delta_norm=1.6461 source_delta_ratio=0.530989 applied_delta_ratio=0.140949
2026-07-30 03:07:01,772 - portable_sam_fusion - INFO - Epoch 18 primary loss shares: det=92.47% final_mask=0.46% shape=7.07% p2_boundary=0.00%
2026-07-30 03:07:01,772 - portable_sam_fusion - INFO - Epoch 18 schedule: det_loss_weight=1.000 early_stop_start=20 min_delta=0.0005
2026-07-30 03:07:01,773 - portable_sam_fusion - INFO - Epoch 18 learning rates: sat_backbone=4.47e-04, mask_decoder=4.47e-04, shape_prior=4.47e-04, quality_head=4.47e-04, sat_other=4.47e-04
2026-07-30 03:10:58,108 - portable_sam_fusion - INFO - Validation samples: GT=15926, DT=19160, avg_masks_per_image=30.56, avg_mask_fill=0.0050
creating index...
index created!
Loading and preparing results...
DONE (t=0.02s)
creating index...
index created!
Running per image evaluation...
Evaluate annotation type *bbox*
DONE (t=11.08s).
Accumulating evaluation results...
DONE (t=0.19s).
 Average Precision  (AP) @[ IoU=0.50:0.95 | area=   all | maxDets=100 ] = 0.670
 Average Precision  (AP) @[ IoU=0.50      | area=   all | maxDets=100 ] = 0.904
 Average Precision  (AP) @[ IoU=0.75      | area=   all | maxDets=100 ] = 0.820
 Average Precision  (AP) @[ IoU=0.50:0.95 | area= small | maxDets=100 ] = 0.323
 Average Precision  (AP) @[ IoU=0.50:0.95 | area=medium | maxDets=100 ] = 0.709
 Average Precision  (AP) @[ IoU=0.50:0.95 | area= large | maxDets=100 ] = 0.742
 Average Recall     (AR) @[ IoU=0.50:0.95 | area=   all | maxDets=  1 ] = 0.025
 Average Recall     (AR) @[ IoU=0.50:0.95 | area=   all | maxDets= 10 ] = 0.184
 Average Recall     (AR) @[ IoU=0.50:0.95 | area=   all | maxDets=100 ] = 0.722
 Average Recall     (AR) @[ IoU=0.50:0.95 | area= small | maxDets=100 ] = 0.441
 Average Recall     (AR) @[ IoU=0.50:0.95 | area=medium | maxDets=100 ] = 0.759
 Average Recall     (AR) @[ IoU=0.50:0.95 | area= large | maxDets=100 ] = 0.796
2026-07-30 03:11:09,579 - portable_sam_fusion - INFO - Validation bbox/mAP: 0.6705 bbox/mAP_75: 0.8202
Running per image evaluation...
Evaluate annotation type *segm*
DONE (t=11.69s).
Accumulating evaluation results...
DONE (t=0.18s).
 Average Precision  (AP) @[ IoU=0.50:0.95 | area=   all | maxDets=100 ] = 0.452
 Average Precision  (AP) @[ IoU=0.50      | area=   all | maxDets=100 ] = 0.856
 Average Precision  (AP) @[ IoU=0.75      | area=   all | maxDets=100 ] = 0.479
 Average Precision  (AP) @[ IoU=0.50:0.95 | area= small | maxDets=100 ] = 0.065
 Average Precision  (AP) @[ IoU=0.50:0.95 | area=medium | maxDets=100 ] = 0.470
 Average Precision  (AP) @[ IoU=0.50:0.95 | area= large | maxDets=100 ] = 0.636
 Average Recall     (AR) @[ IoU=0.50:0.95 | area=   all | maxDets=  1 ] = 0.021
 Average Recall     (AR) @[ IoU=0.50:0.95 | area=   all | maxDets= 10 ] = 0.144
 Average Recall     (AR) @[ IoU=0.50:0.95 | area=   all | maxDets=100 ] = 0.499
 Average Recall     (AR) @[ IoU=0.50:0.95 | area= small | maxDets=100 ] = 0.114
 Average Recall     (AR) @[ IoU=0.50:0.95 | area=medium | maxDets=100 ] = 0.514
 Average Recall     (AR) @[ IoU=0.50:0.95 | area= large | maxDets=100 ] = 0.695
2026-07-30 03:11:21,481 - portable_sam_fusion - INFO - Validation segm/mAP: 0.4518
2026-07-30 03:11:22,036 - portable_sam_fusion - INFO - Early-stop metric (segm/mAP): raw=0.4518 smooth(5)=0.4453; counter disabled before epoch 20
2026-07-30 03:11:27,080 - portable_sam_fusion - INFO - Epoch 18/80 | train=0.318390 val=disabled segm/mAP=0.4518 bbox/mAP=0.6705 | best_segm=0.4852 best_bbox=0.6797 best_comp=0.0000 | sat_backbone=4.47e-04 mask_decoder=4.47e-04 shape_prior=4.47e-04 quality_head=4.47e-04 sat_other=4.47e-04
2026-07-30 03:11:41,920 - portable_sam_fusion - INFO - [DEBUG-BOX] epoch=19 step=5300 fallback_count=0 fallback_ratio=0 num_rois=64 refined_proposal_iou=0 refined_proposal_iou_sum=0 refined_valid_count=0
2026-07-30 03:11:41,920 - portable_sam_fusion - INFO - [DEBUG-COARSE] epoch=19 step=5300 bce_raw=0.1985 boundary_fn=3160 boundary_fp=4529 boundary_tp=2.505e+04 dice=0.1161 dice_loss_raw=0.1161 iou=0.7985 loss_weight=0.1 raw_boundary_fn=3160 raw_boundary_fp=4529 raw_boundary_tp=2.505e+04 raw_dice_score=0.8839 raw_iou=0.7985 weighted_loss=0.03146
2026-07-30 03:11:41,920 - portable_sam_fusion - INFO - [DEBUG-CONTEXT] epoch=19 step=5300 enabled=0
2026-07-30 03:11:41,920 - portable_sam_fusion - INFO - [DEBUG-DENSE] epoch=19 step=5300 applied_delta_norm=1.591 applied_delta_ratio=0.1363 base_norm=11.68 canvas_max=8 canvas_mean=-0.006557 canvas_min=-8 canvas_nonzero_ratio=0.008395 canvas_std=0.4771 final_norm=11.75 residual_alpha=0.2683 shape_norm=13.1 source_delta_norm=5.93 source_delta_ratio=0.5078
2026-07-30 03:11:41,920 - portable_sam_fusion - INFO - [DEBUG-GATE] epoch=19 step=5300 shape_dense_alpha_max=0.2683 shape_dense_alpha_mean=0.2683 shape_dense_alpha_min=0.2683
2026-07-30 03:11:41,920 - portable_sam_fusion - INFO - [DEBUG-JITTER] epoch=19 step=5300 area_ratio_count=64 area_ratio_mean=1 area_ratio_sum=64 fallback_count=0 mean_iou=1 num_jittered=0 num_rois=64
2026-07-30 03:11:41,920 - portable_sam_fusion - INFO - [DEBUG-SP] epoch=19 step=5300 all_invalid_count=0 all_invalid_ratio=0 empty_count=0 empty_ratio=0 full_count=0 full_ratio=0 mean_point_distance=32.64 n1_gt_valid_count=64 n1_in_gt_bg=0.9531 n1_in_gt_bg_count=61 n1_valid_count=64 n1_valid_ratio=1 n2_gt_valid_count=64 n2_in_gt_bg=1 n2_in_gt_bg_count=64 n2_valid_count=64 n2_valid_ratio=1 neg_in_pred_bg=1 neg_in_pred_bg_count=128 negative_pair_count=64 negative_pair_distance_sum=3037 p1_gt_valid_count=64 p1_in_gt_fg=1 p1_in_gt_fg_count=64 p1_valid_count=64 p1_valid_ratio=1 p2_gt_valid_count=64 p2_in_gt_fg=0.9844 p2_in_gt_fg_count=63 p2_valid_count=64 p2_valid_ratio=1 point_distance_sum=4178 point_overlap_count=0 point_overlap_ratio=0 point_pair_count=128 pos_in_pred_fg=1 pos_in_pred_fg_count=128 positive_pair_count=64 positive_pair_distance_sum=1141 roi_count=64 valid_neg_count=128 valid_pos_count=128 warmup_stage=2
2026-07-30 03:12:48,615 - portable_sam_fusion - INFO - [DEBUG-BOX] epoch=19 step=5350 fallback_count=0 fallback_ratio=0 num_rois=64 refined_proposal_iou=0 refined_proposal_iou_sum=0 refined_valid_count=0
2026-07-30 03:12:48,615 - portable_sam_fusion - INFO - [DEBUG-COARSE] epoch=19 step=5350 bce_raw=0.1395 boundary_fn=1967 boundary_fp=1800 boundary_tp=2.516e+04 dice=0.06996 dice_loss_raw=0.06996 iou=0.8705 loss_weight=0.1 raw_boundary_fn=1967 raw_boundary_fp=1800 raw_boundary_tp=2.516e+04 raw_dice_score=0.93 raw_iou=0.8705 weighted_loss=0.02095
2026-07-30 03:12:48,615 - portable_sam_fusion - INFO - [DEBUG-CONTEXT] epoch=19 step=5350 enabled=0
2026-07-30 03:12:48,615 - portable_sam_fusion - INFO - [DEBUG-DENSE] epoch=19 step=5350 applied_delta_norm=1.5 applied_delta_ratio=0.1284 base_norm=11.68 canvas_max=8 canvas_mean=0.00265 canvas_min=-8 canvas_nonzero_ratio=0.006659 canvas_std=0.4819 final_norm=11.74 residual_alpha=0.2685 shape_norm=12.94 source_delta_norm=5.587 source_delta_ratio=0.4784
2026-07-30 03:12:48,616 - portable_sam_fusion - INFO - [DEBUG-GATE] epoch=19 step=5350 shape_dense_alpha_max=0.2685 shape_dense_alpha_mean=0.2685 shape_dense_alpha_min=0.2685
2026-07-30 03:12:48,616 - portable_sam_fusion - INFO - [DEBUG-JITTER] epoch=19 step=5350 area_ratio_count=64 area_ratio_mean=1 area_ratio_sum=64 fallback_count=0 mean_iou=1 num_jittered=0 num_rois=64
2026-07-30 03:12:48,616 - portable_sam_fusion - INFO - [DEBUG-SP] epoch=19 step=5350 all_invalid_count=0 all_invalid_ratio=0 empty_count=0 empty_ratio=0 full_count=0 full_ratio=0 mean_point_distance=30.9 n1_gt_valid_count=64 n1_in_gt_bg=0.7344 n1_in_gt_bg_count=47 n1_valid_count=64 n1_valid_ratio=1 n2_gt_valid_count=64 n2_in_gt_bg=0.9844 n2_in_gt_bg_count=63 n2_valid_count=64 n2_valid_ratio=1 neg_in_pred_bg=1 neg_in_pred_bg_count=128 negative_pair_count=64 negative_pair_distance_sum=3083 p1_gt_valid_count=64 p1_in_gt_fg=1 p1_in_gt_fg_count=64 p1_valid_count=64 p1_valid_ratio=1 p2_gt_valid_count=64 p2_in_gt_fg=1 p2_in_gt_fg_count=64 p2_valid_count=64 p2_valid_ratio=1 point_distance_sum=3955 point_overlap_count=0 point_overlap_ratio=0 point_pair_count=128 pos_in_pred_fg=1 pos_in_pred_fg_count=128 positive_pair_count=64 positive_pair_distance_sum=872.4 roi_count=64 valid_neg_count=128 valid_pos_count=128 warmup_stage=2
2026-07-30 03:13:05,786 - portable_sam_fusion - INFO - epoch 19 | mini-batch 72/294 | optimizer_step 1350/5920 | lr=4.453e-04
2026-07-30 03:13:47,298 - portable_sam_fusion - INFO - [DEBUG-BOX] epoch=19 step=5400 fallback_count=0 fallback_ratio=0 num_rois=64 refined_proposal_iou=0 refined_proposal_iou_sum=0 refined_valid_count=0
2026-07-30 03:13:47,298 - portable_sam_fusion - INFO - [DEBUG-COARSE] epoch=19 step=5400 bce_raw=0.1597 boundary_fn=1875 boundary_fp=1931 boundary_tp=2.704e+04 dice=0.08365 dice_loss_raw=0.08365 iou=0.8496 loss_weight=0.1 raw_boundary_fn=1875 raw_boundary_fp=1931 raw_boundary_tp=2.704e+04 raw_dice_score=0.9164 raw_iou=0.8496 weighted_loss=0.02434
2026-07-30 03:13:47,298 - portable_sam_fusion - INFO - [DEBUG-CONTEXT] epoch=19 step=5400 enabled=0
2026-07-30 03:13:47,298 - portable_sam_fusion - INFO - [DEBUG-DENSE] epoch=19 step=5400 applied_delta_norm=1.816 applied_delta_ratio=0.1555 base_norm=11.68 canvas_max=8 canvas_mean=0.002649 canvas_min=-8 canvas_nonzero_ratio=0.009434 canvas_std=0.5448 final_norm=11.76 residual_alpha=0.2686 shape_norm=13.41 source_delta_norm=6.761 source_delta_ratio=0.5789
2026-07-30 03:13:47,298 - portable_sam_fusion - INFO - [DEBUG-GATE] epoch=19 step=5400 shape_dense_alpha_max=0.2686 shape_dense_alpha_mean=0.2686 shape_dense_alpha_min=0.2686
2026-07-30 03:13:47,298 - portable_sam_fusion - INFO - [DEBUG-JITTER] epoch=19 step=5400 area_ratio_count=64 area_ratio_mean=1 area_ratio_sum=64 fallback_count=0 mean_iou=1 num_jittered=0 num_rois=64
2026-07-30 03:13:47,298 - portable_sam_fusion - INFO - [DEBUG-SP] epoch=19 step=5400 all_invalid_count=0 all_invalid_ratio=0 empty_count=0 empty_ratio=0 full_count=0 full_ratio=0 mean_point_distance=41.87 n1_gt_valid_count=64 n1_in_gt_bg=0.9219 n1_in_gt_bg_count=59 n1_valid_count=64 n1_valid_ratio=1 n2_gt_valid_count=64 n2_in_gt_bg=1 n2_in_gt_bg_count=64 n2_valid_count=64 n2_valid_ratio=1 neg_in_pred_bg=1 neg_in_pred_bg_count=128 negative_pair_count=64 negative_pair_distance_sum=4043 p1_gt_valid_count=64 p1_in_gt_fg=1 p1_in_gt_fg_count=64 p1_valid_count=64 p1_valid_ratio=1 p2_gt_valid_count=64 p2_in_gt_fg=0.9844 p2_in_gt_fg_count=63 p2_valid_count=64 p2_valid_ratio=1 point_distance_sum=5359 point_overlap_count=0 point_overlap_ratio=0 point_pair_count=128 pos_in_pred_fg=1 pos_in_pred_fg_count=128 positive_pair_count=64 positive_pair_distance_sum=1315 roi_count=64 valid_neg_count=128 valid_pos_count=128 warmup_stage=2
2026-07-30 03:14:37,141 - portable_sam_fusion - INFO - [DEBUG-BOX] epoch=19 step=5450 fallback_count=0 fallback_ratio=0 num_rois=64 refined_proposal_iou=0 refined_proposal_iou_sum=0 refined_valid_count=0
2026-07-30 03:14:37,141 - portable_sam_fusion - INFO - [DEBUG-COARSE] epoch=19 step=5450 bce_raw=0.1403 boundary_fn=2410 boundary_fp=2209 boundary_tp=2.436e+04 dice=0.07904 dice_loss_raw=0.07904 iou=0.8579 loss_weight=0.1 raw_boundary_fn=2410 raw_boundary_fp=2209 raw_boundary_tp=2.436e+04 raw_dice_score=0.921 raw_iou=0.8579 weighted_loss=0.02193
2026-07-30 03:14:37,141 - portable_sam_fusion - INFO - [DEBUG-CONTEXT] epoch=19 step=5450 enabled=0
2026-07-30 03:14:37,141 - portable_sam_fusion - INFO - [DEBUG-DENSE] epoch=19 step=5450 applied_delta_norm=1.295 applied_delta_ratio=0.1109 base_norm=11.68 canvas_max=8 canvas_mean=0.001744 canvas_min=-8 canvas_nonzero_ratio=0.005387 canvas_std=0.4318 final_norm=11.73 residual_alpha=0.2687 shape_norm=12.65 source_delta_norm=4.82 source_delta_ratio=0.4127
2026-07-30 03:14:37,141 - portable_sam_fusion - INFO - [DEBUG-GATE] epoch=19 step=5450 shape_dense_alpha_max=0.2687 shape_dense_alpha_mean=0.2687 shape_dense_alpha_min=0.2687
2026-07-30 03:14:37,142 - portable_sam_fusion - INFO - [DEBUG-JITTER] epoch=19 step=5450 area_ratio_count=64 area_ratio_mean=1 area_ratio_sum=64 fallback_count=0 mean_iou=1 num_jittered=0 num_rois=64
2026-07-30 03:14:37,142 - portable_sam_fusion - INFO - [DEBUG-SP] epoch=19 step=5450 all_invalid_count=0 all_invalid_ratio=0 empty_count=0 empty_ratio=0 full_count=0 full_ratio=0 mean_point_distance=28.65 n1_gt_valid_count=64 n1_in_gt_bg=0.9688 n1_in_gt_bg_count=62 n1_valid_count=64 n1_valid_ratio=1 n2_gt_valid_count=64 n2_in_gt_bg=1 n2_in_gt_bg_count=64 n2_valid_count=64 n2_valid_ratio=1 neg_in_pred_bg=1 neg_in_pred_bg_count=128 negative_pair_count=64 negative_pair_distance_sum=2805 p1_gt_valid_count=64 p1_in_gt_fg=1 p1_in_gt_fg_count=64 p1_valid_count=64 p1_valid_ratio=1 p2_gt_valid_count=64 p2_in_gt_fg=1 p2_in_gt_fg_count=64 p2_valid_count=64 p2_valid_ratio=1 point_distance_sum=3667 point_overlap_count=0 point_overlap_ratio=0 point_pair_count=128 pos_in_pred_fg=1 pos_in_pred_fg_count=128 positive_pair_count=64 positive_pair_distance_sum=862.2 roi_count=64 valid_neg_count=128 valid_pos_count=128 warmup_stage=2
2026-07-30 03:15:26,631 - portable_sam_fusion - INFO - [DEBUG-BOX] epoch=19 step=5500 fallback_count=0 fallback_ratio=0 num_rois=64 refined_proposal_iou=0 refined_proposal_iou_sum=0 refined_valid_count=0
2026-07-30 03:15:26,631 - portable_sam_fusion - INFO - [DEBUG-COARSE] epoch=19 step=5500 bce_raw=0.1814 boundary_fn=2346 boundary_fp=3178 boundary_tp=2.333e+04 dice=0.09039 dice_loss_raw=0.09039 iou=0.845 loss_weight=0.1 raw_boundary_fn=2346 raw_boundary_fp=3178 raw_boundary_tp=2.333e+04 raw_dice_score=0.9096 raw_iou=0.845 weighted_loss=0.02718
2026-07-30 03:15:26,631 - portable_sam_fusion - INFO - [DEBUG-CONTEXT] epoch=19 step=5500 enabled=0
2026-07-30 03:15:26,631 - portable_sam_fusion - INFO - [DEBUG-DENSE] epoch=19 step=5500 applied_delta_norm=2.203 applied_delta_ratio=0.1886 base_norm=11.68 canvas_max=8 canvas_mean=-0.01651 canvas_min=-8 canvas_nonzero_ratio=0.02583 canvas_std=0.7679 final_norm=11.94 residual_alpha=0.2689 shape_norm=15.13 source_delta_norm=8.193 source_delta_ratio=0.7015
2026-07-30 03:15:26,631 - portable_sam_fusion - INFO - [DEBUG-GATE] epoch=19 step=5500 shape_dense_alpha_max=0.2689 shape_dense_alpha_mean=0.2689 shape_dense_alpha_min=0.2689
2026-07-30 03:15:26,631 - portable_sam_fusion - INFO - [DEBUG-JITTER] epoch=19 step=5500 area_ratio_count=64 area_ratio_mean=1 area_ratio_sum=64 fallback_count=0 mean_iou=1 num_jittered=0 num_rois=64
2026-07-30 03:15:26,632 - portable_sam_fusion - INFO - [DEBUG-SP] epoch=19 step=5500 all_invalid_count=0 all_invalid_ratio=0 empty_count=0 empty_ratio=0 full_count=0 full_ratio=0 mean_point_distance=43.07 n1_gt_valid_count=64 n1_in_gt_bg=0.9062 n1_in_gt_bg_count=58 n1_valid_count=64 n1_valid_ratio=1 n2_gt_valid_count=64 n2_in_gt_bg=0.9844 n2_in_gt_bg_count=63 n2_valid_count=64 n2_valid_ratio=1 neg_in_pred_bg=1 neg_in_pred_bg_count=128 negative_pair_count=64 negative_pair_distance_sum=4174 p1_gt_valid_count=64 p1_in_gt_fg=0.9688 p1_in_gt_fg_count=62 p1_valid_count=64 p1_valid_ratio=1 p2_gt_valid_count=64 p2_in_gt_fg=0.9688 p2_in_gt_fg_count=62 p2_valid_count=64 p2_valid_ratio=1 point_distance_sum=5513 point_overlap_count=0 point_overlap_ratio=0 point_pair_count=128 pos_in_pred_fg=1 pos_in_pred_fg_count=128 positive_pair_count=64 positive_pair_distance_sum=1339 roi_count=64 valid_neg_count=128 valid_pos_count=128 warmup_stage=2
2026-07-30 03:16:16,725 - portable_sam_fusion - INFO - [DEBUG-BOX] epoch=19 step=5550 fallback_count=0 fallback_ratio=0 num_rois=0 refined_proposal_iou=0 refined_proposal_iou_sum=0 refined_valid_count=0
2026-07-30 03:16:16,725 - portable_sam_fusion - INFO - [DEBUG-COARSE] epoch=19 step=5550 boundary_fn=0 boundary_fp=0 boundary_tp=0 dice=0 iou=0
2026-07-30 03:16:16,725 - portable_sam_fusion - INFO - [DEBUG-CONTEXT] epoch=19 step=5550 enabled=0
2026-07-30 03:16:16,725 - portable_sam_fusion - INFO - [DEBUG-DENSE] epoch=19 step=5550 applied_delta_norm=3.403 applied_delta_ratio=0.2914 base_norm=11.68 canvas_max=8 canvas_mean=0.09139 canvas_min=-8 canvas_nonzero_ratio=0.0348 canvas_std=1.083 final_norm=12.09 residual_alpha=0.269 shape_norm=17.61 source_delta_norm=12.65 source_delta_ratio=1.083
2026-07-30 03:16:16,726 - portable_sam_fusion - INFO - [DEBUG-GATE] epoch=19 step=5550 shape_dense_alpha_max=0.269 shape_dense_alpha_mean=0.269 shape_dense_alpha_min=0.269
2026-07-30 03:16:16,726 - portable_sam_fusion - INFO - [DEBUG-JITTER] epoch=19 step=5550 area_ratio_count=0 area_ratio_mean=0 area_ratio_sum=0 fallback_count=0 mean_iou=0 num_jittered=0 num_rois=0
2026-07-30 03:16:16,726 - portable_sam_fusion - INFO - [DEBUG-SP] epoch=19 step=5550 all_invalid_count=0 all_invalid_ratio=0 empty_count=0 empty_ratio=0 full_count=0 full_ratio=0 mean_point_distance=53.17 n1_gt_valid_count=64 n1_in_gt_bg=0.9062 n1_in_gt_bg_count=58 n1_valid_count=64 n1_valid_ratio=1 n2_gt_valid_count=64 n2_in_gt_bg=1 n2_in_gt_bg_count=64 n2_valid_count=64 n2_valid_ratio=1 neg_in_pred_bg=1 neg_in_pred_bg_count=128 negative_pair_count=64 negative_pair_distance_sum=4789 p1_gt_valid_count=64 p1_in_gt_fg=1 p1_in_gt_fg_count=64 p1_valid_count=64 p1_valid_ratio=1 p2_gt_valid_count=64 p2_in_gt_fg=1 p2_in_gt_fg_count=64 p2_valid_count=64 p2_valid_ratio=1 point_distance_sum=6806 point_overlap_count=0 point_overlap_ratio=0 point_pair_count=128 pos_in_pred_fg=1 pos_in_pred_fg_count=128 positive_pair_count=64 positive_pair_distance_sum=2017 roi_count=64 valid_neg_count=128 valid_pos_count=128 warmup_stage=2
2026-07-30 03:16:30,662 - portable_sam_fusion - INFO - epoch 19 | mini-batch 272/294 | optimizer_step 1400/5920 | lr=4.410e-04
2026-07-30 03:16:54,859 - portable_sam_fusion - INFO - Epoch 19 detailed losses: loss_rpn_cls=0.0170, loss_rpn_bbox=0.0058, loss_cls=0.1989, acc=92.0919, loss_bbox=0.0811, loss_mask=0.0016, debug_mask_pos_rois=57.9354, debug_mask_logit_mean=-16.6344, debug_mask_logit_std=3.1357, debug_mask_prob_mean=0.0053, debug_mask_prob_ge05=0.0052, debug_mask_target_fill=0.0053, loss_shape_prior=0.0221, schedule/det_weight=1.0000
2026-07-30 03:16:54,859 - portable_sam_fusion - INFO - Epoch 19 dense residual monitor: alpha=0.266301 source_delta_norm=6.1281 applied_delta_norm=1.6322 source_delta_ratio=0.524736 applied_delta_ratio=0.139766
2026-07-30 03:16:54,859 - portable_sam_fusion - INFO - Epoch 19 primary loss shares: det=92.75% final_mask=0.48% shape=6.77% p2_boundary=0.00%
2026-07-30 03:16:54,859 - portable_sam_fusion - INFO - Epoch 19 schedule: det_loss_weight=1.000 early_stop_start=20 min_delta=0.0005
2026-07-30 03:16:54,859 - portable_sam_fusion - INFO - Epoch 19 learning rates: sat_backbone=4.40e-04, mask_decoder=4.40e-04, shape_prior=4.40e-04, quality_head=4.40e-04, sat_other=4.40e-04
2026-07-30 03:20:32,645 - portable_sam_fusion - INFO - Validation samples: GT=15926, DT=16924, avg_masks_per_image=26.99, avg_mask_fill=0.0054
creating index...
index created!
Loading and preparing results...
DONE (t=0.03s)
creating index...
index created!
Running per image evaluation...
Evaluate annotation type *bbox*
DONE (t=10.61s).
Accumulating evaluation results...
DONE (t=0.18s).
 Average Precision  (AP) @[ IoU=0.50:0.95 | area=   all | maxDets=100 ] = 0.671
 Average Precision  (AP) @[ IoU=0.50      | area=   all | maxDets=100 ] = 0.889
 Average Precision  (AP) @[ IoU=0.75      | area=   all | maxDets=100 ] = 0.814
 Average Precision  (AP) @[ IoU=0.50:0.95 | area= small | maxDets=100 ] = 0.301
 Average Precision  (AP) @[ IoU=0.50:0.95 | area=medium | maxDets=100 ] = 0.709
 Average Precision  (AP) @[ IoU=0.50:0.95 | area= large | maxDets=100 ] = 0.748
 Average Recall     (AR) @[ IoU=0.50:0.95 | area=   all | maxDets=  1 ] = 0.025
 Average Recall     (AR) @[ IoU=0.50:0.95 | area=   all | maxDets= 10 ] = 0.182
 Average Recall     (AR) @[ IoU=0.50:0.95 | area=   all | maxDets=100 ] = 0.722
 Average Recall     (AR) @[ IoU=0.50:0.95 | area= small | maxDets=100 ] = 0.415
 Average Recall     (AR) @[ IoU=0.50:0.95 | area=medium | maxDets=100 ] = 0.768
 Average Recall     (AR) @[ IoU=0.50:0.95 | area= large | maxDets=100 ] = 0.790
2026-07-30 03:20:43,641 - portable_sam_fusion - INFO - Validation bbox/mAP: 0.6707 bbox/mAP_75: 0.8137
Running per image evaluation...
Evaluate annotation type *segm*
DONE (t=11.18s).
Accumulating evaluation results...
DONE (t=0.19s).
 Average Precision  (AP) @[ IoU=0.50:0.95 | area=   all | maxDets=100 ] = 0.460
 Average Precision  (AP) @[ IoU=0.50      | area=   all | maxDets=100 ] = 0.859
 Average Precision  (AP) @[ IoU=0.75      | area=   all | maxDets=100 ] = 0.502
 Average Precision  (AP) @[ IoU=0.50:0.95 | area= small | maxDets=100 ] = 0.065
 Average Precision  (AP) @[ IoU=0.50:0.95 | area=medium | maxDets=100 ] = 0.477
 Average Precision  (AP) @[ IoU=0.50:0.95 | area= large | maxDets=100 ] = 0.652
 Average Recall     (AR) @[ IoU=0.50:0.95 | area=   all | maxDets=  1 ] = 0.021
 Average Recall     (AR) @[ IoU=0.50:0.95 | area=   all | maxDets= 10 ] = 0.145
 Average Recall     (AR) @[ IoU=0.50:0.95 | area=   all | maxDets=100 ] = 0.502
 Average Recall     (AR) @[ IoU=0.50:0.95 | area= small | maxDets=100 ] = 0.118
 Average Recall     (AR) @[ IoU=0.50:0.95 | area=medium | maxDets=100 ] = 0.518
 Average Recall     (AR) @[ IoU=0.50:0.95 | area= large | maxDets=100 ] = 0.693
2026-07-30 03:20:55,047 - portable_sam_fusion - INFO - Validation segm/mAP: 0.4602
2026-07-30 03:20:55,937 - portable_sam_fusion - INFO - Early-stop metric (segm/mAP): raw=0.4602 smooth(5)=0.4468; counter disabled before epoch 20
2026-07-30 03:21:01,261 - portable_sam_fusion - INFO - Epoch 19/80 | train=0.326412 val=disabled segm/mAP=0.4602 bbox/mAP=0.6707 | best_segm=0.4852 best_bbox=0.6797 best_comp=0.0000 | sat_backbone=4.40e-04 mask_decoder=4.40e-04 shape_prior=4.40e-04 quality_head=4.40e-04 sat_other=4.40e-04
2026-07-30 03:21:22,783 - portable_sam_fusion - INFO - [DEBUG-BOX] epoch=20 step=5600 fallback_count=0 fallback_ratio=0 num_rois=64 refined_proposal_iou=0 refined_proposal_iou_sum=0 refined_valid_count=0
2026-07-30 03:21:22,784 - portable_sam_fusion - INFO - [DEBUG-COARSE] epoch=20 step=5600 bce_raw=0.1417 boundary_fn=2147 boundary_fp=1858 boundary_tp=2.56e+04 dice=0.07932 dice_loss_raw=0.07932 iou=0.8549 loss_weight=0.1 raw_boundary_fn=2147 raw_boundary_fp=1858 raw_boundary_tp=2.56e+04 raw_dice_score=0.9207 raw_iou=0.8549 weighted_loss=0.0221
2026-07-30 03:21:22,784 - portable_sam_fusion - INFO - [DEBUG-CONTEXT] epoch=20 step=5600 enabled=0
2026-07-30 03:21:22,784 - portable_sam_fusion - INFO - [DEBUG-DENSE] epoch=20 step=5600 applied_delta_norm=1.374 applied_delta_ratio=0.1177 base_norm=11.68 canvas_max=8 canvas_mean=-0.001643 canvas_min=-8 canvas_nonzero_ratio=0.006049 canvas_std=0.4618 final_norm=11.73 residual_alpha=0.2691 shape_norm=12.74 source_delta_norm=5.106 source_delta_ratio=0.4373
2026-07-30 03:21:22,784 - portable_sam_fusion - INFO - [DEBUG-GATE] epoch=20 step=5600 shape_dense_alpha_max=0.2691 shape_dense_alpha_mean=0.2691 shape_dense_alpha_min=0.2691
2026-07-30 03:21:22,784 - portable_sam_fusion - INFO - [DEBUG-JITTER] epoch=20 step=5600 area_ratio_count=64 area_ratio_mean=1 area_ratio_sum=64 fallback_count=0 mean_iou=1 num_jittered=0 num_rois=64
2026-07-30 03:21:22,784 - portable_sam_fusion - INFO - [DEBUG-SP] epoch=20 step=5600 all_invalid_count=0 all_invalid_ratio=0 empty_count=0 empty_ratio=0 full_count=0 full_ratio=0 mean_point_distance=22.81 n1_gt_valid_count=64 n1_in_gt_bg=0.8594 n1_in_gt_bg_count=55 n1_valid_count=64 n1_valid_ratio=1 n2_gt_valid_count=64 n2_in_gt_bg=1 n2_in_gt_bg_count=64 n2_valid_count=64 n2_valid_ratio=1 neg_in_pred_bg=1 neg_in_pred_bg_count=128 negative_pair_count=64 negative_pair_distance_sum=2025 p1_gt_valid_count=64 p1_in_gt_fg=1 p1_in_gt_fg_count=64 p1_valid_count=64 p1_valid_ratio=1 p2_gt_valid_count=64 p2_in_gt_fg=1 p2_in_gt_fg_count=64 p2_valid_count=64 p2_valid_ratio=1 point_distance_sum=2920 point_overlap_count=0 point_overlap_ratio=0 point_pair_count=128 pos_in_pred_fg=1 pos_in_pred_fg_count=128 positive_pair_count=64 positive_pair_distance_sum=894.2 roi_count=64 valid_neg_count=128 valid_pos_count=128 warmup_stage=2
2026-07-30 03:22:34,263 - portable_sam_fusion - INFO - [DEBUG-BOX] epoch=20 step=5650 fallback_count=0 fallback_ratio=0 num_rois=64 refined_proposal_iou=0 refined_proposal_iou_sum=0 refined_valid_count=0
2026-07-30 03:22:34,263 - portable_sam_fusion - INFO - [DEBUG-COARSE] epoch=20 step=5650 bce_raw=0.1795 boundary_fn=2107 boundary_fp=2704 boundary_tp=2.637e+04 dice=0.09403 dice_loss_raw=0.09403 iou=0.8325 loss_weight=0.1 raw_boundary_fn=2107 raw_boundary_fp=2704 raw_boundary_tp=2.637e+04 raw_dice_score=0.906 raw_iou=0.8325 weighted_loss=0.02735
2026-07-30 03:22:34,263 - portable_sam_fusion - INFO - [DEBUG-CONTEXT] epoch=20 step=5650 enabled=0
2026-07-30 03:22:34,263 - portable_sam_fusion - INFO - [DEBUG-DENSE] epoch=20 step=5650 applied_delta_norm=1.677 applied_delta_ratio=0.1436 base_norm=11.68 canvas_max=8 canvas_mean=-0.009459 canvas_min=-8 canvas_nonzero_ratio=0.008684 canvas_std=0.5185 final_norm=11.75 residual_alpha=0.2693 shape_norm=13.22 source_delta_norm=6.228 source_delta_ratio=0.5333
2026-07-30 03:22:34,263 - portable_sam_fusion - INFO - [DEBUG-GATE] epoch=20 step=5650 shape_dense_alpha_max=0.2693 shape_dense_alpha_mean=0.2693 shape_dense_alpha_min=0.2693
2026-07-30 03:22:34,263 - portable_sam_fusion - INFO - [DEBUG-JITTER] epoch=20 step=5650 area_ratio_count=64 area_ratio_mean=1 area_ratio_sum=64 fallback_count=0 mean_iou=1 num_jittered=0 num_rois=64
2026-07-30 03:22:34,263 - portable_sam_fusion - INFO - [DEBUG-SP] epoch=20 step=5650 all_invalid_count=0 all_invalid_ratio=0 empty_count=0 empty_ratio=0 full_count=0 full_ratio=0 mean_point_distance=32.32 n1_gt_valid_count=64 n1_in_gt_bg=0.9531 n1_in_gt_bg_count=61 n1_valid_count=64 n1_valid_ratio=1 n2_gt_valid_count=64 n2_in_gt_bg=1 n2_in_gt_bg_count=64 n2_valid_count=64 n2_valid_ratio=1 neg_in_pred_bg=1 neg_in_pred_bg_count=128 negative_pair_count=64 negative_pair_distance_sum=2843 p1_gt_valid_count=64 p1_in_gt_fg=1 p1_in_gt_fg_count=64 p1_valid_count=64 p1_valid_ratio=1 p2_gt_valid_count=64 p2_in_gt_fg=0.9844 p2_in_gt_fg_count=63 p2_valid_count=64 p2_valid_ratio=1 point_distance_sum=4136 point_overlap_count=0 point_overlap_ratio=0 point_pair_count=128 pos_in_pred_fg=1 pos_in_pred_fg_count=128 positive_pair_count=64 positive_pair_distance_sum=1294 roi_count=64 valid_neg_count=128 valid_pos_count=128 warmup_stage=2
2026-07-30 03:23:44,021 - portable_sam_fusion - INFO - [DEBUG-BOX] epoch=20 step=5700 fallback_count=0 fallback_ratio=0 num_rois=64 refined_proposal_iou=0 refined_proposal_iou_sum=0 refined_valid_count=0
2026-07-30 03:23:44,022 - portable_sam_fusion - INFO - [DEBUG-COARSE] epoch=20 step=5700 bce_raw=0.1667 boundary_fn=3076 boundary_fp=2787 boundary_tp=2.4e+04 dice=0.0811 dice_loss_raw=0.0811 iou=0.8536 loss_weight=0.1 raw_boundary_fn=3076 raw_boundary_fp=2787 raw_boundary_tp=2.4e+04 raw_dice_score=0.9189 raw_iou=0.8536 weighted_loss=0.02478
2026-07-30 03:23:44,022 - portable_sam_fusion - INFO - [DEBUG-CONTEXT] epoch=20 step=5700 enabled=0
2026-07-30 03:23:44,022 - portable_sam_fusion - INFO - [DEBUG-DENSE] epoch=20 step=5700 applied_delta_norm=1.493 applied_delta_ratio=0.1278 base_norm=11.68 canvas_max=8 canvas_mean=-0.0003781 canvas_min=-8 canvas_nonzero_ratio=0.006747 canvas_std=0.4691 final_norm=11.74 residual_alpha=0.2693 shape_norm=12.93 source_delta_norm=5.541 source_delta_ratio=0.4745
2026-07-30 03:23:44,022 - portable_sam_fusion - INFO - [DEBUG-GATE] epoch=20 step=5700 shape_dense_alpha_max=0.2693 shape_dense_alpha_mean=0.2693 shape_dense_alpha_min=0.2693
2026-07-30 03:23:44,022 - portable_sam_fusion - INFO - [DEBUG-JITTER] epoch=20 step=5700 area_ratio_count=64 area_ratio_mean=1 area_ratio_sum=64 fallback_count=0 mean_iou=1 num_jittered=0 num_rois=64
2026-07-30 03:23:44,022 - portable_sam_fusion - INFO - [DEBUG-SP] epoch=20 step=5700 all_invalid_count=0 all_invalid_ratio=0 empty_count=0 empty_ratio=0 full_count=0 full_ratio=0 mean_point_distance=26.76 n1_gt_valid_count=64 n1_in_gt_bg=0.7812 n1_in_gt_bg_count=50 n1_valid_count=64 n1_valid_ratio=1 n2_gt_valid_count=64 n2_in_gt_bg=1 n2_in_gt_bg_count=64 n2_valid_count=64 n2_valid_ratio=1 neg_in_pred_bg=1 neg_in_pred_bg_count=128 negative_pair_count=64 negative_pair_distance_sum=2343 p1_gt_valid_count=64 p1_in_gt_fg=1 p1_in_gt_fg_count=64 p1_valid_count=64 p1_valid_ratio=1 p2_gt_valid_count=64 p2_in_gt_fg=1 p2_in_gt_fg_count=64 p2_valid_count=64 p2_valid_ratio=1 point_distance_sum=3425 point_overlap_count=0 point_overlap_ratio=0 point_pair_count=128 pos_in_pred_fg=1 pos_in_pred_fg_count=128 positive_pair_count=64 positive_pair_distance_sum=1082 roi_count=64 valid_neg_count=128 valid_pos_count=128 warmup_stage=2
2026-07-30 03:24:54,699 - portable_sam_fusion - INFO - [DEBUG-BOX] epoch=20 step=5750 fallback_count=0 fallback_ratio=0 num_rois=64 refined_proposal_iou=0 refined_proposal_iou_sum=0 refined_valid_count=0
2026-07-30 03:24:54,699 - portable_sam_fusion - INFO - [DEBUG-COARSE] epoch=20 step=5750 bce_raw=0.1142 boundary_fn=1421 boundary_fp=1519 boundary_tp=2.553e+04 dice=0.06251 dice_loss_raw=0.06251 iou=0.8836 loss_weight=0.1 raw_boundary_fn=1421 raw_boundary_fp=1519 raw_boundary_tp=2.553e+04 raw_dice_score=0.9375 raw_iou=0.8836 weighted_loss=0.01767
2026-07-30 03:24:54,699 - portable_sam_fusion - INFO - [DEBUG-CONTEXT] epoch=20 step=5750 enabled=0
2026-07-30 03:24:54,699 - portable_sam_fusion - INFO - [DEBUG-DENSE] epoch=20 step=5750 applied_delta_norm=1.654 applied_delta_ratio=0.1416 base_norm=11.68 canvas_max=8 canvas_mean=0.001354 canvas_min=-8 canvas_nonzero_ratio=0.00765 canvas_std=0.5406 final_norm=11.75 residual_alpha=0.2695 shape_norm=13.16 source_delta_norm=6.137 source_delta_ratio=0.5255
2026-07-30 03:24:54,699 - portable_sam_fusion - INFO - [DEBUG-GATE] epoch=20 step=5750 shape_dense_alpha_max=0.2695 shape_dense_alpha_mean=0.2695 shape_dense_alpha_min=0.2695
2026-07-30 03:24:54,699 - portable_sam_fusion - INFO - [DEBUG-JITTER] epoch=20 step=5750 area_ratio_count=64 area_ratio_mean=1 area_ratio_sum=64 fallback_count=0 mean_iou=1 num_jittered=0 num_rois=64
2026-07-30 03:24:54,699 - portable_sam_fusion - INFO - [DEBUG-SP] epoch=20 step=5750 all_invalid_count=0 all_invalid_ratio=0 empty_count=0 empty_ratio=0 full_count=0 full_ratio=0 mean_point_distance=29.55 n1_gt_valid_count=64 n1_in_gt_bg=0.9375 n1_in_gt_bg_count=60 n1_valid_count=64 n1_valid_ratio=1 n2_gt_valid_count=64 n2_in_gt_bg=0.9844 n2_in_gt_bg_count=63 n2_valid_count=64 n2_valid_ratio=1 neg_in_pred_bg=1 neg_in_pred_bg_count=128 negative_pair_count=64 negative_pair_distance_sum=2805 p1_gt_valid_count=64 p1_in_gt_fg=1 p1_in_gt_fg_count=64 p1_valid_count=64 p1_valid_ratio=1 p2_gt_valid_count=64 p2_in_gt_fg=1 p2_in_gt_fg_count=64 p2_valid_count=64 p2_valid_ratio=1 point_distance_sum=3782 point_overlap_count=0 point_overlap_ratio=0 point_pair_count=128 pos_in_pred_fg=1 pos_in_pred_fg_count=128 positive_pair_count=64 positive_pair_distance_sum=976.7 roi_count=64 valid_neg_count=128 valid_pos_count=128 warmup_stage=2
2026-07-30 03:25:12,300 - portable_sam_fusion - INFO - epoch 20 | mini-batch 176/294 | optimizer_step 1450/5920 | lr=4.366e-04
2026-07-30 03:25:51,653 - portable_sam_fusion - INFO - [DEBUG-BOX] epoch=20 step=5800 fallback_count=0 fallback_ratio=0 num_rois=36 refined_proposal_iou=0 refined_proposal_iou_sum=0 refined_valid_count=0
2026-07-30 03:25:51,654 - portable_sam_fusion - INFO - [DEBUG-COARSE] epoch=20 step=5800 bce_raw=0.08502 boundary_fn=312 boundary_fp=230 boundary_tp=1.376e+04 dice=0.05141 dice_loss_raw=0.05141 iou=0.9027 loss_weight=0.1 raw_boundary_fn=312 raw_boundary_fp=230 raw_boundary_tp=1.376e+04 raw_dice_score=0.9486 raw_iou=0.9027 weighted_loss=0.01364
2026-07-30 03:25:51,654 - portable_sam_fusion - INFO - [DEBUG-CONTEXT] epoch=20 step=5800 enabled=0
2026-07-30 03:25:51,654 - portable_sam_fusion - INFO - [DEBUG-DENSE] epoch=20 step=5800 applied_delta_norm=2.028 applied_delta_ratio=0.1737 base_norm=11.68 canvas_max=8 canvas_mean=0.003117 canvas_min=-7.961 canvas_nonzero_ratio=0.01147 canvas_std=0.5968 final_norm=11.78 residual_alpha=0.2696 shape_norm=13.66 source_delta_norm=7.524 source_delta_ratio=0.6443
2026-07-30 03:25:51,654 - portable_sam_fusion - INFO - [DEBUG-GATE] epoch=20 step=5800 shape_dense_alpha_max=0.2696 shape_dense_alpha_mean=0.2696 shape_dense_alpha_min=0.2696
2026-07-30 03:25:51,654 - portable_sam_fusion - INFO - [DEBUG-JITTER] epoch=20 step=5800 area_ratio_count=36 area_ratio_mean=1 area_ratio_sum=36 fallback_count=0 mean_iou=1 num_jittered=0 num_rois=36
2026-07-30 03:25:51,654 - portable_sam_fusion - INFO - [DEBUG-SP] epoch=20 step=5800 all_invalid_count=0 all_invalid_ratio=0 empty_count=0 empty_ratio=0 full_count=0 full_ratio=0 mean_point_distance=58.52 n1_gt_valid_count=36 n1_in_gt_bg=0.9722 n1_in_gt_bg_count=35 n1_valid_count=36 n1_valid_ratio=1 n2_gt_valid_count=36 n2_in_gt_bg=1 n2_in_gt_bg_count=36 n2_valid_count=36 n2_valid_ratio=1 neg_in_pred_bg=1 neg_in_pred_bg_count=72 negative_pair_count=36 negative_pair_distance_sum=2295 p1_gt_valid_count=36 p1_in_gt_fg=1 p1_in_gt_fg_count=36 p1_valid_count=36 p1_valid_ratio=1 p2_gt_valid_count=36 p2_in_gt_fg=1 p2_in_gt_fg_count=36 p2_valid_count=36 p2_valid_ratio=1 point_distance_sum=4214 point_overlap_count=0 point_overlap_ratio=0 point_pair_count=72 pos_in_pred_fg=1 pos_in_pred_fg_count=72 positive_pair_count=36 positive_pair_distance_sum=1919 roi_count=36 valid_neg_count=72 valid_pos_count=72 warmup_stage=2
2026-07-30 03:26:43,077 - portable_sam_fusion - INFO - [DEBUG-BOX] epoch=20 step=5850 fallback_count=0 fallback_ratio=0 num_rois=64 refined_proposal_iou=0 refined_proposal_iou_sum=0 refined_valid_count=0
2026-07-30 03:26:43,077 - portable_sam_fusion - INFO - [DEBUG-COARSE] epoch=20 step=5850 bce_raw=0.124 boundary_fn=1799 boundary_fp=2220 boundary_tp=2.282e+04 dice=0.05739 dice_loss_raw=0.05739 iou=0.8924 loss_weight=0.1 raw_boundary_fn=1799 raw_boundary_fp=2220 raw_boundary_tp=2.282e+04 raw_dice_score=0.9426 raw_iou=0.8924 weighted_loss=0.01814
2026-07-30 03:26:43,077 - portable_sam_fusion - INFO - [DEBUG-CONTEXT] epoch=20 step=5850 enabled=0
2026-07-30 03:26:43,077 - portable_sam_fusion - INFO - [DEBUG-DENSE] epoch=20 step=5850 applied_delta_norm=1.422 applied_delta_ratio=0.1217 base_norm=11.68 canvas_max=8 canvas_mean=0.009217 canvas_min=-8 canvas_nonzero_ratio=0.005923 canvas_std=0.4353 final_norm=11.73 residual_alpha=0.2697 shape_norm=12.82 source_delta_norm=5.272 source_delta_ratio=0.4514
2026-07-30 03:26:43,077 - portable_sam_fusion - INFO - [DEBUG-GATE] epoch=20 step=5850 shape_dense_alpha_max=0.2697 shape_dense_alpha_mean=0.2697 shape_dense_alpha_min=0.2697
2026-07-30 03:26:43,077 - portable_sam_fusion - INFO - [DEBUG-JITTER] epoch=20 step=5850 area_ratio_count=64 area_ratio_mean=1 area_ratio_sum=64 fallback_count=0 mean_iou=1 num_jittered=0 num_rois=64
2026-07-30 03:26:43,077 - portable_sam_fusion - INFO - [DEBUG-SP] epoch=20 step=5850 all_invalid_count=0 all_invalid_ratio=0 empty_count=0 empty_ratio=0 full_count=0 full_ratio=0 mean_point_distance=28.15 n1_gt_valid_count=64 n1_in_gt_bg=0.8125 n1_in_gt_bg_count=52 n1_valid_count=64 n1_valid_ratio=1 n2_gt_valid_count=64 n2_in_gt_bg=1 n2_in_gt_bg_count=64 n2_valid_count=64 n2_valid_ratio=1 neg_in_pred_bg=1 neg_in_pred_bg_count=128 negative_pair_count=64 negative_pair_distance_sum=2754 p1_gt_valid_count=64 p1_in_gt_fg=1 p1_in_gt_fg_count=64 p1_valid_count=64 p1_valid_ratio=1 p2_gt_valid_count=64 p2_in_gt_fg=1 p2_in_gt_fg_count=64 p2_valid_count=64 p2_valid_ratio=1 point_distance_sum=3603 point_overlap_count=0 point_overlap_ratio=0 point_pair_count=128 pos_in_pred_fg=1 pos_in_pred_fg_count=128 positive_pair_count=64 positive_pair_distance_sum=848.3 roi_count=64 valid_neg_count=128 valid_pos_count=128 warmup_stage=2
2026-07-30 03:27:12,707 - portable_sam_fusion - INFO - Epoch 20 detailed losses: loss_rpn_cls=0.0135, loss_rpn_bbox=0.0057, loss_cls=0.1835, acc=92.7788, loss_bbox=0.0734, loss_mask=0.0017, debug_mask_pos_rois=57.2075, debug_mask_logit_mean=-16.2113, debug_mask_logit_std=3.1269, debug_mask_prob_mean=0.0055, debug_mask_prob_ge05=0.0054, debug_mask_target_fill=0.0055, loss_shape_prior=0.0213, schedule/det_weight=1.0000
2026-07-30 03:27:12,707 - portable_sam_fusion - INFO - Epoch 20 dense residual monitor: alpha=0.267029 source_delta_norm=6.1799 applied_delta_norm=1.6506 source_delta_ratio=0.529174 applied_delta_ratio=0.141339
2026-07-30 03:27:12,707 - portable_sam_fusion - INFO - Epoch 20 primary loss shares: det=92.30% final_mask=0.58% shape=7.12% p2_boundary=0.00%
2026-07-30 03:27:12,707 - portable_sam_fusion - INFO - Epoch 20 schedule: det_loss_weight=1.000 early_stop_start=20 min_delta=0.0005
2026-07-30 03:27:12,707 - portable_sam_fusion - INFO - Epoch 20 learning rates: sat_backbone=4.34e-04, mask_decoder=4.34e-04, shape_prior=4.34e-04, quality_head=4.34e-04, sat_other=4.34e-04
2026-07-30 03:30:52,866 - portable_sam_fusion - INFO - Validation samples: GT=15926, DT=17284, avg_masks_per_image=27.57, avg_mask_fill=0.0059
creating index...
index created!
Loading and preparing results...
DONE (t=0.02s)
creating index...
index created!
Running per image evaluation...
Evaluate annotation type *bbox*
DONE (t=10.70s).
Accumulating evaluation results...
DONE (t=0.18s).
 Average Precision  (AP) @[ IoU=0.50:0.95 | area=   all | maxDets=100 ] = 0.697
 Average Precision  (AP) @[ IoU=0.50      | area=   all | maxDets=100 ] = 0.897
 Average Precision  (AP) @[ IoU=0.75      | area=   all | maxDets=100 ] = 0.817
 Average Precision  (AP) @[ IoU=0.50:0.95 | area= small | maxDets=100 ] = 0.311
 Average Precision  (AP) @[ IoU=0.50:0.95 | area=medium | maxDets=100 ] = 0.735
 Average Precision  (AP) @[ IoU=0.50:0.95 | area= large | maxDets=100 ] = 0.790
 Average Recall     (AR) @[ IoU=0.50:0.95 | area=   all | maxDets=  1 ] = 0.026
 Average Recall     (AR) @[ IoU=0.50:0.95 | area=   all | maxDets= 10 ] = 0.191
 Average Recall     (AR) @[ IoU=0.50:0.95 | area=   all | maxDets=100 ] = 0.740
 Average Recall     (AR) @[ IoU=0.50:0.95 | area= small | maxDets=100 ] = 0.425
 Average Recall     (AR) @[ IoU=0.50:0.95 | area=medium | maxDets=100 ] = 0.780
 Average Recall     (AR) @[ IoU=0.50:0.95 | area= large | maxDets=100 ] = 0.829
2026-07-30 03:31:03,946 - portable_sam_fusion - INFO - Validation bbox/mAP: 0.6971 bbox/mAP_75: 0.8168
Running per image evaluation...
Evaluate annotation type *segm*
DONE (t=11.20s).
Accumulating evaluation results...
DONE (t=0.17s).
 Average Precision  (AP) @[ IoU=0.50:0.95 | area=   all | maxDets=100 ] = 0.458
 Average Precision  (AP) @[ IoU=0.50      | area=   all | maxDets=100 ] = 0.858
 Average Precision  (AP) @[ IoU=0.75      | area=   all | maxDets=100 ] = 0.499
 Average Precision  (AP) @[ IoU=0.50:0.95 | area= small | maxDets=100 ] = 0.066
 Average Precision  (AP) @[ IoU=0.50:0.95 | area=medium | maxDets=100 ] = 0.475
 Average Precision  (AP) @[ IoU=0.50:0.95 | area= large | maxDets=100 ] = 0.643
 Average Recall     (AR) @[ IoU=0.50:0.95 | area=   all | maxDets=  1 ] = 0.021
 Average Recall     (AR) @[ IoU=0.50:0.95 | area=   all | maxDets= 10 ] = 0.144
 Average Recall     (AR) @[ IoU=0.50:0.95 | area=   all | maxDets=100 ] = 0.500
 Average Recall     (AR) @[ IoU=0.50:0.95 | area= small | maxDets=100 ] = 0.122
 Average Recall     (AR) @[ IoU=0.50:0.95 | area=medium | maxDets=100 ] = 0.516
 Average Recall     (AR) @[ IoU=0.50:0.95 | area= large | maxDets=100 ] = 0.692
2026-07-30 03:31:15,357 - portable_sam_fusion - INFO - Validation segm/mAP: 0.4581
2026-07-30 03:31:15,932 - portable_sam_fusion - INFO - New best bbox/mAP: 0.6971
2026-07-30 03:31:15,932 - portable_sam_fusion - INFO - New best early-stop metric (segm/mAP): raw=0.4581 smooth(5)=0.4514
2026-07-30 03:31:18,521 - portable_sam_fusion - INFO - Saved best_bbox_model with bbox/mAP: 0.6971
2026-07-30 03:31:23,919 - portable_sam_fusion - INFO - Epoch 20/80 | train=0.299177 val=disabled segm/mAP=0.4581 bbox/mAP=0.6971 | best_segm=0.4852 best_bbox=0.6971 best_comp=0.0000 | sat_backbone=4.34e-04 mask_decoder=4.34e-04 shape_prior=4.34e-04 quality_head=4.34e-04 sat_other=4.34e-04
2026-07-30 03:31:51,455 - portable_sam_fusion - INFO - [DEBUG-BOX] epoch=21 step=5900 fallback_count=0 fallback_ratio=0 num_rois=0 refined_proposal_iou=0 refined_proposal_iou_sum=0 refined_valid_count=0
2026-07-30 03:31:51,455 - portable_sam_fusion - INFO - [DEBUG-COARSE] epoch=21 step=5900 boundary_fn=0 boundary_fp=0 boundary_tp=0 dice=0 iou=0
2026-07-30 03:31:51,455 - portable_sam_fusion - INFO - [DEBUG-CONTEXT] epoch=21 step=5900 enabled=0
2026-07-30 03:31:51,455 - portable_sam_fusion - INFO - [DEBUG-DENSE] epoch=21 step=5900 applied_delta_norm=1.109 applied_delta_ratio=0.09493 base_norm=11.68 canvas_max=8 canvas_mean=0.003557 canvas_min=-8 canvas_nonzero_ratio=0.003849 canvas_std=0.377 final_norm=11.71 residual_alpha=0.2698 shape_norm=12.4 source_delta_norm=4.109 source_delta_ratio=0.3518
2026-07-30 03:31:51,455 - portable_sam_fusion - INFO - [DEBUG-GATE] epoch=21 step=5900 shape_dense_alpha_max=0.2698 shape_dense_alpha_mean=0.2698 shape_dense_alpha_min=0.2698
2026-07-30 03:31:51,455 - portable_sam_fusion - INFO - [DEBUG-JITTER] epoch=21 step=5900 area_ratio_count=0 area_ratio_mean=0 area_ratio_sum=0 fallback_count=0 mean_iou=0 num_jittered=0 num_rois=0
2026-07-30 03:31:51,455 - portable_sam_fusion - INFO - [DEBUG-SP] epoch=21 step=5900 all_invalid_count=0 all_invalid_ratio=0 empty_count=0 empty_ratio=0 full_count=1 full_ratio=0.01562 mean_point_distance=19.01 n1_gt_valid_count=63 n1_in_gt_bg=0.8095 n1_in_gt_bg_count=51 n1_valid_count=63 n1_valid_ratio=0.9844 n2_gt_valid_count=63 n2_in_gt_bg=1 n2_in_gt_bg_count=63 n2_valid_count=63 n2_valid_ratio=0.9844 neg_in_pred_bg=1 neg_in_pred_bg_count=126 negative_pair_count=63 negative_pair_distance_sum=1831 p1_gt_valid_count=64 p1_in_gt_fg=1 p1_in_gt_fg_count=64 p1_valid_count=64 p1_valid_ratio=1 p2_gt_valid_count=64 p2_in_gt_fg=1 p2_in_gt_fg_count=64 p2_valid_count=64 p2_valid_ratio=1 point_distance_sum=2414 point_overlap_count=0 point_overlap_ratio=0 point_pair_count=127 pos_in_pred_fg=1 pos_in_pred_fg_count=128 positive_pair_count=64 positive_pair_distance_sum=582.8 roi_count=64 valid_neg_count=126 valid_pos_count=128 warmup_stage=2
2026-07-30 03:32:58,674 - portable_sam_fusion - INFO - [DEBUG-BOX] epoch=21 step=5950 fallback_count=0 fallback_ratio=0 num_rois=64 refined_proposal_iou=0 refined_proposal_iou_sum=0 refined_valid_count=0
2026-07-30 03:32:58,674 - portable_sam_fusion - INFO - [DEBUG-COARSE] epoch=21 step=5950 bce_raw=0.1317 boundary_fn=1445 boundary_fp=2034 boundary_tp=2.514e+04 dice=0.06303 dice_loss_raw=0.06303 iou=0.8831 loss_weight=0.1 raw_boundary_fn=1445 raw_boundary_fp=2034 raw_boundary_tp=2.514e+04 raw_dice_score=0.937 raw_iou=0.8831 weighted_loss=0.01948
2026-07-30 03:32:58,674 - portable_sam_fusion - INFO - [DEBUG-CONTEXT] epoch=21 step=5950 enabled=0
2026-07-30 03:32:58,674 - portable_sam_fusion - INFO - [DEBUG-DENSE] epoch=21 step=5950 applied_delta_norm=1.432 applied_delta_ratio=0.1226 base_norm=11.68 canvas_max=8 canvas_mean=0.01199 canvas_min=-8 canvas_nonzero_ratio=0.006565 canvas_std=0.4687 final_norm=11.74 residual_alpha=0.27 shape_norm=12.92 source_delta_norm=5.303 source_delta_ratio=0.4541
2026-07-30 03:32:58,674 - portable_sam_fusion - INFO - [DEBUG-GATE] epoch=21 step=5950 shape_dense_alpha_max=0.27 shape_dense_alpha_mean=0.27 shape_dense_alpha_min=0.27
2026-07-30 03:32:58,674 - portable_sam_fusion - INFO - [DEBUG-JITTER] epoch=21 step=5950 area_ratio_count=64 area_ratio_mean=1 area_ratio_sum=64 fallback_count=0 mean_iou=1 num_jittered=0 num_rois=64
2026-07-30 03:32:58,674 - portable_sam_fusion - INFO - [DEBUG-SP] epoch=21 step=5950 all_invalid_count=0 all_invalid_ratio=0 empty_count=0 empty_ratio=0 full_count=0 full_ratio=0 mean_point_distance=32.52 n1_gt_valid_count=64 n1_in_gt_bg=0.9531 n1_in_gt_bg_count=61 n1_valid_count=64 n1_valid_ratio=1 n2_gt_valid_count=64 n2_in_gt_bg=1 n2_in_gt_bg_count=64 n2_valid_count=64 n2_valid_ratio=1 neg_in_pred_bg=1 neg_in_pred_bg_count=128 negative_pair_count=64 negative_pair_distance_sum=2852 p1_gt_valid_count=64 p1_in_gt_fg=1 p1_in_gt_fg_count=64 p1_valid_count=64 p1_valid_ratio=1 p2_gt_valid_count=64 p2_in_gt_fg=1 p2_in_gt_fg_count=64 p2_valid_count=64 p2_valid_ratio=1 point_distance_sum=4162 point_overlap_count=0 point_overlap_ratio=0 point_pair_count=128 pos_in_pred_fg=1 pos_in_pred_fg_count=128 positive_pair_count=64 positive_pair_distance_sum=1310 roi_count=64 valid_neg_count=128 valid_pos_count=128 warmup_stage=2
2026-07-30 03:33:14,901 - portable_sam_fusion - INFO - epoch 21 | mini-batch 80/294 | optimizer_step 1500/5920 | lr=4.320e-04
2026-07-30 03:34:11,941 - portable_sam_fusion - INFO - [DEBUG-BOX] epoch=21 step=6000 fallback_count=0 fallback_ratio=0 num_rois=64 refined_proposal_iou=0 refined_proposal_iou_sum=0 refined_valid_count=0
2026-07-30 03:34:11,941 - portable_sam_fusion - INFO - [DEBUG-COARSE] epoch=21 step=6000 bce_raw=0.1473 boundary_fn=2542 boundary_fp=2771 boundary_tp=2.1e+04 dice=0.05586 dice_loss_raw=0.05586 iou=0.8962 loss_weight=0.1 raw_boundary_fn=2542 raw_boundary_fp=2771 raw_boundary_tp=2.1e+04 raw_dice_score=0.9441 raw_iou=0.8962 weighted_loss=0.02031
2026-07-30 03:34:11,941 - portable_sam_fusion - INFO - [DEBUG-CONTEXT] epoch=21 step=6000 enabled=0
2026-07-30 03:34:11,941 - portable_sam_fusion - INFO - [DEBUG-DENSE] epoch=21 step=6000 applied_delta_norm=1.654 applied_delta_ratio=0.1416 base_norm=11.68 canvas_max=8 canvas_mean=0.03622 canvas_min=-8 canvas_nonzero_ratio=0.01134 canvas_std=0.6354 final_norm=11.81 residual_alpha=0.2701 shape_norm=13.7 source_delta_norm=6.123 source_delta_ratio=0.5243
2026-07-30 03:34:11,941 - portable_sam_fusion - INFO - [DEBUG-GATE] epoch=21 step=6000 shape_dense_alpha_max=0.2701 shape_dense_alpha_mean=0.2701 shape_dense_alpha_min=0.2701
2026-07-30 03:34:11,941 - portable_sam_fusion - INFO - [DEBUG-JITTER] epoch=21 step=6000 area_ratio_count=64 area_ratio_mean=1 area_ratio_sum=64 fallback_count=0 mean_iou=1 num_jittered=0 num_rois=64
2026-07-30 03:34:11,941 - portable_sam_fusion - INFO - [DEBUG-SP] epoch=21 step=6000 all_invalid_count=0 all_invalid_ratio=0 empty_count=0 empty_ratio=0 full_count=3 full_ratio=0.04688 mean_point_distance=35.79 n1_gt_valid_count=61 n1_in_gt_bg=0.7049 n1_in_gt_bg_count=43 n1_valid_count=61 n1_valid_ratio=0.9531 n2_gt_valid_count=60 n2_in_gt_bg=0.9333 n2_in_gt_bg_count=56 n2_valid_count=60 n2_valid_ratio=0.9375 neg_in_pred_bg=1 neg_in_pred_bg_count=121 negative_pair_count=60 negative_pair_distance_sum=3360 p1_gt_valid_count=64 p1_in_gt_fg=1 p1_in_gt_fg_count=64 p1_valid_count=64 p1_valid_ratio=1 p2_gt_valid_count=64 p2_in_gt_fg=1 p2_in_gt_fg_count=64 p2_valid_count=64 p2_valid_ratio=1 point_distance_sum=4438 point_overlap_count=0 point_overlap_ratio=0 point_pair_count=124 pos_in_pred_fg=1 pos_in_pred_fg_count=128 positive_pair_count=64 positive_pair_distance_sum=1078 roi_count=64 valid_neg_count=121 valid_pos_count=128 warmup_stage=2
2026-07-30 03:35:30,214 - portable_sam_fusion - INFO - [DEBUG-BOX] epoch=21 step=6050 fallback_count=0 fallback_ratio=0 num_rois=64 refined_proposal_iou=0 refined_proposal_iou_sum=0 refined_valid_count=0
2026-07-30 03:35:30,214 - portable_sam_fusion - INFO - [DEBUG-COARSE] epoch=21 step=6050 bce_raw=0.2123 boundary_fn=4485 boundary_fp=4931 boundary_tp=2.255e+04 dice=0.08918 dice_loss_raw=0.08918 iou=0.8387 loss_weight=0.1 raw_boundary_fn=4485 raw_boundary_fp=4931 raw_boundary_tp=2.255e+04 raw_dice_score=0.9108 raw_iou=0.8387 weighted_loss=0.03015
2026-07-30 03:35:30,214 - portable_sam_fusion - INFO - [DEBUG-CONTEXT] epoch=21 step=6050 enabled=0
2026-07-30 03:35:30,214 - portable_sam_fusion - INFO - [DEBUG-DENSE] epoch=21 step=6050 applied_delta_norm=1.718 applied_delta_ratio=0.1471 base_norm=11.68 canvas_max=8 canvas_mean=0.01245 canvas_min=-8 canvas_nonzero_ratio=0.008314 canvas_std=0.5038 final_norm=11.76 residual_alpha=0.2703 shape_norm=13.29 source_delta_norm=6.357 source_delta_ratio=0.5444
2026-07-30 03:35:30,214 - portable_sam_fusion - INFO - [DEBUG-GATE] epoch=21 step=6050 shape_dense_alpha_max=0.2703 shape_dense_alpha_mean=0.2703 shape_dense_alpha_min=0.2703
2026-07-30 03:35:30,214 - portable_sam_fusion - INFO - [DEBUG-JITTER] epoch=21 step=6050 area_ratio_count=64 area_ratio_mean=1 area_ratio_sum=64 fallback_count=0 mean_iou=1 num_jittered=0 num_rois=64
2026-07-30 03:35:30,214 - portable_sam_fusion - INFO - [DEBUG-SP] epoch=21 step=6050 all_invalid_count=0 all_invalid_ratio=0 empty_count=0 empty_ratio=0 full_count=0 full_ratio=0 mean_point_distance=33.63 n1_gt_valid_count=64 n1_in_gt_bg=0.8594 n1_in_gt_bg_count=55 n1_valid_count=64 n1_valid_ratio=1 n2_gt_valid_count=64 n2_in_gt_bg=0.9844 n2_in_gt_bg_count=63 n2_valid_count=64 n2_valid_ratio=1 neg_in_pred_bg=1 neg_in_pred_bg_count=128 negative_pair_count=64 negative_pair_distance_sum=2857 p1_gt_valid_count=64 p1_in_gt_fg=1 p1_in_gt_fg_count=64 p1_valid_count=64 p1_valid_ratio=1 p2_gt_valid_count=64 p2_in_gt_fg=1 p2_in_gt_fg_count=64 p2_valid_count=64 p2_valid_ratio=1 point_distance_sum=4305 point_overlap_count=0 point_overlap_ratio=0 point_pair_count=128 pos_in_pred_fg=1 pos_in_pred_fg_count=128 positive_pair_count=64 positive_pair_distance_sum=1448 roi_count=64 valid_neg_count=128 valid_pos_count=128 warmup_stage=2
2026-07-30 03:36:43,062 - portable_sam_fusion - INFO - [DEBUG-BOX] epoch=21 step=6100 fallback_count=0 fallback_ratio=0 num_rois=64 refined_proposal_iou=0 refined_proposal_iou_sum=0 refined_valid_count=0
2026-07-30 03:36:43,062 - portable_sam_fusion - INFO - [DEBUG-COARSE] epoch=21 step=6100 bce_raw=0.2158 boundary_fn=3891 boundary_fp=5095 boundary_tp=1.943e+04 dice=0.0746 dice_loss_raw=0.0746 iou=0.8639 loss_weight=0.1 raw_boundary_fn=3891 raw_boundary_fp=5095 raw_boundary_tp=1.943e+04 raw_dice_score=0.9254 raw_iou=0.8639 weighted_loss=0.02904
2026-07-30 03:36:43,062 - portable_sam_fusion - INFO - [DEBUG-CONTEXT] epoch=21 step=6100 enabled=0
2026-07-30 03:36:43,062 - portable_sam_fusion - INFO - [DEBUG-DENSE] epoch=21 step=6100 applied_delta_norm=0.9981 applied_delta_ratio=0.08547 base_norm=11.68 canvas_max=8 canvas_mean=0.007043 canvas_min=-8 canvas_nonzero_ratio=0.004311 canvas_std=0.3989 final_norm=11.72 residual_alpha=0.2704 shape_norm=12.48 source_delta_norm=3.691 source_delta_ratio=0.3161
2026-07-30 03:36:43,062 - portable_sam_fusion - INFO - [DEBUG-GATE] epoch=21 step=6100 shape_dense_alpha_max=0.2704 shape_dense_alpha_mean=0.2704 shape_dense_alpha_min=0.2704
2026-07-30 03:36:43,062 - portable_sam_fusion - INFO - [DEBUG-JITTER] epoch=21 step=6100 area_ratio_count=64 area_ratio_mean=1 area_ratio_sum=64 fallback_count=0 mean_iou=1 num_jittered=0 num_rois=64
2026-07-30 03:36:43,062 - portable_sam_fusion - INFO - [DEBUG-SP] epoch=21 step=6100 all_invalid_count=0 all_invalid_ratio=0 empty_count=0 empty_ratio=0 full_count=0 full_ratio=0 mean_point_distance=19.07 n1_gt_valid_count=64 n1_in_gt_bg=0.875 n1_in_gt_bg_count=56 n1_valid_count=64 n1_valid_ratio=1 n2_gt_valid_count=64 n2_in_gt_bg=0.9688 n2_in_gt_bg_count=62 n2_valid_count=64 n2_valid_ratio=1 neg_in_pred_bg=1 neg_in_pred_bg_count=128 negative_pair_count=64 negative_pair_distance_sum=1881 p1_gt_valid_count=64 p1_in_gt_fg=1 p1_in_gt_fg_count=64 p1_valid_count=64 p1_valid_ratio=1 p2_gt_valid_count=64 p2_in_gt_fg=1 p2_in_gt_fg_count=64 p2_valid_count=64 p2_valid_ratio=1 point_distance_sum=2441 point_overlap_count=0 point_overlap_ratio=0 point_pair_count=128 pos_in_pred_fg=1 pos_in_pred_fg_count=128 positive_pair_count=64 positive_pair_distance_sum=560.4 roi_count=64 valid_neg_count=128 valid_pos_count=128 warmup_stage=2
2026-07-30 03:37:48,651 - portable_sam_fusion - INFO - [DEBUG-BOX] epoch=21 step=6150 fallback_count=0 fallback_ratio=0 num_rois=64 refined_proposal_iou=0 refined_proposal_iou_sum=0 refined_valid_count=0
2026-07-30 03:37:48,651 - portable_sam_fusion - INFO - [DEBUG-COARSE] epoch=21 step=6150 bce_raw=0.1329 boundary_fn=2096 boundary_fp=3077 boundary_tp=2.225e+04 dice=0.06165 dice_loss_raw=0.06165 iou=0.8851 loss_weight=0.1 raw_boundary_fn=2096 raw_boundary_fp=3077 raw_boundary_tp=2.225e+04 raw_dice_score=0.9384 raw_iou=0.8851 weighted_loss=0.01945
2026-07-30 03:37:48,651 - portable_sam_fusion - INFO - [DEBUG-CONTEXT] epoch=21 step=6150 enabled=0
2026-07-30 03:37:48,651 - portable_sam_fusion - INFO - [DEBUG-DENSE] epoch=21 step=6150 applied_delta_norm=1.962 applied_delta_ratio=0.168 base_norm=11.68 canvas_max=8 canvas_mean=0.00611 canvas_min=-8 canvas_nonzero_ratio=0.0223 canvas_std=0.7757 final_norm=11.92 residual_alpha=0.2704 shape_norm=14.41 source_delta_norm=7.256 source_delta_ratio=0.6214
2026-07-30 03:37:48,651 - portable_sam_fusion - INFO - [DEBUG-GATE] epoch=21 step=6150 shape_dense_alpha_max=0.2704 shape_dense_alpha_mean=0.2704 shape_dense_alpha_min=0.2704
2026-07-30 03:37:48,651 - portable_sam_fusion - INFO - [DEBUG-JITTER] epoch=21 step=6150 area_ratio_count=64 area_ratio_mean=1 area_ratio_sum=64 fallback_count=0 mean_iou=1 num_jittered=0 num_rois=64
2026-07-30 03:37:48,651 - portable_sam_fusion - INFO - [DEBUG-SP] epoch=21 step=6150 all_invalid_count=0 all_invalid_ratio=0 empty_count=0 empty_ratio=0 full_count=0 full_ratio=0 mean_point_distance=33.01 n1_gt_valid_count=64 n1_in_gt_bg=0.6875 n1_in_gt_bg_count=44 n1_valid_count=64 n1_valid_ratio=1 n2_gt_valid_count=64 n2_in_gt_bg=0.9844 n2_in_gt_bg_count=63 n2_valid_count=64 n2_valid_ratio=1 neg_in_pred_bg=1 neg_in_pred_bg_count=128 negative_pair_count=64 negative_pair_distance_sum=2984 p1_gt_valid_count=64 p1_in_gt_fg=1 p1_in_gt_fg_count=64 p1_valid_count=64 p1_valid_ratio=1 p2_gt_valid_count=64 p2_in_gt_fg=1 p2_in_gt_fg_count=64 p2_valid_count=64 p2_valid_ratio=1 point_distance_sum=4225 point_overlap_count=0 point_overlap_ratio=0 point_pair_count=128 pos_in_pred_fg=1 pos_in_pred_fg_count=128 positive_pair_count=64 positive_pair_distance_sum=1241 roi_count=64 valid_neg_count=128 valid_pos_count=128 warmup_stage=2
2026-07-30 03:37:58,335 - portable_sam_fusion - INFO - epoch 21 | mini-batch 280/294 | optimizer_step 1550/5920 | lr=4.273e-04
2026-07-30 03:38:13,240 - portable_sam_fusion - INFO - Epoch 21 detailed losses: loss_rpn_cls=0.0134, loss_rpn_bbox=0.0056, loss_cls=0.1832, acc=92.6996, loss_bbox=0.0739, loss_mask=0.0012, debug_mask_pos_rois=57.3912, debug_mask_logit_mean=-17.6917, debug_mask_logit_std=3.2882, debug_mask_prob_mean=0.0045, debug_mask_prob_ge05=0.0045, debug_mask_target_fill=0.0045, loss_shape_prior=0.0208, schedule/det_weight=1.0000
2026-07-30 03:38:13,241 - portable_sam_fusion - INFO - Epoch 21 dense residual monitor: alpha=0.267832 source_delta_norm=6.1634 applied_delta_norm=1.6506 source_delta_ratio=0.527763 applied_delta_ratio=0.141334
2026-07-30 03:38:13,241 - portable_sam_fusion - INFO - Epoch 21 primary loss shares: det=92.62% final_mask=0.40% shape=6.98% p2_boundary=0.00%
2026-07-30 03:38:13,241 - portable_sam_fusion - INFO - Epoch 21 schedule: det_loss_weight=1.000 early_stop_start=20 min_delta=0.0005
2026-07-30 03:38:13,241 - portable_sam_fusion - INFO - Epoch 21 learning rates: sat_backbone=4.27e-04, mask_decoder=4.27e-04, shape_prior=4.27e-04, quality_head=4.27e-04, sat_other=4.27e-04
2026-07-30 03:41:33,969 - portable_sam_fusion - INFO - Validation samples: GT=15926, DT=18197, avg_masks_per_image=29.02, avg_mask_fill=0.0052
creating index...
index created!
Loading and preparing results...
DONE (t=0.03s)
creating index...
index created!
Running per image evaluation...
Evaluate annotation type *bbox*
DONE (t=12.76s).
Accumulating evaluation results...
DONE (t=0.19s).
 Average Precision  (AP) @[ IoU=0.50:0.95 | area=   all | maxDets=100 ] = 0.601
 Average Precision  (AP) @[ IoU=0.50      | area=   all | maxDets=100 ] = 0.894
 Average Precision  (AP) @[ IoU=0.75      | area=   all | maxDets=100 ] = 0.775
 Average Precision  (AP) @[ IoU=0.50:0.95 | area= small | maxDets=100 ] = 0.284
 Average Precision  (AP) @[ IoU=0.50:0.95 | area=medium | maxDets=100 ] = 0.644
 Average Precision  (AP) @[ IoU=0.50:0.95 | area= large | maxDets=100 ] = 0.642
 Average Recall     (AR) @[ IoU=0.50:0.95 | area=   all | maxDets=  1 ] = 0.021
 Average Recall     (AR) @[ IoU=0.50:0.95 | area=   all | maxDets= 10 ] = 0.163
 Average Recall     (AR) @[ IoU=0.50:0.95 | area=   all | maxDets=100 ] = 0.668
 Average Recall     (AR) @[ IoU=0.50:0.95 | area= small | maxDets=100 ] = 0.421
 Average Recall     (AR) @[ IoU=0.50:0.95 | area=medium | maxDets=100 ] = 0.717
 Average Recall     (AR) @[ IoU=0.50:0.95 | area= large | maxDets=100 ] = 0.689
2026-07-30 03:41:47,152 - portable_sam_fusion - INFO - Validation bbox/mAP: 0.6007 bbox/mAP_75: 0.7752
Running per image evaluation...
Evaluate annotation type *segm*
DONE (t=11.44s).
Accumulating evaluation results...
DONE (t=0.18s).
 Average Precision  (AP) @[ IoU=0.50:0.95 | area=   all | maxDets=100 ] = 0.451
 Average Precision  (AP) @[ IoU=0.50      | area=   all | maxDets=100 ] = 0.855
 Average Precision  (AP) @[ IoU=0.75      | area=   all | maxDets=100 ] = 0.487
 Average Precision  (AP) @[ IoU=0.50:0.95 | area= small | maxDets=100 ] = 0.052
 Average Precision  (AP) @[ IoU=0.50:0.95 | area=medium | maxDets=100 ] = 0.466
 Average Precision  (AP) @[ IoU=0.50:0.95 | area= large | maxDets=100 ] = 0.643
 Average Recall     (AR) @[ IoU=0.50:0.95 | area=   all | maxDets=  1 ] = 0.020
 Average Recall     (AR) @[ IoU=0.50:0.95 | area=   all | maxDets= 10 ] = 0.142
 Average Recall     (AR) @[ IoU=0.50:0.95 | area=   all | maxDets=100 ] = 0.493
 Average Recall     (AR) @[ IoU=0.50:0.95 | area= small | maxDets=100 ] = 0.106
 Average Recall     (AR) @[ IoU=0.50:0.95 | area=medium | maxDets=100 ] = 0.510
 Average Recall     (AR) @[ IoU=0.50:0.95 | area= large | maxDets=100 ] = 0.688
2026-07-30 03:41:58,802 - portable_sam_fusion - INFO - Validation segm/mAP: 0.4508
2026-07-30 03:41:59,352 - portable_sam_fusion - INFO - New best early-stop metric (segm/mAP): raw=0.4508 smooth(5)=0.4542
2026-07-30 03:42:04,603 - portable_sam_fusion - INFO - Epoch 21/80 | train=0.298266 val=disabled segm/mAP=0.4508 bbox/mAP=0.6007 | best_segm=0.4852 best_bbox=0.6971 best_comp=0.0000 | sat_backbone=4.27e-04 mask_decoder=4.27e-04 shape_prior=4.27e-04 quality_head=4.27e-04 sat_other=4.27e-04
2026-07-30 03:42:40,811 - portable_sam_fusion - INFO - [DEBUG-BOX] epoch=22 step=6200 fallback_count=0 fallback_ratio=0 num_rois=0 refined_proposal_iou=0 refined_proposal_iou_sum=0 refined_valid_count=0
2026-07-30 03:42:40,811 - portable_sam_fusion - INFO - [DEBUG-COARSE] epoch=22 step=6200 boundary_fn=0 boundary_fp=0 boundary_tp=0 dice=0 iou=0
2026-07-30 03:42:40,811 - portable_sam_fusion - INFO - [DEBUG-CONTEXT] epoch=22 step=6200 enabled=0
2026-07-30 03:42:40,812 - portable_sam_fusion - INFO - [DEBUG-DENSE] epoch=22 step=6200 applied_delta_norm=1.19 applied_delta_ratio=0.1019 base_norm=11.68 canvas_max=8 canvas_mean=0.009759 canvas_min=-8 canvas_nonzero_ratio=0.004485 canvas_std=0.3866 final_norm=11.72 residual_alpha=0.2705 shape_norm=12.53 source_delta_norm=4.4 source_delta_ratio=0.3768
2026-07-30 03:42:40,812 - portable_sam_fusion - INFO - [DEBUG-GATE] epoch=22 step=6200 shape_dense_alpha_max=0.2705 shape_dense_alpha_mean=0.2705 shape_dense_alpha_min=0.2705
2026-07-30 03:42:40,812 - portable_sam_fusion - INFO - [DEBUG-JITTER] epoch=22 step=6200 area_ratio_count=0 area_ratio_mean=0 area_ratio_sum=0 fallback_count=0 mean_iou=0 num_jittered=0 num_rois=0
2026-07-30 03:42:40,812 - portable_sam_fusion - INFO - [DEBUG-SP] epoch=22 step=6200 all_invalid_count=0 all_invalid_ratio=0 empty_count=0 empty_ratio=0 full_count=0 full_ratio=0 mean_point_distance=21.92 n1_gt_valid_count=64 n1_in_gt_bg=0.7812 n1_in_gt_bg_count=50 n1_valid_count=64 n1_valid_ratio=1 n2_gt_valid_count=64 n2_in_gt_bg=1 n2_in_gt_bg_count=64 n2_valid_count=64 n2_valid_ratio=1 neg_in_pred_bg=1 neg_in_pred_bg_count=128 negative_pair_count=64 negative_pair_distance_sum=2099 p1_gt_valid_count=64 p1_in_gt_fg=1 p1_in_gt_fg_count=64 p1_valid_count=64 p1_valid_ratio=1 p2_gt_valid_count=64 p2_in_gt_fg=1 p2_in_gt_fg_count=64 p2_valid_count=64 p2_valid_ratio=1 point_distance_sum=2805 point_overlap_count=0 point_overlap_ratio=0 point_pair_count=128 pos_in_pred_fg=1 pos_in_pred_fg_count=128 positive_pair_count=64 positive_pair_distance_sum=705.8 roi_count=64 valid_neg_count=128 valid_pos_count=128 warmup_stage=2
2026-07-30 03:43:55,040 - portable_sam_fusion - INFO - [DEBUG-BOX] epoch=22 step=6250 fallback_count=0 fallback_ratio=0 num_rois=64 refined_proposal_iou=0 refined_proposal_iou_sum=0 refined_valid_count=0
2026-07-30 03:43:55,040 - portable_sam_fusion - INFO - [DEBUG-COARSE] epoch=22 step=6250 bce_raw=0.1911 boundary_fn=3074 boundary_fp=3198 boundary_tp=2.346e+04 dice=0.08835 dice_loss_raw=0.08835 iou=0.8418 loss_weight=0.1 raw_boundary_fn=3074 raw_boundary_fp=3198 raw_boundary_tp=2.346e+04 raw_dice_score=0.9117 raw_iou=0.8418 weighted_loss=0.02794
2026-07-30 03:43:55,040 - portable_sam_fusion - INFO - [DEBUG-CONTEXT] epoch=22 step=6250 enabled=0
2026-07-30 03:43:55,040 - portable_sam_fusion - INFO - [DEBUG-DENSE] epoch=22 step=6250 applied_delta_norm=1.542 applied_delta_ratio=0.132 base_norm=11.68 canvas_max=8 canvas_mean=0.002005 canvas_min=-8 canvas_nonzero_ratio=0.007264 canvas_std=0.5095 final_norm=11.74 residual_alpha=0.2706 shape_norm=13 source_delta_norm=5.7 source_delta_ratio=0.4881
2026-07-30 03:43:55,040 - portable_sam_fusion - INFO - [DEBUG-GATE] epoch=22 step=6250 shape_dense_alpha_max=0.2706 shape_dense_alpha_mean=0.2706 shape_dense_alpha_min=0.2706
2026-07-30 03:43:55,040 - portable_sam_fusion - INFO - [DEBUG-JITTER] epoch=22 step=6250 area_ratio_count=64 area_ratio_mean=1 area_ratio_sum=64 fallback_count=0 mean_iou=1 num_jittered=0 num_rois=64
2026-07-30 03:43:55,041 - portable_sam_fusion - INFO - [DEBUG-SP] epoch=22 step=6250 all_invalid_count=0 all_invalid_ratio=0 empty_count=0 empty_ratio=0 full_count=0 full_ratio=0 mean_point_distance=30.14 n1_gt_valid_count=64 n1_in_gt_bg=0.9219 n1_in_gt_bg_count=59 n1_valid_count=64 n1_valid_ratio=1 n2_gt_valid_count=64 n2_in_gt_bg=1 n2_in_gt_bg_count=64 n2_valid_count=64 n2_valid_ratio=1 neg_in_pred_bg=1 neg_in_pred_bg_count=128 negative_pair_count=64 negative_pair_distance_sum=2956 p1_gt_valid_count=64 p1_in_gt_fg=1 p1_in_gt_fg_count=64 p1_valid_count=64 p1_valid_ratio=1 p2_gt_valid_count=64 p2_in_gt_fg=1 p2_in_gt_fg_count=64 p2_valid_count=64 p2_valid_ratio=1 point_distance_sum=3858 point_overlap_count=0 point_overlap_ratio=0 point_pair_count=128 pos_in_pred_fg=1 pos_in_pred_fg_count=128 positive_pair_count=64 positive_pair_distance_sum=901.9 roi_count=64 valid_neg_count=128 valid_pos_count=128 warmup_stage=2
2026-07-30 03:45:07,416 - portable_sam_fusion - INFO - [DEBUG-BOX] epoch=22 step=6300 fallback_count=0 fallback_ratio=0 num_rois=64 refined_proposal_iou=0 refined_proposal_iou_sum=0 refined_valid_count=0
2026-07-30 03:45:07,416 - portable_sam_fusion - INFO - [DEBUG-COARSE] epoch=22 step=6300 bce_raw=0.1737 boundary_fn=2703 boundary_fp=3694 boundary_tp=2.254e+04 dice=0.0765 dice_loss_raw=0.0765 iou=0.8602 loss_weight=0.1 raw_boundary_fn=2703 raw_boundary_fp=3694 raw_boundary_tp=2.254e+04 raw_dice_score=0.9235 raw_iou=0.8602 weighted_loss=0.02502
2026-07-30 03:45:07,416 - portable_sam_fusion - INFO - [DEBUG-CONTEXT] epoch=22 step=6300 enabled=0
2026-07-30 03:45:07,416 - portable_sam_fusion - INFO - [DEBUG-DENSE] epoch=22 step=6300 applied_delta_norm=1.36 applied_delta_ratio=0.1165 base_norm=11.68 canvas_max=8 canvas_mean=0.00782 canvas_min=-8 canvas_nonzero_ratio=0.006526 canvas_std=0.4124 final_norm=11.74 residual_alpha=0.2707 shape_norm=12.86 source_delta_norm=5.027 source_delta_ratio=0.4304
2026-07-30 03:45:07,416 - portable_sam_fusion - INFO - [DEBUG-GATE] epoch=22 step=6300 shape_dense_alpha_max=0.2707 shape_dense_alpha_mean=0.2707 shape_dense_alpha_min=0.2707
2026-07-30 03:45:07,416 - portable_sam_fusion - INFO - [DEBUG-JITTER] epoch=22 step=6300 area_ratio_count=64 area_ratio_mean=1 area_ratio_sum=64 fallback_count=0 mean_iou=1 num_jittered=0 num_rois=64
2026-07-30 03:45:07,416 - portable_sam_fusion - INFO - [DEBUG-SP] epoch=22 step=6300 all_invalid_count=0 all_invalid_ratio=0 empty_count=0 empty_ratio=0 full_count=0 full_ratio=0 mean_point_distance=29.64 n1_gt_valid_count=64 n1_in_gt_bg=0.5781 n1_in_gt_bg_count=37 n1_valid_count=64 n1_valid_ratio=1 n2_gt_valid_count=63 n2_in_gt_bg=0.9683 n2_in_gt_bg_count=61 n2_valid_count=63 n2_valid_ratio=0.9844 neg_in_pred_bg=1 neg_in_pred_bg_count=127 negative_pair_count=63 negative_pair_distance_sum=2651 p1_gt_valid_count=64 p1_in_gt_fg=1 p1_in_gt_fg_count=64 p1_valid_count=64 p1_valid_ratio=1 p2_gt_valid_count=64 p2_in_gt_fg=1 p2_in_gt_fg_count=64 p2_valid_count=64 p2_valid_ratio=1 point_distance_sum=3764 point_overlap_count=0 point_overlap_ratio=0 point_pair_count=127 pos_in_pred_fg=1 pos_in_pred_fg_count=128 positive_pair_count=64 positive_pair_distance_sum=1112 roi_count=64 valid_neg_count=127 valid_pos_count=128 warmup_stage=2
2026-07-30 03:46:13,442 - portable_sam_fusion - INFO - [DEBUG-BOX] epoch=22 step=6350 fallback_count=0 fallback_ratio=0 num_rois=64 refined_proposal_iou=0 refined_proposal_iou_sum=0 refined_valid_count=0
2026-07-30 03:46:13,443 - portable_sam_fusion - INFO - [DEBUG-COARSE] epoch=22 step=6350 bce_raw=0.2051 boundary_fn=3452 boundary_fp=3886 boundary_tp=2.445e+04 dice=0.1177 dice_loss_raw=0.1177 iou=0.8027 loss_weight=0.1 raw_boundary_fn=3452 raw_boundary_fp=3886 raw_boundary_tp=2.445e+04 raw_dice_score=0.8823 raw_iou=0.8027 weighted_loss=0.03228
2026-07-30 03:46:13,443 - portable_sam_fusion - INFO - [DEBUG-CONTEXT] epoch=22 step=6350 enabled=0
2026-07-30 03:46:13,443 - portable_sam_fusion - INFO - [DEBUG-DENSE] epoch=22 step=6350 applied_delta_norm=1.732 applied_delta_ratio=0.1483 base_norm=11.68 canvas_max=8 canvas_mean=-0.01379 canvas_min=-8 canvas_nonzero_ratio=0.01058 canvas_std=0.6054 final_norm=11.78 residual_alpha=0.2708 shape_norm=13.53 source_delta_norm=6.397 source_delta_ratio=0.5477
2026-07-30 03:46:13,443 - portable_sam_fusion - INFO - [DEBUG-GATE] epoch=22 step=6350 shape_dense_alpha_max=0.2708 shape_dense_alpha_mean=0.2708 shape_dense_alpha_min=0.2708
2026-07-30 03:46:13,443 - portable_sam_fusion - INFO - [DEBUG-JITTER] epoch=22 step=6350 area_ratio_count=64 area_ratio_mean=1 area_ratio_sum=64 fallback_count=0 mean_iou=1 num_jittered=0 num_rois=64
2026-07-30 03:46:13,443 - portable_sam_fusion - INFO - [DEBUG-SP] epoch=22 step=6350 all_invalid_count=0 all_invalid_ratio=0 empty_count=0 empty_ratio=0 full_count=0 full_ratio=0 mean_point_distance=39.01 n1_gt_valid_count=64 n1_in_gt_bg=0.9062 n1_in_gt_bg_count=58 n1_valid_count=64 n1_valid_ratio=1 n2_gt_valid_count=64 n2_in_gt_bg=0.9844 n2_in_gt_bg_count=63 n2_valid_count=64 n2_valid_ratio=1 neg_in_pred_bg=1 neg_in_pred_bg_count=128 negative_pair_count=64 negative_pair_distance_sum=3465 p1_gt_valid_count=64 p1_in_gt_fg=0.9688 p1_in_gt_fg_count=62 p1_valid_count=64 p1_valid_ratio=1 p2_gt_valid_count=64 p2_in_gt_fg=0.9375 p2_in_gt_fg_count=60 p2_valid_count=64 p2_valid_ratio=1 point_distance_sum=4993 point_overlap_count=0 point_overlap_ratio=0 point_pair_count=128 pos_in_pred_fg=1 pos_in_pred_fg_count=128 positive_pair_count=64 positive_pair_distance_sum=1528 roi_count=64 valid_neg_count=128 valid_pos_count=128 warmup_stage=2
2026-07-30 03:46:25,922 - portable_sam_fusion - INFO - epoch 22 | mini-batch 184/294 | optimizer_step 1600/5920 | lr=4.225e-04
2026-07-30 03:47:20,964 - portable_sam_fusion - INFO - [DEBUG-BOX] epoch=22 step=6400 fallback_count=0 fallback_ratio=0 num_rois=23 refined_proposal_iou=0 refined_proposal_iou_sum=0 refined_valid_count=0
2026-07-30 03:47:20,964 - portable_sam_fusion - INFO - [DEBUG-COARSE] epoch=22 step=6400 bce_raw=0.09688 boundary_fn=226 boundary_fp=466 boundary_tp=7732 dice=0.04949 dice_loss_raw=0.04949 iou=0.9059 loss_weight=0.1 raw_boundary_fn=226 raw_boundary_fp=466 raw_boundary_tp=7732 raw_dice_score=0.9505 raw_iou=0.9059 weighted_loss=0.01464
2026-07-30 03:47:20,964 - portable_sam_fusion - INFO - [DEBUG-CONTEXT] epoch=22 step=6400 enabled=0
2026-07-30 03:47:20,964 - portable_sam_fusion - INFO - [DEBUG-DENSE] epoch=22 step=6400 applied_delta_norm=0.1646 applied_delta_ratio=0.0141 base_norm=11.68 canvas_max=8 canvas_mean=0.002715 canvas_min=-6.933 canvas_nonzero_ratio=0.0009527 canvas_std=0.1786 final_norm=11.68 residual_alpha=0.271 shape_norm=11.73 source_delta_norm=0.6075 source_delta_ratio=0.05202
2026-07-30 03:47:20,964 - portable_sam_fusion - INFO - [DEBUG-GATE] epoch=22 step=6400 shape_dense_alpha_max=0.271 shape_dense_alpha_mean=0.271 shape_dense_alpha_min=0.271
2026-07-30 03:47:20,964 - portable_sam_fusion - INFO - [DEBUG-JITTER] epoch=22 step=6400 area_ratio_count=23 area_ratio_mean=1 area_ratio_sum=23 fallback_count=0 mean_iou=1 num_jittered=0 num_rois=23
2026-07-30 03:47:20,964 - portable_sam_fusion - INFO - [DEBUG-SP] epoch=22 step=6400 all_invalid_count=0 all_invalid_ratio=0 empty_count=0 empty_ratio=0 full_count=0 full_ratio=0 mean_point_distance=8.406 n1_gt_valid_count=23 n1_in_gt_bg=0.8696 n1_in_gt_bg_count=20 n1_valid_count=23 n1_valid_ratio=1 n2_gt_valid_count=23 n2_in_gt_bg=0.9565 n2_in_gt_bg_count=22 n2_valid_count=23 n2_valid_ratio=1 neg_in_pred_bg=1 neg_in_pred_bg_count=46 negative_pair_count=23 negative_pair_distance_sum=313.7 p1_gt_valid_count=23 p1_in_gt_fg=1 p1_in_gt_fg_count=23 p1_valid_count=23 p1_valid_ratio=1 p2_gt_valid_count=23 p2_in_gt_fg=1 p2_in_gt_fg_count=23 p2_valid_count=23 p2_valid_ratio=1 point_distance_sum=386.7 point_overlap_count=0 point_overlap_ratio=0 point_pair_count=46 pos_in_pred_fg=1 pos_in_pred_fg_count=46 positive_pair_count=23 positive_pair_distance_sum=72.94 roi_count=23 valid_neg_count=46 valid_pos_count=46 warmup_stage=2
2026-07-30 03:48:30,709 - portable_sam_fusion - INFO - [DEBUG-BOX] epoch=22 step=6450 fallback_count=0 fallback_ratio=0 num_rois=64 refined_proposal_iou=0 refined_proposal_iou_sum=0 refined_valid_count=0
2026-07-30 03:48:30,710 - portable_sam_fusion - INFO - [DEBUG-COARSE] epoch=22 step=6450 bce_raw=0.1628 boundary_fn=2380 boundary_fp=3188 boundary_tp=2.368e+04 dice=0.07534 dice_loss_raw=0.07534 iou=0.8635 loss_weight=0.1 raw_boundary_fn=2380 raw_boundary_fp=3188 raw_boundary_tp=2.368e+04 raw_dice_score=0.9247 raw_iou=0.8635 weighted_loss=0.02382
2026-07-30 03:48:30,710 - portable_sam_fusion - INFO - [DEBUG-CONTEXT] epoch=22 step=6450 enabled=0
2026-07-30 03:48:30,710 - portable_sam_fusion - INFO - [DEBUG-DENSE] epoch=22 step=6450 applied_delta_norm=1.437 applied_delta_ratio=0.1231 base_norm=11.68 canvas_max=8 canvas_mean=0.007442 canvas_min=-8 canvas_nonzero_ratio=0.005988 canvas_std=0.4073 final_norm=11.73 residual_alpha=0.2712 shape_norm=12.81 source_delta_norm=5.301 source_delta_ratio=0.4539
2026-07-30 03:48:30,710 - portable_sam_fusion - INFO - [DEBUG-GATE] epoch=22 step=6450 shape_dense_alpha_max=0.2712 shape_dense_alpha_mean=0.2712 shape_dense_alpha_min=0.2712
2026-07-30 03:48:30,710 - portable_sam_fusion - INFO - [DEBUG-JITTER] epoch=22 step=6450 area_ratio_count=64 area_ratio_mean=1 area_ratio_sum=64 fallback_count=0 mean_iou=1 num_jittered=0 num_rois=64
2026-07-30 03:48:30,710 - portable_sam_fusion - INFO - [DEBUG-SP] epoch=22 step=6450 all_invalid_count=0 all_invalid_ratio=0 empty_count=0 empty_ratio=0 full_count=0 full_ratio=0 mean_point_distance=30.1 n1_gt_valid_count=64 n1_in_gt_bg=0.8281 n1_in_gt_bg_count=53 n1_valid_count=64 n1_valid_ratio=1 n2_gt_valid_count=64 n2_in_gt_bg=1 n2_in_gt_bg_count=64 n2_valid_count=64 n2_valid_ratio=1 neg_in_pred_bg=1 neg_in_pred_bg_count=128 negative_pair_count=64 negative_pair_distance_sum=2898 p1_gt_valid_count=64 p1_in_gt_fg=1 p1_in_gt_fg_count=64 p1_valid_count=64 p1_valid_ratio=1 p2_gt_valid_count=64 p2_in_gt_fg=1 p2_in_gt_fg_count=64 p2_valid_count=64 p2_valid_ratio=1 point_distance_sum=3852 point_overlap_count=0 point_overlap_ratio=0 point_pair_count=128 pos_in_pred_fg=1 pos_in_pred_fg_count=128 positive_pair_count=64 positive_pair_distance_sum=955 roi_count=64 valid_neg_count=128 valid_pos_count=128 warmup_stage=2
2026-07-30 03:49:00,621 - portable_sam_fusion - INFO - Epoch 22 detailed losses: loss_rpn_cls=0.0118, loss_rpn_bbox=0.0050, loss_cls=0.1779, acc=92.9587, loss_bbox=0.0737, loss_mask=0.0015, debug_mask_pos_rois=55.4116, debug_mask_logit_mean=-16.8898, debug_mask_logit_std=3.2578, debug_mask_prob_mean=0.0052, debug_mask_prob_ge05=0.0051, debug_mask_target_fill=0.0051, loss_shape_prior=0.0212, schedule/det_weight=1.0000
2026-07-30 03:49:00,621 - portable_sam_fusion - INFO - Epoch 22 dense residual monitor: alpha=0.268662 source_delta_norm=6.0717 applied_delta_norm=1.6315 source_delta_ratio=0.519910 applied_delta_ratio=0.139706
2026-07-30 03:49:00,621 - portable_sam_fusion - INFO - Epoch 22 primary loss shares: det=92.18% final_mask=0.53% shape=7.29% p2_boundary=0.00%
2026-07-30 03:49:00,621 - portable_sam_fusion - INFO - Epoch 22 schedule: det_loss_weight=1.000 early_stop_start=20 min_delta=0.0005
2026-07-30 03:49:00,621 - portable_sam_fusion - INFO - Epoch 22 learning rates: sat_backbone=4.20e-04, mask_decoder=4.20e-04, shape_prior=4.20e-04, quality_head=4.20e-04, sat_other=4.20e-04
2026-07-30 03:52:20,836 - portable_sam_fusion - INFO - Validation samples: GT=15926, DT=17018, avg_masks_per_image=27.14, avg_mask_fill=0.0050
creating index...
index created!
Loading and preparing results...
DONE (t=0.03s)
creating index...
index created!
Running per image evaluation...
Evaluate annotation type *bbox*
DONE (t=11.23s).
Accumulating evaluation results...
DONE (t=0.17s).
 Average Precision  (AP) @[ IoU=0.50:0.95 | area=   all | maxDets=100 ] = 0.684
 Average Precision  (AP) @[ IoU=0.50      | area=   all | maxDets=100 ] = 0.888
 Average Precision  (AP) @[ IoU=0.75      | area=   all | maxDets=100 ] = 0.816
 Average Precision  (AP) @[ IoU=0.50:0.95 | area= small | maxDets=100 ] = 0.301
 Average Precision  (AP) @[ IoU=0.50:0.95 | area=medium | maxDets=100 ] = 0.728
 Average Precision  (AP) @[ IoU=0.50:0.95 | area= large | maxDets=100 ] = 0.764
 Average Recall     (AR) @[ IoU=0.50:0.95 | area=   all | maxDets=  1 ] = 0.025
 Average Recall     (AR) @[ IoU=0.50:0.95 | area=   all | maxDets= 10 ] = 0.185
 Average Recall     (AR) @[ IoU=0.50:0.95 | area=   all | maxDets=100 ] = 0.732
 Average Recall     (AR) @[ IoU=0.50:0.95 | area= small | maxDets=100 ] = 0.410
 Average Recall     (AR) @[ IoU=0.50:0.95 | area=medium | maxDets=100 ] = 0.777
 Average Recall     (AR) @[ IoU=0.50:0.95 | area= large | maxDets=100 ] = 0.813
2026-07-30 03:52:32,473 - portable_sam_fusion - INFO - Validation bbox/mAP: 0.6837 bbox/mAP_75: 0.8161
Running per image evaluation...
Evaluate annotation type *segm*
DONE (t=11.11s).
Accumulating evaluation results...
DONE (t=0.18s).
 Average Precision  (AP) @[ IoU=0.50:0.95 | area=   all | maxDets=100 ] = 0.453
 Average Precision  (AP) @[ IoU=0.50      | area=   all | maxDets=100 ] = 0.838
 Average Precision  (AP) @[ IoU=0.75      | area=   all | maxDets=100 ] = 0.499
 Average Precision  (AP) @[ IoU=0.50:0.95 | area= small | maxDets=100 ] = 0.053
 Average Precision  (AP) @[ IoU=0.50:0.95 | area=medium | maxDets=100 ] = 0.470
 Average Precision  (AP) @[ IoU=0.50:0.95 | area= large | maxDets=100 ] = 0.651
 Average Recall     (AR) @[ IoU=0.50:0.95 | area=   all | maxDets=  1 ] = 0.021
 Average Recall     (AR) @[ IoU=0.50:0.95 | area=   all | maxDets= 10 ] = 0.144
 Average Recall     (AR) @[ IoU=0.50:0.95 | area=   all | maxDets=100 ] = 0.495
 Average Recall     (AR) @[ IoU=0.50:0.95 | area= small | maxDets=100 ] = 0.097
 Average Recall     (AR) @[ IoU=0.50:0.95 | area=medium | maxDets=100 ] = 0.510
 Average Recall     (AR) @[ IoU=0.50:0.95 | area= large | maxDets=100 ] = 0.702
2026-07-30 03:52:43,790 - portable_sam_fusion - INFO - Validation segm/mAP: 0.4534
2026-07-30 03:52:44,335 - portable_sam_fusion - INFO - New best early-stop metric (segm/mAP): raw=0.4534 smooth(5)=0.4549
2026-07-30 03:52:49,441 - portable_sam_fusion - INFO - Epoch 22/80 | train=0.291172 val=disabled segm/mAP=0.4534 bbox/mAP=0.6837 | best_segm=0.4852 best_bbox=0.6971 best_comp=0.0000 | sat_backbone=4.20e-04 mask_decoder=4.20e-04 shape_prior=4.20e-04 quality_head=4.20e-04 sat_other=4.20e-04
2026-07-30 03:53:20,603 - portable_sam_fusion - INFO - [DEBUG-BOX] epoch=23 step=6500 fallback_count=0 fallback_ratio=0 num_rois=64 refined_proposal_iou=0 refined_proposal_iou_sum=0 refined_valid_count=0
2026-07-30 03:53:20,604 - portable_sam_fusion - INFO - [DEBUG-COARSE] epoch=23 step=6500 bce_raw=0.1903 boundary_fn=3085 boundary_fp=3288 boundary_tp=2.301e+04 dice=0.07445 dice_loss_raw=0.07445 iou=0.864 loss_weight=0.1 raw_boundary_fn=3085 raw_boundary_fp=3288 raw_boundary_tp=2.301e+04 raw_dice_score=0.9256 raw_iou=0.864 weighted_loss=0.02647
2026-07-30 03:53:20,604 - portable_sam_fusion - INFO - [DEBUG-CONTEXT] epoch=23 step=6500 enabled=0
2026-07-30 03:53:20,604 - portable_sam_fusion - INFO - [DEBUG-DENSE] epoch=23 step=6500 applied_delta_norm=1.257 applied_delta_ratio=0.1077 base_norm=11.68 canvas_max=8 canvas_mean=0.01064 canvas_min=-8 canvas_nonzero_ratio=0.005521 canvas_std=0.4457 final_norm=11.73 residual_alpha=0.2713 shape_norm=12.66 source_delta_norm=4.634 source_delta_ratio=0.3968
2026-07-30 03:53:20,604 - portable_sam_fusion - INFO - [DEBUG-GATE] epoch=23 step=6500 shape_dense_alpha_max=0.2713 shape_dense_alpha_mean=0.2713 shape_dense_alpha_min=0.2713
2026-07-30 03:53:20,604 - portable_sam_fusion - INFO - [DEBUG-JITTER] epoch=23 step=6500 area_ratio_count=64 area_ratio_mean=1 area_ratio_sum=64 fallback_count=0 mean_iou=1 num_jittered=0 num_rois=64
2026-07-30 03:53:20,604 - portable_sam_fusion - INFO - [DEBUG-SP] epoch=23 step=6500 all_invalid_count=0 all_invalid_ratio=0 empty_count=0 empty_ratio=0 full_count=0 full_ratio=0 mean_point_distance=23.83 n1_gt_valid_count=64 n1_in_gt_bg=0.875 n1_in_gt_bg_count=56 n1_valid_count=64 n1_valid_ratio=1 n2_gt_valid_count=64 n2_in_gt_bg=1 n2_in_gt_bg_count=64 n2_valid_count=64 n2_valid_ratio=1 neg_in_pred_bg=1 neg_in_pred_bg_count=128 negative_pair_count=64 negative_pair_distance_sum=2273 p1_gt_valid_count=64 p1_in_gt_fg=1 p1_in_gt_fg_count=64 p1_valid_count=64 p1_valid_ratio=1 p2_gt_valid_count=64 p2_in_gt_fg=0.9844 p2_in_gt_fg_count=63 p2_valid_count=64 p2_valid_ratio=1 point_distance_sum=3051 point_overlap_count=0 point_overlap_ratio=0 point_pair_count=128 pos_in_pred_fg=1 pos_in_pred_fg_count=128 positive_pair_count=64 positive_pair_distance_sum=777.6 roi_count=64 valid_neg_count=128 valid_pos_count=128 warmup_stage=2
2026-07-30 03:54:17,764 - portable_sam_fusion - INFO - [DEBUG-BOX] epoch=23 step=6550 fallback_count=0 fallback_ratio=0 num_rois=0 refined_proposal_iou=0 refined_proposal_iou_sum=0 refined_valid_count=0
2026-07-30 03:54:17,764 - portable_sam_fusion - INFO - [DEBUG-COARSE] epoch=23 step=6550 boundary_fn=0 boundary_fp=0 boundary_tp=0 dice=0 iou=0
2026-07-30 03:54:17,764 - portable_sam_fusion - INFO - [DEBUG-CONTEXT] epoch=23 step=6550 enabled=0
2026-07-30 03:54:17,764 - portable_sam_fusion - INFO - [DEBUG-DENSE] epoch=23 step=6550 applied_delta_norm=1.504 applied_delta_ratio=0.1288 base_norm=11.68 canvas_max=8 canvas_mean=-0.006544 canvas_min=-8 canvas_nonzero_ratio=0.007741 canvas_std=0.4828 final_norm=11.75 residual_alpha=0.2715 shape_norm=13.01 source_delta_norm=5.54 source_delta_ratio=0.4744
2026-07-30 03:54:17,764 - portable_sam_fusion - INFO - [DEBUG-GATE] epoch=23 step=6550 shape_dense_alpha_max=0.2715 shape_dense_alpha_mean=0.2715 shape_dense_alpha_min=0.2715
2026-07-30 03:54:17,764 - portable_sam_fusion - INFO - [DEBUG-JITTER] epoch=23 step=6550 area_ratio_count=0 area_ratio_mean=0 area_ratio_sum=0 fallback_count=0 mean_iou=0 num_jittered=0 num_rois=0
2026-07-30 03:54:17,765 - portable_sam_fusion - INFO - [DEBUG-SP] epoch=23 step=6550 all_invalid_count=0 all_invalid_ratio=0 empty_count=0 empty_ratio=0 full_count=0 full_ratio=0 mean_point_distance=30.51 n1_gt_valid_count=64 n1_in_gt_bg=0.9219 n1_in_gt_bg_count=59 n1_valid_count=64 n1_valid_ratio=1 n2_gt_valid_count=64 n2_in_gt_bg=1 n2_in_gt_bg_count=64 n2_valid_count=64 n2_valid_ratio=1 neg_in_pred_bg=1 neg_in_pred_bg_count=128 negative_pair_count=64 negative_pair_distance_sum=2841 p1_gt_valid_count=64 p1_in_gt_fg=1 p1_in_gt_fg_count=64 p1_valid_count=64 p1_valid_ratio=1 p2_gt_valid_count=64 p2_in_gt_fg=0.9844 p2_in_gt_fg_count=63 p2_valid_count=64 p2_valid_ratio=1 point_distance_sum=3905 point_overlap_count=0 point_overlap_ratio=0 point_pair_count=128 pos_in_pred_fg=1 pos_in_pred_fg_count=128 positive_pair_count=64 positive_pair_distance_sum=1065 roi_count=64 valid_neg_count=128 valid_pos_count=128 warmup_stage=2
2026-07-30 03:54:27,414 - portable_sam_fusion - INFO - epoch 23 | mini-batch 88/294 | optimizer_step 1650/5920 | lr=4.176e-04
2026-07-30 03:55:30,351 - portable_sam_fusion - INFO - [DEBUG-BOX] epoch=23 step=6600 fallback_count=0 fallback_ratio=0 num_rois=64 refined_proposal_iou=0 refined_proposal_iou_sum=0 refined_valid_count=0
2026-07-30 03:55:30,351 - portable_sam_fusion - INFO - [DEBUG-COARSE] epoch=23 step=6600 bce_raw=0.1515 boundary_fn=2429 boundary_fp=2574 boundary_tp=2.565e+04 dice=0.08971 dice_loss_raw=0.08971 iou=0.839 loss_weight=0.1 raw_boundary_fn=2429 raw_boundary_fp=2574 raw_boundary_tp=2.565e+04 raw_dice_score=0.9103 raw_iou=0.839 weighted_loss=0.02412
2026-07-30 03:55:30,351 - portable_sam_fusion - INFO - [DEBUG-CONTEXT] epoch=23 step=6600 enabled=0
2026-07-30 03:55:30,351 - portable_sam_fusion - INFO - [DEBUG-DENSE] epoch=23 step=6600 applied_delta_norm=1.461 applied_delta_ratio=0.1251 base_norm=11.68 canvas_max=8 canvas_mean=-0.002658 canvas_min=-8 canvas_nonzero_ratio=0.006831 canvas_std=0.4916 final_norm=11.74 residual_alpha=0.2716 shape_norm=12.9 source_delta_norm=5.381 source_delta_ratio=0.4608
2026-07-30 03:55:30,351 - portable_sam_fusion - INFO - [DEBUG-GATE] epoch=23 step=6600 shape_dense_alpha_max=0.2716 shape_dense_alpha_mean=0.2716 shape_dense_alpha_min=0.2716
2026-07-30 03:55:30,351 - portable_sam_fusion - INFO - [DEBUG-JITTER] epoch=23 step=6600 area_ratio_count=64 area_ratio_mean=1 area_ratio_sum=64 fallback_count=0 mean_iou=1 num_jittered=0 num_rois=64
2026-07-30 03:55:30,351 - portable_sam_fusion - INFO - [DEBUG-SP] epoch=23 step=6600 all_invalid_count=0 all_invalid_ratio=0 empty_count=0 empty_ratio=0 full_count=0 full_ratio=0 mean_point_distance=24.66 n1_gt_valid_count=64 n1_in_gt_bg=0.9531 n1_in_gt_bg_count=61 n1_valid_count=64 n1_valid_ratio=1 n2_gt_valid_count=64 n2_in_gt_bg=1 n2_in_gt_bg_count=64 n2_valid_count=64 n2_valid_ratio=1 neg_in_pred_bg=1 neg_in_pred_bg_count=128 negative_pair_count=64 negative_pair_distance_sum=2239 p1_gt_valid_count=64 p1_in_gt_fg=1 p1_in_gt_fg_count=64 p1_valid_count=64 p1_valid_ratio=1 p2_gt_valid_count=64 p2_in_gt_fg=0.9844 p2_in_gt_fg_count=63 p2_valid_count=64 p2_valid_ratio=1 point_distance_sum=3157 point_overlap_count=0 point_overlap_ratio=0 point_pair_count=128 pos_in_pred_fg=1 pos_in_pred_fg_count=128 positive_pair_count=64 positive_pair_distance_sum=917.8 roi_count=64 valid_neg_count=128 valid_pos_count=128 warmup_stage=2
2026-07-30 03:56:43,018 - portable_sam_fusion - INFO - [DEBUG-BOX] epoch=23 step=6650 fallback_count=0 fallback_ratio=0 num_rois=64 refined_proposal_iou=0 refined_proposal_iou_sum=0 refined_valid_count=0
2026-07-30 03:56:43,018 - portable_sam_fusion - INFO - [DEBUG-COARSE] epoch=23 step=6650 bce_raw=0.1576 boundary_fn=3213 boundary_fp=3063 boundary_tp=2.406e+04 dice=0.09658 dice_loss_raw=0.09658 iou=0.83 loss_weight=0.1 raw_boundary_fn=3213 raw_boundary_fp=3063 raw_boundary_tp=2.406e+04 raw_dice_score=0.9034 raw_iou=0.83 weighted_loss=0.02542
2026-07-30 03:56:43,018 - portable_sam_fusion - INFO - [DEBUG-CONTEXT] epoch=23 step=6650 enabled=0
2026-07-30 03:56:43,018 - portable_sam_fusion - INFO - [DEBUG-DENSE] epoch=23 step=6650 applied_delta_norm=1.473 applied_delta_ratio=0.1261 base_norm=11.68 canvas_max=8 canvas_mean=-0.004945 canvas_min=-8 canvas_nonzero_ratio=0.006755 canvas_std=0.4769 final_norm=11.74 residual_alpha=0.2716 shape_norm=12.89 source_delta_norm=5.424 source_delta_ratio=0.4644
2026-07-30 03:56:43,018 - portable_sam_fusion - INFO - [DEBUG-GATE] epoch=23 step=6650 shape_dense_alpha_max=0.2716 shape_dense_alpha_mean=0.2716 shape_dense_alpha_min=0.2716
2026-07-30 03:56:43,018 - portable_sam_fusion - INFO - [DEBUG-JITTER] epoch=23 step=6650 area_ratio_count=64 area_ratio_mean=1 area_ratio_sum=64 fallback_count=0 mean_iou=1 num_jittered=0 num_rois=64
2026-07-30 03:56:43,019 - portable_sam_fusion - INFO - [DEBUG-SP] epoch=23 step=6650 all_invalid_count=0 all_invalid_ratio=0 empty_count=0 empty_ratio=0 full_count=0 full_ratio=0 mean_point_distance=26.72 n1_gt_valid_count=64 n1_in_gt_bg=0.9531 n1_in_gt_bg_count=61 n1_valid_count=64 n1_valid_ratio=1 n2_gt_valid_count=64 n2_in_gt_bg=1 n2_in_gt_bg_count=64 n2_valid_count=64 n2_valid_ratio=1 neg_in_pred_bg=1 neg_in_pred_bg_count=128 negative_pair_count=64 negative_pair_distance_sum=2508 p1_gt_valid_count=64 p1_in_gt_fg=1 p1_in_gt_fg_count=64 p1_valid_count=64 p1_valid_ratio=1 p2_gt_valid_count=64 p2_in_gt_fg=0.9844 p2_in_gt_fg_count=63 p2_valid_count=64 p2_valid_ratio=1 point_distance_sum=3421 point_overlap_count=0 point_overlap_ratio=0 point_pair_count=128 pos_in_pred_fg=1 pos_in_pred_fg_count=128 positive_pair_count=64 positive_pair_distance_sum=912.4 roi_count=64 valid_neg_count=128 valid_pos_count=128 warmup_stage=2
2026-07-30 03:57:48,614 - portable_sam_fusion - INFO - [DEBUG-BOX] epoch=23 step=6700 fallback_count=0 fallback_ratio=0 num_rois=64 refined_proposal_iou=0 refined_proposal_iou_sum=0 refined_valid_count=0
2026-07-30 03:57:48,614 - portable_sam_fusion - INFO - [DEBUG-COARSE] epoch=23 step=6700 bce_raw=0.1879 boundary_fn=3134 boundary_fp=2105 boundary_tp=2.565e+04 dice=0.08714 dice_loss_raw=0.08714 iou=0.842 loss_weight=0.1 raw_boundary_fn=3134 raw_boundary_fp=2105 raw_boundary_tp=2.565e+04 raw_dice_score=0.9129 raw_iou=0.842 weighted_loss=0.0275
2026-07-30 03:57:48,614 - portable_sam_fusion - INFO - [DEBUG-CONTEXT] epoch=23 step=6700 enabled=0
2026-07-30 03:57:48,614 - portable_sam_fusion - INFO - [DEBUG-DENSE] epoch=23 step=6700 applied_delta_norm=1.889 applied_delta_ratio=0.1617 base_norm=11.68 canvas_max=8 canvas_mean=-0.01241 canvas_min=-8 canvas_nonzero_ratio=0.01237 canvas_std=0.6687 final_norm=11.8 residual_alpha=0.2718 shape_norm=13.82 source_delta_norm=6.95 source_delta_ratio=0.5952
2026-07-30 03:57:48,614 - portable_sam_fusion - INFO - [DEBUG-GATE] epoch=23 step=6700 shape_dense_alpha_max=0.2718 shape_dense_alpha_mean=0.2718 shape_dense_alpha_min=0.2718
2026-07-30 03:57:48,615 - portable_sam_fusion - INFO - [DEBUG-JITTER] epoch=23 step=6700 area_ratio_count=64 area_ratio_mean=1 area_ratio_sum=64 fallback_count=0 mean_iou=1 num_jittered=0 num_rois=64
2026-07-30 03:57:48,615 - portable_sam_fusion - INFO - [DEBUG-SP] epoch=23 step=6700 all_invalid_count=0 all_invalid_ratio=0 empty_count=0 empty_ratio=0 full_count=0 full_ratio=0 mean_point_distance=37.86 n1_gt_valid_count=64 n1_in_gt_bg=0.8594 n1_in_gt_bg_count=55 n1_valid_count=64 n1_valid_ratio=1 n2_gt_valid_count=64 n2_in_gt_bg=1 n2_in_gt_bg_count=64 n2_valid_count=64 n2_valid_ratio=1 neg_in_pred_bg=1 neg_in_pred_bg_count=128 negative_pair_count=64 negative_pair_distance_sum=3331 p1_gt_valid_count=64 p1_in_gt_fg=1 p1_in_gt_fg_count=64 p1_valid_count=64 p1_valid_ratio=1 p2_gt_valid_count=64 p2_in_gt_fg=1 p2_in_gt_fg_count=64 p2_valid_count=64 p2_valid_ratio=1 point_distance_sum=4846 point_overlap_count=0 point_overlap_ratio=0 point_pair_count=128 pos_in_pred_fg=1 pos_in_pred_fg_count=128 positive_pair_count=64 positive_pair_distance_sum=1515 roi_count=64 valid_neg_count=128 valid_pos_count=128 warmup_stage=2
2026-07-30 03:58:59,510 - portable_sam_fusion - INFO - [DEBUG-BOX] epoch=23 step=6750 fallback_count=0 fallback_ratio=0 num_rois=64 refined_proposal_iou=0 refined_proposal_iou_sum=0 refined_valid_count=0
2026-07-30 03:58:59,510 - portable_sam_fusion - INFO - [DEBUG-COARSE] epoch=23 step=6750 bce_raw=0.1572 boundary_fn=2572 boundary_fp=2607 boundary_tp=2.475e+04 dice=0.07252 dice_loss_raw=0.07252 iou=0.8678 loss_weight=0.1 raw_boundary_fn=2572 raw_boundary_fp=2607 raw_boundary_tp=2.475e+04 raw_dice_score=0.9275 raw_iou=0.8678 weighted_loss=0.02297
2026-07-30 03:58:59,510 - portable_sam_fusion - INFO - [DEBUG-CONTEXT] epoch=23 step=6750 enabled=0
2026-07-30 03:58:59,510 - portable_sam_fusion - INFO - [DEBUG-DENSE] epoch=23 step=6750 applied_delta_norm=1.549 applied_delta_ratio=0.1326 base_norm=11.68 canvas_max=8 canvas_mean=0.004782 canvas_min=-8 canvas_nonzero_ratio=0.007661 canvas_std=0.4858 final_norm=11.75 residual_alpha=0.2719 shape_norm=13.09 source_delta_norm=5.697 source_delta_ratio=0.4878
2026-07-30 03:58:59,510 - portable_sam_fusion - INFO - [DEBUG-GATE] epoch=23 step=6750 shape_dense_alpha_max=0.2719 shape_dense_alpha_mean=0.2719 shape_dense_alpha_min=0.2719
2026-07-30 03:58:59,510 - portable_sam_fusion - INFO - [DEBUG-JITTER] epoch=23 step=6750 area_ratio_count=64 area_ratio_mean=1 area_ratio_sum=64 fallback_count=0 mean_iou=1 num_jittered=0 num_rois=64
2026-07-30 03:58:59,510 - portable_sam_fusion - INFO - [DEBUG-SP] epoch=23 step=6750 all_invalid_count=0 all_invalid_ratio=0 empty_count=0 empty_ratio=0 full_count=0 full_ratio=0 mean_point_distance=35.8 n1_gt_valid_count=64 n1_in_gt_bg=0.75 n1_in_gt_bg_count=48 n1_valid_count=64 n1_valid_ratio=1 n2_gt_valid_count=64 n2_in_gt_bg=0.9844 n2_in_gt_bg_count=63 n2_valid_count=64 n2_valid_ratio=1 neg_in_pred_bg=1 neg_in_pred_bg_count=128 negative_pair_count=64 negative_pair_distance_sum=3236 p1_gt_valid_count=64 p1_in_gt_fg=1 p1_in_gt_fg_count=64 p1_valid_count=64 p1_valid_ratio=1 p2_gt_valid_count=64 p2_in_gt_fg=1 p2_in_gt_fg_count=64 p2_valid_count=64 p2_valid_ratio=1 point_distance_sum=4582 point_overlap_count=0 point_overlap_ratio=0 point_pair_count=128 pos_in_pred_fg=1 pos_in_pred_fg_count=128 positive_pair_count=64 positive_pair_distance_sum=1346 roi_count=64 valid_neg_count=128 valid_pos_count=128 warmup_stage=2
2026-07-30 03:59:08,746 - portable_sam_fusion - INFO - epoch 23 | mini-batch 288/294 | optimizer_step 1700/5920 | lr=4.125e-04
2026-07-30 03:59:18,506 - portable_sam_fusion - INFO - Epoch 23 detailed losses: loss_rpn_cls=0.0115, loss_rpn_bbox=0.0044, loss_cls=0.1716, acc=93.3139, loss_bbox=0.0674, loss_mask=0.0013, schedule/det_weight=1.0000, debug_mask_pos_rois=56.2177, debug_mask_logit_mean=-16.8004, debug_mask_logit_std=3.1148, debug_mask_prob_mean=0.0050, debug_mask_prob_ge05=0.0050, debug_mask_target_fill=0.0050, loss_shape_prior=0.0206
2026-07-30 03:59:18,506 - portable_sam_fusion - INFO - Epoch 23 dense residual monitor: alpha=0.269493 source_delta_norm=6.1979 applied_delta_norm=1.6698 source_delta_ratio=0.530714 applied_delta_ratio=0.142985
2026-07-30 03:59:18,507 - portable_sam_fusion - INFO - Epoch 23 primary loss shares: det=92.10% final_mask=0.46% shape=7.44% p2_boundary=0.00%
2026-07-30 03:59:18,507 - portable_sam_fusion - INFO - Epoch 23 schedule: det_loss_weight=1.000 early_stop_start=20 min_delta=0.0005
2026-07-30 03:59:18,507 - portable_sam_fusion - INFO - Epoch 23 learning rates: sat_backbone=4.12e-04, mask_decoder=4.12e-04, shape_prior=4.12e-04, quality_head=4.12e-04, sat_other=4.12e-04
2026-07-30 04:03:03,347 - portable_sam_fusion - INFO - Validation samples: GT=15926, DT=18422, avg_masks_per_image=29.38, avg_mask_fill=0.0056
creating index...
index created!
Loading and preparing results...
DONE (t=0.03s)
creating index...
index created!
Running per image evaluation...
Evaluate annotation type *bbox*
DONE (t=10.99s).
Accumulating evaluation results...
DONE (t=0.18s).
 Average Precision  (AP) @[ IoU=0.50:0.95 | area=   all | maxDets=100 ] = 0.691
 Average Precision  (AP) @[ IoU=0.50      | area=   all | maxDets=100 ] = 0.906
 Average Precision  (AP) @[ IoU=0.75      | area=   all | maxDets=100 ] = 0.816
 Average Precision  (AP) @[ IoU=0.50:0.95 | area= small | maxDets=100 ] = 0.332
 Average Precision  (AP) @[ IoU=0.50:0.95 | area=medium | maxDets=100 ] = 0.732
 Average Precision  (AP) @[ IoU=0.50:0.95 | area= large | maxDets=100 ] = 0.764
 Average Recall     (AR) @[ IoU=0.50:0.95 | area=   all | maxDets=  1 ] = 0.026
 Average Recall     (AR) @[ IoU=0.50:0.95 | area=   all | maxDets= 10 ] = 0.188
 Average Recall     (AR) @[ IoU=0.50:0.95 | area=   all | maxDets=100 ] = 0.736
 Average Recall     (AR) @[ IoU=0.50:0.95 | area= small | maxDets=100 ] = 0.436
 Average Recall     (AR) @[ IoU=0.50:0.95 | area=medium | maxDets=100 ] = 0.778
 Average Recall     (AR) @[ IoU=0.50:0.95 | area= large | maxDets=100 ] = 0.807
2026-07-30 04:03:14,724 - portable_sam_fusion - INFO - Validation bbox/mAP: 0.6910 bbox/mAP_75: 0.8165
Running per image evaluation...
Evaluate annotation type *segm*
DONE (t=11.60s).
Accumulating evaluation results...
DONE (t=0.19s).
 Average Precision  (AP) @[ IoU=0.50:0.95 | area=   all | maxDets=100 ] = 0.449
 Average Precision  (AP) @[ IoU=0.50      | area=   all | maxDets=100 ] = 0.859
 Average Precision  (AP) @[ IoU=0.75      | area=   all | maxDets=100 ] = 0.475
 Average Precision  (AP) @[ IoU=0.50:0.95 | area= small | maxDets=100 ] = 0.068
 Average Precision  (AP) @[ IoU=0.50:0.95 | area=medium | maxDets=100 ] = 0.467
 Average Precision  (AP) @[ IoU=0.50:0.95 | area= large | maxDets=100 ] = 0.640
 Average Recall     (AR) @[ IoU=0.50:0.95 | area=   all | maxDets=  1 ] = 0.020
 Average Recall     (AR) @[ IoU=0.50:0.95 | area=   all | maxDets= 10 ] = 0.143
 Average Recall     (AR) @[ IoU=0.50:0.95 | area=   all | maxDets=100 ] = 0.496
 Average Recall     (AR) @[ IoU=0.50:0.95 | area= small | maxDets=100 ] = 0.113
 Average Recall     (AR) @[ IoU=0.50:0.95 | area=medium | maxDets=100 ] = 0.511
 Average Recall     (AR) @[ IoU=0.50:0.95 | area= large | maxDets=100 ] = 0.691
2026-07-30 04:03:26,537 - portable_sam_fusion - INFO - Validation segm/mAP: 0.4491
2026-07-30 04:03:27,493 - portable_sam_fusion - INFO - Early-stop metric (segm/mAP): raw=0.4491 smooth(5)=0.4543 best=0.4549 counter=1
2026-07-30 04:03:32,680 - portable_sam_fusion - INFO - Epoch 23/80 | train=0.276755 val=disabled segm/mAP=0.4491 bbox/mAP=0.6910 | best_segm=0.4852 best_bbox=0.6971 best_comp=0.0000 | sat_backbone=4.12e-04 mask_decoder=4.12e-04 shape_prior=4.12e-04 quality_head=4.12e-04 sat_other=4.12e-04
2026-07-30 04:04:09,678 - portable_sam_fusion - INFO - [DEBUG-BOX] epoch=24 step=6800 fallback_count=0 fallback_ratio=0 num_rois=64 refined_proposal_iou=0 refined_proposal_iou_sum=0 refined_valid_count=0
2026-07-30 04:04:09,678 - portable_sam_fusion - INFO - [DEBUG-COARSE] epoch=24 step=6800 bce_raw=0.1746 boundary_fn=3058 boundary_fp=2769 boundary_tp=2.447e+04 dice=0.08382 dice_loss_raw=0.08382 iou=0.8488 loss_weight=0.1 raw_boundary_fn=3058 raw_boundary_fp=2769 raw_boundary_tp=2.447e+04 raw_dice_score=0.9162 raw_iou=0.8488 weighted_loss=0.02584
2026-07-30 04:04:09,678 - portable_sam_fusion - INFO - [DEBUG-CONTEXT] epoch=24 step=6800 enabled=0
2026-07-30 04:04:09,678 - portable_sam_fusion - INFO - [DEBUG-DENSE] epoch=24 step=6800 applied_delta_norm=1.687 applied_delta_ratio=0.1445 base_norm=11.68 canvas_max=8 canvas_mean=0.005448 canvas_min=-8 canvas_nonzero_ratio=0.008085 canvas_std=0.5319 final_norm=11.75 residual_alpha=0.2721 shape_norm=13.17 source_delta_norm=6.202 source_delta_ratio=0.5311
2026-07-30 04:04:09,678 - portable_sam_fusion - INFO - [DEBUG-GATE] epoch=24 step=6800 shape_dense_alpha_max=0.2721 shape_dense_alpha_mean=0.2721 shape_dense_alpha_min=0.2721
2026-07-30 04:04:09,678 - portable_sam_fusion - INFO - [DEBUG-JITTER] epoch=24 step=6800 area_ratio_count=64 area_ratio_mean=1 area_ratio_sum=64 fallback_count=0 mean_iou=1 num_jittered=0 num_rois=64
2026-07-30 04:04:09,678 - portable_sam_fusion - INFO - [DEBUG-SP] epoch=24 step=6800 all_invalid_count=0 all_invalid_ratio=0 empty_count=0 empty_ratio=0 full_count=0 full_ratio=0 mean_point_distance=33.25 n1_gt_valid_count=64 n1_in_gt_bg=0.875 n1_in_gt_bg_count=56 n1_valid_count=64 n1_valid_ratio=1 n2_gt_valid_count=64 n2_in_gt_bg=1 n2_in_gt_bg_count=64 n2_valid_count=64 n2_valid_ratio=1 neg_in_pred_bg=1 neg_in_pred_bg_count=128 negative_pair_count=64 negative_pair_distance_sum=3072 p1_gt_valid_count=64 p1_in_gt_fg=1 p1_in_gt_fg_count=64 p1_valid_count=64 p1_valid_ratio=1 p2_gt_valid_count=64 p2_in_gt_fg=1 p2_in_gt_fg_count=64 p2_valid_count=64 p2_valid_ratio=1 point_distance_sum=4256 point_overlap_count=0 point_overlap_ratio=0 point_pair_count=128 pos_in_pred_fg=1 pos_in_pred_fg_count=128 positive_pair_count=64 positive_pair_distance_sum=1183 roi_count=64 valid_neg_count=128 valid_pos_count=128 warmup_stage=2
2026-07-30 04:05:03,022 - portable_sam_fusion - INFO - [DEBUG-BOX] epoch=24 step=6850 fallback_count=0 fallback_ratio=0 num_rois=64 refined_proposal_iou=0 refined_proposal_iou_sum=0 refined_valid_count=0
2026-07-30 04:05:03,022 - portable_sam_fusion - INFO - [DEBUG-COARSE] epoch=24 step=6850 bce_raw=0.1926 boundary_fn=3236 boundary_fp=2998 boundary_tp=2.501e+04 dice=0.1083 dice_loss_raw=0.1083 iou=0.8107 loss_weight=0.1 raw_boundary_fn=3236 raw_boundary_fp=2998 raw_boundary_tp=2.501e+04 raw_dice_score=0.8917 raw_iou=0.8107 weighted_loss=0.03008
2026-07-30 04:05:03,022 - portable_sam_fusion - INFO - [DEBUG-CONTEXT] epoch=24 step=6850 enabled=0
2026-07-30 04:05:03,022 - portable_sam_fusion - INFO - [DEBUG-DENSE] epoch=24 step=6850 applied_delta_norm=1.879 applied_delta_ratio=0.1609 base_norm=11.68 canvas_max=8 canvas_mean=-0.006528 canvas_min=-8 canvas_nonzero_ratio=0.0102 canvas_std=0.5649 final_norm=11.78 residual_alpha=0.2722 shape_norm=13.54 source_delta_norm=6.905 source_delta_ratio=0.5913
2026-07-30 04:05:03,022 - portable_sam_fusion - INFO - [DEBUG-GATE] epoch=24 step=6850 shape_dense_alpha_max=0.2722 shape_dense_alpha_mean=0.2722 shape_dense_alpha_min=0.2722
2026-07-30 04:05:03,022 - portable_sam_fusion - INFO - [DEBUG-JITTER] epoch=24 step=6850 area_ratio_count=64 area_ratio_mean=1 area_ratio_sum=64 fallback_count=0 mean_iou=1 num_jittered=0 num_rois=64
2026-07-30 04:05:03,022 - portable_sam_fusion - INFO - [DEBUG-SP] epoch=24 step=6850 all_invalid_count=0 all_invalid_ratio=0 empty_count=0 empty_ratio=0 full_count=0 full_ratio=0 mean_point_distance=41.51 n1_gt_valid_count=64 n1_in_gt_bg=0.9688 n1_in_gt_bg_count=62 n1_valid_count=64 n1_valid_ratio=1 n2_gt_valid_count=64 n2_in_gt_bg=0.9844 n2_in_gt_bg_count=63 n2_valid_count=64 n2_valid_ratio=1 neg_in_pred_bg=1 neg_in_pred_bg_count=128 negative_pair_count=64 negative_pair_distance_sum=3813 p1_gt_valid_count=64 p1_in_gt_fg=0.9844 p1_in_gt_fg_count=63 p1_valid_count=64 p1_valid_ratio=1 p2_gt_valid_count=64 p2_in_gt_fg=1 p2_in_gt_fg_count=64 p2_valid_count=64 p2_valid_ratio=1 point_distance_sum=5313 point_overlap_count=0 point_overlap_ratio=0 point_pair_count=128 pos_in_pred_fg=1 pos_in_pred_fg_count=128 positive_pair_count=64 positive_pair_distance_sum=1500 roi_count=64 valid_neg_count=128 valid_pos_count=128 warmup_stage=2
2026-07-30 04:05:56,399 - portable_sam_fusion - INFO - [DEBUG-BOX] epoch=24 step=6900 fallback_count=0 fallback_ratio=0 num_rois=64 refined_proposal_iou=0 refined_proposal_iou_sum=0 refined_valid_count=0
2026-07-30 04:05:56,399 - portable_sam_fusion - INFO - [DEBUG-COARSE] epoch=24 step=6900 bce_raw=0.1567 boundary_fn=3563 boundary_fp=2690 boundary_tp=2.272e+04 dice=0.08059 dice_loss_raw=0.08059 iou=0.8548 loss_weight=0.1 raw_boundary_fn=3563 raw_boundary_fp=2690 raw_boundary_tp=2.272e+04 raw_dice_score=0.9194 raw_iou=0.8548 weighted_loss=0.02373
2026-07-30 04:05:56,399 - portable_sam_fusion - INFO - [DEBUG-CONTEXT] epoch=24 step=6900 enabled=0
2026-07-30 04:05:56,399 - portable_sam_fusion - INFO - [DEBUG-DENSE] epoch=24 step=6900 applied_delta_norm=1.532 applied_delta_ratio=0.1312 base_norm=11.68 canvas_max=8 canvas_mean=0.0006326 canvas_min=-8 canvas_nonzero_ratio=0.007299 canvas_std=0.5165 final_norm=11.75 residual_alpha=0.2723 shape_norm=13.04 source_delta_norm=5.629 source_delta_ratio=0.482
2026-07-30 04:05:56,399 - portable_sam_fusion - INFO - [DEBUG-GATE] epoch=24 step=6900 shape_dense_alpha_max=0.2723 shape_dense_alpha_mean=0.2723 shape_dense_alpha_min=0.2723
2026-07-30 04:05:56,399 - portable_sam_fusion - INFO - [DEBUG-JITTER] epoch=24 step=6900 area_ratio_count=64 area_ratio_mean=1 area_ratio_sum=64 fallback_count=0 mean_iou=1 num_jittered=0 num_rois=64
2026-07-30 04:05:56,399 - portable_sam_fusion - INFO - [DEBUG-SP] epoch=24 step=6900 all_invalid_count=0 all_invalid_ratio=0 empty_count=0 empty_ratio=0 full_count=0 full_ratio=0 mean_point_distance=27.53 n1_gt_valid_count=64 n1_in_gt_bg=0.6719 n1_in_gt_bg_count=43 n1_valid_count=64 n1_valid_ratio=1 n2_gt_valid_count=64 n2_in_gt_bg=1 n2_in_gt_bg_count=64 n2_valid_count=64 n2_valid_ratio=1 neg_in_pred_bg=1 neg_in_pred_bg_count=128 negative_pair_count=64 negative_pair_distance_sum=2555 p1_gt_valid_count=64 p1_in_gt_fg=0.9844 p1_in_gt_fg_count=63 p1_valid_count=64 p1_valid_ratio=1 p2_gt_valid_count=64 p2_in_gt_fg=0.9844 p2_in_gt_fg_count=63 p2_valid_count=64 p2_valid_ratio=1 point_distance_sum=3524 point_overlap_count=0 point_overlap_ratio=0 point_pair_count=128 pos_in_pred_fg=1 pos_in_pred_fg_count=128 positive_pair_count=64 positive_pair_distance_sum=969.4 roi_count=64 valid_neg_count=128 valid_pos_count=128 warmup_stage=2
2026-07-30 04:07:04,777 - portable_sam_fusion - INFO - [DEBUG-BOX] epoch=24 step=6950 fallback_count=0 fallback_ratio=0 num_rois=64 refined_proposal_iou=0 refined_proposal_iou_sum=0 refined_valid_count=0
2026-07-30 04:07:04,777 - portable_sam_fusion - INFO - [DEBUG-COARSE] epoch=24 step=6950 bce_raw=0.1503 boundary_fn=2221 boundary_fp=2642 boundary_tp=2.199e+04 dice=0.05547 dice_loss_raw=0.05547 iou=0.897 loss_weight=0.1 raw_boundary_fn=2221 raw_boundary_fp=2642 raw_boundary_tp=2.199e+04 raw_dice_score=0.9445 raw_iou=0.897 weighted_loss=0.02058
2026-07-30 04:07:04,777 - portable_sam_fusion - INFO - [DEBUG-CONTEXT] epoch=24 step=6950 enabled=0
2026-07-30 04:07:04,777 - portable_sam_fusion - INFO - [DEBUG-DENSE] epoch=24 step=6950 applied_delta_norm=1.219 applied_delta_ratio=0.1044 base_norm=11.68 canvas_max=8 canvas_mean=0.01239 canvas_min=-8 canvas_nonzero_ratio=0.004712 canvas_std=0.4196 final_norm=11.73 residual_alpha=0.2724 shape_norm=12.63 source_delta_norm=4.475 source_delta_ratio=0.3832
2026-07-30 04:07:04,777 - portable_sam_fusion - INFO - [DEBUG-GATE] epoch=24 step=6950 shape_dense_alpha_max=0.2724 shape_dense_alpha_mean=0.2724 shape_dense_alpha_min=0.2724
2026-07-30 04:07:04,777 - portable_sam_fusion - INFO - [DEBUG-JITTER] epoch=24 step=6950 area_ratio_count=64 area_ratio_mean=1 area_ratio_sum=64 fallback_count=0 mean_iou=1 num_jittered=0 num_rois=64
2026-07-30 04:07:04,778 - portable_sam_fusion - INFO - [DEBUG-SP] epoch=24 step=6950 all_invalid_count=0 all_invalid_ratio=0 empty_count=0 empty_ratio=0 full_count=1 full_ratio=0.01562 mean_point_distance=23.71 n1_gt_valid_count=63 n1_in_gt_bg=0.7302 n1_in_gt_bg_count=46 n1_valid_count=63 n1_valid_ratio=0.9844 n2_gt_valid_count=63 n2_in_gt_bg=0.9206 n2_in_gt_bg_count=58 n2_valid_count=63 n2_valid_ratio=0.9844 neg_in_pred_bg=1 neg_in_pred_bg_count=126 negative_pair_count=63 negative_pair_distance_sum=2269 p1_gt_valid_count=64 p1_in_gt_fg=1 p1_in_gt_fg_count=64 p1_valid_count=64 p1_valid_ratio=1 p2_gt_valid_count=64 p2_in_gt_fg=1 p2_in_gt_fg_count=64 p2_valid_count=64 p2_valid_ratio=1 point_distance_sum=3011 point_overlap_count=0 point_overlap_ratio=0 point_pair_count=127 pos_in_pred_fg=1 pos_in_pred_fg_count=128 positive_pair_count=64 positive_pair_distance_sum=742 roi_count=64 valid_neg_count=126 valid_pos_count=128 warmup_stage=2
2026-07-30 04:07:10,787 - portable_sam_fusion - INFO - epoch 24 | mini-batch 192/294 | optimizer_step 1750/5920 | lr=4.073e-04
2026-07-30 04:08:15,110 - portable_sam_fusion - INFO - [DEBUG-BOX] epoch=24 step=7000 fallback_count=0 fallback_ratio=0 num_rois=64 refined_proposal_iou=0 refined_proposal_iou_sum=0 refined_valid_count=0
2026-07-30 04:08:15,111 - portable_sam_fusion - INFO - [DEBUG-COARSE] epoch=24 step=7000 bce_raw=0.1798 boundary_fn=3525 boundary_fp=4436 boundary_tp=2.04e+04 dice=0.07279 dice_loss_raw=0.07279 iou=0.8665 loss_weight=0.1 raw_boundary_fn=3525 raw_boundary_fp=4436 raw_boundary_tp=2.04e+04 raw_dice_score=0.9272 raw_iou=0.8665 weighted_loss=0.02526
2026-07-30 04:08:15,111 - portable_sam_fusion - INFO - [DEBUG-CONTEXT] epoch=24 step=7000 enabled=0
2026-07-30 04:08:15,111 - portable_sam_fusion - INFO - [DEBUG-DENSE] epoch=24 step=7000 applied_delta_norm=1.339 applied_delta_ratio=0.1146 base_norm=11.68 canvas_max=8 canvas_mean=0.01147 canvas_min=-8 canvas_nonzero_ratio=0.0057 canvas_std=0.4308 final_norm=11.74 residual_alpha=0.2726 shape_norm=12.85 source_delta_norm=4.912 source_delta_ratio=0.4206
2026-07-30 04:08:15,111 - portable_sam_fusion - INFO - [DEBUG-GATE] epoch=24 step=7000 shape_dense_alpha_max=0.2726 shape_dense_alpha_mean=0.2726 shape_dense_alpha_min=0.2726
2026-07-30 04:08:15,111 - portable_sam_fusion - INFO - [DEBUG-JITTER] epoch=24 step=7000 area_ratio_count=64 area_ratio_mean=1 area_ratio_sum=64 fallback_count=0 mean_iou=1 num_jittered=0 num_rois=64
2026-07-30 04:08:15,111 - portable_sam_fusion - INFO - [DEBUG-SP] epoch=24 step=7000 all_invalid_count=0 all_invalid_ratio=0 empty_count=0 empty_ratio=0 full_count=0 full_ratio=0 mean_point_distance=24.94 n1_gt_valid_count=64 n1_in_gt_bg=0.7656 n1_in_gt_bg_count=49 n1_valid_count=64 n1_valid_ratio=1 n2_gt_valid_count=63 n2_in_gt_bg=0.9683 n2_in_gt_bg_count=61 n2_valid_count=63 n2_valid_ratio=0.9844 neg_in_pred_bg=1 neg_in_pred_bg_count=127 negative_pair_count=63 negative_pair_distance_sum=2287 p1_gt_valid_count=64 p1_in_gt_fg=1 p1_in_gt_fg_count=64 p1_valid_count=64 p1_valid_ratio=1 p2_gt_valid_count=64 p2_in_gt_fg=1 p2_in_gt_fg_count=64 p2_valid_count=64 p2_valid_ratio=1 point_distance_sum=3167 point_overlap_count=0 point_overlap_ratio=0 point_pair_count=127 pos_in_pred_fg=1 pos_in_pred_fg_count=128 positive_pair_count=64 positive_pair_distance_sum=880.3 roi_count=64 valid_neg_count=127 valid_pos_count=128 warmup_stage=2
2026-07-30 04:09:20,665 - portable_sam_fusion - INFO - [DEBUG-BOX] epoch=24 step=7050 fallback_count=0 fallback_ratio=0 num_rois=64 refined_proposal_iou=0 refined_proposal_iou_sum=0 refined_valid_count=0
2026-07-30 04:09:20,666 - portable_sam_fusion - INFO - [DEBUG-COARSE] epoch=24 step=7050 bce_raw=0.1906 boundary_fn=2972 boundary_fp=3354 boundary_tp=2.357e+04 dice=0.08481 dice_loss_raw=0.08481 iou=0.8466 loss_weight=0.1 raw_boundary_fn=2972 raw_boundary_fp=3354 raw_boundary_tp=2.357e+04 raw_dice_score=0.9152 raw_iou=0.8466 weighted_loss=0.02754
2026-07-30 04:09:20,666 - portable_sam_fusion - INFO - [DEBUG-CONTEXT] epoch=24 step=7050 enabled=0
2026-07-30 04:09:20,666 - portable_sam_fusion - INFO - [DEBUG-DENSE] epoch=24 step=7050 applied_delta_norm=1.986 applied_delta_ratio=0.1701 base_norm=11.68 canvas_max=8 canvas_mean=0.009807 canvas_min=-8 canvas_nonzero_ratio=0.01052 canvas_std=0.5881 final_norm=11.78 residual_alpha=0.2728 shape_norm=13.68 source_delta_norm=7.282 source_delta_ratio=0.6235
2026-07-30 04:09:20,666 - portable_sam_fusion - INFO - [DEBUG-GATE] epoch=24 step=7050 shape_dense_alpha_max=0.2728 shape_dense_alpha_mean=0.2728 shape_dense_alpha_min=0.2728
2026-07-30 04:09:20,666 - portable_sam_fusion - INFO - [DEBUG-JITTER] epoch=24 step=7050 area_ratio_count=64 area_ratio_mean=1 area_ratio_sum=64 fallback_count=0 mean_iou=1 num_jittered=0 num_rois=64
2026-07-30 04:09:20,666 - portable_sam_fusion - INFO - [DEBUG-SP] epoch=24 step=7050 all_invalid_count=0 all_invalid_ratio=0 empty_count=0 empty_ratio=0 full_count=0 full_ratio=0 mean_point_distance=39.56 n1_gt_valid_count=64 n1_in_gt_bg=0.7344 n1_in_gt_bg_count=47 n1_valid_count=64 n1_valid_ratio=1 n2_gt_valid_count=64 n2_in_gt_bg=1 n2_in_gt_bg_count=64 n2_valid_count=64 n2_valid_ratio=1 neg_in_pred_bg=1 neg_in_pred_bg_count=128 negative_pair_count=64 negative_pair_distance_sum=3848 p1_gt_valid_count=64 p1_in_gt_fg=1 p1_in_gt_fg_count=64 p1_valid_count=64 p1_valid_ratio=1 p2_gt_valid_count=64 p2_in_gt_fg=1 p2_in_gt_fg_count=64 p2_valid_count=64 p2_valid_ratio=1 point_distance_sum=5064 point_overlap_count=0 point_overlap_ratio=0 point_pair_count=128 pos_in_pred_fg=1 pos_in_pred_fg_count=128 positive_pair_count=64 positive_pair_distance_sum=1216 roi_count=64 valid_neg_count=128 valid_pos_count=128 warmup_stage=2
2026-07-30 04:09:30,702 - portable_sam_fusion - INFO - Epoch 24 detailed losses: loss_rpn_cls=0.0130, loss_rpn_bbox=0.0052, loss_cls=0.1777, acc=93.0908, loss_bbox=0.0694, loss_mask=0.0014, debug_mask_pos_rois=58.0034, debug_mask_logit_mean=-17.0979, debug_mask_logit_std=3.2790, debug_mask_prob_mean=0.0054, debug_mask_prob_ge05=0.0053, debug_mask_target_fill=0.0054, loss_shape_prior=0.0208, schedule/det_weight=1.0000
2026-07-30 04:09:30,703 - portable_sam_fusion - INFO - Epoch 24 dense residual monitor: alpha=0.270319 source_delta_norm=6.1637 applied_delta_norm=1.6665 source_delta_ratio=0.527788 applied_delta_ratio=0.142697
2026-07-30 04:09:30,703 - portable_sam_fusion - INFO - Epoch 24 primary loss shares: det=92.28% final_mask=0.49% shape=7.23% p2_boundary=0.00%
2026-07-30 04:09:30,703 - portable_sam_fusion - INFO - Epoch 24 schedule: det_loss_weight=1.000 early_stop_start=20 min_delta=0.0005
2026-07-30 04:09:30,703 - portable_sam_fusion - INFO - Epoch 24 learning rates: sat_backbone=4.05e-04, mask_decoder=4.05e-04, shape_prior=4.05e-04, quality_head=4.05e-04, sat_other=4.05e-04
2026-07-30 04:13:15,546 - portable_sam_fusion - INFO - Validation samples: GT=15926, DT=16668, avg_masks_per_image=26.58, avg_mask_fill=0.0052
creating index...
index created!
Loading and preparing results...
DONE (t=0.02s)
creating index...
index created!
Running per image evaluation...
Evaluate annotation type *bbox*
DONE (t=10.82s).
Accumulating evaluation results...
DONE (t=0.18s).
 Average Precision  (AP) @[ IoU=0.50:0.95 | area=   all | maxDets=100 ] = 0.701
 Average Precision  (AP) @[ IoU=0.50      | area=   all | maxDets=100 ] = 0.887
 Average Precision  (AP) @[ IoU=0.75      | area=   all | maxDets=100 ] = 0.816
 Average Precision  (AP) @[ IoU=0.50:0.95 | area= small | maxDets=100 ] = 0.304
 Average Precision  (AP) @[ IoU=0.50:0.95 | area=medium | maxDets=100 ] = 0.748
 Average Precision  (AP) @[ IoU=0.50:0.95 | area= large | maxDets=100 ] = 0.789
 Average Recall     (AR) @[ IoU=0.50:0.95 | area=   all | maxDets=  1 ] = 0.026
 Average Recall     (AR) @[ IoU=0.50:0.95 | area=   all | maxDets= 10 ] = 0.191
 Average Recall     (AR) @[ IoU=0.50:0.95 | area=   all | maxDets=100 ] = 0.746
 Average Recall     (AR) @[ IoU=0.50:0.95 | area= small | maxDets=100 ] = 0.388
 Average Recall     (AR) @[ IoU=0.50:0.95 | area=medium | maxDets=100 ] = 0.796
 Average Recall     (AR) @[ IoU=0.50:0.95 | area= large | maxDets=100 ] = 0.834
2026-07-30 04:13:26,756 - portable_sam_fusion - INFO - Validation bbox/mAP: 0.7006 bbox/mAP_75: 0.8165
Running per image evaluation...
Evaluate annotation type *segm*
DONE (t=11.52s).
Accumulating evaluation results...
DONE (t=0.18s).
 Average Precision  (AP) @[ IoU=0.50:0.95 | area=   all | maxDets=100 ] = 0.440
 Average Precision  (AP) @[ IoU=0.50      | area=   all | maxDets=100 ] = 0.857
 Average Precision  (AP) @[ IoU=0.75      | area=   all | maxDets=100 ] = 0.451
 Average Precision  (AP) @[ IoU=0.50:0.95 | area= small | maxDets=100 ] = 0.062
 Average Precision  (AP) @[ IoU=0.50:0.95 | area=medium | maxDets=100 ] = 0.456
 Average Precision  (AP) @[ IoU=0.50:0.95 | area= large | maxDets=100 ] = 0.634
 Average Recall     (AR) @[ IoU=0.50:0.95 | area=   all | maxDets=  1 ] = 0.020
 Average Recall     (AR) @[ IoU=0.50:0.95 | area=   all | maxDets= 10 ] = 0.140
 Average Recall     (AR) @[ IoU=0.50:0.95 | area=   all | maxDets=100 ] = 0.490
 Average Recall     (AR) @[ IoU=0.50:0.95 | area= small | maxDets=100 ] = 0.105
 Average Recall     (AR) @[ IoU=0.50:0.95 | area=medium | maxDets=100 ] = 0.505
 Average Recall     (AR) @[ IoU=0.50:0.95 | area= large | maxDets=100 ] = 0.687
2026-07-30 04:13:38,494 - portable_sam_fusion - INFO - Validation segm/mAP: 0.4401
2026-07-30 04:13:39,080 - portable_sam_fusion - INFO - New best bbox/mAP: 0.7006
2026-07-30 04:13:39,081 - portable_sam_fusion - INFO - Early-stop metric (segm/mAP): raw=0.4401 smooth(5)=0.4503 best=0.4549 counter=2
2026-07-30 04:13:41,787 - portable_sam_fusion - INFO - Saved best_bbox_model with bbox/mAP: 0.7006
2026-07-30 04:13:47,204 - portable_sam_fusion - INFO - Epoch 24/80 | train=0.287428 val=disabled segm/mAP=0.4401 bbox/mAP=0.7006 | best_segm=0.4852 best_bbox=0.7006 best_comp=0.0000 | sat_backbone=4.05e-04 mask_decoder=4.05e-04 shape_prior=4.05e-04 quality_head=4.05e-04 sat_other=4.05e-04
2026-07-30 04:14:33,561 - portable_sam_fusion - INFO - [DEBUG-BOX] epoch=25 step=7100 fallback_count=0 fallback_ratio=0 num_rois=64 refined_proposal_iou=0 refined_proposal_iou_sum=0 refined_valid_count=0
2026-07-30 04:14:33,561 - portable_sam_fusion - INFO - [DEBUG-COARSE] epoch=25 step=7100 bce_raw=0.16 boundary_fn=2352 boundary_fp=2387 boundary_tp=2.656e+04 dice=0.09327 dice_loss_raw=0.09327 iou=0.835 loss_weight=0.1 raw_boundary_fn=2352 raw_boundary_fp=2387 raw_boundary_tp=2.656e+04 raw_dice_score=0.9067 raw_iou=0.835 weighted_loss=0.02533
2026-07-30 04:14:33,562 - portable_sam_fusion - INFO - [DEBUG-CONTEXT] epoch=25 step=7100 enabled=0
2026-07-30 04:14:33,562 - portable_sam_fusion - INFO - [DEBUG-DENSE] epoch=25 step=7100 applied_delta_norm=1.524 applied_delta_ratio=0.1305 base_norm=11.68 canvas_max=8 canvas_mean=-0.005393 canvas_min=-8 canvas_nonzero_ratio=0.006999 canvas_std=0.4773 final_norm=11.74 residual_alpha=0.2729 shape_norm=12.95 source_delta_norm=5.586 source_delta_ratio=0.4783
2026-07-30 04:14:33,562 - portable_sam_fusion - INFO - [DEBUG-GATE] epoch=25 step=7100 shape_dense_alpha_max=0.2729 shape_dense_alpha_mean=0.2729 shape_dense_alpha_min=0.2729
2026-07-30 04:14:33,562 - portable_sam_fusion - INFO - [DEBUG-JITTER] epoch=25 step=7100 area_ratio_count=64 area_ratio_mean=1 area_ratio_sum=64 fallback_count=0 mean_iou=1 num_jittered=0 num_rois=64
2026-07-30 04:14:33,562 - portable_sam_fusion - INFO - [DEBUG-SP] epoch=25 step=7100 all_invalid_count=0 all_invalid_ratio=0 empty_count=0 empty_ratio=0 full_count=0 full_ratio=0 mean_point_distance=30.43 n1_gt_valid_count=64 n1_in_gt_bg=0.9844 n1_in_gt_bg_count=63 n1_valid_count=64 n1_valid_ratio=1 n2_gt_valid_count=64 n2_in_gt_bg=1 n2_in_gt_bg_count=64 n2_valid_count=64 n2_valid_ratio=1 neg_in_pred_bg=1 neg_in_pred_bg_count=128 negative_pair_count=64 negative_pair_distance_sum=2971 p1_gt_valid_count=64 p1_in_gt_fg=0.9844 p1_in_gt_fg_count=63 p1_valid_count=64 p1_valid_ratio=1 p2_gt_valid_count=64 p2_in_gt_fg=0.9844 p2_in_gt_fg_count=63 p2_valid_count=64 p2_valid_ratio=1 point_distance_sum=3895 point_overlap_count=0 point_overlap_ratio=0 point_pair_count=128 pos_in_pred_fg=1 pos_in_pred_fg_count=128 positive_pair_count=64 positive_pair_distance_sum=924.3 roi_count=64 valid_neg_count=128 valid_pos_count=128 warmup_stage=2
2026-07-30 04:15:23,446 - portable_sam_fusion - INFO - [DEBUG-BOX] epoch=25 step=7150 fallback_count=0 fallback_ratio=0 num_rois=64 refined_proposal_iou=0 refined_proposal_iou_sum=0 refined_valid_count=0
2026-07-30 04:15:23,446 - portable_sam_fusion - INFO - [DEBUG-COARSE] epoch=25 step=7150 bce_raw=0.1973 boundary_fn=2710 boundary_fp=3800 boundary_tp=1.964e+04 dice=0.06568 dice_loss_raw=0.06568 iou=0.8831 loss_weight=0.1 raw_boundary_fn=2710 raw_boundary_fp=3800 raw_boundary_tp=1.964e+04 raw_dice_score=0.9343 raw_iou=0.8831 weighted_loss=0.0263
2026-07-30 04:15:23,446 - portable_sam_fusion - INFO - [DEBUG-CONTEXT] epoch=25 step=7150 enabled=0
2026-07-30 04:15:23,446 - portable_sam_fusion - INFO - [DEBUG-DENSE] epoch=25 step=7150 applied_delta_norm=2.201 applied_delta_ratio=0.1884 base_norm=11.68 canvas_max=8 canvas_mean=0.04649 canvas_min=-8 canvas_nonzero_ratio=0.0139 canvas_std=0.5999 final_norm=11.85 residual_alpha=0.273 shape_norm=14.47 source_delta_norm=8.061 source_delta_ratio=0.6903
2026-07-30 04:15:23,446 - portable_sam_fusion - INFO - [DEBUG-GATE] epoch=25 step=7150 shape_dense_alpha_max=0.273 shape_dense_alpha_mean=0.273 shape_dense_alpha_min=0.273
2026-07-30 04:15:23,446 - portable_sam_fusion - INFO - [DEBUG-JITTER] epoch=25 step=7150 area_ratio_count=64 area_ratio_mean=1 area_ratio_sum=64 fallback_count=0 mean_iou=1 num_jittered=0 num_rois=64
2026-07-30 04:15:23,446 - portable_sam_fusion - INFO - [DEBUG-SP] epoch=25 step=7150 all_invalid_count=0 all_invalid_ratio=0 empty_count=0 empty_ratio=0 full_count=3 full_ratio=0.04688 mean_point_distance=37.06 n1_gt_valid_count=61 n1_in_gt_bg=0.8033 n1_in_gt_bg_count=49 n1_valid_count=61 n1_valid_ratio=0.9531 n2_gt_valid_count=60 n2_in_gt_bg=0.8333 n2_in_gt_bg_count=50 n2_valid_count=60 n2_valid_ratio=0.9375 neg_in_pred_bg=1 neg_in_pred_bg_count=121 negative_pair_count=60 negative_pair_distance_sum=3297 p1_gt_valid_count=64 p1_in_gt_fg=0.9844 p1_in_gt_fg_count=63 p1_valid_count=64 p1_valid_ratio=1 p2_gt_valid_count=64 p2_in_gt_fg=1 p2_in_gt_fg_count=64 p2_valid_count=64 p2_valid_ratio=1 point_distance_sum=4595 point_overlap_count=0 point_overlap_ratio=0 point_pair_count=124 pos_in_pred_fg=1 pos_in_pred_fg_count=128 positive_pair_count=64 positive_pair_distance_sum=1298 roi_count=64 valid_neg_count=121 valid_pos_count=128 warmup_stage=2
2026-07-30 04:15:24,666 - portable_sam_fusion - INFO - epoch 25 | mini-batch 96/294 | optimizer_step 1800/5920 | lr=4.020e-04
2026-07-30 04:16:14,321 - portable_sam_fusion - INFO - [DEBUG-BOX] epoch=25 step=7200 fallback_count=0 fallback_ratio=0 num_rois=64 refined_proposal_iou=0 refined_proposal_iou_sum=0 refined_valid_count=0
2026-07-30 04:16:14,322 - portable_sam_fusion - INFO - [DEBUG-COARSE] epoch=25 step=7200 bce_raw=0.1225 boundary_fn=1927 boundary_fp=2054 boundary_tp=2.223e+04 dice=0.05489 dice_loss_raw=0.05489 iou=0.8969 loss_weight=0.1 raw_boundary_fn=1927 raw_boundary_fp=2054 raw_boundary_tp=2.223e+04 raw_dice_score=0.9451 raw_iou=0.8969 weighted_loss=0.01774
2026-07-30 04:16:14,322 - portable_sam_fusion - INFO - [DEBUG-CONTEXT] epoch=25 step=7200 enabled=0
2026-07-30 04:16:14,322 - portable_sam_fusion - INFO - [DEBUG-DENSE] epoch=25 step=7200 applied_delta_norm=1.682 applied_delta_ratio=0.144 base_norm=11.68 canvas_max=8 canvas_mean=0.019 canvas_min=-8 canvas_nonzero_ratio=0.01623 canvas_std=0.6926 final_norm=11.85 residual_alpha=0.2731 shape_norm=13.66 source_delta_norm=6.159 source_delta_ratio=0.5274
2026-07-30 04:16:14,322 - portable_sam_fusion - INFO - [DEBUG-GATE] epoch=25 step=7200 shape_dense_alpha_max=0.2731 shape_dense_alpha_mean=0.2731 shape_dense_alpha_min=0.2731
2026-07-30 04:16:14,322 - portable_sam_fusion - INFO - [DEBUG-JITTER] epoch=25 step=7200 area_ratio_count=64 area_ratio_mean=1 area_ratio_sum=64 fallback_count=0 mean_iou=1 num_jittered=0 num_rois=64
2026-07-30 04:16:14,322 - portable_sam_fusion - INFO - [DEBUG-SP] epoch=25 step=7200 all_invalid_count=0 all_invalid_ratio=0 empty_count=0 empty_ratio=0 full_count=0 full_ratio=0 mean_point_distance=33.21 n1_gt_valid_count=64 n1_in_gt_bg=0.8125 n1_in_gt_bg_count=52 n1_valid_count=64 n1_valid_ratio=1 n2_gt_valid_count=64 n2_in_gt_bg=1 n2_in_gt_bg_count=64 n2_valid_count=64 n2_valid_ratio=1 neg_in_pred_bg=1 neg_in_pred_bg_count=128 negative_pair_count=64 negative_pair_distance_sum=3151 p1_gt_valid_count=64 p1_in_gt_fg=1 p1_in_gt_fg_count=64 p1_valid_count=64 p1_valid_ratio=1 p2_gt_valid_count=64 p2_in_gt_fg=1 p2_in_gt_fg_count=64 p2_valid_count=64 p2_valid_ratio=1 point_distance_sum=4251 point_overlap_count=0 point_overlap_ratio=0 point_pair_count=128 pos_in_pred_fg=1 pos_in_pred_fg_count=128 positive_pair_count=64 positive_pair_distance_sum=1100 roi_count=64 valid_neg_count=128 valid_pos_count=128 warmup_stage=2
2026-07-30 04:17:06,325 - portable_sam_fusion - INFO - [DEBUG-BOX] epoch=25 step=7250 fallback_count=0 fallback_ratio=0 num_rois=64 refined_proposal_iou=0 refined_proposal_iou_sum=0 refined_valid_count=0
2026-07-30 04:17:06,325 - portable_sam_fusion - INFO - [DEBUG-COARSE] epoch=25 step=7250 bce_raw=0.1559 boundary_fn=3172 boundary_fp=1896 boundary_tp=2.49e+04 dice=0.08144 dice_loss_raw=0.08144 iou=0.8513 loss_weight=0.1 raw_boundary_fn=3172 raw_boundary_fp=1896 raw_boundary_tp=2.49e+04 raw_dice_score=0.9186 raw_iou=0.8513 weighted_loss=0.02373
2026-07-30 04:17:06,325 - portable_sam_fusion - INFO - [DEBUG-CONTEXT] epoch=25 step=7250 enabled=0
2026-07-30 04:17:06,325 - portable_sam_fusion - INFO - [DEBUG-DENSE] epoch=25 step=7250 applied_delta_norm=1.798 applied_delta_ratio=0.1539 base_norm=11.68 canvas_max=8 canvas_mean=-8.776e-05 canvas_min=-8 canvas_nonzero_ratio=0.008952 canvas_std=0.5446 final_norm=11.77 residual_alpha=0.2732 shape_norm=13.42 source_delta_norm=6.58 source_delta_ratio=0.5635
2026-07-30 04:17:06,325 - portable_sam_fusion - INFO - [DEBUG-GATE] epoch=25 step=7250 shape_dense_alpha_max=0.2732 shape_dense_alpha_mean=0.2732 shape_dense_alpha_min=0.2732
2026-07-30 04:17:06,325 - portable_sam_fusion - INFO - [DEBUG-JITTER] epoch=25 step=7250 area_ratio_count=64 area_ratio_mean=1 area_ratio_sum=64 fallback_count=0 mean_iou=1 num_jittered=0 num_rois=64
2026-07-30 04:17:06,325 - portable_sam_fusion - INFO - [DEBUG-SP] epoch=25 step=7250 all_invalid_count=0 all_invalid_ratio=0 empty_count=0 empty_ratio=0 full_count=0 full_ratio=0 mean_point_distance=33.18 n1_gt_valid_count=64 n1_in_gt_bg=0.7969 n1_in_gt_bg_count=51 n1_valid_count=64 n1_valid_ratio=1 n2_gt_valid_count=64 n2_in_gt_bg=1 n2_in_gt_bg_count=64 n2_valid_count=64 n2_valid_ratio=1 neg_in_pred_bg=1 neg_in_pred_bg_count=128 negative_pair_count=64 negative_pair_distance_sum=2873 p1_gt_valid_count=64 p1_in_gt_fg=1 p1_in_gt_fg_count=64 p1_valid_count=64 p1_valid_ratio=1 p2_gt_valid_count=64 p2_in_gt_fg=1 p2_in_gt_fg_count=64 p2_valid_count=64 p2_valid_ratio=1 point_distance_sum=4247 point_overlap_count=0 point_overlap_ratio=0 point_pair_count=128 pos_in_pred_fg=1 pos_in_pred_fg_count=128 positive_pair_count=64 positive_pair_distance_sum=1375 roi_count=64 valid_neg_count=128 valid_pos_count=128 warmup_stage=2
2026-07-30 04:18:00,955 - portable_sam_fusion - INFO - [DEBUG-BOX] epoch=25 step=7300 fallback_count=0 fallback_ratio=0 num_rois=64 refined_proposal_iou=0 refined_proposal_iou_sum=0 refined_valid_count=0
2026-07-30 04:18:00,955 - portable_sam_fusion - INFO - [DEBUG-COARSE] epoch=25 step=7300 bce_raw=0.1595 boundary_fn=2545 boundary_fp=2545 boundary_tp=2.584e+04 dice=0.08934 dice_loss_raw=0.08934 iou=0.839 loss_weight=0.1 raw_boundary_fn=2545 raw_boundary_fp=2545 raw_boundary_tp=2.584e+04 raw_dice_score=0.9107 raw_iou=0.839 weighted_loss=0.02488
2026-07-30 04:18:00,955 - portable_sam_fusion - INFO - [DEBUG-CONTEXT] epoch=25 step=7300 enabled=0
2026-07-30 04:18:00,955 - portable_sam_fusion - INFO - [DEBUG-DENSE] epoch=25 step=7300 applied_delta_norm=1.779 applied_delta_ratio=0.1524 base_norm=11.68 canvas_max=8 canvas_mean=-0.006831 canvas_min=-8 canvas_nonzero_ratio=0.009333 canvas_std=0.5716 final_norm=11.76 residual_alpha=0.2734 shape_norm=13.32 source_delta_norm=6.509 source_delta_ratio=0.5574
2026-07-30 04:18:00,956 - portable_sam_fusion - INFO - [DEBUG-GATE] epoch=25 step=7300 shape_dense_alpha_max=0.2734 shape_dense_alpha_mean=0.2734 shape_dense_alpha_min=0.2734
2026-07-30 04:18:00,956 - portable_sam_fusion - INFO - [DEBUG-JITTER] epoch=25 step=7300 area_ratio_count=64 area_ratio_mean=1 area_ratio_sum=64 fallback_count=0 mean_iou=1 num_jittered=0 num_rois=64
2026-07-30 04:18:00,956 - portable_sam_fusion - INFO - [DEBUG-SP] epoch=25 step=7300 all_invalid_count=0 all_invalid_ratio=0 empty_count=0 empty_ratio=0 full_count=0 full_ratio=0 mean_point_distance=29.67 n1_gt_valid_count=64 n1_in_gt_bg=0.9844 n1_in_gt_bg_count=63 n1_valid_count=64 n1_valid_ratio=1 n2_gt_valid_count=64 n2_in_gt_bg=1 n2_in_gt_bg_count=64 n2_valid_count=64 n2_valid_ratio=1 neg_in_pred_bg=1 neg_in_pred_bg_count=128 negative_pair_count=64 negative_pair_distance_sum=2545 p1_gt_valid_count=64 p1_in_gt_fg=0.9844 p1_in_gt_fg_count=63 p1_valid_count=64 p1_valid_ratio=1 p2_gt_valid_count=64 p2_in_gt_fg=1 p2_in_gt_fg_count=64 p2_valid_count=64 p2_valid_ratio=1 point_distance_sum=3797 point_overlap_count=0 point_overlap_ratio=0 point_pair_count=128 pos_in_pred_fg=1 pos_in_pred_fg_count=128 positive_pair_count=64 positive_pair_distance_sum=1252 roi_count=64 valid_neg_count=128 valid_pos_count=128 warmup_stage=2
2026-07-30 04:19:00,230 - portable_sam_fusion - INFO - [DEBUG-BOX] epoch=25 step=7350 fallback_count=0 fallback_ratio=0 num_rois=64 refined_proposal_iou=0 refined_proposal_iou_sum=0 refined_valid_count=0
2026-07-30 04:19:00,231 - portable_sam_fusion - INFO - [DEBUG-COARSE] epoch=25 step=7350 bce_raw=0.1427 boundary_fn=2526 boundary_fp=2043 boundary_tp=2.528e+04 dice=0.07946 dice_loss_raw=0.07946 iou=0.8563 loss_weight=0.1 raw_boundary_fn=2526 raw_boundary_fp=2043 raw_boundary_tp=2.528e+04 raw_dice_score=0.9205 raw_iou=0.8563 weighted_loss=0.02221
2026-07-30 04:19:00,231 - portable_sam_fusion - INFO - [DEBUG-CONTEXT] epoch=25 step=7350 enabled=0
2026-07-30 04:19:00,231 - portable_sam_fusion - INFO - [DEBUG-DENSE] epoch=25 step=7350 applied_delta_norm=1.68 applied_delta_ratio=0.1438 base_norm=11.68 canvas_max=8 canvas_mean=-0.001809 canvas_min=-8 canvas_nonzero_ratio=0.008147 canvas_std=0.5346 final_norm=11.76 residual_alpha=0.2736 shape_norm=13.17 source_delta_norm=6.14 source_delta_ratio=0.5258
2026-07-30 04:19:00,231 - portable_sam_fusion - INFO - [DEBUG-GATE] epoch=25 step=7350 shape_dense_alpha_max=0.2736 shape_dense_alpha_mean=0.2736 shape_dense_alpha_min=0.2736
2026-07-30 04:19:00,231 - portable_sam_fusion - INFO - [DEBUG-JITTER] epoch=25 step=7350 area_ratio_count=64 area_ratio_mean=1 area_ratio_sum=64 fallback_count=0 mean_iou=1 num_jittered=0 num_rois=64
2026-07-30 04:19:00,231 - portable_sam_fusion - INFO - [DEBUG-SP] epoch=25 step=7350 all_invalid_count=0 all_invalid_ratio=0 empty_count=0 empty_ratio=0 full_count=0 full_ratio=0 mean_point_distance=28.99 n1_gt_valid_count=64 n1_in_gt_bg=0.9219 n1_in_gt_bg_count=59 n1_valid_count=64 n1_valid_ratio=1 n2_gt_valid_count=64 n2_in_gt_bg=1 n2_in_gt_bg_count=64 n2_valid_count=64 n2_valid_ratio=1 neg_in_pred_bg=1 neg_in_pred_bg_count=128 negative_pair_count=64 negative_pair_distance_sum=2809 p1_gt_valid_count=64 p1_in_gt_fg=1 p1_in_gt_fg_count=64 p1_valid_count=64 p1_valid_ratio=1 p2_gt_valid_count=64 p2_in_gt_fg=1 p2_in_gt_fg_count=64 p2_valid_count=64 p2_valid_ratio=1 point_distance_sum=3711 point_overlap_count=0 point_overlap_ratio=0 point_pair_count=128 pos_in_pred_fg=1 pos_in_pred_fg_count=128 positive_pair_count=64 positive_pair_distance_sum=902.1 roi_count=64 valid_neg_count=128 valid_pos_count=128 warmup_stage=2
2026-07-30 04:19:00,562 - portable_sam_fusion - INFO - epoch 25 | mini-batch 294/294 | optimizer_step 1850/5920 | lr=3.966e-04
2026-07-30 04:19:00,640 - portable_sam_fusion - INFO - Epoch 25 detailed losses: loss_rpn_cls=0.0129, loss_rpn_bbox=0.0048, loss_cls=0.1644, acc=93.5229, loss_bbox=0.0709, loss_mask=0.0014, debug_mask_pos_rois=56.0544, debug_mask_logit_mean=-16.9593, debug_mask_logit_std=3.2906, debug_mask_prob_mean=0.0050, debug_mask_prob_ge05=0.0050, debug_mask_target_fill=0.0050, loss_shape_prior=0.0205, schedule/det_weight=1.0000
2026-07-30 04:19:00,640 - portable_sam_fusion - INFO - Epoch 25 dense residual monitor: alpha=0.271211 source_delta_norm=6.0795 applied_delta_norm=1.6487 source_delta_ratio=0.520577 applied_delta_ratio=0.141176
2026-07-30 04:19:00,640 - portable_sam_fusion - INFO - Epoch 25 primary loss shares: det=92.02% final_mask=0.53% shape=7.46% p2_boundary=0.00%
2026-07-30 04:19:00,640 - portable_sam_fusion - INFO - Epoch 25 schedule: det_loss_weight=1.000 early_stop_start=20 min_delta=0.0005
2026-07-30 04:19:00,641 - portable_sam_fusion - INFO - Epoch 25 learning rates: sat_backbone=3.97e-04, mask_decoder=3.97e-04, shape_prior=3.97e-04, quality_head=3.97e-04, sat_other=3.97e-04
2026-07-30 04:23:00,791 - portable_sam_fusion - INFO - Validation samples: GT=15926, DT=17362, avg_masks_per_image=27.69, avg_mask_fill=0.0056
creating index...
index created!
Loading and preparing results...
DONE (t=0.03s)
creating index...
index created!
Running per image evaluation...
Evaluate annotation type *bbox*
DONE (t=11.00s).
Accumulating evaluation results...
DONE (t=0.18s).
 Average Precision  (AP) @[ IoU=0.50:0.95 | area=   all | maxDets=100 ] = 0.709
 Average Precision  (AP) @[ IoU=0.50      | area=   all | maxDets=100 ] = 0.898
 Average Precision  (AP) @[ IoU=0.75      | area=   all | maxDets=100 ] = 0.826
 Average Precision  (AP) @[ IoU=0.50:0.95 | area= small | maxDets=100 ] = 0.329
 Average Precision  (AP) @[ IoU=0.50:0.95 | area=medium | maxDets=100 ] = 0.756
 Average Precision  (AP) @[ IoU=0.50:0.95 | area= large | maxDets=100 ] = 0.789
 Average Recall     (AR) @[ IoU=0.50:0.95 | area=   all | maxDets=  1 ] = 0.026
 Average Recall     (AR) @[ IoU=0.50:0.95 | area=   all | maxDets= 10 ] = 0.191
 Average Recall     (AR) @[ IoU=0.50:0.95 | area=   all | maxDets=100 ] = 0.755
 Average Recall     (AR) @[ IoU=0.50:0.95 | area= small | maxDets=100 ] = 0.431
 Average Recall     (AR) @[ IoU=0.50:0.95 | area=medium | maxDets=100 ] = 0.801
 Average Recall     (AR) @[ IoU=0.50:0.95 | area= large | maxDets=100 ] = 0.830
2026-07-30 04:23:12,214 - portable_sam_fusion - INFO - Validation bbox/mAP: 0.7089 bbox/mAP_75: 0.8260
Running per image evaluation...
Evaluate annotation type *segm*
DONE (t=11.41s).
Accumulating evaluation results...
DONE (t=0.18s).
 Average Precision  (AP) @[ IoU=0.50:0.95 | area=   all | maxDets=100 ] = 0.446
 Average Precision  (AP) @[ IoU=0.50      | area=   all | maxDets=100 ] = 0.858
 Average Precision  (AP) @[ IoU=0.75      | area=   all | maxDets=100 ] = 0.460
 Average Precision  (AP) @[ IoU=0.50:0.95 | area= small | maxDets=100 ] = 0.060
 Average Precision  (AP) @[ IoU=0.50:0.95 | area=medium | maxDets=100 ] = 0.456
 Average Precision  (AP) @[ IoU=0.50:0.95 | area= large | maxDets=100 ] = 0.641
 Average Recall     (AR) @[ IoU=0.50:0.95 | area=   all | maxDets=  1 ] = 0.021
 Average Recall     (AR) @[ IoU=0.50:0.95 | area=   all | maxDets= 10 ] = 0.142
 Average Recall     (AR) @[ IoU=0.50:0.95 | area=   all | maxDets=100 ] = 0.489
 Average Recall     (AR) @[ IoU=0.50:0.95 | area= small | maxDets=100 ] = 0.109
 Average Recall     (AR) @[ IoU=0.50:0.95 | area=medium | maxDets=100 ] = 0.504
 Average Recall     (AR) @[ IoU=0.50:0.95 | area= large | maxDets=100 ] = 0.685
2026-07-30 04:23:23,830 - portable_sam_fusion - INFO - Validation segm/mAP: 0.4460
2026-07-30 04:23:24,389 - portable_sam_fusion - INFO - New best bbox/mAP: 0.7089
2026-07-30 04:23:24,389 - portable_sam_fusion - INFO - Early-stop metric (segm/mAP): raw=0.4460 smooth(5)=0.4479 best=0.4549 counter=3
2026-07-30 04:23:27,004 - portable_sam_fusion - INFO - Saved best_bbox_model with bbox/mAP: 0.7089
2026-07-30 04:23:32,382 - portable_sam_fusion - INFO - Epoch 25/80 | train=0.274957 val=disabled segm/mAP=0.4460 bbox/mAP=0.7089 | best_segm=0.4852 best_bbox=0.7089 best_comp=0.0000 | sat_backbone=3.97e-04 mask_decoder=3.97e-04 shape_prior=3.97e-04 quality_head=3.97e-04 sat_other=3.97e-04
2026-07-30 04:24:43,740 - portable_sam_fusion - INFO - [DEBUG-BOX] epoch=26 step=7400 fallback_count=0 fallback_ratio=0 num_rois=0 refined_proposal_iou=0 refined_proposal_iou_sum=0 refined_valid_count=0
2026-07-30 04:24:43,741 - portable_sam_fusion - INFO - [DEBUG-COARSE] epoch=26 step=7400 boundary_fn=0 boundary_fp=0 boundary_tp=0 dice=0 iou=0
2026-07-30 04:24:43,741 - portable_sam_fusion - INFO - [DEBUG-CONTEXT] epoch=26 step=7400 enabled=0
2026-07-30 04:24:43,741 - portable_sam_fusion - INFO - [DEBUG-DENSE] epoch=26 step=7400 applied_delta_norm=1.846 applied_delta_ratio=0.1581 base_norm=11.68 canvas_max=8 canvas_mean=0.003237 canvas_min=-8 canvas_nonzero_ratio=0.009748 canvas_std=0.5817 final_norm=11.77 residual_alpha=0.2738 shape_norm=13.45 source_delta_norm=6.745 source_delta_ratio=0.5775
2026-07-30 04:24:43,741 - portable_sam_fusion - INFO - [DEBUG-GATE] epoch=26 step=7400 shape_dense_alpha_max=0.2738 shape_dense_alpha_mean=0.2738 shape_dense_alpha_min=0.2738
2026-07-30 04:24:43,741 - portable_sam_fusion - INFO - [DEBUG-JITTER] epoch=26 step=7400 area_ratio_count=0 area_ratio_mean=0 area_ratio_sum=0 fallback_count=0 mean_iou=0 num_jittered=0 num_rois=0
2026-07-30 04:24:43,741 - portable_sam_fusion - INFO - [DEBUG-SP] epoch=26 step=7400 all_invalid_count=0 all_invalid_ratio=0 empty_count=0 empty_ratio=0 full_count=0 full_ratio=0 mean_point_distance=35.86 n1_gt_valid_count=64 n1_in_gt_bg=0.9531 n1_in_gt_bg_count=61 n1_valid_count=64 n1_valid_ratio=1 n2_gt_valid_count=64 n2_in_gt_bg=1 n2_in_gt_bg_count=64 n2_valid_count=64 n2_valid_ratio=1 neg_in_pred_bg=1 neg_in_pred_bg_count=128 negative_pair_count=64 negative_pair_distance_sum=3383 p1_gt_valid_count=64 p1_in_gt_fg=1 p1_in_gt_fg_count=64 p1_valid_count=64 p1_valid_ratio=1 p2_gt_valid_count=64 p2_in_gt_fg=1 p2_in_gt_fg_count=64 p2_valid_count=64 p2_valid_ratio=1 point_distance_sum=4590 point_overlap_count=0 point_overlap_ratio=0 point_pair_count=128 pos_in_pred_fg=1 pos_in_pred_fg_count=128 positive_pair_count=64 positive_pair_distance_sum=1208 roi_count=64 valid_neg_count=128 valid_pos_count=128 warmup_stage=2
2026-07-30 04:25:52,661 - portable_sam_fusion - INFO - [DEBUG-BOX] epoch=26 step=7450 fallback_count=0 fallback_ratio=0 num_rois=64 refined_proposal_iou=0 refined_proposal_iou_sum=0 refined_valid_count=0
2026-07-30 04:25:52,662 - portable_sam_fusion - INFO - [DEBUG-COARSE] epoch=26 step=7450 bce_raw=0.1346 boundary_fn=2010 boundary_fp=1550 boundary_tp=2.629e+04 dice=0.07874 dice_loss_raw=0.07874 iou=0.8572 loss_weight=0.1 raw_boundary_fn=2010 raw_boundary_fp=1550 raw_boundary_tp=2.629e+04 raw_dice_score=0.9213 raw_iou=0.8572 weighted_loss=0.02133
2026-07-30 04:25:52,662 - portable_sam_fusion - INFO - [DEBUG-CONTEXT] epoch=26 step=7450 enabled=0
2026-07-30 04:25:52,662 - portable_sam_fusion - INFO - [DEBUG-DENSE] epoch=26 step=7450 applied_delta_norm=1.611 applied_delta_ratio=0.1379 base_norm=11.68 canvas_max=8 canvas_mean=-0.006503 canvas_min=-8 canvas_nonzero_ratio=0.00758 canvas_std=0.5491 final_norm=11.75 residual_alpha=0.2739 shape_norm=13.05 source_delta_norm=5.881 source_delta_ratio=0.5036
2026-07-30 04:25:52,662 - portable_sam_fusion - INFO - [DEBUG-GATE] epoch=26 step=7450 shape_dense_alpha_max=0.2739 shape_dense_alpha_mean=0.2739 shape_dense_alpha_min=0.2739
2026-07-30 04:25:52,662 - portable_sam_fusion - INFO - [DEBUG-JITTER] epoch=26 step=7450 area_ratio_count=64 area_ratio_mean=1 area_ratio_sum=64 fallback_count=0 mean_iou=1 num_jittered=0 num_rois=64
2026-07-30 04:25:52,662 - portable_sam_fusion - INFO - [DEBUG-SP] epoch=26 step=7450 all_invalid_count=0 all_invalid_ratio=0 empty_count=0 empty_ratio=0 full_count=0 full_ratio=0 mean_point_distance=29.69 n1_gt_valid_count=64 n1_in_gt_bg=0.9844 n1_in_gt_bg_count=63 n1_valid_count=64 n1_valid_ratio=1 n2_gt_valid_count=64 n2_in_gt_bg=1 n2_in_gt_bg_count=64 n2_valid_count=64 n2_valid_ratio=1 neg_in_pred_bg=1 neg_in_pred_bg_count=128 negative_pair_count=64 negative_pair_distance_sum=2860 p1_gt_valid_count=64 p1_in_gt_fg=0.9844 p1_in_gt_fg_count=63 p1_valid_count=64 p1_valid_ratio=1 p2_gt_valid_count=64 p2_in_gt_fg=1 p2_in_gt_fg_count=64 p2_valid_count=64 p2_valid_ratio=1 point_distance_sum=3801 point_overlap_count=0 point_overlap_ratio=0 point_pair_count=128 pos_in_pred_fg=1 pos_in_pred_fg_count=128 positive_pair_count=64 positive_pair_distance_sum=941.3 roi_count=64 valid_neg_count=128 valid_pos_count=128 warmup_stage=2
2026-07-30 04:26:44,097 - portable_sam_fusion - INFO - [DEBUG-BOX] epoch=26 step=7500 fallback_count=0 fallback_ratio=0 num_rois=64 refined_proposal_iou=0 refined_proposal_iou_sum=0 refined_valid_count=0
2026-07-30 04:26:44,097 - portable_sam_fusion - INFO - [DEBUG-COARSE] epoch=26 step=7500 bce_raw=0.181 boundary_fn=3249 boundary_fp=3477 boundary_tp=2.54e+04 dice=0.107 dice_loss_raw=0.107 iou=0.8143 loss_weight=0.1 raw_boundary_fn=3249 raw_boundary_fp=3477 raw_boundary_tp=2.54e+04 raw_dice_score=0.893 raw_iou=0.8143 weighted_loss=0.0288
2026-07-30 04:26:44,097 - portable_sam_fusion - INFO - [DEBUG-CONTEXT] epoch=26 step=7500 enabled=0
2026-07-30 04:26:44,097 - portable_sam_fusion - INFO - [DEBUG-DENSE] epoch=26 step=7500 applied_delta_norm=1.319 applied_delta_ratio=0.1129 base_norm=11.68 canvas_max=8 canvas_mean=-0.003604 canvas_min=-8 canvas_nonzero_ratio=0.005632 canvas_std=0.4282 final_norm=11.73 residual_alpha=0.2739 shape_norm=12.65 source_delta_norm=4.814 source_delta_ratio=0.4122
2026-07-30 04:26:44,097 - portable_sam_fusion - INFO - [DEBUG-GATE] epoch=26 step=7500 shape_dense_alpha_max=0.2739 shape_dense_alpha_mean=0.2739 shape_dense_alpha_min=0.2739
2026-07-30 04:26:44,097 - portable_sam_fusion - INFO - [DEBUG-JITTER] epoch=26 step=7500 area_ratio_count=64 area_ratio_mean=1 area_ratio_sum=64 fallback_count=0 mean_iou=1 num_jittered=0 num_rois=64
2026-07-30 04:26:44,097 - portable_sam_fusion - INFO - [DEBUG-SP] epoch=26 step=7500 all_invalid_count=0 all_invalid_ratio=0 empty_count=0 empty_ratio=0 full_count=0 full_ratio=0 mean_point_distance=27.28 n1_gt_valid_count=64 n1_in_gt_bg=0.8125 n1_in_gt_bg_count=52 n1_valid_count=64 n1_valid_ratio=1 n2_gt_valid_count=64 n2_in_gt_bg=1 n2_in_gt_bg_count=64 n2_valid_count=64 n2_valid_ratio=1 neg_in_pred_bg=1 neg_in_pred_bg_count=128 negative_pair_count=64 negative_pair_distance_sum=2646 p1_gt_valid_count=64 p1_in_gt_fg=0.9844 p1_in_gt_fg_count=63 p1_valid_count=64 p1_valid_ratio=1 p2_gt_valid_count=64 p2_in_gt_fg=0.9844 p2_in_gt_fg_count=63 p2_valid_count=64 p2_valid_ratio=1 point_distance_sum=3492 point_overlap_count=0 point_overlap_ratio=0 point_pair_count=128 pos_in_pred_fg=1 pos_in_pred_fg_count=128 positive_pair_count=64 positive_pair_distance_sum=845.4 roi_count=64 valid_neg_count=128 valid_pos_count=128 warmup_stage=2
2026-07-30 04:27:36,111 - portable_sam_fusion - INFO - [DEBUG-BOX] epoch=26 step=7550 fallback_count=0 fallback_ratio=0 num_rois=64 refined_proposal_iou=0 refined_proposal_iou_sum=0 refined_valid_count=0
2026-07-30 04:27:36,111 - portable_sam_fusion - INFO - [DEBUG-COARSE] epoch=26 step=7550 bce_raw=0.1762 boundary_fn=2918 boundary_fp=2959 boundary_tp=2.28e+04 dice=0.07323 dice_loss_raw=0.07323 iou=0.8662 loss_weight=0.1 raw_boundary_fn=2918 raw_boundary_fp=2959 raw_boundary_tp=2.28e+04 raw_dice_score=0.9268 raw_iou=0.8662 weighted_loss=0.02494
2026-07-30 04:27:36,111 - portable_sam_fusion - INFO - [DEBUG-CONTEXT] epoch=26 step=7550 enabled=0
2026-07-30 04:27:36,111 - portable_sam_fusion - INFO - [DEBUG-DENSE] epoch=26 step=7550 applied_delta_norm=1.565 applied_delta_ratio=0.134 base_norm=11.68 canvas_max=8 canvas_mean=0.01102 canvas_min=-8 canvas_nonzero_ratio=0.006539 canvas_std=0.4746 final_norm=11.75 residual_alpha=0.2741 shape_norm=12.98 source_delta_norm=5.711 source_delta_ratio=0.4891
2026-07-30 04:27:36,111 - portable_sam_fusion - INFO - [DEBUG-GATE] epoch=26 step=7550 shape_dense_alpha_max=0.2741 shape_dense_alpha_mean=0.2741 shape_dense_alpha_min=0.2741
2026-07-30 04:27:36,111 - portable_sam_fusion - INFO - [DEBUG-JITTER] epoch=26 step=7550 area_ratio_count=64 area_ratio_mean=1 area_ratio_sum=64 fallback_count=0 mean_iou=1 num_jittered=0 num_rois=64
2026-07-30 04:27:36,112 - portable_sam_fusion - INFO - [DEBUG-SP] epoch=26 step=7550 all_invalid_count=0 all_invalid_ratio=0 empty_count=0 empty_ratio=0 full_count=0 full_ratio=0 mean_point_distance=27.82 n1_gt_valid_count=64 n1_in_gt_bg=0.8438 n1_in_gt_bg_count=54 n1_valid_count=64 n1_valid_ratio=1 n2_gt_valid_count=64 n2_in_gt_bg=0.9844 n2_in_gt_bg_count=63 n2_valid_count=64 n2_valid_ratio=1 neg_in_pred_bg=1 neg_in_pred_bg_count=128 negative_pair_count=64 negative_pair_distance_sum=2647 p1_gt_valid_count=64 p1_in_gt_fg=1 p1_in_gt_fg_count=64 p1_valid_count=64 p1_valid_ratio=1 p2_gt_valid_count=64 p2_in_gt_fg=1 p2_in_gt_fg_count=64 p2_valid_count=64 p2_valid_ratio=1 point_distance_sum=3561 point_overlap_count=0 point_overlap_ratio=0 point_pair_count=128 pos_in_pred_fg=1 pos_in_pred_fg_count=128 positive_pair_count=64 positive_pair_distance_sum=914.2 roi_count=64 valid_neg_count=128 valid_pos_count=128 warmup_stage=2
2026-07-30 04:27:36,288 - portable_sam_fusion - INFO - epoch 26 | mini-batch 200/294 | optimizer_step 1900/5920 | lr=3.911e-04
2026-07-30 04:28:24,641 - portable_sam_fusion - INFO - [DEBUG-BOX] epoch=26 step=7600 fallback_count=0 fallback_ratio=0 num_rois=64 refined_proposal_iou=0 refined_proposal_iou_sum=0 refined_valid_count=0
2026-07-30 04:28:24,641 - portable_sam_fusion - INFO - [DEBUG-COARSE] epoch=26 step=7600 bce_raw=0.1594 boundary_fn=2760 boundary_fp=2251 boundary_tp=2.621e+04 dice=0.08925 dice_loss_raw=0.08925 iou=0.8425 loss_weight=0.1 raw_boundary_fn=2760 raw_boundary_fp=2251 raw_boundary_tp=2.621e+04 raw_dice_score=0.9107 raw_iou=0.8425 weighted_loss=0.02486
2026-07-30 04:28:24,641 - portable_sam_fusion - INFO - [DEBUG-CONTEXT] epoch=26 step=7600 enabled=0
2026-07-30 04:28:24,641 - portable_sam_fusion - INFO - [DEBUG-DENSE] epoch=26 step=7600 applied_delta_norm=1.582 applied_delta_ratio=0.1355 base_norm=11.68 canvas_max=8 canvas_mean=-0.004158 canvas_min=-8 canvas_nonzero_ratio=0.009336 canvas_std=0.4882 final_norm=11.77 residual_alpha=0.2741 shape_norm=13.21 source_delta_norm=5.771 source_delta_ratio=0.4942
2026-07-30 04:28:24,641 - portable_sam_fusion - INFO - [DEBUG-GATE] epoch=26 step=7600 shape_dense_alpha_max=0.2741 shape_dense_alpha_mean=0.2741 shape_dense_alpha_min=0.2741
2026-07-30 04:28:24,642 - portable_sam_fusion - INFO - [DEBUG-JITTER] epoch=26 step=7600 area_ratio_count=64 area_ratio_mean=1 area_ratio_sum=64 fallback_count=0 mean_iou=1 num_jittered=0 num_rois=64
2026-07-30 04:28:24,642 - portable_sam_fusion - INFO - [DEBUG-SP] epoch=26 step=7600 all_invalid_count=0 all_invalid_ratio=0 empty_count=0 empty_ratio=0 full_count=0 full_ratio=0 mean_point_distance=29.88 n1_gt_valid_count=64 n1_in_gt_bg=0.9531 n1_in_gt_bg_count=61 n1_valid_count=64 n1_valid_ratio=1 n2_gt_valid_count=64 n2_in_gt_bg=1 n2_in_gt_bg_count=64 n2_valid_count=64 n2_valid_ratio=1 neg_in_pred_bg=1 neg_in_pred_bg_count=128 negative_pair_count=64 negative_pair_distance_sum=2623 p1_gt_valid_count=64 p1_in_gt_fg=0.9844 p1_in_gt_fg_count=63 p1_valid_count=64 p1_valid_ratio=1 p2_gt_valid_count=64 p2_in_gt_fg=0.9844 p2_in_gt_fg_count=63 p2_valid_count=64 p2_valid_ratio=1 point_distance_sum=3824 point_overlap_count=0 point_overlap_ratio=0 point_pair_count=128 pos_in_pred_fg=1 pos_in_pred_fg_count=128 positive_pair_count=64 positive_pair_distance_sum=1201 roi_count=64 valid_neg_count=128 valid_pos_count=128 warmup_stage=2
2026-07-30 04:29:08,610 - portable_sam_fusion - INFO - Epoch 26 detailed losses: loss_rpn_cls=0.0130, loss_rpn_bbox=0.0057, loss_cls=0.1751, acc=93.1840, loss_bbox=0.0707, loss_mask=0.0015, debug_mask_pos_rois=57.2517, debug_mask_logit_mean=-17.1605, debug_mask_logit_std=3.1636, debug_mask_prob_mean=0.0054, debug_mask_prob_ge05=0.0054, debug_mask_target_fill=0.0055, loss_shape_prior=0.0208, schedule/det_weight=1.0000
2026-07-30 04:29:08,611 - portable_sam_fusion - INFO - Epoch 26 dense residual monitor: alpha=0.272101 source_delta_norm=6.2355 applied_delta_norm=1.6968 source_delta_ratio=0.533938 applied_delta_ratio=0.145296
2026-07-30 04:29:08,611 - portable_sam_fusion - INFO - Epoch 26 primary loss shares: det=92.24% final_mask=0.52% shape=7.24% p2_boundary=0.00%
2026-07-30 04:29:08,611 - portable_sam_fusion - INFO - Epoch 26 schedule: det_loss_weight=1.000 early_stop_start=20 min_delta=0.0005
2026-07-30 04:29:08,611 - portable_sam_fusion - INFO - Epoch 26 learning rates: sat_backbone=3.88e-04, mask_decoder=3.88e-04, shape_prior=3.88e-04, quality_head=3.88e-04, sat_other=3.88e-04
2026-07-30 04:32:58,407 - portable_sam_fusion - INFO - Validation samples: GT=15926, DT=17577, avg_masks_per_image=28.03, avg_mask_fill=0.0048
creating index...
index created!
Loading and preparing results...
DONE (t=0.03s)
creating index...
index created!
Running per image evaluation...
Evaluate annotation type *bbox*
DONE (t=10.66s).
Accumulating evaluation results...
DONE (t=0.18s).
 Average Precision  (AP) @[ IoU=0.50:0.95 | area=   all | maxDets=100 ] = 0.690
 Average Precision  (AP) @[ IoU=0.50      | area=   all | maxDets=100 ] = 0.892
 Average Precision  (AP) @[ IoU=0.75      | area=   all | maxDets=100 ] = 0.810
 Average Precision  (AP) @[ IoU=0.50:0.95 | area= small | maxDets=100 ] = 0.304
 Average Precision  (AP) @[ IoU=0.50:0.95 | area=medium | maxDets=100 ] = 0.733
 Average Precision  (AP) @[ IoU=0.50:0.95 | area= large | maxDets=100 ] = 0.780
 Average Recall     (AR) @[ IoU=0.50:0.95 | area=   all | maxDets=  1 ] = 0.026
 Average Recall     (AR) @[ IoU=0.50:0.95 | area=   all | maxDets= 10 ] = 0.189
 Average Recall     (AR) @[ IoU=0.50:0.95 | area=   all | maxDets=100 ] = 0.744
 Average Recall     (AR) @[ IoU=0.50:0.95 | area= small | maxDets=100 ] = 0.420
 Average Recall     (AR) @[ IoU=0.50:0.95 | area=medium | maxDets=100 ] = 0.788
 Average Recall     (AR) @[ IoU=0.50:0.95 | area= large | maxDets=100 ] = 0.827
2026-07-30 04:33:09,464 - portable_sam_fusion - INFO - Validation bbox/mAP: 0.6904 bbox/mAP_75: 0.8104
Running per image evaluation...
Evaluate annotation type *segm*
DONE (t=11.21s).
Accumulating evaluation results...
DONE (t=0.18s).
 Average Precision  (AP) @[ IoU=0.50:0.95 | area=   all | maxDets=100 ] = 0.457
 Average Precision  (AP) @[ IoU=0.50      | area=   all | maxDets=100 ] = 0.863
 Average Precision  (AP) @[ IoU=0.75      | area=   all | maxDets=100 ] = 0.479
 Average Precision  (AP) @[ IoU=0.50:0.95 | area= small | maxDets=100 ] = 0.076
 Average Precision  (AP) @[ IoU=0.50:0.95 | area=medium | maxDets=100 ] = 0.473
 Average Precision  (AP) @[ IoU=0.50:0.95 | area= large | maxDets=100 ] = 0.653
 Average Recall     (AR) @[ IoU=0.50:0.95 | area=   all | maxDets=  1 ] = 0.020
 Average Recall     (AR) @[ IoU=0.50:0.95 | area=   all | maxDets= 10 ] = 0.145
 Average Recall     (AR) @[ IoU=0.50:0.95 | area=   all | maxDets=100 ] = 0.512
 Average Recall     (AR) @[ IoU=0.50:0.95 | area= small | maxDets=100 ] = 0.133
 Average Recall     (AR) @[ IoU=0.50:0.95 | area=medium | maxDets=100 ] = 0.528
 Average Recall     (AR) @[ IoU=0.50:0.95 | area= large | maxDets=100 ] = 0.701
2026-07-30 04:33:20,895 - portable_sam_fusion - INFO - Validation segm/mAP: 0.4572
2026-07-30 04:33:21,584 - portable_sam_fusion - INFO - Early-stop metric (segm/mAP): raw=0.4572 smooth(5)=0.4492 best=0.4549 counter=4
2026-07-30 04:33:26,798 - portable_sam_fusion - INFO - Epoch 26/80 | train=0.286689 val=disabled segm/mAP=0.4572 bbox/mAP=0.6904 | best_segm=0.4852 best_bbox=0.7089 best_comp=0.0000 | sat_backbone=3.88e-04 mask_decoder=3.88e-04 shape_prior=3.88e-04 quality_head=3.88e-04 sat_other=3.88e-04
2026-07-30 04:33:39,397 - portable_sam_fusion - INFO - [DEBUG-BOX] epoch=27 step=7650 fallback_count=0 fallback_ratio=0 num_rois=64 refined_proposal_iou=0 refined_proposal_iou_sum=0 refined_valid_count=0
2026-07-30 04:33:39,397 - portable_sam_fusion - INFO - [DEBUG-COARSE] epoch=27 step=7650 bce_raw=0.1111 boundary_fn=1647 boundary_fp=1181 boundary_tp=2.588e+04 dice=0.06828 dice_loss_raw=0.06828 iou=0.8737 loss_weight=0.1 raw_boundary_fn=1647 raw_boundary_fp=1181 raw_boundary_tp=2.588e+04 raw_dice_score=0.9317 raw_iou=0.8737 weighted_loss=0.01794
2026-07-30 04:33:39,397 - portable_sam_fusion - INFO - [DEBUG-CONTEXT] epoch=27 step=7650 enabled=0
2026-07-30 04:33:39,397 - portable_sam_fusion - INFO - [DEBUG-DENSE] epoch=27 step=7650 applied_delta_norm=1.598 applied_delta_ratio=0.1369 base_norm=11.68 canvas_max=8 canvas_mean=0.001878 canvas_min=-8 canvas_nonzero_ratio=0.007535 canvas_std=0.5316 final_norm=11.75 residual_alpha=0.2742 shape_norm=13.07 source_delta_norm=5.83 source_delta_ratio=0.4992
2026-07-30 04:33:39,397 - portable_sam_fusion - INFO - [DEBUG-GATE] epoch=27 step=7650 shape_dense_alpha_max=0.2742 shape_dense_alpha_mean=0.2742 shape_dense_alpha_min=0.2742
2026-07-30 04:33:39,397 - portable_sam_fusion - INFO - [DEBUG-JITTER] epoch=27 step=7650 area_ratio_count=64 area_ratio_mean=1 area_ratio_sum=64 fallback_count=0 mean_iou=1 num_jittered=0 num_rois=64
2026-07-30 04:33:39,397 - portable_sam_fusion - INFO - [DEBUG-SP] epoch=27 step=7650 all_invalid_count=0 all_invalid_ratio=0 empty_count=0 empty_ratio=0 full_count=0 full_ratio=0 mean_point_distance=31.47 n1_gt_valid_count=64 n1_in_gt_bg=0.9219 n1_in_gt_bg_count=59 n1_valid_count=64 n1_valid_ratio=1 n2_gt_valid_count=64 n2_in_gt_bg=1 n2_in_gt_bg_count=64 n2_valid_count=64 n2_valid_ratio=1 neg_in_pred_bg=1 neg_in_pred_bg_count=128 negative_pair_count=64 negative_pair_distance_sum=2897 p1_gt_valid_count=64 p1_in_gt_fg=1 p1_in_gt_fg_count=64 p1_valid_count=64 p1_valid_ratio=1 p2_gt_valid_count=64 p2_in_gt_fg=1 p2_in_gt_fg_count=64 p2_valid_count=64 p2_valid_ratio=1 point_distance_sum=4029 point_overlap_count=0 point_overlap_ratio=0 point_pair_count=128 pos_in_pred_fg=1 pos_in_pred_fg_count=128 positive_pair_count=64 positive_pair_distance_sum=1131 roi_count=64 valid_neg_count=128 valid_pos_count=128 warmup_stage=2
2026-07-30 04:34:51,050 - portable_sam_fusion - INFO - [DEBUG-BOX] epoch=27 step=7700 fallback_count=0 fallback_ratio=0 num_rois=64 refined_proposal_iou=0 refined_proposal_iou_sum=0 refined_valid_count=0
2026-07-30 04:34:51,050 - portable_sam_fusion - INFO - [DEBUG-COARSE] epoch=27 step=7700 bce_raw=0.176 boundary_fn=2450 boundary_fp=2292 boundary_tp=2.554e+04 dice=0.08628 dice_loss_raw=0.08628 iou=0.8487 loss_weight=0.1 raw_boundary_fn=2450 raw_boundary_fp=2292 raw_boundary_tp=2.554e+04 raw_dice_score=0.9137 raw_iou=0.8487 weighted_loss=0.02623
2026-07-30 04:34:51,050 - portable_sam_fusion - INFO - [DEBUG-CONTEXT] epoch=27 step=7700 enabled=0
2026-07-30 04:34:51,050 - portable_sam_fusion - INFO - [DEBUG-DENSE] epoch=27 step=7700 applied_delta_norm=1.631 applied_delta_ratio=0.1397 base_norm=11.68 canvas_max=8 canvas_mean=-0.006338 canvas_min=-8 canvas_nonzero_ratio=0.007828 canvas_std=0.5359 final_norm=11.75 residual_alpha=0.2743 shape_norm=13.1 source_delta_norm=5.947 source_delta_ratio=0.5092
2026-07-30 04:34:51,050 - portable_sam_fusion - INFO - [DEBUG-GATE] epoch=27 step=7700 shape_dense_alpha_max=0.2743 shape_dense_alpha_mean=0.2743 shape_dense_alpha_min=0.2743
2026-07-30 04:34:51,050 - portable_sam_fusion - INFO - [DEBUG-JITTER] epoch=27 step=7700 area_ratio_count=64 area_ratio_mean=1 area_ratio_sum=64 fallback_count=0 mean_iou=1 num_jittered=0 num_rois=64
2026-07-30 04:34:51,050 - portable_sam_fusion - INFO - [DEBUG-SP] epoch=27 step=7700 all_invalid_count=0 all_invalid_ratio=0 empty_count=0 empty_ratio=0 full_count=0 full_ratio=0 mean_point_distance=29.61 n1_gt_valid_count=64 n1_in_gt_bg=0.9375 n1_in_gt_bg_count=60 n1_valid_count=64 n1_valid_ratio=1 n2_gt_valid_count=64 n2_in_gt_bg=1 n2_in_gt_bg_count=64 n2_valid_count=64 n2_valid_ratio=1 neg_in_pred_bg=1 neg_in_pred_bg_count=128 negative_pair_count=64 negative_pair_distance_sum=2700 p1_gt_valid_count=64 p1_in_gt_fg=0.9688 p1_in_gt_fg_count=62 p1_valid_count=64 p1_valid_ratio=1 p2_gt_valid_count=64 p2_in_gt_fg=0.9844 p2_in_gt_fg_count=63 p2_valid_count=64 p2_valid_ratio=1 point_distance_sum=3791 point_overlap_count=0 point_overlap_ratio=0 point_pair_count=128 pos_in_pred_fg=1 pos_in_pred_fg_count=128 positive_pair_count=64 positive_pair_distance_sum=1091 roi_count=64 valid_neg_count=128 valid_pos_count=128 warmup_stage=2
2026-07-30 04:35:55,421 - portable_sam_fusion - INFO - epoch 27 | mini-batch 104/294 | optimizer_step 1950/5920 | lr=3.855e-04
2026-07-30 04:35:57,595 - portable_sam_fusion - INFO - [DEBUG-BOX] epoch=27 step=7750 fallback_count=0 fallback_ratio=0 num_rois=64 refined_proposal_iou=0 refined_proposal_iou_sum=0 refined_valid_count=0
2026-07-30 04:35:57,596 - portable_sam_fusion - INFO - [DEBUG-COARSE] epoch=27 step=7750 bce_raw=0.1649 boundary_fn=2976 boundary_fp=2577 boundary_tp=2.513e+04 dice=0.09322 dice_loss_raw=0.09322 iou=0.8323 loss_weight=0.1 raw_boundary_fn=2976 raw_boundary_fp=2577 raw_boundary_tp=2.513e+04 raw_dice_score=0.9068 raw_iou=0.8323 weighted_loss=0.02581
2026-07-30 04:35:57,596 - portable_sam_fusion - INFO - [DEBUG-CONTEXT] epoch=27 step=7750 enabled=0
2026-07-30 04:35:57,596 - portable_sam_fusion - INFO - [DEBUG-DENSE] epoch=27 step=7750 applied_delta_norm=1.659 applied_delta_ratio=0.142 base_norm=11.68 canvas_max=8 canvas_mean=-0.007127 canvas_min=-8 canvas_nonzero_ratio=0.008431 canvas_std=0.5598 final_norm=11.75 residual_alpha=0.2744 shape_norm=13.13 source_delta_norm=6.044 source_delta_ratio=0.5175
2026-07-30 04:35:57,596 - portable_sam_fusion - INFO - [DEBUG-GATE] epoch=27 step=7750 shape_dense_alpha_max=0.2744 shape_dense_alpha_mean=0.2744 shape_dense_alpha_min=0.2744
2026-07-30 04:35:57,596 - portable_sam_fusion - INFO - [DEBUG-JITTER] epoch=27 step=7750 area_ratio_count=64 area_ratio_mean=1 area_ratio_sum=64 fallback_count=0 mean_iou=1 num_jittered=0 num_rois=64
2026-07-30 04:35:57,596 - portable_sam_fusion - INFO - [DEBUG-SP] epoch=27 step=7750 all_invalid_count=0 all_invalid_ratio=0 empty_count=0 empty_ratio=0 full_count=0 full_ratio=0 mean_point_distance=36.24 n1_gt_valid_count=64 n1_in_gt_bg=0.8906 n1_in_gt_bg_count=57 n1_valid_count=64 n1_valid_ratio=1 n2_gt_valid_count=64 n2_in_gt_bg=1 n2_in_gt_bg_count=64 n2_valid_count=64 n2_valid_ratio=1 neg_in_pred_bg=1 neg_in_pred_bg_count=128 negative_pair_count=64 negative_pair_distance_sum=3601 p1_gt_valid_count=64 p1_in_gt_fg=1 p1_in_gt_fg_count=64 p1_valid_count=64 p1_valid_ratio=1 p2_gt_valid_count=64 p2_in_gt_fg=1 p2_in_gt_fg_count=64 p2_valid_count=64 p2_valid_ratio=1 point_distance_sum=4639 point_overlap_count=0 point_overlap_ratio=0 point_pair_count=128 pos_in_pred_fg=1 pos_in_pred_fg_count=128 positive_pair_count=64 positive_pair_distance_sum=1038 roi_count=64 valid_neg_count=128 valid_pos_count=128 warmup_stage=2
2026-07-30 04:37:09,029 - portable_sam_fusion - INFO - [DEBUG-BOX] epoch=27 step=7800 fallback_count=0 fallback_ratio=0 num_rois=0 refined_proposal_iou=0 refined_proposal_iou_sum=0 refined_valid_count=0
2026-07-30 04:37:09,030 - portable_sam_fusion - INFO - [DEBUG-COARSE] epoch=27 step=7800 boundary_fn=0 boundary_fp=0 boundary_tp=0 dice=0 iou=0
2026-07-30 04:37:09,030 - portable_sam_fusion - INFO - [DEBUG-CONTEXT] epoch=27 step=7800 enabled=0
2026-07-30 04:37:09,030 - portable_sam_fusion - INFO - [DEBUG-DENSE] epoch=27 step=7800 applied_delta_norm=1.347 applied_delta_ratio=0.1154 base_norm=11.68 canvas_max=8 canvas_mean=0.003012 canvas_min=-8 canvas_nonzero_ratio=0.005305 canvas_std=0.453 final_norm=11.73 residual_alpha=0.2746 shape_norm=12.65 source_delta_norm=4.906 source_delta_ratio=0.42
2026-07-30 04:37:09,030 - portable_sam_fusion - INFO - [DEBUG-GATE] epoch=27 step=7800 shape_dense_alpha_max=0.2746 shape_dense_alpha_mean=0.2746 shape_dense_alpha_min=0.2746
2026-07-30 04:37:09,030 - portable_sam_fusion - INFO - [DEBUG-JITTER] epoch=27 step=7800 area_ratio_count=0 area_ratio_mean=0 area_ratio_sum=0 fallback_count=0 mean_iou=0 num_jittered=0 num_rois=0
2026-07-30 04:37:09,030 - portable_sam_fusion - INFO - [DEBUG-SP] epoch=27 step=7800 all_invalid_count=0 all_invalid_ratio=0 empty_count=0 empty_ratio=0 full_count=0 full_ratio=0 mean_point_distance=22.06 n1_gt_valid_count=64 n1_in_gt_bg=0.8281 n1_in_gt_bg_count=53 n1_valid_count=64 n1_valid_ratio=1 n2_gt_valid_count=64 n2_in_gt_bg=1 n2_in_gt_bg_count=64 n2_valid_count=64 n2_valid_ratio=1 neg_in_pred_bg=1 neg_in_pred_bg_count=128 negative_pair_count=64 negative_pair_distance_sum=2103 p1_gt_valid_count=64 p1_in_gt_fg=0.9688 p1_in_gt_fg_count=62 p1_valid_count=64 p1_valid_ratio=1 p2_gt_valid_count=64 p2_in_gt_fg=0.9844 p2_in_gt_fg_count=63 p2_valid_count=64 p2_valid_ratio=1 point_distance_sum=2824 point_overlap_count=0 point_overlap_ratio=0 point_pair_count=128 pos_in_pred_fg=1 pos_in_pred_fg_count=128 positive_pair_count=64 positive_pair_distance_sum=720.2 roi_count=64 valid_neg_count=128 valid_pos_count=128 warmup_stage=2
2026-07-30 04:38:12,444 - portable_sam_fusion - INFO - [DEBUG-BOX] epoch=27 step=7850 fallback_count=0 fallback_ratio=0 num_rois=64 refined_proposal_iou=0 refined_proposal_iou_sum=0 refined_valid_count=0
2026-07-30 04:38:12,444 - portable_sam_fusion - INFO - [DEBUG-COARSE] epoch=27 step=7850 bce_raw=0.109 boundary_fn=1070 boundary_fp=2326 boundary_tp=2.186e+04 dice=0.05101 dice_loss_raw=0.05101 iou=0.9039 loss_weight=0.1 raw_boundary_fn=1070 raw_boundary_fp=2326 raw_boundary_tp=2.186e+04 raw_dice_score=0.949 raw_iou=0.9039 weighted_loss=0.01601
2026-07-30 04:38:12,444 - portable_sam_fusion - INFO - [DEBUG-CONTEXT] epoch=27 step=7850 enabled=0
2026-07-30 04:38:12,444 - portable_sam_fusion - INFO - [DEBUG-DENSE] epoch=27 step=7850 applied_delta_norm=2.084 applied_delta_ratio=0.1785 base_norm=11.68 canvas_max=8 canvas_mean=0.01768 canvas_min=-8 canvas_nonzero_ratio=0.01372 canvas_std=0.7252 final_norm=11.84 residual_alpha=0.275 shape_norm=14.38 source_delta_norm=7.58 source_delta_ratio=0.649
2026-07-30 04:38:12,444 - portable_sam_fusion - INFO - [DEBUG-GATE] epoch=27 step=7850 shape_dense_alpha_max=0.275 shape_dense_alpha_mean=0.275 shape_dense_alpha_min=0.275
2026-07-30 04:38:12,444 - portable_sam_fusion - INFO - [DEBUG-JITTER] epoch=27 step=7850 area_ratio_count=64 area_ratio_mean=1 area_ratio_sum=64 fallback_count=0 mean_iou=1 num_jittered=0 num_rois=64
2026-07-30 04:38:12,444 - portable_sam_fusion - INFO - [DEBUG-SP] epoch=27 step=7850 all_invalid_count=0 all_invalid_ratio=0 empty_count=0 empty_ratio=0 full_count=0 full_ratio=0 mean_point_distance=45.09 n1_gt_valid_count=64 n1_in_gt_bg=0.7812 n1_in_gt_bg_count=50 n1_valid_count=64 n1_valid_ratio=1 n2_gt_valid_count=64 n2_in_gt_bg=0.9688 n2_in_gt_bg_count=62 n2_valid_count=64 n2_valid_ratio=1 neg_in_pred_bg=1 neg_in_pred_bg_count=128 negative_pair_count=64 negative_pair_distance_sum=4121 p1_gt_valid_count=64 p1_in_gt_fg=1 p1_in_gt_fg_count=64 p1_valid_count=64 p1_valid_ratio=1 p2_gt_valid_count=64 p2_in_gt_fg=1 p2_in_gt_fg_count=64 p2_valid_count=64 p2_valid_ratio=1 point_distance_sum=5771 point_overlap_count=0 point_overlap_ratio=0 point_pair_count=128 pos_in_pred_fg=1 pos_in_pred_fg_count=128 positive_pair_count=64 positive_pair_distance_sum=1650 roi_count=64 valid_neg_count=128 valid_pos_count=128 warmup_stage=2
2026-07-30 04:39:05,923 - portable_sam_fusion - INFO - [DEBUG-BOX] epoch=27 step=7900 fallback_count=0 fallback_ratio=0 num_rois=64 refined_proposal_iou=0 refined_proposal_iou_sum=0 refined_valid_count=0
2026-07-30 04:39:05,923 - portable_sam_fusion - INFO - [DEBUG-COARSE] epoch=27 step=7900 bce_raw=0.1317 boundary_fn=2222 boundary_fp=1599 boundary_tp=2.429e+04 dice=0.06751 dice_loss_raw=0.06751 iou=0.8747 loss_weight=0.1 raw_boundary_fn=2222 raw_boundary_fp=1599 raw_boundary_tp=2.429e+04 raw_dice_score=0.9325 raw_iou=0.8747 weighted_loss=0.01992
2026-07-30 04:39:05,923 - portable_sam_fusion - INFO - [DEBUG-CONTEXT] epoch=27 step=7900 enabled=0
2026-07-30 04:39:05,923 - portable_sam_fusion - INFO - [DEBUG-DENSE] epoch=27 step=7900 applied_delta_norm=1.441 applied_delta_ratio=0.1234 base_norm=11.68 canvas_max=8 canvas_mean=-0.000141 canvas_min=-8 canvas_nonzero_ratio=0.00596 canvas_std=0.4634 final_norm=11.74 residual_alpha=0.2751 shape_norm=12.8 source_delta_norm=5.239 source_delta_ratio=0.4486
2026-07-30 04:39:05,923 - portable_sam_fusion - INFO - [DEBUG-GATE] epoch=27 step=7900 shape_dense_alpha_max=0.2751 shape_dense_alpha_mean=0.2751 shape_dense_alpha_min=0.2751
2026-07-30 04:39:05,923 - portable_sam_fusion - INFO - [DEBUG-JITTER] epoch=27 step=7900 area_ratio_count=64 area_ratio_mean=1 area_ratio_sum=64 fallback_count=0 mean_iou=1 num_jittered=0 num_rois=64
2026-07-30 04:39:05,923 - portable_sam_fusion - INFO - [DEBUG-SP] epoch=27 step=7900 all_invalid_count=0 all_invalid_ratio=0 empty_count=0 empty_ratio=0 full_count=0 full_ratio=0 mean_point_distance=27.89 n1_gt_valid_count=64 n1_in_gt_bg=0.875 n1_in_gt_bg_count=56 n1_valid_count=64 n1_valid_ratio=1 n2_gt_valid_count=64 n2_in_gt_bg=1 n2_in_gt_bg_count=64 n2_valid_count=64 n2_valid_ratio=1 neg_in_pred_bg=1 neg_in_pred_bg_count=128 negative_pair_count=64 negative_pair_distance_sum=2762 p1_gt_valid_count=64 p1_in_gt_fg=1 p1_in_gt_fg_count=64 p1_valid_count=64 p1_valid_ratio=1 p2_gt_valid_count=64 p2_in_gt_fg=1 p2_in_gt_fg_count=64 p2_valid_count=64 p2_valid_ratio=1 point_distance_sum=3570 point_overlap_count=0 point_overlap_ratio=0 point_pair_count=128 pos_in_pred_fg=1 pos_in_pred_fg_count=128 positive_pair_count=64 positive_pair_distance_sum=808.5 roi_count=64 valid_neg_count=128 valid_pos_count=128 warmup_stage=2
2026-07-30 04:39:43,983 - portable_sam_fusion - INFO - Epoch 27 detailed losses: loss_rpn_cls=0.0130, loss_rpn_bbox=0.0045, loss_cls=0.1598, acc=93.8425, loss_bbox=0.0631, loss_mask=0.0014, debug_mask_pos_rois=55.7177, debug_mask_logit_mean=-16.0262, debug_mask_logit_std=3.1106, debug_mask_prob_mean=0.0049, debug_mask_prob_ge05=0.0049, debug_mask_target_fill=0.0049, loss_shape_prior=0.0199, schedule/det_weight=1.0000
2026-07-30 04:39:43,984 - portable_sam_fusion - INFO - Epoch 27 dense residual monitor: alpha=0.272973 source_delta_norm=6.1153 applied_delta_norm=1.6694 source_delta_ratio=0.523642 applied_delta_ratio=0.142944
2026-07-30 04:39:43,984 - portable_sam_fusion - INFO - Epoch 27 primary loss shares: det=91.86% final_mask=0.53% shape=7.61% p2_boundary=0.00%
2026-07-30 04:39:43,984 - portable_sam_fusion - INFO - Epoch 27 schedule: det_loss_weight=1.000 early_stop_start=20 min_delta=0.0005
2026-07-30 04:39:43,984 - portable_sam_fusion - INFO - Epoch 27 learning rates: sat_backbone=3.80e-04, mask_decoder=3.80e-04, shape_prior=3.80e-04, quality_head=3.80e-04, sat_other=3.80e-04
2026-07-30 04:43:17,507 - portable_sam_fusion - INFO - Validation samples: GT=15926, DT=17459, avg_masks_per_image=27.85, avg_mask_fill=0.0051
creating index...
index created!
Loading and preparing results...
DONE (t=0.03s)
creating index...
index created!
Running per image evaluation...
Evaluate annotation type *bbox*
DONE (t=11.22s).
Accumulating evaluation results...
DONE (t=0.18s).
 Average Precision  (AP) @[ IoU=0.50:0.95 | area=   all | maxDets=100 ] = 0.692
 Average Precision  (AP) @[ IoU=0.50      | area=   all | maxDets=100 ] = 0.895
 Average Precision  (AP) @[ IoU=0.75      | area=   all | maxDets=100 ] = 0.821
 Average Precision  (AP) @[ IoU=0.50:0.95 | area= small | maxDets=100 ] = 0.320
 Average Precision  (AP) @[ IoU=0.50:0.95 | area=medium | maxDets=100 ] = 0.724
 Average Precision  (AP) @[ IoU=0.50:0.95 | area= large | maxDets=100 ] = 0.794
 Average Recall     (AR) @[ IoU=0.50:0.95 | area=   all | maxDets=  1 ] = 0.026
 Average Recall     (AR) @[ IoU=0.50:0.95 | area=   all | maxDets= 10 ] = 0.189
 Average Recall     (AR) @[ IoU=0.50:0.95 | area=   all | maxDets=100 ] = 0.743
 Average Recall     (AR) @[ IoU=0.50:0.95 | area= small | maxDets=100 ] = 0.439
 Average Recall     (AR) @[ IoU=0.50:0.95 | area=medium | maxDets=100 ] = 0.777
 Average Recall     (AR) @[ IoU=0.50:0.95 | area= large | maxDets=100 ] = 0.838
2026-07-30 04:43:29,195 - portable_sam_fusion - INFO - Validation bbox/mAP: 0.6922 bbox/mAP_75: 0.8208
Running per image evaluation...
Evaluate annotation type *segm*
DONE (t=11.32s).
Accumulating evaluation results...
DONE (t=0.19s).
 Average Precision  (AP) @[ IoU=0.50:0.95 | area=   all | maxDets=100 ] = 0.444
 Average Precision  (AP) @[ IoU=0.50      | area=   all | maxDets=100 ] = 0.854
 Average Precision  (AP) @[ IoU=0.75      | area=   all | maxDets=100 ] = 0.463
 Average Precision  (AP) @[ IoU=0.50:0.95 | area= small | maxDets=100 ] = 0.069
 Average Precision  (AP) @[ IoU=0.50:0.95 | area=medium | maxDets=100 ] = 0.457
 Average Precision  (AP) @[ IoU=0.50:0.95 | area= large | maxDets=100 ] = 0.643
 Average Recall     (AR) @[ IoU=0.50:0.95 | area=   all | maxDets=  1 ] = 0.020
 Average Recall     (AR) @[ IoU=0.50:0.95 | area=   all | maxDets= 10 ] = 0.142
 Average Recall     (AR) @[ IoU=0.50:0.95 | area=   all | maxDets=100 ] = 0.497
 Average Recall     (AR) @[ IoU=0.50:0.95 | area= small | maxDets=100 ] = 0.124
 Average Recall     (AR) @[ IoU=0.50:0.95 | area=medium | maxDets=100 ] = 0.509
 Average Recall     (AR) @[ IoU=0.50:0.95 | area= large | maxDets=100 ] = 0.694
2026-07-30 04:43:40,740 - portable_sam_fusion - INFO - Validation segm/mAP: 0.4445
2026-07-30 04:43:41,314 - portable_sam_fusion - INFO - Early-stop metric (segm/mAP): raw=0.4445 smooth(5)=0.4474 best=0.4549 counter=5
2026-07-30 04:43:46,715 - portable_sam_fusion - INFO - Epoch 27/80 | train=0.261726 val=disabled segm/mAP=0.4445 bbox/mAP=0.6922 | best_segm=0.4852 best_bbox=0.7089 best_comp=0.0000 | sat_backbone=3.80e-04 mask_decoder=3.80e-04 shape_prior=3.80e-04 quality_head=3.80e-04 sat_other=3.80e-04
2026-07-30 04:43:56,385 - portable_sam_fusion - INFO - epoch 28 | mini-batch 8/294 | optimizer_step 2000/5920 | lr=3.798e-04
2026-07-30 04:44:00,948 - portable_sam_fusion - INFO - [DEBUG-BOX] epoch=28 step=7950 fallback_count=0 fallback_ratio=0 num_rois=64 refined_proposal_iou=0 refined_proposal_iou_sum=0 refined_valid_count=0
2026-07-30 04:44:00,948 - portable_sam_fusion - INFO - [DEBUG-COARSE] epoch=28 step=7950 bce_raw=0.1722 boundary_fn=3343 boundary_fp=3628 boundary_tp=2.081e+04 dice=0.07262 dice_loss_raw=0.07262 iou=0.8671 loss_weight=0.1 raw_boundary_fn=3343 raw_boundary_fp=3628 raw_boundary_tp=2.081e+04 raw_dice_score=0.9274 raw_iou=0.8671 weighted_loss=0.02449
2026-07-30 04:44:00,948 - portable_sam_fusion - INFO - [DEBUG-CONTEXT] epoch=28 step=7950 enabled=0
2026-07-30 04:44:00,948 - portable_sam_fusion - INFO - [DEBUG-DENSE] epoch=28 step=7950 applied_delta_norm=1.004 applied_delta_ratio=0.086 base_norm=11.68 canvas_max=8 canvas_mean=0.009457 canvas_min=-8 canvas_nonzero_ratio=0.003541 canvas_std=0.3489 final_norm=11.72 residual_alpha=0.2754 shape_norm=12.39 source_delta_norm=3.647 source_delta_ratio=0.3123
2026-07-30 04:44:00,948 - portable_sam_fusion - INFO - [DEBUG-GATE] epoch=28 step=7950 shape_dense_alpha_max=0.2754 shape_dense_alpha_mean=0.2754 shape_dense_alpha_min=0.2754
2026-07-30 04:44:00,948 - portable_sam_fusion - INFO - [DEBUG-JITTER] epoch=28 step=7950 area_ratio_count=64 area_ratio_mean=1 area_ratio_sum=64 fallback_count=0 mean_iou=1 num_jittered=0 num_rois=64
2026-07-30 04:44:00,948 - portable_sam_fusion - INFO - [DEBUG-SP] epoch=28 step=7950 all_invalid_count=0 all_invalid_ratio=0 empty_count=0 empty_ratio=0 full_count=0 full_ratio=0 mean_point_distance=19.08 n1_gt_valid_count=64 n1_in_gt_bg=0.4688 n1_in_gt_bg_count=30 n1_valid_count=64 n1_valid_ratio=1 n2_gt_valid_count=64 n2_in_gt_bg=1 n2_in_gt_bg_count=64 n2_valid_count=64 n2_valid_ratio=1 neg_in_pred_bg=1 neg_in_pred_bg_count=128 negative_pair_count=64 negative_pair_distance_sum=1831 p1_gt_valid_count=64 p1_in_gt_fg=1 p1_in_gt_fg_count=64 p1_valid_count=64 p1_valid_ratio=1 p2_gt_valid_count=64 p2_in_gt_fg=1 p2_in_gt_fg_count=64 p2_valid_count=64 p2_valid_ratio=1 point_distance_sum=2442 point_overlap_count=0 point_overlap_ratio=0 point_pair_count=128 pos_in_pred_fg=1 pos_in_pred_fg_count=128 positive_pair_count=64 positive_pair_distance_sum=610.2 roi_count=64 valid_neg_count=128 valid_pos_count=128 warmup_stage=2
2026-07-30 04:45:14,692 - portable_sam_fusion - INFO - [DEBUG-BOX] epoch=28 step=8000 fallback_count=0 fallback_ratio=0 num_rois=0 refined_proposal_iou=0 refined_proposal_iou_sum=0 refined_valid_count=0
2026-07-30 04:45:14,692 - portable_sam_fusion - INFO - [DEBUG-COARSE] epoch=28 step=8000 boundary_fn=0 boundary_fp=0 boundary_tp=0 dice=0 iou=0
2026-07-30 04:45:14,692 - portable_sam_fusion - INFO - [DEBUG-CONTEXT] epoch=28 step=8000 enabled=0
2026-07-30 04:45:14,692 - portable_sam_fusion - INFO - [DEBUG-DENSE] epoch=28 step=8000 applied_delta_norm=2.88 applied_delta_ratio=0.2466 base_norm=11.68 canvas_max=8 canvas_mean=0.04877 canvas_min=-8 canvas_nonzero_ratio=0.02324 canvas_std=0.7646 final_norm=11.96 residual_alpha=0.2756 shape_norm=15.99 source_delta_norm=10.45 source_delta_ratio=0.8948
2026-07-30 04:45:14,692 - portable_sam_fusion - INFO - [DEBUG-GATE] epoch=28 step=8000 shape_dense_alpha_max=0.2756 shape_dense_alpha_mean=0.2756 shape_dense_alpha_min=0.2756
2026-07-30 04:45:14,692 - portable_sam_fusion - INFO - [DEBUG-JITTER] epoch=28 step=8000 area_ratio_count=0 area_ratio_mean=0 area_ratio_sum=0 fallback_count=0 mean_iou=0 num_jittered=0 num_rois=0
2026-07-30 04:45:14,692 - portable_sam_fusion - INFO - [DEBUG-SP] epoch=28 step=8000 all_invalid_count=0 all_invalid_ratio=0 empty_count=0 empty_ratio=0 full_count=1 full_ratio=0.01562 mean_point_distance=51.71 n1_gt_valid_count=63 n1_in_gt_bg=0.6508 n1_in_gt_bg_count=41 n1_valid_count=63 n1_valid_ratio=0.9844 n2_gt_valid_count=63 n2_in_gt_bg=0.9365 n2_in_gt_bg_count=59 n2_valid_count=63 n2_valid_ratio=0.9844 neg_in_pred_bg=1 neg_in_pred_bg_count=126 negative_pair_count=63 negative_pair_distance_sum=4470 p1_gt_valid_count=64 p1_in_gt_fg=1 p1_in_gt_fg_count=64 p1_valid_count=64 p1_valid_ratio=1 p2_gt_valid_count=64 p2_in_gt_fg=1 p2_in_gt_fg_count=64 p2_valid_count=64 p2_valid_ratio=1 point_distance_sum=6567 point_overlap_count=0 point_overlap_ratio=0 point_pair_count=127 pos_in_pred_fg=1 pos_in_pred_fg_count=128 positive_pair_count=64 positive_pair_distance_sum=2097 roi_count=64 valid_neg_count=126 valid_pos_count=128 warmup_stage=2
2026-07-30 04:46:21,954 - portable_sam_fusion - INFO - [DEBUG-BOX] epoch=28 step=8050 fallback_count=0 fallback_ratio=0 num_rois=64 refined_proposal_iou=0 refined_proposal_iou_sum=0 refined_valid_count=0
2026-07-30 04:46:21,954 - portable_sam_fusion - INFO - [DEBUG-COARSE] epoch=28 step=8050 bce_raw=0.1529 boundary_fn=2419 boundary_fp=2119 boundary_tp=2.497e+04 dice=0.06834 dice_loss_raw=0.06834 iou=0.8738 loss_weight=0.1 raw_boundary_fn=2419 raw_boundary_fp=2119 raw_boundary_tp=2.497e+04 raw_dice_score=0.9317 raw_iou=0.8738 weighted_loss=0.02213
2026-07-30 04:46:21,954 - portable_sam_fusion - INFO - [DEBUG-CONTEXT] epoch=28 step=8050 enabled=0
2026-07-30 04:46:21,954 - portable_sam_fusion - INFO - [DEBUG-DENSE] epoch=28 step=8050 applied_delta_norm=1.363 applied_delta_ratio=0.1167 base_norm=11.68 canvas_max=8 canvas_mean=0.004647 canvas_min=-8 canvas_nonzero_ratio=0.005513 canvas_std=0.4556 final_norm=11.73 residual_alpha=0.2757 shape_norm=12.71 source_delta_norm=4.943 source_delta_ratio=0.4233
2026-07-30 04:46:21,954 - portable_sam_fusion - INFO - [DEBUG-GATE] epoch=28 step=8050 shape_dense_alpha_max=0.2757 shape_dense_alpha_mean=0.2757 shape_dense_alpha_min=0.2757
2026-07-30 04:46:21,954 - portable_sam_fusion - INFO - [DEBUG-JITTER] epoch=28 step=8050 area_ratio_count=64 area_ratio_mean=1 area_ratio_sum=64 fallback_count=0 mean_iou=1 num_jittered=0 num_rois=64
2026-07-30 04:46:21,954 - portable_sam_fusion - INFO - [DEBUG-SP] epoch=28 step=8050 all_invalid_count=0 all_invalid_ratio=0 empty_count=0 empty_ratio=0 full_count=0 full_ratio=0 mean_point_distance=28.78 n1_gt_valid_count=64 n1_in_gt_bg=0.8594 n1_in_gt_bg_count=55 n1_valid_count=64 n1_valid_ratio=1 n2_gt_valid_count=64 n2_in_gt_bg=1 n2_in_gt_bg_count=64 n2_valid_count=64 n2_valid_ratio=1 neg_in_pred_bg=1 neg_in_pred_bg_count=128 negative_pair_count=64 negative_pair_distance_sum=2854 p1_gt_valid_count=64 p1_in_gt_fg=1 p1_in_gt_fg_count=64 p1_valid_count=64 p1_valid_ratio=1 p2_gt_valid_count=64 p2_in_gt_fg=1 p2_in_gt_fg_count=64 p2_valid_count=64 p2_valid_ratio=1 point_distance_sum=3684 point_overlap_count=0 point_overlap_ratio=0 point_pair_count=128 pos_in_pred_fg=1 pos_in_pred_fg_count=128 positive_pair_count=64 positive_pair_distance_sum=830.8 roi_count=64 valid_neg_count=128 valid_pos_count=128 warmup_stage=2
2026-07-30 04:47:36,243 - portable_sam_fusion - INFO - [DEBUG-BOX] epoch=28 step=8100 fallback_count=0 fallback_ratio=0 num_rois=64 refined_proposal_iou=0 refined_proposal_iou_sum=0 refined_valid_count=0
2026-07-30 04:47:36,243 - portable_sam_fusion - INFO - [DEBUG-COARSE] epoch=28 step=8100 bce_raw=0.1493 boundary_fn=2523 boundary_fp=1893 boundary_tp=2.597e+04 dice=0.08304 dice_loss_raw=0.08304 iou=0.8496 loss_weight=0.1 raw_boundary_fn=2523 raw_boundary_fp=1893 raw_boundary_tp=2.597e+04 raw_dice_score=0.917 raw_iou=0.8496 weighted_loss=0.02323
2026-07-30 04:47:36,243 - portable_sam_fusion - INFO - [DEBUG-CONTEXT] epoch=28 step=8100 enabled=0
2026-07-30 04:47:36,243 - portable_sam_fusion - INFO - [DEBUG-DENSE] epoch=28 step=8100 applied_delta_norm=1.761 applied_delta_ratio=0.1508 base_norm=11.68 canvas_max=8 canvas_mean=-0.01709 canvas_min=-8 canvas_nonzero_ratio=0.01063 canvas_std=0.6534 final_norm=11.79 residual_alpha=0.2758 shape_norm=13.51 source_delta_norm=6.384 source_delta_ratio=0.5466
2026-07-30 04:47:36,243 - portable_sam_fusion - INFO - [DEBUG-GATE] epoch=28 step=8100 shape_dense_alpha_max=0.2758 shape_dense_alpha_mean=0.2758 shape_dense_alpha_min=0.2758
2026-07-30 04:47:36,243 - portable_sam_fusion - INFO - [DEBUG-JITTER] epoch=28 step=8100 area_ratio_count=64 area_ratio_mean=1 area_ratio_sum=64 fallback_count=0 mean_iou=1 num_jittered=0 num_rois=64
2026-07-30 04:47:36,243 - portable_sam_fusion - INFO - [DEBUG-SP] epoch=28 step=8100 all_invalid_count=0 all_invalid_ratio=0 empty_count=0 empty_ratio=0 full_count=0 full_ratio=0 mean_point_distance=38.02 n1_gt_valid_count=64 n1_in_gt_bg=0.7969 n1_in_gt_bg_count=51 n1_valid_count=64 n1_valid_ratio=1 n2_gt_valid_count=64 n2_in_gt_bg=1 n2_in_gt_bg_count=64 n2_valid_count=64 n2_valid_ratio=1 neg_in_pred_bg=1 neg_in_pred_bg_count=128 negative_pair_count=64 negative_pair_distance_sum=3525 p1_gt_valid_count=64 p1_in_gt_fg=1 p1_in_gt_fg_count=64 p1_valid_count=64 p1_valid_ratio=1 p2_gt_valid_count=64 p2_in_gt_fg=1 p2_in_gt_fg_count=64 p2_valid_count=64 p2_valid_ratio=1 point_distance_sum=4867 point_overlap_count=0 point_overlap_ratio=0 point_pair_count=128 pos_in_pred_fg=1 pos_in_pred_fg_count=128 positive_pair_count=64 positive_pair_distance_sum=1342 roi_count=64 valid_neg_count=128 valid_pos_count=128 warmup_stage=2
2026-07-30 04:48:37,044 - portable_sam_fusion - INFO - epoch 28 | mini-batch 208/294 | optimizer_step 2050/5920 | lr=3.740e-04
2026-07-30 04:48:42,683 - portable_sam_fusion - INFO - [DEBUG-BOX] epoch=28 step=8150 fallback_count=0 fallback_ratio=0 num_rois=64 refined_proposal_iou=0 refined_proposal_iou_sum=0 refined_valid_count=0
2026-07-30 04:48:42,684 - portable_sam_fusion - INFO - [DEBUG-COARSE] epoch=28 step=8150 bce_raw=0.1332 boundary_fn=2284 boundary_fp=2151 boundary_tp=2.485e+04 dice=0.08775 dice_loss_raw=0.08775 iou=0.8423 loss_weight=0.1 raw_boundary_fn=2284 raw_boundary_fp=2151 raw_boundary_tp=2.485e+04 raw_dice_score=0.9123 raw_iou=0.8423 weighted_loss=0.0221
2026-07-30 04:48:42,684 - portable_sam_fusion - INFO - [DEBUG-CONTEXT] epoch=28 step=8150 enabled=0
2026-07-30 04:48:42,684 - portable_sam_fusion - INFO - [DEBUG-DENSE] epoch=28 step=8150 applied_delta_norm=1.32 applied_delta_ratio=0.1131 base_norm=11.68 canvas_max=8 canvas_mean=-0.005129 canvas_min=-8 canvas_nonzero_ratio=0.005863 canvas_std=0.4572 final_norm=11.73 residual_alpha=0.2759 shape_norm=12.66 source_delta_norm=4.786 source_delta_ratio=0.4098
2026-07-30 04:48:42,684 - portable_sam_fusion - INFO - [DEBUG-GATE] epoch=28 step=8150 shape_dense_alpha_max=0.2759 shape_dense_alpha_mean=0.2759 shape_dense_alpha_min=0.2759
2026-07-30 04:48:42,684 - portable_sam_fusion - INFO - [DEBUG-JITTER] epoch=28 step=8150 area_ratio_count=64 area_ratio_mean=1 area_ratio_sum=64 fallback_count=0 mean_iou=1 num_jittered=0 num_rois=64
2026-07-30 04:48:42,684 - portable_sam_fusion - INFO - [DEBUG-SP] epoch=28 step=8150 all_invalid_count=0 all_invalid_ratio=0 empty_count=0 empty_ratio=0 full_count=0 full_ratio=0 mean_point_distance=25.24 n1_gt_valid_count=64 n1_in_gt_bg=0.8906 n1_in_gt_bg_count=57 n1_valid_count=64 n1_valid_ratio=1 n2_gt_valid_count=64 n2_in_gt_bg=1 n2_in_gt_bg_count=64 n2_valid_count=64 n2_valid_ratio=1 neg_in_pred_bg=1 neg_in_pred_bg_count=128 negative_pair_count=64 negative_pair_distance_sum=2446 p1_gt_valid_count=64 p1_in_gt_fg=1 p1_in_gt_fg_count=64 p1_valid_count=64 p1_valid_ratio=1 p2_gt_valid_count=64 p2_in_gt_fg=1 p2_in_gt_fg_count=64 p2_valid_count=64 p2_valid_ratio=1 point_distance_sum=3231 point_overlap_count=0 point_overlap_ratio=0 point_pair_count=128 pos_in_pred_fg=1 pos_in_pred_fg_count=128 positive_pair_count=64 positive_pair_distance_sum=785 roi_count=64 valid_neg_count=128 valid_pos_count=128 warmup_stage=2
2026-07-30 04:49:56,172 - portable_sam_fusion - INFO - [DEBUG-BOX] epoch=28 step=8200 fallback_count=0 fallback_ratio=0 num_rois=64 refined_proposal_iou=0 refined_proposal_iou_sum=0 refined_valid_count=0
2026-07-30 04:49:56,173 - portable_sam_fusion - INFO - [DEBUG-COARSE] epoch=28 step=8200 bce_raw=0.1424 boundary_fn=2038 boundary_fp=2545 boundary_tp=2.26e+04 dice=0.05765 dice_loss_raw=0.05765 iou=0.8947 loss_weight=0.1 raw_boundary_fn=2038 raw_boundary_fp=2545 raw_boundary_tp=2.26e+04 raw_dice_score=0.9424 raw_iou=0.8947 weighted_loss=0.02
2026-07-30 04:49:56,173 - portable_sam_fusion - INFO - [DEBUG-CONTEXT] epoch=28 step=8200 enabled=0
2026-07-30 04:49:56,173 - portable_sam_fusion - INFO - [DEBUG-DENSE] epoch=28 step=8200 applied_delta_norm=1.501 applied_delta_ratio=0.1285 base_norm=11.68 canvas_max=8 canvas_mean=0.016 canvas_min=-8 canvas_nonzero_ratio=0.005751 canvas_std=0.4421 final_norm=11.74 residual_alpha=0.2759 shape_norm=12.87 source_delta_norm=5.44 source_delta_ratio=0.4658
2026-07-30 04:49:56,173 - portable_sam_fusion - INFO - [DEBUG-GATE] epoch=28 step=8200 shape_dense_alpha_max=0.2759 shape_dense_alpha_mean=0.2759 shape_dense_alpha_min=0.2759
2026-07-30 04:49:56,173 - portable_sam_fusion - INFO - [DEBUG-JITTER] epoch=28 step=8200 area_ratio_count=64 area_ratio_mean=1 area_ratio_sum=64 fallback_count=0 mean_iou=1 num_jittered=0 num_rois=64
2026-07-30 04:49:56,173 - portable_sam_fusion - INFO - [DEBUG-SP] epoch=28 step=8200 all_invalid_count=0 all_invalid_ratio=0 empty_count=0 empty_ratio=0 full_count=0 full_ratio=0 mean_point_distance=27.83 n1_gt_valid_count=64 n1_in_gt_bg=0.7812 n1_in_gt_bg_count=50 n1_valid_count=64 n1_valid_ratio=1 n2_gt_valid_count=64 n2_in_gt_bg=0.9531 n2_in_gt_bg_count=61 n2_valid_count=64 n2_valid_ratio=1 neg_in_pred_bg=1 neg_in_pred_bg_count=128 negative_pair_count=64 negative_pair_distance_sum=2444 p1_gt_valid_count=64 p1_in_gt_fg=1 p1_in_gt_fg_count=64 p1_valid_count=64 p1_valid_ratio=1 p2_gt_valid_count=64 p2_in_gt_fg=1 p2_in_gt_fg_count=64 p2_valid_count=64 p2_valid_ratio=1 point_distance_sum=3563 point_overlap_count=0 point_overlap_ratio=0 point_pair_count=128 pos_in_pred_fg=1 pos_in_pred_fg_count=128 positive_pair_count=64 positive_pair_distance_sum=1119 roi_count=64 valid_neg_count=128 valid_pos_count=128 warmup_stage=2
2026-07-30 04:50:36,206 - portable_sam_fusion - INFO - Epoch 28 detailed losses: loss_rpn_cls=0.0106, loss_rpn_bbox=0.0045, loss_cls=0.1550, acc=94.0427, loss_bbox=0.0616, loss_mask=0.0012, debug_mask_pos_rois=55.2857, debug_mask_logit_mean=-17.1520, debug_mask_logit_std=3.1463, debug_mask_prob_mean=0.0049, debug_mask_prob_ge05=0.0049, debug_mask_target_fill=0.0049, loss_shape_prior=0.0194, schedule/det_weight=1.0000
2026-07-30 04:50:36,206 - portable_sam_fusion - INFO - Epoch 28 dense residual monitor: alpha=0.274201 source_delta_norm=6.1548 applied_delta_norm=1.6877 source_delta_ratio=0.527020 applied_delta_ratio=0.144512
2026-07-30 04:50:36,206 - portable_sam_fusion - INFO - Epoch 28 primary loss shares: det=91.83% final_mask=0.47% shape=7.70% p2_boundary=0.00%
2026-07-30 04:50:36,206 - portable_sam_fusion - INFO - Epoch 28 schedule: det_loss_weight=1.000 early_stop_start=20 min_delta=0.0005
2026-07-30 04:50:36,206 - portable_sam_fusion - INFO - Epoch 28 learning rates: sat_backbone=3.71e-04, mask_decoder=3.71e-04, shape_prior=3.71e-04, quality_head=3.71e-04, sat_other=3.71e-04
2026-07-30 04:53:58,057 - portable_sam_fusion - INFO - Validation samples: GT=15926, DT=16386, avg_masks_per_image=26.13, avg_mask_fill=0.0053
creating index...
index created!
Loading and preparing results...
DONE (t=0.02s)
creating index...
index created!
Running per image evaluation...
Evaluate annotation type *bbox*
DONE (t=10.34s).
Accumulating evaluation results...
DONE (t=0.16s).
 Average Precision  (AP) @[ IoU=0.50:0.95 | area=   all | maxDets=100 ] = 0.694
 Average Precision  (AP) @[ IoU=0.50      | area=   all | maxDets=100 ] = 0.889
 Average Precision  (AP) @[ IoU=0.75      | area=   all | maxDets=100 ] = 0.815
 Average Precision  (AP) @[ IoU=0.50:0.95 | area= small | maxDets=100 ] = 0.325
 Average Precision  (AP) @[ IoU=0.50:0.95 | area=medium | maxDets=100 ] = 0.738
 Average Precision  (AP) @[ IoU=0.50:0.95 | area= large | maxDets=100 ] = 0.774
 Average Recall     (AR) @[ IoU=0.50:0.95 | area=   all | maxDets=  1 ] = 0.026
 Average Recall     (AR) @[ IoU=0.50:0.95 | area=   all | maxDets= 10 ] = 0.189
 Average Recall     (AR) @[ IoU=0.50:0.95 | area=   all | maxDets=100 ] = 0.743
 Average Recall     (AR) @[ IoU=0.50:0.95 | area= small | maxDets=100 ] = 0.414
 Average Recall     (AR) @[ IoU=0.50:0.95 | area=medium | maxDets=100 ] = 0.789
 Average Recall     (AR) @[ IoU=0.50:0.95 | area= large | maxDets=100 ] = 0.823
2026-07-30 04:54:08,748 - portable_sam_fusion - INFO - Validation bbox/mAP: 0.6939 bbox/mAP_75: 0.8147
Running per image evaluation...
Evaluate annotation type *segm*
DONE (t=10.96s).
Accumulating evaluation results...
DONE (t=0.16s).
 Average Precision  (AP) @[ IoU=0.50:0.95 | area=   all | maxDets=100 ] = 0.440
 Average Precision  (AP) @[ IoU=0.50      | area=   all | maxDets=100 ] = 0.848
 Average Precision  (AP) @[ IoU=0.75      | area=   all | maxDets=100 ] = 0.457
 Average Precision  (AP) @[ IoU=0.50:0.95 | area= small | maxDets=100 ] = 0.058
 Average Precision  (AP) @[ IoU=0.50:0.95 | area=medium | maxDets=100 ] = 0.451
 Average Precision  (AP) @[ IoU=0.50:0.95 | area= large | maxDets=100 ] = 0.638
 Average Recall     (AR) @[ IoU=0.50:0.95 | area=   all | maxDets=  1 ] = 0.021
 Average Recall     (AR) @[ IoU=0.50:0.95 | area=   all | maxDets= 10 ] = 0.142
 Average Recall     (AR) @[ IoU=0.50:0.95 | area=   all | maxDets=100 ] = 0.486
 Average Recall     (AR) @[ IoU=0.50:0.95 | area= small | maxDets=100 ] = 0.102
 Average Recall     (AR) @[ IoU=0.50:0.95 | area=medium | maxDets=100 ] = 0.501
 Average Recall     (AR) @[ IoU=0.50:0.95 | area= large | maxDets=100 ] = 0.684
2026-07-30 04:54:19,901 - portable_sam_fusion - INFO - Validation segm/mAP: 0.4403
2026-07-30 04:54:20,481 - portable_sam_fusion - INFO - Early-stop metric (segm/mAP): raw=0.4403 smooth(5)=0.4456 best=0.4549 counter=6
2026-07-30 04:54:28,242 - portable_sam_fusion - INFO - Epoch 28/80 | train=0.252381 val=disabled segm/mAP=0.4403 bbox/mAP=0.6939 | best_segm=0.4852 best_bbox=0.7089 best_comp=0.0000 | sat_backbone=3.71e-04 mask_decoder=3.71e-04 shape_prior=3.71e-04 quality_head=3.71e-04 sat_other=3.71e-04
2026-07-30 04:54:54,387 - portable_sam_fusion - INFO - [DEBUG-BOX] epoch=29 step=8250 fallback_count=0 fallback_ratio=0 num_rois=64 refined_proposal_iou=0 refined_proposal_iou_sum=0 refined_valid_count=0
2026-07-30 04:54:54,387 - portable_sam_fusion - INFO - [DEBUG-COARSE] epoch=29 step=8250 bce_raw=0.1801 boundary_fn=2715 boundary_fp=2641 boundary_tp=2.433e+04 dice=0.0885 dice_loss_raw=0.0885 iou=0.8417 loss_weight=0.1 raw_boundary_fn=2715 raw_boundary_fp=2641 raw_boundary_tp=2.433e+04 raw_dice_score=0.9115 raw_iou=0.8417 weighted_loss=0.02686
2026-07-30 04:54:54,387 - portable_sam_fusion - INFO - [DEBUG-CONTEXT] epoch=29 step=8250 enabled=0
2026-07-30 04:54:54,387 - portable_sam_fusion - INFO - [DEBUG-DENSE] epoch=29 step=8250 applied_delta_norm=1.338 applied_delta_ratio=0.1146 base_norm=11.68 canvas_max=8 canvas_mean=0.001553 canvas_min=-8 canvas_nonzero_ratio=0.005534 canvas_std=0.4443 final_norm=11.73 residual_alpha=0.2759 shape_norm=12.7 source_delta_norm=4.849 source_delta_ratio=0.4152
2026-07-30 04:54:54,387 - portable_sam_fusion - INFO - [DEBUG-GATE] epoch=29 step=8250 shape_dense_alpha_max=0.2759 shape_dense_alpha_mean=0.2759 shape_dense_alpha_min=0.2759
2026-07-30 04:54:54,387 - portable_sam_fusion - INFO - [DEBUG-JITTER] epoch=29 step=8250 area_ratio_count=64 area_ratio_mean=1 area_ratio_sum=64 fallback_count=0 mean_iou=1 num_jittered=0 num_rois=64
2026-07-30 04:54:54,387 - portable_sam_fusion - INFO - [DEBUG-SP] epoch=29 step=8250 all_invalid_count=0 all_invalid_ratio=0 empty_count=0 empty_ratio=0 full_count=0 full_ratio=0 mean_point_distance=28.75 n1_gt_valid_count=64 n1_in_gt_bg=0.875 n1_in_gt_bg_count=56 n1_valid_count=64 n1_valid_ratio=1 n2_gt_valid_count=64 n2_in_gt_bg=1 n2_in_gt_bg_count=64 n2_valid_count=64 n2_valid_ratio=1 neg_in_pred_bg=1 neg_in_pred_bg_count=128 negative_pair_count=64 negative_pair_distance_sum=2851 p1_gt_valid_count=64 p1_in_gt_fg=1 p1_in_gt_fg_count=64 p1_valid_count=64 p1_valid_ratio=1 p2_gt_valid_count=64 p2_in_gt_fg=0.9844 p2_in_gt_fg_count=63 p2_valid_count=64 p2_valid_ratio=1 point_distance_sum=3680 point_overlap_count=0 point_overlap_ratio=0 point_pair_count=128 pos_in_pred_fg=1 pos_in_pred_fg_count=128 positive_pair_count=64 positive_pair_distance_sum=828.5 roi_count=64 valid_neg_count=128 valid_pos_count=128 warmup_stage=2
2026-07-30 04:56:01,774 - portable_sam_fusion - INFO - [DEBUG-BOX] epoch=29 step=8300 fallback_count=0 fallback_ratio=0 num_rois=64 refined_proposal_iou=0 refined_proposal_iou_sum=0 refined_valid_count=0
2026-07-30 04:56:01,774 - portable_sam_fusion - INFO - [DEBUG-COARSE] epoch=29 step=8300 bce_raw=0.1196 boundary_fn=1315 boundary_fp=2175 boundary_tp=2.622e+04 dice=0.07741 dice_loss_raw=0.07741 iou=0.8591 loss_weight=0.1 raw_boundary_fn=1315 raw_boundary_fp=2175 raw_boundary_tp=2.622e+04 raw_dice_score=0.9226 raw_iou=0.8591 weighted_loss=0.01971
2026-07-30 04:56:01,774 - portable_sam_fusion - INFO - [DEBUG-CONTEXT] epoch=29 step=8300 enabled=0
2026-07-30 04:56:01,774 - portable_sam_fusion - INFO - [DEBUG-DENSE] epoch=29 step=8300 applied_delta_norm=1.622 applied_delta_ratio=0.1389 base_norm=11.68 canvas_max=8 canvas_mean=-0.007992 canvas_min=-8 canvas_nonzero_ratio=0.008052 canvas_std=0.5449 final_norm=11.76 residual_alpha=0.2759 shape_norm=13.15 source_delta_norm=5.879 source_delta_ratio=0.5034
2026-07-30 04:56:01,774 - portable_sam_fusion - INFO - [DEBUG-GATE] epoch=29 step=8300 shape_dense_alpha_max=0.2759 shape_dense_alpha_mean=0.2759 shape_dense_alpha_min=0.2759
2026-07-30 04:56:01,774 - portable_sam_fusion - INFO - [DEBUG-JITTER] epoch=29 step=8300 area_ratio_count=64 area_ratio_mean=1 area_ratio_sum=64 fallback_count=0 mean_iou=1 num_jittered=0 num_rois=64
2026-07-30 04:56:01,774 - portable_sam_fusion - INFO - [DEBUG-SP] epoch=29 step=8300 all_invalid_count=0 all_invalid_ratio=0 empty_count=0 empty_ratio=0 full_count=0 full_ratio=0 mean_point_distance=30.26 n1_gt_valid_count=64 n1_in_gt_bg=0.8906 n1_in_gt_bg_count=57 n1_valid_count=64 n1_valid_ratio=1 n2_gt_valid_count=64 n2_in_gt_bg=1 n2_in_gt_bg_count=64 n2_valid_count=64 n2_valid_ratio=1 neg_in_pred_bg=1 neg_in_pred_bg_count=128 negative_pair_count=64 negative_pair_distance_sum=2835 p1_gt_valid_count=64 p1_in_gt_fg=1 p1_in_gt_fg_count=64 p1_valid_count=64 p1_valid_ratio=1 p2_gt_valid_count=64 p2_in_gt_fg=1 p2_in_gt_fg_count=64 p2_valid_count=64 p2_valid_ratio=1 point_distance_sum=3873 point_overlap_count=0 point_overlap_ratio=0 point_pair_count=128 pos_in_pred_fg=1 pos_in_pred_fg_count=128 positive_pair_count=64 positive_pair_distance_sum=1039 roi_count=64 valid_neg_count=128 valid_pos_count=128 warmup_stage=2
2026-07-30 04:56:57,800 - portable_sam_fusion - INFO - epoch 29 | mini-batch 112/294 | optimizer_step 2100/5920 | lr=3.681e-04
2026-07-30 04:57:06,795 - portable_sam_fusion - INFO - [DEBUG-BOX] epoch=29 step=8350 fallback_count=0 fallback_ratio=0 num_rois=64 refined_proposal_iou=0 refined_proposal_iou_sum=0 refined_valid_count=0
2026-07-30 04:57:06,795 - portable_sam_fusion - INFO - [DEBUG-COARSE] epoch=29 step=8350 bce_raw=0.1436 boundary_fn=2339 boundary_fp=1994 boundary_tp=2.443e+04 dice=0.06388 dice_loss_raw=0.06388 iou=0.8809 loss_weight=0.1 raw_boundary_fn=2339 raw_boundary_fp=1994 raw_boundary_tp=2.443e+04 raw_dice_score=0.9361 raw_iou=0.8809 weighted_loss=0.02075
2026-07-30 04:57:06,795 - portable_sam_fusion - INFO - [DEBUG-CONTEXT] epoch=29 step=8350 enabled=0
2026-07-30 04:57:06,795 - portable_sam_fusion - INFO - [DEBUG-DENSE] epoch=29 step=8350 applied_delta_norm=1.603 applied_delta_ratio=0.1373 base_norm=11.68 canvas_max=8 canvas_mean=0.008904 canvas_min=-8 canvas_nonzero_ratio=0.006886 canvas_std=0.4935 final_norm=11.75 residual_alpha=0.2761 shape_norm=13.04 source_delta_norm=5.806 source_delta_ratio=0.4972
2026-07-30 04:57:06,795 - portable_sam_fusion - INFO - [DEBUG-GATE] epoch=29 step=8350 shape_dense_alpha_max=0.2761 shape_dense_alpha_mean=0.2761 shape_dense_alpha_min=0.2761
2026-07-30 04:57:06,795 - portable_sam_fusion - INFO - [DEBUG-JITTER] epoch=29 step=8350 area_ratio_count=64 area_ratio_mean=1 area_ratio_sum=64 fallback_count=0 mean_iou=1 num_jittered=0 num_rois=64
2026-07-30 04:57:06,795 - portable_sam_fusion - INFO - [DEBUG-SP] epoch=29 step=8350 all_invalid_count=0 all_invalid_ratio=0 empty_count=0 empty_ratio=0 full_count=0 full_ratio=0 mean_point_distance=26.73 n1_gt_valid_count=64 n1_in_gt_bg=0.7812 n1_in_gt_bg_count=50 n1_valid_count=64 n1_valid_ratio=1 n2_gt_valid_count=64 n2_in_gt_bg=0.9844 n2_in_gt_bg_count=63 n2_valid_count=64 n2_valid_ratio=1 neg_in_pred_bg=1 neg_in_pred_bg_count=128 negative_pair_count=64 negative_pair_distance_sum=2571 p1_gt_valid_count=64 p1_in_gt_fg=1 p1_in_gt_fg_count=64 p1_valid_count=64 p1_valid_ratio=1 p2_gt_valid_count=64 p2_in_gt_fg=1 p2_in_gt_fg_count=64 p2_valid_count=64 p2_valid_ratio=1 point_distance_sum=3422 point_overlap_count=0 point_overlap_ratio=0 point_pair_count=128 pos_in_pred_fg=1 pos_in_pred_fg_count=128 positive_pair_count=64 positive_pair_distance_sum=850.2 roi_count=64 valid_neg_count=128 valid_pos_count=128 warmup_stage=2
2026-07-30 04:58:18,817 - portable_sam_fusion - INFO - [DEBUG-BOX] epoch=29 step=8400 fallback_count=0 fallback_ratio=0 num_rois=64 refined_proposal_iou=0 refined_proposal_iou_sum=0 refined_valid_count=0
2026-07-30 04:58:18,817 - portable_sam_fusion - INFO - [DEBUG-COARSE] epoch=29 step=8400 bce_raw=0.1415 boundary_fn=2366 boundary_fp=1500 boundary_tp=2.596e+04 dice=0.08083 dice_loss_raw=0.08083 iou=0.8534 loss_weight=0.1 raw_boundary_fn=2366 raw_boundary_fp=1500 raw_boundary_tp=2.596e+04 raw_dice_score=0.9192 raw_iou=0.8534 weighted_loss=0.02223
2026-07-30 04:58:18,817 - portable_sam_fusion - INFO - [DEBUG-CONTEXT] epoch=29 step=8400 enabled=0
2026-07-30 04:58:18,817 - portable_sam_fusion - INFO - [DEBUG-DENSE] epoch=29 step=8400 applied_delta_norm=1.395 applied_delta_ratio=0.1194 base_norm=11.68 canvas_max=8 canvas_mean=-0.001246 canvas_min=-8 canvas_nonzero_ratio=0.005863 canvas_std=0.4647 final_norm=11.73 residual_alpha=0.2762 shape_norm=12.73 source_delta_norm=5.049 source_delta_ratio=0.4324
2026-07-30 04:58:18,817 - portable_sam_fusion - INFO - [DEBUG-GATE] epoch=29 step=8400 shape_dense_alpha_max=0.2762 shape_dense_alpha_mean=0.2762 shape_dense_alpha_min=0.2762
2026-07-30 04:58:18,818 - portable_sam_fusion - INFO - [DEBUG-JITTER] epoch=29 step=8400 area_ratio_count=64 area_ratio_mean=1 area_ratio_sum=64 fallback_count=0 mean_iou=1 num_jittered=0 num_rois=64
2026-07-30 04:58:18,818 - portable_sam_fusion - INFO - [DEBUG-SP] epoch=29 step=8400 all_invalid_count=0 all_invalid_ratio=0 empty_count=0 empty_ratio=0 full_count=0 full_ratio=0 mean_point_distance=28.38 n1_gt_valid_count=64 n1_in_gt_bg=0.9062 n1_in_gt_bg_count=58 n1_valid_count=64 n1_valid_ratio=1 n2_gt_valid_count=64 n2_in_gt_bg=1 n2_in_gt_bg_count=64 n2_valid_count=64 n2_valid_ratio=1 neg_in_pred_bg=1 neg_in_pred_bg_count=128 negative_pair_count=64 negative_pair_distance_sum=2840 p1_gt_valid_count=64 p1_in_gt_fg=1 p1_in_gt_fg_count=64 p1_valid_count=64 p1_valid_ratio=1 p2_gt_valid_count=64 p2_in_gt_fg=1 p2_in_gt_fg_count=64 p2_valid_count=64 p2_valid_ratio=1 point_distance_sum=3633 point_overlap_count=0 point_overlap_ratio=0 point_pair_count=128 pos_in_pred_fg=1 pos_in_pred_fg_count=128 positive_pair_count=64 positive_pair_distance_sum=793.4 roi_count=64 valid_neg_count=128 valid_pos_count=128 warmup_stage=2
2026-07-30 04:59:24,764 - portable_sam_fusion - INFO - [DEBUG-BOX] epoch=29 step=8450 fallback_count=0 fallback_ratio=0 num_rois=64 refined_proposal_iou=0 refined_proposal_iou_sum=0 refined_valid_count=0
2026-07-30 04:59:24,764 - portable_sam_fusion - INFO - [DEBUG-COARSE] epoch=29 step=8450 bce_raw=0.1476 boundary_fn=2360 boundary_fp=1721 boundary_tp=2.621e+04 dice=0.08603 dice_loss_raw=0.08603 iou=0.8449 loss_weight=0.1 raw_boundary_fn=2360 raw_boundary_fp=1721 raw_boundary_tp=2.621e+04 raw_dice_score=0.914 raw_iou=0.8449 weighted_loss=0.02336
2026-07-30 04:59:24,764 - portable_sam_fusion - INFO - [DEBUG-CONTEXT] epoch=29 step=8450 enabled=0
2026-07-30 04:59:24,764 - portable_sam_fusion - INFO - [DEBUG-DENSE] epoch=29 step=8450 applied_delta_norm=1.705 applied_delta_ratio=0.146 base_norm=11.68 canvas_max=8 canvas_mean=-0.01518 canvas_min=-8 canvas_nonzero_ratio=0.008567 canvas_std=0.5442 final_norm=11.76 residual_alpha=0.2764 shape_norm=13.2 source_delta_norm=6.169 source_delta_ratio=0.5282
2026-07-30 04:59:24,764 - portable_sam_fusion - INFO - [DEBUG-GATE] epoch=29 step=8450 shape_dense_alpha_max=0.2764 shape_dense_alpha_mean=0.2764 shape_dense_alpha_min=0.2764
2026-07-30 04:59:24,764 - portable_sam_fusion - INFO - [DEBUG-JITTER] epoch=29 step=8450 area_ratio_count=64 area_ratio_mean=1 area_ratio_sum=64 fallback_count=0 mean_iou=1 num_jittered=0 num_rois=64
2026-07-30 04:59:24,764 - portable_sam_fusion - INFO - [DEBUG-SP] epoch=29 step=8450 all_invalid_count=0 all_invalid_ratio=0 empty_count=0 empty_ratio=0 full_count=0 full_ratio=0 mean_point_distance=29.91 n1_gt_valid_count=64 n1_in_gt_bg=0.8438 n1_in_gt_bg_count=54 n1_valid_count=64 n1_valid_ratio=1 n2_gt_valid_count=64 n2_in_gt_bg=1 n2_in_gt_bg_count=64 n2_valid_count=64 n2_valid_ratio=1 neg_in_pred_bg=1 neg_in_pred_bg_count=128 negative_pair_count=64 negative_pair_distance_sum=2548 p1_gt_valid_count=64 p1_in_gt_fg=1 p1_in_gt_fg_count=64 p1_valid_count=64 p1_valid_ratio=1 p2_gt_valid_count=64 p2_in_gt_fg=1 p2_in_gt_fg_count=64 p2_valid_count=64 p2_valid_ratio=1 point_distance_sum=3829 point_overlap_count=0 point_overlap_ratio=0 point_pair_count=128 pos_in_pred_fg=1 pos_in_pred_fg_count=128 positive_pair_count=64 positive_pair_distance_sum=1281 roi_count=64 valid_neg_count=128 valid_pos_count=128 warmup_stage=2
2026-07-30 05:00:28,316 - portable_sam_fusion - INFO - [DEBUG-BOX] epoch=29 step=8500 fallback_count=0 fallback_ratio=0 num_rois=64 refined_proposal_iou=0 refined_proposal_iou_sum=0 refined_valid_count=0
2026-07-30 05:00:28,316 - portable_sam_fusion - INFO - [DEBUG-COARSE] epoch=29 step=8500 bce_raw=0.1364 boundary_fn=1957 boundary_fp=1313 boundary_tp=2.568e+04 dice=0.06856 dice_loss_raw=0.06856 iou=0.8743 loss_weight=0.1 raw_boundary_fn=1957 raw_boundary_fp=1313 raw_boundary_tp=2.568e+04 raw_dice_score=0.9314 raw_iou=0.8743 weighted_loss=0.02049
2026-07-30 05:00:28,316 - portable_sam_fusion - INFO - [DEBUG-CONTEXT] epoch=29 step=8500 enabled=0
2026-07-30 05:00:28,316 - portable_sam_fusion - INFO - [DEBUG-DENSE] epoch=29 step=8500 applied_delta_norm=1.619 applied_delta_ratio=0.1387 base_norm=11.68 canvas_max=8 canvas_mean=-0.004443 canvas_min=-8 canvas_nonzero_ratio=0.008204 canvas_std=0.5931 final_norm=11.76 residual_alpha=0.2766 shape_norm=13.16 source_delta_norm=5.855 source_delta_ratio=0.5014
2026-07-30 05:00:28,316 - portable_sam_fusion - INFO - [DEBUG-GATE] epoch=29 step=8500 shape_dense_alpha_max=0.2766 shape_dense_alpha_mean=0.2766 shape_dense_alpha_min=0.2766
2026-07-30 05:00:28,316 - portable_sam_fusion - INFO - [DEBUG-JITTER] epoch=29 step=8500 area_ratio_count=64 area_ratio_mean=1 area_ratio_sum=64 fallback_count=0 mean_iou=1 num_jittered=0 num_rois=64
2026-07-30 05:00:28,316 - portable_sam_fusion - INFO - [DEBUG-SP] epoch=29 step=8500 all_invalid_count=0 all_invalid_ratio=0 empty_count=0 empty_ratio=0 full_count=0 full_ratio=0 mean_point_distance=31.64 n1_gt_valid_count=64 n1_in_gt_bg=0.9219 n1_in_gt_bg_count=59 n1_valid_count=64 n1_valid_ratio=1 n2_gt_valid_count=64 n2_in_gt_bg=1 n2_in_gt_bg_count=64 n2_valid_count=64 n2_valid_ratio=1 neg_in_pred_bg=1 neg_in_pred_bg_count=128 negative_pair_count=64 negative_pair_distance_sum=2956 p1_gt_valid_count=64 p1_in_gt_fg=1 p1_in_gt_fg_count=64 p1_valid_count=64 p1_valid_ratio=1 p2_gt_valid_count=64 p2_in_gt_fg=1 p2_in_gt_fg_count=64 p2_valid_count=64 p2_valid_ratio=1 point_distance_sum=4050 point_overlap_count=0 point_overlap_ratio=0 point_pair_count=128 pos_in_pred_fg=1 pos_in_pred_fg_count=128 positive_pair_count=64 positive_pair_distance_sum=1094 roi_count=64 valid_neg_count=128 valid_pos_count=128 warmup_stage=2
2026-07-30 05:01:01,285 - portable_sam_fusion - INFO - Epoch 29 detailed losses: loss_rpn_cls=0.0097, loss_rpn_bbox=0.0038, loss_cls=0.1509, acc=94.0551, loss_bbox=0.0590, loss_mask=0.0012, debug_mask_pos_rois=54.8810, debug_mask_logit_mean=-17.0865, debug_mask_logit_std=3.2268, debug_mask_prob_mean=0.0052, debug_mask_prob_ge05=0.0051, debug_mask_target_fill=0.0052, loss_shape_prior=0.0190, schedule/det_weight=1.0000
2026-07-30 05:01:01,286 - portable_sam_fusion - INFO - Epoch 29 dense residual monitor: alpha=0.274804 source_delta_norm=6.1200 applied_delta_norm=1.6820 source_delta_ratio=0.524046 applied_delta_ratio=0.144025
2026-07-30 05:01:01,286 - portable_sam_fusion - INFO - Epoch 29 primary loss shares: det=91.70% final_mask=0.51% shape=7.78% p2_boundary=0.00%
2026-07-30 05:01:01,286 - portable_sam_fusion - INFO - Epoch 29 schedule: det_loss_weight=1.000 early_stop_start=20 min_delta=0.0005
2026-07-30 05:01:01,286 - portable_sam_fusion - INFO - Epoch 29 learning rates: sat_backbone=3.63e-04, mask_decoder=3.63e-04, shape_prior=3.63e-04, quality_head=3.63e-04, sat_other=3.63e-04
2026-07-30 05:04:33,605 - portable_sam_fusion - INFO - Validation samples: GT=15926, DT=17050, avg_masks_per_image=27.19, avg_mask_fill=0.0049
creating index...
index created!
Loading and preparing results...
DONE (t=0.02s)
creating index...
index created!
Running per image evaluation...
Evaluate annotation type *bbox*
DONE (t=10.50s).
Accumulating evaluation results...
DONE (t=0.18s).
 Average Precision  (AP) @[ IoU=0.50:0.95 | area=   all | maxDets=100 ] = 0.690
 Average Precision  (AP) @[ IoU=0.50      | area=   all | maxDets=100 ] = 0.895
 Average Precision  (AP) @[ IoU=0.75      | area=   all | maxDets=100 ] = 0.814
 Average Precision  (AP) @[ IoU=0.50:0.95 | area= small | maxDets=100 ] = 0.307
 Average Precision  (AP) @[ IoU=0.50:0.95 | area=medium | maxDets=100 ] = 0.730
 Average Precision  (AP) @[ IoU=0.50:0.95 | area= large | maxDets=100 ] = 0.784
 Average Recall     (AR) @[ IoU=0.50:0.95 | area=   all | maxDets=  1 ] = 0.026
 Average Recall     (AR) @[ IoU=0.50:0.95 | area=   all | maxDets= 10 ] = 0.190
 Average Recall     (AR) @[ IoU=0.50:0.95 | area=   all | maxDets=100 ] = 0.739
 Average Recall     (AR) @[ IoU=0.50:0.95 | area= small | maxDets=100 ] = 0.411
 Average Recall     (AR) @[ IoU=0.50:0.95 | area=medium | maxDets=100 ] = 0.778
 Average Recall     (AR) @[ IoU=0.50:0.95 | area= large | maxDets=100 ] = 0.834
2026-07-30 05:04:44,481 - portable_sam_fusion - INFO - Validation bbox/mAP: 0.6896 bbox/mAP_75: 0.8138
Running per image evaluation...
Evaluate annotation type *segm*
DONE (t=11.10s).
Accumulating evaluation results...
DONE (t=0.17s).
 Average Precision  (AP) @[ IoU=0.50:0.95 | area=   all | maxDets=100 ] = 0.463
 Average Precision  (AP) @[ IoU=0.50      | area=   all | maxDets=100 ] = 0.864
 Average Precision  (AP) @[ IoU=0.75      | area=   all | maxDets=100 ] = 0.503
 Average Precision  (AP) @[ IoU=0.50:0.95 | area= small | maxDets=100 ] = 0.070
 Average Precision  (AP) @[ IoU=0.50:0.95 | area=medium | maxDets=100 ] = 0.477
 Average Precision  (AP) @[ IoU=0.50:0.95 | area= large | maxDets=100 ] = 0.649
 Average Recall     (AR) @[ IoU=0.50:0.95 | area=   all | maxDets=  1 ] = 0.021
 Average Recall     (AR) @[ IoU=0.50:0.95 | area=   all | maxDets= 10 ] = 0.146
 Average Recall     (AR) @[ IoU=0.50:0.95 | area=   all | maxDets=100 ] = 0.507
 Average Recall     (AR) @[ IoU=0.50:0.95 | area= small | maxDets=100 ] = 0.121
 Average Recall     (AR) @[ IoU=0.50:0.95 | area=medium | maxDets=100 ] = 0.523
 Average Recall     (AR) @[ IoU=0.50:0.95 | area= large | maxDets=100 ] = 0.700
2026-07-30 05:04:55,787 - portable_sam_fusion - INFO - Validation segm/mAP: 0.4632
2026-07-30 05:04:56,366 - portable_sam_fusion - INFO - Early-stop metric (segm/mAP): raw=0.4632 smooth(5)=0.4502 best=0.4549 counter=7
2026-07-30 05:05:03,607 - portable_sam_fusion - INFO - Epoch 29/80 | train=0.243659 val=disabled segm/mAP=0.4632 bbox/mAP=0.6896 | best_segm=0.4852 best_bbox=0.7089 best_comp=0.0000 | sat_backbone=3.63e-04 mask_decoder=3.63e-04 shape_prior=3.63e-04 quality_head=3.63e-04 sat_other=3.63e-04
2026-07-30 05:05:22,962 - portable_sam_fusion - INFO - epoch 30 | mini-batch 16/294 | optimizer_step 2150/5920 | lr=3.621e-04
2026-07-30 05:05:33,027 - portable_sam_fusion - INFO - [DEBUG-BOX] epoch=30 step=8550 fallback_count=0 fallback_ratio=0 num_rois=64 refined_proposal_iou=0 refined_proposal_iou_sum=0 refined_valid_count=0
2026-07-30 05:05:33,027 - portable_sam_fusion - INFO - [DEBUG-COARSE] epoch=30 step=8550 bce_raw=0.1433 boundary_fn=2615 boundary_fp=1997 boundary_tp=2.567e+04 dice=0.07669 dice_loss_raw=0.07669 iou=0.8619 loss_weight=0.1 raw_boundary_fn=2615 raw_boundary_fp=1997 raw_boundary_tp=2.567e+04 raw_dice_score=0.9233 raw_iou=0.8619 weighted_loss=0.022
2026-07-30 05:05:33,027 - portable_sam_fusion - INFO - [DEBUG-CONTEXT] epoch=30 step=8550 enabled=0
2026-07-30 05:05:33,027 - portable_sam_fusion - INFO - [DEBUG-DENSE] epoch=30 step=8550 applied_delta_norm=1.506 applied_delta_ratio=0.129 base_norm=11.68 canvas_max=8 canvas_mean=0.003302 canvas_min=-8 canvas_nonzero_ratio=0.006283 canvas_std=0.4693 final_norm=11.74 residual_alpha=0.2768 shape_norm=12.85 source_delta_norm=5.442 source_delta_ratio=0.466
2026-07-30 05:05:33,028 - portable_sam_fusion - INFO - [DEBUG-GATE] epoch=30 step=8550 shape_dense_alpha_max=0.2768 shape_dense_alpha_mean=0.2768 shape_dense_alpha_min=0.2768
2026-07-30 05:05:33,028 - portable_sam_fusion - INFO - [DEBUG-JITTER] epoch=30 step=8550 area_ratio_count=64 area_ratio_mean=1 area_ratio_sum=64 fallback_count=0 mean_iou=1 num_jittered=0 num_rois=64
2026-07-30 05:05:33,028 - portable_sam_fusion - INFO - [DEBUG-SP] epoch=30 step=8550 all_invalid_count=0 all_invalid_ratio=0 empty_count=0 empty_ratio=0 full_count=0 full_ratio=0 mean_point_distance=27.61 n1_gt_valid_count=64 n1_in_gt_bg=0.7812 n1_in_gt_bg_count=50 n1_valid_count=64 n1_valid_ratio=1 n2_gt_valid_count=64 n2_in_gt_bg=0.9844 n2_in_gt_bg_count=63 n2_valid_count=64 n2_valid_ratio=1 neg_in_pred_bg=1 neg_in_pred_bg_count=128 negative_pair_count=64 negative_pair_distance_sum=2509 p1_gt_valid_count=64 p1_in_gt_fg=1 p1_in_gt_fg_count=64 p1_valid_count=64 p1_valid_ratio=1 p2_gt_valid_count=64 p2_in_gt_fg=1 p2_in_gt_fg_count=64 p2_valid_count=64 p2_valid_ratio=1 point_distance_sum=3534 point_overlap_count=0 point_overlap_ratio=0 point_pair_count=128 pos_in_pred_fg=1 pos_in_pred_fg_count=128 positive_pair_count=64 positive_pair_distance_sum=1025 roi_count=64 valid_neg_count=128 valid_pos_count=128 warmup_stage=2
2026-07-30 05:06:24,110 - portable_sam_fusion - INFO - [DEBUG-BOX] epoch=30 step=8600 fallback_count=0 fallback_ratio=0 num_rois=64 refined_proposal_iou=0 refined_proposal_iou_sum=0 refined_valid_count=0
2026-07-30 05:06:24,110 - portable_sam_fusion - INFO - [DEBUG-COARSE] epoch=30 step=8600 bce_raw=0.1066 boundary_fn=2203 boundary_fp=1396 boundary_tp=2.365e+04 dice=0.06966 dice_loss_raw=0.06966 iou=0.8731 loss_weight=0.1 raw_boundary_fn=2203 raw_boundary_fp=1396 raw_boundary_tp=2.365e+04 raw_dice_score=0.9303 raw_iou=0.8731 weighted_loss=0.01762
2026-07-30 05:06:24,111 - portable_sam_fusion - INFO - [DEBUG-CONTEXT] epoch=30 step=8600 enabled=0
2026-07-30 05:06:24,111 - portable_sam_fusion - INFO - [DEBUG-DENSE] epoch=30 step=8600 applied_delta_norm=3.363 applied_delta_ratio=0.2879 base_norm=11.68 canvas_max=8 canvas_mean=0.01377 canvas_min=-8 canvas_nonzero_ratio=0.02997 canvas_std=1.051 final_norm=12.06 residual_alpha=0.277 shape_norm=17.06 source_delta_norm=12.14 source_delta_ratio=1.039
2026-07-30 05:06:24,111 - portable_sam_fusion - INFO - [DEBUG-GATE] epoch=30 step=8600 shape_dense_alpha_max=0.277 shape_dense_alpha_mean=0.277 shape_dense_alpha_min=0.277
2026-07-30 05:06:24,111 - portable_sam_fusion - INFO - [DEBUG-JITTER] epoch=30 step=8600 area_ratio_count=64 area_ratio_mean=1 area_ratio_sum=64 fallback_count=0 mean_iou=1 num_jittered=0 num_rois=64
2026-07-30 05:06:24,111 - portable_sam_fusion - INFO - [DEBUG-SP] epoch=30 step=8600 all_invalid_count=0 all_invalid_ratio=0 empty_count=0 empty_ratio=0 full_count=0 full_ratio=0 mean_point_distance=65.98 n1_gt_valid_count=64 n1_in_gt_bg=0.8594 n1_in_gt_bg_count=55 n1_valid_count=64 n1_valid_ratio=1 n2_gt_valid_count=64 n2_in_gt_bg=1 n2_in_gt_bg_count=64 n2_valid_count=64 n2_valid_ratio=1 neg_in_pred_bg=1 neg_in_pred_bg_count=128 negative_pair_count=64 negative_pair_distance_sum=5954 p1_gt_valid_count=64 p1_in_gt_fg=1 p1_in_gt_fg_count=64 p1_valid_count=64 p1_valid_ratio=1 p2_gt_valid_count=64 p2_in_gt_fg=1 p2_in_gt_fg_count=64 p2_valid_count=64 p2_valid_ratio=1 point_distance_sum=8446 point_overlap_count=0 point_overlap_ratio=0 point_pair_count=128 pos_in_pred_fg=1 pos_in_pred_fg_count=128 positive_pair_count=64 positive_pair_distance_sum=2492 roi_count=64 valid_neg_count=128 valid_pos_count=128 warmup_stage=2
2026-07-30 05:07:31,888 - portable_sam_fusion - INFO - [DEBUG-BOX] epoch=30 step=8650 fallback_count=0 fallback_ratio=0 num_rois=64 refined_proposal_iou=0 refined_proposal_iou_sum=0 refined_valid_count=0
2026-07-30 05:07:31,888 - portable_sam_fusion - INFO - [DEBUG-COARSE] epoch=30 step=8650 bce_raw=0.1374 boundary_fn=2375 boundary_fp=1959 boundary_tp=2.492e+04 dice=0.09409 dice_loss_raw=0.09409 iou=0.8314 loss_weight=0.1 raw_boundary_fn=2375 raw_boundary_fp=1959 raw_boundary_tp=2.492e+04 raw_dice_score=0.9059 raw_iou=0.8314 weighted_loss=0.02315
2026-07-30 05:07:31,888 - portable_sam_fusion - INFO - [DEBUG-CONTEXT] epoch=30 step=8650 enabled=0
2026-07-30 05:07:31,888 - portable_sam_fusion - INFO - [DEBUG-DENSE] epoch=30 step=8650 applied_delta_norm=1.777 applied_delta_ratio=0.1522 base_norm=11.68 canvas_max=8 canvas_mean=-0.009594 canvas_min=-8 canvas_nonzero_ratio=0.009351 canvas_std=0.6148 final_norm=11.78 residual_alpha=0.2772 shape_norm=13.4 source_delta_norm=6.413 source_delta_ratio=0.5491
2026-07-30 05:07:31,888 - portable_sam_fusion - INFO - [DEBUG-GATE] epoch=30 step=8650 shape_dense_alpha_max=0.2772 shape_dense_alpha_mean=0.2772 shape_dense_alpha_min=0.2772
2026-07-30 05:07:31,888 - portable_sam_fusion - INFO - [DEBUG-JITTER] epoch=30 step=8650 area_ratio_count=64 area_ratio_mean=1 area_ratio_sum=64 fallback_count=0 mean_iou=1 num_jittered=0 num_rois=64
2026-07-30 05:07:31,888 - portable_sam_fusion - INFO - [DEBUG-SP] epoch=30 step=8650 all_invalid_count=0 all_invalid_ratio=0 empty_count=0 empty_ratio=0 full_count=0 full_ratio=0 mean_point_distance=39.38 n1_gt_valid_count=64 n1_in_gt_bg=0.7344 n1_in_gt_bg_count=47 n1_valid_count=64 n1_valid_ratio=1 n2_gt_valid_count=64 n2_in_gt_bg=1 n2_in_gt_bg_count=64 n2_valid_count=64 n2_valid_ratio=1 neg_in_pred_bg=1 neg_in_pred_bg_count=128 negative_pair_count=64 negative_pair_distance_sum=3262 p1_gt_valid_count=64 p1_in_gt_fg=1 p1_in_gt_fg_count=64 p1_valid_count=64 p1_valid_ratio=1 p2_gt_valid_count=64 p2_in_gt_fg=1 p2_in_gt_fg_count=64 p2_valid_count=64 p2_valid_ratio=1 point_distance_sum=5040 point_overlap_count=0 point_overlap_ratio=0 point_pair_count=128 pos_in_pred_fg=1 pos_in_pred_fg_count=128 positive_pair_count=64 positive_pair_distance_sum=1779 roi_count=64 valid_neg_count=128 valid_pos_count=128 warmup_stage=2
2026-07-30 05:08:44,112 - portable_sam_fusion - INFO - [DEBUG-BOX] epoch=30 step=8700 fallback_count=0 fallback_ratio=0 num_rois=64 refined_proposal_iou=0 refined_proposal_iou_sum=0 refined_valid_count=0
2026-07-30 05:08:44,113 - portable_sam_fusion - INFO - [DEBUG-COARSE] epoch=30 step=8700 bce_raw=0.1899 boundary_fn=3313 boundary_fp=2864 boundary_tp=2.52e+04 dice=0.1039 dice_loss_raw=0.1039 iou=0.821 loss_weight=0.1 raw_boundary_fn=3313 raw_boundary_fp=2864 raw_boundary_tp=2.52e+04 raw_dice_score=0.8961 raw_iou=0.821 weighted_loss=0.02938
2026-07-30 05:08:44,113 - portable_sam_fusion - INFO - [DEBUG-CONTEXT] epoch=30 step=8700 enabled=0
2026-07-30 05:08:44,113 - portable_sam_fusion - INFO - [DEBUG-DENSE] epoch=30 step=8700 applied_delta_norm=1.576 applied_delta_ratio=0.1349 base_norm=11.68 canvas_max=8 canvas_mean=-0.005127 canvas_min=-8 canvas_nonzero_ratio=0.007438 canvas_std=0.5046 final_norm=11.75 residual_alpha=0.2773 shape_norm=13 source_delta_norm=5.683 source_delta_ratio=0.4866
2026-07-30 05:08:44,113 - portable_sam_fusion - INFO - [DEBUG-GATE] epoch=30 step=8700 shape_dense_alpha_max=0.2773 shape_dense_alpha_mean=0.2773 shape_dense_alpha_min=0.2773
2026-07-30 05:08:44,113 - portable_sam_fusion - INFO - [DEBUG-JITTER] epoch=30 step=8700 area_ratio_count=64 area_ratio_mean=1 area_ratio_sum=64 fallback_count=0 mean_iou=1 num_jittered=0 num_rois=64
2026-07-30 05:08:44,113 - portable_sam_fusion - INFO - [DEBUG-SP] epoch=30 step=8700 all_invalid_count=0 all_invalid_ratio=0 empty_count=0 empty_ratio=0 full_count=0 full_ratio=0 mean_point_distance=29.47 n1_gt_valid_count=64 n1_in_gt_bg=0.8906 n1_in_gt_bg_count=57 n1_valid_count=64 n1_valid_ratio=1 n2_gt_valid_count=64 n2_in_gt_bg=1 n2_in_gt_bg_count=64 n2_valid_count=64 n2_valid_ratio=1 neg_in_pred_bg=1 neg_in_pred_bg_count=128 negative_pair_count=64 negative_pair_distance_sum=2603 p1_gt_valid_count=64 p1_in_gt_fg=1 p1_in_gt_fg_count=64 p1_valid_count=64 p1_valid_ratio=1 p2_gt_valid_count=64 p2_in_gt_fg=0.9844 p2_in_gt_fg_count=63 p2_valid_count=64 p2_valid_ratio=1 point_distance_sum=3772 point_overlap_count=0 point_overlap_ratio=0 point_pair_count=128 pos_in_pred_fg=1 pos_in_pred_fg_count=128 positive_pair_count=64 positive_pair_distance_sum=1169 roi_count=64 valid_neg_count=128 valid_pos_count=128 warmup_stage=2
2026-07-30 05:09:43,258 - portable_sam_fusion - INFO - epoch 30 | mini-batch 216/294 | optimizer_step 2200/5920 | lr=3.560e-04
2026-07-30 05:09:54,733 - portable_sam_fusion - INFO - [DEBUG-BOX] epoch=30 step=8750 fallback_count=0 fallback_ratio=0 num_rois=64 refined_proposal_iou=0 refined_proposal_iou_sum=0 refined_valid_count=0
2026-07-30 05:09:54,734 - portable_sam_fusion - INFO - [DEBUG-COARSE] epoch=30 step=8750 bce_raw=0.149 boundary_fn=2115 boundary_fp=2186 boundary_tp=2.639e+04 dice=0.08055 dice_loss_raw=0.08055 iou=0.8545 loss_weight=0.1 raw_boundary_fn=2115 raw_boundary_fp=2186 raw_boundary_tp=2.639e+04 raw_dice_score=0.9195 raw_iou=0.8545 weighted_loss=0.02296
2026-07-30 05:09:54,734 - portable_sam_fusion - INFO - [DEBUG-CONTEXT] epoch=30 step=8750 enabled=0
2026-07-30 05:09:54,734 - portable_sam_fusion - INFO - [DEBUG-DENSE] epoch=30 step=8750 applied_delta_norm=1.611 applied_delta_ratio=0.1379 base_norm=11.68 canvas_max=8 canvas_mean=0.001776 canvas_min=-8 canvas_nonzero_ratio=0.007223 canvas_std=0.5063 final_norm=11.75 residual_alpha=0.2774 shape_norm=13.03 source_delta_norm=5.808 source_delta_ratio=0.4973
2026-07-30 05:09:54,734 - portable_sam_fusion - INFO - [DEBUG-GATE] epoch=30 step=8750 shape_dense_alpha_max=0.2774 shape_dense_alpha_mean=0.2774 shape_dense_alpha_min=0.2774
2026-07-30 05:09:54,734 - portable_sam_fusion - INFO - [DEBUG-JITTER] epoch=30 step=8750 area_ratio_count=64 area_ratio_mean=1 area_ratio_sum=64 fallback_count=0 mean_iou=1 num_jittered=0 num_rois=64
2026-07-30 05:09:54,734 - portable_sam_fusion - INFO - [DEBUG-SP] epoch=30 step=8750 all_invalid_count=0 all_invalid_ratio=0 empty_count=0 empty_ratio=0 full_count=0 full_ratio=0 mean_point_distance=32.18 n1_gt_valid_count=64 n1_in_gt_bg=0.9219 n1_in_gt_bg_count=59 n1_valid_count=64 n1_valid_ratio=1 n2_gt_valid_count=64 n2_in_gt_bg=1 n2_in_gt_bg_count=64 n2_valid_count=64 n2_valid_ratio=1 neg_in_pred_bg=1 neg_in_pred_bg_count=128 negative_pair_count=64 negative_pair_distance_sum=2840 p1_gt_valid_count=64 p1_in_gt_fg=0.9844 p1_in_gt_fg_count=63 p1_valid_count=64 p1_valid_ratio=1 p2_gt_valid_count=64 p2_in_gt_fg=1 p2_in_gt_fg_count=64 p2_valid_count=64 p2_valid_ratio=1 point_distance_sum=4120 point_overlap_count=0 point_overlap_ratio=0 point_pair_count=128 pos_in_pred_fg=1 pos_in_pred_fg_count=128 positive_pair_count=64 positive_pair_distance_sum=1280 roi_count=64 valid_neg_count=128 valid_pos_count=128 warmup_stage=2
2026-07-30 05:11:09,299 - portable_sam_fusion - INFO - [DEBUG-BOX] epoch=30 step=8800 fallback_count=0 fallback_ratio=0 num_rois=64 refined_proposal_iou=0 refined_proposal_iou_sum=0 refined_valid_count=0
2026-07-30 05:11:09,299 - portable_sam_fusion - INFO - [DEBUG-COARSE] epoch=30 step=8800 bce_raw=0.1424 boundary_fn=2300 boundary_fp=2112 boundary_tp=2.56e+04 dice=0.0812 dice_loss_raw=0.0812 iou=0.8519 loss_weight=0.1 raw_boundary_fn=2300 raw_boundary_fp=2112 raw_boundary_tp=2.56e+04 raw_dice_score=0.9188 raw_iou=0.8519 weighted_loss=0.02236
2026-07-30 05:11:09,299 - portable_sam_fusion - INFO - [DEBUG-CONTEXT] epoch=30 step=8800 enabled=0
2026-07-30 05:11:09,299 - portable_sam_fusion - INFO - [DEBUG-DENSE] epoch=30 step=8800 applied_delta_norm=1.551 applied_delta_ratio=0.1328 base_norm=11.68 canvas_max=8 canvas_mean=-0.003665 canvas_min=-8 canvas_nonzero_ratio=0.006986 canvas_std=0.5038 final_norm=11.75 residual_alpha=0.2775 shape_norm=12.96 source_delta_norm=5.591 source_delta_ratio=0.4788
2026-07-30 05:11:09,299 - portable_sam_fusion - INFO - [DEBUG-GATE] epoch=30 step=8800 shape_dense_alpha_max=0.2775 shape_dense_alpha_mean=0.2775 shape_dense_alpha_min=0.2775
2026-07-30 05:11:09,299 - portable_sam_fusion - INFO - [DEBUG-JITTER] epoch=30 step=8800 area_ratio_count=64 area_ratio_mean=1 area_ratio_sum=64 fallback_count=0 mean_iou=1 num_jittered=0 num_rois=64
2026-07-30 05:11:09,299 - portable_sam_fusion - INFO - [DEBUG-SP] epoch=30 step=8800 all_invalid_count=0 all_invalid_ratio=0 empty_count=0 empty_ratio=0 full_count=0 full_ratio=0 mean_point_distance=29.1 n1_gt_valid_count=64 n1_in_gt_bg=0.9062 n1_in_gt_bg_count=58 n1_valid_count=64 n1_valid_ratio=1 n2_gt_valid_count=64 n2_in_gt_bg=1 n2_in_gt_bg_count=64 n2_valid_count=64 n2_valid_ratio=1 neg_in_pred_bg=1 neg_in_pred_bg_count=128 negative_pair_count=64 negative_pair_distance_sum=2728 p1_gt_valid_count=64 p1_in_gt_fg=1 p1_in_gt_fg_count=64 p1_valid_count=64 p1_valid_ratio=1 p2_gt_valid_count=64 p2_in_gt_fg=1 p2_in_gt_fg_count=64 p2_valid_count=64 p2_valid_ratio=1 point_distance_sum=3725 point_overlap_count=0 point_overlap_ratio=0 point_pair_count=128 pos_in_pred_fg=1 pos_in_pred_fg_count=128 positive_pair_count=64 positive_pair_distance_sum=996.5 roi_count=64 valid_neg_count=128 valid_pos_count=128 warmup_stage=2
2026-07-30 05:11:33,751 - portable_sam_fusion - INFO - Epoch 30 detailed losses: loss_rpn_cls=0.0083, loss_rpn_bbox=0.0038, loss_cls=0.1510, acc=94.1993, loss_bbox=0.0615, loss_mask=0.0012, debug_mask_pos_rois=56.7619, debug_mask_logit_mean=-17.5829, debug_mask_logit_std=3.3062, debug_mask_prob_mean=0.0052, debug_mask_prob_ge05=0.0051, debug_mask_target_fill=0.0052, loss_shape_prior=0.0199, schedule/det_weight=1.0000
2026-07-30 05:11:33,751 - portable_sam_fusion - INFO - Epoch 30 dense residual monitor: alpha=0.275659 source_delta_norm=6.1189 applied_delta_norm=1.6869 source_delta_ratio=0.523949 applied_delta_ratio=0.144443
2026-07-30 05:11:33,751 - portable_sam_fusion - INFO - Epoch 30 primary loss shares: det=91.39% final_mask=0.50% shape=8.10% p2_boundary=0.00%
2026-07-30 05:11:33,751 - portable_sam_fusion - INFO - Epoch 30 schedule: det_loss_weight=1.000 early_stop_start=20 min_delta=0.0005
2026-07-30 05:11:33,751 - portable_sam_fusion - INFO - Epoch 30 learning rates: sat_backbone=3.54e-04, mask_decoder=3.54e-04, shape_prior=3.54e-04, quality_head=3.54e-04, sat_other=3.54e-04
2026-07-30 05:15:15,795 - portable_sam_fusion - INFO - Validation samples: GT=15926, DT=16563, avg_masks_per_image=26.42, avg_mask_fill=0.0052
creating index...
index created!
Loading and preparing results...
DONE (t=0.03s)
creating index...
index created!
Running per image evaluation...
Evaluate annotation type *bbox*
DONE (t=11.23s).
Accumulating evaluation results...
DONE (t=0.17s).
 Average Precision  (AP) @[ IoU=0.50:0.95 | area=   all | maxDets=100 ] = 0.698
 Average Precision  (AP) @[ IoU=0.50      | area=   all | maxDets=100 ] = 0.890
 Average Precision  (AP) @[ IoU=0.75      | area=   all | maxDets=100 ] = 0.820
 Average Precision  (AP) @[ IoU=0.50:0.95 | area= small | maxDets=100 ] = 0.342
 Average Precision  (AP) @[ IoU=0.50:0.95 | area=medium | maxDets=100 ] = 0.730
 Average Precision  (AP) @[ IoU=0.50:0.95 | area= large | maxDets=100 ] = 0.796
 Average Recall     (AR) @[ IoU=0.50:0.95 | area=   all | maxDets=  1 ] = 0.026
 Average Recall     (AR) @[ IoU=0.50:0.95 | area=   all | maxDets= 10 ] = 0.190
 Average Recall     (AR) @[ IoU=0.50:0.95 | area=   all | maxDets=100 ] = 0.741
 Average Recall     (AR) @[ IoU=0.50:0.95 | area= small | maxDets=100 ] = 0.435
 Average Recall     (AR) @[ IoU=0.50:0.95 | area=medium | maxDets=100 ] = 0.775
 Average Recall     (AR) @[ IoU=0.50:0.95 | area= large | maxDets=100 ] = 0.839
2026-07-30 05:15:27,430 - portable_sam_fusion - INFO - Validation bbox/mAP: 0.6980 bbox/mAP_75: 0.8195
Running per image evaluation...
Evaluate annotation type *segm*
DONE (t=11.13s).
Accumulating evaluation results...
DONE (t=0.18s).
 Average Precision  (AP) @[ IoU=0.50:0.95 | area=   all | maxDets=100 ] = 0.456
 Average Precision  (AP) @[ IoU=0.50      | area=   all | maxDets=100 ] = 0.859
 Average Precision  (AP) @[ IoU=0.75      | area=   all | maxDets=100 ] = 0.498
 Average Precision  (AP) @[ IoU=0.50:0.95 | area= small | maxDets=100 ] = 0.071
 Average Precision  (AP) @[ IoU=0.50:0.95 | area=medium | maxDets=100 ] = 0.472
 Average Precision  (AP) @[ IoU=0.50:0.95 | area= large | maxDets=100 ] = 0.640
 Average Recall     (AR) @[ IoU=0.50:0.95 | area=   all | maxDets=  1 ] = 0.021
 Average Recall     (AR) @[ IoU=0.50:0.95 | area=   all | maxDets= 10 ] = 0.144
 Average Recall     (AR) @[ IoU=0.50:0.95 | area=   all | maxDets=100 ] = 0.497
 Average Recall     (AR) @[ IoU=0.50:0.95 | area= small | maxDets=100 ] = 0.118
 Average Recall     (AR) @[ IoU=0.50:0.95 | area=medium | maxDets=100 ] = 0.512
 Average Recall     (AR) @[ IoU=0.50:0.95 | area= large | maxDets=100 ] = 0.690
2026-07-30 05:15:38,767 - portable_sam_fusion - INFO - Validation segm/mAP: 0.4562
2026-07-30 05:15:39,579 - portable_sam_fusion - INFO - Early-stop metric (segm/mAP): raw=0.4562 smooth(5)=0.4523 best=0.4549 counter=8
2026-07-30 05:15:44,771 - portable_sam_fusion - INFO - Epoch 30/80 | train=0.245625 val=disabled segm/mAP=0.4562 bbox/mAP=0.6980 | best_segm=0.4852 best_bbox=0.7089 best_comp=0.0000 | sat_backbone=3.54e-04 mask_decoder=3.54e-04 shape_prior=3.54e-04 quality_head=3.54e-04 sat_other=3.54e-04
2026-07-30 05:16:15,088 - portable_sam_fusion - INFO - [DEBUG-BOX] epoch=31 step=8850 fallback_count=0 fallback_ratio=0 num_rois=64 refined_proposal_iou=0 refined_proposal_iou_sum=0 refined_valid_count=0
2026-07-30 05:16:15,088 - portable_sam_fusion - INFO - [DEBUG-COARSE] epoch=31 step=8850 bce_raw=0.1968 boundary_fn=3971 boundary_fp=2529 boundary_tp=2.454e+04 dice=0.1027 dice_loss_raw=0.1027 iou=0.8207 loss_weight=0.1 raw_boundary_fn=3971 raw_boundary_fp=2529 raw_boundary_tp=2.454e+04 raw_dice_score=0.8973 raw_iou=0.8207 weighted_loss=0.02995
2026-07-30 05:16:15,088 - portable_sam_fusion - INFO - [DEBUG-CONTEXT] epoch=31 step=8850 enabled=0
2026-07-30 05:16:15,088 - portable_sam_fusion - INFO - [DEBUG-DENSE] epoch=31 step=8850 applied_delta_norm=1.344 applied_delta_ratio=0.1151 base_norm=11.68 canvas_max=8 canvas_mean=-0.004597 canvas_min=-8 canvas_nonzero_ratio=0.005637 canvas_std=0.44 final_norm=11.73 residual_alpha=0.2776 shape_norm=12.66 source_delta_norm=4.841 source_delta_ratio=0.4146
2026-07-30 05:16:15,088 - portable_sam_fusion - INFO - [DEBUG-GATE] epoch=31 step=8850 shape_dense_alpha_max=0.2776 shape_dense_alpha_mean=0.2776 shape_dense_alpha_min=0.2776
2026-07-30 05:16:15,088 - portable_sam_fusion - INFO - [DEBUG-JITTER] epoch=31 step=8850 area_ratio_count=64 area_ratio_mean=1 area_ratio_sum=64 fallback_count=0 mean_iou=1 num_jittered=0 num_rois=64
2026-07-30 05:16:15,088 - portable_sam_fusion - INFO - [DEBUG-SP] epoch=31 step=8850 all_invalid_count=0 all_invalid_ratio=0 empty_count=0 empty_ratio=0 full_count=0 full_ratio=0 mean_point_distance=24.47 n1_gt_valid_count=64 n1_in_gt_bg=0.7812 n1_in_gt_bg_count=50 n1_valid_count=64 n1_valid_ratio=1 n2_gt_valid_count=64 n2_in_gt_bg=1 n2_in_gt_bg_count=64 n2_valid_count=64 n2_valid_ratio=1 neg_in_pred_bg=1 neg_in_pred_bg_count=128 negative_pair_count=64 negative_pair_distance_sum=2303 p1_gt_valid_count=64 p1_in_gt_fg=1 p1_in_gt_fg_count=64 p1_valid_count=64 p1_valid_ratio=1 p2_gt_valid_count=64 p2_in_gt_fg=1 p2_in_gt_fg_count=64 p2_valid_count=64 p2_valid_ratio=1 point_distance_sum=3132 point_overlap_count=0 point_overlap_ratio=0 point_pair_count=128 pos_in_pred_fg=1 pos_in_pred_fg_count=128 positive_pair_count=64 positive_pair_distance_sum=829 roi_count=64 valid_neg_count=128 valid_pos_count=128 warmup_stage=2
2026-07-30 05:17:05,060 - portable_sam_fusion - INFO - [DEBUG-BOX] epoch=31 step=8900 fallback_count=0 fallback_ratio=0 num_rois=64 refined_proposal_iou=0 refined_proposal_iou_sum=0 refined_valid_count=0
2026-07-30 05:17:05,060 - portable_sam_fusion - INFO - [DEBUG-COARSE] epoch=31 step=8900 bce_raw=0.1654 boundary_fn=2643 boundary_fp=2894 boundary_tp=2.311e+04 dice=0.07234 dice_loss_raw=0.07234 iou=0.8685 loss_weight=0.1 raw_boundary_fn=2643 raw_boundary_fp=2894 raw_boundary_tp=2.311e+04 raw_dice_score=0.9277 raw_iou=0.8685 weighted_loss=0.02377
2026-07-30 05:17:05,060 - portable_sam_fusion - INFO - [DEBUG-CONTEXT] epoch=31 step=8900 enabled=0
2026-07-30 05:17:05,060 - portable_sam_fusion - INFO - [DEBUG-DENSE] epoch=31 step=8900 applied_delta_norm=1.351 applied_delta_ratio=0.1157 base_norm=11.68 canvas_max=8 canvas_mean=0.004204 canvas_min=-8 canvas_nonzero_ratio=0.005634 canvas_std=0.4603 final_norm=11.73 residual_alpha=0.2777 shape_norm=12.72 source_delta_norm=4.866 source_delta_ratio=0.4167
2026-07-30 05:17:05,060 - portable_sam_fusion - INFO - [DEBUG-GATE] epoch=31 step=8900 shape_dense_alpha_max=0.2777 shape_dense_alpha_mean=0.2777 shape_dense_alpha_min=0.2777
2026-07-30 05:17:05,060 - portable_sam_fusion - INFO - [DEBUG-JITTER] epoch=31 step=8900 area_ratio_count=64 area_ratio_mean=1 area_ratio_sum=64 fallback_count=0 mean_iou=1 num_jittered=0 num_rois=64
2026-07-30 05:17:05,060 - portable_sam_fusion - INFO - [DEBUG-SP] epoch=31 step=8900 all_invalid_count=0 all_invalid_ratio=0 empty_count=0 empty_ratio=0 full_count=0 full_ratio=0 mean_point_distance=23.08 n1_gt_valid_count=64 n1_in_gt_bg=0.8125 n1_in_gt_bg_count=52 n1_valid_count=64 n1_valid_ratio=1 n2_gt_valid_count=64 n2_in_gt_bg=0.9688 n2_in_gt_bg_count=62 n2_valid_count=64 n2_valid_ratio=1 neg_in_pred_bg=1 neg_in_pred_bg_count=128 negative_pair_count=64 negative_pair_distance_sum=2154 p1_gt_valid_count=64 p1_in_gt_fg=1 p1_in_gt_fg_count=64 p1_valid_count=64 p1_valid_ratio=1 p2_gt_valid_count=64 p2_in_gt_fg=1 p2_in_gt_fg_count=64 p2_valid_count=64 p2_valid_ratio=1 point_distance_sum=2954 point_overlap_count=0 point_overlap_ratio=0 point_pair_count=128 pos_in_pred_fg=1 pos_in_pred_fg_count=128 positive_pair_count=64 positive_pair_distance_sum=800.3 roi_count=64 valid_neg_count=128 valid_pos_count=128 warmup_stage=2
2026-07-30 05:17:49,713 - portable_sam_fusion - INFO - epoch 31 | mini-batch 120/294 | optimizer_step 2250/5920 | lr=3.499e-04
2026-07-30 05:18:01,676 - portable_sam_fusion - INFO - [DEBUG-BOX] epoch=31 step=8950 fallback_count=0 fallback_ratio=0 num_rois=64 refined_proposal_iou=0 refined_proposal_iou_sum=0 refined_valid_count=0
2026-07-30 05:18:01,676 - portable_sam_fusion - INFO - [DEBUG-COARSE] epoch=31 step=8950 bce_raw=0.1493 boundary_fn=1849 boundary_fp=2456 boundary_tp=2.458e+04 dice=0.07253 dice_loss_raw=0.07253 iou=0.8698 loss_weight=0.1 raw_boundary_fn=1849 raw_boundary_fp=2456 raw_boundary_tp=2.458e+04 raw_dice_score=0.9275 raw_iou=0.8698 weighted_loss=0.02218
2026-07-30 05:18:01,676 - portable_sam_fusion - INFO - [DEBUG-CONTEXT] epoch=31 step=8950 enabled=0
2026-07-30 05:18:01,676 - portable_sam_fusion - INFO - [DEBUG-DENSE] epoch=31 step=8950 applied_delta_norm=1.42 applied_delta_ratio=0.1216 base_norm=11.68 canvas_max=8 canvas_mean=0.006352 canvas_min=-8 canvas_nonzero_ratio=0.005797 canvas_std=0.4646 final_norm=11.74 residual_alpha=0.2778 shape_norm=12.76 source_delta_norm=5.109 source_delta_ratio=0.4375
2026-07-30 05:18:01,676 - portable_sam_fusion - INFO - [DEBUG-GATE] epoch=31 step=8950 shape_dense_alpha_max=0.2778 shape_dense_alpha_mean=0.2778 shape_dense_alpha_min=0.2778
2026-07-30 05:18:01,676 - portable_sam_fusion - INFO - [DEBUG-JITTER] epoch=31 step=8950 area_ratio_count=64 area_ratio_mean=1 area_ratio_sum=64 fallback_count=0 mean_iou=1 num_jittered=0 num_rois=64
2026-07-30 05:18:01,676 - portable_sam_fusion - INFO - [DEBUG-SP] epoch=31 step=8950 all_invalid_count=0 all_invalid_ratio=0 empty_count=0 empty_ratio=0 full_count=0 full_ratio=0 mean_point_distance=27.26 n1_gt_valid_count=64 n1_in_gt_bg=0.8594 n1_in_gt_bg_count=55 n1_valid_count=64 n1_valid_ratio=1 n2_gt_valid_count=64 n2_in_gt_bg=0.9844 n2_in_gt_bg_count=63 n2_valid_count=64 n2_valid_ratio=1 neg_in_pred_bg=1 neg_in_pred_bg_count=128 negative_pair_count=64 negative_pair_distance_sum=2556 p1_gt_valid_count=64 p1_in_gt_fg=0.9844 p1_in_gt_fg_count=63 p1_valid_count=64 p1_valid_ratio=1 p2_gt_valid_count=64 p2_in_gt_fg=1 p2_in_gt_fg_count=64 p2_valid_count=64 p2_valid_ratio=1 point_distance_sum=3490 point_overlap_count=0 point_overlap_ratio=0 point_pair_count=128 pos_in_pred_fg=1 pos_in_pred_fg_count=128 positive_pair_count=64 positive_pair_distance_sum=933.7 roi_count=64 valid_neg_count=128 valid_pos_count=128 warmup_stage=2
2026-07-30 05:18:53,123 - portable_sam_fusion - INFO - [DEBUG-BOX] epoch=31 step=9000 fallback_count=0 fallback_ratio=0 num_rois=64 refined_proposal_iou=0 refined_proposal_iou_sum=0 refined_valid_count=0
2026-07-30 05:18:53,123 - portable_sam_fusion - INFO - [DEBUG-COARSE] epoch=31 step=9000 bce_raw=0.1857 boundary_fn=2883 boundary_fp=3768 boundary_tp=2.484e+04 dice=0.1152 dice_loss_raw=0.1152 iou=0.8016 loss_weight=0.1 raw_boundary_fn=2883 raw_boundary_fp=3768 raw_boundary_tp=2.484e+04 raw_dice_score=0.8848 raw_iou=0.8016 weighted_loss=0.03009
2026-07-30 05:18:53,123 - portable_sam_fusion - INFO - [DEBUG-CONTEXT] epoch=31 step=9000 enabled=0
2026-07-30 05:18:53,124 - portable_sam_fusion - INFO - [DEBUG-DENSE] epoch=31 step=9000 applied_delta_norm=1.94 applied_delta_ratio=0.1661 base_norm=11.68 canvas_max=8 canvas_mean=-0.008876 canvas_min=-8 canvas_nonzero_ratio=0.01163 canvas_std=0.614 final_norm=11.8 residual_alpha=0.2779 shape_norm=13.78 source_delta_norm=6.982 source_delta_ratio=0.5979
2026-07-30 05:18:53,124 - portable_sam_fusion - INFO - [DEBUG-GATE] epoch=31 step=9000 shape_dense_alpha_max=0.2779 shape_dense_alpha_mean=0.2779 shape_dense_alpha_min=0.2779
2026-07-30 05:18:53,124 - portable_sam_fusion - INFO - [DEBUG-JITTER] epoch=31 step=9000 area_ratio_count=64 area_ratio_mean=1 area_ratio_sum=64 fallback_count=0 mean_iou=1 num_jittered=0 num_rois=64
2026-07-30 05:18:53,124 - portable_sam_fusion - INFO - [DEBUG-SP] epoch=31 step=9000 all_invalid_count=0 all_invalid_ratio=0 empty_count=0 empty_ratio=0 full_count=0 full_ratio=0 mean_point_distance=41.69 n1_gt_valid_count=64 n1_in_gt_bg=0.875 n1_in_gt_bg_count=56 n1_valid_count=64 n1_valid_ratio=1 n2_gt_valid_count=64 n2_in_gt_bg=1 n2_in_gt_bg_count=64 n2_valid_count=64 n2_valid_ratio=1 neg_in_pred_bg=1 neg_in_pred_bg_count=128 negative_pair_count=64 negative_pair_distance_sum=3661 p1_gt_valid_count=64 p1_in_gt_fg=1 p1_in_gt_fg_count=64 p1_valid_count=64 p1_valid_ratio=1 p2_gt_valid_count=64 p2_in_gt_fg=0.9688 p2_in_gt_fg_count=62 p2_valid_count=64 p2_valid_ratio=1 point_distance_sum=5337 point_overlap_count=0 point_overlap_ratio=0 point_pair_count=128 pos_in_pred_fg=1 pos_in_pred_fg_count=128 positive_pair_count=64 positive_pair_distance_sum=1676 roi_count=64 valid_neg_count=128 valid_pos_count=128 warmup_stage=2
2026-07-30 05:19:57,325 - portable_sam_fusion - INFO - [DEBUG-BOX] epoch=31 step=9050 fallback_count=0 fallback_ratio=0 num_rois=64 refined_proposal_iou=0 refined_proposal_iou_sum=0 refined_valid_count=0
2026-07-30 05:19:57,325 - portable_sam_fusion - INFO - [DEBUG-COARSE] epoch=31 step=9050 bce_raw=0.1417 boundary_fn=2097 boundary_fp=2449 boundary_tp=2.416e+04 dice=0.06753 dice_loss_raw=0.06753 iou=0.8754 loss_weight=0.1 raw_boundary_fn=2097 raw_boundary_fp=2449 raw_boundary_tp=2.416e+04 raw_dice_score=0.9325 raw_iou=0.8754 weighted_loss=0.02092
2026-07-30 05:19:57,325 - portable_sam_fusion - INFO - [DEBUG-CONTEXT] epoch=31 step=9050 enabled=0
2026-07-30 05:19:57,325 - portable_sam_fusion - INFO - [DEBUG-DENSE] epoch=31 step=9050 applied_delta_norm=1.49 applied_delta_ratio=0.1276 base_norm=11.68 canvas_max=8 canvas_mean=0.0105 canvas_min=-8 canvas_nonzero_ratio=0.006894 canvas_std=0.5104 final_norm=11.75 residual_alpha=0.278 shape_norm=13.02 source_delta_norm=5.362 source_delta_ratio=0.4591
2026-07-30 05:19:57,325 - portable_sam_fusion - INFO - [DEBUG-GATE] epoch=31 step=9050 shape_dense_alpha_max=0.278 shape_dense_alpha_mean=0.278 shape_dense_alpha_min=0.278
2026-07-30 05:19:57,325 - portable_sam_fusion - INFO - [DEBUG-JITTER] epoch=31 step=9050 area_ratio_count=64 area_ratio_mean=1 area_ratio_sum=64 fallback_count=0 mean_iou=1 num_jittered=0 num_rois=64
2026-07-30 05:19:57,325 - portable_sam_fusion - INFO - [DEBUG-SP] epoch=31 step=9050 all_invalid_count=0 all_invalid_ratio=0 empty_count=0 empty_ratio=0 full_count=0 full_ratio=0 mean_point_distance=32.59 n1_gt_valid_count=64 n1_in_gt_bg=0.9219 n1_in_gt_bg_count=59 n1_valid_count=64 n1_valid_ratio=1 n2_gt_valid_count=64 n2_in_gt_bg=1 n2_in_gt_bg_count=64 n2_valid_count=64 n2_valid_ratio=1 neg_in_pred_bg=1 neg_in_pred_bg_count=128 negative_pair_count=64 negative_pair_distance_sum=3047 p1_gt_valid_count=64 p1_in_gt_fg=1 p1_in_gt_fg_count=64 p1_valid_count=64 p1_valid_ratio=1 p2_gt_valid_count=64 p2_in_gt_fg=1 p2_in_gt_fg_count=64 p2_valid_count=64 p2_valid_ratio=1 point_distance_sum=4172 point_overlap_count=0 point_overlap_ratio=0 point_pair_count=128 pos_in_pred_fg=1 pos_in_pred_fg_count=128 positive_pair_count=64 positive_pair_distance_sum=1125 roi_count=64 valid_neg_count=128 valid_pos_count=128 warmup_stage=2
2026-07-30 05:21:07,054 - portable_sam_fusion - INFO - [DEBUG-BOX] epoch=31 step=9100 fallback_count=0 fallback_ratio=0 num_rois=64 refined_proposal_iou=0 refined_proposal_iou_sum=0 refined_valid_count=0
2026-07-30 05:21:07,054 - portable_sam_fusion - INFO - [DEBUG-COARSE] epoch=31 step=9100 bce_raw=0.1349 boundary_fn=2000 boundary_fp=2386 boundary_tp=2.199e+04 dice=0.05278 dice_loss_raw=0.05278 iou=0.9008 loss_weight=0.1 raw_boundary_fn=2000 raw_boundary_fp=2386 raw_boundary_tp=2.199e+04 raw_dice_score=0.9472 raw_iou=0.9008 weighted_loss=0.01876
2026-07-30 05:21:07,054 - portable_sam_fusion - INFO - [DEBUG-CONTEXT] epoch=31 step=9100 enabled=0
2026-07-30 05:21:07,054 - portable_sam_fusion - INFO - [DEBUG-DENSE] epoch=31 step=9100 applied_delta_norm=1.354 applied_delta_ratio=0.1159 base_norm=11.68 canvas_max=8 canvas_mean=0.01429 canvas_min=-8 canvas_nonzero_ratio=0.005033 canvas_std=0.4185 final_norm=11.73 residual_alpha=0.2781 shape_norm=12.67 source_delta_norm=4.869 source_delta_ratio=0.4169
2026-07-30 05:21:07,054 - portable_sam_fusion - INFO - [DEBUG-GATE] epoch=31 step=9100 shape_dense_alpha_max=0.2781 shape_dense_alpha_mean=0.2781 shape_dense_alpha_min=0.2781
2026-07-30 05:21:07,054 - portable_sam_fusion - INFO - [DEBUG-JITTER] epoch=31 step=9100 area_ratio_count=64 area_ratio_mean=1 area_ratio_sum=64 fallback_count=0 mean_iou=1 num_jittered=0 num_rois=64
2026-07-30 05:21:07,055 - portable_sam_fusion - INFO - [DEBUG-SP] epoch=31 step=9100 all_invalid_count=0 all_invalid_ratio=0 empty_count=0 empty_ratio=0 full_count=0 full_ratio=0 mean_point_distance=24.01 n1_gt_valid_count=64 n1_in_gt_bg=0.8125 n1_in_gt_bg_count=52 n1_valid_count=64 n1_valid_ratio=1 n2_gt_valid_count=64 n2_in_gt_bg=0.9688 n2_in_gt_bg_count=62 n2_valid_count=64 n2_valid_ratio=1 neg_in_pred_bg=1 neg_in_pred_bg_count=128 negative_pair_count=64 negative_pair_distance_sum=2176 p1_gt_valid_count=64 p1_in_gt_fg=1 p1_in_gt_fg_count=64 p1_valid_count=64 p1_valid_ratio=1 p2_gt_valid_count=64 p2_in_gt_fg=1 p2_in_gt_fg_count=64 p2_valid_count=64 p2_valid_ratio=1 point_distance_sum=3073 point_overlap_count=0 point_overlap_ratio=0 point_pair_count=128 pos_in_pred_fg=1 pos_in_pred_fg_count=128 positive_pair_count=64 positive_pair_distance_sum=897.7 roi_count=64 valid_neg_count=128 valid_pos_count=128 warmup_stage=2
2026-07-30 05:21:26,385 - portable_sam_fusion - INFO - Epoch 31 detailed losses: loss_rpn_cls=0.0121, loss_rpn_bbox=0.0039, loss_cls=0.1517, acc=94.2065, loss_bbox=0.0594, loss_mask=0.0013, schedule/det_weight=1.0000, debug_mask_pos_rois=56.0782, debug_mask_logit_mean=-18.4460, debug_mask_logit_std=3.4044, debug_mask_prob_mean=0.0048, debug_mask_prob_ge05=0.0048, debug_mask_target_fill=0.0048, loss_shape_prior=0.0194
2026-07-30 05:21:26,385 - portable_sam_fusion - INFO - Epoch 31 dense residual monitor: alpha=0.276295 source_delta_norm=6.1588 applied_delta_norm=1.7015 source_delta_ratio=0.527371 applied_delta_ratio=0.145694
2026-07-30 05:21:26,385 - portable_sam_fusion - INFO - Epoch 31 primary loss shares: det=91.63% final_mask=0.54% shape=7.83% p2_boundary=0.00%
2026-07-30 05:21:26,385 - portable_sam_fusion - INFO - Epoch 31 schedule: det_loss_weight=1.000 early_stop_start=20 min_delta=0.0005
2026-07-30 05:21:26,385 - portable_sam_fusion - INFO - Epoch 31 learning rates: sat_backbone=3.44e-04, mask_decoder=3.44e-04, shape_prior=3.44e-04, quality_head=3.44e-04, sat_other=3.44e-04
2026-07-30 05:25:13,990 - portable_sam_fusion - INFO - Validation samples: GT=15926, DT=16810, avg_masks_per_image=26.81, avg_mask_fill=0.0051
creating index...
index created!
Loading and preparing results...
DONE (t=0.03s)
creating index...
index created!
Running per image evaluation...
Evaluate annotation type *bbox*
DONE (t=10.54s).
Accumulating evaluation results...
DONE (t=0.17s).
 Average Precision  (AP) @[ IoU=0.50:0.95 | area=   all | maxDets=100 ] = 0.715
 Average Precision  (AP) @[ IoU=0.50      | area=   all | maxDets=100 ] = 0.898
 Average Precision  (AP) @[ IoU=0.75      | area=   all | maxDets=100 ] = 0.828
 Average Precision  (AP) @[ IoU=0.50:0.95 | area= small | maxDets=100 ] = 0.345
 Average Precision  (AP) @[ IoU=0.50:0.95 | area=medium | maxDets=100 ] = 0.754
 Average Precision  (AP) @[ IoU=0.50:0.95 | area= large | maxDets=100 ] = 0.807
 Average Recall     (AR) @[ IoU=0.50:0.95 | area=   all | maxDets=  1 ] = 0.027
 Average Recall     (AR) @[ IoU=0.50:0.95 | area=   all | maxDets= 10 ] = 0.194
 Average Recall     (AR) @[ IoU=0.50:0.95 | area=   all | maxDets=100 ] = 0.761
 Average Recall     (AR) @[ IoU=0.50:0.95 | area= small | maxDets=100 ] = 0.442
 Average Recall     (AR) @[ IoU=0.50:0.95 | area=medium | maxDets=100 ] = 0.801
 Average Recall     (AR) @[ IoU=0.50:0.95 | area= large | maxDets=100 ] = 0.852
2026-07-30 05:25:24,916 - portable_sam_fusion - INFO - Validation bbox/mAP: 0.7150 bbox/mAP_75: 0.8281
Running per image evaluation...
Evaluate annotation type *segm*
DONE (t=11.13s).
Accumulating evaluation results...
DONE (t=0.17s).
 Average Precision  (AP) @[ IoU=0.50:0.95 | area=   all | maxDets=100 ] = 0.439
 Average Precision  (AP) @[ IoU=0.50      | area=   all | maxDets=100 ] = 0.848
 Average Precision  (AP) @[ IoU=0.75      | area=   all | maxDets=100 ] = 0.447
 Average Precision  (AP) @[ IoU=0.50:0.95 | area= small | maxDets=100 ] = 0.056
 Average Precision  (AP) @[ IoU=0.50:0.95 | area=medium | maxDets=100 ] = 0.452
 Average Precision  (AP) @[ IoU=0.50:0.95 | area= large | maxDets=100 ] = 0.637
 Average Recall     (AR) @[ IoU=0.50:0.95 | area=   all | maxDets=  1 ] = 0.021
 Average Recall     (AR) @[ IoU=0.50:0.95 | area=   all | maxDets= 10 ] = 0.141
 Average Recall     (AR) @[ IoU=0.50:0.95 | area=   all | maxDets=100 ] = 0.488
 Average Recall     (AR) @[ IoU=0.50:0.95 | area= small | maxDets=100 ] = 0.097
 Average Recall     (AR) @[ IoU=0.50:0.95 | area=medium | maxDets=100 ] = 0.505
 Average Recall     (AR) @[ IoU=0.50:0.95 | area= large | maxDets=100 ] = 0.683
2026-07-30 05:25:36,253 - portable_sam_fusion - INFO - Validation segm/mAP: 0.4390
2026-07-30 05:25:37,158 - portable_sam_fusion - INFO - New best bbox/mAP: 0.7150
2026-07-30 05:25:37,159 - portable_sam_fusion - INFO - Early-stop metric (segm/mAP): raw=0.4390 smooth(5)=0.4486 best=0.4549 counter=9
2026-07-30 05:25:39,724 - portable_sam_fusion - INFO - Saved best_bbox_model with bbox/mAP: 0.7150
2026-07-30 05:25:45,512 - portable_sam_fusion - INFO - Epoch 31/80 | train=0.247926 val=disabled segm/mAP=0.4390 bbox/mAP=0.7150 | best_segm=0.4852 best_bbox=0.7150 best_comp=0.0000 | sat_backbone=3.44e-04 mask_decoder=3.44e-04 shape_prior=3.44e-04 quality_head=3.44e-04 sat_other=3.44e-04
2026-07-30 05:26:19,759 - portable_sam_fusion - INFO - epoch 32 | mini-batch 24/294 | optimizer_step 2300/5920 | lr=3.436e-04
2026-07-30 05:26:37,373 - portable_sam_fusion - INFO - [DEBUG-BOX] epoch=32 step=9150 fallback_count=0 fallback_ratio=0 num_rois=64 refined_proposal_iou=0 refined_proposal_iou_sum=0 refined_valid_count=0
2026-07-30 05:26:37,373 - portable_sam_fusion - INFO - [DEBUG-COARSE] epoch=32 step=9150 bce_raw=0.1528 boundary_fn=3061 boundary_fp=2440 boundary_tp=2.481e+04 dice=0.08295 dice_loss_raw=0.08295 iou=0.8492 loss_weight=0.1 raw_boundary_fn=3061 raw_boundary_fp=2440 raw_boundary_tp=2.481e+04 raw_dice_score=0.9171 raw_iou=0.8492 weighted_loss=0.02358
2026-07-30 05:26:37,373 - portable_sam_fusion - INFO - [DEBUG-CONTEXT] epoch=32 step=9150 enabled=0
2026-07-30 05:26:37,373 - portable_sam_fusion - INFO - [DEBUG-DENSE] epoch=32 step=9150 applied_delta_norm=1.534 applied_delta_ratio=0.1313 base_norm=11.68 canvas_max=8 canvas_mean=-0.0112 canvas_min=-8 canvas_nonzero_ratio=0.008121 canvas_std=0.5523 final_norm=11.75 residual_alpha=0.2782 shape_norm=13.04 source_delta_norm=5.513 source_delta_ratio=0.4721
2026-07-30 05:26:37,373 - portable_sam_fusion - INFO - [DEBUG-GATE] epoch=32 step=9150 shape_dense_alpha_max=0.2782 shape_dense_alpha_mean=0.2782 shape_dense_alpha_min=0.2782
2026-07-30 05:26:37,373 - portable_sam_fusion - INFO - [DEBUG-JITTER] epoch=32 step=9150 area_ratio_count=64 area_ratio_mean=1 area_ratio_sum=64 fallback_count=0 mean_iou=1 num_jittered=0 num_rois=64
2026-07-30 05:26:37,373 - portable_sam_fusion - INFO - [DEBUG-SP] epoch=32 step=9150 all_invalid_count=0 all_invalid_ratio=0 empty_count=0 empty_ratio=0 full_count=0 full_ratio=0 mean_point_distance=30.51 n1_gt_valid_count=64 n1_in_gt_bg=0.8438 n1_in_gt_bg_count=54 n1_valid_count=64 n1_valid_ratio=1 n2_gt_valid_count=64 n2_in_gt_bg=1 n2_in_gt_bg_count=64 n2_valid_count=64 n2_valid_ratio=1 neg_in_pred_bg=1 neg_in_pred_bg_count=128 negative_pair_count=64 negative_pair_distance_sum=2563 p1_gt_valid_count=64 p1_in_gt_fg=1 p1_in_gt_fg_count=64 p1_valid_count=64 p1_valid_ratio=1 p2_gt_valid_count=64 p2_in_gt_fg=1 p2_in_gt_fg_count=64 p2_valid_count=64 p2_valid_ratio=1 point_distance_sum=3905 point_overlap_count=0 point_overlap_ratio=0 point_pair_count=128 pos_in_pred_fg=1 pos_in_pred_fg_count=128 positive_pair_count=64 positive_pair_distance_sum=1341 roi_count=64 valid_neg_count=128 valid_pos_count=128 warmup_stage=2
2026-07-30 05:27:28,045 - portable_sam_fusion - INFO - [DEBUG-BOX] epoch=32 step=9200 fallback_count=0 fallback_ratio=0 num_rois=64 refined_proposal_iou=0 refined_proposal_iou_sum=0 refined_valid_count=0
2026-07-30 05:27:28,046 - portable_sam_fusion - INFO - [DEBUG-COARSE] epoch=32 step=9200 bce_raw=0.1581 boundary_fn=2855 boundary_fp=3365 boundary_tp=2.159e+04 dice=0.06699 dice_loss_raw=0.06699 iou=0.8769 loss_weight=0.1 raw_boundary_fn=2855 raw_boundary_fp=3365 raw_boundary_tp=2.159e+04 raw_dice_score=0.933 raw_iou=0.8769 weighted_loss=0.02251
2026-07-30 05:27:28,046 - portable_sam_fusion - INFO - [DEBUG-CONTEXT] epoch=32 step=9200 enabled=0
2026-07-30 05:27:28,046 - portable_sam_fusion - INFO - [DEBUG-DENSE] epoch=32 step=9200 applied_delta_norm=1.244 applied_delta_ratio=0.1065 base_norm=11.68 canvas_max=8 canvas_mean=0.01065 canvas_min=-8 canvas_nonzero_ratio=0.004899 canvas_std=0.3983 final_norm=11.73 residual_alpha=0.2784 shape_norm=12.63 source_delta_norm=4.47 source_delta_ratio=0.3827
2026-07-30 05:27:28,046 - portable_sam_fusion - INFO - [DEBUG-GATE] epoch=32 step=9200 shape_dense_alpha_max=0.2784 shape_dense_alpha_mean=0.2784 shape_dense_alpha_min=0.2784
2026-07-30 05:27:28,046 - portable_sam_fusion - INFO - [DEBUG-JITTER] epoch=32 step=9200 area_ratio_count=64 area_ratio_mean=1 area_ratio_sum=64 fallback_count=0 mean_iou=1 num_jittered=0 num_rois=64
2026-07-30 05:27:28,046 - portable_sam_fusion - INFO - [DEBUG-SP] epoch=32 step=9200 all_invalid_count=0 all_invalid_ratio=0 empty_count=0 empty_ratio=0 full_count=0 full_ratio=0 mean_point_distance=23.01 n1_gt_valid_count=64 n1_in_gt_bg=0.7656 n1_in_gt_bg_count=49 n1_valid_count=64 n1_valid_ratio=1 n2_gt_valid_count=64 n2_in_gt_bg=0.9531 n2_in_gt_bg_count=61 n2_valid_count=64 n2_valid_ratio=1 neg_in_pred_bg=1 neg_in_pred_bg_count=128 negative_pair_count=64 negative_pair_distance_sum=2191 p1_gt_valid_count=64 p1_in_gt_fg=1 p1_in_gt_fg_count=64 p1_valid_count=64 p1_valid_ratio=1 p2_gt_valid_count=64 p2_in_gt_fg=1 p2_in_gt_fg_count=64 p2_valid_count=64 p2_valid_ratio=1 point_distance_sum=2945 point_overlap_count=0 point_overlap_ratio=0 point_pair_count=128 pos_in_pred_fg=1 pos_in_pred_fg_count=128 positive_pair_count=64 positive_pair_distance_sum=754.1 roi_count=64 valid_neg_count=128 valid_pos_count=128 warmup_stage=2
2026-07-30 05:28:19,189 - portable_sam_fusion - INFO - [DEBUG-BOX] epoch=32 step=9250 fallback_count=0 fallback_ratio=0 num_rois=64 refined_proposal_iou=0 refined_proposal_iou_sum=0 refined_valid_count=0
2026-07-30 05:28:19,189 - portable_sam_fusion - INFO - [DEBUG-COARSE] epoch=32 step=9250 bce_raw=0.1163 boundary_fn=1272 boundary_fp=1284 boundary_tp=2.478e+04 dice=0.05215 dice_loss_raw=0.05215 iou=0.9018 loss_weight=0.1 raw_boundary_fn=1272 raw_boundary_fp=1284 raw_boundary_tp=2.478e+04 raw_dice_score=0.9478 raw_iou=0.9018 weighted_loss=0.01684
2026-07-30 05:28:19,189 - portable_sam_fusion - INFO - [DEBUG-CONTEXT] epoch=32 step=9250 enabled=0
2026-07-30 05:28:19,189 - portable_sam_fusion - INFO - [DEBUG-DENSE] epoch=32 step=9250 applied_delta_norm=1.902 applied_delta_ratio=0.1628 base_norm=11.68 canvas_max=8 canvas_mean=0.01149 canvas_min=-8 canvas_nonzero_ratio=0.008724 canvas_std=0.6061 final_norm=11.77 residual_alpha=0.2785 shape_norm=13.42 source_delta_norm=6.829 source_delta_ratio=0.5847
2026-07-30 05:28:19,189 - portable_sam_fusion - INFO - [DEBUG-GATE] epoch=32 step=9250 shape_dense_alpha_max=0.2785 shape_dense_alpha_mean=0.2785 shape_dense_alpha_min=0.2785
2026-07-30 05:28:19,189 - portable_sam_fusion - INFO - [DEBUG-JITTER] epoch=32 step=9250 area_ratio_count=64 area_ratio_mean=1 area_ratio_sum=64 fallback_count=0 mean_iou=1 num_jittered=0 num_rois=64
2026-07-30 05:28:19,189 - portable_sam_fusion - INFO - [DEBUG-SP] epoch=32 step=9250 all_invalid_count=0 all_invalid_ratio=0 empty_count=0 empty_ratio=0 full_count=0 full_ratio=0 mean_point_distance=37.23 n1_gt_valid_count=64 n1_in_gt_bg=0.8906 n1_in_gt_bg_count=57 n1_valid_count=64 n1_valid_ratio=1 n2_gt_valid_count=64 n2_in_gt_bg=1 n2_in_gt_bg_count=64 n2_valid_count=64 n2_valid_ratio=1 neg_in_pred_bg=1 neg_in_pred_bg_count=128 negative_pair_count=64 negative_pair_distance_sum=3714 p1_gt_valid_count=64 p1_in_gt_fg=1 p1_in_gt_fg_count=64 p1_valid_count=64 p1_valid_ratio=1 p2_gt_valid_count=64 p2_in_gt_fg=1 p2_in_gt_fg_count=64 p2_valid_count=64 p2_valid_ratio=1 point_distance_sum=4765 point_overlap_count=0 point_overlap_ratio=0 point_pair_count=128 pos_in_pred_fg=1 pos_in_pred_fg_count=128 positive_pair_count=64 positive_pair_distance_sum=1051 roi_count=64 valid_neg_count=128 valid_pos_count=128 warmup_stage=2
2026-07-30 05:29:10,379 - portable_sam_fusion - INFO - [DEBUG-BOX] epoch=32 step=9300 fallback_count=0 fallback_ratio=0 num_rois=64 refined_proposal_iou=0 refined_proposal_iou_sum=0 refined_valid_count=0
2026-07-30 05:29:10,379 - portable_sam_fusion - INFO - [DEBUG-COARSE] epoch=32 step=9300 bce_raw=0.1816 boundary_fn=3157 boundary_fp=2595 boundary_tp=2.572e+04 dice=0.09103 dice_loss_raw=0.09103 iou=0.8371 loss_weight=0.1 raw_boundary_fn=3157 raw_boundary_fp=2595 raw_boundary_tp=2.572e+04 raw_dice_score=0.909 raw_iou=0.8371 weighted_loss=0.02726
2026-07-30 05:29:10,379 - portable_sam_fusion - INFO - [DEBUG-CONTEXT] epoch=32 step=9300 enabled=0
2026-07-30 05:29:10,379 - portable_sam_fusion - INFO - [DEBUG-DENSE] epoch=32 step=9300 applied_delta_norm=1.563 applied_delta_ratio=0.1338 base_norm=11.68 canvas_max=8 canvas_mean=-0.002451 canvas_min=-8 canvas_nonzero_ratio=0.007606 canvas_std=0.5561 final_norm=11.75 residual_alpha=0.2786 shape_norm=13.03 source_delta_norm=5.609 source_delta_ratio=0.4803
2026-07-30 05:29:10,379 - portable_sam_fusion - INFO - [DEBUG-GATE] epoch=32 step=9300 shape_dense_alpha_max=0.2786 shape_dense_alpha_mean=0.2786 shape_dense_alpha_min=0.2786
2026-07-30 05:29:10,379 - portable_sam_fusion - INFO - [DEBUG-JITTER] epoch=32 step=9300 area_ratio_count=64 area_ratio_mean=1 area_ratio_sum=64 fallback_count=0 mean_iou=1 num_jittered=0 num_rois=64
2026-07-30 05:29:10,379 - portable_sam_fusion - INFO - [DEBUG-SP] epoch=32 step=9300 all_invalid_count=0 all_invalid_ratio=0 empty_count=0 empty_ratio=0 full_count=0 full_ratio=0 mean_point_distance=31.42 n1_gt_valid_count=64 n1_in_gt_bg=0.6094 n1_in_gt_bg_count=39 n1_valid_count=64 n1_valid_ratio=1 n2_gt_valid_count=64 n2_in_gt_bg=0.9844 n2_in_gt_bg_count=63 n2_valid_count=64 n2_valid_ratio=1 neg_in_pred_bg=1 neg_in_pred_bg_count=128 negative_pair_count=64 negative_pair_distance_sum=2969 p1_gt_valid_count=64 p1_in_gt_fg=1 p1_in_gt_fg_count=64 p1_valid_count=64 p1_valid_ratio=1 p2_gt_valid_count=64 p2_in_gt_fg=0.9844 p2_in_gt_fg_count=63 p2_valid_count=64 p2_valid_ratio=1 point_distance_sum=4022 point_overlap_count=0 point_overlap_ratio=0 point_pair_count=128 pos_in_pred_fg=1 pos_in_pred_fg_count=128 positive_pair_count=64 positive_pair_distance_sum=1054 roi_count=64 valid_neg_count=128 valid_pos_count=128 warmup_stage=2
2026-07-30 05:29:46,411 - portable_sam_fusion - INFO - epoch 32 | mini-batch 224/294 | optimizer_step 2350/5920 | lr=3.374e-04
2026-07-30 05:29:58,589 - portable_sam_fusion - INFO - [DEBUG-BOX] epoch=32 step=9350 fallback_count=0 fallback_ratio=0 num_rois=64 refined_proposal_iou=0 refined_proposal_iou_sum=0 refined_valid_count=0
2026-07-30 05:29:58,589 - portable_sam_fusion - INFO - [DEBUG-COARSE] epoch=32 step=9350 bce_raw=0.1494 boundary_fn=2730 boundary_fp=2957 boundary_tp=2.525e+04 dice=0.1002 dice_loss_raw=0.1002 iou=0.8234 loss_weight=0.1 raw_boundary_fn=2730 raw_boundary_fp=2957 raw_boundary_tp=2.525e+04 raw_dice_score=0.8998 raw_iou=0.8234 weighted_loss=0.02496
2026-07-30 05:29:58,589 - portable_sam_fusion - INFO - [DEBUG-CONTEXT] epoch=32 step=9350 enabled=0
2026-07-30 05:29:58,589 - portable_sam_fusion - INFO - [DEBUG-DENSE] epoch=32 step=9350 applied_delta_norm=1.845 applied_delta_ratio=0.158 base_norm=11.68 canvas_max=8 canvas_mean=-0.001631 canvas_min=-8 canvas_nonzero_ratio=0.01395 canvas_std=0.6587 final_norm=11.83 residual_alpha=0.2787 shape_norm=13.86 source_delta_norm=6.622 source_delta_ratio=0.567
2026-07-30 05:29:58,589 - portable_sam_fusion - INFO - [DEBUG-GATE] epoch=32 step=9350 shape_dense_alpha_max=0.2787 shape_dense_alpha_mean=0.2787 shape_dense_alpha_min=0.2787
2026-07-30 05:29:58,589 - portable_sam_fusion - INFO - [DEBUG-JITTER] epoch=32 step=9350 area_ratio_count=64 area_ratio_mean=1 area_ratio_sum=64 fallback_count=0 mean_iou=1 num_jittered=0 num_rois=64
2026-07-30 05:29:58,589 - portable_sam_fusion - INFO - [DEBUG-SP] epoch=32 step=9350 all_invalid_count=0 all_invalid_ratio=0 empty_count=0 empty_ratio=0 full_count=0 full_ratio=0 mean_point_distance=37.23 n1_gt_valid_count=64 n1_in_gt_bg=1 n1_in_gt_bg_count=64 n1_valid_count=64 n1_valid_ratio=1 n2_gt_valid_count=64 n2_in_gt_bg=1 n2_in_gt_bg_count=64 n2_valid_count=64 n2_valid_ratio=1 neg_in_pred_bg=1 neg_in_pred_bg_count=128 negative_pair_count=64 negative_pair_distance_sum=3357 p1_gt_valid_count=64 p1_in_gt_fg=1 p1_in_gt_fg_count=64 p1_valid_count=64 p1_valid_ratio=1 p2_gt_valid_count=64 p2_in_gt_fg=1 p2_in_gt_fg_count=64 p2_valid_count=64 p2_valid_ratio=1 point_distance_sum=4766 point_overlap_count=0 point_overlap_ratio=0 point_pair_count=128 pos_in_pred_fg=1 pos_in_pred_fg_count=128 positive_pair_count=64 positive_pair_distance_sum=1409 roi_count=64 valid_neg_count=128 valid_pos_count=128 warmup_stage=2
2026-07-30 05:30:49,108 - portable_sam_fusion - INFO - [DEBUG-BOX] epoch=32 step=9400 fallback_count=0 fallback_ratio=0 num_rois=64 refined_proposal_iou=0 refined_proposal_iou_sum=0 refined_valid_count=0
2026-07-30 05:30:49,108 - portable_sam_fusion - INFO - [DEBUG-COARSE] epoch=32 step=9400 bce_raw=0.1711 boundary_fn=3296 boundary_fp=1829 boundary_tp=2.529e+04 dice=0.08809 dice_loss_raw=0.08809 iou=0.8405 loss_weight=0.1 raw_boundary_fn=3296 raw_boundary_fp=1829 raw_boundary_tp=2.529e+04 raw_dice_score=0.9119 raw_iou=0.8405 weighted_loss=0.02592
2026-07-30 05:30:49,108 - portable_sam_fusion - INFO - [DEBUG-CONTEXT] epoch=32 step=9400 enabled=0
2026-07-30 05:30:49,108 - portable_sam_fusion - INFO - [DEBUG-DENSE] epoch=32 step=9400 applied_delta_norm=1.255 applied_delta_ratio=0.1075 base_norm=11.68 canvas_max=8 canvas_mean=-0.001667 canvas_min=-8 canvas_nonzero_ratio=0.004868 canvas_std=0.4222 final_norm=11.72 residual_alpha=0.2788 shape_norm=12.53 source_delta_norm=4.501 source_delta_ratio=0.3854
2026-07-30 05:30:49,108 - portable_sam_fusion - INFO - [DEBUG-GATE] epoch=32 step=9400 shape_dense_alpha_max=0.2788 shape_dense_alpha_mean=0.2788 shape_dense_alpha_min=0.2788
2026-07-30 05:30:49,108 - portable_sam_fusion - INFO - [DEBUG-JITTER] epoch=32 step=9400 area_ratio_count=64 area_ratio_mean=1 area_ratio_sum=64 fallback_count=0 mean_iou=1 num_jittered=0 num_rois=64
2026-07-30 05:30:49,108 - portable_sam_fusion - INFO - [DEBUG-SP] epoch=32 step=9400 all_invalid_count=0 all_invalid_ratio=0 empty_count=0 empty_ratio=0 full_count=0 full_ratio=0 mean_point_distance=27.74 n1_gt_valid_count=64 n1_in_gt_bg=0.9062 n1_in_gt_bg_count=58 n1_valid_count=64 n1_valid_ratio=1 n2_gt_valid_count=64 n2_in_gt_bg=1 n2_in_gt_bg_count=64 n2_valid_count=64 n2_valid_ratio=1 neg_in_pred_bg=1 neg_in_pred_bg_count=128 negative_pair_count=64 negative_pair_distance_sum=2625 p1_gt_valid_count=64 p1_in_gt_fg=1 p1_in_gt_fg_count=64 p1_valid_count=64 p1_valid_ratio=1 p2_gt_valid_count=64 p2_in_gt_fg=1 p2_in_gt_fg_count=64 p2_valid_count=64 p2_valid_ratio=1 point_distance_sum=3550 point_overlap_count=0 point_overlap_ratio=0 point_pair_count=128 pos_in_pred_fg=1 pos_in_pred_fg_count=128 positive_pair_count=64 positive_pair_distance_sum=925.7 roi_count=64 valid_neg_count=128 valid_pos_count=128 warmup_stage=2
2026-07-30 05:30:56,383 - portable_sam_fusion - INFO - Epoch 32 detailed losses: loss_rpn_cls=0.0098, loss_rpn_bbox=0.0040, loss_cls=0.1500, acc=94.2976, loss_bbox=0.0588, loss_mask=0.0012, debug_mask_pos_rois=56.9048, debug_mask_logit_mean=-18.0398, debug_mask_logit_std=3.2868, debug_mask_prob_mean=0.0052, debug_mask_prob_ge05=0.0051, debug_mask_target_fill=0.0052, loss_shape_prior=0.0189, schedule/det_weight=1.0000
2026-07-30 05:30:56,383 - portable_sam_fusion - INFO - Epoch 32 dense residual monitor: alpha=0.277025 source_delta_norm=6.1389 applied_delta_norm=1.7006 source_delta_ratio=0.525667 applied_delta_ratio=0.145620
2026-07-30 05:30:56,383 - portable_sam_fusion - INFO - Epoch 32 primary loss shares: det=91.69% final_mask=0.50% shape=7.81% p2_boundary=0.00%
2026-07-30 05:30:56,383 - portable_sam_fusion - INFO - Epoch 32 schedule: det_loss_weight=1.000 early_stop_start=20 min_delta=0.0005
2026-07-30 05:30:56,383 - portable_sam_fusion - INFO - Epoch 32 learning rates: sat_backbone=3.35e-04, mask_decoder=3.35e-04, shape_prior=3.35e-04, quality_head=3.35e-04, sat_other=3.35e-04
2026-07-30 05:34:53,679 - portable_sam_fusion - INFO - Validation samples: GT=15926, DT=17409, avg_masks_per_image=27.77, avg_mask_fill=0.0048
creating index...
index created!
Loading and preparing results...
DONE (t=0.02s)
creating index...
index created!
Running per image evaluation...
Evaluate annotation type *bbox*
DONE (t=10.60s).
Accumulating evaluation results...
DONE (t=0.18s).
 Average Precision  (AP) @[ IoU=0.50:0.95 | area=   all | maxDets=100 ] = 0.713
 Average Precision  (AP) @[ IoU=0.50      | area=   all | maxDets=100 ] = 0.897
 Average Precision  (AP) @[ IoU=0.75      | area=   all | maxDets=100 ] = 0.825
 Average Precision  (AP) @[ IoU=0.50:0.95 | area= small | maxDets=100 ] = 0.329
 Average Precision  (AP) @[ IoU=0.50:0.95 | area=medium | maxDets=100 ] = 0.750
 Average Precision  (AP) @[ IoU=0.50:0.95 | area= large | maxDets=100 ] = 0.808
 Average Recall     (AR) @[ IoU=0.50:0.95 | area=   all | maxDets=  1 ] = 0.026
 Average Recall     (AR) @[ IoU=0.50:0.95 | area=   all | maxDets= 10 ] = 0.193
 Average Recall     (AR) @[ IoU=0.50:0.95 | area=   all | maxDets=100 ] = 0.760
 Average Recall     (AR) @[ IoU=0.50:0.95 | area= small | maxDets=100 ] = 0.451
 Average Recall     (AR) @[ IoU=0.50:0.95 | area=medium | maxDets=100 ] = 0.799
 Average Recall     (AR) @[ IoU=0.50:0.95 | area= large | maxDets=100 ] = 0.848
2026-07-30 05:35:04,660 - portable_sam_fusion - INFO - Validation bbox/mAP: 0.7127 bbox/mAP_75: 0.8245
Running per image evaluation...
Evaluate annotation type *segm*
DONE (t=11.24s).
Accumulating evaluation results...
DONE (t=0.18s).
 Average Precision  (AP) @[ IoU=0.50:0.95 | area=   all | maxDets=100 ] = 0.447
 Average Precision  (AP) @[ IoU=0.50      | area=   all | maxDets=100 ] = 0.857
 Average Precision  (AP) @[ IoU=0.75      | area=   all | maxDets=100 ] = 0.470
 Average Precision  (AP) @[ IoU=0.50:0.95 | area= small | maxDets=100 ] = 0.062
 Average Precision  (AP) @[ IoU=0.50:0.95 | area=medium | maxDets=100 ] = 0.466
 Average Precision  (AP) @[ IoU=0.50:0.95 | area= large | maxDets=100 ] = 0.640
 Average Recall     (AR) @[ IoU=0.50:0.95 | area=   all | maxDets=  1 ] = 0.020
 Average Recall     (AR) @[ IoU=0.50:0.95 | area=   all | maxDets= 10 ] = 0.142
 Average Recall     (AR) @[ IoU=0.50:0.95 | area=   all | maxDets=100 ] = 0.497
 Average Recall     (AR) @[ IoU=0.50:0.95 | area= small | maxDets=100 ] = 0.115
 Average Recall     (AR) @[ IoU=0.50:0.95 | area=medium | maxDets=100 ] = 0.513
 Average Recall     (AR) @[ IoU=0.50:0.95 | area= large | maxDets=100 ] = 0.692
2026-07-30 05:35:16,109 - portable_sam_fusion - INFO - Validation segm/mAP: 0.4470
2026-07-30 05:35:16,657 - portable_sam_fusion - INFO - Early-stop metric (segm/mAP): raw=0.4470 smooth(5)=0.4491 best=0.4549 counter=10
2026-07-30 05:35:22,207 - portable_sam_fusion - INFO - Epoch 32/80 | train=0.242658 val=disabled segm/mAP=0.4470 bbox/mAP=0.7127 | best_segm=0.4852 best_bbox=0.7150 best_comp=0.0000 | sat_backbone=3.35e-04 mask_decoder=3.35e-04 shape_prior=3.35e-04 quality_head=3.35e-04 sat_other=3.35e-04
2026-07-30 05:35:22,208 - portable_sam_fusion - INFO - Early stopping triggered (patience=10)
