terminal_log=/home/wangcheng/project/new/portable_sam2_explicit_coarse/logs/ablations/c4_pafpn_coarse_points_box_dense_densefix_tr0.2_va1.0_20260730_020558_pid408617.log
/home/wangcheng/miniconda3/envs/cvt2/lib/python3.9/site-packages/imagecorruptions/corruptions.py:17: UserWarning: pkg_resources is deprecated as an API. See https://setuptools.pypa.io/en/latest/pkg_resources.html. The pkg_resources package is slated for removal as early as 2025-11-30. Refrain from using this package or pin to Setuptools<81.
  from pkg_resources import resource_filename
{"ablation_id": "c4_pafpn_coarse_points_box_dense", "architecture_contract": {"architecture_id": "c4_pafpn_coarse_points_box_dense", "model_fingerprint": "830b49f74f4c43b22382de8cd36c027c3d137edf6ff9892f54d7c1f69ceafd07", "schema_version": 2}, "config": "configs/whu1024_baseplus_explicit_coarse_densefix.py", "dense_prompt_enabled": true, "explicit_prompt_mode": "points_box_dense", "final_mask_coordinate_mode": "full_image", "final_mask_loss_config": {}, "final_mask_loss_mode": "standard", "neck": "RSSAM2PAFPN", "p2_boundary_refiner_config": {"aligned": true, "beta": 0.2, "boundary_band_radius": 2, "boundary_loss_weight": 0.05, "coarse_size": 64, "delta_logit_max": 2.0, "enabled": false, "foreground_thr": 0.5, "max_search_coverage": 0.5, "mid_channels": 64, "p2_in_channels": 512, "projected_channels": 64, "roi_output_size": 32, "sampling_ratio": 0, "search_band_radius": 4, "spatial_scale": 0.25, "zero_init_residual": true}, "p2_boundary_refiner_enabled": false, "prompt_encoder_enabled": true, "prompt_route": "coarse", "prompt_sparse_mode": "shape_point", "quality_head_enabled": false, "roi_sam_config": {}, "roi_sam_enabled": false, "sam_image_embedding_size": 32, "sam_image_embedding_stride": 32, "segm_score_key": "scores", "segm_score_mode": "detector", "shape_context_fusion": "roi_only", "shape_loss_schedule_mode": "fixed", "shape_point_adaptive_validity": true, "shape_prior_enabled": true, "shape_prior_loss_weight": 0.1, "subset_seed": 44, "train_subset_ratio": 0.2, "val_subset_ratio": 1.0}
ablation contract: OK
============================================================
resolved_hyperparameters_begin
timestamp=20260730_020558
environment_config=/home/wangcheng/project/new/portable_sam2_explicit_coarse/configs/environment.local.sh
git_commit=88c4b3ebebc720b5e4c42f3c7adbd8494cad944d
ablation_id=c4_pafpn_coarse_points_box_dense
expected_architecture_id=c4_pafpn_coarse_points_box_dense
run_tag=c4_pafpn_coarse_points_box_dense_densefix
run_suffix=
neck_type=pafpn
prompt_route=coarse
prompt_generator_mode=explicit_mask
prompt_sparse_mode=shape_point
prompt_encoder_enabled=1
shape_prior_enabled=1
explicit_prompt_mode=points_box_dense
p2_boundary_refiner_enabled=0
final_mask_coordinate_mode=full_image
final_mask_loss_mode=standard
final_mask_roi_expand_ratio=1.20
final_mask_roi_bce_weight=1.0
final_mask_roi_dice_weight=1.0
final_mask_outside_bce_weight=0.05
roi_sam_enabled=0
roi_sam_sampling_ratio=2
sam_image_embedding_stride=32
sam_image_embedding_size=32
train_subset_ratio=0.2
val_subset_ratio=1.0
val_batch_size=1
subset_seed=44
python=/home/wangcheng/miniconda3/envs/cvt2/bin/python
nproc_per_node=2
master_port=28617
master_port_source=auto_pid
ddp_timeout_seconds=1800
ddp_timeout_source=baseline_default
ddp_control_backend=gloo
ddp_control_timeout_seconds=86400
cuda_visible_devices=1,2
batch_size_per_rank=1
grad_accum_steps=4
effective_global_batch_size=8
epochs=80
learning_rate=5e-4
amp=0
ema_enabled=0
ema_decay=0.999
ema_eval=0
ema_save_best=0
val_every_n_epochs=1
compute_val_loss=0
save_bbox_best_metric=bbox/mAP
segm_score_mode=detector
early_stopping_patience=10
early_stopping_start_epoch=20
early_stopping_min_delta=5e-4
early_stopping_smooth_window=5
sat_backbone_lr_mult=1.0
sat_other_lr_mult=1.0
mask_decoder_lr_mult=1.0
no_mask_lr_mult=1.0
prompt_encoder_lr_mult=0.0
shape_prior_lr_mult=1.0
shape_context_fusion=roi_only
p2_boundary_refiner_lr_mult=1.0
p2_boundary_refiner_projected_channels=64
p2_boundary_refiner_mid_channels=64
p2_boundary_refiner_delta_logit_max=2.0
p2_boundary_refiner_loss_weight=0.05
allow_cross_arch_init=0
warmup_iters=100
weight_decay=0.05
det_loss_stage1_end=5
det_loss_stage2_end=10
det_loss_weight_stage1=1.0
det_loss_weight_stage2=1.0
det_loss_weight_stage3=1.0
ema_update_every=1
ema_eval_start_epoch=5
shape_point_adaptive_validity=1
shape_loss_schedule_mode=fixed
shape_prior_loss_weight=0.10
shape_loss_stage1_end=5
shape_loss_weight_stage1=0.20
shape_loss_weight_stage2=0.10
point_warmup_enabled=0
point_warmup_no_point_epochs=0
point_warmup_one_pair_epochs=0
point_warmup_full_start_epoch=1
prompt_debug_stats=1
prompt_debug_stats_interval=50
max_train_batches=0
max_val_batches=0
init_from=
init_exclude_prefixes=
resume_from=
check_data=0
preflight_model=0
dry_run=0
run_in_background=1
sam2_repo=/home/wangcheng/project/new/sam2
sam2_checkpoint=/data1/wangcheng/pretrained/sam2_hiera_base_plus.pt
data_root=/data1/wangcheng/dataset/WHU
checkpoint_root=/data1/wangcheng/checkpoint/portable_sam2_explicit_coarse
log_root=/home/wangcheng/project/new/portable_sam2_explicit_coarse/logs
tmp_root=/tmp/portable_sam2_explicit_coarse
config=configs/whu1024_baseplus_explicit_coarse_densefix.py
checkpoint_dir=/data1/wangcheng/checkpoint/portable_sam2_explicit_coarse/ablations/c4_pafpn_coarse_points_box_dense_densefix_tr0.2_va1.0
log_file=/home/wangcheng/project/new/portable_sam2_explicit_coarse/logs/ablations/c4_pafpn_coarse_points_box_dense_densefix_tr0.2_va1.0_20260730_020558_pid408617.log
command= /home/wangcheng/miniconda3/envs/cvt2/bin/python -m torch.distributed.run --nproc_per_node=2 --master_port=28617 train/train_rsprompter_fusion.py --config configs/whu1024_baseplus_explicit_coarse_densefix.py --data-root /data1/wangcheng/dataset/WHU --use-whu-coco --image-size 1024 1024 --batch-size 1 --grad-accum-steps 4 --epochs 80 --lr 5e-4 --checkpoint-dir /data1/wangcheng/checkpoint/portable_sam2_explicit_coarse/ablations/c4_pafpn_coarse_points_box_dense_densefix_tr0.2_va1.0 --train-subset-ratio 0.2 --val-subset-ratio 1.0 --val-batch-size 1 --seed 44 --amp 0 --ema-enabled 0 --ema-decay 0.999 --ema-eval 0 --ema-save-best 0 --val-every-n-epochs 1 --compute-val-loss 0 --early-stopping-patience 10 --early-stopping-start-epoch 20 --early-stopping-min-delta 5e-4 --early-stopping-smooth-window 5 --sat-backbone-lr-mult 1.0 --sat-other-lr-mult 1.0 --mask-decoder-lr-mult 1.0 --no-mask-lr-mult 1.0 --prompt-encoder-lr-mult 0.0 --shape-prior-lr-mult 1.0 --p2-boundary-refiner-lr-mult 1.0 --warmup-iters 100 --weight-decay 0.05 --det-loss-stage1-end 5 --det-loss-stage2-end 10 --det-loss-weight-stage1 1.0 --det-loss-weight-stage2 1.0 --det-loss-weight-stage3 1.0 --ema-update-every 1 --ema-eval-start-epoch 5 --prompt-debug-stats 1 --prompt-debug-stats-interval 50
resolved_hyperparameters_end
============================================================
launch_mode=background
background_pid=408809
follow_log=tail -f /home/wangcheng/project/new/portable_sam2_explicit_coarse/logs/ablations/c4_pafpn_coarse_points_box_dense_densefix_tr0.2_va1.0_20260730_020558_pid408617.log
status_command=ps -fp 408809

*****************************************
Setting OMP_NUM_THREADS environment variable for each process to be 1 in default, to avoid your system being overloaded, please further tune the variable for optimal performance in your application as needed. 
*****************************************
/home/wangcheng/miniconda3/envs/cvt2/lib/python3.9/site-packages/imagecorruptions/corruptions.py:17: UserWarning: pkg_resources is deprecated as an API. See https://setuptools.pypa.io/en/latest/pkg_resources.html. The pkg_resources package is slated for removal as early as 2025-11-30. Refrain from using this package or pin to Setuptools<81.
  from pkg_resources import resource_filename
/home/wangcheng/miniconda3/envs/cvt2/lib/python3.9/site-packages/imagecorruptions/corruptions.py:17: UserWarning: pkg_resources is deprecated as an API. See https://setuptools.pypa.io/en/latest/pkg_resources.html. The pkg_resources package is slated for removal as early as 2025-11-30. Refrain from using this package or pin to Setuptools<81.
  from pkg_resources import resource_filename
[seed] Random seed fixed to 44 | cudnn.deterministic=True
[Gloo] Rank 0 is connected to 1 peer ranks. Expected number of connected peer ranks is : 1
[Gloo] Rank 1 is connected to 1 peer ranks. Expected number of connected peer ranks is : 1
2026-07-30 02:06:12,868 - portable_sam_fusion - INFO - DDP process-group timeout: 1800 seconds
2026-07-30 02:06:12,868 - portable_sam_fusion - INFO - DDP validation control: backend=gloo timeout=86400 seconds
2026-07-30 02:06:13,739 - portable_sam_fusion - INFO - Architecture contract: id=c4_pafpn_coarse_points_box_dense schema=2 fingerprint=830b49f74f4c43b22382de8cd36c027c3d137edf6ff9892f54d7c1f69ceafd07
[RSSAM2VisionEncoder] Loading SAM2 base_plus model
  - embed_dim: 112
  - stages: (2, 3, 16, 3)
  - backbone_channels: [896, 448, 224, 112]
Loads checkpoint by local backend from path: /data1/wangcheng/pretrained/sam2_hiera_base_plus.pt
Loads checkpoint by local backend from path: /data1/wangcheng/pretrained/sam2_hiera_base_plus.pt
[ImageEncoder(base_plus)] Loaded 306 keys. missing=0, unexpected=0
[RSSAM2VisionEncoder] Applied LoRA with config:
  - r=16, alpha=32
  - target_modules=['qkv', 'proj']
  - dropout=0.05
  - modules_to_save=['neck']
trainable params: 1,492,528 || all params: 70,599,344 || trainable%: 2.114081966540652
[RSSAM2VisionEncoder] LoRA audit: backbone total=70599344, trainable=1492528, lora_trainable=1061424, unexpected_trainable=0
[SAM2] using package: /home/wangcheng/project/new/sam2/sam2/__init__.py
Loads checkpoint by local backend from path: /data1/wangcheng/pretrained/sam2_hiera_base_plus.pt
Loads checkpoint by local backend from path: /data1/wangcheng/pretrained/sam2_hiera_base_plus.pt
[MaskDecoder] Loaded 131 keys. missing=0, unexpected=0
  use_high_res_features: True
  Has conv_s0: True
  Has conv_s1: True
Loads checkpoint by local backend from path: /data1/wangcheng/pretrained/sam2_hiera_base_plus.pt
Loads checkpoint by local backend from path: /data1/wangcheng/pretrained/sam2_hiera_base_plus.pt
[MaskHead] Initialized no_mask_embed from SAM2 ckpt, frozen, abs_mean=0.01521041
Loads checkpoint by local backend from path: /data1/wangcheng/pretrained/sam2_hiera_base_plus.pt
Loads checkpoint by local backend from path: /data1/wangcheng/pretrained/sam2_hiera_base_plus.pt
[PromptEncoder] Loaded 17 keys. missing=0, unexpected=0
2026-07-30 02:06:16,148 - portable_sam_fusion - INFO - Evaluation score contract: bbox=scores segm=scores mode=detector
2026-07-30 02:06:18,635 - data.whu_instance_dataset - INFO - 加载 WHU 样本: 2943 (train.json)
2026-07-30 02:06:18,647 - data.whu_instance_dataset - INFO - 加载 WHU 样本: 2943 (train.json)
2026-07-30 02:06:18,773 - data.loader - INFO - WHU train subset: 588/2943 images (ratio=0.200000, seed=44)
2026-07-30 02:06:18,785 - data.loader - INFO - WHU train subset: 588/2943 images (ratio=0.200000, seed=44)
2026-07-30 02:06:18,897 - data.whu_instance_dataset - INFO - 加载 WHU 样本: 627 (validation.json)
2026-07-30 02:06:18,897 - data.loader - INFO - 创建 WHU 验证集加载器: 627 样本
2026-07-30 02:06:18,898 - portable_sam_fusion - INFO - Validation policy: rank0_only=1 batch_size=1 every_n_epochs=1 compute_loss=0
2026-07-30 02:06:18,898 - portable_sam_fusion - INFO - Dataset size: 588 | mini-batch/epoch=294 | grad_accum=4 | optimizer_steps/epoch=74 | total_optimizer_steps=5920
2026-07-30 02:06:18,898 - data.whu_instance_dataset - INFO - 加载 WHU 样本: 627 (validation.json)
2026-07-30 02:06:18,899 - data.loader - INFO - 创建 WHU 验证集加载器: 627 样本
2026-07-30 02:06:18,901 - portable_sam_fusion - INFO - Optimizer group sat_backbone    params=1492528 tensors=112 lr=5.000e-04 wd=5.000e-02 first=backbone.encoder.base_model.model.trunk.patch_embed.proj.lora_A.default.weight last=backbone.encoder.base_model.model.neck.modules_to_save.default.convs.3.conv.bias
2026-07-30 02:06:18,901 - portable_sam_fusion - INFO - Optimizer group mask_decoder    params=4082497 tensors=125 lr=5.000e-04 wd=5.000e-02 first=roi_head.mask_head.mask_decoder.decoder.transformer.layers.0.self_attn.q_proj.weight last=roi_head.mask_head.mask_decoder.decoder.pred_obj_score_head.layers.2.bias
2026-07-30 02:06:18,901 - portable_sam_fusion - INFO - Optimizer group shape_prior     params=960385 tensors=18 lr=5.000e-04 wd=5.000e-02 first=roi_head.mask_head.shape_injector.mask_decoder.net.0.weight last=roi_head.mask_head.shape_injector.mask_decoder.net.14.bias
2026-07-30 02:06:18,901 - portable_sam_fusion - INFO - Optimizer group quality_head    params=132612 tensors=6 lr=5.000e-04 wd=5.000e-02 first=roi_head.mask_head.mask_decoder.decoder.iou_prediction_head.layers.0.weight last=roi_head.mask_head.mask_decoder.decoder.iou_prediction_head.layers.2.bias
2026-07-30 02:06:18,901 - portable_sam_fusion - INFO - Optimizer group sat_other       params=37130793 tensors=78 lr=5.000e-04 wd=5.000e-02 first=neck.level_scales last=roi_head.bbox_head.shared_fcs.1.bias
2026-07-30 02:06:18,903 - portable_sam_fusion - INFO - Trainable state backbone               1492528 / 70599344
2026-07-30 02:06:18,903 - portable_sam_fusion - INFO - Trainable state shared_image_embedding absent
2026-07-30 02:06:18,903 - portable_sam_fusion - INFO - Trainable state mask_decoder           4215109 / 4215109
2026-07-30 02:06:18,903 - portable_sam_fusion - INFO - Trainable state no_mask_embed          0 / 256
2026-07-30 02:06:18,903 - portable_sam_fusion - INFO - Trainable state prompt_encoder         0 / 6220
2026-07-30 02:06:18,903 - portable_sam_fusion - INFO - Trainable state shape_injector         960385 / 960385
2026-07-30 02:06:18,903 - portable_sam_fusion - INFO - Trainable state p2_boundary_refiner    absent
2026-07-30 02:06:18,903 - portable_sam_fusion - INFO - Trainable state quality_head           absent
2026-07-30 02:06:18,903 - portable_sam_fusion - INFO - Trainable state uav_roi_retriever      absent
2026-07-30 02:06:18,903 - portable_sam_fusion - INFO - Trainable state uav_roi_gate           absent
2026-07-30 02:06:18,903 - portable_sam_fusion - INFO - Trainable state uav_roi_dense_prompt   absent
2026-07-30 02:06:18,903 - portable_sam_fusion - INFO - Trainable state uav_roi_prompt_adapter absent
2026-07-30 02:06:18,903 - portable_sam_fusion - INFO - Trainable state uav_prompt_adapter_sparse_scale absent
2026-07-30 02:06:18,903 - portable_sam_fusion - INFO - Trainable state uav_prompt_adapter_dense_scale absent
2026-07-30 02:06:18,904 - portable_sam_fusion - INFO - Using user-specified warmup: 100 optimizer steps
[DEBUG] RSSAM2PAFPN inputs: 4 tensors
  [0] shape=torch.Size([1, 256, 256, 256]), dtype=torch.float32
  [1] shape=torch.Size([1, 256, 128, 128]), dtype=torch.float32
  [2] shape=torch.Size([1, 256, 64, 64]), dtype=torch.float32
  [3] shape=torch.Size([1, 256, 32, 32]), dtype=torch.float32
2026-07-30 02:07:15,327 - portable_sam_fusion - INFO - [DEBUG-BOX] epoch=1 step=50 fallback_count=0 fallback_ratio=0 num_rois=64 refined_proposal_iou=0 refined_proposal_iou_sum=0 refined_valid_count=0
2026-07-30 02:07:15,327 - portable_sam_fusion - INFO - [DEBUG-COARSE] epoch=1 step=50 bce_raw=0.5654 boundary_fn=1.493e+04 boundary_fp=2.091e+04 boundary_tp=1.811e+04 dice=0.3223 dice_loss_raw=0.3223 iou=0.5149 loss_weight=0.1 raw_boundary_fn=1.493e+04 raw_boundary_fp=2.091e+04 raw_boundary_tp=1.811e+04 raw_dice_score=0.6777 raw_iou=0.5149 weighted_loss=0.08878
2026-07-30 02:07:15,327 - portable_sam_fusion - INFO - [DEBUG-CONTEXT] epoch=1 step=50 enabled=0
2026-07-30 02:07:15,327 - portable_sam_fusion - INFO - [DEBUG-DENSE] epoch=1 step=50 applied_delta_norm=3.349 applied_delta_ratio=0.2868 base_norm=11.68 canvas_max=1.864 canvas_mean=0.005862 canvas_min=-0.9311 canvas_nonzero_ratio=0.008011 canvas_std=0.08883 final_norm=12.05 residual_alpha=0.5 shape_norm=13.34 source_delta_norm=6.698 source_delta_ratio=0.5736
2026-07-30 02:07:15,327 - portable_sam_fusion - INFO - [DEBUG-GATE] epoch=1 step=50 shape_dense_alpha_max=0.5 shape_dense_alpha_mean=0.5 shape_dense_alpha_min=0.5
2026-07-30 02:07:15,327 - portable_sam_fusion - INFO - [DEBUG-JITTER] epoch=1 step=50 area_ratio_count=64 area_ratio_mean=1 area_ratio_sum=64 fallback_count=0 mean_iou=1 num_jittered=0 num_rois=64
2026-07-30 02:07:15,327 - portable_sam_fusion - INFO - [DEBUG-SP] epoch=1 step=50 all_invalid_count=0 all_invalid_ratio=0 empty_count=0 empty_ratio=0 full_count=0 full_ratio=0 mean_point_distance=34.75 n1_gt_valid_count=64 n1_in_gt_bg=0.9688 n1_in_gt_bg_count=62 n1_valid_count=64 n1_valid_ratio=1 n2_gt_valid_count=64 n2_in_gt_bg=0.875 n2_in_gt_bg_count=56 n2_valid_count=64 n2_valid_ratio=1 neg_in_pred_bg=1 neg_in_pred_bg_count=128 negative_pair_count=64 negative_pair_distance_sum=3613 p1_gt_valid_count=64 p1_in_gt_fg=0.9844 p1_in_gt_fg_count=63 p1_valid_count=64 p1_valid_ratio=1 p2_gt_valid_count=64 p2_in_gt_fg=0.9219 p2_in_gt_fg_count=59 p2_valid_count=64 p2_valid_ratio=1 point_distance_sum=4448 point_overlap_count=0 point_overlap_ratio=0 point_pair_count=128 pos_in_pred_fg=1 pos_in_pred_fg_count=128 positive_pair_count=64 positive_pair_distance_sum=834.9 roi_count=64 valid_neg_count=128 valid_pos_count=128 warmup_stage=2
2026-07-30 02:08:04,140 - portable_sam_fusion - INFO - [DEBUG-BOX] epoch=1 step=100 fallback_count=0 fallback_ratio=0 num_rois=45 refined_proposal_iou=0 refined_proposal_iou_sum=0 refined_valid_count=0
2026-07-30 02:08:04,141 - portable_sam_fusion - INFO - [DEBUG-COARSE] epoch=1 step=100 bce_raw=0.4647 boundary_fn=7665 boundary_fp=1.044e+04 boundary_tp=8939 dice=0.261 dice_loss_raw=0.261 iou=0.5894 loss_weight=0.1 raw_boundary_fn=7665 raw_boundary_fp=1.044e+04 raw_boundary_tp=8939 raw_dice_score=0.739 raw_iou=0.5894 weighted_loss=0.07257
2026-07-30 02:08:04,141 - portable_sam_fusion - INFO - [DEBUG-CONTEXT] epoch=1 step=100 enabled=0
2026-07-30 02:08:04,141 - portable_sam_fusion - INFO - [DEBUG-DENSE] epoch=1 step=100 applied_delta_norm=2.801 applied_delta_ratio=0.2399 base_norm=11.68 canvas_max=4.21 canvas_mean=0.005115 canvas_min=-1.691 canvas_nonzero_ratio=0.00608 canvas_std=0.138 final_norm=11.95 residual_alpha=0.5 shape_norm=12.91 source_delta_norm=5.603 source_delta_ratio=0.4797
2026-07-30 02:08:04,141 - portable_sam_fusion - INFO - [DEBUG-GATE] epoch=1 step=100 shape_dense_alpha_max=0.5 shape_dense_alpha_mean=0.5 shape_dense_alpha_min=0.5
2026-07-30 02:08:04,141 - portable_sam_fusion - INFO - [DEBUG-JITTER] epoch=1 step=100 area_ratio_count=45 area_ratio_mean=1 area_ratio_sum=45 fallback_count=0 mean_iou=1 num_jittered=0 num_rois=45
2026-07-30 02:08:04,141 - portable_sam_fusion - INFO - [DEBUG-SP] epoch=1 step=100 all_invalid_count=0 all_invalid_ratio=0 empty_count=0 empty_ratio=0 full_count=0 full_ratio=0 mean_point_distance=23.67 n1_gt_valid_count=45 n1_in_gt_bg=0.8444 n1_in_gt_bg_count=38 n1_valid_count=45 n1_valid_ratio=1 n2_gt_valid_count=45 n2_in_gt_bg=0.8444 n2_in_gt_bg_count=38 n2_valid_count=45 n2_valid_ratio=1 neg_in_pred_bg=1 neg_in_pred_bg_count=90 negative_pair_count=45 negative_pair_distance_sum=1628 p1_gt_valid_count=45 p1_in_gt_fg=0.9778 p1_in_gt_fg_count=44 p1_valid_count=45 p1_valid_ratio=1 p2_gt_valid_count=45 p2_in_gt_fg=1 p2_in_gt_fg_count=45 p2_valid_count=45 p2_valid_ratio=1 point_distance_sum=2131 point_overlap_count=0 point_overlap_ratio=0 point_pair_count=90 pos_in_pred_fg=1 pos_in_pred_fg_count=90 positive_pair_count=45 positive_pair_distance_sum=502.3 roi_count=45 valid_neg_count=90 valid_pos_count=90 warmup_stage=2
2026-07-30 02:08:54,672 - portable_sam_fusion - INFO - [DEBUG-BOX] epoch=1 step=150 fallback_count=0 fallback_ratio=0 num_rois=64 refined_proposal_iou=0 refined_proposal_iou_sum=0 refined_valid_count=0
2026-07-30 02:08:54,672 - portable_sam_fusion - INFO - [DEBUG-COARSE] epoch=1 step=150 bce_raw=0.3425 boundary_fn=9028 boundary_fp=7757 boundary_tp=2.007e+04 dice=0.2141 dice_loss_raw=0.2141 iou=0.6507 loss_weight=0.1 raw_boundary_fn=9028 raw_boundary_fp=7757 raw_boundary_tp=2.007e+04 raw_dice_score=0.7859 raw_iou=0.6507 weighted_loss=0.05566
2026-07-30 02:08:54,672 - portable_sam_fusion - INFO - [DEBUG-CONTEXT] epoch=1 step=150 enabled=0
2026-07-30 02:08:54,672 - portable_sam_fusion - INFO - [DEBUG-DENSE] epoch=1 step=150 applied_delta_norm=3.288 applied_delta_ratio=0.2816 base_norm=11.68 canvas_max=5.017 canvas_mean=0.005541 canvas_min=-4.135 canvas_nonzero_ratio=0.008517 canvas_std=0.2132 final_norm=12.05 residual_alpha=0.5 shape_norm=13.31 source_delta_norm=6.577 source_delta_ratio=0.5632
2026-07-30 02:08:54,672 - portable_sam_fusion - INFO - [DEBUG-GATE] epoch=1 step=150 shape_dense_alpha_max=0.5 shape_dense_alpha_mean=0.5 shape_dense_alpha_min=0.5
2026-07-30 02:08:54,672 - portable_sam_fusion - INFO - [DEBUG-JITTER] epoch=1 step=150 area_ratio_count=64 area_ratio_mean=1 area_ratio_sum=64 fallback_count=0 mean_iou=1 num_jittered=0 num_rois=64
2026-07-30 02:08:54,672 - portable_sam_fusion - INFO - [DEBUG-SP] epoch=1 step=150 all_invalid_count=0 all_invalid_ratio=0 empty_count=0 empty_ratio=0 full_count=0 full_ratio=0 mean_point_distance=24.33 n1_gt_valid_count=64 n1_in_gt_bg=1 n1_in_gt_bg_count=64 n1_valid_count=64 n1_valid_ratio=1 n2_gt_valid_count=64 n2_in_gt_bg=0.9688 n2_in_gt_bg_count=62 n2_valid_count=64 n2_valid_ratio=1 neg_in_pred_bg=1 neg_in_pred_bg_count=128 negative_pair_count=64 negative_pair_distance_sum=2173 p1_gt_valid_count=64 p1_in_gt_fg=1 p1_in_gt_fg_count=64 p1_valid_count=64 p1_valid_ratio=1 p2_gt_valid_count=64 p2_in_gt_fg=1 p2_in_gt_fg_count=64 p2_valid_count=64 p2_valid_ratio=1 point_distance_sum=3114 point_overlap_count=0 point_overlap_ratio=0 point_pair_count=128 pos_in_pred_fg=1 pos_in_pred_fg_count=128 positive_pair_count=64 positive_pair_distance_sum=940.5 roi_count=64 valid_neg_count=128 valid_pos_count=128 warmup_stage=2
2026-07-30 02:09:52,261 - portable_sam_fusion - INFO - [DEBUG-BOX] epoch=1 step=200 fallback_count=0 fallback_ratio=0 num_rois=0 refined_proposal_iou=0 refined_proposal_iou_sum=0 refined_valid_count=0
2026-07-30 02:09:52,261 - portable_sam_fusion - INFO - [DEBUG-COARSE] epoch=1 step=200 boundary_fn=0 boundary_fp=0 boundary_tp=0 dice=0 iou=0
2026-07-30 02:09:52,261 - portable_sam_fusion - INFO - [DEBUG-CONTEXT] epoch=1 step=200 enabled=0
2026-07-30 02:09:52,261 - portable_sam_fusion - INFO - [DEBUG-DENSE] epoch=1 step=200 applied_delta_norm=2.918 applied_delta_ratio=0.2499 base_norm=11.68 canvas_max=5.087 canvas_mean=0.00219 canvas_min=-6.074 canvas_nonzero_ratio=0.007111 canvas_std=0.2436 final_norm=11.97 residual_alpha=0.5 shape_norm=12.99 source_delta_norm=5.836 source_delta_ratio=0.4998
2026-07-30 02:09:52,261 - portable_sam_fusion - INFO - [DEBUG-GATE] epoch=1 step=200 shape_dense_alpha_max=0.5 shape_dense_alpha_mean=0.5 shape_dense_alpha_min=0.5
2026-07-30 02:09:52,261 - portable_sam_fusion - INFO - [DEBUG-JITTER] epoch=1 step=200 area_ratio_count=0 area_ratio_mean=0 area_ratio_sum=0 fallback_count=0 mean_iou=0 num_jittered=0 num_rois=0
2026-07-30 02:09:52,261 - portable_sam_fusion - INFO - [DEBUG-SP] epoch=1 step=200 all_invalid_count=0 all_invalid_ratio=0 empty_count=0 empty_ratio=0 full_count=0 full_ratio=0 mean_point_distance=24.38 n1_gt_valid_count=64 n1_in_gt_bg=0.3594 n1_in_gt_bg_count=23 n1_valid_count=64 n1_valid_ratio=1 n2_gt_valid_count=64 n2_in_gt_bg=0.8906 n2_in_gt_bg_count=57 n2_valid_count=64 n2_valid_ratio=1 neg_in_pred_bg=1 neg_in_pred_bg_count=128 negative_pair_count=64 negative_pair_distance_sum=2080 p1_gt_valid_count=64 p1_in_gt_fg=1 p1_in_gt_fg_count=64 p1_valid_count=64 p1_valid_ratio=1 p2_gt_valid_count=64 p2_in_gt_fg=1 p2_in_gt_fg_count=64 p2_valid_count=64 p2_valid_ratio=1 point_distance_sum=3121 point_overlap_count=0 point_overlap_ratio=0 point_pair_count=128 pos_in_pred_fg=1 pos_in_pred_fg_count=128 positive_pair_count=64 positive_pair_distance_sum=1041 roi_count=64 valid_neg_count=128 valid_pos_count=128 warmup_stage=2
2026-07-30 02:09:52,494 - portable_sam_fusion - INFO - epoch 1 | mini-batch 200/294 | optimizer_step 50/5920 | lr=2.503e-04
2026-07-30 02:11:09,642 - portable_sam_fusion - INFO - [DEBUG-BOX] epoch=1 step=250 fallback_count=0 fallback_ratio=0 num_rois=64 refined_proposal_iou=0 refined_proposal_iou_sum=0 refined_valid_count=0
2026-07-30 02:11:09,643 - portable_sam_fusion - INFO - [DEBUG-COARSE] epoch=1 step=250 bce_raw=0.3203 boundary_fn=7520 boundary_fp=7922 boundary_tp=1.785e+04 dice=0.1523 dice_loss_raw=0.1523 iou=0.7395 loss_weight=0.1 raw_boundary_fn=7520 raw_boundary_fp=7922 raw_boundary_tp=1.785e+04 raw_dice_score=0.8477 raw_iou=0.7395 weighted_loss=0.04726
2026-07-30 02:11:09,643 - portable_sam_fusion - INFO - [DEBUG-CONTEXT] epoch=1 step=250 enabled=0
2026-07-30 02:11:09,643 - portable_sam_fusion - INFO - [DEBUG-DENSE] epoch=1 step=250 applied_delta_norm=3.002 applied_delta_ratio=0.257 base_norm=11.68 canvas_max=6.83 canvas_mean=0.005627 canvas_min=-5.494 canvas_nonzero_ratio=0.006967 canvas_std=0.2505 final_norm=11.99 residual_alpha=0.5 shape_norm=13.06 source_delta_norm=6.003 source_delta_ratio=0.514
2026-07-30 02:11:09,643 - portable_sam_fusion - INFO - [DEBUG-GATE] epoch=1 step=250 shape_dense_alpha_max=0.5 shape_dense_alpha_mean=0.5 shape_dense_alpha_min=0.5
2026-07-30 02:11:09,643 - portable_sam_fusion - INFO - [DEBUG-JITTER] epoch=1 step=250 area_ratio_count=64 area_ratio_mean=1 area_ratio_sum=64 fallback_count=0 mean_iou=1 num_jittered=0 num_rois=64
2026-07-30 02:11:09,643 - portable_sam_fusion - INFO - [DEBUG-SP] epoch=1 step=250 all_invalid_count=0 all_invalid_ratio=0 empty_count=0 empty_ratio=0 full_count=0 full_ratio=0 mean_point_distance=23.06 n1_gt_valid_count=64 n1_in_gt_bg=0.5312 n1_in_gt_bg_count=34 n1_valid_count=64 n1_valid_ratio=1 n2_gt_valid_count=64 n2_in_gt_bg=0.9375 n2_in_gt_bg_count=60 n2_valid_count=64 n2_valid_ratio=1 neg_in_pred_bg=1 neg_in_pred_bg_count=128 negative_pair_count=64 negative_pair_distance_sum=2159 p1_gt_valid_count=64 p1_in_gt_fg=1 p1_in_gt_fg_count=64 p1_valid_count=64 p1_valid_ratio=1 p2_gt_valid_count=64 p2_in_gt_fg=1 p2_in_gt_fg_count=64 p2_valid_count=64 p2_valid_ratio=1 point_distance_sum=2952 point_overlap_count=0 point_overlap_ratio=0 point_pair_count=128 pos_in_pred_fg=1 pos_in_pred_fg_count=128 positive_pair_count=64 positive_pair_distance_sum=793.3 roi_count=64 valid_neg_count=128 valid_pos_count=128 warmup_stage=2
2026-07-30 02:12:23,930 - portable_sam_fusion - INFO - Epoch 1 detailed losses: loss_rpn_cls=0.2790, loss_rpn_bbox=0.0359, loss_cls=0.4078, acc=80.3983, loss_bbox=0.2711, loss_mask=0.0116, schedule/det_weight=1.0000, debug_mask_pos_rois=50.5748, debug_mask_logit_mean=-11.3213, debug_mask_logit_std=2.5624, debug_mask_prob_mean=0.0097, debug_mask_prob_ge05=0.0050, debug_mask_target_fill=0.0052, loss_shape_prior=0.0609
2026-07-30 02:12:23,930 - portable_sam_fusion - INFO - Epoch 1 dense residual monitor: alpha=0.500000 source_delta_norm=6.4287 applied_delta_norm=3.2144 source_delta_ratio=0.550479 applied_delta_ratio=0.275240
2026-07-30 02:12:23,930 - portable_sam_fusion - INFO - Epoch 1 primary loss shares: det=93.20% final_mask=1.09% shape=5.71% p2_boundary=0.00%
2026-07-30 02:12:23,930 - portable_sam_fusion - INFO - Epoch 1 schedule: det_loss_weight=1.000 early_stop_start=20 min_delta=0.0005
2026-07-30 02:12:23,930 - portable_sam_fusion - INFO - Epoch 1 learning rates: sat_backbone=3.70e-04, mask_decoder=3.70e-04, shape_prior=3.70e-04, quality_head=3.70e-04, sat_other=3.70e-04
2026-07-30 02:18:50,536 - portable_sam_fusion - INFO - Cached validation GT as RLE records: images=627
2026-07-30 02:18:50,539 - portable_sam_fusion - INFO - Validation samples: GT=15926, DT=29347, avg_masks_per_image=46.81, avg_mask_fill=0.0111
creating index...
index created!
Loading and preparing results...
DONE (t=0.04s)
creating index...
index created!
Running per image evaluation...
Evaluate annotation type *bbox*
DONE (t=13.49s).
Accumulating evaluation results...
DONE (t=0.25s).
 Average Precision  (AP) @[ IoU=0.50:0.95 | area=   all | maxDets=100 ] = 0.330
 Average Precision  (AP) @[ IoU=0.50      | area=   all | maxDets=100 ] = 0.681
 Average Precision  (AP) @[ IoU=0.75      | area=   all | maxDets=100 ] = 0.257
 Average Precision  (AP) @[ IoU=0.50:0.95 | area= small | maxDets=100 ] = 0.037
 Average Precision  (AP) @[ IoU=0.50:0.95 | area=medium | maxDets=100 ] = 0.373
 Average Precision  (AP) @[ IoU=0.50:0.95 | area= large | maxDets=100 ] = 0.403
 Average Recall     (AR) @[ IoU=0.50:0.95 | area=   all | maxDets=  1 ] = 0.017
 Average Recall     (AR) @[ IoU=0.50:0.95 | area=   all | maxDets= 10 ] = 0.118
 Average Recall     (AR) @[ IoU=0.50:0.95 | area=   all | maxDets=100 ] = 0.413
 Average Recall     (AR) @[ IoU=0.50:0.95 | area= small | maxDets=100 ] = 0.064
 Average Recall     (AR) @[ IoU=0.50:0.95 | area=medium | maxDets=100 ] = 0.452
 Average Recall     (AR) @[ IoU=0.50:0.95 | area= large | maxDets=100 ] = 0.524
2026-07-30 02:19:04,964 - portable_sam_fusion - INFO - Validation bbox/mAP: 0.3298 bbox/mAP_75: 0.2571
Running per image evaluation...
Evaluate annotation type *segm*
DONE (t=14.24s).
Accumulating evaluation results...
DONE (t=0.24s).
 Average Precision  (AP) @[ IoU=0.50:0.95 | area=   all | maxDets=100 ] = 0.190
 Average Precision  (AP) @[ IoU=0.50      | area=   all | maxDets=100 ] = 0.577
 Average Precision  (AP) @[ IoU=0.75      | area=   all | maxDets=100 ] = 0.034
 Average Precision  (AP) @[ IoU=0.50:0.95 | area= small | maxDets=100 ] = 0.002
 Average Precision  (AP) @[ IoU=0.50:0.95 | area=medium | maxDets=100 ] = 0.189
 Average Precision  (AP) @[ IoU=0.50:0.95 | area= large | maxDets=100 ] = 0.313
 Average Recall     (AR) @[ IoU=0.50:0.95 | area=   all | maxDets=  1 ] = 0.012
 Average Recall     (AR) @[ IoU=0.50:0.95 | area=   all | maxDets= 10 ] = 0.083
 Average Recall     (AR) @[ IoU=0.50:0.95 | area=   all | maxDets=100 ] = 0.257
 Average Recall     (AR) @[ IoU=0.50:0.95 | area= small | maxDets=100 ] = 0.006
 Average Recall     (AR) @[ IoU=0.50:0.95 | area=medium | maxDets=100 ] = 0.245
 Average Recall     (AR) @[ IoU=0.50:0.95 | area= large | maxDets=100 ] = 0.442
2026-07-30 02:19:19,454 - portable_sam_fusion - INFO - Validation segm/mAP: 0.1901
2026-07-30 02:19:20,255 - portable_sam_fusion - INFO - New best segm/mAP: 0.1901
2026-07-30 02:19:20,255 - portable_sam_fusion - INFO - New best bbox/mAP: 0.3298
2026-07-30 02:19:20,255 - portable_sam_fusion - INFO - New best early-stop metric (segm/mAP): raw=0.1901 smooth(5)=0.1901
2026-07-30 02:19:22,856 - portable_sam_fusion - INFO - Saved best_model with segm/mAP: 0.1901
2026-07-30 02:19:25,467 - portable_sam_fusion - INFO - Saved best_bbox_model with bbox/mAP: 0.3298
2026-07-30 02:19:27,585 - portable_sam_fusion - INFO - Epoch 1/80 | train=1.066268 val=disabled segm/mAP=0.1901 bbox/mAP=0.3298 | best_segm=0.1901 best_bbox=0.3298 best_comp=0.0000 | sat_backbone=3.70e-04 mask_decoder=3.70e-04 shape_prior=3.70e-04 quality_head=3.70e-04 sat_other=3.70e-04
2026-07-30 02:19:33,944 - portable_sam_fusion - INFO - [DEBUG-BOX] epoch=2 step=300 fallback_count=0 fallback_ratio=0 num_rois=64 refined_proposal_iou=0 refined_proposal_iou_sum=0 refined_valid_count=0
2026-07-30 02:19:33,945 - portable_sam_fusion - INFO - [DEBUG-COARSE] epoch=2 step=300 bce_raw=0.4787 boundary_fn=1.162e+04 boundary_fp=1.119e+04 boundary_tp=1.74e+04 dice=0.2418 dice_loss_raw=0.2418 iou=0.6206 loss_weight=0.1 raw_boundary_fn=1.162e+04 raw_boundary_fp=1.119e+04 raw_boundary_tp=1.74e+04 raw_dice_score=0.7582 raw_iou=0.6206 weighted_loss=0.07206
2026-07-30 02:19:33,945 - portable_sam_fusion - INFO - [DEBUG-CONTEXT] epoch=2 step=300 enabled=0
2026-07-30 02:19:33,945 - portable_sam_fusion - INFO - [DEBUG-DENSE] epoch=2 step=300 applied_delta_norm=3.355 applied_delta_ratio=0.2873 base_norm=11.68 canvas_max=7.254 canvas_mean=0.009065 canvas_min=-4.494 canvas_nonzero_ratio=0.008787 canvas_std=0.2748 final_norm=12.05 residual_alpha=0.5 shape_norm=13.34 source_delta_norm=6.711 source_delta_ratio=0.5746
2026-07-30 02:19:33,945 - portable_sam_fusion - INFO - [DEBUG-GATE] epoch=2 step=300 shape_dense_alpha_max=0.5 shape_dense_alpha_mean=0.5 shape_dense_alpha_min=0.5
2026-07-30 02:19:33,945 - portable_sam_fusion - INFO - [DEBUG-JITTER] epoch=2 step=300 area_ratio_count=64 area_ratio_mean=1 area_ratio_sum=64 fallback_count=0 mean_iou=1 num_jittered=0 num_rois=64
2026-07-30 02:19:33,945 - portable_sam_fusion - INFO - [DEBUG-SP] epoch=2 step=300 all_invalid_count=0 all_invalid_ratio=0 empty_count=0 empty_ratio=0 full_count=0 full_ratio=0 mean_point_distance=31.39 n1_gt_valid_count=64 n1_in_gt_bg=0.9844 n1_in_gt_bg_count=63 n1_valid_count=64 n1_valid_ratio=1 n2_gt_valid_count=64 n2_in_gt_bg=1 n2_in_gt_bg_count=64 n2_valid_count=64 n2_valid_ratio=1 neg_in_pred_bg=1 neg_in_pred_bg_count=128 negative_pair_count=64 negative_pair_distance_sum=3158 p1_gt_valid_count=64 p1_in_gt_fg=0.9688 p1_in_gt_fg_count=62 p1_valid_count=64 p1_valid_ratio=1 p2_gt_valid_count=64 p2_in_gt_fg=0.9688 p2_in_gt_fg_count=62 p2_valid_count=64 p2_valid_ratio=1 point_distance_sum=4018 point_overlap_count=0 point_overlap_ratio=0 point_pair_count=128 pos_in_pred_fg=1 pos_in_pred_fg_count=128 positive_pair_count=64 positive_pair_distance_sum=860.2 roi_count=64 valid_neg_count=128 valid_pos_count=128 warmup_stage=2
2026-07-30 02:20:36,496 - portable_sam_fusion - INFO - [DEBUG-BOX] epoch=2 step=350 fallback_count=0 fallback_ratio=0 num_rois=64 refined_proposal_iou=0 refined_proposal_iou_sum=0 refined_valid_count=0
2026-07-30 02:20:36,496 - portable_sam_fusion - INFO - [DEBUG-COARSE] epoch=2 step=350 bce_raw=0.3094 boundary_fn=8128 boundary_fp=7209 boundary_tp=1.828e+04 dice=0.1497 dice_loss_raw=0.1497 iou=0.7418 loss_weight=0.1 raw_boundary_fn=8128 raw_boundary_fp=7209 raw_boundary_tp=1.828e+04 raw_dice_score=0.8503 raw_iou=0.7418 weighted_loss=0.0459
2026-07-30 02:20:36,496 - portable_sam_fusion - INFO - [DEBUG-CONTEXT] epoch=2 step=350 enabled=0
2026-07-30 02:20:36,496 - portable_sam_fusion - INFO - [DEBUG-DENSE] epoch=2 step=350 applied_delta_norm=3.043 applied_delta_ratio=0.2605 base_norm=11.68 canvas_max=8 canvas_mean=0.002132 canvas_min=-6.404 canvas_nonzero_ratio=0.008453 canvas_std=0.3092 final_norm=12.02 residual_alpha=0.5 shape_norm=13.16 source_delta_norm=6.085 source_delta_ratio=0.5211
2026-07-30 02:20:36,496 - portable_sam_fusion - INFO - [DEBUG-GATE] epoch=2 step=350 shape_dense_alpha_max=0.5 shape_dense_alpha_mean=0.5 shape_dense_alpha_min=0.5
2026-07-30 02:20:36,496 - portable_sam_fusion - INFO - [DEBUG-JITTER] epoch=2 step=350 area_ratio_count=64 area_ratio_mean=1 area_ratio_sum=64 fallback_count=0 mean_iou=1 num_jittered=0 num_rois=64
2026-07-30 02:20:36,496 - portable_sam_fusion - INFO - [DEBUG-SP] epoch=2 step=350 all_invalid_count=0 all_invalid_ratio=0 empty_count=0 empty_ratio=0 full_count=0 full_ratio=0 mean_point_distance=27.65 n1_gt_valid_count=64 n1_in_gt_bg=0.5469 n1_in_gt_bg_count=35 n1_valid_count=64 n1_valid_ratio=1 n2_gt_valid_count=64 n2_in_gt_bg=0.9688 n2_in_gt_bg_count=62 n2_valid_count=64 n2_valid_ratio=1 neg_in_pred_bg=1 neg_in_pred_bg_count=128 negative_pair_count=64 negative_pair_distance_sum=2505 p1_gt_valid_count=64 p1_in_gt_fg=1 p1_in_gt_fg_count=64 p1_valid_count=64 p1_valid_ratio=1 p2_gt_valid_count=64 p2_in_gt_fg=1 p2_in_gt_fg_count=64 p2_valid_count=64 p2_valid_ratio=1 point_distance_sum=3539 point_overlap_count=0 point_overlap_ratio=0 point_pair_count=128 pos_in_pred_fg=1 pos_in_pred_fg_count=128 positive_pair_count=64 positive_pair_distance_sum=1034 roi_count=64 valid_neg_count=128 valid_pos_count=128 warmup_stage=2
2026-07-30 02:21:44,665 - portable_sam_fusion - INFO - epoch 2 | mini-batch 104/294 | optimizer_step 100/5920 | lr=5.000e-04
2026-07-30 02:21:47,230 - portable_sam_fusion - INFO - [DEBUG-BOX] epoch=2 step=400 fallback_count=0 fallback_ratio=0 num_rois=64 refined_proposal_iou=0 refined_proposal_iou_sum=0 refined_valid_count=0
2026-07-30 02:21:47,231 - portable_sam_fusion - INFO - [DEBUG-COARSE] epoch=2 step=400 bce_raw=0.2642 boundary_fn=6261 boundary_fp=7368 boundary_tp=1.775e+04 dice=0.1284 dice_loss_raw=0.1284 iou=0.7745 loss_weight=0.1 raw_boundary_fn=6261 raw_boundary_fp=7368 raw_boundary_tp=1.775e+04 raw_dice_score=0.8716 raw_iou=0.7745 weighted_loss=0.03927
2026-07-30 02:21:47,231 - portable_sam_fusion - INFO - [DEBUG-CONTEXT] epoch=2 step=400 enabled=0
2026-07-30 02:21:47,231 - portable_sam_fusion - INFO - [DEBUG-DENSE] epoch=2 step=400 applied_delta_norm=3.538 applied_delta_ratio=0.303 base_norm=11.68 canvas_max=6.975 canvas_mean=0.008656 canvas_min=-5.983 canvas_nonzero_ratio=0.008873 canvas_std=0.3017 final_norm=12.1 residual_alpha=0.5 shape_norm=13.5 source_delta_norm=7.077 source_delta_ratio=0.6059
2026-07-30 02:21:47,231 - portable_sam_fusion - INFO - [DEBUG-GATE] epoch=2 step=400 shape_dense_alpha_max=0.5 shape_dense_alpha_mean=0.5 shape_dense_alpha_min=0.5
2026-07-30 02:21:47,231 - portable_sam_fusion - INFO - [DEBUG-JITTER] epoch=2 step=400 area_ratio_count=64 area_ratio_mean=1 area_ratio_sum=64 fallback_count=0 mean_iou=1 num_jittered=0 num_rois=64
2026-07-30 02:21:47,231 - portable_sam_fusion - INFO - [DEBUG-SP] epoch=2 step=400 all_invalid_count=0 all_invalid_ratio=0 empty_count=0 empty_ratio=0 full_count=0 full_ratio=0 mean_point_distance=33.86 n1_gt_valid_count=64 n1_in_gt_bg=0.8281 n1_in_gt_bg_count=53 n1_valid_count=64 n1_valid_ratio=1 n2_gt_valid_count=64 n2_in_gt_bg=0.9531 n2_in_gt_bg_count=61 n2_valid_count=64 n2_valid_ratio=1 neg_in_pred_bg=1 neg_in_pred_bg_count=128 negative_pair_count=64 negative_pair_distance_sum=3394 p1_gt_valid_count=64 p1_in_gt_fg=1 p1_in_gt_fg_count=64 p1_valid_count=64 p1_valid_ratio=1 p2_gt_valid_count=64 p2_in_gt_fg=1 p2_in_gt_fg_count=64 p2_valid_count=64 p2_valid_ratio=1 point_distance_sum=4334 point_overlap_count=0 point_overlap_ratio=0 point_pair_count=128 pos_in_pred_fg=1 pos_in_pred_fg_count=128 positive_pair_count=64 positive_pair_distance_sum=939.3 roi_count=64 valid_neg_count=128 valid_pos_count=128 warmup_stage=2
2026-07-30 02:22:52,494 - portable_sam_fusion - INFO - [DEBUG-BOX] epoch=2 step=450 fallback_count=0 fallback_ratio=0 num_rois=64 refined_proposal_iou=0 refined_proposal_iou_sum=0 refined_valid_count=0
2026-07-30 02:22:52,494 - portable_sam_fusion - INFO - [DEBUG-COARSE] epoch=2 step=450 bce_raw=0.2926 boundary_fn=6184 boundary_fp=7977 boundary_tp=1.77e+04 dice=0.1302 dice_loss_raw=0.1302 iou=0.7728 loss_weight=0.1 raw_boundary_fn=6184 raw_boundary_fp=7977 raw_boundary_tp=1.77e+04 raw_dice_score=0.8698 raw_iou=0.7728 weighted_loss=0.04228
2026-07-30 02:22:52,494 - portable_sam_fusion - INFO - [DEBUG-CONTEXT] epoch=2 step=450 enabled=0
2026-07-30 02:22:52,494 - portable_sam_fusion - INFO - [DEBUG-DENSE] epoch=2 step=450 applied_delta_norm=2.465 applied_delta_ratio=0.211 base_norm=11.68 canvas_max=7.389 canvas_mean=0.00518 canvas_min=-6.474 canvas_nonzero_ratio=0.005616 canvas_std=0.2458 final_norm=11.92 residual_alpha=0.5 shape_norm=12.74 source_delta_norm=4.929 source_delta_ratio=0.4221
2026-07-30 02:22:52,494 - portable_sam_fusion - INFO - [DEBUG-GATE] epoch=2 step=450 shape_dense_alpha_max=0.5 shape_dense_alpha_mean=0.5 shape_dense_alpha_min=0.5
2026-07-30 02:22:52,494 - portable_sam_fusion - INFO - [DEBUG-JITTER] epoch=2 step=450 area_ratio_count=64 area_ratio_mean=1 area_ratio_sum=64 fallback_count=0 mean_iou=1 num_jittered=0 num_rois=64
2026-07-30 02:22:52,494 - portable_sam_fusion - INFO - [DEBUG-SP] epoch=2 step=450 all_invalid_count=0 all_invalid_ratio=0 empty_count=0 empty_ratio=0 full_count=0 full_ratio=0 mean_point_distance=25.93 n1_gt_valid_count=64 n1_in_gt_bg=0.4688 n1_in_gt_bg_count=30 n1_valid_count=64 n1_valid_ratio=1 n2_gt_valid_count=64 n2_in_gt_bg=0.8906 n2_in_gt_bg_count=57 n2_valid_count=64 n2_valid_ratio=1 neg_in_pred_bg=1 neg_in_pred_bg_count=128 negative_pair_count=64 negative_pair_distance_sum=2567 p1_gt_valid_count=64 p1_in_gt_fg=1 p1_in_gt_fg_count=64 p1_valid_count=64 p1_valid_ratio=1 p2_gt_valid_count=64 p2_in_gt_fg=1 p2_in_gt_fg_count=64 p2_valid_count=64 p2_valid_ratio=1 point_distance_sum=3319 point_overlap_count=0 point_overlap_ratio=0 point_pair_count=128 pos_in_pred_fg=1 pos_in_pred_fg_count=128 positive_pair_count=64 positive_pair_distance_sum=751.4 roi_count=64 valid_neg_count=128 valid_pos_count=128 warmup_stage=2
2026-07-30 02:24:02,930 - portable_sam_fusion - INFO - [DEBUG-BOX] epoch=2 step=500 fallback_count=0 fallback_ratio=0 num_rois=64 refined_proposal_iou=0 refined_proposal_iou_sum=0 refined_valid_count=0
2026-07-30 02:24:02,931 - portable_sam_fusion - INFO - [DEBUG-COARSE] epoch=2 step=500 bce_raw=0.5753 boundary_fn=1.185e+04 boundary_fp=1.426e+04 boundary_tp=1.181e+04 dice=0.1884 dice_loss_raw=0.1884 iou=0.6871 loss_weight=0.1 raw_boundary_fn=1.185e+04 raw_boundary_fp=1.426e+04 raw_boundary_tp=1.181e+04 raw_dice_score=0.8116 raw_iou=0.6871 weighted_loss=0.07637
2026-07-30 02:24:02,931 - portable_sam_fusion - INFO - [DEBUG-CONTEXT] epoch=2 step=500 enabled=0
2026-07-30 02:24:02,931 - portable_sam_fusion - INFO - [DEBUG-DENSE] epoch=2 step=500 applied_delta_norm=2.199 applied_delta_ratio=0.1883 base_norm=11.68 canvas_max=8 canvas_mean=-0.0005127 canvas_min=-7.354 canvas_nonzero_ratio=0.006552 canvas_std=0.2916 final_norm=11.94 residual_alpha=0.5 shape_norm=12.71 source_delta_norm=4.399 source_delta_ratio=0.3767
2026-07-30 02:24:02,931 - portable_sam_fusion - INFO - [DEBUG-GATE] epoch=2 step=500 shape_dense_alpha_max=0.5 shape_dense_alpha_mean=0.5 shape_dense_alpha_min=0.5
2026-07-30 02:24:02,931 - portable_sam_fusion - INFO - [DEBUG-JITTER] epoch=2 step=500 area_ratio_count=64 area_ratio_mean=1 area_ratio_sum=64 fallback_count=0 mean_iou=1 num_jittered=0 num_rois=64
2026-07-30 02:24:02,931 - portable_sam_fusion - INFO - [DEBUG-SP] epoch=2 step=500 all_invalid_count=0 all_invalid_ratio=0 empty_count=0 empty_ratio=0 full_count=0 full_ratio=0 mean_point_distance=20.84 n1_gt_valid_count=64 n1_in_gt_bg=0.25 n1_in_gt_bg_count=16 n1_valid_count=64 n1_valid_ratio=1 n2_gt_valid_count=64 n2_in_gt_bg=0.8125 n2_in_gt_bg_count=52 n2_valid_count=64 n2_valid_ratio=1 neg_in_pred_bg=1 neg_in_pred_bg_count=128 negative_pair_count=64 negative_pair_distance_sum=1972 p1_gt_valid_count=64 p1_in_gt_fg=1 p1_in_gt_fg_count=64 p1_valid_count=64 p1_valid_ratio=1 p2_gt_valid_count=64 p2_in_gt_fg=1 p2_in_gt_fg_count=64 p2_valid_count=64 p2_valid_ratio=1 point_distance_sum=2668 point_overlap_count=0 point_overlap_ratio=0 point_pair_count=128 pos_in_pred_fg=1 pos_in_pred_fg_count=128 positive_pair_count=64 positive_pair_distance_sum=695.7 roi_count=64 valid_neg_count=128 valid_pos_count=128 warmup_stage=2
2026-07-30 02:25:09,688 - portable_sam_fusion - INFO - [DEBUG-BOX] epoch=2 step=550 fallback_count=0 fallback_ratio=0 num_rois=64 refined_proposal_iou=0 refined_proposal_iou_sum=0 refined_valid_count=0
2026-07-30 02:25:09,688 - portable_sam_fusion - INFO - [DEBUG-COARSE] epoch=2 step=550 bce_raw=0.2643 boundary_fn=6234 boundary_fp=6798 boundary_tp=1.836e+04 dice=0.1351 dice_loss_raw=0.1351 iou=0.7633 loss_weight=0.1 raw_boundary_fn=6234 raw_boundary_fp=6798 raw_boundary_tp=1.836e+04 raw_dice_score=0.8649 raw_iou=0.7633 weighted_loss=0.03994
2026-07-30 02:25:09,688 - portable_sam_fusion - INFO - [DEBUG-CONTEXT] epoch=2 step=550 enabled=0
2026-07-30 02:25:09,688 - portable_sam_fusion - INFO - [DEBUG-DENSE] epoch=2 step=550 applied_delta_norm=2.559 applied_delta_ratio=0.2191 base_norm=11.68 canvas_max=7.821 canvas_mean=0.004706 canvas_min=-5.745 canvas_nonzero_ratio=0.005612 canvas_std=0.255 final_norm=11.91 residual_alpha=0.5 shape_norm=12.73 source_delta_norm=5.118 source_delta_ratio=0.4382
2026-07-30 02:25:09,688 - portable_sam_fusion - INFO - [DEBUG-GATE] epoch=2 step=550 shape_dense_alpha_max=0.5 shape_dense_alpha_mean=0.5 shape_dense_alpha_min=0.5
2026-07-30 02:25:09,688 - portable_sam_fusion - INFO - [DEBUG-JITTER] epoch=2 step=550 area_ratio_count=64 area_ratio_mean=1 area_ratio_sum=64 fallback_count=0 mean_iou=1 num_jittered=0 num_rois=64
2026-07-30 02:25:09,689 - portable_sam_fusion - INFO - [DEBUG-SP] epoch=2 step=550 all_invalid_count=0 all_invalid_ratio=0 empty_count=0 empty_ratio=0 full_count=0 full_ratio=0 mean_point_distance=19.42 n1_gt_valid_count=64 n1_in_gt_bg=0.6719 n1_in_gt_bg_count=43 n1_valid_count=64 n1_valid_ratio=1 n2_gt_valid_count=64 n2_in_gt_bg=0.9375 n2_in_gt_bg_count=60 n2_valid_count=64 n2_valid_ratio=1 neg_in_pred_bg=1 neg_in_pred_bg_count=128 negative_pair_count=64 negative_pair_distance_sum=1803 p1_gt_valid_count=64 p1_in_gt_fg=1 p1_in_gt_fg_count=64 p1_valid_count=64 p1_valid_ratio=1 p2_gt_valid_count=64 p2_in_gt_fg=1 p2_in_gt_fg_count=64 p2_valid_count=64 p2_valid_ratio=1 point_distance_sum=2485 point_overlap_count=0 point_overlap_ratio=0 point_pair_count=128 pos_in_pred_fg=1 pos_in_pred_fg_count=128 positive_pair_count=64 positive_pair_distance_sum=682.2 roi_count=64 valid_neg_count=128 valid_pos_count=128 warmup_stage=2
2026-07-30 02:26:07,885 - portable_sam_fusion - INFO - Epoch 2 detailed losses: loss_rpn_cls=0.0855, loss_rpn_bbox=0.0289, loss_cls=0.3470, acc=84.8015, loss_bbox=0.2278, loss_mask=0.0045, debug_mask_pos_rois=55.5884, debug_mask_logit_mean=-15.2887, debug_mask_logit_std=3.5986, debug_mask_prob_mean=0.0052, debug_mask_prob_ge05=0.0050, debug_mask_target_fill=0.0051, loss_shape_prior=0.0462, schedule/det_weight=1.0000
2026-07-30 02:26:07,885 - portable_sam_fusion - INFO - Epoch 2 dense residual monitor: alpha=0.500000 source_delta_norm=6.1487 applied_delta_norm=3.0743 source_delta_ratio=0.526499 applied_delta_ratio=0.263249
2026-07-30 02:26:07,885 - portable_sam_fusion - INFO - Epoch 2 primary loss shares: det=93.15% final_mask=0.60% shape=6.24% p2_boundary=0.00%
2026-07-30 02:26:07,885 - portable_sam_fusion - INFO - Epoch 2 schedule: det_loss_weight=1.000 early_stop_start=20 min_delta=0.0005
2026-07-30 02:26:07,885 - portable_sam_fusion - INFO - Epoch 2 learning rates: sat_backbone=5.00e-04, mask_decoder=5.00e-04, shape_prior=5.00e-04, quality_head=5.00e-04, sat_other=5.00e-04
2026-07-30 02:33:32,649 - portable_sam_fusion - INFO - Validation samples: GT=15926, DT=45882, avg_masks_per_image=73.18, avg_mask_fill=0.0125
creating index...
index created!
Loading and preparing results...
DONE (t=0.06s)
creating index...
index created!
Running per image evaluation...
Evaluate annotation type *bbox*
DONE (t=14.80s).
Accumulating evaluation results...
DONE (t=0.39s).
 Average Precision  (AP) @[ IoU=0.50:0.95 | area=   all | maxDets=100 ] = 0.473
 Average Precision  (AP) @[ IoU=0.50      | area=   all | maxDets=100 ] = 0.821
 Average Precision  (AP) @[ IoU=0.75      | area=   all | maxDets=100 ] = 0.511
 Average Precision  (AP) @[ IoU=0.50:0.95 | area= small | maxDets=100 ] = 0.132
 Average Precision  (AP) @[ IoU=0.50:0.95 | area=medium | maxDets=100 ] = 0.526
 Average Precision  (AP) @[ IoU=0.50:0.95 | area= large | maxDets=100 ] = 0.519
 Average Recall     (AR) @[ IoU=0.50:0.95 | area=   all | maxDets=  1 ] = 0.021
 Average Recall     (AR) @[ IoU=0.50:0.95 | area=   all | maxDets= 10 ] = 0.147
 Average Recall     (AR) @[ IoU=0.50:0.95 | area=   all | maxDets=100 ] = 0.556
 Average Recall     (AR) @[ IoU=0.50:0.95 | area= small | maxDets=100 ] = 0.246
 Average Recall     (AR) @[ IoU=0.50:0.95 | area=medium | maxDets=100 ] = 0.606
 Average Recall     (AR) @[ IoU=0.50:0.95 | area= large | maxDets=100 ] = 0.616
2026-07-30 02:33:48,187 - portable_sam_fusion - INFO - Validation bbox/mAP: 0.4729 bbox/mAP_75: 0.5107
Running per image evaluation...
Evaluate annotation type *segm*
DONE (t=15.69s).
Accumulating evaluation results...
DONE (t=0.39s).
 Average Precision  (AP) @[ IoU=0.50:0.95 | area=   all | maxDets=100 ] = 0.344
 Average Precision  (AP) @[ IoU=0.50      | area=   all | maxDets=100 ] = 0.756
 Average Precision  (AP) @[ IoU=0.75      | area=   all | maxDets=100 ] = 0.271
 Average Precision  (AP) @[ IoU=0.50:0.95 | area= small | maxDets=100 ] = 0.020
 Average Precision  (AP) @[ IoU=0.50:0.95 | area=medium | maxDets=100 ] = 0.370
 Average Precision  (AP) @[ IoU=0.50:0.95 | area= large | maxDets=100 ] = 0.473
 Average Recall     (AR) @[ IoU=0.50:0.95 | area=   all | maxDets=  1 ] = 0.017
 Average Recall     (AR) @[ IoU=0.50:0.95 | area=   all | maxDets= 10 ] = 0.119
 Average Recall     (AR) @[ IoU=0.50:0.95 | area=   all | maxDets=100 ] = 0.422
 Average Recall     (AR) @[ IoU=0.50:0.95 | area= small | maxDets=100 ] = 0.061
 Average Recall     (AR) @[ IoU=0.50:0.95 | area=medium | maxDets=100 ] = 0.448
 Average Recall     (AR) @[ IoU=0.50:0.95 | area= large | maxDets=100 ] = 0.578
2026-07-30 02:34:04,312 - portable_sam_fusion - INFO - Validation segm/mAP: 0.3443
2026-07-30 02:34:05,040 - portable_sam_fusion - INFO - New best segm/mAP: 0.3443
2026-07-30 02:34:05,040 - portable_sam_fusion - INFO - New best bbox/mAP: 0.4729
2026-07-30 02:34:05,040 - portable_sam_fusion - INFO - New best early-stop metric (segm/mAP): raw=0.3443 smooth(5)=0.2672
2026-07-30 02:34:07,725 - portable_sam_fusion - INFO - Saved best_model with segm/mAP: 0.3443
2026-07-30 02:34:10,545 - portable_sam_fusion - INFO - Saved best_bbox_model with bbox/mAP: 0.4729
2026-07-30 02:34:16,005 - portable_sam_fusion - INFO - Epoch 2/80 | train=0.739888 val=disabled segm/mAP=0.3443 bbox/mAP=0.4729 | best_segm=0.3443 best_bbox=0.4729 best_comp=0.0000 | sat_backbone=5.00e-04 mask_decoder=5.00e-04 shape_prior=5.00e-04 quality_head=5.00e-04 sat_other=5.00e-04
2026-07-30 02:34:26,851 - portable_sam_fusion - INFO - epoch 3 | mini-batch 8/294 | optimizer_step 150/5920 | lr=4.999e-04
2026-07-30 02:34:31,075 - portable_sam_fusion - INFO - [DEBUG-BOX] epoch=3 step=600 fallback_count=0 fallback_ratio=0 num_rois=64 refined_proposal_iou=0 refined_proposal_iou_sum=0 refined_valid_count=0
2026-07-30 02:34:31,075 - portable_sam_fusion - INFO - [DEBUG-COARSE] epoch=3 step=600 bce_raw=0.3535 boundary_fn=6376 boundary_fp=7049 boundary_tp=1.754e+04 dice=0.1511 dice_loss_raw=0.1511 iou=0.7444 loss_weight=0.1 raw_boundary_fn=6376 raw_boundary_fp=7049 raw_boundary_tp=1.754e+04 raw_dice_score=0.8489 raw_iou=0.7444 weighted_loss=0.05046
2026-07-30 02:34:31,075 - portable_sam_fusion - INFO - [DEBUG-CONTEXT] epoch=3 step=600 enabled=0
2026-07-30 02:34:31,075 - portable_sam_fusion - INFO - [DEBUG-DENSE] epoch=3 step=600 applied_delta_norm=2.832 applied_delta_ratio=0.2425 base_norm=11.68 canvas_max=7.703 canvas_mean=0.003734 canvas_min=-6.217 canvas_nonzero_ratio=0.007154 canvas_std=0.2892 final_norm=11.99 residual_alpha=0.5 shape_norm=13.02 source_delta_norm=5.664 source_delta_ratio=0.485
2026-07-30 02:34:31,075 - portable_sam_fusion - INFO - [DEBUG-GATE] epoch=3 step=600 shape_dense_alpha_max=0.5 shape_dense_alpha_mean=0.5 shape_dense_alpha_min=0.5
2026-07-30 02:34:31,075 - portable_sam_fusion - INFO - [DEBUG-JITTER] epoch=3 step=600 area_ratio_count=64 area_ratio_mean=1 area_ratio_sum=64 fallback_count=0 mean_iou=1 num_jittered=0 num_rois=64
2026-07-30 02:34:31,075 - portable_sam_fusion - INFO - [DEBUG-SP] epoch=3 step=600 all_invalid_count=0 all_invalid_ratio=0 empty_count=0 empty_ratio=0 full_count=0 full_ratio=0 mean_point_distance=24.61 n1_gt_valid_count=64 n1_in_gt_bg=0.5781 n1_in_gt_bg_count=37 n1_valid_count=64 n1_valid_ratio=1 n2_gt_valid_count=64 n2_in_gt_bg=0.8906 n2_in_gt_bg_count=57 n2_valid_count=64 n2_valid_ratio=1 neg_in_pred_bg=1 neg_in_pred_bg_count=128 negative_pair_count=64 negative_pair_distance_sum=2211 p1_gt_valid_count=64 p1_in_gt_fg=1 p1_in_gt_fg_count=64 p1_valid_count=64 p1_valid_ratio=1 p2_gt_valid_count=64 p2_in_gt_fg=1 p2_in_gt_fg_count=64 p2_valid_count=64 p2_valid_ratio=1 point_distance_sum=3150 point_overlap_count=0 point_overlap_ratio=0 point_pair_count=128 pos_in_pred_fg=1 pos_in_pred_fg_count=128 positive_pair_count=64 positive_pair_distance_sum=938.9 roi_count=64 valid_neg_count=128 valid_pos_count=128 warmup_stage=2
2026-07-30 02:35:27,017 - portable_sam_fusion - INFO - [DEBUG-BOX] epoch=3 step=650 fallback_count=0 fallback_ratio=0 num_rois=0 refined_proposal_iou=0 refined_proposal_iou_sum=0 refined_valid_count=0
2026-07-30 02:35:27,017 - portable_sam_fusion - INFO - [DEBUG-COARSE] epoch=3 step=650 boundary_fn=0 boundary_fp=0 boundary_tp=0 dice=0 iou=0
2026-07-30 02:35:27,018 - portable_sam_fusion - INFO - [DEBUG-CONTEXT] epoch=3 step=650 enabled=0
2026-07-30 02:35:27,018 - portable_sam_fusion - INFO - [DEBUG-DENSE] epoch=3 step=650 applied_delta_norm=2.554 applied_delta_ratio=0.2187 base_norm=11.68 canvas_max=7.763 canvas_mean=0.003824 canvas_min=-7.041 canvas_nonzero_ratio=0.00817 canvas_std=0.3327 final_norm=12.01 residual_alpha=0.5 shape_norm=13 source_delta_norm=5.107 source_delta_ratio=0.4373
2026-07-30 02:35:27,018 - portable_sam_fusion - INFO - [DEBUG-GATE] epoch=3 step=650 shape_dense_alpha_max=0.5 shape_dense_alpha_mean=0.5 shape_dense_alpha_min=0.5
2026-07-30 02:35:27,018 - portable_sam_fusion - INFO - [DEBUG-JITTER] epoch=3 step=650 area_ratio_count=0 area_ratio_mean=0 area_ratio_sum=0 fallback_count=0 mean_iou=0 num_jittered=0 num_rois=0
2026-07-30 02:35:27,018 - portable_sam_fusion - INFO - [DEBUG-SP] epoch=3 step=650 all_invalid_count=0 all_invalid_ratio=0 empty_count=0 empty_ratio=0 full_count=0 full_ratio=0 mean_point_distance=26.25 n1_gt_valid_count=64 n1_in_gt_bg=0.6406 n1_in_gt_bg_count=41 n1_valid_count=64 n1_valid_ratio=1 n2_gt_valid_count=64 n2_in_gt_bg=0.9844 n2_in_gt_bg_count=63 n2_valid_count=64 n2_valid_ratio=1 neg_in_pred_bg=1 neg_in_pred_bg_count=128 negative_pair_count=64 negative_pair_distance_sum=2618 p1_gt_valid_count=64 p1_in_gt_fg=1 p1_in_gt_fg_count=64 p1_valid_count=64 p1_valid_ratio=1 p2_gt_valid_count=64 p2_in_gt_fg=1 p2_in_gt_fg_count=64 p2_valid_count=64 p2_valid_ratio=1 point_distance_sum=3360 point_overlap_count=0 point_overlap_ratio=0 point_pair_count=128 pos_in_pred_fg=1 pos_in_pred_fg_count=128 positive_pair_count=64 positive_pair_distance_sum=742.6 roi_count=64 valid_neg_count=128 valid_pos_count=128 warmup_stage=2
2026-07-30 02:36:19,912 - portable_sam_fusion - INFO - [DEBUG-BOX] epoch=3 step=700 fallback_count=0 fallback_ratio=0 num_rois=0 refined_proposal_iou=0 refined_proposal_iou_sum=0 refined_valid_count=0
2026-07-30 02:36:19,912 - portable_sam_fusion - INFO - [DEBUG-COARSE] epoch=3 step=700 boundary_fn=0 boundary_fp=0 boundary_tp=0 dice=0 iou=0
2026-07-30 02:36:19,912 - portable_sam_fusion - INFO - [DEBUG-CONTEXT] epoch=3 step=700 enabled=0
2026-07-30 02:36:19,912 - portable_sam_fusion - INFO - [DEBUG-DENSE] epoch=3 step=700 applied_delta_norm=2.381 applied_delta_ratio=0.2039 base_norm=11.68 canvas_max=7.416 canvas_mean=0.003278 canvas_min=-6.029 canvas_nonzero_ratio=0.004836 canvas_std=0.2428 final_norm=11.89 residual_alpha=0.5 shape_norm=12.64 source_delta_norm=4.763 source_delta_ratio=0.4078
2026-07-30 02:36:19,912 - portable_sam_fusion - INFO - [DEBUG-GATE] epoch=3 step=700 shape_dense_alpha_max=0.5 shape_dense_alpha_mean=0.5 shape_dense_alpha_min=0.5
2026-07-30 02:36:19,912 - portable_sam_fusion - INFO - [DEBUG-JITTER] epoch=3 step=700 area_ratio_count=0 area_ratio_mean=0 area_ratio_sum=0 fallback_count=0 mean_iou=0 num_jittered=0 num_rois=0
2026-07-30 02:36:19,912 - portable_sam_fusion - INFO - [DEBUG-SP] epoch=3 step=700 all_invalid_count=0 all_invalid_ratio=0 empty_count=0 empty_ratio=0 full_count=0 full_ratio=0 mean_point_distance=17.75 n1_gt_valid_count=64 n1_in_gt_bg=0.9531 n1_in_gt_bg_count=61 n1_valid_count=64 n1_valid_ratio=1 n2_gt_valid_count=64 n2_in_gt_bg=0.9844 n2_in_gt_bg_count=63 n2_valid_count=64 n2_valid_ratio=1 neg_in_pred_bg=1 neg_in_pred_bg_count=128 negative_pair_count=64 negative_pair_distance_sum=1731 p1_gt_valid_count=64 p1_in_gt_fg=1 p1_in_gt_fg_count=64 p1_valid_count=64 p1_valid_ratio=1 p2_gt_valid_count=64 p2_in_gt_fg=0.9844 p2_in_gt_fg_count=63 p2_valid_count=64 p2_valid_ratio=1 point_distance_sum=2272 point_overlap_count=0 point_overlap_ratio=0 point_pair_count=128 pos_in_pred_fg=1 pos_in_pred_fg_count=128 positive_pair_count=64 positive_pair_distance_sum=540.8 roi_count=64 valid_neg_count=128 valid_pos_count=128 warmup_stage=2
2026-07-30 02:37:14,739 - portable_sam_fusion - INFO - [DEBUG-BOX] epoch=3 step=750 fallback_count=0 fallback_ratio=0 num_rois=64 refined_proposal_iou=0 refined_proposal_iou_sum=0 refined_valid_count=0
2026-07-30 02:37:14,739 - portable_sam_fusion - INFO - [DEBUG-COARSE] epoch=3 step=750 bce_raw=0.274 boundary_fn=5427 boundary_fp=5012 boundary_tp=1.844e+04 dice=0.1197 dice_loss_raw=0.1197 iou=0.7896 loss_weight=0.1 raw_boundary_fn=5427 raw_boundary_fp=5012 raw_boundary_tp=1.844e+04 raw_dice_score=0.8803 raw_iou=0.7896 weighted_loss=0.03937
2026-07-30 02:37:14,739 - portable_sam_fusion - INFO - [DEBUG-CONTEXT] epoch=3 step=750 enabled=0
2026-07-30 02:37:14,740 - portable_sam_fusion - INFO - [DEBUG-DENSE] epoch=3 step=750 applied_delta_norm=2.298 applied_delta_ratio=0.1968 base_norm=11.68 canvas_max=8 canvas_mean=0.003665 canvas_min=-6.087 canvas_nonzero_ratio=0.005152 canvas_std=0.2674 final_norm=11.89 residual_alpha=0.5 shape_norm=12.62 source_delta_norm=4.596 source_delta_ratio=0.3936
2026-07-30 02:37:14,740 - portable_sam_fusion - INFO - [DEBUG-GATE] epoch=3 step=750 shape_dense_alpha_max=0.5 shape_dense_alpha_mean=0.5 shape_dense_alpha_min=0.5
2026-07-30 02:37:14,740 - portable_sam_fusion - INFO - [DEBUG-JITTER] epoch=3 step=750 area_ratio_count=64 area_ratio_mean=1 area_ratio_sum=64 fallback_count=0 mean_iou=1 num_jittered=0 num_rois=64
2026-07-30 02:37:14,740 - portable_sam_fusion - INFO - [DEBUG-SP] epoch=3 step=750 all_invalid_count=0 all_invalid_ratio=0 empty_count=0 empty_ratio=0 full_count=0 full_ratio=0 mean_point_distance=25.04 n1_gt_valid_count=64 n1_in_gt_bg=0.6719 n1_in_gt_bg_count=43 n1_valid_count=64 n1_valid_ratio=1 n2_gt_valid_count=64 n2_in_gt_bg=0.9062 n2_in_gt_bg_count=58 n2_valid_count=64 n2_valid_ratio=1 neg_in_pred_bg=1 neg_in_pred_bg_count=128 negative_pair_count=64 negative_pair_distance_sum=2314 p1_gt_valid_count=64 p1_in_gt_fg=1 p1_in_gt_fg_count=64 p1_valid_count=64 p1_valid_ratio=1 p2_gt_valid_count=64 p2_in_gt_fg=1 p2_in_gt_fg_count=64 p2_valid_count=64 p2_valid_ratio=1 point_distance_sum=3205 point_overlap_count=0 point_overlap_ratio=0 point_pair_count=128 pos_in_pred_fg=1 pos_in_pred_fg_count=128 positive_pair_count=64 positive_pair_distance_sum=890.5 roi_count=64 valid_neg_count=128 valid_pos_count=128 warmup_stage=2
2026-07-30 02:38:12,674 - portable_sam_fusion - INFO - epoch 3 | mini-batch 208/294 | optimizer_step 200/5920 | lr=4.996e-04
2026-07-30 02:38:16,549 - portable_sam_fusion - INFO - [DEBUG-BOX] epoch=3 step=800 fallback_count=0 fallback_ratio=0 num_rois=64 refined_proposal_iou=0 refined_proposal_iou_sum=0 refined_valid_count=0
2026-07-30 02:38:16,550 - portable_sam_fusion - INFO - [DEBUG-COARSE] epoch=3 step=800 bce_raw=0.2508 boundary_fn=5784 boundary_fp=5912 boundary_tp=1.949e+04 dice=0.1151 dice_loss_raw=0.1151 iou=0.7979 loss_weight=0.1 raw_boundary_fn=5784 raw_boundary_fp=5912 raw_boundary_tp=1.949e+04 raw_dice_score=0.8849 raw_iou=0.7979 weighted_loss=0.03659
2026-07-30 02:38:16,550 - portable_sam_fusion - INFO - [DEBUG-CONTEXT] epoch=3 step=800 enabled=0
2026-07-30 02:38:16,550 - portable_sam_fusion - INFO - [DEBUG-DENSE] epoch=3 step=800 applied_delta_norm=4.615 applied_delta_ratio=0.3952 base_norm=11.68 canvas_max=8 canvas_mean=0.03039 canvas_min=-5.271 canvas_nonzero_ratio=0.0202 canvas_std=0.4577 final_norm=12.58 residual_alpha=0.5 shape_norm=15.04 source_delta_norm=9.23 source_delta_ratio=0.7903
2026-07-30 02:38:16,550 - portable_sam_fusion - INFO - [DEBUG-GATE] epoch=3 step=800 shape_dense_alpha_max=0.5 shape_dense_alpha_mean=0.5 shape_dense_alpha_min=0.5
2026-07-30 02:38:16,550 - portable_sam_fusion - INFO - [DEBUG-JITTER] epoch=3 step=800 area_ratio_count=64 area_ratio_mean=1 area_ratio_sum=64 fallback_count=0 mean_iou=1 num_jittered=0 num_rois=64
2026-07-30 02:38:16,550 - portable_sam_fusion - INFO - [DEBUG-SP] epoch=3 step=800 all_invalid_count=0 all_invalid_ratio=0 empty_count=0 empty_ratio=0 full_count=0 full_ratio=0 mean_point_distance=41.43 n1_gt_valid_count=64 n1_in_gt_bg=0.9062 n1_in_gt_bg_count=58 n1_valid_count=64 n1_valid_ratio=1 n2_gt_valid_count=64 n2_in_gt_bg=0.9531 n2_in_gt_bg_count=61 n2_valid_count=64 n2_valid_ratio=1 neg_in_pred_bg=1 neg_in_pred_bg_count=128 negative_pair_count=64 negative_pair_distance_sum=4069 p1_gt_valid_count=64 p1_in_gt_fg=1 p1_in_gt_fg_count=64 p1_valid_count=64 p1_valid_ratio=1 p2_gt_valid_count=64 p2_in_gt_fg=1 p2_in_gt_fg_count=64 p2_valid_count=64 p2_valid_ratio=1 point_distance_sum=5303 point_overlap_count=0 point_overlap_ratio=0 point_pair_count=128 pos_in_pred_fg=1 pos_in_pred_fg_count=128 positive_pair_count=64 positive_pair_distance_sum=1234 roi_count=64 valid_neg_count=128 valid_pos_count=128 warmup_stage=2
2026-07-30 02:39:14,472 - portable_sam_fusion - INFO - [DEBUG-BOX] epoch=3 step=850 fallback_count=0 fallback_ratio=0 num_rois=0 refined_proposal_iou=0 refined_proposal_iou_sum=0 refined_valid_count=0
2026-07-30 02:39:14,472 - portable_sam_fusion - INFO - [DEBUG-COARSE] epoch=3 step=850 boundary_fn=0 boundary_fp=0 boundary_tp=0 dice=0 iou=0
2026-07-30 02:39:14,472 - portable_sam_fusion - INFO - [DEBUG-CONTEXT] epoch=3 step=850 enabled=0
2026-07-30 02:39:14,473 - portable_sam_fusion - INFO - [DEBUG-DENSE] epoch=3 step=850 applied_delta_norm=2.037 applied_delta_ratio=0.1744 base_norm=11.68 canvas_max=8 canvas_mean=0.003128 canvas_min=-6.201 canvas_nonzero_ratio=0.004125 canvas_std=0.2563 final_norm=11.84 residual_alpha=0.5 shape_norm=12.41 source_delta_norm=4.074 source_delta_ratio=0.3489
2026-07-30 02:39:14,473 - portable_sam_fusion - INFO - [DEBUG-GATE] epoch=3 step=850 shape_dense_alpha_max=0.5 shape_dense_alpha_mean=0.5 shape_dense_alpha_min=0.5
2026-07-30 02:39:14,473 - portable_sam_fusion - INFO - [DEBUG-JITTER] epoch=3 step=850 area_ratio_count=0 area_ratio_mean=0 area_ratio_sum=0 fallback_count=0 mean_iou=0 num_jittered=0 num_rois=0
2026-07-30 02:39:14,473 - portable_sam_fusion - INFO - [DEBUG-SP] epoch=3 step=850 all_invalid_count=0 all_invalid_ratio=0 empty_count=0 empty_ratio=0 full_count=0 full_ratio=0 mean_point_distance=19.75 n1_gt_valid_count=64 n1_in_gt_bg=0.5 n1_in_gt_bg_count=32 n1_valid_count=64 n1_valid_ratio=1 n2_gt_valid_count=64 n2_in_gt_bg=0.9531 n2_in_gt_bg_count=61 n2_valid_count=64 n2_valid_ratio=1 neg_in_pred_bg=1 neg_in_pred_bg_count=128 negative_pair_count=64 negative_pair_distance_sum=1924 p1_gt_valid_count=64 p1_in_gt_fg=1 p1_in_gt_fg_count=64 p1_valid_count=64 p1_valid_ratio=1 p2_gt_valid_count=64 p2_in_gt_fg=1 p2_in_gt_fg_count=64 p2_valid_count=64 p2_valid_ratio=1 point_distance_sum=2528 point_overlap_count=0 point_overlap_ratio=0 point_pair_count=128 pos_in_pred_fg=1 pos_in_pred_fg_count=128 positive_pair_count=64 positive_pair_distance_sum=604.3 roi_count=64 valid_neg_count=128 valid_pos_count=128 warmup_stage=2
2026-07-30 02:40:13,847 - portable_sam_fusion - INFO - Epoch 3 detailed losses: loss_rpn_cls=0.0544, loss_rpn_bbox=0.0220, loss_cls=0.3156, acc=86.5317, loss_bbox=0.1904, loss_mask=0.0029, debug_mask_pos_rois=56.3401, debug_mask_logit_mean=-16.1638, debug_mask_logit_std=3.4985, debug_mask_prob_mean=0.0047, debug_mask_prob_ge05=0.0046, debug_mask_target_fill=0.0046, loss_shape_prior=0.0387, schedule/det_weight=1.0000
2026-07-30 02:40:13,847 - portable_sam_fusion - INFO - Epoch 3 dense residual monitor: alpha=0.500000 source_delta_norm=6.0143 applied_delta_norm=3.0072 source_delta_ratio=0.514996 applied_delta_ratio=0.257498
2026-07-30 02:40:13,847 - portable_sam_fusion - INFO - Epoch 3 primary loss shares: det=93.34% final_mask=0.46% shape=6.20% p2_boundary=0.00%
2026-07-30 02:40:13,847 - portable_sam_fusion - INFO - Epoch 3 schedule: det_loss_weight=1.000 early_stop_start=20 min_delta=0.0005
2026-07-30 02:40:13,847 - portable_sam_fusion - INFO - Epoch 3 learning rates: sat_backbone=4.99e-04, mask_decoder=4.99e-04, shape_prior=4.99e-04, quality_head=4.99e-04, sat_other=4.99e-04
2026-07-30 02:46:45,751 - portable_sam_fusion - INFO - Validation samples: GT=15926, DT=32054, avg_masks_per_image=51.12, avg_mask_fill=0.0088
creating index...
index created!
Loading and preparing results...
DONE (t=0.05s)
creating index...
index created!
Running per image evaluation...
Evaluate annotation type *bbox*
DONE (t=13.11s).
Accumulating evaluation results...
DONE (t=0.30s).
 Average Precision  (AP) @[ IoU=0.50:0.95 | area=   all | maxDets=100 ] = 0.525
 Average Precision  (AP) @[ IoU=0.50      | area=   all | maxDets=100 ] = 0.845
 Average Precision  (AP) @[ IoU=0.75      | area=   all | maxDets=100 ] = 0.606
 Average Precision  (AP) @[ IoU=0.50:0.95 | area= small | maxDets=100 ] = 0.185
 Average Precision  (AP) @[ IoU=0.50:0.95 | area=medium | maxDets=100 ] = 0.588
 Average Precision  (AP) @[ IoU=0.50:0.95 | area= large | maxDets=100 ] = 0.541
 Average Recall     (AR) @[ IoU=0.50:0.95 | area=   all | maxDets=  1 ] = 0.021
 Average Recall     (AR) @[ IoU=0.50:0.95 | area=   all | maxDets= 10 ] = 0.158
 Average Recall     (AR) @[ IoU=0.50:0.95 | area=   all | maxDets=100 ] = 0.617
 Average Recall     (AR) @[ IoU=0.50:0.95 | area= small | maxDets=100 ] = 0.352
 Average Recall     (AR) @[ IoU=0.50:0.95 | area=medium | maxDets=100 ] = 0.669
 Average Recall     (AR) @[ IoU=0.50:0.95 | area= large | maxDets=100 ] = 0.641
2026-07-30 02:47:00,130 - portable_sam_fusion - INFO - Validation bbox/mAP: 0.5246 bbox/mAP_75: 0.6060
Running per image evaluation...
Evaluate annotation type *segm*
DONE (t=14.61s).
Accumulating evaluation results...
DONE (t=0.29s).
 Average Precision  (AP) @[ IoU=0.50:0.95 | area=   all | maxDets=100 ] = 0.383
 Average Precision  (AP) @[ IoU=0.50      | area=   all | maxDets=100 ] = 0.775
 Average Precision  (AP) @[ IoU=0.75      | area=   all | maxDets=100 ] = 0.360
 Average Precision  (AP) @[ IoU=0.50:0.95 | area= small | maxDets=100 ] = 0.032
 Average Precision  (AP) @[ IoU=0.50:0.95 | area=medium | maxDets=100 ] = 0.399
 Average Precision  (AP) @[ IoU=0.50:0.95 | area= large | maxDets=100 ] = 0.589
 Average Recall     (AR) @[ IoU=0.50:0.95 | area=   all | maxDets=  1 ] = 0.020
 Average Recall     (AR) @[ IoU=0.50:0.95 | area=   all | maxDets= 10 ] = 0.134
 Average Recall     (AR) @[ IoU=0.50:0.95 | area=   all | maxDets=100 ] = 0.468
 Average Recall     (AR) @[ IoU=0.50:0.95 | area= small | maxDets=100 ] = 0.094
 Average Recall     (AR) @[ IoU=0.50:0.95 | area=medium | maxDets=100 ] = 0.477
 Average Recall     (AR) @[ IoU=0.50:0.95 | area= large | maxDets=100 ] = 0.675
2026-07-30 02:47:15,099 - portable_sam_fusion - INFO - Validation segm/mAP: 0.3825
2026-07-30 02:47:15,713 - portable_sam_fusion - INFO - New best segm/mAP: 0.3825
2026-07-30 02:47:15,714 - portable_sam_fusion - INFO - New best bbox/mAP: 0.5246
2026-07-30 02:47:15,714 - portable_sam_fusion - INFO - New best early-stop metric (segm/mAP): raw=0.3825 smooth(5)=0.3057
2026-07-30 02:47:18,367 - portable_sam_fusion - INFO - Saved best_model with segm/mAP: 0.3825
2026-07-30 02:47:21,205 - portable_sam_fusion - INFO - Saved best_bbox_model with bbox/mAP: 0.5246
2026-07-30 02:47:26,824 - portable_sam_fusion - INFO - Epoch 3/80 | train=0.623907 val=disabled segm/mAP=0.3825 bbox/mAP=0.5246 | best_segm=0.3825 best_bbox=0.5246 best_comp=0.0000 | sat_backbone=4.99e-04 mask_decoder=4.99e-04 shape_prior=4.99e-04 quality_head=4.99e-04 sat_other=4.99e-04
2026-07-30 02:47:48,935 - portable_sam_fusion - INFO - [DEBUG-BOX] epoch=4 step=900 fallback_count=0 fallback_ratio=0 num_rois=64 refined_proposal_iou=0 refined_proposal_iou_sum=0 refined_valid_count=0
2026-07-30 02:47:48,935 - portable_sam_fusion - INFO - [DEBUG-COARSE] epoch=4 step=900 bce_raw=0.2689 boundary_fn=5845 boundary_fp=5479 boundary_tp=2.171e+04 dice=0.1379 dice_loss_raw=0.1379 iou=0.7609 loss_weight=0.1 raw_boundary_fn=5845 raw_boundary_fp=5479 raw_boundary_tp=2.171e+04 raw_dice_score=0.8621 raw_iou=0.7609 weighted_loss=0.04068
2026-07-30 02:47:48,935 - portable_sam_fusion - INFO - [DEBUG-CONTEXT] epoch=4 step=900 enabled=0
2026-07-30 02:47:48,935 - portable_sam_fusion - INFO - [DEBUG-DENSE] epoch=4 step=900 applied_delta_norm=2.907 applied_delta_ratio=0.2489 base_norm=11.68 canvas_max=8 canvas_mean=-0.0004869 canvas_min=-7.927 canvas_nonzero_ratio=0.007597 canvas_std=0.3681 final_norm=11.99 residual_alpha=0.5 shape_norm=13.06 source_delta_norm=5.814 source_delta_ratio=0.4978
2026-07-30 02:47:48,935 - portable_sam_fusion - INFO - [DEBUG-GATE] epoch=4 step=900 shape_dense_alpha_max=0.5 shape_dense_alpha_mean=0.5 shape_dense_alpha_min=0.5
2026-07-30 02:47:48,935 - portable_sam_fusion - INFO - [DEBUG-JITTER] epoch=4 step=900 area_ratio_count=64 area_ratio_mean=1 area_ratio_sum=64 fallback_count=0 mean_iou=1 num_jittered=0 num_rois=64
2026-07-30 02:47:48,935 - portable_sam_fusion - INFO - [DEBUG-SP] epoch=4 step=900 all_invalid_count=0 all_invalid_ratio=0 empty_count=0 empty_ratio=0 full_count=0 full_ratio=0 mean_point_distance=27.88 n1_gt_valid_count=64 n1_in_gt_bg=0.8125 n1_in_gt_bg_count=52 n1_valid_count=64 n1_valid_ratio=1 n2_gt_valid_count=64 n2_in_gt_bg=1 n2_in_gt_bg_count=64 n2_valid_count=64 n2_valid_ratio=1 neg_in_pred_bg=1 neg_in_pred_bg_count=128 negative_pair_count=64 negative_pair_distance_sum=2695 p1_gt_valid_count=64 p1_in_gt_fg=1 p1_in_gt_fg_count=64 p1_valid_count=64 p1_valid_ratio=1 p2_gt_valid_count=64 p2_in_gt_fg=0.9844 p2_in_gt_fg_count=63 p2_valid_count=64 p2_valid_ratio=1 point_distance_sum=3569 point_overlap_count=0 point_overlap_ratio=0 point_pair_count=128 pos_in_pred_fg=1 pos_in_pred_fg_count=128 positive_pair_count=64 positive_pair_distance_sum=873.8 roi_count=64 valid_neg_count=128 valid_pos_count=128 warmup_stage=2
2026-07-30 02:48:43,970 - portable_sam_fusion - INFO - [DEBUG-BOX] epoch=4 step=950 fallback_count=0 fallback_ratio=0 num_rois=64 refined_proposal_iou=0 refined_proposal_iou_sum=0 refined_valid_count=0
2026-07-30 02:48:43,971 - portable_sam_fusion - INFO - [DEBUG-COARSE] epoch=4 step=950 bce_raw=0.2307 boundary_fn=5798 boundary_fp=4729 boundary_tp=2.092e+04 dice=0.1122 dice_loss_raw=0.1122 iou=0.8013 loss_weight=0.1 raw_boundary_fn=5798 raw_boundary_fp=4729 raw_boundary_tp=2.092e+04 raw_dice_score=0.8878 raw_iou=0.8013 weighted_loss=0.0343
2026-07-30 02:48:43,971 - portable_sam_fusion - INFO - [DEBUG-CONTEXT] epoch=4 step=950 enabled=0
2026-07-30 02:48:43,971 - portable_sam_fusion - INFO - [DEBUG-DENSE] epoch=4 step=950 applied_delta_norm=3.849 applied_delta_ratio=0.3295 base_norm=11.68 canvas_max=8 canvas_mean=0.008838 canvas_min=-7.23 canvas_nonzero_ratio=0.01082 canvas_std=0.4176 final_norm=12.17 residual_alpha=0.5 shape_norm=13.8 source_delta_norm=7.697 source_delta_ratio=0.6591
2026-07-30 02:48:43,971 - portable_sam_fusion - INFO - [DEBUG-GATE] epoch=4 step=950 shape_dense_alpha_max=0.5 shape_dense_alpha_mean=0.5 shape_dense_alpha_min=0.5
2026-07-30 02:48:43,971 - portable_sam_fusion - INFO - [DEBUG-JITTER] epoch=4 step=950 area_ratio_count=64 area_ratio_mean=1 area_ratio_sum=64 fallback_count=0 mean_iou=1 num_jittered=0 num_rois=64
2026-07-30 02:48:43,971 - portable_sam_fusion - INFO - [DEBUG-SP] epoch=4 step=950 all_invalid_count=0 all_invalid_ratio=0 empty_count=0 empty_ratio=0 full_count=0 full_ratio=0 mean_point_distance=38.68 n1_gt_valid_count=64 n1_in_gt_bg=0.8125 n1_in_gt_bg_count=52 n1_valid_count=64 n1_valid_ratio=1 n2_gt_valid_count=64 n2_in_gt_bg=1 n2_in_gt_bg_count=64 n2_valid_count=64 n2_valid_ratio=1 neg_in_pred_bg=1 neg_in_pred_bg_count=128 negative_pair_count=64 negative_pair_distance_sum=3959 p1_gt_valid_count=64 p1_in_gt_fg=1 p1_in_gt_fg_count=64 p1_valid_count=64 p1_valid_ratio=1 p2_gt_valid_count=64 p2_in_gt_fg=1 p2_in_gt_fg_count=64 p2_valid_count=64 p2_valid_ratio=1 point_distance_sum=4951 point_overlap_count=0 point_overlap_ratio=0 point_pair_count=128 pos_in_pred_fg=1 pos_in_pred_fg_count=128 positive_pair_count=64 positive_pair_distance_sum=992.4 roi_count=64 valid_neg_count=128 valid_pos_count=128 warmup_stage=2
2026-07-30 02:49:40,526 - portable_sam_fusion - INFO - epoch 4 | mini-batch 112/294 | optimizer_step 250/5920 | lr=4.992e-04
2026-07-30 02:49:48,021 - portable_sam_fusion - INFO - [DEBUG-BOX] epoch=4 step=1000 fallback_count=0 fallback_ratio=0 num_rois=64 refined_proposal_iou=0 refined_proposal_iou_sum=0 refined_valid_count=0
2026-07-30 02:49:48,021 - portable_sam_fusion - INFO - [DEBUG-COARSE] epoch=4 step=1000 bce_raw=0.2808 boundary_fn=6747 boundary_fp=5662 boundary_tp=2.118e+04 dice=0.1546 dice_loss_raw=0.1546 iou=0.7383 loss_weight=0.1 raw_boundary_fn=6747 raw_boundary_fp=5662 raw_boundary_tp=2.118e+04 raw_dice_score=0.8454 raw_iou=0.7383 weighted_loss=0.04354
2026-07-30 02:49:48,021 - portable_sam_fusion - INFO - [DEBUG-CONTEXT] epoch=4 step=1000 enabled=0
2026-07-30 02:49:48,021 - portable_sam_fusion - INFO - [DEBUG-DENSE] epoch=4 step=1000 applied_delta_norm=2.745 applied_delta_ratio=0.2351 base_norm=11.68 canvas_max=8 canvas_mean=0.0009336 canvas_min=-7.792 canvas_nonzero_ratio=0.007385 canvas_std=0.3646 final_norm=11.98 residual_alpha=0.5 shape_norm=12.98 source_delta_norm=5.491 source_delta_ratio=0.4702
2026-07-30 02:49:48,021 - portable_sam_fusion - INFO - [DEBUG-GATE] epoch=4 step=1000 shape_dense_alpha_max=0.5 shape_dense_alpha_mean=0.5 shape_dense_alpha_min=0.5
2026-07-30 02:49:48,021 - portable_sam_fusion - INFO - [DEBUG-JITTER] epoch=4 step=1000 area_ratio_count=64 area_ratio_mean=1 area_ratio_sum=64 fallback_count=0 mean_iou=1 num_jittered=0 num_rois=64
2026-07-30 02:49:48,021 - portable_sam_fusion - INFO - [DEBUG-SP] epoch=4 step=1000 all_invalid_count=0 all_invalid_ratio=0 empty_count=0 empty_ratio=0 full_count=0 full_ratio=0 mean_point_distance=27.6 n1_gt_valid_count=64 n1_in_gt_bg=0.875 n1_in_gt_bg_count=56 n1_valid_count=64 n1_valid_ratio=1 n2_gt_valid_count=64 n2_in_gt_bg=1 n2_in_gt_bg_count=64 n2_valid_count=64 n2_valid_ratio=1 neg_in_pred_bg=1 neg_in_pred_bg_count=128 negative_pair_count=64 negative_pair_distance_sum=2730 p1_gt_valid_count=64 p1_in_gt_fg=1 p1_in_gt_fg_count=64 p1_valid_count=64 p1_valid_ratio=1 p2_gt_valid_count=64 p2_in_gt_fg=1 p2_in_gt_fg_count=64 p2_valid_count=64 p2_valid_ratio=1 point_distance_sum=3532 point_overlap_count=0 point_overlap_ratio=0 point_pair_count=128 pos_in_pred_fg=1 pos_in_pred_fg_count=128 positive_pair_count=64 positive_pair_distance_sum=802.8 roi_count=64 valid_neg_count=128 valid_pos_count=128 warmup_stage=2
2026-07-30 02:51:00,442 - portable_sam_fusion - INFO - [DEBUG-BOX] epoch=4 step=1050 fallback_count=0 fallback_ratio=0 num_rois=64 refined_proposal_iou=0 refined_proposal_iou_sum=0 refined_valid_count=0
2026-07-30 02:51:00,443 - portable_sam_fusion - INFO - [DEBUG-COARSE] epoch=4 step=1050 bce_raw=0.2094 boundary_fn=4441 boundary_fp=3286 boundary_tp=2.259e+04 dice=0.103 dice_loss_raw=0.103 iou=0.8157 loss_weight=0.1 raw_boundary_fn=4441 raw_boundary_fp=3286 raw_boundary_tp=2.259e+04 raw_dice_score=0.897 raw_iou=0.8157 weighted_loss=0.03125
2026-07-30 02:51:00,443 - portable_sam_fusion - INFO - [DEBUG-CONTEXT] epoch=4 step=1050 enabled=0
2026-07-30 02:51:00,443 - portable_sam_fusion - INFO - [DEBUG-DENSE] epoch=4 step=1050 applied_delta_norm=3.069 applied_delta_ratio=0.2628 base_norm=11.68 canvas_max=7.989 canvas_mean=0.003778 canvas_min=-8 canvas_nonzero_ratio=0.007589 canvas_std=0.3766 final_norm=12 residual_alpha=0.5 shape_norm=13.11 source_delta_norm=6.137 source_delta_ratio=0.5255
2026-07-30 02:51:00,443 - portable_sam_fusion - INFO - [DEBUG-GATE] epoch=4 step=1050 shape_dense_alpha_max=0.5 shape_dense_alpha_mean=0.5 shape_dense_alpha_min=0.5
2026-07-30 02:51:00,443 - portable_sam_fusion - INFO - [DEBUG-JITTER] epoch=4 step=1050 area_ratio_count=64 area_ratio_mean=1 area_ratio_sum=64 fallback_count=0 mean_iou=1 num_jittered=0 num_rois=64
2026-07-30 02:51:00,443 - portable_sam_fusion - INFO - [DEBUG-SP] epoch=4 step=1050 all_invalid_count=0 all_invalid_ratio=0 empty_count=0 empty_ratio=0 full_count=0 full_ratio=0 mean_point_distance=27.63 n1_gt_valid_count=64 n1_in_gt_bg=0.8906 n1_in_gt_bg_count=57 n1_valid_count=64 n1_valid_ratio=1 n2_gt_valid_count=64 n2_in_gt_bg=1 n2_in_gt_bg_count=64 n2_valid_count=64 n2_valid_ratio=1 neg_in_pred_bg=1 neg_in_pred_bg_count=128 negative_pair_count=64 negative_pair_distance_sum=2647 p1_gt_valid_count=64 p1_in_gt_fg=1 p1_in_gt_fg_count=64 p1_valid_count=64 p1_valid_ratio=1 p2_gt_valid_count=64 p2_in_gt_fg=1 p2_in_gt_fg_count=64 p2_valid_count=64 p2_valid_ratio=1 point_distance_sum=3536 point_overlap_count=0 point_overlap_ratio=0 point_pair_count=128 pos_in_pred_fg=1 pos_in_pred_fg_count=128 positive_pair_count=64 positive_pair_distance_sum=889.1 roi_count=64 valid_neg_count=128 valid_pos_count=128 warmup_stage=2
2026-07-30 02:52:19,789 - portable_sam_fusion - INFO - [DEBUG-BOX] epoch=4 step=1100 fallback_count=0 fallback_ratio=0 num_rois=64 refined_proposal_iou=0 refined_proposal_iou_sum=0 refined_valid_count=0
2026-07-30 02:52:19,789 - portable_sam_fusion - INFO - [DEBUG-COARSE] epoch=4 step=1100 bce_raw=0.2385 boundary_fn=5368 boundary_fp=5357 boundary_tp=2.242e+04 dice=0.1111 dice_loss_raw=0.1111 iou=0.8068 loss_weight=0.1 raw_boundary_fn=5368 raw_boundary_fp=5357 raw_boundary_tp=2.242e+04 raw_dice_score=0.8889 raw_iou=0.8068 weighted_loss=0.03496
2026-07-30 02:52:19,789 - portable_sam_fusion - INFO - [DEBUG-CONTEXT] epoch=4 step=1100 enabled=0
2026-07-30 02:52:19,789 - portable_sam_fusion - INFO - [DEBUG-DENSE] epoch=4 step=1100 applied_delta_norm=4.281 applied_delta_ratio=0.3666 base_norm=11.68 canvas_max=7.41 canvas_mean=0.01809 canvas_min=-8 canvas_nonzero_ratio=0.01605 canvas_std=0.5125 final_norm=12.42 residual_alpha=0.5 shape_norm=14.59 source_delta_norm=8.563 source_delta_ratio=0.7332
2026-07-30 02:52:19,789 - portable_sam_fusion - INFO - [DEBUG-GATE] epoch=4 step=1100 shape_dense_alpha_max=0.5 shape_dense_alpha_mean=0.5 shape_dense_alpha_min=0.5
2026-07-30 02:52:19,789 - portable_sam_fusion - INFO - [DEBUG-JITTER] epoch=4 step=1100 area_ratio_count=64 area_ratio_mean=1 area_ratio_sum=64 fallback_count=0 mean_iou=1 num_jittered=0 num_rois=64
2026-07-30 02:52:19,789 - portable_sam_fusion - INFO - [DEBUG-SP] epoch=4 step=1100 all_invalid_count=0 all_invalid_ratio=0 empty_count=0 empty_ratio=0 full_count=0 full_ratio=0 mean_point_distance=44.88 n1_gt_valid_count=64 n1_in_gt_bg=0.7969 n1_in_gt_bg_count=51 n1_valid_count=64 n1_valid_ratio=1 n2_gt_valid_count=64 n2_in_gt_bg=1 n2_in_gt_bg_count=64 n2_valid_count=64 n2_valid_ratio=1 neg_in_pred_bg=1 neg_in_pred_bg_count=128 negative_pair_count=64 negative_pair_distance_sum=3852 p1_gt_valid_count=64 p1_in_gt_fg=0.9844 p1_in_gt_fg_count=63 p1_valid_count=64 p1_valid_ratio=1 p2_gt_valid_count=64 p2_in_gt_fg=0.9688 p2_in_gt_fg_count=62 p2_valid_count=64 p2_valid_ratio=1 point_distance_sum=5744 point_overlap_count=0 point_overlap_ratio=0 point_pair_count=128 pos_in_pred_fg=1 pos_in_pred_fg_count=128 positive_pair_count=64 positive_pair_distance_sum=1892 roi_count=64 valid_neg_count=128 valid_pos_count=128 warmup_stage=2
2026-07-30 02:53:50,319 - portable_sam_fusion - INFO - [DEBUG-BOX] epoch=4 step=1150 fallback_count=0 fallback_ratio=0 num_rois=64 refined_proposal_iou=0 refined_proposal_iou_sum=0 refined_valid_count=0
2026-07-30 02:53:50,319 - portable_sam_fusion - INFO - [DEBUG-COARSE] epoch=4 step=1150 bce_raw=0.282 boundary_fn=7190 boundary_fp=5201 boundary_tp=2.109e+04 dice=0.1351 dice_loss_raw=0.1351 iou=0.7646 loss_weight=0.1 raw_boundary_fn=7190 raw_boundary_fp=5201 raw_boundary_tp=2.109e+04 raw_dice_score=0.8649 raw_iou=0.7646 weighted_loss=0.04171
2026-07-30 02:53:50,319 - portable_sam_fusion - INFO - [DEBUG-CONTEXT] epoch=4 step=1150 enabled=0
2026-07-30 02:53:50,319 - portable_sam_fusion - INFO - [DEBUG-DENSE] epoch=4 step=1150 applied_delta_norm=2.965 applied_delta_ratio=0.2539 base_norm=11.68 canvas_max=8 canvas_mean=-0.001432 canvas_min=-8 canvas_nonzero_ratio=0.007553 canvas_std=0.3841 final_norm=12 residual_alpha=0.5 shape_norm=13.08 source_delta_norm=5.931 source_delta_ratio=0.5079
2026-07-30 02:53:50,319 - portable_sam_fusion - INFO - [DEBUG-GATE] epoch=4 step=1150 shape_dense_alpha_max=0.5 shape_dense_alpha_mean=0.5 shape_dense_alpha_min=0.5
2026-07-30 02:53:50,319 - portable_sam_fusion - INFO - [DEBUG-JITTER] epoch=4 step=1150 area_ratio_count=64 area_ratio_mean=1 area_ratio_sum=64 fallback_count=0 mean_iou=1 num_jittered=0 num_rois=64
2026-07-30 02:53:50,319 - portable_sam_fusion - INFO - [DEBUG-SP] epoch=4 step=1150 all_invalid_count=0 all_invalid_ratio=0 empty_count=0 empty_ratio=0 full_count=0 full_ratio=0 mean_point_distance=33.24 n1_gt_valid_count=64 n1_in_gt_bg=0.8125 n1_in_gt_bg_count=52 n1_valid_count=64 n1_valid_ratio=1 n2_gt_valid_count=64 n2_in_gt_bg=0.9844 n2_in_gt_bg_count=63 n2_valid_count=64 n2_valid_ratio=1 neg_in_pred_bg=1 neg_in_pred_bg_count=128 negative_pair_count=64 negative_pair_distance_sum=3286 p1_gt_valid_count=64 p1_in_gt_fg=1 p1_in_gt_fg_count=64 p1_valid_count=64 p1_valid_ratio=1 p2_gt_valid_count=64 p2_in_gt_fg=1 p2_in_gt_fg_count=64 p2_valid_count=64 p2_valid_ratio=1 point_distance_sum=4255 point_overlap_count=0 point_overlap_ratio=0 point_pair_count=128 pos_in_pred_fg=1 pos_in_pred_fg_count=128 positive_pair_count=64 positive_pair_distance_sum=968.9 roi_count=64 valid_neg_count=128 valid_pos_count=128 warmup_stage=2
2026-07-30 02:54:35,698 - portable_sam_fusion - INFO - Epoch 4 detailed losses: loss_rpn_cls=0.0471, loss_rpn_bbox=0.0178, loss_cls=0.2908, acc=87.8123, loss_bbox=0.1570, loss_mask=0.0023, debug_mask_pos_rois=55.7109, debug_mask_logit_mean=-15.9172, debug_mask_logit_std=3.2029, debug_mask_prob_mean=0.0047, debug_mask_prob_ge05=0.0046, debug_mask_target_fill=0.0047, loss_shape_prior=0.0332, schedule/det_weight=1.0000
2026-07-30 02:54:35,698 - portable_sam_fusion - INFO - Epoch 4 dense residual monitor: alpha=0.500000 source_delta_norm=6.0560 applied_delta_norm=3.0280 source_delta_ratio=0.518567 applied_delta_ratio=0.259284
2026-07-30 02:54:35,699 - portable_sam_fusion - INFO - Epoch 4 primary loss shares: det=93.53% final_mask=0.41% shape=6.06% p2_boundary=0.00%
2026-07-30 02:54:35,699 - portable_sam_fusion - INFO - Epoch 4 schedule: det_loss_weight=1.000 early_stop_start=20 min_delta=0.0005
2026-07-30 02:54:35,699 - portable_sam_fusion - INFO - Epoch 4 learning rates: sat_backbone=4.99e-04, mask_decoder=4.99e-04, shape_prior=4.99e-04, quality_head=4.99e-04, sat_other=4.99e-04
2026-07-30 02:59:38,681 - portable_sam_fusion - INFO - Validation samples: GT=15926, DT=26600, avg_masks_per_image=42.42, avg_mask_fill=0.0053
creating index...
index created!
Loading and preparing results...
DONE (t=0.03s)
creating index...
index created!
Running per image evaluation...
Evaluate annotation type *bbox*
DONE (t=12.46s).
Accumulating evaluation results...
DONE (t=0.24s).
 Average Precision  (AP) @[ IoU=0.50:0.95 | area=   all | maxDets=100 ] = 0.563
 Average Precision  (AP) @[ IoU=0.50      | area=   all | maxDets=100 ] = 0.864
 Average Precision  (AP) @[ IoU=0.75      | area=   all | maxDets=100 ] = 0.691
 Average Precision  (AP) @[ IoU=0.50:0.95 | area= small | maxDets=100 ] = 0.191
 Average Precision  (AP) @[ IoU=0.50:0.95 | area=medium | maxDets=100 ] = 0.623
 Average Precision  (AP) @[ IoU=0.50:0.95 | area= large | maxDets=100 ] = 0.602
 Average Recall     (AR) @[ IoU=0.50:0.95 | area=   all | maxDets=  1 ] = 0.022
 Average Recall     (AR) @[ IoU=0.50:0.95 | area=   all | maxDets= 10 ] = 0.162
 Average Recall     (AR) @[ IoU=0.50:0.95 | area=   all | maxDets=100 ] = 0.638
 Average Recall     (AR) @[ IoU=0.50:0.95 | area= small | maxDets=100 ] = 0.346
 Average Recall     (AR) @[ IoU=0.50:0.95 | area=medium | maxDets=100 ] = 0.689
 Average Recall     (AR) @[ IoU=0.50:0.95 | area= large | maxDets=100 ] = 0.680
2026-07-30 02:59:52,180 - portable_sam_fusion - INFO - Validation bbox/mAP: 0.5630 bbox/mAP_75: 0.6910
Running per image evaluation...
Evaluate annotation type *segm*
DONE (t=13.08s).
Accumulating evaluation results...
DONE (t=0.25s).
 Average Precision  (AP) @[ IoU=0.50:0.95 | area=   all | maxDets=100 ] = 0.435
 Average Precision  (AP) @[ IoU=0.50      | area=   all | maxDets=100 ] = 0.826
 Average Precision  (AP) @[ IoU=0.75      | area=   all | maxDets=100 ] = 0.452
 Average Precision  (AP) @[ IoU=0.50:0.95 | area= small | maxDets=100 ] = 0.050
 Average Precision  (AP) @[ IoU=0.50:0.95 | area=medium | maxDets=100 ] = 0.451
 Average Precision  (AP) @[ IoU=0.50:0.95 | area= large | maxDets=100 ] = 0.610
 Average Recall     (AR) @[ IoU=0.50:0.95 | area=   all | maxDets=  1 ] = 0.021
 Average Recall     (AR) @[ IoU=0.50:0.95 | area=   all | maxDets= 10 ] = 0.141
 Average Recall     (AR) @[ IoU=0.50:0.95 | area=   all | maxDets=100 ] = 0.486
 Average Recall     (AR) @[ IoU=0.50:0.95 | area= small | maxDets=100 ] = 0.116
 Average Recall     (AR) @[ IoU=0.50:0.95 | area=medium | maxDets=100 ] = 0.503
 Average Recall     (AR) @[ IoU=0.50:0.95 | area= large | maxDets=100 ] = 0.670
2026-07-30 03:00:05,558 - portable_sam_fusion - INFO - Validation segm/mAP: 0.4350
2026-07-30 03:00:06,162 - portable_sam_fusion - INFO - New best segm/mAP: 0.4350
2026-07-30 03:00:06,162 - portable_sam_fusion - INFO - New best bbox/mAP: 0.5630
2026-07-30 03:00:06,163 - portable_sam_fusion - INFO - New best early-stop metric (segm/mAP): raw=0.4350 smooth(5)=0.3380
2026-07-30 03:00:08,863 - portable_sam_fusion - INFO - Saved best_model with segm/mAP: 0.4350
2026-07-30 03:00:11,675 - portable_sam_fusion - INFO - Saved best_bbox_model with bbox/mAP: 0.5630
2026-07-30 03:00:17,201 - portable_sam_fusion - INFO - Epoch 4/80 | train=0.548161 val=disabled segm/mAP=0.4350 bbox/mAP=0.5630 | best_segm=0.4350 best_bbox=0.5630 best_comp=0.0000 | sat_backbone=4.99e-04 mask_decoder=4.99e-04 shape_prior=4.99e-04 quality_head=4.99e-04 sat_other=4.99e-04
2026-07-30 03:00:40,552 - portable_sam_fusion - INFO - epoch 5 | mini-batch 16/294 | optimizer_step 300/5920 | lr=4.985e-04
2026-07-30 03:00:50,724 - portable_sam_fusion - INFO - [DEBUG-BOX] epoch=5 step=1200 fallback_count=0 fallback_ratio=0 num_rois=64 refined_proposal_iou=0 refined_proposal_iou_sum=0 refined_valid_count=0
2026-07-30 03:00:50,724 - portable_sam_fusion - INFO - [DEBUG-COARSE] epoch=5 step=1200 bce_raw=0.271 boundary_fn=6514 boundary_fp=6331 boundary_tp=1.946e+04 dice=0.1239 dice_loss_raw=0.1239 iou=0.7838 loss_weight=0.1 raw_boundary_fn=6514 raw_boundary_fp=6331 raw_boundary_tp=1.946e+04 raw_dice_score=0.8761 raw_iou=0.7838 weighted_loss=0.03949
2026-07-30 03:00:50,724 - portable_sam_fusion - INFO - [DEBUG-CONTEXT] epoch=5 step=1200 enabled=0
2026-07-30 03:00:50,724 - portable_sam_fusion - INFO - [DEBUG-DENSE] epoch=5 step=1200 applied_delta_norm=3.264 applied_delta_ratio=0.2795 base_norm=11.68 canvas_max=8 canvas_mean=0.0005218 canvas_min=-8 canvas_nonzero_ratio=0.01458 canvas_std=0.4759 final_norm=12.29 residual_alpha=0.5 shape_norm=13.93 source_delta_norm=6.527 source_delta_ratio=0.5589
2026-07-30 03:00:50,724 - portable_sam_fusion - INFO - [DEBUG-GATE] epoch=5 step=1200 shape_dense_alpha_max=0.5 shape_dense_alpha_mean=0.5 shape_dense_alpha_min=0.5
2026-07-30 03:00:50,724 - portable_sam_fusion - INFO - [DEBUG-JITTER] epoch=5 step=1200 area_ratio_count=64 area_ratio_mean=1 area_ratio_sum=64 fallback_count=0 mean_iou=1 num_jittered=0 num_rois=64
2026-07-30 03:00:50,724 - portable_sam_fusion - INFO - [DEBUG-SP] epoch=5 step=1200 all_invalid_count=0 all_invalid_ratio=0 empty_count=0 empty_ratio=0 full_count=0 full_ratio=0 mean_point_distance=33.76 n1_gt_valid_count=64 n1_in_gt_bg=0.5469 n1_in_gt_bg_count=35 n1_valid_count=64 n1_valid_ratio=1 n2_gt_valid_count=64 n2_in_gt_bg=1 n2_in_gt_bg_count=64 n2_valid_count=64 n2_valid_ratio=1 neg_in_pred_bg=1 neg_in_pred_bg_count=128 negative_pair_count=64 negative_pair_distance_sum=3330 p1_gt_valid_count=64 p1_in_gt_fg=1 p1_in_gt_fg_count=64 p1_valid_count=64 p1_valid_ratio=1 p2_gt_valid_count=64 p2_in_gt_fg=0.9844 p2_in_gt_fg_count=63 p2_valid_count=64 p2_valid_ratio=1 point_distance_sum=4321 point_overlap_count=0 point_overlap_ratio=0 point_pair_count=128 pos_in_pred_fg=1 pos_in_pred_fg_count=128 positive_pair_count=64 positive_pair_distance_sum=990.8 roi_count=64 valid_neg_count=128 valid_pos_count=128 warmup_stage=2
2026-07-30 03:01:59,495 - portable_sam_fusion - INFO - [DEBUG-BOX] epoch=5 step=1250 fallback_count=0 fallback_ratio=0 num_rois=64 refined_proposal_iou=0 refined_proposal_iou_sum=0 refined_valid_count=0
2026-07-30 03:01:59,495 - portable_sam_fusion - INFO - [DEBUG-COARSE] epoch=5 step=1250 bce_raw=0.2502 boundary_fn=6325 boundary_fp=5206 boundary_tp=2.067e+04 dice=0.1315 dice_loss_raw=0.1315 iou=0.7709 loss_weight=0.1 raw_boundary_fn=6325 raw_boundary_fp=5206 raw_boundary_tp=2.067e+04 raw_dice_score=0.8685 raw_iou=0.7709 weighted_loss=0.03817
2026-07-30 03:01:59,495 - portable_sam_fusion - INFO - [DEBUG-CONTEXT] epoch=5 step=1250 enabled=0
2026-07-30 03:01:59,495 - portable_sam_fusion - INFO - [DEBUG-DENSE] epoch=5 step=1250 applied_delta_norm=2.533 applied_delta_ratio=0.2169 base_norm=11.68 canvas_max=8 canvas_mean=0.00225 canvas_min=-8 canvas_nonzero_ratio=0.00623 canvas_std=0.3423 final_norm=11.94 residual_alpha=0.5 shape_norm=12.81 source_delta_norm=5.065 source_delta_ratio=0.4337
2026-07-30 03:01:59,495 - portable_sam_fusion - INFO - [DEBUG-GATE] epoch=5 step=1250 shape_dense_alpha_max=0.5 shape_dense_alpha_mean=0.5 shape_dense_alpha_min=0.5
2026-07-30 03:01:59,495 - portable_sam_fusion - INFO - [DEBUG-JITTER] epoch=5 step=1250 area_ratio_count=64 area_ratio_mean=1 area_ratio_sum=64 fallback_count=0 mean_iou=1 num_jittered=0 num_rois=64
2026-07-30 03:01:59,495 - portable_sam_fusion - INFO - [DEBUG-SP] epoch=5 step=1250 all_invalid_count=0 all_invalid_ratio=0 empty_count=0 empty_ratio=0 full_count=0 full_ratio=0 mean_point_distance=22.48 n1_gt_valid_count=64 n1_in_gt_bg=0.7812 n1_in_gt_bg_count=50 n1_valid_count=64 n1_valid_ratio=1 n2_gt_valid_count=64 n2_in_gt_bg=1 n2_in_gt_bg_count=64 n2_valid_count=64 n2_valid_ratio=1 neg_in_pred_bg=1 neg_in_pred_bg_count=128 negative_pair_count=64 negative_pair_distance_sum=2165 p1_gt_valid_count=64 p1_in_gt_fg=1 p1_in_gt_fg_count=64 p1_valid_count=64 p1_valid_ratio=1 p2_gt_valid_count=64 p2_in_gt_fg=1 p2_in_gt_fg_count=64 p2_valid_count=64 p2_valid_ratio=1 point_distance_sum=2878 point_overlap_count=0 point_overlap_ratio=0 point_pair_count=128 pos_in_pred_fg=1 pos_in_pred_fg_count=128 positive_pair_count=64 positive_pair_distance_sum=712.9 roi_count=64 valid_neg_count=128 valid_pos_count=128 warmup_stage=2
2026-07-30 03:03:18,376 - portable_sam_fusion - INFO - [DEBUG-BOX] epoch=5 step=1300 fallback_count=0 fallback_ratio=0 num_rois=46 refined_proposal_iou=0 refined_proposal_iou_sum=0 refined_valid_count=0
2026-07-30 03:03:18,376 - portable_sam_fusion - INFO - [DEBUG-COARSE] epoch=5 step=1300 bce_raw=0.3868 boundary_fn=5759 boundary_fp=8588 boundary_tp=1.186e+04 dice=0.2001 dice_loss_raw=0.2001 iou=0.6693 loss_weight=0.1 raw_boundary_fn=5759 raw_boundary_fp=8588 raw_boundary_tp=1.186e+04 raw_dice_score=0.7999 raw_iou=0.6693 weighted_loss=0.0587
2026-07-30 03:03:18,376 - portable_sam_fusion - INFO - [DEBUG-CONTEXT] epoch=5 step=1300 enabled=0
2026-07-30 03:03:18,376 - portable_sam_fusion - INFO - [DEBUG-DENSE] epoch=5 step=1300 applied_delta_norm=0.4719 applied_delta_ratio=0.04041 base_norm=11.68 canvas_max=8 canvas_mean=0.0003336 canvas_min=-5.808 canvas_nonzero_ratio=0.00113 canvas_std=0.1217 final_norm=11.7 residual_alpha=0.5 shape_norm=11.76 source_delta_norm=0.9437 source_delta_ratio=0.08081
2026-07-30 03:03:18,376 - portable_sam_fusion - INFO - [DEBUG-GATE] epoch=5 step=1300 shape_dense_alpha_max=0.5 shape_dense_alpha_mean=0.5 shape_dense_alpha_min=0.5
2026-07-30 03:03:18,376 - portable_sam_fusion - INFO - [DEBUG-JITTER] epoch=5 step=1300 area_ratio_count=46 area_ratio_mean=1 area_ratio_sum=46 fallback_count=0 mean_iou=1 num_jittered=0 num_rois=46
2026-07-30 03:03:18,376 - portable_sam_fusion - INFO - [DEBUG-SP] epoch=5 step=1300 all_invalid_count=0 all_invalid_ratio=0 empty_count=0 empty_ratio=0 full_count=0 full_ratio=0 mean_point_distance=13.84 n1_gt_valid_count=46 n1_in_gt_bg=0.6957 n1_in_gt_bg_count=32 n1_valid_count=46 n1_valid_ratio=1 n2_gt_valid_count=46 n2_in_gt_bg=1 n2_in_gt_bg_count=46 n2_valid_count=46 n2_valid_ratio=1 neg_in_pred_bg=1 neg_in_pred_bg_count=92 negative_pair_count=46 negative_pair_distance_sum=908.4 p1_gt_valid_count=46 p1_in_gt_fg=1 p1_in_gt_fg_count=46 p1_valid_count=46 p1_valid_ratio=1 p2_gt_valid_count=46 p2_in_gt_fg=1 p2_in_gt_fg_count=46 p2_valid_count=46 p2_valid_ratio=1 point_distance_sum=1274 point_overlap_count=0 point_overlap_ratio=0 point_pair_count=92 pos_in_pred_fg=1 pos_in_pred_fg_count=92 positive_pair_count=46 positive_pair_distance_sum=365.2 roi_count=46 valid_neg_count=92 valid_pos_count=92 warmup_stage=2
2026-07-30 03:04:23,652 - portable_sam_fusion - INFO - [DEBUG-BOX] epoch=5 step=1350 fallback_count=0 fallback_ratio=0 num_rois=64 refined_proposal_iou=0 refined_proposal_iou_sum=0 refined_valid_count=0
2026-07-30 03:04:23,652 - portable_sam_fusion - INFO - [DEBUG-COARSE] epoch=5 step=1350 bce_raw=0.3161 boundary_fn=7082 boundary_fp=5327 boundary_tp=1.945e+04 dice=0.1347 dice_loss_raw=0.1347 iou=0.7705 loss_weight=0.1 raw_boundary_fn=7082 raw_boundary_fp=5327 raw_boundary_tp=1.945e+04 raw_dice_score=0.8653 raw_iou=0.7705 weighted_loss=0.04509
2026-07-30 03:04:23,652 - portable_sam_fusion - INFO - [DEBUG-CONTEXT] epoch=5 step=1350 enabled=0
2026-07-30 03:04:23,652 - portable_sam_fusion - INFO - [DEBUG-DENSE] epoch=5 step=1350 applied_delta_norm=4.243 applied_delta_ratio=0.3633 base_norm=11.68 canvas_max=7.598 canvas_mean=0.0004871 canvas_min=-8 canvas_nonzero_ratio=0.02155 canvas_std=0.6159 final_norm=12.6 residual_alpha=0.5 shape_norm=14.96 source_delta_norm=8.487 source_delta_ratio=0.7267
2026-07-30 03:04:23,652 - portable_sam_fusion - INFO - [DEBUG-GATE] epoch=5 step=1350 shape_dense_alpha_max=0.5 shape_dense_alpha_mean=0.5 shape_dense_alpha_min=0.5
2026-07-30 03:04:23,652 - portable_sam_fusion - INFO - [DEBUG-JITTER] epoch=5 step=1350 area_ratio_count=64 area_ratio_mean=1 area_ratio_sum=64 fallback_count=0 mean_iou=1 num_jittered=0 num_rois=64
2026-07-30 03:04:23,652 - portable_sam_fusion - INFO - [DEBUG-SP] epoch=5 step=1350 all_invalid_count=0 all_invalid_ratio=0 empty_count=0 empty_ratio=0 full_count=0 full_ratio=0 mean_point_distance=40.55 n1_gt_valid_count=64 n1_in_gt_bg=0.8125 n1_in_gt_bg_count=52 n1_valid_count=64 n1_valid_ratio=1 n2_gt_valid_count=64 n2_in_gt_bg=1 n2_in_gt_bg_count=64 n2_valid_count=64 n2_valid_ratio=1 neg_in_pred_bg=1 neg_in_pred_bg_count=128 negative_pair_count=64 negative_pair_distance_sum=3992 p1_gt_valid_count=64 p1_in_gt_fg=0.9844 p1_in_gt_fg_count=63 p1_valid_count=64 p1_valid_ratio=1 p2_gt_valid_count=64 p2_in_gt_fg=0.9844 p2_in_gt_fg_count=63 p2_valid_count=64 p2_valid_ratio=1 point_distance_sum=5190 point_overlap_count=0 point_overlap_ratio=0 point_pair_count=128 pos_in_pred_fg=1 pos_in_pred_fg_count=128 positive_pair_count=64 positive_pair_distance_sum=1199 roi_count=64 valid_neg_count=128 valid_pos_count=128 warmup_stage=2
2026-07-30 03:05:34,533 - portable_sam_fusion - INFO - epoch 5 | mini-batch 216/294 | optimizer_step 350/5920 | lr=4.977e-04
2026-07-30 03:05:49,797 - portable_sam_fusion - INFO - [DEBUG-BOX] epoch=5 step=1400 fallback_count=0 fallback_ratio=0 num_rois=64 refined_proposal_iou=0 refined_proposal_iou_sum=0 refined_valid_count=0
2026-07-30 03:05:49,797 - portable_sam_fusion - INFO - [DEBUG-COARSE] epoch=5 step=1400 bce_raw=0.1944 boundary_fn=3155 boundary_fp=4181 boundary_tp=2.473e+04 dice=0.1121 dice_loss_raw=0.1121 iou=0.8024 loss_weight=0.1 raw_boundary_fn=3155 raw_boundary_fp=4181 raw_boundary_tp=2.473e+04 raw_dice_score=0.8879 raw_iou=0.8024 weighted_loss=0.03066
2026-07-30 03:05:49,797 - portable_sam_fusion - INFO - [DEBUG-CONTEXT] epoch=5 step=1400 enabled=0
2026-07-30 03:05:49,797 - portable_sam_fusion - INFO - [DEBUG-DENSE] epoch=5 step=1400 applied_delta_norm=3.667 applied_delta_ratio=0.314 base_norm=11.68 canvas_max=7.996 canvas_mean=-0.0003622 canvas_min=-8 canvas_nonzero_ratio=0.01089 canvas_std=0.4849 final_norm=12.14 residual_alpha=0.5 shape_norm=13.67 source_delta_norm=7.334 source_delta_ratio=0.628
2026-07-30 03:05:49,797 - portable_sam_fusion - INFO - [DEBUG-GATE] epoch=5 step=1400 shape_dense_alpha_max=0.5 shape_dense_alpha_mean=0.5 shape_dense_alpha_min=0.5
2026-07-30 03:05:49,797 - portable_sam_fusion - INFO - [DEBUG-JITTER] epoch=5 step=1400 area_ratio_count=64 area_ratio_mean=1 area_ratio_sum=64 fallback_count=0 mean_iou=1 num_jittered=0 num_rois=64
2026-07-30 03:05:49,797 - portable_sam_fusion - INFO - [DEBUG-SP] epoch=5 step=1400 all_invalid_count=0 all_invalid_ratio=0 empty_count=0 empty_ratio=0 full_count=0 full_ratio=0 mean_point_distance=40.04 n1_gt_valid_count=64 n1_in_gt_bg=0.8906 n1_in_gt_bg_count=57 n1_valid_count=64 n1_valid_ratio=1 n2_gt_valid_count=64 n2_in_gt_bg=1 n2_in_gt_bg_count=64 n2_valid_count=64 n2_valid_ratio=1 neg_in_pred_bg=1 neg_in_pred_bg_count=128 negative_pair_count=64 negative_pair_distance_sum=3550 p1_gt_valid_count=64 p1_in_gt_fg=1 p1_in_gt_fg_count=64 p1_valid_count=64 p1_valid_ratio=1 p2_gt_valid_count=64 p2_in_gt_fg=1 p2_in_gt_fg_count=64 p2_valid_count=64 p2_valid_ratio=1 point_distance_sum=5124 point_overlap_count=0 point_overlap_ratio=0 point_pair_count=128 pos_in_pred_fg=1 pos_in_pred_fg_count=128 positive_pair_count=64 positive_pair_distance_sum=1574 roi_count=64 valid_neg_count=128 valid_pos_count=128 warmup_stage=2
2026-07-30 03:07:05,334 - portable_sam_fusion - INFO - [DEBUG-BOX] epoch=5 step=1450 fallback_count=0 fallback_ratio=0 num_rois=64 refined_proposal_iou=0 refined_proposal_iou_sum=0 refined_valid_count=0
2026-07-30 03:07:05,334 - portable_sam_fusion - INFO - [DEBUG-COARSE] epoch=5 step=1450 bce_raw=0.2098 boundary_fn=5590 boundary_fp=3744 boundary_tp=2.336e+04 dice=0.1207 dice_loss_raw=0.1207 iou=0.7873 loss_weight=0.1 raw_boundary_fn=5590 raw_boundary_fp=3744 raw_boundary_tp=2.336e+04 raw_dice_score=0.8793 raw_iou=0.7873 weighted_loss=0.03305
2026-07-30 03:07:05,334 - portable_sam_fusion - INFO - [DEBUG-CONTEXT] epoch=5 step=1450 enabled=0
2026-07-30 03:07:05,334 - portable_sam_fusion - INFO - [DEBUG-DENSE] epoch=5 step=1450 applied_delta_norm=3.402 applied_delta_ratio=0.2913 base_norm=11.68 canvas_max=7.944 canvas_mean=-0.003285 canvas_min=-8 canvas_nonzero_ratio=0.009872 canvas_std=0.4555 final_norm=12.1 residual_alpha=0.5 shape_norm=13.48 source_delta_norm=6.803 source_delta_ratio=0.5825
2026-07-30 03:07:05,334 - portable_sam_fusion - INFO - [DEBUG-GATE] epoch=5 step=1450 shape_dense_alpha_max=0.5 shape_dense_alpha_mean=0.5 shape_dense_alpha_min=0.5
2026-07-30 03:07:05,334 - portable_sam_fusion - INFO - [DEBUG-JITTER] epoch=5 step=1450 area_ratio_count=64 area_ratio_mean=1 area_ratio_sum=64 fallback_count=0 mean_iou=1 num_jittered=0 num_rois=64
2026-07-30 03:07:05,334 - portable_sam_fusion - INFO - [DEBUG-SP] epoch=5 step=1450 all_invalid_count=0 all_invalid_ratio=0 empty_count=0 empty_ratio=0 full_count=0 full_ratio=0 mean_point_distance=32.88 n1_gt_valid_count=64 n1_in_gt_bg=0.7344 n1_in_gt_bg_count=47 n1_valid_count=64 n1_valid_ratio=1 n2_gt_valid_count=64 n2_in_gt_bg=1 n2_in_gt_bg_count=64 n2_valid_count=64 n2_valid_ratio=1 neg_in_pred_bg=1 neg_in_pred_bg_count=128 negative_pair_count=64 negative_pair_distance_sum=3064 p1_gt_valid_count=64 p1_in_gt_fg=1 p1_in_gt_fg_count=64 p1_valid_count=64 p1_valid_ratio=1 p2_gt_valid_count=64 p2_in_gt_fg=1 p2_in_gt_fg_count=64 p2_valid_count=64 p2_valid_ratio=1 point_distance_sum=4208 point_overlap_count=0 point_overlap_ratio=0 point_pair_count=128 pos_in_pred_fg=1 pos_in_pred_fg_count=128 positive_pair_count=64 positive_pair_distance_sum=1144 roi_count=64 valid_neg_count=128 valid_pos_count=128 warmup_stage=2
2026-07-30 03:07:31,582 - portable_sam_fusion - INFO - Epoch 5 detailed losses: loss_rpn_cls=0.0344, loss_rpn_bbox=0.0132, loss_cls=0.2790, acc=88.7223, loss_bbox=0.1378, loss_mask=0.0026, debug_mask_pos_rois=56.2109, debug_mask_logit_mean=-15.5401, debug_mask_logit_std=3.2554, debug_mask_prob_mean=0.0047, debug_mask_prob_ge05=0.0046, debug_mask_target_fill=0.0049, loss_shape_prior=0.0316, schedule/det_weight=1.0000
2026-07-30 03:07:31,583 - portable_sam_fusion - INFO - Epoch 5 dense residual monitor: alpha=0.500000 source_delta_norm=6.0321 applied_delta_norm=3.0161 source_delta_ratio=0.516522 applied_delta_ratio=0.258261
2026-07-30 03:07:31,583 - portable_sam_fusion - INFO - Epoch 5 primary loss shares: det=93.14% final_mask=0.51% shape=6.35% p2_boundary=0.00%
2026-07-30 03:07:31,583 - portable_sam_fusion - INFO - Epoch 5 schedule: det_loss_weight=1.000 early_stop_start=20 min_delta=0.0005
2026-07-30 03:07:31,584 - portable_sam_fusion - INFO - Epoch 5 learning rates: sat_backbone=4.97e-04, mask_decoder=4.97e-04, shape_prior=4.97e-04, quality_head=4.97e-04, sat_other=4.97e-04
2026-07-30 03:12:17,512 - portable_sam_fusion - INFO - Validation samples: GT=15926, DT=22801, avg_masks_per_image=36.37, avg_mask_fill=0.0078
creating index...
index created!
Loading and preparing results...
DONE (t=0.03s)
creating index...
index created!
Running per image evaluation...
Evaluate annotation type *bbox*
DONE (t=11.57s).
Accumulating evaluation results...
DONE (t=0.21s).
 Average Precision  (AP) @[ IoU=0.50:0.95 | area=   all | maxDets=100 ] = 0.538
 Average Precision  (AP) @[ IoU=0.50      | area=   all | maxDets=100 ] = 0.855
 Average Precision  (AP) @[ IoU=0.75      | area=   all | maxDets=100 ] = 0.635
 Average Precision  (AP) @[ IoU=0.50:0.95 | area= small | maxDets=100 ] = 0.148
 Average Precision  (AP) @[ IoU=0.50:0.95 | area=medium | maxDets=100 ] = 0.584
 Average Precision  (AP) @[ IoU=0.50:0.95 | area= large | maxDets=100 ] = 0.616
 Average Recall     (AR) @[ IoU=0.50:0.95 | area=   all | maxDets=  1 ] = 0.024
 Average Recall     (AR) @[ IoU=0.50:0.95 | area=   all | maxDets= 10 ] = 0.165
 Average Recall     (AR) @[ IoU=0.50:0.95 | area=   all | maxDets=100 ] = 0.601
 Average Recall     (AR) @[ IoU=0.50:0.95 | area= small | maxDets=100 ] = 0.287
 Average Recall     (AR) @[ IoU=0.50:0.95 | area=medium | maxDets=100 ] = 0.651
 Average Recall     (AR) @[ IoU=0.50:0.95 | area= large | maxDets=100 ] = 0.662
2026-07-30 03:12:30,073 - portable_sam_fusion - INFO - Validation bbox/mAP: 0.5378 bbox/mAP_75: 0.6352
Running per image evaluation...
Evaluate annotation type *segm*
DONE (t=11.96s).
Accumulating evaluation results...
DONE (t=0.22s).
 Average Precision  (AP) @[ IoU=0.50:0.95 | area=   all | maxDets=100 ] = 0.427
 Average Precision  (AP) @[ IoU=0.50      | area=   all | maxDets=100 ] = 0.825
 Average Precision  (AP) @[ IoU=0.75      | area=   all | maxDets=100 ] = 0.447
 Average Precision  (AP) @[ IoU=0.50:0.95 | area= small | maxDets=100 ] = 0.037
 Average Precision  (AP) @[ IoU=0.50:0.95 | area=medium | maxDets=100 ] = 0.446
 Average Precision  (AP) @[ IoU=0.50:0.95 | area= large | maxDets=100 ] = 0.633
 Average Recall     (AR) @[ IoU=0.50:0.95 | area=   all | maxDets=  1 ] = 0.020
 Average Recall     (AR) @[ IoU=0.50:0.95 | area=   all | maxDets= 10 ] = 0.141
 Average Recall     (AR) @[ IoU=0.50:0.95 | area=   all | maxDets=100 ] = 0.487
 Average Recall     (AR) @[ IoU=0.50:0.95 | area= small | maxDets=100 ] = 0.100
 Average Recall     (AR) @[ IoU=0.50:0.95 | area=medium | maxDets=100 ] = 0.502
 Average Recall     (AR) @[ IoU=0.50:0.95 | area= large | maxDets=100 ] = 0.685
2026-07-30 03:12:42,290 - portable_sam_fusion - INFO - Validation segm/mAP: 0.4268
2026-07-30 03:12:43,067 - portable_sam_fusion - INFO - New best early-stop metric (segm/mAP): raw=0.4268 smooth(5)=0.3558
2026-07-30 03:12:48,541 - portable_sam_fusion - INFO - Epoch 5/80 | train=0.498572 val=disabled segm/mAP=0.4268 bbox/mAP=0.5378 | best_segm=0.4350 best_bbox=0.5630 best_comp=0.0000 | sat_backbone=4.97e-04 mask_decoder=4.97e-04 shape_prior=4.97e-04 quality_head=4.97e-04 sat_other=4.97e-04
2026-07-30 03:13:26,843 - portable_sam_fusion - INFO - [DEBUG-BOX] epoch=6 step=1500 fallback_count=0 fallback_ratio=0 num_rois=64 refined_proposal_iou=0 refined_proposal_iou_sum=0 refined_valid_count=0
2026-07-30 03:13:26,843 - portable_sam_fusion - INFO - [DEBUG-COARSE] epoch=6 step=1500 bce_raw=0.2455 boundary_fn=7506 boundary_fp=5936 boundary_tp=1.978e+04 dice=0.1335 dice_loss_raw=0.1335 iou=0.77 loss_weight=0.1 raw_boundary_fn=7506 raw_boundary_fp=5936 raw_boundary_tp=1.978e+04 raw_dice_score=0.8665 raw_iou=0.77 weighted_loss=0.0379
2026-07-30 03:13:26,843 - portable_sam_fusion - INFO - [DEBUG-CONTEXT] epoch=6 step=1500 enabled=0
2026-07-30 03:13:26,843 - portable_sam_fusion - INFO - [DEBUG-DENSE] epoch=6 step=1500 applied_delta_norm=4.078 applied_delta_ratio=0.3492 base_norm=11.68 canvas_max=8 canvas_mean=0.005024 canvas_min=-8 canvas_nonzero_ratio=0.02578 canvas_std=0.6365 final_norm=12.69 residual_alpha=0.5 shape_norm=15.08 source_delta_norm=8.157 source_delta_ratio=0.6985
2026-07-30 03:13:26,843 - portable_sam_fusion - INFO - [DEBUG-GATE] epoch=6 step=1500 shape_dense_alpha_max=0.5 shape_dense_alpha_mean=0.5 shape_dense_alpha_min=0.5
2026-07-30 03:13:26,844 - portable_sam_fusion - INFO - [DEBUG-JITTER] epoch=6 step=1500 area_ratio_count=64 area_ratio_mean=1 area_ratio_sum=64 fallback_count=0 mean_iou=1 num_jittered=0 num_rois=64
2026-07-30 03:13:26,844 - portable_sam_fusion - INFO - [DEBUG-SP] epoch=6 step=1500 all_invalid_count=0 all_invalid_ratio=0 empty_count=0 empty_ratio=0 full_count=0 full_ratio=0 mean_point_distance=42.74 n1_gt_valid_count=64 n1_in_gt_bg=0.8906 n1_in_gt_bg_count=57 n1_valid_count=64 n1_valid_ratio=1 n2_gt_valid_count=64 n2_in_gt_bg=1 n2_in_gt_bg_count=64 n2_valid_count=64 n2_valid_ratio=1 neg_in_pred_bg=1 neg_in_pred_bg_count=128 negative_pair_count=64 negative_pair_distance_sum=3901 p1_gt_valid_count=64 p1_in_gt_fg=0.9844 p1_in_gt_fg_count=63 p1_valid_count=64 p1_valid_ratio=1 p2_gt_valid_count=64 p2_in_gt_fg=1 p2_in_gt_fg_count=64 p2_valid_count=64 p2_valid_ratio=1 point_distance_sum=5471 point_overlap_count=0 point_overlap_ratio=0 point_pair_count=128 pos_in_pred_fg=1 pos_in_pred_fg_count=128 positive_pair_count=64 positive_pair_distance_sum=1570 roi_count=64 valid_neg_count=128 valid_pos_count=128 warmup_stage=2
2026-07-30 03:14:35,325 - portable_sam_fusion - INFO - [DEBUG-BOX] epoch=6 step=1550 fallback_count=0 fallback_ratio=0 num_rois=64 refined_proposal_iou=0 refined_proposal_iou_sum=0 refined_valid_count=0
2026-07-30 03:14:35,325 - portable_sam_fusion - INFO - [DEBUG-COARSE] epoch=6 step=1550 bce_raw=0.1938 boundary_fn=4393 boundary_fp=4509 boundary_tp=1.912e+04 dice=0.07613 dice_loss_raw=0.07613 iou=0.8604 loss_weight=0.1 raw_boundary_fn=4393 raw_boundary_fp=4509 raw_boundary_tp=1.912e+04 raw_dice_score=0.9239 raw_iou=0.8604 weighted_loss=0.02699
2026-07-30 03:14:35,325 - portable_sam_fusion - INFO - [DEBUG-CONTEXT] epoch=6 step=1550 enabled=0
2026-07-30 03:14:35,325 - portable_sam_fusion - INFO - [DEBUG-DENSE] epoch=6 step=1550 applied_delta_norm=2.378 applied_delta_ratio=0.2037 base_norm=11.68 canvas_max=7.74 canvas_mean=0.004375 canvas_min=-8 canvas_nonzero_ratio=0.004652 canvas_std=0.3385 final_norm=11.88 residual_alpha=0.5 shape_norm=12.58 source_delta_norm=4.757 source_delta_ratio=0.4073
2026-07-30 03:14:35,325 - portable_sam_fusion - INFO - [DEBUG-GATE] epoch=6 step=1550 shape_dense_alpha_max=0.5 shape_dense_alpha_mean=0.5 shape_dense_alpha_min=0.5
2026-07-30 03:14:35,325 - portable_sam_fusion - INFO - [DEBUG-JITTER] epoch=6 step=1550 area_ratio_count=64 area_ratio_mean=1 area_ratio_sum=64 fallback_count=0 mean_iou=1 num_jittered=0 num_rois=64
2026-07-30 03:14:35,325 - portable_sam_fusion - INFO - [DEBUG-SP] epoch=6 step=1550 all_invalid_count=0 all_invalid_ratio=0 empty_count=0 empty_ratio=0 full_count=0 full_ratio=0 mean_point_distance=26.97 n1_gt_valid_count=64 n1_in_gt_bg=0.8281 n1_in_gt_bg_count=53 n1_valid_count=64 n1_valid_ratio=1 n2_gt_valid_count=64 n2_in_gt_bg=0.9688 n2_in_gt_bg_count=62 n2_valid_count=64 n2_valid_ratio=1 neg_in_pred_bg=1 neg_in_pred_bg_count=128 negative_pair_count=64 negative_pair_distance_sum=2674 p1_gt_valid_count=64 p1_in_gt_fg=1 p1_in_gt_fg_count=64 p1_valid_count=64 p1_valid_ratio=1 p2_gt_valid_count=64 p2_in_gt_fg=1 p2_in_gt_fg_count=64 p2_valid_count=64 p2_valid_ratio=1 point_distance_sum=3452 point_overlap_count=0 point_overlap_ratio=0 point_pair_count=128 pos_in_pred_fg=1 pos_in_pred_fg_count=128 positive_pair_count=64 positive_pair_distance_sum=777.2 roi_count=64 valid_neg_count=128 valid_pos_count=128 warmup_stage=2
2026-07-30 03:15:34,932 - portable_sam_fusion - INFO - epoch 6 | mini-batch 120/294 | optimizer_step 400/5920 | lr=4.967e-04
2026-07-30 03:15:50,234 - portable_sam_fusion - INFO - [DEBUG-BOX] epoch=6 step=1600 fallback_count=0 fallback_ratio=0 num_rois=32 refined_proposal_iou=0 refined_proposal_iou_sum=0 refined_valid_count=0
2026-07-30 03:15:50,234 - portable_sam_fusion - INFO - [DEBUG-COARSE] epoch=6 step=1600 bce_raw=0.1354 boundary_fn=820 boundary_fp=713 boundary_tp=1.126e+04 dice=0.08161 dice_loss_raw=0.08161 iou=0.8494 loss_weight=0.1 raw_boundary_fn=820 raw_boundary_fp=713 raw_boundary_tp=1.126e+04 raw_dice_score=0.9184 raw_iou=0.8494 weighted_loss=0.0217
2026-07-30 03:15:50,234 - portable_sam_fusion - INFO - [DEBUG-CONTEXT] epoch=6 step=1600 enabled=0
2026-07-30 03:15:50,234 - portable_sam_fusion - INFO - [DEBUG-DENSE] epoch=6 step=1600 applied_delta_norm=1.327 applied_delta_ratio=0.1137 base_norm=11.68 canvas_max=7.732 canvas_mean=0.001441 canvas_min=-7.995 canvas_nonzero_ratio=0.001852 canvas_std=0.1981 final_norm=11.73 residual_alpha=0.5 shape_norm=11.95 source_delta_norm=2.655 source_delta_ratio=0.2273
2026-07-30 03:15:50,234 - portable_sam_fusion - INFO - [DEBUG-GATE] epoch=6 step=1600 shape_dense_alpha_max=0.5 shape_dense_alpha_mean=0.5 shape_dense_alpha_min=0.5
2026-07-30 03:15:50,234 - portable_sam_fusion - INFO - [DEBUG-JITTER] epoch=6 step=1600 area_ratio_count=32 area_ratio_mean=1 area_ratio_sum=32 fallback_count=0 mean_iou=1 num_jittered=0 num_rois=32
2026-07-30 03:15:50,234 - portable_sam_fusion - INFO - [DEBUG-SP] epoch=6 step=1600 all_invalid_count=0 all_invalid_ratio=0 empty_count=0 empty_ratio=0 full_count=0 full_ratio=0 mean_point_distance=15.88 n1_gt_valid_count=32 n1_in_gt_bg=0.7812 n1_in_gt_bg_count=25 n1_valid_count=32 n1_valid_ratio=1 n2_gt_valid_count=32 n2_in_gt_bg=1 n2_in_gt_bg_count=32 n2_valid_count=32 n2_valid_ratio=1 neg_in_pred_bg=1 neg_in_pred_bg_count=64 negative_pair_count=32 negative_pair_distance_sum=847.9 p1_gt_valid_count=32 p1_in_gt_fg=1 p1_in_gt_fg_count=32 p1_valid_count=32 p1_valid_ratio=1 p2_gt_valid_count=32 p2_in_gt_fg=1 p2_in_gt_fg_count=32 p2_valid_count=32 p2_valid_ratio=1 point_distance_sum=1016 point_overlap_count=0 point_overlap_ratio=0 point_pair_count=64 pos_in_pred_fg=1 pos_in_pred_fg_count=64 positive_pair_count=32 positive_pair_distance_sum=168.2 roi_count=32 valid_neg_count=64 valid_pos_count=64 warmup_stage=2
2026-07-30 03:16:46,131 - portable_sam_fusion - INFO - [DEBUG-BOX] epoch=6 step=1650 fallback_count=0 fallback_ratio=0 num_rois=64 refined_proposal_iou=0 refined_proposal_iou_sum=0 refined_valid_count=0
2026-07-30 03:16:46,131 - portable_sam_fusion - INFO - [DEBUG-COARSE] epoch=6 step=1650 bce_raw=0.2571 boundary_fn=5992 boundary_fp=4103 boundary_tp=1.977e+04 dice=0.1135 dice_loss_raw=0.1135 iou=0.8024 loss_weight=0.1 raw_boundary_fn=5992 raw_boundary_fp=4103 raw_boundary_tp=1.977e+04 raw_dice_score=0.8865 raw_iou=0.8024 weighted_loss=0.03706
2026-07-30 03:16:46,131 - portable_sam_fusion - INFO - [DEBUG-CONTEXT] epoch=6 step=1650 enabled=0
2026-07-30 03:16:46,131 - portable_sam_fusion - INFO - [DEBUG-DENSE] epoch=6 step=1650 applied_delta_norm=3.008 applied_delta_ratio=0.2576 base_norm=11.68 canvas_max=8 canvas_mean=0.002045 canvas_min=-8 canvas_nonzero_ratio=0.007856 canvas_std=0.4436 final_norm=12.03 residual_alpha=0.5 shape_norm=13.21 source_delta_norm=6.016 source_delta_ratio=0.5151
2026-07-30 03:16:46,131 - portable_sam_fusion - INFO - [DEBUG-GATE] epoch=6 step=1650 shape_dense_alpha_max=0.5 shape_dense_alpha_mean=0.5 shape_dense_alpha_min=0.5
2026-07-30 03:16:46,131 - portable_sam_fusion - INFO - [DEBUG-JITTER] epoch=6 step=1650 area_ratio_count=64 area_ratio_mean=1 area_ratio_sum=64 fallback_count=0 mean_iou=1 num_jittered=0 num_rois=64
2026-07-30 03:16:46,132 - portable_sam_fusion - INFO - [DEBUG-SP] epoch=6 step=1650 all_invalid_count=0 all_invalid_ratio=0 empty_count=0 empty_ratio=0 full_count=0 full_ratio=0 mean_point_distance=28.63 n1_gt_valid_count=64 n1_in_gt_bg=0.5938 n1_in_gt_bg_count=38 n1_valid_count=64 n1_valid_ratio=1 n2_gt_valid_count=64 n2_in_gt_bg=0.9844 n2_in_gt_bg_count=63 n2_valid_count=64 n2_valid_ratio=1 neg_in_pred_bg=1 neg_in_pred_bg_count=128 negative_pair_count=64 negative_pair_distance_sum=2839 p1_gt_valid_count=64 p1_in_gt_fg=1 p1_in_gt_fg_count=64 p1_valid_count=64 p1_valid_ratio=1 p2_gt_valid_count=64 p2_in_gt_fg=1 p2_in_gt_fg_count=64 p2_valid_count=64 p2_valid_ratio=1 point_distance_sum=3665 point_overlap_count=0 point_overlap_ratio=0 point_pair_count=128 pos_in_pred_fg=1 pos_in_pred_fg_count=128 positive_pair_count=64 positive_pair_distance_sum=826.4 roi_count=64 valid_neg_count=128 valid_pos_count=128 warmup_stage=2
2026-07-30 03:17:57,509 - portable_sam_fusion - INFO - [DEBUG-BOX] epoch=6 step=1700 fallback_count=0 fallback_ratio=0 num_rois=64 refined_proposal_iou=0 refined_proposal_iou_sum=0 refined_valid_count=0
2026-07-30 03:17:57,509 - portable_sam_fusion - INFO - [DEBUG-COARSE] epoch=6 step=1700 bce_raw=0.2632 boundary_fn=5175 boundary_fp=5765 boundary_tp=1.901e+04 dice=0.1108 dice_loss_raw=0.1108 iou=0.8054 loss_weight=0.1 raw_boundary_fn=5175 raw_boundary_fp=5765 raw_boundary_tp=1.901e+04 raw_dice_score=0.8892 raw_iou=0.8054 weighted_loss=0.03741
2026-07-30 03:17:57,509 - portable_sam_fusion - INFO - [DEBUG-CONTEXT] epoch=6 step=1700 enabled=0
2026-07-30 03:17:57,509 - portable_sam_fusion - INFO - [DEBUG-DENSE] epoch=6 step=1700 applied_delta_norm=2.256 applied_delta_ratio=0.1932 base_norm=11.68 canvas_max=7.728 canvas_mean=0.002387 canvas_min=-8 canvas_nonzero_ratio=0.005691 canvas_std=0.3582 final_norm=11.91 residual_alpha=0.5 shape_norm=12.69 source_delta_norm=4.512 source_delta_ratio=0.3863
2026-07-30 03:17:57,509 - portable_sam_fusion - INFO - [DEBUG-GATE] epoch=6 step=1700 shape_dense_alpha_max=0.5 shape_dense_alpha_mean=0.5 shape_dense_alpha_min=0.5
2026-07-30 03:17:57,509 - portable_sam_fusion - INFO - [DEBUG-JITTER] epoch=6 step=1700 area_ratio_count=64 area_ratio_mean=1 area_ratio_sum=64 fallback_count=0 mean_iou=1 num_jittered=0 num_rois=64
2026-07-30 03:17:57,509 - portable_sam_fusion - INFO - [DEBUG-SP] epoch=6 step=1700 all_invalid_count=0 all_invalid_ratio=0 empty_count=0 empty_ratio=0 full_count=0 full_ratio=0 mean_point_distance=27.28 n1_gt_valid_count=64 n1_in_gt_bg=0.75 n1_in_gt_bg_count=48 n1_valid_count=64 n1_valid_ratio=1 n2_gt_valid_count=64 n2_in_gt_bg=0.9531 n2_in_gt_bg_count=61 n2_valid_count=64 n2_valid_ratio=1 neg_in_pred_bg=1 neg_in_pred_bg_count=128 negative_pair_count=64 negative_pair_distance_sum=2739 p1_gt_valid_count=64 p1_in_gt_fg=1 p1_in_gt_fg_count=64 p1_valid_count=64 p1_valid_ratio=1 p2_gt_valid_count=64 p2_in_gt_fg=1 p2_in_gt_fg_count=64 p2_valid_count=64 p2_valid_ratio=1 point_distance_sum=3491 point_overlap_count=0 point_overlap_ratio=0 point_pair_count=128 pos_in_pred_fg=1 pos_in_pred_fg_count=128 positive_pair_count=64 positive_pair_distance_sum=751.9 roi_count=64 valid_neg_count=128 valid_pos_count=128 warmup_stage=2
W0730 03:18:39.668559 408809 site-packages/torch/distributed/elastic/agent/server/api.py:723] Received Signals.SIGTERM death signal, shutting down workers
W0730 03:18:39.675873 408809 site-packages/torch/distributed/elastic/multiprocessing/api.py:900] Sending process 408888 closing signal SIGTERM
W0730 03:18:39.677769 408809 site-packages/torch/distributed/elastic/multiprocessing/api.py:900] Sending process 408889 closing signal SIGTERM
Traceback (most recent call last):
  File "/home/wangcheng/miniconda3/envs/cvt2/lib/python3.9/runpy.py", line 197, in _run_module_as_main
    return _run_code(code, main_globals, None,
  File "/home/wangcheng/miniconda3/envs/cvt2/lib/python3.9/runpy.py", line 87, in _run_code
    exec(code, run_globals)
  File "/home/wangcheng/miniconda3/envs/cvt2/lib/python3.9/site-packages/torch/distributed/run.py", line 905, in <module>
    main()
  File "/home/wangcheng/miniconda3/envs/cvt2/lib/python3.9/site-packages/torch/distributed/elastic/multiprocessing/errors/__init__.py", line 357, in wrapper
    return f(*args, **kwargs)
  File "/home/wangcheng/miniconda3/envs/cvt2/lib/python3.9/site-packages/torch/distributed/run.py", line 901, in main
    run(args)
  File "/home/wangcheng/miniconda3/envs/cvt2/lib/python3.9/site-packages/torch/distributed/run.py", line 892, in run
    elastic_launch(
  File "/home/wangcheng/miniconda3/envs/cvt2/lib/python3.9/site-packages/torch/distributed/launcher/api.py", line 143, in __call__
    return launch_agent(self._config, self._entrypoint, list(args))
  File "/home/wangcheng/miniconda3/envs/cvt2/lib/python3.9/site-packages/torch/distributed/launcher/api.py", line 268, in launch_agent
    result = agent.run()
  File "/home/wangcheng/miniconda3/envs/cvt2/lib/python3.9/site-packages/torch/distributed/elastic/metrics/api.py", line 138, in wrapper
    result = f(*args, **kwargs)
  File "/home/wangcheng/miniconda3/envs/cvt2/lib/python3.9/site-packages/torch/distributed/elastic/agent/server/api.py", line 715, in run
    result = self._invoke_run(role)
  File "/home/wangcheng/miniconda3/envs/cvt2/lib/python3.9/site-packages/torch/distributed/elastic/agent/server/api.py", line 879, in _invoke_run
    time.sleep(monitor_interval)
  File "/home/wangcheng/miniconda3/envs/cvt2/lib/python3.9/site-packages/torch/distributed/elastic/multiprocessing/api.py", line 84, in _terminate_process_handler
    raise SignalException(f"Process {os.getpid()} got signal: {sigval}", sigval=sigval)
torch.distributed.elastic.multiprocessing.api.SignalException: Process 408809 got signal: 15
