terminal_log=/home/wangcheng/project/new/portable_sam2_explicit_coarse/logs/ablations/c5v2_pafpn_coarse_p2_boundary_refiner_emb64_tr0.2_va1.0_20260729_235752_pid375615.log
/home/wangcheng/miniconda3/envs/cvt2/lib/python3.9/site-packages/imagecorruptions/corruptions.py:17: UserWarning: pkg_resources is deprecated as an API. See https://setuptools.pypa.io/en/latest/pkg_resources.html. The pkg_resources package is slated for removal as early as 2025-11-30. Refrain from using this package or pin to Setuptools<81.
  from pkg_resources import resource_filename
{"ablation_id": "c5v2_pafpn_coarse_p2_boundary_refiner_emb64", "architecture_contract": {"architecture_id": "c5v2_pafpn_coarse_p2_boundary_refiner_emb64", "model_fingerprint": "84f17a955f7bca604f848e18ab9d5d7f21e084a7ab7f613bc979d1e6760b89f3", "schema_version": 2}, "config": "configs/whu1024_baseplus_explicit_coarse.py", "dense_prompt_enabled": true, "explicit_prompt_mode": "points_box_dense", "final_mask_coordinate_mode": "full_image", "final_mask_loss_config": {}, "final_mask_loss_mode": "standard", "neck": "RSSAM2PAFPN", "p2_boundary_refiner_config": {"aligned": true, "beta": 0.2, "boundary_band_radius": 2, "boundary_loss_weight": 0.05, "coarse_size": 64, "delta_logit_max": 2.0, "enabled": true, "foreground_thr": 0.5, "max_search_coverage": 0.5, "mid_channels": 64, "p2_in_channels": 512, "projected_channels": 64, "roi_output_size": 32, "sampling_ratio": 0, "search_band_radius": 4, "spatial_scale": 0.25, "zero_init_residual": true}, "p2_boundary_refiner_enabled": true, "prompt_encoder_enabled": true, "prompt_route": "coarse", "prompt_sparse_mode": "shape_point", "quality_head_enabled": false, "roi_sam_config": {}, "roi_sam_enabled": false, "sam_image_embedding_size": 64, "sam_image_embedding_stride": 16, "segm_score_key": "scores", "segm_score_mode": "detector", "shape_context_fusion": "roi_only", "shape_loss_schedule_mode": "fixed", "shape_point_adaptive_validity": true, "shape_prior_enabled": true, "shape_prior_loss_weight": 0.1, "subset_seed": 44, "train_subset_ratio": 0.2, "val_subset_ratio": 1.0}
ablation contract: OK
============================================================
resolved_hyperparameters_begin
timestamp=20260729_235752
environment_config=/home/wangcheng/project/new/portable_sam2_explicit_coarse/configs/environment.local.sh
git_commit=88c4b3ebebc720b5e4c42f3c7adbd8494cad944d
ablation_id=c5v2_pafpn_coarse_p2_boundary_refiner_emb64
expected_architecture_id=c5v2_pafpn_coarse_p2_boundary_refiner_emb64
run_tag=c5v2_pafpn_coarse_p2_boundary_refiner_emb64
run_suffix=
neck_type=pafpn
prompt_route=coarse
prompt_generator_mode=explicit_mask
prompt_sparse_mode=shape_point
prompt_encoder_enabled=1
shape_prior_enabled=1
explicit_prompt_mode=points_box_dense
p2_boundary_refiner_enabled=1
final_mask_coordinate_mode=full_image
final_mask_loss_mode=standard
final_mask_roi_expand_ratio=1.20
final_mask_roi_bce_weight=1.0
final_mask_roi_dice_weight=1.0
final_mask_outside_bce_weight=0.05
roi_sam_enabled=0
roi_sam_sampling_ratio=2
sam_image_embedding_stride=16
sam_image_embedding_size=64
train_subset_ratio=0.2
val_subset_ratio=1.0
val_batch_size=1
subset_seed=44
python=/home/wangcheng/miniconda3/envs/cvt2/bin/python
nproc_per_node=2
master_port=35615
master_port_source=auto_pid
ddp_timeout_seconds=1800
ddp_timeout_source=baseline_default
ddp_control_backend=gloo
ddp_control_timeout_seconds=86400
cuda_visible_devices=0,3
batch_size_per_rank=1
grad_accum_steps=4
effective_global_batch_size=8
epochs=80
learning_rate=5e-4
amp=0
ema_enabled=0
ema_decay=0.999
ema_eval=0
ema_save_best=0
val_every_n_epochs=1
compute_val_loss=0
save_bbox_best_metric=bbox/mAP
segm_score_mode=detector
early_stopping_patience=10
early_stopping_start_epoch=20
early_stopping_min_delta=5e-4
early_stopping_smooth_window=5
sat_backbone_lr_mult=1.0
sat_other_lr_mult=1.0
mask_decoder_lr_mult=1.0
no_mask_lr_mult=1.0
prompt_encoder_lr_mult=0.0
shape_prior_lr_mult=1.0
shape_context_fusion=roi_only
p2_boundary_refiner_lr_mult=1.0
p2_boundary_refiner_projected_channels=64
p2_boundary_refiner_mid_channels=64
p2_boundary_refiner_delta_logit_max=2.0
p2_boundary_refiner_loss_weight=0.05
allow_cross_arch_init=0
warmup_iters=100
weight_decay=0.05
det_loss_stage1_end=5
det_loss_stage2_end=10
det_loss_weight_stage1=1.0
det_loss_weight_stage2=1.0
det_loss_weight_stage3=1.0
ema_update_every=1
ema_eval_start_epoch=5
shape_point_adaptive_validity=1
shape_loss_schedule_mode=fixed
shape_prior_loss_weight=0.10
shape_loss_stage1_end=5
shape_loss_weight_stage1=0.20
shape_loss_weight_stage2=0.10
point_warmup_enabled=0
point_warmup_no_point_epochs=0
point_warmup_one_pair_epochs=0
point_warmup_full_start_epoch=1
prompt_debug_stats=1
prompt_debug_stats_interval=50
max_train_batches=0
max_val_batches=0
init_from=
init_exclude_prefixes=
resume_from=
check_data=0
preflight_model=0
dry_run=0
run_in_background=1
sam2_repo=/home/wangcheng/project/new/sam2
sam2_checkpoint=/data1/wangcheng/pretrained/sam2_hiera_base_plus.pt
data_root=/data1/wangcheng/dataset/WHU
checkpoint_root=/data1/wangcheng/checkpoint/portable_sam2_explicit_coarse
log_root=/home/wangcheng/project/new/portable_sam2_explicit_coarse/logs
tmp_root=/tmp/portable_sam2_explicit_coarse
config=configs/whu1024_baseplus_explicit_coarse.py
checkpoint_dir=/data1/wangcheng/checkpoint/portable_sam2_explicit_coarse/ablations/c5v2_pafpn_coarse_p2_boundary_refiner_emb64_tr0.2_va1.0
log_file=/home/wangcheng/project/new/portable_sam2_explicit_coarse/logs/ablations/c5v2_pafpn_coarse_p2_boundary_refiner_emb64_tr0.2_va1.0_20260729_235752_pid375615.log
command= /home/wangcheng/miniconda3/envs/cvt2/bin/python -m torch.distributed.run --nproc_per_node=2 --master_port=35615 train/train_rsprompter_fusion.py --config configs/whu1024_baseplus_explicit_coarse.py --data-root /data1/wangcheng/dataset/WHU --use-whu-coco --image-size 1024 1024 --batch-size 1 --grad-accum-steps 4 --epochs 80 --lr 5e-4 --checkpoint-dir /data1/wangcheng/checkpoint/portable_sam2_explicit_coarse/ablations/c5v2_pafpn_coarse_p2_boundary_refiner_emb64_tr0.2_va1.0 --train-subset-ratio 0.2 --val-subset-ratio 1.0 --val-batch-size 1 --seed 44 --amp 0 --ema-enabled 0 --ema-decay 0.999 --ema-eval 0 --ema-save-best 0 --val-every-n-epochs 1 --compute-val-loss 0 --early-stopping-patience 10 --early-stopping-start-epoch 20 --early-stopping-min-delta 5e-4 --early-stopping-smooth-window 5 --sat-backbone-lr-mult 1.0 --sat-other-lr-mult 1.0 --mask-decoder-lr-mult 1.0 --no-mask-lr-mult 1.0 --prompt-encoder-lr-mult 0.0 --shape-prior-lr-mult 1.0 --p2-boundary-refiner-lr-mult 1.0 --warmup-iters 100 --weight-decay 0.05 --det-loss-stage1-end 5 --det-loss-stage2-end 10 --det-loss-weight-stage1 1.0 --det-loss-weight-stage2 1.0 --det-loss-weight-stage3 1.0 --ema-update-every 1 --ema-eval-start-epoch 5 --prompt-debug-stats 1 --prompt-debug-stats-interval 50
resolved_hyperparameters_end
============================================================
launch_mode=background
background_pid=375786
follow_log=tail -f /home/wangcheng/project/new/portable_sam2_explicit_coarse/logs/ablations/c5v2_pafpn_coarse_p2_boundary_refiner_emb64_tr0.2_va1.0_20260729_235752_pid375615.log
status_command=ps -fp 375786

*****************************************
Setting OMP_NUM_THREADS environment variable for each process to be 1 in default, to avoid your system being overloaded, please further tune the variable for optimal performance in your application as needed. 
*****************************************
/home/wangcheng/miniconda3/envs/cvt2/lib/python3.9/site-packages/imagecorruptions/corruptions.py:17: UserWarning: pkg_resources is deprecated as an API. See https://setuptools.pypa.io/en/latest/pkg_resources.html. The pkg_resources package is slated for removal as early as 2025-11-30. Refrain from using this package or pin to Setuptools<81.
  from pkg_resources import resource_filename
/home/wangcheng/miniconda3/envs/cvt2/lib/python3.9/site-packages/imagecorruptions/corruptions.py:17: UserWarning: pkg_resources is deprecated as an API. See https://setuptools.pypa.io/en/latest/pkg_resources.html. The pkg_resources package is slated for removal as early as 2025-11-30. Refrain from using this package or pin to Setuptools<81.
  from pkg_resources import resource_filename
[seed] Random seed fixed to 44 | cudnn.deterministic=True
[Gloo] Rank 0 is connected to 1 peer ranks. Expected number of connected peer ranks is : 1
[Gloo] Rank 1 is connected to 1 peer ranks. Expected number of connected peer ranks is : 1
2026-07-29 23:58:07,265 - portable_sam_fusion - INFO - DDP process-group timeout: 1800 seconds
2026-07-29 23:58:07,266 - portable_sam_fusion - INFO - DDP validation control: backend=gloo timeout=86400 seconds
2026-07-29 23:58:08,368 - portable_sam_fusion - INFO - Architecture contract: id=c5v2_pafpn_coarse_p2_boundary_refiner_emb64 schema=2 fingerprint=84f17a955f7bca604f848e18ab9d5d7f21e084a7ab7f613bc979d1e6760b89f3
[RSSAM2VisionEncoder] Loading SAM2 base_plus model
  - embed_dim: 112
  - stages: (2, 3, 16, 3)
  - backbone_channels: [896, 448, 224, 112]
Loads checkpoint by local backend from path: /data1/wangcheng/pretrained/sam2_hiera_base_plus.pt
Loads checkpoint by local backend from path: /data1/wangcheng/pretrained/sam2_hiera_base_plus.pt
[ImageEncoder(base_plus)] Loaded 306 keys. missing=0, unexpected=0
[RSSAM2VisionEncoder] Applied LoRA with config:
  - r=16, alpha=32
  - target_modules=['qkv', 'proj']
  - dropout=0.05
  - modules_to_save=['neck']
trainable params: 1,492,528 || all params: 70,599,344 || trainable%: 2.114081966540652
[RSSAM2VisionEncoder] LoRA audit: backbone total=70599344, trainable=1492528, lora_trainable=1061424, unexpected_trainable=0
[SAM2] using package: /home/wangcheng/project/new/sam2/sam2/__init__.py
Loads checkpoint by local backend from path: /data1/wangcheng/pretrained/sam2_hiera_base_plus.pt
Loads checkpoint by local backend from path: /data1/wangcheng/pretrained/sam2_hiera_base_plus.pt
[MaskDecoder] Loaded 131 keys. missing=0, unexpected=0
  use_high_res_features: True
  Has conv_s0: True
  Has conv_s1: True
Loads checkpoint by local backend from path: /data1/wangcheng/pretrained/sam2_hiera_base_plus.pt
Loads checkpoint by local backend from path: /data1/wangcheng/pretrained/sam2_hiera_base_plus.pt
[MaskHead] Initialized no_mask_embed from SAM2 ckpt, frozen, abs_mean=0.01521041
Loads checkpoint by local backend from path: /data1/wangcheng/pretrained/sam2_hiera_base_plus.pt
Loads checkpoint by local backend from path: /data1/wangcheng/pretrained/sam2_hiera_base_plus.pt[PromptEncoder] Loaded 17 keys. missing=0, unexpected=0

2026-07-29 23:58:10,976 - portable_sam_fusion - INFO - Evaluation score contract: bbox=scores segm=scores mode=detector
2026-07-29 23:58:14,783 - data.whu_instance_dataset - INFO - 加载 WHU 样本: 2943 (train.json)
2026-07-29 23:58:14,825 - data.whu_instance_dataset - INFO - 加载 WHU 样本: 2943 (train.json)
2026-07-29 23:58:14,929 - data.loader - INFO - WHU train subset: 588/2943 images (ratio=0.200000, seed=44)
2026-07-29 23:58:14,975 - data.loader - INFO - WHU train subset: 588/2943 images (ratio=0.200000, seed=44)
2026-07-29 23:58:15,073 - data.whu_instance_dataset - INFO - 加载 WHU 样本: 627 (validation.json)
2026-07-29 23:58:15,073 - data.loader - INFO - 创建 WHU 验证集加载器: 627 样本
2026-07-29 23:58:15,074 - portable_sam_fusion - INFO - Validation policy: rank0_only=1 batch_size=1 every_n_epochs=1 compute_loss=0
2026-07-29 23:58:15,074 - portable_sam_fusion - INFO - Dataset size: 588 | mini-batch/epoch=294 | grad_accum=4 | optimizer_steps/epoch=74 | total_optimizer_steps=5920
2026-07-29 23:58:15,078 - portable_sam_fusion - INFO - Optimizer group sat_backbone    params=1492528 tensors=112 lr=5.000e-04 wd=5.000e-02 first=backbone.encoder.base_model.model.trunk.patch_embed.proj.lora_A.default.weight last=backbone.encoder.base_model.model.neck.modules_to_save.default.convs.3.conv.bias
2026-07-29 23:58:15,078 - portable_sam_fusion - INFO - Optimizer group mask_decoder    params=4082497 tensors=125 lr=5.000e-04 wd=5.000e-02 first=roi_head.mask_head.mask_decoder.decoder.transformer.layers.0.self_attn.q_proj.weight last=roi_head.mask_head.mask_decoder.decoder.pred_obj_score_head.layers.2.bias
2026-07-29 23:58:15,078 - portable_sam_fusion - INFO - Optimizer group shape_prior     params=960385 tensors=18 lr=5.000e-04 wd=5.000e-02 first=roi_head.mask_head.shape_injector.mask_decoder.net.0.weight last=roi_head.mask_head.shape_injector.mask_decoder.net.14.bias
2026-07-29 23:58:15,078 - portable_sam_fusion - INFO - Optimizer group p2_boundary_refiner params=145729 tensors=14 lr=5.000e-04 wd=5.000e-02 first=roi_head.mask_head.p2_boundary_refiner.p2_projection.0.weight last=roi_head.mask_head.p2_boundary_refiner.residual_head.bias
2026-07-29 23:58:15,078 - portable_sam_fusion - INFO - Optimizer group quality_head    params=132612 tensors=6 lr=5.000e-04 wd=5.000e-02 first=roi_head.mask_head.mask_decoder.decoder.iou_prediction_head.layers.0.weight last=roi_head.mask_head.mask_decoder.decoder.iou_prediction_head.layers.2.bias
2026-07-29 23:58:15,078 - portable_sam_fusion - INFO - Optimizer group sat_other       params=37130794 tensors=79 lr=5.000e-04 wd=5.000e-02 first=neck.level_scales last=roi_head.mask_head.shape_dense_alpha_raw
2026-07-29 23:58:15,081 - portable_sam_fusion - INFO - Trainable state backbone               1492528 / 70599344
2026-07-29 23:58:15,081 - portable_sam_fusion - INFO - Trainable state shared_image_embedding absent
2026-07-29 23:58:15,082 - portable_sam_fusion - INFO - Trainable state mask_decoder           4215109 / 4215109
2026-07-29 23:58:15,082 - portable_sam_fusion - INFO - Trainable state no_mask_embed          0 / 256
2026-07-29 23:58:15,082 - portable_sam_fusion - INFO - Trainable state prompt_encoder         0 / 6220
2026-07-29 23:58:15,082 - portable_sam_fusion - INFO - Trainable state shape_injector         960385 / 960385
2026-07-29 23:58:15,082 - portable_sam_fusion - INFO - Trainable state p2_boundary_refiner    145729 / 145729
2026-07-29 23:58:15,082 - portable_sam_fusion - INFO - Trainable state quality_head           absent
2026-07-29 23:58:15,082 - portable_sam_fusion - INFO - Trainable state uav_roi_retriever      absent
2026-07-29 23:58:15,082 - portable_sam_fusion - INFO - Trainable state uav_roi_gate           absent
2026-07-29 23:58:15,082 - portable_sam_fusion - INFO - Trainable state uav_roi_dense_prompt   absent
2026-07-29 23:58:15,082 - portable_sam_fusion - INFO - Trainable state uav_roi_prompt_adapter absent
2026-07-29 23:58:15,082 - portable_sam_fusion - INFO - Trainable state uav_prompt_adapter_sparse_scale absent
2026-07-29 23:58:15,082 - portable_sam_fusion - INFO - Trainable state uav_prompt_adapter_dense_scale absent
2026-07-29 23:58:15,082 - portable_sam_fusion - INFO - Using user-specified warmup: 100 optimizer steps
2026-07-29 23:58:15,117 - data.whu_instance_dataset - INFO - 加载 WHU 样本: 627 (validation.json)
2026-07-29 23:58:15,118 - data.loader - INFO - 创建 WHU 验证集加载器: 627 样本
[DEBUG] RSSAM2PAFPN inputs: 4 tensors
  [0] shape=torch.Size([1, 256, 256, 256]), dtype=torch.float32
  [1] shape=torch.Size([1, 256, 128, 128]), dtype=torch.float32
  [2] shape=torch.Size([1, 256, 64, 64]), dtype=torch.float32
  [3] shape=torch.Size([1, 256, 32, 32]), dtype=torch.float32
2026-07-29 23:59:48,395 - portable_sam_fusion - INFO - [DEBUG-BOX] epoch=1 step=50 fallback_count=0 fallback_ratio=0 num_rois=64 refined_proposal_iou=0 refined_proposal_iou_sum=0 refined_valid_count=0
2026-07-29 23:59:48,395 - portable_sam_fusion - INFO - [DEBUG-COARSE] epoch=1 step=50 bce_raw=0.5863 boundary_fn=1.524e+04 boundary_fp=2.033e+04 boundary_loss_local_sum=43.27 boundary_tp=1.69e+04 dice=0.3345 dice_loss_raw=0.3345 iou=0.5019 loss_support_foreground_sum=3.434e+04 loss_support_pixel_sum=9.632e+04 loss_valid_roi_count=63 loss_weight=0.1 raw_boundary_fn=1.524e+04 raw_boundary_fp=2.033e+04 raw_boundary_tp=1.69e+04 raw_dice_score=0.6655 raw_iou=0.5019 refined_boundary_fn=1.523e+04 refined_boundary_fp=2.032e+04 refined_boundary_tp=1.69e+04 refined_dice_score=0.6655 refined_iou=0.5019 weighted_loss=0.09208
2026-07-29 23:59:48,395 - portable_sam_fusion - INFO - [DEBUG-CONTEXT] epoch=1 step=50 enabled=0
2026-07-29 23:59:48,395 - portable_sam_fusion - INFO - [DEBUG-DENSE] epoch=1 step=50 applied_delta_norm=3.358 applied_delta_ratio=0.1438 base_norm=23.36 canvas_max=1.811 canvas_mean=0.004912 canvas_min=-1.005 canvas_nonzero_ratio=0.006761 canvas_std=0.08073 final_norm=23.47 residual_alpha=0.25 shape_norm=26.59 source_delta_norm=13.43 source_delta_ratio=0.5751
2026-07-29 23:59:48,396 - portable_sam_fusion - INFO - [DEBUG-GATE] epoch=1 step=50 shape_dense_alpha_max=0.25 shape_dense_alpha_mean=0.25 shape_dense_alpha_min=0.25
2026-07-29 23:59:48,396 - portable_sam_fusion - INFO - [DEBUG-JITTER] epoch=1 step=50 area_ratio_count=64 area_ratio_mean=1 area_ratio_sum=64 fallback_count=0 mean_iou=1 num_jittered=0 num_rois=64
2026-07-29 23:59:48,396 - portable_sam_fusion - INFO - [DEBUG-SP] epoch=1 step=50 all_invalid_count=0 all_invalid_ratio=0 empty_count=0 empty_ratio=0 full_count=0 full_ratio=0 mean_point_distance=35.52 n1_gt_valid_count=64 n1_in_gt_bg=0.9531 n1_in_gt_bg_count=61 n1_valid_count=64 n1_valid_ratio=1 n2_gt_valid_count=64 n2_in_gt_bg=0.8594 n2_in_gt_bg_count=55 n2_valid_count=64 n2_valid_ratio=1 neg_in_pred_bg=1 neg_in_pred_bg_count=128 negative_pair_count=64 negative_pair_distance_sum=3715 p1_gt_valid_count=64 p1_in_gt_fg=0.9844 p1_in_gt_fg_count=63 p1_valid_count=64 p1_valid_ratio=1 p2_gt_valid_count=64 p2_in_gt_fg=0.9531 p2_in_gt_fg_count=61 p2_valid_count=64 p2_valid_ratio=1 point_distance_sum=4547 point_overlap_count=0 point_overlap_ratio=0 point_pair_count=128 pos_in_pred_fg=1 pos_in_pred_fg_count=128 positive_pair_count=64 positive_pair_distance_sum=831.8 roi_count=64 valid_neg_count=128 valid_pos_count=128 warmup_stage=2
2026-07-30 00:01:13,354 - portable_sam_fusion - INFO - [DEBUG-BOX] epoch=1 step=100 fallback_count=0 fallback_ratio=0 num_rois=49 refined_proposal_iou=0 refined_proposal_iou_sum=0 refined_valid_count=0
2026-07-30 00:01:13,354 - portable_sam_fusion - INFO - [DEBUG-COARSE] epoch=1 step=100 bce_raw=0.4569 boundary_fn=8433 boundary_fp=1.12e+04 boundary_loss_local_sum=23.22 boundary_tp=1.021e+04 dice=0.2598 dice_loss_raw=0.2598 iou=0.5901 loss_support_foreground_sum=2.809e+04 loss_support_pixel_sum=4.833e+04 loss_valid_roi_count=35 loss_weight=0.1 raw_boundary_fn=8433 raw_boundary_fp=1.12e+04 raw_boundary_tp=1.021e+04 raw_dice_score=0.7402 raw_iou=0.5901 refined_boundary_fn=8446 refined_boundary_fp=1.12e+04 refined_boundary_tp=1.02e+04 refined_dice_score=0.7401 refined_iou=0.59 weighted_loss=0.07167
2026-07-30 00:01:13,354 - portable_sam_fusion - INFO - [DEBUG-CONTEXT] epoch=1 step=100 enabled=0
2026-07-30 00:01:13,354 - portable_sam_fusion - INFO - [DEBUG-DENSE] epoch=1 step=100 applied_delta_norm=2.888 applied_delta_ratio=0.1236 base_norm=23.36 canvas_max=4.329 canvas_mean=0.004814 canvas_min=-1.753 canvas_nonzero_ratio=0.005746 canvas_std=0.134 final_norm=23.45 residual_alpha=0.25 shape_norm=25.92 source_delta_norm=11.55 source_delta_ratio=0.4946
2026-07-30 00:01:13,354 - portable_sam_fusion - INFO - [DEBUG-GATE] epoch=1 step=100 shape_dense_alpha_max=0.25 shape_dense_alpha_mean=0.25 shape_dense_alpha_min=0.25
2026-07-30 00:01:13,354 - portable_sam_fusion - INFO - [DEBUG-JITTER] epoch=1 step=100 area_ratio_count=49 area_ratio_mean=1 area_ratio_sum=49 fallback_count=0 mean_iou=1 num_jittered=0 num_rois=49
2026-07-30 00:01:13,354 - portable_sam_fusion - INFO - [DEBUG-SP] epoch=1 step=100 all_invalid_count=0 all_invalid_ratio=0 empty_count=0 empty_ratio=0 full_count=0 full_ratio=0 mean_point_distance=23.23 n1_gt_valid_count=49 n1_in_gt_bg=0.8367 n1_in_gt_bg_count=41 n1_valid_count=49 n1_valid_ratio=1 n2_gt_valid_count=49 n2_in_gt_bg=0.898 n2_in_gt_bg_count=44 n2_valid_count=49 n2_valid_ratio=1 neg_in_pred_bg=1 neg_in_pred_bg_count=98 negative_pair_count=49 negative_pair_distance_sum=1705 p1_gt_valid_count=49 p1_in_gt_fg=0.9796 p1_in_gt_fg_count=48 p1_valid_count=49 p1_valid_ratio=1 p2_gt_valid_count=49 p2_in_gt_fg=1 p2_in_gt_fg_count=49 p2_valid_count=49 p2_valid_ratio=1 point_distance_sum=2277 point_overlap_count=0 point_overlap_ratio=0 point_pair_count=98 pos_in_pred_fg=1 pos_in_pred_fg_count=98 positive_pair_count=49 positive_pair_distance_sum=572.2 roi_count=49 valid_neg_count=98 valid_pos_count=98 warmup_stage=2
2026-07-30 00:02:38,419 - portable_sam_fusion - INFO - [DEBUG-BOX] epoch=1 step=150 fallback_count=0 fallback_ratio=0 num_rois=64 refined_proposal_iou=0 refined_proposal_iou_sum=0 refined_valid_count=0
2026-07-30 00:02:38,419 - portable_sam_fusion - INFO - [DEBUG-COARSE] epoch=1 step=150 bce_raw=0.323 boundary_fn=7666 boundary_fp=6628 boundary_loss_local_sum=28.02 boundary_tp=2.083e+04 dice=0.1958 dice_loss_raw=0.1958 iou=0.6762 loss_support_foreground_sum=3.138e+04 loss_support_pixel_sum=6.951e+04 loss_valid_roi_count=49 loss_weight=0.1 raw_boundary_fn=7666 raw_boundary_fp=6628 raw_boundary_tp=2.083e+04 raw_dice_score=0.8042 raw_iou=0.6762 refined_boundary_fn=7681 refined_boundary_fp=6643 refined_boundary_tp=2.082e+04 refined_dice_score=0.8043 refined_iou=0.6763 weighted_loss=0.05188
2026-07-30 00:02:38,419 - portable_sam_fusion - INFO - [DEBUG-CONTEXT] epoch=1 step=150 enabled=0
2026-07-30 00:02:38,419 - portable_sam_fusion - INFO - [DEBUG-DENSE] epoch=1 step=150 applied_delta_norm=3.372 applied_delta_ratio=0.1444 base_norm=23.36 canvas_max=5.323 canvas_mean=0.005997 canvas_min=-4.008 canvas_nonzero_ratio=0.007632 canvas_std=0.2044 final_norm=23.48 residual_alpha=0.25 shape_norm=26.69 source_delta_norm=13.49 source_delta_ratio=0.5775
2026-07-30 00:02:38,419 - portable_sam_fusion - INFO - [DEBUG-GATE] epoch=1 step=150 shape_dense_alpha_max=0.25 shape_dense_alpha_mean=0.25 shape_dense_alpha_min=0.25
2026-07-30 00:02:38,419 - portable_sam_fusion - INFO - [DEBUG-JITTER] epoch=1 step=150 area_ratio_count=64 area_ratio_mean=1 area_ratio_sum=64 fallback_count=0 mean_iou=1 num_jittered=0 num_rois=64
2026-07-30 00:02:38,419 - portable_sam_fusion - INFO - [DEBUG-SP] epoch=1 step=150 all_invalid_count=0 all_invalid_ratio=0 empty_count=0 empty_ratio=0 full_count=0 full_ratio=0 mean_point_distance=24.39 n1_gt_valid_count=64 n1_in_gt_bg=0.9531 n1_in_gt_bg_count=61 n1_valid_count=64 n1_valid_ratio=1 n2_gt_valid_count=64 n2_in_gt_bg=0.9844 n2_in_gt_bg_count=63 n2_valid_count=64 n2_valid_ratio=1 neg_in_pred_bg=1 neg_in_pred_bg_count=128 negative_pair_count=64 negative_pair_distance_sum=2242 p1_gt_valid_count=64 p1_in_gt_fg=1 p1_in_gt_fg_count=64 p1_valid_count=64 p1_valid_ratio=1 p2_gt_valid_count=64 p2_in_gt_fg=1 p2_in_gt_fg_count=64 p2_valid_count=64 p2_valid_ratio=1 point_distance_sum=3122 point_overlap_count=0 point_overlap_ratio=0 point_pair_count=128 pos_in_pred_fg=1 pos_in_pred_fg_count=128 positive_pair_count=64 positive_pair_distance_sum=879.6 roi_count=64 valid_neg_count=128 valid_pos_count=128 warmup_stage=2
2026-07-30 00:04:01,539 - portable_sam_fusion - INFO - [DEBUG-BOX] epoch=1 step=200 fallback_count=0 fallback_ratio=0 num_rois=0 refined_proposal_iou=0 refined_proposal_iou_sum=0 refined_valid_count=0
2026-07-30 00:04:01,539 - portable_sam_fusion - INFO - [DEBUG-COARSE] epoch=1 step=200 boundary_fn=0 boundary_fp=0 boundary_tp=0 dice=0 iou=0
2026-07-30 00:04:01,539 - portable_sam_fusion - INFO - [DEBUG-CONTEXT] epoch=1 step=200 enabled=0
2026-07-30 00:04:01,539 - portable_sam_fusion - INFO - [DEBUG-DENSE] epoch=1 step=200 applied_delta_norm=2.728 applied_delta_ratio=0.1168 base_norm=23.36 canvas_max=5.441 canvas_mean=0.0008618 canvas_min=-6.776 canvas_nonzero_ratio=0.005526 canvas_std=0.2146 final_norm=23.44 residual_alpha=0.2501 shape_norm=25.63 source_delta_norm=10.91 source_delta_ratio=0.467
2026-07-30 00:04:01,539 - portable_sam_fusion - INFO - [DEBUG-GATE] epoch=1 step=200 shape_dense_alpha_max=0.2501 shape_dense_alpha_mean=0.2501 shape_dense_alpha_min=0.2501
2026-07-30 00:04:01,539 - portable_sam_fusion - INFO - [DEBUG-JITTER] epoch=1 step=200 area_ratio_count=0 area_ratio_mean=0 area_ratio_sum=0 fallback_count=0 mean_iou=0 num_jittered=0 num_rois=0
2026-07-30 00:04:01,539 - portable_sam_fusion - INFO - [DEBUG-SP] epoch=1 step=200 all_invalid_count=0 all_invalid_ratio=0 empty_count=0 empty_ratio=0 full_count=0 full_ratio=0 mean_point_distance=23.11 n1_gt_valid_count=64 n1_in_gt_bg=0.2969 n1_in_gt_bg_count=19 n1_valid_count=64 n1_valid_ratio=1 n2_gt_valid_count=64 n2_in_gt_bg=0.7969 n2_in_gt_bg_count=51 n2_valid_count=64 n2_valid_ratio=1 neg_in_pred_bg=1 neg_in_pred_bg_count=128 negative_pair_count=64 negative_pair_distance_sum=2202 p1_gt_valid_count=64 p1_in_gt_fg=1 p1_in_gt_fg_count=64 p1_valid_count=64 p1_valid_ratio=1 p2_gt_valid_count=64 p2_in_gt_fg=1 p2_in_gt_fg_count=64 p2_valid_count=64 p2_valid_ratio=1 point_distance_sum=2959 point_overlap_count=0 point_overlap_ratio=0 point_pair_count=128 pos_in_pred_fg=1 pos_in_pred_fg_count=128 positive_pair_count=64 positive_pair_distance_sum=756.4 roi_count=64 valid_neg_count=128 valid_pos_count=128 warmup_stage=2
2026-07-30 00:04:01,675 - portable_sam_fusion - INFO - epoch 1 | mini-batch 200/294 | optimizer_step 50/5920 | lr=2.503e-04
2026-07-30 00:05:02,621 - portable_sam_fusion - INFO - [DEBUG-BOX] epoch=1 step=250 fallback_count=0 fallback_ratio=0 num_rois=64 refined_proposal_iou=0 refined_proposal_iou_sum=0 refined_valid_count=0
2026-07-30 00:05:02,621 - portable_sam_fusion - INFO - [DEBUG-COARSE] epoch=1 step=250 bce_raw=0.3661 boundary_fn=9875 boundary_fp=1.002e+04 boundary_loss_local_sum=38.82 boundary_tp=1.626e+04 dice=0.1636 dice_loss_raw=0.1636 iou=0.7226 loss_support_foreground_sum=5.353e+04 loss_support_pixel_sum=7.887e+04 loss_valid_roi_count=58 loss_weight=0.1 raw_boundary_fn=9875 raw_boundary_fp=1.002e+04 raw_boundary_tp=1.626e+04 raw_dice_score=0.8364 raw_iou=0.7226 refined_boundary_fn=9857 refined_boundary_fp=9982 refined_boundary_tp=1.625e+04 refined_dice_score=0.8371 refined_iou=0.7237 weighted_loss=0.05297
2026-07-30 00:05:02,621 - portable_sam_fusion - INFO - [DEBUG-CONTEXT] epoch=1 step=250 enabled=0
2026-07-30 00:05:02,621 - portable_sam_fusion - INFO - [DEBUG-DENSE] epoch=1 step=250 applied_delta_norm=2.48 applied_delta_ratio=0.1062 base_norm=23.36 canvas_max=7.591 canvas_mean=0.004076 canvas_min=-5.13 canvas_nonzero_ratio=0.00464 canvas_std=0.2014 final_norm=23.43 residual_alpha=0.2501 shape_norm=25.37 source_delta_norm=9.917 source_delta_ratio=0.4246
2026-07-30 00:05:02,621 - portable_sam_fusion - INFO - [DEBUG-GATE] epoch=1 step=250 shape_dense_alpha_max=0.2501 shape_dense_alpha_mean=0.2501 shape_dense_alpha_min=0.2501
2026-07-30 00:05:02,621 - portable_sam_fusion - INFO - [DEBUG-JITTER] epoch=1 step=250 area_ratio_count=64 area_ratio_mean=1 area_ratio_sum=64 fallback_count=0 mean_iou=1 num_jittered=0 num_rois=64
2026-07-30 00:05:02,621 - portable_sam_fusion - INFO - [DEBUG-SP] epoch=1 step=250 all_invalid_count=0 all_invalid_ratio=0 empty_count=0 empty_ratio=0 full_count=0 full_ratio=0 mean_point_distance=21.24 n1_gt_valid_count=64 n1_in_gt_bg=0.6719 n1_in_gt_bg_count=43 n1_valid_count=64 n1_valid_ratio=1 n2_gt_valid_count=64 n2_in_gt_bg=0.8906 n2_in_gt_bg_count=57 n2_valid_count=64 n2_valid_ratio=1 neg_in_pred_bg=1 neg_in_pred_bg_count=128 negative_pair_count=64 negative_pair_distance_sum=2082 p1_gt_valid_count=64 p1_in_gt_fg=0.9844 p1_in_gt_fg_count=63 p1_valid_count=64 p1_valid_ratio=1 p2_gt_valid_count=64 p2_in_gt_fg=0.9688 p2_in_gt_fg_count=62 p2_valid_count=64 p2_valid_ratio=1 point_distance_sum=2719 point_overlap_count=0 point_overlap_ratio=0 point_pair_count=128 pos_in_pred_fg=1 pos_in_pred_fg_count=128 positive_pair_count=64 positive_pair_distance_sum=637.4 roi_count=64 valid_neg_count=128 valid_pos_count=128 warmup_stage=2
2026-07-30 00:05:55,048 - portable_sam_fusion - INFO - Epoch 1 detailed losses: loss_rpn_cls=0.2774, loss_rpn_bbox=0.0349, loss_cls=0.4089, acc=80.3797, loss_bbox=0.2683, loss_mask=0.0061, loss_p2_boundary_refiner=0.0312, schedule/det_weight=1.0000, debug_mask_pos_rois=50.6395, debug_mask_logit_mean=-17.0417, debug_mask_logit_std=4.1050, debug_mask_prob_mean=0.0075, debug_mask_prob_ge05=0.0049, debug_mask_target_fill=0.0049, loss_shape_prior=0.0609
2026-07-30 00:05:55,048 - portable_sam_fusion - INFO - Epoch 1 dense residual monitor: alpha=0.250039 source_delta_norm=13.1582 applied_delta_norm=3.2900 source_delta_ratio=0.563355 applied_delta_ratio=0.140860
2026-07-30 00:05:55,048 - portable_sam_fusion - INFO - Epoch 1 P2 boundary refiner: raw_dice=0.6805 refined_dice=0.6806 raw_iou=0.5582 refined_iou=0.5583 raw_boundary_f1=0.6027 refined_boundary_f1=0.6026
2026-07-30 00:05:55,048 - portable_sam_fusion - INFO - Epoch 1 P2 boundary support: valid=72.39% rejected=27.61% coverage=0.3251 delta_abs=0.003181 nonzero=32.40% saturated=0.00% p2_norm=172.8840 highpass_norm=11.6802 support_fg=54.40%
2026-07-30 00:05:55,048 - portable_sam_fusion - INFO - Epoch 1 primary loss shares: det=90.97% final_mask=0.56% shape=5.60% p2_boundary=2.87%
2026-07-30 00:05:55,048 - portable_sam_fusion - INFO - Epoch 1 schedule: det_loss_weight=1.000 early_stop_start=20 min_delta=0.0005
2026-07-30 00:05:55,048 - portable_sam_fusion - INFO - Epoch 1 learning rates: sat_backbone=3.70e-04, mask_decoder=3.70e-04, shape_prior=3.70e-04, p2_boundary_refiner=3.70e-04, quality_head=3.70e-04, sat_other=3.70e-04
2026-07-30 00:12:01,746 - portable_sam_fusion - INFO - Cached validation GT as RLE records: images=627
2026-07-30 00:12:01,749 - portable_sam_fusion - INFO - Validation samples: GT=15926, DT=38582, avg_masks_per_image=61.53, avg_mask_fill=0.0052
creating index...
index created!
Loading and preparing results...
DONE (t=0.04s)
creating index...
index created!
Running per image evaluation...
Evaluate annotation type *bbox*
DONE (t=14.65s).
Accumulating evaluation results...
DONE (t=0.31s).
 Average Precision  (AP) @[ IoU=0.50:0.95 | area=   all | maxDets=100 ] = 0.351
 Average Precision  (AP) @[ IoU=0.50      | area=   all | maxDets=100 ] = 0.713
 Average Precision  (AP) @[ IoU=0.75      | area=   all | maxDets=100 ] = 0.287
 Average Precision  (AP) @[ IoU=0.50:0.95 | area= small | maxDets=100 ] = 0.028
 Average Precision  (AP) @[ IoU=0.50:0.95 | area=medium | maxDets=100 ] = 0.417
 Average Precision  (AP) @[ IoU=0.50:0.95 | area= large | maxDets=100 ] = 0.382
 Average Recall     (AR) @[ IoU=0.50:0.95 | area=   all | maxDets=  1 ] = 0.016
 Average Recall     (AR) @[ IoU=0.50:0.95 | area=   all | maxDets= 10 ] = 0.116
 Average Recall     (AR) @[ IoU=0.50:0.95 | area=   all | maxDets=100 ] = 0.446
 Average Recall     (AR) @[ IoU=0.50:0.95 | area= small | maxDets=100 ] = 0.082
 Average Recall     (AR) @[ IoU=0.50:0.95 | area=medium | maxDets=100 ] = 0.505
 Average Recall     (AR) @[ IoU=0.50:0.95 | area= large | maxDets=100 ] = 0.516
2026-07-30 00:12:16,975 - portable_sam_fusion - INFO - Validation bbox/mAP: 0.3508 bbox/mAP_75: 0.2870
Running per image evaluation...
Evaluate annotation type *segm*
DONE (t=14.41s).
Accumulating evaluation results...
DONE (t=0.33s).
 Average Precision  (AP) @[ IoU=0.50:0.95 | area=   all | maxDets=100 ] = 0.517
 Average Precision  (AP) @[ IoU=0.50      | area=   all | maxDets=100 ] = 0.739
 Average Precision  (AP) @[ IoU=0.75      | area=   all | maxDets=100 ] = 0.614
 Average Precision  (AP) @[ IoU=0.50:0.95 | area= small | maxDets=100 ] = 0.040
 Average Precision  (AP) @[ IoU=0.50:0.95 | area=medium | maxDets=100 ] = 0.577
 Average Precision  (AP) @[ IoU=0.50:0.95 | area= large | maxDets=100 ] = 0.639
 Average Recall     (AR) @[ IoU=0.50:0.95 | area=   all | maxDets=  1 ] = 0.023
 Average Recall     (AR) @[ IoU=0.50:0.95 | area=   all | maxDets= 10 ] = 0.160
 Average Recall     (AR) @[ IoU=0.50:0.95 | area=   all | maxDets=100 ] = 0.608
 Average Recall     (AR) @[ IoU=0.50:0.95 | area= small | maxDets=100 ] = 0.123
 Average Recall     (AR) @[ IoU=0.50:0.95 | area=medium | maxDets=100 ] = 0.657
 Average Recall     (AR) @[ IoU=0.50:0.95 | area= large | maxDets=100 ] = 0.778
2026-07-30 00:12:31,722 - portable_sam_fusion - INFO - Validation segm/mAP: 0.5174
2026-07-30 00:12:32,407 - portable_sam_fusion - INFO - New best segm/mAP: 0.5174
2026-07-30 00:12:32,408 - portable_sam_fusion - INFO - New best bbox/mAP: 0.3508
2026-07-30 00:12:32,408 - portable_sam_fusion - INFO - New best early-stop metric (segm/mAP): raw=0.5174 smooth(5)=0.5174
2026-07-30 00:12:35,005 - portable_sam_fusion - INFO - Saved best_model with segm/mAP: 0.5174
2026-07-30 00:12:37,675 - portable_sam_fusion - INFO - Saved best_bbox_model with bbox/mAP: 0.3508
2026-07-30 00:12:39,860 - portable_sam_fusion - INFO - Epoch 1/80 | train=1.087701 val=disabled segm/mAP=0.5174 bbox/mAP=0.3508 | best_segm=0.5174 best_bbox=0.3508 best_comp=0.0000 | sat_backbone=3.70e-04 mask_decoder=3.70e-04 shape_prior=3.70e-04 p2_boundary_refiner=3.70e-04 quality_head=3.70e-04 sat_other=3.70e-04
2026-07-30 00:12:50,264 - portable_sam_fusion - INFO - [DEBUG-BOX] epoch=2 step=300 fallback_count=0 fallback_ratio=0 num_rois=64 refined_proposal_iou=0 refined_proposal_iou_sum=0 refined_valid_count=0
2026-07-30 00:12:50,265 - portable_sam_fusion - INFO - [DEBUG-COARSE] epoch=2 step=300 bce_raw=0.3309 boundary_fn=7322 boundary_fp=8271 boundary_loss_local_sum=21.68 boundary_tp=2.078e+04 dice=0.1785 dice_loss_raw=0.1785 iou=0.702 loss_support_foreground_sum=2.423e+04 loss_support_pixel_sum=5.473e+04 loss_valid_roi_count=38 loss_weight=0.1 raw_boundary_fn=7322 raw_boundary_fp=8271 raw_boundary_tp=2.078e+04 raw_dice_score=0.8215 raw_iou=0.702 refined_boundary_fn=7397 refined_boundary_fp=8342 refined_boundary_tp=2.069e+04 refined_dice_score=0.8214 refined_iou=0.7018 weighted_loss=0.05093
2026-07-30 00:12:50,265 - portable_sam_fusion - INFO - [DEBUG-CONTEXT] epoch=2 step=300 enabled=0
2026-07-30 00:12:50,265 - portable_sam_fusion - INFO - [DEBUG-DENSE] epoch=2 step=300 applied_delta_norm=2.984 applied_delta_ratio=0.1278 base_norm=23.36 canvas_max=7.396 canvas_mean=0.004393 canvas_min=-6.687 canvas_nonzero_ratio=0.006316 canvas_std=0.242 final_norm=23.46 residual_alpha=0.2501 shape_norm=26.05 source_delta_norm=11.93 source_delta_ratio=0.5108
2026-07-30 00:12:50,265 - portable_sam_fusion - INFO - [DEBUG-GATE] epoch=2 step=300 shape_dense_alpha_max=0.2501 shape_dense_alpha_mean=0.2501 shape_dense_alpha_min=0.2501
2026-07-30 00:12:50,265 - portable_sam_fusion - INFO - [DEBUG-JITTER] epoch=2 step=300 area_ratio_count=64 area_ratio_mean=1 area_ratio_sum=64 fallback_count=0 mean_iou=1 num_jittered=0 num_rois=64
2026-07-30 00:12:50,265 - portable_sam_fusion - INFO - [DEBUG-SP] epoch=2 step=300 all_invalid_count=0 all_invalid_ratio=0 empty_count=0 empty_ratio=0 full_count=0 full_ratio=0 mean_point_distance=23.53 n1_gt_valid_count=64 n1_in_gt_bg=0.9219 n1_in_gt_bg_count=59 n1_valid_count=64 n1_valid_ratio=1 n2_gt_valid_count=64 n2_in_gt_bg=1 n2_in_gt_bg_count=64 n2_valid_count=64 n2_valid_ratio=1 neg_in_pred_bg=1 neg_in_pred_bg_count=128 negative_pair_count=64 negative_pair_distance_sum=2228 p1_gt_valid_count=64 p1_in_gt_fg=1 p1_in_gt_fg_count=64 p1_valid_count=64 p1_valid_ratio=1 p2_gt_valid_count=64 p2_in_gt_fg=1 p2_in_gt_fg_count=64 p2_valid_count=64 p2_valid_ratio=1 point_distance_sum=3012 point_overlap_count=0 point_overlap_ratio=0 point_pair_count=128 pos_in_pred_fg=1 pos_in_pred_fg_count=128 positive_pair_count=64 positive_pair_distance_sum=783.8 roi_count=64 valid_neg_count=128 valid_pos_count=128 warmup_stage=2
2026-07-30 00:14:20,508 - portable_sam_fusion - INFO - [DEBUG-BOX] epoch=2 step=350 fallback_count=0 fallback_ratio=0 num_rois=64 refined_proposal_iou=0 refined_proposal_iou_sum=0 refined_valid_count=0
2026-07-30 00:14:20,508 - portable_sam_fusion - INFO - [DEBUG-COARSE] epoch=2 step=350 bce_raw=0.3332 boundary_fn=8192 boundary_fp=8655 boundary_loss_local_sum=33.32 boundary_tp=1.77e+04 dice=0.1601 dice_loss_raw=0.1601 iou=0.7265 loss_support_foreground_sum=4.336e+04 loss_support_pixel_sum=7.14e+04 loss_valid_roi_count=53 loss_weight=0.1 raw_boundary_fn=8192 raw_boundary_fp=8655 raw_boundary_tp=1.77e+04 raw_dice_score=0.8399 raw_iou=0.7265 refined_boundary_fn=8167 refined_boundary_fp=8636 refined_boundary_tp=1.77e+04 refined_dice_score=0.8406 refined_iou=0.7277 weighted_loss=0.04934
2026-07-30 00:14:20,508 - portable_sam_fusion - INFO - [DEBUG-CONTEXT] epoch=2 step=350 enabled=0
2026-07-30 00:14:20,508 - portable_sam_fusion - INFO - [DEBUG-DENSE] epoch=2 step=350 applied_delta_norm=2.794 applied_delta_ratio=0.1196 base_norm=23.36 canvas_max=7.726 canvas_mean=0.004035 canvas_min=-5.853 canvas_nonzero_ratio=0.006205 canvas_std=0.2589 final_norm=23.46 residual_alpha=0.2502 shape_norm=25.95 source_delta_norm=11.17 source_delta_ratio=0.4782
2026-07-30 00:14:20,508 - portable_sam_fusion - INFO - [DEBUG-GATE] epoch=2 step=350 shape_dense_alpha_max=0.2502 shape_dense_alpha_mean=0.2502 shape_dense_alpha_min=0.2502
2026-07-30 00:14:20,508 - portable_sam_fusion - INFO - [DEBUG-JITTER] epoch=2 step=350 area_ratio_count=64 area_ratio_mean=1 area_ratio_sum=64 fallback_count=0 mean_iou=1 num_jittered=0 num_rois=64
2026-07-30 00:14:20,508 - portable_sam_fusion - INFO - [DEBUG-SP] epoch=2 step=350 all_invalid_count=0 all_invalid_ratio=0 empty_count=0 empty_ratio=0 full_count=0 full_ratio=0 mean_point_distance=22.84 n1_gt_valid_count=64 n1_in_gt_bg=0.5156 n1_in_gt_bg_count=33 n1_valid_count=64 n1_valid_ratio=1 n2_gt_valid_count=64 n2_in_gt_bg=0.9531 n2_in_gt_bg_count=61 n2_valid_count=64 n2_valid_ratio=1 neg_in_pred_bg=1 neg_in_pred_bg_count=128 negative_pair_count=64 negative_pair_distance_sum=1969 p1_gt_valid_count=64 p1_in_gt_fg=0.9844 p1_in_gt_fg_count=63 p1_valid_count=64 p1_valid_ratio=1 p2_gt_valid_count=64 p2_in_gt_fg=0.9688 p2_in_gt_fg_count=62 p2_valid_count=64 p2_valid_ratio=1 point_distance_sum=2924 point_overlap_count=0 point_overlap_ratio=0 point_pair_count=128 pos_in_pred_fg=1 pos_in_pred_fg_count=128 positive_pair_count=64 positive_pair_distance_sum=954.7 roi_count=64 valid_neg_count=128 valid_pos_count=128 warmup_stage=2
2026-07-30 00:15:47,328 - portable_sam_fusion - INFO - epoch 2 | mini-batch 104/294 | optimizer_step 100/5920 | lr=5.000e-04
2026-07-30 00:15:51,046 - portable_sam_fusion - INFO - [DEBUG-BOX] epoch=2 step=400 fallback_count=0 fallback_ratio=0 num_rois=64 refined_proposal_iou=0 refined_proposal_iou_sum=0 refined_valid_count=0
2026-07-30 00:15:51,047 - portable_sam_fusion - INFO - [DEBUG-COARSE] epoch=2 step=400 bce_raw=0.2823 boundary_fn=5924 boundary_fp=7185 boundary_loss_local_sum=32.72 boundary_tp=1.854e+04 dice=0.1279 dice_loss_raw=0.1279 iou=0.7753 loss_support_foreground_sum=4.027e+04 loss_support_pixel_sum=7.286e+04 loss_valid_roi_count=57 loss_weight=0.1 raw_boundary_fn=5924 raw_boundary_fp=7185 raw_boundary_tp=1.854e+04 raw_dice_score=0.8721 raw_iou=0.7753 refined_boundary_fn=5888 refined_boundary_fp=7128 refined_boundary_tp=1.843e+04 refined_dice_score=0.8724 refined_iou=0.7759 weighted_loss=0.04102
2026-07-30 00:15:51,047 - portable_sam_fusion - INFO - [DEBUG-CONTEXT] epoch=2 step=400 enabled=0
2026-07-30 00:15:51,047 - portable_sam_fusion - INFO - [DEBUG-DENSE] epoch=2 step=400 applied_delta_norm=3.501 applied_delta_ratio=0.1499 base_norm=23.36 canvas_max=6.631 canvas_mean=0.008983 canvas_min=-6.174 canvas_nonzero_ratio=0.008032 canvas_std=0.2744 final_norm=23.49 residual_alpha=0.2502 shape_norm=26.91 source_delta_norm=13.99 source_delta_ratio=0.5989
2026-07-30 00:15:51,047 - portable_sam_fusion - INFO - [DEBUG-GATE] epoch=2 step=400 shape_dense_alpha_max=0.2502 shape_dense_alpha_mean=0.2502 shape_dense_alpha_min=0.2502
2026-07-30 00:15:51,047 - portable_sam_fusion - INFO - [DEBUG-JITTER] epoch=2 step=400 area_ratio_count=64 area_ratio_mean=1 area_ratio_sum=64 fallback_count=0 mean_iou=1 num_jittered=0 num_rois=64
2026-07-30 00:15:51,047 - portable_sam_fusion - INFO - [DEBUG-SP] epoch=2 step=400 all_invalid_count=0 all_invalid_ratio=0 empty_count=0 empty_ratio=0 full_count=0 full_ratio=0 mean_point_distance=29.17 n1_gt_valid_count=64 n1_in_gt_bg=0.5312 n1_in_gt_bg_count=34 n1_valid_count=64 n1_valid_ratio=1 n2_gt_valid_count=64 n2_in_gt_bg=0.9688 n2_in_gt_bg_count=62 n2_valid_count=64 n2_valid_ratio=1 neg_in_pred_bg=1 neg_in_pred_bg_count=128 negative_pair_count=64 negative_pair_distance_sum=2796 p1_gt_valid_count=64 p1_in_gt_fg=1 p1_in_gt_fg_count=64 p1_valid_count=64 p1_valid_ratio=1 p2_gt_valid_count=64 p2_in_gt_fg=1 p2_in_gt_fg_count=64 p2_valid_count=64 p2_valid_ratio=1 point_distance_sum=3734 point_overlap_count=0 point_overlap_ratio=0 point_pair_count=128 pos_in_pred_fg=1 pos_in_pred_fg_count=128 positive_pair_count=64 positive_pair_distance_sum=938.7 roi_count=64 valid_neg_count=128 valid_pos_count=128 warmup_stage=2
2026-07-30 00:17:18,476 - portable_sam_fusion - INFO - [DEBUG-BOX] epoch=2 step=450 fallback_count=0 fallback_ratio=0 num_rois=64 refined_proposal_iou=0 refined_proposal_iou_sum=0 refined_valid_count=0
2026-07-30 00:17:18,476 - portable_sam_fusion - INFO - [DEBUG-COARSE] epoch=2 step=450 bce_raw=0.4744 boundary_fn=1.066e+04 boundary_fp=1.178e+04 boundary_loss_local_sum=39.71 boundary_tp=1.359e+04 dice=0.1805 dice_loss_raw=0.1805 iou=0.6985 loss_support_foreground_sum=5.464e+04 loss_support_pixel_sum=7.46e+04 loss_valid_roi_count=56 loss_weight=0.1 raw_boundary_fn=1.066e+04 raw_boundary_fp=1.178e+04 raw_boundary_tp=1.359e+04 raw_dice_score=0.8195 raw_iou=0.6985 refined_boundary_fn=1.053e+04 refined_boundary_fp=1.165e+04 refined_boundary_tp=1.364e+04 refined_dice_score=0.8206 refined_iou=0.7001 weighted_loss=0.06549
2026-07-30 00:17:18,476 - portable_sam_fusion - INFO - [DEBUG-CONTEXT] epoch=2 step=450 enabled=0
2026-07-30 00:17:18,476 - portable_sam_fusion - INFO - [DEBUG-DENSE] epoch=2 step=450 applied_delta_norm=2.617 applied_delta_ratio=0.1121 base_norm=23.36 canvas_max=8 canvas_mean=0.001284 canvas_min=-6.764 canvas_nonzero_ratio=0.005478 canvas_std=0.2511 final_norm=23.44 residual_alpha=0.2503 shape_norm=25.63 source_delta_norm=10.46 source_delta_ratio=0.4477
2026-07-30 00:17:18,476 - portable_sam_fusion - INFO - [DEBUG-GATE] epoch=2 step=450 shape_dense_alpha_max=0.2503 shape_dense_alpha_mean=0.2503 shape_dense_alpha_min=0.2503
2026-07-30 00:17:18,476 - portable_sam_fusion - INFO - [DEBUG-JITTER] epoch=2 step=450 area_ratio_count=64 area_ratio_mean=1 area_ratio_sum=64 fallback_count=0 mean_iou=1 num_jittered=0 num_rois=64
2026-07-30 00:17:18,476 - portable_sam_fusion - INFO - [DEBUG-SP] epoch=2 step=450 all_invalid_count=0 all_invalid_ratio=0 empty_count=0 empty_ratio=0 full_count=0 full_ratio=0 mean_point_distance=25.89 n1_gt_valid_count=64 n1_in_gt_bg=0.4531 n1_in_gt_bg_count=29 n1_valid_count=64 n1_valid_ratio=1 n2_gt_valid_count=64 n2_in_gt_bg=0.8594 n2_in_gt_bg_count=55 n2_valid_count=64 n2_valid_ratio=1 neg_in_pred_bg=1 neg_in_pred_bg_count=128 negative_pair_count=64 negative_pair_distance_sum=2593 p1_gt_valid_count=64 p1_in_gt_fg=1 p1_in_gt_fg_count=64 p1_valid_count=64 p1_valid_ratio=1 p2_gt_valid_count=64 p2_in_gt_fg=1 p2_in_gt_fg_count=64 p2_valid_count=64 p2_valid_ratio=1 point_distance_sum=3314 point_overlap_count=0 point_overlap_ratio=0 point_pair_count=128 pos_in_pred_fg=1 pos_in_pred_fg_count=128 positive_pair_count=64 positive_pair_distance_sum=721.2 roi_count=64 valid_neg_count=128 valid_pos_count=128 warmup_stage=2
2026-07-30 00:18:45,297 - portable_sam_fusion - INFO - [DEBUG-BOX] epoch=2 step=500 fallback_count=0 fallback_ratio=0 num_rois=64 refined_proposal_iou=0 refined_proposal_iou_sum=0 refined_valid_count=0
2026-07-30 00:18:45,297 - portable_sam_fusion - INFO - [DEBUG-COARSE] epoch=2 step=500 bce_raw=0.4397 boundary_fn=7383 boundary_fp=1.084e+04 boundary_loss_local_sum=42.43 boundary_tp=1.508e+04 dice=0.1399 dice_loss_raw=0.1399 iou=0.7583 loss_support_foreground_sum=6.306e+04 loss_support_pixel_sum=7.74e+04 loss_valid_roi_count=60 loss_weight=0.1 raw_boundary_fn=7383 raw_boundary_fp=1.084e+04 raw_boundary_tp=1.508e+04 raw_dice_score=0.8601 raw_iou=0.7583 refined_boundary_fn=7132 refined_boundary_fp=1.048e+04 refined_boundary_tp=1.515e+04 refined_dice_score=0.864 refined_iou=0.7644 weighted_loss=0.05796
2026-07-30 00:18:45,297 - portable_sam_fusion - INFO - [DEBUG-CONTEXT] epoch=2 step=500 enabled=0
2026-07-30 00:18:45,298 - portable_sam_fusion - INFO - [DEBUG-DENSE] epoch=2 step=500 applied_delta_norm=1.764 applied_delta_ratio=0.07551 base_norm=23.36 canvas_max=8 canvas_mean=0.002512 canvas_min=-7.73 canvas_nonzero_ratio=0.002581 canvas_std=0.1669 final_norm=23.4 residual_alpha=0.2504 shape_norm=24.47 source_delta_norm=7.045 source_delta_ratio=0.3016
2026-07-30 00:18:45,298 - portable_sam_fusion - INFO - [DEBUG-GATE] epoch=2 step=500 shape_dense_alpha_max=0.2504 shape_dense_alpha_mean=0.2504 shape_dense_alpha_min=0.2504
2026-07-30 00:18:45,298 - portable_sam_fusion - INFO - [DEBUG-JITTER] epoch=2 step=500 area_ratio_count=64 area_ratio_mean=1 area_ratio_sum=64 fallback_count=0 mean_iou=1 num_jittered=0 num_rois=64
2026-07-30 00:18:45,298 - portable_sam_fusion - INFO - [DEBUG-SP] epoch=2 step=500 all_invalid_count=0 all_invalid_ratio=0 empty_count=0 empty_ratio=0 full_count=0 full_ratio=0 mean_point_distance=21.42 n1_gt_valid_count=64 n1_in_gt_bg=0.2656 n1_in_gt_bg_count=17 n1_valid_count=64 n1_valid_ratio=1 n2_gt_valid_count=64 n2_in_gt_bg=0.6875 n2_in_gt_bg_count=44 n2_valid_count=64 n2_valid_ratio=1 neg_in_pred_bg=1 neg_in_pred_bg_count=128 negative_pair_count=64 negative_pair_distance_sum=2227 p1_gt_valid_count=64 p1_in_gt_fg=1 p1_in_gt_fg_count=64 p1_valid_count=64 p1_valid_ratio=1 p2_gt_valid_count=64 p2_in_gt_fg=1 p2_in_gt_fg_count=64 p2_valid_count=64 p2_valid_ratio=1 point_distance_sum=2742 point_overlap_count=0 point_overlap_ratio=0 point_pair_count=128 pos_in_pred_fg=1 pos_in_pred_fg_count=128 positive_pair_count=64 positive_pair_distance_sum=514.8 roi_count=64 valid_neg_count=128 valid_pos_count=128 warmup_stage=2
2026-07-30 00:19:54,119 - portable_sam_fusion - INFO - [DEBUG-BOX] epoch=2 step=550 fallback_count=0 fallback_ratio=0 num_rois=64 refined_proposal_iou=0 refined_proposal_iou_sum=0 refined_valid_count=0
2026-07-30 00:19:54,119 - portable_sam_fusion - INFO - [DEBUG-COARSE] epoch=2 step=550 bce_raw=0.2698 boundary_fn=6002 boundary_fp=6911 boundary_loss_local_sum=34.43 boundary_tp=1.831e+04 dice=0.124 dice_loss_raw=0.124 iou=0.7824 loss_support_foreground_sum=4.534e+04 loss_support_pixel_sum=7.695e+04 loss_valid_roi_count=60 loss_weight=0.1 raw_boundary_fn=6002 raw_boundary_fp=6911 raw_boundary_tp=1.831e+04 raw_dice_score=0.876 raw_iou=0.7824 refined_boundary_fn=6031 refined_boundary_fp=6898 refined_boundary_tp=1.816e+04 refined_dice_score=0.8764 refined_iou=0.7831 weighted_loss=0.03939
2026-07-30 00:19:54,119 - portable_sam_fusion - INFO - [DEBUG-CONTEXT] epoch=2 step=550 enabled=0
2026-07-30 00:19:54,119 - portable_sam_fusion - INFO - [DEBUG-DENSE] epoch=2 step=550 applied_delta_norm=2.523 applied_delta_ratio=0.108 base_norm=23.36 canvas_max=7.446 canvas_mean=0.005505 canvas_min=-5.859 canvas_nonzero_ratio=0.004534 canvas_std=0.2157 final_norm=23.43 residual_alpha=0.2507 shape_norm=25.38 source_delta_norm=10.06 source_delta_ratio=0.4309
2026-07-30 00:19:54,119 - portable_sam_fusion - INFO - [DEBUG-GATE] epoch=2 step=550 shape_dense_alpha_max=0.2507 shape_dense_alpha_mean=0.2507 shape_dense_alpha_min=0.2507
2026-07-30 00:19:54,119 - portable_sam_fusion - INFO - [DEBUG-JITTER] epoch=2 step=550 area_ratio_count=64 area_ratio_mean=1 area_ratio_sum=64 fallback_count=0 mean_iou=1 num_jittered=0 num_rois=64
2026-07-30 00:19:54,119 - portable_sam_fusion - INFO - [DEBUG-SP] epoch=2 step=550 all_invalid_count=0 all_invalid_ratio=0 empty_count=0 empty_ratio=0 full_count=0 full_ratio=0 mean_point_distance=23.86 n1_gt_valid_count=64 n1_in_gt_bg=0.6875 n1_in_gt_bg_count=44 n1_valid_count=64 n1_valid_ratio=1 n2_gt_valid_count=64 n2_in_gt_bg=0.9531 n2_in_gt_bg_count=61 n2_valid_count=64 n2_valid_ratio=1 neg_in_pred_bg=1 neg_in_pred_bg_count=128 negative_pair_count=64 negative_pair_distance_sum=2406 p1_gt_valid_count=64 p1_in_gt_fg=1 p1_in_gt_fg_count=64 p1_valid_count=64 p1_valid_ratio=1 p2_gt_valid_count=64 p2_in_gt_fg=1 p2_in_gt_fg_count=64 p2_valid_count=64 p2_valid_ratio=1 point_distance_sum=3054 point_overlap_count=0 point_overlap_ratio=0 point_pair_count=128 pos_in_pred_fg=1 pos_in_pred_fg_count=128 positive_pair_count=64 positive_pair_distance_sum=649 roi_count=64 valid_neg_count=128 valid_pos_count=128 warmup_stage=2
2026-07-30 00:20:44,679 - portable_sam_fusion - INFO - Epoch 2 detailed losses: loss_rpn_cls=0.0821, loss_rpn_bbox=0.0316, loss_cls=0.3522, acc=84.4042, loss_bbox=0.2389, loss_mask=0.0025, debug_mask_pos_rois=55.8197, debug_mask_logit_mean=-14.7872, debug_mask_logit_std=3.1611, debug_mask_prob_mean=0.0048, debug_mask_prob_ge05=0.0047, debug_mask_target_fill=0.0048, loss_shape_prior=0.0471, loss_p2_boundary_refiner=0.0309, schedule/det_weight=1.0000
2026-07-30 00:20:44,680 - portable_sam_fusion - INFO - Epoch 2 dense residual monitor: alpha=0.250395 source_delta_norm=12.5829 applied_delta_norm=3.1507 source_delta_ratio=0.538725 applied_delta_ratio=0.134892
2026-07-30 00:20:44,680 - portable_sam_fusion - INFO - Epoch 2 P2 boundary refiner: raw_dice=0.7401 refined_dice=0.7405 raw_iou=0.6360 refined_iou=0.6366 raw_boundary_f1=0.6672 refined_boundary_f1=0.6667
2026-07-30 00:20:44,680 - portable_sam_fusion - INFO - Epoch 2 P2 boundary support: valid=81.77% rejected=18.23% coverage=0.3562 delta_abs=0.019551 nonzero=35.62% saturated=0.00% p2_norm=183.5879 highpass_norm=6.5035 support_fg=56.00%
2026-07-30 00:20:44,680 - portable_sam_fusion - INFO - Epoch 2 primary loss shares: det=89.75% final_mask=0.32% shape=6.00% p2_boundary=3.93%
2026-07-30 00:20:44,680 - portable_sam_fusion - INFO - Epoch 2 schedule: det_loss_weight=1.000 early_stop_start=20 min_delta=0.0005
2026-07-30 00:20:44,680 - portable_sam_fusion - INFO - Epoch 2 learning rates: sat_backbone=5.00e-04, mask_decoder=5.00e-04, shape_prior=5.00e-04, p2_boundary_refiner=5.00e-04, quality_head=5.00e-04, sat_other=5.00e-04
2026-07-30 00:26:20,572 - portable_sam_fusion - INFO - Validation samples: GT=15926, DT=37902, avg_masks_per_image=60.45, avg_mask_fill=0.0081
creating index...
index created!
Loading and preparing results...
DONE (t=0.05s)
creating index...
index created!
Running per image evaluation...
Evaluate annotation type *bbox*
DONE (t=14.24s).
Accumulating evaluation results...
DONE (t=0.30s).
 Average Precision  (AP) @[ IoU=0.50:0.95 | area=   all | maxDets=100 ] = 0.465
 Average Precision  (AP) @[ IoU=0.50      | area=   all | maxDets=100 ] = 0.806
 Average Precision  (AP) @[ IoU=0.75      | area=   all | maxDets=100 ] = 0.513
 Average Precision  (AP) @[ IoU=0.50:0.95 | area= small | maxDets=100 ] = 0.087
 Average Precision  (AP) @[ IoU=0.50:0.95 | area=medium | maxDets=100 ] = 0.513
 Average Precision  (AP) @[ IoU=0.50:0.95 | area= large | maxDets=100 ] = 0.544
 Average Recall     (AR) @[ IoU=0.50:0.95 | area=   all | maxDets=  1 ] = 0.020
 Average Recall     (AR) @[ IoU=0.50:0.95 | area=   all | maxDets= 10 ] = 0.141
 Average Recall     (AR) @[ IoU=0.50:0.95 | area=   all | maxDets=100 ] = 0.561
 Average Recall     (AR) @[ IoU=0.50:0.95 | area= small | maxDets=100 ] = 0.232
 Average Recall     (AR) @[ IoU=0.50:0.95 | area=medium | maxDets=100 ] = 0.611
 Average Recall     (AR) @[ IoU=0.50:0.95 | area= large | maxDets=100 ] = 0.630
2026-07-30 00:26:36,001 - portable_sam_fusion - INFO - Validation bbox/mAP: 0.4652 bbox/mAP_75: 0.5133
Running per image evaluation...
Evaluate annotation type *segm*
DONE (t=14.41s).
Accumulating evaluation results...
DONE (t=0.31s).
 Average Precision  (AP) @[ IoU=0.50:0.95 | area=   all | maxDets=100 ] = 0.529
 Average Precision  (AP) @[ IoU=0.50      | area=   all | maxDets=100 ] = 0.818
 Average Precision  (AP) @[ IoU=0.75      | area=   all | maxDets=100 ] = 0.625
 Average Precision  (AP) @[ IoU=0.50:0.95 | area= small | maxDets=100 ] = 0.067
 Average Precision  (AP) @[ IoU=0.50:0.95 | area=medium | maxDets=100 ] = 0.568
 Average Precision  (AP) @[ IoU=0.50:0.95 | area= large | maxDets=100 ] = 0.690
 Average Recall     (AR) @[ IoU=0.50:0.95 | area=   all | maxDets=  1 ] = 0.023
 Average Recall     (AR) @[ IoU=0.50:0.95 | area=   all | maxDets= 10 ] = 0.161
 Average Recall     (AR) @[ IoU=0.50:0.95 | area=   all | maxDets=100 ] = 0.609
 Average Recall     (AR) @[ IoU=0.50:0.95 | area= small | maxDets=100 ] = 0.183
 Average Recall     (AR) @[ IoU=0.50:0.95 | area=medium | maxDets=100 ] = 0.646
 Average Recall     (AR) @[ IoU=0.50:0.95 | area= large | maxDets=100 ] = 0.774
2026-07-30 00:26:50,767 - portable_sam_fusion - INFO - Validation segm/mAP: 0.5295
2026-07-30 00:26:51,608 - portable_sam_fusion - INFO - New best segm/mAP: 0.5295
2026-07-30 00:26:51,608 - portable_sam_fusion - INFO - New best bbox/mAP: 0.4652
2026-07-30 00:26:51,609 - portable_sam_fusion - INFO - New best early-stop metric (segm/mAP): raw=0.5295 smooth(5)=0.5235
2026-07-30 00:26:54,230 - portable_sam_fusion - INFO - Saved best_model with segm/mAP: 0.5295
2026-07-30 00:26:57,041 - portable_sam_fusion - INFO - Saved best_bbox_model with bbox/mAP: 0.4652
2026-07-30 00:27:02,609 - portable_sam_fusion - INFO - Epoch 2/80 | train=0.785182 val=disabled segm/mAP=0.5295 bbox/mAP=0.4652 | best_segm=0.5295 best_bbox=0.4652 best_comp=0.0000 | sat_backbone=5.00e-04 mask_decoder=5.00e-04 shape_prior=5.00e-04 p2_boundary_refiner=5.00e-04 quality_head=5.00e-04 sat_other=5.00e-04
2026-07-30 00:27:15,660 - portable_sam_fusion - INFO - epoch 3 | mini-batch 8/294 | optimizer_step 150/5920 | lr=4.999e-04
2026-07-30 00:27:22,399 - portable_sam_fusion - INFO - [DEBUG-BOX] epoch=3 step=600 fallback_count=0 fallback_ratio=0 num_rois=64 refined_proposal_iou=0 refined_proposal_iou_sum=0 refined_valid_count=0
2026-07-30 00:27:22,400 - portable_sam_fusion - INFO - [DEBUG-COARSE] epoch=3 step=600 bce_raw=0.3052 boundary_fn=6834 boundary_fp=6826 boundary_loss_local_sum=36.02 boundary_tp=1.684e+04 dice=0.1403 dice_loss_raw=0.1403 iou=0.7587 loss_support_foreground_sum=4.875e+04 loss_support_pixel_sum=7.841e+04 loss_valid_roi_count=64 loss_weight=0.1 raw_boundary_fn=6834 raw_boundary_fp=6826 raw_boundary_tp=1.684e+04 raw_dice_score=0.8597 raw_iou=0.7587 refined_boundary_fn=6841 refined_boundary_fp=6735 refined_boundary_tp=1.66e+04 refined_dice_score=0.8619 refined_iou=0.762 weighted_loss=0.04454
2026-07-30 00:27:22,400 - portable_sam_fusion - INFO - [DEBUG-CONTEXT] epoch=3 step=600 enabled=0
2026-07-30 00:27:22,400 - portable_sam_fusion - INFO - [DEBUG-DENSE] epoch=3 step=600 applied_delta_norm=2.988 applied_delta_ratio=0.1279 base_norm=23.36 canvas_max=7.837 canvas_mean=0.007361 canvas_min=-5.17 canvas_nonzero_ratio=0.006588 canvas_std=0.2684 final_norm=23.47 residual_alpha=0.251 shape_norm=26.22 source_delta_norm=11.91 source_delta_ratio=0.5097
2026-07-30 00:27:22,400 - portable_sam_fusion - INFO - [DEBUG-GATE] epoch=3 step=600 shape_dense_alpha_max=0.251 shape_dense_alpha_mean=0.251 shape_dense_alpha_min=0.251
2026-07-30 00:27:22,400 - portable_sam_fusion - INFO - [DEBUG-JITTER] epoch=3 step=600 area_ratio_count=64 area_ratio_mean=1 area_ratio_sum=64 fallback_count=0 mean_iou=1 num_jittered=0 num_rois=64
2026-07-30 00:27:22,400 - portable_sam_fusion - INFO - [DEBUG-SP] epoch=3 step=600 all_invalid_count=0 all_invalid_ratio=0 empty_count=0 empty_ratio=0 full_count=0 full_ratio=0 mean_point_distance=23.16 n1_gt_valid_count=64 n1_in_gt_bg=0.75 n1_in_gt_bg_count=48 n1_valid_count=64 n1_valid_ratio=1 n2_gt_valid_count=64 n2_in_gt_bg=0.8906 n2_in_gt_bg_count=57 n2_valid_count=64 n2_valid_ratio=1 neg_in_pred_bg=1 neg_in_pred_bg_count=128 negative_pair_count=64 negative_pair_distance_sum=2219 p1_gt_valid_count=64 p1_in_gt_fg=1 p1_in_gt_fg_count=64 p1_valid_count=64 p1_valid_ratio=1 p2_gt_valid_count=64 p2_in_gt_fg=1 p2_in_gt_fg_count=64 p2_valid_count=64 p2_valid_ratio=1 point_distance_sum=2965 point_overlap_count=0 point_overlap_ratio=0 point_pair_count=128 pos_in_pred_fg=1 pos_in_pred_fg_count=128 positive_pair_count=64 positive_pair_distance_sum=745.3 roi_count=64 valid_neg_count=128 valid_pos_count=128 warmup_stage=2
2026-07-30 00:28:46,096 - portable_sam_fusion - INFO - [DEBUG-BOX] epoch=3 step=650 fallback_count=0 fallback_ratio=0 num_rois=0 refined_proposal_iou=0 refined_proposal_iou_sum=0 refined_valid_count=0
2026-07-30 00:28:46,096 - portable_sam_fusion - INFO - [DEBUG-COARSE] epoch=3 step=650 boundary_fn=0 boundary_fp=0 boundary_tp=0 dice=0 iou=0
2026-07-30 00:28:46,096 - portable_sam_fusion - INFO - [DEBUG-CONTEXT] epoch=3 step=650 enabled=0
2026-07-30 00:28:46,096 - portable_sam_fusion - INFO - [DEBUG-DENSE] epoch=3 step=650 applied_delta_norm=3.49 applied_delta_ratio=0.1494 base_norm=23.36 canvas_max=8 canvas_mean=0.006512 canvas_min=-5.666 canvas_nonzero_ratio=0.01451 canvas_std=0.4159 final_norm=23.61 residual_alpha=0.2511 shape_norm=28.03 source_delta_norm=13.9 source_delta_ratio=0.5951
2026-07-30 00:28:46,097 - portable_sam_fusion - INFO - [DEBUG-GATE] epoch=3 step=650 shape_dense_alpha_max=0.2511 shape_dense_alpha_mean=0.2511 shape_dense_alpha_min=0.2511
2026-07-30 00:28:46,097 - portable_sam_fusion - INFO - [DEBUG-JITTER] epoch=3 step=650 area_ratio_count=0 area_ratio_mean=0 area_ratio_sum=0 fallback_count=0 mean_iou=0 num_jittered=0 num_rois=0
2026-07-30 00:28:46,097 - portable_sam_fusion - INFO - [DEBUG-SP] epoch=3 step=650 all_invalid_count=0 all_invalid_ratio=0 empty_count=0 empty_ratio=0 full_count=0 full_ratio=0 mean_point_distance=30.33 n1_gt_valid_count=64 n1_in_gt_bg=0.9531 n1_in_gt_bg_count=61 n1_valid_count=64 n1_valid_ratio=1 n2_gt_valid_count=64 n2_in_gt_bg=1 n2_in_gt_bg_count=64 n2_valid_count=64 n2_valid_ratio=1 neg_in_pred_bg=1 neg_in_pred_bg_count=128 negative_pair_count=64 negative_pair_distance_sum=2565 p1_gt_valid_count=64 p1_in_gt_fg=1 p1_in_gt_fg_count=64 p1_valid_count=64 p1_valid_ratio=1 p2_gt_valid_count=64 p2_in_gt_fg=1 p2_in_gt_fg_count=64 p2_valid_count=64 p2_valid_ratio=1 point_distance_sum=3882 point_overlap_count=0 point_overlap_ratio=0 point_pair_count=128 pos_in_pred_fg=1 pos_in_pred_fg_count=128 positive_pair_count=64 positive_pair_distance_sum=1318 roi_count=64 valid_neg_count=128 valid_pos_count=128 warmup_stage=2
2026-07-30 00:30:10,342 - portable_sam_fusion - INFO - [DEBUG-BOX] epoch=3 step=700 fallback_count=0 fallback_ratio=0 num_rois=0 refined_proposal_iou=0 refined_proposal_iou_sum=0 refined_valid_count=0
2026-07-30 00:30:10,342 - portable_sam_fusion - INFO - [DEBUG-COARSE] epoch=3 step=700 boundary_fn=0 boundary_fp=0 boundary_tp=0 dice=0 iou=0
2026-07-30 00:30:10,342 - portable_sam_fusion - INFO - [DEBUG-CONTEXT] epoch=3 step=700 enabled=0
2026-07-30 00:30:10,342 - portable_sam_fusion - INFO - [DEBUG-DENSE] epoch=3 step=700 applied_delta_norm=2.612 applied_delta_ratio=0.1118 base_norm=23.36 canvas_max=7.398 canvas_mean=0.003621 canvas_min=-5.815 canvas_nonzero_ratio=0.005095 canvas_std=0.252 final_norm=23.44 residual_alpha=0.2513 shape_norm=25.57 source_delta_norm=10.39 source_delta_ratio=0.4449
2026-07-30 00:30:10,342 - portable_sam_fusion - INFO - [DEBUG-GATE] epoch=3 step=700 shape_dense_alpha_max=0.2513 shape_dense_alpha_mean=0.2513 shape_dense_alpha_min=0.2513
2026-07-30 00:30:10,342 - portable_sam_fusion - INFO - [DEBUG-JITTER] epoch=3 step=700 area_ratio_count=0 area_ratio_mean=0 area_ratio_sum=0 fallback_count=0 mean_iou=0 num_jittered=0 num_rois=0
2026-07-30 00:30:10,342 - portable_sam_fusion - INFO - [DEBUG-SP] epoch=3 step=700 all_invalid_count=0 all_invalid_ratio=0 empty_count=0 empty_ratio=0 full_count=0 full_ratio=0 mean_point_distance=19.49 n1_gt_valid_count=64 n1_in_gt_bg=0.9219 n1_in_gt_bg_count=59 n1_valid_count=64 n1_valid_ratio=1 n2_gt_valid_count=64 n2_in_gt_bg=1 n2_in_gt_bg_count=64 n2_valid_count=64 n2_valid_ratio=1 neg_in_pred_bg=1 neg_in_pred_bg_count=128 negative_pair_count=64 negative_pair_distance_sum=1869 p1_gt_valid_count=64 p1_in_gt_fg=1 p1_in_gt_fg_count=64 p1_valid_count=64 p1_valid_ratio=1 p2_gt_valid_count=64 p2_in_gt_fg=1 p2_in_gt_fg_count=64 p2_valid_count=64 p2_valid_ratio=1 point_distance_sum=2495 point_overlap_count=0 point_overlap_ratio=0 point_pair_count=128 pos_in_pred_fg=1 pos_in_pred_fg_count=128 positive_pair_count=64 positive_pair_distance_sum=626.1 roi_count=64 valid_neg_count=128 valid_pos_count=128 warmup_stage=2
2026-07-30 00:31:14,796 - portable_sam_fusion - INFO - [DEBUG-BOX] epoch=3 step=750 fallback_count=0 fallback_ratio=0 num_rois=64 refined_proposal_iou=0 refined_proposal_iou_sum=0 refined_valid_count=0
2026-07-30 00:31:14,797 - portable_sam_fusion - INFO - [DEBUG-COARSE] epoch=3 step=750 bce_raw=0.2316 boundary_fn=4798 boundary_fp=4769 boundary_loss_local_sum=30.83 boundary_tp=1.89e+04 dice=0.1085 dice_loss_raw=0.1085 iou=0.8074 loss_support_foreground_sum=4.964e+04 loss_support_pixel_sum=7.487e+04 loss_valid_roi_count=62 loss_weight=0.1 raw_boundary_fn=4798 raw_boundary_fp=4769 raw_boundary_tp=1.89e+04 raw_dice_score=0.8915 raw_iou=0.8074 refined_boundary_fn=4629 refined_boundary_fp=4571 refined_boundary_tp=1.893e+04 refined_dice_score=0.8922 refined_iou=0.8087 weighted_loss=0.03401
2026-07-30 00:31:14,797 - portable_sam_fusion - INFO - [DEBUG-CONTEXT] epoch=3 step=750 enabled=0
2026-07-30 00:31:14,797 - portable_sam_fusion - INFO - [DEBUG-DENSE] epoch=3 step=750 applied_delta_norm=2.658 applied_delta_ratio=0.1138 base_norm=23.36 canvas_max=8 canvas_mean=0.003694 canvas_min=-6.007 canvas_nonzero_ratio=0.005564 canvas_std=0.2707 final_norm=23.45 residual_alpha=0.2515 shape_norm=25.7 source_delta_norm=10.57 source_delta_ratio=0.4525
2026-07-30 00:31:14,797 - portable_sam_fusion - INFO - [DEBUG-GATE] epoch=3 step=750 shape_dense_alpha_max=0.2515 shape_dense_alpha_mean=0.2515 shape_dense_alpha_min=0.2515
2026-07-30 00:31:14,797 - portable_sam_fusion - INFO - [DEBUG-JITTER] epoch=3 step=750 area_ratio_count=64 area_ratio_mean=1 area_ratio_sum=64 fallback_count=0 mean_iou=1 num_jittered=0 num_rois=64
2026-07-30 00:31:14,797 - portable_sam_fusion - INFO - [DEBUG-SP] epoch=3 step=750 all_invalid_count=0 all_invalid_ratio=0 empty_count=0 empty_ratio=0 full_count=0 full_ratio=0 mean_point_distance=27.6 n1_gt_valid_count=64 n1_in_gt_bg=0.625 n1_in_gt_bg_count=40 n1_valid_count=64 n1_valid_ratio=1 n2_gt_valid_count=64 n2_in_gt_bg=0.9531 n2_in_gt_bg_count=61 n2_valid_count=64 n2_valid_ratio=1 neg_in_pred_bg=1 neg_in_pred_bg_count=128 negative_pair_count=64 negative_pair_distance_sum=2634 p1_gt_valid_count=64 p1_in_gt_fg=1 p1_in_gt_fg_count=64 p1_valid_count=64 p1_valid_ratio=1 p2_gt_valid_count=64 p2_in_gt_fg=1 p2_in_gt_fg_count=64 p2_valid_count=64 p2_valid_ratio=1 point_distance_sum=3532 point_overlap_count=0 point_overlap_ratio=0 point_pair_count=128 pos_in_pred_fg=1 pos_in_pred_fg_count=128 positive_pair_count=64 positive_pair_distance_sum=897.8 roi_count=64 valid_neg_count=128 valid_pos_count=128 warmup_stage=2
2026-07-30 00:32:17,527 - portable_sam_fusion - INFO - epoch 3 | mini-batch 208/294 | optimizer_step 200/5920 | lr=4.996e-04
2026-07-30 00:32:22,708 - portable_sam_fusion - INFO - [DEBUG-BOX] epoch=3 step=800 fallback_count=0 fallback_ratio=0 num_rois=64 refined_proposal_iou=0 refined_proposal_iou_sum=0 refined_valid_count=0
2026-07-30 00:32:22,708 - portable_sam_fusion - INFO - [DEBUG-COARSE] epoch=3 step=800 bce_raw=0.2473 boundary_fn=6165 boundary_fp=5498 boundary_loss_local_sum=33.29 boundary_tp=1.968e+04 dice=0.1019 dice_loss_raw=0.1019 iou=0.8177 loss_support_foreground_sum=4.05e+04 loss_support_pixel_sum=7.701e+04 loss_valid_roi_count=60 loss_weight=0.1 raw_boundary_fn=6165 raw_boundary_fp=5498 raw_boundary_tp=1.968e+04 raw_dice_score=0.8981 raw_iou=0.8177 refined_boundary_fn=6284 refined_boundary_fp=5421 refined_boundary_tp=1.938e+04 refined_dice_score=0.8975 refined_iou=0.8168 weighted_loss=0.03492
2026-07-30 00:32:22,708 - portable_sam_fusion - INFO - [DEBUG-CONTEXT] epoch=3 step=800 enabled=0
2026-07-30 00:32:22,708 - portable_sam_fusion - INFO - [DEBUG-DENSE] epoch=3 step=800 applied_delta_norm=4.785 applied_delta_ratio=0.2048 base_norm=23.36 canvas_max=7.21 canvas_mean=0.03335 canvas_min=-6.075 canvas_nonzero_ratio=0.01812 canvas_std=0.4617 final_norm=23.7 residual_alpha=0.2516 shape_norm=30.23 source_delta_norm=19.02 source_delta_ratio=0.8142
2026-07-30 00:32:22,708 - portable_sam_fusion - INFO - [DEBUG-GATE] epoch=3 step=800 shape_dense_alpha_max=0.2516 shape_dense_alpha_mean=0.2516 shape_dense_alpha_min=0.2516
2026-07-30 00:32:22,708 - portable_sam_fusion - INFO - [DEBUG-JITTER] epoch=3 step=800 area_ratio_count=64 area_ratio_mean=1 area_ratio_sum=64 fallback_count=0 mean_iou=1 num_jittered=0 num_rois=64
2026-07-30 00:32:22,708 - portable_sam_fusion - INFO - [DEBUG-SP] epoch=3 step=800 all_invalid_count=0 all_invalid_ratio=0 empty_count=0 empty_ratio=0 full_count=0 full_ratio=0 mean_point_distance=49.85 n1_gt_valid_count=64 n1_in_gt_bg=0.8281 n1_in_gt_bg_count=53 n1_valid_count=64 n1_valid_ratio=1 n2_gt_valid_count=64 n2_in_gt_bg=0.9531 n2_in_gt_bg_count=61 n2_valid_count=64 n2_valid_ratio=1 neg_in_pred_bg=1 neg_in_pred_bg_count=128 negative_pair_count=64 negative_pair_distance_sum=5002 p1_gt_valid_count=64 p1_in_gt_fg=1 p1_in_gt_fg_count=64 p1_valid_count=64 p1_valid_ratio=1 p2_gt_valid_count=64 p2_in_gt_fg=1 p2_in_gt_fg_count=64 p2_valid_count=64 p2_valid_ratio=1 point_distance_sum=6380 point_overlap_count=0 point_overlap_ratio=0 point_pair_count=128 pos_in_pred_fg=1 pos_in_pred_fg_count=128 positive_pair_count=64 positive_pair_distance_sum=1378 roi_count=64 valid_neg_count=128 valid_pos_count=128 warmup_stage=2
2026-07-30 00:33:28,479 - portable_sam_fusion - INFO - [DEBUG-BOX] epoch=3 step=850 fallback_count=0 fallback_ratio=0 num_rois=0 refined_proposal_iou=0 refined_proposal_iou_sum=0 refined_valid_count=0
2026-07-30 00:33:28,479 - portable_sam_fusion - INFO - [DEBUG-COARSE] epoch=3 step=850 boundary_fn=0 boundary_fp=0 boundary_tp=0 dice=0 iou=0
2026-07-30 00:33:28,479 - portable_sam_fusion - INFO - [DEBUG-CONTEXT] epoch=3 step=850 enabled=0
2026-07-30 00:33:28,479 - portable_sam_fusion - INFO - [DEBUG-DENSE] epoch=3 step=850 applied_delta_norm=2.481 applied_delta_ratio=0.1062 base_norm=23.36 canvas_max=8 canvas_mean=0.005894 canvas_min=-6.265 canvas_nonzero_ratio=0.005526 canvas_std=0.2909 final_norm=23.45 residual_alpha=0.2517 shape_norm=25.57 source_delta_norm=9.857 source_delta_ratio=0.422
2026-07-30 00:33:28,479 - portable_sam_fusion - INFO - [DEBUG-GATE] epoch=3 step=850 shape_dense_alpha_max=0.2517 shape_dense_alpha_mean=0.2517 shape_dense_alpha_min=0.2517
2026-07-30 00:33:28,479 - portable_sam_fusion - INFO - [DEBUG-JITTER] epoch=3 step=850 area_ratio_count=0 area_ratio_mean=0 area_ratio_sum=0 fallback_count=0 mean_iou=0 num_jittered=0 num_rois=0
2026-07-30 00:33:28,479 - portable_sam_fusion - INFO - [DEBUG-SP] epoch=3 step=850 all_invalid_count=0 all_invalid_ratio=0 empty_count=0 empty_ratio=0 full_count=0 full_ratio=0 mean_point_distance=19.93 n1_gt_valid_count=64 n1_in_gt_bg=0.8438 n1_in_gt_bg_count=54 n1_valid_count=64 n1_valid_ratio=1 n2_gt_valid_count=64 n2_in_gt_bg=0.9844 n2_in_gt_bg_count=63 n2_valid_count=64 n2_valid_ratio=1 neg_in_pred_bg=1 neg_in_pred_bg_count=128 negative_pair_count=64 negative_pair_distance_sum=1818 p1_gt_valid_count=64 p1_in_gt_fg=1 p1_in_gt_fg_count=64 p1_valid_count=64 p1_valid_ratio=1 p2_gt_valid_count=64 p2_in_gt_fg=1 p2_in_gt_fg_count=64 p2_valid_count=64 p2_valid_ratio=1 point_distance_sum=2551 point_overlap_count=0 point_overlap_ratio=0 point_pair_count=128 pos_in_pred_fg=1 pos_in_pred_fg_count=128 positive_pair_count=64 positive_pair_distance_sum=733.1 roi_count=64 valid_neg_count=128 valid_pos_count=128 warmup_stage=2
2026-07-30 00:34:11,422 - portable_sam_fusion - INFO - Epoch 3 detailed losses: loss_rpn_cls=0.0562, loss_rpn_bbox=0.0231, loss_cls=0.3181, acc=86.4690, loss_bbox=0.1973, loss_mask=0.0019, debug_mask_pos_rois=56.1905, debug_mask_logit_mean=-14.0770, debug_mask_logit_std=2.6668, debug_mask_prob_mean=0.0046, debug_mask_prob_ge05=0.0045, debug_mask_target_fill=0.0046, loss_shape_prior=0.0382, loss_p2_boundary_refiner=0.0275, schedule/det_weight=1.0000
2026-07-30 00:34:11,422 - portable_sam_fusion - INFO - Epoch 3 dense residual monitor: alpha=0.251392 source_delta_norm=12.5302 applied_delta_norm=3.1499 source_delta_ratio=0.536471 applied_delta_ratio=0.134860
2026-07-30 00:34:11,422 - portable_sam_fusion - INFO - Epoch 3 P2 boundary refiner: raw_dice=0.7622 refined_dice=0.7628 raw_iou=0.6679 refined_iou=0.6689 raw_boundary_f1=0.7293 refined_boundary_f1=0.7310
2026-07-30 00:34:11,422 - portable_sam_fusion - INFO - Epoch 3 P2 boundary support: valid=83.39% rejected=16.61% coverage=0.3576 delta_abs=0.044839 nonzero=35.76% saturated=0.01% p2_norm=129.4948 highpass_norm=4.8142 support_fg=55.04%
2026-07-30 00:34:11,422 - portable_sam_fusion - INFO - Epoch 3 primary loss shares: det=89.79% final_mask=0.29% shape=5.77% p2_boundary=4.15%
2026-07-30 00:34:11,422 - portable_sam_fusion - INFO - Epoch 3 schedule: det_loss_weight=1.000 early_stop_start=20 min_delta=0.0005
2026-07-30 00:34:11,422 - portable_sam_fusion - INFO - Epoch 3 learning rates: sat_backbone=4.99e-04, mask_decoder=4.99e-04, shape_prior=4.99e-04, p2_boundary_refiner=4.99e-04, quality_head=4.99e-04, sat_other=4.99e-04
2026-07-30 00:39:01,889 - portable_sam_fusion - INFO - Validation samples: GT=15926, DT=28386, avg_masks_per_image=45.27, avg_mask_fill=0.0116
creating index...
index created!
Loading and preparing results...
DONE (t=0.04s)
creating index...
index created!
Running per image evaluation...
Evaluate annotation type *bbox*
DONE (t=12.88s).
Accumulating evaluation results...
DONE (t=0.26s).
 Average Precision  (AP) @[ IoU=0.50:0.95 | area=   all | maxDets=100 ] = 0.530
 Average Precision  (AP) @[ IoU=0.50      | area=   all | maxDets=100 ] = 0.847
 Average Precision  (AP) @[ IoU=0.75      | area=   all | maxDets=100 ] = 0.627
 Average Precision  (AP) @[ IoU=0.50:0.95 | area= small | maxDets=100 ] = 0.154
 Average Precision  (AP) @[ IoU=0.50:0.95 | area=medium | maxDets=100 ] = 0.581
 Average Precision  (AP) @[ IoU=0.50:0.95 | area= large | maxDets=100 ] = 0.590
 Average Recall     (AR) @[ IoU=0.50:0.95 | area=   all | maxDets=  1 ] = 0.022
 Average Recall     (AR) @[ IoU=0.50:0.95 | area=   all | maxDets= 10 ] = 0.159
 Average Recall     (AR) @[ IoU=0.50:0.95 | area=   all | maxDets=100 ] = 0.607
 Average Recall     (AR) @[ IoU=0.50:0.95 | area= small | maxDets=100 ] = 0.306
 Average Recall     (AR) @[ IoU=0.50:0.95 | area=medium | maxDets=100 ] = 0.655
 Average Recall     (AR) @[ IoU=0.50:0.95 | area= large | maxDets=100 ] = 0.664
2026-07-30 00:39:15,855 - portable_sam_fusion - INFO - Validation bbox/mAP: 0.5301 bbox/mAP_75: 0.6267
Running per image evaluation...
Evaluate annotation type *segm*
DONE (t=13.07s).
Accumulating evaluation results...
DONE (t=0.26s).
 Average Precision  (AP) @[ IoU=0.50:0.95 | area=   all | maxDets=100 ] = 0.551
 Average Precision  (AP) @[ IoU=0.50      | area=   all | maxDets=100 ] = 0.843
 Average Precision  (AP) @[ IoU=0.75      | area=   all | maxDets=100 ] = 0.648
 Average Precision  (AP) @[ IoU=0.50:0.95 | area= small | maxDets=100 ] = 0.122
 Average Precision  (AP) @[ IoU=0.50:0.95 | area=medium | maxDets=100 ] = 0.584
 Average Precision  (AP) @[ IoU=0.50:0.95 | area= large | maxDets=100 ] = 0.710
 Average Recall     (AR) @[ IoU=0.50:0.95 | area=   all | maxDets=  1 ] = 0.024
 Average Recall     (AR) @[ IoU=0.50:0.95 | area=   all | maxDets= 10 ] = 0.168
 Average Recall     (AR) @[ IoU=0.50:0.95 | area=   all | maxDets=100 ] = 0.624
 Average Recall     (AR) @[ IoU=0.50:0.95 | area= small | maxDets=100 ] = 0.246
 Average Recall     (AR) @[ IoU=0.50:0.95 | area=medium | maxDets=100 ] = 0.651
 Average Recall     (AR) @[ IoU=0.50:0.95 | area= large | maxDets=100 ] = 0.785
2026-07-30 00:39:29,226 - portable_sam_fusion - INFO - Validation segm/mAP: 0.5510
2026-07-30 00:39:29,753 - portable_sam_fusion - INFO - New best segm/mAP: 0.5510
2026-07-30 00:39:29,754 - portable_sam_fusion - INFO - New best bbox/mAP: 0.5301
2026-07-30 00:39:29,754 - portable_sam_fusion - INFO - New best early-stop metric (segm/mAP): raw=0.5510 smooth(5)=0.5327
2026-07-30 00:39:32,312 - portable_sam_fusion - INFO - Saved best_model with segm/mAP: 0.5510
2026-07-30 00:39:35,402 - portable_sam_fusion - INFO - Saved best_bbox_model with bbox/mAP: 0.5301
2026-07-30 00:39:41,009 - portable_sam_fusion - INFO - Epoch 3/80 | train=0.662401 val=disabled segm/mAP=0.5510 bbox/mAP=0.5301 | best_segm=0.5510 best_bbox=0.5301 best_comp=0.0000 | sat_backbone=4.99e-04 mask_decoder=4.99e-04 shape_prior=4.99e-04 p2_boundary_refiner=4.99e-04 quality_head=4.99e-04 sat_other=4.99e-04
2026-07-30 00:40:13,442 - portable_sam_fusion - INFO - [DEBUG-BOX] epoch=4 step=900 fallback_count=0 fallback_ratio=0 num_rois=64 refined_proposal_iou=0 refined_proposal_iou_sum=0 refined_valid_count=0
2026-07-30 00:40:13,442 - portable_sam_fusion - INFO - [DEBUG-COARSE] epoch=4 step=900 bce_raw=0.266 boundary_fn=5378 boundary_fp=5319 boundary_loss_local_sum=22.48 boundary_tp=2.147e+04 dice=0.144 dice_loss_raw=0.144 iou=0.7537 loss_support_foreground_sum=3.021e+04 loss_support_pixel_sum=5.875e+04 loss_valid_roi_count=44 loss_weight=0.1 raw_boundary_fn=5378 raw_boundary_fp=5319 raw_boundary_tp=2.147e+04 raw_dice_score=0.856 raw_iou=0.7537 refined_boundary_fn=5173 refined_boundary_fp=5226 refined_boundary_tp=2.164e+04 refined_dice_score=0.8569 refined_iou=0.7554 weighted_loss=0.041
2026-07-30 00:40:13,442 - portable_sam_fusion - INFO - [DEBUG-CONTEXT] epoch=4 step=900 enabled=0
2026-07-30 00:40:13,442 - portable_sam_fusion - INFO - [DEBUG-DENSE] epoch=4 step=900 applied_delta_norm=3 applied_delta_ratio=0.1284 base_norm=23.36 canvas_max=8 canvas_mean=0.0004504 canvas_min=-8 canvas_nonzero_ratio=0.006863 canvas_std=0.348 final_norm=23.47 residual_alpha=0.2518 shape_norm=26.2 source_delta_norm=11.91 source_delta_ratio=0.5101
2026-07-30 00:40:13,443 - portable_sam_fusion - INFO - [DEBUG-GATE] epoch=4 step=900 shape_dense_alpha_max=0.2518 shape_dense_alpha_mean=0.2518 shape_dense_alpha_min=0.2518
2026-07-30 00:40:13,443 - portable_sam_fusion - INFO - [DEBUG-JITTER] epoch=4 step=900 area_ratio_count=64 area_ratio_mean=1 area_ratio_sum=64 fallback_count=0 mean_iou=1 num_jittered=0 num_rois=64
2026-07-30 00:40:13,443 - portable_sam_fusion - INFO - [DEBUG-SP] epoch=4 step=900 all_invalid_count=0 all_invalid_ratio=0 empty_count=0 empty_ratio=0 full_count=0 full_ratio=0 mean_point_distance=29.25 n1_gt_valid_count=64 n1_in_gt_bg=0.7031 n1_in_gt_bg_count=45 n1_valid_count=64 n1_valid_ratio=1 n2_gt_valid_count=64 n2_in_gt_bg=1 n2_in_gt_bg_count=64 n2_valid_count=64 n2_valid_ratio=1 neg_in_pred_bg=1 neg_in_pred_bg_count=128 negative_pair_count=64 negative_pair_distance_sum=2797 p1_gt_valid_count=64 p1_in_gt_fg=1 p1_in_gt_fg_count=64 p1_valid_count=64 p1_valid_ratio=1 p2_gt_valid_count=64 p2_in_gt_fg=0.9844 p2_in_gt_fg_count=63 p2_valid_count=64 p2_valid_ratio=1 point_distance_sum=3744 point_overlap_count=0 point_overlap_ratio=0 point_pair_count=128 pos_in_pred_fg=1 pos_in_pred_fg_count=128 positive_pair_count=64 positive_pair_distance_sum=947.5 roi_count=64 valid_neg_count=128 valid_pos_count=128 warmup_stage=2
2026-07-30 00:41:24,567 - portable_sam_fusion - INFO - [DEBUG-BOX] epoch=4 step=950 fallback_count=0 fallback_ratio=0 num_rois=64 refined_proposal_iou=0 refined_proposal_iou_sum=0 refined_valid_count=0
2026-07-30 00:41:24,568 - portable_sam_fusion - INFO - [DEBUG-COARSE] epoch=4 step=950 bce_raw=0.2238 boundary_fn=5188 boundary_fp=4264 boundary_loss_local_sum=23.58 boundary_tp=2.179e+04 dice=0.111 dice_loss_raw=0.111 iou=0.8049 loss_support_foreground_sum=3.995e+04 loss_support_pixel_sum=7.045e+04 loss_valid_roi_count=54 loss_weight=0.1 raw_boundary_fn=5188 raw_boundary_fp=4264 raw_boundary_tp=2.179e+04 raw_dice_score=0.889 raw_iou=0.8049 refined_boundary_fn=4853 refined_boundary_fp=4134 refined_boundary_tp=2.2e+04 refined_dice_score=0.89 refined_iou=0.8066 weighted_loss=0.03349
2026-07-30 00:41:24,568 - portable_sam_fusion - INFO - [DEBUG-CONTEXT] epoch=4 step=950 enabled=0
2026-07-30 00:41:24,568 - portable_sam_fusion - INFO - [DEBUG-DENSE] epoch=4 step=950 applied_delta_norm=3.883 applied_delta_ratio=0.1662 base_norm=23.36 canvas_max=8 canvas_mean=0.009573 canvas_min=-6.153 canvas_nonzero_ratio=0.00982 canvas_std=0.4024 final_norm=23.53 residual_alpha=0.2519 shape_norm=27.61 source_delta_norm=15.41 source_delta_ratio=0.6598
2026-07-30 00:41:24,568 - portable_sam_fusion - INFO - [DEBUG-GATE] epoch=4 step=950 shape_dense_alpha_max=0.2519 shape_dense_alpha_mean=0.2519 shape_dense_alpha_min=0.2519
2026-07-30 00:41:24,568 - portable_sam_fusion - INFO - [DEBUG-JITTER] epoch=4 step=950 area_ratio_count=64 area_ratio_mean=1 area_ratio_sum=64 fallback_count=0 mean_iou=1 num_jittered=0 num_rois=64
2026-07-30 00:41:24,568 - portable_sam_fusion - INFO - [DEBUG-SP] epoch=4 step=950 all_invalid_count=0 all_invalid_ratio=0 empty_count=0 empty_ratio=0 full_count=0 full_ratio=0 mean_point_distance=37.09 n1_gt_valid_count=64 n1_in_gt_bg=0.8438 n1_in_gt_bg_count=54 n1_valid_count=64 n1_valid_ratio=1 n2_gt_valid_count=63 n2_in_gt_bg=1 n2_in_gt_bg_count=63 n2_valid_count=63 n2_valid_ratio=0.9844 neg_in_pred_bg=1 neg_in_pred_bg_count=127 negative_pair_count=63 negative_pair_distance_sum=3685 p1_gt_valid_count=64 p1_in_gt_fg=1 p1_in_gt_fg_count=64 p1_valid_count=64 p1_valid_ratio=1 p2_gt_valid_count=64 p2_in_gt_fg=1 p2_in_gt_fg_count=64 p2_valid_count=64 p2_valid_ratio=1 point_distance_sum=4710 point_overlap_count=0 point_overlap_ratio=0 point_pair_count=127 pos_in_pred_fg=1 pos_in_pred_fg_count=128 positive_pair_count=64 positive_pair_distance_sum=1025 roi_count=64 valid_neg_count=127 valid_pos_count=128 warmup_stage=2
2026-07-30 00:42:21,622 - portable_sam_fusion - INFO - epoch 4 | mini-batch 112/294 | optimizer_step 250/5920 | lr=4.992e-04
2026-07-30 00:42:29,800 - portable_sam_fusion - INFO - [DEBUG-BOX] epoch=4 step=1000 fallback_count=0 fallback_ratio=0 num_rois=64 refined_proposal_iou=0 refined_proposal_iou_sum=0 refined_valid_count=0
2026-07-30 00:42:29,801 - portable_sam_fusion - INFO - [DEBUG-COARSE] epoch=4 step=1000 bce_raw=0.2547 boundary_fn=5559 boundary_fp=4383 boundary_loss_local_sum=25.74 boundary_tp=2.195e+04 dice=0.1256 dice_loss_raw=0.1256 iou=0.7823 loss_support_foreground_sum=4.008e+04 loss_support_pixel_sum=7.377e+04 loss_valid_roi_count=54 loss_weight=0.1 raw_boundary_fn=5559 raw_boundary_fp=4383 raw_boundary_tp=2.195e+04 raw_dice_score=0.8744 raw_iou=0.7823 refined_boundary_fn=5294 refined_boundary_fp=4339 refined_boundary_tp=2.215e+04 refined_dice_score=0.8743 refined_iou=0.7822 weighted_loss=0.03803
2026-07-30 00:42:29,801 - portable_sam_fusion - INFO - [DEBUG-CONTEXT] epoch=4 step=1000 enabled=0
2026-07-30 00:42:29,801 - portable_sam_fusion - INFO - [DEBUG-DENSE] epoch=4 step=1000 applied_delta_norm=3.04 applied_delta_ratio=0.1302 base_norm=23.36 canvas_max=6.997 canvas_mean=0.0002998 canvas_min=-7.983 canvas_nonzero_ratio=0.006587 canvas_std=0.3492 final_norm=23.47 residual_alpha=0.2521 shape_norm=26.18 source_delta_norm=12.06 source_delta_ratio=0.5165
2026-07-30 00:42:29,801 - portable_sam_fusion - INFO - [DEBUG-GATE] epoch=4 step=1000 shape_dense_alpha_max=0.2521 shape_dense_alpha_mean=0.2521 shape_dense_alpha_min=0.2521
2026-07-30 00:42:29,801 - portable_sam_fusion - INFO - [DEBUG-JITTER] epoch=4 step=1000 area_ratio_count=64 area_ratio_mean=1 area_ratio_sum=64 fallback_count=0 mean_iou=1 num_jittered=0 num_rois=64
2026-07-30 00:42:29,801 - portable_sam_fusion - INFO - [DEBUG-SP] epoch=4 step=1000 all_invalid_count=0 all_invalid_ratio=0 empty_count=0 empty_ratio=0 full_count=0 full_ratio=0 mean_point_distance=30.07 n1_gt_valid_count=64 n1_in_gt_bg=0.7656 n1_in_gt_bg_count=49 n1_valid_count=64 n1_valid_ratio=1 n2_gt_valid_count=64 n2_in_gt_bg=1 n2_in_gt_bg_count=64 n2_valid_count=64 n2_valid_ratio=1 neg_in_pred_bg=1 neg_in_pred_bg_count=128 negative_pair_count=64 negative_pair_distance_sum=2978 p1_gt_valid_count=64 p1_in_gt_fg=1 p1_in_gt_fg_count=64 p1_valid_count=64 p1_valid_ratio=1 p2_gt_valid_count=64 p2_in_gt_fg=1 p2_in_gt_fg_count=64 p2_valid_count=64 p2_valid_ratio=1 point_distance_sum=3850 point_overlap_count=0 point_overlap_ratio=0 point_pair_count=128 pos_in_pred_fg=1 pos_in_pred_fg_count=128 positive_pair_count=64 positive_pair_distance_sum=871.9 roi_count=64 valid_neg_count=128 valid_pos_count=128 warmup_stage=2
2026-07-30 00:43:35,790 - portable_sam_fusion - INFO - [DEBUG-BOX] epoch=4 step=1050 fallback_count=0 fallback_ratio=0 num_rois=64 refined_proposal_iou=0 refined_proposal_iou_sum=0 refined_valid_count=0
2026-07-30 00:43:35,791 - portable_sam_fusion - INFO - [DEBUG-COARSE] epoch=4 step=1050 bce_raw=0.2636 boundary_fn=5833 boundary_fp=4906 boundary_loss_local_sum=26.91 boundary_tp=2.093e+04 dice=0.13 dice_loss_raw=0.13 iou=0.776 loss_support_foreground_sum=3.776e+04 loss_support_pixel_sum=7.108e+04 loss_valid_roi_count=54 loss_weight=0.1 raw_boundary_fn=5833 raw_boundary_fp=4906 raw_boundary_tp=2.093e+04 raw_dice_score=0.87 raw_iou=0.776 refined_boundary_fn=5780 refined_boundary_fp=4964 refined_boundary_tp=2.091e+04 refined_dice_score=0.87 refined_iou=0.7761 weighted_loss=0.03936
2026-07-30 00:43:35,791 - portable_sam_fusion - INFO - [DEBUG-CONTEXT] epoch=4 step=1050 enabled=0
2026-07-30 00:43:35,791 - portable_sam_fusion - INFO - [DEBUG-DENSE] epoch=4 step=1050 applied_delta_norm=2.796 applied_delta_ratio=0.1197 base_norm=23.36 canvas_max=8 canvas_mean=0.001322 canvas_min=-8 canvas_nonzero_ratio=0.006075 canvas_std=0.325 final_norm=23.46 residual_alpha=0.2522 shape_norm=25.89 source_delta_norm=11.09 source_delta_ratio=0.4748
2026-07-30 00:43:35,791 - portable_sam_fusion - INFO - [DEBUG-GATE] epoch=4 step=1050 shape_dense_alpha_max=0.2522 shape_dense_alpha_mean=0.2522 shape_dense_alpha_min=0.2522
2026-07-30 00:43:35,791 - portable_sam_fusion - INFO - [DEBUG-JITTER] epoch=4 step=1050 area_ratio_count=64 area_ratio_mean=1 area_ratio_sum=64 fallback_count=0 mean_iou=1 num_jittered=0 num_rois=64
2026-07-30 00:43:35,791 - portable_sam_fusion - INFO - [DEBUG-SP] epoch=4 step=1050 all_invalid_count=0 all_invalid_ratio=0 empty_count=0 empty_ratio=0 full_count=0 full_ratio=0 mean_point_distance=29.55 n1_gt_valid_count=64 n1_in_gt_bg=0.875 n1_in_gt_bg_count=56 n1_valid_count=64 n1_valid_ratio=1 n2_gt_valid_count=64 n2_in_gt_bg=1 n2_in_gt_bg_count=64 n2_valid_count=64 n2_valid_ratio=1 neg_in_pred_bg=1 neg_in_pred_bg_count=128 negative_pair_count=64 negative_pair_distance_sum=2939 p1_gt_valid_count=64 p1_in_gt_fg=1 p1_in_gt_fg_count=64 p1_valid_count=64 p1_valid_ratio=1 p2_gt_valid_count=64 p2_in_gt_fg=0.9844 p2_in_gt_fg_count=63 p2_valid_count=64 p2_valid_ratio=1 point_distance_sum=3782 point_overlap_count=0 point_overlap_ratio=0 point_pair_count=128 pos_in_pred_fg=1 pos_in_pred_fg_count=128 positive_pair_count=64 positive_pair_distance_sum=843 roi_count=64 valid_neg_count=128 valid_pos_count=128 warmup_stage=2
2026-07-30 00:44:48,247 - portable_sam_fusion - INFO - [DEBUG-BOX] epoch=4 step=1100 fallback_count=0 fallback_ratio=0 num_rois=64 refined_proposal_iou=0 refined_proposal_iou_sum=0 refined_valid_count=0
2026-07-30 00:44:48,248 - portable_sam_fusion - INFO - [DEBUG-COARSE] epoch=4 step=1100 bce_raw=0.2901 boundary_fn=6315 boundary_fp=6101 boundary_loss_local_sum=24.34 boundary_tp=2.089e+04 dice=0.1422 dice_loss_raw=0.1422 iou=0.7645 loss_support_foreground_sum=3.278e+04 loss_support_pixel_sum=6.924e+04 loss_valid_roi_count=51 loss_weight=0.1 raw_boundary_fn=6315 raw_boundary_fp=6101 raw_boundary_tp=2.089e+04 raw_dice_score=0.8578 raw_iou=0.7645 refined_boundary_fn=6043 refined_boundary_fp=6121 refined_boundary_tp=2.117e+04 refined_dice_score=0.8578 refined_iou=0.7645 weighted_loss=0.04323
2026-07-30 00:44:48,248 - portable_sam_fusion - INFO - [DEBUG-CONTEXT] epoch=4 step=1100 enabled=0
2026-07-30 00:44:48,248 - portable_sam_fusion - INFO - [DEBUG-DENSE] epoch=4 step=1100 applied_delta_norm=4.516 applied_delta_ratio=0.1933 base_norm=23.36 canvas_max=6.842 canvas_mean=0.009853 canvas_min=-8 canvas_nonzero_ratio=0.01466 canvas_std=0.4523 final_norm=23.63 residual_alpha=0.2522 shape_norm=29.36 source_delta_norm=17.9 source_delta_ratio=0.7665
2026-07-30 00:44:48,248 - portable_sam_fusion - INFO - [DEBUG-GATE] epoch=4 step=1100 shape_dense_alpha_max=0.2522 shape_dense_alpha_mean=0.2522 shape_dense_alpha_min=0.2522
2026-07-30 00:44:48,248 - portable_sam_fusion - INFO - [DEBUG-JITTER] epoch=4 step=1100 area_ratio_count=64 area_ratio_mean=1 area_ratio_sum=64 fallback_count=0 mean_iou=1 num_jittered=0 num_rois=64
2026-07-30 00:44:48,248 - portable_sam_fusion - INFO - [DEBUG-SP] epoch=4 step=1100 all_invalid_count=0 all_invalid_ratio=0 empty_count=0 empty_ratio=0 full_count=0 full_ratio=0 mean_point_distance=48.82 n1_gt_valid_count=64 n1_in_gt_bg=0.875 n1_in_gt_bg_count=56 n1_valid_count=64 n1_valid_ratio=1 n2_gt_valid_count=64 n2_in_gt_bg=0.9844 n2_in_gt_bg_count=63 n2_valid_count=64 n2_valid_ratio=1 neg_in_pred_bg=1 neg_in_pred_bg_count=128 negative_pair_count=64 negative_pair_distance_sum=4505 p1_gt_valid_count=64 p1_in_gt_fg=0.9375 p1_in_gt_fg_count=60 p1_valid_count=64 p1_valid_ratio=1 p2_gt_valid_count=64 p2_in_gt_fg=0.9531 p2_in_gt_fg_count=61 p2_valid_count=64 p2_valid_ratio=1 point_distance_sum=6250 point_overlap_count=0 point_overlap_ratio=0 point_pair_count=128 pos_in_pred_fg=1 pos_in_pred_fg_count=128 positive_pair_count=64 positive_pair_distance_sum=1745 roi_count=64 valid_neg_count=128 valid_pos_count=128 warmup_stage=2
2026-07-30 00:45:57,254 - portable_sam_fusion - INFO - [DEBUG-BOX] epoch=4 step=1150 fallback_count=0 fallback_ratio=0 num_rois=64 refined_proposal_iou=0 refined_proposal_iou_sum=0 refined_valid_count=0
2026-07-30 00:45:57,254 - portable_sam_fusion - INFO - [DEBUG-COARSE] epoch=4 step=1150 bce_raw=0.2476 boundary_fn=5643 boundary_fp=3953 boundary_loss_local_sum=27.69 boundary_tp=2.196e+04 dice=0.1152 dice_loss_raw=0.1152 iou=0.7975 loss_support_foreground_sum=4.242e+04 loss_support_pixel_sum=7.552e+04 loss_valid_roi_count=55 loss_weight=0.1 raw_boundary_fn=5643 raw_boundary_fp=3953 raw_boundary_tp=2.196e+04 raw_dice_score=0.8848 raw_iou=0.7975 refined_boundary_fn=5458 refined_boundary_fp=3921 refined_boundary_tp=2.21e+04 refined_dice_score=0.8849 refined_iou=0.7978 weighted_loss=0.03628
2026-07-30 00:45:57,254 - portable_sam_fusion - INFO - [DEBUG-CONTEXT] epoch=4 step=1150 enabled=0
2026-07-30 00:45:57,254 - portable_sam_fusion - INFO - [DEBUG-DENSE] epoch=4 step=1150 applied_delta_norm=3.271 applied_delta_ratio=0.14 base_norm=23.36 canvas_max=8 canvas_mean=0.003624 canvas_min=-8 canvas_nonzero_ratio=0.007387 canvas_std=0.3893 final_norm=23.49 residual_alpha=0.2523 shape_norm=26.51 source_delta_norm=12.97 source_delta_ratio=0.5552
2026-07-30 00:45:57,254 - portable_sam_fusion - INFO - [DEBUG-GATE] epoch=4 step=1150 shape_dense_alpha_max=0.2523 shape_dense_alpha_mean=0.2523 shape_dense_alpha_min=0.2523
2026-07-30 00:45:57,254 - portable_sam_fusion - INFO - [DEBUG-JITTER] epoch=4 step=1150 area_ratio_count=64 area_ratio_mean=1 area_ratio_sum=64 fallback_count=0 mean_iou=1 num_jittered=0 num_rois=64
2026-07-30 00:45:57,254 - portable_sam_fusion - INFO - [DEBUG-SP] epoch=4 step=1150 all_invalid_count=0 all_invalid_ratio=0 empty_count=0 empty_ratio=0 full_count=0 full_ratio=0 mean_point_distance=28.53 n1_gt_valid_count=64 n1_in_gt_bg=0.875 n1_in_gt_bg_count=56 n1_valid_count=64 n1_valid_ratio=1 n2_gt_valid_count=64 n2_in_gt_bg=0.9844 n2_in_gt_bg_count=63 n2_valid_count=64 n2_valid_ratio=1 neg_in_pred_bg=1 neg_in_pred_bg_count=128 negative_pair_count=64 negative_pair_distance_sum=2666 p1_gt_valid_count=64 p1_in_gt_fg=1 p1_in_gt_fg_count=64 p1_valid_count=64 p1_valid_ratio=1 p2_gt_valid_count=64 p2_in_gt_fg=1 p2_in_gt_fg_count=64 p2_valid_count=64 p2_valid_ratio=1 point_distance_sum=3652 point_overlap_count=0 point_overlap_ratio=0 point_pair_count=128 pos_in_pred_fg=1 pos_in_pred_fg_count=128 positive_pair_count=64 positive_pair_distance_sum=986.5 roi_count=64 valid_neg_count=128 valid_pos_count=128 warmup_stage=2
2026-07-30 00:46:34,942 - portable_sam_fusion - INFO - Epoch 4 detailed losses: loss_rpn_cls=0.0484, loss_rpn_bbox=0.0168, loss_cls=0.2962, acc=87.5263, loss_bbox=0.1547, loss_mask=0.0016, debug_mask_pos_rois=55.7789, debug_mask_logit_mean=-13.2532, debug_mask_logit_std=2.3432, debug_mask_prob_mean=0.0046, debug_mask_prob_ge05=0.0045, debug_mask_target_fill=0.0046, loss_shape_prior=0.0337, loss_p2_boundary_refiner=0.0244, schedule/det_weight=1.0000
2026-07-30 00:46:34,942 - portable_sam_fusion - INFO - Epoch 4 dense residual monitor: alpha=0.253357 source_delta_norm=12.4831 applied_delta_norm=3.1630 source_delta_ratio=0.534454 applied_delta_ratio=0.135422
2026-07-30 00:46:34,942 - portable_sam_fusion - INFO - Epoch 4 P2 boundary refiner: raw_dice=0.7809 refined_dice=0.7814 raw_iou=0.6969 refined_iou=0.6978 raw_boundary_f1=0.7785 refined_boundary_f1=0.7855
2026-07-30 00:46:34,942 - portable_sam_fusion - INFO - Epoch 4 P2 boundary support: valid=84.71% rejected=15.29% coverage=0.3617 delta_abs=0.080563 nonzero=36.17% saturated=0.47% p2_norm=94.1416 highpass_norm=4.0622 support_fg=55.78%
2026-07-30 00:46:34,942 - portable_sam_fusion - INFO - Epoch 4 primary loss shares: det=89.63% final_mask=0.29% shape=5.85% p2_boundary=4.24%
2026-07-30 00:46:34,942 - portable_sam_fusion - INFO - Epoch 4 schedule: det_loss_weight=1.000 early_stop_start=20 min_delta=0.0005
2026-07-30 00:46:34,942 - portable_sam_fusion - INFO - Epoch 4 learning rates: sat_backbone=4.99e-04, mask_decoder=4.99e-04, shape_prior=4.99e-04, p2_boundary_refiner=4.99e-04, quality_head=4.99e-04, sat_other=4.99e-04
2026-07-30 00:51:23,081 - portable_sam_fusion - INFO - Validation samples: GT=15926, DT=27652, avg_masks_per_image=44.10, avg_mask_fill=0.0070
creating index...
index created!
Loading and preparing results...
DONE (t=0.03s)
creating index...
index created!
Running per image evaluation...
Evaluate annotation type *bbox*
DONE (t=12.84s).
Accumulating evaluation results...
DONE (t=0.23s).
 Average Precision  (AP) @[ IoU=0.50:0.95 | area=   all | maxDets=100 ] = 0.549
 Average Precision  (AP) @[ IoU=0.50      | area=   all | maxDets=100 ] = 0.858
 Average Precision  (AP) @[ IoU=0.75      | area=   all | maxDets=100 ] = 0.669
 Average Precision  (AP) @[ IoU=0.50:0.95 | area= small | maxDets=100 ] = 0.201
 Average Precision  (AP) @[ IoU=0.50:0.95 | area=medium | maxDets=100 ] = 0.602
 Average Precision  (AP) @[ IoU=0.50:0.95 | area= large | maxDets=100 ] = 0.595
 Average Recall     (AR) @[ IoU=0.50:0.95 | area=   all | maxDets=  1 ] = 0.022
 Average Recall     (AR) @[ IoU=0.50:0.95 | area=   all | maxDets= 10 ] = 0.160
 Average Recall     (AR) @[ IoU=0.50:0.95 | area=   all | maxDets=100 ] = 0.631
 Average Recall     (AR) @[ IoU=0.50:0.95 | area= small | maxDets=100 ] = 0.363
 Average Recall     (AR) @[ IoU=0.50:0.95 | area=medium | maxDets=100 ] = 0.671
 Average Recall     (AR) @[ IoU=0.50:0.95 | area= large | maxDets=100 ] = 0.690
2026-07-30 00:51:36,405 - portable_sam_fusion - INFO - Validation bbox/mAP: 0.5492 bbox/mAP_75: 0.6690
Running per image evaluation...
Evaluate annotation type *segm*
DONE (t=12.93s).
Accumulating evaluation results...
DONE (t=0.25s).
 Average Precision  (AP) @[ IoU=0.50:0.95 | area=   all | maxDets=100 ] = 0.599
 Average Precision  (AP) @[ IoU=0.50      | area=   all | maxDets=100 ] = 0.859
 Average Precision  (AP) @[ IoU=0.75      | area=   all | maxDets=100 ] = 0.700
 Average Precision  (AP) @[ IoU=0.50:0.95 | area= small | maxDets=100 ] = 0.158
 Average Precision  (AP) @[ IoU=0.50:0.95 | area=medium | maxDets=100 ] = 0.630
 Average Precision  (AP) @[ IoU=0.50:0.95 | area= large | maxDets=100 ] = 0.756
 Average Recall     (AR) @[ IoU=0.50:0.95 | area=   all | maxDets=  1 ] = 0.025
 Average Recall     (AR) @[ IoU=0.50:0.95 | area=   all | maxDets= 10 ] = 0.178
 Average Recall     (AR) @[ IoU=0.50:0.95 | area=   all | maxDets=100 ] = 0.666
 Average Recall     (AR) @[ IoU=0.50:0.95 | area= small | maxDets=100 ] = 0.296
 Average Recall     (AR) @[ IoU=0.50:0.95 | area=medium | maxDets=100 ] = 0.691
 Average Recall     (AR) @[ IoU=0.50:0.95 | area= large | maxDets=100 ] = 0.830
2026-07-30 00:51:49,632 - portable_sam_fusion - INFO - Validation segm/mAP: 0.5992
2026-07-30 00:51:50,179 - portable_sam_fusion - INFO - New best segm/mAP: 0.5992
2026-07-30 00:51:50,179 - portable_sam_fusion - INFO - New best bbox/mAP: 0.5492
2026-07-30 00:51:50,180 - portable_sam_fusion - INFO - New best early-stop metric (segm/mAP): raw=0.5992 smooth(5)=0.5493
2026-07-30 00:51:52,710 - portable_sam_fusion - INFO - Saved best_model with segm/mAP: 0.5992
2026-07-30 00:51:55,407 - portable_sam_fusion - INFO - Saved best_bbox_model with bbox/mAP: 0.5492
2026-07-30 00:52:01,198 - portable_sam_fusion - INFO - Epoch 4/80 | train=0.575855 val=disabled segm/mAP=0.5992 bbox/mAP=0.5492 | best_segm=0.5992 best_bbox=0.5492 best_comp=0.0000 | sat_backbone=4.99e-04 mask_decoder=4.99e-04 shape_prior=4.99e-04 p2_boundary_refiner=4.99e-04 quality_head=4.99e-04 sat_other=4.99e-04
2026-07-30 00:52:24,320 - portable_sam_fusion - INFO - epoch 5 | mini-batch 16/294 | optimizer_step 300/5920 | lr=4.985e-04
2026-07-30 00:52:34,713 - portable_sam_fusion - INFO - [DEBUG-BOX] epoch=5 step=1200 fallback_count=0 fallback_ratio=0 num_rois=64 refined_proposal_iou=0 refined_proposal_iou_sum=0 refined_valid_count=0
2026-07-30 00:52:34,714 - portable_sam_fusion - INFO - [DEBUG-COARSE] epoch=5 step=1200 bce_raw=0.2266 boundary_fn=4531 boundary_fp=5281 boundary_loss_local_sum=23.84 boundary_tp=1.999e+04 dice=0.1159 dice_loss_raw=0.1159 iou=0.7998 loss_support_foreground_sum=3.753e+04 loss_support_pixel_sum=6.528e+04 loss_valid_roi_count=52 loss_weight=0.1 raw_boundary_fn=4531 raw_boundary_fp=5281 raw_boundary_tp=1.999e+04 raw_dice_score=0.8841 raw_iou=0.7998 refined_boundary_fn=4323 refined_boundary_fp=5223 refined_boundary_tp=2.018e+04 refined_dice_score=0.8834 refined_iou=0.7986 weighted_loss=0.03425
2026-07-30 00:52:34,714 - portable_sam_fusion - INFO - [DEBUG-CONTEXT] epoch=5 step=1200 enabled=0
2026-07-30 00:52:34,714 - portable_sam_fusion - INFO - [DEBUG-DENSE] epoch=5 step=1200 applied_delta_norm=3.279 applied_delta_ratio=0.1404 base_norm=23.36 canvas_max=8 canvas_mean=0.001722 canvas_min=-8 canvas_nonzero_ratio=0.0135 canvas_std=0.4426 final_norm=23.6 residual_alpha=0.2523 shape_norm=27.9 source_delta_norm=13 source_delta_ratio=0.5565
2026-07-30 00:52:34,714 - portable_sam_fusion - INFO - [DEBUG-GATE] epoch=5 step=1200 shape_dense_alpha_max=0.2523 shape_dense_alpha_mean=0.2523 shape_dense_alpha_min=0.2523
2026-07-30 00:52:34,714 - portable_sam_fusion - INFO - [DEBUG-JITTER] epoch=5 step=1200 area_ratio_count=64 area_ratio_mean=1 area_ratio_sum=64 fallback_count=0 mean_iou=1 num_jittered=0 num_rois=64
2026-07-30 00:52:34,714 - portable_sam_fusion - INFO - [DEBUG-SP] epoch=5 step=1200 all_invalid_count=0 all_invalid_ratio=0 empty_count=0 empty_ratio=0 full_count=0 full_ratio=0 mean_point_distance=31.66 n1_gt_valid_count=64 n1_in_gt_bg=0.7656 n1_in_gt_bg_count=49 n1_valid_count=64 n1_valid_ratio=1 n2_gt_valid_count=64 n2_in_gt_bg=0.9844 n2_in_gt_bg_count=63 n2_valid_count=64 n2_valid_ratio=1 neg_in_pred_bg=1 neg_in_pred_bg_count=128 negative_pair_count=64 negative_pair_distance_sum=3082 p1_gt_valid_count=64 p1_in_gt_fg=1 p1_in_gt_fg_count=64 p1_valid_count=64 p1_valid_ratio=1 p2_gt_valid_count=64 p2_in_gt_fg=1 p2_in_gt_fg_count=64 p2_valid_count=64 p2_valid_ratio=1 point_distance_sum=4052 point_overlap_count=0 point_overlap_ratio=0 point_pair_count=128 pos_in_pred_fg=1 pos_in_pred_fg_count=128 positive_pair_count=64 positive_pair_distance_sum=970.2 roi_count=64 valid_neg_count=128 valid_pos_count=128 warmup_stage=2
2026-07-30 00:53:38,120 - portable_sam_fusion - INFO - [DEBUG-BOX] epoch=5 step=1250 fallback_count=0 fallback_ratio=0 num_rois=64 refined_proposal_iou=0 refined_proposal_iou_sum=0 refined_valid_count=0
2026-07-30 00:53:38,120 - portable_sam_fusion - INFO - [DEBUG-COARSE] epoch=5 step=1250 bce_raw=0.2515 boundary_fn=5580 boundary_fp=5080 boundary_loss_local_sum=25.47 boundary_tp=2.141e+04 dice=0.1353 dice_loss_raw=0.1353 iou=0.7676 loss_support_foreground_sum=3.695e+04 loss_support_pixel_sum=6.958e+04 loss_valid_roi_count=52 loss_weight=0.1 raw_boundary_fn=5580 raw_boundary_fp=5080 raw_boundary_tp=2.141e+04 raw_dice_score=0.8647 raw_iou=0.7676 refined_boundary_fn=5465 refined_boundary_fp=5085 refined_boundary_tp=2.155e+04 refined_dice_score=0.8636 refined_iou=0.7661 weighted_loss=0.03869
2026-07-30 00:53:38,120 - portable_sam_fusion - INFO - [DEBUG-CONTEXT] epoch=5 step=1250 enabled=0
2026-07-30 00:53:38,120 - portable_sam_fusion - INFO - [DEBUG-DENSE] epoch=5 step=1250 applied_delta_norm=2.859 applied_delta_ratio=0.1224 base_norm=23.36 canvas_max=7.013 canvas_mean=0.001094 canvas_min=-8 canvas_nonzero_ratio=0.00629 canvas_std=0.3039 final_norm=23.46 residual_alpha=0.2525 shape_norm=25.95 source_delta_norm=11.32 source_delta_ratio=0.4848
2026-07-30 00:53:38,120 - portable_sam_fusion - INFO - [DEBUG-GATE] epoch=5 step=1250 shape_dense_alpha_max=0.2525 shape_dense_alpha_mean=0.2525 shape_dense_alpha_min=0.2525
2026-07-30 00:53:38,120 - portable_sam_fusion - INFO - [DEBUG-JITTER] epoch=5 step=1250 area_ratio_count=64 area_ratio_mean=1 area_ratio_sum=64 fallback_count=0 mean_iou=1 num_jittered=0 num_rois=64
2026-07-30 00:53:38,120 - portable_sam_fusion - INFO - [DEBUG-SP] epoch=5 step=1250 all_invalid_count=0 all_invalid_ratio=0 empty_count=0 empty_ratio=0 full_count=0 full_ratio=0 mean_point_distance=29.2 n1_gt_valid_count=64 n1_in_gt_bg=0.8438 n1_in_gt_bg_count=54 n1_valid_count=64 n1_valid_ratio=1 n2_gt_valid_count=64 n2_in_gt_bg=0.9688 n2_in_gt_bg_count=62 n2_valid_count=64 n2_valid_ratio=1 neg_in_pred_bg=1 neg_in_pred_bg_count=128 negative_pair_count=64 negative_pair_distance_sum=2828 p1_gt_valid_count=64 p1_in_gt_fg=1 p1_in_gt_fg_count=64 p1_valid_count=64 p1_valid_ratio=1 p2_gt_valid_count=64 p2_in_gt_fg=1 p2_in_gt_fg_count=64 p2_valid_count=64 p2_valid_ratio=1 point_distance_sum=3737 point_overlap_count=0 point_overlap_ratio=0 point_pair_count=128 pos_in_pred_fg=1 pos_in_pred_fg_count=128 positive_pair_count=64 positive_pair_distance_sum=909.4 roi_count=64 valid_neg_count=128 valid_pos_count=128 warmup_stage=2
2026-07-30 00:54:50,207 - portable_sam_fusion - INFO - [DEBUG-BOX] epoch=5 step=1300 fallback_count=0 fallback_ratio=0 num_rois=45 refined_proposal_iou=0 refined_proposal_iou_sum=0 refined_valid_count=0
2026-07-30 00:54:50,207 - portable_sam_fusion - INFO - [DEBUG-COARSE] epoch=5 step=1300 bce_raw=0.3372 boundary_fn=5567 boundary_fp=7791 boundary_loss_local_sum=17.7 boundary_tp=1.158e+04 dice=0.1539 dice_loss_raw=0.1539 iou=0.7341 loss_support_foreground_sum=2.596e+04 loss_support_pixel_sum=3.97e+04 loss_valid_roi_count=31 loss_weight=0.1 raw_boundary_fn=5567 raw_boundary_fp=7791 raw_boundary_tp=1.158e+04 raw_dice_score=0.8461 raw_iou=0.7341 refined_boundary_fn=5365 refined_boundary_fp=7663 refined_boundary_tp=1.175e+04 refined_dice_score=0.8444 refined_iou=0.7315 weighted_loss=0.04911
2026-07-30 00:54:50,207 - portable_sam_fusion - INFO - [DEBUG-CONTEXT] epoch=5 step=1300 enabled=0
2026-07-30 00:54:50,207 - portable_sam_fusion - INFO - [DEBUG-DENSE] epoch=5 step=1300 applied_delta_norm=0.9381 applied_delta_ratio=0.04016 base_norm=23.36 canvas_max=8 canvas_mean=0.0004247 canvas_min=-8 canvas_nonzero_ratio=0.0007609 canvas_std=0.1135 final_norm=23.37 residual_alpha=0.2526 shape_norm=23.62 source_delta_norm=3.713 source_delta_ratio=0.159
2026-07-30 00:54:50,207 - portable_sam_fusion - INFO - [DEBUG-GATE] epoch=5 step=1300 shape_dense_alpha_max=0.2526 shape_dense_alpha_mean=0.2526 shape_dense_alpha_min=0.2526
2026-07-30 00:54:50,207 - portable_sam_fusion - INFO - [DEBUG-JITTER] epoch=5 step=1300 area_ratio_count=45 area_ratio_mean=1 area_ratio_sum=45 fallback_count=0 mean_iou=1 num_jittered=0 num_rois=45
2026-07-30 00:54:50,207 - portable_sam_fusion - INFO - [DEBUG-SP] epoch=5 step=1300 all_invalid_count=0 all_invalid_ratio=0 empty_count=0 empty_ratio=0 full_count=0 full_ratio=0 mean_point_distance=8.199 n1_gt_valid_count=45 n1_in_gt_bg=0.8 n1_in_gt_bg_count=36 n1_valid_count=45 n1_valid_ratio=1 n2_gt_valid_count=45 n2_in_gt_bg=0.9778 n2_in_gt_bg_count=44 n2_valid_count=45 n2_valid_ratio=1 neg_in_pred_bg=1 neg_in_pred_bg_count=90 negative_pair_count=45 negative_pair_distance_sum=458.1 p1_gt_valid_count=45 p1_in_gt_fg=1 p1_in_gt_fg_count=45 p1_valid_count=45 p1_valid_ratio=1 p2_gt_valid_count=45 p2_in_gt_fg=1 p2_in_gt_fg_count=45 p2_valid_count=45 p2_valid_ratio=1 point_distance_sum=737.9 point_overlap_count=0 point_overlap_ratio=0 point_pair_count=90 pos_in_pred_fg=1 pos_in_pred_fg_count=90 positive_pair_count=45 positive_pair_distance_sum=279.8 roi_count=45 valid_neg_count=90 valid_pos_count=90 warmup_stage=2
2026-07-30 00:55:56,863 - portable_sam_fusion - INFO - [DEBUG-BOX] epoch=5 step=1350 fallback_count=0 fallback_ratio=0 num_rois=64 refined_proposal_iou=0 refined_proposal_iou_sum=0 refined_valid_count=0
2026-07-30 00:55:56,864 - portable_sam_fusion - INFO - [DEBUG-COARSE] epoch=5 step=1350 bce_raw=0.1977 boundary_fn=4478 boundary_fp=3401 boundary_loss_local_sum=26.17 boundary_tp=2.196e+04 dice=0.1044 dice_loss_raw=0.1044 iou=0.8137 loss_support_foreground_sum=3.918e+04 loss_support_pixel_sum=7.74e+04 loss_valid_roi_count=58 loss_weight=0.1 raw_boundary_fn=4478 raw_boundary_fp=3401 raw_boundary_tp=2.196e+04 raw_dice_score=0.8956 raw_iou=0.8137 refined_boundary_fn=4124 refined_boundary_fp=3197 refined_boundary_tp=2.222e+04 refined_dice_score=0.8956 refined_iou=0.8137 weighted_loss=0.03021
2026-07-30 00:55:56,864 - portable_sam_fusion - INFO - [DEBUG-CONTEXT] epoch=5 step=1350 enabled=0
2026-07-30 00:55:56,864 - portable_sam_fusion - INFO - [DEBUG-DENSE] epoch=5 step=1350 applied_delta_norm=4.874 applied_delta_ratio=0.2087 base_norm=23.36 canvas_max=8 canvas_mean=0.01817 canvas_min=-8 canvas_nonzero_ratio=0.02256 canvas_std=0.5888 final_norm=23.79 residual_alpha=0.2528 shape_norm=30.97 source_delta_norm=19.28 source_delta_ratio=0.8256
2026-07-30 00:55:56,864 - portable_sam_fusion - INFO - [DEBUG-GATE] epoch=5 step=1350 shape_dense_alpha_max=0.2528 shape_dense_alpha_mean=0.2528 shape_dense_alpha_min=0.2528
2026-07-30 00:55:56,864 - portable_sam_fusion - INFO - [DEBUG-JITTER] epoch=5 step=1350 area_ratio_count=64 area_ratio_mean=1 area_ratio_sum=64 fallback_count=0 mean_iou=1 num_jittered=0 num_rois=64
2026-07-30 00:55:56,864 - portable_sam_fusion - INFO - [DEBUG-SP] epoch=5 step=1350 all_invalid_count=0 all_invalid_ratio=0 empty_count=0 empty_ratio=0 full_count=0 full_ratio=0 mean_point_distance=49.35 n1_gt_valid_count=64 n1_in_gt_bg=0.8438 n1_in_gt_bg_count=54 n1_valid_count=64 n1_valid_ratio=1 n2_gt_valid_count=64 n2_in_gt_bg=1 n2_in_gt_bg_count=64 n2_valid_count=64 n2_valid_ratio=1 neg_in_pred_bg=1 neg_in_pred_bg_count=128 negative_pair_count=64 negative_pair_distance_sum=4598 p1_gt_valid_count=64 p1_in_gt_fg=1 p1_in_gt_fg_count=64 p1_valid_count=64 p1_valid_ratio=1 p2_gt_valid_count=64 p2_in_gt_fg=1 p2_in_gt_fg_count=64 p2_valid_count=64 p2_valid_ratio=1 point_distance_sum=6316 point_overlap_count=0 point_overlap_ratio=0 point_pair_count=128 pos_in_pred_fg=1 pos_in_pred_fg_count=128 positive_pair_count=64 positive_pair_distance_sum=1718 roi_count=64 valid_neg_count=128 valid_pos_count=128 warmup_stage=2
2026-07-30 00:57:02,458 - portable_sam_fusion - INFO - epoch 5 | mini-batch 216/294 | optimizer_step 350/5920 | lr=4.977e-04
2026-07-30 00:57:16,961 - portable_sam_fusion - INFO - [DEBUG-BOX] epoch=5 step=1400 fallback_count=0 fallback_ratio=0 num_rois=64 refined_proposal_iou=0 refined_proposal_iou_sum=0 refined_valid_count=0
2026-07-30 00:57:16,961 - portable_sam_fusion - INFO - [DEBUG-COARSE] epoch=5 step=1400 bce_raw=0.1611 boundary_fn=2187 boundary_fp=2762 boundary_loss_local_sum=14.13 boundary_tp=2.545e+04 dice=0.09281 dice_loss_raw=0.09281 iou=0.8341 loss_support_foreground_sum=3.423e+04 loss_support_pixel_sum=6.225e+04 loss_valid_roi_count=45 loss_weight=0.1 raw_boundary_fn=2187 raw_boundary_fp=2762 raw_boundary_tp=2.545e+04 raw_dice_score=0.9072 raw_iou=0.8341 refined_boundary_fn=2057 refined_boundary_fp=2757 refined_boundary_tp=2.556e+04 refined_dice_score=0.909 refined_iou=0.8372 weighted_loss=0.02539
2026-07-30 00:57:16,961 - portable_sam_fusion - INFO - [DEBUG-CONTEXT] epoch=5 step=1400 enabled=0
2026-07-30 00:57:16,961 - portable_sam_fusion - INFO - [DEBUG-DENSE] epoch=5 step=1400 applied_delta_norm=4.08 applied_delta_ratio=0.1747 base_norm=23.36 canvas_max=8 canvas_mean=0.001567 canvas_min=-8 canvas_nonzero_ratio=0.01079 canvas_std=0.4866 final_norm=23.55 residual_alpha=0.2529 shape_norm=27.96 source_delta_norm=16.14 source_delta_ratio=0.6908
2026-07-30 00:57:16,961 - portable_sam_fusion - INFO - [DEBUG-GATE] epoch=5 step=1400 shape_dense_alpha_max=0.2529 shape_dense_alpha_mean=0.2529 shape_dense_alpha_min=0.2529
2026-07-30 00:57:16,961 - portable_sam_fusion - INFO - [DEBUG-JITTER] epoch=5 step=1400 area_ratio_count=64 area_ratio_mean=1 area_ratio_sum=64 fallback_count=0 mean_iou=1 num_jittered=0 num_rois=64
2026-07-30 00:57:16,961 - portable_sam_fusion - INFO - [DEBUG-SP] epoch=5 step=1400 all_invalid_count=0 all_invalid_ratio=0 empty_count=0 empty_ratio=0 full_count=0 full_ratio=0 mean_point_distance=43.37 n1_gt_valid_count=64 n1_in_gt_bg=0.9219 n1_in_gt_bg_count=59 n1_valid_count=64 n1_valid_ratio=1 n2_gt_valid_count=64 n2_in_gt_bg=1 n2_in_gt_bg_count=64 n2_valid_count=64 n2_valid_ratio=1 neg_in_pred_bg=1 neg_in_pred_bg_count=128 negative_pair_count=64 negative_pair_distance_sum=4216 p1_gt_valid_count=64 p1_in_gt_fg=1 p1_in_gt_fg_count=64 p1_valid_count=64 p1_valid_ratio=1 p2_gt_valid_count=64 p2_in_gt_fg=1 p2_in_gt_fg_count=64 p2_valid_count=64 p2_valid_ratio=1 point_distance_sum=5551 point_overlap_count=0 point_overlap_ratio=0 point_pair_count=128 pos_in_pred_fg=1 pos_in_pred_fg_count=128 positive_pair_count=64 positive_pair_distance_sum=1336 roi_count=64 valid_neg_count=128 valid_pos_count=128 warmup_stage=2
2026-07-30 00:58:41,810 - portable_sam_fusion - INFO - [DEBUG-BOX] epoch=5 step=1450 fallback_count=0 fallback_ratio=0 num_rois=64 refined_proposal_iou=0 refined_proposal_iou_sum=0 refined_valid_count=0
2026-07-30 00:58:41,811 - portable_sam_fusion - INFO - [DEBUG-COARSE] epoch=5 step=1450 bce_raw=0.2209 boundary_fn=5556 boundary_fp=3324 boundary_loss_local_sum=23.26 boundary_tp=2.344e+04 dice=0.1185 dice_loss_raw=0.1185 iou=0.7917 loss_support_foreground_sum=3.596e+04 loss_support_pixel_sum=7.376e+04 loss_valid_roi_count=52 loss_weight=0.1 raw_boundary_fn=5556 raw_boundary_fp=3324 raw_boundary_tp=2.344e+04 raw_dice_score=0.8815 raw_iou=0.7917 refined_boundary_fn=5213 refined_boundary_fp=3239 refined_boundary_tp=2.372e+04 refined_dice_score=0.8825 refined_iou=0.7933 weighted_loss=0.03394
2026-07-30 00:58:41,811 - portable_sam_fusion - INFO - [DEBUG-CONTEXT] epoch=5 step=1450 enabled=0
2026-07-30 00:58:41,811 - portable_sam_fusion - INFO - [DEBUG-DENSE] epoch=5 step=1450 applied_delta_norm=3.775 applied_delta_ratio=0.1616 base_norm=23.36 canvas_max=8 canvas_mean=0.002691 canvas_min=-8 canvas_nonzero_ratio=0.009788 canvas_std=0.4561 final_norm=23.53 residual_alpha=0.253 shape_norm=27.48 source_delta_norm=14.92 source_delta_ratio=0.6388
2026-07-30 00:58:41,811 - portable_sam_fusion - INFO - [DEBUG-GATE] epoch=5 step=1450 shape_dense_alpha_max=0.253 shape_dense_alpha_mean=0.253 shape_dense_alpha_min=0.253
2026-07-30 00:58:41,811 - portable_sam_fusion - INFO - [DEBUG-JITTER] epoch=5 step=1450 area_ratio_count=64 area_ratio_mean=1 area_ratio_sum=64 fallback_count=0 mean_iou=1 num_jittered=0 num_rois=64
2026-07-30 00:58:41,811 - portable_sam_fusion - INFO - [DEBUG-SP] epoch=5 step=1450 all_invalid_count=0 all_invalid_ratio=0 empty_count=0 empty_ratio=0 full_count=0 full_ratio=0 mean_point_distance=42.3 n1_gt_valid_count=64 n1_in_gt_bg=0.9531 n1_in_gt_bg_count=61 n1_valid_count=64 n1_valid_ratio=1 n2_gt_valid_count=64 n2_in_gt_bg=1 n2_in_gt_bg_count=64 n2_valid_count=64 n2_valid_ratio=1 neg_in_pred_bg=1 neg_in_pred_bg_count=128 negative_pair_count=64 negative_pair_distance_sum=4187 p1_gt_valid_count=64 p1_in_gt_fg=0.9844 p1_in_gt_fg_count=63 p1_valid_count=64 p1_valid_ratio=1 p2_gt_valid_count=64 p2_in_gt_fg=1 p2_in_gt_fg_count=64 p2_valid_count=64 p2_valid_ratio=1 point_distance_sum=5415 point_overlap_count=0 point_overlap_ratio=0 point_pair_count=128 pos_in_pred_fg=1 pos_in_pred_fg_count=128 positive_pair_count=64 positive_pair_distance_sum=1227 roi_count=64 valid_neg_count=128 valid_pos_count=128 warmup_stage=2
2026-07-30 00:59:21,003 - portable_sam_fusion - INFO - Epoch 5 detailed losses: loss_rpn_cls=0.0383, loss_rpn_bbox=0.0135, loss_cls=0.2841, acc=88.3084, loss_bbox=0.1386, loss_mask=0.0016, debug_mask_pos_rois=56.1054, debug_mask_logit_mean=-13.4579, debug_mask_logit_std=2.4149, debug_mask_prob_mean=0.0048, debug_mask_prob_ge05=0.0048, debug_mask_target_fill=0.0048, loss_shape_prior=0.0303, loss_p2_boundary_refiner=0.0227, schedule/det_weight=1.0000
2026-07-30 00:59:21,003 - portable_sam_fusion - INFO - Epoch 5 dense residual monitor: alpha=0.254350 source_delta_norm=12.3225 applied_delta_norm=3.1346 source_delta_ratio=0.527576 applied_delta_ratio=0.134205
2026-07-30 00:59:21,003 - portable_sam_fusion - INFO - Epoch 5 P2 boundary refiner: raw_dice=0.7957 refined_dice=0.7959 raw_iou=0.7180 refined_iou=0.7185 raw_boundary_f1=0.8102 refined_boundary_f1=0.8180
2026-07-30 00:59:21,003 - portable_sam_fusion - INFO - Epoch 5 P2 boundary support: valid=85.10% rejected=14.90% coverage=0.3643 delta_abs=0.097829 nonzero=36.43% saturated=1.70% p2_norm=86.6325 highpass_norm=3.9367 support_fg=56.06%
2026-07-30 00:59:21,003 - portable_sam_fusion - INFO - Epoch 5 primary loss shares: det=89.68% final_mask=0.31% shape=5.73% p2_boundary=4.29%
2026-07-30 00:59:21,003 - portable_sam_fusion - INFO - Epoch 5 schedule: det_loss_weight=1.000 early_stop_start=20 min_delta=0.0005
2026-07-30 00:59:21,003 - portable_sam_fusion - INFO - Epoch 5 learning rates: sat_backbone=4.97e-04, mask_decoder=4.97e-04, shape_prior=4.97e-04, p2_boundary_refiner=4.97e-04, quality_head=4.97e-04, sat_other=4.97e-04
2026-07-30 01:03:01,183 - portable_sam_fusion - INFO - Validation samples: GT=15926, DT=17818, avg_masks_per_image=28.42, avg_mask_fill=0.0055
creating index...
index created!
Loading and preparing results...
DONE (t=0.02s)
creating index...
index created!
Running per image evaluation...
Evaluate annotation type *bbox*
DONE (t=10.56s).
Accumulating evaluation results...
DONE (t=0.18s).
 Average Precision  (AP) @[ IoU=0.50:0.95 | area=   all | maxDets=100 ] = 0.510
 Average Precision  (AP) @[ IoU=0.50      | area=   all | maxDets=100 ] = 0.835
 Average Precision  (AP) @[ IoU=0.75      | area=   all | maxDets=100 ] = 0.635
 Average Precision  (AP) @[ IoU=0.50:0.95 | area= small | maxDets=100 ] = 0.135
 Average Precision  (AP) @[ IoU=0.50:0.95 | area=medium | maxDets=100 ] = 0.561
 Average Precision  (AP) @[ IoU=0.50:0.95 | area= large | maxDets=100 ] = 0.572
 Average Recall     (AR) @[ IoU=0.50:0.95 | area=   all | maxDets=  1 ] = 0.021
 Average Recall     (AR) @[ IoU=0.50:0.95 | area=   all | maxDets= 10 ] = 0.153
 Average Recall     (AR) @[ IoU=0.50:0.95 | area=   all | maxDets=100 ] = 0.582
 Average Recall     (AR) @[ IoU=0.50:0.95 | area= small | maxDets=100 ] = 0.275
 Average Recall     (AR) @[ IoU=0.50:0.95 | area=medium | maxDets=100 ] = 0.634
 Average Recall     (AR) @[ IoU=0.50:0.95 | area= large | maxDets=100 ] = 0.633
2026-07-30 01:03:12,655 - portable_sam_fusion - INFO - Validation bbox/mAP: 0.5102 bbox/mAP_75: 0.6354
Running per image evaluation...
Evaluate annotation type *segm*
DONE (t=10.60s).
Accumulating evaluation results...
DONE (t=0.20s).
 Average Precision  (AP) @[ IoU=0.50:0.95 | area=   all | maxDets=100 ] = 0.592
 Average Precision  (AP) @[ IoU=0.50      | area=   all | maxDets=100 ] = 0.836
 Average Precision  (AP) @[ IoU=0.75      | area=   all | maxDets=100 ] = 0.701
 Average Precision  (AP) @[ IoU=0.50:0.95 | area= small | maxDets=100 ] = 0.111
 Average Precision  (AP) @[ IoU=0.50:0.95 | area=medium | maxDets=100 ] = 0.631
 Average Precision  (AP) @[ IoU=0.50:0.95 | area= large | maxDets=100 ] = 0.775
 Average Recall     (AR) @[ IoU=0.50:0.95 | area=   all | maxDets=  1 ] = 0.025
 Average Recall     (AR) @[ IoU=0.50:0.95 | area=   all | maxDets= 10 ] = 0.178
 Average Recall     (AR) @[ IoU=0.50:0.95 | area=   all | maxDets=100 ] = 0.658
 Average Recall     (AR) @[ IoU=0.50:0.95 | area= small | maxDets=100 ] = 0.237
 Average Recall     (AR) @[ IoU=0.50:0.95 | area=medium | maxDets=100 ] = 0.695
 Average Recall     (AR) @[ IoU=0.50:0.95 | area= large | maxDets=100 ] = 0.820
2026-07-30 01:03:23,527 - portable_sam_fusion - INFO - Validation segm/mAP: 0.5916
2026-07-30 01:03:24,049 - portable_sam_fusion - INFO - New best early-stop metric (segm/mAP): raw=0.5916 smooth(5)=0.5577
2026-07-30 01:03:29,399 - portable_sam_fusion - INFO - Epoch 5/80 | train=0.529167 val=disabled segm/mAP=0.5916 bbox/mAP=0.5102 | best_segm=0.5992 best_bbox=0.5492 best_comp=0.0000 | sat_backbone=4.97e-04 mask_decoder=4.97e-04 shape_prior=4.97e-04 p2_boundary_refiner=4.97e-04 quality_head=4.97e-04 sat_other=4.97e-04
2026-07-30 01:04:08,117 - portable_sam_fusion - INFO - [DEBUG-BOX] epoch=6 step=1500 fallback_count=0 fallback_ratio=0 num_rois=64 refined_proposal_iou=0 refined_proposal_iou_sum=0 refined_valid_count=0
2026-07-30 01:04:08,117 - portable_sam_fusion - INFO - [DEBUG-COARSE] epoch=6 step=1500 bce_raw=0.2519 boundary_fn=7102 boundary_fp=4886 boundary_loss_local_sum=29.65 boundary_tp=1.97e+04 dice=0.1264 dice_loss_raw=0.1264 iou=0.7784 loss_support_foreground_sum=4.343e+04 loss_support_pixel_sum=7.601e+04 loss_valid_roi_count=59 loss_weight=0.1 raw_boundary_fn=7102 raw_boundary_fp=4886 raw_boundary_tp=1.97e+04 raw_dice_score=0.8736 raw_iou=0.7784 refined_boundary_fn=6689 refined_boundary_fp=4651 refined_boundary_tp=2.006e+04 refined_dice_score=0.8741 refined_iou=0.7794 weighted_loss=0.03783
2026-07-30 01:04:08,117 - portable_sam_fusion - INFO - [DEBUG-CONTEXT] epoch=6 step=1500 enabled=0
2026-07-30 01:04:08,117 - portable_sam_fusion - INFO - [DEBUG-DENSE] epoch=6 step=1500 applied_delta_norm=3.031 applied_delta_ratio=0.1298 base_norm=23.36 canvas_max=8 canvas_mean=-0.004719 canvas_min=-8 canvas_nonzero_ratio=0.008795 canvas_std=0.4327 final_norm=23.52 residual_alpha=0.2531 shape_norm=26.72 source_delta_norm=11.98 source_delta_ratio=0.5129
2026-07-30 01:04:08,117 - portable_sam_fusion - INFO - [DEBUG-GATE] epoch=6 step=1500 shape_dense_alpha_max=0.2531 shape_dense_alpha_mean=0.2531 shape_dense_alpha_min=0.2531
2026-07-30 01:04:08,117 - portable_sam_fusion - INFO - [DEBUG-JITTER] epoch=6 step=1500 area_ratio_count=64 area_ratio_mean=1 area_ratio_sum=64 fallback_count=0 mean_iou=1 num_jittered=0 num_rois=64
2026-07-30 01:04:08,117 - portable_sam_fusion - INFO - [DEBUG-SP] epoch=6 step=1500 all_invalid_count=0 all_invalid_ratio=0 empty_count=0 empty_ratio=0 full_count=0 full_ratio=0 mean_point_distance=30.36 n1_gt_valid_count=64 n1_in_gt_bg=0.8594 n1_in_gt_bg_count=55 n1_valid_count=64 n1_valid_ratio=1 n2_gt_valid_count=64 n2_in_gt_bg=1 n2_in_gt_bg_count=64 n2_valid_count=64 n2_valid_ratio=1 neg_in_pred_bg=1 neg_in_pred_bg_count=128 negative_pair_count=64 negative_pair_distance_sum=2820 p1_gt_valid_count=64 p1_in_gt_fg=1 p1_in_gt_fg_count=64 p1_valid_count=64 p1_valid_ratio=1 p2_gt_valid_count=64 p2_in_gt_fg=0.9844 p2_in_gt_fg_count=63 p2_valid_count=64 p2_valid_ratio=1 point_distance_sum=3887 point_overlap_count=0 point_overlap_ratio=0 point_pair_count=128 pos_in_pred_fg=1 pos_in_pred_fg_count=128 positive_pair_count=64 positive_pair_distance_sum=1066 roi_count=64 valid_neg_count=128 valid_pos_count=128 warmup_stage=2
2026-07-30 01:05:18,090 - portable_sam_fusion - INFO - [DEBUG-BOX] epoch=6 step=1550 fallback_count=0 fallback_ratio=0 num_rois=64 refined_proposal_iou=0 refined_proposal_iou_sum=0 refined_valid_count=0
2026-07-30 01:05:18,090 - portable_sam_fusion - INFO - [DEBUG-COARSE] epoch=6 step=1550 bce_raw=0.153 boundary_fn=2839 boundary_fp=2681 boundary_loss_local_sum=25.59 boundary_tp=2.004e+04 dice=0.06553 dice_loss_raw=0.06553 iou=0.8788 loss_support_foreground_sum=4.225e+04 loss_support_pixel_sum=7.313e+04 loss_valid_roi_count=63 loss_weight=0.1 raw_boundary_fn=2839 raw_boundary_fp=2681 raw_boundary_tp=2.004e+04 raw_dice_score=0.9345 raw_iou=0.8788 refined_boundary_fn=2627 refined_boundary_fp=2630 refined_boundary_tp=2.026e+04 refined_dice_score=0.9351 refined_iou=0.8799 weighted_loss=0.02185
2026-07-30 01:05:18,090 - portable_sam_fusion - INFO - [DEBUG-CONTEXT] epoch=6 step=1550 enabled=0
2026-07-30 01:05:18,090 - portable_sam_fusion - INFO - [DEBUG-DENSE] epoch=6 step=1550 applied_delta_norm=2.374 applied_delta_ratio=0.1017 base_norm=23.36 canvas_max=8 canvas_mean=0.005162 canvas_min=-8 canvas_nonzero_ratio=0.004009 canvas_std=0.3063 final_norm=23.43 residual_alpha=0.2532 shape_norm=25.15 source_delta_norm=9.378 source_delta_ratio=0.4015
2026-07-30 01:05:18,090 - portable_sam_fusion - INFO - [DEBUG-GATE] epoch=6 step=1550 shape_dense_alpha_max=0.2532 shape_dense_alpha_mean=0.2532 shape_dense_alpha_min=0.2532
2026-07-30 01:05:18,090 - portable_sam_fusion - INFO - [DEBUG-JITTER] epoch=6 step=1550 area_ratio_count=64 area_ratio_mean=1 area_ratio_sum=64 fallback_count=0 mean_iou=1 num_jittered=0 num_rois=64
2026-07-30 01:05:18,090 - portable_sam_fusion - INFO - [DEBUG-SP] epoch=6 step=1550 all_invalid_count=0 all_invalid_ratio=0 empty_count=0 empty_ratio=0 full_count=1 full_ratio=0.01562 mean_point_distance=21.95 n1_gt_valid_count=63 n1_in_gt_bg=0.8254 n1_in_gt_bg_count=52 n1_valid_count=63 n1_valid_ratio=0.9844 n2_gt_valid_count=63 n2_in_gt_bg=0.9524 n2_in_gt_bg_count=60 n2_valid_count=63 n2_valid_ratio=0.9844 neg_in_pred_bg=1 neg_in_pred_bg_count=126 negative_pair_count=63 negative_pair_distance_sum=2063 p1_gt_valid_count=64 p1_in_gt_fg=1 p1_in_gt_fg_count=64 p1_valid_count=64 p1_valid_ratio=1 p2_gt_valid_count=64 p2_in_gt_fg=1 p2_in_gt_fg_count=64 p2_valid_count=64 p2_valid_ratio=1 point_distance_sum=2787 point_overlap_count=0 point_overlap_ratio=0 point_pair_count=127 pos_in_pred_fg=1 pos_in_pred_fg_count=128 positive_pair_count=64 positive_pair_distance_sum=724.4 roi_count=64 valid_neg_count=126 valid_pos_count=128 warmup_stage=2
2026-07-30 01:06:13,294 - portable_sam_fusion - INFO - epoch 6 | mini-batch 120/294 | optimizer_step 400/5920 | lr=4.967e-04
2026-07-30 01:06:24,795 - portable_sam_fusion - INFO - [DEBUG-BOX] epoch=6 step=1600 fallback_count=0 fallback_ratio=0 num_rois=28 refined_proposal_iou=0 refined_proposal_iou_sum=0 refined_valid_count=0
2026-07-30 01:06:24,795 - portable_sam_fusion - INFO - [DEBUG-COARSE] epoch=6 step=1600 bce_raw=0.1389 boundary_fn=709 boundary_fp=800 boundary_loss_local_sum=11.66 boundary_tp=9718 dice=0.07231 dice_loss_raw=0.07231 iou=0.8656 loss_support_foreground_sum=1.818e+04 loss_support_pixel_sum=3.489e+04 loss_valid_roi_count=28 loss_weight=0.1 raw_boundary_fn=709 raw_boundary_fp=800 raw_boundary_tp=9718 raw_dice_score=0.9277 raw_iou=0.8656 refined_boundary_fn=656 refined_boundary_fp=813 refined_boundary_tp=9841 refined_dice_score=0.9235 refined_iou=0.8584 weighted_loss=0.02112
2026-07-30 01:06:24,795 - portable_sam_fusion - INFO - [DEBUG-CONTEXT] epoch=6 step=1600 enabled=0
2026-07-30 01:06:24,795 - portable_sam_fusion - INFO - [DEBUG-DENSE] epoch=6 step=1600 applied_delta_norm=1.39 applied_delta_ratio=0.0595 base_norm=23.36 canvas_max=7.922 canvas_mean=0.002253 canvas_min=-6.966 canvas_nonzero_ratio=0.001512 canvas_std=0.1831 final_norm=23.38 residual_alpha=0.2533 shape_norm=23.93 source_delta_norm=5.486 source_delta_ratio=0.2349
2026-07-30 01:06:24,795 - portable_sam_fusion - INFO - [DEBUG-GATE] epoch=6 step=1600 shape_dense_alpha_max=0.2533 shape_dense_alpha_mean=0.2533 shape_dense_alpha_min=0.2533
2026-07-30 01:06:24,795 - portable_sam_fusion - INFO - [DEBUG-JITTER] epoch=6 step=1600 area_ratio_count=28 area_ratio_mean=1 area_ratio_sum=28 fallback_count=0 mean_iou=1 num_jittered=0 num_rois=28
2026-07-30 01:06:24,795 - portable_sam_fusion - INFO - [DEBUG-SP] epoch=6 step=1600 all_invalid_count=0 all_invalid_ratio=0 empty_count=0 empty_ratio=0 full_count=0 full_ratio=0 mean_point_distance=13.13 n1_gt_valid_count=28 n1_in_gt_bg=1 n1_in_gt_bg_count=28 n1_valid_count=28 n1_valid_ratio=1 n2_gt_valid_count=28 n2_in_gt_bg=1 n2_in_gt_bg_count=28 n2_valid_count=28 n2_valid_ratio=1 neg_in_pred_bg=1 neg_in_pred_bg_count=56 negative_pair_count=28 negative_pair_distance_sum=565.8 p1_gt_valid_count=28 p1_in_gt_fg=1 p1_in_gt_fg_count=28 p1_valid_count=28 p1_valid_ratio=1 p2_gt_valid_count=28 p2_in_gt_fg=1 p2_in_gt_fg_count=28 p2_valid_count=28 p2_valid_ratio=1 point_distance_sum=735.3 point_overlap_count=0 point_overlap_ratio=0 point_pair_count=56 pos_in_pred_fg=1 pos_in_pred_fg_count=56 positive_pair_count=28 positive_pair_distance_sum=169.6 roi_count=28 valid_neg_count=56 valid_pos_count=56 warmup_stage=2
2026-07-30 01:07:54,444 - portable_sam_fusion - INFO - [DEBUG-BOX] epoch=6 step=1650 fallback_count=0 fallback_ratio=0 num_rois=63 refined_proposal_iou=0 refined_proposal_iou_sum=0 refined_valid_count=0
2026-07-30 01:07:54,445 - portable_sam_fusion - INFO - [DEBUG-COARSE] epoch=6 step=1650 bce_raw=0.2104 boundary_fn=5788 boundary_fp=3490 boundary_loss_local_sum=29.96 boundary_tp=1.962e+04 dice=0.1077 dice_loss_raw=0.1077 iou=0.8089 loss_support_foreground_sum=5.127e+04 loss_support_pixel_sum=7.754e+04 loss_valid_roi_count=61 loss_weight=0.1 raw_boundary_fn=5788 raw_boundary_fp=3490 raw_boundary_tp=1.962e+04 raw_dice_score=0.8923 raw_iou=0.8089 refined_boundary_fn=5498 refined_boundary_fp=3490 refined_boundary_tp=1.98e+04 refined_dice_score=0.8946 refined_iou=0.8131 weighted_loss=0.03181
2026-07-30 01:07:54,445 - portable_sam_fusion - INFO - [DEBUG-CONTEXT] epoch=6 step=1650 enabled=0
2026-07-30 01:07:54,445 - portable_sam_fusion - INFO - [DEBUG-DENSE] epoch=6 step=1650 applied_delta_norm=3.355 applied_delta_ratio=0.1436 base_norm=23.36 canvas_max=8 canvas_mean=-0.003199 canvas_min=-8 canvas_nonzero_ratio=0.008875 canvas_std=0.4857 final_norm=23.52 residual_alpha=0.2534 shape_norm=27.06 source_delta_norm=13.24 source_delta_ratio=0.5668
2026-07-30 01:07:54,445 - portable_sam_fusion - INFO - [DEBUG-GATE] epoch=6 step=1650 shape_dense_alpha_max=0.2534 shape_dense_alpha_mean=0.2534 shape_dense_alpha_min=0.2534
2026-07-30 01:07:54,445 - portable_sam_fusion - INFO - [DEBUG-JITTER] epoch=6 step=1650 area_ratio_count=63 area_ratio_mean=1 area_ratio_sum=63 fallback_count=0 mean_iou=1 num_jittered=0 num_rois=63
2026-07-30 01:07:54,445 - portable_sam_fusion - INFO - [DEBUG-SP] epoch=6 step=1650 all_invalid_count=0 all_invalid_ratio=0 empty_count=0 empty_ratio=0 full_count=0 full_ratio=0 mean_point_distance=29.6 n1_gt_valid_count=63 n1_in_gt_bg=0.5556 n1_in_gt_bg_count=35 n1_valid_count=63 n1_valid_ratio=1 n2_gt_valid_count=63 n2_in_gt_bg=0.9841 n2_in_gt_bg_count=62 n2_valid_count=63 n2_valid_ratio=1 neg_in_pred_bg=1 neg_in_pred_bg_count=126 negative_pair_count=63 negative_pair_distance_sum=2903 p1_gt_valid_count=63 p1_in_gt_fg=1 p1_in_gt_fg_count=63 p1_valid_count=63 p1_valid_ratio=1 p2_gt_valid_count=63 p2_in_gt_fg=1 p2_in_gt_fg_count=63 p2_valid_count=63 p2_valid_ratio=1 point_distance_sum=3730 point_overlap_count=0 point_overlap_ratio=0 point_pair_count=126 pos_in_pred_fg=1 pos_in_pred_fg_count=126 positive_pair_count=63 positive_pair_distance_sum=826.5 roi_count=63 valid_neg_count=126 valid_pos_count=126 warmup_stage=2
2026-07-30 01:09:22,964 - portable_sam_fusion - INFO - [DEBUG-BOX] epoch=6 step=1700 fallback_count=0 fallback_ratio=0 num_rois=64 refined_proposal_iou=0 refined_proposal_iou_sum=0 refined_valid_count=0
2026-07-30 01:09:22,965 - portable_sam_fusion - INFO - [DEBUG-COARSE] epoch=6 step=1700 bce_raw=0.2641 boundary_fn=5458 boundary_fp=5597 boundary_loss_local_sum=29.68 boundary_tp=1.954e+04 dice=0.1013 dice_loss_raw=0.1013 iou=0.8189 loss_support_foreground_sum=4.669e+04 loss_support_pixel_sum=7.5e+04 loss_valid_roi_count=59 loss_weight=0.1 raw_boundary_fn=5458 raw_boundary_fp=5597 raw_boundary_tp=1.954e+04 raw_dice_score=0.8987 raw_iou=0.8189 refined_boundary_fn=5060 refined_boundary_fp=5327 refined_boundary_tp=2e+04 refined_dice_score=0.8988 refined_iou=0.8191 weighted_loss=0.03654
2026-07-30 01:09:22,965 - portable_sam_fusion - INFO - [DEBUG-CONTEXT] epoch=6 step=1700 enabled=0
2026-07-30 01:09:22,965 - portable_sam_fusion - INFO - [DEBUG-DENSE] epoch=6 step=1700 applied_delta_norm=2.619 applied_delta_ratio=0.1121 base_norm=23.36 canvas_max=8 canvas_mean=0.00364 canvas_min=-8 canvas_nonzero_ratio=0.006388 canvas_std=0.3739 final_norm=23.47 residual_alpha=0.2536 shape_norm=26 source_delta_norm=10.33 source_delta_ratio=0.4423
2026-07-30 01:09:22,965 - portable_sam_fusion - INFO - [DEBUG-GATE] epoch=6 step=1700 shape_dense_alpha_max=0.2536 shape_dense_alpha_mean=0.2536 shape_dense_alpha_min=0.2536
2026-07-30 01:09:22,965 - portable_sam_fusion - INFO - [DEBUG-JITTER] epoch=6 step=1700 area_ratio_count=64 area_ratio_mean=1 area_ratio_sum=64 fallback_count=0 mean_iou=1 num_jittered=0 num_rois=64
2026-07-30 01:09:22,965 - portable_sam_fusion - INFO - [DEBUG-SP] epoch=6 step=1700 all_invalid_count=0 all_invalid_ratio=0 empty_count=0 empty_ratio=0 full_count=0 full_ratio=0 mean_point_distance=28.24 n1_gt_valid_count=64 n1_in_gt_bg=0.7344 n1_in_gt_bg_count=47 n1_valid_count=64 n1_valid_ratio=1 n2_gt_valid_count=64 n2_in_gt_bg=0.9688 n2_in_gt_bg_count=62 n2_valid_count=64 n2_valid_ratio=1 neg_in_pred_bg=1 neg_in_pred_bg_count=128 negative_pair_count=64 negative_pair_distance_sum=2826 p1_gt_valid_count=64 p1_in_gt_fg=1 p1_in_gt_fg_count=64 p1_valid_count=64 p1_valid_ratio=1 p2_gt_valid_count=64 p2_in_gt_fg=1 p2_in_gt_fg_count=64 p2_valid_count=64 p2_valid_ratio=1 point_distance_sum=3615 point_overlap_count=0 point_overlap_ratio=0 point_pair_count=128 pos_in_pred_fg=1 pos_in_pred_fg_count=128 positive_pair_count=64 positive_pair_distance_sum=789.5 roi_count=64 valid_neg_count=128 valid_pos_count=128 warmup_stage=2
2026-07-30 01:10:49,929 - portable_sam_fusion - INFO - [DEBUG-BOX] epoch=6 step=1750 fallback_count=0 fallback_ratio=0 num_rois=64 refined_proposal_iou=0 refined_proposal_iou_sum=0 refined_valid_count=0
2026-07-30 01:10:49,929 - portable_sam_fusion - INFO - [DEBUG-COARSE] epoch=6 step=1750 bce_raw=0.2126 boundary_fn=3866 boundary_fp=3970 boundary_loss_local_sum=18.94 boundary_tp=2.405e+04 dice=0.1049 dice_loss_raw=0.1049 iou=0.8143 loss_support_foreground_sum=3.422e+04 loss_support_pixel_sum=6.418e+04 loss_valid_roi_count=46 loss_weight=0.1 raw_boundary_fn=3866 raw_boundary_fp=3970 raw_boundary_tp=2.405e+04 raw_dice_score=0.8951 raw_iou=0.8143 refined_boundary_fn=3692 refined_boundary_fp=3958 refined_boundary_tp=2.432e+04 refined_dice_score=0.895 refined_iou=0.8142 weighted_loss=0.03175
2026-07-30 01:10:49,929 - portable_sam_fusion - INFO - [DEBUG-CONTEXT] epoch=6 step=1750 enabled=0
2026-07-30 01:10:49,929 - portable_sam_fusion - INFO - [DEBUG-DENSE] epoch=6 step=1750 applied_delta_norm=2.992 applied_delta_ratio=0.1281 base_norm=23.36 canvas_max=7.858 canvas_mean=0.0008542 canvas_min=-8 canvas_nonzero_ratio=0.006425 canvas_std=0.3742 final_norm=23.47 residual_alpha=0.2539 shape_norm=26.06 source_delta_norm=11.78 source_delta_ratio=0.5045
2026-07-30 01:10:49,929 - portable_sam_fusion - INFO - [DEBUG-GATE] epoch=6 step=1750 shape_dense_alpha_max=0.2539 shape_dense_alpha_mean=0.2539 shape_dense_alpha_min=0.2539
2026-07-30 01:10:49,930 - portable_sam_fusion - INFO - [DEBUG-JITTER] epoch=6 step=1750 area_ratio_count=64 area_ratio_mean=1 area_ratio_sum=64 fallback_count=0 mean_iou=1 num_jittered=0 num_rois=64
2026-07-30 01:10:49,930 - portable_sam_fusion - INFO - [DEBUG-SP] epoch=6 step=1750 all_invalid_count=0 all_invalid_ratio=0 empty_count=0 empty_ratio=0 full_count=0 full_ratio=0 mean_point_distance=30.38 n1_gt_valid_count=64 n1_in_gt_bg=0.9688 n1_in_gt_bg_count=62 n1_valid_count=64 n1_valid_ratio=1 n2_gt_valid_count=64 n2_in_gt_bg=1 n2_in_gt_bg_count=64 n2_valid_count=64 n2_valid_ratio=1 neg_in_pred_bg=1 neg_in_pred_bg_count=128 negative_pair_count=64 negative_pair_distance_sum=2910 p1_gt_valid_count=64 p1_in_gt_fg=1 p1_in_gt_fg_count=64 p1_valid_count=64 p1_valid_ratio=1 p2_gt_valid_count=64 p2_in_gt_fg=1 p2_in_gt_fg_count=64 p2_valid_count=64 p2_valid_ratio=1 point_distance_sum=3889 point_overlap_count=0 point_overlap_ratio=0 point_pair_count=128 pos_in_pred_fg=1 pos_in_pred_fg_count=128 positive_pair_count=64 positive_pair_distance_sum=978.6 roi_count=64 valid_neg_count=128 valid_pos_count=128 warmup_stage=2
2026-07-30 01:11:16,533 - portable_sam_fusion - INFO - Epoch 6 detailed losses: loss_rpn_cls=0.0343, loss_rpn_bbox=0.0142, loss_cls=0.2723, acc=88.7133, loss_bbox=0.1252, loss_mask=0.0020, debug_mask_pos_rois=54.9320, debug_mask_logit_mean=-13.4462, debug_mask_logit_std=2.6111, debug_mask_prob_mean=0.0054, debug_mask_prob_ge05=0.0054, debug_mask_target_fill=0.0055, loss_shape_prior=0.0285, loss_p2_boundary_refiner=0.0210, schedule/det_weight=1.0000
2026-07-30 01:11:16,533 - portable_sam_fusion - INFO - Epoch 6 dense residual monitor: alpha=0.255039 source_delta_norm=12.4340 applied_delta_norm=3.1710 source_delta_ratio=0.532350 applied_delta_ratio=0.135766
2026-07-30 01:11:16,533 - portable_sam_fusion - INFO - Epoch 6 P2 boundary refiner: raw_dice=0.8009 refined_dice=0.8011 raw_iou=0.7254 refined_iou=0.7258 raw_boundary_f1=0.8233 refined_boundary_f1=0.8301
2026-07-30 01:11:16,533 - portable_sam_fusion - INFO - Epoch 6 P2 boundary support: valid=84.12% rejected=15.88% coverage=0.3613 delta_abs=0.105692 nonzero=36.13% saturated=3.38% p2_norm=83.7738 highpass_norm=3.9496 support_fg=56.33%
2026-07-30 01:11:16,533 - portable_sam_fusion - INFO - Epoch 6 primary loss shares: det=89.64% final_mask=0.40% shape=5.73% p2_boundary=4.22%
2026-07-30 01:11:16,533 - portable_sam_fusion - INFO - Epoch 6 schedule: det_loss_weight=1.000 early_stop_start=20 min_delta=0.0005
2026-07-30 01:11:16,533 - portable_sam_fusion - INFO - Epoch 6 learning rates: sat_backbone=4.96e-04, mask_decoder=4.96e-04, shape_prior=4.96e-04, p2_boundary_refiner=4.96e-04, quality_head=4.96e-04, sat_other=4.96e-04
2026-07-30 01:15:14,592 - portable_sam_fusion - INFO - Validation samples: GT=15926, DT=23506, avg_masks_per_image=37.49, avg_mask_fill=0.0094
creating index...
index created!
Loading and preparing results...
DONE (t=0.03s)
creating index...
index created!
Running per image evaluation...
Evaluate annotation type *bbox*
DONE (t=12.09s).
Accumulating evaluation results...
DONE (t=0.21s).
 Average Precision  (AP) @[ IoU=0.50:0.95 | area=   all | maxDets=100 ] = 0.615
 Average Precision  (AP) @[ IoU=0.50      | area=   all | maxDets=100 ] = 0.877
 Average Precision  (AP) @[ IoU=0.75      | area=   all | maxDets=100 ] = 0.751
 Average Precision  (AP) @[ IoU=0.50:0.95 | area= small | maxDets=100 ] = 0.215
 Average Precision  (AP) @[ IoU=0.50:0.95 | area=medium | maxDets=100 ] = 0.662
 Average Precision  (AP) @[ IoU=0.50:0.95 | area= large | maxDets=100 ] = 0.699
 Average Recall     (AR) @[ IoU=0.50:0.95 | area=   all | maxDets=  1 ] = 0.024
 Average Recall     (AR) @[ IoU=0.50:0.95 | area=   all | maxDets= 10 ] = 0.172
 Average Recall     (AR) @[ IoU=0.50:0.95 | area=   all | maxDets=100 ] = 0.672
 Average Recall     (AR) @[ IoU=0.50:0.95 | area= small | maxDets=100 ] = 0.337
 Average Recall     (AR) @[ IoU=0.50:0.95 | area=medium | maxDets=100 ] = 0.720
 Average Recall     (AR) @[ IoU=0.50:0.95 | area= large | maxDets=100 ] = 0.750
2026-07-30 01:15:27,131 - portable_sam_fusion - INFO - Validation bbox/mAP: 0.6152 bbox/mAP_75: 0.7515
Running per image evaluation...
Evaluate annotation type *segm*
DONE (t=12.46s).
Accumulating evaluation results...
DONE (t=0.22s).
 Average Precision  (AP) @[ IoU=0.50:0.95 | area=   all | maxDets=100 ] = 0.605
 Average Precision  (AP) @[ IoU=0.50      | area=   all | maxDets=100 ] = 0.875
 Average Precision  (AP) @[ IoU=0.75      | area=   all | maxDets=100 ] = 0.713
 Average Precision  (AP) @[ IoU=0.50:0.95 | area= small | maxDets=100 ] = 0.158
 Average Precision  (AP) @[ IoU=0.50:0.95 | area=medium | maxDets=100 ] = 0.633
 Average Precision  (AP) @[ IoU=0.50:0.95 | area= large | maxDets=100 ] = 0.758
 Average Recall     (AR) @[ IoU=0.50:0.95 | area=   all | maxDets=  1 ] = 0.025
 Average Recall     (AR) @[ IoU=0.50:0.95 | area=   all | maxDets= 10 ] = 0.175
 Average Recall     (AR) @[ IoU=0.50:0.95 | area=   all | maxDets=100 ] = 0.649
 Average Recall     (AR) @[ IoU=0.50:0.95 | area= small | maxDets=100 ] = 0.267
 Average Recall     (AR) @[ IoU=0.50:0.95 | area=medium | maxDets=100 ] = 0.679
 Average Recall     (AR) @[ IoU=0.50:0.95 | area= large | maxDets=100 ] = 0.804
2026-07-30 01:15:39,847 - portable_sam_fusion - INFO - Validation segm/mAP: 0.6046
2026-07-30 01:15:40,463 - portable_sam_fusion - INFO - New best segm/mAP: 0.6046
2026-07-30 01:15:40,464 - portable_sam_fusion - INFO - New best bbox/mAP: 0.6152
2026-07-30 01:15:40,464 - portable_sam_fusion - INFO - New best early-stop metric (segm/mAP): raw=0.6046 smooth(5)=0.5752
2026-07-30 01:15:43,052 - portable_sam_fusion - INFO - Saved best_model with segm/mAP: 0.6046
2026-07-30 01:15:45,759 - portable_sam_fusion - INFO - Saved best_bbox_model with bbox/mAP: 0.6152
2026-07-30 01:15:51,490 - portable_sam_fusion - INFO - Epoch 6/80 | train=0.497628 val=disabled segm/mAP=0.6046 bbox/mAP=0.6152 | best_segm=0.6046 best_bbox=0.6152 best_comp=0.0000 | sat_backbone=4.96e-04 mask_decoder=4.96e-04 shape_prior=4.96e-04 p2_boundary_refiner=4.96e-04 quality_head=4.96e-04 sat_other=4.96e-04
2026-07-30 01:16:29,422 - portable_sam_fusion - INFO - epoch 7 | mini-batch 24/294 | optimizer_step 450/5920 | lr=4.956e-04
2026-07-30 01:16:44,105 - portable_sam_fusion - INFO - [DEBUG-BOX] epoch=7 step=1800 fallback_count=0 fallback_ratio=0 num_rois=64 refined_proposal_iou=0 refined_proposal_iou_sum=0 refined_valid_count=0
2026-07-30 01:16:44,105 - portable_sam_fusion - INFO - [DEBUG-COARSE] epoch=7 step=1800 bce_raw=0.2214 boundary_fn=4671 boundary_fp=2851 boundary_loss_local_sum=22.97 boundary_tp=2.264e+04 dice=0.0945 dice_loss_raw=0.0945 iou=0.8309 loss_support_foreground_sum=4.112e+04 loss_support_pixel_sum=7.25e+04 loss_valid_roi_count=56 loss_weight=0.1 raw_boundary_fn=4671 raw_boundary_fp=2851 raw_boundary_tp=2.264e+04 raw_dice_score=0.9055 raw_iou=0.8309 refined_boundary_fn=4469 refined_boundary_fp=2761 refined_boundary_tp=2.293e+04 refined_dice_score=0.9074 refined_iou=0.8343 weighted_loss=0.03159
2026-07-30 01:16:44,105 - portable_sam_fusion - INFO - [DEBUG-CONTEXT] epoch=7 step=1800 enabled=0
2026-07-30 01:16:44,105 - portable_sam_fusion - INFO - [DEBUG-DENSE] epoch=7 step=1800 applied_delta_norm=3.117 applied_delta_ratio=0.1334 base_norm=23.36 canvas_max=8 canvas_mean=0.004136 canvas_min=-8 canvas_nonzero_ratio=0.007133 canvas_std=0.4457 final_norm=23.49 residual_alpha=0.2543 shape_norm=26.38 source_delta_norm=12.26 source_delta_ratio=0.5247
2026-07-30 01:16:44,105 - portable_sam_fusion - INFO - [DEBUG-GATE] epoch=7 step=1800 shape_dense_alpha_max=0.2543 shape_dense_alpha_mean=0.2543 shape_dense_alpha_min=0.2543
2026-07-30 01:16:44,105 - portable_sam_fusion - INFO - [DEBUG-JITTER] epoch=7 step=1800 area_ratio_count=64 area_ratio_mean=1 area_ratio_sum=64 fallback_count=0 mean_iou=1 num_jittered=0 num_rois=64
2026-07-30 01:16:44,105 - portable_sam_fusion - INFO - [DEBUG-SP] epoch=7 step=1800 all_invalid_count=0 all_invalid_ratio=0 empty_count=0 empty_ratio=0 full_count=0 full_ratio=0 mean_point_distance=33.7 n1_gt_valid_count=64 n1_in_gt_bg=0.6719 n1_in_gt_bg_count=43 n1_valid_count=64 n1_valid_ratio=1 n2_gt_valid_count=64 n2_in_gt_bg=1 n2_in_gt_bg_count=64 n2_valid_count=64 n2_valid_ratio=1 neg_in_pred_bg=1 neg_in_pred_bg_count=128 negative_pair_count=64 negative_pair_distance_sum=3066 p1_gt_valid_count=64 p1_in_gt_fg=1 p1_in_gt_fg_count=64 p1_valid_count=64 p1_valid_ratio=1 p2_gt_valid_count=64 p2_in_gt_fg=1 p2_in_gt_fg_count=64 p2_valid_count=64 p2_valid_ratio=1 point_distance_sum=4314 point_overlap_count=0 point_overlap_ratio=0 point_pair_count=128 pos_in_pred_fg=1 pos_in_pred_fg_count=128 positive_pair_count=64 positive_pair_distance_sum=1248 roi_count=64 valid_neg_count=128 valid_pos_count=128 warmup_stage=2
2026-07-30 01:18:10,964 - portable_sam_fusion - INFO - [DEBUG-BOX] epoch=7 step=1850 fallback_count=0 fallback_ratio=0 num_rois=64 refined_proposal_iou=0 refined_proposal_iou_sum=0 refined_valid_count=0
2026-07-30 01:18:10,964 - portable_sam_fusion - INFO - [DEBUG-COARSE] epoch=7 step=1850 bce_raw=0.1957 boundary_fn=3659 boundary_fp=5197 boundary_loss_local_sum=27.72 boundary_tp=1.936e+04 dice=0.07825 dice_loss_raw=0.07825 iou=0.8573 loss_support_foreground_sum=5.016e+04 loss_support_pixel_sum=7.524e+04 loss_valid_roi_count=62 loss_weight=0.1 raw_boundary_fn=3659 raw_boundary_fp=5197 raw_boundary_tp=1.936e+04 raw_dice_score=0.9218 raw_iou=0.8573 refined_boundary_fn=3350 refined_boundary_fp=5047 refined_boundary_tp=1.952e+04 refined_dice_score=0.9222 refined_iou=0.8582 weighted_loss=0.0274
2026-07-30 01:18:10,964 - portable_sam_fusion - INFO - [DEBUG-CONTEXT] epoch=7 step=1850 enabled=0
2026-07-30 01:18:10,964 - portable_sam_fusion - INFO - [DEBUG-DENSE] epoch=7 step=1850 applied_delta_norm=2.363 applied_delta_ratio=0.1012 base_norm=23.36 canvas_max=8 canvas_mean=0.01 canvas_min=-7.884 canvas_nonzero_ratio=0.004192 canvas_std=0.3037 final_norm=23.44 residual_alpha=0.2549 shape_norm=25.23 source_delta_norm=9.273 source_delta_ratio=0.397
2026-07-30 01:18:10,964 - portable_sam_fusion - INFO - [DEBUG-GATE] epoch=7 step=1850 shape_dense_alpha_max=0.2549 shape_dense_alpha_mean=0.2549 shape_dense_alpha_min=0.2549
2026-07-30 01:18:10,964 - portable_sam_fusion - INFO - [DEBUG-JITTER] epoch=7 step=1850 area_ratio_count=64 area_ratio_mean=1 area_ratio_sum=64 fallback_count=0 mean_iou=1 num_jittered=0 num_rois=64
2026-07-30 01:18:10,964 - portable_sam_fusion - INFO - [DEBUG-SP] epoch=7 step=1850 all_invalid_count=0 all_invalid_ratio=0 empty_count=0 empty_ratio=0 full_count=0 full_ratio=0 mean_point_distance=21.49 n1_gt_valid_count=64 n1_in_gt_bg=0.7969 n1_in_gt_bg_count=51 n1_valid_count=64 n1_valid_ratio=1 n2_gt_valid_count=64 n2_in_gt_bg=0.8438 n2_in_gt_bg_count=54 n2_valid_count=64 n2_valid_ratio=1 neg_in_pred_bg=1 neg_in_pred_bg_count=128 negative_pair_count=64 negative_pair_distance_sum=1870 p1_gt_valid_count=64 p1_in_gt_fg=1 p1_in_gt_fg_count=64 p1_valid_count=64 p1_valid_ratio=1 p2_gt_valid_count=64 p2_in_gt_fg=1 p2_in_gt_fg_count=64 p2_valid_count=64 p2_valid_ratio=1 point_distance_sum=2751 point_overlap_count=0 point_overlap_ratio=0 point_pair_count=128 pos_in_pred_fg=1 pos_in_pred_fg_count=128 positive_pair_count=64 positive_pair_distance_sum=881.4 roi_count=64 valid_neg_count=128 valid_pos_count=128 warmup_stage=2
2026-07-30 01:19:42,161 - portable_sam_fusion - INFO - [DEBUG-BOX] epoch=7 step=1900 fallback_count=0 fallback_ratio=0 num_rois=64 refined_proposal_iou=0 refined_proposal_iou_sum=0 refined_valid_count=0
2026-07-30 01:19:42,161 - portable_sam_fusion - INFO - [DEBUG-COARSE] epoch=7 step=1900 bce_raw=0.1202 boundary_fn=1642 boundary_fp=368 boundary_loss_local_sum=19.91 boundary_tp=2.48e+04 dice=0.08049 dice_loss_raw=0.08049 iou=0.8518 loss_support_foreground_sum=4.196e+04 loss_support_pixel_sum=8.021e+04 loss_valid_roi_count=61 loss_weight=0.1 raw_boundary_fn=1642 raw_boundary_fp=368 raw_boundary_tp=2.48e+04 raw_dice_score=0.9195 raw_iou=0.8518 refined_boundary_fn=1451 refined_boundary_fp=303 refined_boundary_tp=2.507e+04 refined_dice_score=0.9177 refined_iou=0.8486 weighted_loss=0.02007
2026-07-30 01:19:42,161 - portable_sam_fusion - INFO - [DEBUG-CONTEXT] epoch=7 step=1900 enabled=0
2026-07-30 01:19:42,161 - portable_sam_fusion - INFO - [DEBUG-DENSE] epoch=7 step=1900 applied_delta_norm=3.001 applied_delta_ratio=0.1285 base_norm=23.36 canvas_max=7.325 canvas_mean=0.001475 canvas_min=-8 canvas_nonzero_ratio=0.006533 canvas_std=0.3393 final_norm=23.47 residual_alpha=0.2554 shape_norm=26.08 source_delta_norm=11.75 source_delta_ratio=0.5031
2026-07-30 01:19:42,161 - portable_sam_fusion - INFO - [DEBUG-GATE] epoch=7 step=1900 shape_dense_alpha_max=0.2554 shape_dense_alpha_mean=0.2554 shape_dense_alpha_min=0.2554
2026-07-30 01:19:42,161 - portable_sam_fusion - INFO - [DEBUG-JITTER] epoch=7 step=1900 area_ratio_count=64 area_ratio_mean=1 area_ratio_sum=64 fallback_count=0 mean_iou=1 num_jittered=0 num_rois=64
2026-07-30 01:19:42,161 - portable_sam_fusion - INFO - [DEBUG-SP] epoch=7 step=1900 all_invalid_count=0 all_invalid_ratio=0 empty_count=0 empty_ratio=0 full_count=0 full_ratio=0 mean_point_distance=31.38 n1_gt_valid_count=64 n1_in_gt_bg=0.9375 n1_in_gt_bg_count=60 n1_valid_count=64 n1_valid_ratio=1 n2_gt_valid_count=64 n2_in_gt_bg=1 n2_in_gt_bg_count=64 n2_valid_count=64 n2_valid_ratio=1 neg_in_pred_bg=1 neg_in_pred_bg_count=128 negative_pair_count=64 negative_pair_distance_sum=3169 p1_gt_valid_count=64 p1_in_gt_fg=1 p1_in_gt_fg_count=64 p1_valid_count=64 p1_valid_ratio=1 p2_gt_valid_count=64 p2_in_gt_fg=1 p2_in_gt_fg_count=64 p2_valid_count=64 p2_valid_ratio=1 point_distance_sum=4017 point_overlap_count=0 point_overlap_ratio=0 point_pair_count=128 pos_in_pred_fg=1 pos_in_pred_fg_count=128 positive_pair_count=64 positive_pair_distance_sum=848.1 roi_count=64 valid_neg_count=128 valid_pos_count=128 warmup_stage=2
2026-07-30 01:21:13,089 - portable_sam_fusion - INFO - [DEBUG-BOX] epoch=7 step=1950 fallback_count=0 fallback_ratio=0 num_rois=64 refined_proposal_iou=0 refined_proposal_iou_sum=0 refined_valid_count=0
2026-07-30 01:21:13,089 - portable_sam_fusion - INFO - [DEBUG-COARSE] epoch=7 step=1950 bce_raw=0.194 boundary_fn=3331 boundary_fp=3087 boundary_loss_local_sum=21.41 boundary_tp=2.279e+04 dice=0.09851 dice_loss_raw=0.09851 iou=0.8244 loss_support_foreground_sum=3.725e+04 loss_support_pixel_sum=6.558e+04 loss_valid_roi_count=51 loss_weight=0.1 raw_boundary_fn=3331 raw_boundary_fp=3087 raw_boundary_tp=2.279e+04 raw_dice_score=0.9015 raw_iou=0.8244 refined_boundary_fn=3278 refined_boundary_fp=3084 refined_boundary_tp=2.283e+04 refined_dice_score=0.9001 refined_iou=0.8223 weighted_loss=0.02925
2026-07-30 01:21:13,089 - portable_sam_fusion - INFO - [DEBUG-CONTEXT] epoch=7 step=1950 enabled=0
2026-07-30 01:21:13,089 - portable_sam_fusion - INFO - [DEBUG-DENSE] epoch=7 step=1950 applied_delta_norm=2.596 applied_delta_ratio=0.1111 base_norm=23.36 canvas_max=7.931 canvas_mean=0.0009122 canvas_min=-8 canvas_nonzero_ratio=0.005138 canvas_std=0.3227 final_norm=23.45 residual_alpha=0.2558 shape_norm=25.53 source_delta_norm=10.15 source_delta_ratio=0.4344
2026-07-30 01:21:13,089 - portable_sam_fusion - INFO - [DEBUG-GATE] epoch=7 step=1950 shape_dense_alpha_max=0.2558 shape_dense_alpha_mean=0.2558 shape_dense_alpha_min=0.2558
2026-07-30 01:21:13,089 - portable_sam_fusion - INFO - [DEBUG-JITTER] epoch=7 step=1950 area_ratio_count=64 area_ratio_mean=1 area_ratio_sum=64 fallback_count=0 mean_iou=1 num_jittered=0 num_rois=64
2026-07-30 01:21:13,089 - portable_sam_fusion - INFO - [DEBUG-SP] epoch=7 step=1950 all_invalid_count=0 all_invalid_ratio=0 empty_count=0 empty_ratio=0 full_count=0 full_ratio=0 mean_point_distance=28.18 n1_gt_valid_count=64 n1_in_gt_bg=0.8594 n1_in_gt_bg_count=55 n1_valid_count=64 n1_valid_ratio=1 n2_gt_valid_count=63 n2_in_gt_bg=0.9683 n2_in_gt_bg_count=61 n2_valid_count=63 n2_valid_ratio=0.9844 neg_in_pred_bg=1 neg_in_pred_bg_count=127 negative_pair_count=63 negative_pair_distance_sum=2598 p1_gt_valid_count=64 p1_in_gt_fg=1 p1_in_gt_fg_count=64 p1_valid_count=64 p1_valid_ratio=1 p2_gt_valid_count=64 p2_in_gt_fg=1 p2_in_gt_fg_count=64 p2_valid_count=64 p2_valid_ratio=1 point_distance_sum=3579 point_overlap_count=0 point_overlap_ratio=0 point_pair_count=127 pos_in_pred_fg=1 pos_in_pred_fg_count=128 positive_pair_count=64 positive_pair_distance_sum=981.5 roi_count=64 valid_neg_count=127 valid_pos_count=128 warmup_stage=2
2026-07-30 01:22:20,040 - portable_sam_fusion - INFO - epoch 7 | mini-batch 224/294 | optimizer_step 500/5920 | lr=4.942e-04
2026-07-30 01:22:42,988 - portable_sam_fusion - INFO - [DEBUG-BOX] epoch=7 step=2000 fallback_count=0 fallback_ratio=0 num_rois=30 refined_proposal_iou=0 refined_proposal_iou_sum=0 refined_valid_count=0
2026-07-30 01:22:42,989 - portable_sam_fusion - INFO - [DEBUG-COARSE] epoch=7 step=2000 bce_raw=0.09366 boundary_fn=299 boundary_fp=278 boundary_loss_local_sum=8.135 boundary_tp=1.108e+04 dice=0.05915 dice_loss_raw=0.05915 iou=0.8886 loss_support_foreground_sum=2.242e+04 loss_support_pixel_sum=3.691e+04 loss_valid_roi_count=30 loss_weight=0.1 raw_boundary_fn=299 raw_boundary_fp=278 raw_boundary_tp=1.108e+04 raw_dice_score=0.9408 raw_iou=0.8886 refined_boundary_fn=211 refined_boundary_fp=203 refined_boundary_tp=1.119e+04 refined_dice_score=0.9427 refined_iou=0.8919 weighted_loss=0.01528
2026-07-30 01:22:42,989 - portable_sam_fusion - INFO - [DEBUG-CONTEXT] epoch=7 step=2000 enabled=0
2026-07-30 01:22:42,989 - portable_sam_fusion - INFO - [DEBUG-DENSE] epoch=7 step=2000 applied_delta_norm=3.847 applied_delta_ratio=0.1647 base_norm=23.36 canvas_max=8 canvas_mean=0.007104 canvas_min=-7.044 canvas_nonzero_ratio=0.009101 canvas_std=0.4727 final_norm=23.53 residual_alpha=0.2562 shape_norm=27.33 source_delta_norm=15.01 source_delta_ratio=0.6428
2026-07-30 01:22:42,989 - portable_sam_fusion - INFO - [DEBUG-GATE] epoch=7 step=2000 shape_dense_alpha_max=0.2562 shape_dense_alpha_mean=0.2562 shape_dense_alpha_min=0.2562
2026-07-30 01:22:42,989 - portable_sam_fusion - INFO - [DEBUG-JITTER] epoch=7 step=2000 area_ratio_count=30 area_ratio_mean=1 area_ratio_sum=30 fallback_count=0 mean_iou=1 num_jittered=0 num_rois=30
2026-07-30 01:22:42,989 - portable_sam_fusion - INFO - [DEBUG-SP] epoch=7 step=2000 all_invalid_count=0 all_invalid_ratio=0 empty_count=0 empty_ratio=0 full_count=0 full_ratio=0 mean_point_distance=48.79 n1_gt_valid_count=30 n1_in_gt_bg=0.9667 n1_in_gt_bg_count=29 n1_valid_count=30 n1_valid_ratio=1 n2_gt_valid_count=30 n2_in_gt_bg=1 n2_in_gt_bg_count=30 n2_valid_count=30 n2_valid_ratio=1 neg_in_pred_bg=1 neg_in_pred_bg_count=60 negative_pair_count=30 negative_pair_distance_sum=2130 p1_gt_valid_count=30 p1_in_gt_fg=1 p1_in_gt_fg_count=30 p1_valid_count=30 p1_valid_ratio=1 p2_gt_valid_count=30 p2_in_gt_fg=1 p2_in_gt_fg_count=30 p2_valid_count=30 p2_valid_ratio=1 point_distance_sum=2927 point_overlap_count=0 point_overlap_ratio=0 point_pair_count=60 pos_in_pred_fg=1 pos_in_pred_fg_count=60 positive_pair_count=30 positive_pair_distance_sum=797.8 roi_count=30 valid_neg_count=60 valid_pos_count=60 warmup_stage=2
2026-07-30 01:24:12,642 - portable_sam_fusion - INFO - [DEBUG-BOX] epoch=7 step=2050 fallback_count=0 fallback_ratio=0 num_rois=0 refined_proposal_iou=0 refined_proposal_iou_sum=0 refined_valid_count=0
2026-07-30 01:24:12,642 - portable_sam_fusion - INFO - [DEBUG-COARSE] epoch=7 step=2050 boundary_fn=0 boundary_fp=0 boundary_tp=0 dice=0 iou=0
2026-07-30 01:24:12,643 - portable_sam_fusion - INFO - [DEBUG-CONTEXT] epoch=7 step=2050 enabled=0
2026-07-30 01:24:12,643 - portable_sam_fusion - INFO - [DEBUG-DENSE] epoch=7 step=2050 applied_delta_norm=3.18 applied_delta_ratio=0.1362 base_norm=23.36 canvas_max=8 canvas_mean=-0.00227 canvas_min=-8 canvas_nonzero_ratio=0.008972 canvas_std=0.4246 final_norm=23.53 residual_alpha=0.2565 shape_norm=26.98 source_delta_norm=12.4 source_delta_ratio=0.5309
2026-07-30 01:24:12,643 - portable_sam_fusion - INFO - [DEBUG-GATE] epoch=7 step=2050 shape_dense_alpha_max=0.2565 shape_dense_alpha_mean=0.2565 shape_dense_alpha_min=0.2565
2026-07-30 01:24:12,643 - portable_sam_fusion - INFO - [DEBUG-JITTER] epoch=7 step=2050 area_ratio_count=0 area_ratio_mean=0 area_ratio_sum=0 fallback_count=0 mean_iou=0 num_jittered=0 num_rois=0
2026-07-30 01:24:12,643 - portable_sam_fusion - INFO - [DEBUG-SP] epoch=7 step=2050 all_invalid_count=0 all_invalid_ratio=0 empty_count=0 empty_ratio=0 full_count=0 full_ratio=0 mean_point_distance=33.67 n1_gt_valid_count=64 n1_in_gt_bg=0.8438 n1_in_gt_bg_count=54 n1_valid_count=64 n1_valid_ratio=1 n2_gt_valid_count=64 n2_in_gt_bg=1 n2_in_gt_bg_count=64 n2_valid_count=64 n2_valid_ratio=1 neg_in_pred_bg=1 neg_in_pred_bg_count=128 negative_pair_count=64 negative_pair_distance_sum=3199 p1_gt_valid_count=64 p1_in_gt_fg=0.9531 p1_in_gt_fg_count=61 p1_valid_count=64 p1_valid_ratio=1 p2_gt_valid_count=64 p2_in_gt_fg=0.9531 p2_in_gt_fg_count=61 p2_valid_count=64 p2_valid_ratio=1 point_distance_sum=4310 point_overlap_count=0 point_overlap_ratio=0 point_pair_count=128 pos_in_pred_fg=1 pos_in_pred_fg_count=128 positive_pair_count=64 positive_pair_distance_sum=1111 roi_count=64 valid_neg_count=128 valid_pos_count=128 warmup_stage=2
2026-07-30 01:24:22,416 - portable_sam_fusion - INFO - Epoch 7 detailed losses: loss_rpn_cls=0.0322, loss_rpn_bbox=0.0128, loss_cls=0.2562, acc=89.4972, loss_bbox=0.1213, loss_mask=0.0021, debug_mask_pos_rois=57.5510, debug_mask_logit_mean=-14.7041, debug_mask_logit_std=3.0391, debug_mask_prob_mean=0.0047, debug_mask_prob_ge05=0.0047, debug_mask_target_fill=0.0047, loss_shape_prior=0.0294, loss_p2_boundary_refiner=0.0237, schedule/det_weight=1.0000
2026-07-30 01:24:22,416 - portable_sam_fusion - INFO - Epoch 7 dense residual monitor: alpha=0.256412 source_delta_norm=12.5080 applied_delta_norm=3.2073 source_delta_ratio=0.535517 applied_delta_ratio=0.137318
2026-07-30 01:24:22,416 - portable_sam_fusion - INFO - Epoch 7 P2 boundary refiner: raw_dice=0.8017 refined_dice=0.8017 raw_iou=0.7295 refined_iou=0.7294 raw_boundary_f1=0.8375 refined_boundary_f1=0.8425
2026-07-30 01:24:22,416 - portable_sam_fusion - INFO - Epoch 7 P2 boundary support: valid=82.92% rejected=17.08% coverage=0.3572 delta_abs=0.105505 nonzero=35.72% saturated=4.14% p2_norm=82.9923 highpass_norm=4.0105 support_fg=56.62%
2026-07-30 01:24:22,417 - portable_sam_fusion - INFO - Epoch 7 primary loss shares: det=88.44% final_mask=0.45% shape=6.16% p2_boundary=4.95%
2026-07-30 01:24:22,417 - portable_sam_fusion - INFO - Epoch 7 schedule: det_loss_weight=1.000 early_stop_start=20 min_delta=0.0005
2026-07-30 01:24:22,417 - portable_sam_fusion - INFO - Epoch 7 learning rates: sat_backbone=4.94e-04, mask_decoder=4.94e-04, shape_prior=4.94e-04, p2_boundary_refiner=4.94e-04, quality_head=4.94e-04, sat_other=4.94e-04
2026-07-30 01:28:12,187 - portable_sam_fusion - INFO - Validation samples: GT=15926, DT=22577, avg_masks_per_image=36.01, avg_mask_fill=0.0065
creating index...
index created!
Loading and preparing results...
DONE (t=0.03s)
creating index...
index created!
Running per image evaluation...
Evaluate annotation type *bbox*
DONE (t=11.73s).
Accumulating evaluation results...
DONE (t=0.23s).
 Average Precision  (AP) @[ IoU=0.50:0.95 | area=   all | maxDets=100 ] = 0.608
 Average Precision  (AP) @[ IoU=0.50      | area=   all | maxDets=100 ] = 0.885
 Average Precision  (AP) @[ IoU=0.75      | area=   all | maxDets=100 ] = 0.747
 Average Precision  (AP) @[ IoU=0.50:0.95 | area= small | maxDets=100 ] = 0.221
 Average Precision  (AP) @[ IoU=0.50:0.95 | area=medium | maxDets=100 ] = 0.662
 Average Precision  (AP) @[ IoU=0.50:0.95 | area= large | maxDets=100 ] = 0.658
 Average Recall     (AR) @[ IoU=0.50:0.95 | area=   all | maxDets=  1 ] = 0.023
 Average Recall     (AR) @[ IoU=0.50:0.95 | area=   all | maxDets= 10 ] = 0.169
 Average Recall     (AR) @[ IoU=0.50:0.95 | area=   all | maxDets=100 ] = 0.677
 Average Recall     (AR) @[ IoU=0.50:0.95 | area= small | maxDets=100 ] = 0.358
 Average Recall     (AR) @[ IoU=0.50:0.95 | area=medium | maxDets=100 ] = 0.733
 Average Recall     (AR) @[ IoU=0.50:0.95 | area= large | maxDets=100 ] = 0.723
2026-07-30 01:28:24,372 - portable_sam_fusion - INFO - Validation bbox/mAP: 0.6078 bbox/mAP_75: 0.7468
Running per image evaluation...
Evaluate annotation type *segm*
DONE (t=11.93s).
Accumulating evaluation results...
DONE (t=0.22s).
 Average Precision  (AP) @[ IoU=0.50:0.95 | area=   all | maxDets=100 ] = 0.616
 Average Precision  (AP) @[ IoU=0.50      | area=   all | maxDets=100 ] = 0.880
 Average Precision  (AP) @[ IoU=0.75      | area=   all | maxDets=100 ] = 0.714
 Average Precision  (AP) @[ IoU=0.50:0.95 | area= small | maxDets=100 ] = 0.169
 Average Precision  (AP) @[ IoU=0.50:0.95 | area=medium | maxDets=100 ] = 0.645
 Average Precision  (AP) @[ IoU=0.50:0.95 | area= large | maxDets=100 ] = 0.779
 Average Recall     (AR) @[ IoU=0.50:0.95 | area=   all | maxDets=  1 ] = 0.025
 Average Recall     (AR) @[ IoU=0.50:0.95 | area=   all | maxDets= 10 ] = 0.179
 Average Recall     (AR) @[ IoU=0.50:0.95 | area=   all | maxDets=100 ] = 0.671
 Average Recall     (AR) @[ IoU=0.50:0.95 | area= small | maxDets=100 ] = 0.282
 Average Recall     (AR) @[ IoU=0.50:0.95 | area=medium | maxDets=100 ] = 0.703
 Average Recall     (AR) @[ IoU=0.50:0.95 | area= large | maxDets=100 ] = 0.828
2026-07-30 01:28:36,571 - portable_sam_fusion - INFO - Validation segm/mAP: 0.6159
2026-07-30 01:28:37,213 - portable_sam_fusion - INFO - New best segm/mAP: 0.6159
2026-07-30 01:28:37,213 - portable_sam_fusion - INFO - New best early-stop metric (segm/mAP): raw=0.6159 smooth(5)=0.5925
2026-07-30 01:28:39,799 - portable_sam_fusion - INFO - Saved best_model with segm/mAP: 0.6159
2026-07-30 01:28:45,204 - portable_sam_fusion - INFO - Epoch 7/80 | train=0.477833 val=disabled segm/mAP=0.6159 bbox/mAP=0.6078 | best_segm=0.6159 best_bbox=0.6152 best_comp=0.0000 | sat_backbone=4.94e-04 mask_decoder=4.94e-04 shape_prior=4.94e-04 p2_boundary_refiner=4.94e-04 quality_head=4.94e-04 sat_other=4.94e-04
2026-07-30 01:29:55,534 - portable_sam_fusion - INFO - [DEBUG-BOX] epoch=8 step=2100 fallback_count=0 fallback_ratio=0 num_rois=64 refined_proposal_iou=0 refined_proposal_iou_sum=0 refined_valid_count=0
2026-07-30 01:29:55,534 - portable_sam_fusion - INFO - [DEBUG-COARSE] epoch=8 step=2100 bce_raw=0.1793 boundary_fn=4053 boundary_fp=2214 boundary_loss_local_sum=18.88 boundary_tp=2.403e+04 dice=0.09787 dice_loss_raw=0.09787 iou=0.824 loss_support_foreground_sum=3.774e+04 loss_support_pixel_sum=6.699e+04 loss_valid_roi_count=51 loss_weight=0.1 raw_boundary_fn=4053 raw_boundary_fp=2214 raw_boundary_tp=2.403e+04 raw_dice_score=0.9021 raw_iou=0.824 refined_boundary_fn=3981 refined_boundary_fp=2296 refined_boundary_tp=2.409e+04 refined_dice_score=0.9012 refined_iou=0.8228 weighted_loss=0.02772
2026-07-30 01:29:55,534 - portable_sam_fusion - INFO - [DEBUG-CONTEXT] epoch=8 step=2100 enabled=0
2026-07-30 01:29:55,534 - portable_sam_fusion - INFO - [DEBUG-DENSE] epoch=8 step=2100 applied_delta_norm=3.385 applied_delta_ratio=0.1449 base_norm=23.36 canvas_max=7.9 canvas_mean=-0.001856 canvas_min=-8 canvas_nonzero_ratio=0.008503 canvas_std=0.4432 final_norm=23.52 residual_alpha=0.2566 shape_norm=26.88 source_delta_norm=13.19 source_delta_ratio=0.5647
2026-07-30 01:29:55,534 - portable_sam_fusion - INFO - [DEBUG-GATE] epoch=8 step=2100 shape_dense_alpha_max=0.2566 shape_dense_alpha_mean=0.2566 shape_dense_alpha_min=0.2566
2026-07-30 01:29:55,534 - portable_sam_fusion - INFO - [DEBUG-JITTER] epoch=8 step=2100 area_ratio_count=64 area_ratio_mean=1 area_ratio_sum=64 fallback_count=0 mean_iou=1 num_jittered=0 num_rois=64
2026-07-30 01:29:55,534 - portable_sam_fusion - INFO - [DEBUG-SP] epoch=8 step=2100 all_invalid_count=0 all_invalid_ratio=0 empty_count=0 empty_ratio=0 full_count=0 full_ratio=0 mean_point_distance=30.7 n1_gt_valid_count=64 n1_in_gt_bg=0.875 n1_in_gt_bg_count=56 n1_valid_count=64 n1_valid_ratio=1 n2_gt_valid_count=64 n2_in_gt_bg=1 n2_in_gt_bg_count=64 n2_valid_count=64 n2_valid_ratio=1 neg_in_pred_bg=1 neg_in_pred_bg_count=128 negative_pair_count=64 negative_pair_distance_sum=2652 p1_gt_valid_count=64 p1_in_gt_fg=1 p1_in_gt_fg_count=64 p1_valid_count=64 p1_valid_ratio=1 p2_gt_valid_count=64 p2_in_gt_fg=0.9844 p2_in_gt_fg_count=63 p2_valid_count=64 p2_valid_ratio=1 point_distance_sum=3930 point_overlap_count=0 point_overlap_ratio=0 point_pair_count=128 pos_in_pred_fg=1 pos_in_pred_fg_count=128 positive_pair_count=64 positive_pair_distance_sum=1278 roi_count=64 valid_neg_count=128 valid_pos_count=128 warmup_stage=2
2026-07-30 01:31:28,958 - portable_sam_fusion - INFO - [DEBUG-BOX] epoch=8 step=2150 fallback_count=0 fallback_ratio=0 num_rois=64 refined_proposal_iou=0 refined_proposal_iou_sum=0 refined_valid_count=0
2026-07-30 01:31:28,959 - portable_sam_fusion - INFO - [DEBUG-COARSE] epoch=8 step=2150 bce_raw=0.1786 boundary_fn=2161 boundary_fp=3523 boundary_loss_local_sum=20.1 boundary_tp=2.322e+04 dice=0.08754 dice_loss_raw=0.08754 iou=0.8446 loss_support_foreground_sum=4.098e+04 loss_support_pixel_sum=7.262e+04 loss_valid_roi_count=56 loss_weight=0.1 raw_boundary_fn=2161 raw_boundary_fp=3523 raw_boundary_tp=2.322e+04 raw_dice_score=0.9125 raw_iou=0.8446 refined_boundary_fn=1969 refined_boundary_fp=3616 refined_boundary_tp=2.336e+04 refined_dice_score=0.9129 refined_iou=0.8455 weighted_loss=0.02661
2026-07-30 01:31:28,959 - portable_sam_fusion - INFO - [DEBUG-CONTEXT] epoch=8 step=2150 enabled=0
2026-07-30 01:31:28,959 - portable_sam_fusion - INFO - [DEBUG-DENSE] epoch=8 step=2150 applied_delta_norm=3.482 applied_delta_ratio=0.1491 base_norm=23.36 canvas_max=7.989 canvas_mean=0.007343 canvas_min=-8 canvas_nonzero_ratio=0.008198 canvas_std=0.4299 final_norm=23.52 residual_alpha=0.2569 shape_norm=26.9 source_delta_norm=13.56 source_delta_ratio=0.5804
2026-07-30 01:31:28,959 - portable_sam_fusion - INFO - [DEBUG-GATE] epoch=8 step=2150 shape_dense_alpha_max=0.2569 shape_dense_alpha_mean=0.2569 shape_dense_alpha_min=0.2569
2026-07-30 01:31:28,959 - portable_sam_fusion - INFO - [DEBUG-JITTER] epoch=8 step=2150 area_ratio_count=64 area_ratio_mean=1 area_ratio_sum=64 fallback_count=0 mean_iou=1 num_jittered=0 num_rois=64
2026-07-30 01:31:28,959 - portable_sam_fusion - INFO - [DEBUG-SP] epoch=8 step=2150 all_invalid_count=0 all_invalid_ratio=0 empty_count=0 empty_ratio=0 full_count=0 full_ratio=0 mean_point_distance=35.13 n1_gt_valid_count=64 n1_in_gt_bg=0.8594 n1_in_gt_bg_count=55 n1_valid_count=64 n1_valid_ratio=1 n2_gt_valid_count=64 n2_in_gt_bg=1 n2_in_gt_bg_count=64 n2_valid_count=64 n2_valid_ratio=1 neg_in_pred_bg=1 neg_in_pred_bg_count=128 negative_pair_count=64 negative_pair_distance_sum=3384 p1_gt_valid_count=64 p1_in_gt_fg=1 p1_in_gt_fg_count=64 p1_valid_count=64 p1_valid_ratio=1 p2_gt_valid_count=64 p2_in_gt_fg=0.9531 p2_in_gt_fg_count=61 p2_valid_count=64 p2_valid_ratio=1 point_distance_sum=4496 point_overlap_count=0 point_overlap_ratio=0 point_pair_count=128 pos_in_pred_fg=1 pos_in_pred_fg_count=128 positive_pair_count=64 positive_pair_distance_sum=1113 roi_count=64 valid_neg_count=128 valid_pos_count=128 warmup_stage=2
2026-07-30 01:32:30,808 - portable_sam_fusion - INFO - epoch 8 | mini-batch 128/294 | optimizer_step 550/5920 | lr=4.927e-04
2026-07-30 01:32:55,871 - portable_sam_fusion - INFO - [DEBUG-BOX] epoch=8 step=2200 fallback_count=0 fallback_ratio=0 num_rois=64 refined_proposal_iou=0 refined_proposal_iou_sum=0 refined_valid_count=0
2026-07-30 01:32:55,871 - portable_sam_fusion - INFO - [DEBUG-COARSE] epoch=8 step=2200 bce_raw=0.1983 boundary_fn=3725 boundary_fp=3854 boundary_loss_local_sum=23.51 boundary_tp=2.27e+04 dice=0.08801 dice_loss_raw=0.08801 iou=0.8406 loss_support_foreground_sum=4.208e+04 loss_support_pixel_sum=7.131e+04 loss_valid_roi_count=55 loss_weight=0.1 raw_boundary_fn=3725 raw_boundary_fp=3854 raw_boundary_tp=2.27e+04 raw_dice_score=0.912 raw_iou=0.8406 refined_boundary_fn=3657 refined_boundary_fp=3851 refined_boundary_tp=2.28e+04 refined_dice_score=0.9109 refined_iou=0.8387 weighted_loss=0.02863
2026-07-30 01:32:55,871 - portable_sam_fusion - INFO - [DEBUG-CONTEXT] epoch=8 step=2200 enabled=0
2026-07-30 01:32:55,871 - portable_sam_fusion - INFO - [DEBUG-DENSE] epoch=8 step=2200 applied_delta_norm=2.63 applied_delta_ratio=0.1126 base_norm=23.36 canvas_max=8 canvas_mean=0.006681 canvas_min=-8 canvas_nonzero_ratio=0.005018 canvas_std=0.3148 final_norm=23.45 residual_alpha=0.257 shape_norm=25.57 source_delta_norm=10.23 source_delta_ratio=0.4381
2026-07-30 01:32:55,871 - portable_sam_fusion - INFO - [DEBUG-GATE] epoch=8 step=2200 shape_dense_alpha_max=0.257 shape_dense_alpha_mean=0.257 shape_dense_alpha_min=0.257
2026-07-30 01:32:55,871 - portable_sam_fusion - INFO - [DEBUG-JITTER] epoch=8 step=2200 area_ratio_count=64 area_ratio_mean=1 area_ratio_sum=64 fallback_count=0 mean_iou=1 num_jittered=0 num_rois=64
2026-07-30 01:32:55,871 - portable_sam_fusion - INFO - [DEBUG-SP] epoch=8 step=2200 all_invalid_count=0 all_invalid_ratio=0 empty_count=0 empty_ratio=0 full_count=0 full_ratio=0 mean_point_distance=30.6 n1_gt_valid_count=64 n1_in_gt_bg=0.8906 n1_in_gt_bg_count=57 n1_valid_count=64 n1_valid_ratio=1 n2_gt_valid_count=64 n2_in_gt_bg=1 n2_in_gt_bg_count=64 n2_valid_count=64 n2_valid_ratio=1 neg_in_pred_bg=1 neg_in_pred_bg_count=128 negative_pair_count=64 negative_pair_distance_sum=2768 p1_gt_valid_count=64 p1_in_gt_fg=1 p1_in_gt_fg_count=64 p1_valid_count=64 p1_valid_ratio=1 p2_gt_valid_count=64 p2_in_gt_fg=1 p2_in_gt_fg_count=64 p2_valid_count=64 p2_valid_ratio=1 point_distance_sum=3916 point_overlap_count=0 point_overlap_ratio=0 point_pair_count=128 pos_in_pred_fg=1 pos_in_pred_fg_count=128 positive_pair_count=64 positive_pair_distance_sum=1148 roi_count=64 valid_neg_count=128 valid_pos_count=128 warmup_stage=2
2026-07-30 01:34:24,045 - portable_sam_fusion - INFO - [DEBUG-BOX] epoch=8 step=2250 fallback_count=0 fallback_ratio=0 num_rois=64 refined_proposal_iou=0 refined_proposal_iou_sum=0 refined_valid_count=0
2026-07-30 01:34:24,045 - portable_sam_fusion - INFO - [DEBUG-COARSE] epoch=8 step=2250 bce_raw=0.2137 boundary_fn=4448 boundary_fp=3795 boundary_loss_local_sum=22.26 boundary_tp=2.242e+04 dice=0.1079 dice_loss_raw=0.1079 iou=0.8086 loss_support_foreground_sum=3.879e+04 loss_support_pixel_sum=6.967e+04 loss_valid_roi_count=53 loss_weight=0.1 raw_boundary_fn=4448 raw_boundary_fp=3795 raw_boundary_tp=2.242e+04 raw_dice_score=0.8921 raw_iou=0.8086 refined_boundary_fn=4149 refined_boundary_fp=3884 refined_boundary_tp=2.274e+04 refined_dice_score=0.8905 refined_iou=0.8062 weighted_loss=0.03216
2026-07-30 01:34:24,045 - portable_sam_fusion - INFO - [DEBUG-CONTEXT] epoch=8 step=2250 enabled=0
2026-07-30 01:34:24,045 - portable_sam_fusion - INFO - [DEBUG-DENSE] epoch=8 step=2250 applied_delta_norm=2.913 applied_delta_ratio=0.1247 base_norm=23.36 canvas_max=8 canvas_mean=-0.001607 canvas_min=-8 canvas_nonzero_ratio=0.006097 canvas_std=0.3688 final_norm=23.47 residual_alpha=0.2572 shape_norm=25.91 source_delta_norm=11.33 source_delta_ratio=0.4849
2026-07-30 01:34:24,046 - portable_sam_fusion - INFO - [DEBUG-GATE] epoch=8 step=2250 shape_dense_alpha_max=0.2572 shape_dense_alpha_mean=0.2572 shape_dense_alpha_min=0.2572
2026-07-30 01:34:24,046 - portable_sam_fusion - INFO - [DEBUG-JITTER] epoch=8 step=2250 area_ratio_count=64 area_ratio_mean=1 area_ratio_sum=64 fallback_count=0 mean_iou=1 num_jittered=0 num_rois=64
2026-07-30 01:34:24,046 - portable_sam_fusion - INFO - [DEBUG-SP] epoch=8 step=2250 all_invalid_count=0 all_invalid_ratio=0 empty_count=0 empty_ratio=0 full_count=0 full_ratio=0 mean_point_distance=29.2 n1_gt_valid_count=64 n1_in_gt_bg=0.8281 n1_in_gt_bg_count=53 n1_valid_count=64 n1_valid_ratio=1 n2_gt_valid_count=64 n2_in_gt_bg=0.9844 n2_in_gt_bg_count=63 n2_valid_count=64 n2_valid_ratio=1 neg_in_pred_bg=1 neg_in_pred_bg_count=128 negative_pair_count=64 negative_pair_distance_sum=2789 p1_gt_valid_count=64 p1_in_gt_fg=0.9844 p1_in_gt_fg_count=63 p1_valid_count=64 p1_valid_ratio=1 p2_gt_valid_count=64 p2_in_gt_fg=1 p2_in_gt_fg_count=64 p2_valid_count=64 p2_valid_ratio=1 point_distance_sum=3738 point_overlap_count=0 point_overlap_ratio=0 point_pair_count=128 pos_in_pred_fg=1 pos_in_pred_fg_count=128 positive_pair_count=64 positive_pair_distance_sum=948.3 roi_count=64 valid_neg_count=128 valid_pos_count=128 warmup_stage=2
2026-07-30 01:35:42,838 - portable_sam_fusion - INFO - [DEBUG-BOX] epoch=8 step=2300 fallback_count=0 fallback_ratio=0 num_rois=64 refined_proposal_iou=0 refined_proposal_iou_sum=0 refined_valid_count=0
2026-07-30 01:35:42,839 - portable_sam_fusion - INFO - [DEBUG-COARSE] epoch=8 step=2300 bce_raw=0.1656 boundary_fn=2635 boundary_fp=2705 boundary_loss_local_sum=19.88 boundary_tp=2.344e+04 dice=0.08248 dice_loss_raw=0.08248 iou=0.8501 loss_support_foreground_sum=4.072e+04 loss_support_pixel_sum=6.528e+04 loss_valid_roi_count=51 loss_weight=0.1 raw_boundary_fn=2635 raw_boundary_fp=2705 raw_boundary_tp=2.344e+04 raw_dice_score=0.9175 raw_iou=0.8501 refined_boundary_fn=2461 refined_boundary_fp=2689 refined_boundary_tp=2.362e+04 refined_dice_score=0.9163 refined_iou=0.8483 weighted_loss=0.02481
2026-07-30 01:35:42,839 - portable_sam_fusion - INFO - [DEBUG-CONTEXT] epoch=8 step=2300 enabled=0
2026-07-30 01:35:42,839 - portable_sam_fusion - INFO - [DEBUG-DENSE] epoch=8 step=2300 applied_delta_norm=2.687 applied_delta_ratio=0.115 base_norm=23.36 canvas_max=8 canvas_mean=0.004187 canvas_min=-8 canvas_nonzero_ratio=0.004944 canvas_std=0.3176 final_norm=23.45 residual_alpha=0.2575 shape_norm=25.48 source_delta_norm=10.43 source_delta_ratio=0.4466
2026-07-30 01:35:42,839 - portable_sam_fusion - INFO - [DEBUG-GATE] epoch=8 step=2300 shape_dense_alpha_max=0.2575 shape_dense_alpha_mean=0.2575 shape_dense_alpha_min=0.2575
2026-07-30 01:35:42,839 - portable_sam_fusion - INFO - [DEBUG-JITTER] epoch=8 step=2300 area_ratio_count=64 area_ratio_mean=1 area_ratio_sum=64 fallback_count=0 mean_iou=1 num_jittered=0 num_rois=64
2026-07-30 01:35:42,839 - portable_sam_fusion - INFO - [DEBUG-SP] epoch=8 step=2300 all_invalid_count=0 all_invalid_ratio=0 empty_count=0 empty_ratio=0 full_count=0 full_ratio=0 mean_point_distance=24.77 n1_gt_valid_count=64 n1_in_gt_bg=0.6562 n1_in_gt_bg_count=42 n1_valid_count=64 n1_valid_ratio=1 n2_gt_valid_count=64 n2_in_gt_bg=1 n2_in_gt_bg_count=64 n2_valid_count=64 n2_valid_ratio=1 neg_in_pred_bg=1 neg_in_pred_bg_count=128 negative_pair_count=64 negative_pair_distance_sum=2271 p1_gt_valid_count=64 p1_in_gt_fg=1 p1_in_gt_fg_count=64 p1_valid_count=64 p1_valid_ratio=1 p2_gt_valid_count=64 p2_in_gt_fg=1 p2_in_gt_fg_count=64 p2_valid_count=64 p2_valid_ratio=1 point_distance_sum=3171 point_overlap_count=0 point_overlap_ratio=0 point_pair_count=128 pos_in_pred_fg=1 pos_in_pred_fg_count=128 positive_pair_count=64 positive_pair_distance_sum=899.9 roi_count=64 valid_neg_count=128 valid_pos_count=128 warmup_stage=2
2026-07-30 01:36:51,778 - portable_sam_fusion - INFO - [DEBUG-BOX] epoch=8 step=2350 fallback_count=0 fallback_ratio=0 num_rois=0 refined_proposal_iou=0 refined_proposal_iou_sum=0 refined_valid_count=0
2026-07-30 01:36:51,779 - portable_sam_fusion - INFO - [DEBUG-COARSE] epoch=8 step=2350 boundary_fn=0 boundary_fp=0 boundary_tp=0 dice=0 iou=0
2026-07-30 01:36:51,779 - portable_sam_fusion - INFO - [DEBUG-CONTEXT] epoch=8 step=2350 enabled=0
2026-07-30 01:36:51,779 - portable_sam_fusion - INFO - [DEBUG-DENSE] epoch=8 step=2350 applied_delta_norm=2.77 applied_delta_ratio=0.1186 base_norm=23.36 canvas_max=8 canvas_mean=-0.003002 canvas_min=-8 canvas_nonzero_ratio=0.005853 canvas_std=0.3866 final_norm=23.46 residual_alpha=0.2578 shape_norm=25.78 source_delta_norm=10.74 source_delta_ratio=0.46
2026-07-30 01:36:51,779 - portable_sam_fusion - INFO - [DEBUG-GATE] epoch=8 step=2350 shape_dense_alpha_max=0.2578 shape_dense_alpha_mean=0.2578 shape_dense_alpha_min=0.2578
2026-07-30 01:36:51,779 - portable_sam_fusion - INFO - [DEBUG-JITTER] epoch=8 step=2350 area_ratio_count=0 area_ratio_mean=0 area_ratio_sum=0 fallback_count=0 mean_iou=0 num_jittered=0 num_rois=0
2026-07-30 01:36:51,779 - portable_sam_fusion - INFO - [DEBUG-SP] epoch=8 step=2350 all_invalid_count=0 all_invalid_ratio=0 empty_count=0 empty_ratio=0 full_count=0 full_ratio=0 mean_point_distance=32.71 n1_gt_valid_count=64 n1_in_gt_bg=0.9219 n1_in_gt_bg_count=59 n1_valid_count=64 n1_valid_ratio=1 n2_gt_valid_count=64 n2_in_gt_bg=1 n2_in_gt_bg_count=64 n2_valid_count=64 n2_valid_ratio=1 neg_in_pred_bg=1 neg_in_pred_bg_count=128 negative_pair_count=64 negative_pair_distance_sum=3264 p1_gt_valid_count=64 p1_in_gt_fg=1 p1_in_gt_fg_count=64 p1_valid_count=64 p1_valid_ratio=1 p2_gt_valid_count=64 p2_in_gt_fg=1 p2_in_gt_fg_count=64 p2_valid_count=64 p2_valid_ratio=1 point_distance_sum=4187 point_overlap_count=0 point_overlap_ratio=0 point_pair_count=128 pos_in_pred_fg=1 pos_in_pred_fg_count=128 positive_pair_count=64 positive_pair_distance_sum=923.4 roi_count=64 valid_neg_count=128 valid_pos_count=128 warmup_stage=2
2026-07-30 01:36:54,468 - portable_sam_fusion - INFO - Epoch 8 detailed losses: loss_rpn_cls=0.0293, loss_rpn_bbox=0.0099, loss_cls=0.2482, acc=90.0021, loss_bbox=0.1199, loss_mask=0.0019, debug_mask_pos_rois=56.6871, debug_mask_logit_mean=-14.6893, debug_mask_logit_std=2.6240, debug_mask_prob_mean=0.0053, debug_mask_prob_ge05=0.0053, debug_mask_target_fill=0.0053, loss_shape_prior=0.0276, loss_p2_boundary_refiner=0.0213, schedule/det_weight=1.0000
2026-07-30 01:36:54,468 - portable_sam_fusion - INFO - Epoch 8 dense residual monitor: alpha=0.257570 source_delta_norm=12.5032 applied_delta_norm=3.2203 source_delta_ratio=0.535314 applied_delta_ratio=0.137875
2026-07-30 01:36:54,468 - portable_sam_fusion - INFO - Epoch 8 P2 boundary refiner: raw_dice=0.8067 refined_dice=0.8062 raw_iou=0.7381 refined_iou=0.7374 raw_boundary_f1=0.8532 refined_boundary_f1=0.8566
2026-07-30 01:36:54,468 - portable_sam_fusion - INFO - Epoch 8 P2 boundary support: valid=81.28% rejected=18.72% coverage=0.3510 delta_abs=0.108146 nonzero=35.10% saturated=5.44% p2_norm=74.8353 highpass_norm=3.8544 support_fg=56.55%
2026-07-30 01:36:54,468 - portable_sam_fusion - INFO - Epoch 8 primary loss shares: det=88.91% final_mask=0.41% shape=6.02% p2_boundary=4.65%
2026-07-30 01:36:54,468 - portable_sam_fusion - INFO - Epoch 8 schedule: det_loss_weight=1.000 early_stop_start=20 min_delta=0.0005
2026-07-30 01:36:54,468 - portable_sam_fusion - INFO - Epoch 8 learning rates: sat_backbone=4.91e-04, mask_decoder=4.91e-04, shape_prior=4.91e-04, p2_boundary_refiner=4.91e-04, quality_head=4.91e-04, sat_other=4.91e-04
2026-07-30 01:40:59,834 - portable_sam_fusion - INFO - Validation samples: GT=15926, DT=23319, avg_masks_per_image=37.19, avg_mask_fill=0.0071
creating index...
index created!
Loading and preparing results...
DONE (t=0.03s)
creating index...
index created!
Running per image evaluation...
Evaluate annotation type *bbox*
DONE (t=11.92s).
Accumulating evaluation results...
DONE (t=0.23s).
 Average Precision  (AP) @[ IoU=0.50:0.95 | area=   all | maxDets=100 ] = 0.643
 Average Precision  (AP) @[ IoU=0.50      | area=   all | maxDets=100 ] = 0.889
 Average Precision  (AP) @[ IoU=0.75      | area=   all | maxDets=100 ] = 0.774
 Average Precision  (AP) @[ IoU=0.50:0.95 | area= small | maxDets=100 ] = 0.246
 Average Precision  (AP) @[ IoU=0.50:0.95 | area=medium | maxDets=100 ] = 0.692
 Average Precision  (AP) @[ IoU=0.50:0.95 | area= large | maxDets=100 ] = 0.710
 Average Recall     (AR) @[ IoU=0.50:0.95 | area=   all | maxDets=  1 ] = 0.025
 Average Recall     (AR) @[ IoU=0.50:0.95 | area=   all | maxDets= 10 ] = 0.181
 Average Recall     (AR) @[ IoU=0.50:0.95 | area=   all | maxDets=100 ] = 0.704
 Average Recall     (AR) @[ IoU=0.50:0.95 | area= small | maxDets=100 ] = 0.393
 Average Recall     (AR) @[ IoU=0.50:0.95 | area=medium | maxDets=100 ] = 0.748
 Average Recall     (AR) @[ IoU=0.50:0.95 | area= large | maxDets=100 ] = 0.779
2026-07-30 01:41:12,230 - portable_sam_fusion - INFO - Validation bbox/mAP: 0.6427 bbox/mAP_75: 0.7741
Running per image evaluation...
Evaluate annotation type *segm*
DONE (t=12.20s).
Accumulating evaluation results...
DONE (t=0.24s).
 Average Precision  (AP) @[ IoU=0.50:0.95 | area=   all | maxDets=100 ] = 0.626
 Average Precision  (AP) @[ IoU=0.50      | area=   all | maxDets=100 ] = 0.883
 Average Precision  (AP) @[ IoU=0.75      | area=   all | maxDets=100 ] = 0.738
 Average Precision  (AP) @[ IoU=0.50:0.95 | area= small | maxDets=100 ] = 0.181
 Average Precision  (AP) @[ IoU=0.50:0.95 | area=medium | maxDets=100 ] = 0.655
 Average Precision  (AP) @[ IoU=0.50:0.95 | area= large | maxDets=100 ] = 0.778
 Average Recall     (AR) @[ IoU=0.50:0.95 | area=   all | maxDets=  1 ] = 0.025
 Average Recall     (AR) @[ IoU=0.50:0.95 | area=   all | maxDets= 10 ] = 0.182
 Average Recall     (AR) @[ IoU=0.50:0.95 | area=   all | maxDets=100 ] = 0.676
 Average Recall     (AR) @[ IoU=0.50:0.95 | area= small | maxDets=100 ] = 0.297
 Average Recall     (AR) @[ IoU=0.50:0.95 | area=medium | maxDets=100 ] = 0.704
 Average Recall     (AR) @[ IoU=0.50:0.95 | area= large | maxDets=100 ] = 0.835
2026-07-30 01:41:24,707 - portable_sam_fusion - INFO - Validation segm/mAP: 0.6265
2026-07-30 01:41:25,238 - portable_sam_fusion - INFO - New best segm/mAP: 0.6265
2026-07-30 01:41:25,238 - portable_sam_fusion - INFO - New best bbox/mAP: 0.6427
2026-07-30 01:41:25,238 - portable_sam_fusion - INFO - New best early-stop metric (segm/mAP): raw=0.6265 smooth(5)=0.6076
2026-07-30 01:41:27,850 - portable_sam_fusion - INFO - Saved best_model with segm/mAP: 0.6265
2026-07-30 01:41:30,629 - portable_sam_fusion - INFO - Saved best_bbox_model with bbox/mAP: 0.6427
2026-07-30 01:41:36,457 - portable_sam_fusion - INFO - Epoch 8/80 | train=0.458020 val=disabled segm/mAP=0.6265 bbox/mAP=0.6427 | best_segm=0.6265 best_bbox=0.6427 best_comp=0.0000 | sat_backbone=4.91e-04 mask_decoder=4.91e-04 shape_prior=4.91e-04 p2_boundary_refiner=4.91e-04 quality_head=4.91e-04 sat_other=4.91e-04
2026-07-30 01:42:33,945 - portable_sam_fusion - INFO - epoch 9 | mini-batch 32/294 | optimizer_step 600/5920 | lr=4.910e-04
2026-07-30 01:43:01,241 - portable_sam_fusion - INFO - [DEBUG-BOX] epoch=9 step=2400 fallback_count=0 fallback_ratio=0 num_rois=64 refined_proposal_iou=0 refined_proposal_iou_sum=0 refined_valid_count=0
2026-07-30 01:43:01,241 - portable_sam_fusion - INFO - [DEBUG-COARSE] epoch=9 step=2400 bce_raw=0.2519 boundary_fn=3615 boundary_fp=6362 boundary_loss_local_sum=19.23 boundary_tp=2.341e+04 dice=0.1331 dice_loss_raw=0.1331 iou=0.7811 loss_support_foreground_sum=3.296e+04 loss_support_pixel_sum=6.572e+04 loss_valid_roi_count=49 loss_weight=0.1 raw_boundary_fn=3615 raw_boundary_fp=6362 raw_boundary_tp=2.341e+04 raw_dice_score=0.8669 raw_iou=0.7811 refined_boundary_fn=3359 refined_boundary_fp=6313 refined_boundary_tp=2.366e+04 refined_dice_score=0.8685 refined_iou=0.7838 weighted_loss=0.03849
2026-07-30 01:43:01,241 - portable_sam_fusion - INFO - [DEBUG-CONTEXT] epoch=9 step=2400 enabled=0
2026-07-30 01:43:01,241 - portable_sam_fusion - INFO - [DEBUG-DENSE] epoch=9 step=2400 applied_delta_norm=4.912 applied_delta_ratio=0.2103 base_norm=23.36 canvas_max=8 canvas_mean=0.01369 canvas_min=-8 canvas_nonzero_ratio=0.01946 canvas_std=0.5976 final_norm=23.74 residual_alpha=0.258 shape_norm=30.6 source_delta_norm=19.04 source_delta_ratio=0.8152
2026-07-30 01:43:01,241 - portable_sam_fusion - INFO - [DEBUG-GATE] epoch=9 step=2400 shape_dense_alpha_max=0.258 shape_dense_alpha_mean=0.258 shape_dense_alpha_min=0.258
2026-07-30 01:43:01,241 - portable_sam_fusion - INFO - [DEBUG-JITTER] epoch=9 step=2400 area_ratio_count=64 area_ratio_mean=1 area_ratio_sum=64 fallback_count=0 mean_iou=1 num_jittered=0 num_rois=64
2026-07-30 01:43:01,241 - portable_sam_fusion - INFO - [DEBUG-SP] epoch=9 step=2400 all_invalid_count=0 all_invalid_ratio=0 empty_count=0 empty_ratio=0 full_count=0 full_ratio=0 mean_point_distance=55.74 n1_gt_valid_count=64 n1_in_gt_bg=0.8906 n1_in_gt_bg_count=57 n1_valid_count=64 n1_valid_ratio=1 n2_gt_valid_count=64 n2_in_gt_bg=1 n2_in_gt_bg_count=64 n2_valid_count=64 n2_valid_ratio=1 neg_in_pred_bg=1 neg_in_pred_bg_count=128 negative_pair_count=64 negative_pair_distance_sum=5533 p1_gt_valid_count=64 p1_in_gt_fg=0.9844 p1_in_gt_fg_count=63 p1_valid_count=64 p1_valid_ratio=1 p2_gt_valid_count=64 p2_in_gt_fg=0.9688 p2_in_gt_fg_count=62 p2_valid_count=64 p2_valid_ratio=1 point_distance_sum=7135 point_overlap_count=0 point_overlap_ratio=0 point_pair_count=128 pos_in_pred_fg=1 pos_in_pred_fg_count=128 positive_pair_count=64 positive_pair_distance_sum=1602 roi_count=64 valid_neg_count=128 valid_pos_count=128 warmup_stage=2
2026-07-30 01:44:32,173 - portable_sam_fusion - INFO - [DEBUG-BOX] epoch=9 step=2450 fallback_count=0 fallback_ratio=0 num_rois=64 refined_proposal_iou=0 refined_proposal_iou_sum=0 refined_valid_count=0
2026-07-30 01:44:32,173 - portable_sam_fusion - INFO - [DEBUG-COARSE] epoch=9 step=2450 bce_raw=0.2081 boundary_fn=3254 boundary_fp=3443 boundary_loss_local_sum=15.56 boundary_tp=2.501e+04 dice=0.1172 dice_loss_raw=0.1172 iou=0.7955 loss_support_foreground_sum=2.856e+04 loss_support_pixel_sum=5.41e+04 loss_valid_roi_count=39 loss_weight=0.1 raw_boundary_fn=3254 raw_boundary_fp=3443 raw_boundary_tp=2.501e+04 raw_dice_score=0.8828 raw_iou=0.7955 refined_boundary_fn=3045 refined_boundary_fp=3469 refined_boundary_tp=2.524e+04 refined_dice_score=0.8839 refined_iou=0.7972 weighted_loss=0.03252
2026-07-30 01:44:32,173 - portable_sam_fusion - INFO - [DEBUG-CONTEXT] epoch=9 step=2450 enabled=0
2026-07-30 01:44:32,173 - portable_sam_fusion - INFO - [DEBUG-DENSE] epoch=9 step=2450 applied_delta_norm=3.411 applied_delta_ratio=0.146 base_norm=23.36 canvas_max=8 canvas_mean=-0.006004 canvas_min=-8 canvas_nonzero_ratio=0.00842 canvas_std=0.4616 final_norm=23.51 residual_alpha=0.2582 shape_norm=26.8 source_delta_norm=13.21 source_delta_ratio=0.5657
2026-07-30 01:44:32,173 - portable_sam_fusion - INFO - [DEBUG-GATE] epoch=9 step=2450 shape_dense_alpha_max=0.2582 shape_dense_alpha_mean=0.2582 shape_dense_alpha_min=0.2582
2026-07-30 01:44:32,173 - portable_sam_fusion - INFO - [DEBUG-JITTER] epoch=9 step=2450 area_ratio_count=64 area_ratio_mean=1 area_ratio_sum=64 fallback_count=0 mean_iou=1 num_jittered=0 num_rois=64
2026-07-30 01:44:32,173 - portable_sam_fusion - INFO - [DEBUG-SP] epoch=9 step=2450 all_invalid_count=0 all_invalid_ratio=0 empty_count=0 empty_ratio=0 full_count=0 full_ratio=0 mean_point_distance=35.46 n1_gt_valid_count=64 n1_in_gt_bg=0.8906 n1_in_gt_bg_count=57 n1_valid_count=64 n1_valid_ratio=1 n2_gt_valid_count=64 n2_in_gt_bg=1 n2_in_gt_bg_count=64 n2_valid_count=64 n2_valid_ratio=1 neg_in_pred_bg=1 neg_in_pred_bg_count=128 negative_pair_count=64 negative_pair_distance_sum=3436 p1_gt_valid_count=64 p1_in_gt_fg=0.9688 p1_in_gt_fg_count=62 p1_valid_count=64 p1_valid_ratio=1 p2_gt_valid_count=64 p2_in_gt_fg=1 p2_in_gt_fg_count=64 p2_valid_count=64 p2_valid_ratio=1 point_distance_sum=4539 point_overlap_count=0 point_overlap_ratio=0 point_pair_count=128 pos_in_pred_fg=1 pos_in_pred_fg_count=128 positive_pair_count=64 positive_pair_distance_sum=1102 roi_count=64 valid_neg_count=128 valid_pos_count=128 warmup_stage=2
2026-07-30 01:45:52,810 - portable_sam_fusion - INFO - [DEBUG-BOX] epoch=9 step=2500 fallback_count=0 fallback_ratio=0 num_rois=0 refined_proposal_iou=0 refined_proposal_iou_sum=0 refined_valid_count=0
2026-07-30 01:45:52,811 - portable_sam_fusion - INFO - [DEBUG-COARSE] epoch=9 step=2500 boundary_fn=0 boundary_fp=0 boundary_tp=0 dice=0 iou=0
2026-07-30 01:45:52,811 - portable_sam_fusion - INFO - [DEBUG-CONTEXT] epoch=9 step=2500 enabled=0
2026-07-30 01:45:52,811 - portable_sam_fusion - INFO - [DEBUG-DENSE] epoch=9 step=2500 applied_delta_norm=2.558 applied_delta_ratio=0.1095 base_norm=23.36 canvas_max=8 canvas_mean=0.003521 canvas_min=-8 canvas_nonzero_ratio=0.004709 canvas_std=0.3413 final_norm=23.45 residual_alpha=0.2584 shape_norm=25.41 source_delta_norm=9.899 source_delta_ratio=0.4238
2026-07-30 01:45:52,811 - portable_sam_fusion - INFO - [DEBUG-GATE] epoch=9 step=2500 shape_dense_alpha_max=0.2584 shape_dense_alpha_mean=0.2584 shape_dense_alpha_min=0.2584
2026-07-30 01:45:52,811 - portable_sam_fusion - INFO - [DEBUG-JITTER] epoch=9 step=2500 area_ratio_count=0 area_ratio_mean=0 area_ratio_sum=0 fallback_count=0 mean_iou=0 num_jittered=0 num_rois=0
2026-07-30 01:45:52,811 - portable_sam_fusion - INFO - [DEBUG-SP] epoch=9 step=2500 all_invalid_count=0 all_invalid_ratio=0 empty_count=0 empty_ratio=0 full_count=0 full_ratio=0 mean_point_distance=25.69 n1_gt_valid_count=64 n1_in_gt_bg=0.8594 n1_in_gt_bg_count=55 n1_valid_count=64 n1_valid_ratio=1 n2_gt_valid_count=64 n2_in_gt_bg=1 n2_in_gt_bg_count=64 n2_valid_count=64 n2_valid_ratio=1 neg_in_pred_bg=1 neg_in_pred_bg_count=128 negative_pair_count=64 negative_pair_distance_sum=2513 p1_gt_valid_count=64 p1_in_gt_fg=1 p1_in_gt_fg_count=64 p1_valid_count=64 p1_valid_ratio=1 p2_gt_valid_count=64 p2_in_gt_fg=1 p2_in_gt_fg_count=64 p2_valid_count=64 p2_valid_ratio=1 point_distance_sum=3288 point_overlap_count=0 point_overlap_ratio=0 point_pair_count=128 pos_in_pred_fg=1 pos_in_pred_fg_count=128 positive_pair_count=64 positive_pair_distance_sum=774.6 roi_count=64 valid_neg_count=128 valid_pos_count=128 warmup_stage=2
2026-07-30 01:46:59,387 - portable_sam_fusion - INFO - [DEBUG-BOX] epoch=9 step=2550 fallback_count=0 fallback_ratio=0 num_rois=0 refined_proposal_iou=0 refined_proposal_iou_sum=0 refined_valid_count=0
2026-07-30 01:46:59,387 - portable_sam_fusion - INFO - [DEBUG-COARSE] epoch=9 step=2550 boundary_fn=0 boundary_fp=0 boundary_tp=0 dice=0 iou=0
2026-07-30 01:46:59,387 - portable_sam_fusion - INFO - [DEBUG-CONTEXT] epoch=9 step=2550 enabled=0
2026-07-30 01:46:59,387 - portable_sam_fusion - INFO - [DEBUG-DENSE] epoch=9 step=2550 applied_delta_norm=2.348 applied_delta_ratio=0.1005 base_norm=23.36 canvas_max=8 canvas_mean=0.008688 canvas_min=-8 canvas_nonzero_ratio=0.003858 canvas_std=0.3036 final_norm=23.43 residual_alpha=0.2585 shape_norm=25.06 source_delta_norm=9.081 source_delta_ratio=0.3888
2026-07-30 01:46:59,387 - portable_sam_fusion - INFO - [DEBUG-GATE] epoch=9 step=2550 shape_dense_alpha_max=0.2585 shape_dense_alpha_mean=0.2585 shape_dense_alpha_min=0.2585
2026-07-30 01:46:59,387 - portable_sam_fusion - INFO - [DEBUG-JITTER] epoch=9 step=2550 area_ratio_count=0 area_ratio_mean=0 area_ratio_sum=0 fallback_count=0 mean_iou=0 num_jittered=0 num_rois=0
2026-07-30 01:46:59,387 - portable_sam_fusion - INFO - [DEBUG-SP] epoch=9 step=2550 all_invalid_count=0 all_invalid_ratio=0 empty_count=0 empty_ratio=0 full_count=0 full_ratio=0 mean_point_distance=21.36 n1_gt_valid_count=64 n1_in_gt_bg=0.8594 n1_in_gt_bg_count=55 n1_valid_count=64 n1_valid_ratio=1 n2_gt_valid_count=64 n2_in_gt_bg=0.9531 n2_in_gt_bg_count=61 n2_valid_count=64 n2_valid_ratio=1 neg_in_pred_bg=1 neg_in_pred_bg_count=128 negative_pair_count=64 negative_pair_distance_sum=2138 p1_gt_valid_count=64 p1_in_gt_fg=1 p1_in_gt_fg_count=64 p1_valid_count=64 p1_valid_ratio=1 p2_gt_valid_count=64 p2_in_gt_fg=1 p2_in_gt_fg_count=64 p2_valid_count=64 p2_valid_ratio=1 point_distance_sum=2735 point_overlap_count=0 point_overlap_ratio=0 point_pair_count=128 pos_in_pred_fg=1 pos_in_pred_fg_count=128 positive_pair_count=64 positive_pair_distance_sum=597 roi_count=64 valid_neg_count=128 valid_pos_count=128 warmup_stage=2
2026-07-30 01:47:41,404 - portable_sam_fusion - INFO - epoch 9 | mini-batch 232/294 | optimizer_step 650/5920 | lr=4.891e-04
2026-07-30 01:48:01,103 - portable_sam_fusion - INFO - [DEBUG-BOX] epoch=9 step=2600 fallback_count=0 fallback_ratio=0 num_rois=64 refined_proposal_iou=0 refined_proposal_iou_sum=0 refined_valid_count=0
2026-07-30 01:48:01,103 - portable_sam_fusion - INFO - [DEBUG-COARSE] epoch=9 step=2600 bce_raw=0.199 boundary_fn=3614 boundary_fp=3063 boundary_loss_local_sum=18.61 boundary_tp=2.403e+04 dice=0.1126 dice_loss_raw=0.1126 iou=0.8018 loss_support_foreground_sum=3.208e+04 loss_support_pixel_sum=6.336e+04 loss_valid_roi_count=47 loss_weight=0.1 raw_boundary_fn=3614 raw_boundary_fp=3063 raw_boundary_tp=2.403e+04 raw_dice_score=0.8874 raw_iou=0.8018 refined_boundary_fn=3570 refined_boundary_fp=3184 refined_boundary_tp=2.406e+04 refined_dice_score=0.8868 refined_iou=0.8009 weighted_loss=0.03116
2026-07-30 01:48:01,104 - portable_sam_fusion - INFO - [DEBUG-CONTEXT] epoch=9 step=2600 enabled=0
2026-07-30 01:48:01,104 - portable_sam_fusion - INFO - [DEBUG-DENSE] epoch=9 step=2600 applied_delta_norm=3.323 applied_delta_ratio=0.1423 base_norm=23.36 canvas_max=8 canvas_mean=0.001121 canvas_min=-8 canvas_nonzero_ratio=0.008726 canvas_std=0.4182 final_norm=23.52 residual_alpha=0.2588 shape_norm=26.84 source_delta_norm=12.84 source_delta_ratio=0.5496
2026-07-30 01:48:01,104 - portable_sam_fusion - INFO - [DEBUG-GATE] epoch=9 step=2600 shape_dense_alpha_max=0.2588 shape_dense_alpha_mean=0.2588 shape_dense_alpha_min=0.2588
2026-07-30 01:48:01,104 - portable_sam_fusion - INFO - [DEBUG-JITTER] epoch=9 step=2600 area_ratio_count=64 area_ratio_mean=1 area_ratio_sum=64 fallback_count=0 mean_iou=1 num_jittered=0 num_rois=64
2026-07-30 01:48:01,104 - portable_sam_fusion - INFO - [DEBUG-SP] epoch=9 step=2600 all_invalid_count=0 all_invalid_ratio=0 empty_count=0 empty_ratio=0 full_count=0 full_ratio=0 mean_point_distance=35.29 n1_gt_valid_count=64 n1_in_gt_bg=0.9062 n1_in_gt_bg_count=58 n1_valid_count=64 n1_valid_ratio=1 n2_gt_valid_count=64 n2_in_gt_bg=1 n2_in_gt_bg_count=64 n2_valid_count=64 n2_valid_ratio=1 neg_in_pred_bg=1 neg_in_pred_bg_count=128 negative_pair_count=64 negative_pair_distance_sum=3394 p1_gt_valid_count=64 p1_in_gt_fg=0.9844 p1_in_gt_fg_count=63 p1_valid_count=64 p1_valid_ratio=1 p2_gt_valid_count=64 p2_in_gt_fg=1 p2_in_gt_fg_count=64 p2_valid_count=64 p2_valid_ratio=1 point_distance_sum=4517 point_overlap_count=0 point_overlap_ratio=0 point_pair_count=128 pos_in_pred_fg=1 pos_in_pred_fg_count=128 positive_pair_count=64 positive_pair_distance_sum=1123 roi_count=64 valid_neg_count=128 valid_pos_count=128 warmup_stage=2
2026-07-30 01:49:03,982 - portable_sam_fusion - INFO - Epoch 9 detailed losses: loss_rpn_cls=0.0232, loss_rpn_bbox=0.0085, loss_cls=0.2364, acc=90.4420, loss_bbox=0.1116, loss_mask=0.0016, debug_mask_pos_rois=54.4082, debug_mask_logit_mean=-13.2529, debug_mask_logit_std=2.4282, debug_mask_prob_mean=0.0048, debug_mask_prob_ge05=0.0048, debug_mask_target_fill=0.0048, loss_shape_prior=0.0259, loss_p2_boundary_refiner=0.0195, schedule/det_weight=1.0000
2026-07-30 01:49:03,983 - portable_sam_fusion - INFO - Epoch 9 dense residual monitor: alpha=0.258500 source_delta_norm=12.5683 applied_delta_norm=3.2489 source_delta_ratio=0.538100 applied_delta_ratio=0.139099
2026-07-30 01:49:03,983 - portable_sam_fusion - INFO - Epoch 9 P2 boundary refiner: raw_dice=0.8096 refined_dice=0.8091 raw_iou=0.7423 refined_iou=0.7415 raw_boundary_f1=0.8594 refined_boundary_f1=0.8625
2026-07-30 01:49:03,983 - portable_sam_fusion - INFO - Epoch 9 P2 boundary support: valid=80.73% rejected=19.27% coverage=0.3494 delta_abs=0.109680 nonzero=34.94% saturated=6.25% p2_norm=74.3830 highpass_norm=3.8777 support_fg=56.83%
2026-07-30 01:49:03,983 - portable_sam_fusion - INFO - Epoch 9 primary loss shares: det=88.98% final_mask=0.38% shape=6.07% p2_boundary=4.57%
2026-07-30 01:49:03,983 - portable_sam_fusion - INFO - Epoch 9 schedule: det_loss_weight=1.000 early_stop_start=20 min_delta=0.0005
2026-07-30 01:49:03,983 - portable_sam_fusion - INFO - Epoch 9 learning rates: sat_backbone=4.88e-04, mask_decoder=4.88e-04, shape_prior=4.88e-04, p2_boundary_refiner=4.88e-04, quality_head=4.88e-04, sat_other=4.88e-04
2026-07-30 01:52:57,470 - portable_sam_fusion - INFO - Validation samples: GT=15926, DT=20711, avg_masks_per_image=33.03, avg_mask_fill=0.0057
creating index...
index created!
Loading and preparing results...
DONE (t=0.03s)
creating index...
index created!
Running per image evaluation...
Evaluate annotation type *bbox*
DONE (t=11.30s).
Accumulating evaluation results...
DONE (t=0.20s).
 Average Precision  (AP) @[ IoU=0.50:0.95 | area=   all | maxDets=100 ] = 0.621
 Average Precision  (AP) @[ IoU=0.50      | area=   all | maxDets=100 ] = 0.887
 Average Precision  (AP) @[ IoU=0.75      | area=   all | maxDets=100 ] = 0.779
 Average Precision  (AP) @[ IoU=0.50:0.95 | area= small | maxDets=100 ] = 0.267
 Average Precision  (AP) @[ IoU=0.50:0.95 | area=medium | maxDets=100 ] = 0.665
 Average Precision  (AP) @[ IoU=0.50:0.95 | area= large | maxDets=100 ] = 0.673
 Average Recall     (AR) @[ IoU=0.50:0.95 | area=   all | maxDets=  1 ] = 0.023
 Average Recall     (AR) @[ IoU=0.50:0.95 | area=   all | maxDets= 10 ] = 0.170
 Average Recall     (AR) @[ IoU=0.50:0.95 | area=   all | maxDets=100 ] = 0.682
 Average Recall     (AR) @[ IoU=0.50:0.95 | area= small | maxDets=100 ] = 0.416
 Average Recall     (AR) @[ IoU=0.50:0.95 | area=medium | maxDets=100 ] = 0.724
 Average Recall     (AR) @[ IoU=0.50:0.95 | area= large | maxDets=100 ] = 0.736
2026-07-30 01:53:09,179 - portable_sam_fusion - INFO - Validation bbox/mAP: 0.6208 bbox/mAP_75: 0.7790
Running per image evaluation...
Evaluate annotation type *segm*
DONE (t=11.48s).
Accumulating evaluation results...
DONE (t=0.21s).
 Average Precision  (AP) @[ IoU=0.50:0.95 | area=   all | maxDets=100 ] = 0.613
 Average Precision  (AP) @[ IoU=0.50      | area=   all | maxDets=100 ] = 0.879
 Average Precision  (AP) @[ IoU=0.75      | area=   all | maxDets=100 ] = 0.717
 Average Precision  (AP) @[ IoU=0.50:0.95 | area= small | maxDets=100 ] = 0.161
 Average Precision  (AP) @[ IoU=0.50:0.95 | area=medium | maxDets=100 ] = 0.647
 Average Precision  (AP) @[ IoU=0.50:0.95 | area= large | maxDets=100 ] = 0.774
 Average Recall     (AR) @[ IoU=0.50:0.95 | area=   all | maxDets=  1 ] = 0.025
 Average Recall     (AR) @[ IoU=0.50:0.95 | area=   all | maxDets= 10 ] = 0.178
 Average Recall     (AR) @[ IoU=0.50:0.95 | area=   all | maxDets=100 ] = 0.661
 Average Recall     (AR) @[ IoU=0.50:0.95 | area= small | maxDets=100 ] = 0.264
 Average Recall     (AR) @[ IoU=0.50:0.95 | area=medium | maxDets=100 ] = 0.690
 Average Recall     (AR) @[ IoU=0.50:0.95 | area= large | maxDets=100 ] = 0.827
2026-07-30 01:53:20,910 - portable_sam_fusion - INFO - Validation segm/mAP: 0.6134
2026-07-30 01:53:21,450 - portable_sam_fusion - INFO - New best early-stop metric (segm/mAP): raw=0.6134 smooth(5)=0.6104
2026-07-30 01:53:26,752 - portable_sam_fusion - INFO - Epoch 9/80 | train=0.426700 val=disabled segm/mAP=0.6134 bbox/mAP=0.6208 | best_segm=0.6265 best_bbox=0.6427 best_comp=0.0000 | sat_backbone=4.88e-04 mask_decoder=4.88e-04 shape_prior=4.88e-04 p2_boundary_refiner=4.88e-04 quality_head=4.88e-04 sat_other=4.88e-04
2026-07-30 01:53:35,453 - portable_sam_fusion - INFO - [DEBUG-BOX] epoch=10 step=2650 fallback_count=0 fallback_ratio=0 num_rois=64 refined_proposal_iou=0 refined_proposal_iou_sum=0 refined_valid_count=0
2026-07-30 01:53:35,453 - portable_sam_fusion - INFO - [DEBUG-COARSE] epoch=10 step=2650 bce_raw=0.1788 boundary_fn=3209 boundary_fp=2948 boundary_loss_local_sum=20.59 boundary_tp=2.33e+04 dice=0.08489 dice_loss_raw=0.08489 iou=0.847 loss_support_foreground_sum=3.927e+04 loss_support_pixel_sum=6.912e+04 loss_valid_roi_count=53 loss_weight=0.1 raw_boundary_fn=3209 raw_boundary_fp=2948 raw_boundary_tp=2.33e+04 raw_dice_score=0.9151 raw_iou=0.847 refined_boundary_fn=3125 refined_boundary_fp=3056 refined_boundary_tp=2.344e+04 refined_dice_score=0.9136 refined_iou=0.8445 weighted_loss=0.02637
2026-07-30 01:53:35,453 - portable_sam_fusion - INFO - [DEBUG-CONTEXT] epoch=10 step=2650 enabled=0
2026-07-30 01:53:35,453 - portable_sam_fusion - INFO - [DEBUG-DENSE] epoch=10 step=2650 applied_delta_norm=3.026 applied_delta_ratio=0.1296 base_norm=23.36 canvas_max=8 canvas_mean=0.004532 canvas_min=-8 canvas_nonzero_ratio=0.006521 canvas_std=0.4199 final_norm=23.49 residual_alpha=0.259 shape_norm=26.18 source_delta_norm=11.68 source_delta_ratio=0.5001
2026-07-30 01:53:35,453 - portable_sam_fusion - INFO - [DEBUG-GATE] epoch=10 step=2650 shape_dense_alpha_max=0.259 shape_dense_alpha_mean=0.259 shape_dense_alpha_min=0.259
2026-07-30 01:53:35,453 - portable_sam_fusion - INFO - [DEBUG-JITTER] epoch=10 step=2650 area_ratio_count=64 area_ratio_mean=1 area_ratio_sum=64 fallback_count=0 mean_iou=1 num_jittered=0 num_rois=64
2026-07-30 01:53:35,453 - portable_sam_fusion - INFO - [DEBUG-SP] epoch=10 step=2650 all_invalid_count=0 all_invalid_ratio=0 empty_count=0 empty_ratio=0 full_count=0 full_ratio=0 mean_point_distance=29.73 n1_gt_valid_count=64 n1_in_gt_bg=0.8906 n1_in_gt_bg_count=57 n1_valid_count=64 n1_valid_ratio=1 n2_gt_valid_count=64 n2_in_gt_bg=1 n2_in_gt_bg_count=64 n2_valid_count=64 n2_valid_ratio=1 neg_in_pred_bg=1 neg_in_pred_bg_count=128 negative_pair_count=64 negative_pair_distance_sum=2733 p1_gt_valid_count=64 p1_in_gt_fg=1 p1_in_gt_fg_count=64 p1_valid_count=64 p1_valid_ratio=1 p2_gt_valid_count=64 p2_in_gt_fg=1 p2_in_gt_fg_count=64 p2_valid_count=64 p2_valid_ratio=1 point_distance_sum=3806 point_overlap_count=0 point_overlap_ratio=0 point_pair_count=128 pos_in_pred_fg=1 pos_in_pred_fg_count=128 positive_pair_count=64 positive_pair_distance_sum=1072 roi_count=64 valid_neg_count=128 valid_pos_count=128 warmup_stage=2
2026-07-30 01:55:07,071 - portable_sam_fusion - INFO - [DEBUG-BOX] epoch=10 step=2700 fallback_count=0 fallback_ratio=0 num_rois=64 refined_proposal_iou=0 refined_proposal_iou_sum=0 refined_valid_count=0
2026-07-30 01:55:07,071 - portable_sam_fusion - INFO - [DEBUG-COARSE] epoch=10 step=2700 bce_raw=0.2404 boundary_fn=4555 boundary_fp=4052 boundary_loss_local_sum=27.37 boundary_tp=2.188e+04 dice=0.09166 dice_loss_raw=0.09166 iou=0.8356 loss_support_foreground_sum=5.123e+04 loss_support_pixel_sum=7.615e+04 loss_valid_roi_count=58 loss_weight=0.1 raw_boundary_fn=4555 raw_boundary_fp=4052 raw_boundary_tp=2.188e+04 raw_dice_score=0.9083 raw_iou=0.8356 refined_boundary_fn=4225 refined_boundary_fp=3951 refined_boundary_tp=2.228e+04 refined_dice_score=0.9083 refined_iou=0.8357 weighted_loss=0.03321
2026-07-30 01:55:07,071 - portable_sam_fusion - INFO - [DEBUG-CONTEXT] epoch=10 step=2700 enabled=0
2026-07-30 01:55:07,071 - portable_sam_fusion - INFO - [DEBUG-DENSE] epoch=10 step=2700 applied_delta_norm=2.526 applied_delta_ratio=0.1081 base_norm=23.36 canvas_max=8 canvas_mean=0.003621 canvas_min=-8 canvas_nonzero_ratio=0.004475 canvas_std=0.3389 final_norm=23.44 residual_alpha=0.2592 shape_norm=25.28 source_delta_norm=9.745 source_delta_ratio=0.4172
2026-07-30 01:55:07,071 - portable_sam_fusion - INFO - [DEBUG-GATE] epoch=10 step=2700 shape_dense_alpha_max=0.2592 shape_dense_alpha_mean=0.2592 shape_dense_alpha_min=0.2592
2026-07-30 01:55:07,071 - portable_sam_fusion - INFO - [DEBUG-JITTER] epoch=10 step=2700 area_ratio_count=64 area_ratio_mean=1 area_ratio_sum=64 fallback_count=0 mean_iou=1 num_jittered=0 num_rois=64
2026-07-30 01:55:07,071 - portable_sam_fusion - INFO - [DEBUG-SP] epoch=10 step=2700 all_invalid_count=0 all_invalid_ratio=0 empty_count=0 empty_ratio=0 full_count=0 full_ratio=0 mean_point_distance=27 n1_gt_valid_count=64 n1_in_gt_bg=0.5156 n1_in_gt_bg_count=33 n1_valid_count=64 n1_valid_ratio=1 n2_gt_valid_count=64 n2_in_gt_bg=1 n2_in_gt_bg_count=64 n2_valid_count=64 n2_valid_ratio=1 neg_in_pred_bg=1 neg_in_pred_bg_count=128 negative_pair_count=64 negative_pair_distance_sum=2704 p1_gt_valid_count=64 p1_in_gt_fg=1 p1_in_gt_fg_count=64 p1_valid_count=64 p1_valid_ratio=1 p2_gt_valid_count=64 p2_in_gt_fg=1 p2_in_gt_fg_count=64 p2_valid_count=64 p2_valid_ratio=1 point_distance_sum=3456 point_overlap_count=0 point_overlap_ratio=0 point_pair_count=128 pos_in_pred_fg=1 pos_in_pred_fg_count=128 positive_pair_count=64 positive_pair_distance_sum=752.5 roi_count=64 valid_neg_count=128 valid_pos_count=128 warmup_stage=2
2026-07-30 01:56:39,354 - portable_sam_fusion - INFO - [DEBUG-BOX] epoch=10 step=2750 fallback_count=0 fallback_ratio=0 num_rois=64 refined_proposal_iou=0 refined_proposal_iou_sum=0 refined_valid_count=0
2026-07-30 01:56:39,355 - portable_sam_fusion - INFO - [DEBUG-COARSE] epoch=10 step=2750 bce_raw=0.1843 boundary_fn=3596 boundary_fp=3191 boundary_loss_local_sum=16.54 boundary_tp=2.415e+04 dice=0.1011 dice_loss_raw=0.1011 iou=0.8203 loss_support_foreground_sum=3.397e+04 loss_support_pixel_sum=6.145e+04 loss_valid_roi_count=45 loss_weight=0.1 raw_boundary_fn=3596 raw_boundary_fp=3191 raw_boundary_tp=2.415e+04 raw_dice_score=0.8989 raw_iou=0.8203 refined_boundary_fn=3437 refined_boundary_fp=3187 refined_boundary_tp=2.431e+04 refined_dice_score=0.8988 refined_iou=0.8203 weighted_loss=0.02854
2026-07-30 01:56:39,355 - portable_sam_fusion - INFO - [DEBUG-CONTEXT] epoch=10 step=2750 enabled=0
2026-07-30 01:56:39,355 - portable_sam_fusion - INFO - [DEBUG-DENSE] epoch=10 step=2750 applied_delta_norm=2.89 applied_delta_ratio=0.1237 base_norm=23.36 canvas_max=8 canvas_mean=-0.00296 canvas_min=-8 canvas_nonzero_ratio=0.006165 canvas_std=0.4065 final_norm=23.47 residual_alpha=0.2594 shape_norm=25.89 source_delta_norm=11.14 source_delta_ratio=0.4769
2026-07-30 01:56:39,355 - portable_sam_fusion - INFO - [DEBUG-GATE] epoch=10 step=2750 shape_dense_alpha_max=0.2594 shape_dense_alpha_mean=0.2594 shape_dense_alpha_min=0.2594
2026-07-30 01:56:39,355 - portable_sam_fusion - INFO - [DEBUG-JITTER] epoch=10 step=2750 area_ratio_count=64 area_ratio_mean=1 area_ratio_sum=64 fallback_count=0 mean_iou=1 num_jittered=0 num_rois=64
2026-07-30 01:56:39,355 - portable_sam_fusion - INFO - [DEBUG-SP] epoch=10 step=2750 all_invalid_count=0 all_invalid_ratio=0 empty_count=0 empty_ratio=0 full_count=0 full_ratio=0 mean_point_distance=26.34 n1_gt_valid_count=64 n1_in_gt_bg=0.9531 n1_in_gt_bg_count=61 n1_valid_count=64 n1_valid_ratio=1 n2_gt_valid_count=64 n2_in_gt_bg=1 n2_in_gt_bg_count=64 n2_valid_count=64 n2_valid_ratio=1 neg_in_pred_bg=1 neg_in_pred_bg_count=128 negative_pair_count=64 negative_pair_distance_sum=2522 p1_gt_valid_count=64 p1_in_gt_fg=1 p1_in_gt_fg_count=64 p1_valid_count=64 p1_valid_ratio=1 p2_gt_valid_count=64 p2_in_gt_fg=1 p2_in_gt_fg_count=64 p2_valid_count=64 p2_valid_ratio=1 point_distance_sum=3372 point_overlap_count=0 point_overlap_ratio=0 point_pair_count=128 pos_in_pred_fg=1 pos_in_pred_fg_count=128 positive_pair_count=64 positive_pair_distance_sum=849.9 roi_count=64 valid_neg_count=128 valid_pos_count=128 warmup_stage=2
2026-07-30 01:57:20,243 - portable_sam_fusion - INFO - epoch 10 | mini-batch 136/294 | optimizer_step 700/5920 | lr=4.870e-04
2026-07-30 01:57:44,826 - portable_sam_fusion - INFO - [DEBUG-BOX] epoch=10 step=2800 fallback_count=0 fallback_ratio=0 num_rois=64 refined_proposal_iou=0 refined_proposal_iou_sum=0 refined_valid_count=0
2026-07-30 01:57:44,827 - portable_sam_fusion - INFO - [DEBUG-COARSE] epoch=10 step=2800 bce_raw=0.1875 boundary_fn=2859 boundary_fp=3464 boundary_loss_local_sum=17.67 boundary_tp=2.381e+04 dice=0.09785 dice_loss_raw=0.09785 iou=0.8255 loss_support_foreground_sum=3.16e+04 loss_support_pixel_sum=5.782e+04 loss_valid_roi_count=44 loss_weight=0.1 raw_boundary_fn=2859 raw_boundary_fp=3464 raw_boundary_tp=2.381e+04 raw_dice_score=0.9021 raw_iou=0.8255 refined_boundary_fn=2754 refined_boundary_fp=3449 refined_boundary_tp=2.395e+04 refined_dice_score=0.9007 refined_iou=0.8233 weighted_loss=0.02853
2026-07-30 01:57:44,827 - portable_sam_fusion - INFO - [DEBUG-CONTEXT] epoch=10 step=2800 enabled=0
2026-07-30 01:57:44,827 - portable_sam_fusion - INFO - [DEBUG-DENSE] epoch=10 step=2800 applied_delta_norm=3.33 applied_delta_ratio=0.1426 base_norm=23.36 canvas_max=8 canvas_mean=-0.003255 canvas_min=-8 canvas_nonzero_ratio=0.01184 canvas_std=0.5646 final_norm=23.6 residual_alpha=0.2596 shape_norm=27.42 source_delta_norm=12.83 source_delta_ratio=0.5491
2026-07-30 01:57:44,827 - portable_sam_fusion - INFO - [DEBUG-GATE] epoch=10 step=2800 shape_dense_alpha_max=0.2596 shape_dense_alpha_mean=0.2596 shape_dense_alpha_min=0.2596
2026-07-30 01:57:44,827 - portable_sam_fusion - INFO - [DEBUG-JITTER] epoch=10 step=2800 area_ratio_count=64 area_ratio_mean=1 area_ratio_sum=64 fallback_count=0 mean_iou=1 num_jittered=0 num_rois=64
2026-07-30 01:57:44,827 - portable_sam_fusion - INFO - [DEBUG-SP] epoch=10 step=2800 all_invalid_count=0 all_invalid_ratio=0 empty_count=0 empty_ratio=0 full_count=0 full_ratio=0 mean_point_distance=33.41 n1_gt_valid_count=64 n1_in_gt_bg=0.8906 n1_in_gt_bg_count=57 n1_valid_count=64 n1_valid_ratio=1 n2_gt_valid_count=64 n2_in_gt_bg=0.9688 n2_in_gt_bg_count=62 n2_valid_count=64 n2_valid_ratio=1 neg_in_pred_bg=1 neg_in_pred_bg_count=128 negative_pair_count=64 negative_pair_distance_sum=3311 p1_gt_valid_count=64 p1_in_gt_fg=1 p1_in_gt_fg_count=64 p1_valid_count=64 p1_valid_ratio=1 p2_gt_valid_count=64 p2_in_gt_fg=1 p2_in_gt_fg_count=64 p2_valid_count=64 p2_valid_ratio=1 point_distance_sum=4277 point_overlap_count=0 point_overlap_ratio=0 point_pair_count=128 pos_in_pred_fg=1 pos_in_pred_fg_count=128 positive_pair_count=64 positive_pair_distance_sum=966.4 roi_count=64 valid_neg_count=128 valid_pos_count=128 warmup_stage=2
2026-07-30 01:58:52,436 - portable_sam_fusion - INFO - [DEBUG-BOX] epoch=10 step=2850 fallback_count=0 fallback_ratio=0 num_rois=64 refined_proposal_iou=0 refined_proposal_iou_sum=0 refined_valid_count=0
2026-07-30 01:58:52,437 - portable_sam_fusion - INFO - [DEBUG-COARSE] epoch=10 step=2850 bce_raw=0.2021 boundary_fn=4762 boundary_fp=3565 boundary_loss_local_sum=25.28 boundary_tp=2.219e+04 dice=0.1271 dice_loss_raw=0.1271 iou=0.7784 loss_support_foreground_sum=3.569e+04 loss_support_pixel_sum=7.094e+04 loss_valid_roi_count=54 loss_weight=0.1 raw_boundary_fn=4762 raw_boundary_fp=3565 raw_boundary_tp=2.219e+04 raw_dice_score=0.8729 raw_iou=0.7784 refined_boundary_fn=4482 refined_boundary_fp=3485 refined_boundary_tp=2.25e+04 refined_dice_score=0.8704 refined_iou=0.7744 weighted_loss=0.03291
2026-07-30 01:58:52,437 - portable_sam_fusion - INFO - [DEBUG-CONTEXT] epoch=10 step=2850 enabled=0
2026-07-30 01:58:52,437 - portable_sam_fusion - INFO - [DEBUG-DENSE] epoch=10 step=2850 applied_delta_norm=2.799 applied_delta_ratio=0.1198 base_norm=23.36 canvas_max=8 canvas_mean=-0.00175 canvas_min=-8 canvas_nonzero_ratio=0.005856 canvas_std=0.3603 final_norm=23.47 residual_alpha=0.2597 shape_norm=25.78 source_delta_norm=10.78 source_delta_ratio=0.4614
2026-07-30 01:58:52,437 - portable_sam_fusion - INFO - [DEBUG-GATE] epoch=10 step=2850 shape_dense_alpha_max=0.2597 shape_dense_alpha_mean=0.2597 shape_dense_alpha_min=0.2597
2026-07-30 01:58:52,437 - portable_sam_fusion - INFO - [DEBUG-JITTER] epoch=10 step=2850 area_ratio_count=64 area_ratio_mean=1 area_ratio_sum=64 fallback_count=0 mean_iou=1 num_jittered=0 num_rois=64
2026-07-30 01:58:52,437 - portable_sam_fusion - INFO - [DEBUG-SP] epoch=10 step=2850 all_invalid_count=0 all_invalid_ratio=0 empty_count=0 empty_ratio=0 full_count=0 full_ratio=0 mean_point_distance=24.71 n1_gt_valid_count=64 n1_in_gt_bg=0.9219 n1_in_gt_bg_count=59 n1_valid_count=64 n1_valid_ratio=1 n2_gt_valid_count=64 n2_in_gt_bg=1 n2_in_gt_bg_count=64 n2_valid_count=64 n2_valid_ratio=1 neg_in_pred_bg=1 neg_in_pred_bg_count=128 negative_pair_count=64 negative_pair_distance_sum=2332 p1_gt_valid_count=64 p1_in_gt_fg=1 p1_in_gt_fg_count=64 p1_valid_count=64 p1_valid_ratio=1 p2_gt_valid_count=64 p2_in_gt_fg=1 p2_in_gt_fg_count=64 p2_valid_count=64 p2_valid_ratio=1 point_distance_sum=3163 point_overlap_count=0 point_overlap_ratio=0 point_pair_count=128 pos_in_pred_fg=1 pos_in_pred_fg_count=128 positive_pair_count=64 positive_pair_distance_sum=830.9 roi_count=64 valid_neg_count=128 valid_pos_count=128 warmup_stage=2
2026-07-30 02:00:01,145 - portable_sam_fusion - INFO - [DEBUG-BOX] epoch=10 step=2900 fallback_count=0 fallback_ratio=0 num_rois=64 refined_proposal_iou=0 refined_proposal_iou_sum=0 refined_valid_count=0
2026-07-30 02:00:01,146 - portable_sam_fusion - INFO - [DEBUG-COARSE] epoch=10 step=2900 bce_raw=0.2235 boundary_fn=3784 boundary_fp=4180 boundary_loss_local_sum=24.8 boundary_tp=2.257e+04 dice=0.09132 dice_loss_raw=0.09132 iou=0.8364 loss_support_foreground_sum=3.559e+04 loss_support_pixel_sum=6.568e+04 loss_valid_roi_count=50 loss_weight=0.1 raw_boundary_fn=3784 raw_boundary_fp=4180 raw_boundary_tp=2.257e+04 raw_dice_score=0.9087 raw_iou=0.8364 refined_boundary_fn=3659 refined_boundary_fp=4207 refined_boundary_tp=2.275e+04 refined_dice_score=0.9089 refined_iou=0.8366 weighted_loss=0.03148
2026-07-30 02:00:01,146 - portable_sam_fusion - INFO - [DEBUG-CONTEXT] epoch=10 step=2900 enabled=0
2026-07-30 02:00:01,146 - portable_sam_fusion - INFO - [DEBUG-DENSE] epoch=10 step=2900 applied_delta_norm=3.42 applied_delta_ratio=0.1464 base_norm=23.36 canvas_max=7.934 canvas_mean=0.005131 canvas_min=-8 canvas_nonzero_ratio=0.007941 canvas_std=0.4365 final_norm=23.52 residual_alpha=0.2599 shape_norm=26.79 source_delta_norm=13.16 source_delta_ratio=0.5634
2026-07-30 02:00:01,146 - portable_sam_fusion - INFO - [DEBUG-GATE] epoch=10 step=2900 shape_dense_alpha_max=0.2599 shape_dense_alpha_mean=0.2599 shape_dense_alpha_min=0.2599
2026-07-30 02:00:01,146 - portable_sam_fusion - INFO - [DEBUG-JITTER] epoch=10 step=2900 area_ratio_count=64 area_ratio_mean=1 area_ratio_sum=64 fallback_count=0 mean_iou=1 num_jittered=0 num_rois=64
2026-07-30 02:00:01,146 - portable_sam_fusion - INFO - [DEBUG-SP] epoch=10 step=2900 all_invalid_count=0 all_invalid_ratio=0 empty_count=0 empty_ratio=0 full_count=0 full_ratio=0 mean_point_distance=34.46 n1_gt_valid_count=64 n1_in_gt_bg=0.8438 n1_in_gt_bg_count=54 n1_valid_count=64 n1_valid_ratio=1 n2_gt_valid_count=64 n2_in_gt_bg=0.9844 n2_in_gt_bg_count=63 n2_valid_count=64 n2_valid_ratio=1 neg_in_pred_bg=1 neg_in_pred_bg_count=128 negative_pair_count=64 negative_pair_distance_sum=3074 p1_gt_valid_count=64 p1_in_gt_fg=1 p1_in_gt_fg_count=64 p1_valid_count=64 p1_valid_ratio=1 p2_gt_valid_count=64 p2_in_gt_fg=1 p2_in_gt_fg_count=64 p2_valid_count=64 p2_valid_ratio=1 point_distance_sum=4411 point_overlap_count=0 point_overlap_ratio=0 point_pair_count=128 pos_in_pred_fg=1 pos_in_pred_fg_count=128 positive_pair_count=64 positive_pair_distance_sum=1337 roi_count=64 valid_neg_count=128 valid_pos_count=128 warmup_stage=2
2026-07-30 02:00:57,109 - portable_sam_fusion - INFO - Epoch 10 detailed losses: loss_rpn_cls=0.0229, loss_rpn_bbox=0.0091, loss_cls=0.2306, acc=90.6714, loss_bbox=0.1026, loss_mask=0.0017, debug_mask_pos_rois=54.3367, debug_mask_logit_mean=-14.1496, debug_mask_logit_std=2.6955, debug_mask_prob_mean=0.0049, debug_mask_prob_ge05=0.0048, debug_mask_target_fill=0.0049, loss_shape_prior=0.0253, loss_p2_boundary_refiner=0.0192, schedule/det_weight=1.0000
2026-07-30 02:00:57,109 - portable_sam_fusion - INFO - Epoch 10 dense residual monitor: alpha=0.259423 source_delta_norm=12.5352 applied_delta_norm=3.2519 source_delta_ratio=0.536683 applied_delta_ratio=0.139229
2026-07-30 02:00:57,109 - portable_sam_fusion - INFO - Epoch 10 P2 boundary refiner: raw_dice=0.8125 refined_dice=0.8119 raw_iou=0.7468 refined_iou=0.7458 raw_boundary_f1=0.8666 refined_boundary_f1=0.8690
2026-07-30 02:00:57,109 - portable_sam_fusion - INFO - Epoch 10 P2 boundary support: valid=81.31% rejected=18.69% coverage=0.3520 delta_abs=0.110508 nonzero=35.20% saturated=6.32% p2_norm=68.6224 highpass_norm=3.7868 support_fg=56.85%
2026-07-30 02:00:57,109 - portable_sam_fusion - INFO - Epoch 10 primary loss shares: det=88.76% final_mask=0.41% shape=6.15% p2_boundary=4.67%
2026-07-30 02:00:57,110 - portable_sam_fusion - INFO - Epoch 10 schedule: det_loss_weight=1.000 early_stop_start=20 min_delta=0.0005
2026-07-30 02:00:57,110 - portable_sam_fusion - INFO - Epoch 10 learning rates: sat_backbone=4.85e-04, mask_decoder=4.85e-04, shape_prior=4.85e-04, p2_boundary_refiner=4.85e-04, quality_head=4.85e-04, sat_other=4.85e-04
2026-07-30 02:05:26,327 - portable_sam_fusion - INFO - Validation samples: GT=15926, DT=23759, avg_masks_per_image=37.89, avg_mask_fill=0.0059
creating index...
index created!
Loading and preparing results...
DONE (t=0.03s)
creating index...
index created!
Running per image evaluation...
Evaluate annotation type *bbox*
DONE (t=11.99s).
Accumulating evaluation results...
DONE (t=0.22s).
 Average Precision  (AP) @[ IoU=0.50:0.95 | area=   all | maxDets=100 ] = 0.638
 Average Precision  (AP) @[ IoU=0.50      | area=   all | maxDets=100 ] = 0.889
 Average Precision  (AP) @[ IoU=0.75      | area=   all | maxDets=100 ] = 0.775
 Average Precision  (AP) @[ IoU=0.50:0.95 | area= small | maxDets=100 ] = 0.232
 Average Precision  (AP) @[ IoU=0.50:0.95 | area=medium | maxDets=100 ] = 0.680
 Average Precision  (AP) @[ IoU=0.50:0.95 | area= large | maxDets=100 ] = 0.715
 Average Recall     (AR) @[ IoU=0.50:0.95 | area=   all | maxDets=  1 ] = 0.024
 Average Recall     (AR) @[ IoU=0.50:0.95 | area=   all | maxDets= 10 ] = 0.177
 Average Recall     (AR) @[ IoU=0.50:0.95 | area=   all | maxDets=100 ] = 0.704
 Average Recall     (AR) @[ IoU=0.50:0.95 | area= small | maxDets=100 ] = 0.415
 Average Recall     (AR) @[ IoU=0.50:0.95 | area=medium | maxDets=100 ] = 0.747
 Average Recall     (AR) @[ IoU=0.50:0.95 | area= large | maxDets=100 ] = 0.768
2026-07-30 02:05:38,778 - portable_sam_fusion - INFO - Validation bbox/mAP: 0.6385 bbox/mAP_75: 0.7749
Running per image evaluation...
Evaluate annotation type *segm*
DONE (t=12.36s).
Accumulating evaluation results...
DONE (t=0.23s).
 Average Precision  (AP) @[ IoU=0.50:0.95 | area=   all | maxDets=100 ] = 0.615
 Average Precision  (AP) @[ IoU=0.50      | area=   all | maxDets=100 ] = 0.882
 Average Precision  (AP) @[ IoU=0.75      | area=   all | maxDets=100 ] = 0.727
 Average Precision  (AP) @[ IoU=0.50:0.95 | area= small | maxDets=100 ] = 0.159
 Average Precision  (AP) @[ IoU=0.50:0.95 | area=medium | maxDets=100 ] = 0.642
 Average Precision  (AP) @[ IoU=0.50:0.95 | area= large | maxDets=100 ] = 0.776
 Average Recall     (AR) @[ IoU=0.50:0.95 | area=   all | maxDets=  1 ] = 0.025
 Average Recall     (AR) @[ IoU=0.50:0.95 | area=   all | maxDets= 10 ] = 0.178
 Average Recall     (AR) @[ IoU=0.50:0.95 | area=   all | maxDets=100 ] = 0.668
 Average Recall     (AR) @[ IoU=0.50:0.95 | area= small | maxDets=100 ] = 0.300
 Average Recall     (AR) @[ IoU=0.50:0.95 | area=medium | maxDets=100 ] = 0.696
 Average Recall     (AR) @[ IoU=0.50:0.95 | area= large | maxDets=100 ] = 0.821
2026-07-30 02:05:51,399 - portable_sam_fusion - INFO - Validation segm/mAP: 0.6150
2026-07-30 02:05:52,019 - portable_sam_fusion - INFO - New best early-stop metric (segm/mAP): raw=0.6150 smooth(5)=0.6151
2026-07-30 02:05:57,563 - portable_sam_fusion - INFO - Epoch 10/80 | train=0.411464 val=disabled segm/mAP=0.6150 bbox/mAP=0.6385 | best_segm=0.6265 best_bbox=0.6427 best_comp=0.0000 | sat_backbone=4.85e-04 mask_decoder=4.85e-04 shape_prior=4.85e-04 p2_boundary_refiner=4.85e-04 quality_head=4.85e-04 sat_other=4.85e-04
2026-07-30 02:06:18,548 - portable_sam_fusion - INFO - [DEBUG-BOX] epoch=11 step=2950 fallback_count=0 fallback_ratio=0 num_rois=64 refined_proposal_iou=0 refined_proposal_iou_sum=0 refined_valid_count=0
2026-07-30 02:06:18,549 - portable_sam_fusion - INFO - [DEBUG-COARSE] epoch=11 step=2950 bce_raw=0.1852 boundary_fn=3539 boundary_fp=3820 boundary_loss_local_sum=22.42 boundary_tp=2.311e+04 dice=0.08913 dice_loss_raw=0.08913 iou=0.8395 loss_support_foreground_sum=3.688e+04 loss_support_pixel_sum=7.088e+04 loss_valid_roi_count=53 loss_weight=0.1 raw_boundary_fn=3539 raw_boundary_fp=3820 raw_boundary_tp=2.311e+04 raw_dice_score=0.9109 raw_iou=0.8395 refined_boundary_fn=3344 refined_boundary_fp=3821 refined_boundary_tp=2.331e+04 refined_dice_score=0.9089 refined_iou=0.8361 weighted_loss=0.02743
2026-07-30 02:06:18,549 - portable_sam_fusion - INFO - [DEBUG-CONTEXT] epoch=11 step=2950 enabled=0
2026-07-30 02:06:18,549 - portable_sam_fusion - INFO - [DEBUG-DENSE] epoch=11 step=2950 applied_delta_norm=2.347 applied_delta_ratio=0.1005 base_norm=23.36 canvas_max=8 canvas_mean=0.006236 canvas_min=-8 canvas_nonzero_ratio=0.003793 canvas_std=0.3111 final_norm=23.43 residual_alpha=0.2601 shape_norm=25.04 source_delta_norm=9.022 source_delta_ratio=0.3863
2026-07-30 02:06:18,549 - portable_sam_fusion - INFO - [DEBUG-GATE] epoch=11 step=2950 shape_dense_alpha_max=0.2601 shape_dense_alpha_mean=0.2601 shape_dense_alpha_min=0.2601
2026-07-30 02:06:18,549 - portable_sam_fusion - INFO - [DEBUG-JITTER] epoch=11 step=2950 area_ratio_count=64 area_ratio_mean=1 area_ratio_sum=64 fallback_count=0 mean_iou=1 num_jittered=0 num_rois=64
2026-07-30 02:06:18,549 - portable_sam_fusion - INFO - [DEBUG-SP] epoch=11 step=2950 all_invalid_count=0 all_invalid_ratio=0 empty_count=0 empty_ratio=0 full_count=0 full_ratio=0 mean_point_distance=24.35 n1_gt_valid_count=64 n1_in_gt_bg=0.9219 n1_in_gt_bg_count=59 n1_valid_count=64 n1_valid_ratio=1 n2_gt_valid_count=64 n2_in_gt_bg=1 n2_in_gt_bg_count=64 n2_valid_count=64 n2_valid_ratio=1 neg_in_pred_bg=1 neg_in_pred_bg_count=128 negative_pair_count=64 negative_pair_distance_sum=2421 p1_gt_valid_count=64 p1_in_gt_fg=1 p1_in_gt_fg_count=64 p1_valid_count=64 p1_valid_ratio=1 p2_gt_valid_count=64 p2_in_gt_fg=1 p2_in_gt_fg_count=64 p2_valid_count=64 p2_valid_ratio=1 point_distance_sum=3117 point_overlap_count=0 point_overlap_ratio=0 point_pair_count=128 pos_in_pred_fg=1 pos_in_pred_fg_count=128 positive_pair_count=64 positive_pair_distance_sum=695.9 roi_count=64 valid_neg_count=128 valid_pos_count=128 warmup_stage=2
2026-07-30 02:07:02,713 - portable_sam_fusion - INFO - epoch 11 | mini-batch 40/294 | optimizer_step 750/5920 | lr=4.848e-04
2026-07-30 02:07:29,162 - portable_sam_fusion - INFO - [DEBUG-BOX] epoch=11 step=3000 fallback_count=0 fallback_ratio=0 num_rois=64 refined_proposal_iou=0 refined_proposal_iou_sum=0 refined_valid_count=0
2026-07-30 02:07:29,162 - portable_sam_fusion - INFO - [DEBUG-COARSE] epoch=11 step=3000 bce_raw=0.1486 boundary_fn=1939 boundary_fp=2086 boundary_loss_local_sum=17.94 boundary_tp=2.484e+04 dice=0.07083 dice_loss_raw=0.07083 iou=0.8701 loss_support_foreground_sum=4.106e+04 loss_support_pixel_sum=7.018e+04 loss_valid_roi_count=53 loss_weight=0.1 raw_boundary_fn=1939 raw_boundary_fp=2086 raw_boundary_tp=2.484e+04 raw_dice_score=0.9292 raw_iou=0.8701 refined_boundary_fn=1767 refined_boundary_fp=2115 refined_boundary_tp=2.505e+04 refined_dice_score=0.9293 refined_iou=0.8705 weighted_loss=0.02195
2026-07-30 02:07:29,162 - portable_sam_fusion - INFO - [DEBUG-CONTEXT] epoch=11 step=3000 enabled=0
2026-07-30 02:07:29,162 - portable_sam_fusion - INFO - [DEBUG-DENSE] epoch=11 step=3000 applied_delta_norm=3.845 applied_delta_ratio=0.1646 base_norm=23.36 canvas_max=8 canvas_mean=0.005056 canvas_min=-8 canvas_nonzero_ratio=0.009151 canvas_std=0.4837 final_norm=23.55 residual_alpha=0.2602 shape_norm=27.39 source_delta_norm=14.78 source_delta_ratio=0.6326
2026-07-30 02:07:29,162 - portable_sam_fusion - INFO - [DEBUG-GATE] epoch=11 step=3000 shape_dense_alpha_max=0.2602 shape_dense_alpha_mean=0.2602 shape_dense_alpha_min=0.2602
2026-07-30 02:07:29,162 - portable_sam_fusion - INFO - [DEBUG-JITTER] epoch=11 step=3000 area_ratio_count=64 area_ratio_mean=1 area_ratio_sum=64 fallback_count=0 mean_iou=1 num_jittered=0 num_rois=64
2026-07-30 02:07:29,162 - portable_sam_fusion - INFO - [DEBUG-SP] epoch=11 step=3000 all_invalid_count=0 all_invalid_ratio=0 empty_count=0 empty_ratio=0 full_count=0 full_ratio=0 mean_point_distance=40.02 n1_gt_valid_count=64 n1_in_gt_bg=0.8438 n1_in_gt_bg_count=54 n1_valid_count=64 n1_valid_ratio=1 n2_gt_valid_count=64 n2_in_gt_bg=0.9844 n2_in_gt_bg_count=63 n2_valid_count=64 n2_valid_ratio=1 neg_in_pred_bg=1 neg_in_pred_bg_count=128 negative_pair_count=64 negative_pair_distance_sum=4014 p1_gt_valid_count=64 p1_in_gt_fg=1 p1_in_gt_fg_count=64 p1_valid_count=64 p1_valid_ratio=1 p2_gt_valid_count=64 p2_in_gt_fg=1 p2_in_gt_fg_count=64 p2_valid_count=64 p2_valid_ratio=1 point_distance_sum=5122 point_overlap_count=0 point_overlap_ratio=0 point_pair_count=128 pos_in_pred_fg=1 pos_in_pred_fg_count=128 positive_pair_count=64 positive_pair_distance_sum=1108 roi_count=64 valid_neg_count=128 valid_pos_count=128 warmup_stage=2
2026-07-30 02:08:38,468 - portable_sam_fusion - INFO - [DEBUG-BOX] epoch=11 step=3050 fallback_count=0 fallback_ratio=0 num_rois=64 refined_proposal_iou=0 refined_proposal_iou_sum=0 refined_valid_count=0
2026-07-30 02:08:38,468 - portable_sam_fusion - INFO - [DEBUG-COARSE] epoch=11 step=3050 bce_raw=0.138 boundary_fn=2068 boundary_fp=1840 boundary_loss_local_sum=20.75 boundary_tp=2.359e+04 dice=0.06732 dice_loss_raw=0.06732 iou=0.875 loss_support_foreground_sum=4.318e+04 loss_support_pixel_sum=7.39e+04 loss_valid_roi_count=58 loss_weight=0.1 raw_boundary_fn=2068 raw_boundary_fp=1840 raw_boundary_tp=2.359e+04 raw_dice_score=0.9327 raw_iou=0.875 refined_boundary_fn=1974 refined_boundary_fp=1890 refined_boundary_tp=2.375e+04 refined_dice_score=0.9331 refined_iou=0.8758 weighted_loss=0.02053
2026-07-30 02:08:38,468 - portable_sam_fusion - INFO - [DEBUG-CONTEXT] epoch=11 step=3050 enabled=0
2026-07-30 02:08:38,468 - portable_sam_fusion - INFO - [DEBUG-DENSE] epoch=11 step=3050 applied_delta_norm=3.534 applied_delta_ratio=0.1513 base_norm=23.36 canvas_max=8 canvas_mean=0.006599 canvas_min=-8 canvas_nonzero_ratio=0.008304 canvas_std=0.4847 final_norm=23.53 residual_alpha=0.2605 shape_norm=26.97 source_delta_norm=13.57 source_delta_ratio=0.5809
2026-07-30 02:08:38,468 - portable_sam_fusion - INFO - [DEBUG-GATE] epoch=11 step=3050 shape_dense_alpha_max=0.2605 shape_dense_alpha_mean=0.2605 shape_dense_alpha_min=0.2605
2026-07-30 02:08:38,468 - portable_sam_fusion - INFO - [DEBUG-JITTER] epoch=11 step=3050 area_ratio_count=64 area_ratio_mean=1 area_ratio_sum=64 fallback_count=0 mean_iou=1 num_jittered=0 num_rois=64
2026-07-30 02:08:38,468 - portable_sam_fusion - INFO - [DEBUG-SP] epoch=11 step=3050 all_invalid_count=0 all_invalid_ratio=0 empty_count=0 empty_ratio=0 full_count=0 full_ratio=0 mean_point_distance=39.81 n1_gt_valid_count=64 n1_in_gt_bg=0.7188 n1_in_gt_bg_count=46 n1_valid_count=64 n1_valid_ratio=1 n2_gt_valid_count=64 n2_in_gt_bg=1 n2_in_gt_bg_count=64 n2_valid_count=64 n2_valid_ratio=1 neg_in_pred_bg=1 neg_in_pred_bg_count=128 negative_pair_count=64 negative_pair_distance_sum=3478 p1_gt_valid_count=64 p1_in_gt_fg=1 p1_in_gt_fg_count=64 p1_valid_count=64 p1_valid_ratio=1 p2_gt_valid_count=64 p2_in_gt_fg=1 p2_in_gt_fg_count=64 p2_valid_count=64 p2_valid_ratio=1 point_distance_sum=5096 point_overlap_count=0 point_overlap_ratio=0 point_pair_count=128 pos_in_pred_fg=1 pos_in_pred_fg_count=128 positive_pair_count=64 positive_pair_distance_sum=1618 roi_count=64 valid_neg_count=128 valid_pos_count=128 warmup_stage=2
2026-07-30 02:09:42,835 - portable_sam_fusion - INFO - [DEBUG-BOX] epoch=11 step=3100 fallback_count=0 fallback_ratio=0 num_rois=64 refined_proposal_iou=0 refined_proposal_iou_sum=0 refined_valid_count=0
2026-07-30 02:09:42,835 - portable_sam_fusion - INFO - [DEBUG-COARSE] epoch=11 step=3100 bce_raw=0.1687 boundary_fn=2466 boundary_fp=3026 boundary_loss_local_sum=18.36 boundary_tp=2.438e+04 dice=0.1002 dice_loss_raw=0.1002 iou=0.8244 loss_support_foreground_sum=3.684e+04 loss_support_pixel_sum=7.01e+04 loss_valid_roi_count=52 loss_weight=0.1 raw_boundary_fn=2466 raw_boundary_fp=3026 raw_boundary_tp=2.438e+04 raw_dice_score=0.8998 raw_iou=0.8244 refined_boundary_fn=2426 refined_boundary_fp=3042 refined_boundary_tp=2.445e+04 refined_dice_score=0.8994 refined_iou=0.8239 weighted_loss=0.02689
2026-07-30 02:09:42,835 - portable_sam_fusion - INFO - [DEBUG-CONTEXT] epoch=11 step=3100 enabled=0
2026-07-30 02:09:42,835 - portable_sam_fusion - INFO - [DEBUG-DENSE] epoch=11 step=3100 applied_delta_norm=3.404 applied_delta_ratio=0.1457 base_norm=23.36 canvas_max=8 canvas_mean=-0.005964 canvas_min=-8 canvas_nonzero_ratio=0.008481 canvas_std=0.4812 final_norm=23.52 residual_alpha=0.2608 shape_norm=26.79 source_delta_norm=13.05 source_delta_ratio=0.5589
2026-07-30 02:09:42,835 - portable_sam_fusion - INFO - [DEBUG-GATE] epoch=11 step=3100 shape_dense_alpha_max=0.2608 shape_dense_alpha_mean=0.2608 shape_dense_alpha_min=0.2608
2026-07-30 02:09:42,836 - portable_sam_fusion - INFO - [DEBUG-JITTER] epoch=11 step=3100 area_ratio_count=64 area_ratio_mean=1 area_ratio_sum=64 fallback_count=0 mean_iou=1 num_jittered=0 num_rois=64
2026-07-30 02:09:42,836 - portable_sam_fusion - INFO - [DEBUG-SP] epoch=11 step=3100 all_invalid_count=0 all_invalid_ratio=0 empty_count=0 empty_ratio=0 full_count=0 full_ratio=0 mean_point_distance=37.37 n1_gt_valid_count=64 n1_in_gt_bg=0.9219 n1_in_gt_bg_count=59 n1_valid_count=64 n1_valid_ratio=1 n2_gt_valid_count=64 n2_in_gt_bg=1 n2_in_gt_bg_count=64 n2_valid_count=64 n2_valid_ratio=1 neg_in_pred_bg=1 neg_in_pred_bg_count=128 negative_pair_count=64 negative_pair_distance_sum=3588 p1_gt_valid_count=64 p1_in_gt_fg=1 p1_in_gt_fg_count=64 p1_valid_count=64 p1_valid_ratio=1 p2_gt_valid_count=64 p2_in_gt_fg=1 p2_in_gt_fg_count=64 p2_valid_count=64 p2_valid_ratio=1 point_distance_sum=4783 point_overlap_count=0 point_overlap_ratio=0 point_pair_count=128 pos_in_pred_fg=1 pos_in_pred_fg_count=128 positive_pair_count=64 positive_pair_distance_sum=1196 roi_count=64 valid_neg_count=128 valid_pos_count=128 warmup_stage=2
2026-07-30 02:10:53,275 - portable_sam_fusion - INFO - [DEBUG-BOX] epoch=11 step=3150 fallback_count=0 fallback_ratio=0 num_rois=64 refined_proposal_iou=0 refined_proposal_iou_sum=0 refined_valid_count=0
2026-07-30 02:10:53,275 - portable_sam_fusion - INFO - [DEBUG-COARSE] epoch=11 step=3150 bce_raw=0.1333 boundary_fn=2163 boundary_fp=1923 boundary_loss_local_sum=22.31 boundary_tp=2.24e+04 dice=0.06506 dice_loss_raw=0.06506 iou=0.8798 loss_support_foreground_sum=4.347e+04 loss_support_pixel_sum=7.858e+04 loss_valid_roi_count=63 loss_weight=0.1 raw_boundary_fn=2163 raw_boundary_fp=1923 raw_boundary_tp=2.24e+04 raw_dice_score=0.9349 raw_iou=0.8798 refined_boundary_fn=1954 refined_boundary_fp=1762 refined_boundary_tp=2.255e+04 refined_dice_score=0.937 refined_iou=0.8833 weighted_loss=0.01983
2026-07-30 02:10:53,275 - portable_sam_fusion - INFO - [DEBUG-CONTEXT] epoch=11 step=3150 enabled=0
2026-07-30 02:10:53,275 - portable_sam_fusion - INFO - [DEBUG-DENSE] epoch=11 step=3150 applied_delta_norm=4.343 applied_delta_ratio=0.1859 base_norm=23.36 canvas_max=8 canvas_mean=-0.0007462 canvas_min=-8 canvas_nonzero_ratio=0.01272 canvas_std=0.6138 final_norm=23.63 residual_alpha=0.261 shape_norm=28.6 source_delta_norm=16.64 source_delta_ratio=0.7125
2026-07-30 02:10:53,275 - portable_sam_fusion - INFO - [DEBUG-GATE] epoch=11 step=3150 shape_dense_alpha_max=0.261 shape_dense_alpha_mean=0.261 shape_dense_alpha_min=0.261
2026-07-30 02:10:53,275 - portable_sam_fusion - INFO - [DEBUG-JITTER] epoch=11 step=3150 area_ratio_count=64 area_ratio_mean=1 area_ratio_sum=64 fallback_count=0 mean_iou=1 num_jittered=0 num_rois=64
2026-07-30 02:10:53,275 - portable_sam_fusion - INFO - [DEBUG-SP] epoch=11 step=3150 all_invalid_count=0 all_invalid_ratio=0 empty_count=0 empty_ratio=0 full_count=0 full_ratio=0 mean_point_distance=45.42 n1_gt_valid_count=64 n1_in_gt_bg=0.8438 n1_in_gt_bg_count=54 n1_valid_count=64 n1_valid_ratio=1 n2_gt_valid_count=64 n2_in_gt_bg=1 n2_in_gt_bg_count=64 n2_valid_count=64 n2_valid_ratio=1 neg_in_pred_bg=1 neg_in_pred_bg_count=128 negative_pair_count=64 negative_pair_distance_sum=4215 p1_gt_valid_count=64 p1_in_gt_fg=1 p1_in_gt_fg_count=64 p1_valid_count=64 p1_valid_ratio=1 p2_gt_valid_count=64 p2_in_gt_fg=1 p2_in_gt_fg_count=64 p2_valid_count=64 p2_valid_ratio=1 point_distance_sum=5813 point_overlap_count=0 point_overlap_ratio=0 point_pair_count=128 pos_in_pred_fg=1 pos_in_pred_fg_count=128 positive_pair_count=64 positive_pair_distance_sum=1598 roi_count=64 valid_neg_count=128 valid_pos_count=128 warmup_stage=2
2026-07-30 02:11:42,526 - portable_sam_fusion - INFO - epoch 11 | mini-batch 240/294 | optimizer_step 800/5920 | lr=4.824e-04
2026-07-30 02:12:17,644 - portable_sam_fusion - INFO - [DEBUG-BOX] epoch=11 step=3200 fallback_count=0 fallback_ratio=0 num_rois=0 refined_proposal_iou=0 refined_proposal_iou_sum=0 refined_valid_count=0
2026-07-30 02:12:17,645 - portable_sam_fusion - INFO - [DEBUG-COARSE] epoch=11 step=3200 boundary_fn=0 boundary_fp=0 boundary_tp=0 dice=0 iou=0
2026-07-30 02:12:17,645 - portable_sam_fusion - INFO - [DEBUG-CONTEXT] epoch=11 step=3200 enabled=0
2026-07-30 02:12:17,645 - portable_sam_fusion - INFO - [DEBUG-DENSE] epoch=11 step=3200 applied_delta_norm=2.398 applied_delta_ratio=0.1027 base_norm=23.36 canvas_max=8 canvas_mean=-0.00754 canvas_min=-8 canvas_nonzero_ratio=0.005071 canvas_std=0.3892 final_norm=23.45 residual_alpha=0.2612 shape_norm=25.38 source_delta_norm=9.182 source_delta_ratio=0.3931
2026-07-30 02:12:17,645 - portable_sam_fusion - INFO - [DEBUG-GATE] epoch=11 step=3200 shape_dense_alpha_max=0.2612 shape_dense_alpha_mean=0.2612 shape_dense_alpha_min=0.2612
2026-07-30 02:12:17,645 - portable_sam_fusion - INFO - [DEBUG-JITTER] epoch=11 step=3200 area_ratio_count=0 area_ratio_mean=0 area_ratio_sum=0 fallback_count=0 mean_iou=0 num_jittered=0 num_rois=0
2026-07-30 02:12:17,645 - portable_sam_fusion - INFO - [DEBUG-SP] epoch=11 step=3200 all_invalid_count=0 all_invalid_ratio=0 empty_count=0 empty_ratio=0 full_count=0 full_ratio=0 mean_point_distance=25.05 n1_gt_valid_count=64 n1_in_gt_bg=0.9688 n1_in_gt_bg_count=62 n1_valid_count=64 n1_valid_ratio=1 n2_gt_valid_count=64 n2_in_gt_bg=1 n2_in_gt_bg_count=64 n2_valid_count=64 n2_valid_ratio=1 neg_in_pred_bg=1 neg_in_pred_bg_count=128 negative_pair_count=64 negative_pair_distance_sum=2412 p1_gt_valid_count=64 p1_in_gt_fg=1 p1_in_gt_fg_count=64 p1_valid_count=64 p1_valid_ratio=1 p2_gt_valid_count=64 p2_in_gt_fg=1 p2_in_gt_fg_count=64 p2_valid_count=64 p2_valid_ratio=1 point_distance_sum=3207 point_overlap_count=0 point_overlap_ratio=0 point_pair_count=128 pos_in_pred_fg=1 pos_in_pred_fg_count=128 positive_pair_count=64 positive_pair_distance_sum=794.6 roi_count=64 valid_neg_count=128 valid_pos_count=128 warmup_stage=2
2026-07-30 02:13:22,443 - portable_sam_fusion - INFO - Epoch 11 detailed losses: loss_rpn_cls=0.0213, loss_rpn_bbox=0.0081, loss_cls=0.2265, acc=90.8552, loss_bbox=0.1004, loss_mask=0.0015, debug_mask_pos_rois=55.4796, debug_mask_logit_mean=-14.0937, debug_mask_logit_std=2.5025, debug_mask_prob_mean=0.0049, debug_mask_prob_ge05=0.0049, debug_mask_target_fill=0.0049, loss_shape_prior=0.0239, loss_p2_boundary_refiner=0.0191, schedule/det_weight=1.0000
2026-07-30 02:13:22,443 - portable_sam_fusion - INFO - Epoch 11 dense residual monitor: alpha=0.260373 source_delta_norm=12.7635 applied_delta_norm=3.3234 source_delta_ratio=0.546457 applied_delta_ratio=0.142287
2026-07-30 02:13:22,443 - portable_sam_fusion - INFO - Epoch 11 P2 boundary refiner: raw_dice=0.8135 refined_dice=0.8126 raw_iou=0.7490 refined_iou=0.7476 raw_boundary_f1=0.8725 refined_boundary_f1=0.8750
2026-07-30 02:13:22,443 - portable_sam_fusion - INFO - Epoch 11 P2 boundary support: valid=81.10% rejected=18.90% coverage=0.3502 delta_abs=0.110444 nonzero=35.02% saturated=6.18% p2_norm=64.7788 highpass_norm=3.7667 support_fg=56.53%
2026-07-30 02:13:22,443 - portable_sam_fusion - INFO - Epoch 11 primary loss shares: det=88.90% final_mask=0.38% shape=5.96% p2_boundary=4.77%
2026-07-30 02:13:22,443 - portable_sam_fusion - INFO - Epoch 11 schedule: det_loss_weight=1.000 early_stop_start=20 min_delta=0.0005
2026-07-30 02:13:22,443 - portable_sam_fusion - INFO - Epoch 11 learning rates: sat_backbone=4.82e-04, mask_decoder=4.82e-04, shape_prior=4.82e-04, p2_boundary_refiner=4.82e-04, quality_head=4.82e-04, sat_other=4.82e-04
2026-07-30 02:17:27,061 - portable_sam_fusion - INFO - Validation samples: GT=15926, DT=21076, avg_masks_per_image=33.61, avg_mask_fill=0.0068
creating index...
index created!
Loading and preparing results...
DONE (t=0.03s)
creating index...
index created!
Running per image evaluation...
Evaluate annotation type *bbox*
DONE (t=11.44s).
Accumulating evaluation results...
DONE (t=0.20s).
 Average Precision  (AP) @[ IoU=0.50:0.95 | area=   all | maxDets=100 ] = 0.642
 Average Precision  (AP) @[ IoU=0.50      | area=   all | maxDets=100 ] = 0.892
 Average Precision  (AP) @[ IoU=0.75      | area=   all | maxDets=100 ] = 0.785
 Average Precision  (AP) @[ IoU=0.50:0.95 | area= small | maxDets=100 ] = 0.284
 Average Precision  (AP) @[ IoU=0.50:0.95 | area=medium | maxDets=100 ] = 0.686
 Average Precision  (AP) @[ IoU=0.50:0.95 | area= large | maxDets=100 ] = 0.710
 Average Recall     (AR) @[ IoU=0.50:0.95 | area=   all | maxDets=  1 ] = 0.023
 Average Recall     (AR) @[ IoU=0.50:0.95 | area=   all | maxDets= 10 ] = 0.174
 Average Recall     (AR) @[ IoU=0.50:0.95 | area=   all | maxDets=100 ] = 0.700
 Average Recall     (AR) @[ IoU=0.50:0.95 | area= small | maxDets=100 ] = 0.395
 Average Recall     (AR) @[ IoU=0.50:0.95 | area=medium | maxDets=100 ] = 0.744
 Average Recall     (AR) @[ IoU=0.50:0.95 | area= large | maxDets=100 ] = 0.770
2026-07-30 02:17:39,437 - portable_sam_fusion - INFO - Validation bbox/mAP: 0.6421 bbox/mAP_75: 0.7855
Running per image evaluation...
Evaluate annotation type *segm*
DONE (t=11.67s).
Accumulating evaluation results...
DONE (t=0.20s).
 Average Precision  (AP) @[ IoU=0.50:0.95 | area=   all | maxDets=100 ] = 0.618
 Average Precision  (AP) @[ IoU=0.50      | area=   all | maxDets=100 ] = 0.884
 Average Precision  (AP) @[ IoU=0.75      | area=   all | maxDets=100 ] = 0.732
 Average Precision  (AP) @[ IoU=0.50:0.95 | area= small | maxDets=100 ] = 0.210
 Average Precision  (AP) @[ IoU=0.50:0.95 | area=medium | maxDets=100 ] = 0.640
 Average Precision  (AP) @[ IoU=0.50:0.95 | area= large | maxDets=100 ] = 0.769
 Average Recall     (AR) @[ IoU=0.50:0.95 | area=   all | maxDets=  1 ] = 0.025
 Average Recall     (AR) @[ IoU=0.50:0.95 | area=   all | maxDets= 10 ] = 0.178
 Average Recall     (AR) @[ IoU=0.50:0.95 | area=   all | maxDets=100 ] = 0.663
 Average Recall     (AR) @[ IoU=0.50:0.95 | area= small | maxDets=100 ] = 0.301
 Average Recall     (AR) @[ IoU=0.50:0.95 | area=medium | maxDets=100 ] = 0.687
 Average Recall     (AR) @[ IoU=0.50:0.95 | area= large | maxDets=100 ] = 0.819
2026-07-30 02:17:51,337 - portable_sam_fusion - INFO - Validation segm/mAP: 0.6179
2026-07-30 02:17:51,923 - portable_sam_fusion - INFO - New best early-stop metric (segm/mAP): raw=0.6179 smooth(5)=0.6177
2026-07-30 02:17:57,423 - portable_sam_fusion - INFO - Epoch 11/80 | train=0.400863 val=disabled segm/mAP=0.6179 bbox/mAP=0.6421 | best_segm=0.6265 best_bbox=0.6427 best_comp=0.0000 | sat_backbone=4.82e-04 mask_decoder=4.82e-04 shape_prior=4.82e-04 p2_boundary_refiner=4.82e-04 quality_head=4.82e-04 sat_other=4.82e-04
2026-07-30 02:18:20,155 - portable_sam_fusion - INFO - [DEBUG-BOX] epoch=12 step=3250 fallback_count=0 fallback_ratio=0 num_rois=36 refined_proposal_iou=0 refined_proposal_iou_sum=0 refined_valid_count=0
2026-07-30 02:18:20,155 - portable_sam_fusion - INFO - [DEBUG-COARSE] epoch=12 step=3250 bce_raw=0.1052 boundary_fn=349 boundary_fp=305 boundary_loss_local_sum=11.53 boundary_tp=1.302e+04 dice=0.06449 dice_loss_raw=0.06449 iou=0.8791 loss_support_foreground_sum=2.293e+04 loss_support_pixel_sum=3.984e+04 loss_valid_roi_count=34 loss_weight=0.1 raw_boundary_fn=349 raw_boundary_fp=305 raw_boundary_tp=1.302e+04 raw_dice_score=0.9355 raw_iou=0.8791 refined_boundary_fn=382 refined_boundary_fp=355 refined_boundary_tp=1.313e+04 refined_dice_score=0.9283 refined_iou=0.8666 weighted_loss=0.01697
2026-07-30 02:18:20,155 - portable_sam_fusion - INFO - [DEBUG-CONTEXT] epoch=12 step=3250 enabled=0
2026-07-30 02:18:20,155 - portable_sam_fusion - INFO - [DEBUG-DENSE] epoch=12 step=3250 applied_delta_norm=1.41 applied_delta_ratio=0.06038 base_norm=23.36 canvas_max=8 canvas_mean=0.002333 canvas_min=-7.455 canvas_nonzero_ratio=0.001528 canvas_std=0.2025 final_norm=23.38 residual_alpha=0.2615 shape_norm=23.91 source_delta_norm=5.392 source_delta_ratio=0.2309
2026-07-30 02:18:20,155 - portable_sam_fusion - INFO - [DEBUG-GATE] epoch=12 step=3250 shape_dense_alpha_max=0.2615 shape_dense_alpha_mean=0.2615 shape_dense_alpha_min=0.2615
2026-07-30 02:18:20,155 - portable_sam_fusion - INFO - [DEBUG-JITTER] epoch=12 step=3250 area_ratio_count=36 area_ratio_mean=1 area_ratio_sum=36 fallback_count=0 mean_iou=1 num_jittered=0 num_rois=36
2026-07-30 02:18:20,156 - portable_sam_fusion - INFO - [DEBUG-SP] epoch=12 step=3250 all_invalid_count=0 all_invalid_ratio=0 empty_count=0 empty_ratio=0 full_count=0 full_ratio=0 mean_point_distance=14.01 n1_gt_valid_count=36 n1_in_gt_bg=1 n1_in_gt_bg_count=36 n1_valid_count=36 n1_valid_ratio=1 n2_gt_valid_count=36 n2_in_gt_bg=0.9722 n2_in_gt_bg_count=35 n2_valid_count=36 n2_valid_ratio=1 neg_in_pred_bg=1 neg_in_pred_bg_count=72 negative_pair_count=36 negative_pair_distance_sum=789.4 p1_gt_valid_count=36 p1_in_gt_fg=1 p1_in_gt_fg_count=36 p1_valid_count=36 p1_valid_ratio=1 p2_gt_valid_count=36 p2_in_gt_fg=1 p2_in_gt_fg_count=36 p2_valid_count=36 p2_valid_ratio=1 point_distance_sum=1008 point_overlap_count=0 point_overlap_ratio=0 point_pair_count=72 pos_in_pred_fg=1 pos_in_pred_fg_count=72 positive_pair_count=36 positive_pair_distance_sum=219 roi_count=36 valid_neg_count=72 valid_pos_count=72 warmup_stage=2
2026-07-30 02:19:22,986 - portable_sam_fusion - INFO - [DEBUG-BOX] epoch=12 step=3300 fallback_count=0 fallback_ratio=0 num_rois=64 refined_proposal_iou=0 refined_proposal_iou_sum=0 refined_valid_count=0
2026-07-30 02:19:22,986 - portable_sam_fusion - INFO - [DEBUG-COARSE] epoch=12 step=3300 bce_raw=0.169 boundary_fn=3066 boundary_fp=2151 boundary_loss_local_sum=13.89 boundary_tp=2.551e+04 dice=0.09147 dice_loss_raw=0.09147 iou=0.834 loss_support_foreground_sum=2.781e+04 loss_support_pixel_sum=4.994e+04 loss_valid_roi_count=37 loss_weight=0.1 raw_boundary_fn=3066 raw_boundary_fp=2151 raw_boundary_tp=2.551e+04 raw_dice_score=0.9085 raw_iou=0.834 refined_boundary_fn=2990 refined_boundary_fp=2237 refined_boundary_tp=2.558e+04 refined_dice_score=0.9081 refined_iou=0.8334 weighted_loss=0.02605
2026-07-30 02:19:22,986 - portable_sam_fusion - INFO - [DEBUG-CONTEXT] epoch=12 step=3300 enabled=0
2026-07-30 02:19:22,986 - portable_sam_fusion - INFO - [DEBUG-DENSE] epoch=12 step=3300 applied_delta_norm=3.54 applied_delta_ratio=0.1516 base_norm=23.36 canvas_max=8 canvas_mean=-0.003393 canvas_min=-8 canvas_nonzero_ratio=0.008514 canvas_std=0.4846 final_norm=23.53 residual_alpha=0.2618 shape_norm=26.92 source_delta_norm=13.52 source_delta_ratio=0.5789
2026-07-30 02:19:22,986 - portable_sam_fusion - INFO - [DEBUG-GATE] epoch=12 step=3300 shape_dense_alpha_max=0.2618 shape_dense_alpha_mean=0.2618 shape_dense_alpha_min=0.2618
2026-07-30 02:19:22,986 - portable_sam_fusion - INFO - [DEBUG-JITTER] epoch=12 step=3300 area_ratio_count=64 area_ratio_mean=1 area_ratio_sum=64 fallback_count=0 mean_iou=1 num_jittered=0 num_rois=64
2026-07-30 02:19:22,987 - portable_sam_fusion - INFO - [DEBUG-SP] epoch=12 step=3300 all_invalid_count=0 all_invalid_ratio=0 empty_count=0 empty_ratio=0 full_count=0 full_ratio=0 mean_point_distance=31.41 n1_gt_valid_count=64 n1_in_gt_bg=0.9062 n1_in_gt_bg_count=58 n1_valid_count=64 n1_valid_ratio=1 n2_gt_valid_count=64 n2_in_gt_bg=1 n2_in_gt_bg_count=64 n2_valid_count=64 n2_valid_ratio=1 neg_in_pred_bg=1 neg_in_pred_bg_count=128 negative_pair_count=64 negative_pair_distance_sum=2896 p1_gt_valid_count=64 p1_in_gt_fg=1 p1_in_gt_fg_count=64 p1_valid_count=64 p1_valid_ratio=1 p2_gt_valid_count=64 p2_in_gt_fg=1 p2_in_gt_fg_count=64 p2_valid_count=64 p2_valid_ratio=1 point_distance_sum=4021 point_overlap_count=0 point_overlap_ratio=0 point_pair_count=128 pos_in_pred_fg=1 pos_in_pred_fg_count=128 positive_pair_count=64 positive_pair_distance_sum=1125 roi_count=64 valid_neg_count=128 valid_pos_count=128 warmup_stage=2
2026-07-30 02:20:34,732 - portable_sam_fusion - INFO - [DEBUG-BOX] epoch=12 step=3350 fallback_count=0 fallback_ratio=0 num_rois=64 refined_proposal_iou=0 refined_proposal_iou_sum=0 refined_valid_count=0
2026-07-30 02:20:34,732 - portable_sam_fusion - INFO - [DEBUG-COARSE] epoch=12 step=3350 bce_raw=0.2119 boundary_fn=3378 boundary_fp=4198 boundary_loss_local_sum=24.25 boundary_tp=2.181e+04 dice=0.07734 dice_loss_raw=0.07734 iou=0.8599 loss_support_foreground_sum=4.3e+04 loss_support_pixel_sum=6.672e+04 loss_valid_roi_count=55 loss_weight=0.1 raw_boundary_fn=3378 raw_boundary_fp=4198 raw_boundary_tp=2.181e+04 raw_dice_score=0.9227 raw_iou=0.8599 refined_boundary_fn=3227 refined_boundary_fp=4318 refined_boundary_tp=2.203e+04 refined_dice_score=0.9209 refined_iou=0.8569 weighted_loss=0.02893
2026-07-30 02:20:34,732 - portable_sam_fusion - INFO - [DEBUG-CONTEXT] epoch=12 step=3350 enabled=0
2026-07-30 02:20:34,732 - portable_sam_fusion - INFO - [DEBUG-DENSE] epoch=12 step=3350 applied_delta_norm=2.716 applied_delta_ratio=0.1163 base_norm=23.36 canvas_max=8 canvas_mean=0.009113 canvas_min=-8 canvas_nonzero_ratio=0.005187 canvas_std=0.3574 final_norm=23.46 residual_alpha=0.2622 shape_norm=25.63 source_delta_norm=10.36 source_delta_ratio=0.4435
2026-07-30 02:20:34,732 - portable_sam_fusion - INFO - [DEBUG-GATE] epoch=12 step=3350 shape_dense_alpha_max=0.2622 shape_dense_alpha_mean=0.2622 shape_dense_alpha_min=0.2622
2026-07-30 02:20:34,732 - portable_sam_fusion - INFO - [DEBUG-JITTER] epoch=12 step=3350 area_ratio_count=64 area_ratio_mean=1 area_ratio_sum=64 fallback_count=0 mean_iou=1 num_jittered=0 num_rois=64
2026-07-30 02:20:34,732 - portable_sam_fusion - INFO - [DEBUG-SP] epoch=12 step=3350 all_invalid_count=0 all_invalid_ratio=0 empty_count=0 empty_ratio=0 full_count=0 full_ratio=0 mean_point_distance=26.47 n1_gt_valid_count=64 n1_in_gt_bg=0.7969 n1_in_gt_bg_count=51 n1_valid_count=64 n1_valid_ratio=1 n2_gt_valid_count=64 n2_in_gt_bg=0.9531 n2_in_gt_bg_count=61 n2_valid_count=64 n2_valid_ratio=1 neg_in_pred_bg=1 neg_in_pred_bg_count=128 negative_pair_count=64 negative_pair_distance_sum=2316 p1_gt_valid_count=64 p1_in_gt_fg=1 p1_in_gt_fg_count=64 p1_valid_count=64 p1_valid_ratio=1 p2_gt_valid_count=64 p2_in_gt_fg=1 p2_in_gt_fg_count=64 p2_valid_count=64 p2_valid_ratio=1 point_distance_sum=3388 point_overlap_count=0 point_overlap_ratio=0 point_pair_count=128 pos_in_pred_fg=1 pos_in_pred_fg_count=128 positive_pair_count=64 positive_pair_distance_sum=1073 roi_count=64 valid_neg_count=128 valid_pos_count=128 warmup_stage=2
2026-07-30 02:21:12,801 - portable_sam_fusion - INFO - epoch 12 | mini-batch 144/294 | optimizer_step 850/5920 | lr=4.798e-04
2026-07-30 02:21:49,668 - portable_sam_fusion - INFO - [DEBUG-BOX] epoch=12 step=3400 fallback_count=0 fallback_ratio=0 num_rois=64 refined_proposal_iou=0 refined_proposal_iou_sum=0 refined_valid_count=0
2026-07-30 02:21:49,668 - portable_sam_fusion - INFO - [DEBUG-COARSE] epoch=12 step=3400 bce_raw=0.1672 boundary_fn=2334 boundary_fp=2551 boundary_loss_local_sum=22.3 boundary_tp=2.236e+04 dice=0.07123 dice_loss_raw=0.07123 iou=0.8708 loss_support_foreground_sum=4.575e+04 loss_support_pixel_sum=7.985e+04 loss_valid_roi_count=64 loss_weight=0.1 raw_boundary_fn=2334 raw_boundary_fp=2551 raw_boundary_tp=2.236e+04 raw_dice_score=0.9288 raw_iou=0.8708 refined_boundary_fn=2158 refined_boundary_fp=2628 refined_boundary_tp=2.26e+04 refined_dice_score=0.9288 refined_iou=0.8708 weighted_loss=0.02384
2026-07-30 02:21:49,668 - portable_sam_fusion - INFO - [DEBUG-CONTEXT] epoch=12 step=3400 enabled=0
2026-07-30 02:21:49,668 - portable_sam_fusion - INFO - [DEBUG-DENSE] epoch=12 step=3400 applied_delta_norm=4.03 applied_delta_ratio=0.1725 base_norm=23.36 canvas_max=8 canvas_mean=0.01506 canvas_min=-8 canvas_nonzero_ratio=0.01696 canvas_std=0.5801 final_norm=23.71 residual_alpha=0.2625 shape_norm=28.61 source_delta_norm=15.35 source_delta_ratio=0.6573
2026-07-30 02:21:49,668 - portable_sam_fusion - INFO - [DEBUG-GATE] epoch=12 step=3400 shape_dense_alpha_max=0.2625 shape_dense_alpha_mean=0.2625 shape_dense_alpha_min=0.2625
2026-07-30 02:21:49,668 - portable_sam_fusion - INFO - [DEBUG-JITTER] epoch=12 step=3400 area_ratio_count=64 area_ratio_mean=1 area_ratio_sum=64 fallback_count=0 mean_iou=1 num_jittered=0 num_rois=64
2026-07-30 02:21:49,668 - portable_sam_fusion - INFO - [DEBUG-SP] epoch=12 step=3400 all_invalid_count=0 all_invalid_ratio=0 empty_count=0 empty_ratio=0 full_count=0 full_ratio=0 mean_point_distance=39.28 n1_gt_valid_count=64 n1_in_gt_bg=0.8594 n1_in_gt_bg_count=55 n1_valid_count=64 n1_valid_ratio=1 n2_gt_valid_count=64 n2_in_gt_bg=1 n2_in_gt_bg_count=64 n2_valid_count=64 n2_valid_ratio=1 neg_in_pred_bg=1 neg_in_pred_bg_count=128 negative_pair_count=64 negative_pair_distance_sum=3774 p1_gt_valid_count=64 p1_in_gt_fg=1 p1_in_gt_fg_count=64 p1_valid_count=64 p1_valid_ratio=1 p2_gt_valid_count=64 p2_in_gt_fg=1 p2_in_gt_fg_count=64 p2_valid_count=64 p2_valid_ratio=1 point_distance_sum=5028 point_overlap_count=0 point_overlap_ratio=0 point_pair_count=128 pos_in_pred_fg=1 pos_in_pred_fg_count=128 positive_pair_count=64 positive_pair_distance_sum=1254 roi_count=64 valid_neg_count=128 valid_pos_count=128 warmup_stage=2
2026-07-30 02:23:16,655 - portable_sam_fusion - INFO - [DEBUG-BOX] epoch=12 step=3450 fallback_count=0 fallback_ratio=0 num_rois=0 refined_proposal_iou=0 refined_proposal_iou_sum=0 refined_valid_count=0
2026-07-30 02:23:16,655 - portable_sam_fusion - INFO - [DEBUG-COARSE] epoch=12 step=3450 boundary_fn=0 boundary_fp=0 boundary_tp=0 dice=0 iou=0
2026-07-30 02:23:16,655 - portable_sam_fusion - INFO - [DEBUG-CONTEXT] epoch=12 step=3450 enabled=0
2026-07-30 02:23:16,655 - portable_sam_fusion - INFO - [DEBUG-DENSE] epoch=12 step=3450 applied_delta_norm=9.539 applied_delta_ratio=0.4084 base_norm=23.36 canvas_max=8 canvas_mean=0.08794 canvas_min=-8 canvas_nonzero_ratio=0.07573 canvas_std=1.03 final_norm=25 residual_alpha=0.2629 shape_norm=44.22 source_delta_norm=36.28 source_delta_ratio=1.553
2026-07-30 02:23:16,656 - portable_sam_fusion - INFO - [DEBUG-GATE] epoch=12 step=3450 shape_dense_alpha_max=0.2629 shape_dense_alpha_mean=0.2629 shape_dense_alpha_min=0.2629
2026-07-30 02:23:16,656 - portable_sam_fusion - INFO - [DEBUG-JITTER] epoch=12 step=3450 area_ratio_count=0 area_ratio_mean=0 area_ratio_sum=0 fallback_count=0 mean_iou=0 num_jittered=0 num_rois=0
2026-07-30 02:23:16,656 - portable_sam_fusion - INFO - [DEBUG-SP] epoch=12 step=3450 all_invalid_count=0 all_invalid_ratio=0 empty_count=0 empty_ratio=0 full_count=0 full_ratio=0 mean_point_distance=91.77 n1_gt_valid_count=64 n1_in_gt_bg=0.5312 n1_in_gt_bg_count=34 n1_valid_count=64 n1_valid_ratio=1 n2_gt_valid_count=64 n2_in_gt_bg=0.9531 n2_in_gt_bg_count=61 n2_valid_count=64 n2_valid_ratio=1 neg_in_pred_bg=1 neg_in_pred_bg_count=128 negative_pair_count=64 negative_pair_distance_sum=8908 p1_gt_valid_count=64 p1_in_gt_fg=1 p1_in_gt_fg_count=64 p1_valid_count=64 p1_valid_ratio=1 p2_gt_valid_count=64 p2_in_gt_fg=0.9844 p2_in_gt_fg_count=63 p2_valid_count=64 p2_valid_ratio=1 point_distance_sum=1.175e+04 point_overlap_count=0 point_overlap_ratio=0 point_pair_count=128 pos_in_pred_fg=1 pos_in_pred_fg_count=128 positive_pair_count=64 positive_pair_distance_sum=2839 roi_count=64 valid_neg_count=128 valid_pos_count=128 warmup_stage=2
2026-07-30 02:24:47,017 - portable_sam_fusion - INFO - [DEBUG-BOX] epoch=12 step=3500 fallback_count=0 fallback_ratio=0 num_rois=64 refined_proposal_iou=0 refined_proposal_iou_sum=0 refined_valid_count=0
2026-07-30 02:24:47,017 - portable_sam_fusion - INFO - [DEBUG-COARSE] epoch=12 step=3500 bce_raw=0.1829 boundary_fn=3217 boundary_fp=2792 boundary_loss_local_sum=19.67 boundary_tp=2.368e+04 dice=0.09045 dice_loss_raw=0.09045 iou=0.8384 loss_support_foreground_sum=3.933e+04 loss_support_pixel_sum=6.84e+04 loss_valid_roi_count=52 loss_weight=0.1 raw_boundary_fn=3217 raw_boundary_fp=2792 raw_boundary_tp=2.368e+04 raw_dice_score=0.9095 raw_iou=0.8384 refined_boundary_fn=3181 refined_boundary_fp=2844 refined_boundary_tp=2.373e+04 refined_dice_score=0.9084 refined_iou=0.8367 weighted_loss=0.02734
2026-07-30 02:24:47,017 - portable_sam_fusion - INFO - [DEBUG-CONTEXT] epoch=12 step=3500 enabled=0
2026-07-30 02:24:47,017 - portable_sam_fusion - INFO - [DEBUG-DENSE] epoch=12 step=3500 applied_delta_norm=3.126 applied_delta_ratio=0.1338 base_norm=23.36 canvas_max=8 canvas_mean=0.0003857 canvas_min=-8 canvas_nonzero_ratio=0.006861 canvas_std=0.4634 final_norm=23.5 residual_alpha=0.2632 shape_norm=26.24 source_delta_norm=11.88 source_delta_ratio=0.5085
2026-07-30 02:24:47,017 - portable_sam_fusion - INFO - [DEBUG-GATE] epoch=12 step=3500 shape_dense_alpha_max=0.2632 shape_dense_alpha_mean=0.2632 shape_dense_alpha_min=0.2632
2026-07-30 02:24:47,017 - portable_sam_fusion - INFO - [DEBUG-JITTER] epoch=12 step=3500 area_ratio_count=64 area_ratio_mean=1 area_ratio_sum=64 fallback_count=0 mean_iou=1 num_jittered=0 num_rois=64
2026-07-30 02:24:47,017 - portable_sam_fusion - INFO - [DEBUG-SP] epoch=12 step=3500 all_invalid_count=0 all_invalid_ratio=0 empty_count=0 empty_ratio=0 full_count=0 full_ratio=0 mean_point_distance=31.69 n1_gt_valid_count=64 n1_in_gt_bg=0.8125 n1_in_gt_bg_count=52 n1_valid_count=64 n1_valid_ratio=1 n2_gt_valid_count=64 n2_in_gt_bg=1 n2_in_gt_bg_count=64 n2_valid_count=64 n2_valid_ratio=1 neg_in_pred_bg=1 neg_in_pred_bg_count=128 negative_pair_count=64 negative_pair_distance_sum=2937 p1_gt_valid_count=64 p1_in_gt_fg=1 p1_in_gt_fg_count=64 p1_valid_count=64 p1_valid_ratio=1 p2_gt_valid_count=64 p2_in_gt_fg=1 p2_in_gt_fg_count=64 p2_valid_count=64 p2_valid_ratio=1 point_distance_sum=4056 point_overlap_count=0 point_overlap_ratio=0 point_pair_count=128 pos_in_pred_fg=1 pos_in_pred_fg_count=128 positive_pair_count=64 positive_pair_distance_sum=1120 roi_count=64 valid_neg_count=128 valid_pos_count=128 warmup_stage=2
2026-07-30 02:25:35,246 - portable_sam_fusion - INFO - Epoch 12 detailed losses: loss_rpn_cls=0.0218, loss_rpn_bbox=0.0078, loss_cls=0.2263, acc=90.8770, loss_bbox=0.1014, loss_mask=0.0018, debug_mask_pos_rois=56.0850, debug_mask_logit_mean=-14.5267, debug_mask_logit_std=2.5484, debug_mask_prob_mean=0.0049, debug_mask_prob_ge05=0.0049, debug_mask_target_fill=0.0050, loss_shape_prior=0.0239, loss_p2_boundary_refiner=0.0197, schedule/det_weight=1.0000
2026-07-30 02:25:35,246 - portable_sam_fusion - INFO - Epoch 12 dense residual monitor: alpha=0.261736 source_delta_norm=12.7249 applied_delta_norm=3.3305 source_delta_ratio=0.544804 applied_delta_ratio=0.142594
2026-07-30 02:25:35,246 - portable_sam_fusion - INFO - Epoch 12 P2 boundary refiner: raw_dice=0.8174 refined_dice=0.8164 raw_iou=0.7545 refined_iou=0.7529 raw_boundary_f1=0.8777 refined_boundary_f1=0.8796
2026-07-30 02:25:35,247 - portable_sam_fusion - INFO - Epoch 12 P2 boundary support: valid=80.71% rejected=19.29% coverage=0.3488 delta_abs=0.109809 nonzero=34.88% saturated=6.50% p2_norm=64.3070 highpass_norm=3.7112 support_fg=56.70%
2026-07-30 02:25:35,247 - portable_sam_fusion - INFO - Epoch 12 primary loss shares: det=88.71% final_mask=0.46% shape=5.93% p2_boundary=4.90%
2026-07-30 02:25:35,247 - portable_sam_fusion - INFO - Epoch 12 schedule: det_loss_weight=1.000 early_stop_start=20 min_delta=0.0005
2026-07-30 02:25:35,247 - portable_sam_fusion - INFO - Epoch 12 learning rates: sat_backbone=4.78e-04, mask_decoder=4.78e-04, shape_prior=4.78e-04, p2_boundary_refiner=4.78e-04, quality_head=4.78e-04, sat_other=4.78e-04
2026-07-30 02:29:08,399 - portable_sam_fusion - INFO - Validation samples: GT=15926, DT=18792, avg_masks_per_image=29.97, avg_mask_fill=0.0054
creating index...
index created!
Loading and preparing results...
DONE (t=0.02s)
creating index...
index created!
Running per image evaluation...
Evaluate annotation type *bbox*
DONE (t=10.85s).
Accumulating evaluation results...
DONE (t=0.18s).
 Average Precision  (AP) @[ IoU=0.50:0.95 | area=   all | maxDets=100 ] = 0.672
 Average Precision  (AP) @[ IoU=0.50      | area=   all | maxDets=100 ] = 0.891
 Average Precision  (AP) @[ IoU=0.75      | area=   all | maxDets=100 ] = 0.800
 Average Precision  (AP) @[ IoU=0.50:0.95 | area= small | maxDets=100 ] = 0.268
 Average Precision  (AP) @[ IoU=0.50:0.95 | area=medium | maxDets=100 ] = 0.714
 Average Precision  (AP) @[ IoU=0.50:0.95 | area= large | maxDets=100 ] = 0.750
 Average Recall     (AR) @[ IoU=0.50:0.95 | area=   all | maxDets=  1 ] = 0.025
 Average Recall     (AR) @[ IoU=0.50:0.95 | area=   all | maxDets= 10 ] = 0.185
 Average Recall     (AR) @[ IoU=0.50:0.95 | area=   all | maxDets=100 ] = 0.725
 Average Recall     (AR) @[ IoU=0.50:0.95 | area= small | maxDets=100 ] = 0.414
 Average Recall     (AR) @[ IoU=0.50:0.95 | area=medium | maxDets=100 ] = 0.770
 Average Recall     (AR) @[ IoU=0.50:0.95 | area= large | maxDets=100 ] = 0.795
2026-07-30 02:29:19,626 - portable_sam_fusion - INFO - Validation bbox/mAP: 0.6718 bbox/mAP_75: 0.7997
Running per image evaluation...
Evaluate annotation type *segm*
DONE (t=11.12s).
Accumulating evaluation results...
DONE (t=0.18s).
 Average Precision  (AP) @[ IoU=0.50:0.95 | area=   all | maxDets=100 ] = 0.626
 Average Precision  (AP) @[ IoU=0.50      | area=   all | maxDets=100 ] = 0.884
 Average Precision  (AP) @[ IoU=0.75      | area=   all | maxDets=100 ] = 0.739
 Average Precision  (AP) @[ IoU=0.50:0.95 | area= small | maxDets=100 ] = 0.183
 Average Precision  (AP) @[ IoU=0.50:0.95 | area=medium | maxDets=100 ] = 0.655
 Average Precision  (AP) @[ IoU=0.50:0.95 | area= large | maxDets=100 ] = 0.784
 Average Recall     (AR) @[ IoU=0.50:0.95 | area=   all | maxDets=  1 ] = 0.025
 Average Recall     (AR) @[ IoU=0.50:0.95 | area=   all | maxDets= 10 ] = 0.179
 Average Recall     (AR) @[ IoU=0.50:0.95 | area=   all | maxDets=100 ] = 0.671
 Average Recall     (AR) @[ IoU=0.50:0.95 | area= small | maxDets=100 ] = 0.289
 Average Recall     (AR) @[ IoU=0.50:0.95 | area=medium | maxDets=100 ] = 0.700
 Average Recall     (AR) @[ IoU=0.50:0.95 | area= large | maxDets=100 ] = 0.828
2026-07-30 02:29:30,954 - portable_sam_fusion - INFO - Validation segm/mAP: 0.6261
2026-07-30 02:29:31,495 - portable_sam_fusion - INFO - New best bbox/mAP: 0.6718
2026-07-30 02:29:31,495 - portable_sam_fusion - INFO - New best early-stop metric (segm/mAP): raw=0.6261 smooth(5)=0.6198
2026-07-30 02:29:33,972 - portable_sam_fusion - INFO - Saved best_bbox_model with bbox/mAP: 0.6718
2026-07-30 02:29:39,286 - portable_sam_fusion - INFO - Epoch 12/80 | train=0.402888 val=disabled segm/mAP=0.6261 bbox/mAP=0.6718 | best_segm=0.6265 best_bbox=0.6718 best_comp=0.0000 | sat_backbone=4.78e-04 mask_decoder=4.78e-04 shape_prior=4.78e-04 p2_boundary_refiner=4.78e-04 quality_head=4.78e-04 sat_other=4.78e-04
2026-07-30 02:30:14,210 - portable_sam_fusion - INFO - [DEBUG-BOX] epoch=13 step=3550 fallback_count=0 fallback_ratio=0 num_rois=64 refined_proposal_iou=0 refined_proposal_iou_sum=0 refined_valid_count=0
2026-07-30 02:30:14,210 - portable_sam_fusion - INFO - [DEBUG-COARSE] epoch=13 step=3550 bce_raw=0.2282 boundary_fn=5031 boundary_fp=3987 boundary_loss_local_sum=25.59 boundary_tp=2.221e+04 dice=0.1131 dice_loss_raw=0.1131 iou=0.8009 loss_support_foreground_sum=4.274e+04 loss_support_pixel_sum=7.573e+04 loss_valid_roi_count=56 loss_weight=0.1 raw_boundary_fn=5031 raw_boundary_fp=3987 raw_boundary_tp=2.221e+04 raw_dice_score=0.8869 raw_iou=0.8009 refined_boundary_fn=4768 refined_boundary_fp=3924 refined_boundary_tp=2.254e+04 refined_dice_score=0.8859 refined_iou=0.7996 weighted_loss=0.03413
2026-07-30 02:30:14,210 - portable_sam_fusion - INFO - [DEBUG-CONTEXT] epoch=13 step=3550 enabled=0
2026-07-30 02:30:14,210 - portable_sam_fusion - INFO - [DEBUG-DENSE] epoch=13 step=3550 applied_delta_norm=3.146 applied_delta_ratio=0.1347 base_norm=23.36 canvas_max=8 canvas_mean=-0.002741 canvas_min=-8 canvas_nonzero_ratio=0.007064 canvas_std=0.4117 final_norm=23.5 residual_alpha=0.2634 shape_norm=26.26 source_delta_norm=11.94 source_delta_ratio=0.5113
2026-07-30 02:30:14,210 - portable_sam_fusion - INFO - [DEBUG-GATE] epoch=13 step=3550 shape_dense_alpha_max=0.2634 shape_dense_alpha_mean=0.2634 shape_dense_alpha_min=0.2634
2026-07-30 02:30:14,210 - portable_sam_fusion - INFO - [DEBUG-JITTER] epoch=13 step=3550 area_ratio_count=64 area_ratio_mean=1 area_ratio_sum=64 fallback_count=0 mean_iou=1 num_jittered=0 num_rois=64
2026-07-30 02:30:14,210 - portable_sam_fusion - INFO - [DEBUG-SP] epoch=13 step=3550 all_invalid_count=0 all_invalid_ratio=0 empty_count=0 empty_ratio=0 full_count=0 full_ratio=0 mean_point_distance=34.42 n1_gt_valid_count=64 n1_in_gt_bg=0.9531 n1_in_gt_bg_count=61 n1_valid_count=64 n1_valid_ratio=1 n2_gt_valid_count=64 n2_in_gt_bg=0.9844 n2_in_gt_bg_count=63 n2_valid_count=64 n2_valid_ratio=1 neg_in_pred_bg=1 neg_in_pred_bg_count=128 negative_pair_count=64 negative_pair_distance_sum=3504 p1_gt_valid_count=64 p1_in_gt_fg=1 p1_in_gt_fg_count=64 p1_valid_count=64 p1_valid_ratio=1 p2_gt_valid_count=64 p2_in_gt_fg=1 p2_in_gt_fg_count=64 p2_valid_count=64 p2_valid_ratio=1 point_distance_sum=4406 point_overlap_count=0 point_overlap_ratio=0 point_pair_count=128 pos_in_pred_fg=1 pos_in_pred_fg_count=128 positive_pair_count=64 positive_pair_distance_sum=902.2 roi_count=64 valid_neg_count=128 valid_pos_count=128 warmup_stage=2
2026-07-30 02:30:49,380 - portable_sam_fusion - INFO - epoch 13 | mini-batch 48/294 | optimizer_step 900/5920 | lr=4.771e-04
2026-07-30 02:31:29,249 - portable_sam_fusion - INFO - [DEBUG-BOX] epoch=13 step=3600 fallback_count=0 fallback_ratio=0 num_rois=64 refined_proposal_iou=0 refined_proposal_iou_sum=0 refined_valid_count=0
2026-07-30 02:31:29,249 - portable_sam_fusion - INFO - [DEBUG-COARSE] epoch=13 step=3600 bce_raw=0.2503 boundary_fn=3337 boundary_fp=4646 boundary_loss_local_sum=23.91 boundary_tp=2.241e+04 dice=0.09322 dice_loss_raw=0.09322 iou=0.8356 loss_support_foreground_sum=4.19e+04 loss_support_pixel_sum=7.358e+04 loss_valid_roi_count=56 loss_weight=0.1 raw_boundary_fn=3337 raw_boundary_fp=4646 raw_boundary_tp=2.241e+04 raw_dice_score=0.9068 raw_iou=0.8356 refined_boundary_fn=3240 refined_boundary_fp=4776 refined_boundary_tp=2.263e+04 refined_dice_score=0.904 refined_iou=0.8308 weighted_loss=0.03435
2026-07-30 02:31:29,249 - portable_sam_fusion - INFO - [DEBUG-CONTEXT] epoch=13 step=3600 enabled=0
2026-07-30 02:31:29,249 - portable_sam_fusion - INFO - [DEBUG-DENSE] epoch=13 step=3600 applied_delta_norm=2.672 applied_delta_ratio=0.1144 base_norm=23.36 canvas_max=8 canvas_mean=0.009123 canvas_min=-8 canvas_nonzero_ratio=0.005661 canvas_std=0.3931 final_norm=23.48 residual_alpha=0.2636 shape_norm=25.73 source_delta_norm=10.14 source_delta_ratio=0.434
2026-07-30 02:31:29,249 - portable_sam_fusion - INFO - [DEBUG-GATE] epoch=13 step=3600 shape_dense_alpha_max=0.2636 shape_dense_alpha_mean=0.2636 shape_dense_alpha_min=0.2636
2026-07-30 02:31:29,249 - portable_sam_fusion - INFO - [DEBUG-JITTER] epoch=13 step=3600 area_ratio_count=64 area_ratio_mean=1 area_ratio_sum=64 fallback_count=0 mean_iou=1 num_jittered=0 num_rois=64
2026-07-30 02:31:29,249 - portable_sam_fusion - INFO - [DEBUG-SP] epoch=13 step=3600 all_invalid_count=0 all_invalid_ratio=0 empty_count=0 empty_ratio=0 full_count=0 full_ratio=0 mean_point_distance=29.86 n1_gt_valid_count=64 n1_in_gt_bg=0.9219 n1_in_gt_bg_count=59 n1_valid_count=64 n1_valid_ratio=1 n2_gt_valid_count=64 n2_in_gt_bg=1 n2_in_gt_bg_count=64 n2_valid_count=64 n2_valid_ratio=1 neg_in_pred_bg=1 neg_in_pred_bg_count=128 negative_pair_count=64 negative_pair_distance_sum=2823 p1_gt_valid_count=64 p1_in_gt_fg=0.9688 p1_in_gt_fg_count=62 p1_valid_count=64 p1_valid_ratio=1 p2_gt_valid_count=64 p2_in_gt_fg=0.9844 p2_in_gt_fg_count=63 p2_valid_count=64 p2_valid_ratio=1 point_distance_sum=3823 point_overlap_count=0 point_overlap_ratio=0 point_pair_count=128 pos_in_pred_fg=1 pos_in_pred_fg_count=128 positive_pair_count=64 positive_pair_distance_sum=1000 roi_count=64 valid_neg_count=128 valid_pos_count=128 warmup_stage=2
2026-07-30 02:33:07,242 - portable_sam_fusion - INFO - [DEBUG-BOX] epoch=13 step=3650 fallback_count=0 fallback_ratio=0 num_rois=64 refined_proposal_iou=0 refined_proposal_iou_sum=0 refined_valid_count=0
2026-07-30 02:33:07,242 - portable_sam_fusion - INFO - [DEBUG-COARSE] epoch=13 step=3650 bce_raw=0.198 boundary_fn=3052 boundary_fp=4470 boundary_loss_local_sum=17.43 boundary_tp=2.386e+04 dice=0.1096 dice_loss_raw=0.1096 iou=0.8078 loss_support_foreground_sum=2.909e+04 loss_support_pixel_sum=5.73e+04 loss_valid_roi_count=42 loss_weight=0.1 raw_boundary_fn=3052 raw_boundary_fp=4470 raw_boundary_tp=2.386e+04 raw_dice_score=0.8904 raw_iou=0.8078 refined_boundary_fn=3115 refined_boundary_fp=4575 refined_boundary_tp=2.387e+04 refined_dice_score=0.8878 refined_iou=0.8037 weighted_loss=0.03076
2026-07-30 02:33:07,242 - portable_sam_fusion - INFO - [DEBUG-CONTEXT] epoch=13 step=3650 enabled=0
2026-07-30 02:33:07,242 - portable_sam_fusion - INFO - [DEBUG-DENSE] epoch=13 step=3650 applied_delta_norm=2.618 applied_delta_ratio=0.1121 base_norm=23.36 canvas_max=8 canvas_mean=-0.003001 canvas_min=-8 canvas_nonzero_ratio=0.005014 canvas_std=0.3697 final_norm=23.45 residual_alpha=0.2641 shape_norm=25.42 source_delta_norm=9.915 source_delta_ratio=0.4245
2026-07-30 02:33:07,242 - portable_sam_fusion - INFO - [DEBUG-GATE] epoch=13 step=3650 shape_dense_alpha_max=0.2641 shape_dense_alpha_mean=0.2641 shape_dense_alpha_min=0.2641
2026-07-30 02:33:07,242 - portable_sam_fusion - INFO - [DEBUG-JITTER] epoch=13 step=3650 area_ratio_count=64 area_ratio_mean=1 area_ratio_sum=64 fallback_count=0 mean_iou=1 num_jittered=0 num_rois=64
2026-07-30 02:33:07,242 - portable_sam_fusion - INFO - [DEBUG-SP] epoch=13 step=3650 all_invalid_count=0 all_invalid_ratio=0 empty_count=0 empty_ratio=0 full_count=0 full_ratio=0 mean_point_distance=25.37 n1_gt_valid_count=64 n1_in_gt_bg=0.8594 n1_in_gt_bg_count=55 n1_valid_count=64 n1_valid_ratio=1 n2_gt_valid_count=64 n2_in_gt_bg=1 n2_in_gt_bg_count=64 n2_valid_count=64 n2_valid_ratio=1 neg_in_pred_bg=1 neg_in_pred_bg_count=128 negative_pair_count=64 negative_pair_distance_sum=2360 p1_gt_valid_count=64 p1_in_gt_fg=1 p1_in_gt_fg_count=64 p1_valid_count=64 p1_valid_ratio=1 p2_gt_valid_count=64 p2_in_gt_fg=1 p2_in_gt_fg_count=64 p2_valid_count=64 p2_valid_ratio=1 point_distance_sum=3248 point_overlap_count=0 point_overlap_ratio=0 point_pair_count=128 pos_in_pred_fg=1 pos_in_pred_fg_count=128 positive_pair_count=64 positive_pair_distance_sum=888 roi_count=64 valid_neg_count=128 valid_pos_count=128 warmup_stage=2
2026-07-30 02:34:30,721 - portable_sam_fusion - INFO - [DEBUG-BOX] epoch=13 step=3700 fallback_count=0 fallback_ratio=0 num_rois=0 refined_proposal_iou=0 refined_proposal_iou_sum=0 refined_valid_count=0
2026-07-30 02:34:30,721 - portable_sam_fusion - INFO - [DEBUG-COARSE] epoch=13 step=3700 boundary_fn=0 boundary_fp=0 boundary_tp=0 dice=0 iou=0
2026-07-30 02:34:30,721 - portable_sam_fusion - INFO - [DEBUG-CONTEXT] epoch=13 step=3700 enabled=0
2026-07-30 02:34:30,721 - portable_sam_fusion - INFO - [DEBUG-DENSE] epoch=13 step=3700 applied_delta_norm=3.372 applied_delta_ratio=0.1444 base_norm=23.36 canvas_max=8 canvas_mean=0.006148 canvas_min=-8 canvas_nonzero_ratio=0.006974 canvas_std=0.4739 final_norm=23.52 residual_alpha=0.2648 shape_norm=26.51 source_delta_norm=12.73 source_delta_ratio=0.5452
2026-07-30 02:34:30,722 - portable_sam_fusion - INFO - [DEBUG-GATE] epoch=13 step=3700 shape_dense_alpha_max=0.2648 shape_dense_alpha_mean=0.2648 shape_dense_alpha_min=0.2648
2026-07-30 02:34:30,722 - portable_sam_fusion - INFO - [DEBUG-JITTER] epoch=13 step=3700 area_ratio_count=0 area_ratio_mean=0 area_ratio_sum=0 fallback_count=0 mean_iou=0 num_jittered=0 num_rois=0
2026-07-30 02:34:30,722 - portable_sam_fusion - INFO - [DEBUG-SP] epoch=13 step=3700 all_invalid_count=0 all_invalid_ratio=0 empty_count=0 empty_ratio=0 full_count=0 full_ratio=0 mean_point_distance=32.26 n1_gt_valid_count=64 n1_in_gt_bg=0.7031 n1_in_gt_bg_count=45 n1_valid_count=64 n1_valid_ratio=1 n2_gt_valid_count=64 n2_in_gt_bg=1 n2_in_gt_bg_count=64 n2_valid_count=64 n2_valid_ratio=1 neg_in_pred_bg=1 neg_in_pred_bg_count=128 negative_pair_count=64 negative_pair_distance_sum=3219 p1_gt_valid_count=64 p1_in_gt_fg=1 p1_in_gt_fg_count=64 p1_valid_count=64 p1_valid_ratio=1 p2_gt_valid_count=64 p2_in_gt_fg=1 p2_in_gt_fg_count=64 p2_valid_count=64 p2_valid_ratio=1 point_distance_sum=4130 point_overlap_count=0 point_overlap_ratio=0 point_pair_count=128 pos_in_pred_fg=1 pos_in_pred_fg_count=128 positive_pair_count=64 positive_pair_distance_sum=910.2 roi_count=64 valid_neg_count=128 valid_pos_count=128 warmup_stage=2
2026-07-30 02:36:01,416 - portable_sam_fusion - INFO - [DEBUG-BOX] epoch=13 step=3750 fallback_count=0 fallback_ratio=0 num_rois=64 refined_proposal_iou=0 refined_proposal_iou_sum=0 refined_valid_count=0
2026-07-30 02:36:01,417 - portable_sam_fusion - INFO - [DEBUG-COARSE] epoch=13 step=3750 bce_raw=0.1827 boundary_fn=3493 boundary_fp=2941 boundary_loss_local_sum=15.8 boundary_tp=2.492e+04 dice=0.08702 dice_loss_raw=0.08702 iou=0.8448 loss_support_foreground_sum=2.891e+04 loss_support_pixel_sum=5.109e+04 loss_valid_roi_count=38 loss_weight=0.1 raw_boundary_fn=3493 raw_boundary_fp=2941 raw_boundary_tp=2.492e+04 raw_dice_score=0.913 raw_iou=0.8448 refined_boundary_fn=3489 refined_boundary_fp=3083 refined_boundary_tp=2.496e+04 refined_dice_score=0.9121 refined_iou=0.8435 weighted_loss=0.02697
2026-07-30 02:36:01,417 - portable_sam_fusion - INFO - [DEBUG-CONTEXT] epoch=13 step=3750 enabled=0
2026-07-30 02:36:01,417 - portable_sam_fusion - INFO - [DEBUG-DENSE] epoch=13 step=3750 applied_delta_norm=3.68 applied_delta_ratio=0.1576 base_norm=23.36 canvas_max=8 canvas_mean=0.001034 canvas_min=-8 canvas_nonzero_ratio=0.008585 canvas_std=0.4976 final_norm=23.54 residual_alpha=0.266 shape_norm=27 source_delta_norm=13.84 source_delta_ratio=0.5924
2026-07-30 02:36:01,417 - portable_sam_fusion - INFO - [DEBUG-GATE] epoch=13 step=3750 shape_dense_alpha_max=0.266 shape_dense_alpha_mean=0.266 shape_dense_alpha_min=0.266
2026-07-30 02:36:01,417 - portable_sam_fusion - INFO - [DEBUG-JITTER] epoch=13 step=3750 area_ratio_count=64 area_ratio_mean=1 area_ratio_sum=64 fallback_count=0 mean_iou=1 num_jittered=0 num_rois=64
2026-07-30 02:36:01,417 - portable_sam_fusion - INFO - [DEBUG-SP] epoch=13 step=3750 all_invalid_count=0 all_invalid_ratio=0 empty_count=0 empty_ratio=0 full_count=0 full_ratio=0 mean_point_distance=34.16 n1_gt_valid_count=64 n1_in_gt_bg=0.8594 n1_in_gt_bg_count=55 n1_valid_count=64 n1_valid_ratio=1 n2_gt_valid_count=64 n2_in_gt_bg=1 n2_in_gt_bg_count=64 n2_valid_count=64 n2_valid_ratio=1 neg_in_pred_bg=1 neg_in_pred_bg_count=128 negative_pair_count=64 negative_pair_distance_sum=3228 p1_gt_valid_count=64 p1_in_gt_fg=1 p1_in_gt_fg_count=64 p1_valid_count=64 p1_valid_ratio=1 p2_gt_valid_count=64 p2_in_gt_fg=0.9844 p2_in_gt_fg_count=63 p2_valid_count=64 p2_valid_ratio=1 point_distance_sum=4372 point_overlap_count=0 point_overlap_ratio=0 point_pair_count=128 pos_in_pred_fg=1 pos_in_pred_fg_count=128 positive_pair_count=64 positive_pair_distance_sum=1144 roi_count=64 valid_neg_count=128 valid_pos_count=128 warmup_stage=2
2026-07-30 02:36:48,847 - portable_sam_fusion - INFO - epoch 13 | mini-batch 248/294 | optimizer_step 950/5920 | lr=4.742e-04
2026-07-30 02:37:30,884 - portable_sam_fusion - INFO - [DEBUG-BOX] epoch=13 step=3800 fallback_count=0 fallback_ratio=0 num_rois=61 refined_proposal_iou=0 refined_proposal_iou_sum=0 refined_valid_count=0
2026-07-30 02:37:30,884 - portable_sam_fusion - INFO - [DEBUG-COARSE] epoch=13 step=3800 bce_raw=0.149 boundary_fn=2273 boundary_fp=3137 boundary_loss_local_sum=23.19 boundary_tp=2.052e+04 dice=0.06855 dice_loss_raw=0.06855 iou=0.8731 loss_support_foreground_sum=4.282e+04 loss_support_pixel_sum=7.429e+04 loss_valid_roi_count=60 loss_weight=0.1 raw_boundary_fn=2273 raw_boundary_fp=3137 raw_boundary_tp=2.052e+04 raw_dice_score=0.9314 raw_iou=0.8731 refined_boundary_fn=2111 refined_boundary_fp=3041 refined_boundary_tp=2.081e+04 refined_dice_score=0.9308 refined_iou=0.8721 weighted_loss=0.02175
2026-07-30 02:37:30,884 - portable_sam_fusion - INFO - [DEBUG-CONTEXT] epoch=13 step=3800 enabled=0
2026-07-30 02:37:30,884 - portable_sam_fusion - INFO - [DEBUG-DENSE] epoch=13 step=3800 applied_delta_norm=4.575 applied_delta_ratio=0.1959 base_norm=23.36 canvas_max=8 canvas_mean=0.02428 canvas_min=-8 canvas_nonzero_ratio=0.02043 canvas_std=0.7042 final_norm=23.84 residual_alpha=0.2665 shape_norm=30.86 source_delta_norm=17.17 source_delta_ratio=0.7349
2026-07-30 02:37:30,884 - portable_sam_fusion - INFO - [DEBUG-GATE] epoch=13 step=3800 shape_dense_alpha_max=0.2665 shape_dense_alpha_mean=0.2665 shape_dense_alpha_min=0.2665
2026-07-30 02:37:30,884 - portable_sam_fusion - INFO - [DEBUG-JITTER] epoch=13 step=3800 area_ratio_count=61 area_ratio_mean=1 area_ratio_sum=61 fallback_count=0 mean_iou=1 num_jittered=0 num_rois=61
2026-07-30 02:37:30,884 - portable_sam_fusion - INFO - [DEBUG-SP] epoch=13 step=3800 all_invalid_count=0 all_invalid_ratio=0 empty_count=0 empty_ratio=0 full_count=0 full_ratio=0 mean_point_distance=42.74 n1_gt_valid_count=61 n1_in_gt_bg=0.9016 n1_in_gt_bg_count=55 n1_valid_count=61 n1_valid_ratio=1 n2_gt_valid_count=61 n2_in_gt_bg=0.9672 n2_in_gt_bg_count=59 n2_valid_count=61 n2_valid_ratio=1 neg_in_pred_bg=1 neg_in_pred_bg_count=122 negative_pair_count=61 negative_pair_distance_sum=3929 p1_gt_valid_count=61 p1_in_gt_fg=1 p1_in_gt_fg_count=61 p1_valid_count=61 p1_valid_ratio=1 p2_gt_valid_count=61 p2_in_gt_fg=1 p2_in_gt_fg_count=61 p2_valid_count=61 p2_valid_ratio=1 point_distance_sum=5214 point_overlap_count=0 point_overlap_ratio=0 point_pair_count=122 pos_in_pred_fg=1 pos_in_pred_fg_count=122 positive_pair_count=61 positive_pair_distance_sum=1285 roi_count=61 valid_neg_count=122 valid_pos_count=122 warmup_stage=2
2026-07-30 02:38:02,959 - portable_sam_fusion - INFO - Epoch 13 detailed losses: loss_rpn_cls=0.0210, loss_rpn_bbox=0.0078, loss_cls=0.2253, acc=91.1207, loss_bbox=0.0942, loss_mask=0.0021, loss_p2_boundary_refiner=0.0201, schedule/det_weight=1.0000, debug_mask_pos_rois=57.5238, debug_mask_logit_mean=-14.9949, debug_mask_logit_std=2.9922, debug_mask_prob_mean=0.0054, debug_mask_prob_ge05=0.0053, debug_mask_target_fill=0.0053, loss_shape_prior=0.0244
2026-07-30 02:38:02,960 - portable_sam_fusion - INFO - Epoch 13 dense residual monitor: alpha=0.263381 source_delta_norm=12.6315 applied_delta_norm=3.3271 source_delta_ratio=0.540806 applied_delta_ratio=0.142445
2026-07-30 02:38:02,960 - portable_sam_fusion - INFO - Epoch 13 P2 boundary refiner: raw_dice=0.8200 refined_dice=0.8190 raw_iou=0.7578 refined_iou=0.7561 raw_boundary_f1=0.8807 refined_boundary_f1=0.8824
2026-07-30 02:38:02,960 - portable_sam_fusion - INFO - Epoch 13 P2 boundary support: valid=80.46% rejected=19.54% coverage=0.3479 delta_abs=0.110067 nonzero=34.79% saturated=6.87% p2_norm=62.9254 highpass_norm=3.7174 support_fg=56.78%
2026-07-30 02:38:02,960 - portable_sam_fusion - INFO - Epoch 13 primary loss shares: det=88.21% final_mask=0.53% shape=6.18% p2_boundary=5.08%
2026-07-30 02:38:02,960 - portable_sam_fusion - INFO - Epoch 13 schedule: det_loss_weight=1.000 early_stop_start=20 min_delta=0.0005
2026-07-30 02:38:02,960 - portable_sam_fusion - INFO - Epoch 13 learning rates: sat_backbone=4.73e-04, mask_decoder=4.73e-04, shape_prior=4.73e-04, p2_boundary_refiner=4.73e-04, quality_head=4.73e-04, sat_other=4.73e-04
2026-07-30 02:41:29,904 - portable_sam_fusion - INFO - Validation samples: GT=15926, DT=18648, avg_masks_per_image=29.74, avg_mask_fill=0.0083
creating index...
index created!
Loading and preparing results...
DONE (t=0.02s)
creating index...
index created!
Running per image evaluation...
Evaluate annotation type *bbox*
DONE (t=10.83s).
Accumulating evaluation results...
DONE (t=0.19s).
 Average Precision  (AP) @[ IoU=0.50:0.95 | area=   all | maxDets=100 ] = 0.672
 Average Precision  (AP) @[ IoU=0.50      | area=   all | maxDets=100 ] = 0.894
 Average Precision  (AP) @[ IoU=0.75      | area=   all | maxDets=100 ] = 0.802
 Average Precision  (AP) @[ IoU=0.50:0.95 | area= small | maxDets=100 ] = 0.268
 Average Precision  (AP) @[ IoU=0.50:0.95 | area=medium | maxDets=100 ] = 0.718
 Average Precision  (AP) @[ IoU=0.50:0.95 | area= large | maxDets=100 ] = 0.755
 Average Recall     (AR) @[ IoU=0.50:0.95 | area=   all | maxDets=  1 ] = 0.025
 Average Recall     (AR) @[ IoU=0.50:0.95 | area=   all | maxDets= 10 ] = 0.185
 Average Recall     (AR) @[ IoU=0.50:0.95 | area=   all | maxDets=100 ] = 0.722
 Average Recall     (AR) @[ IoU=0.50:0.95 | area= small | maxDets=100 ] = 0.390
 Average Recall     (AR) @[ IoU=0.50:0.95 | area=medium | maxDets=100 ] = 0.768
 Average Recall     (AR) @[ IoU=0.50:0.95 | area= large | maxDets=100 ] = 0.804
2026-07-30 02:41:41,115 - portable_sam_fusion - INFO - Validation bbox/mAP: 0.6723 bbox/mAP_75: 0.8019
Running per image evaluation...
Evaluate annotation type *segm*
DONE (t=11.07s).
Accumulating evaluation results...
DONE (t=0.19s).
 Average Precision  (AP) @[ IoU=0.50:0.95 | area=   all | maxDets=100 ] = 0.626
 Average Precision  (AP) @[ IoU=0.50      | area=   all | maxDets=100 ] = 0.886
 Average Precision  (AP) @[ IoU=0.75      | area=   all | maxDets=100 ] = 0.741
 Average Precision  (AP) @[ IoU=0.50:0.95 | area= small | maxDets=100 ] = 0.182
 Average Precision  (AP) @[ IoU=0.50:0.95 | area=medium | maxDets=100 ] = 0.656
 Average Precision  (AP) @[ IoU=0.50:0.95 | area= large | maxDets=100 ] = 0.786
 Average Recall     (AR) @[ IoU=0.50:0.95 | area=   all | maxDets=  1 ] = 0.025
 Average Recall     (AR) @[ IoU=0.50:0.95 | area=   all | maxDets= 10 ] = 0.181
 Average Recall     (AR) @[ IoU=0.50:0.95 | area=   all | maxDets=100 ] = 0.667
 Average Recall     (AR) @[ IoU=0.50:0.95 | area= small | maxDets=100 ] = 0.275
 Average Recall     (AR) @[ IoU=0.50:0.95 | area=medium | maxDets=100 ] = 0.697
 Average Recall     (AR) @[ IoU=0.50:0.95 | area= large | maxDets=100 ] = 0.826
2026-07-30 02:41:52,402 - portable_sam_fusion - INFO - Validation segm/mAP: 0.6257
2026-07-30 02:41:52,927 - portable_sam_fusion - INFO - New best bbox/mAP: 0.6723
2026-07-30 02:41:52,927 - portable_sam_fusion - INFO - Early-stop metric (segm/mAP): raw=0.6257 smooth(5)=0.6196; counter disabled before epoch 20
2026-07-30 02:41:55,466 - portable_sam_fusion - INFO - Saved best_bbox_model with bbox/mAP: 0.6723
2026-07-30 02:42:00,807 - portable_sam_fusion - INFO - Epoch 13/80 | train=0.394850 val=disabled segm/mAP=0.6257 bbox/mAP=0.6723 | best_segm=0.6265 best_bbox=0.6723 best_comp=0.0000 | sat_backbone=4.73e-04 mask_decoder=4.73e-04 shape_prior=4.73e-04 p2_boundary_refiner=4.73e-04 quality_head=4.73e-04 sat_other=4.73e-04
2026-07-30 02:42:53,689 - portable_sam_fusion - INFO - [DEBUG-BOX] epoch=14 step=3850 fallback_count=0 fallback_ratio=0 num_rois=64 refined_proposal_iou=0 refined_proposal_iou_sum=0 refined_valid_count=0
2026-07-30 02:42:53,690 - portable_sam_fusion - INFO - [DEBUG-COARSE] epoch=14 step=3850 bce_raw=0.0883 boundary_fn=867 boundary_fp=1064 boundary_loss_local_sum=17.37 boundary_tp=2.203e+04 dice=0.04376 dice_loss_raw=0.04376 iou=0.917 loss_support_foreground_sum=4.362e+04 loss_support_pixel_sum=7.182e+04 loss_valid_roi_count=64 loss_weight=0.1 raw_boundary_fn=867 raw_boundary_fp=1064 raw_boundary_tp=2.203e+04 raw_dice_score=0.9562 raw_iou=0.917 refined_boundary_fn=795 refined_boundary_fp=1301 refined_boundary_tp=2.214e+04 refined_dice_score=0.9552 refined_iou=0.9152 weighted_loss=0.01321
2026-07-30 02:42:53,690 - portable_sam_fusion - INFO - [DEBUG-CONTEXT] epoch=14 step=3850 enabled=0
2026-07-30 02:42:53,690 - portable_sam_fusion - INFO - [DEBUG-DENSE] epoch=14 step=3850 applied_delta_norm=3.086 applied_delta_ratio=0.1321 base_norm=23.36 canvas_max=8 canvas_mean=0.01294 canvas_min=-7.364 canvas_nonzero_ratio=0.005419 canvas_std=0.4038 final_norm=23.48 residual_alpha=0.2671 shape_norm=25.89 source_delta_norm=11.56 source_delta_ratio=0.4948
2026-07-30 02:42:53,690 - portable_sam_fusion - INFO - [DEBUG-GATE] epoch=14 step=3850 shape_dense_alpha_max=0.2671 shape_dense_alpha_mean=0.2671 shape_dense_alpha_min=0.2671
2026-07-30 02:42:53,690 - portable_sam_fusion - INFO - [DEBUG-JITTER] epoch=14 step=3850 area_ratio_count=64 area_ratio_mean=1 area_ratio_sum=64 fallback_count=0 mean_iou=1 num_jittered=0 num_rois=64
2026-07-30 02:42:53,690 - portable_sam_fusion - INFO - [DEBUG-SP] epoch=14 step=3850 all_invalid_count=0 all_invalid_ratio=0 empty_count=0 empty_ratio=0 full_count=0 full_ratio=0 mean_point_distance=23.3 n1_gt_valid_count=64 n1_in_gt_bg=0.875 n1_in_gt_bg_count=56 n1_valid_count=64 n1_valid_ratio=1 n2_gt_valid_count=64 n2_in_gt_bg=1 n2_in_gt_bg_count=64 n2_valid_count=64 n2_valid_ratio=1 neg_in_pred_bg=1 neg_in_pred_bg_count=128 negative_pair_count=64 negative_pair_distance_sum=2170 p1_gt_valid_count=64 p1_in_gt_fg=1 p1_in_gt_fg_count=64 p1_valid_count=64 p1_valid_ratio=1 p2_gt_valid_count=64 p2_in_gt_fg=1 p2_in_gt_fg_count=64 p2_valid_count=64 p2_valid_ratio=1 point_distance_sum=2982 point_overlap_count=0 point_overlap_ratio=0 point_pair_count=128 pos_in_pred_fg=1 pos_in_pred_fg_count=128 positive_pair_count=64 positive_pair_distance_sum=812.1 roi_count=64 valid_neg_count=128 valid_pos_count=128 warmup_stage=2
2026-07-30 02:44:21,412 - portable_sam_fusion - INFO - [DEBUG-BOX] epoch=14 step=3900 fallback_count=0 fallback_ratio=0 num_rois=64 refined_proposal_iou=0 refined_proposal_iou_sum=0 refined_valid_count=0
2026-07-30 02:44:21,412 - portable_sam_fusion - INFO - [DEBUG-COARSE] epoch=14 step=3900 bce_raw=0.1789 boundary_fn=3005 boundary_fp=3090 boundary_loss_local_sum=23.35 boundary_tp=2.325e+04 dice=0.07354 dice_loss_raw=0.07354 iou=0.8645 loss_support_foreground_sum=4.548e+04 loss_support_pixel_sum=7.438e+04 loss_valid_roi_count=57 loss_weight=0.1 raw_boundary_fn=3005 raw_boundary_fp=3090 raw_boundary_tp=2.325e+04 raw_dice_score=0.9265 raw_iou=0.8645 refined_boundary_fn=2981 refined_boundary_fp=3160 refined_boundary_tp=2.331e+04 refined_dice_score=0.9243 refined_iou=0.8608 weighted_loss=0.02524
2026-07-30 02:44:21,412 - portable_sam_fusion - INFO - [DEBUG-CONTEXT] epoch=14 step=3900 enabled=0
2026-07-30 02:44:21,412 - portable_sam_fusion - INFO - [DEBUG-DENSE] epoch=14 step=3900 applied_delta_norm=2.536 applied_delta_ratio=0.1086 base_norm=23.36 canvas_max=8 canvas_mean=0.004401 canvas_min=-8 canvas_nonzero_ratio=0.004405 canvas_std=0.3334 final_norm=23.45 residual_alpha=0.2674 shape_norm=25.25 source_delta_norm=9.482 source_delta_ratio=0.406
2026-07-30 02:44:21,412 - portable_sam_fusion - INFO - [DEBUG-GATE] epoch=14 step=3900 shape_dense_alpha_max=0.2674 shape_dense_alpha_mean=0.2674 shape_dense_alpha_min=0.2674
2026-07-30 02:44:21,412 - portable_sam_fusion - INFO - [DEBUG-JITTER] epoch=14 step=3900 area_ratio_count=64 area_ratio_mean=1 area_ratio_sum=64 fallback_count=0 mean_iou=1 num_jittered=0 num_rois=64
2026-07-30 02:44:21,412 - portable_sam_fusion - INFO - [DEBUG-SP] epoch=14 step=3900 all_invalid_count=0 all_invalid_ratio=0 empty_count=0 empty_ratio=0 full_count=0 full_ratio=0 mean_point_distance=25.94 n1_gt_valid_count=64 n1_in_gt_bg=0.7812 n1_in_gt_bg_count=50 n1_valid_count=64 n1_valid_ratio=1 n2_gt_valid_count=64 n2_in_gt_bg=0.9844 n2_in_gt_bg_count=63 n2_valid_count=64 n2_valid_ratio=1 neg_in_pred_bg=1 neg_in_pred_bg_count=128 negative_pair_count=64 negative_pair_distance_sum=2353 p1_gt_valid_count=64 p1_in_gt_fg=1 p1_in_gt_fg_count=64 p1_valid_count=64 p1_valid_ratio=1 p2_gt_valid_count=64 p2_in_gt_fg=1 p2_in_gt_fg_count=64 p2_valid_count=64 p2_valid_ratio=1 point_distance_sum=3321 point_overlap_count=0 point_overlap_ratio=0 point_pair_count=128 pos_in_pred_fg=1 pos_in_pred_fg_count=128 positive_pair_count=64 positive_pair_distance_sum=967.8 roi_count=64 valid_neg_count=128 valid_pos_count=128 warmup_stage=2
2026-07-30 02:45:45,565 - portable_sam_fusion - INFO - [DEBUG-BOX] epoch=14 step=3950 fallback_count=0 fallback_ratio=0 num_rois=64 refined_proposal_iou=0 refined_proposal_iou_sum=0 refined_valid_count=0
2026-07-30 02:45:45,565 - portable_sam_fusion - INFO - [DEBUG-COARSE] epoch=14 step=3950 bce_raw=0.1585 boundary_fn=2103 boundary_fp=2562 boundary_loss_local_sum=21.24 boundary_tp=2.213e+04 dice=0.07045 dice_loss_raw=0.07045 iou=0.8704 loss_support_foreground_sum=4.332e+04 loss_support_pixel_sum=7.302e+04 loss_valid_roi_count=60 loss_weight=0.1 raw_boundary_fn=2103 raw_boundary_fp=2562 raw_boundary_tp=2.213e+04 raw_dice_score=0.9295 raw_iou=0.8704 refined_boundary_fn=1837 refined_boundary_fp=2104 refined_boundary_tp=2.24e+04 refined_dice_score=0.9313 refined_iou=0.8733 weighted_loss=0.02289
2026-07-30 02:45:45,565 - portable_sam_fusion - INFO - [DEBUG-CONTEXT] epoch=14 step=3950 enabled=0
2026-07-30 02:45:45,565 - portable_sam_fusion - INFO - [DEBUG-DENSE] epoch=14 step=3950 applied_delta_norm=3.961 applied_delta_ratio=0.1696 base_norm=23.36 canvas_max=8 canvas_mean=-0.002433 canvas_min=-8 canvas_nonzero_ratio=0.01156 canvas_std=0.6114 final_norm=23.63 residual_alpha=0.2677 shape_norm=28.19 source_delta_norm=14.8 source_delta_ratio=0.6336
2026-07-30 02:45:45,565 - portable_sam_fusion - INFO - [DEBUG-GATE] epoch=14 step=3950 shape_dense_alpha_max=0.2677 shape_dense_alpha_mean=0.2677 shape_dense_alpha_min=0.2677
2026-07-30 02:45:45,565 - portable_sam_fusion - INFO - [DEBUG-JITTER] epoch=14 step=3950 area_ratio_count=64 area_ratio_mean=1 area_ratio_sum=64 fallback_count=0 mean_iou=1 num_jittered=0 num_rois=64
2026-07-30 02:45:45,565 - portable_sam_fusion - INFO - [DEBUG-SP] epoch=14 step=3950 all_invalid_count=0 all_invalid_ratio=0 empty_count=0 empty_ratio=0 full_count=0 full_ratio=0 mean_point_distance=36.56 n1_gt_valid_count=64 n1_in_gt_bg=0.7969 n1_in_gt_bg_count=51 n1_valid_count=64 n1_valid_ratio=1 n2_gt_valid_count=62 n2_in_gt_bg=0.9516 n2_in_gt_bg_count=59 n2_valid_count=62 n2_valid_ratio=0.9688 neg_in_pred_bg=1 neg_in_pred_bg_count=126 negative_pair_count=62 negative_pair_distance_sum=3395 p1_gt_valid_count=64 p1_in_gt_fg=1 p1_in_gt_fg_count=64 p1_valid_count=64 p1_valid_ratio=1 p2_gt_valid_count=64 p2_in_gt_fg=1 p2_in_gt_fg_count=64 p2_valid_count=64 p2_valid_ratio=1 point_distance_sum=4606 point_overlap_count=0 point_overlap_ratio=0 point_pair_count=126 pos_in_pred_fg=1 pos_in_pred_fg_count=128 positive_pair_count=64 positive_pair_distance_sum=1211 roi_count=64 valid_neg_count=126 valid_pos_count=128 warmup_stage=2
2026-07-30 02:46:28,756 - portable_sam_fusion - INFO - epoch 14 | mini-batch 152/294 | optimizer_step 1000/5920 | lr=4.711e-04
2026-07-30 02:47:15,253 - portable_sam_fusion - INFO - [DEBUG-BOX] epoch=14 step=4000 fallback_count=0 fallback_ratio=0 num_rois=64 refined_proposal_iou=0 refined_proposal_iou_sum=0 refined_valid_count=0
2026-07-30 02:47:15,254 - portable_sam_fusion - INFO - [DEBUG-COARSE] epoch=14 step=4000 bce_raw=0.1454 boundary_fn=2577 boundary_fp=1906 boundary_loss_local_sum=15.61 boundary_tp=2.451e+04 dice=0.07815 dice_loss_raw=0.07815 iou=0.8578 loss_support_foreground_sum=3.26e+04 loss_support_pixel_sum=6.136e+04 loss_valid_roi_count=48 loss_weight=0.1 raw_boundary_fn=2577 raw_boundary_fp=1906 raw_boundary_tp=2.451e+04 raw_dice_score=0.9219 raw_iou=0.8578 refined_boundary_fn=2525 refined_boundary_fp=1956 refined_boundary_tp=2.461e+04 refined_dice_score=0.9214 refined_iou=0.8572 weighted_loss=0.02236
2026-07-30 02:47:15,254 - portable_sam_fusion - INFO - [DEBUG-CONTEXT] epoch=14 step=4000 enabled=0
2026-07-30 02:47:15,254 - portable_sam_fusion - INFO - [DEBUG-DENSE] epoch=14 step=4000 applied_delta_norm=3.322 applied_delta_ratio=0.1422 base_norm=23.36 canvas_max=8 canvas_mean=-0.0001517 canvas_min=-8 canvas_nonzero_ratio=0.007456 canvas_std=0.4952 final_norm=23.52 residual_alpha=0.2679 shape_norm=26.48 source_delta_norm=12.4 source_delta_ratio=0.5308
2026-07-30 02:47:15,254 - portable_sam_fusion - INFO - [DEBUG-GATE] epoch=14 step=4000 shape_dense_alpha_max=0.2679 shape_dense_alpha_mean=0.2679 shape_dense_alpha_min=0.2679
2026-07-30 02:47:15,254 - portable_sam_fusion - INFO - [DEBUG-JITTER] epoch=14 step=4000 area_ratio_count=64 area_ratio_mean=1 area_ratio_sum=64 fallback_count=0 mean_iou=1 num_jittered=0 num_rois=64
2026-07-30 02:47:15,254 - portable_sam_fusion - INFO - [DEBUG-SP] epoch=14 step=4000 all_invalid_count=0 all_invalid_ratio=0 empty_count=0 empty_ratio=0 full_count=1 full_ratio=0.01562 mean_point_distance=32.36 n1_gt_valid_count=63 n1_in_gt_bg=0.9524 n1_in_gt_bg_count=60 n1_valid_count=63 n1_valid_ratio=0.9844 n2_gt_valid_count=63 n2_in_gt_bg=1 n2_in_gt_bg_count=63 n2_valid_count=63 n2_valid_ratio=0.9844 neg_in_pred_bg=1 neg_in_pred_bg_count=126 negative_pair_count=63 negative_pair_distance_sum=3022 p1_gt_valid_count=64 p1_in_gt_fg=1 p1_in_gt_fg_count=64 p1_valid_count=64 p1_valid_ratio=1 p2_gt_valid_count=64 p2_in_gt_fg=1 p2_in_gt_fg_count=64 p2_valid_count=64 p2_valid_ratio=1 point_distance_sum=4110 point_overlap_count=0 point_overlap_ratio=0 point_pair_count=127 pos_in_pred_fg=1 pos_in_pred_fg_count=128 positive_pair_count=64 positive_pair_distance_sum=1088 roi_count=64 valid_neg_count=126 valid_pos_count=128 warmup_stage=2
2026-07-30 02:48:32,566 - portable_sam_fusion - INFO - [DEBUG-BOX] epoch=14 step=4050 fallback_count=0 fallback_ratio=0 num_rois=64 refined_proposal_iou=0 refined_proposal_iou_sum=0 refined_valid_count=0
2026-07-30 02:48:32,567 - portable_sam_fusion - INFO - [DEBUG-COARSE] epoch=14 step=4050 bce_raw=0.15 boundary_fn=2857 boundary_fp=2325 boundary_loss_local_sum=20.82 boundary_tp=2.326e+04 dice=0.09042 dice_loss_raw=0.09042 iou=0.8368 loss_support_foreground_sum=3.64e+04 loss_support_pixel_sum=6.873e+04 loss_valid_roi_count=53 loss_weight=0.1 raw_boundary_fn=2857 raw_boundary_fp=2325 raw_boundary_tp=2.326e+04 raw_dice_score=0.9096 raw_iou=0.8368 refined_boundary_fn=2820 refined_boundary_fp=2355 refined_boundary_tp=2.328e+04 refined_dice_score=0.9093 refined_iou=0.8364 weighted_loss=0.02404
2026-07-30 02:48:32,567 - portable_sam_fusion - INFO - [DEBUG-CONTEXT] epoch=14 step=4050 enabled=0
2026-07-30 02:48:32,567 - portable_sam_fusion - INFO - [DEBUG-DENSE] epoch=14 step=4050 applied_delta_norm=4.522 applied_delta_ratio=0.1936 base_norm=23.36 canvas_max=8 canvas_mean=0.005209 canvas_min=-8 canvas_nonzero_ratio=0.01748 canvas_std=0.7072 final_norm=23.78 residual_alpha=0.2682 shape_norm=29.77 source_delta_norm=16.86 source_delta_ratio=0.722
2026-07-30 02:48:32,567 - portable_sam_fusion - INFO - [DEBUG-GATE] epoch=14 step=4050 shape_dense_alpha_max=0.2682 shape_dense_alpha_mean=0.2682 shape_dense_alpha_min=0.2682
2026-07-30 02:48:32,567 - portable_sam_fusion - INFO - [DEBUG-JITTER] epoch=14 step=4050 area_ratio_count=64 area_ratio_mean=1 area_ratio_sum=64 fallback_count=0 mean_iou=1 num_jittered=0 num_rois=64
2026-07-30 02:48:32,567 - portable_sam_fusion - INFO - [DEBUG-SP] epoch=14 step=4050 all_invalid_count=0 all_invalid_ratio=0 empty_count=0 empty_ratio=0 full_count=0 full_ratio=0 mean_point_distance=44.09 n1_gt_valid_count=64 n1_in_gt_bg=0.9375 n1_in_gt_bg_count=60 n1_valid_count=64 n1_valid_ratio=1 n2_gt_valid_count=64 n2_in_gt_bg=1 n2_in_gt_bg_count=64 n2_valid_count=64 n2_valid_ratio=1 neg_in_pred_bg=1 neg_in_pred_bg_count=128 negative_pair_count=64 negative_pair_distance_sum=4119 p1_gt_valid_count=64 p1_in_gt_fg=1 p1_in_gt_fg_count=64 p1_valid_count=64 p1_valid_ratio=1 p2_gt_valid_count=64 p2_in_gt_fg=1 p2_in_gt_fg_count=64 p2_valid_count=64 p2_valid_ratio=1 point_distance_sum=5643 point_overlap_count=0 point_overlap_ratio=0 point_pair_count=128 pos_in_pred_fg=1 pos_in_pred_fg_count=128 positive_pair_count=64 positive_pair_distance_sum=1524 roi_count=64 valid_neg_count=128 valid_pos_count=128 warmup_stage=2
2026-07-30 02:49:44,495 - portable_sam_fusion - INFO - [DEBUG-BOX] epoch=14 step=4100 fallback_count=0 fallback_ratio=0 num_rois=0 refined_proposal_iou=0 refined_proposal_iou_sum=0 refined_valid_count=0
2026-07-30 02:49:44,495 - portable_sam_fusion - INFO - [DEBUG-COARSE] epoch=14 step=4100 boundary_fn=0 boundary_fp=0 boundary_tp=0 dice=0 iou=0
2026-07-30 02:49:44,495 - portable_sam_fusion - INFO - [DEBUG-CONTEXT] epoch=14 step=4100 enabled=0
2026-07-30 02:49:44,495 - portable_sam_fusion - INFO - [DEBUG-DENSE] epoch=14 step=4100 applied_delta_norm=2.756 applied_delta_ratio=0.118 base_norm=23.36 canvas_max=8 canvas_mean=-0.001929 canvas_min=-8 canvas_nonzero_ratio=0.005329 canvas_std=0.3861 final_norm=23.47 residual_alpha=0.2685 shape_norm=25.57 source_delta_norm=10.26 source_delta_ratio=0.4394
2026-07-30 02:49:44,495 - portable_sam_fusion - INFO - [DEBUG-GATE] epoch=14 step=4100 shape_dense_alpha_max=0.2685 shape_dense_alpha_mean=0.2685 shape_dense_alpha_min=0.2685
2026-07-30 02:49:44,495 - portable_sam_fusion - INFO - [DEBUG-JITTER] epoch=14 step=4100 area_ratio_count=0 area_ratio_mean=0 area_ratio_sum=0 fallback_count=0 mean_iou=0 num_jittered=0 num_rois=0
2026-07-30 02:49:44,495 - portable_sam_fusion - INFO - [DEBUG-SP] epoch=14 step=4100 all_invalid_count=0 all_invalid_ratio=0 empty_count=0 empty_ratio=0 full_count=0 full_ratio=0 mean_point_distance=24.79 n1_gt_valid_count=64 n1_in_gt_bg=0.9531 n1_in_gt_bg_count=61 n1_valid_count=64 n1_valid_ratio=1 n2_gt_valid_count=64 n2_in_gt_bg=0.9688 n2_in_gt_bg_count=62 n2_valid_count=64 n2_valid_ratio=1 neg_in_pred_bg=1 neg_in_pred_bg_count=128 negative_pair_count=64 negative_pair_distance_sum=2191 p1_gt_valid_count=64 p1_in_gt_fg=1 p1_in_gt_fg_count=64 p1_valid_count=64 p1_valid_ratio=1 p2_gt_valid_count=64 p2_in_gt_fg=1 p2_in_gt_fg_count=64 p2_valid_count=64 p2_valid_ratio=1 point_distance_sum=3173 point_overlap_count=0 point_overlap_ratio=0 point_pair_count=128 pos_in_pred_fg=1 pos_in_pred_fg_count=128 positive_pair_count=64 positive_pair_distance_sum=981.4 roi_count=64 valid_neg_count=128 valid_pos_count=128 warmup_stage=2
2026-07-30 02:50:03,442 - portable_sam_fusion - INFO - Epoch 14 detailed losses: loss_rpn_cls=0.0170, loss_rpn_bbox=0.0065, loss_cls=0.2138, acc=91.5161, loss_bbox=0.0889, loss_mask=0.0015, debug_mask_pos_rois=55.7211, debug_mask_logit_mean=-15.1156, debug_mask_logit_std=2.9103, debug_mask_prob_mean=0.0046, debug_mask_prob_ge05=0.0045, debug_mask_target_fill=0.0045, loss_shape_prior=0.0230, loss_p2_boundary_refiner=0.0186, schedule/det_weight=1.0000
2026-07-30 02:50:03,443 - portable_sam_fusion - INFO - Epoch 14 dense residual monitor: alpha=0.265363 source_delta_norm=12.6391 applied_delta_norm=3.3535 source_delta_ratio=0.541131 applied_delta_ratio=0.143579
2026-07-30 02:50:03,443 - portable_sam_fusion - INFO - Epoch 14 P2 boundary refiner: raw_dice=0.8186 refined_dice=0.8175 raw_iou=0.7570 refined_iou=0.7553 raw_boundary_f1=0.8829 refined_boundary_f1=0.8843
2026-07-30 02:50:03,443 - portable_sam_fusion - INFO - Epoch 14 P2 boundary support: valid=79.77% rejected=20.23% coverage=0.3455 delta_abs=0.109227 nonzero=34.55% saturated=6.83% p2_norm=61.7371 highpass_norm=3.6838 support_fg=56.94%
2026-07-30 02:50:03,443 - portable_sam_fusion - INFO - Epoch 14 primary loss shares: det=88.34% final_mask=0.41% shape=6.23% p2_boundary=5.03%
2026-07-30 02:50:03,443 - portable_sam_fusion - INFO - Epoch 14 schedule: det_loss_weight=1.000 early_stop_start=20 min_delta=0.0005
2026-07-30 02:50:03,443 - portable_sam_fusion - INFO - Epoch 14 learning rates: sat_backbone=4.69e-04, mask_decoder=4.69e-04, shape_prior=4.69e-04, p2_boundary_refiner=4.69e-04, quality_head=4.69e-04, sat_other=4.69e-04
2026-07-30 02:53:48,233 - portable_sam_fusion - INFO - Validation samples: GT=15926, DT=18597, avg_masks_per_image=29.66, avg_mask_fill=0.0052
creating index...
index created!
Loading and preparing results...
DONE (t=0.03s)
creating index...
index created!
Running per image evaluation...
Evaluate annotation type *bbox*
DONE (t=10.99s).
Accumulating evaluation results...
DONE (t=0.18s).
 Average Precision  (AP) @[ IoU=0.50:0.95 | area=   all | maxDets=100 ] = 0.679
 Average Precision  (AP) @[ IoU=0.50      | area=   all | maxDets=100 ] = 0.898
 Average Precision  (AP) @[ IoU=0.75      | area=   all | maxDets=100 ] = 0.805
 Average Precision  (AP) @[ IoU=0.50:0.95 | area= small | maxDets=100 ] = 0.299
 Average Precision  (AP) @[ IoU=0.50:0.95 | area=medium | maxDets=100 ] = 0.726
 Average Precision  (AP) @[ IoU=0.50:0.95 | area= large | maxDets=100 ] = 0.745
 Average Recall     (AR) @[ IoU=0.50:0.95 | area=   all | maxDets=  1 ] = 0.025
 Average Recall     (AR) @[ IoU=0.50:0.95 | area=   all | maxDets= 10 ] = 0.184
 Average Recall     (AR) @[ IoU=0.50:0.95 | area=   all | maxDets=100 ] = 0.728
 Average Recall     (AR) @[ IoU=0.50:0.95 | area= small | maxDets=100 ] = 0.426
 Average Recall     (AR) @[ IoU=0.50:0.95 | area=medium | maxDets=100 ] = 0.775
 Average Recall     (AR) @[ IoU=0.50:0.95 | area= large | maxDets=100 ] = 0.788
2026-07-30 02:53:59,623 - portable_sam_fusion - INFO - Validation bbox/mAP: 0.6793 bbox/mAP_75: 0.8052
Running per image evaluation...
Evaluate annotation type *segm*
DONE (t=11.27s).
Accumulating evaluation results...
DONE (t=0.19s).
 Average Precision  (AP) @[ IoU=0.50:0.95 | area=   all | maxDets=100 ] = 0.648
 Average Precision  (AP) @[ IoU=0.50      | area=   all | maxDets=100 ] = 0.898
 Average Precision  (AP) @[ IoU=0.75      | area=   all | maxDets=100 ] = 0.765
 Average Precision  (AP) @[ IoU=0.50:0.95 | area= small | maxDets=100 ] = 0.220
 Average Precision  (AP) @[ IoU=0.50:0.95 | area=medium | maxDets=100 ] = 0.676
 Average Precision  (AP) @[ IoU=0.50:0.95 | area= large | maxDets=100 ] = 0.803
 Average Recall     (AR) @[ IoU=0.50:0.95 | area=   all | maxDets=  1 ] = 0.026
 Average Recall     (AR) @[ IoU=0.50:0.95 | area=   all | maxDets= 10 ] = 0.183
 Average Recall     (AR) @[ IoU=0.50:0.95 | area=   all | maxDets=100 ] = 0.687
 Average Recall     (AR) @[ IoU=0.50:0.95 | area= small | maxDets=100 ] = 0.320
 Average Recall     (AR) @[ IoU=0.50:0.95 | area=medium | maxDets=100 ] = 0.716
 Average Recall     (AR) @[ IoU=0.50:0.95 | area= large | maxDets=100 ] = 0.836
2026-07-30 02:54:11,121 - portable_sam_fusion - INFO - Validation segm/mAP: 0.6478
2026-07-30 02:54:11,664 - portable_sam_fusion - INFO - New best segm/mAP: 0.6478
2026-07-30 02:54:11,665 - portable_sam_fusion - INFO - New best bbox/mAP: 0.6793
2026-07-30 02:54:11,665 - portable_sam_fusion - INFO - New best early-stop metric (segm/mAP): raw=0.6478 smooth(5)=0.6265
2026-07-30 02:54:14,252 - portable_sam_fusion - INFO - Saved best_model with segm/mAP: 0.6478
2026-07-30 02:54:16,990 - portable_sam_fusion - INFO - Saved best_bbox_model with bbox/mAP: 0.6793
2026-07-30 02:54:22,503 - portable_sam_fusion - INFO - Epoch 14/80 | train=0.369399 val=disabled segm/mAP=0.6478 bbox/mAP=0.6793 | best_segm=0.6478 best_bbox=0.6793 best_comp=0.0000 | sat_backbone=4.69e-04 mask_decoder=4.69e-04 shape_prior=4.69e-04 p2_boundary_refiner=4.69e-04 quality_head=4.69e-04 sat_other=4.69e-04
2026-07-30 02:55:24,776 - portable_sam_fusion - INFO - [DEBUG-BOX] epoch=15 step=4150 fallback_count=0 fallback_ratio=0 num_rois=64 refined_proposal_iou=0 refined_proposal_iou_sum=0 refined_valid_count=0
2026-07-30 02:55:24,776 - portable_sam_fusion - INFO - [DEBUG-COARSE] epoch=15 step=4150 bce_raw=0.2206 boundary_fn=4816 boundary_fp=4603 boundary_loss_local_sum=34 boundary_tp=1.958e+04 dice=0.0827 dice_loss_raw=0.0827 iou=0.8492 loss_support_foreground_sum=4.492e+04 loss_support_pixel_sum=7.964e+04 loss_valid_roi_count=63 loss_weight=0.1 raw_boundary_fn=4816 raw_boundary_fp=4603 raw_boundary_tp=1.958e+04 raw_dice_score=0.9173 raw_iou=0.8492 refined_boundary_fn=4967 refined_boundary_fp=4985 refined_boundary_tp=1.95e+04 refined_dice_score=0.9151 refined_iou=0.8456 weighted_loss=0.03033
2026-07-30 02:55:24,776 - portable_sam_fusion - INFO - [DEBUG-CONTEXT] epoch=15 step=4150 enabled=0
2026-07-30 02:55:24,776 - portable_sam_fusion - INFO - [DEBUG-DENSE] epoch=15 step=4150 applied_delta_norm=2.486 applied_delta_ratio=0.1064 base_norm=23.36 canvas_max=8 canvas_mean=0.005242 canvas_min=-8 canvas_nonzero_ratio=0.00427 canvas_std=0.3859 final_norm=23.45 residual_alpha=0.2688 shape_norm=25.23 source_delta_norm=9.246 source_delta_ratio=0.3959
2026-07-30 02:55:24,776 - portable_sam_fusion - INFO - [DEBUG-GATE] epoch=15 step=4150 shape_dense_alpha_max=0.2688 shape_dense_alpha_mean=0.2688 shape_dense_alpha_min=0.2688
2026-07-30 02:55:24,776 - portable_sam_fusion - INFO - [DEBUG-JITTER] epoch=15 step=4150 area_ratio_count=64 area_ratio_mean=1 area_ratio_sum=64 fallback_count=0 mean_iou=1 num_jittered=0 num_rois=64
2026-07-30 02:55:24,776 - portable_sam_fusion - INFO - [DEBUG-SP] epoch=15 step=4150 all_invalid_count=0 all_invalid_ratio=0 empty_count=0 empty_ratio=0 full_count=0 full_ratio=0 mean_point_distance=20.99 n1_gt_valid_count=64 n1_in_gt_bg=0.7344 n1_in_gt_bg_count=47 n1_valid_count=64 n1_valid_ratio=1 n2_gt_valid_count=64 n2_in_gt_bg=1 n2_in_gt_bg_count=64 n2_valid_count=64 n2_valid_ratio=1 neg_in_pred_bg=1 neg_in_pred_bg_count=128 negative_pair_count=64 negative_pair_distance_sum=2005 p1_gt_valid_count=64 p1_in_gt_fg=1 p1_in_gt_fg_count=64 p1_valid_count=64 p1_valid_ratio=1 p2_gt_valid_count=64 p2_in_gt_fg=1 p2_in_gt_fg_count=64 p2_valid_count=64 p2_valid_ratio=1 point_distance_sum=2687 point_overlap_count=0 point_overlap_ratio=0 point_pair_count=128 pos_in_pred_fg=1 pos_in_pred_fg_count=128 positive_pair_count=64 positive_pair_distance_sum=682.3 roi_count=64 valid_neg_count=128 valid_pos_count=128 warmup_stage=2
2026-07-30 02:56:02,815 - portable_sam_fusion - INFO - epoch 15 | mini-batch 56/294 | optimizer_step 1050/5920 | lr=4.679e-04
2026-07-30 02:56:54,834 - portable_sam_fusion - INFO - [DEBUG-BOX] epoch=15 step=4200 fallback_count=0 fallback_ratio=0 num_rois=64 refined_proposal_iou=0 refined_proposal_iou_sum=0 refined_valid_count=0
2026-07-30 02:56:54,834 - portable_sam_fusion - INFO - [DEBUG-COARSE] epoch=15 step=4200 bce_raw=0.1628 boundary_fn=2347 boundary_fp=2871 boundary_loss_local_sum=22.23 boundary_tp=2.293e+04 dice=0.06358 dice_loss_raw=0.06358 iou=0.8818 loss_support_foreground_sum=4.417e+04 loss_support_pixel_sum=6.724e+04 loss_valid_roi_count=55 loss_weight=0.1 raw_boundary_fn=2347 raw_boundary_fp=2871 raw_boundary_tp=2.293e+04 raw_dice_score=0.9364 raw_iou=0.8818 refined_boundary_fn=2260 refined_boundary_fp=2832 refined_boundary_tp=2.303e+04 refined_dice_score=0.9352 refined_iou=0.8797 weighted_loss=0.02264
2026-07-30 02:56:54,834 - portable_sam_fusion - INFO - [DEBUG-CONTEXT] epoch=15 step=4200 enabled=0
2026-07-30 02:56:54,834 - portable_sam_fusion - INFO - [DEBUG-DENSE] epoch=15 step=4200 applied_delta_norm=3.081 applied_delta_ratio=0.1319 base_norm=23.36 canvas_max=8 canvas_mean=0.01195 canvas_min=-8 canvas_nonzero_ratio=0.006117 canvas_std=0.421 final_norm=23.5 residual_alpha=0.2691 shape_norm=26.08 source_delta_norm=11.45 source_delta_ratio=0.4901
2026-07-30 02:56:54,834 - portable_sam_fusion - INFO - [DEBUG-GATE] epoch=15 step=4200 shape_dense_alpha_max=0.2691 shape_dense_alpha_mean=0.2691 shape_dense_alpha_min=0.2691
2026-07-30 02:56:54,834 - portable_sam_fusion - INFO - [DEBUG-JITTER] epoch=15 step=4200 area_ratio_count=64 area_ratio_mean=1 area_ratio_sum=64 fallback_count=0 mean_iou=1 num_jittered=0 num_rois=64
2026-07-30 02:56:54,834 - portable_sam_fusion - INFO - [DEBUG-SP] epoch=15 step=4200 all_invalid_count=0 all_invalid_ratio=0 empty_count=0 empty_ratio=0 full_count=0 full_ratio=0 mean_point_distance=29.77 n1_gt_valid_count=64 n1_in_gt_bg=0.7031 n1_in_gt_bg_count=45 n1_valid_count=64 n1_valid_ratio=1 n2_gt_valid_count=64 n2_in_gt_bg=0.9531 n2_in_gt_bg_count=61 n2_valid_count=64 n2_valid_ratio=1 neg_in_pred_bg=1 neg_in_pred_bg_count=128 negative_pair_count=64 negative_pair_distance_sum=2659 p1_gt_valid_count=64 p1_in_gt_fg=1 p1_in_gt_fg_count=64 p1_valid_count=64 p1_valid_ratio=1 p2_gt_valid_count=64 p2_in_gt_fg=1 p2_in_gt_fg_count=64 p2_valid_count=64 p2_valid_ratio=1 point_distance_sum=3811 point_overlap_count=0 point_overlap_ratio=0 point_pair_count=128 pos_in_pred_fg=1 pos_in_pred_fg_count=128 positive_pair_count=64 positive_pair_distance_sum=1152 roi_count=64 valid_neg_count=128 valid_pos_count=128 warmup_stage=2
2026-07-30 02:58:16,910 - portable_sam_fusion - INFO - [DEBUG-BOX] epoch=15 step=4250 fallback_count=0 fallback_ratio=0 num_rois=64 refined_proposal_iou=0 refined_proposal_iou_sum=0 refined_valid_count=0
2026-07-30 02:58:16,910 - portable_sam_fusion - INFO - [DEBUG-COARSE] epoch=15 step=4250 bce_raw=0.1686 boundary_fn=2442 boundary_fp=2913 boundary_loss_local_sum=12.68 boundary_tp=2.568e+04 dice=0.1054 dice_loss_raw=0.1054 iou=0.8157 loss_support_foreground_sum=2.31e+04 loss_support_pixel_sum=4.629e+04 loss_valid_roi_count=34 loss_weight=0.1 raw_boundary_fn=2442 raw_boundary_fp=2913 raw_boundary_tp=2.568e+04 raw_dice_score=0.8946 raw_iou=0.8157 refined_boundary_fn=2485 refined_boundary_fp=2962 refined_boundary_tp=2.566e+04 refined_dice_score=0.893 refined_iou=0.8132 weighted_loss=0.0274
2026-07-30 02:58:16,910 - portable_sam_fusion - INFO - [DEBUG-CONTEXT] epoch=15 step=4250 enabled=0
2026-07-30 02:58:16,910 - portable_sam_fusion - INFO - [DEBUG-DENSE] epoch=15 step=4250 applied_delta_norm=2.964 applied_delta_ratio=0.1269 base_norm=23.36 canvas_max=8 canvas_mean=-0.007911 canvas_min=-8 canvas_nonzero_ratio=0.007154 canvas_std=0.4389 final_norm=23.51 residual_alpha=0.2695 shape_norm=26.11 source_delta_norm=11 source_delta_ratio=0.4708
2026-07-30 02:58:16,910 - portable_sam_fusion - INFO - [DEBUG-GATE] epoch=15 step=4250 shape_dense_alpha_max=0.2695 shape_dense_alpha_mean=0.2695 shape_dense_alpha_min=0.2695
2026-07-30 02:58:16,910 - portable_sam_fusion - INFO - [DEBUG-JITTER] epoch=15 step=4250 area_ratio_count=64 area_ratio_mean=1 area_ratio_sum=64 fallback_count=0 mean_iou=1 num_jittered=0 num_rois=64
2026-07-30 02:58:16,910 - portable_sam_fusion - INFO - [DEBUG-SP] epoch=15 step=4250 all_invalid_count=0 all_invalid_ratio=0 empty_count=0 empty_ratio=0 full_count=0 full_ratio=0 mean_point_distance=28.82 n1_gt_valid_count=64 n1_in_gt_bg=0.8906 n1_in_gt_bg_count=57 n1_valid_count=64 n1_valid_ratio=1 n2_gt_valid_count=64 n2_in_gt_bg=1 n2_in_gt_bg_count=64 n2_valid_count=64 n2_valid_ratio=1 neg_in_pred_bg=1 neg_in_pred_bg_count=128 negative_pair_count=64 negative_pair_distance_sum=2626 p1_gt_valid_count=64 p1_in_gt_fg=0.9844 p1_in_gt_fg_count=63 p1_valid_count=64 p1_valid_ratio=1 p2_gt_valid_count=64 p2_in_gt_fg=0.9844 p2_in_gt_fg_count=63 p2_valid_count=64 p2_valid_ratio=1 point_distance_sum=3690 point_overlap_count=0 point_overlap_ratio=0 point_pair_count=128 pos_in_pred_fg=1 pos_in_pred_fg_count=128 positive_pair_count=64 positive_pair_distance_sum=1064 roi_count=64 valid_neg_count=128 valid_pos_count=128 warmup_stage=2
2026-07-30 02:59:25,029 - portable_sam_fusion - INFO - [DEBUG-BOX] epoch=15 step=4300 fallback_count=0 fallback_ratio=0 num_rois=0 refined_proposal_iou=0 refined_proposal_iou_sum=0 refined_valid_count=0
2026-07-30 02:59:25,029 - portable_sam_fusion - INFO - [DEBUG-COARSE] epoch=15 step=4300 boundary_fn=0 boundary_fp=0 boundary_tp=0 dice=0 iou=0
2026-07-30 02:59:25,029 - portable_sam_fusion - INFO - [DEBUG-CONTEXT] epoch=15 step=4300 enabled=0
2026-07-30 02:59:25,029 - portable_sam_fusion - INFO - [DEBUG-DENSE] epoch=15 step=4300 applied_delta_norm=9.633 applied_delta_ratio=0.4124 base_norm=23.36 canvas_max=8 canvas_mean=-0.0321 canvas_min=-8 canvas_nonzero_ratio=0.06247 canvas_std=1.082 final_norm=24.8 residual_alpha=0.2698 shape_norm=42.71 source_delta_norm=35.71 source_delta_ratio=1.529
2026-07-30 02:59:25,029 - portable_sam_fusion - INFO - [DEBUG-GATE] epoch=15 step=4300 shape_dense_alpha_max=0.2698 shape_dense_alpha_mean=0.2698 shape_dense_alpha_min=0.2698
2026-07-30 02:59:25,029 - portable_sam_fusion - INFO - [DEBUG-JITTER] epoch=15 step=4300 area_ratio_count=0 area_ratio_mean=0 area_ratio_sum=0 fallback_count=0 mean_iou=0 num_jittered=0 num_rois=0
2026-07-30 02:59:25,029 - portable_sam_fusion - INFO - [DEBUG-SP] epoch=15 step=4300 all_invalid_count=0 all_invalid_ratio=0 empty_count=0 empty_ratio=0 full_count=0 full_ratio=0 mean_point_distance=114.2 n1_gt_valid_count=64 n1_in_gt_bg=0.9219 n1_in_gt_bg_count=59 n1_valid_count=64 n1_valid_ratio=1 n2_gt_valid_count=64 n2_in_gt_bg=1 n2_in_gt_bg_count=64 n2_valid_count=64 n2_valid_ratio=1 neg_in_pred_bg=1 neg_in_pred_bg_count=128 negative_pair_count=64 negative_pair_distance_sum=1.006e+04 p1_gt_valid_count=64 p1_in_gt_fg=0.8906 p1_in_gt_fg_count=57 p1_valid_count=64 p1_valid_ratio=1 p2_gt_valid_count=64 p2_in_gt_fg=0.9219 p2_in_gt_fg_count=59 p2_valid_count=64 p2_valid_ratio=1 point_distance_sum=1.462e+04 point_overlap_count=0 point_overlap_ratio=0 point_pair_count=128 pos_in_pred_fg=1 pos_in_pred_fg_count=128 positive_pair_count=64 positive_pair_distance_sum=4560 roi_count=64 valid_neg_count=128 valid_pos_count=128 warmup_stage=2
2026-07-30 03:00:32,425 - portable_sam_fusion - INFO - [DEBUG-BOX] epoch=15 step=4350 fallback_count=0 fallback_ratio=0 num_rois=64 refined_proposal_iou=0 refined_proposal_iou_sum=0 refined_valid_count=0
2026-07-30 03:00:32,425 - portable_sam_fusion - INFO - [DEBUG-COARSE] epoch=15 step=4350 bce_raw=0.1747 boundary_fn=2822 boundary_fp=2500 boundary_loss_local_sum=24.05 boundary_tp=2.11e+04 dice=0.07768 dice_loss_raw=0.07768 iou=0.8639 loss_support_foreground_sum=4.484e+04 loss_support_pixel_sum=7.106e+04 loss_valid_roi_count=61 loss_weight=0.1 raw_boundary_fn=2822 raw_boundary_fp=2500 raw_boundary_tp=2.11e+04 raw_dice_score=0.9223 raw_iou=0.8639 refined_boundary_fn=2806 refined_boundary_fp=2709 refined_boundary_tp=2.118e+04 refined_dice_score=0.9218 refined_iou=0.8627 weighted_loss=0.02524
2026-07-30 03:00:32,425 - portable_sam_fusion - INFO - [DEBUG-CONTEXT] epoch=15 step=4350 enabled=0
2026-07-30 03:00:32,425 - portable_sam_fusion - INFO - [DEBUG-DENSE] epoch=15 step=4350 applied_delta_norm=2.949 applied_delta_ratio=0.1263 base_norm=23.36 canvas_max=8 canvas_mean=0.001075 canvas_min=-8 canvas_nonzero_ratio=0.006043 canvas_std=0.4493 final_norm=23.5 residual_alpha=0.2706 shape_norm=25.95 source_delta_norm=10.9 source_delta_ratio=0.4666
2026-07-30 03:00:32,425 - portable_sam_fusion - INFO - [DEBUG-GATE] epoch=15 step=4350 shape_dense_alpha_max=0.2706 shape_dense_alpha_mean=0.2706 shape_dense_alpha_min=0.2706
2026-07-30 03:00:32,425 - portable_sam_fusion - INFO - [DEBUG-JITTER] epoch=15 step=4350 area_ratio_count=64 area_ratio_mean=1 area_ratio_sum=64 fallback_count=0 mean_iou=1 num_jittered=0 num_rois=64
2026-07-30 03:00:32,425 - portable_sam_fusion - INFO - [DEBUG-SP] epoch=15 step=4350 all_invalid_count=0 all_invalid_ratio=0 empty_count=0 empty_ratio=0 full_count=1 full_ratio=0.01562 mean_point_distance=26.09 n1_gt_valid_count=63 n1_in_gt_bg=0.7619 n1_in_gt_bg_count=48 n1_valid_count=63 n1_valid_ratio=0.9844 n2_gt_valid_count=63 n2_in_gt_bg=0.9524 n2_in_gt_bg_count=60 n2_valid_count=63 n2_valid_ratio=0.9844 neg_in_pred_bg=1 neg_in_pred_bg_count=126 negative_pair_count=63 negative_pair_distance_sum=2532 p1_gt_valid_count=64 p1_in_gt_fg=1 p1_in_gt_fg_count=64 p1_valid_count=64 p1_valid_ratio=1 p2_gt_valid_count=64 p2_in_gt_fg=0.9844 p2_in_gt_fg_count=63 p2_valid_count=64 p2_valid_ratio=1 point_distance_sum=3314 point_overlap_count=0 point_overlap_ratio=0 point_pair_count=127 pos_in_pred_fg=1 pos_in_pred_fg_count=128 positive_pair_count=64 positive_pair_distance_sum=781.8 roi_count=64 valid_neg_count=126 valid_pos_count=128 warmup_stage=2
2026-07-30 03:01:03,691 - portable_sam_fusion - INFO - epoch 15 | mini-batch 256/294 | optimizer_step 1100/5920 | lr=4.645e-04
2026-07-30 03:01:40,757 - portable_sam_fusion - INFO - [DEBUG-BOX] epoch=15 step=4400 fallback_count=0 fallback_ratio=0 num_rois=64 refined_proposal_iou=0 refined_proposal_iou_sum=0 refined_valid_count=0
2026-07-30 03:01:40,757 - portable_sam_fusion - INFO - [DEBUG-COARSE] epoch=15 step=4400 bce_raw=0.136 boundary_fn=2074 boundary_fp=2312 boundary_loss_local_sum=24.33 boundary_tp=2.212e+04 dice=0.0616 dice_loss_raw=0.0616 iou=0.885 loss_support_foreground_sum=4.912e+04 loss_support_pixel_sum=7.645e+04 loss_valid_roi_count=63 loss_weight=0.1 raw_boundary_fn=2074 raw_boundary_fp=2312 raw_boundary_tp=2.212e+04 raw_dice_score=0.9384 raw_iou=0.885 refined_boundary_fn=1903 refined_boundary_fp=2535 refined_boundary_tp=2.247e+04 refined_dice_score=0.9368 refined_iou=0.8821 weighted_loss=0.01976
2026-07-30 03:01:40,757 - portable_sam_fusion - INFO - [DEBUG-CONTEXT] epoch=15 step=4400 enabled=0
2026-07-30 03:01:40,757 - portable_sam_fusion - INFO - [DEBUG-DENSE] epoch=15 step=4400 applied_delta_norm=3.293 applied_delta_ratio=0.141 base_norm=23.36 canvas_max=8 canvas_mean=0.006461 canvas_min=-8 canvas_nonzero_ratio=0.006574 canvas_std=0.4219 final_norm=23.51 residual_alpha=0.2716 shape_norm=26.28 source_delta_norm=12.12 source_delta_ratio=0.5191
2026-07-30 03:01:40,757 - portable_sam_fusion - INFO - [DEBUG-GATE] epoch=15 step=4400 shape_dense_alpha_max=0.2716 shape_dense_alpha_mean=0.2716 shape_dense_alpha_min=0.2716
2026-07-30 03:01:40,757 - portable_sam_fusion - INFO - [DEBUG-JITTER] epoch=15 step=4400 area_ratio_count=64 area_ratio_mean=1 area_ratio_sum=64 fallback_count=0 mean_iou=1 num_jittered=0 num_rois=64
2026-07-30 03:01:40,757 - portable_sam_fusion - INFO - [DEBUG-SP] epoch=15 step=4400 all_invalid_count=0 all_invalid_ratio=0 empty_count=0 empty_ratio=0 full_count=0 full_ratio=0 mean_point_distance=30.85 n1_gt_valid_count=64 n1_in_gt_bg=0.6094 n1_in_gt_bg_count=39 n1_valid_count=64 n1_valid_ratio=1 n2_gt_valid_count=64 n2_in_gt_bg=0.9844 n2_in_gt_bg_count=63 n2_valid_count=64 n2_valid_ratio=1 neg_in_pred_bg=1 neg_in_pred_bg_count=128 negative_pair_count=64 negative_pair_distance_sum=2922 p1_gt_valid_count=64 p1_in_gt_fg=1 p1_in_gt_fg_count=64 p1_valid_count=64 p1_valid_ratio=1 p2_gt_valid_count=64 p2_in_gt_fg=1 p2_in_gt_fg_count=64 p2_valid_count=64 p2_valid_ratio=1 point_distance_sum=3949 point_overlap_count=0 point_overlap_ratio=0 point_pair_count=128 pos_in_pred_fg=1 pos_in_pred_fg_count=128 positive_pair_count=64 positive_pair_distance_sum=1027 roi_count=64 valid_neg_count=128 valid_pos_count=128 warmup_stage=2
2026-07-30 03:01:53,216 - portable_sam_fusion - INFO - Epoch 15 detailed losses: loss_rpn_cls=0.0179, loss_rpn_bbox=0.0068, loss_cls=0.2014, acc=92.0310, loss_bbox=0.0868, loss_mask=0.0019, debug_mask_pos_rois=56.7143, debug_mask_logit_mean=-14.4951, debug_mask_logit_std=2.8267, debug_mask_prob_mean=0.0052, debug_mask_prob_ge05=0.0052, debug_mask_target_fill=0.0053, loss_shape_prior=0.0228, loss_p2_boundary_refiner=0.0189, schedule/det_weight=1.0000
2026-07-30 03:01:53,216 - portable_sam_fusion - INFO - Epoch 15 dense residual monitor: alpha=0.266816 source_delta_norm=12.7296 applied_delta_norm=3.3973 source_delta_ratio=0.545007 applied_delta_ratio=0.145452
2026-07-30 03:01:53,216 - portable_sam_fusion - INFO - Epoch 15 P2 boundary refiner: raw_dice=0.8191 refined_dice=0.8181 raw_iou=0.7582 refined_iou=0.7567 raw_boundary_f1=0.8860 refined_boundary_f1=0.8874
2026-07-30 03:01:53,216 - portable_sam_fusion - INFO - Epoch 15 P2 boundary support: valid=80.03% rejected=19.97% coverage=0.3463 delta_abs=0.109354 nonzero=34.63% saturated=7.24% p2_norm=63.3521 highpass_norm=3.7767 support_fg=56.71%
2026-07-30 03:01:53,216 - portable_sam_fusion - INFO - Epoch 15 primary loss shares: det=87.76% final_mask=0.52% shape=6.40% p2_boundary=5.31%
2026-07-30 03:01:53,216 - portable_sam_fusion - INFO - Epoch 15 schedule: det_loss_weight=1.000 early_stop_start=20 min_delta=0.0005
2026-07-30 03:01:53,216 - portable_sam_fusion - INFO - Epoch 15 learning rates: sat_backbone=4.64e-04, mask_decoder=4.64e-04, shape_prior=4.64e-04, p2_boundary_refiner=4.64e-04, quality_head=4.64e-04, sat_other=4.64e-04
2026-07-30 03:05:43,712 - portable_sam_fusion - INFO - Validation samples: GT=15926, DT=17801, avg_masks_per_image=28.39, avg_mask_fill=0.0057
creating index...
index created!
Loading and preparing results...
DONE (t=0.02s)
creating index...
index created!
Running per image evaluation...
Evaluate annotation type *bbox*
DONE (t=10.86s).
Accumulating evaluation results...
DONE (t=0.18s).
 Average Precision  (AP) @[ IoU=0.50:0.95 | area=   all | maxDets=100 ] = 0.676
 Average Precision  (AP) @[ IoU=0.50      | area=   all | maxDets=100 ] = 0.887
 Average Precision  (AP) @[ IoU=0.75      | area=   all | maxDets=100 ] = 0.803
 Average Precision  (AP) @[ IoU=0.50:0.95 | area= small | maxDets=100 ] = 0.284
 Average Precision  (AP) @[ IoU=0.50:0.95 | area=medium | maxDets=100 ] = 0.722
 Average Precision  (AP) @[ IoU=0.50:0.95 | area= large | maxDets=100 ] = 0.761
 Average Recall     (AR) @[ IoU=0.50:0.95 | area=   all | maxDets=  1 ] = 0.025
 Average Recall     (AR) @[ IoU=0.50:0.95 | area=   all | maxDets= 10 ] = 0.185
 Average Recall     (AR) @[ IoU=0.50:0.95 | area=   all | maxDets=100 ] = 0.724
 Average Recall     (AR) @[ IoU=0.50:0.95 | area= small | maxDets=100 ] = 0.374
 Average Recall     (AR) @[ IoU=0.50:0.95 | area=medium | maxDets=100 ] = 0.773
 Average Recall     (AR) @[ IoU=0.50:0.95 | area= large | maxDets=100 ] = 0.808
2026-07-30 03:05:54,948 - portable_sam_fusion - INFO - Validation bbox/mAP: 0.6759 bbox/mAP_75: 0.8034
Running per image evaluation...
Evaluate annotation type *segm*
DONE (t=11.08s).
Accumulating evaluation results...
DONE (t=0.19s).
 Average Precision  (AP) @[ IoU=0.50:0.95 | area=   all | maxDets=100 ] = 0.602
 Average Precision  (AP) @[ IoU=0.50      | area=   all | maxDets=100 ] = 0.878
 Average Precision  (AP) @[ IoU=0.75      | area=   all | maxDets=100 ] = 0.711
 Average Precision  (AP) @[ IoU=0.50:0.95 | area= small | maxDets=100 ] = 0.167
 Average Precision  (AP) @[ IoU=0.50:0.95 | area=medium | maxDets=100 ] = 0.634
 Average Precision  (AP) @[ IoU=0.50:0.95 | area= large | maxDets=100 ] = 0.769
 Average Recall     (AR) @[ IoU=0.50:0.95 | area=   all | maxDets=  1 ] = 0.025
 Average Recall     (AR) @[ IoU=0.50:0.95 | area=   all | maxDets= 10 ] = 0.176
 Average Recall     (AR) @[ IoU=0.50:0.95 | area=   all | maxDets=100 ] = 0.644
 Average Recall     (AR) @[ IoU=0.50:0.95 | area= small | maxDets=100 ] = 0.234
 Average Recall     (AR) @[ IoU=0.50:0.95 | area=medium | maxDets=100 ] = 0.675
 Average Recall     (AR) @[ IoU=0.50:0.95 | area= large | maxDets=100 ] = 0.813
2026-07-30 03:06:06,254 - portable_sam_fusion - INFO - Validation segm/mAP: 0.6020
2026-07-30 03:06:06,781 - portable_sam_fusion - INFO - Early-stop metric (segm/mAP): raw=0.6020 smooth(5)=0.6239; counter disabled before epoch 20
2026-07-30 03:06:11,912 - portable_sam_fusion - INFO - Epoch 15/80 | train=0.356534 val=disabled segm/mAP=0.6020 bbox/mAP=0.6759 | best_segm=0.6478 best_bbox=0.6793 best_comp=0.0000 | sat_backbone=4.64e-04 mask_decoder=4.64e-04 shape_prior=4.64e-04 p2_boundary_refiner=4.64e-04 quality_head=4.64e-04 sat_other=4.64e-04
2026-07-30 03:07:18,435 - portable_sam_fusion - INFO - [DEBUG-BOX] epoch=16 step=4450 fallback_count=0 fallback_ratio=0 num_rois=64 refined_proposal_iou=0 refined_proposal_iou_sum=0 refined_valid_count=0
2026-07-30 03:07:18,436 - portable_sam_fusion - INFO - [DEBUG-COARSE] epoch=16 step=4450 bce_raw=0.1619 boundary_fn=3189 boundary_fp=2336 boundary_loss_local_sum=21.24 boundary_tp=2.418e+04 dice=0.07977 dice_loss_raw=0.07977 iou=0.854 loss_support_foreground_sum=4.136e+04 loss_support_pixel_sum=7.161e+04 loss_valid_roi_count=53 loss_weight=0.1 raw_boundary_fn=3189 raw_boundary_fp=2336 raw_boundary_tp=2.418e+04 raw_dice_score=0.9202 raw_iou=0.854 refined_boundary_fn=3051 refined_boundary_fp=2376 refined_boundary_tp=2.428e+04 refined_dice_score=0.9193 refined_iou=0.8524 weighted_loss=0.02417
2026-07-30 03:07:18,436 - portable_sam_fusion - INFO - [DEBUG-CONTEXT] epoch=16 step=4450 enabled=0
2026-07-30 03:07:18,436 - portable_sam_fusion - INFO - [DEBUG-DENSE] epoch=16 step=4450 applied_delta_norm=4.166 applied_delta_ratio=0.1784 base_norm=23.36 canvas_max=8 canvas_mean=0.0008015 canvas_min=-8 canvas_nonzero_ratio=0.01142 canvas_std=0.552 final_norm=23.63 residual_alpha=0.2722 shape_norm=28 source_delta_norm=15.31 source_delta_ratio=0.6553
2026-07-30 03:07:18,436 - portable_sam_fusion - INFO - [DEBUG-GATE] epoch=16 step=4450 shape_dense_alpha_max=0.2722 shape_dense_alpha_mean=0.2722 shape_dense_alpha_min=0.2722
2026-07-30 03:07:18,436 - portable_sam_fusion - INFO - [DEBUG-JITTER] epoch=16 step=4450 area_ratio_count=64 area_ratio_mean=1 area_ratio_sum=64 fallback_count=0 mean_iou=1 num_jittered=0 num_rois=64
2026-07-30 03:07:18,436 - portable_sam_fusion - INFO - [DEBUG-SP] epoch=16 step=4450 all_invalid_count=0 all_invalid_ratio=0 empty_count=0 empty_ratio=0 full_count=0 full_ratio=0 mean_point_distance=37.75 n1_gt_valid_count=64 n1_in_gt_bg=0.7188 n1_in_gt_bg_count=46 n1_valid_count=64 n1_valid_ratio=1 n2_gt_valid_count=64 n2_in_gt_bg=1 n2_in_gt_bg_count=64 n2_valid_count=64 n2_valid_ratio=1 neg_in_pred_bg=1 neg_in_pred_bg_count=128 negative_pair_count=64 negative_pair_distance_sum=3568 p1_gt_valid_count=64 p1_in_gt_fg=1 p1_in_gt_fg_count=64 p1_valid_count=64 p1_valid_ratio=1 p2_gt_valid_count=64 p2_in_gt_fg=1 p2_in_gt_fg_count=64 p2_valid_count=64 p2_valid_ratio=1 point_distance_sum=4832 point_overlap_count=0 point_overlap_ratio=0 point_pair_count=128 pos_in_pred_fg=1 pos_in_pred_fg_count=128 positive_pair_count=64 positive_pair_distance_sum=1264 roi_count=64 valid_neg_count=128 valid_pos_count=128 warmup_stage=2
2026-07-30 03:08:25,661 - portable_sam_fusion - INFO - [DEBUG-BOX] epoch=16 step=4500 fallback_count=0 fallback_ratio=0 num_rois=64 refined_proposal_iou=0 refined_proposal_iou_sum=0 refined_valid_count=0
2026-07-30 03:08:25,662 - portable_sam_fusion - INFO - [DEBUG-COARSE] epoch=16 step=4500 bce_raw=0.1633 boundary_fn=2517 boundary_fp=2771 boundary_loss_local_sum=23.59 boundary_tp=2.286e+04 dice=0.07035 dice_loss_raw=0.07035 iou=0.8712 loss_support_foreground_sum=4.257e+04 loss_support_pixel_sum=7.625e+04 loss_valid_roi_count=60 loss_weight=0.1 raw_boundary_fn=2517 raw_boundary_fp=2771 raw_boundary_tp=2.286e+04 raw_dice_score=0.9297 raw_iou=0.8712 refined_boundary_fn=2431 refined_boundary_fp=2759 refined_boundary_tp=2.303e+04 refined_dice_score=0.9282 refined_iou=0.8688 weighted_loss=0.02337
2026-07-30 03:08:25,662 - portable_sam_fusion - INFO - [DEBUG-CONTEXT] epoch=16 step=4500 enabled=0
2026-07-30 03:08:25,662 - portable_sam_fusion - INFO - [DEBUG-DENSE] epoch=16 step=4500 applied_delta_norm=2.664 applied_delta_ratio=0.1141 base_norm=23.36 canvas_max=8 canvas_mean=0.006458 canvas_min=-8 canvas_nonzero_ratio=0.004616 canvas_std=0.3675 final_norm=23.46 residual_alpha=0.2727 shape_norm=25.4 source_delta_norm=9.772 source_delta_ratio=0.4184
2026-07-30 03:08:25,662 - portable_sam_fusion - INFO - [DEBUG-GATE] epoch=16 step=4500 shape_dense_alpha_max=0.2727 shape_dense_alpha_mean=0.2727 shape_dense_alpha_min=0.2727
2026-07-30 03:08:25,662 - portable_sam_fusion - INFO - [DEBUG-JITTER] epoch=16 step=4500 area_ratio_count=64 area_ratio_mean=1 area_ratio_sum=64 fallback_count=0 mean_iou=1 num_jittered=0 num_rois=64
2026-07-30 03:08:25,662 - portable_sam_fusion - INFO - [DEBUG-SP] epoch=16 step=4500 all_invalid_count=0 all_invalid_ratio=0 empty_count=0 empty_ratio=0 full_count=0 full_ratio=0 mean_point_distance=20.01 n1_gt_valid_count=64 n1_in_gt_bg=0.8594 n1_in_gt_bg_count=55 n1_valid_count=64 n1_valid_ratio=1 n2_gt_valid_count=64 n2_in_gt_bg=1 n2_in_gt_bg_count=64 n2_valid_count=64 n2_valid_ratio=1 neg_in_pred_bg=1 neg_in_pred_bg_count=128 negative_pair_count=64 negative_pair_distance_sum=1797 p1_gt_valid_count=64 p1_in_gt_fg=1 p1_in_gt_fg_count=64 p1_valid_count=64 p1_valid_ratio=1 p2_gt_valid_count=64 p2_in_gt_fg=1 p2_in_gt_fg_count=64 p2_valid_count=64 p2_valid_ratio=1 point_distance_sum=2561 point_overlap_count=0 point_overlap_ratio=0 point_pair_count=128 pos_in_pred_fg=1 pos_in_pred_fg_count=128 positive_pair_count=64 positive_pair_distance_sum=764.5 roi_count=64 valid_neg_count=128 valid_pos_count=128 warmup_stage=2
2026-07-30 03:09:34,689 - portable_sam_fusion - INFO - [DEBUG-BOX] epoch=16 step=4550 fallback_count=0 fallback_ratio=0 num_rois=64 refined_proposal_iou=0 refined_proposal_iou_sum=0 refined_valid_count=0
2026-07-30 03:09:34,689 - portable_sam_fusion - INFO - [DEBUG-COARSE] epoch=16 step=4550 bce_raw=0.1301 boundary_fn=1764 boundary_fp=1534 boundary_loss_local_sum=15.16 boundary_tp=2.584e+04 dice=0.07017 dice_loss_raw=0.07017 iou=0.8703 loss_support_foreground_sum=3.552e+04 loss_support_pixel_sum=6.368e+04 loss_valid_roi_count=48 loss_weight=0.1 raw_boundary_fn=1764 raw_boundary_fp=1534 raw_boundary_tp=2.584e+04 raw_dice_score=0.9298 raw_iou=0.8703 refined_boundary_fn=1733 refined_boundary_fp=1543 refined_boundary_tp=2.59e+04 refined_dice_score=0.9282 refined_iou=0.8675 weighted_loss=0.02003
2026-07-30 03:09:34,689 - portable_sam_fusion - INFO - [DEBUG-CONTEXT] epoch=16 step=4550 enabled=0
2026-07-30 03:09:34,689 - portable_sam_fusion - INFO - [DEBUG-DENSE] epoch=16 step=4550 applied_delta_norm=2.984 applied_delta_ratio=0.1277 base_norm=23.36 canvas_max=8 canvas_mean=-0.0002216 canvas_min=-8 canvas_nonzero_ratio=0.005844 canvas_std=0.4336 final_norm=23.48 residual_alpha=0.273 shape_norm=25.78 source_delta_norm=10.93 source_delta_ratio=0.468
2026-07-30 03:09:34,689 - portable_sam_fusion - INFO - [DEBUG-GATE] epoch=16 step=4550 shape_dense_alpha_max=0.273 shape_dense_alpha_mean=0.273 shape_dense_alpha_min=0.273
2026-07-30 03:09:34,689 - portable_sam_fusion - INFO - [DEBUG-JITTER] epoch=16 step=4550 area_ratio_count=64 area_ratio_mean=1 area_ratio_sum=64 fallback_count=0 mean_iou=1 num_jittered=0 num_rois=64
2026-07-30 03:09:34,689 - portable_sam_fusion - INFO - [DEBUG-SP] epoch=16 step=4550 all_invalid_count=0 all_invalid_ratio=0 empty_count=0 empty_ratio=0 full_count=0 full_ratio=0 mean_point_distance=23.1 n1_gt_valid_count=64 n1_in_gt_bg=0.8438 n1_in_gt_bg_count=54 n1_valid_count=64 n1_valid_ratio=1 n2_gt_valid_count=64 n2_in_gt_bg=1 n2_in_gt_bg_count=64 n2_valid_count=64 n2_valid_ratio=1 neg_in_pred_bg=1 neg_in_pred_bg_count=128 negative_pair_count=64 negative_pair_distance_sum=1931 p1_gt_valid_count=64 p1_in_gt_fg=1 p1_in_gt_fg_count=64 p1_valid_count=64 p1_valid_ratio=1 p2_gt_valid_count=64 p2_in_gt_fg=1 p2_in_gt_fg_count=64 p2_valid_count=64 p2_valid_ratio=1 point_distance_sum=2957 point_overlap_count=0 point_overlap_ratio=0 point_pair_count=128 pos_in_pred_fg=1 pos_in_pred_fg_count=128 positive_pair_count=64 positive_pair_distance_sum=1026 roi_count=64 valid_neg_count=128 valid_pos_count=128 warmup_stage=2
2026-07-30 03:10:02,373 - portable_sam_fusion - INFO - epoch 16 | mini-batch 160/294 | optimizer_step 1150/5920 | lr=4.609e-04
2026-07-30 03:10:48,099 - portable_sam_fusion - INFO - [DEBUG-BOX] epoch=16 step=4600 fallback_count=0 fallback_ratio=0 num_rois=64 refined_proposal_iou=0 refined_proposal_iou_sum=0 refined_valid_count=0
2026-07-30 03:10:48,099 - portable_sam_fusion - INFO - [DEBUG-COARSE] epoch=16 step=4600 bce_raw=0.2194 boundary_fn=4156 boundary_fp=4574 boundary_loss_local_sum=15.39 boundary_tp=2.332e+04 dice=0.1309 dice_loss_raw=0.1309 iou=0.7771 loss_support_foreground_sum=2.304e+04 loss_support_pixel_sum=4.878e+04 loss_valid_roi_count=36 loss_weight=0.1 raw_boundary_fn=4156 raw_boundary_fp=4574 raw_boundary_tp=2.332e+04 raw_dice_score=0.8691 raw_iou=0.7771 refined_boundary_fn=4117 refined_boundary_fp=4506 refined_boundary_tp=2.336e+04 refined_dice_score=0.8666 refined_iou=0.7733 weighted_loss=0.03503
2026-07-30 03:10:48,099 - portable_sam_fusion - INFO - [DEBUG-CONTEXT] epoch=16 step=4600 enabled=0
2026-07-30 03:10:48,099 - portable_sam_fusion - INFO - [DEBUG-DENSE] epoch=16 step=4600 applied_delta_norm=3.348 applied_delta_ratio=0.1434 base_norm=23.36 canvas_max=8 canvas_mean=-0.008793 canvas_min=-8 canvas_nonzero_ratio=0.0106 canvas_std=0.5259 final_norm=23.61 residual_alpha=0.2732 shape_norm=27.28 source_delta_norm=12.26 source_delta_ratio=0.5247
2026-07-30 03:10:48,099 - portable_sam_fusion - INFO - [DEBUG-GATE] epoch=16 step=4600 shape_dense_alpha_max=0.2732 shape_dense_alpha_mean=0.2732 shape_dense_alpha_min=0.2732
2026-07-30 03:10:48,099 - portable_sam_fusion - INFO - [DEBUG-JITTER] epoch=16 step=4600 area_ratio_count=64 area_ratio_mean=1 area_ratio_sum=64 fallback_count=0 mean_iou=1 num_jittered=0 num_rois=64
2026-07-30 03:10:48,099 - portable_sam_fusion - INFO - [DEBUG-SP] epoch=16 step=4600 all_invalid_count=0 all_invalid_ratio=0 empty_count=0 empty_ratio=0 full_count=0 full_ratio=0 mean_point_distance=31.7 n1_gt_valid_count=64 n1_in_gt_bg=0.9844 n1_in_gt_bg_count=63 n1_valid_count=64 n1_valid_ratio=1 n2_gt_valid_count=64 n2_in_gt_bg=1 n2_in_gt_bg_count=64 n2_valid_count=64 n2_valid_ratio=1 neg_in_pred_bg=1 neg_in_pred_bg_count=128 negative_pair_count=64 negative_pair_distance_sum=2591 p1_gt_valid_count=64 p1_in_gt_fg=1 p1_in_gt_fg_count=64 p1_valid_count=64 p1_valid_ratio=1 p2_gt_valid_count=64 p2_in_gt_fg=0.9844 p2_in_gt_fg_count=63 p2_valid_count=64 p2_valid_ratio=1 point_distance_sum=4057 point_overlap_count=0 point_overlap_ratio=0 point_pair_count=128 pos_in_pred_fg=1 pos_in_pred_fg_count=128 positive_pair_count=64 positive_pair_distance_sum=1466 roi_count=64 valid_neg_count=128 valid_pos_count=128 warmup_stage=2
2026-07-30 03:11:56,023 - portable_sam_fusion - INFO - [DEBUG-BOX] epoch=16 step=4650 fallback_count=0 fallback_ratio=0 num_rois=64 refined_proposal_iou=0 refined_proposal_iou_sum=0 refined_valid_count=0
2026-07-30 03:11:56,023 - portable_sam_fusion - INFO - [DEBUG-COARSE] epoch=16 step=4650 bce_raw=0.1228 boundary_fn=1637 boundary_fp=1462 boundary_loss_local_sum=15.18 boundary_tp=2.537e+04 dice=0.07403 dice_loss_raw=0.07403 iou=0.8641 loss_support_foreground_sum=3.608e+04 loss_support_pixel_sum=6.663e+04 loss_valid_roi_count=51 loss_weight=0.1 raw_boundary_fn=1637 raw_boundary_fp=1462 raw_boundary_tp=2.537e+04 raw_dice_score=0.926 raw_iou=0.8641 refined_boundary_fn=1581 refined_boundary_fp=1414 refined_boundary_tp=2.546e+04 refined_dice_score=0.9263 refined_iou=0.8647 weighted_loss=0.01968
2026-07-30 03:11:56,023 - portable_sam_fusion - INFO - [DEBUG-CONTEXT] epoch=16 step=4650 enabled=0
2026-07-30 03:11:56,023 - portable_sam_fusion - INFO - [DEBUG-DENSE] epoch=16 step=4650 applied_delta_norm=5.826 applied_delta_ratio=0.2494 base_norm=23.36 canvas_max=8 canvas_mean=0.02187 canvas_min=-8 canvas_nonzero_ratio=0.02503 canvas_std=0.8562 final_norm=24 residual_alpha=0.2735 shape_norm=32.38 source_delta_norm=21.3 source_delta_ratio=0.9121
2026-07-30 03:11:56,024 - portable_sam_fusion - INFO - [DEBUG-GATE] epoch=16 step=4650 shape_dense_alpha_max=0.2735 shape_dense_alpha_mean=0.2735 shape_dense_alpha_min=0.2735
2026-07-30 03:11:56,024 - portable_sam_fusion - INFO - [DEBUG-JITTER] epoch=16 step=4650 area_ratio_count=64 area_ratio_mean=1 area_ratio_sum=64 fallback_count=0 mean_iou=1 num_jittered=0 num_rois=64
2026-07-30 03:11:56,024 - portable_sam_fusion - INFO - [DEBUG-SP] epoch=16 step=4650 all_invalid_count=0 all_invalid_ratio=0 empty_count=0 empty_ratio=0 full_count=0 full_ratio=0 mean_point_distance=58.99 n1_gt_valid_count=64 n1_in_gt_bg=0.9844 n1_in_gt_bg_count=63 n1_valid_count=64 n1_valid_ratio=1 n2_gt_valid_count=64 n2_in_gt_bg=1 n2_in_gt_bg_count=64 n2_valid_count=64 n2_valid_ratio=1 neg_in_pred_bg=1 neg_in_pred_bg_count=128 negative_pair_count=64 negative_pair_distance_sum=5990 p1_gt_valid_count=64 p1_in_gt_fg=1 p1_in_gt_fg_count=64 p1_valid_count=64 p1_valid_ratio=1 p2_gt_valid_count=64 p2_in_gt_fg=1 p2_in_gt_fg_count=64 p2_valid_count=64 p2_valid_ratio=1 point_distance_sum=7550 point_overlap_count=0 point_overlap_ratio=0 point_pair_count=128 pos_in_pred_fg=1 pos_in_pred_fg_count=128 positive_pair_count=64 positive_pair_distance_sum=1561 roi_count=64 valid_neg_count=128 valid_pos_count=128 warmup_stage=2
2026-07-30 03:13:20,999 - portable_sam_fusion - INFO - [DEBUG-BOX] epoch=16 step=4700 fallback_count=0 fallback_ratio=0 num_rois=64 refined_proposal_iou=0 refined_proposal_iou_sum=0 refined_valid_count=0
2026-07-30 03:13:20,999 - portable_sam_fusion - INFO - [DEBUG-COARSE] epoch=16 step=4700 bce_raw=0.1632 boundary_fn=3073 boundary_fp=1698 boundary_loss_local_sum=15.1 boundary_tp=2.567e+04 dice=0.08344 dice_loss_raw=0.08344 iou=0.8484 loss_support_foreground_sum=3.04e+04 loss_support_pixel_sum=5.724e+04 loss_valid_roi_count=42 loss_weight=0.1 raw_boundary_fn=3073 raw_boundary_fp=1698 raw_boundary_tp=2.567e+04 raw_dice_score=0.9166 raw_iou=0.8484 refined_boundary_fn=3065 refined_boundary_fp=1775 refined_boundary_tp=2.57e+04 refined_dice_score=0.9165 refined_iou=0.8483 weighted_loss=0.02466
2026-07-30 03:13:20,999 - portable_sam_fusion - INFO - [DEBUG-CONTEXT] epoch=16 step=4700 enabled=0
2026-07-30 03:13:20,999 - portable_sam_fusion - INFO - [DEBUG-DENSE] epoch=16 step=4700 applied_delta_norm=3.731 applied_delta_ratio=0.1597 base_norm=23.36 canvas_max=8 canvas_mean=-0.003914 canvas_min=-8 canvas_nonzero_ratio=0.008714 canvas_std=0.5511 final_norm=23.56 residual_alpha=0.2736 shape_norm=27.02 source_delta_norm=13.64 source_delta_ratio=0.5838
2026-07-30 03:13:20,999 - portable_sam_fusion - INFO - [DEBUG-GATE] epoch=16 step=4700 shape_dense_alpha_max=0.2736 shape_dense_alpha_mean=0.2736 shape_dense_alpha_min=0.2736
2026-07-30 03:13:20,999 - portable_sam_fusion - INFO - [DEBUG-JITTER] epoch=16 step=4700 area_ratio_count=64 area_ratio_mean=1 area_ratio_sum=64 fallback_count=0 mean_iou=1 num_jittered=0 num_rois=64
2026-07-30 03:13:21,000 - portable_sam_fusion - INFO - [DEBUG-SP] epoch=16 step=4700 all_invalid_count=0 all_invalid_ratio=0 empty_count=0 empty_ratio=0 full_count=0 full_ratio=0 mean_point_distance=36.16 n1_gt_valid_count=64 n1_in_gt_bg=0.8906 n1_in_gt_bg_count=57 n1_valid_count=64 n1_valid_ratio=1 n2_gt_valid_count=64 n2_in_gt_bg=1 n2_in_gt_bg_count=64 n2_valid_count=64 n2_valid_ratio=1 neg_in_pred_bg=1 neg_in_pred_bg_count=128 negative_pair_count=64 negative_pair_distance_sum=3336 p1_gt_valid_count=64 p1_in_gt_fg=1 p1_in_gt_fg_count=64 p1_valid_count=64 p1_valid_ratio=1 p2_gt_valid_count=64 p2_in_gt_fg=0.9844 p2_in_gt_fg_count=63 p2_valid_count=64 p2_valid_ratio=1 point_distance_sum=4629 point_overlap_count=0 point_overlap_ratio=0 point_pair_count=128 pos_in_pred_fg=1 pos_in_pred_fg_count=128 positive_pair_count=64 positive_pair_distance_sum=1294 roi_count=64 valid_neg_count=128 valid_pos_count=128 warmup_stage=2
2026-07-30 03:13:26,885 - portable_sam_fusion - INFO - Epoch 16 detailed losses: loss_rpn_cls=0.0182, loss_rpn_bbox=0.0063, loss_cls=0.2012, acc=92.1570, loss_bbox=0.0883, loss_mask=0.0015, debug_mask_pos_rois=56.3265, debug_mask_logit_mean=-15.8284, debug_mask_logit_std=3.2534, debug_mask_prob_mean=0.0048, debug_mask_prob_ge05=0.0047, debug_mask_target_fill=0.0047, loss_shape_prior=0.0223, loss_p2_boundary_refiner=0.0185, schedule/det_weight=1.0000
2026-07-30 03:13:26,885 - portable_sam_fusion - INFO - Epoch 16 dense residual monitor: alpha=0.268884 source_delta_norm=12.5983 applied_delta_norm=3.3870 source_delta_ratio=0.539386 applied_delta_ratio=0.145013
2026-07-30 03:13:26,885 - portable_sam_fusion - INFO - Epoch 16 P2 boundary refiner: raw_dice=0.8220 refined_dice=0.8209 raw_iou=0.7625 refined_iou=0.7607 raw_boundary_f1=0.8910 refined_boundary_f1=0.8920
2026-07-30 03:13:26,885 - portable_sam_fusion - INFO - Epoch 16 P2 boundary support: valid=79.09% rejected=20.91% coverage=0.3419 delta_abs=0.107306 nonzero=34.19% saturated=6.73% p2_norm=61.8461 highpass_norm=3.7481 support_fg=56.88%
2026-07-30 03:13:26,885 - portable_sam_fusion - INFO - Epoch 16 primary loss shares: det=88.11% final_mask=0.43% shape=6.26% p2_boundary=5.20%
2026-07-30 03:13:26,885 - portable_sam_fusion - INFO - Epoch 16 schedule: det_loss_weight=1.000 early_stop_start=20 min_delta=0.0005
2026-07-30 03:13:26,885 - portable_sam_fusion - INFO - Epoch 16 learning rates: sat_backbone=4.58e-04, mask_decoder=4.58e-04, shape_prior=4.58e-04, p2_boundary_refiner=4.58e-04, quality_head=4.58e-04, sat_other=4.58e-04
2026-07-30 03:17:09,765 - portable_sam_fusion - INFO - Validation samples: GT=15926, DT=17207, avg_masks_per_image=27.44, avg_mask_fill=0.0055
creating index...
index created!
Loading and preparing results...
DONE (t=0.02s)
creating index...
index created!
Running per image evaluation...
Evaluate annotation type *bbox*
DONE (t=10.53s).
Accumulating evaluation results...
DONE (t=0.18s).
 Average Precision  (AP) @[ IoU=0.50:0.95 | area=   all | maxDets=100 ] = 0.660
 Average Precision  (AP) @[ IoU=0.50      | area=   all | maxDets=100 ] = 0.887
 Average Precision  (AP) @[ IoU=0.75      | area=   all | maxDets=100 ] = 0.795
 Average Precision  (AP) @[ IoU=0.50:0.95 | area= small | maxDets=100 ] = 0.283
 Average Precision  (AP) @[ IoU=0.50:0.95 | area=medium | maxDets=100 ] = 0.698
 Average Precision  (AP) @[ IoU=0.50:0.95 | area= large | maxDets=100 ] = 0.760
 Average Recall     (AR) @[ IoU=0.50:0.95 | area=   all | maxDets=  1 ] = 0.025
 Average Recall     (AR) @[ IoU=0.50:0.95 | area=   all | maxDets= 10 ] = 0.185
 Average Recall     (AR) @[ IoU=0.50:0.95 | area=   all | maxDets=100 ] = 0.706
 Average Recall     (AR) @[ IoU=0.50:0.95 | area= small | maxDets=100 ] = 0.373
 Average Recall     (AR) @[ IoU=0.50:0.95 | area=medium | maxDets=100 ] = 0.743
 Average Recall     (AR) @[ IoU=0.50:0.95 | area= large | maxDets=100 ] = 0.813
2026-07-30 03:17:20,675 - portable_sam_fusion - INFO - Validation bbox/mAP: 0.6601 bbox/mAP_75: 0.7955
Running per image evaluation...
Evaluate annotation type *segm*
DONE (t=10.78s).
Accumulating evaluation results...
DONE (t=0.18s).
 Average Precision  (AP) @[ IoU=0.50:0.95 | area=   all | maxDets=100 ] = 0.631
 Average Precision  (AP) @[ IoU=0.50      | area=   all | maxDets=100 ] = 0.888
 Average Precision  (AP) @[ IoU=0.75      | area=   all | maxDets=100 ] = 0.751
 Average Precision  (AP) @[ IoU=0.50:0.95 | area= small | maxDets=100 ] = 0.214
 Average Precision  (AP) @[ IoU=0.50:0.95 | area=medium | maxDets=100 ] = 0.661
 Average Precision  (AP) @[ IoU=0.50:0.95 | area= large | maxDets=100 ] = 0.779
 Average Recall     (AR) @[ IoU=0.50:0.95 | area=   all | maxDets=  1 ] = 0.025
 Average Recall     (AR) @[ IoU=0.50:0.95 | area=   all | maxDets= 10 ] = 0.181
 Average Recall     (AR) @[ IoU=0.50:0.95 | area=   all | maxDets=100 ] = 0.670
 Average Recall     (AR) @[ IoU=0.50:0.95 | area= small | maxDets=100 ] = 0.286
 Average Recall     (AR) @[ IoU=0.50:0.95 | area=medium | maxDets=100 ] = 0.700
 Average Recall     (AR) @[ IoU=0.50:0.95 | area= large | maxDets=100 ] = 0.827
2026-07-30 03:17:31,680 - portable_sam_fusion - INFO - Validation segm/mAP: 0.6311
2026-07-30 03:17:32,256 - portable_sam_fusion - INFO - Early-stop metric (segm/mAP): raw=0.6311 smooth(5)=0.6265; counter disabled before epoch 20
2026-07-30 03:17:37,586 - portable_sam_fusion - INFO - Epoch 16/80 | train=0.356239 val=disabled segm/mAP=0.6311 bbox/mAP=0.6601 | best_segm=0.6478 best_bbox=0.6793 best_comp=0.0000 | sat_backbone=4.58e-04 mask_decoder=4.58e-04 shape_prior=4.58e-04 p2_boundary_refiner=4.58e-04 quality_head=4.58e-04 sat_other=4.58e-04
2026-07-30 03:18:42,092 - portable_sam_fusion - INFO - [DEBUG-BOX] epoch=17 step=4750 fallback_count=0 fallback_ratio=0 num_rois=64 refined_proposal_iou=0 refined_proposal_iou_sum=0 refined_valid_count=0
2026-07-30 03:18:42,093 - portable_sam_fusion - INFO - [DEBUG-COARSE] epoch=17 step=4750 bce_raw=0.188 boundary_fn=3011 boundary_fp=3078 boundary_loss_local_sum=15.51 boundary_tp=2.368e+04 dice=0.09067 dice_loss_raw=0.09067 iou=0.839 loss_support_foreground_sum=3.423e+04 loss_support_pixel_sum=6.08e+04 loss_valid_roi_count=47 loss_weight=0.1 raw_boundary_fn=3011 raw_boundary_fp=3078 raw_boundary_tp=2.368e+04 raw_dice_score=0.9093 raw_iou=0.839 refined_boundary_fn=2954 refined_boundary_fp=3095 refined_boundary_tp=2.372e+04 refined_dice_score=0.9079 refined_iou=0.8367 weighted_loss=0.02787
2026-07-30 03:18:42,093 - portable_sam_fusion - INFO - [DEBUG-CONTEXT] epoch=17 step=4750 enabled=0
2026-07-30 03:18:42,093 - portable_sam_fusion - INFO - [DEBUG-DENSE] epoch=17 step=4750 applied_delta_norm=3.077 applied_delta_ratio=0.1317 base_norm=23.36 canvas_max=8 canvas_mean=0.005981 canvas_min=-8 canvas_nonzero_ratio=0.009458 canvas_std=0.4663 final_norm=23.57 residual_alpha=0.2737 shape_norm=26.42 source_delta_norm=11.24 source_delta_ratio=0.4813
2026-07-30 03:18:42,093 - portable_sam_fusion - INFO - [DEBUG-GATE] epoch=17 step=4750 shape_dense_alpha_max=0.2737 shape_dense_alpha_mean=0.2737 shape_dense_alpha_min=0.2737
2026-07-30 03:18:42,093 - portable_sam_fusion - INFO - [DEBUG-JITTER] epoch=17 step=4750 area_ratio_count=64 area_ratio_mean=1 area_ratio_sum=64 fallback_count=0 mean_iou=1 num_jittered=0 num_rois=64
2026-07-30 03:18:42,093 - portable_sam_fusion - INFO - [DEBUG-SP] epoch=17 step=4750 all_invalid_count=0 all_invalid_ratio=0 empty_count=0 empty_ratio=0 full_count=0 full_ratio=0 mean_point_distance=30.54 n1_gt_valid_count=64 n1_in_gt_bg=0.9531 n1_in_gt_bg_count=61 n1_valid_count=64 n1_valid_ratio=1 n2_gt_valid_count=64 n2_in_gt_bg=1 n2_in_gt_bg_count=64 n2_valid_count=64 n2_valid_ratio=1 neg_in_pred_bg=1 neg_in_pred_bg_count=128 negative_pair_count=64 negative_pair_distance_sum=3065 p1_gt_valid_count=64 p1_in_gt_fg=1 p1_in_gt_fg_count=64 p1_valid_count=64 p1_valid_ratio=1 p2_gt_valid_count=64 p2_in_gt_fg=0.9844 p2_in_gt_fg_count=63 p2_valid_count=64 p2_valid_ratio=1 point_distance_sum=3909 point_overlap_count=0 point_overlap_ratio=0 point_pair_count=128 pos_in_pred_fg=1 pos_in_pred_fg_count=128 positive_pair_count=64 positive_pair_distance_sum=843.6 roi_count=64 valid_neg_count=128 valid_pos_count=128 warmup_stage=2
2026-07-30 03:19:06,858 - portable_sam_fusion - INFO - epoch 17 | mini-batch 64/294 | optimizer_step 1200/5920 | lr=4.573e-04
2026-07-30 03:19:49,806 - portable_sam_fusion - INFO - [DEBUG-BOX] epoch=17 step=4800 fallback_count=0 fallback_ratio=0 num_rois=64 refined_proposal_iou=0 refined_proposal_iou_sum=0 refined_valid_count=0
2026-07-30 03:19:49,806 - portable_sam_fusion - INFO - [DEBUG-COARSE] epoch=17 step=4800 bce_raw=0.1049 boundary_fn=1068 boundary_fp=1424 boundary_loss_local_sum=18.3 boundary_tp=2.271e+04 dice=0.04449 dice_loss_raw=0.04449 iou=0.9155 loss_support_foreground_sum=4.352e+04 loss_support_pixel_sum=7.276e+04 loss_valid_roi_count=62 loss_weight=0.1 raw_boundary_fn=1068 raw_boundary_fp=1424 raw_boundary_tp=2.271e+04 raw_dice_score=0.9555 raw_iou=0.9155 refined_boundary_fn=1036 refined_boundary_fp=1490 refined_boundary_tp=2.285e+04 refined_dice_score=0.9553 refined_iou=0.9151 weighted_loss=0.01494
2026-07-30 03:19:49,807 - portable_sam_fusion - INFO - [DEBUG-CONTEXT] epoch=17 step=4800 enabled=0
2026-07-30 03:19:49,807 - portable_sam_fusion - INFO - [DEBUG-DENSE] epoch=17 step=4800 applied_delta_norm=3.736 applied_delta_ratio=0.16 base_norm=23.36 canvas_max=8 canvas_mean=0.01213 canvas_min=-8 canvas_nonzero_ratio=0.007477 canvas_std=0.4966 final_norm=23.54 residual_alpha=0.2738 shape_norm=26.77 source_delta_norm=13.64 source_delta_ratio=0.5842
2026-07-30 03:19:49,807 - portable_sam_fusion - INFO - [DEBUG-GATE] epoch=17 step=4800 shape_dense_alpha_max=0.2738 shape_dense_alpha_mean=0.2738 shape_dense_alpha_min=0.2738
2026-07-30 03:19:49,807 - portable_sam_fusion - INFO - [DEBUG-JITTER] epoch=17 step=4800 area_ratio_count=64 area_ratio_mean=1 area_ratio_sum=64 fallback_count=0 mean_iou=1 num_jittered=0 num_rois=64
2026-07-30 03:19:49,807 - portable_sam_fusion - INFO - [DEBUG-SP] epoch=17 step=4800 all_invalid_count=0 all_invalid_ratio=0 empty_count=0 empty_ratio=0 full_count=2 full_ratio=0.03125 mean_point_distance=37.79 n1_gt_valid_count=62 n1_in_gt_bg=0.871 n1_in_gt_bg_count=54 n1_valid_count=62 n1_valid_ratio=0.9688 n2_gt_valid_count=62 n2_in_gt_bg=1 n2_in_gt_bg_count=62 n2_valid_count=62 n2_valid_ratio=0.9688 neg_in_pred_bg=1 neg_in_pred_bg_count=124 negative_pair_count=62 negative_pair_distance_sum=3528 p1_gt_valid_count=64 p1_in_gt_fg=1 p1_in_gt_fg_count=64 p1_valid_count=64 p1_valid_ratio=1 p2_gt_valid_count=64 p2_in_gt_fg=1 p2_in_gt_fg_count=64 p2_valid_count=64 p2_valid_ratio=1 point_distance_sum=4761 point_overlap_count=0 point_overlap_ratio=0 point_pair_count=126 pos_in_pred_fg=1 pos_in_pred_fg_count=128 positive_pair_count=64 positive_pair_distance_sum=1233 roi_count=64 valid_neg_count=124 valid_pos_count=128 warmup_stage=2
2026-07-30 03:20:59,491 - portable_sam_fusion - INFO - [DEBUG-BOX] epoch=17 step=4850 fallback_count=0 fallback_ratio=0 num_rois=64 refined_proposal_iou=0 refined_proposal_iou_sum=0 refined_valid_count=0
2026-07-30 03:20:59,492 - portable_sam_fusion - INFO - [DEBUG-COARSE] epoch=17 step=4850 bce_raw=0.1658 boundary_fn=2589 boundary_fp=3018 boundary_loss_local_sum=23.04 boundary_tp=2.228e+04 dice=0.06991 dice_loss_raw=0.06991 iou=0.8716 loss_support_foreground_sum=4.747e+04 loss_support_pixel_sum=7.848e+04 loss_valid_roi_count=62 loss_weight=0.1 raw_boundary_fn=2589 raw_boundary_fp=3018 raw_boundary_tp=2.228e+04 raw_dice_score=0.9301 raw_iou=0.8716 refined_boundary_fn=2454 refined_boundary_fp=3056 refined_boundary_tp=2.247e+04 refined_dice_score=0.9278 refined_iou=0.8677 weighted_loss=0.02357
2026-07-30 03:20:59,492 - portable_sam_fusion - INFO - [DEBUG-CONTEXT] epoch=17 step=4850 enabled=0
2026-07-30 03:20:59,492 - portable_sam_fusion - INFO - [DEBUG-DENSE] epoch=17 step=4850 applied_delta_norm=2.698 applied_delta_ratio=0.1155 base_norm=23.36 canvas_max=8 canvas_mean=0.006181 canvas_min=-8 canvas_nonzero_ratio=0.004663 canvas_std=0.3905 final_norm=23.46 residual_alpha=0.2741 shape_norm=25.39 source_delta_norm=9.843 source_delta_ratio=0.4214
2026-07-30 03:20:59,492 - portable_sam_fusion - INFO - [DEBUG-GATE] epoch=17 step=4850 shape_dense_alpha_max=0.2741 shape_dense_alpha_mean=0.2741 shape_dense_alpha_min=0.2741
2026-07-30 03:20:59,492 - portable_sam_fusion - INFO - [DEBUG-JITTER] epoch=17 step=4850 area_ratio_count=64 area_ratio_mean=1 area_ratio_sum=64 fallback_count=0 mean_iou=1 num_jittered=0 num_rois=64
2026-07-30 03:20:59,492 - portable_sam_fusion - INFO - [DEBUG-SP] epoch=17 step=4850 all_invalid_count=0 all_invalid_ratio=0 empty_count=0 empty_ratio=0 full_count=0 full_ratio=0 mean_point_distance=22.35 n1_gt_valid_count=64 n1_in_gt_bg=0.8281 n1_in_gt_bg_count=53 n1_valid_count=64 n1_valid_ratio=1 n2_gt_valid_count=64 n2_in_gt_bg=0.9531 n2_in_gt_bg_count=61 n2_valid_count=64 n2_valid_ratio=1 neg_in_pred_bg=1 neg_in_pred_bg_count=128 negative_pair_count=64 negative_pair_distance_sum=2148 p1_gt_valid_count=64 p1_in_gt_fg=1 p1_in_gt_fg_count=64 p1_valid_count=64 p1_valid_ratio=1 p2_gt_valid_count=64 p2_in_gt_fg=1 p2_in_gt_fg_count=64 p2_valid_count=64 p2_valid_ratio=1 point_distance_sum=2861 point_overlap_count=0 point_overlap_ratio=0 point_pair_count=128 pos_in_pred_fg=1 pos_in_pred_fg_count=128 positive_pair_count=64 positive_pair_distance_sum=712.5 roi_count=64 valid_neg_count=128 valid_pos_count=128 warmup_stage=2
2026-07-30 03:22:25,362 - portable_sam_fusion - INFO - [DEBUG-BOX] epoch=17 step=4900 fallback_count=0 fallback_ratio=0 num_rois=64 refined_proposal_iou=0 refined_proposal_iou_sum=0 refined_valid_count=0
2026-07-30 03:22:25,362 - portable_sam_fusion - INFO - [DEBUG-COARSE] epoch=17 step=4900 bce_raw=0.1719 boundary_fn=2419 boundary_fp=3179 boundary_loss_local_sum=20.53 boundary_tp=2.34e+04 dice=0.08878 dice_loss_raw=0.08878 iou=0.8431 loss_support_foreground_sum=3.968e+04 loss_support_pixel_sum=7.184e+04 loss_valid_roi_count=55 loss_weight=0.1 raw_boundary_fn=2419 raw_boundary_fp=3179 raw_boundary_tp=2.34e+04 raw_dice_score=0.9112 raw_iou=0.8431 refined_boundary_fn=2426 refined_boundary_fp=3219 refined_boundary_tp=2.343e+04 refined_dice_score=0.9094 refined_iou=0.8401 weighted_loss=0.02607
2026-07-30 03:22:25,362 - portable_sam_fusion - INFO - [DEBUG-CONTEXT] epoch=17 step=4900 enabled=0
2026-07-30 03:22:25,362 - portable_sam_fusion - INFO - [DEBUG-DENSE] epoch=17 step=4900 applied_delta_norm=3.141 applied_delta_ratio=0.1345 base_norm=23.36 canvas_max=8 canvas_mean=-0.001036 canvas_min=-8 canvas_nonzero_ratio=0.006365 canvas_std=0.4637 final_norm=23.5 residual_alpha=0.2743 shape_norm=26.04 source_delta_norm=11.45 source_delta_ratio=0.4902
2026-07-30 03:22:25,362 - portable_sam_fusion - INFO - [DEBUG-GATE] epoch=17 step=4900 shape_dense_alpha_max=0.2743 shape_dense_alpha_mean=0.2743 shape_dense_alpha_min=0.2743
2026-07-30 03:22:25,362 - portable_sam_fusion - INFO - [DEBUG-JITTER] epoch=17 step=4900 area_ratio_count=64 area_ratio_mean=1 area_ratio_sum=64 fallback_count=0 mean_iou=1 num_jittered=0 num_rois=64
2026-07-30 03:22:25,362 - portable_sam_fusion - INFO - [DEBUG-SP] epoch=17 step=4900 all_invalid_count=0 all_invalid_ratio=0 empty_count=0 empty_ratio=0 full_count=0 full_ratio=0 mean_point_distance=31.74 n1_gt_valid_count=64 n1_in_gt_bg=0.875 n1_in_gt_bg_count=56 n1_valid_count=64 n1_valid_ratio=1 n2_gt_valid_count=64 n2_in_gt_bg=1 n2_in_gt_bg_count=64 n2_valid_count=64 n2_valid_ratio=1 neg_in_pred_bg=1 neg_in_pred_bg_count=128 negative_pair_count=64 negative_pair_distance_sum=3049 p1_gt_valid_count=64 p1_in_gt_fg=0.9844 p1_in_gt_fg_count=63 p1_valid_count=64 p1_valid_ratio=1 p2_gt_valid_count=64 p2_in_gt_fg=1 p2_in_gt_fg_count=64 p2_valid_count=64 p2_valid_ratio=1 point_distance_sum=4063 point_overlap_count=0 point_overlap_ratio=0 point_pair_count=128 pos_in_pred_fg=1 pos_in_pred_fg_count=128 positive_pair_count=64 positive_pair_distance_sum=1014 roi_count=64 valid_neg_count=128 valid_pos_count=128 warmup_stage=2
2026-07-30 03:23:57,853 - portable_sam_fusion - INFO - [DEBUG-BOX] epoch=17 step=4950 fallback_count=0 fallback_ratio=0 num_rois=64 refined_proposal_iou=0 refined_proposal_iou_sum=0 refined_valid_count=0
2026-07-30 03:23:57,853 - portable_sam_fusion - INFO - [DEBUG-COARSE] epoch=17 step=4950 bce_raw=0.1546 boundary_fn=2449 boundary_fp=3257 boundary_loss_local_sum=21.7 boundary_tp=2.155e+04 dice=0.07435 dice_loss_raw=0.07435 iou=0.8648 loss_support_foreground_sum=3.936e+04 loss_support_pixel_sum=7.013e+04 loss_valid_roi_count=59 loss_weight=0.1 raw_boundary_fn=2449 raw_boundary_fp=3257 raw_boundary_tp=2.155e+04 raw_dice_score=0.9256 raw_iou=0.8648 refined_boundary_fn=2393 refined_boundary_fp=3291 refined_boundary_tp=2.165e+04 refined_dice_score=0.9236 refined_iou=0.8613 weighted_loss=0.02289
2026-07-30 03:23:57,853 - portable_sam_fusion - INFO - [DEBUG-CONTEXT] epoch=17 step=4950 enabled=0
2026-07-30 03:23:57,853 - portable_sam_fusion - INFO - [DEBUG-DENSE] epoch=17 step=4950 applied_delta_norm=2.637 applied_delta_ratio=0.1129 base_norm=23.36 canvas_max=8 canvas_mean=0.006863 canvas_min=-8 canvas_nonzero_ratio=0.004347 canvas_std=0.3546 final_norm=23.46 residual_alpha=0.2746 shape_norm=25.27 source_delta_norm=9.603 source_delta_ratio=0.4112
2026-07-30 03:23:57,853 - portable_sam_fusion - INFO - [DEBUG-GATE] epoch=17 step=4950 shape_dense_alpha_max=0.2746 shape_dense_alpha_mean=0.2746 shape_dense_alpha_min=0.2746
2026-07-30 03:23:57,853 - portable_sam_fusion - INFO - [DEBUG-JITTER] epoch=17 step=4950 area_ratio_count=64 area_ratio_mean=1 area_ratio_sum=64 fallback_count=0 mean_iou=1 num_jittered=0 num_rois=64
2026-07-30 03:23:57,853 - portable_sam_fusion - INFO - [DEBUG-SP] epoch=17 step=4950 all_invalid_count=0 all_invalid_ratio=0 empty_count=0 empty_ratio=0 full_count=0 full_ratio=0 mean_point_distance=23.76 n1_gt_valid_count=64 n1_in_gt_bg=0.8281 n1_in_gt_bg_count=53 n1_valid_count=64 n1_valid_ratio=1 n2_gt_valid_count=62 n2_in_gt_bg=0.9839 n2_in_gt_bg_count=61 n2_valid_count=62 n2_valid_ratio=0.9688 neg_in_pred_bg=1 neg_in_pred_bg_count=126 negative_pair_count=62 negative_pair_distance_sum=2310 p1_gt_valid_count=64 p1_in_gt_fg=1 p1_in_gt_fg_count=64 p1_valid_count=64 p1_valid_ratio=1 p2_gt_valid_count=64 p2_in_gt_fg=1 p2_in_gt_fg_count=64 p2_valid_count=64 p2_valid_ratio=1 point_distance_sum=2994 point_overlap_count=0 point_overlap_ratio=0 point_pair_count=126 pos_in_pred_fg=1 pos_in_pred_fg_count=128 positive_pair_count=64 positive_pair_distance_sum=683.6 roi_count=64 valid_neg_count=126 valid_pos_count=128 warmup_stage=2
2026-07-30 03:24:31,553 - portable_sam_fusion - INFO - epoch 17 | mini-batch 264/294 | optimizer_step 1250/5920 | lr=4.534e-04
2026-07-30 03:25:21,241 - portable_sam_fusion - INFO - Epoch 17 detailed losses: loss_rpn_cls=0.0169, loss_rpn_bbox=0.0058, loss_cls=0.2009, acc=92.0306, loss_bbox=0.0835, loss_mask=0.0014, debug_mask_pos_rois=56.8333, debug_mask_logit_mean=-15.7053, debug_mask_logit_std=2.8926, debug_mask_prob_mean=0.0048, debug_mask_prob_ge05=0.0048, debug_mask_target_fill=0.0048, loss_shape_prior=0.0226, loss_p2_boundary_refiner=0.0187, schedule/det_weight=1.0000
2026-07-30 03:25:21,241 - portable_sam_fusion - INFO - Epoch 17 dense residual monitor: alpha=0.269921 source_delta_norm=12.6306 applied_delta_norm=3.4089 source_delta_ratio=0.540770 applied_delta_ratio=0.145948
2026-07-30 03:25:21,241 - portable_sam_fusion - INFO - Epoch 17 P2 boundary refiner: raw_dice=0.8210 refined_dice=0.8199 raw_iou=0.7622 refined_iou=0.7603 raw_boundary_f1=0.8925 refined_boundary_f1=0.8934
2026-07-30 03:25:21,241 - portable_sam_fusion - INFO - Epoch 17 P2 boundary support: valid=79.75% rejected=20.25% coverage=0.3454 delta_abs=0.110062 nonzero=34.54% saturated=7.77% p2_norm=59.9795 highpass_norm=3.6590 support_fg=56.88%
2026-07-30 03:25:21,241 - portable_sam_fusion - INFO - Epoch 17 primary loss shares: det=87.81% final_mask=0.39% shape=6.46% p2_boundary=5.34%
2026-07-30 03:25:21,241 - portable_sam_fusion - INFO - Epoch 17 schedule: det_loss_weight=1.000 early_stop_start=20 min_delta=0.0005
2026-07-30 03:25:21,242 - portable_sam_fusion - INFO - Epoch 17 learning rates: sat_backbone=4.53e-04, mask_decoder=4.53e-04, shape_prior=4.53e-04, p2_boundary_refiner=4.53e-04, quality_head=4.53e-04, sat_other=4.53e-04
2026-07-30 03:28:50,376 - portable_sam_fusion - INFO - Validation samples: GT=15926, DT=15735, avg_masks_per_image=25.10, avg_mask_fill=0.0051
creating index...
index created!
Loading and preparing results...
DONE (t=0.02s)
creating index...
index created!
Running per image evaluation...
Evaluate annotation type *bbox*
DONE (t=10.52s).
Accumulating evaluation results...
DONE (t=0.17s).
 Average Precision  (AP) @[ IoU=0.50:0.95 | area=   all | maxDets=100 ] = 0.675
 Average Precision  (AP) @[ IoU=0.50      | area=   all | maxDets=100 ] = 0.871
 Average Precision  (AP) @[ IoU=0.75      | area=   all | maxDets=100 ] = 0.797
 Average Precision  (AP) @[ IoU=0.50:0.95 | area= small | maxDets=100 ] = 0.260
 Average Precision  (AP) @[ IoU=0.50:0.95 | area=medium | maxDets=100 ] = 0.727
 Average Precision  (AP) @[ IoU=0.50:0.95 | area= large | maxDets=100 ] = 0.769
 Average Recall     (AR) @[ IoU=0.50:0.95 | area=   all | maxDets=  1 ] = 0.026
 Average Recall     (AR) @[ IoU=0.50:0.95 | area=   all | maxDets= 10 ] = 0.187
 Average Recall     (AR) @[ IoU=0.50:0.95 | area=   all | maxDets=100 ] = 0.720
 Average Recall     (AR) @[ IoU=0.50:0.95 | area= small | maxDets=100 ] = 0.329
 Average Recall     (AR) @[ IoU=0.50:0.95 | area=medium | maxDets=100 ] = 0.774
 Average Recall     (AR) @[ IoU=0.50:0.95 | area= large | maxDets=100 ] = 0.815
2026-07-30 03:29:01,297 - portable_sam_fusion - INFO - Validation bbox/mAP: 0.6745 bbox/mAP_75: 0.7972
Running per image evaluation...
Evaluate annotation type *segm*
DONE (t=10.65s).
Accumulating evaluation results...
DONE (t=0.18s).
 Average Precision  (AP) @[ IoU=0.50:0.95 | area=   all | maxDets=100 ] = 0.613
 Average Precision  (AP) @[ IoU=0.50      | area=   all | maxDets=100 ] = 0.872
 Average Precision  (AP) @[ IoU=0.75      | area=   all | maxDets=100 ] = 0.734
 Average Precision  (AP) @[ IoU=0.50:0.95 | area= small | maxDets=100 ] = 0.178
 Average Precision  (AP) @[ IoU=0.50:0.95 | area=medium | maxDets=100 ] = 0.644
 Average Precision  (AP) @[ IoU=0.50:0.95 | area= large | maxDets=100 ] = 0.777
 Average Recall     (AR) @[ IoU=0.50:0.95 | area=   all | maxDets=  1 ] = 0.025
 Average Recall     (AR) @[ IoU=0.50:0.95 | area=   all | maxDets= 10 ] = 0.178
 Average Recall     (AR) @[ IoU=0.50:0.95 | area=   all | maxDets=100 ] = 0.652
 Average Recall     (AR) @[ IoU=0.50:0.95 | area= small | maxDets=100 ] = 0.235
 Average Recall     (AR) @[ IoU=0.50:0.95 | area=medium | maxDets=100 ] = 0.686
 Average Recall     (AR) @[ IoU=0.50:0.95 | area= large | maxDets=100 ] = 0.820
2026-07-30 03:29:12,159 - portable_sam_fusion - INFO - Validation segm/mAP: 0.6128
2026-07-30 03:29:12,696 - portable_sam_fusion - INFO - Early-stop metric (segm/mAP): raw=0.6128 smooth(5)=0.6239; counter disabled before epoch 20
2026-07-30 03:29:18,492 - portable_sam_fusion - INFO - Epoch 17/80 | train=0.349767 val=disabled segm/mAP=0.6128 bbox/mAP=0.6745 | best_segm=0.6478 best_bbox=0.6793 best_comp=0.0000 | sat_backbone=4.53e-04 mask_decoder=4.53e-04 shape_prior=4.53e-04 p2_boundary_refiner=4.53e-04 quality_head=4.53e-04 sat_other=4.53e-04
2026-07-30 03:29:22,118 - portable_sam_fusion - INFO - [DEBUG-BOX] epoch=18 step=5000 fallback_count=0 fallback_ratio=0 num_rois=64 refined_proposal_iou=0 refined_proposal_iou_sum=0 refined_valid_count=0
2026-07-30 03:29:22,118 - portable_sam_fusion - INFO - [DEBUG-COARSE] epoch=18 step=5000 bce_raw=0.1706 boundary_fn=3003 boundary_fp=2647 boundary_loss_local_sum=20.76 boundary_tp=2.338e+04 dice=0.08048 dice_loss_raw=0.08048 iou=0.8534 loss_support_foreground_sum=3.863e+04 loss_support_pixel_sum=7.049e+04 loss_valid_roi_count=54 loss_weight=0.1 raw_boundary_fn=3003 raw_boundary_fp=2647 raw_boundary_tp=2.338e+04 raw_dice_score=0.9195 raw_iou=0.8534 refined_boundary_fn=2863 refined_boundary_fp=2635 refined_boundary_tp=2.352e+04 refined_dice_score=0.9179 refined_iou=0.8506 weighted_loss=0.02511
2026-07-30 03:29:22,118 - portable_sam_fusion - INFO - [DEBUG-CONTEXT] epoch=18 step=5000 enabled=0
2026-07-30 03:29:22,118 - portable_sam_fusion - INFO - [DEBUG-DENSE] epoch=18 step=5000 applied_delta_norm=3.066 applied_delta_ratio=0.1313 base_norm=23.36 canvas_max=8 canvas_mean=0.00224 canvas_min=-8 canvas_nonzero_ratio=0.005967 canvas_std=0.4452 final_norm=23.49 residual_alpha=0.2754 shape_norm=25.87 source_delta_norm=11.13 source_delta_ratio=0.4766
2026-07-30 03:29:22,118 - portable_sam_fusion - INFO - [DEBUG-GATE] epoch=18 step=5000 shape_dense_alpha_max=0.2754 shape_dense_alpha_mean=0.2754 shape_dense_alpha_min=0.2754
2026-07-30 03:29:22,118 - portable_sam_fusion - INFO - [DEBUG-JITTER] epoch=18 step=5000 area_ratio_count=64 area_ratio_mean=1 area_ratio_sum=64 fallback_count=0 mean_iou=1 num_jittered=0 num_rois=64
2026-07-30 03:29:22,118 - portable_sam_fusion - INFO - [DEBUG-SP] epoch=18 step=5000 all_invalid_count=0 all_invalid_ratio=0 empty_count=0 empty_ratio=0 full_count=0 full_ratio=0 mean_point_distance=28.85 n1_gt_valid_count=64 n1_in_gt_bg=0.7656 n1_in_gt_bg_count=49 n1_valid_count=64 n1_valid_ratio=1 n2_gt_valid_count=64 n2_in_gt_bg=1 n2_in_gt_bg_count=64 n2_valid_count=64 n2_valid_ratio=1 neg_in_pred_bg=1 neg_in_pred_bg_count=128 negative_pair_count=64 negative_pair_distance_sum=2719 p1_gt_valid_count=64 p1_in_gt_fg=1 p1_in_gt_fg_count=64 p1_valid_count=64 p1_valid_ratio=1 p2_gt_valid_count=64 p2_in_gt_fg=1 p2_in_gt_fg_count=64 p2_valid_count=64 p2_valid_ratio=1 point_distance_sum=3693 point_overlap_count=0 point_overlap_ratio=0 point_pair_count=128 pos_in_pred_fg=1 pos_in_pred_fg_count=128 positive_pair_count=64 positive_pair_distance_sum=973.5 roi_count=64 valid_neg_count=128 valid_pos_count=128 warmup_stage=2
2026-07-30 03:30:35,984 - portable_sam_fusion - INFO - [DEBUG-BOX] epoch=18 step=5050 fallback_count=0 fallback_ratio=0 num_rois=64 refined_proposal_iou=0 refined_proposal_iou_sum=0 refined_valid_count=0
2026-07-30 03:30:35,985 - portable_sam_fusion - INFO - [DEBUG-COARSE] epoch=18 step=5050 bce_raw=0.179 boundary_fn=3463 boundary_fp=3884 boundary_loss_local_sum=24.13 boundary_tp=2.008e+04 dice=0.07948 dice_loss_raw=0.07948 iou=0.8579 loss_support_foreground_sum=4.23e+04 loss_support_pixel_sum=7.296e+04 loss_valid_roi_count=61 loss_weight=0.1 raw_boundary_fn=3463 raw_boundary_fp=3884 raw_boundary_tp=2.008e+04 raw_dice_score=0.9205 raw_iou=0.8579 refined_boundary_fn=3501 refined_boundary_fp=3972 refined_boundary_tp=2.003e+04 refined_dice_score=0.9174 refined_iou=0.8528 weighted_loss=0.02584
2026-07-30 03:30:35,985 - portable_sam_fusion - INFO - [DEBUG-CONTEXT] epoch=18 step=5050 enabled=0
2026-07-30 03:30:35,985 - portable_sam_fusion - INFO - [DEBUG-DENSE] epoch=18 step=5050 applied_delta_norm=2.4 applied_delta_ratio=0.1027 base_norm=23.36 canvas_max=8 canvas_mean=0.01062 canvas_min=-8 canvas_nonzero_ratio=0.004477 canvas_std=0.3939 final_norm=23.47 residual_alpha=0.2759 shape_norm=25.31 source_delta_norm=8.698 source_delta_ratio=0.3724
2026-07-30 03:30:35,985 - portable_sam_fusion - INFO - [DEBUG-GATE] epoch=18 step=5050 shape_dense_alpha_max=0.2759 shape_dense_alpha_mean=0.2759 shape_dense_alpha_min=0.2759
2026-07-30 03:30:35,985 - portable_sam_fusion - INFO - [DEBUG-JITTER] epoch=18 step=5050 area_ratio_count=64 area_ratio_mean=1 area_ratio_sum=64 fallback_count=0 mean_iou=1 num_jittered=0 num_rois=64
2026-07-30 03:30:35,985 - portable_sam_fusion - INFO - [DEBUG-SP] epoch=18 step=5050 all_invalid_count=0 all_invalid_ratio=0 empty_count=0 empty_ratio=0 full_count=0 full_ratio=0 mean_point_distance=23.62 n1_gt_valid_count=64 n1_in_gt_bg=0.8281 n1_in_gt_bg_count=53 n1_valid_count=64 n1_valid_ratio=1 n2_gt_valid_count=64 n2_in_gt_bg=1 n2_in_gt_bg_count=64 n2_valid_count=64 n2_valid_ratio=1 neg_in_pred_bg=1 neg_in_pred_bg_count=128 negative_pair_count=64 negative_pair_distance_sum=2285 p1_gt_valid_count=64 p1_in_gt_fg=1 p1_in_gt_fg_count=64 p1_valid_count=64 p1_valid_ratio=1 p2_gt_valid_count=64 p2_in_gt_fg=1 p2_in_gt_fg_count=64 p2_valid_count=64 p2_valid_ratio=1 point_distance_sum=3023 point_overlap_count=0 point_overlap_ratio=0 point_pair_count=128 pos_in_pred_fg=1 pos_in_pred_fg_count=128 positive_pair_count=64 positive_pair_distance_sum=738.4 roi_count=64 valid_neg_count=128 valid_pos_count=128 warmup_stage=2
2026-07-30 03:31:43,077 - portable_sam_fusion - INFO - [DEBUG-BOX] epoch=18 step=5100 fallback_count=0 fallback_ratio=0 num_rois=64 refined_proposal_iou=0 refined_proposal_iou_sum=0 refined_valid_count=0
2026-07-30 03:31:43,077 - portable_sam_fusion - INFO - [DEBUG-COARSE] epoch=18 step=5100 bce_raw=0.1495 boundary_fn=3108 boundary_fp=2802 boundary_loss_local_sum=21.8 boundary_tp=2.235e+04 dice=0.0951 dice_loss_raw=0.0951 iou=0.8308 loss_support_foreground_sum=4.004e+04 loss_support_pixel_sum=7.741e+04 loss_valid_roi_count=60 loss_weight=0.1 raw_boundary_fn=3108 raw_boundary_fp=2802 raw_boundary_tp=2.235e+04 raw_dice_score=0.9049 raw_iou=0.8308 refined_boundary_fn=2996 refined_boundary_fp=2674 refined_boundary_tp=2.251e+04 refined_dice_score=0.901 refined_iou=0.8244 weighted_loss=0.02446
2026-07-30 03:31:43,077 - portable_sam_fusion - INFO - [DEBUG-CONTEXT] epoch=18 step=5100 enabled=0
2026-07-30 03:31:43,077 - portable_sam_fusion - INFO - [DEBUG-DENSE] epoch=18 step=5100 applied_delta_norm=2.563 applied_delta_ratio=0.1097 base_norm=23.36 canvas_max=8 canvas_mean=-0.001751 canvas_min=-8 canvas_nonzero_ratio=0.005467 canvas_std=0.4475 final_norm=23.48 residual_alpha=0.2761 shape_norm=25.49 source_delta_norm=9.281 source_delta_ratio=0.3974
2026-07-30 03:31:43,077 - portable_sam_fusion - INFO - [DEBUG-GATE] epoch=18 step=5100 shape_dense_alpha_max=0.2761 shape_dense_alpha_mean=0.2761 shape_dense_alpha_min=0.2761
2026-07-30 03:31:43,077 - portable_sam_fusion - INFO - [DEBUG-JITTER] epoch=18 step=5100 area_ratio_count=64 area_ratio_mean=1 area_ratio_sum=64 fallback_count=0 mean_iou=1 num_jittered=0 num_rois=64
2026-07-30 03:31:43,078 - portable_sam_fusion - INFO - [DEBUG-SP] epoch=18 step=5100 all_invalid_count=0 all_invalid_ratio=0 empty_count=0 empty_ratio=0 full_count=0 full_ratio=0 mean_point_distance=22.7 n1_gt_valid_count=64 n1_in_gt_bg=0.7969 n1_in_gt_bg_count=51 n1_valid_count=64 n1_valid_ratio=1 n2_gt_valid_count=64 n2_in_gt_bg=1 n2_in_gt_bg_count=64 n2_valid_count=64 n2_valid_ratio=1 neg_in_pred_bg=1 neg_in_pred_bg_count=128 negative_pair_count=64 negative_pair_distance_sum=1904 p1_gt_valid_count=64 p1_in_gt_fg=1 p1_in_gt_fg_count=64 p1_valid_count=64 p1_valid_ratio=1 p2_gt_valid_count=64 p2_in_gt_fg=1 p2_in_gt_fg_count=64 p2_valid_count=64 p2_valid_ratio=1 point_distance_sum=2905 point_overlap_count=0 point_overlap_ratio=0 point_pair_count=128 pos_in_pred_fg=1 pos_in_pred_fg_count=128 positive_pair_count=64 positive_pair_distance_sum=1001 roi_count=64 valid_neg_count=128 valid_pos_count=128 warmup_stage=2
2026-07-30 03:33:10,198 - portable_sam_fusion - INFO - [DEBUG-BOX] epoch=18 step=5150 fallback_count=0 fallback_ratio=0 num_rois=64 refined_proposal_iou=0 refined_proposal_iou_sum=0 refined_valid_count=0
2026-07-30 03:33:10,198 - portable_sam_fusion - INFO - [DEBUG-COARSE] epoch=18 step=5150 bce_raw=0.2048 boundary_fn=3928 boundary_fp=3715 boundary_loss_local_sum=22.21 boundary_tp=2.233e+04 dice=0.09644 dice_loss_raw=0.09644 iou=0.8288 loss_support_foreground_sum=3.889e+04 loss_support_pixel_sum=6.728e+04 loss_valid_roi_count=52 loss_weight=0.1 raw_boundary_fn=3928 raw_boundary_fp=3715 raw_boundary_tp=2.233e+04 raw_dice_score=0.9036 raw_iou=0.8288 refined_boundary_fn=4052 refined_boundary_fp=3902 refined_boundary_tp=2.219e+04 refined_dice_score=0.9009 refined_iou=0.8245 weighted_loss=0.03012
2026-07-30 03:33:10,198 - portable_sam_fusion - INFO - [DEBUG-CONTEXT] epoch=18 step=5150 enabled=0
2026-07-30 03:33:10,198 - portable_sam_fusion - INFO - [DEBUG-DENSE] epoch=18 step=5150 applied_delta_norm=2.698 applied_delta_ratio=0.1155 base_norm=23.36 canvas_max=8 canvas_mean=0.003631 canvas_min=-8 canvas_nonzero_ratio=0.005083 canvas_std=0.3898 final_norm=23.47 residual_alpha=0.2766 shape_norm=25.46 source_delta_norm=9.754 source_delta_ratio=0.4176
2026-07-30 03:33:10,198 - portable_sam_fusion - INFO - [DEBUG-GATE] epoch=18 step=5150 shape_dense_alpha_max=0.2766 shape_dense_alpha_mean=0.2766 shape_dense_alpha_min=0.2766
2026-07-30 03:33:10,198 - portable_sam_fusion - INFO - [DEBUG-JITTER] epoch=18 step=5150 area_ratio_count=64 area_ratio_mean=1 area_ratio_sum=64 fallback_count=0 mean_iou=1 num_jittered=0 num_rois=64
2026-07-30 03:33:10,198 - portable_sam_fusion - INFO - [DEBUG-SP] epoch=18 step=5150 all_invalid_count=0 all_invalid_ratio=0 empty_count=0 empty_ratio=0 full_count=0 full_ratio=0 mean_point_distance=24.25 n1_gt_valid_count=64 n1_in_gt_bg=0.7812 n1_in_gt_bg_count=50 n1_valid_count=64 n1_valid_ratio=1 n2_gt_valid_count=64 n2_in_gt_bg=0.9531 n2_in_gt_bg_count=61 n2_valid_count=64 n2_valid_ratio=1 neg_in_pred_bg=1 neg_in_pred_bg_count=128 negative_pair_count=64 negative_pair_distance_sum=2349 p1_gt_valid_count=64 p1_in_gt_fg=1 p1_in_gt_fg_count=64 p1_valid_count=64 p1_valid_ratio=1 p2_gt_valid_count=64 p2_in_gt_fg=1 p2_in_gt_fg_count=64 p2_valid_count=64 p2_valid_ratio=1 point_distance_sum=3104 point_overlap_count=0 point_overlap_ratio=0 point_pair_count=128 pos_in_pred_fg=1 pos_in_pred_fg_count=128 positive_pair_count=64 positive_pair_distance_sum=754.5 roi_count=64 valid_neg_count=128 valid_pos_count=128 warmup_stage=2
2026-07-30 03:33:43,340 - portable_sam_fusion - INFO - epoch 18 | mini-batch 168/294 | optimizer_step 1300/5920 | lr=4.494e-04
2026-07-30 03:34:48,518 - portable_sam_fusion - INFO - [DEBUG-BOX] epoch=18 step=5200 fallback_count=0 fallback_ratio=0 num_rois=64 refined_proposal_iou=0 refined_proposal_iou_sum=0 refined_valid_count=0
2026-07-30 03:34:48,518 - portable_sam_fusion - INFO - [DEBUG-COARSE] epoch=18 step=5200 bce_raw=0.1529 boundary_fn=2519 boundary_fp=2129 boundary_loss_local_sum=14.66 boundary_tp=2.54e+04 dice=0.08579 dice_loss_raw=0.08579 iou=0.8442 loss_support_foreground_sum=2.906e+04 loss_support_pixel_sum=5.196e+04 loss_valid_roi_count=39 loss_weight=0.1 raw_boundary_fn=2519 raw_boundary_fp=2129 raw_boundary_tp=2.54e+04 raw_dice_score=0.9142 raw_iou=0.8442 refined_boundary_fn=2467 refined_boundary_fp=2123 refined_boundary_tp=2.546e+04 refined_dice_score=0.912 refined_iou=0.8405 weighted_loss=0.02387
2026-07-30 03:34:48,518 - portable_sam_fusion - INFO - [DEBUG-CONTEXT] epoch=18 step=5200 enabled=0
2026-07-30 03:34:48,518 - portable_sam_fusion - INFO - [DEBUG-DENSE] epoch=18 step=5200 applied_delta_norm=2.823 applied_delta_ratio=0.1209 base_norm=23.36 canvas_max=8 canvas_mean=-0.005012 canvas_min=-8 canvas_nonzero_ratio=0.005368 canvas_std=0.4095 final_norm=23.48 residual_alpha=0.2769 shape_norm=25.56 source_delta_norm=10.19 source_delta_ratio=0.4365
2026-07-30 03:34:48,518 - portable_sam_fusion - INFO - [DEBUG-GATE] epoch=18 step=5200 shape_dense_alpha_max=0.2769 shape_dense_alpha_mean=0.2769 shape_dense_alpha_min=0.2769
2026-07-30 03:34:48,518 - portable_sam_fusion - INFO - [DEBUG-JITTER] epoch=18 step=5200 area_ratio_count=64 area_ratio_mean=1 area_ratio_sum=64 fallback_count=0 mean_iou=1 num_jittered=0 num_rois=64
2026-07-30 03:34:48,518 - portable_sam_fusion - INFO - [DEBUG-SP] epoch=18 step=5200 all_invalid_count=0 all_invalid_ratio=0 empty_count=0 empty_ratio=0 full_count=0 full_ratio=0 mean_point_distance=28.93 n1_gt_valid_count=64 n1_in_gt_bg=0.9062 n1_in_gt_bg_count=58 n1_valid_count=64 n1_valid_ratio=1 n2_gt_valid_count=64 n2_in_gt_bg=1 n2_in_gt_bg_count=64 n2_valid_count=64 n2_valid_ratio=1 neg_in_pred_bg=1 neg_in_pred_bg_count=128 negative_pair_count=64 negative_pair_distance_sum=2779 p1_gt_valid_count=64 p1_in_gt_fg=1 p1_in_gt_fg_count=64 p1_valid_count=64 p1_valid_ratio=1 p2_gt_valid_count=64 p2_in_gt_fg=1 p2_in_gt_fg_count=64 p2_valid_count=64 p2_valid_ratio=1 point_distance_sum=3704 point_overlap_count=0 point_overlap_ratio=0 point_pair_count=128 pos_in_pred_fg=1 pos_in_pred_fg_count=128 positive_pair_count=64 positive_pair_distance_sum=924.6 roi_count=64 valid_neg_count=128 valid_pos_count=128 warmup_stage=2
2026-07-30 03:36:22,262 - portable_sam_fusion - INFO - [DEBUG-BOX] epoch=18 step=5250 fallback_count=0 fallback_ratio=0 num_rois=64 refined_proposal_iou=0 refined_proposal_iou_sum=0 refined_valid_count=0
2026-07-30 03:36:22,262 - portable_sam_fusion - INFO - [DEBUG-COARSE] epoch=18 step=5250 bce_raw=0.1708 boundary_fn=3368 boundary_fp=4085 boundary_loss_local_sum=24.76 boundary_tp=2.047e+04 dice=0.06635 dice_loss_raw=0.06635 iou=0.8774 loss_support_foreground_sum=4.248e+04 loss_support_pixel_sum=6.745e+04 loss_valid_roi_count=58 loss_weight=0.1 raw_boundary_fn=3368 raw_boundary_fp=4085 raw_boundary_tp=2.047e+04 raw_dice_score=0.9336 raw_iou=0.8774 refined_boundary_fn=3310 refined_boundary_fp=3910 refined_boundary_tp=2.057e+04 refined_dice_score=0.9323 refined_iou=0.8751 weighted_loss=0.02372
2026-07-30 03:36:22,262 - portable_sam_fusion - INFO - [DEBUG-CONTEXT] epoch=18 step=5250 enabled=0
2026-07-30 03:36:22,262 - portable_sam_fusion - INFO - [DEBUG-DENSE] epoch=18 step=5250 applied_delta_norm=2.53 applied_delta_ratio=0.1083 base_norm=23.36 canvas_max=8 canvas_mean=0.01183 canvas_min=-8 canvas_nonzero_ratio=0.003865 canvas_std=0.3449 final_norm=23.45 residual_alpha=0.2775 shape_norm=25.12 source_delta_norm=9.115 source_delta_ratio=0.3902
2026-07-30 03:36:22,262 - portable_sam_fusion - INFO - [DEBUG-GATE] epoch=18 step=5250 shape_dense_alpha_max=0.2775 shape_dense_alpha_mean=0.2775 shape_dense_alpha_min=0.2775
2026-07-30 03:36:22,262 - portable_sam_fusion - INFO - [DEBUG-JITTER] epoch=18 step=5250 area_ratio_count=64 area_ratio_mean=1 area_ratio_sum=64 fallback_count=0 mean_iou=1 num_jittered=0 num_rois=64
2026-07-30 03:36:22,262 - portable_sam_fusion - INFO - [DEBUG-SP] epoch=18 step=5250 all_invalid_count=0 all_invalid_ratio=0 empty_count=0 empty_ratio=0 full_count=0 full_ratio=0 mean_point_distance=22.3 n1_gt_valid_count=64 n1_in_gt_bg=0.9375 n1_in_gt_bg_count=60 n1_valid_count=64 n1_valid_ratio=1 n2_gt_valid_count=64 n2_in_gt_bg=0.9531 n2_in_gt_bg_count=61 n2_valid_count=64 n2_valid_ratio=1 neg_in_pred_bg=1 neg_in_pred_bg_count=128 negative_pair_count=64 negative_pair_distance_sum=2132 p1_gt_valid_count=64 p1_in_gt_fg=1 p1_in_gt_fg_count=64 p1_valid_count=64 p1_valid_ratio=1 p2_gt_valid_count=64 p2_in_gt_fg=1 p2_in_gt_fg_count=64 p2_valid_count=64 p2_valid_ratio=1 point_distance_sum=2854 point_overlap_count=0 point_overlap_ratio=0 point_pair_count=128 pos_in_pred_fg=1 pos_in_pred_fg_count=128 positive_pair_count=64 positive_pair_distance_sum=722.8 roi_count=64 valid_neg_count=128 valid_pos_count=128 warmup_stage=2
2026-07-30 03:37:39,380 - portable_sam_fusion - INFO - Epoch 18 detailed losses: loss_rpn_cls=0.0160, loss_rpn_bbox=0.0056, loss_cls=0.1897, acc=92.6468, loss_bbox=0.0823, loss_mask=0.0014, debug_mask_pos_rois=56.1122, debug_mask_logit_mean=-17.0539, debug_mask_logit_std=3.1083, debug_mask_prob_mean=0.0048, debug_mask_prob_ge05=0.0048, debug_mask_target_fill=0.0048, loss_shape_prior=0.0215, loss_p2_boundary_refiner=0.0186, schedule/det_weight=1.0000
2026-07-30 03:37:39,380 - portable_sam_fusion - INFO - Epoch 18 dense residual monitor: alpha=0.271738 source_delta_norm=12.7688 applied_delta_norm=3.4685 source_delta_ratio=0.546684 applied_delta_ratio=0.148503
2026-07-30 03:37:39,380 - portable_sam_fusion - INFO - Epoch 18 P2 boundary refiner: raw_dice=0.8244 refined_dice=0.8232 raw_iou=0.7670 refined_iou=0.7652 raw_boundary_f1=0.8986 refined_boundary_f1=0.8993
2026-07-30 03:37:39,380 - portable_sam_fusion - INFO - Epoch 18 P2 boundary support: valid=79.27% rejected=20.73% coverage=0.3427 delta_abs=0.108657 nonzero=34.27% saturated=7.40% p2_norm=59.4138 highpass_norm=3.8601 support_fg=56.88%
2026-07-30 03:37:39,380 - portable_sam_fusion - INFO - Epoch 18 primary loss shares: det=87.60% final_mask=0.43% shape=6.42% p2_boundary=5.55%
2026-07-30 03:37:39,380 - portable_sam_fusion - INFO - Epoch 18 schedule: det_loss_weight=1.000 early_stop_start=20 min_delta=0.0005
2026-07-30 03:37:39,380 - portable_sam_fusion - INFO - Epoch 18 learning rates: sat_backbone=4.47e-04, mask_decoder=4.47e-04, shape_prior=4.47e-04, p2_boundary_refiner=4.47e-04, quality_head=4.47e-04, sat_other=4.47e-04
2026-07-30 03:41:01,902 - portable_sam_fusion - INFO - Validation samples: GT=15926, DT=16840, avg_masks_per_image=26.86, avg_mask_fill=0.0047
creating index...
index created!
Loading and preparing results...
DONE (t=0.02s)
creating index...
index created!
Running per image evaluation...
Evaluate annotation type *bbox*
DONE (t=10.71s).
Accumulating evaluation results...
DONE (t=0.16s).
 Average Precision  (AP) @[ IoU=0.50:0.95 | area=   all | maxDets=100 ] = 0.643
 Average Precision  (AP) @[ IoU=0.50      | area=   all | maxDets=100 ] = 0.890
 Average Precision  (AP) @[ IoU=0.75      | area=   all | maxDets=100 ] = 0.804
 Average Precision  (AP) @[ IoU=0.50:0.95 | area= small | maxDets=100 ] = 0.304
 Average Precision  (AP) @[ IoU=0.50:0.95 | area=medium | maxDets=100 ] = 0.678
 Average Precision  (AP) @[ IoU=0.50:0.95 | area= large | maxDets=100 ] = 0.730
 Average Recall     (AR) @[ IoU=0.50:0.95 | area=   all | maxDets=  1 ] = 0.025
 Average Recall     (AR) @[ IoU=0.50:0.95 | area=   all | maxDets= 10 ] = 0.177
 Average Recall     (AR) @[ IoU=0.50:0.95 | area=   all | maxDets=100 ] = 0.692
 Average Recall     (AR) @[ IoU=0.50:0.95 | area= small | maxDets=100 ] = 0.397
 Average Recall     (AR) @[ IoU=0.50:0.95 | area=medium | maxDets=100 ] = 0.726
 Average Recall     (AR) @[ IoU=0.50:0.95 | area= large | maxDets=100 ] = 0.785
2026-07-30 03:41:12,960 - portable_sam_fusion - INFO - Validation bbox/mAP: 0.6430 bbox/mAP_75: 0.8043
Running per image evaluation...
Evaluate annotation type *segm*
DONE (t=10.85s).
Accumulating evaluation results...
DONE (t=0.16s).
 Average Precision  (AP) @[ IoU=0.50:0.95 | area=   all | maxDets=100 ] = 0.648
 Average Precision  (AP) @[ IoU=0.50      | area=   all | maxDets=100 ] = 0.890
 Average Precision  (AP) @[ IoU=0.75      | area=   all | maxDets=100 ] = 0.766
 Average Precision  (AP) @[ IoU=0.50:0.95 | area= small | maxDets=100 ] = 0.239
 Average Precision  (AP) @[ IoU=0.50:0.95 | area=medium | maxDets=100 ] = 0.683
 Average Precision  (AP) @[ IoU=0.50:0.95 | area= large | maxDets=100 ] = 0.785
 Average Recall     (AR) @[ IoU=0.50:0.95 | area=   all | maxDets=  1 ] = 0.025
 Average Recall     (AR) @[ IoU=0.50:0.95 | area=   all | maxDets= 10 ] = 0.182
 Average Recall     (AR) @[ IoU=0.50:0.95 | area=   all | maxDets=100 ] = 0.687
 Average Recall     (AR) @[ IoU=0.50:0.95 | area= small | maxDets=100 ] = 0.314
 Average Recall     (AR) @[ IoU=0.50:0.95 | area=medium | maxDets=100 ] = 0.720
 Average Recall     (AR) @[ IoU=0.50:0.95 | area= large | maxDets=100 ] = 0.827
2026-07-30 03:41:23,999 - portable_sam_fusion - INFO - Validation segm/mAP: 0.6480
2026-07-30 03:41:24,555 - portable_sam_fusion - INFO - New best segm/mAP: 0.6480
2026-07-30 03:41:24,556 - portable_sam_fusion - INFO - New best early-stop metric (segm/mAP): raw=0.6480 smooth(5)=0.6283
2026-07-30 03:41:27,109 - portable_sam_fusion - INFO - Saved best_model with segm/mAP: 0.6480
2026-07-30 03:41:32,502 - portable_sam_fusion - INFO - Epoch 18/80 | train=0.335161 val=disabled segm/mAP=0.6480 bbox/mAP=0.6430 | best_segm=0.6480 best_bbox=0.6793 best_comp=0.0000 | sat_backbone=4.47e-04 mask_decoder=4.47e-04 shape_prior=4.47e-04 p2_boundary_refiner=4.47e-04 quality_head=4.47e-04 sat_other=4.47e-04
2026-07-30 03:41:45,185 - portable_sam_fusion - INFO - [DEBUG-BOX] epoch=19 step=5300 fallback_count=0 fallback_ratio=0 num_rois=64 refined_proposal_iou=0 refined_proposal_iou_sum=0 refined_valid_count=0
2026-07-30 03:41:45,185 - portable_sam_fusion - INFO - [DEBUG-COARSE] epoch=19 step=5300 bce_raw=0.2005 boundary_fn=2914 boundary_fp=3969 boundary_loss_local_sum=14.14 boundary_tp=2.545e+04 dice=0.1143 dice_loss_raw=0.1143 iou=0.802 loss_support_foreground_sum=2.302e+04 loss_support_pixel_sum=4.858e+04 loss_valid_roi_count=35 loss_weight=0.1 raw_boundary_fn=2914 raw_boundary_fp=3969 raw_boundary_tp=2.545e+04 raw_dice_score=0.8857 raw_iou=0.802 refined_boundary_fn=2863 refined_boundary_fp=4066 refined_boundary_tp=2.552e+04 refined_dice_score=0.884 refined_iou=0.7995 weighted_loss=0.03148
2026-07-30 03:41:45,185 - portable_sam_fusion - INFO - [DEBUG-CONTEXT] epoch=19 step=5300 enabled=0
2026-07-30 03:41:45,185 - portable_sam_fusion - INFO - [DEBUG-DENSE] epoch=19 step=5300 applied_delta_norm=3.183 applied_delta_ratio=0.1363 base_norm=23.36 canvas_max=8 canvas_mean=-0.003754 canvas_min=-8 canvas_nonzero_ratio=0.006511 canvas_std=0.4216 final_norm=23.5 residual_alpha=0.278 shape_norm=26.04 source_delta_norm=11.45 source_delta_ratio=0.4902
2026-07-30 03:41:45,185 - portable_sam_fusion - INFO - [DEBUG-GATE] epoch=19 step=5300 shape_dense_alpha_max=0.278 shape_dense_alpha_mean=0.278 shape_dense_alpha_min=0.278
2026-07-30 03:41:45,185 - portable_sam_fusion - INFO - [DEBUG-JITTER] epoch=19 step=5300 area_ratio_count=64 area_ratio_mean=1 area_ratio_sum=64 fallback_count=0 mean_iou=1 num_jittered=0 num_rois=64
2026-07-30 03:41:45,185 - portable_sam_fusion - INFO - [DEBUG-SP] epoch=19 step=5300 all_invalid_count=0 all_invalid_ratio=0 empty_count=0 empty_ratio=0 full_count=0 full_ratio=0 mean_point_distance=30.81 n1_gt_valid_count=64 n1_in_gt_bg=0.9688 n1_in_gt_bg_count=62 n1_valid_count=64 n1_valid_ratio=1 n2_gt_valid_count=64 n2_in_gt_bg=1 n2_in_gt_bg_count=64 n2_valid_count=64 n2_valid_ratio=1 neg_in_pred_bg=1 neg_in_pred_bg_count=128 negative_pair_count=64 negative_pair_distance_sum=2831 p1_gt_valid_count=64 p1_in_gt_fg=0.9688 p1_in_gt_fg_count=62 p1_valid_count=64 p1_valid_ratio=1 p2_gt_valid_count=64 p2_in_gt_fg=1 p2_in_gt_fg_count=64 p2_valid_count=64 p2_valid_ratio=1 point_distance_sum=3943 point_overlap_count=0 point_overlap_ratio=0 point_pair_count=128 pos_in_pred_fg=1 pos_in_pred_fg_count=128 positive_pair_count=64 positive_pair_distance_sum=1112 roi_count=64 valid_neg_count=128 valid_pos_count=128 warmup_stage=2
2026-07-30 03:43:00,458 - portable_sam_fusion - INFO - [DEBUG-BOX] epoch=19 step=5350 fallback_count=0 fallback_ratio=0 num_rois=64 refined_proposal_iou=0 refined_proposal_iou_sum=0 refined_valid_count=0
2026-07-30 03:43:00,458 - portable_sam_fusion - INFO - [DEBUG-COARSE] epoch=19 step=5350 bce_raw=0.1403 boundary_fn=2196 boundary_fp=2044 boundary_loss_local_sum=18.98 boundary_tp=2.468e+04 dice=0.06983 dice_loss_raw=0.06983 iou=0.8709 loss_support_foreground_sum=3.767e+04 loss_support_pixel_sum=6.798e+04 loss_valid_roi_count=52 loss_weight=0.1 raw_boundary_fn=2196 raw_boundary_fp=2044 raw_boundary_tp=2.468e+04 raw_dice_score=0.9302 raw_iou=0.8709 refined_boundary_fn=2111 refined_boundary_fp=2095 refined_boundary_tp=2.483e+04 refined_dice_score=0.9291 refined_iou=0.8692 weighted_loss=0.02101
2026-07-30 03:43:00,458 - portable_sam_fusion - INFO - [DEBUG-CONTEXT] epoch=19 step=5350 enabled=0
2026-07-30 03:43:00,458 - portable_sam_fusion - INFO - [DEBUG-DENSE] epoch=19 step=5350 applied_delta_norm=3.086 applied_delta_ratio=0.1321 base_norm=23.36 canvas_max=8 canvas_mean=0.002243 canvas_min=-8 canvas_nonzero_ratio=0.005912 canvas_std=0.4555 final_norm=23.5 residual_alpha=0.2783 shape_norm=25.88 source_delta_norm=11.09 source_delta_ratio=0.4746
2026-07-30 03:43:00,459 - portable_sam_fusion - INFO - [DEBUG-GATE] epoch=19 step=5350 shape_dense_alpha_max=0.2783 shape_dense_alpha_mean=0.2783 shape_dense_alpha_min=0.2783
2026-07-30 03:43:00,459 - portable_sam_fusion - INFO - [DEBUG-JITTER] epoch=19 step=5350 area_ratio_count=64 area_ratio_mean=1 area_ratio_sum=64 fallback_count=0 mean_iou=1 num_jittered=0 num_rois=64
2026-07-30 03:43:00,459 - portable_sam_fusion - INFO - [DEBUG-SP] epoch=19 step=5350 all_invalid_count=0 all_invalid_ratio=0 empty_count=0 empty_ratio=0 full_count=0 full_ratio=0 mean_point_distance=30.23 n1_gt_valid_count=64 n1_in_gt_bg=0.8906 n1_in_gt_bg_count=57 n1_valid_count=64 n1_valid_ratio=1 n2_gt_valid_count=64 n2_in_gt_bg=1 n2_in_gt_bg_count=64 n2_valid_count=64 n2_valid_ratio=1 neg_in_pred_bg=1 neg_in_pred_bg_count=128 negative_pair_count=64 negative_pair_distance_sum=2882 p1_gt_valid_count=64 p1_in_gt_fg=1 p1_in_gt_fg_count=64 p1_valid_count=64 p1_valid_ratio=1 p2_gt_valid_count=64 p2_in_gt_fg=1 p2_in_gt_fg_count=64 p2_valid_count=64 p2_valid_ratio=1 point_distance_sum=3870 point_overlap_count=0 point_overlap_ratio=0 point_pair_count=128 pos_in_pred_fg=1 pos_in_pred_fg_count=128 positive_pair_count=64 positive_pair_distance_sum=988.2 roi_count=64 valid_neg_count=128 valid_pos_count=128 warmup_stage=2
2026-07-30 03:43:26,271 - portable_sam_fusion - INFO - epoch 19 | mini-batch 72/294 | optimizer_step 1350/5920 | lr=4.453e-04
2026-07-30 03:44:31,192 - portable_sam_fusion - INFO - [DEBUG-BOX] epoch=19 step=5400 fallback_count=0 fallback_ratio=0 num_rois=64 refined_proposal_iou=0 refined_proposal_iou_sum=0 refined_valid_count=0
2026-07-30 03:44:31,192 - portable_sam_fusion - INFO - [DEBUG-COARSE] epoch=19 step=5400 bce_raw=0.1472 boundary_fn=2144 boundary_fp=2102 boundary_loss_local_sum=11.83 boundary_tp=2.639e+04 dice=0.0865 dice_loss_raw=0.0865 iou=0.8436 loss_support_foreground_sum=2.581e+04 loss_support_pixel_sum=4.872e+04 loss_valid_roi_count=36 loss_weight=0.1 raw_boundary_fn=2144 raw_boundary_fp=2102 raw_boundary_tp=2.639e+04 raw_dice_score=0.9135 raw_iou=0.8436 refined_boundary_fn=2036 refined_boundary_fp=2132 refined_boundary_tp=2.651e+04 refined_dice_score=0.9129 refined_iou=0.8426 weighted_loss=0.02337
2026-07-30 03:44:31,192 - portable_sam_fusion - INFO - [DEBUG-CONTEXT] epoch=19 step=5400 enabled=0
2026-07-30 03:44:31,192 - portable_sam_fusion - INFO - [DEBUG-DENSE] epoch=19 step=5400 applied_delta_norm=3.757 applied_delta_ratio=0.1608 base_norm=23.36 canvas_max=8 canvas_mean=-2.468e-05 canvas_min=-8 canvas_nonzero_ratio=0.00854 canvas_std=0.5099 final_norm=23.56 residual_alpha=0.2785 shape_norm=26.95 source_delta_norm=13.49 source_delta_ratio=0.5775
2026-07-30 03:44:31,192 - portable_sam_fusion - INFO - [DEBUG-GATE] epoch=19 step=5400 shape_dense_alpha_max=0.2785 shape_dense_alpha_mean=0.2785 shape_dense_alpha_min=0.2785
2026-07-30 03:44:31,192 - portable_sam_fusion - INFO - [DEBUG-JITTER] epoch=19 step=5400 area_ratio_count=64 area_ratio_mean=1 area_ratio_sum=64 fallback_count=0 mean_iou=1 num_jittered=0 num_rois=64
2026-07-30 03:44:31,192 - portable_sam_fusion - INFO - [DEBUG-SP] epoch=19 step=5400 all_invalid_count=0 all_invalid_ratio=0 empty_count=0 empty_ratio=0 full_count=0 full_ratio=0 mean_point_distance=40.69 n1_gt_valid_count=64 n1_in_gt_bg=0.9531 n1_in_gt_bg_count=61 n1_valid_count=64 n1_valid_ratio=1 n2_gt_valid_count=64 n2_in_gt_bg=1 n2_in_gt_bg_count=64 n2_valid_count=64 n2_valid_ratio=1 neg_in_pred_bg=1 neg_in_pred_bg_count=128 negative_pair_count=64 negative_pair_distance_sum=3823 p1_gt_valid_count=64 p1_in_gt_fg=1 p1_in_gt_fg_count=64 p1_valid_count=64 p1_valid_ratio=1 p2_gt_valid_count=64 p2_in_gt_fg=1 p2_in_gt_fg_count=64 p2_valid_count=64 p2_valid_ratio=1 point_distance_sum=5208 point_overlap_count=0 point_overlap_ratio=0 point_pair_count=128 pos_in_pred_fg=1 pos_in_pred_fg_count=128 positive_pair_count=64 positive_pair_distance_sum=1386 roi_count=64 valid_neg_count=128 valid_pos_count=128 warmup_stage=2
2026-07-30 03:46:01,200 - portable_sam_fusion - INFO - [DEBUG-BOX] epoch=19 step=5450 fallback_count=0 fallback_ratio=0 num_rois=64 refined_proposal_iou=0 refined_proposal_iou_sum=0 refined_valid_count=0
2026-07-30 03:46:01,200 - portable_sam_fusion - INFO - [DEBUG-COARSE] epoch=19 step=5450 bce_raw=0.1246 boundary_fn=1951 boundary_fp=1541 boundary_loss_local_sum=13.72 boundary_tp=2.558e+04 dice=0.07253 dice_loss_raw=0.07253 iou=0.8666 loss_support_foreground_sum=2.732e+04 loss_support_pixel_sum=5.392e+04 loss_valid_roi_count=41 loss_weight=0.1 raw_boundary_fn=1951 raw_boundary_fp=1541 raw_boundary_tp=2.558e+04 raw_dice_score=0.9275 raw_iou=0.8666 refined_boundary_fn=1836 refined_boundary_fp=1433 refined_boundary_tp=2.57e+04 refined_dice_score=0.9263 refined_iou=0.8646 weighted_loss=0.01971
2026-07-30 03:46:01,200 - portable_sam_fusion - INFO - [DEBUG-CONTEXT] epoch=19 step=5450 enabled=0
2026-07-30 03:46:01,200 - portable_sam_fusion - INFO - [DEBUG-DENSE] epoch=19 step=5450 applied_delta_norm=3.143 applied_delta_ratio=0.1346 base_norm=23.36 canvas_max=8 canvas_mean=0.0003655 canvas_min=-8 canvas_nonzero_ratio=0.006088 canvas_std=0.4534 final_norm=23.5 residual_alpha=0.2787 shape_norm=25.95 source_delta_norm=11.28 source_delta_ratio=0.4828
2026-07-30 03:46:01,200 - portable_sam_fusion - INFO - [DEBUG-GATE] epoch=19 step=5450 shape_dense_alpha_max=0.2787 shape_dense_alpha_mean=0.2787 shape_dense_alpha_min=0.2787
2026-07-30 03:46:01,201 - portable_sam_fusion - INFO - [DEBUG-JITTER] epoch=19 step=5450 area_ratio_count=64 area_ratio_mean=1 area_ratio_sum=64 fallback_count=0 mean_iou=1 num_jittered=0 num_rois=64
2026-07-30 03:46:01,201 - portable_sam_fusion - INFO - [DEBUG-SP] epoch=19 step=5450 all_invalid_count=0 all_invalid_ratio=0 empty_count=0 empty_ratio=0 full_count=0 full_ratio=0 mean_point_distance=28.32 n1_gt_valid_count=64 n1_in_gt_bg=0.9219 n1_in_gt_bg_count=59 n1_valid_count=64 n1_valid_ratio=1 n2_gt_valid_count=64 n2_in_gt_bg=1 n2_in_gt_bg_count=64 n2_valid_count=64 n2_valid_ratio=1 neg_in_pred_bg=1 neg_in_pred_bg_count=128 negative_pair_count=64 negative_pair_distance_sum=2617 p1_gt_valid_count=64 p1_in_gt_fg=1 p1_in_gt_fg_count=64 p1_valid_count=64 p1_valid_ratio=1 p2_gt_valid_count=64 p2_in_gt_fg=1 p2_in_gt_fg_count=64 p2_valid_count=64 p2_valid_ratio=1 point_distance_sum=3625 point_overlap_count=0 point_overlap_ratio=0 point_pair_count=128 pos_in_pred_fg=1 pos_in_pred_fg_count=128 positive_pair_count=64 positive_pair_distance_sum=1008 roi_count=64 valid_neg_count=128 valid_pos_count=128 warmup_stage=2
2026-07-30 03:47:32,319 - portable_sam_fusion - INFO - [DEBUG-BOX] epoch=19 step=5500 fallback_count=0 fallback_ratio=0 num_rois=64 refined_proposal_iou=0 refined_proposal_iou_sum=0 refined_valid_count=0
2026-07-30 03:47:32,319 - portable_sam_fusion - INFO - [DEBUG-COARSE] epoch=19 step=5500 bce_raw=0.1476 boundary_fn=2050 boundary_fp=2280 boundary_loss_local_sum=21.38 boundary_tp=2.374e+04 dice=0.06515 dice_loss_raw=0.06515 iou=0.8803 loss_support_foreground_sum=4.148e+04 loss_support_pixel_sum=7.448e+04 loss_valid_roi_count=58 loss_weight=0.1 raw_boundary_fn=2050 raw_boundary_fp=2280 raw_boundary_tp=2.374e+04 raw_dice_score=0.9348 raw_iou=0.8803 refined_boundary_fn=1949 refined_boundary_fp=2246 refined_boundary_tp=2.388e+04 refined_dice_score=0.9341 refined_iou=0.879 weighted_loss=0.02128
2026-07-30 03:47:32,319 - portable_sam_fusion - INFO - [DEBUG-CONTEXT] epoch=19 step=5500 enabled=0
2026-07-30 03:47:32,319 - portable_sam_fusion - INFO - [DEBUG-DENSE] epoch=19 step=5500 applied_delta_norm=4.072 applied_delta_ratio=0.1744 base_norm=23.36 canvas_max=8 canvas_mean=0.004437 canvas_min=-8 canvas_nonzero_ratio=0.01427 canvas_std=0.6629 final_norm=23.73 residual_alpha=0.2789 shape_norm=28.57 source_delta_norm=14.6 source_delta_ratio=0.6251
2026-07-30 03:47:32,319 - portable_sam_fusion - INFO - [DEBUG-GATE] epoch=19 step=5500 shape_dense_alpha_max=0.2789 shape_dense_alpha_mean=0.2789 shape_dense_alpha_min=0.2789
2026-07-30 03:47:32,319 - portable_sam_fusion - INFO - [DEBUG-JITTER] epoch=19 step=5500 area_ratio_count=64 area_ratio_mean=1 area_ratio_sum=64 fallback_count=0 mean_iou=1 num_jittered=0 num_rois=64
2026-07-30 03:47:32,319 - portable_sam_fusion - INFO - [DEBUG-SP] epoch=19 step=5500 all_invalid_count=0 all_invalid_ratio=0 empty_count=0 empty_ratio=0 full_count=0 full_ratio=0 mean_point_distance=39.48 n1_gt_valid_count=64 n1_in_gt_bg=0.9062 n1_in_gt_bg_count=58 n1_valid_count=64 n1_valid_ratio=1 n2_gt_valid_count=64 n2_in_gt_bg=0.9844 n2_in_gt_bg_count=63 n2_valid_count=64 n2_valid_ratio=1 neg_in_pred_bg=1 neg_in_pred_bg_count=128 negative_pair_count=64 negative_pair_distance_sum=3609 p1_gt_valid_count=64 p1_in_gt_fg=1 p1_in_gt_fg_count=64 p1_valid_count=64 p1_valid_ratio=1 p2_gt_valid_count=64 p2_in_gt_fg=1 p2_in_gt_fg_count=64 p2_valid_count=64 p2_valid_ratio=1 point_distance_sum=5053 point_overlap_count=0 point_overlap_ratio=0 point_pair_count=128 pos_in_pred_fg=1 pos_in_pred_fg_count=128 positive_pair_count=64 positive_pair_distance_sum=1445 roi_count=64 valid_neg_count=128 valid_pos_count=128 warmup_stage=2
2026-07-30 03:49:03,945 - portable_sam_fusion - INFO - [DEBUG-BOX] epoch=19 step=5550 fallback_count=0 fallback_ratio=0 num_rois=0 refined_proposal_iou=0 refined_proposal_iou_sum=0 refined_valid_count=0
2026-07-30 03:49:03,945 - portable_sam_fusion - INFO - [DEBUG-COARSE] epoch=19 step=5550 boundary_fn=0 boundary_fp=0 boundary_tp=0 dice=0 iou=0
2026-07-30 03:49:03,945 - portable_sam_fusion - INFO - [DEBUG-CONTEXT] epoch=19 step=5550 enabled=0
2026-07-30 03:49:03,945 - portable_sam_fusion - INFO - [DEBUG-DENSE] epoch=19 step=5550 applied_delta_norm=6.554 applied_delta_ratio=0.2806 base_norm=23.36 canvas_max=8 canvas_mean=0.07427 canvas_min=-8 canvas_nonzero_ratio=0.02968 canvas_std=0.9767 final_norm=24.18 residual_alpha=0.2792 shape_norm=34.08 source_delta_norm=23.48 source_delta_ratio=1.005
2026-07-30 03:49:03,945 - portable_sam_fusion - INFO - [DEBUG-GATE] epoch=19 step=5550 shape_dense_alpha_max=0.2792 shape_dense_alpha_mean=0.2792 shape_dense_alpha_min=0.2792
2026-07-30 03:49:03,945 - portable_sam_fusion - INFO - [DEBUG-JITTER] epoch=19 step=5550 area_ratio_count=0 area_ratio_mean=0 area_ratio_sum=0 fallback_count=0 mean_iou=0 num_jittered=0 num_rois=0
2026-07-30 03:49:03,945 - portable_sam_fusion - INFO - [DEBUG-SP] epoch=19 step=5550 all_invalid_count=0 all_invalid_ratio=0 empty_count=0 empty_ratio=0 full_count=0 full_ratio=0 mean_point_distance=56.28 n1_gt_valid_count=64 n1_in_gt_bg=1 n1_in_gt_bg_count=64 n1_valid_count=64 n1_valid_ratio=1 n2_gt_valid_count=64 n2_in_gt_bg=1 n2_in_gt_bg_count=64 n2_valid_count=64 n2_valid_ratio=1 neg_in_pred_bg=1 neg_in_pred_bg_count=128 negative_pair_count=64 negative_pair_distance_sum=5428 p1_gt_valid_count=64 p1_in_gt_fg=1 p1_in_gt_fg_count=64 p1_valid_count=64 p1_valid_ratio=1 p2_gt_valid_count=64 p2_in_gt_fg=1 p2_in_gt_fg_count=64 p2_valid_count=64 p2_valid_ratio=1 point_distance_sum=7204 point_overlap_count=0 point_overlap_ratio=0 point_pair_count=128 pos_in_pred_fg=1 pos_in_pred_fg_count=128 positive_pair_count=64 positive_pair_distance_sum=1776 roi_count=64 valid_neg_count=128 valid_pos_count=128 warmup_stage=2
2026-07-30 03:49:22,339 - portable_sam_fusion - INFO - epoch 19 | mini-batch 272/294 | optimizer_step 1400/5920 | lr=4.410e-04
2026-07-30 03:49:51,384 - portable_sam_fusion - INFO - Epoch 19 detailed losses: loss_rpn_cls=0.0168, loss_rpn_bbox=0.0061, loss_cls=0.1979, acc=92.3597, loss_bbox=0.0811, loss_mask=0.0014, debug_mask_pos_rois=57.7925, debug_mask_logit_mean=-14.7430, debug_mask_logit_std=2.6030, debug_mask_prob_mean=0.0052, debug_mask_prob_ge05=0.0051, debug_mask_target_fill=0.0052, loss_shape_prior=0.0223, loss_p2_boundary_refiner=0.0190, schedule/det_weight=1.0000
2026-07-30 03:49:51,384 - portable_sam_fusion - INFO - Epoch 19 dense residual monitor: alpha=0.273309 source_delta_norm=12.6879 applied_delta_norm=3.4679 source_delta_ratio=0.543223 applied_delta_ratio=0.148474
2026-07-30 03:49:51,384 - portable_sam_fusion - INFO - Epoch 19 P2 boundary refiner: raw_dice=0.8234 refined_dice=0.8221 raw_iou=0.7656 refined_iou=0.7635 raw_boundary_f1=0.8957 refined_boundary_f1=0.8964
2026-07-30 03:49:51,384 - portable_sam_fusion - INFO - Epoch 19 P2 boundary support: valid=79.84% rejected=20.16% coverage=0.3445 delta_abs=0.109682 nonzero=34.45% saturated=7.81% p2_norm=58.0726 highpass_norm=3.6944 support_fg=56.80%
2026-07-30 03:49:51,384 - portable_sam_fusion - INFO - Epoch 19 primary loss shares: det=87.60% final_mask=0.40% shape=6.48% p2_boundary=5.52%
2026-07-30 03:49:51,384 - portable_sam_fusion - INFO - Epoch 19 schedule: det_loss_weight=1.000 early_stop_start=20 min_delta=0.0005
2026-07-30 03:49:51,384 - portable_sam_fusion - INFO - Epoch 19 learning rates: sat_backbone=4.40e-04, mask_decoder=4.40e-04, shape_prior=4.40e-04, p2_boundary_refiner=4.40e-04, quality_head=4.40e-04, sat_other=4.40e-04
2026-07-30 03:53:24,056 - portable_sam_fusion - INFO - Validation samples: GT=15926, DT=18039, avg_masks_per_image=28.77, avg_mask_fill=0.0067
creating index...
index created!
Loading and preparing results...
DONE (t=0.02s)
creating index...
index created!
Running per image evaluation...
Evaluate annotation type *bbox*
DONE (t=10.66s).
Accumulating evaluation results...
DONE (t=0.18s).
 Average Precision  (AP) @[ IoU=0.50:0.95 | area=   all | maxDets=100 ] = 0.680
 Average Precision  (AP) @[ IoU=0.50      | area=   all | maxDets=100 ] = 0.893
 Average Precision  (AP) @[ IoU=0.75      | area=   all | maxDets=100 ] = 0.811
 Average Precision  (AP) @[ IoU=0.50:0.95 | area= small | maxDets=100 ] = 0.277
 Average Precision  (AP) @[ IoU=0.50:0.95 | area=medium | maxDets=100 ] = 0.725
 Average Precision  (AP) @[ IoU=0.50:0.95 | area= large | maxDets=100 ] = 0.759
 Average Recall     (AR) @[ IoU=0.50:0.95 | area=   all | maxDets=  1 ] = 0.025
 Average Recall     (AR) @[ IoU=0.50:0.95 | area=   all | maxDets= 10 ] = 0.187
 Average Recall     (AR) @[ IoU=0.50:0.95 | area=   all | maxDets=100 ] = 0.732
 Average Recall     (AR) @[ IoU=0.50:0.95 | area= small | maxDets=100 ] = 0.411
 Average Recall     (AR) @[ IoU=0.50:0.95 | area=medium | maxDets=100 ] = 0.779
 Average Recall     (AR) @[ IoU=0.50:0.95 | area= large | maxDets=100 ] = 0.803
2026-07-30 03:53:35,110 - portable_sam_fusion - INFO - Validation bbox/mAP: 0.6800 bbox/mAP_75: 0.8106
Running per image evaluation...
Evaluate annotation type *segm*
DONE (t=10.91s).
Accumulating evaluation results...
DONE (t=0.19s).
 Average Precision  (AP) @[ IoU=0.50:0.95 | area=   all | maxDets=100 ] = 0.632
 Average Precision  (AP) @[ IoU=0.50      | area=   all | maxDets=100 ] = 0.885
 Average Precision  (AP) @[ IoU=0.75      | area=   all | maxDets=100 ] = 0.751
 Average Precision  (AP) @[ IoU=0.50:0.95 | area= small | maxDets=100 ] = 0.191
 Average Precision  (AP) @[ IoU=0.50:0.95 | area=medium | maxDets=100 ] = 0.662
 Average Precision  (AP) @[ IoU=0.50:0.95 | area= large | maxDets=100 ] = 0.795
 Average Recall     (AR) @[ IoU=0.50:0.95 | area=   all | maxDets=  1 ] = 0.025
 Average Recall     (AR) @[ IoU=0.50:0.95 | area=   all | maxDets= 10 ] = 0.181
 Average Recall     (AR) @[ IoU=0.50:0.95 | area=   all | maxDets=100 ] = 0.675
 Average Recall     (AR) @[ IoU=0.50:0.95 | area= small | maxDets=100 ] = 0.290
 Average Recall     (AR) @[ IoU=0.50:0.95 | area=medium | maxDets=100 ] = 0.705
 Average Recall     (AR) @[ IoU=0.50:0.95 | area= large | maxDets=100 ] = 0.831
2026-07-30 03:53:46,243 - portable_sam_fusion - INFO - Validation segm/mAP: 0.6316
2026-07-30 03:53:46,913 - portable_sam_fusion - INFO - New best bbox/mAP: 0.6800
2026-07-30 03:53:46,913 - portable_sam_fusion - INFO - Early-stop metric (segm/mAP): raw=0.6316 smooth(5)=0.6251; counter disabled before epoch 20
2026-07-30 03:53:49,491 - portable_sam_fusion - INFO - Saved best_bbox_model with bbox/mAP: 0.6800
2026-07-30 03:53:54,946 - portable_sam_fusion - INFO - Epoch 19/80 | train=0.344716 val=disabled segm/mAP=0.6316 bbox/mAP=0.6800 | best_segm=0.6480 best_bbox=0.6800 best_comp=0.0000 | sat_backbone=4.40e-04 mask_decoder=4.40e-04 shape_prior=4.40e-04 p2_boundary_refiner=4.40e-04 quality_head=4.40e-04 sat_other=4.40e-04
2026-07-30 03:54:19,781 - portable_sam_fusion - INFO - [DEBUG-BOX] epoch=20 step=5600 fallback_count=0 fallback_ratio=0 num_rois=64 refined_proposal_iou=0 refined_proposal_iou_sum=0 refined_valid_count=0
2026-07-30 03:54:19,781 - portable_sam_fusion - INFO - [DEBUG-COARSE] epoch=20 step=5600 bce_raw=0.1476 boundary_fn=2544 boundary_fp=2080 boundary_loss_local_sum=15.47 boundary_tp=2.457e+04 dice=0.07715 dice_loss_raw=0.07715 iou=0.8606 loss_support_foreground_sum=3.414e+04 loss_support_pixel_sum=6.122e+04 loss_valid_roi_count=47 loss_weight=0.1 raw_boundary_fn=2544 raw_boundary_fp=2080 raw_boundary_tp=2.457e+04 raw_dice_score=0.9228 raw_iou=0.8606 refined_boundary_fn=2487 refined_boundary_fp=2113 refined_boundary_tp=2.47e+04 refined_dice_score=0.9212 refined_iou=0.858 weighted_loss=0.02248
2026-07-30 03:54:19,781 - portable_sam_fusion - INFO - [DEBUG-CONTEXT] epoch=20 step=5600 enabled=0
2026-07-30 03:54:19,782 - portable_sam_fusion - INFO - [DEBUG-DENSE] epoch=20 step=5600 applied_delta_norm=3.034 applied_delta_ratio=0.1299 base_norm=23.36 canvas_max=8 canvas_mean=-0.001005 canvas_min=-8 canvas_nonzero_ratio=0.005605 canvas_std=0.4539 final_norm=23.49 residual_alpha=0.2794 shape_norm=25.71 source_delta_norm=10.86 source_delta_ratio=0.4649
2026-07-30 03:54:19,782 - portable_sam_fusion - INFO - [DEBUG-GATE] epoch=20 step=5600 shape_dense_alpha_max=0.2794 shape_dense_alpha_mean=0.2794 shape_dense_alpha_min=0.2794
2026-07-30 03:54:19,782 - portable_sam_fusion - INFO - [DEBUG-JITTER] epoch=20 step=5600 area_ratio_count=64 area_ratio_mean=1 area_ratio_sum=64 fallback_count=0 mean_iou=1 num_jittered=0 num_rois=64
2026-07-30 03:54:19,782 - portable_sam_fusion - INFO - [DEBUG-SP] epoch=20 step=5600 all_invalid_count=0 all_invalid_ratio=0 empty_count=0 empty_ratio=0 full_count=0 full_ratio=0 mean_point_distance=24.94 n1_gt_valid_count=64 n1_in_gt_bg=0.875 n1_in_gt_bg_count=56 n1_valid_count=64 n1_valid_ratio=1 n2_gt_valid_count=64 n2_in_gt_bg=1 n2_in_gt_bg_count=64 n2_valid_count=64 n2_valid_ratio=1 neg_in_pred_bg=1 neg_in_pred_bg_count=128 negative_pair_count=64 negative_pair_distance_sum=2236 p1_gt_valid_count=64 p1_in_gt_fg=1 p1_in_gt_fg_count=64 p1_valid_count=64 p1_valid_ratio=1 p2_gt_valid_count=64 p2_in_gt_fg=1 p2_in_gt_fg_count=64 p2_valid_count=64 p2_valid_ratio=1 point_distance_sum=3192 point_overlap_count=0 point_overlap_ratio=0 point_pair_count=128 pos_in_pred_fg=1 pos_in_pred_fg_count=128 positive_pair_count=64 positive_pair_distance_sum=956.4 roi_count=64 valid_neg_count=128 valid_pos_count=128 warmup_stage=2
2026-07-30 03:55:54,240 - portable_sam_fusion - INFO - [DEBUG-BOX] epoch=20 step=5650 fallback_count=0 fallback_ratio=0 num_rois=64 refined_proposal_iou=0 refined_proposal_iou_sum=0 refined_valid_count=0
2026-07-30 03:55:54,240 - portable_sam_fusion - INFO - [DEBUG-COARSE] epoch=20 step=5650 bce_raw=0.1492 boundary_fn=2377 boundary_fp=2103 boundary_loss_local_sum=10.3 boundary_tp=2.641e+04 dice=0.09185 dice_loss_raw=0.09185 iou=0.8365 loss_support_foreground_sum=2.315e+04 loss_support_pixel_sum=4.151e+04 loss_valid_roi_count=31 loss_weight=0.1 raw_boundary_fn=2377 raw_boundary_fp=2103 raw_boundary_tp=2.641e+04 raw_dice_score=0.9082 raw_iou=0.8365 refined_boundary_fn=2380 refined_boundary_fp=2074 refined_boundary_tp=2.642e+04 refined_dice_score=0.9067 refined_iou=0.8343 weighted_loss=0.02411
2026-07-30 03:55:54,240 - portable_sam_fusion - INFO - [DEBUG-CONTEXT] epoch=20 step=5650 enabled=0
2026-07-30 03:55:54,240 - portable_sam_fusion - INFO - [DEBUG-DENSE] epoch=20 step=5650 applied_delta_norm=3.316 applied_delta_ratio=0.142 base_norm=23.36 canvas_max=8 canvas_mean=-0.004868 canvas_min=-8 canvas_nonzero_ratio=0.007348 canvas_std=0.4283 final_norm=23.53 residual_alpha=0.2795 shape_norm=26.3 source_delta_norm=11.86 source_delta_ratio=0.5078
2026-07-30 03:55:54,240 - portable_sam_fusion - INFO - [DEBUG-GATE] epoch=20 step=5650 shape_dense_alpha_max=0.2795 shape_dense_alpha_mean=0.2795 shape_dense_alpha_min=0.2795
2026-07-30 03:55:54,241 - portable_sam_fusion - INFO - [DEBUG-JITTER] epoch=20 step=5650 area_ratio_count=64 area_ratio_mean=1 area_ratio_sum=64 fallback_count=0 mean_iou=1 num_jittered=0 num_rois=64
2026-07-30 03:55:54,241 - portable_sam_fusion - INFO - [DEBUG-SP] epoch=20 step=5650 all_invalid_count=0 all_invalid_ratio=0 empty_count=0 empty_ratio=0 full_count=0 full_ratio=0 mean_point_distance=32.47 n1_gt_valid_count=64 n1_in_gt_bg=0.8906 n1_in_gt_bg_count=57 n1_valid_count=64 n1_valid_ratio=1 n2_gt_valid_count=64 n2_in_gt_bg=1 n2_in_gt_bg_count=64 n2_valid_count=64 n2_valid_ratio=1 neg_in_pred_bg=1 neg_in_pred_bg_count=128 negative_pair_count=64 negative_pair_distance_sum=3057 p1_gt_valid_count=64 p1_in_gt_fg=1 p1_in_gt_fg_count=64 p1_valid_count=64 p1_valid_ratio=1 p2_gt_valid_count=64 p2_in_gt_fg=1 p2_in_gt_fg_count=64 p2_valid_count=64 p2_valid_ratio=1 point_distance_sum=4156 point_overlap_count=0 point_overlap_ratio=0 point_pair_count=128 pos_in_pred_fg=1 pos_in_pred_fg_count=128 positive_pair_count=64 positive_pair_distance_sum=1099 roi_count=64 valid_neg_count=128 valid_pos_count=128 warmup_stage=2
2026-07-30 03:57:18,739 - portable_sam_fusion - INFO - [DEBUG-BOX] epoch=20 step=5700 fallback_count=0 fallback_ratio=0 num_rois=64 refined_proposal_iou=0 refined_proposal_iou_sum=0 refined_valid_count=0
2026-07-30 03:57:18,739 - portable_sam_fusion - INFO - [DEBUG-COARSE] epoch=20 step=5700 bce_raw=0.1475 boundary_fn=2451 boundary_fp=1953 boundary_loss_local_sum=13.15 boundary_tp=2.527e+04 dice=0.07461 dice_loss_raw=0.07461 iou=0.8627 loss_support_foreground_sum=2.938e+04 loss_support_pixel_sum=5.462e+04 loss_valid_roi_count=42 loss_weight=0.1 raw_boundary_fn=2451 raw_boundary_fp=1953 raw_boundary_tp=2.527e+04 raw_dice_score=0.9254 raw_iou=0.8627 refined_boundary_fn=2394 refined_boundary_fp=1981 refined_boundary_tp=2.536e+04 refined_dice_score=0.9251 refined_iou=0.8622 weighted_loss=0.02221
2026-07-30 03:57:18,739 - portable_sam_fusion - INFO - [DEBUG-CONTEXT] epoch=20 step=5700 enabled=0
2026-07-30 03:57:18,739 - portable_sam_fusion - INFO - [DEBUG-DENSE] epoch=20 step=5700 applied_delta_norm=3.453 applied_delta_ratio=0.1478 base_norm=23.36 canvas_max=8 canvas_mean=-0.001607 canvas_min=-8 canvas_nonzero_ratio=0.007324 canvas_std=0.5091 final_norm=23.53 residual_alpha=0.2797 shape_norm=26.43 source_delta_norm=12.34 source_delta_ratio=0.5285
2026-07-30 03:57:18,739 - portable_sam_fusion - INFO - [DEBUG-GATE] epoch=20 step=5700 shape_dense_alpha_max=0.2797 shape_dense_alpha_mean=0.2797 shape_dense_alpha_min=0.2797
2026-07-30 03:57:18,739 - portable_sam_fusion - INFO - [DEBUG-JITTER] epoch=20 step=5700 area_ratio_count=64 area_ratio_mean=1 area_ratio_sum=64 fallback_count=0 mean_iou=1 num_jittered=0 num_rois=64
2026-07-30 03:57:18,739 - portable_sam_fusion - INFO - [DEBUG-SP] epoch=20 step=5700 all_invalid_count=0 all_invalid_ratio=0 empty_count=0 empty_ratio=0 full_count=0 full_ratio=0 mean_point_distance=32.4 n1_gt_valid_count=64 n1_in_gt_bg=0.9688 n1_in_gt_bg_count=62 n1_valid_count=64 n1_valid_ratio=1 n2_gt_valid_count=64 n2_in_gt_bg=1 n2_in_gt_bg_count=64 n2_valid_count=64 n2_valid_ratio=1 neg_in_pred_bg=1 neg_in_pred_bg_count=128 negative_pair_count=64 negative_pair_distance_sum=3049 p1_gt_valid_count=64 p1_in_gt_fg=1 p1_in_gt_fg_count=64 p1_valid_count=64 p1_valid_ratio=1 p2_gt_valid_count=64 p2_in_gt_fg=1 p2_in_gt_fg_count=64 p2_valid_count=64 p2_valid_ratio=1 point_distance_sum=4147 point_overlap_count=0 point_overlap_ratio=0 point_pair_count=128 pos_in_pred_fg=1 pos_in_pred_fg_count=128 positive_pair_count=64 positive_pair_distance_sum=1097 roi_count=64 valid_neg_count=128 valid_pos_count=128 warmup_stage=2
2026-07-30 03:58:53,740 - portable_sam_fusion - INFO - [DEBUG-BOX] epoch=20 step=5750 fallback_count=0 fallback_ratio=0 num_rois=64 refined_proposal_iou=0 refined_proposal_iou_sum=0 refined_valid_count=0
2026-07-30 03:58:53,740 - portable_sam_fusion - INFO - [DEBUG-COARSE] epoch=20 step=5750 bce_raw=0.1617 boundary_fn=2491 boundary_fp=2332 boundary_loss_local_sum=18.2 boundary_tp=2.459e+04 dice=0.07652 dice_loss_raw=0.07652 iou=0.8604 loss_support_foreground_sum=3.293e+04 loss_support_pixel_sum=6.72e+04 loss_valid_roi_count=50 loss_weight=0.1 raw_boundary_fn=2491 raw_boundary_fp=2332 raw_boundary_tp=2.459e+04 raw_dice_score=0.9235 raw_iou=0.8604 refined_boundary_fn=2378 refined_boundary_fp=2356 refined_boundary_tp=2.475e+04 refined_dice_score=0.9232 refined_iou=0.86 weighted_loss=0.02382
2026-07-30 03:58:53,740 - portable_sam_fusion - INFO - [DEBUG-CONTEXT] epoch=20 step=5750 enabled=0
2026-07-30 03:58:53,741 - portable_sam_fusion - INFO - [DEBUG-DENSE] epoch=20 step=5750 applied_delta_norm=3.476 applied_delta_ratio=0.1488 base_norm=23.36 canvas_max=8 canvas_mean=0.003558 canvas_min=-8 canvas_nonzero_ratio=0.007058 canvas_std=0.4954 final_norm=23.53 residual_alpha=0.2798 shape_norm=26.35 source_delta_norm=12.42 source_delta_ratio=0.5318
2026-07-30 03:58:53,741 - portable_sam_fusion - INFO - [DEBUG-GATE] epoch=20 step=5750 shape_dense_alpha_max=0.2798 shape_dense_alpha_mean=0.2798 shape_dense_alpha_min=0.2798
2026-07-30 03:58:53,741 - portable_sam_fusion - INFO - [DEBUG-JITTER] epoch=20 step=5750 area_ratio_count=64 area_ratio_mean=1 area_ratio_sum=64 fallback_count=0 mean_iou=1 num_jittered=0 num_rois=64
2026-07-30 03:58:53,741 - portable_sam_fusion - INFO - [DEBUG-SP] epoch=20 step=5750 all_invalid_count=0 all_invalid_ratio=0 empty_count=0 empty_ratio=0 full_count=0 full_ratio=0 mean_point_distance=31.16 n1_gt_valid_count=64 n1_in_gt_bg=0.9375 n1_in_gt_bg_count=60 n1_valid_count=64 n1_valid_ratio=1 n2_gt_valid_count=64 n2_in_gt_bg=1 n2_in_gt_bg_count=64 n2_valid_count=64 n2_valid_ratio=1 neg_in_pred_bg=1 neg_in_pred_bg_count=128 negative_pair_count=64 negative_pair_distance_sum=2822 p1_gt_valid_count=64 p1_in_gt_fg=1 p1_in_gt_fg_count=64 p1_valid_count=64 p1_valid_ratio=1 p2_gt_valid_count=64 p2_in_gt_fg=1 p2_in_gt_fg_count=64 p2_valid_count=64 p2_valid_ratio=1 point_distance_sum=3989 point_overlap_count=0 point_overlap_ratio=0 point_pair_count=128 pos_in_pred_fg=1 pos_in_pred_fg_count=128 positive_pair_count=64 positive_pair_distance_sum=1167 roi_count=64 valid_neg_count=128 valid_pos_count=128 warmup_stage=2
2026-07-30 03:59:16,374 - portable_sam_fusion - INFO - epoch 20 | mini-batch 176/294 | optimizer_step 1450/5920 | lr=4.366e-04
2026-07-30 04:00:11,134 - portable_sam_fusion - INFO - [DEBUG-BOX] epoch=20 step=5800 fallback_count=0 fallback_ratio=0 num_rois=30 refined_proposal_iou=0 refined_proposal_iou_sum=0 refined_valid_count=0
2026-07-30 04:00:11,134 - portable_sam_fusion - INFO - [DEBUG-COARSE] epoch=20 step=5800 bce_raw=0.102 boundary_fn=669 boundary_fp=1127 boundary_loss_local_sum=7.84 boundary_tp=1.115e+04 dice=0.05702 dice_loss_raw=0.05702 iou=0.8928 loss_support_foreground_sum=2.281e+04 loss_support_pixel_sum=3.699e+04 loss_valid_roi_count=29 loss_weight=0.1 raw_boundary_fn=669 raw_boundary_fp=1127 raw_boundary_tp=1.115e+04 raw_dice_score=0.943 raw_iou=0.8928 refined_boundary_fn=648 refined_boundary_fp=1388 refined_boundary_tp=1.123e+04 refined_dice_score=0.9437 refined_iou=0.894 weighted_loss=0.0159
2026-07-30 04:00:11,134 - portable_sam_fusion - INFO - [DEBUG-CONTEXT] epoch=20 step=5800 enabled=0
2026-07-30 04:00:11,134 - portable_sam_fusion - INFO - [DEBUG-DENSE] epoch=20 step=5800 applied_delta_norm=4.296 applied_delta_ratio=0.1839 base_norm=23.36 canvas_max=8 canvas_mean=0.006002 canvas_min=-7.946 canvas_nonzero_ratio=0.009777 canvas_std=0.5836 final_norm=23.6 residual_alpha=0.28 shape_norm=27.5 source_delta_norm=15.34 source_delta_ratio=0.6569
2026-07-30 04:00:11,134 - portable_sam_fusion - INFO - [DEBUG-GATE] epoch=20 step=5800 shape_dense_alpha_max=0.28 shape_dense_alpha_mean=0.28 shape_dense_alpha_min=0.28
2026-07-30 04:00:11,135 - portable_sam_fusion - INFO - [DEBUG-JITTER] epoch=20 step=5800 area_ratio_count=30 area_ratio_mean=1 area_ratio_sum=30 fallback_count=0 mean_iou=1 num_jittered=0 num_rois=30
2026-07-30 04:00:11,135 - portable_sam_fusion - INFO - [DEBUG-SP] epoch=20 step=5800 all_invalid_count=0 all_invalid_ratio=0 empty_count=0 empty_ratio=0 full_count=0 full_ratio=0 mean_point_distance=36.6 n1_gt_valid_count=30 n1_in_gt_bg=0.9667 n1_in_gt_bg_count=29 n1_valid_count=30 n1_valid_ratio=1 n2_gt_valid_count=30 n2_in_gt_bg=1 n2_in_gt_bg_count=30 n2_valid_count=30 n2_valid_ratio=1 neg_in_pred_bg=1 neg_in_pred_bg_count=60 negative_pair_count=30 negative_pair_distance_sum=1251 p1_gt_valid_count=30 p1_in_gt_fg=1 p1_in_gt_fg_count=30 p1_valid_count=30 p1_valid_ratio=1 p2_gt_valid_count=30 p2_in_gt_fg=1 p2_in_gt_fg_count=30 p2_valid_count=30 p2_valid_ratio=1 point_distance_sum=2196 point_overlap_count=0 point_overlap_ratio=0 point_pair_count=60 pos_in_pred_fg=1 pos_in_pred_fg_count=60 positive_pair_count=30 positive_pair_distance_sum=945.2 roi_count=30 valid_neg_count=60 valid_pos_count=60 warmup_stage=2
2026-07-30 04:01:22,029 - portable_sam_fusion - INFO - [DEBUG-BOX] epoch=20 step=5850 fallback_count=0 fallback_ratio=0 num_rois=64 refined_proposal_iou=0 refined_proposal_iou_sum=0 refined_valid_count=0
2026-07-30 04:01:22,029 - portable_sam_fusion - INFO - [DEBUG-COARSE] epoch=20 step=5850 bce_raw=0.1509 boundary_fn=2301 boundary_fp=2592 boundary_loss_local_sum=22.88 boundary_tp=2.232e+04 dice=0.06117 dice_loss_raw=0.06117 iou=0.8864 loss_support_foreground_sum=4.671e+04 loss_support_pixel_sum=7.52e+04 loss_valid_roi_count=62 loss_weight=0.1 raw_boundary_fn=2301 raw_boundary_fp=2592 raw_boundary_tp=2.232e+04 raw_dice_score=0.9388 raw_iou=0.8864 refined_boundary_fn=2218 refined_boundary_fp=2637 refined_boundary_tp=2.239e+04 refined_dice_score=0.9371 refined_iou=0.8835 weighted_loss=0.02121
2026-07-30 04:01:22,029 - portable_sam_fusion - INFO - [DEBUG-CONTEXT] epoch=20 step=5850 enabled=0
2026-07-30 04:01:22,029 - portable_sam_fusion - INFO - [DEBUG-DENSE] epoch=20 step=5850 applied_delta_norm=2.872 applied_delta_ratio=0.1229 base_norm=23.36 canvas_max=8 canvas_mean=0.008251 canvas_min=-8 canvas_nonzero_ratio=0.004915 canvas_std=0.4011 final_norm=23.48 residual_alpha=0.2803 shape_norm=25.53 source_delta_norm=10.25 source_delta_ratio=0.4387
2026-07-30 04:01:22,029 - portable_sam_fusion - INFO - [DEBUG-GATE] epoch=20 step=5850 shape_dense_alpha_max=0.2803 shape_dense_alpha_mean=0.2803 shape_dense_alpha_min=0.2803
2026-07-30 04:01:22,029 - portable_sam_fusion - INFO - [DEBUG-JITTER] epoch=20 step=5850 area_ratio_count=64 area_ratio_mean=1 area_ratio_sum=64 fallback_count=0 mean_iou=1 num_jittered=0 num_rois=64
2026-07-30 04:01:22,029 - portable_sam_fusion - INFO - [DEBUG-SP] epoch=20 step=5850 all_invalid_count=0 all_invalid_ratio=0 empty_count=0 empty_ratio=0 full_count=1 full_ratio=0.01562 mean_point_distance=23.18 n1_gt_valid_count=63 n1_in_gt_bg=0.7143 n1_in_gt_bg_count=45 n1_valid_count=63 n1_valid_ratio=0.9844 n2_gt_valid_count=63 n2_in_gt_bg=0.9683 n2_in_gt_bg_count=61 n2_valid_count=63 n2_valid_ratio=0.9844 neg_in_pred_bg=1 neg_in_pred_bg_count=126 negative_pair_count=63 negative_pair_distance_sum=2237 p1_gt_valid_count=64 p1_in_gt_fg=1 p1_in_gt_fg_count=64 p1_valid_count=64 p1_valid_ratio=1 p2_gt_valid_count=64 p2_in_gt_fg=1 p2_in_gt_fg_count=64 p2_valid_count=64 p2_valid_ratio=1 point_distance_sum=2944 point_overlap_count=0 point_overlap_ratio=0 point_pair_count=127 pos_in_pred_fg=1 pos_in_pred_fg_count=128 positive_pair_count=64 positive_pair_distance_sum=707.2 roi_count=64 valid_neg_count=126 valid_pos_count=128 warmup_stage=2
2026-07-30 04:02:00,993 - portable_sam_fusion - INFO - Epoch 20 detailed losses: loss_rpn_cls=0.0156, loss_rpn_bbox=0.0058, loss_cls=0.1828, acc=92.8323, loss_bbox=0.0725, loss_mask=0.0013, debug_mask_pos_rois=57.1769, debug_mask_logit_mean=-15.7304, debug_mask_logit_std=2.8437, debug_mask_prob_mean=0.0050, debug_mask_prob_ge05=0.0050, debug_mask_target_fill=0.0050, loss_shape_prior=0.0215, loss_p2_boundary_refiner=0.0188, schedule/det_weight=1.0000
2026-07-30 04:02:00,993 - portable_sam_fusion - INFO - Epoch 20 dense residual monitor: alpha=0.274375 source_delta_norm=12.7007 applied_delta_norm=3.4853 source_delta_ratio=0.543768 applied_delta_ratio=0.149219
2026-07-30 04:02:00,993 - portable_sam_fusion - INFO - Epoch 20 P2 boundary refiner: raw_dice=0.8252 refined_dice=0.8239 raw_iou=0.7681 refined_iou=0.7660 raw_boundary_f1=0.8988 refined_boundary_f1=0.8994
2026-07-30 04:02:00,993 - portable_sam_fusion - INFO - Epoch 20 P2 boundary support: valid=79.80% rejected=20.20% coverage=0.3447 delta_abs=0.109653 nonzero=34.47% saturated=7.83% p2_norm=58.0707 highpass_norm=3.6970 support_fg=56.84%
2026-07-30 04:02:00,993 - portable_sam_fusion - INFO - Epoch 20 primary loss shares: det=86.93% final_mask=0.40% shape=6.76% p2_boundary=5.91%
2026-07-30 04:02:00,994 - portable_sam_fusion - INFO - Epoch 20 schedule: det_loss_weight=1.000 early_stop_start=20 min_delta=0.0005
2026-07-30 04:02:00,994 - portable_sam_fusion - INFO - Epoch 20 learning rates: sat_backbone=4.34e-04, mask_decoder=4.34e-04, shape_prior=4.34e-04, p2_boundary_refiner=4.34e-04, quality_head=4.34e-04, sat_other=4.34e-04
2026-07-30 04:05:38,206 - portable_sam_fusion - INFO - Validation samples: GT=15926, DT=17333, avg_masks_per_image=27.64, avg_mask_fill=0.0056
creating index...
index created!
Loading and preparing results...
DONE (t=0.03s)
creating index...
index created!
Running per image evaluation...
Evaluate annotation type *bbox*
DONE (t=10.83s).
Accumulating evaluation results...
DONE (t=0.18s).
 Average Precision  (AP) @[ IoU=0.50:0.95 | area=   all | maxDets=100 ] = 0.650
 Average Precision  (AP) @[ IoU=0.50      | area=   all | maxDets=100 ] = 0.886
 Average Precision  (AP) @[ IoU=0.75      | area=   all | maxDets=100 ] = 0.790
 Average Precision  (AP) @[ IoU=0.50:0.95 | area= small | maxDets=100 ] = 0.289
 Average Precision  (AP) @[ IoU=0.50:0.95 | area=medium | maxDets=100 ] = 0.680
 Average Precision  (AP) @[ IoU=0.50:0.95 | area= large | maxDets=100 ] = 0.753
 Average Recall     (AR) @[ IoU=0.50:0.95 | area=   all | maxDets=  1 ] = 0.025
 Average Recall     (AR) @[ IoU=0.50:0.95 | area=   all | maxDets= 10 ] = 0.180
 Average Recall     (AR) @[ IoU=0.50:0.95 | area=   all | maxDets=100 ] = 0.704
 Average Recall     (AR) @[ IoU=0.50:0.95 | area= small | maxDets=100 ] = 0.409
 Average Recall     (AR) @[ IoU=0.50:0.95 | area=medium | maxDets=100 ] = 0.736
 Average Recall     (AR) @[ IoU=0.50:0.95 | area= large | maxDets=100 ] = 0.800
2026-07-30 04:05:49,454 - portable_sam_fusion - INFO - Validation bbox/mAP: 0.6504 bbox/mAP_75: 0.7901
Running per image evaluation...
Evaluate annotation type *segm*
DONE (t=10.95s).
Accumulating evaluation results...
DONE (t=0.18s).
 Average Precision  (AP) @[ IoU=0.50:0.95 | area=   all | maxDets=100 ] = 0.615
 Average Precision  (AP) @[ IoU=0.50      | area=   all | maxDets=100 ] = 0.886
 Average Precision  (AP) @[ IoU=0.75      | area=   all | maxDets=100 ] = 0.729
 Average Precision  (AP) @[ IoU=0.50:0.95 | area= small | maxDets=100 ] = 0.192
 Average Precision  (AP) @[ IoU=0.50:0.95 | area=medium | maxDets=100 ] = 0.641
 Average Precision  (AP) @[ IoU=0.50:0.95 | area= large | maxDets=100 ] = 0.779
 Average Recall     (AR) @[ IoU=0.50:0.95 | area=   all | maxDets=  1 ] = 0.025
 Average Recall     (AR) @[ IoU=0.50:0.95 | area=   all | maxDets= 10 ] = 0.178
 Average Recall     (AR) @[ IoU=0.50:0.95 | area=   all | maxDets=100 ] = 0.659
 Average Recall     (AR) @[ IoU=0.50:0.95 | area= small | maxDets=100 ] = 0.281
 Average Recall     (AR) @[ IoU=0.50:0.95 | area=medium | maxDets=100 ] = 0.685
 Average Recall     (AR) @[ IoU=0.50:0.95 | area= large | maxDets=100 ] = 0.821
2026-07-30 04:06:00,612 - portable_sam_fusion - INFO - Validation segm/mAP: 0.6146
2026-07-30 04:06:01,126 - portable_sam_fusion - INFO - Early-stop metric (segm/mAP): raw=0.6146 smooth(5)=0.6276 best=0.6283 counter=1
2026-07-30 04:06:06,328 - portable_sam_fusion - INFO - Epoch 20/80 | train=0.318435 val=disabled segm/mAP=0.6146 bbox/mAP=0.6504 | best_segm=0.6480 best_bbox=0.6800 best_comp=0.0000 | sat_backbone=4.34e-04 mask_decoder=4.34e-04 shape_prior=4.34e-04 p2_boundary_refiner=4.34e-04 quality_head=4.34e-04 sat_other=4.34e-04
2026-07-30 04:06:44,042 - portable_sam_fusion - INFO - [DEBUG-BOX] epoch=21 step=5900 fallback_count=0 fallback_ratio=0 num_rois=0 refined_proposal_iou=0 refined_proposal_iou_sum=0 refined_valid_count=0
2026-07-30 04:06:44,042 - portable_sam_fusion - INFO - [DEBUG-COARSE] epoch=21 step=5900 boundary_fn=0 boundary_fp=0 boundary_tp=0 dice=0 iou=0
2026-07-30 04:06:44,042 - portable_sam_fusion - INFO - [DEBUG-CONTEXT] epoch=21 step=5900 enabled=0
2026-07-30 04:06:44,042 - portable_sam_fusion - INFO - [DEBUG-DENSE] epoch=21 step=5900 applied_delta_norm=2.62 applied_delta_ratio=0.1122 base_norm=23.36 canvas_max=8 canvas_mean=0.0005051 canvas_min=-8 canvas_nonzero_ratio=0.004385 canvas_std=0.4046 final_norm=23.46 residual_alpha=0.2804 shape_norm=25.21 source_delta_norm=9.344 source_delta_ratio=0.4001
2026-07-30 04:06:44,042 - portable_sam_fusion - INFO - [DEBUG-GATE] epoch=21 step=5900 shape_dense_alpha_max=0.2804 shape_dense_alpha_mean=0.2804 shape_dense_alpha_min=0.2804
2026-07-30 04:06:44,042 - portable_sam_fusion - INFO - [DEBUG-JITTER] epoch=21 step=5900 area_ratio_count=0 area_ratio_mean=0 area_ratio_sum=0 fallback_count=0 mean_iou=0 num_jittered=0 num_rois=0
2026-07-30 04:06:44,042 - portable_sam_fusion - INFO - [DEBUG-SP] epoch=21 step=5900 all_invalid_count=0 all_invalid_ratio=0 empty_count=0 empty_ratio=0 full_count=0 full_ratio=0 mean_point_distance=27 n1_gt_valid_count=64 n1_in_gt_bg=0.7812 n1_in_gt_bg_count=50 n1_valid_count=64 n1_valid_ratio=1 n2_gt_valid_count=64 n2_in_gt_bg=1 n2_in_gt_bg_count=64 n2_valid_count=64 n2_valid_ratio=1 neg_in_pred_bg=1 neg_in_pred_bg_count=128 negative_pair_count=64 negative_pair_distance_sum=2749 p1_gt_valid_count=64 p1_in_gt_fg=1 p1_in_gt_fg_count=64 p1_valid_count=64 p1_valid_ratio=1 p2_gt_valid_count=64 p2_in_gt_fg=1 p2_in_gt_fg_count=64 p2_valid_count=64 p2_valid_ratio=1 point_distance_sum=3456 point_overlap_count=0 point_overlap_ratio=0 point_pair_count=128 pos_in_pred_fg=1 pos_in_pred_fg_count=128 positive_pair_count=64 positive_pair_distance_sum=707.1 roi_count=64 valid_neg_count=128 valid_pos_count=128 warmup_stage=2
2026-07-30 04:08:16,847 - portable_sam_fusion - INFO - [DEBUG-BOX] epoch=21 step=5950 fallback_count=0 fallback_ratio=0 num_rois=64 refined_proposal_iou=0 refined_proposal_iou_sum=0 refined_valid_count=0
2026-07-30 04:08:16,847 - portable_sam_fusion - INFO - [DEBUG-COARSE] epoch=21 step=5950 bce_raw=0.1425 boundary_fn=2206 boundary_fp=2033 boundary_loss_local_sum=20.07 boundary_tp=2.448e+04 dice=0.06202 dice_loss_raw=0.06202 iou=0.885 loss_support_foreground_sum=4.215e+04 loss_support_pixel_sum=7.308e+04 loss_valid_roi_count=57 loss_weight=0.1 raw_boundary_fn=2206 raw_boundary_fp=2033 raw_boundary_tp=2.448e+04 raw_dice_score=0.938 raw_iou=0.885 refined_boundary_fn=2199 refined_boundary_fp=2087 refined_boundary_tp=2.457e+04 refined_dice_score=0.9365 refined_iou=0.8825 weighted_loss=0.02045
2026-07-30 04:08:16,847 - portable_sam_fusion - INFO - [DEBUG-CONTEXT] epoch=21 step=5950 enabled=0
2026-07-30 04:08:16,847 - portable_sam_fusion - INFO - [DEBUG-DENSE] epoch=21 step=5950 applied_delta_norm=3.2 applied_delta_ratio=0.137 base_norm=23.36 canvas_max=8 canvas_mean=0.01193 canvas_min=-8 canvas_nonzero_ratio=0.005907 canvas_std=0.4548 final_norm=23.51 residual_alpha=0.2806 shape_norm=26.01 source_delta_norm=11.4 source_delta_ratio=0.4882
2026-07-30 04:08:16,847 - portable_sam_fusion - INFO - [DEBUG-GATE] epoch=21 step=5950 shape_dense_alpha_max=0.2806 shape_dense_alpha_mean=0.2806 shape_dense_alpha_min=0.2806
2026-07-30 04:08:16,847 - portable_sam_fusion - INFO - [DEBUG-JITTER] epoch=21 step=5950 area_ratio_count=64 area_ratio_mean=1 area_ratio_sum=64 fallback_count=0 mean_iou=1 num_jittered=0 num_rois=64
2026-07-30 04:08:16,847 - portable_sam_fusion - INFO - [DEBUG-SP] epoch=21 step=5950 all_invalid_count=0 all_invalid_ratio=0 empty_count=0 empty_ratio=0 full_count=1 full_ratio=0.01562 mean_point_distance=26.93 n1_gt_valid_count=63 n1_in_gt_bg=0.9683 n1_in_gt_bg_count=61 n1_valid_count=63 n1_valid_ratio=0.9844 n2_gt_valid_count=63 n2_in_gt_bg=0.9841 n2_in_gt_bg_count=62 n2_valid_count=63 n2_valid_ratio=0.9844 neg_in_pred_bg=1 neg_in_pred_bg_count=126 negative_pair_count=63 negative_pair_distance_sum=2494 p1_gt_valid_count=64 p1_in_gt_fg=1 p1_in_gt_fg_count=64 p1_valid_count=64 p1_valid_ratio=1 p2_gt_valid_count=64 p2_in_gt_fg=1 p2_in_gt_fg_count=64 p2_valid_count=64 p2_valid_ratio=1 point_distance_sum=3420 point_overlap_count=0 point_overlap_ratio=0 point_pair_count=127 pos_in_pred_fg=1 pos_in_pred_fg_count=128 positive_pair_count=64 positive_pair_distance_sum=926.2 roi_count=64 valid_neg_count=126 valid_pos_count=128 warmup_stage=2
2026-07-30 04:08:38,225 - portable_sam_fusion - INFO - epoch 21 | mini-batch 80/294 | optimizer_step 1500/5920 | lr=4.320e-04
2026-07-30 04:09:43,551 - portable_sam_fusion - INFO - [DEBUG-BOX] epoch=21 step=6000 fallback_count=0 fallback_ratio=0 num_rois=64 refined_proposal_iou=0 refined_proposal_iou_sum=0 refined_valid_count=0
2026-07-30 04:09:43,552 - portable_sam_fusion - INFO - [DEBUG-COARSE] epoch=21 step=6000 bce_raw=0.1527 boundary_fn=3194 boundary_fp=3712 boundary_loss_local_sum=25.11 boundary_tp=2.049e+04 dice=0.06266 dice_loss_raw=0.06266 iou=0.8838 loss_support_foreground_sum=4.395e+04 loss_support_pixel_sum=7.232e+04 loss_valid_roi_count=61 loss_weight=0.1 raw_boundary_fn=3194 raw_boundary_fp=3712 raw_boundary_tp=2.049e+04 raw_dice_score=0.9373 raw_iou=0.8838 refined_boundary_fn=3126 refined_boundary_fp=3659 refined_boundary_tp=2.057e+04 refined_dice_score=0.9356 refined_iou=0.8808 weighted_loss=0.02153
2026-07-30 04:09:43,552 - portable_sam_fusion - INFO - [DEBUG-CONTEXT] epoch=21 step=6000 enabled=0
2026-07-30 04:09:43,552 - portable_sam_fusion - INFO - [DEBUG-DENSE] epoch=21 step=6000 applied_delta_norm=3.521 applied_delta_ratio=0.1508 base_norm=23.36 canvas_max=8 canvas_mean=0.02119 canvas_min=-8 canvas_nonzero_ratio=0.009485 canvas_std=0.5436 final_norm=23.61 residual_alpha=0.2808 shape_norm=27.14 source_delta_norm=12.54 source_delta_ratio=0.5369
2026-07-30 04:09:43,552 - portable_sam_fusion - INFO - [DEBUG-GATE] epoch=21 step=6000 shape_dense_alpha_max=0.2808 shape_dense_alpha_mean=0.2808 shape_dense_alpha_min=0.2808
2026-07-30 04:09:43,552 - portable_sam_fusion - INFO - [DEBUG-JITTER] epoch=21 step=6000 area_ratio_count=64 area_ratio_mean=1 area_ratio_sum=64 fallback_count=0 mean_iou=1 num_jittered=0 num_rois=64
2026-07-30 04:09:43,552 - portable_sam_fusion - INFO - [DEBUG-SP] epoch=21 step=6000 all_invalid_count=0 all_invalid_ratio=0 empty_count=0 empty_ratio=0 full_count=3 full_ratio=0.04688 mean_point_distance=29.91 n1_gt_valid_count=61 n1_in_gt_bg=0.7869 n1_in_gt_bg_count=48 n1_valid_count=61 n1_valid_ratio=0.9531 n2_gt_valid_count=61 n2_in_gt_bg=0.9016 n2_in_gt_bg_count=55 n2_valid_count=61 n2_valid_ratio=0.9531 neg_in_pred_bg=1 neg_in_pred_bg_count=122 negative_pair_count=61 negative_pair_distance_sum=2771 p1_gt_valid_count=64 p1_in_gt_fg=1 p1_in_gt_fg_count=64 p1_valid_count=64 p1_valid_ratio=1 p2_gt_valid_count=64 p2_in_gt_fg=1 p2_in_gt_fg_count=64 p2_valid_count=64 p2_valid_ratio=1 point_distance_sum=3739 point_overlap_count=0 point_overlap_ratio=0 point_pair_count=125 pos_in_pred_fg=1 pos_in_pred_fg_count=128 positive_pair_count=64 positive_pair_distance_sum=967.4 roi_count=64 valid_neg_count=122 valid_pos_count=128 warmup_stage=2
2026-07-30 04:10:56,603 - portable_sam_fusion - INFO - [DEBUG-BOX] epoch=21 step=6050 fallback_count=0 fallback_ratio=0 num_rois=64 refined_proposal_iou=0 refined_proposal_iou_sum=0 refined_valid_count=0
2026-07-30 04:10:56,603 - portable_sam_fusion - INFO - [DEBUG-COARSE] epoch=21 step=6050 bce_raw=0.244 boundary_fn=4234 boundary_fp=5108 boundary_loss_local_sum=22.85 boundary_tp=2.298e+04 dice=0.09757 dice_loss_raw=0.09757 iou=0.8255 loss_support_foreground_sum=3.034e+04 loss_support_pixel_sum=5.85e+04 loss_valid_roi_count=44 loss_weight=0.1 raw_boundary_fn=4234 raw_boundary_fp=5108 raw_boundary_tp=2.298e+04 raw_dice_score=0.9024 raw_iou=0.8255 refined_boundary_fn=4194 refined_boundary_fp=5248 refined_boundary_tp=2.309e+04 refined_dice_score=0.9011 refined_iou=0.8234 weighted_loss=0.03415
2026-07-30 04:10:56,603 - portable_sam_fusion - INFO - [DEBUG-CONTEXT] epoch=21 step=6050 enabled=0
2026-07-30 04:10:56,603 - portable_sam_fusion - INFO - [DEBUG-DENSE] epoch=21 step=6050 applied_delta_norm=3.799 applied_delta_ratio=0.1626 base_norm=23.36 canvas_max=8 canvas_mean=0.008577 canvas_min=-8 canvas_nonzero_ratio=0.008364 canvas_std=0.4919 final_norm=23.57 residual_alpha=0.2811 shape_norm=26.96 source_delta_norm=13.52 source_delta_ratio=0.5786
2026-07-30 04:10:56,603 - portable_sam_fusion - INFO - [DEBUG-GATE] epoch=21 step=6050 shape_dense_alpha_max=0.2811 shape_dense_alpha_mean=0.2811 shape_dense_alpha_min=0.2811
2026-07-30 04:10:56,603 - portable_sam_fusion - INFO - [DEBUG-JITTER] epoch=21 step=6050 area_ratio_count=64 area_ratio_mean=1 area_ratio_sum=64 fallback_count=0 mean_iou=1 num_jittered=0 num_rois=64
2026-07-30 04:10:56,603 - portable_sam_fusion - INFO - [DEBUG-SP] epoch=21 step=6050 all_invalid_count=0 all_invalid_ratio=0 empty_count=0 empty_ratio=0 full_count=0 full_ratio=0 mean_point_distance=39.9 n1_gt_valid_count=64 n1_in_gt_bg=0.9688 n1_in_gt_bg_count=62 n1_valid_count=64 n1_valid_ratio=1 n2_gt_valid_count=64 n2_in_gt_bg=1 n2_in_gt_bg_count=64 n2_valid_count=64 n2_valid_ratio=1 neg_in_pred_bg=1 neg_in_pred_bg_count=128 negative_pair_count=64 negative_pair_distance_sum=3297 p1_gt_valid_count=64 p1_in_gt_fg=1 p1_in_gt_fg_count=64 p1_valid_count=64 p1_valid_ratio=1 p2_gt_valid_count=64 p2_in_gt_fg=1 p2_in_gt_fg_count=64 p2_valid_count=64 p2_valid_ratio=1 point_distance_sum=5107 point_overlap_count=0 point_overlap_ratio=0 point_pair_count=128 pos_in_pred_fg=1 pos_in_pred_fg_count=128 positive_pair_count=64 positive_pair_distance_sum=1809 roi_count=64 valid_neg_count=128 valid_pos_count=128 warmup_stage=2
2026-07-30 04:12:04,859 - portable_sam_fusion - INFO - [DEBUG-BOX] epoch=21 step=6100 fallback_count=0 fallback_ratio=0 num_rois=64 refined_proposal_iou=0 refined_proposal_iou_sum=0 refined_valid_count=0
2026-07-30 04:12:04,859 - portable_sam_fusion - INFO - [DEBUG-COARSE] epoch=21 step=6100 bce_raw=0.1849 boundary_fn=3639 boundary_fp=4239 boundary_loss_local_sum=30.87 boundary_tp=1.941e+04 dice=0.06654 dice_loss_raw=0.06654 iou=0.8773 loss_support_foreground_sum=4.236e+04 loss_support_pixel_sum=7.369e+04 loss_valid_roi_count=62 loss_weight=0.1 raw_boundary_fn=3639 raw_boundary_fp=4239 raw_boundary_tp=1.941e+04 raw_dice_score=0.9335 raw_iou=0.8773 refined_boundary_fn=3540 refined_boundary_fp=4124 refined_boundary_tp=1.957e+04 refined_dice_score=0.9313 refined_iou=0.8737 weighted_loss=0.02514
2026-07-30 04:12:04,859 - portable_sam_fusion - INFO - [DEBUG-CONTEXT] epoch=21 step=6100 enabled=0
2026-07-30 04:12:04,859 - portable_sam_fusion - INFO - [DEBUG-DENSE] epoch=21 step=6100 applied_delta_norm=2.48 applied_delta_ratio=0.1062 base_norm=23.36 canvas_max=8 canvas_mean=0.007071 canvas_min=-8 canvas_nonzero_ratio=0.004689 canvas_std=0.4002 final_norm=23.48 residual_alpha=0.2813 shape_norm=25.34 source_delta_norm=8.816 source_delta_ratio=0.3775
2026-07-30 04:12:04,859 - portable_sam_fusion - INFO - [DEBUG-GATE] epoch=21 step=6100 shape_dense_alpha_max=0.2813 shape_dense_alpha_mean=0.2813 shape_dense_alpha_min=0.2813
2026-07-30 04:12:04,860 - portable_sam_fusion - INFO - [DEBUG-JITTER] epoch=21 step=6100 area_ratio_count=64 area_ratio_mean=1 area_ratio_sum=64 fallback_count=0 mean_iou=1 num_jittered=0 num_rois=64
2026-07-30 04:12:04,860 - portable_sam_fusion - INFO - [DEBUG-SP] epoch=21 step=6100 all_invalid_count=0 all_invalid_ratio=0 empty_count=0 empty_ratio=0 full_count=2 full_ratio=0.03125 mean_point_distance=19.55 n1_gt_valid_count=62 n1_in_gt_bg=0.8871 n1_in_gt_bg_count=55 n1_valid_count=62 n1_valid_ratio=0.9688 n2_gt_valid_count=62 n2_in_gt_bg=0.9839 n2_in_gt_bg_count=61 n2_valid_count=62 n2_valid_ratio=0.9688 neg_in_pred_bg=1 neg_in_pred_bg_count=124 negative_pair_count=62 negative_pair_distance_sum=1855 p1_gt_valid_count=64 p1_in_gt_fg=1 p1_in_gt_fg_count=64 p1_valid_count=64 p1_valid_ratio=1 p2_gt_valid_count=64 p2_in_gt_fg=1 p2_in_gt_fg_count=64 p2_valid_count=64 p2_valid_ratio=1 point_distance_sum=2463 point_overlap_count=0 point_overlap_ratio=0 point_pair_count=126 pos_in_pred_fg=1 pos_in_pred_fg_count=128 positive_pair_count=64 positive_pair_distance_sum=608.6 roi_count=64 valid_neg_count=124 valid_pos_count=128 warmup_stage=2
2026-07-30 04:13:17,011 - portable_sam_fusion - INFO - [DEBUG-BOX] epoch=21 step=6150 fallback_count=0 fallback_ratio=0 num_rois=64 refined_proposal_iou=0 refined_proposal_iou_sum=0 refined_valid_count=0
2026-07-30 04:13:17,011 - portable_sam_fusion - INFO - [DEBUG-COARSE] epoch=21 step=6150 bce_raw=0.1354 boundary_fn=2311 boundary_fp=2966 boundary_loss_local_sum=22.02 boundary_tp=2.148e+04 dice=0.0591 dice_loss_raw=0.0591 iou=0.8903 loss_support_foreground_sum=4.739e+04 loss_support_pixel_sum=7.564e+04 loss_valid_roi_count=63 loss_weight=0.1 raw_boundary_fn=2311 raw_boundary_fp=2966 raw_boundary_tp=2.148e+04 raw_dice_score=0.9409 raw_iou=0.8903 refined_boundary_fn=2236 refined_boundary_fp=2959 refined_boundary_tp=2.148e+04 refined_dice_score=0.9391 refined_iou=0.8871 weighted_loss=0.01945
2026-07-30 04:13:17,011 - portable_sam_fusion - INFO - [DEBUG-CONTEXT] epoch=21 step=6150 enabled=0
2026-07-30 04:13:17,011 - portable_sam_fusion - INFO - [DEBUG-DENSE] epoch=21 step=6150 applied_delta_norm=4.313 applied_delta_ratio=0.1847 base_norm=23.36 canvas_max=8 canvas_mean=0.01759 canvas_min=-8 canvas_nonzero_ratio=0.03178 canvas_std=0.8319 final_norm=24.11 residual_alpha=0.2815 shape_norm=30.03 source_delta_norm=15.32 source_delta_ratio=0.656
2026-07-30 04:13:17,011 - portable_sam_fusion - INFO - [DEBUG-GATE] epoch=21 step=6150 shape_dense_alpha_max=0.2815 shape_dense_alpha_mean=0.2815 shape_dense_alpha_min=0.2815
2026-07-30 04:13:17,011 - portable_sam_fusion - INFO - [DEBUG-JITTER] epoch=21 step=6150 area_ratio_count=64 area_ratio_mean=1 area_ratio_sum=64 fallback_count=0 mean_iou=1 num_jittered=0 num_rois=64
2026-07-30 04:13:17,011 - portable_sam_fusion - INFO - [DEBUG-SP] epoch=21 step=6150 all_invalid_count=0 all_invalid_ratio=0 empty_count=0 empty_ratio=0 full_count=1 full_ratio=0.01562 mean_point_distance=37.86 n1_gt_valid_count=63 n1_in_gt_bg=0.7937 n1_in_gt_bg_count=50 n1_valid_count=63 n1_valid_ratio=0.9844 n2_gt_valid_count=63 n2_in_gt_bg=1 n2_in_gt_bg_count=63 n2_valid_count=63 n2_valid_ratio=0.9844 neg_in_pred_bg=1 neg_in_pred_bg_count=126 negative_pair_count=63 negative_pair_distance_sum=3538 p1_gt_valid_count=64 p1_in_gt_fg=1 p1_in_gt_fg_count=64 p1_valid_count=64 p1_valid_ratio=1 p2_gt_valid_count=64 p2_in_gt_fg=1 p2_in_gt_fg_count=64 p2_valid_count=64 p2_valid_ratio=1 point_distance_sum=4808 point_overlap_count=0 point_overlap_ratio=0 point_pair_count=127 pos_in_pred_fg=1 pos_in_pred_fg_count=128 positive_pair_count=64 positive_pair_distance_sum=1270 roi_count=64 valid_neg_count=126 valid_pos_count=128 warmup_stage=2
2026-07-30 04:13:29,704 - portable_sam_fusion - INFO - epoch 21 | mini-batch 280/294 | optimizer_step 1550/5920 | lr=4.273e-04
2026-07-30 04:13:48,706 - portable_sam_fusion - INFO - Epoch 21 detailed losses: loss_rpn_cls=0.0134, loss_rpn_bbox=0.0057, loss_cls=0.1809, acc=92.8879, loss_bbox=0.0743, loss_mask=0.0011, debug_mask_pos_rois=57.4252, debug_mask_logit_mean=-16.2573, debug_mask_logit_std=2.7433, debug_mask_prob_mean=0.0046, debug_mask_prob_ge05=0.0045, debug_mask_target_fill=0.0046, loss_shape_prior=0.0211, loss_p2_boundary_refiner=0.0185, schedule/det_weight=1.0000
2026-07-30 04:13:48,706 - portable_sam_fusion - INFO - Epoch 21 dense residual monitor: alpha=0.275449 source_delta_norm=12.7197 applied_delta_norm=3.5022 source_delta_ratio=0.544584 applied_delta_ratio=0.149944
2026-07-30 04:13:48,706 - portable_sam_fusion - INFO - Epoch 21 P2 boundary refiner: raw_dice=0.8275 refined_dice=0.8263 raw_iou=0.7715 refined_iou=0.7695 raw_boundary_f1=0.9023 refined_boundary_f1=0.9026
2026-07-30 04:13:48,706 - portable_sam_fusion - INFO - Epoch 21 P2 boundary support: valid=79.58% rejected=20.42% coverage=0.3435 delta_abs=0.109497 nonzero=34.35% saturated=7.99% p2_norm=57.8763 highpass_norm=3.6849 support_fg=57.11%
2026-07-30 04:13:48,706 - portable_sam_fusion - INFO - Epoch 21 primary loss shares: det=87.09% final_mask=0.35% shape=6.69% p2_boundary=5.87%
2026-07-30 04:13:48,706 - portable_sam_fusion - INFO - Epoch 21 schedule: det_loss_weight=1.000 early_stop_start=20 min_delta=0.0005
2026-07-30 04:13:48,706 - portable_sam_fusion - INFO - Epoch 21 learning rates: sat_backbone=4.27e-04, mask_decoder=4.27e-04, shape_prior=4.27e-04, p2_boundary_refiner=4.27e-04, quality_head=4.27e-04, sat_other=4.27e-04
2026-07-30 04:17:47,590 - portable_sam_fusion - INFO - Validation samples: GT=15926, DT=18622, avg_masks_per_image=29.70, avg_mask_fill=0.0048
creating index...
index created!
Loading and preparing results...
DONE (t=0.03s)
creating index...
index created!
Running per image evaluation...
Evaluate annotation type *bbox*
DONE (t=11.28s).
Accumulating evaluation results...
DONE (t=0.18s).
 Average Precision  (AP) @[ IoU=0.50:0.95 | area=   all | maxDets=100 ] = 0.692
 Average Precision  (AP) @[ IoU=0.50      | area=   all | maxDets=100 ] = 0.905
 Average Precision  (AP) @[ IoU=0.75      | area=   all | maxDets=100 ] = 0.823
 Average Precision  (AP) @[ IoU=0.50:0.95 | area= small | maxDets=100 ] = 0.307
 Average Precision  (AP) @[ IoU=0.50:0.95 | area=medium | maxDets=100 ] = 0.734
 Average Precision  (AP) @[ IoU=0.50:0.95 | area= large | maxDets=100 ] = 0.764
 Average Recall     (AR) @[ IoU=0.50:0.95 | area=   all | maxDets=  1 ] = 0.026
 Average Recall     (AR) @[ IoU=0.50:0.95 | area=   all | maxDets= 10 ] = 0.188
 Average Recall     (AR) @[ IoU=0.50:0.95 | area=   all | maxDets=100 ] = 0.741
 Average Recall     (AR) @[ IoU=0.50:0.95 | area= small | maxDets=100 ] = 0.454
 Average Recall     (AR) @[ IoU=0.50:0.95 | area=medium | maxDets=100 ] = 0.783
 Average Recall     (AR) @[ IoU=0.50:0.95 | area= large | maxDets=100 ] = 0.804
2026-07-30 04:17:59,299 - portable_sam_fusion - INFO - Validation bbox/mAP: 0.6920 bbox/mAP_75: 0.8229
Running per image evaluation...
Evaluate annotation type *segm*
DONE (t=11.45s).
Accumulating evaluation results...
DONE (t=0.18s).
 Average Precision  (AP) @[ IoU=0.50:0.95 | area=   all | maxDets=100 ] = 0.640
 Average Precision  (AP) @[ IoU=0.50      | area=   all | maxDets=100 ] = 0.898
 Average Precision  (AP) @[ IoU=0.75      | area=   all | maxDets=100 ] = 0.761
 Average Precision  (AP) @[ IoU=0.50:0.95 | area= small | maxDets=100 ] = 0.215
 Average Precision  (AP) @[ IoU=0.50:0.95 | area=medium | maxDets=100 ] = 0.666
 Average Precision  (AP) @[ IoU=0.50:0.95 | area= large | maxDets=100 ] = 0.793
 Average Recall     (AR) @[ IoU=0.50:0.95 | area=   all | maxDets=  1 ] = 0.025
 Average Recall     (AR) @[ IoU=0.50:0.95 | area=   all | maxDets= 10 ] = 0.182
 Average Recall     (AR) @[ IoU=0.50:0.95 | area=   all | maxDets=100 ] = 0.682
 Average Recall     (AR) @[ IoU=0.50:0.95 | area= small | maxDets=100 ] = 0.324
 Average Recall     (AR) @[ IoU=0.50:0.95 | area=medium | maxDets=100 ] = 0.708
 Average Recall     (AR) @[ IoU=0.50:0.95 | area= large | maxDets=100 ] = 0.832
2026-07-30 04:18:10,959 - portable_sam_fusion - INFO - Validation segm/mAP: 0.6402
2026-07-30 04:18:11,785 - portable_sam_fusion - INFO - New best bbox/mAP: 0.6920
2026-07-30 04:18:11,785 - portable_sam_fusion - INFO - New best early-stop metric (segm/mAP): raw=0.6402 smooth(5)=0.6294
2026-07-30 04:18:14,413 - portable_sam_fusion - INFO - Saved best_bbox_model with bbox/mAP: 0.6920
2026-07-30 04:18:20,437 - portable_sam_fusion - INFO - Epoch 21/80 | train=0.315001 val=disabled segm/mAP=0.6402 bbox/mAP=0.6920 | best_segm=0.6480 best_bbox=0.6920 best_comp=0.0000 | sat_backbone=4.27e-04 mask_decoder=4.27e-04 shape_prior=4.27e-04 p2_boundary_refiner=4.27e-04 quality_head=4.27e-04 sat_other=4.27e-04
2026-07-30 04:19:07,328 - portable_sam_fusion - INFO - [DEBUG-BOX] epoch=22 step=6200 fallback_count=0 fallback_ratio=0 num_rois=0 refined_proposal_iou=0 refined_proposal_iou_sum=0 refined_valid_count=0
2026-07-30 04:19:07,329 - portable_sam_fusion - INFO - [DEBUG-COARSE] epoch=22 step=6200 boundary_fn=0 boundary_fp=0 boundary_tp=0 dice=0 iou=0
2026-07-30 04:19:07,329 - portable_sam_fusion - INFO - [DEBUG-CONTEXT] epoch=22 step=6200 enabled=0
2026-07-30 04:19:07,329 - portable_sam_fusion - INFO - [DEBUG-DENSE] epoch=22 step=6200 applied_delta_norm=2.619 applied_delta_ratio=0.1121 base_norm=23.36 canvas_max=8 canvas_mean=0.009711 canvas_min=-8 canvas_nonzero_ratio=0.004396 canvas_std=0.395 final_norm=23.47 residual_alpha=0.2817 shape_norm=25.31 source_delta_norm=9.294 source_delta_ratio=0.3979
2026-07-30 04:19:07,329 - portable_sam_fusion - INFO - [DEBUG-GATE] epoch=22 step=6200 shape_dense_alpha_max=0.2817 shape_dense_alpha_mean=0.2817 shape_dense_alpha_min=0.2817
2026-07-30 04:19:07,329 - portable_sam_fusion - INFO - [DEBUG-JITTER] epoch=22 step=6200 area_ratio_count=0 area_ratio_mean=0 area_ratio_sum=0 fallback_count=0 mean_iou=0 num_jittered=0 num_rois=0
2026-07-30 04:19:07,329 - portable_sam_fusion - INFO - [DEBUG-SP] epoch=22 step=6200 all_invalid_count=0 all_invalid_ratio=0 empty_count=0 empty_ratio=0 full_count=1 full_ratio=0.01562 mean_point_distance=22.99 n1_gt_valid_count=63 n1_in_gt_bg=0.8413 n1_in_gt_bg_count=53 n1_valid_count=63 n1_valid_ratio=0.9844 n2_gt_valid_count=62 n2_in_gt_bg=0.9677 n2_in_gt_bg_count=60 n2_valid_count=62 n2_valid_ratio=0.9688 neg_in_pred_bg=1 neg_in_pred_bg_count=125 negative_pair_count=62 negative_pair_distance_sum=2217 p1_gt_valid_count=64 p1_in_gt_fg=1 p1_in_gt_fg_count=64 p1_valid_count=64 p1_valid_ratio=1 p2_gt_valid_count=64 p2_in_gt_fg=1 p2_in_gt_fg_count=64 p2_valid_count=64 p2_valid_ratio=1 point_distance_sum=2896 point_overlap_count=0 point_overlap_ratio=0 point_pair_count=126 pos_in_pred_fg=1 pos_in_pred_fg_count=128 positive_pair_count=64 positive_pair_distance_sum=679.3 roi_count=64 valid_neg_count=125 valid_pos_count=128 warmup_stage=2
2026-07-30 04:20:14,542 - portable_sam_fusion - INFO - [DEBUG-BOX] epoch=22 step=6250 fallback_count=0 fallback_ratio=0 num_rois=64 refined_proposal_iou=0 refined_proposal_iou_sum=0 refined_valid_count=0
2026-07-30 04:20:14,542 - portable_sam_fusion - INFO - [DEBUG-COARSE] epoch=22 step=6250 bce_raw=0.1954 boundary_fn=3579 boundary_fp=3041 boundary_loss_local_sum=19.95 boundary_tp=2.367e+04 dice=0.08706 dice_loss_raw=0.08706 iou=0.843 loss_support_foreground_sum=3.715e+04 loss_support_pixel_sum=6.671e+04 loss_valid_roi_count=51 loss_weight=0.1 raw_boundary_fn=3579 raw_boundary_fp=3041 raw_boundary_tp=2.367e+04 raw_dice_score=0.9129 raw_iou=0.843 refined_boundary_fn=3617 refined_boundary_fp=3102 refined_boundary_tp=2.366e+04 refined_dice_score=0.9118 refined_iou=0.8412 weighted_loss=0.02825
2026-07-30 04:20:14,542 - portable_sam_fusion - INFO - [DEBUG-CONTEXT] epoch=22 step=6250 enabled=0
2026-07-30 04:20:14,542 - portable_sam_fusion - INFO - [DEBUG-DENSE] epoch=22 step=6250 applied_delta_norm=3.455 applied_delta_ratio=0.1479 base_norm=23.36 canvas_max=8 canvas_mean=0.004565 canvas_min=-8 canvas_nonzero_ratio=0.006677 canvas_std=0.4669 final_norm=23.52 residual_alpha=0.2819 shape_norm=26.27 source_delta_norm=12.25 source_delta_ratio=0.5247
2026-07-30 04:20:14,542 - portable_sam_fusion - INFO - [DEBUG-GATE] epoch=22 step=6250 shape_dense_alpha_max=0.2819 shape_dense_alpha_mean=0.2819 shape_dense_alpha_min=0.2819
2026-07-30 04:20:14,542 - portable_sam_fusion - INFO - [DEBUG-JITTER] epoch=22 step=6250 area_ratio_count=64 area_ratio_mean=1 area_ratio_sum=64 fallback_count=0 mean_iou=1 num_jittered=0 num_rois=64
2026-07-30 04:20:14,542 - portable_sam_fusion - INFO - [DEBUG-SP] epoch=22 step=6250 all_invalid_count=0 all_invalid_ratio=0 empty_count=0 empty_ratio=0 full_count=0 full_ratio=0 mean_point_distance=30.94 n1_gt_valid_count=64 n1_in_gt_bg=0.9219 n1_in_gt_bg_count=59 n1_valid_count=64 n1_valid_ratio=1 n2_gt_valid_count=64 n2_in_gt_bg=1 n2_in_gt_bg_count=64 n2_valid_count=64 n2_valid_ratio=1 neg_in_pred_bg=1 neg_in_pred_bg_count=128 negative_pair_count=64 negative_pair_distance_sum=2985 p1_gt_valid_count=64 p1_in_gt_fg=1 p1_in_gt_fg_count=64 p1_valid_count=64 p1_valid_ratio=1 p2_gt_valid_count=64 p2_in_gt_fg=1 p2_in_gt_fg_count=64 p2_valid_count=64 p2_valid_ratio=1 point_distance_sum=3960 point_overlap_count=0 point_overlap_ratio=0 point_pair_count=128 pos_in_pred_fg=1 pos_in_pred_fg_count=128 positive_pair_count=64 positive_pair_distance_sum=975.4 roi_count=64 valid_neg_count=128 valid_pos_count=128 warmup_stage=2
2026-07-30 04:21:22,931 - portable_sam_fusion - INFO - [DEBUG-BOX] epoch=22 step=6300 fallback_count=0 fallback_ratio=0 num_rois=64 refined_proposal_iou=0 refined_proposal_iou_sum=0 refined_valid_count=0
2026-07-30 04:21:22,931 - portable_sam_fusion - INFO - [DEBUG-COARSE] epoch=22 step=6300 bce_raw=0.1812 boundary_fn=2771 boundary_fp=4133 boundary_loss_local_sum=22.21 boundary_tp=2.082e+04 dice=0.0699 dice_loss_raw=0.0699 iou=0.8733 loss_support_foreground_sum=4.435e+04 loss_support_pixel_sum=6.42e+04 loss_valid_roi_count=56 loss_weight=0.1 raw_boundary_fn=2771 raw_boundary_fp=4133 raw_boundary_tp=2.082e+04 raw_dice_score=0.9301 raw_iou=0.8733 refined_boundary_fn=2707 refined_boundary_fp=4142 refined_boundary_tp=2.089e+04 refined_dice_score=0.9285 refined_iou=0.8705 weighted_loss=0.02511
2026-07-30 04:21:22,931 - portable_sam_fusion - INFO - [DEBUG-CONTEXT] epoch=22 step=6300 enabled=0
2026-07-30 04:21:22,931 - portable_sam_fusion - INFO - [DEBUG-DENSE] epoch=22 step=6300 applied_delta_norm=2.535 applied_delta_ratio=0.1085 base_norm=23.36 canvas_max=8 canvas_mean=0.00999 canvas_min=-8 canvas_nonzero_ratio=0.004457 canvas_std=0.3664 final_norm=23.47 residual_alpha=0.2825 shape_norm=25.31 source_delta_norm=8.973 source_delta_ratio=0.3842
2026-07-30 04:21:22,931 - portable_sam_fusion - INFO - [DEBUG-GATE] epoch=22 step=6300 shape_dense_alpha_max=0.2825 shape_dense_alpha_mean=0.2825 shape_dense_alpha_min=0.2825
2026-07-30 04:21:22,931 - portable_sam_fusion - INFO - [DEBUG-JITTER] epoch=22 step=6300 area_ratio_count=64 area_ratio_mean=1 area_ratio_sum=64 fallback_count=0 mean_iou=1 num_jittered=0 num_rois=64
2026-07-30 04:21:22,931 - portable_sam_fusion - INFO - [DEBUG-SP] epoch=22 step=6300 all_invalid_count=0 all_invalid_ratio=0 empty_count=0 empty_ratio=0 full_count=0 full_ratio=0 mean_point_distance=26.72 n1_gt_valid_count=64 n1_in_gt_bg=0.7344 n1_in_gt_bg_count=47 n1_valid_count=64 n1_valid_ratio=1 n2_gt_valid_count=62 n2_in_gt_bg=0.9032 n2_in_gt_bg_count=56 n2_valid_count=62 n2_valid_ratio=0.9688 neg_in_pred_bg=1 neg_in_pred_bg_count=126 negative_pair_count=62 negative_pair_distance_sum=2581 p1_gt_valid_count=64 p1_in_gt_fg=1 p1_in_gt_fg_count=64 p1_valid_count=64 p1_valid_ratio=1 p2_gt_valid_count=64 p2_in_gt_fg=1 p2_in_gt_fg_count=64 p2_valid_count=64 p2_valid_ratio=1 point_distance_sum=3367 point_overlap_count=0 point_overlap_ratio=0 point_pair_count=126 pos_in_pred_fg=1 pos_in_pred_fg_count=128 positive_pair_count=64 positive_pair_distance_sum=785.7 roi_count=64 valid_neg_count=126 valid_pos_count=128 warmup_stage=2
2026-07-30 04:22:34,163 - portable_sam_fusion - INFO - [DEBUG-BOX] epoch=22 step=6350 fallback_count=0 fallback_ratio=0 num_rois=64 refined_proposal_iou=0 refined_proposal_iou_sum=0 refined_valid_count=0
2026-07-30 04:22:34,164 - portable_sam_fusion - INFO - [DEBUG-COARSE] epoch=22 step=6350 bce_raw=0.1866 boundary_fn=2698 boundary_fp=2747 boundary_loss_local_sum=13.11 boundary_tp=2.604e+04 dice=0.0992 dice_loss_raw=0.0992 iou=0.8248 loss_support_foreground_sum=2.427e+04 loss_support_pixel_sum=4.788e+04 loss_valid_roi_count=35 loss_weight=0.1 raw_boundary_fn=2698 raw_boundary_fp=2747 raw_boundary_tp=2.604e+04 raw_dice_score=0.9008 raw_iou=0.8248 refined_boundary_fn=2672 refined_boundary_fp=2722 refined_boundary_tp=2.6e+04 refined_dice_score=0.9 refined_iou=0.8234 weighted_loss=0.02858
2026-07-30 04:22:34,164 - portable_sam_fusion - INFO - [DEBUG-CONTEXT] epoch=22 step=6350 enabled=0
2026-07-30 04:22:34,164 - portable_sam_fusion - INFO - [DEBUG-DENSE] epoch=22 step=6350 applied_delta_norm=3.848 applied_delta_ratio=0.1648 base_norm=23.36 canvas_max=8 canvas_mean=-0.02017 canvas_min=-8 canvas_nonzero_ratio=0.01062 canvas_std=0.5955 final_norm=23.63 residual_alpha=0.2831 shape_norm=27.43 source_delta_norm=13.6 source_delta_ratio=0.5821
2026-07-30 04:22:34,164 - portable_sam_fusion - INFO - [DEBUG-GATE] epoch=22 step=6350 shape_dense_alpha_max=0.2831 shape_dense_alpha_mean=0.2831 shape_dense_alpha_min=0.2831
2026-07-30 04:22:34,164 - portable_sam_fusion - INFO - [DEBUG-JITTER] epoch=22 step=6350 area_ratio_count=64 area_ratio_mean=1 area_ratio_sum=64 fallback_count=0 mean_iou=1 num_jittered=0 num_rois=64
2026-07-30 04:22:34,164 - portable_sam_fusion - INFO - [DEBUG-SP] epoch=22 step=6350 all_invalid_count=0 all_invalid_ratio=0 empty_count=0 empty_ratio=0 full_count=0 full_ratio=0 mean_point_distance=41.01 n1_gt_valid_count=64 n1_in_gt_bg=0.9219 n1_in_gt_bg_count=59 n1_valid_count=64 n1_valid_ratio=1 n2_gt_valid_count=64 n2_in_gt_bg=1 n2_in_gt_bg_count=64 n2_valid_count=64 n2_valid_ratio=1 neg_in_pred_bg=1 neg_in_pred_bg_count=128 negative_pair_count=64 negative_pair_distance_sum=3570 p1_gt_valid_count=64 p1_in_gt_fg=1 p1_in_gt_fg_count=64 p1_valid_count=64 p1_valid_ratio=1 p2_gt_valid_count=64 p2_in_gt_fg=1 p2_in_gt_fg_count=64 p2_valid_count=64 p2_valid_ratio=1 point_distance_sum=5249 point_overlap_count=0 point_overlap_ratio=0 point_pair_count=128 pos_in_pred_fg=1 pos_in_pred_fg_count=128 positive_pair_count=64 positive_pair_distance_sum=1679 roi_count=64 valid_neg_count=128 valid_pos_count=128 warmup_stage=2
2026-07-30 04:22:47,295 - portable_sam_fusion - INFO - epoch 22 | mini-batch 184/294 | optimizer_step 1600/5920 | lr=4.225e-04
2026-07-30 04:23:44,686 - portable_sam_fusion - INFO - [DEBUG-BOX] epoch=22 step=6400 fallback_count=0 fallback_ratio=0 num_rois=23 refined_proposal_iou=0 refined_proposal_iou_sum=0 refined_valid_count=0
2026-07-30 04:23:44,686 - portable_sam_fusion - INFO - [DEBUG-COARSE] epoch=22 step=6400 bce_raw=0.09915 boundary_fn=163 boundary_fp=269 boundary_loss_local_sum=7.766 boundary_tp=7892 dice=0.05339 dice_loss_raw=0.05339 iou=0.8989 loss_support_foreground_sum=1.478e+04 loss_support_pixel_sum=2.617e+04 loss_valid_roi_count=23 loss_weight=0.1 raw_boundary_fn=163 raw_boundary_fp=269 raw_boundary_tp=7892 raw_dice_score=0.9466 raw_iou=0.8989 refined_boundary_fn=204 refined_boundary_fp=266 refined_boundary_tp=7816 refined_dice_score=0.9411 refined_iou=0.8891 weighted_loss=0.01525
2026-07-30 04:23:44,687 - portable_sam_fusion - INFO - [DEBUG-CONTEXT] epoch=22 step=6400 enabled=0
2026-07-30 04:23:44,687 - portable_sam_fusion - INFO - [DEBUG-DENSE] epoch=22 step=6400 applied_delta_norm=1.018 applied_delta_ratio=0.04357 base_norm=23.36 canvas_max=8 canvas_mean=0.001975 canvas_min=-6.026 canvas_nonzero_ratio=0.0007112 canvas_std=0.1459 final_norm=23.37 residual_alpha=0.2836 shape_norm=23.61 source_delta_norm=3.589 source_delta_ratio=0.1537
2026-07-30 04:23:44,687 - portable_sam_fusion - INFO - [DEBUG-GATE] epoch=22 step=6400 shape_dense_alpha_max=0.2836 shape_dense_alpha_mean=0.2836 shape_dense_alpha_min=0.2836
2026-07-30 04:23:44,687 - portable_sam_fusion - INFO - [DEBUG-JITTER] epoch=22 step=6400 area_ratio_count=23 area_ratio_mean=1 area_ratio_sum=23 fallback_count=0 mean_iou=1 num_jittered=0 num_rois=23
2026-07-30 04:23:44,687 - portable_sam_fusion - INFO - [DEBUG-SP] epoch=22 step=6400 all_invalid_count=0 all_invalid_ratio=0 empty_count=0 empty_ratio=0 full_count=1 full_ratio=0.04348 mean_point_distance=7.74 n1_gt_valid_count=22 n1_in_gt_bg=0.9545 n1_in_gt_bg_count=21 n1_valid_count=22 n1_valid_ratio=0.9565 n2_gt_valid_count=22 n2_in_gt_bg=0.9545 n2_in_gt_bg_count=21 n2_valid_count=22 n2_valid_ratio=0.9565 neg_in_pred_bg=1 neg_in_pred_bg_count=44 negative_pair_count=22 negative_pair_distance_sum=273.4 p1_gt_valid_count=23 p1_in_gt_fg=1 p1_in_gt_fg_count=23 p1_valid_count=23 p1_valid_ratio=1 p2_gt_valid_count=23 p2_in_gt_fg=1 p2_in_gt_fg_count=23 p2_valid_count=23 p2_valid_ratio=1 point_distance_sum=348.3 point_overlap_count=0 point_overlap_ratio=0 point_pair_count=45 pos_in_pred_fg=1 pos_in_pred_fg_count=46 positive_pair_count=23 positive_pair_distance_sum=74.89 roi_count=23 valid_neg_count=44 valid_pos_count=46 warmup_stage=2
2026-07-30 04:25:17,672 - portable_sam_fusion - INFO - [DEBUG-BOX] epoch=22 step=6450 fallback_count=0 fallback_ratio=0 num_rois=64 refined_proposal_iou=0 refined_proposal_iou_sum=0 refined_valid_count=0
2026-07-30 04:25:17,673 - portable_sam_fusion - INFO - [DEBUG-COARSE] epoch=22 step=6450 bce_raw=0.1712 boundary_fn=3006 boundary_fp=2883 boundary_loss_local_sum=22.68 boundary_tp=2.326e+04 dice=0.07113 dice_loss_raw=0.07113 iou=0.8692 loss_support_foreground_sum=4.384e+04 loss_support_pixel_sum=7.448e+04 loss_valid_roi_count=58 loss_weight=0.1 raw_boundary_fn=3006 raw_boundary_fp=2883 raw_boundary_tp=2.326e+04 raw_dice_score=0.9289 raw_iou=0.8692 refined_boundary_fn=3007 refined_boundary_fp=2991 refined_boundary_tp=2.322e+04 refined_dice_score=0.927 refined_iou=0.866 weighted_loss=0.02423
2026-07-30 04:25:17,673 - portable_sam_fusion - INFO - [DEBUG-CONTEXT] epoch=22 step=6450 enabled=0
2026-07-30 04:25:17,673 - portable_sam_fusion - INFO - [DEBUG-DENSE] epoch=22 step=6450 applied_delta_norm=2.988 applied_delta_ratio=0.1279 base_norm=23.36 canvas_max=8 canvas_mean=0.004945 canvas_min=-8 canvas_nonzero_ratio=0.005347 canvas_std=0.4155 final_norm=23.49 residual_alpha=0.2841 shape_norm=25.66 source_delta_norm=10.52 source_delta_ratio=0.4503
2026-07-30 04:25:17,673 - portable_sam_fusion - INFO - [DEBUG-GATE] epoch=22 step=6450 shape_dense_alpha_max=0.2841 shape_dense_alpha_mean=0.2841 shape_dense_alpha_min=0.2841
2026-07-30 04:25:17,673 - portable_sam_fusion - INFO - [DEBUG-JITTER] epoch=22 step=6450 area_ratio_count=64 area_ratio_mean=1 area_ratio_sum=64 fallback_count=0 mean_iou=1 num_jittered=0 num_rois=64
2026-07-30 04:25:17,673 - portable_sam_fusion - INFO - [DEBUG-SP] epoch=22 step=6450 all_invalid_count=0 all_invalid_ratio=0 empty_count=0 empty_ratio=0 full_count=0 full_ratio=0 mean_point_distance=28.22 n1_gt_valid_count=64 n1_in_gt_bg=0.875 n1_in_gt_bg_count=56 n1_valid_count=64 n1_valid_ratio=1 n2_gt_valid_count=64 n2_in_gt_bg=1 n2_in_gt_bg_count=64 n2_valid_count=64 n2_valid_ratio=1 neg_in_pred_bg=1 neg_in_pred_bg_count=128 negative_pair_count=64 negative_pair_distance_sum=2814 p1_gt_valid_count=64 p1_in_gt_fg=1 p1_in_gt_fg_count=64 p1_valid_count=64 p1_valid_ratio=1 p2_gt_valid_count=64 p2_in_gt_fg=0.9844 p2_in_gt_fg_count=63 p2_valid_count=64 p2_valid_ratio=1 point_distance_sum=3612 point_overlap_count=0 point_overlap_ratio=0 point_pair_count=128 pos_in_pred_fg=1 pos_in_pred_fg_count=128 positive_pair_count=64 positive_pair_distance_sum=797.9 roi_count=64 valid_neg_count=128 valid_pos_count=128 warmup_stage=2
2026-07-30 04:25:51,736 - portable_sam_fusion - INFO - Epoch 22 detailed losses: loss_rpn_cls=0.0116, loss_rpn_bbox=0.0050, loss_cls=0.1726, acc=93.2548, loss_bbox=0.0720, loss_mask=0.0014, debug_mask_pos_rois=55.5612, debug_mask_logit_mean=-15.4972, debug_mask_logit_std=2.7563, debug_mask_prob_mean=0.0051, debug_mask_prob_ge05=0.0051, debug_mask_target_fill=0.0051, loss_shape_prior=0.0208, loss_p2_boundary_refiner=0.0178, schedule/det_weight=1.0000
2026-07-30 04:25:51,736 - portable_sam_fusion - INFO - Epoch 22 dense residual monitor: alpha=0.276831 source_delta_norm=12.6342 applied_delta_norm=3.4989 source_delta_ratio=0.540923 applied_delta_ratio=0.149800
2026-07-30 04:25:51,736 - portable_sam_fusion - INFO - Epoch 22 P2 boundary refiner: raw_dice=0.8281 refined_dice=0.8268 raw_iou=0.7720 refined_iou=0.7698 raw_boundary_f1=0.9029 refined_boundary_f1=0.9032
2026-07-30 04:25:51,736 - portable_sam_fusion - INFO - Epoch 22 P2 boundary support: valid=79.78% rejected=20.22% coverage=0.3451 delta_abs=0.109403 nonzero=34.51% saturated=7.43% p2_norm=56.1805 highpass_norm=3.7502 support_fg=56.97%
2026-07-30 04:25:51,736 - portable_sam_fusion - INFO - Epoch 22 primary loss shares: det=86.72% final_mask=0.47% shape=6.91% p2_boundary=5.90%
2026-07-30 04:25:51,736 - portable_sam_fusion - INFO - Epoch 22 schedule: det_loss_weight=1.000 early_stop_start=20 min_delta=0.0005
2026-07-30 04:25:51,736 - portable_sam_fusion - INFO - Epoch 22 learning rates: sat_backbone=4.20e-04, mask_decoder=4.20e-04, shape_prior=4.20e-04, p2_boundary_refiner=4.20e-04, quality_head=4.20e-04, sat_other=4.20e-04
2026-07-30 04:29:47,201 - portable_sam_fusion - INFO - Validation samples: GT=15926, DT=19041, avg_masks_per_image=30.37, avg_mask_fill=0.0053
creating index...
index created!
Loading and preparing results...
DONE (t=0.02s)
creating index...
index created!
Running per image evaluation...
Evaluate annotation type *bbox*
DONE (t=11.11s).
Accumulating evaluation results...
DONE (t=0.19s).
 Average Precision  (AP) @[ IoU=0.50:0.95 | area=   all | maxDets=100 ] = 0.675
 Average Precision  (AP) @[ IoU=0.50      | area=   all | maxDets=100 ] = 0.896
 Average Precision  (AP) @[ IoU=0.75      | area=   all | maxDets=100 ] = 0.806
 Average Precision  (AP) @[ IoU=0.50:0.95 | area= small | maxDets=100 ] = 0.319
 Average Precision  (AP) @[ IoU=0.50:0.95 | area=medium | maxDets=100 ] = 0.719
 Average Precision  (AP) @[ IoU=0.50:0.95 | area= large | maxDets=100 ] = 0.738
 Average Recall     (AR) @[ IoU=0.50:0.95 | area=   all | maxDets=  1 ] = 0.025
 Average Recall     (AR) @[ IoU=0.50:0.95 | area=   all | maxDets= 10 ] = 0.184
 Average Recall     (AR) @[ IoU=0.50:0.95 | area=   all | maxDets=100 ] = 0.723
 Average Recall     (AR) @[ IoU=0.50:0.95 | area= small | maxDets=100 ] = 0.437
 Average Recall     (AR) @[ IoU=0.50:0.95 | area=medium | maxDets=100 ] = 0.764
 Average Recall     (AR) @[ IoU=0.50:0.95 | area= large | maxDets=100 ] = 0.791
2026-07-30 04:29:58,711 - portable_sam_fusion - INFO - Validation bbox/mAP: 0.6750 bbox/mAP_75: 0.8064
Running per image evaluation...
Evaluate annotation type *segm*
DONE (t=11.36s).
Accumulating evaluation results...
DONE (t=0.20s).
 Average Precision  (AP) @[ IoU=0.50:0.95 | area=   all | maxDets=100 ] = 0.626
 Average Precision  (AP) @[ IoU=0.50      | area=   all | maxDets=100 ] = 0.896
 Average Precision  (AP) @[ IoU=0.75      | area=   all | maxDets=100 ] = 0.745
 Average Precision  (AP) @[ IoU=0.50:0.95 | area= small | maxDets=100 ] = 0.227
 Average Precision  (AP) @[ IoU=0.50:0.95 | area=medium | maxDets=100 ] = 0.652
 Average Precision  (AP) @[ IoU=0.50:0.95 | area= large | maxDets=100 ] = 0.775
 Average Recall     (AR) @[ IoU=0.50:0.95 | area=   all | maxDets=  1 ] = 0.025
 Average Recall     (AR) @[ IoU=0.50:0.95 | area=   all | maxDets= 10 ] = 0.179
 Average Recall     (AR) @[ IoU=0.50:0.95 | area=   all | maxDets=100 ] = 0.667
 Average Recall     (AR) @[ IoU=0.50:0.95 | area= small | maxDets=100 ] = 0.314
 Average Recall     (AR) @[ IoU=0.50:0.95 | area=medium | maxDets=100 ] = 0.692
 Average Recall     (AR) @[ IoU=0.50:0.95 | area= large | maxDets=100 ] = 0.820
2026-07-30 04:30:10,307 - portable_sam_fusion - INFO - Validation segm/mAP: 0.6260
2026-07-30 04:30:11,045 - portable_sam_fusion - INFO - New best early-stop metric (segm/mAP): raw=0.6260 smooth(5)=0.6321
2026-07-30 04:30:16,280 - portable_sam_fusion - INFO - Epoch 22/80 | train=0.301280 val=disabled segm/mAP=0.6260 bbox/mAP=0.6750 | best_segm=0.6480 best_bbox=0.6920 best_comp=0.0000 | sat_backbone=4.20e-04 mask_decoder=4.20e-04 shape_prior=4.20e-04 p2_boundary_refiner=4.20e-04 quality_head=4.20e-04 sat_other=4.20e-04
2026-07-30 04:30:55,126 - portable_sam_fusion - INFO - [DEBUG-BOX] epoch=23 step=6500 fallback_count=0 fallback_ratio=0 num_rois=64 refined_proposal_iou=0 refined_proposal_iou_sum=0 refined_valid_count=0
2026-07-30 04:30:55,126 - portable_sam_fusion - INFO - [DEBUG-COARSE] epoch=23 step=6500 bce_raw=0.1368 boundary_fn=2349 boundary_fp=2498 boundary_loss_local_sum=21.45 boundary_tp=2.324e+04 dice=0.06006 dice_loss_raw=0.06006 iou=0.8884 loss_support_foreground_sum=4.342e+04 loss_support_pixel_sum=7.728e+04 loss_valid_roi_count=60 loss_weight=0.1 raw_boundary_fn=2349 raw_boundary_fp=2498 raw_boundary_tp=2.324e+04 raw_dice_score=0.9399 raw_iou=0.8884 refined_boundary_fn=2230 refined_boundary_fp=2519 refined_boundary_tp=2.345e+04 refined_dice_score=0.9385 refined_iou=0.8859 weighted_loss=0.01969
2026-07-30 04:30:55,126 - portable_sam_fusion - INFO - [DEBUG-CONTEXT] epoch=23 step=6500 enabled=0
2026-07-30 04:30:55,126 - portable_sam_fusion - INFO - [DEBUG-DENSE] epoch=23 step=6500 applied_delta_norm=3.069 applied_delta_ratio=0.1314 base_norm=23.36 canvas_max=8 canvas_mean=0.007131 canvas_min=-8 canvas_nonzero_ratio=0.006744 canvas_std=0.488 final_norm=23.54 residual_alpha=0.2845 shape_norm=26.05 source_delta_norm=10.79 source_delta_ratio=0.4618
2026-07-30 04:30:55,126 - portable_sam_fusion - INFO - [DEBUG-GATE] epoch=23 step=6500 shape_dense_alpha_max=0.2845 shape_dense_alpha_mean=0.2845 shape_dense_alpha_min=0.2845
2026-07-30 04:30:55,126 - portable_sam_fusion - INFO - [DEBUG-JITTER] epoch=23 step=6500 area_ratio_count=64 area_ratio_mean=1 area_ratio_sum=64 fallback_count=0 mean_iou=1 num_jittered=0 num_rois=64
2026-07-30 04:30:55,126 - portable_sam_fusion - INFO - [DEBUG-SP] epoch=23 step=6500 all_invalid_count=0 all_invalid_ratio=0 empty_count=0 empty_ratio=0 full_count=0 full_ratio=0 mean_point_distance=27.43 n1_gt_valid_count=64 n1_in_gt_bg=0.8438 n1_in_gt_bg_count=54 n1_valid_count=64 n1_valid_ratio=1 n2_gt_valid_count=64 n2_in_gt_bg=1 n2_in_gt_bg_count=64 n2_valid_count=64 n2_valid_ratio=1 neg_in_pred_bg=1 neg_in_pred_bg_count=128 negative_pair_count=64 negative_pair_distance_sum=2531 p1_gt_valid_count=64 p1_in_gt_fg=1 p1_in_gt_fg_count=64 p1_valid_count=64 p1_valid_ratio=1 p2_gt_valid_count=64 p2_in_gt_fg=1 p2_in_gt_fg_count=64 p2_valid_count=64 p2_valid_ratio=1 point_distance_sum=3511 point_overlap_count=0 point_overlap_ratio=0 point_pair_count=128 pos_in_pred_fg=1 pos_in_pred_fg_count=128 positive_pair_count=64 positive_pair_distance_sum=979.2 roi_count=64 valid_neg_count=128 valid_pos_count=128 warmup_stage=2
2026-07-30 04:32:10,471 - portable_sam_fusion - INFO - [DEBUG-BOX] epoch=23 step=6550 fallback_count=0 fallback_ratio=0 num_rois=0 refined_proposal_iou=0 refined_proposal_iou_sum=0 refined_valid_count=0
2026-07-30 04:32:10,471 - portable_sam_fusion - INFO - [DEBUG-COARSE] epoch=23 step=6550 boundary_fn=0 boundary_fp=0 boundary_tp=0 dice=0 iou=0
2026-07-30 04:32:10,471 - portable_sam_fusion - INFO - [DEBUG-CONTEXT] epoch=23 step=6550 enabled=0
2026-07-30 04:32:10,472 - portable_sam_fusion - INFO - [DEBUG-DENSE] epoch=23 step=6550 applied_delta_norm=3.232 applied_delta_ratio=0.1384 base_norm=23.36 canvas_max=8 canvas_mean=-0.004748 canvas_min=-8 canvas_nonzero_ratio=0.008921 canvas_std=0.4766 final_norm=23.58 residual_alpha=0.2848 shape_norm=26.55 source_delta_norm=11.35 source_delta_ratio=0.486
2026-07-30 04:32:10,472 - portable_sam_fusion - INFO - [DEBUG-GATE] epoch=23 step=6550 shape_dense_alpha_max=0.2848 shape_dense_alpha_mean=0.2848 shape_dense_alpha_min=0.2848
2026-07-30 04:32:10,472 - portable_sam_fusion - INFO - [DEBUG-JITTER] epoch=23 step=6550 area_ratio_count=0 area_ratio_mean=0 area_ratio_sum=0 fallback_count=0 mean_iou=0 num_jittered=0 num_rois=0
2026-07-30 04:32:10,472 - portable_sam_fusion - INFO - [DEBUG-SP] epoch=23 step=6550 all_invalid_count=0 all_invalid_ratio=0 empty_count=0 empty_ratio=0 full_count=0 full_ratio=0 mean_point_distance=27.02 n1_gt_valid_count=64 n1_in_gt_bg=0.8438 n1_in_gt_bg_count=54 n1_valid_count=64 n1_valid_ratio=1 n2_gt_valid_count=64 n2_in_gt_bg=1 n2_in_gt_bg_count=64 n2_valid_count=64 n2_valid_ratio=1 neg_in_pred_bg=1 neg_in_pred_bg_count=128 negative_pair_count=64 negative_pair_distance_sum=2158 p1_gt_valid_count=64 p1_in_gt_fg=1 p1_in_gt_fg_count=64 p1_valid_count=64 p1_valid_ratio=1 p2_gt_valid_count=64 p2_in_gt_fg=1 p2_in_gt_fg_count=64 p2_valid_count=64 p2_valid_ratio=1 point_distance_sum=3459 point_overlap_count=0 point_overlap_ratio=0 point_pair_count=128 pos_in_pred_fg=1 pos_in_pred_fg_count=128 positive_pair_count=64 positive_pair_distance_sum=1301 roi_count=64 valid_neg_count=128 valid_pos_count=128 warmup_stage=2
2026-07-30 04:32:19,816 - portable_sam_fusion - INFO - epoch 23 | mini-batch 88/294 | optimizer_step 1650/5920 | lr=4.176e-04
2026-07-30 04:33:21,301 - portable_sam_fusion - INFO - [DEBUG-BOX] epoch=23 step=6600 fallback_count=0 fallback_ratio=0 num_rois=64 refined_proposal_iou=0 refined_proposal_iou_sum=0 refined_valid_count=0
2026-07-30 04:33:21,301 - portable_sam_fusion - INFO - [DEBUG-COARSE] epoch=23 step=6600 bce_raw=0.1168 boundary_fn=1902 boundary_fp=1644 boundary_loss_local_sum=10.78 boundary_tp=2.618e+04 dice=0.07547 dice_loss_raw=0.07547 iou=0.8617 loss_support_foreground_sum=2.521e+04 loss_support_pixel_sum=5.084e+04 loss_valid_roi_count=38 loss_weight=0.1 raw_boundary_fn=1902 raw_boundary_fp=1644 raw_boundary_tp=2.618e+04 raw_dice_score=0.9245 raw_iou=0.8617 refined_boundary_fn=1882 refined_boundary_fp=1666 refined_boundary_tp=2.624e+04 refined_dice_score=0.9229 refined_iou=0.8591 weighted_loss=0.01922
2026-07-30 04:33:21,301 - portable_sam_fusion - INFO - [DEBUG-CONTEXT] epoch=23 step=6600 enabled=0
2026-07-30 04:33:21,301 - portable_sam_fusion - INFO - [DEBUG-DENSE] epoch=23 step=6600 applied_delta_norm=3.315 applied_delta_ratio=0.1419 base_norm=23.36 canvas_max=8 canvas_mean=-0.007664 canvas_min=-8 canvas_nonzero_ratio=0.006629 canvas_std=0.5066 final_norm=23.52 residual_alpha=0.2851 shape_norm=26.09 source_delta_norm=11.63 source_delta_ratio=0.4978
2026-07-30 04:33:21,301 - portable_sam_fusion - INFO - [DEBUG-GATE] epoch=23 step=6600 shape_dense_alpha_max=0.2851 shape_dense_alpha_mean=0.2851 shape_dense_alpha_min=0.2851
2026-07-30 04:33:21,301 - portable_sam_fusion - INFO - [DEBUG-JITTER] epoch=23 step=6600 area_ratio_count=64 area_ratio_mean=1 area_ratio_sum=64 fallback_count=0 mean_iou=1 num_jittered=0 num_rois=64
2026-07-30 04:33:21,301 - portable_sam_fusion - INFO - [DEBUG-SP] epoch=23 step=6600 all_invalid_count=0 all_invalid_ratio=0 empty_count=0 empty_ratio=0 full_count=0 full_ratio=0 mean_point_distance=28.31 n1_gt_valid_count=64 n1_in_gt_bg=0.9531 n1_in_gt_bg_count=61 n1_valid_count=64 n1_valid_ratio=1 n2_gt_valid_count=64 n2_in_gt_bg=1 n2_in_gt_bg_count=64 n2_valid_count=64 n2_valid_ratio=1 neg_in_pred_bg=1 neg_in_pred_bg_count=128 negative_pair_count=64 negative_pair_distance_sum=2749 p1_gt_valid_count=64 p1_in_gt_fg=1 p1_in_gt_fg_count=64 p1_valid_count=64 p1_valid_ratio=1 p2_gt_valid_count=64 p2_in_gt_fg=1 p2_in_gt_fg_count=64 p2_valid_count=64 p2_valid_ratio=1 point_distance_sum=3623 point_overlap_count=0 point_overlap_ratio=0 point_pair_count=128 pos_in_pred_fg=1 pos_in_pred_fg_count=128 positive_pair_count=64 positive_pair_distance_sum=874.4 roi_count=64 valid_neg_count=128 valid_pos_count=128 warmup_stage=2
2026-07-30 04:34:49,997 - portable_sam_fusion - INFO - [DEBUG-BOX] epoch=23 step=6650 fallback_count=0 fallback_ratio=0 num_rois=64 refined_proposal_iou=0 refined_proposal_iou_sum=0 refined_valid_count=0
2026-07-30 04:34:49,997 - portable_sam_fusion - INFO - [DEBUG-COARSE] epoch=23 step=6650 bce_raw=0.1532 boundary_fn=2352 boundary_fp=2641 boundary_loss_local_sum=15.74 boundary_tp=2.522e+04 dice=0.08868 dice_loss_raw=0.08868 iou=0.8435 loss_support_foreground_sum=3.521e+04 loss_support_pixel_sum=6.635e+04 loss_valid_roi_count=49 loss_weight=0.1 raw_boundary_fn=2352 raw_boundary_fp=2641 raw_boundary_tp=2.522e+04 raw_dice_score=0.9113 raw_iou=0.8435 refined_boundary_fn=2422 refined_boundary_fp=2634 refined_boundary_tp=2.52e+04 refined_dice_score=0.9093 refined_iou=0.8402 weighted_loss=0.02419
2026-07-30 04:34:49,998 - portable_sam_fusion - INFO - [DEBUG-CONTEXT] epoch=23 step=6650 enabled=0
2026-07-30 04:34:49,998 - portable_sam_fusion - INFO - [DEBUG-DENSE] epoch=23 step=6650 applied_delta_norm=3.172 applied_delta_ratio=0.1358 base_norm=23.36 canvas_max=8 canvas_mean=-0.005426 canvas_min=-8 canvas_nonzero_ratio=0.006193 canvas_std=0.4727 final_norm=23.51 residual_alpha=0.2857 shape_norm=25.91 source_delta_norm=11.1 source_delta_ratio=0.4753
2026-07-30 04:34:49,998 - portable_sam_fusion - INFO - [DEBUG-GATE] epoch=23 step=6650 shape_dense_alpha_max=0.2857 shape_dense_alpha_mean=0.2857 shape_dense_alpha_min=0.2857
2026-07-30 04:34:49,998 - portable_sam_fusion - INFO - [DEBUG-JITTER] epoch=23 step=6650 area_ratio_count=64 area_ratio_mean=1 area_ratio_sum=64 fallback_count=0 mean_iou=1 num_jittered=0 num_rois=64
2026-07-30 04:34:49,998 - portable_sam_fusion - INFO - [DEBUG-SP] epoch=23 step=6650 all_invalid_count=0 all_invalid_ratio=0 empty_count=0 empty_ratio=0 full_count=0 full_ratio=0 mean_point_distance=29.43 n1_gt_valid_count=64 n1_in_gt_bg=0.9375 n1_in_gt_bg_count=60 n1_valid_count=64 n1_valid_ratio=1 n2_gt_valid_count=64 n2_in_gt_bg=1 n2_in_gt_bg_count=64 n2_valid_count=64 n2_valid_ratio=1 neg_in_pred_bg=1 neg_in_pred_bg_count=128 negative_pair_count=64 negative_pair_distance_sum=2834 p1_gt_valid_count=64 p1_in_gt_fg=1 p1_in_gt_fg_count=64 p1_valid_count=64 p1_valid_ratio=1 p2_gt_valid_count=64 p2_in_gt_fg=0.9844 p2_in_gt_fg_count=63 p2_valid_count=64 p2_valid_ratio=1 point_distance_sum=3767 point_overlap_count=0 point_overlap_ratio=0 point_pair_count=128 pos_in_pred_fg=1 pos_in_pred_fg_count=128 positive_pair_count=64 positive_pair_distance_sum=933 roi_count=64 valid_neg_count=128 valid_pos_count=128 warmup_stage=2
2026-07-30 04:36:15,731 - portable_sam_fusion - INFO - [DEBUG-BOX] epoch=23 step=6700 fallback_count=0 fallback_ratio=0 num_rois=64 refined_proposal_iou=0 refined_proposal_iou_sum=0 refined_valid_count=0
2026-07-30 04:36:15,731 - portable_sam_fusion - INFO - [DEBUG-COARSE] epoch=23 step=6700 bce_raw=0.2145 boundary_fn=3990 boundary_fp=2929 boundary_loss_local_sum=17.12 boundary_tp=2.49e+04 dice=0.1057 dice_loss_raw=0.1057 iou=0.8127 loss_support_foreground_sum=3.014e+04 loss_support_pixel_sum=5.53e+04 loss_valid_roi_count=41 loss_weight=0.1 raw_boundary_fn=3990 raw_boundary_fp=2929 raw_boundary_tp=2.49e+04 raw_dice_score=0.8943 raw_iou=0.8127 refined_boundary_fn=4000 refined_boundary_fp=2929 refined_boundary_tp=2.49e+04 refined_dice_score=0.8933 refined_iou=0.8114 weighted_loss=0.03202
2026-07-30 04:36:15,731 - portable_sam_fusion - INFO - [DEBUG-CONTEXT] epoch=23 step=6700 enabled=0
2026-07-30 04:36:15,731 - portable_sam_fusion - INFO - [DEBUG-DENSE] epoch=23 step=6700 applied_delta_norm=5.039 applied_delta_ratio=0.2157 base_norm=23.36 canvas_max=8 canvas_mean=-0.02746 canvas_min=-8 canvas_nonzero_ratio=0.01822 canvas_std=0.7581 final_norm=23.85 residual_alpha=0.286 shape_norm=30.03 source_delta_norm=17.62 source_delta_ratio=0.7542
2026-07-30 04:36:15,731 - portable_sam_fusion - INFO - [DEBUG-GATE] epoch=23 step=6700 shape_dense_alpha_max=0.286 shape_dense_alpha_mean=0.286 shape_dense_alpha_min=0.286
2026-07-30 04:36:15,731 - portable_sam_fusion - INFO - [DEBUG-JITTER] epoch=23 step=6700 area_ratio_count=64 area_ratio_mean=1 area_ratio_sum=64 fallback_count=0 mean_iou=1 num_jittered=0 num_rois=64
2026-07-30 04:36:15,731 - portable_sam_fusion - INFO - [DEBUG-SP] epoch=23 step=6700 all_invalid_count=0 all_invalid_ratio=0 empty_count=0 empty_ratio=0 full_count=0 full_ratio=0 mean_point_distance=56.11 n1_gt_valid_count=64 n1_in_gt_bg=0.7344 n1_in_gt_bg_count=47 n1_valid_count=64 n1_valid_ratio=1 n2_gt_valid_count=64 n2_in_gt_bg=1 n2_in_gt_bg_count=64 n2_valid_count=64 n2_valid_ratio=1 neg_in_pred_bg=1 neg_in_pred_bg_count=128 negative_pair_count=64 negative_pair_distance_sum=5274 p1_gt_valid_count=64 p1_in_gt_fg=1 p1_in_gt_fg_count=64 p1_valid_count=64 p1_valid_ratio=1 p2_gt_valid_count=64 p2_in_gt_fg=1 p2_in_gt_fg_count=64 p2_valid_count=64 p2_valid_ratio=1 point_distance_sum=7183 point_overlap_count=0 point_overlap_ratio=0 point_pair_count=128 pos_in_pred_fg=1 pos_in_pred_fg_count=128 positive_pair_count=64 positive_pair_distance_sum=1908 roi_count=64 valid_neg_count=128 valid_pos_count=128 warmup_stage=2
2026-07-30 04:37:40,832 - portable_sam_fusion - INFO - [DEBUG-BOX] epoch=23 step=6750 fallback_count=0 fallback_ratio=0 num_rois=64 refined_proposal_iou=0 refined_proposal_iou_sum=0 refined_valid_count=0
2026-07-30 04:37:40,832 - portable_sam_fusion - INFO - [DEBUG-COARSE] epoch=23 step=6750 bce_raw=0.2274 boundary_fn=3477 boundary_fp=2748 boundary_loss_local_sum=21.96 boundary_tp=2.446e+04 dice=0.08185 dice_loss_raw=0.08185 iou=0.8525 loss_support_foreground_sum=4.002e+04 loss_support_pixel_sum=6.578e+04 loss_valid_roi_count=50 loss_weight=0.1 raw_boundary_fn=3477 raw_boundary_fp=2748 raw_boundary_tp=2.446e+04 raw_dice_score=0.9181 raw_iou=0.8525 refined_boundary_fn=3403 refined_boundary_fp=2822 refined_boundary_tp=2.459e+04 refined_dice_score=0.9177 refined_iou=0.8518 weighted_loss=0.03093
2026-07-30 04:37:40,832 - portable_sam_fusion - INFO - [DEBUG-CONTEXT] epoch=23 step=6750 enabled=0
2026-07-30 04:37:40,832 - portable_sam_fusion - INFO - [DEBUG-DENSE] epoch=23 step=6750 applied_delta_norm=3.448 applied_delta_ratio=0.1476 base_norm=23.36 canvas_max=8 canvas_mean=0.0003836 canvas_min=-8 canvas_nonzero_ratio=0.007519 canvas_std=0.5155 final_norm=23.55 residual_alpha=0.2863 shape_norm=26.46 source_delta_norm=12.04 source_delta_ratio=0.5156
2026-07-30 04:37:40,832 - portable_sam_fusion - INFO - [DEBUG-GATE] epoch=23 step=6750 shape_dense_alpha_max=0.2863 shape_dense_alpha_mean=0.2863 shape_dense_alpha_min=0.2863
2026-07-30 04:37:40,833 - portable_sam_fusion - INFO - [DEBUG-JITTER] epoch=23 step=6750 area_ratio_count=64 area_ratio_mean=1 area_ratio_sum=64 fallback_count=0 mean_iou=1 num_jittered=0 num_rois=64
2026-07-30 04:37:40,833 - portable_sam_fusion - INFO - [DEBUG-SP] epoch=23 step=6750 all_invalid_count=0 all_invalid_ratio=0 empty_count=0 empty_ratio=0 full_count=0 full_ratio=0 mean_point_distance=30.9 n1_gt_valid_count=64 n1_in_gt_bg=0.6875 n1_in_gt_bg_count=44 n1_valid_count=64 n1_valid_ratio=1 n2_gt_valid_count=64 n2_in_gt_bg=0.9844 n2_in_gt_bg_count=63 n2_valid_count=64 n2_valid_ratio=1 neg_in_pred_bg=1 neg_in_pred_bg_count=128 negative_pair_count=64 negative_pair_distance_sum=2636 p1_gt_valid_count=64 p1_in_gt_fg=1 p1_in_gt_fg_count=64 p1_valid_count=64 p1_valid_ratio=1 p2_gt_valid_count=64 p2_in_gt_fg=1 p2_in_gt_fg_count=64 p2_valid_count=64 p2_valid_ratio=1 point_distance_sum=3955 point_overlap_count=0 point_overlap_ratio=0 point_pair_count=128 pos_in_pred_fg=1 pos_in_pred_fg_count=128 positive_pair_count=64 positive_pair_distance_sum=1319 roi_count=64 valid_neg_count=128 valid_pos_count=128 warmup_stage=2
2026-07-30 04:37:52,121 - portable_sam_fusion - INFO - epoch 23 | mini-batch 288/294 | optimizer_step 1700/5920 | lr=4.125e-04
2026-07-30 04:38:02,680 - portable_sam_fusion - INFO - Epoch 23 detailed losses: loss_rpn_cls=0.0154, loss_rpn_bbox=0.0047, loss_cls=0.1652, acc=93.5539, loss_bbox=0.0675, loss_mask=0.0013, loss_p2_boundary_refiner=0.0181, schedule/det_weight=1.0000, debug_mask_pos_rois=56.1122, debug_mask_logit_mean=-15.5171, debug_mask_logit_std=2.7453, debug_mask_prob_mean=0.0050, debug_mask_prob_ge05=0.0050, debug_mask_target_fill=0.0050, loss_shape_prior=0.0212
2026-07-30 04:38:02,680 - portable_sam_fusion - INFO - Epoch 23 dense residual monitor: alpha=0.278596 source_delta_norm=12.7529 applied_delta_norm=3.5515 source_delta_ratio=0.546006 applied_delta_ratio=0.152053
2026-07-30 04:38:02,680 - portable_sam_fusion - INFO - Epoch 23 P2 boundary refiner: raw_dice=0.8290 refined_dice=0.8277 raw_iou=0.7733 refined_iou=0.7711 raw_boundary_f1=0.9049 refined_boundary_f1=0.9051
2026-07-30 04:38:02,680 - portable_sam_fusion - INFO - Epoch 23 P2 boundary support: valid=79.63% rejected=20.37% coverage=0.3446 delta_abs=0.109070 nonzero=34.46% saturated=7.57% p2_norm=55.6637 highpass_norm=3.7967 support_fg=56.91%
2026-07-30 04:38:02,680 - portable_sam_fusion - INFO - Epoch 23 primary loss shares: det=86.19% final_mask=0.43% shape=7.23% p2_boundary=6.15%
2026-07-30 04:38:02,680 - portable_sam_fusion - INFO - Epoch 23 schedule: det_loss_weight=1.000 early_stop_start=20 min_delta=0.0005
2026-07-30 04:38:02,680 - portable_sam_fusion - INFO - Epoch 23 learning rates: sat_backbone=4.12e-04, mask_decoder=4.12e-04, shape_prior=4.12e-04, p2_boundary_refiner=4.12e-04, quality_head=4.12e-04, sat_other=4.12e-04
2026-07-30 04:41:36,073 - portable_sam_fusion - INFO - Validation samples: GT=15926, DT=17110, avg_masks_per_image=27.29, avg_mask_fill=0.0053
creating index...
index created!
Loading and preparing results...
DONE (t=0.03s)
creating index...
index created!
Running per image evaluation...
Evaluate annotation type *bbox*
DONE (t=11.79s).
Accumulating evaluation results...
DONE (t=0.18s).
 Average Precision  (AP) @[ IoU=0.50:0.95 | area=   all | maxDets=100 ] = 0.670
 Average Precision  (AP) @[ IoU=0.50      | area=   all | maxDets=100 ] = 0.889
 Average Precision  (AP) @[ IoU=0.75      | area=   all | maxDets=100 ] = 0.807
 Average Precision  (AP) @[ IoU=0.50:0.95 | area= small | maxDets=100 ] = 0.313
 Average Precision  (AP) @[ IoU=0.50:0.95 | area=medium | maxDets=100 ] = 0.710
 Average Precision  (AP) @[ IoU=0.50:0.95 | area= large | maxDets=100 ] = 0.755
 Average Recall     (AR) @[ IoU=0.50:0.95 | area=   all | maxDets=  1 ] = 0.025
 Average Recall     (AR) @[ IoU=0.50:0.95 | area=   all | maxDets= 10 ] = 0.184
 Average Recall     (AR) @[ IoU=0.50:0.95 | area=   all | maxDets=100 ] = 0.716
 Average Recall     (AR) @[ IoU=0.50:0.95 | area= small | maxDets=100 ] = 0.404
 Average Recall     (AR) @[ IoU=0.50:0.95 | area=medium | maxDets=100 ] = 0.755
 Average Recall     (AR) @[ IoU=0.50:0.95 | area= large | maxDets=100 ] = 0.805
2026-07-30 04:41:48,272 - portable_sam_fusion - INFO - Validation bbox/mAP: 0.6705 bbox/mAP_75: 0.8070
Running per image evaluation...
Evaluate annotation type *segm*
DONE (t=10.91s).
Accumulating evaluation results...
DONE (t=0.18s).
 Average Precision  (AP) @[ IoU=0.50:0.95 | area=   all | maxDets=100 ] = 0.622
 Average Precision  (AP) @[ IoU=0.50      | area=   all | maxDets=100 ] = 0.889
 Average Precision  (AP) @[ IoU=0.75      | area=   all | maxDets=100 ] = 0.742
 Average Precision  (AP) @[ IoU=0.50:0.95 | area= small | maxDets=100 ] = 0.228
 Average Precision  (AP) @[ IoU=0.50:0.95 | area=medium | maxDets=100 ] = 0.647
 Average Precision  (AP) @[ IoU=0.50:0.95 | area= large | maxDets=100 ] = 0.777
 Average Recall     (AR) @[ IoU=0.50:0.95 | area=   all | maxDets=  1 ] = 0.025
 Average Recall     (AR) @[ IoU=0.50:0.95 | area=   all | maxDets= 10 ] = 0.178
 Average Recall     (AR) @[ IoU=0.50:0.95 | area=   all | maxDets=100 ] = 0.662
 Average Recall     (AR) @[ IoU=0.50:0.95 | area= small | maxDets=100 ] = 0.295
 Average Recall     (AR) @[ IoU=0.50:0.95 | area=medium | maxDets=100 ] = 0.687
 Average Recall     (AR) @[ IoU=0.50:0.95 | area= large | maxDets=100 ] = 0.822
2026-07-30 04:41:59,405 - portable_sam_fusion - INFO - Validation segm/mAP: 0.6222
2026-07-30 04:41:59,954 - portable_sam_fusion - INFO - Early-stop metric (segm/mAP): raw=0.6222 smooth(5)=0.6269 best=0.6321 counter=1
2026-07-30 04:42:05,004 - portable_sam_fusion - INFO - Epoch 23/80 | train=0.293396 val=disabled segm/mAP=0.6222 bbox/mAP=0.6705 | best_segm=0.6480 best_bbox=0.6920 best_comp=0.0000 | sat_backbone=4.12e-04 mask_decoder=4.12e-04 shape_prior=4.12e-04 p2_boundary_refiner=4.12e-04 quality_head=4.12e-04 sat_other=4.12e-04
2026-07-30 04:42:57,258 - portable_sam_fusion - INFO - [DEBUG-BOX] epoch=24 step=6800 fallback_count=0 fallback_ratio=0 num_rois=64 refined_proposal_iou=0 refined_proposal_iou_sum=0 refined_valid_count=0
2026-07-30 04:42:57,258 - portable_sam_fusion - INFO - [DEBUG-COARSE] epoch=24 step=6800 bce_raw=0.1912 boundary_fn=3495 boundary_fp=3290 boundary_loss_local_sum=23.75 boundary_tp=2.33e+04 dice=0.08471 dice_loss_raw=0.08471 iou=0.8466 loss_support_foreground_sum=4.104e+04 loss_support_pixel_sum=7.194e+04 loss_valid_roi_count=54 loss_weight=0.1 raw_boundary_fn=3495 raw_boundary_fp=3290 raw_boundary_tp=2.33e+04 raw_dice_score=0.9153 raw_iou=0.8466 refined_boundary_fn=3415 refined_boundary_fp=3314 refined_boundary_tp=2.342e+04 refined_dice_score=0.9145 refined_iou=0.8453 weighted_loss=0.02759
2026-07-30 04:42:57,258 - portable_sam_fusion - INFO - [DEBUG-CONTEXT] epoch=24 step=6800 enabled=0
2026-07-30 04:42:57,258 - portable_sam_fusion - INFO - [DEBUG-DENSE] epoch=24 step=6800 applied_delta_norm=3.529 applied_delta_ratio=0.1511 base_norm=23.36 canvas_max=8 canvas_mean=0.002079 canvas_min=-8 canvas_nonzero_ratio=0.006873 canvas_std=0.4768 final_norm=23.54 residual_alpha=0.2866 shape_norm=26.34 source_delta_norm=12.32 source_delta_ratio=0.5273
2026-07-30 04:42:57,258 - portable_sam_fusion - INFO - [DEBUG-GATE] epoch=24 step=6800 shape_dense_alpha_max=0.2866 shape_dense_alpha_mean=0.2866 shape_dense_alpha_min=0.2866
2026-07-30 04:42:57,258 - portable_sam_fusion - INFO - [DEBUG-JITTER] epoch=24 step=6800 area_ratio_count=64 area_ratio_mean=1 area_ratio_sum=64 fallback_count=0 mean_iou=1 num_jittered=0 num_rois=64
2026-07-30 04:42:57,258 - portable_sam_fusion - INFO - [DEBUG-SP] epoch=24 step=6800 all_invalid_count=0 all_invalid_ratio=0 empty_count=0 empty_ratio=0 full_count=0 full_ratio=0 mean_point_distance=29.29 n1_gt_valid_count=64 n1_in_gt_bg=0.8438 n1_in_gt_bg_count=54 n1_valid_count=64 n1_valid_ratio=1 n2_gt_valid_count=64 n2_in_gt_bg=1 n2_in_gt_bg_count=64 n2_valid_count=64 n2_valid_ratio=1 neg_in_pred_bg=1 neg_in_pred_bg_count=128 negative_pair_count=64 negative_pair_distance_sum=2710 p1_gt_valid_count=64 p1_in_gt_fg=1 p1_in_gt_fg_count=64 p1_valid_count=64 p1_valid_ratio=1 p2_gt_valid_count=64 p2_in_gt_fg=1 p2_in_gt_fg_count=64 p2_valid_count=64 p2_valid_ratio=1 point_distance_sum=3749 point_overlap_count=0 point_overlap_ratio=0 point_pair_count=128 pos_in_pred_fg=1 pos_in_pred_fg_count=128 positive_pair_count=64 positive_pair_distance_sum=1039 roi_count=64 valid_neg_count=128 valid_pos_count=128 warmup_stage=2
2026-07-30 04:44:08,341 - portable_sam_fusion - INFO - [DEBUG-BOX] epoch=24 step=6850 fallback_count=0 fallback_ratio=0 num_rois=64 refined_proposal_iou=0 refined_proposal_iou_sum=0 refined_valid_count=0
2026-07-30 04:44:08,342 - portable_sam_fusion - INFO - [DEBUG-COARSE] epoch=24 step=6850 bce_raw=0.1795 boundary_fn=2880 boundary_fp=2363 boundary_loss_local_sum=14.35 boundary_tp=2.571e+04 dice=0.1014 dice_loss_raw=0.1014 iou=0.8192 loss_support_foreground_sum=2.546e+04 loss_support_pixel_sum=5.069e+04 loss_valid_roi_count=37 loss_weight=0.1 raw_boundary_fn=2880 raw_boundary_fp=2363 raw_boundary_tp=2.571e+04 raw_dice_score=0.8986 raw_iou=0.8192 refined_boundary_fn=2898 refined_boundary_fp=2445 refined_boundary_tp=2.57e+04 refined_dice_score=0.898 refined_iou=0.8182 weighted_loss=0.0281
2026-07-30 04:44:08,342 - portable_sam_fusion - INFO - [DEBUG-CONTEXT] epoch=24 step=6850 enabled=0
2026-07-30 04:44:08,342 - portable_sam_fusion - INFO - [DEBUG-DENSE] epoch=24 step=6850 applied_delta_norm=4.455 applied_delta_ratio=0.1907 base_norm=23.36 canvas_max=8 canvas_mean=-0.01706 canvas_min=-8 canvas_nonzero_ratio=0.01214 canvas_std=0.6383 final_norm=23.68 residual_alpha=0.2867 shape_norm=28.18 source_delta_norm=15.54 source_delta_ratio=0.6652
2026-07-30 04:44:08,342 - portable_sam_fusion - INFO - [DEBUG-GATE] epoch=24 step=6850 shape_dense_alpha_max=0.2867 shape_dense_alpha_mean=0.2867 shape_dense_alpha_min=0.2867
2026-07-30 04:44:08,342 - portable_sam_fusion - INFO - [DEBUG-JITTER] epoch=24 step=6850 area_ratio_count=64 area_ratio_mean=1 area_ratio_sum=64 fallback_count=0 mean_iou=1 num_jittered=0 num_rois=64
2026-07-30 04:44:08,342 - portable_sam_fusion - INFO - [DEBUG-SP] epoch=24 step=6850 all_invalid_count=0 all_invalid_ratio=0 empty_count=0 empty_ratio=0 full_count=0 full_ratio=0 mean_point_distance=42.36 n1_gt_valid_count=64 n1_in_gt_bg=0.8906 n1_in_gt_bg_count=57 n1_valid_count=64 n1_valid_ratio=1 n2_gt_valid_count=64 n2_in_gt_bg=1 n2_in_gt_bg_count=64 n2_valid_count=64 n2_valid_ratio=1 neg_in_pred_bg=1 neg_in_pred_bg_count=128 negative_pair_count=64 negative_pair_distance_sum=3632 p1_gt_valid_count=64 p1_in_gt_fg=1 p1_in_gt_fg_count=64 p1_valid_count=64 p1_valid_ratio=1 p2_gt_valid_count=64 p2_in_gt_fg=0.9688 p2_in_gt_fg_count=62 p2_valid_count=64 p2_valid_ratio=1 point_distance_sum=5422 point_overlap_count=0 point_overlap_ratio=0 point_pair_count=128 pos_in_pred_fg=1 pos_in_pred_fg_count=128 positive_pair_count=64 positive_pair_distance_sum=1790 roi_count=64 valid_neg_count=128 valid_pos_count=128 warmup_stage=2
2026-07-30 04:45:41,972 - portable_sam_fusion - INFO - [DEBUG-BOX] epoch=24 step=6900 fallback_count=0 fallback_ratio=0 num_rois=64 refined_proposal_iou=0 refined_proposal_iou_sum=0 refined_valid_count=0
2026-07-30 04:45:41,972 - portable_sam_fusion - INFO - [DEBUG-COARSE] epoch=24 step=6900 bce_raw=0.2012 boundary_fn=4825 boundary_fp=3998 boundary_loss_local_sum=24.91 boundary_tp=2.102e+04 dice=0.09365 dice_loss_raw=0.09365 iou=0.8339 loss_support_foreground_sum=4.24e+04 loss_support_pixel_sum=7.041e+04 loss_valid_roi_count=56 loss_weight=0.1 raw_boundary_fn=4825 raw_boundary_fp=3998 raw_boundary_tp=2.102e+04 raw_dice_score=0.9063 raw_iou=0.8339 refined_boundary_fn=4686 refined_boundary_fp=3813 refined_boundary_tp=2.115e+04 refined_dice_score=0.9052 refined_iou=0.832 weighted_loss=0.02949
2026-07-30 04:45:41,972 - portable_sam_fusion - INFO - [DEBUG-CONTEXT] epoch=24 step=6900 enabled=0
2026-07-30 04:45:41,972 - portable_sam_fusion - INFO - [DEBUG-DENSE] epoch=24 step=6900 applied_delta_norm=3.091 applied_delta_ratio=0.1324 base_norm=23.36 canvas_max=8 canvas_mean=9.885e-05 canvas_min=-8 canvas_nonzero_ratio=0.005677 canvas_std=0.4545 final_norm=23.51 residual_alpha=0.2868 shape_norm=25.83 source_delta_norm=10.78 source_delta_ratio=0.4615
2026-07-30 04:45:41,972 - portable_sam_fusion - INFO - [DEBUG-GATE] epoch=24 step=6900 shape_dense_alpha_max=0.2868 shape_dense_alpha_mean=0.2868 shape_dense_alpha_min=0.2868
2026-07-30 04:45:41,972 - portable_sam_fusion - INFO - [DEBUG-JITTER] epoch=24 step=6900 area_ratio_count=64 area_ratio_mean=1 area_ratio_sum=64 fallback_count=0 mean_iou=1 num_jittered=0 num_rois=64
2026-07-30 04:45:41,972 - portable_sam_fusion - INFO - [DEBUG-SP] epoch=24 step=6900 all_invalid_count=0 all_invalid_ratio=0 empty_count=0 empty_ratio=0 full_count=0 full_ratio=0 mean_point_distance=24.92 n1_gt_valid_count=64 n1_in_gt_bg=0.6719 n1_in_gt_bg_count=43 n1_valid_count=64 n1_valid_ratio=1 n2_gt_valid_count=64 n2_in_gt_bg=1 n2_in_gt_bg_count=64 n2_valid_count=64 n2_valid_ratio=1 neg_in_pred_bg=1 neg_in_pred_bg_count=128 negative_pair_count=64 negative_pair_distance_sum=2390 p1_gt_valid_count=64 p1_in_gt_fg=1 p1_in_gt_fg_count=64 p1_valid_count=64 p1_valid_ratio=1 p2_gt_valid_count=64 p2_in_gt_fg=1 p2_in_gt_fg_count=64 p2_valid_count=64 p2_valid_ratio=1 point_distance_sum=3190 point_overlap_count=0 point_overlap_ratio=0 point_pair_count=128 pos_in_pred_fg=1 pos_in_pred_fg_count=128 positive_pair_count=64 positive_pair_distance_sum=799.8 roi_count=64 valid_neg_count=128 valid_pos_count=128 warmup_stage=2
2026-07-30 04:47:13,906 - portable_sam_fusion - INFO - [DEBUG-BOX] epoch=24 step=6950 fallback_count=0 fallback_ratio=0 num_rois=64 refined_proposal_iou=0 refined_proposal_iou_sum=0 refined_valid_count=0
2026-07-30 04:47:13,906 - portable_sam_fusion - INFO - [DEBUG-COARSE] epoch=24 step=6950 bce_raw=0.1479 boundary_fn=2074 boundary_fp=2342 boundary_loss_local_sum=22.69 boundary_tp=2.223e+04 dice=0.06208 dice_loss_raw=0.06208 iou=0.885 loss_support_foreground_sum=4.387e+04 loss_support_pixel_sum=7.21e+04 loss_valid_roi_count=61 loss_weight=0.1 raw_boundary_fn=2074 raw_boundary_fp=2342 raw_boundary_tp=2.223e+04 raw_dice_score=0.9379 raw_iou=0.885 refined_boundary_fn=2114 refined_boundary_fp=2449 refined_boundary_tp=2.225e+04 refined_dice_score=0.9355 refined_iou=0.8807 weighted_loss=0.021
2026-07-30 04:47:13,906 - portable_sam_fusion - INFO - [DEBUG-CONTEXT] epoch=24 step=6950 enabled=0
2026-07-30 04:47:13,906 - portable_sam_fusion - INFO - [DEBUG-DENSE] epoch=24 step=6950 applied_delta_norm=2.819 applied_delta_ratio=0.1207 base_norm=23.36 canvas_max=8 canvas_mean=0.01082 canvas_min=-8 canvas_nonzero_ratio=0.005111 canvas_std=0.3983 final_norm=23.49 residual_alpha=0.287 shape_norm=25.61 source_delta_norm=9.821 source_delta_ratio=0.4205
2026-07-30 04:47:13,906 - portable_sam_fusion - INFO - [DEBUG-GATE] epoch=24 step=6950 shape_dense_alpha_max=0.287 shape_dense_alpha_mean=0.287 shape_dense_alpha_min=0.287
2026-07-30 04:47:13,906 - portable_sam_fusion - INFO - [DEBUG-JITTER] epoch=24 step=6950 area_ratio_count=64 area_ratio_mean=1 area_ratio_sum=64 fallback_count=0 mean_iou=1 num_jittered=0 num_rois=64
2026-07-30 04:47:13,906 - portable_sam_fusion - INFO - [DEBUG-SP] epoch=24 step=6950 all_invalid_count=0 all_invalid_ratio=0 empty_count=0 empty_ratio=0 full_count=1 full_ratio=0.01562 mean_point_distance=24.78 n1_gt_valid_count=63 n1_in_gt_bg=0.8095 n1_in_gt_bg_count=51 n1_valid_count=63 n1_valid_ratio=0.9844 n2_gt_valid_count=63 n2_in_gt_bg=0.9365 n2_in_gt_bg_count=59 n2_valid_count=63 n2_valid_ratio=0.9844 neg_in_pred_bg=1 neg_in_pred_bg_count=126 negative_pair_count=63 negative_pair_distance_sum=2304 p1_gt_valid_count=64 p1_in_gt_fg=1 p1_in_gt_fg_count=64 p1_valid_count=64 p1_valid_ratio=1 p2_gt_valid_count=64 p2_in_gt_fg=1 p2_in_gt_fg_count=64 p2_valid_count=64 p2_valid_ratio=1 point_distance_sum=3146 point_overlap_count=0 point_overlap_ratio=0 point_pair_count=127 pos_in_pred_fg=1 pos_in_pred_fg_count=128 positive_pair_count=64 positive_pair_distance_sum=842.6 roi_count=64 valid_neg_count=126 valid_pos_count=128 warmup_stage=2
2026-07-30 04:47:21,716 - portable_sam_fusion - INFO - epoch 24 | mini-batch 192/294 | optimizer_step 1750/5920 | lr=4.073e-04
2026-07-30 04:48:46,326 - portable_sam_fusion - INFO - [DEBUG-BOX] epoch=24 step=7000 fallback_count=0 fallback_ratio=0 num_rois=64 refined_proposal_iou=0 refined_proposal_iou_sum=0 refined_valid_count=0
2026-07-30 04:48:46,326 - portable_sam_fusion - INFO - [DEBUG-COARSE] epoch=24 step=7000 bce_raw=0.1919 boundary_fn=2923 boundary_fp=3382 boundary_loss_local_sum=26.08 boundary_tp=2.125e+04 dice=0.06876 dice_loss_raw=0.06876 iou=0.8746 loss_support_foreground_sum=4.444e+04 loss_support_pixel_sum=7.536e+04 loss_valid_roi_count=62 loss_weight=0.1 raw_boundary_fn=2923 raw_boundary_fp=3382 raw_boundary_tp=2.125e+04 raw_dice_score=0.9312 raw_iou=0.8746 refined_boundary_fn=2816 refined_boundary_fp=3307 refined_boundary_tp=2.141e+04 refined_dice_score=0.9292 refined_iou=0.8711 weighted_loss=0.02606
2026-07-30 04:48:46,326 - portable_sam_fusion - INFO - [DEBUG-CONTEXT] epoch=24 step=7000 enabled=0
2026-07-30 04:48:46,326 - portable_sam_fusion - INFO - [DEBUG-DENSE] epoch=24 step=7000 applied_delta_norm=2.651 applied_delta_ratio=0.1135 base_norm=23.36 canvas_max=8 canvas_mean=0.01399 canvas_min=-8 canvas_nonzero_ratio=0.005016 canvas_std=0.3959 final_norm=23.5 residual_alpha=0.2872 shape_norm=25.45 source_delta_norm=9.228 source_delta_ratio=0.3951
2026-07-30 04:48:46,326 - portable_sam_fusion - INFO - [DEBUG-GATE] epoch=24 step=7000 shape_dense_alpha_max=0.2872 shape_dense_alpha_mean=0.2872 shape_dense_alpha_min=0.2872
2026-07-30 04:48:46,326 - portable_sam_fusion - INFO - [DEBUG-JITTER] epoch=24 step=7000 area_ratio_count=64 area_ratio_mean=1 area_ratio_sum=64 fallback_count=0 mean_iou=1 num_jittered=0 num_rois=64
2026-07-30 04:48:46,326 - portable_sam_fusion - INFO - [DEBUG-SP] epoch=24 step=7000 all_invalid_count=0 all_invalid_ratio=0 empty_count=0 empty_ratio=0 full_count=2 full_ratio=0.03125 mean_point_distance=20.14 n1_gt_valid_count=62 n1_in_gt_bg=0.9032 n1_in_gt_bg_count=56 n1_valid_count=62 n1_valid_ratio=0.9688 n2_gt_valid_count=62 n2_in_gt_bg=1 n2_in_gt_bg_count=62 n2_valid_count=62 n2_valid_ratio=0.9688 neg_in_pred_bg=1 neg_in_pred_bg_count=124 negative_pair_count=62 negative_pair_distance_sum=1795 p1_gt_valid_count=64 p1_in_gt_fg=1 p1_in_gt_fg_count=64 p1_valid_count=64 p1_valid_ratio=1 p2_gt_valid_count=64 p2_in_gt_fg=0.9844 p2_in_gt_fg_count=63 p2_valid_count=64 p2_valid_ratio=1 point_distance_sum=2537 point_overlap_count=0 point_overlap_ratio=0 point_pair_count=126 pos_in_pred_fg=1 pos_in_pred_fg_count=128 positive_pair_count=64 positive_pair_distance_sum=742 roi_count=64 valid_neg_count=124 valid_pos_count=128 warmup_stage=2
2026-07-30 04:50:12,591 - portable_sam_fusion - INFO - [DEBUG-BOX] epoch=24 step=7050 fallback_count=0 fallback_ratio=0 num_rois=64 refined_proposal_iou=0 refined_proposal_iou_sum=0 refined_valid_count=0
2026-07-30 04:50:12,591 - portable_sam_fusion - INFO - [DEBUG-COARSE] epoch=24 step=7050 bce_raw=0.163 boundary_fn=2341 boundary_fp=2189 boundary_loss_local_sum=19.84 boundary_tp=2.457e+04 dice=0.07193 dice_loss_raw=0.07193 iou=0.8676 loss_support_foreground_sum=3.522e+04 loss_support_pixel_sum=6.435e+04 loss_valid_roi_count=50 loss_weight=0.1 raw_boundary_fn=2341 raw_boundary_fp=2189 raw_boundary_tp=2.457e+04 raw_dice_score=0.9281 raw_iou=0.8676 refined_boundary_fn=2298 refined_boundary_fp=2273 refined_boundary_tp=2.47e+04 refined_dice_score=0.9269 refined_iou=0.8657 weighted_loss=0.0235
2026-07-30 04:50:12,591 - portable_sam_fusion - INFO - [DEBUG-CONTEXT] epoch=24 step=7050 enabled=0
2026-07-30 04:50:12,591 - portable_sam_fusion - INFO - [DEBUG-DENSE] epoch=24 step=7050 applied_delta_norm=4.079 applied_delta_ratio=0.1747 base_norm=23.36 canvas_max=8 canvas_mean=0.01084 canvas_min=-8 canvas_nonzero_ratio=0.009031 canvas_std=0.5254 final_norm=23.6 residual_alpha=0.2874 shape_norm=27.25 source_delta_norm=14.2 source_delta_ratio=0.6078
2026-07-30 04:50:12,591 - portable_sam_fusion - INFO - [DEBUG-GATE] epoch=24 step=7050 shape_dense_alpha_max=0.2874 shape_dense_alpha_mean=0.2874 shape_dense_alpha_min=0.2874
2026-07-30 04:50:12,591 - portable_sam_fusion - INFO - [DEBUG-JITTER] epoch=24 step=7050 area_ratio_count=64 area_ratio_mean=1 area_ratio_sum=64 fallback_count=0 mean_iou=1 num_jittered=0 num_rois=64
2026-07-30 04:50:12,591 - portable_sam_fusion - INFO - [DEBUG-SP] epoch=24 step=7050 all_invalid_count=0 all_invalid_ratio=0 empty_count=0 empty_ratio=0 full_count=0 full_ratio=0 mean_point_distance=34.29 n1_gt_valid_count=64 n1_in_gt_bg=0.8438 n1_in_gt_bg_count=54 n1_valid_count=64 n1_valid_ratio=1 n2_gt_valid_count=64 n2_in_gt_bg=1 n2_in_gt_bg_count=64 n2_valid_count=64 n2_valid_ratio=1 neg_in_pred_bg=1 neg_in_pred_bg_count=128 negative_pair_count=64 negative_pair_distance_sum=3173 p1_gt_valid_count=64 p1_in_gt_fg=1 p1_in_gt_fg_count=64 p1_valid_count=64 p1_valid_ratio=1 p2_gt_valid_count=64 p2_in_gt_fg=1 p2_in_gt_fg_count=64 p2_valid_count=64 p2_valid_ratio=1 point_distance_sum=4389 point_overlap_count=0 point_overlap_ratio=0 point_pair_count=128 pos_in_pred_fg=1 pos_in_pred_fg_count=128 positive_pair_count=64 positive_pair_distance_sum=1217 roi_count=64 valid_neg_count=128 valid_pos_count=128 warmup_stage=2
2026-07-30 04:50:24,373 - portable_sam_fusion - INFO - Epoch 24 detailed losses: loss_rpn_cls=0.0123, loss_rpn_bbox=0.0048, loss_cls=0.1778, acc=93.0477, loss_bbox=0.0713, loss_mask=0.0012, debug_mask_pos_rois=58.0714, debug_mask_logit_mean=-15.4246, debug_mask_logit_std=2.7066, debug_mask_prob_mean=0.0052, debug_mask_prob_ge05=0.0051, debug_mask_target_fill=0.0052, loss_shape_prior=0.0208, loss_p2_boundary_refiner=0.0185, schedule/det_weight=1.0000
2026-07-30 04:50:24,373 - portable_sam_fusion - INFO - Epoch 24 dense residual monitor: alpha=0.279832 source_delta_norm=12.7401 applied_delta_norm=3.5651 source_delta_ratio=0.545457 applied_delta_ratio=0.152638
2026-07-30 04:50:24,373 - portable_sam_fusion - INFO - Epoch 24 P2 boundary refiner: raw_dice=0.8278 refined_dice=0.8265 raw_iou=0.7733 refined_iou=0.7711 raw_boundary_f1=0.9073 refined_boundary_f1=0.9074
2026-07-30 04:50:24,373 - portable_sam_fusion - INFO - Epoch 24 P2 boundary support: valid=79.75% rejected=20.25% coverage=0.3445 delta_abs=0.108974 nonzero=34.45% saturated=7.61% p2_norm=56.1441 highpass_norm=3.7606 support_fg=56.75%
2026-07-30 04:50:24,373 - portable_sam_fusion - INFO - Epoch 24 primary loss shares: det=86.79% final_mask=0.41% shape=6.78% p2_boundary=6.03%
2026-07-30 04:50:24,373 - portable_sam_fusion - INFO - Epoch 24 schedule: det_loss_weight=1.000 early_stop_start=20 min_delta=0.0005
2026-07-30 04:50:24,373 - portable_sam_fusion - INFO - Epoch 24 learning rates: sat_backbone=4.05e-04, mask_decoder=4.05e-04, shape_prior=4.05e-04, p2_boundary_refiner=4.05e-04, quality_head=4.05e-04, sat_other=4.05e-04
2026-07-30 04:53:52,402 - portable_sam_fusion - INFO - Validation samples: GT=15926, DT=16288, avg_masks_per_image=25.98, avg_mask_fill=0.0053
creating index...
index created!
Loading and preparing results...
DONE (t=0.02s)
creating index...
index created!
Running per image evaluation...
Evaluate annotation type *bbox*
DONE (t=10.28s).
Accumulating evaluation results...
DONE (t=0.16s).
 Average Precision  (AP) @[ IoU=0.50:0.95 | area=   all | maxDets=100 ] = 0.698
 Average Precision  (AP) @[ IoU=0.50      | area=   all | maxDets=100 ] = 0.880
 Average Precision  (AP) @[ IoU=0.75      | area=   all | maxDets=100 ] = 0.809
 Average Precision  (AP) @[ IoU=0.50:0.95 | area= small | maxDets=100 ] = 0.301
 Average Precision  (AP) @[ IoU=0.50:0.95 | area=medium | maxDets=100 ] = 0.745
 Average Precision  (AP) @[ IoU=0.50:0.95 | area= large | maxDets=100 ] = 0.793
 Average Recall     (AR) @[ IoU=0.50:0.95 | area=   all | maxDets=  1 ] = 0.026
 Average Recall     (AR) @[ IoU=0.50:0.95 | area=   all | maxDets= 10 ] = 0.191
 Average Recall     (AR) @[ IoU=0.50:0.95 | area=   all | maxDets=100 ] = 0.745
 Average Recall     (AR) @[ IoU=0.50:0.95 | area= small | maxDets=100 ] = 0.381
 Average Recall     (AR) @[ IoU=0.50:0.95 | area=medium | maxDets=100 ] = 0.793
 Average Recall     (AR) @[ IoU=0.50:0.95 | area= large | maxDets=100 ] = 0.839
2026-07-30 04:54:03,040 - portable_sam_fusion - INFO - Validation bbox/mAP: 0.6979 bbox/mAP_75: 0.8086
Running per image evaluation...
Evaluate annotation type *segm*
DONE (t=10.53s).
Accumulating evaluation results...
DONE (t=0.17s).
 Average Precision  (AP) @[ IoU=0.50:0.95 | area=   all | maxDets=100 ] = 0.630
 Average Precision  (AP) @[ IoU=0.50      | area=   all | maxDets=100 ] = 0.881
 Average Precision  (AP) @[ IoU=0.75      | area=   all | maxDets=100 ] = 0.752
 Average Precision  (AP) @[ IoU=0.50:0.95 | area= small | maxDets=100 ] = 0.218
 Average Precision  (AP) @[ IoU=0.50:0.95 | area=medium | maxDets=100 ] = 0.659
 Average Precision  (AP) @[ IoU=0.50:0.95 | area= large | maxDets=100 ] = 0.786
 Average Recall     (AR) @[ IoU=0.50:0.95 | area=   all | maxDets=  1 ] = 0.025
 Average Recall     (AR) @[ IoU=0.50:0.95 | area=   all | maxDets= 10 ] = 0.180
 Average Recall     (AR) @[ IoU=0.50:0.95 | area=   all | maxDets=100 ] = 0.670
 Average Recall     (AR) @[ IoU=0.50:0.95 | area= small | maxDets=100 ] = 0.279
 Average Recall     (AR) @[ IoU=0.50:0.95 | area=medium | maxDets=100 ] = 0.700
 Average Recall     (AR) @[ IoU=0.50:0.95 | area= large | maxDets=100 ] = 0.830
2026-07-30 04:54:13,763 - portable_sam_fusion - INFO - Validation segm/mAP: 0.6301
2026-07-30 04:54:14,274 - portable_sam_fusion - INFO - New best bbox/mAP: 0.6979
2026-07-30 04:54:14,274 - portable_sam_fusion - INFO - Early-stop metric (segm/mAP): raw=0.6301 smooth(5)=0.6266 best=0.6321 counter=2
2026-07-30 04:54:16,781 - portable_sam_fusion - INFO - Saved best_bbox_model with bbox/mAP: 0.6979
2026-07-30 04:54:22,132 - portable_sam_fusion - INFO - Epoch 24/80 | train=0.306800 val=disabled segm/mAP=0.6301 bbox/mAP=0.6979 | best_segm=0.6480 best_bbox=0.6979 best_comp=0.0000 | sat_backbone=4.05e-04 mask_decoder=4.05e-04 shape_prior=4.05e-04 p2_boundary_refiner=4.05e-04 quality_head=4.05e-04 sat_other=4.05e-04
2026-07-30 04:55:36,590 - portable_sam_fusion - INFO - [DEBUG-BOX] epoch=25 step=7100 fallback_count=0 fallback_ratio=0 num_rois=64 refined_proposal_iou=0 refined_proposal_iou_sum=0 refined_valid_count=0
2026-07-30 04:55:36,590 - portable_sam_fusion - INFO - [DEBUG-COARSE] epoch=25 step=7100 bce_raw=0.1608 boundary_fn=2979 boundary_fp=2692 boundary_loss_local_sum=10.39 boundary_tp=2.582e+04 dice=0.09206 dice_loss_raw=0.09206 iou=0.8364 loss_support_foreground_sum=2.025e+04 loss_support_pixel_sum=4.035e+04 loss_valid_roi_count=30 loss_weight=0.1 raw_boundary_fn=2979 raw_boundary_fp=2692 raw_boundary_tp=2.582e+04 raw_dice_score=0.9079 raw_iou=0.8364 refined_boundary_fn=3019 refined_boundary_fp=2703 refined_boundary_tp=2.578e+04 refined_dice_score=0.9069 refined_iou=0.8348 weighted_loss=0.02528
2026-07-30 04:55:36,590 - portable_sam_fusion - INFO - [DEBUG-CONTEXT] epoch=25 step=7100 enabled=0
2026-07-30 04:55:36,590 - portable_sam_fusion - INFO - [DEBUG-DENSE] epoch=25 step=7100 applied_delta_norm=3.243 applied_delta_ratio=0.1388 base_norm=23.36 canvas_max=8 canvas_mean=-0.003366 canvas_min=-8 canvas_nonzero_ratio=0.006443 canvas_std=0.4702 final_norm=23.52 residual_alpha=0.2875 shape_norm=25.96 source_delta_norm=11.28 source_delta_ratio=0.4828
2026-07-30 04:55:36,590 - portable_sam_fusion - INFO - [DEBUG-GATE] epoch=25 step=7100 shape_dense_alpha_max=0.2875 shape_dense_alpha_mean=0.2875 shape_dense_alpha_min=0.2875
2026-07-30 04:55:36,590 - portable_sam_fusion - INFO - [DEBUG-JITTER] epoch=25 step=7100 area_ratio_count=64 area_ratio_mean=1 area_ratio_sum=64 fallback_count=0 mean_iou=1 num_jittered=0 num_rois=64
2026-07-30 04:55:36,590 - portable_sam_fusion - INFO - [DEBUG-SP] epoch=25 step=7100 all_invalid_count=0 all_invalid_ratio=0 empty_count=0 empty_ratio=0 full_count=0 full_ratio=0 mean_point_distance=30.5 n1_gt_valid_count=64 n1_in_gt_bg=0.9531 n1_in_gt_bg_count=61 n1_valid_count=64 n1_valid_ratio=1 n2_gt_valid_count=64 n2_in_gt_bg=1 n2_in_gt_bg_count=64 n2_valid_count=64 n2_valid_ratio=1 neg_in_pred_bg=1 neg_in_pred_bg_count=128 negative_pair_count=64 negative_pair_distance_sum=2939 p1_gt_valid_count=64 p1_in_gt_fg=0.9844 p1_in_gt_fg_count=63 p1_valid_count=64 p1_valid_ratio=1 p2_gt_valid_count=64 p2_in_gt_fg=1 p2_in_gt_fg_count=64 p2_valid_count=64 p2_valid_ratio=1 point_distance_sum=3904 point_overlap_count=0 point_overlap_ratio=0 point_pair_count=128 pos_in_pred_fg=1 pos_in_pred_fg_count=128 positive_pair_count=64 positive_pair_distance_sum=964.9 roi_count=64 valid_neg_count=128 valid_pos_count=128 warmup_stage=2
2026-07-30 04:57:06,848 - portable_sam_fusion - INFO - [DEBUG-BOX] epoch=25 step=7150 fallback_count=0 fallback_ratio=0 num_rois=64 refined_proposal_iou=0 refined_proposal_iou_sum=0 refined_valid_count=0
2026-07-30 04:57:06,849 - portable_sam_fusion - INFO - [DEBUG-COARSE] epoch=25 step=7150 bce_raw=0.178 boundary_fn=2406 boundary_fp=4233 boundary_loss_local_sum=23.89 boundary_tp=1.954e+04 dice=0.06593 dice_loss_raw=0.06593 iou=0.8799 loss_support_foreground_sum=4.673e+04 loss_support_pixel_sum=6.922e+04 loss_valid_roi_count=62 loss_weight=0.1 raw_boundary_fn=2406 raw_boundary_fp=4233 raw_boundary_tp=1.954e+04 raw_dice_score=0.9341 raw_iou=0.8799 refined_boundary_fn=2341 refined_boundary_fp=4346 refined_boundary_tp=1.98e+04 refined_dice_score=0.9323 refined_iou=0.8769 weighted_loss=0.0244
2026-07-30 04:57:06,849 - portable_sam_fusion - INFO - [DEBUG-CONTEXT] epoch=25 step=7150 enabled=0
2026-07-30 04:57:06,849 - portable_sam_fusion - INFO - [DEBUG-DENSE] epoch=25 step=7150 applied_delta_norm=4.363 applied_delta_ratio=0.1868 base_norm=23.36 canvas_max=8 canvas_mean=0.03242 canvas_min=-8 canvas_nonzero_ratio=0.01214 canvas_std=0.5392 final_norm=23.71 residual_alpha=0.2876 shape_norm=28.35 source_delta_norm=15.17 source_delta_ratio=0.6494
2026-07-30 04:57:06,849 - portable_sam_fusion - INFO - [DEBUG-GATE] epoch=25 step=7150 shape_dense_alpha_max=0.2876 shape_dense_alpha_mean=0.2876 shape_dense_alpha_min=0.2876
2026-07-30 04:57:06,849 - portable_sam_fusion - INFO - [DEBUG-JITTER] epoch=25 step=7150 area_ratio_count=64 area_ratio_mean=1 area_ratio_sum=64 fallback_count=0 mean_iou=1 num_jittered=0 num_rois=64
2026-07-30 04:57:06,849 - portable_sam_fusion - INFO - [DEBUG-SP] epoch=25 step=7150 all_invalid_count=0 all_invalid_ratio=0 empty_count=0 empty_ratio=0 full_count=3 full_ratio=0.04688 mean_point_distance=36.64 n1_gt_valid_count=61 n1_in_gt_bg=0.8197 n1_in_gt_bg_count=50 n1_valid_count=61 n1_valid_ratio=0.9531 n2_gt_valid_count=60 n2_in_gt_bg=0.9167 n2_in_gt_bg_count=55 n2_valid_count=60 n2_valid_ratio=0.9375 neg_in_pred_bg=1 neg_in_pred_bg_count=121 negative_pair_count=60 negative_pair_distance_sum=3410 p1_gt_valid_count=64 p1_in_gt_fg=1 p1_in_gt_fg_count=64 p1_valid_count=64 p1_valid_ratio=1 p2_gt_valid_count=64 p2_in_gt_fg=1 p2_in_gt_fg_count=64 p2_valid_count=64 p2_valid_ratio=1 point_distance_sum=4544 point_overlap_count=0 point_overlap_ratio=0 point_pair_count=124 pos_in_pred_fg=1 pos_in_pred_fg_count=128 positive_pair_count=64 positive_pair_distance_sum=1134 roi_count=64 valid_neg_count=121 valid_pos_count=128 warmup_stage=2
2026-07-30 04:57:08,882 - portable_sam_fusion - INFO - epoch 25 | mini-batch 96/294 | optimizer_step 1800/5920 | lr=4.020e-04
2026-07-30 04:58:36,109 - portable_sam_fusion - INFO - [DEBUG-BOX] epoch=25 step=7200 fallback_count=0 fallback_ratio=0 num_rois=64 refined_proposal_iou=0 refined_proposal_iou_sum=0 refined_valid_count=0
2026-07-30 04:58:36,109 - portable_sam_fusion - INFO - [DEBUG-COARSE] epoch=25 step=7200 bce_raw=0.12 boundary_fn=1683 boundary_fp=2106 boundary_loss_local_sum=20.09 boundary_tp=2.286e+04 dice=0.05713 dice_loss_raw=0.05713 iou=0.8933 loss_support_foreground_sum=4.549e+04 loss_support_pixel_sum=7.123e+04 loss_valid_roi_count=59 loss_weight=0.1 raw_boundary_fn=1683 raw_boundary_fp=2106 raw_boundary_tp=2.286e+04 raw_dice_score=0.9429 raw_iou=0.8933 refined_boundary_fn=1644 refined_boundary_fp=2154 refined_boundary_tp=2.294e+04 refined_dice_score=0.9414 refined_iou=0.8907 weighted_loss=0.01772
2026-07-30 04:58:36,109 - portable_sam_fusion - INFO - [DEBUG-CONTEXT] epoch=25 step=7200 enabled=0
2026-07-30 04:58:36,109 - portable_sam_fusion - INFO - [DEBUG-DENSE] epoch=25 step=7200 applied_delta_norm=5.216 applied_delta_ratio=0.2233 base_norm=23.36 canvas_max=8 canvas_mean=0.01288 canvas_min=-8 canvas_nonzero_ratio=0.03511 canvas_std=0.8626 final_norm=24.24 residual_alpha=0.2878 shape_norm=31.39 source_delta_norm=18.12 source_delta_ratio=0.776
2026-07-30 04:58:36,109 - portable_sam_fusion - INFO - [DEBUG-GATE] epoch=25 step=7200 shape_dense_alpha_max=0.2878 shape_dense_alpha_mean=0.2878 shape_dense_alpha_min=0.2878
2026-07-30 04:58:36,109 - portable_sam_fusion - INFO - [DEBUG-JITTER] epoch=25 step=7200 area_ratio_count=64 area_ratio_mean=1 area_ratio_sum=64 fallback_count=0 mean_iou=1 num_jittered=0 num_rois=64
2026-07-30 04:58:36,110 - portable_sam_fusion - INFO - [DEBUG-SP] epoch=25 step=7200 all_invalid_count=0 all_invalid_ratio=0 empty_count=0 empty_ratio=0 full_count=0 full_ratio=0 mean_point_distance=42.29 n1_gt_valid_count=64 n1_in_gt_bg=0.75 n1_in_gt_bg_count=48 n1_valid_count=64 n1_valid_ratio=1 n2_gt_valid_count=64 n2_in_gt_bg=1 n2_in_gt_bg_count=64 n2_valid_count=64 n2_valid_ratio=1 neg_in_pred_bg=1 neg_in_pred_bg_count=128 negative_pair_count=64 negative_pair_distance_sum=3825 p1_gt_valid_count=64 p1_in_gt_fg=1 p1_in_gt_fg_count=64 p1_valid_count=64 p1_valid_ratio=1 p2_gt_valid_count=64 p2_in_gt_fg=1 p2_in_gt_fg_count=64 p2_valid_count=64 p2_valid_ratio=1 point_distance_sum=5414 point_overlap_count=0 point_overlap_ratio=0 point_pair_count=128 pos_in_pred_fg=1 pos_in_pred_fg_count=128 positive_pair_count=64 positive_pair_distance_sum=1589 roi_count=64 valid_neg_count=128 valid_pos_count=128 warmup_stage=2
2026-07-30 05:00:07,704 - portable_sam_fusion - INFO - [DEBUG-BOX] epoch=25 step=7250 fallback_count=0 fallback_ratio=0 num_rois=64 refined_proposal_iou=0 refined_proposal_iou_sum=0 refined_valid_count=0
2026-07-30 05:00:07,704 - portable_sam_fusion - INFO - [DEBUG-COARSE] epoch=25 step=7250 bce_raw=0.1421 boundary_fn=2787 boundary_fp=2022 boundary_loss_local_sum=15.37 boundary_tp=2.505e+04 dice=0.07322 dice_loss_raw=0.07322 iou=0.865 loss_support_foreground_sum=3.584e+04 loss_support_pixel_sum=6.048e+04 loss_valid_roi_count=46 loss_weight=0.1 raw_boundary_fn=2787 raw_boundary_fp=2022 raw_boundary_tp=2.505e+04 raw_dice_score=0.9268 raw_iou=0.865 refined_boundary_fn=2775 refined_boundary_fp=2067 refined_boundary_tp=2.512e+04 refined_dice_score=0.9258 refined_iou=0.8634 weighted_loss=0.02153
2026-07-30 05:00:07,704 - portable_sam_fusion - INFO - [DEBUG-CONTEXT] epoch=25 step=7250 enabled=0
2026-07-30 05:00:07,704 - portable_sam_fusion - INFO - [DEBUG-DENSE] epoch=25 step=7250 applied_delta_norm=4.046 applied_delta_ratio=0.1732 base_norm=23.36 canvas_max=8 canvas_mean=0.0005844 canvas_min=-8 canvas_nonzero_ratio=0.009021 canvas_std=0.5603 final_norm=23.6 residual_alpha=0.288 shape_norm=27.18 source_delta_norm=14.05 source_delta_ratio=0.6014
2026-07-30 05:00:07,704 - portable_sam_fusion - INFO - [DEBUG-GATE] epoch=25 step=7250 shape_dense_alpha_max=0.288 shape_dense_alpha_mean=0.288 shape_dense_alpha_min=0.288
2026-07-30 05:00:07,704 - portable_sam_fusion - INFO - [DEBUG-JITTER] epoch=25 step=7250 area_ratio_count=64 area_ratio_mean=1 area_ratio_sum=64 fallback_count=0 mean_iou=1 num_jittered=0 num_rois=64
2026-07-30 05:00:07,704 - portable_sam_fusion - INFO - [DEBUG-SP] epoch=25 step=7250 all_invalid_count=0 all_invalid_ratio=0 empty_count=0 empty_ratio=0 full_count=0 full_ratio=0 mean_point_distance=36.43 n1_gt_valid_count=64 n1_in_gt_bg=0.875 n1_in_gt_bg_count=56 n1_valid_count=64 n1_valid_ratio=1 n2_gt_valid_count=64 n2_in_gt_bg=0.9844 n2_in_gt_bg_count=63 n2_valid_count=64 n2_valid_ratio=1 neg_in_pred_bg=1 neg_in_pred_bg_count=128 negative_pair_count=64 negative_pair_distance_sum=3384 p1_gt_valid_count=64 p1_in_gt_fg=1 p1_in_gt_fg_count=64 p1_valid_count=64 p1_valid_ratio=1 p2_gt_valid_count=64 p2_in_gt_fg=1 p2_in_gt_fg_count=64 p2_valid_count=64 p2_valid_ratio=1 point_distance_sum=4663 point_overlap_count=0 point_overlap_ratio=0 point_pair_count=128 pos_in_pred_fg=1 pos_in_pred_fg_count=128 positive_pair_count=64 positive_pair_distance_sum=1279 roi_count=64 valid_neg_count=128 valid_pos_count=128 warmup_stage=2
2026-07-30 05:01:29,479 - portable_sam_fusion - INFO - [DEBUG-BOX] epoch=25 step=7300 fallback_count=0 fallback_ratio=0 num_rois=64 refined_proposal_iou=0 refined_proposal_iou_sum=0 refined_valid_count=0
2026-07-30 05:01:29,480 - portable_sam_fusion - INFO - [DEBUG-COARSE] epoch=25 step=7300 bce_raw=0.131 boundary_fn=1746 boundary_fp=1820 boundary_loss_local_sum=10.23 boundary_tp=2.67e+04 dice=0.07941 dice_loss_raw=0.07941 iou=0.8554 loss_support_foreground_sum=2.35e+04 loss_support_pixel_sum=4.536e+04 loss_valid_roi_count=34 loss_weight=0.1 raw_boundary_fn=1746 raw_boundary_fp=1820 raw_boundary_tp=2.67e+04 raw_dice_score=0.9206 raw_iou=0.8554 refined_boundary_fn=1822 refined_boundary_fp=1905 refined_boundary_tp=2.665e+04 refined_dice_score=0.9194 refined_iou=0.8534 weighted_loss=0.02104
2026-07-30 05:01:29,480 - portable_sam_fusion - INFO - [DEBUG-CONTEXT] epoch=25 step=7300 enabled=0
2026-07-30 05:01:29,480 - portable_sam_fusion - INFO - [DEBUG-DENSE] epoch=25 step=7300 applied_delta_norm=3.651 applied_delta_ratio=0.1563 base_norm=23.36 canvas_max=8 canvas_mean=-0.008294 canvas_min=-8 canvas_nonzero_ratio=0.007879 canvas_std=0.5328 final_norm=23.57 residual_alpha=0.2881 shape_norm=26.64 source_delta_norm=12.67 source_delta_ratio=0.5426
2026-07-30 05:01:29,480 - portable_sam_fusion - INFO - [DEBUG-GATE] epoch=25 step=7300 shape_dense_alpha_max=0.2881 shape_dense_alpha_mean=0.2881 shape_dense_alpha_min=0.2881
2026-07-30 05:01:29,480 - portable_sam_fusion - INFO - [DEBUG-JITTER] epoch=25 step=7300 area_ratio_count=64 area_ratio_mean=1 area_ratio_sum=64 fallback_count=0 mean_iou=1 num_jittered=0 num_rois=64
2026-07-30 05:01:29,480 - portable_sam_fusion - INFO - [DEBUG-SP] epoch=25 step=7300 all_invalid_count=0 all_invalid_ratio=0 empty_count=0 empty_ratio=0 full_count=0 full_ratio=0 mean_point_distance=34.61 n1_gt_valid_count=64 n1_in_gt_bg=0.8438 n1_in_gt_bg_count=54 n1_valid_count=64 n1_valid_ratio=1 n2_gt_valid_count=64 n2_in_gt_bg=1 n2_in_gt_bg_count=64 n2_valid_count=64 n2_valid_ratio=1 neg_in_pred_bg=1 neg_in_pred_bg_count=128 negative_pair_count=64 negative_pair_distance_sum=3125 p1_gt_valid_count=64 p1_in_gt_fg=1 p1_in_gt_fg_count=64 p1_valid_count=64 p1_valid_ratio=1 p2_gt_valid_count=64 p2_in_gt_fg=1 p2_in_gt_fg_count=64 p2_valid_count=64 p2_valid_ratio=1 point_distance_sum=4430 point_overlap_count=0 point_overlap_ratio=0 point_pair_count=128 pos_in_pred_fg=1 pos_in_pred_fg_count=128 positive_pair_count=64 positive_pair_distance_sum=1305 roi_count=64 valid_neg_count=128 valid_pos_count=128 warmup_stage=2
2026-07-30 05:02:34,503 - portable_sam_fusion - INFO - [DEBUG-BOX] epoch=25 step=7350 fallback_count=0 fallback_ratio=0 num_rois=64 refined_proposal_iou=0 refined_proposal_iou_sum=0 refined_valid_count=0
2026-07-30 05:02:34,503 - portable_sam_fusion - INFO - [DEBUG-COARSE] epoch=25 step=7350 bce_raw=0.1442 boundary_fn=2440 boundary_fp=1897 boundary_loss_local_sum=16.63 boundary_tp=2.486e+04 dice=0.08002 dice_loss_raw=0.08002 iou=0.854 loss_support_foreground_sum=3.367e+04 loss_support_pixel_sum=6.602e+04 loss_valid_roi_count=50 loss_weight=0.1 raw_boundary_fn=2440 raw_boundary_fp=1897 raw_boundary_tp=2.486e+04 raw_dice_score=0.92 raw_iou=0.854 refined_boundary_fn=2366 refined_boundary_fp=1886 refined_boundary_tp=2.49e+04 refined_dice_score=0.9184 refined_iou=0.8514 weighted_loss=0.02242
2026-07-30 05:02:34,503 - portable_sam_fusion - INFO - [DEBUG-CONTEXT] epoch=25 step=7350 enabled=0
2026-07-30 05:02:34,503 - portable_sam_fusion - INFO - [DEBUG-DENSE] epoch=25 step=7350 applied_delta_norm=3.364 applied_delta_ratio=0.144 base_norm=23.36 canvas_max=8 canvas_mean=-0.004745 canvas_min=-8 canvas_nonzero_ratio=0.00685 canvas_std=0.5059 final_norm=23.54 residual_alpha=0.2883 shape_norm=26.2 source_delta_norm=11.67 source_delta_ratio=0.4996
2026-07-30 05:02:34,503 - portable_sam_fusion - INFO - [DEBUG-GATE] epoch=25 step=7350 shape_dense_alpha_max=0.2883 shape_dense_alpha_mean=0.2883 shape_dense_alpha_min=0.2883
2026-07-30 05:02:34,503 - portable_sam_fusion - INFO - [DEBUG-JITTER] epoch=25 step=7350 area_ratio_count=64 area_ratio_mean=1 area_ratio_sum=64 fallback_count=0 mean_iou=1 num_jittered=0 num_rois=64
2026-07-30 05:02:34,504 - portable_sam_fusion - INFO - [DEBUG-SP] epoch=25 step=7350 all_invalid_count=0 all_invalid_ratio=0 empty_count=0 empty_ratio=0 full_count=0 full_ratio=0 mean_point_distance=29.55 n1_gt_valid_count=64 n1_in_gt_bg=0.7969 n1_in_gt_bg_count=51 n1_valid_count=64 n1_valid_ratio=1 n2_gt_valid_count=64 n2_in_gt_bg=1 n2_in_gt_bg_count=64 n2_valid_count=64 n2_valid_ratio=1 neg_in_pred_bg=1 neg_in_pred_bg_count=128 negative_pair_count=64 negative_pair_distance_sum=2955 p1_gt_valid_count=64 p1_in_gt_fg=1 p1_in_gt_fg_count=64 p1_valid_count=64 p1_valid_ratio=1 p2_gt_valid_count=64 p2_in_gt_fg=1 p2_in_gt_fg_count=64 p2_valid_count=64 p2_valid_ratio=1 point_distance_sum=3782 point_overlap_count=0 point_overlap_ratio=0 point_pair_count=128 pos_in_pred_fg=1 pos_in_pred_fg_count=128 positive_pair_count=64 positive_pair_distance_sum=826.8 roi_count=64 valid_neg_count=128 valid_pos_count=128 warmup_stage=2
2026-07-30 05:02:35,378 - portable_sam_fusion - INFO - epoch 25 | mini-batch 294/294 | optimizer_step 1850/5920 | lr=3.966e-04
2026-07-30 05:02:35,381 - portable_sam_fusion - INFO - Epoch 25 detailed losses: loss_rpn_cls=0.0108, loss_rpn_bbox=0.0045, loss_cls=0.1639, acc=93.7029, loss_bbox=0.0659, loss_mask=0.0012, debug_mask_pos_rois=56.1020, debug_mask_logit_mean=-15.6641, debug_mask_logit_std=2.6493, debug_mask_prob_mean=0.0051, debug_mask_prob_ge05=0.0050, debug_mask_target_fill=0.0051, loss_shape_prior=0.0206, loss_p2_boundary_refiner=0.0174, schedule/det_weight=1.0000
2026-07-30 05:02:35,381 - portable_sam_fusion - INFO - Epoch 25 dense residual monitor: alpha=0.280765 source_delta_norm=12.6773 applied_delta_norm=3.5576 source_delta_ratio=0.542768 applied_delta_ratio=0.152317
2026-07-30 05:02:35,381 - portable_sam_fusion - INFO - Epoch 25 P2 boundary refiner: raw_dice=0.8277 refined_dice=0.8263 raw_iou=0.7725 refined_iou=0.7702 raw_boundary_f1=0.9050 refined_boundary_f1=0.9053
2026-07-30 05:02:35,381 - portable_sam_fusion - INFO - Epoch 25 P2 boundary support: valid=79.53% rejected=20.47% coverage=0.3432 delta_abs=0.109183 nonzero=34.32% saturated=7.79% p2_norm=55.2387 highpass_norm=3.8306 support_fg=56.92%
2026-07-30 05:02:35,381 - portable_sam_fusion - INFO - Epoch 25 primary loss shares: det=86.21% final_mask=0.43% shape=7.24% p2_boundary=6.11%
2026-07-30 05:02:35,381 - portable_sam_fusion - INFO - Epoch 25 schedule: det_loss_weight=1.000 early_stop_start=20 min_delta=0.0005
2026-07-30 05:02:35,381 - portable_sam_fusion - INFO - Epoch 25 learning rates: sat_backbone=3.97e-04, mask_decoder=3.97e-04, shape_prior=3.97e-04, p2_boundary_refiner=3.97e-04, quality_head=3.97e-04, sat_other=3.97e-04
2026-07-30 05:06:12,262 - portable_sam_fusion - INFO - Validation samples: GT=15926, DT=16763, avg_masks_per_image=26.74, avg_mask_fill=0.0051
creating index...
index created!
Loading and preparing results...
DONE (t=0.03s)
creating index...
index created!
Running per image evaluation...
Evaluate annotation type *bbox*
DONE (t=11.04s).
Accumulating evaluation results...
DONE (t=0.17s).
 Average Precision  (AP) @[ IoU=0.50:0.95 | area=   all | maxDets=100 ] = 0.706
 Average Precision  (AP) @[ IoU=0.50      | area=   all | maxDets=100 ] = 0.889
 Average Precision  (AP) @[ IoU=0.75      | area=   all | maxDets=100 ] = 0.818
 Average Precision  (AP) @[ IoU=0.50:0.95 | area= small | maxDets=100 ] = 0.323
 Average Precision  (AP) @[ IoU=0.50:0.95 | area=medium | maxDets=100 ] = 0.751
 Average Precision  (AP) @[ IoU=0.50:0.95 | area= large | maxDets=100 ] = 0.793
 Average Recall     (AR) @[ IoU=0.50:0.95 | area=   all | maxDets=  1 ] = 0.027
 Average Recall     (AR) @[ IoU=0.50:0.95 | area=   all | maxDets= 10 ] = 0.193
 Average Recall     (AR) @[ IoU=0.50:0.95 | area=   all | maxDets=100 ] = 0.753
 Average Recall     (AR) @[ IoU=0.50:0.95 | area= small | maxDets=100 ] = 0.418
 Average Recall     (AR) @[ IoU=0.50:0.95 | area=medium | maxDets=100 ] = 0.800
 Average Recall     (AR) @[ IoU=0.50:0.95 | area= large | maxDets=100 ] = 0.835
2026-07-30 05:06:23,720 - portable_sam_fusion - INFO - Validation bbox/mAP: 0.7064 bbox/mAP_75: 0.8183
Running per image evaluation...
Evaluate annotation type *segm*
DONE (t=10.73s).
Accumulating evaluation results...
DONE (t=0.17s).
 Average Precision  (AP) @[ IoU=0.50:0.95 | area=   all | maxDets=100 ] = 0.633
 Average Precision  (AP) @[ IoU=0.50      | area=   all | maxDets=100 ] = 0.890
 Average Precision  (AP) @[ IoU=0.75      | area=   all | maxDets=100 ] = 0.763
 Average Precision  (AP) @[ IoU=0.50:0.95 | area= small | maxDets=100 ] = 0.228
 Average Precision  (AP) @[ IoU=0.50:0.95 | area=medium | maxDets=100 ] = 0.660
 Average Precision  (AP) @[ IoU=0.50:0.95 | area= large | maxDets=100 ] = 0.786
 Average Recall     (AR) @[ IoU=0.50:0.95 | area=   all | maxDets=  1 ] = 0.025
 Average Recall     (AR) @[ IoU=0.50:0.95 | area=   all | maxDets= 10 ] = 0.181
 Average Recall     (AR) @[ IoU=0.50:0.95 | area=   all | maxDets=100 ] = 0.672
 Average Recall     (AR) @[ IoU=0.50:0.95 | area= small | maxDets=100 ] = 0.299
 Average Recall     (AR) @[ IoU=0.50:0.95 | area=medium | maxDets=100 ] = 0.702
 Average Recall     (AR) @[ IoU=0.50:0.95 | area= large | maxDets=100 ] = 0.822
2026-07-30 05:06:34,652 - portable_sam_fusion - INFO - Validation segm/mAP: 0.6328
2026-07-30 05:06:35,223 - portable_sam_fusion - INFO - New best bbox/mAP: 0.7064
2026-07-30 05:06:35,224 - portable_sam_fusion - INFO - Early-stop metric (segm/mAP): raw=0.6328 smooth(5)=0.6303 best=0.6321 counter=3
2026-07-30 05:06:37,914 - portable_sam_fusion - INFO - Saved best_bbox_model with bbox/mAP: 0.7064
2026-07-30 05:06:43,584 - portable_sam_fusion - INFO - Epoch 25/80 | train=0.284343 val=disabled segm/mAP=0.6328 bbox/mAP=0.7064 | best_segm=0.6480 best_bbox=0.7064 best_comp=0.0000 | sat_backbone=3.97e-04 mask_decoder=3.97e-04 shape_prior=3.97e-04 p2_boundary_refiner=3.97e-04 quality_head=3.97e-04 sat_other=3.97e-04
2026-07-30 05:08:18,591 - portable_sam_fusion - INFO - [DEBUG-BOX] epoch=26 step=7400 fallback_count=0 fallback_ratio=0 num_rois=0 refined_proposal_iou=0 refined_proposal_iou_sum=0 refined_valid_count=0
2026-07-30 05:08:18,591 - portable_sam_fusion - INFO - [DEBUG-COARSE] epoch=26 step=7400 boundary_fn=0 boundary_fp=0 boundary_tp=0 dice=0 iou=0
2026-07-30 05:08:18,591 - portable_sam_fusion - INFO - [DEBUG-CONTEXT] epoch=26 step=7400 enabled=0
2026-07-30 05:08:18,591 - portable_sam_fusion - INFO - [DEBUG-DENSE] epoch=26 step=7400 applied_delta_norm=3.909 applied_delta_ratio=0.1674 base_norm=23.36 canvas_max=8 canvas_mean=-0.003369 canvas_min=-8 canvas_nonzero_ratio=0.008684 canvas_std=0.5395 final_norm=23.59 residual_alpha=0.2885 shape_norm=26.97 source_delta_norm=13.55 source_delta_ratio=0.5802
2026-07-30 05:08:18,591 - portable_sam_fusion - INFO - [DEBUG-GATE] epoch=26 step=7400 shape_dense_alpha_max=0.2885 shape_dense_alpha_mean=0.2885 shape_dense_alpha_min=0.2885
2026-07-30 05:08:18,591 - portable_sam_fusion - INFO - [DEBUG-JITTER] epoch=26 step=7400 area_ratio_count=0 area_ratio_mean=0 area_ratio_sum=0 fallback_count=0 mean_iou=0 num_jittered=0 num_rois=0
2026-07-30 05:08:18,591 - portable_sam_fusion - INFO - [DEBUG-SP] epoch=26 step=7400 all_invalid_count=0 all_invalid_ratio=0 empty_count=0 empty_ratio=0 full_count=0 full_ratio=0 mean_point_distance=32.89 n1_gt_valid_count=64 n1_in_gt_bg=0.9062 n1_in_gt_bg_count=58 n1_valid_count=64 n1_valid_ratio=1 n2_gt_valid_count=64 n2_in_gt_bg=1 n2_in_gt_bg_count=64 n2_valid_count=64 n2_valid_ratio=1 neg_in_pred_bg=1 neg_in_pred_bg_count=128 negative_pair_count=64 negative_pair_distance_sum=3053 p1_gt_valid_count=64 p1_in_gt_fg=1 p1_in_gt_fg_count=64 p1_valid_count=64 p1_valid_ratio=1 p2_gt_valid_count=64 p2_in_gt_fg=1 p2_in_gt_fg_count=64 p2_valid_count=64 p2_valid_ratio=1 point_distance_sum=4210 point_overlap_count=0 point_overlap_ratio=0 point_pair_count=128 pos_in_pred_fg=1 pos_in_pred_fg_count=128 positive_pair_count=64 positive_pair_distance_sum=1157 roi_count=64 valid_neg_count=128 valid_pos_count=128 warmup_stage=2
2026-07-30 05:09:47,192 - portable_sam_fusion - INFO - [DEBUG-BOX] epoch=26 step=7450 fallback_count=0 fallback_ratio=0 num_rois=64 refined_proposal_iou=0 refined_proposal_iou_sum=0 refined_valid_count=0
2026-07-30 05:09:47,192 - portable_sam_fusion - INFO - [DEBUG-COARSE] epoch=26 step=7450 bce_raw=0.1235 boundary_fn=1847 boundary_fp=1640 boundary_loss_local_sum=11.75 boundary_tp=2.625e+04 dice=0.07793 dice_loss_raw=0.07793 iou=0.8569 loss_support_foreground_sum=2.601e+04 loss_support_pixel_sum=5.271e+04 loss_valid_roi_count=39 loss_weight=0.1 raw_boundary_fn=1847 raw_boundary_fp=1640 raw_boundary_tp=2.625e+04 raw_dice_score=0.9221 raw_iou=0.8569 refined_boundary_fn=1857 refined_boundary_fp=1658 refined_boundary_tp=2.626e+04 refined_dice_score=0.9202 refined_iou=0.8538 weighted_loss=0.02015
2026-07-30 05:09:47,192 - portable_sam_fusion - INFO - [DEBUG-CONTEXT] epoch=26 step=7450 enabled=0
2026-07-30 05:09:47,192 - portable_sam_fusion - INFO - [DEBUG-DENSE] epoch=26 step=7450 applied_delta_norm=3.218 applied_delta_ratio=0.1378 base_norm=23.36 canvas_max=8 canvas_mean=-0.00594 canvas_min=-8 canvas_nonzero_ratio=0.006146 canvas_std=0.475 final_norm=23.51 residual_alpha=0.2889 shape_norm=25.87 source_delta_norm=11.14 source_delta_ratio=0.4769
2026-07-30 05:09:47,192 - portable_sam_fusion - INFO - [DEBUG-GATE] epoch=26 step=7450 shape_dense_alpha_max=0.2889 shape_dense_alpha_mean=0.2889 shape_dense_alpha_min=0.2889
2026-07-30 05:09:47,192 - portable_sam_fusion - INFO - [DEBUG-JITTER] epoch=26 step=7450 area_ratio_count=64 area_ratio_mean=1 area_ratio_sum=64 fallback_count=0 mean_iou=1 num_jittered=0 num_rois=64
2026-07-30 05:09:47,192 - portable_sam_fusion - INFO - [DEBUG-SP] epoch=26 step=7450 all_invalid_count=0 all_invalid_ratio=0 empty_count=0 empty_ratio=0 full_count=0 full_ratio=0 mean_point_distance=29.38 n1_gt_valid_count=64 n1_in_gt_bg=0.9375 n1_in_gt_bg_count=60 n1_valid_count=64 n1_valid_ratio=1 n2_gt_valid_count=64 n2_in_gt_bg=1 n2_in_gt_bg_count=64 n2_valid_count=64 n2_valid_ratio=1 neg_in_pred_bg=1 neg_in_pred_bg_count=128 negative_pair_count=64 negative_pair_distance_sum=2848 p1_gt_valid_count=64 p1_in_gt_fg=1 p1_in_gt_fg_count=64 p1_valid_count=64 p1_valid_ratio=1 p2_gt_valid_count=64 p2_in_gt_fg=1 p2_in_gt_fg_count=64 p2_valid_count=64 p2_valid_ratio=1 point_distance_sum=3761 point_overlap_count=0 point_overlap_ratio=0 point_pair_count=128 pos_in_pred_fg=1 pos_in_pred_fg_count=128 positive_pair_count=64 positive_pair_distance_sum=913.5 roi_count=64 valid_neg_count=128 valid_pos_count=128 warmup_stage=2
2026-07-30 05:11:23,701 - portable_sam_fusion - INFO - [DEBUG-BOX] epoch=26 step=7500 fallback_count=0 fallback_ratio=0 num_rois=64 refined_proposal_iou=0 refined_proposal_iou_sum=0 refined_valid_count=0
2026-07-30 05:11:23,702 - portable_sam_fusion - INFO - [DEBUG-COARSE] epoch=26 step=7500 bce_raw=0.1145 boundary_fn=1604 boundary_fp=1993 boundary_loss_local_sum=9.751 boundary_tp=2.696e+04 dice=0.07532 dice_loss_raw=0.07532 iou=0.8634 loss_support_foreground_sum=2.394e+04 loss_support_pixel_sum=4.512e+04 loss_valid_roi_count=33 loss_weight=0.1 raw_boundary_fn=1604 raw_boundary_fp=1993 raw_boundary_tp=2.696e+04 raw_dice_score=0.9247 raw_iou=0.8634 refined_boundary_fn=1644 refined_boundary_fp=1984 refined_boundary_tp=2.694e+04 refined_dice_score=0.923 refined_iou=0.8607 weighted_loss=0.01898
2026-07-30 05:11:23,702 - portable_sam_fusion - INFO - [DEBUG-CONTEXT] epoch=26 step=7500 enabled=0
2026-07-30 05:11:23,702 - portable_sam_fusion - INFO - [DEBUG-DENSE] epoch=26 step=7500 applied_delta_norm=3.163 applied_delta_ratio=0.1354 base_norm=23.36 canvas_max=8 canvas_mean=-0.003084 canvas_min=-8 canvas_nonzero_ratio=0.005895 canvas_std=0.4709 final_norm=23.51 residual_alpha=0.2895 shape_norm=25.82 source_delta_norm=10.93 source_delta_ratio=0.4678
2026-07-30 05:11:23,702 - portable_sam_fusion - INFO - [DEBUG-GATE] epoch=26 step=7500 shape_dense_alpha_max=0.2895 shape_dense_alpha_mean=0.2895 shape_dense_alpha_min=0.2895
2026-07-30 05:11:23,702 - portable_sam_fusion - INFO - [DEBUG-JITTER] epoch=26 step=7500 area_ratio_count=64 area_ratio_mean=1 area_ratio_sum=64 fallback_count=0 mean_iou=1 num_jittered=0 num_rois=64
2026-07-30 05:11:23,702 - portable_sam_fusion - INFO - [DEBUG-SP] epoch=26 step=7500 all_invalid_count=0 all_invalid_ratio=0 empty_count=0 empty_ratio=0 full_count=0 full_ratio=0 mean_point_distance=28.8 n1_gt_valid_count=64 n1_in_gt_bg=0.9688 n1_in_gt_bg_count=62 n1_valid_count=64 n1_valid_ratio=1 n2_gt_valid_count=64 n2_in_gt_bg=1 n2_in_gt_bg_count=64 n2_valid_count=64 n2_valid_ratio=1 neg_in_pred_bg=1 neg_in_pred_bg_count=128 negative_pair_count=64 negative_pair_distance_sum=2904 p1_gt_valid_count=64 p1_in_gt_fg=1 p1_in_gt_fg_count=64 p1_valid_count=64 p1_valid_ratio=1 p2_gt_valid_count=64 p2_in_gt_fg=1 p2_in_gt_fg_count=64 p2_valid_count=64 p2_valid_ratio=1 point_distance_sum=3687 point_overlap_count=0 point_overlap_ratio=0 point_pair_count=128 pos_in_pred_fg=1 pos_in_pred_fg_count=128 positive_pair_count=64 positive_pair_distance_sum=782.5 roi_count=64 valid_neg_count=128 valid_pos_count=128 warmup_stage=2
2026-07-30 05:12:37,333 - portable_sam_fusion - INFO - [DEBUG-BOX] epoch=26 step=7550 fallback_count=0 fallback_ratio=0 num_rois=64 refined_proposal_iou=0 refined_proposal_iou_sum=0 refined_valid_count=0
2026-07-30 05:12:37,334 - portable_sam_fusion - INFO - [DEBUG-COARSE] epoch=26 step=7550 bce_raw=0.172 boundary_fn=2695 boundary_fp=2981 boundary_loss_local_sum=23.55 boundary_tp=2.341e+04 dice=0.07063 dice_loss_raw=0.07063 iou=0.8696 loss_support_foreground_sum=4.565e+04 loss_support_pixel_sum=7.673e+04 loss_valid_roi_count=59 loss_weight=0.1 raw_boundary_fn=2695 raw_boundary_fp=2981 raw_boundary_tp=2.341e+04 raw_dice_score=0.9294 raw_iou=0.8696 refined_boundary_fn=2748 refined_boundary_fp=3051 refined_boundary_tp=2.335e+04 refined_dice_score=0.9273 refined_iou=0.866 weighted_loss=0.02427
2026-07-30 05:12:37,334 - portable_sam_fusion - INFO - [DEBUG-CONTEXT] epoch=26 step=7550 enabled=0
2026-07-30 05:12:37,334 - portable_sam_fusion - INFO - [DEBUG-DENSE] epoch=26 step=7550 applied_delta_norm=2.962 applied_delta_ratio=0.1268 base_norm=23.36 canvas_max=8 canvas_mean=0.008717 canvas_min=-8 canvas_nonzero_ratio=0.004874 canvas_std=0.4035 final_norm=23.49 residual_alpha=0.2902 shape_norm=25.5 source_delta_norm=10.2 source_delta_ratio=0.4369
2026-07-30 05:12:37,334 - portable_sam_fusion - INFO - [DEBUG-GATE] epoch=26 step=7550 shape_dense_alpha_max=0.2902 shape_dense_alpha_mean=0.2902 shape_dense_alpha_min=0.2902
2026-07-30 05:12:37,334 - portable_sam_fusion - INFO - [DEBUG-JITTER] epoch=26 step=7550 area_ratio_count=64 area_ratio_mean=1 area_ratio_sum=64 fallback_count=0 mean_iou=1 num_jittered=0 num_rois=64
2026-07-30 05:12:37,334 - portable_sam_fusion - INFO - [DEBUG-SP] epoch=26 step=7550 all_invalid_count=0 all_invalid_ratio=0 empty_count=0 empty_ratio=0 full_count=0 full_ratio=0 mean_point_distance=25.67 n1_gt_valid_count=64 n1_in_gt_bg=0.8281 n1_in_gt_bg_count=53 n1_valid_count=64 n1_valid_ratio=1 n2_gt_valid_count=64 n2_in_gt_bg=0.9844 n2_in_gt_bg_count=63 n2_valid_count=64 n2_valid_ratio=1 neg_in_pred_bg=1 neg_in_pred_bg_count=128 negative_pair_count=64 negative_pair_distance_sum=2495 p1_gt_valid_count=64 p1_in_gt_fg=1 p1_in_gt_fg_count=64 p1_valid_count=64 p1_valid_ratio=1 p2_gt_valid_count=64 p2_in_gt_fg=1 p2_in_gt_fg_count=64 p2_valid_count=64 p2_valid_ratio=1 point_distance_sum=3286 point_overlap_count=0 point_overlap_ratio=0 point_pair_count=128 pos_in_pred_fg=1 pos_in_pred_fg_count=128 positive_pair_count=64 positive_pair_distance_sum=790.8 roi_count=64 valid_neg_count=128 valid_pos_count=128 warmup_stage=2
2026-07-30 05:12:37,720 - portable_sam_fusion - INFO - epoch 26 | mini-batch 200/294 | optimizer_step 1900/5920 | lr=3.911e-04
2026-07-30 05:13:44,886 - portable_sam_fusion - INFO - [DEBUG-BOX] epoch=26 step=7600 fallback_count=0 fallback_ratio=0 num_rois=64 refined_proposal_iou=0 refined_proposal_iou_sum=0 refined_valid_count=0
2026-07-30 05:13:44,886 - portable_sam_fusion - INFO - [DEBUG-COARSE] epoch=26 step=7600 bce_raw=0.1631 boundary_fn=3039 boundary_fp=2441 boundary_loss_local_sum=15.98 boundary_tp=2.525e+04 dice=0.09137 dice_loss_raw=0.09137 iou=0.8349 loss_support_foreground_sum=2.93e+04 loss_support_pixel_sum=5.929e+04 loss_valid_roi_count=44 loss_weight=0.1 raw_boundary_fn=3039 raw_boundary_fp=2441 raw_boundary_tp=2.525e+04 raw_dice_score=0.9086 raw_iou=0.8349 refined_boundary_fn=3049 refined_boundary_fp=2407 refined_boundary_tp=2.526e+04 refined_dice_score=0.9062 refined_iou=0.8309 weighted_loss=0.02544
2026-07-30 05:13:44,886 - portable_sam_fusion - INFO - [DEBUG-CONTEXT] epoch=26 step=7600 enabled=0
2026-07-30 05:13:44,886 - portable_sam_fusion - INFO - [DEBUG-DENSE] epoch=26 step=7600 applied_delta_norm=3.423 applied_delta_ratio=0.1465 base_norm=23.36 canvas_max=8 canvas_mean=-0.009251 canvas_min=-8 canvas_nonzero_ratio=0.008708 canvas_std=0.518 final_norm=23.59 residual_alpha=0.2908 shape_norm=26.56 source_delta_norm=11.77 source_delta_ratio=0.504
2026-07-30 05:13:44,886 - portable_sam_fusion - INFO - [DEBUG-GATE] epoch=26 step=7600 shape_dense_alpha_max=0.2908 shape_dense_alpha_mean=0.2908 shape_dense_alpha_min=0.2908
2026-07-30 05:13:44,886 - portable_sam_fusion - INFO - [DEBUG-JITTER] epoch=26 step=7600 area_ratio_count=64 area_ratio_mean=1 area_ratio_sum=64 fallback_count=0 mean_iou=1 num_jittered=0 num_rois=64
2026-07-30 05:13:44,886 - portable_sam_fusion - INFO - [DEBUG-SP] epoch=26 step=7600 all_invalid_count=0 all_invalid_ratio=0 empty_count=0 empty_ratio=0 full_count=0 full_ratio=0 mean_point_distance=32.15 n1_gt_valid_count=64 n1_in_gt_bg=0.9375 n1_in_gt_bg_count=60 n1_valid_count=64 n1_valid_ratio=1 n2_gt_valid_count=64 n2_in_gt_bg=1 n2_in_gt_bg_count=64 n2_valid_count=64 n2_valid_ratio=1 neg_in_pred_bg=1 neg_in_pred_bg_count=128 negative_pair_count=64 negative_pair_distance_sum=2952 p1_gt_valid_count=64 p1_in_gt_fg=1 p1_in_gt_fg_count=64 p1_valid_count=64 p1_valid_ratio=1 p2_gt_valid_count=64 p2_in_gt_fg=1 p2_in_gt_fg_count=64 p2_valid_count=64 p2_valid_ratio=1 point_distance_sum=4115 point_overlap_count=0 point_overlap_ratio=0 point_pair_count=128 pos_in_pred_fg=1 pos_in_pred_fg_count=128 positive_pair_count=64 positive_pair_distance_sum=1163 roi_count=64 valid_neg_count=128 valid_pos_count=128 warmup_stage=2
2026-07-30 05:14:46,893 - portable_sam_fusion - INFO - Epoch 26 detailed losses: loss_rpn_cls=0.0124, loss_rpn_bbox=0.0047, loss_cls=0.1702, acc=93.4148, loss_bbox=0.0668, loss_mask=0.0016, debug_mask_pos_rois=57.2041, debug_mask_logit_mean=-14.4800, debug_mask_logit_std=2.6279, debug_mask_prob_mean=0.0054, debug_mask_prob_ge05=0.0053, debug_mask_target_fill=0.0054, loss_shape_prior=0.0205, loss_p2_boundary_refiner=0.0182, schedule/det_weight=1.0000
2026-07-30 05:14:46,893 - portable_sam_fusion - INFO - Epoch 26 dense residual monitor: alpha=0.282260 source_delta_norm=12.9483 applied_delta_norm=3.6556 source_delta_ratio=0.554369 applied_delta_ratio=0.156511
2026-07-30 05:14:46,893 - portable_sam_fusion - INFO - Epoch 26 P2 boundary refiner: raw_dice=0.8281 refined_dice=0.8269 raw_iou=0.7729 refined_iou=0.7708 raw_boundary_f1=0.9067 refined_boundary_f1=0.9072
2026-07-30 05:14:46,893 - portable_sam_fusion - INFO - Epoch 26 P2 boundary support: valid=79.26% rejected=20.74% coverage=0.3426 delta_abs=0.109792 nonzero=34.26% saturated=8.18% p2_norm=54.7858 highpass_norm=3.9067 support_fg=56.69%
2026-07-30 05:14:46,893 - portable_sam_fusion - INFO - Epoch 26 primary loss shares: det=86.31% final_mask=0.54% shape=6.96% p2_boundary=6.18%
2026-07-30 05:14:46,893 - portable_sam_fusion - INFO - Epoch 26 schedule: det_loss_weight=1.000 early_stop_start=20 min_delta=0.0005
2026-07-30 05:14:46,893 - portable_sam_fusion - INFO - Epoch 26 learning rates: sat_backbone=3.88e-04, mask_decoder=3.88e-04, shape_prior=3.88e-04, p2_boundary_refiner=3.88e-04, quality_head=3.88e-04, sat_other=3.88e-04
2026-07-30 05:18:35,109 - portable_sam_fusion - INFO - Validation samples: GT=15926, DT=18272, avg_masks_per_image=29.14, avg_mask_fill=0.0053
creating index...
index created!
Loading and preparing results...
DONE (t=0.02s)
creating index...
index created!
Running per image evaluation...
Evaluate annotation type *bbox*
DONE (t=10.83s).
Accumulating evaluation results...
DONE (t=0.19s).
 Average Precision  (AP) @[ IoU=0.50:0.95 | area=   all | maxDets=100 ] = 0.675
 Average Precision  (AP) @[ IoU=0.50      | area=   all | maxDets=100 ] = 0.890
 Average Precision  (AP) @[ IoU=0.75      | area=   all | maxDets=100 ] = 0.806
 Average Precision  (AP) @[ IoU=0.50:0.95 | area= small | maxDets=100 ] = 0.294
 Average Precision  (AP) @[ IoU=0.50:0.95 | area=medium | maxDets=100 ] = 0.710
 Average Precision  (AP) @[ IoU=0.50:0.95 | area= large | maxDets=100 ] = 0.770
 Average Recall     (AR) @[ IoU=0.50:0.95 | area=   all | maxDets=  1 ] = 0.025
 Average Recall     (AR) @[ IoU=0.50:0.95 | area=   all | maxDets= 10 ] = 0.187
 Average Recall     (AR) @[ IoU=0.50:0.95 | area=   all | maxDets=100 ] = 0.730
 Average Recall     (AR) @[ IoU=0.50:0.95 | area= small | maxDets=100 ] = 0.420
 Average Recall     (AR) @[ IoU=0.50:0.95 | area=medium | maxDets=100 ] = 0.764
 Average Recall     (AR) @[ IoU=0.50:0.95 | area= large | maxDets=100 ] = 0.829
2026-07-30 05:18:46,341 - portable_sam_fusion - INFO - Validation bbox/mAP: 0.6747 bbox/mAP_75: 0.8058
Running per image evaluation...
Evaluate annotation type *segm*
DONE (t=11.06s).
Accumulating evaluation results...
DONE (t=0.18s).
 Average Precision  (AP) @[ IoU=0.50:0.95 | area=   all | maxDets=100 ] = 0.626
 Average Precision  (AP) @[ IoU=0.50      | area=   all | maxDets=100 ] = 0.891
 Average Precision  (AP) @[ IoU=0.75      | area=   all | maxDets=100 ] = 0.744
 Average Precision  (AP) @[ IoU=0.50:0.95 | area= small | maxDets=100 ] = 0.211
 Average Precision  (AP) @[ IoU=0.50:0.95 | area=medium | maxDets=100 ] = 0.654
 Average Precision  (AP) @[ IoU=0.50:0.95 | area= large | maxDets=100 ] = 0.771
 Average Recall     (AR) @[ IoU=0.50:0.95 | area=   all | maxDets=  1 ] = 0.025
 Average Recall     (AR) @[ IoU=0.50:0.95 | area=   all | maxDets= 10 ] = 0.181
 Average Recall     (AR) @[ IoU=0.50:0.95 | area=   all | maxDets=100 ] = 0.672
 Average Recall     (AR) @[ IoU=0.50:0.95 | area= small | maxDets=100 ] = 0.305
 Average Recall     (AR) @[ IoU=0.50:0.95 | area=medium | maxDets=100 ] = 0.699
 Average Recall     (AR) @[ IoU=0.50:0.95 | area= large | maxDets=100 ] = 0.824
2026-07-30 05:18:57,620 - portable_sam_fusion - INFO - Validation segm/mAP: 0.6258
2026-07-30 05:18:58,133 - portable_sam_fusion - INFO - Early-stop metric (segm/mAP): raw=0.6258 smooth(5)=0.6274 best=0.6321 counter=4
2026-07-30 05:19:03,608 - portable_sam_fusion - INFO - Epoch 26/80 | train=0.294333 val=disabled segm/mAP=0.6258 bbox/mAP=0.6747 | best_segm=0.6480 best_bbox=0.7064 best_comp=0.0000 | sat_backbone=3.88e-04 mask_decoder=3.88e-04 shape_prior=3.88e-04 p2_boundary_refiner=3.88e-04 quality_head=3.88e-04 sat_other=3.88e-04
2026-07-30 05:19:18,787 - portable_sam_fusion - INFO - [DEBUG-BOX] epoch=27 step=7650 fallback_count=0 fallback_ratio=0 num_rois=64 refined_proposal_iou=0 refined_proposal_iou_sum=0 refined_valid_count=0
2026-07-30 05:19:18,787 - portable_sam_fusion - INFO - [DEBUG-COARSE] epoch=27 step=7650 bce_raw=0.1075 boundary_fn=1662 boundary_fp=1088 boundary_loss_local_sum=15.51 boundary_tp=2.536e+04 dice=0.06367 dice_loss_raw=0.06367 iou=0.8823 loss_support_foreground_sum=3.634e+04 loss_support_pixel_sum=6.786e+04 loss_valid_roi_count=52 loss_weight=0.1 raw_boundary_fn=1662 raw_boundary_fp=1088 raw_boundary_tp=2.536e+04 raw_dice_score=0.9363 raw_iou=0.8823 refined_boundary_fn=1631 refined_boundary_fp=1054 refined_boundary_tp=2.542e+04 refined_dice_score=0.9345 refined_iou=0.8793 weighted_loss=0.01711
2026-07-30 05:19:18,787 - portable_sam_fusion - INFO - [DEBUG-CONTEXT] epoch=27 step=7650 enabled=0
2026-07-30 05:19:18,787 - portable_sam_fusion - INFO - [DEBUG-DENSE] epoch=27 step=7650 applied_delta_norm=3.24 applied_delta_ratio=0.1387 base_norm=23.36 canvas_max=8 canvas_mean=-0.0001817 canvas_min=-8 canvas_nonzero_ratio=0.005937 canvas_std=0.4816 final_norm=23.51 residual_alpha=0.2911 shape_norm=25.87 source_delta_norm=11.13 source_delta_ratio=0.4766
2026-07-30 05:19:18,787 - portable_sam_fusion - INFO - [DEBUG-GATE] epoch=27 step=7650 shape_dense_alpha_max=0.2911 shape_dense_alpha_mean=0.2911 shape_dense_alpha_min=0.2911
2026-07-30 05:19:18,787 - portable_sam_fusion - INFO - [DEBUG-JITTER] epoch=27 step=7650 area_ratio_count=64 area_ratio_mean=1 area_ratio_sum=64 fallback_count=0 mean_iou=1 num_jittered=0 num_rois=64
2026-07-30 05:19:18,787 - portable_sam_fusion - INFO - [DEBUG-SP] epoch=27 step=7650 all_invalid_count=0 all_invalid_ratio=0 empty_count=0 empty_ratio=0 full_count=0 full_ratio=0 mean_point_distance=31.36 n1_gt_valid_count=64 n1_in_gt_bg=0.9219 n1_in_gt_bg_count=59 n1_valid_count=64 n1_valid_ratio=1 n2_gt_valid_count=64 n2_in_gt_bg=1 n2_in_gt_bg_count=64 n2_valid_count=64 n2_valid_ratio=1 neg_in_pred_bg=1 neg_in_pred_bg_count=128 negative_pair_count=64 negative_pair_distance_sum=2985 p1_gt_valid_count=64 p1_in_gt_fg=1 p1_in_gt_fg_count=64 p1_valid_count=64 p1_valid_ratio=1 p2_gt_valid_count=64 p2_in_gt_fg=1 p2_in_gt_fg_count=64 p2_valid_count=64 p2_valid_ratio=1 point_distance_sum=4014 point_overlap_count=0 point_overlap_ratio=0 point_pair_count=128 pos_in_pred_fg=1 pos_in_pred_fg_count=128 positive_pair_count=64 positive_pair_distance_sum=1029 roi_count=64 valid_neg_count=128 valid_pos_count=128 warmup_stage=2
2026-07-30 05:20:44,156 - portable_sam_fusion - INFO - [DEBUG-BOX] epoch=27 step=7700 fallback_count=0 fallback_ratio=0 num_rois=64 refined_proposal_iou=0 refined_proposal_iou_sum=0 refined_valid_count=0
2026-07-30 05:20:44,156 - portable_sam_fusion - INFO - [DEBUG-COARSE] epoch=27 step=7700 bce_raw=0.1215 boundary_fn=1385 boundary_fp=1148 boundary_loss_local_sum=10.27 boundary_tp=2.667e+04 dice=0.07319 dice_loss_raw=0.07319 iou=0.8659 loss_support_foreground_sum=2.787e+04 loss_support_pixel_sum=5.364e+04 loss_valid_roi_count=40 loss_weight=0.1 raw_boundary_fn=1385 raw_boundary_fp=1148 raw_boundary_tp=2.667e+04 raw_dice_score=0.9268 raw_iou=0.8659 refined_boundary_fn=1397 refined_boundary_fp=1165 refined_boundary_tp=2.669e+04 refined_dice_score=0.9258 refined_iou=0.8641 weighted_loss=0.01947
2026-07-30 05:20:44,157 - portable_sam_fusion - INFO - [DEBUG-CONTEXT] epoch=27 step=7700 enabled=0
2026-07-30 05:20:44,157 - portable_sam_fusion - INFO - [DEBUG-DENSE] epoch=27 step=7700 applied_delta_norm=3.937 applied_delta_ratio=0.1686 base_norm=23.36 canvas_max=8 canvas_mean=-0.0128 canvas_min=-8 canvas_nonzero_ratio=0.009047 canvas_std=0.571 final_norm=23.6 residual_alpha=0.2913 shape_norm=26.98 source_delta_norm=13.52 source_delta_ratio=0.5787
2026-07-30 05:20:44,157 - portable_sam_fusion - INFO - [DEBUG-GATE] epoch=27 step=7700 shape_dense_alpha_max=0.2913 shape_dense_alpha_mean=0.2913 shape_dense_alpha_min=0.2913
2026-07-30 05:20:44,157 - portable_sam_fusion - INFO - [DEBUG-JITTER] epoch=27 step=7700 area_ratio_count=64 area_ratio_mean=1 area_ratio_sum=64 fallback_count=0 mean_iou=1 num_jittered=0 num_rois=64
2026-07-30 05:20:44,157 - portable_sam_fusion - INFO - [DEBUG-SP] epoch=27 step=7700 all_invalid_count=0 all_invalid_ratio=0 empty_count=0 empty_ratio=0 full_count=0 full_ratio=0 mean_point_distance=31.43 n1_gt_valid_count=64 n1_in_gt_bg=0.9375 n1_in_gt_bg_count=60 n1_valid_count=64 n1_valid_ratio=1 n2_gt_valid_count=64 n2_in_gt_bg=1 n2_in_gt_bg_count=64 n2_valid_count=64 n2_valid_ratio=1 neg_in_pred_bg=1 neg_in_pred_bg_count=128 negative_pair_count=64 negative_pair_distance_sum=2780 p1_gt_valid_count=64 p1_in_gt_fg=1 p1_in_gt_fg_count=64 p1_valid_count=64 p1_valid_ratio=1 p2_gt_valid_count=64 p2_in_gt_fg=1 p2_in_gt_fg_count=64 p2_valid_count=64 p2_valid_ratio=1 point_distance_sum=4024 point_overlap_count=0 point_overlap_ratio=0 point_pair_count=128 pos_in_pred_fg=1 pos_in_pred_fg_count=128 positive_pair_count=64 positive_pair_distance_sum=1244 roi_count=64 valid_neg_count=128 valid_pos_count=128 warmup_stage=2
2026-07-30 05:21:59,275 - portable_sam_fusion - INFO - epoch 27 | mini-batch 104/294 | optimizer_step 1950/5920 | lr=3.855e-04
2026-07-30 05:22:01,946 - portable_sam_fusion - INFO - [DEBUG-BOX] epoch=27 step=7750 fallback_count=0 fallback_ratio=0 num_rois=64 refined_proposal_iou=0 refined_proposal_iou_sum=0 refined_valid_count=0
2026-07-30 05:22:01,947 - portable_sam_fusion - INFO - [DEBUG-COARSE] epoch=27 step=7750 bce_raw=0.1481 boundary_fn=2200 boundary_fp=1594 boundary_loss_local_sum=15.94 boundary_tp=2.637e+04 dice=0.07582 dice_loss_raw=0.07582 iou=0.8604 loss_support_foreground_sum=2.98e+04 loss_support_pixel_sum=5.801e+04 loss_valid_roi_count=42 loss_weight=0.1 raw_boundary_fn=2200 raw_boundary_fp=1594 raw_boundary_tp=2.637e+04 raw_dice_score=0.9242 raw_iou=0.8604 refined_boundary_fn=2207 refined_boundary_fp=1609 refined_boundary_tp=2.639e+04 refined_dice_score=0.9225 refined_iou=0.8575 weighted_loss=0.02239
2026-07-30 05:22:01,947 - portable_sam_fusion - INFO - [DEBUG-CONTEXT] epoch=27 step=7750 enabled=0
2026-07-30 05:22:01,947 - portable_sam_fusion - INFO - [DEBUG-DENSE] epoch=27 step=7750 applied_delta_norm=3.457 applied_delta_ratio=0.148 base_norm=23.36 canvas_max=8 canvas_mean=-0.0005039 canvas_min=-8 canvas_nonzero_ratio=0.006702 canvas_std=0.4861 final_norm=23.53 residual_alpha=0.2914 shape_norm=26.17 source_delta_norm=11.86 source_delta_ratio=0.5078
2026-07-30 05:22:01,947 - portable_sam_fusion - INFO - [DEBUG-GATE] epoch=27 step=7750 shape_dense_alpha_max=0.2914 shape_dense_alpha_mean=0.2914 shape_dense_alpha_min=0.2914
2026-07-30 05:22:01,947 - portable_sam_fusion - INFO - [DEBUG-JITTER] epoch=27 step=7750 area_ratio_count=64 area_ratio_mean=1 area_ratio_sum=64 fallback_count=0 mean_iou=1 num_jittered=0 num_rois=64
2026-07-30 05:22:01,947 - portable_sam_fusion - INFO - [DEBUG-SP] epoch=27 step=7750 all_invalid_count=0 all_invalid_ratio=0 empty_count=0 empty_ratio=0 full_count=0 full_ratio=0 mean_point_distance=25.55 n1_gt_valid_count=64 n1_in_gt_bg=0.9219 n1_in_gt_bg_count=59 n1_valid_count=64 n1_valid_ratio=1 n2_gt_valid_count=64 n2_in_gt_bg=1 n2_in_gt_bg_count=64 n2_valid_count=64 n2_valid_ratio=1 neg_in_pred_bg=1 neg_in_pred_bg_count=128 negative_pair_count=64 negative_pair_distance_sum=2225 p1_gt_valid_count=64 p1_in_gt_fg=1 p1_in_gt_fg_count=64 p1_valid_count=64 p1_valid_ratio=1 p2_gt_valid_count=64 p2_in_gt_fg=1 p2_in_gt_fg_count=64 p2_valid_count=64 p2_valid_ratio=1 point_distance_sum=3270 point_overlap_count=0 point_overlap_ratio=0 point_pair_count=128 pos_in_pred_fg=1 pos_in_pred_fg_count=128 positive_pair_count=64 positive_pair_distance_sum=1045 roi_count=64 valid_neg_count=128 valid_pos_count=128 warmup_stage=2
2026-07-30 05:23:09,165 - portable_sam_fusion - INFO - [DEBUG-BOX] epoch=27 step=7800 fallback_count=0 fallback_ratio=0 num_rois=0 refined_proposal_iou=0 refined_proposal_iou_sum=0 refined_valid_count=0
2026-07-30 05:23:09,166 - portable_sam_fusion - INFO - [DEBUG-COARSE] epoch=27 step=7800 boundary_fn=0 boundary_fp=0 boundary_tp=0 dice=0 iou=0
2026-07-30 05:23:09,166 - portable_sam_fusion - INFO - [DEBUG-CONTEXT] epoch=27 step=7800 enabled=0
2026-07-30 05:23:09,166 - portable_sam_fusion - INFO - [DEBUG-DENSE] epoch=27 step=7800 applied_delta_norm=2.858 applied_delta_ratio=0.1224 base_norm=23.36 canvas_max=8 canvas_mean=0.004618 canvas_min=-8 canvas_nonzero_ratio=0.004617 canvas_std=0.4132 final_norm=23.48 residual_alpha=0.2916 shape_norm=25.33 source_delta_norm=9.801 source_delta_ratio=0.4196
2026-07-30 05:23:09,166 - portable_sam_fusion - INFO - [DEBUG-GATE] epoch=27 step=7800 shape_dense_alpha_max=0.2916 shape_dense_alpha_mean=0.2916 shape_dense_alpha_min=0.2916
2026-07-30 05:23:09,166 - portable_sam_fusion - INFO - [DEBUG-JITTER] epoch=27 step=7800 area_ratio_count=0 area_ratio_mean=0 area_ratio_sum=0 fallback_count=0 mean_iou=0 num_jittered=0 num_rois=0
2026-07-30 05:23:09,166 - portable_sam_fusion - INFO - [DEBUG-SP] epoch=27 step=7800 all_invalid_count=0 all_invalid_ratio=0 empty_count=0 empty_ratio=0 full_count=1 full_ratio=0.01562 mean_point_distance=19.83 n1_gt_valid_count=63 n1_in_gt_bg=0.9365 n1_in_gt_bg_count=59 n1_valid_count=63 n1_valid_ratio=0.9844 n2_gt_valid_count=63 n2_in_gt_bg=1 n2_in_gt_bg_count=63 n2_valid_count=63 n2_valid_ratio=0.9844 neg_in_pred_bg=1 neg_in_pred_bg_count=126 negative_pair_count=63 negative_pair_distance_sum=1813 p1_gt_valid_count=64 p1_in_gt_fg=1 p1_in_gt_fg_count=64 p1_valid_count=64 p1_valid_ratio=1 p2_gt_valid_count=64 p2_in_gt_fg=1 p2_in_gt_fg_count=64 p2_valid_count=64 p2_valid_ratio=1 point_distance_sum=2518 point_overlap_count=0 point_overlap_ratio=0 point_pair_count=127 pos_in_pred_fg=1 pos_in_pred_fg_count=128 positive_pair_count=64 positive_pair_distance_sum=705.2 roi_count=64 valid_neg_count=126 valid_pos_count=128 warmup_stage=2
2026-07-30 05:24:17,274 - portable_sam_fusion - INFO - [DEBUG-BOX] epoch=27 step=7850 fallback_count=0 fallback_ratio=0 num_rois=64 refined_proposal_iou=0 refined_proposal_iou_sum=0 refined_valid_count=0
2026-07-30 05:24:17,274 - portable_sam_fusion - INFO - [DEBUG-COARSE] epoch=27 step=7850 bce_raw=0.08957 boundary_fn=887 boundary_fp=1442 boundary_loss_local_sum=17.36 boundary_tp=2.209e+04 dice=0.04322 dice_loss_raw=0.04322 iou=0.9178 loss_support_foreground_sum=4.484e+04 loss_support_pixel_sum=7.255e+04 loss_valid_roi_count=64 loss_weight=0.1 raw_boundary_fn=887 raw_boundary_fp=1442 raw_boundary_tp=2.209e+04 raw_dice_score=0.9568 raw_iou=0.9178 refined_boundary_fn=951 refined_boundary_fp=1550 refined_boundary_tp=2.211e+04 refined_dice_score=0.956 refined_iou=0.9164 weighted_loss=0.01328
2026-07-30 05:24:17,274 - portable_sam_fusion - INFO - [DEBUG-CONTEXT] epoch=27 step=7850 enabled=0
2026-07-30 05:24:17,275 - portable_sam_fusion - INFO - [DEBUG-DENSE] epoch=27 step=7850 applied_delta_norm=4.793 applied_delta_ratio=0.2052 base_norm=23.36 canvas_max=8 canvas_mean=0.02828 canvas_min=-8 canvas_nonzero_ratio=0.01337 canvas_std=0.7221 final_norm=23.78 residual_alpha=0.2919 shape_norm=29.11 source_delta_norm=16.42 source_delta_ratio=0.703
2026-07-30 05:24:17,275 - portable_sam_fusion - INFO - [DEBUG-GATE] epoch=27 step=7850 shape_dense_alpha_max=0.2919 shape_dense_alpha_mean=0.2919 shape_dense_alpha_min=0.2919
2026-07-30 05:24:17,275 - portable_sam_fusion - INFO - [DEBUG-JITTER] epoch=27 step=7850 area_ratio_count=64 area_ratio_mean=1 area_ratio_sum=64 fallback_count=0 mean_iou=1 num_jittered=0 num_rois=64
2026-07-30 05:24:17,275 - portable_sam_fusion - INFO - [DEBUG-SP] epoch=27 step=7850 all_invalid_count=0 all_invalid_ratio=0 empty_count=0 empty_ratio=0 full_count=1 full_ratio=0.01562 mean_point_distance=48.51 n1_gt_valid_count=63 n1_in_gt_bg=0.9048 n1_in_gt_bg_count=57 n1_valid_count=63 n1_valid_ratio=0.9844 n2_gt_valid_count=63 n2_in_gt_bg=0.9683 n2_in_gt_bg_count=61 n2_valid_count=63 n2_valid_ratio=0.9844 neg_in_pred_bg=1 neg_in_pred_bg_count=126 negative_pair_count=63 negative_pair_distance_sum=4793 p1_gt_valid_count=64 p1_in_gt_fg=1 p1_in_gt_fg_count=64 p1_valid_count=64 p1_valid_ratio=1 p2_gt_valid_count=64 p2_in_gt_fg=1 p2_in_gt_fg_count=64 p2_valid_count=64 p2_valid_ratio=1 point_distance_sum=6161 point_overlap_count=0 point_overlap_ratio=0 point_pair_count=127 pos_in_pred_fg=1 pos_in_pred_fg_count=128 positive_pair_count=64 positive_pair_distance_sum=1368 roi_count=64 valid_neg_count=126 valid_pos_count=128 warmup_stage=2
2026-07-30 05:25:32,561 - portable_sam_fusion - INFO - [DEBUG-BOX] epoch=27 step=7900 fallback_count=0 fallback_ratio=0 num_rois=64 refined_proposal_iou=0 refined_proposal_iou_sum=0 refined_valid_count=0
2026-07-30 05:25:32,561 - portable_sam_fusion - INFO - [DEBUG-COARSE] epoch=27 step=7900 bce_raw=0.1243 boundary_fn=1674 boundary_fp=1434 boundary_loss_local_sum=17.64 boundary_tp=2.501e+04 dice=0.06436 dice_loss_raw=0.06436 iou=0.88 loss_support_foreground_sum=3.546e+04 loss_support_pixel_sum=6.661e+04 loss_valid_roi_count=51 loss_weight=0.1 raw_boundary_fn=1674 raw_boundary_fp=1434 raw_boundary_tp=2.501e+04 raw_dice_score=0.9356 raw_iou=0.88 refined_boundary_fn=1674 refined_boundary_fp=1433 refined_boundary_tp=2.504e+04 refined_dice_score=0.9336 refined_iou=0.8765 weighted_loss=0.01887
2026-07-30 05:25:32,562 - portable_sam_fusion - INFO - [DEBUG-CONTEXT] epoch=27 step=7900 enabled=0
2026-07-30 05:25:32,562 - portable_sam_fusion - INFO - [DEBUG-DENSE] epoch=27 step=7900 applied_delta_norm=3.261 applied_delta_ratio=0.1396 base_norm=23.36 canvas_max=8 canvas_mean=0.002197 canvas_min=-8 canvas_nonzero_ratio=0.005986 canvas_std=0.4727 final_norm=23.52 residual_alpha=0.292 shape_norm=25.91 source_delta_norm=11.17 source_delta_ratio=0.478
2026-07-30 05:25:32,562 - portable_sam_fusion - INFO - [DEBUG-GATE] epoch=27 step=7900 shape_dense_alpha_max=0.292 shape_dense_alpha_mean=0.292 shape_dense_alpha_min=0.292
2026-07-30 05:25:32,562 - portable_sam_fusion - INFO - [DEBUG-JITTER] epoch=27 step=7900 area_ratio_count=64 area_ratio_mean=1 area_ratio_sum=64 fallback_count=0 mean_iou=1 num_jittered=0 num_rois=64
2026-07-30 05:25:32,562 - portable_sam_fusion - INFO - [DEBUG-SP] epoch=27 step=7900 all_invalid_count=0 all_invalid_ratio=0 empty_count=0 empty_ratio=0 full_count=0 full_ratio=0 mean_point_distance=28.29 n1_gt_valid_count=64 n1_in_gt_bg=0.9531 n1_in_gt_bg_count=61 n1_valid_count=64 n1_valid_ratio=1 n2_gt_valid_count=64 n2_in_gt_bg=1 n2_in_gt_bg_count=64 n2_valid_count=64 n2_valid_ratio=1 neg_in_pred_bg=1 neg_in_pred_bg_count=128 negative_pair_count=64 negative_pair_distance_sum=2730 p1_gt_valid_count=64 p1_in_gt_fg=1 p1_in_gt_fg_count=64 p1_valid_count=64 p1_valid_ratio=1 p2_gt_valid_count=64 p2_in_gt_fg=1 p2_in_gt_fg_count=64 p2_valid_count=64 p2_valid_ratio=1 point_distance_sum=3621 point_overlap_count=0 point_overlap_ratio=0 point_pair_count=128 pos_in_pred_fg=1 pos_in_pred_fg_count=128 positive_pair_count=64 positive_pair_distance_sum=891.6 roi_count=64 valid_neg_count=128 valid_pos_count=128 warmup_stage=2
2026-07-30 05:26:38,467 - portable_sam_fusion - INFO - Epoch 27 detailed losses: loss_rpn_cls=0.0117, loss_rpn_bbox=0.0042, loss_cls=0.1649, acc=93.6987, loss_bbox=0.0609, loss_mask=0.0011, debug_mask_pos_rois=55.8776, debug_mask_logit_mean=-15.1037, debug_mask_logit_std=2.7338, debug_mask_prob_mean=0.0047, debug_mask_prob_ge05=0.0047, debug_mask_target_fill=0.0048, loss_shape_prior=0.0189, loss_p2_boundary_refiner=0.0165, schedule/det_weight=1.0000
2026-07-30 05:26:38,467 - portable_sam_fusion - INFO - Epoch 27 dense residual monitor: alpha=0.284040 source_delta_norm=12.7137 applied_delta_norm=3.6099 source_delta_ratio=0.544324 applied_delta_ratio=0.154556
2026-07-30 05:26:38,467 - portable_sam_fusion - INFO - Epoch 27 P2 boundary refiner: raw_dice=0.8323 refined_dice=0.8308 raw_iou=0.7789 refined_iou=0.7766 raw_boundary_f1=0.9125 refined_boundary_f1=0.9128
2026-07-30 05:26:38,467 - portable_sam_fusion - INFO - Epoch 27 P2 boundary support: valid=79.77% rejected=20.23% coverage=0.3442 delta_abs=0.110675 nonzero=34.42% saturated=8.62% p2_norm=54.5876 highpass_norm=3.8569 support_fg=56.90%
2026-07-30 05:26:38,467 - portable_sam_fusion - INFO - Epoch 27 primary loss shares: det=86.89% final_mask=0.38% shape=6.80% p2_boundary=5.93%
2026-07-30 05:26:38,467 - portable_sam_fusion - INFO - Epoch 27 schedule: det_loss_weight=1.000 early_stop_start=20 min_delta=0.0005
2026-07-30 05:26:38,467 - portable_sam_fusion - INFO - Epoch 27 learning rates: sat_backbone=3.80e-04, mask_decoder=3.80e-04, shape_prior=3.80e-04, p2_boundary_refiner=3.80e-04, quality_head=3.80e-04, sat_other=3.80e-04
2026-07-30 05:30:26,672 - portable_sam_fusion - INFO - Validation samples: GT=15926, DT=18372, avg_masks_per_image=29.30, avg_mask_fill=0.0048
creating index...
index created!
Loading and preparing results...
DONE (t=0.03s)
creating index...
index created!
Running per image evaluation...
Evaluate annotation type *bbox*
DONE (t=10.87s).
Accumulating evaluation results...
DONE (t=0.19s).
 Average Precision  (AP) @[ IoU=0.50:0.95 | area=   all | maxDets=100 ] = 0.695
 Average Precision  (AP) @[ IoU=0.50      | area=   all | maxDets=100 ] = 0.903
 Average Precision  (AP) @[ IoU=0.75      | area=   all | maxDets=100 ] = 0.823
 Average Precision  (AP) @[ IoU=0.50:0.95 | area= small | maxDets=100 ] = 0.325
 Average Precision  (AP) @[ IoU=0.50:0.95 | area=medium | maxDets=100 ] = 0.728
 Average Precision  (AP) @[ IoU=0.50:0.95 | area= large | maxDets=100 ] = 0.786
 Average Recall     (AR) @[ IoU=0.50:0.95 | area=   all | maxDets=  1 ] = 0.026
 Average Recall     (AR) @[ IoU=0.50:0.95 | area=   all | maxDets= 10 ] = 0.190
 Average Recall     (AR) @[ IoU=0.50:0.95 | area=   all | maxDets=100 ] = 0.742
 Average Recall     (AR) @[ IoU=0.50:0.95 | area= small | maxDets=100 ] = 0.448
 Average Recall     (AR) @[ IoU=0.50:0.95 | area=medium | maxDets=100 ] = 0.775
 Average Recall     (AR) @[ IoU=0.50:0.95 | area= large | maxDets=100 ] = 0.834
2026-07-30 05:30:37,943 - portable_sam_fusion - INFO - Validation bbox/mAP: 0.6948 bbox/mAP_75: 0.8230
Running per image evaluation...
Evaluate annotation type *segm*
DONE (t=11.19s).
Accumulating evaluation results...
DONE (t=0.19s).
 Average Precision  (AP) @[ IoU=0.50:0.95 | area=   all | maxDets=100 ] = 0.621
 Average Precision  (AP) @[ IoU=0.50      | area=   all | maxDets=100 ] = 0.895
 Average Precision  (AP) @[ IoU=0.75      | area=   all | maxDets=100 ] = 0.737
 Average Precision  (AP) @[ IoU=0.50:0.95 | area= small | maxDets=100 ] = 0.215
 Average Precision  (AP) @[ IoU=0.50:0.95 | area=medium | maxDets=100 ] = 0.647
 Average Precision  (AP) @[ IoU=0.50:0.95 | area= large | maxDets=100 ] = 0.778
 Average Recall     (AR) @[ IoU=0.50:0.95 | area=   all | maxDets=  1 ] = 0.025
 Average Recall     (AR) @[ IoU=0.50:0.95 | area=   all | maxDets= 10 ] = 0.178
 Average Recall     (AR) @[ IoU=0.50:0.95 | area=   all | maxDets=100 ] = 0.666
 Average Recall     (AR) @[ IoU=0.50:0.95 | area= small | maxDets=100 ] = 0.309
 Average Recall     (AR) @[ IoU=0.50:0.95 | area=medium | maxDets=100 ] = 0.690
 Average Recall     (AR) @[ IoU=0.50:0.95 | area= large | maxDets=100 ] = 0.822
2026-07-30 05:30:49,353 - portable_sam_fusion - INFO - Validation segm/mAP: 0.6212
2026-07-30 05:30:49,926 - portable_sam_fusion - INFO - Early-stop metric (segm/mAP): raw=0.6212 smooth(5)=0.6264 best=0.6321 counter=5
2026-07-30 05:30:55,406 - portable_sam_fusion - INFO - Epoch 27/80 | train=0.278174 val=disabled segm/mAP=0.6212 bbox/mAP=0.6948 | best_segm=0.6480 best_bbox=0.7064 best_comp=0.0000 | sat_backbone=3.80e-04 mask_decoder=3.80e-04 shape_prior=3.80e-04 p2_boundary_refiner=3.80e-04 quality_head=3.80e-04 sat_other=3.80e-04
2026-07-30 05:31:05,439 - portable_sam_fusion - INFO - epoch 28 | mini-batch 8/294 | optimizer_step 2000/5920 | lr=3.798e-04
2026-07-30 05:31:10,267 - portable_sam_fusion - INFO - [DEBUG-BOX] epoch=28 step=7950 fallback_count=0 fallback_ratio=0 num_rois=64 refined_proposal_iou=0 refined_proposal_iou_sum=0 refined_valid_count=0
2026-07-30 05:31:10,267 - portable_sam_fusion - INFO - [DEBUG-COARSE] epoch=28 step=7950 bce_raw=0.1454 boundary_fn=2779 boundary_fp=3095 boundary_loss_local_sum=24.1 boundary_tp=2.031e+04 dice=0.06581 dice_loss_raw=0.06581 iou=0.8789 loss_support_foreground_sum=4.618e+04 loss_support_pixel_sum=7.544e+04 loss_valid_roi_count=63 loss_weight=0.1 raw_boundary_fn=2779 raw_boundary_fp=3095 raw_boundary_tp=2.031e+04 raw_dice_score=0.9342 raw_iou=0.8789 refined_boundary_fn=2810 refined_boundary_fp=3142 refined_boundary_tp=2.028e+04 refined_dice_score=0.9313 refined_iou=0.8742 weighted_loss=0.02112
2026-07-30 05:31:10,267 - portable_sam_fusion - INFO - [DEBUG-CONTEXT] epoch=28 step=7950 enabled=0
2026-07-30 05:31:10,267 - portable_sam_fusion - INFO - [DEBUG-DENSE] epoch=28 step=7950 applied_delta_norm=2.541 applied_delta_ratio=0.1088 base_norm=23.36 canvas_max=8 canvas_mean=0.009792 canvas_min=-8 canvas_nonzero_ratio=0.004204 canvas_std=0.4012 final_norm=23.48 residual_alpha=0.2921 shape_norm=25.26 source_delta_norm=8.698 source_delta_ratio=0.3724
2026-07-30 05:31:10,267 - portable_sam_fusion - INFO - [DEBUG-GATE] epoch=28 step=7950 shape_dense_alpha_max=0.2921 shape_dense_alpha_mean=0.2921 shape_dense_alpha_min=0.2921
2026-07-30 05:31:10,267 - portable_sam_fusion - INFO - [DEBUG-JITTER] epoch=28 step=7950 area_ratio_count=64 area_ratio_mean=1 area_ratio_sum=64 fallback_count=0 mean_iou=1 num_jittered=0 num_rois=64
2026-07-30 05:31:10,267 - portable_sam_fusion - INFO - [DEBUG-SP] epoch=28 step=7950 all_invalid_count=0 all_invalid_ratio=0 empty_count=0 empty_ratio=0 full_count=0 full_ratio=0 mean_point_distance=21.62 n1_gt_valid_count=64 n1_in_gt_bg=0.7656 n1_in_gt_bg_count=49 n1_valid_count=64 n1_valid_ratio=1 n2_gt_valid_count=64 n2_in_gt_bg=1 n2_in_gt_bg_count=64 n2_valid_count=64 n2_valid_ratio=1 neg_in_pred_bg=1 neg_in_pred_bg_count=128 negative_pair_count=64 negative_pair_distance_sum=2025 p1_gt_valid_count=64 p1_in_gt_fg=1 p1_in_gt_fg_count=64 p1_valid_count=64 p1_valid_ratio=1 p2_gt_valid_count=64 p2_in_gt_fg=1 p2_in_gt_fg_count=64 p2_valid_count=64 p2_valid_ratio=1 point_distance_sum=2768 point_overlap_count=0 point_overlap_ratio=0 point_pair_count=128 pos_in_pred_fg=1 pos_in_pred_fg_count=128 positive_pair_count=64 positive_pair_distance_sum=742.8 roi_count=64 valid_neg_count=128 valid_pos_count=128 warmup_stage=2
2026-07-30 05:32:19,533 - portable_sam_fusion - INFO - [DEBUG-BOX] epoch=28 step=8000 fallback_count=0 fallback_ratio=0 num_rois=0 refined_proposal_iou=0 refined_proposal_iou_sum=0 refined_valid_count=0
2026-07-30 05:32:19,534 - portable_sam_fusion - INFO - [DEBUG-COARSE] epoch=28 step=8000 boundary_fn=0 boundary_fp=0 boundary_tp=0 dice=0 iou=0
2026-07-30 05:32:19,534 - portable_sam_fusion - INFO - [DEBUG-CONTEXT] epoch=28 step=8000 enabled=0
2026-07-30 05:32:19,534 - portable_sam_fusion - INFO - [DEBUG-DENSE] epoch=28 step=8000 applied_delta_norm=6.014 applied_delta_ratio=0.2575 base_norm=23.36 canvas_max=8 canvas_mean=0.04556 canvas_min=-8 canvas_nonzero_ratio=0.0229 canvas_std=0.7815 final_norm=24.05 residual_alpha=0.2922 shape_norm=31.93 source_delta_norm=20.58 source_delta_ratio=0.8813
2026-07-30 05:32:19,534 - portable_sam_fusion - INFO - [DEBUG-GATE] epoch=28 step=8000 shape_dense_alpha_max=0.2922 shape_dense_alpha_mean=0.2922 shape_dense_alpha_min=0.2922
2026-07-30 05:32:19,534 - portable_sam_fusion - INFO - [DEBUG-JITTER] epoch=28 step=8000 area_ratio_count=0 area_ratio_mean=0 area_ratio_sum=0 fallback_count=0 mean_iou=0 num_jittered=0 num_rois=0
2026-07-30 05:32:19,534 - portable_sam_fusion - INFO - [DEBUG-SP] epoch=28 step=8000 all_invalid_count=0 all_invalid_ratio=0 empty_count=0 empty_ratio=0 full_count=1 full_ratio=0.01562 mean_point_distance=50.62 n1_gt_valid_count=63 n1_in_gt_bg=0.7302 n1_in_gt_bg_count=46 n1_valid_count=63 n1_valid_ratio=0.9844 n2_gt_valid_count=62 n2_in_gt_bg=0.9516 n2_in_gt_bg_count=59 n2_valid_count=62 n2_valid_ratio=0.9688 neg_in_pred_bg=1 neg_in_pred_bg_count=125 negative_pair_count=62 negative_pair_distance_sum=4688 p1_gt_valid_count=64 p1_in_gt_fg=1 p1_in_gt_fg_count=64 p1_valid_count=64 p1_valid_ratio=1 p2_gt_valid_count=64 p2_in_gt_fg=1 p2_in_gt_fg_count=64 p2_valid_count=64 p2_valid_ratio=1 point_distance_sum=6378 point_overlap_count=0 point_overlap_ratio=0 point_pair_count=126 pos_in_pred_fg=1 pos_in_pred_fg_count=128 positive_pair_count=64 positive_pair_distance_sum=1690 roi_count=64 valid_neg_count=125 valid_pos_count=128 warmup_stage=2
2026-07-30 05:33:27,057 - portable_sam_fusion - INFO - [DEBUG-BOX] epoch=28 step=8050 fallback_count=0 fallback_ratio=0 num_rois=64 refined_proposal_iou=0 refined_proposal_iou_sum=0 refined_valid_count=0
2026-07-30 05:33:27,057 - portable_sam_fusion - INFO - [DEBUG-COARSE] epoch=28 step=8050 bce_raw=0.1701 boundary_fn=2689 boundary_fp=2383 boundary_loss_local_sum=20.18 boundary_tp=2.434e+04 dice=0.07335 dice_loss_raw=0.07335 iou=0.8657 loss_support_foreground_sum=4.038e+04 loss_support_pixel_sum=6.903e+04 loss_valid_roi_count=53 loss_weight=0.1 raw_boundary_fn=2689 raw_boundary_fp=2383 raw_boundary_tp=2.434e+04 raw_dice_score=0.9266 raw_iou=0.8657 refined_boundary_fn=2732 refined_boundary_fp=2457 refined_boundary_tp=2.432e+04 refined_dice_score=0.9245 refined_iou=0.8621 weighted_loss=0.02434
2026-07-30 05:33:27,057 - portable_sam_fusion - INFO - [DEBUG-CONTEXT] epoch=28 step=8050 enabled=0
2026-07-30 05:33:27,057 - portable_sam_fusion - INFO - [DEBUG-DENSE] epoch=28 step=8050 applied_delta_norm=3.078 applied_delta_ratio=0.1318 base_norm=23.36 canvas_max=8 canvas_mean=0.002888 canvas_min=-8 canvas_nonzero_ratio=0.005352 canvas_std=0.446 final_norm=23.51 residual_alpha=0.2923 shape_norm=25.68 source_delta_norm=10.53 source_delta_ratio=0.4509
2026-07-30 05:33:27,057 - portable_sam_fusion - INFO - [DEBUG-GATE] epoch=28 step=8050 shape_dense_alpha_max=0.2923 shape_dense_alpha_mean=0.2923 shape_dense_alpha_min=0.2923
2026-07-30 05:33:27,057 - portable_sam_fusion - INFO - [DEBUG-JITTER] epoch=28 step=8050 area_ratio_count=64 area_ratio_mean=1 area_ratio_sum=64 fallback_count=0 mean_iou=1 num_jittered=0 num_rois=64
2026-07-30 05:33:27,057 - portable_sam_fusion - INFO - [DEBUG-SP] epoch=28 step=8050 all_invalid_count=0 all_invalid_ratio=0 empty_count=0 empty_ratio=0 full_count=0 full_ratio=0 mean_point_distance=29.27 n1_gt_valid_count=64 n1_in_gt_bg=0.9062 n1_in_gt_bg_count=58 n1_valid_count=64 n1_valid_ratio=1 n2_gt_valid_count=64 n2_in_gt_bg=1 n2_in_gt_bg_count=64 n2_valid_count=64 n2_valid_ratio=1 neg_in_pred_bg=1 neg_in_pred_bg_count=128 negative_pair_count=64 negative_pair_distance_sum=2952 p1_gt_valid_count=64 p1_in_gt_fg=1 p1_in_gt_fg_count=64 p1_valid_count=64 p1_valid_ratio=1 p2_gt_valid_count=64 p2_in_gt_fg=1 p2_in_gt_fg_count=64 p2_valid_count=64 p2_valid_ratio=1 point_distance_sum=3746 point_overlap_count=0 point_overlap_ratio=0 point_pair_count=128 pos_in_pred_fg=1 pos_in_pred_fg_count=128 positive_pair_count=64 positive_pair_distance_sum=794.3 roi_count=64 valid_neg_count=128 valid_pos_count=128 warmup_stage=2
2026-07-30 05:34:38,252 - portable_sam_fusion - INFO - [DEBUG-BOX] epoch=28 step=8100 fallback_count=0 fallback_ratio=0 num_rois=64 refined_proposal_iou=0 refined_proposal_iou_sum=0 refined_valid_count=0
2026-07-30 05:34:38,253 - portable_sam_fusion - INFO - [DEBUG-COARSE] epoch=28 step=8100 bce_raw=0.1131 boundary_fn=1501 boundary_fp=1312 boundary_loss_local_sum=10.95 boundary_tp=2.627e+04 dice=0.0755 dice_loss_raw=0.0755 iou=0.8613 loss_support_foreground_sum=2.851e+04 loss_support_pixel_sum=5.256e+04 loss_valid_roi_count=40 loss_weight=0.1 raw_boundary_fn=1501 raw_boundary_fp=1312 raw_boundary_tp=2.627e+04 raw_dice_score=0.9245 raw_iou=0.8613 refined_boundary_fn=1537 refined_boundary_fp=1351 refined_boundary_tp=2.624e+04 refined_dice_score=0.9237 refined_iou=0.8602 weighted_loss=0.01886
2026-07-30 05:34:38,253 - portable_sam_fusion - INFO - [DEBUG-CONTEXT] epoch=28 step=8100 enabled=0
2026-07-30 05:34:38,253 - portable_sam_fusion - INFO - [DEBUG-DENSE] epoch=28 step=8100 applied_delta_norm=3.684 applied_delta_ratio=0.1577 base_norm=23.36 canvas_max=8 canvas_mean=-0.01107 canvas_min=-8 canvas_nonzero_ratio=0.008036 canvas_std=0.5485 final_norm=23.58 residual_alpha=0.2927 shape_norm=26.65 source_delta_norm=12.59 source_delta_ratio=0.5389
2026-07-30 05:34:38,253 - portable_sam_fusion - INFO - [DEBUG-GATE] epoch=28 step=8100 shape_dense_alpha_max=0.2927 shape_dense_alpha_mean=0.2927 shape_dense_alpha_min=0.2927
2026-07-30 05:34:38,253 - portable_sam_fusion - INFO - [DEBUG-JITTER] epoch=28 step=8100 area_ratio_count=64 area_ratio_mean=1 area_ratio_sum=64 fallback_count=0 mean_iou=1 num_jittered=0 num_rois=64
2026-07-30 05:34:38,253 - portable_sam_fusion - INFO - [DEBUG-SP] epoch=28 step=8100 all_invalid_count=0 all_invalid_ratio=0 empty_count=0 empty_ratio=0 full_count=0 full_ratio=0 mean_point_distance=40 n1_gt_valid_count=64 n1_in_gt_bg=0.8594 n1_in_gt_bg_count=55 n1_valid_count=64 n1_valid_ratio=1 n2_gt_valid_count=64 n2_in_gt_bg=1 n2_in_gt_bg_count=64 n2_valid_count=64 n2_valid_ratio=1 neg_in_pred_bg=1 neg_in_pred_bg_count=128 negative_pair_count=64 negative_pair_distance_sum=3717 p1_gt_valid_count=64 p1_in_gt_fg=1 p1_in_gt_fg_count=64 p1_valid_count=64 p1_valid_ratio=1 p2_gt_valid_count=64 p2_in_gt_fg=1 p2_in_gt_fg_count=64 p2_valid_count=64 p2_valid_ratio=1 point_distance_sum=5119 point_overlap_count=0 point_overlap_ratio=0 point_pair_count=128 pos_in_pred_fg=1 pos_in_pred_fg_count=128 positive_pair_count=64 positive_pair_distance_sum=1403 roi_count=64 valid_neg_count=128 valid_pos_count=128 warmup_stage=2
2026-07-30 05:35:35,095 - portable_sam_fusion - INFO - epoch 28 | mini-batch 208/294 | optimizer_step 2050/5920 | lr=3.740e-04
2026-07-30 05:35:39,525 - portable_sam_fusion - INFO - [DEBUG-BOX] epoch=28 step=8150 fallback_count=0 fallback_ratio=0 num_rois=64 refined_proposal_iou=0 refined_proposal_iou_sum=0 refined_valid_count=0
2026-07-30 05:35:39,525 - portable_sam_fusion - INFO - [DEBUG-COARSE] epoch=28 step=8150 bce_raw=0.1328 boundary_fn=2188 boundary_fp=2463 boundary_loss_local_sum=14.75 boundary_tp=2.435e+04 dice=0.0805 dice_loss_raw=0.0805 iou=0.8546 loss_support_foreground_sum=3.002e+04 loss_support_pixel_sum=5.965e+04 loss_valid_roi_count=47 loss_weight=0.1 raw_boundary_fn=2188 raw_boundary_fp=2463 raw_boundary_tp=2.435e+04 raw_dice_score=0.9195 raw_iou=0.8546 refined_boundary_fn=2163 refined_boundary_fp=2418 refined_boundary_tp=2.439e+04 refined_dice_score=0.918 refined_iou=0.852 weighted_loss=0.02133
2026-07-30 05:35:39,525 - portable_sam_fusion - INFO - [DEBUG-CONTEXT] epoch=28 step=8150 enabled=0
2026-07-30 05:35:39,525 - portable_sam_fusion - INFO - [DEBUG-DENSE] epoch=28 step=8150 applied_delta_norm=3.119 applied_delta_ratio=0.1335 base_norm=23.36 canvas_max=8 canvas_mean=-0.001787 canvas_min=-8 canvas_nonzero_ratio=0.005757 canvas_std=0.46 final_norm=23.51 residual_alpha=0.293 shape_norm=25.77 source_delta_norm=10.65 source_delta_ratio=0.4558
2026-07-30 05:35:39,525 - portable_sam_fusion - INFO - [DEBUG-GATE] epoch=28 step=8150 shape_dense_alpha_max=0.293 shape_dense_alpha_mean=0.293 shape_dense_alpha_min=0.293
2026-07-30 05:35:39,525 - portable_sam_fusion - INFO - [DEBUG-JITTER] epoch=28 step=8150 area_ratio_count=64 area_ratio_mean=1 area_ratio_sum=64 fallback_count=0 mean_iou=1 num_jittered=0 num_rois=64
2026-07-30 05:35:39,525 - portable_sam_fusion - INFO - [DEBUG-SP] epoch=28 step=8150 all_invalid_count=0 all_invalid_ratio=0 empty_count=0 empty_ratio=0 full_count=0 full_ratio=0 mean_point_distance=25.69 n1_gt_valid_count=64 n1_in_gt_bg=0.9062 n1_in_gt_bg_count=58 n1_valid_count=64 n1_valid_ratio=1 n2_gt_valid_count=64 n2_in_gt_bg=1 n2_in_gt_bg_count=64 n2_valid_count=64 n2_valid_ratio=1 neg_in_pred_bg=1 neg_in_pred_bg_count=128 negative_pair_count=64 negative_pair_distance_sum=2401 p1_gt_valid_count=64 p1_in_gt_fg=1 p1_in_gt_fg_count=64 p1_valid_count=64 p1_valid_ratio=1 p2_gt_valid_count=64 p2_in_gt_fg=1 p2_in_gt_fg_count=64 p2_valid_count=64 p2_valid_ratio=1 point_distance_sum=3289 point_overlap_count=0 point_overlap_ratio=0 point_pair_count=128 pos_in_pred_fg=1 pos_in_pred_fg_count=128 positive_pair_count=64 positive_pair_distance_sum=887.4 roi_count=64 valid_neg_count=128 valid_pos_count=128 warmup_stage=2
2026-07-30 05:36:44,142 - portable_sam_fusion - INFO - [DEBUG-BOX] epoch=28 step=8200 fallback_count=0 fallback_ratio=0 num_rois=64 refined_proposal_iou=0 refined_proposal_iou_sum=0 refined_valid_count=0
2026-07-30 05:36:44,142 - portable_sam_fusion - INFO - [DEBUG-COARSE] epoch=28 step=8200 bce_raw=0.1668 boundary_fn=2792 boundary_fp=3439 boundary_loss_local_sum=25.73 boundary_tp=2.139e+04 dice=0.06154 dice_loss_raw=0.06154 iou=0.8862 loss_support_foreground_sum=4.435e+04 loss_support_pixel_sum=7.396e+04 loss_valid_roi_count=61 loss_weight=0.1 raw_boundary_fn=2792 raw_boundary_fp=3439 raw_boundary_tp=2.139e+04 raw_dice_score=0.9385 raw_iou=0.8862 refined_boundary_fn=2819 refined_boundary_fp=3518 refined_boundary_tp=2.136e+04 refined_dice_score=0.937 refined_iou=0.8837 weighted_loss=0.02283
2026-07-30 05:36:44,142 - portable_sam_fusion - INFO - [DEBUG-CONTEXT] epoch=28 step=8200 enabled=0
2026-07-30 05:36:44,142 - portable_sam_fusion - INFO - [DEBUG-DENSE] epoch=28 step=8200 applied_delta_norm=2.895 applied_delta_ratio=0.1239 base_norm=23.36 canvas_max=8 canvas_mean=0.01247 canvas_min=-8 canvas_nonzero_ratio=0.004627 canvas_std=0.3928 final_norm=23.49 residual_alpha=0.2933 shape_norm=25.45 source_delta_norm=9.87 source_delta_ratio=0.4226
2026-07-30 05:36:44,142 - portable_sam_fusion - INFO - [DEBUG-GATE] epoch=28 step=8200 shape_dense_alpha_max=0.2933 shape_dense_alpha_mean=0.2933 shape_dense_alpha_min=0.2933
2026-07-30 05:36:44,142 - portable_sam_fusion - INFO - [DEBUG-JITTER] epoch=28 step=8200 area_ratio_count=64 area_ratio_mean=1 area_ratio_sum=64 fallback_count=0 mean_iou=1 num_jittered=0 num_rois=64
2026-07-30 05:36:44,142 - portable_sam_fusion - INFO - [DEBUG-SP] epoch=28 step=8200 all_invalid_count=0 all_invalid_ratio=0 empty_count=0 empty_ratio=0 full_count=1 full_ratio=0.01562 mean_point_distance=24.28 n1_gt_valid_count=63 n1_in_gt_bg=0.9365 n1_in_gt_bg_count=59 n1_valid_count=63 n1_valid_ratio=0.9844 n2_gt_valid_count=63 n2_in_gt_bg=0.9683 n2_in_gt_bg_count=61 n2_valid_count=63 n2_valid_ratio=0.9844 neg_in_pred_bg=1 neg_in_pred_bg_count=126 negative_pair_count=63 negative_pair_distance_sum=2209 p1_gt_valid_count=64 p1_in_gt_fg=1 p1_in_gt_fg_count=64 p1_valid_count=64 p1_valid_ratio=1 p2_gt_valid_count=64 p2_in_gt_fg=1 p2_in_gt_fg_count=64 p2_valid_count=64 p2_valid_ratio=1 point_distance_sum=3083 point_overlap_count=0 point_overlap_ratio=0 point_pair_count=127 pos_in_pred_fg=1 pos_in_pred_fg_count=128 positive_pair_count=64 positive_pair_distance_sum=874.7 roi_count=64 valid_neg_count=126 valid_pos_count=128 warmup_stage=2
2026-07-30 05:37:26,981 - portable_sam_fusion - INFO - Epoch 28 detailed losses: loss_rpn_cls=0.0109, loss_rpn_bbox=0.0043, loss_cls=0.1611, acc=93.7085, loss_bbox=0.0633, loss_mask=0.0013, debug_mask_pos_rois=55.2483, debug_mask_logit_mean=-15.3567, debug_mask_logit_std=2.8156, debug_mask_prob_mean=0.0047, debug_mask_prob_ge05=0.0047, debug_mask_target_fill=0.0048, loss_shape_prior=0.0194, loss_p2_boundary_refiner=0.0168, schedule/det_weight=1.0000
2026-07-30 05:37:26,981 - portable_sam_fusion - INFO - Epoch 28 dense residual monitor: alpha=0.285417 source_delta_norm=12.6003 applied_delta_norm=3.5950 source_delta_ratio=0.539472 applied_delta_ratio=0.153916
2026-07-30 05:37:26,981 - portable_sam_fusion - INFO - Epoch 28 P2 boundary refiner: raw_dice=0.8301 refined_dice=0.8287 raw_iou=0.7766 refined_iou=0.7742 raw_boundary_f1=0.9109 refined_boundary_f1=0.9110
2026-07-30 05:37:26,981 - portable_sam_fusion - INFO - Epoch 28 P2 boundary support: valid=79.70% rejected=20.30% coverage=0.3437 delta_abs=0.110072 nonzero=34.37% saturated=8.29% p2_norm=53.7757 highpass_norm=3.8739 support_fg=56.89%
2026-07-30 05:37:26,981 - portable_sam_fusion - INFO - Epoch 28 primary loss shares: det=86.48% final_mask=0.45% shape=7.00% p2_boundary=6.06%
2026-07-30 05:37:26,981 - portable_sam_fusion - INFO - Epoch 28 schedule: det_loss_weight=1.000 early_stop_start=20 min_delta=0.0005
2026-07-30 05:37:26,981 - portable_sam_fusion - INFO - Epoch 28 learning rates: sat_backbone=3.71e-04, mask_decoder=3.71e-04, shape_prior=3.71e-04, p2_boundary_refiner=3.71e-04, quality_head=3.71e-04, sat_other=3.71e-04
2026-07-30 05:40:22,229 - portable_sam_fusion - INFO - Validation samples: GT=15926, DT=16702, avg_masks_per_image=26.64, avg_mask_fill=0.0063
creating index...
index created!
Loading and preparing results...
DONE (t=0.02s)
creating index...
index created!
Running per image evaluation...
Evaluate annotation type *bbox*
DONE (t=10.57s).
Accumulating evaluation results...
DONE (t=0.17s).
 Average Precision  (AP) @[ IoU=0.50:0.95 | area=   all | maxDets=100 ] = 0.693
 Average Precision  (AP) @[ IoU=0.50      | area=   all | maxDets=100 ] = 0.889
 Average Precision  (AP) @[ IoU=0.75      | area=   all | maxDets=100 ] = 0.815
 Average Precision  (AP) @[ IoU=0.50:0.95 | area= small | maxDets=100 ] = 0.325
 Average Precision  (AP) @[ IoU=0.50:0.95 | area=medium | maxDets=100 ] = 0.736
 Average Precision  (AP) @[ IoU=0.50:0.95 | area= large | maxDets=100 ] = 0.779
 Average Recall     (AR) @[ IoU=0.50:0.95 | area=   all | maxDets=  1 ] = 0.026
 Average Recall     (AR) @[ IoU=0.50:0.95 | area=   all | maxDets= 10 ] = 0.190
 Average Recall     (AR) @[ IoU=0.50:0.95 | area=   all | maxDets=100 ] = 0.742
 Average Recall     (AR) @[ IoU=0.50:0.95 | area= small | maxDets=100 ] = 0.416
 Average Recall     (AR) @[ IoU=0.50:0.95 | area=medium | maxDets=100 ] = 0.787
 Average Recall     (AR) @[ IoU=0.50:0.95 | area= large | maxDets=100 ] = 0.826
2026-07-30 05:40:33,159 - portable_sam_fusion - INFO - Validation bbox/mAP: 0.6928 bbox/mAP_75: 0.8150
Running per image evaluation...
Evaluate annotation type *segm*
DONE (t=10.90s).
Accumulating evaluation results...
DONE (t=0.17s).
 Average Precision  (AP) @[ IoU=0.50:0.95 | area=   all | maxDets=100 ] = 0.620
 Average Precision  (AP) @[ IoU=0.50      | area=   all | maxDets=100 ] = 0.889
 Average Precision  (AP) @[ IoU=0.75      | area=   all | maxDets=100 ] = 0.738
 Average Precision  (AP) @[ IoU=0.50:0.95 | area= small | maxDets=100 ] = 0.216
 Average Precision  (AP) @[ IoU=0.50:0.95 | area=medium | maxDets=100 ] = 0.643
 Average Precision  (AP) @[ IoU=0.50:0.95 | area= large | maxDets=100 ] = 0.778
 Average Recall     (AR) @[ IoU=0.50:0.95 | area=   all | maxDets=  1 ] = 0.025
 Average Recall     (AR) @[ IoU=0.50:0.95 | area=   all | maxDets= 10 ] = 0.179
 Average Recall     (AR) @[ IoU=0.50:0.95 | area=   all | maxDets=100 ] = 0.662
 Average Recall     (AR) @[ IoU=0.50:0.95 | area= small | maxDets=100 ] = 0.287
 Average Recall     (AR) @[ IoU=0.50:0.95 | area=medium | maxDets=100 ] = 0.689
 Average Recall     (AR) @[ IoU=0.50:0.95 | area= large | maxDets=100 ] = 0.819
2026-07-30 05:40:44,254 - portable_sam_fusion - INFO - Validation segm/mAP: 0.6197
2026-07-30 05:40:44,877 - portable_sam_fusion - INFO - Early-stop metric (segm/mAP): raw=0.6197 smooth(5)=0.6259 best=0.6321 counter=6
2026-07-30 05:40:50,211 - portable_sam_fusion - INFO - Epoch 28/80 | train=0.277106 val=disabled segm/mAP=0.6197 bbox/mAP=0.6928 | best_segm=0.6480 best_bbox=0.7064 best_comp=0.0000 | sat_backbone=3.71e-04 mask_decoder=3.71e-04 shape_prior=3.71e-04 p2_boundary_refiner=3.71e-04 quality_head=3.71e-04 sat_other=3.71e-04
2026-07-30 05:41:15,411 - portable_sam_fusion - INFO - [DEBUG-BOX] epoch=29 step=8250 fallback_count=0 fallback_ratio=0 num_rois=64 refined_proposal_iou=0 refined_proposal_iou_sum=0 refined_valid_count=0
2026-07-30 05:41:15,411 - portable_sam_fusion - INFO - [DEBUG-COARSE] epoch=29 step=8250 bce_raw=0.1842 boundary_fn=3001 boundary_fp=3179 boundary_loss_local_sum=19.17 boundary_tp=2.406e+04 dice=0.09496 dice_loss_raw=0.09496 iou=0.8313 loss_support_foreground_sum=3.382e+04 loss_support_pixel_sum=6.45e+04 loss_valid_roi_count=49 loss_weight=0.1 raw_boundary_fn=3001 raw_boundary_fp=3179 raw_boundary_tp=2.406e+04 raw_dice_score=0.905 raw_iou=0.8313 refined_boundary_fn=3006 refined_boundary_fp=3228 refined_boundary_tp=2.412e+04 refined_dice_score=0.9025 refined_iou=0.8273 weighted_loss=0.02792
2026-07-30 05:41:15,411 - portable_sam_fusion - INFO - [DEBUG-CONTEXT] epoch=29 step=8250 enabled=0
2026-07-30 05:41:15,411 - portable_sam_fusion - INFO - [DEBUG-DENSE] epoch=29 step=8250 applied_delta_norm=3.076 applied_delta_ratio=0.1317 base_norm=23.36 canvas_max=8 canvas_mean=-0.00103 canvas_min=-8 canvas_nonzero_ratio=0.005552 canvas_std=0.4343 final_norm=23.51 residual_alpha=0.2935 shape_norm=25.7 source_delta_norm=10.48 source_delta_ratio=0.4487
2026-07-30 05:41:15,411 - portable_sam_fusion - INFO - [DEBUG-GATE] epoch=29 step=8250 shape_dense_alpha_max=0.2935 shape_dense_alpha_mean=0.2935 shape_dense_alpha_min=0.2935
2026-07-30 05:41:15,411 - portable_sam_fusion - INFO - [DEBUG-JITTER] epoch=29 step=8250 area_ratio_count=64 area_ratio_mean=1 area_ratio_sum=64 fallback_count=0 mean_iou=1 num_jittered=0 num_rois=64
2026-07-30 05:41:15,411 - portable_sam_fusion - INFO - [DEBUG-SP] epoch=29 step=8250 all_invalid_count=0 all_invalid_ratio=0 empty_count=0 empty_ratio=0 full_count=0 full_ratio=0 mean_point_distance=27.07 n1_gt_valid_count=64 n1_in_gt_bg=0.9531 n1_in_gt_bg_count=61 n1_valid_count=64 n1_valid_ratio=1 n2_gt_valid_count=64 n2_in_gt_bg=1 n2_in_gt_bg_count=64 n2_valid_count=64 n2_valid_ratio=1 neg_in_pred_bg=1 neg_in_pred_bg_count=128 negative_pair_count=64 negative_pair_distance_sum=2677 p1_gt_valid_count=64 p1_in_gt_fg=0.9844 p1_in_gt_fg_count=63 p1_valid_count=64 p1_valid_ratio=1 p2_gt_valid_count=64 p2_in_gt_fg=1 p2_in_gt_fg_count=64 p2_valid_count=64 p2_valid_ratio=1 point_distance_sum=3465 point_overlap_count=0 point_overlap_ratio=0 point_pair_count=128 pos_in_pred_fg=1 pos_in_pred_fg_count=128 positive_pair_count=64 positive_pair_distance_sum=787.7 roi_count=64 valid_neg_count=128 valid_pos_count=128 warmup_stage=2
2026-07-30 05:42:19,547 - portable_sam_fusion - INFO - [DEBUG-BOX] epoch=29 step=8300 fallback_count=0 fallback_ratio=0 num_rois=64 refined_proposal_iou=0 refined_proposal_iou_sum=0 refined_valid_count=0
2026-07-30 05:42:19,547 - portable_sam_fusion - INFO - [DEBUG-COARSE] epoch=29 step=8300 bce_raw=0.1174 boundary_fn=1850 boundary_fp=1611 boundary_loss_local_sum=12.01 boundary_tp=2.609e+04 dice=0.07624 dice_loss_raw=0.07624 iou=0.8601 loss_support_foreground_sum=2.755e+04 loss_support_pixel_sum=5.406e+04 loss_valid_roi_count=41 loss_weight=0.1 raw_boundary_fn=1850 raw_boundary_fp=1611 raw_boundary_tp=2.609e+04 raw_dice_score=0.9238 raw_iou=0.8601 refined_boundary_fn=1814 refined_boundary_fp=1534 refined_boundary_tp=2.612e+04 refined_dice_score=0.922 refined_iou=0.8572 weighted_loss=0.01937
2026-07-30 05:42:19,547 - portable_sam_fusion - INFO - [DEBUG-CONTEXT] epoch=29 step=8300 enabled=0
2026-07-30 05:42:19,547 - portable_sam_fusion - INFO - [DEBUG-DENSE] epoch=29 step=8300 applied_delta_norm=2.991 applied_delta_ratio=0.128 base_norm=23.36 canvas_max=8 canvas_mean=-0.005665 canvas_min=-8 canvas_nonzero_ratio=0.005465 canvas_std=0.4647 final_norm=23.5 residual_alpha=0.2937 shape_norm=25.57 source_delta_norm=10.18 source_delta_ratio=0.436
2026-07-30 05:42:19,547 - portable_sam_fusion - INFO - [DEBUG-GATE] epoch=29 step=8300 shape_dense_alpha_max=0.2937 shape_dense_alpha_mean=0.2937 shape_dense_alpha_min=0.2937
2026-07-30 05:42:19,547 - portable_sam_fusion - INFO - [DEBUG-JITTER] epoch=29 step=8300 area_ratio_count=64 area_ratio_mean=1 area_ratio_sum=64 fallback_count=0 mean_iou=1 num_jittered=0 num_rois=64
2026-07-30 05:42:19,547 - portable_sam_fusion - INFO - [DEBUG-SP] epoch=29 step=8300 all_invalid_count=0 all_invalid_ratio=0 empty_count=0 empty_ratio=0 full_count=0 full_ratio=0 mean_point_distance=24.92 n1_gt_valid_count=64 n1_in_gt_bg=0.9531 n1_in_gt_bg_count=61 n1_valid_count=64 n1_valid_ratio=1 n2_gt_valid_count=64 n2_in_gt_bg=1 n2_in_gt_bg_count=64 n2_valid_count=64 n2_valid_ratio=1 neg_in_pred_bg=1 neg_in_pred_bg_count=128 negative_pair_count=64 negative_pair_distance_sum=2340 p1_gt_valid_count=64 p1_in_gt_fg=1 p1_in_gt_fg_count=64 p1_valid_count=64 p1_valid_ratio=1 p2_gt_valid_count=64 p2_in_gt_fg=1 p2_in_gt_fg_count=64 p2_valid_count=64 p2_valid_ratio=1 point_distance_sum=3189 point_overlap_count=0 point_overlap_ratio=0 point_pair_count=128 pos_in_pred_fg=1 pos_in_pred_fg_count=128 positive_pair_count=64 positive_pair_distance_sum=849.1 roi_count=64 valid_neg_count=128 valid_pos_count=128 warmup_stage=2
2026-07-30 05:43:15,975 - portable_sam_fusion - INFO - epoch 29 | mini-batch 112/294 | optimizer_step 2100/5920 | lr=3.681e-04
2026-07-30 05:43:24,611 - portable_sam_fusion - INFO - [DEBUG-BOX] epoch=29 step=8350 fallback_count=0 fallback_ratio=0 num_rois=64 refined_proposal_iou=0 refined_proposal_iou_sum=0 refined_valid_count=0
2026-07-30 05:43:24,611 - portable_sam_fusion - INFO - [DEBUG-COARSE] epoch=29 step=8350 bce_raw=0.1602 boundary_fn=2453 boundary_fp=2134 boundary_loss_local_sum=20.61 boundary_tp=2.371e+04 dice=0.06929 dice_loss_raw=0.06929 iou=0.8721 loss_support_foreground_sum=4.143e+04 loss_support_pixel_sum=7.145e+04 loss_valid_roi_count=55 loss_weight=0.1 raw_boundary_fn=2453 raw_boundary_fp=2134 raw_boundary_tp=2.371e+04 raw_dice_score=0.9307 raw_iou=0.8721 refined_boundary_fn=2377 refined_boundary_fp=2147 refined_boundary_tp=2.382e+04 refined_dice_score=0.9291 refined_iou=0.8693 weighted_loss=0.02295
2026-07-30 05:43:24,611 - portable_sam_fusion - INFO - [DEBUG-CONTEXT] epoch=29 step=8350 enabled=0
2026-07-30 05:43:24,611 - portable_sam_fusion - INFO - [DEBUG-DENSE] epoch=29 step=8350 applied_delta_norm=3.49 applied_delta_ratio=0.1494 base_norm=23.36 canvas_max=8 canvas_mean=0.001733 canvas_min=-8 canvas_nonzero_ratio=0.006883 canvas_std=0.4981 final_norm=23.55 residual_alpha=0.2938 shape_norm=26.27 source_delta_norm=11.88 source_delta_ratio=0.5085
2026-07-30 05:43:24,611 - portable_sam_fusion - INFO - [DEBUG-GATE] epoch=29 step=8350 shape_dense_alpha_max=0.2938 shape_dense_alpha_mean=0.2938 shape_dense_alpha_min=0.2938
2026-07-30 05:43:24,611 - portable_sam_fusion - INFO - [DEBUG-JITTER] epoch=29 step=8350 area_ratio_count=64 area_ratio_mean=1 area_ratio_sum=64 fallback_count=0 mean_iou=1 num_jittered=0 num_rois=64
2026-07-30 05:43:24,612 - portable_sam_fusion - INFO - [DEBUG-SP] epoch=29 step=8350 all_invalid_count=0 all_invalid_ratio=0 empty_count=0 empty_ratio=0 full_count=0 full_ratio=0 mean_point_distance=30.29 n1_gt_valid_count=64 n1_in_gt_bg=0.75 n1_in_gt_bg_count=48 n1_valid_count=64 n1_valid_ratio=1 n2_gt_valid_count=64 n2_in_gt_bg=0.9844 n2_in_gt_bg_count=63 n2_valid_count=64 n2_valid_ratio=1 neg_in_pred_bg=1 neg_in_pred_bg_count=128 negative_pair_count=64 negative_pair_distance_sum=3026 p1_gt_valid_count=64 p1_in_gt_fg=1 p1_in_gt_fg_count=64 p1_valid_count=64 p1_valid_ratio=1 p2_gt_valid_count=64 p2_in_gt_fg=1 p2_in_gt_fg_count=64 p2_valid_count=64 p2_valid_ratio=1 point_distance_sum=3878 point_overlap_count=0 point_overlap_ratio=0 point_pair_count=128 pos_in_pred_fg=1 pos_in_pred_fg_count=128 positive_pair_count=64 positive_pair_distance_sum=851.1 roi_count=64 valid_neg_count=128 valid_pos_count=128 warmup_stage=2
2026-07-30 05:44:29,084 - portable_sam_fusion - INFO - [DEBUG-BOX] epoch=29 step=8400 fallback_count=0 fallback_ratio=0 num_rois=64 refined_proposal_iou=0 refined_proposal_iou_sum=0 refined_valid_count=0
2026-07-30 05:44:29,085 - portable_sam_fusion - INFO - [DEBUG-COARSE] epoch=29 step=8400 bce_raw=0.1423 boundary_fn=2436 boundary_fp=2158 boundary_loss_local_sum=14.07 boundary_tp=2.512e+04 dice=0.08633 dice_loss_raw=0.08633 iou=0.8445 loss_support_foreground_sum=2.887e+04 loss_support_pixel_sum=5.559e+04 loss_valid_roi_count=42 loss_weight=0.1 raw_boundary_fn=2436 raw_boundary_fp=2158 raw_boundary_tp=2.512e+04 raw_dice_score=0.9137 raw_iou=0.8445 refined_boundary_fn=2444 refined_boundary_fp=2178 refined_boundary_tp=2.51e+04 refined_dice_score=0.9113 refined_iou=0.8406 weighted_loss=0.02286
2026-07-30 05:44:29,085 - portable_sam_fusion - INFO - [DEBUG-CONTEXT] epoch=29 step=8400 enabled=0
2026-07-30 05:44:29,085 - portable_sam_fusion - INFO - [DEBUG-DENSE] epoch=29 step=8400 applied_delta_norm=2.858 applied_delta_ratio=0.1224 base_norm=23.36 canvas_max=8 canvas_mean=-0.005997 canvas_min=-8 canvas_nonzero_ratio=0.005065 canvas_std=0.4434 final_norm=23.49 residual_alpha=0.294 shape_norm=25.45 source_delta_norm=9.723 source_delta_ratio=0.4163
2026-07-30 05:44:29,085 - portable_sam_fusion - INFO - [DEBUG-GATE] epoch=29 step=8400 shape_dense_alpha_max=0.294 shape_dense_alpha_mean=0.294 shape_dense_alpha_min=0.294
2026-07-30 05:44:29,085 - portable_sam_fusion - INFO - [DEBUG-JITTER] epoch=29 step=8400 area_ratio_count=64 area_ratio_mean=1 area_ratio_sum=64 fallback_count=0 mean_iou=1 num_jittered=0 num_rois=64
2026-07-30 05:44:29,085 - portable_sam_fusion - INFO - [DEBUG-SP] epoch=29 step=8400 all_invalid_count=0 all_invalid_ratio=0 empty_count=0 empty_ratio=0 full_count=0 full_ratio=0 mean_point_distance=26.15 n1_gt_valid_count=64 n1_in_gt_bg=0.9062 n1_in_gt_bg_count=58 n1_valid_count=64 n1_valid_ratio=1 n2_gt_valid_count=64 n2_in_gt_bg=1 n2_in_gt_bg_count=64 n2_valid_count=64 n2_valid_ratio=1 neg_in_pred_bg=1 neg_in_pred_bg_count=128 negative_pair_count=64 negative_pair_distance_sum=2396 p1_gt_valid_count=64 p1_in_gt_fg=1 p1_in_gt_fg_count=64 p1_valid_count=64 p1_valid_ratio=1 p2_gt_valid_count=64 p2_in_gt_fg=1 p2_in_gt_fg_count=64 p2_valid_count=64 p2_valid_ratio=1 point_distance_sum=3348 point_overlap_count=0 point_overlap_ratio=0 point_pair_count=128 pos_in_pred_fg=1 pos_in_pred_fg_count=128 positive_pair_count=64 positive_pair_distance_sum=951.6 roi_count=64 valid_neg_count=128 valid_pos_count=128 warmup_stage=2
2026-07-30 05:45:30,411 - portable_sam_fusion - INFO - [DEBUG-BOX] epoch=29 step=8450 fallback_count=0 fallback_ratio=0 num_rois=64 refined_proposal_iou=0 refined_proposal_iou_sum=0 refined_valid_count=0
2026-07-30 05:45:30,411 - portable_sam_fusion - INFO - [DEBUG-COARSE] epoch=29 step=8450 bce_raw=0.1108 boundary_fn=1219 boundary_fp=1164 boundary_loss_local_sum=9.05 boundary_tp=2.658e+04 dice=0.06789 dice_loss_raw=0.06789 iou=0.8765 loss_support_foreground_sum=2.645e+04 loss_support_pixel_sum=4.921e+04 loss_valid_roi_count=37 loss_weight=0.1 raw_boundary_fn=1219 raw_boundary_fp=1164 raw_boundary_tp=2.658e+04 raw_dice_score=0.9321 raw_iou=0.8765 refined_boundary_fn=1209 refined_boundary_fp=1178 refined_boundary_tp=2.663e+04 refined_dice_score=0.9313 refined_iou=0.8751 weighted_loss=0.01787
2026-07-30 05:45:30,412 - portable_sam_fusion - INFO - [DEBUG-CONTEXT] epoch=29 step=8450 enabled=0
2026-07-30 05:45:30,412 - portable_sam_fusion - INFO - [DEBUG-DENSE] epoch=29 step=8450 applied_delta_norm=3.63 applied_delta_ratio=0.1554 base_norm=23.36 canvas_max=8 canvas_mean=-0.009134 canvas_min=-8 canvas_nonzero_ratio=0.007262 canvas_std=0.5255 final_norm=23.56 residual_alpha=0.2939 shape_norm=26.37 source_delta_norm=12.35 source_delta_ratio=0.5288
2026-07-30 05:45:30,412 - portable_sam_fusion - INFO - [DEBUG-GATE] epoch=29 step=8450 shape_dense_alpha_max=0.2939 shape_dense_alpha_mean=0.2939 shape_dense_alpha_min=0.2939
2026-07-30 05:45:30,412 - portable_sam_fusion - INFO - [DEBUG-JITTER] epoch=29 step=8450 area_ratio_count=64 area_ratio_mean=1 area_ratio_sum=64 fallback_count=0 mean_iou=1 num_jittered=0 num_rois=64
2026-07-30 05:45:30,412 - portable_sam_fusion - INFO - [DEBUG-SP] epoch=29 step=8450 all_invalid_count=0 all_invalid_ratio=0 empty_count=0 empty_ratio=0 full_count=0 full_ratio=0 mean_point_distance=29.23 n1_gt_valid_count=64 n1_in_gt_bg=0.8906 n1_in_gt_bg_count=57 n1_valid_count=64 n1_valid_ratio=1 n2_gt_valid_count=64 n2_in_gt_bg=1 n2_in_gt_bg_count=64 n2_valid_count=64 n2_valid_ratio=1 neg_in_pred_bg=1 neg_in_pred_bg_count=128 negative_pair_count=64 negative_pair_distance_sum=2622 p1_gt_valid_count=64 p1_in_gt_fg=0.9844 p1_in_gt_fg_count=63 p1_valid_count=64 p1_valid_ratio=1 p2_gt_valid_count=64 p2_in_gt_fg=0.9844 p2_in_gt_fg_count=63 p2_valid_count=64 p2_valid_ratio=1 point_distance_sum=3741 point_overlap_count=0 point_overlap_ratio=0 point_pair_count=128 pos_in_pred_fg=1 pos_in_pred_fg_count=128 positive_pair_count=64 positive_pair_distance_sum=1119 roi_count=64 valid_neg_count=128 valid_pos_count=128 warmup_stage=2
2026-07-30 05:46:33,895 - portable_sam_fusion - INFO - [DEBUG-BOX] epoch=29 step=8500 fallback_count=0 fallback_ratio=0 num_rois=64 refined_proposal_iou=0 refined_proposal_iou_sum=0 refined_valid_count=0
2026-07-30 05:46:33,895 - portable_sam_fusion - INFO - [DEBUG-COARSE] epoch=29 step=8500 bce_raw=0.1688 boundary_fn=3059 boundary_fp=2472 boundary_loss_local_sum=15.11 boundary_tp=2.506e+04 dice=0.08184 dice_loss_raw=0.08184 iou=0.8531 loss_support_foreground_sum=2.987e+04 loss_support_pixel_sum=5.435e+04 loss_valid_roi_count=41 loss_weight=0.1 raw_boundary_fn=3059 raw_boundary_fp=2472 raw_boundary_tp=2.506e+04 raw_dice_score=0.9182 raw_iou=0.8531 refined_boundary_fn=3023 refined_boundary_fp=2424 refined_boundary_tp=2.508e+04 refined_dice_score=0.9162 refined_iou=0.8499 weighted_loss=0.02506
2026-07-30 05:46:33,895 - portable_sam_fusion - INFO - [DEBUG-CONTEXT] epoch=29 step=8500 enabled=0
2026-07-30 05:46:33,895 - portable_sam_fusion - INFO - [DEBUG-DENSE] epoch=29 step=8500 applied_delta_norm=2.974 applied_delta_ratio=0.1273 base_norm=23.36 canvas_max=8 canvas_mean=0.001954 canvas_min=-8 canvas_nonzero_ratio=0.00508 canvas_std=0.4468 final_norm=23.5 residual_alpha=0.2939 shape_norm=25.52 source_delta_norm=10.12 source_delta_ratio=0.4332
2026-07-30 05:46:33,895 - portable_sam_fusion - INFO - [DEBUG-GATE] epoch=29 step=8500 shape_dense_alpha_max=0.2939 shape_dense_alpha_mean=0.2939 shape_dense_alpha_min=0.2939
2026-07-30 05:46:33,895 - portable_sam_fusion - INFO - [DEBUG-JITTER] epoch=29 step=8500 area_ratio_count=64 area_ratio_mean=1 area_ratio_sum=64 fallback_count=0 mean_iou=1 num_jittered=0 num_rois=64
2026-07-30 05:46:33,895 - portable_sam_fusion - INFO - [DEBUG-SP] epoch=29 step=8500 all_invalid_count=0 all_invalid_ratio=0 empty_count=0 empty_ratio=0 full_count=0 full_ratio=0 mean_point_distance=23.92 n1_gt_valid_count=64 n1_in_gt_bg=0.9062 n1_in_gt_bg_count=58 n1_valid_count=64 n1_valid_ratio=1 n2_gt_valid_count=64 n2_in_gt_bg=0.9844 n2_in_gt_bg_count=63 n2_valid_count=64 n2_valid_ratio=1 neg_in_pred_bg=1 neg_in_pred_bg_count=128 negative_pair_count=64 negative_pair_distance_sum=2121 p1_gt_valid_count=64 p1_in_gt_fg=1 p1_in_gt_fg_count=64 p1_valid_count=64 p1_valid_ratio=1 p2_gt_valid_count=64 p2_in_gt_fg=1 p2_in_gt_fg_count=64 p2_valid_count=64 p2_valid_ratio=1 point_distance_sum=3061 point_overlap_count=0 point_overlap_ratio=0 point_pair_count=128 pos_in_pred_fg=1 pos_in_pred_fg_count=128 positive_pair_count=64 positive_pair_distance_sum=940.4 roi_count=64 valid_neg_count=128 valid_pos_count=128 warmup_stage=2
2026-07-30 05:47:05,693 - portable_sam_fusion - INFO - Epoch 29 detailed losses: loss_rpn_cls=0.0093, loss_rpn_bbox=0.0038, loss_cls=0.1534, acc=93.9842, loss_bbox=0.0612, loss_mask=0.0012, debug_mask_pos_rois=54.8673, debug_mask_logit_mean=-15.5068, debug_mask_logit_std=2.7568, debug_mask_prob_mean=0.0054, debug_mask_prob_ge05=0.0053, debug_mask_target_fill=0.0054, loss_shape_prior=0.0194, loss_p2_boundary_refiner=0.0163, schedule/det_weight=1.0000
2026-07-30 05:47:05,694 - portable_sam_fusion - INFO - Epoch 29 dense residual monitor: alpha=0.286721 source_delta_norm=12.6982 applied_delta_norm=3.6436 source_delta_ratio=0.543662 applied_delta_ratio=0.155997
2026-07-30 05:47:05,694 - portable_sam_fusion - INFO - Epoch 29 P2 boundary refiner: raw_dice=0.8290 refined_dice=0.8276 raw_iou=0.7753 refined_iou=0.7730 raw_boundary_f1=0.9098 refined_boundary_f1=0.9100
2026-07-30 05:47:05,694 - portable_sam_fusion - INFO - Epoch 29 P2 boundary support: valid=78.97% rejected=21.03% coverage=0.3405 delta_abs=0.109107 nonzero=34.05% saturated=8.41% p2_norm=54.4218 highpass_norm=3.8710 support_fg=56.95%
2026-07-30 05:47:05,694 - portable_sam_fusion - INFO - Epoch 29 primary loss shares: det=86.04% final_mask=0.46% shape=7.33% p2_boundary=6.16%
2026-07-30 05:47:05,694 - portable_sam_fusion - INFO - Epoch 29 schedule: det_loss_weight=1.000 early_stop_start=20 min_delta=0.0005
2026-07-30 05:47:05,694 - portable_sam_fusion - INFO - Epoch 29 learning rates: sat_backbone=3.63e-04, mask_decoder=3.63e-04, shape_prior=3.63e-04, p2_boundary_refiner=3.63e-04, quality_head=3.63e-04, sat_other=3.63e-04
2026-07-30 05:50:10,285 - portable_sam_fusion - INFO - Validation samples: GT=15926, DT=17778, avg_masks_per_image=28.35, avg_mask_fill=0.0047
creating index...
index created!
Loading and preparing results...
DONE (t=0.02s)
creating index...
index created!
Running per image evaluation...
Evaluate annotation type *bbox*
DONE (t=10.71s).
Accumulating evaluation results...
DONE (t=0.19s).
 Average Precision  (AP) @[ IoU=0.50:0.95 | area=   all | maxDets=100 ] = 0.708
 Average Precision  (AP) @[ IoU=0.50      | area=   all | maxDets=100 ] = 0.895
 Average Precision  (AP) @[ IoU=0.75      | area=   all | maxDets=100 ] = 0.825
 Average Precision  (AP) @[ IoU=0.50:0.95 | area= small | maxDets=100 ] = 0.323
 Average Precision  (AP) @[ IoU=0.50:0.95 | area=medium | maxDets=100 ] = 0.743
 Average Precision  (AP) @[ IoU=0.50:0.95 | area= large | maxDets=100 ] = 0.798
 Average Recall     (AR) @[ IoU=0.50:0.95 | area=   all | maxDets=  1 ] = 0.026
 Average Recall     (AR) @[ IoU=0.50:0.95 | area=   all | maxDets= 10 ] = 0.193
 Average Recall     (AR) @[ IoU=0.50:0.95 | area=   all | maxDets=100 ] = 0.755
 Average Recall     (AR) @[ IoU=0.50:0.95 | area= small | maxDets=100 ] = 0.456
 Average Recall     (AR) @[ IoU=0.50:0.95 | area=medium | maxDets=100 ] = 0.792
 Average Recall     (AR) @[ IoU=0.50:0.95 | area= large | maxDets=100 ] = 0.841
2026-07-30 05:50:21,367 - portable_sam_fusion - INFO - Validation bbox/mAP: 0.7081 bbox/mAP_75: 0.8245
Running per image evaluation...
Evaluate annotation type *segm*
DONE (t=11.07s).
Accumulating evaluation results...
DONE (t=0.17s).
 Average Precision  (AP) @[ IoU=0.50:0.95 | area=   all | maxDets=100 ] = 0.623
 Average Precision  (AP) @[ IoU=0.50      | area=   all | maxDets=100 ] = 0.895
 Average Precision  (AP) @[ IoU=0.75      | area=   all | maxDets=100 ] = 0.734
 Average Precision  (AP) @[ IoU=0.50:0.95 | area= small | maxDets=100 ] = 0.223
 Average Precision  (AP) @[ IoU=0.50:0.95 | area=medium | maxDets=100 ] = 0.650
 Average Precision  (AP) @[ IoU=0.50:0.95 | area= large | maxDets=100 ] = 0.759
 Average Recall     (AR) @[ IoU=0.50:0.95 | area=   all | maxDets=  1 ] = 0.025
 Average Recall     (AR) @[ IoU=0.50:0.95 | area=   all | maxDets= 10 ] = 0.178
 Average Recall     (AR) @[ IoU=0.50:0.95 | area=   all | maxDets=100 ] = 0.667
 Average Recall     (AR) @[ IoU=0.50:0.95 | area= small | maxDets=100 ] = 0.325
 Average Recall     (AR) @[ IoU=0.50:0.95 | area=medium | maxDets=100 ] = 0.694
 Average Recall     (AR) @[ IoU=0.50:0.95 | area= large | maxDets=100 ] = 0.809
2026-07-30 05:50:32,637 - portable_sam_fusion - INFO - Validation segm/mAP: 0.6234
2026-07-30 05:50:33,251 - portable_sam_fusion - INFO - New best bbox/mAP: 0.7081
2026-07-30 05:50:33,251 - portable_sam_fusion - INFO - Early-stop metric (segm/mAP): raw=0.6234 smooth(5)=0.6246 best=0.6321 counter=7
2026-07-30 05:50:35,769 - portable_sam_fusion - INFO - Saved best_bbox_model with bbox/mAP: 0.7081
2026-07-30 05:50:41,074 - portable_sam_fusion - INFO - Epoch 29/80 | train=0.264639 val=disabled segm/mAP=0.6234 bbox/mAP=0.7081 | best_segm=0.6480 best_bbox=0.7081 best_comp=0.0000 | sat_backbone=3.63e-04 mask_decoder=3.63e-04 shape_prior=3.63e-04 p2_boundary_refiner=3.63e-04 quality_head=3.63e-04 sat_other=3.63e-04
2026-07-30 05:51:03,411 - portable_sam_fusion - INFO - epoch 30 | mini-batch 16/294 | optimizer_step 2150/5920 | lr=3.621e-04
2026-07-30 05:51:14,595 - portable_sam_fusion - INFO - [DEBUG-BOX] epoch=30 step=8550 fallback_count=0 fallback_ratio=0 num_rois=64 refined_proposal_iou=0 refined_proposal_iou_sum=0 refined_valid_count=0
2026-07-30 05:51:14,595 - portable_sam_fusion - INFO - [DEBUG-COARSE] epoch=30 step=8550 bce_raw=0.1346 boundary_fn=2317 boundary_fp=2708 boundary_loss_local_sum=15.26 boundary_tp=2.519e+04 dice=0.08106 dice_loss_raw=0.08106 iou=0.854 loss_support_foreground_sum=3.487e+04 loss_support_pixel_sum=6.054e+04 loss_valid_roi_count=46 loss_weight=0.1 raw_boundary_fn=2317 raw_boundary_fp=2708 raw_boundary_tp=2.519e+04 raw_dice_score=0.9189 raw_iou=0.854 refined_boundary_fn=2310 refined_boundary_fp=2770 refined_boundary_tp=2.521e+04 refined_dice_score=0.9168 refined_iou=0.8504 weighted_loss=0.02156
2026-07-30 05:51:14,595 - portable_sam_fusion - INFO - [DEBUG-CONTEXT] epoch=30 step=8550 enabled=0
2026-07-30 05:51:14,595 - portable_sam_fusion - INFO - [DEBUG-DENSE] epoch=30 step=8550 applied_delta_norm=3.072 applied_delta_ratio=0.1315 base_norm=23.36 canvas_max=8 canvas_mean=-0.001751 canvas_min=-8 canvas_nonzero_ratio=0.005339 canvas_std=0.4301 final_norm=23.5 residual_alpha=0.2938 shape_norm=25.58 source_delta_norm=10.46 source_delta_ratio=0.4478
2026-07-30 05:51:14,595 - portable_sam_fusion - INFO - [DEBUG-GATE] epoch=30 step=8550 shape_dense_alpha_max=0.2938 shape_dense_alpha_mean=0.2938 shape_dense_alpha_min=0.2938
2026-07-30 05:51:14,595 - portable_sam_fusion - INFO - [DEBUG-JITTER] epoch=30 step=8550 area_ratio_count=64 area_ratio_mean=1 area_ratio_sum=64 fallback_count=0 mean_iou=1 num_jittered=0 num_rois=64
2026-07-30 05:51:14,595 - portable_sam_fusion - INFO - [DEBUG-SP] epoch=30 step=8550 all_invalid_count=0 all_invalid_ratio=0 empty_count=0 empty_ratio=0 full_count=0 full_ratio=0 mean_point_distance=23.93 n1_gt_valid_count=64 n1_in_gt_bg=0.8906 n1_in_gt_bg_count=57 n1_valid_count=64 n1_valid_ratio=1 n2_gt_valid_count=64 n2_in_gt_bg=0.9844 n2_in_gt_bg_count=63 n2_valid_count=64 n2_valid_ratio=1 neg_in_pred_bg=1 neg_in_pred_bg_count=128 negative_pair_count=64 negative_pair_distance_sum=2308 p1_gt_valid_count=64 p1_in_gt_fg=1 p1_in_gt_fg_count=64 p1_valid_count=64 p1_valid_ratio=1 p2_gt_valid_count=64 p2_in_gt_fg=1 p2_in_gt_fg_count=64 p2_valid_count=64 p2_valid_ratio=1 point_distance_sum=3063 point_overlap_count=0 point_overlap_ratio=0 point_pair_count=128 pos_in_pred_fg=1 pos_in_pred_fg_count=128 positive_pair_count=64 positive_pair_distance_sum=754.9 roi_count=64 valid_neg_count=128 valid_pos_count=128 warmup_stage=2
2026-07-30 05:52:19,329 - portable_sam_fusion - INFO - [DEBUG-BOX] epoch=30 step=8600 fallback_count=0 fallback_ratio=0 num_rois=64 refined_proposal_iou=0 refined_proposal_iou_sum=0 refined_valid_count=0
2026-07-30 05:52:19,329 - portable_sam_fusion - INFO - [DEBUG-COARSE] epoch=30 step=8600 bce_raw=0.09336 boundary_fn=1665 boundary_fp=396 boundary_loss_local_sum=14.68 boundary_tp=2.44e+04 dice=0.06053 dice_loss_raw=0.06053 iou=0.887 loss_support_foreground_sum=3.838e+04 loss_support_pixel_sum=6.865e+04 loss_valid_roi_count=56 loss_weight=0.1 raw_boundary_fn=1665 raw_boundary_fp=396 raw_boundary_tp=2.44e+04 raw_dice_score=0.9395 raw_iou=0.887 refined_boundary_fn=1557 refined_boundary_fp=344 refined_boundary_tp=2.451e+04 refined_dice_score=0.9405 refined_iou=0.8889 weighted_loss=0.01539
2026-07-30 05:52:19,329 - portable_sam_fusion - INFO - [DEBUG-CONTEXT] epoch=30 step=8600 enabled=0
2026-07-30 05:52:19,329 - portable_sam_fusion - INFO - [DEBUG-DENSE] epoch=30 step=8600 applied_delta_norm=6.702 applied_delta_ratio=0.2869 base_norm=23.36 canvas_max=8 canvas_mean=0.01345 canvas_min=-8 canvas_nonzero_ratio=0.02647 canvas_std=1.02 final_norm=24.2 residual_alpha=0.2944 shape_norm=33.31 source_delta_norm=22.76 source_delta_ratio=0.9745
2026-07-30 05:52:19,329 - portable_sam_fusion - INFO - [DEBUG-GATE] epoch=30 step=8600 shape_dense_alpha_max=0.2944 shape_dense_alpha_mean=0.2944 shape_dense_alpha_min=0.2944
2026-07-30 05:52:19,329 - portable_sam_fusion - INFO - [DEBUG-JITTER] epoch=30 step=8600 area_ratio_count=64 area_ratio_mean=1 area_ratio_sum=64 fallback_count=0 mean_iou=1 num_jittered=0 num_rois=64
2026-07-30 05:52:19,329 - portable_sam_fusion - INFO - [DEBUG-SP] epoch=30 step=8600 all_invalid_count=0 all_invalid_ratio=0 empty_count=0 empty_ratio=0 full_count=0 full_ratio=0 mean_point_distance=66.91 n1_gt_valid_count=64 n1_in_gt_bg=0.8438 n1_in_gt_bg_count=54 n1_valid_count=64 n1_valid_ratio=1 n2_gt_valid_count=64 n2_in_gt_bg=1 n2_in_gt_bg_count=64 n2_valid_count=64 n2_valid_ratio=1 neg_in_pred_bg=1 neg_in_pred_bg_count=128 negative_pair_count=64 negative_pair_distance_sum=5758 p1_gt_valid_count=64 p1_in_gt_fg=1 p1_in_gt_fg_count=64 p1_valid_count=64 p1_valid_ratio=1 p2_gt_valid_count=64 p2_in_gt_fg=1 p2_in_gt_fg_count=64 p2_valid_count=64 p2_valid_ratio=1 point_distance_sum=8565 point_overlap_count=0 point_overlap_ratio=0 point_pair_count=128 pos_in_pred_fg=1 pos_in_pred_fg_count=128 positive_pair_count=64 positive_pair_distance_sum=2807 roi_count=64 valid_neg_count=128 valid_pos_count=128 warmup_stage=2
2026-07-30 05:53:29,148 - portable_sam_fusion - INFO - [DEBUG-BOX] epoch=30 step=8650 fallback_count=0 fallback_ratio=0 num_rois=64 refined_proposal_iou=0 refined_proposal_iou_sum=0 refined_valid_count=0
2026-07-30 05:53:29,148 - portable_sam_fusion - INFO - [DEBUG-COARSE] epoch=30 step=8650 bce_raw=0.1412 boundary_fn=2480 boundary_fp=2095 boundary_loss_local_sum=16.74 boundary_tp=2.478e+04 dice=0.0909 dice_loss_raw=0.0909 iou=0.8346 loss_support_foreground_sum=3.645e+04 loss_support_pixel_sum=6.373e+04 loss_valid_roi_count=47 loss_weight=0.1 raw_boundary_fn=2480 raw_boundary_fp=2095 raw_boundary_tp=2.478e+04 raw_dice_score=0.9091 raw_iou=0.8346 refined_boundary_fn=2409 refined_boundary_fp=2015 refined_boundary_tp=2.486e+04 refined_dice_score=0.9082 refined_iou=0.8334 weighted_loss=0.02321
2026-07-30 05:53:29,148 - portable_sam_fusion - INFO - [DEBUG-CONTEXT] epoch=30 step=8650 enabled=0
2026-07-30 05:53:29,148 - portable_sam_fusion - INFO - [DEBUG-DENSE] epoch=30 step=8650 applied_delta_norm=3.874 applied_delta_ratio=0.1658 base_norm=23.36 canvas_max=8 canvas_mean=-0.01428 canvas_min=-8 canvas_nonzero_ratio=0.008909 canvas_std=0.582 final_norm=23.61 residual_alpha=0.295 shape_norm=27.01 source_delta_norm=13.13 source_delta_ratio=0.5621
2026-07-30 05:53:29,148 - portable_sam_fusion - INFO - [DEBUG-GATE] epoch=30 step=8650 shape_dense_alpha_max=0.295 shape_dense_alpha_mean=0.295 shape_dense_alpha_min=0.295
2026-07-30 05:53:29,148 - portable_sam_fusion - INFO - [DEBUG-JITTER] epoch=30 step=8650 area_ratio_count=64 area_ratio_mean=1 area_ratio_sum=64 fallback_count=0 mean_iou=1 num_jittered=0 num_rois=64
2026-07-30 05:53:29,148 - portable_sam_fusion - INFO - [DEBUG-SP] epoch=30 step=8650 all_invalid_count=0 all_invalid_ratio=0 empty_count=0 empty_ratio=0 full_count=0 full_ratio=0 mean_point_distance=34.58 n1_gt_valid_count=64 n1_in_gt_bg=0.9062 n1_in_gt_bg_count=58 n1_valid_count=64 n1_valid_ratio=1 n2_gt_valid_count=64 n2_in_gt_bg=1 n2_in_gt_bg_count=64 n2_valid_count=64 n2_valid_ratio=1 neg_in_pred_bg=1 neg_in_pred_bg_count=128 negative_pair_count=64 negative_pair_distance_sum=2680 p1_gt_valid_count=64 p1_in_gt_fg=1 p1_in_gt_fg_count=64 p1_valid_count=64 p1_valid_ratio=1 p2_gt_valid_count=64 p2_in_gt_fg=1 p2_in_gt_fg_count=64 p2_valid_count=64 p2_valid_ratio=1 point_distance_sum=4426 point_overlap_count=0 point_overlap_ratio=0 point_pair_count=128 pos_in_pred_fg=1 pos_in_pred_fg_count=128 positive_pair_count=64 positive_pair_distance_sum=1746 roi_count=64 valid_neg_count=128 valid_pos_count=128 warmup_stage=2
2026-07-30 05:54:32,435 - portable_sam_fusion - INFO - [DEBUG-BOX] epoch=30 step=8700 fallback_count=0 fallback_ratio=0 num_rois=64 refined_proposal_iou=0 refined_proposal_iou_sum=0 refined_valid_count=0
2026-07-30 05:54:32,435 - portable_sam_fusion - INFO - [DEBUG-COARSE] epoch=30 step=8700 bce_raw=0.1588 boundary_fn=2666 boundary_fp=2665 boundary_loss_local_sum=12.9 boundary_tp=2.624e+04 dice=0.09396 dice_loss_raw=0.09396 iou=0.8313 loss_support_foreground_sum=2.507e+04 loss_support_pixel_sum=4.994e+04 loss_valid_roi_count=37 loss_weight=0.1 raw_boundary_fn=2666 raw_boundary_fp=2665 raw_boundary_tp=2.624e+04 raw_dice_score=0.906 raw_iou=0.8313 refined_boundary_fn=2638 refined_boundary_fp=2682 refined_boundary_tp=2.625e+04 refined_dice_score=0.9046 refined_iou=0.829 weighted_loss=0.02527
2026-07-30 05:54:32,435 - portable_sam_fusion - INFO - [DEBUG-CONTEXT] epoch=30 step=8700 enabled=0
2026-07-30 05:54:32,435 - portable_sam_fusion - INFO - [DEBUG-DENSE] epoch=30 step=8700 applied_delta_norm=3.343 applied_delta_ratio=0.1431 base_norm=23.36 canvas_max=8 canvas_mean=-0.003855 canvas_min=-8 canvas_nonzero_ratio=0.006852 canvas_std=0.4609 final_norm=23.54 residual_alpha=0.2955 shape_norm=26.07 source_delta_norm=11.31 source_delta_ratio=0.4844
2026-07-30 05:54:32,435 - portable_sam_fusion - INFO - [DEBUG-GATE] epoch=30 step=8700 shape_dense_alpha_max=0.2955 shape_dense_alpha_mean=0.2955 shape_dense_alpha_min=0.2955
2026-07-30 05:54:32,435 - portable_sam_fusion - INFO - [DEBUG-JITTER] epoch=30 step=8700 area_ratio_count=64 area_ratio_mean=1 area_ratio_sum=64 fallback_count=0 mean_iou=1 num_jittered=0 num_rois=64
2026-07-30 05:54:32,435 - portable_sam_fusion - INFO - [DEBUG-SP] epoch=30 step=8700 all_invalid_count=0 all_invalid_ratio=0 empty_count=0 empty_ratio=0 full_count=0 full_ratio=0 mean_point_distance=31.82 n1_gt_valid_count=64 n1_in_gt_bg=0.9688 n1_in_gt_bg_count=62 n1_valid_count=64 n1_valid_ratio=1 n2_gt_valid_count=64 n2_in_gt_bg=1 n2_in_gt_bg_count=64 n2_valid_count=64 n2_valid_ratio=1 neg_in_pred_bg=1 neg_in_pred_bg_count=128 negative_pair_count=64 negative_pair_distance_sum=2949 p1_gt_valid_count=64 p1_in_gt_fg=0.9844 p1_in_gt_fg_count=63 p1_valid_count=64 p1_valid_ratio=1 p2_gt_valid_count=64 p2_in_gt_fg=1 p2_in_gt_fg_count=64 p2_valid_count=64 p2_valid_ratio=1 point_distance_sum=4073 point_overlap_count=0 point_overlap_ratio=0 point_pair_count=128 pos_in_pred_fg=1 pos_in_pred_fg_count=128 positive_pair_count=64 positive_pair_distance_sum=1123 roi_count=64 valid_neg_count=128 valid_pos_count=128 warmup_stage=2
2026-07-30 05:55:27,308 - portable_sam_fusion - INFO - epoch 30 | mini-batch 216/294 | optimizer_step 2200/5920 | lr=3.560e-04
2026-07-30 05:55:37,561 - portable_sam_fusion - INFO - [DEBUG-BOX] epoch=30 step=8750 fallback_count=0 fallback_ratio=0 num_rois=64 refined_proposal_iou=0 refined_proposal_iou_sum=0 refined_valid_count=0
2026-07-30 05:55:37,561 - portable_sam_fusion - INFO - [DEBUG-COARSE] epoch=30 step=8750 bce_raw=0.15 boundary_fn=1881 boundary_fp=2353 boundary_loss_local_sum=10.57 boundary_tp=2.641e+04 dice=0.0845 dice_loss_raw=0.0845 iou=0.8496 loss_support_foreground_sum=2.37e+04 loss_support_pixel_sum=4.51e+04 loss_valid_roi_count=34 loss_weight=0.1 raw_boundary_fn=1881 raw_boundary_fp=2353 raw_boundary_tp=2.641e+04 raw_dice_score=0.9155 raw_iou=0.8496 refined_boundary_fn=1904 refined_boundary_fp=2363 refined_boundary_tp=2.642e+04 refined_dice_score=0.9138 refined_iou=0.8467 weighted_loss=0.02345
2026-07-30 05:55:37,561 - portable_sam_fusion - INFO - [DEBUG-CONTEXT] epoch=30 step=8750 enabled=0
2026-07-30 05:55:37,561 - portable_sam_fusion - INFO - [DEBUG-DENSE] epoch=30 step=8750 applied_delta_norm=3.397 applied_delta_ratio=0.1455 base_norm=23.36 canvas_max=8 canvas_mean=0.0001898 canvas_min=-8 canvas_nonzero_ratio=0.006201 canvas_std=0.4684 final_norm=23.53 residual_alpha=0.2956 shape_norm=25.98 source_delta_norm=11.49 source_delta_ratio=0.4921
2026-07-30 05:55:37,562 - portable_sam_fusion - INFO - [DEBUG-GATE] epoch=30 step=8750 shape_dense_alpha_max=0.2956 shape_dense_alpha_mean=0.2956 shape_dense_alpha_min=0.2956
2026-07-30 05:55:37,562 - portable_sam_fusion - INFO - [DEBUG-JITTER] epoch=30 step=8750 area_ratio_count=64 area_ratio_mean=1 area_ratio_sum=64 fallback_count=0 mean_iou=1 num_jittered=0 num_rois=64
2026-07-30 05:55:37,562 - portable_sam_fusion - INFO - [DEBUG-SP] epoch=30 step=8750 all_invalid_count=0 all_invalid_ratio=0 empty_count=0 empty_ratio=0 full_count=0 full_ratio=0 mean_point_distance=30.02 n1_gt_valid_count=64 n1_in_gt_bg=0.8594 n1_in_gt_bg_count=55 n1_valid_count=64 n1_valid_ratio=1 n2_gt_valid_count=64 n2_in_gt_bg=1 n2_in_gt_bg_count=64 n2_valid_count=64 n2_valid_ratio=1 neg_in_pred_bg=1 neg_in_pred_bg_count=128 negative_pair_count=64 negative_pair_distance_sum=2909 p1_gt_valid_count=64 p1_in_gt_fg=1 p1_in_gt_fg_count=64 p1_valid_count=64 p1_valid_ratio=1 p2_gt_valid_count=64 p2_in_gt_fg=1 p2_in_gt_fg_count=64 p2_valid_count=64 p2_valid_ratio=1 point_distance_sum=3843 point_overlap_count=0 point_overlap_ratio=0 point_pair_count=128 pos_in_pred_fg=1 pos_in_pred_fg_count=128 positive_pair_count=64 positive_pair_distance_sum=933.5 roi_count=64 valid_neg_count=128 valid_pos_count=128 warmup_stage=2
2026-07-30 05:56:41,265 - portable_sam_fusion - INFO - [DEBUG-BOX] epoch=30 step=8800 fallback_count=0 fallback_ratio=0 num_rois=64 refined_proposal_iou=0 refined_proposal_iou_sum=0 refined_valid_count=0
2026-07-30 05:56:41,265 - portable_sam_fusion - INFO - [DEBUG-COARSE] epoch=30 step=8800 bce_raw=0.1379 boundary_fn=2162 boundary_fp=2093 boundary_loss_local_sum=13.86 boundary_tp=2.581e+04 dice=0.07608 dice_loss_raw=0.07608 iou=0.8609 loss_support_foreground_sum=3.05e+04 loss_support_pixel_sum=5.504e+04 loss_valid_roi_count=41 loss_weight=0.1 raw_boundary_fn=2162 raw_boundary_fp=2093 raw_boundary_tp=2.581e+04 raw_dice_score=0.9239 raw_iou=0.8609 refined_boundary_fn=2214 refined_boundary_fp=2121 refined_boundary_tp=2.577e+04 refined_dice_score=0.922 refined_iou=0.8576 weighted_loss=0.0214
2026-07-30 05:56:41,265 - portable_sam_fusion - INFO - [DEBUG-CONTEXT] epoch=30 step=8800 enabled=0
2026-07-30 05:56:41,265 - portable_sam_fusion - INFO - [DEBUG-DENSE] epoch=30 step=8800 applied_delta_norm=2.855 applied_delta_ratio=0.1222 base_norm=23.36 canvas_max=8 canvas_mean=0.0001073 canvas_min=-8 canvas_nonzero_ratio=0.004753 canvas_std=0.4328 final_norm=23.49 residual_alpha=0.2957 shape_norm=25.35 source_delta_norm=9.653 source_delta_ratio=0.4133
2026-07-30 05:56:41,265 - portable_sam_fusion - INFO - [DEBUG-GATE] epoch=30 step=8800 shape_dense_alpha_max=0.2957 shape_dense_alpha_mean=0.2957 shape_dense_alpha_min=0.2957
2026-07-30 05:56:41,265 - portable_sam_fusion - INFO - [DEBUG-JITTER] epoch=30 step=8800 area_ratio_count=64 area_ratio_mean=1 area_ratio_sum=64 fallback_count=0 mean_iou=1 num_jittered=0 num_rois=64
2026-07-30 05:56:41,265 - portable_sam_fusion - INFO - [DEBUG-SP] epoch=30 step=8800 all_invalid_count=0 all_invalid_ratio=0 empty_count=0 empty_ratio=0 full_count=0 full_ratio=0 mean_point_distance=26.55 n1_gt_valid_count=64 n1_in_gt_bg=0.7969 n1_in_gt_bg_count=51 n1_valid_count=64 n1_valid_ratio=1 n2_gt_valid_count=64 n2_in_gt_bg=1 n2_in_gt_bg_count=64 n2_valid_count=64 n2_valid_ratio=1 neg_in_pred_bg=1 neg_in_pred_bg_count=128 negative_pair_count=64 negative_pair_distance_sum=2641 p1_gt_valid_count=64 p1_in_gt_fg=1 p1_in_gt_fg_count=64 p1_valid_count=64 p1_valid_ratio=1 p2_gt_valid_count=64 p2_in_gt_fg=1 p2_in_gt_fg_count=64 p2_valid_count=64 p2_valid_ratio=1 point_distance_sum=3398 point_overlap_count=0 point_overlap_ratio=0 point_pair_count=128 pos_in_pred_fg=1 pos_in_pred_fg_count=128 positive_pair_count=64 positive_pair_distance_sum=757.4 roi_count=64 valid_neg_count=128 valid_pos_count=128 warmup_stage=2
2026-07-30 05:57:05,110 - portable_sam_fusion - INFO - Epoch 30 detailed losses: loss_rpn_cls=0.0089, loss_rpn_bbox=0.0038, loss_cls=0.1537, acc=94.0933, loss_bbox=0.0595, loss_mask=0.0013, debug_mask_pos_rois=56.7177, debug_mask_logit_mean=-15.8871, debug_mask_logit_std=2.8190, debug_mask_prob_mean=0.0052, debug_mask_prob_ge05=0.0052, debug_mask_target_fill=0.0052, loss_shape_prior=0.0201, loss_p2_boundary_refiner=0.0176, schedule/det_weight=1.0000
2026-07-30 05:57:05,110 - portable_sam_fusion - INFO - Epoch 30 dense residual monitor: alpha=0.287691 source_delta_norm=12.6988 applied_delta_norm=3.6540 source_delta_ratio=0.543689 applied_delta_ratio=0.156444
2026-07-30 05:57:05,110 - portable_sam_fusion - INFO - Epoch 30 P2 boundary refiner: raw_dice=0.8305 refined_dice=0.8291 raw_iou=0.7777 refined_iou=0.7754 raw_boundary_f1=0.9127 refined_boundary_f1=0.9130
2026-07-30 05:57:05,110 - portable_sam_fusion - INFO - Epoch 30 P2 boundary support: valid=79.23% rejected=20.77% coverage=0.3417 delta_abs=0.109879 nonzero=34.17% saturated=8.73% p2_norm=52.9418 highpass_norm=3.8612 support_fg=57.18%
2026-07-30 05:57:05,110 - portable_sam_fusion - INFO - Epoch 30 primary loss shares: det=85.30% final_mask=0.48% shape=7.58% p2_boundary=6.65%
2026-07-30 05:57:05,110 - portable_sam_fusion - INFO - Epoch 30 schedule: det_loss_weight=1.000 early_stop_start=20 min_delta=0.0005
2026-07-30 05:57:05,110 - portable_sam_fusion - INFO - Epoch 30 learning rates: sat_backbone=3.54e-04, mask_decoder=3.54e-04, shape_prior=3.54e-04, p2_boundary_refiner=3.54e-04, quality_head=3.54e-04, sat_other=3.54e-04
2026-07-30 06:00:10,630 - portable_sam_fusion - INFO - Validation samples: GT=15926, DT=16810, avg_masks_per_image=26.81, avg_mask_fill=0.0065
creating index...
index created!
Loading and preparing results...
DONE (t=0.03s)
creating index...
index created!
Running per image evaluation...
Evaluate annotation type *bbox*
DONE (t=10.75s).
Accumulating evaluation results...
DONE (t=0.18s).
 Average Precision  (AP) @[ IoU=0.50:0.95 | area=   all | maxDets=100 ] = 0.704
 Average Precision  (AP) @[ IoU=0.50      | area=   all | maxDets=100 ] = 0.889
 Average Precision  (AP) @[ IoU=0.75      | area=   all | maxDets=100 ] = 0.819
 Average Precision  (AP) @[ IoU=0.50:0.95 | area= small | maxDets=100 ] = 0.327
 Average Precision  (AP) @[ IoU=0.50:0.95 | area=medium | maxDets=100 ] = 0.744
 Average Precision  (AP) @[ IoU=0.50:0.95 | area= large | maxDets=100 ] = 0.793
 Average Recall     (AR) @[ IoU=0.50:0.95 | area=   all | maxDets=  1 ] = 0.026
 Average Recall     (AR) @[ IoU=0.50:0.95 | area=   all | maxDets= 10 ] = 0.191
 Average Recall     (AR) @[ IoU=0.50:0.95 | area=   all | maxDets=100 ] = 0.748
 Average Recall     (AR) @[ IoU=0.50:0.95 | area= small | maxDets=100 ] = 0.426
 Average Recall     (AR) @[ IoU=0.50:0.95 | area=medium | maxDets=100 ] = 0.787
 Average Recall     (AR) @[ IoU=0.50:0.95 | area= large | maxDets=100 ] = 0.843
2026-07-30 06:00:21,792 - portable_sam_fusion - INFO - Validation bbox/mAP: 0.7044 bbox/mAP_75: 0.8186
Running per image evaluation...
Evaluate annotation type *segm*
DONE (t=10.97s).
Accumulating evaluation results...
DONE (t=0.18s).
 Average Precision  (AP) @[ IoU=0.50:0.95 | area=   all | maxDets=100 ] = 0.630
 Average Precision  (AP) @[ IoU=0.50      | area=   all | maxDets=100 ] = 0.890
 Average Precision  (AP) @[ IoU=0.75      | area=   all | maxDets=100 ] = 0.753
 Average Precision  (AP) @[ IoU=0.50:0.95 | area= small | maxDets=100 ] = 0.227
 Average Precision  (AP) @[ IoU=0.50:0.95 | area=medium | maxDets=100 ] = 0.656
 Average Precision  (AP) @[ IoU=0.50:0.95 | area= large | maxDets=100 ] = 0.780
 Average Recall     (AR) @[ IoU=0.50:0.95 | area=   all | maxDets=  1 ] = 0.025
 Average Recall     (AR) @[ IoU=0.50:0.95 | area=   all | maxDets= 10 ] = 0.179
 Average Recall     (AR) @[ IoU=0.50:0.95 | area=   all | maxDets=100 ] = 0.667
 Average Recall     (AR) @[ IoU=0.50:0.95 | area= small | maxDets=100 ] = 0.300
 Average Recall     (AR) @[ IoU=0.50:0.95 | area=medium | maxDets=100 ] = 0.694
 Average Recall     (AR) @[ IoU=0.50:0.95 | area= large | maxDets=100 ] = 0.822
2026-07-30 06:00:32,972 - portable_sam_fusion - INFO - Validation segm/mAP: 0.6304
2026-07-30 06:00:33,595 - portable_sam_fusion - INFO - Early-stop metric (segm/mAP): raw=0.6304 smooth(5)=0.6241 best=0.6321 counter=8
2026-07-30 06:00:38,882 - portable_sam_fusion - INFO - Epoch 30/80 | train=0.264782 val=disabled segm/mAP=0.6304 bbox/mAP=0.7044 | best_segm=0.6480 best_bbox=0.7081 best_comp=0.0000 | sat_backbone=3.54e-04 mask_decoder=3.54e-04 shape_prior=3.54e-04 p2_boundary_refiner=3.54e-04 quality_head=3.54e-04 sat_other=3.54e-04
2026-07-30 06:01:17,632 - portable_sam_fusion - INFO - [DEBUG-BOX] epoch=31 step=8850 fallback_count=0 fallback_ratio=0 num_rois=64 refined_proposal_iou=0 refined_proposal_iou_sum=0 refined_valid_count=0
2026-07-30 06:01:17,632 - portable_sam_fusion - INFO - [DEBUG-COARSE] epoch=31 step=8850 bce_raw=0.2039 boundary_fn=4099 boundary_fp=2782 boundary_loss_local_sum=16.76 boundary_tp=2.486e+04 dice=0.1018 dice_loss_raw=0.1018 iou=0.8203 loss_support_foreground_sum=3.109e+04 loss_support_pixel_sum=5.392e+04 loss_valid_roi_count=40 loss_weight=0.1 raw_boundary_fn=4099 raw_boundary_fp=2782 raw_boundary_tp=2.486e+04 raw_dice_score=0.8982 raw_iou=0.8203 refined_boundary_fn=4159 refined_boundary_fp=2821 refined_boundary_tp=2.471e+04 refined_dice_score=0.8958 refined_iou=0.8164 weighted_loss=0.03057
2026-07-30 06:01:17,632 - portable_sam_fusion - INFO - [DEBUG-CONTEXT] epoch=31 step=8850 enabled=0
2026-07-30 06:01:17,632 - portable_sam_fusion - INFO - [DEBUG-DENSE] epoch=31 step=8850 applied_delta_norm=2.837 applied_delta_ratio=0.1214 base_norm=23.36 canvas_max=8 canvas_mean=0.0006008 canvas_min=-8 canvas_nonzero_ratio=0.004522 canvas_std=0.3888 final_norm=23.48 residual_alpha=0.2959 shape_norm=25.24 source_delta_norm=9.586 source_delta_ratio=0.4104
2026-07-30 06:01:17,632 - portable_sam_fusion - INFO - [DEBUG-GATE] epoch=31 step=8850 shape_dense_alpha_max=0.2959 shape_dense_alpha_mean=0.2959 shape_dense_alpha_min=0.2959
2026-07-30 06:01:17,632 - portable_sam_fusion - INFO - [DEBUG-JITTER] epoch=31 step=8850 area_ratio_count=64 area_ratio_mean=1 area_ratio_sum=64 fallback_count=0 mean_iou=1 num_jittered=0 num_rois=64
2026-07-30 06:01:17,632 - portable_sam_fusion - INFO - [DEBUG-SP] epoch=31 step=8850 all_invalid_count=0 all_invalid_ratio=0 empty_count=0 empty_ratio=0 full_count=0 full_ratio=0 mean_point_distance=27.12 n1_gt_valid_count=64 n1_in_gt_bg=0.8281 n1_in_gt_bg_count=53 n1_valid_count=64 n1_valid_ratio=1 n2_gt_valid_count=64 n2_in_gt_bg=1 n2_in_gt_bg_count=64 n2_valid_count=64 n2_valid_ratio=1 neg_in_pred_bg=1 neg_in_pred_bg_count=128 negative_pair_count=64 negative_pair_distance_sum=2716 p1_gt_valid_count=64 p1_in_gt_fg=1 p1_in_gt_fg_count=64 p1_valid_count=64 p1_valid_ratio=1 p2_gt_valid_count=64 p2_in_gt_fg=1 p2_in_gt_fg_count=64 p2_valid_count=64 p2_valid_ratio=1 point_distance_sum=3471 point_overlap_count=0 point_overlap_ratio=0 point_pair_count=128 pos_in_pred_fg=1 pos_in_pred_fg_count=128 positive_pair_count=64 positive_pair_distance_sum=755.6 roi_count=64 valid_neg_count=128 valid_pos_count=128 warmup_stage=2
2026-07-30 06:02:22,687 - portable_sam_fusion - INFO - [DEBUG-BOX] epoch=31 step=8900 fallback_count=0 fallback_ratio=0 num_rois=64 refined_proposal_iou=0 refined_proposal_iou_sum=0 refined_valid_count=0
2026-07-30 06:02:22,687 - portable_sam_fusion - INFO - [DEBUG-COARSE] epoch=31 step=8900 bce_raw=0.1973 boundary_fn=2768 boundary_fp=3755 boundary_loss_local_sum=20.68 boundary_tp=2.352e+04 dice=0.07666 dice_loss_raw=0.07666 iou=0.86 loss_support_foreground_sum=4.401e+04 loss_support_pixel_sum=6.874e+04 loss_valid_roi_count=52 loss_weight=0.1 raw_boundary_fn=2768 raw_boundary_fp=3755 raw_boundary_tp=2.352e+04 raw_dice_score=0.9233 raw_iou=0.86 refined_boundary_fn=2780 refined_boundary_fp=3771 refined_boundary_tp=2.35e+04 refined_dice_score=0.9221 refined_iou=0.8578 weighted_loss=0.0274
2026-07-30 06:02:22,687 - portable_sam_fusion - INFO - [DEBUG-CONTEXT] epoch=31 step=8900 enabled=0
2026-07-30 06:02:22,687 - portable_sam_fusion - INFO - [DEBUG-DENSE] epoch=31 step=8900 applied_delta_norm=2.724 applied_delta_ratio=0.1166 base_norm=23.36 canvas_max=8 canvas_mean=0.001792 canvas_min=-8 canvas_nonzero_ratio=0.00417 canvas_std=0.3719 final_norm=23.47 residual_alpha=0.297 shape_norm=25.16 source_delta_norm=9.172 source_delta_ratio=0.3927
2026-07-30 06:02:22,687 - portable_sam_fusion - INFO - [DEBUG-GATE] epoch=31 step=8900 shape_dense_alpha_max=0.297 shape_dense_alpha_mean=0.297 shape_dense_alpha_min=0.297
2026-07-30 06:02:22,687 - portable_sam_fusion - INFO - [DEBUG-JITTER] epoch=31 step=8900 area_ratio_count=64 area_ratio_mean=1 area_ratio_sum=64 fallback_count=0 mean_iou=1 num_jittered=0 num_rois=64
2026-07-30 06:02:22,687 - portable_sam_fusion - INFO - [DEBUG-SP] epoch=31 step=8900 all_invalid_count=0 all_invalid_ratio=0 empty_count=0 empty_ratio=0 full_count=0 full_ratio=0 mean_point_distance=24.3 n1_gt_valid_count=64 n1_in_gt_bg=0.7188 n1_in_gt_bg_count=46 n1_valid_count=64 n1_valid_ratio=1 n2_gt_valid_count=64 n2_in_gt_bg=0.9844 n2_in_gt_bg_count=63 n2_valid_count=64 n2_valid_ratio=1 neg_in_pred_bg=1 neg_in_pred_bg_count=128 negative_pair_count=64 negative_pair_distance_sum=2290 p1_gt_valid_count=64 p1_in_gt_fg=1 p1_in_gt_fg_count=64 p1_valid_count=64 p1_valid_ratio=1 p2_gt_valid_count=64 p2_in_gt_fg=1 p2_in_gt_fg_count=64 p2_valid_count=64 p2_valid_ratio=1 point_distance_sum=3110 point_overlap_count=0 point_overlap_ratio=0 point_pair_count=128 pos_in_pred_fg=1 pos_in_pred_fg_count=128 positive_pair_count=64 positive_pair_distance_sum=820.3 roi_count=64 valid_neg_count=128 valid_pos_count=128 warmup_stage=2
2026-07-30 06:03:17,132 - portable_sam_fusion - INFO - epoch 31 | mini-batch 120/294 | optimizer_step 2250/5920 | lr=3.499e-04
2026-07-30 06:03:30,784 - portable_sam_fusion - INFO - [DEBUG-BOX] epoch=31 step=8950 fallback_count=0 fallback_ratio=0 num_rois=64 refined_proposal_iou=0 refined_proposal_iou_sum=0 refined_valid_count=0
2026-07-30 06:03:30,784 - portable_sam_fusion - INFO - [DEBUG-COARSE] epoch=31 step=8950 bce_raw=0.1316 boundary_fn=1506 boundary_fp=1869 boundary_loss_local_sum=17.3 boundary_tp=2.467e+04 dice=0.0649 dice_loss_raw=0.0649 iou=0.8798 loss_support_foreground_sum=3.683e+04 loss_support_pixel_sum=6.861e+04 loss_valid_roi_count=53 loss_weight=0.1 raw_boundary_fn=1506 raw_boundary_fp=1869 raw_boundary_tp=2.467e+04 raw_dice_score=0.9351 raw_iou=0.8798 refined_boundary_fn=1442 refined_boundary_fp=1772 refined_boundary_tp=2.473e+04 refined_dice_score=0.9336 refined_iou=0.8773 weighted_loss=0.01965
2026-07-30 06:03:30,784 - portable_sam_fusion - INFO - [DEBUG-CONTEXT] epoch=31 step=8950 enabled=0
2026-07-30 06:03:30,784 - portable_sam_fusion - INFO - [DEBUG-DENSE] epoch=31 step=8950 applied_delta_norm=3.119 applied_delta_ratio=0.1335 base_norm=23.36 canvas_max=8 canvas_mean=0.004984 canvas_min=-8 canvas_nonzero_ratio=0.004966 canvas_std=0.4278 final_norm=23.5 residual_alpha=0.2977 shape_norm=25.59 source_delta_norm=10.48 source_delta_ratio=0.4486
2026-07-30 06:03:30,784 - portable_sam_fusion - INFO - [DEBUG-GATE] epoch=31 step=8950 shape_dense_alpha_max=0.2977 shape_dense_alpha_mean=0.2977 shape_dense_alpha_min=0.2977
2026-07-30 06:03:30,784 - portable_sam_fusion - INFO - [DEBUG-JITTER] epoch=31 step=8950 area_ratio_count=64 area_ratio_mean=1 area_ratio_sum=64 fallback_count=0 mean_iou=1 num_jittered=0 num_rois=64
2026-07-30 06:03:30,784 - portable_sam_fusion - INFO - [DEBUG-SP] epoch=31 step=8950 all_invalid_count=0 all_invalid_ratio=0 empty_count=0 empty_ratio=0 full_count=0 full_ratio=0 mean_point_distance=29 n1_gt_valid_count=64 n1_in_gt_bg=0.875 n1_in_gt_bg_count=56 n1_valid_count=64 n1_valid_ratio=1 n2_gt_valid_count=64 n2_in_gt_bg=1 n2_in_gt_bg_count=64 n2_valid_count=64 n2_valid_ratio=1 neg_in_pred_bg=1 neg_in_pred_bg_count=128 negative_pair_count=64 negative_pair_distance_sum=2760 p1_gt_valid_count=64 p1_in_gt_fg=1 p1_in_gt_fg_count=64 p1_valid_count=64 p1_valid_ratio=1 p2_gt_valid_count=64 p2_in_gt_fg=1 p2_in_gt_fg_count=64 p2_valid_count=64 p2_valid_ratio=1 point_distance_sum=3712 point_overlap_count=0 point_overlap_ratio=0 point_pair_count=128 pos_in_pred_fg=1 pos_in_pred_fg_count=128 positive_pair_count=64 positive_pair_distance_sum=952.4 roi_count=64 valid_neg_count=128 valid_pos_count=128 warmup_stage=2
2026-07-30 06:04:35,843 - portable_sam_fusion - INFO - [DEBUG-BOX] epoch=31 step=9000 fallback_count=0 fallback_ratio=0 num_rois=64 refined_proposal_iou=0 refined_proposal_iou_sum=0 refined_valid_count=0
2026-07-30 06:04:35,844 - portable_sam_fusion - INFO - [DEBUG-COARSE] epoch=31 step=9000 bce_raw=0.2099 boundary_fn=3195 boundary_fp=5001 boundary_loss_local_sum=13.41 boundary_tp=2.516e+04 dice=0.1228 dice_loss_raw=0.1228 iou=0.789 loss_support_foreground_sum=2.132e+04 loss_support_pixel_sum=4.39e+04 loss_valid_roi_count=32 loss_weight=0.1 raw_boundary_fn=3195 raw_boundary_fp=5001 raw_boundary_tp=2.516e+04 raw_dice_score=0.8772 raw_iou=0.789 refined_boundary_fn=3186 refined_boundary_fp=5015 refined_boundary_tp=2.517e+04 refined_dice_score=0.8762 refined_iou=0.7873 weighted_loss=0.03327
2026-07-30 06:04:35,844 - portable_sam_fusion - INFO - [DEBUG-CONTEXT] epoch=31 step=9000 enabled=0
2026-07-30 06:04:35,844 - portable_sam_fusion - INFO - [DEBUG-DENSE] epoch=31 step=9000 applied_delta_norm=4.251 applied_delta_ratio=0.182 base_norm=23.36 canvas_max=8 canvas_mean=-0.007561 canvas_min=-8 canvas_nonzero_ratio=0.01052 canvas_std=0.5647 final_norm=23.66 residual_alpha=0.298 shape_norm=27.56 source_delta_norm=14.27 source_delta_ratio=0.6108
2026-07-30 06:04:35,844 - portable_sam_fusion - INFO - [DEBUG-GATE] epoch=31 step=9000 shape_dense_alpha_max=0.298 shape_dense_alpha_mean=0.298 shape_dense_alpha_min=0.298
2026-07-30 06:04:35,844 - portable_sam_fusion - INFO - [DEBUG-JITTER] epoch=31 step=9000 area_ratio_count=64 area_ratio_mean=1 area_ratio_sum=64 fallback_count=0 mean_iou=1 num_jittered=0 num_rois=64
2026-07-30 06:04:35,844 - portable_sam_fusion - INFO - [DEBUG-SP] epoch=31 step=9000 all_invalid_count=0 all_invalid_ratio=0 empty_count=0 empty_ratio=0 full_count=0 full_ratio=0 mean_point_distance=43.77 n1_gt_valid_count=64 n1_in_gt_bg=0.9219 n1_in_gt_bg_count=59 n1_valid_count=64 n1_valid_ratio=1 n2_gt_valid_count=64 n2_in_gt_bg=1 n2_in_gt_bg_count=64 n2_valid_count=64 n2_valid_ratio=1 neg_in_pred_bg=1 neg_in_pred_bg_count=128 negative_pair_count=64 negative_pair_distance_sum=4003 p1_gt_valid_count=64 p1_in_gt_fg=0.9844 p1_in_gt_fg_count=63 p1_valid_count=64 p1_valid_ratio=1 p2_gt_valid_count=64 p2_in_gt_fg=0.9844 p2_in_gt_fg_count=63 p2_valid_count=64 p2_valid_ratio=1 point_distance_sum=5603 point_overlap_count=0 point_overlap_ratio=0 point_pair_count=128 pos_in_pred_fg=1 pos_in_pred_fg_count=128 positive_pair_count=64 positive_pair_distance_sum=1600 roi_count=64 valid_neg_count=128 valid_pos_count=128 warmup_stage=2
2026-07-30 06:05:39,493 - portable_sam_fusion - INFO - [DEBUG-BOX] epoch=31 step=9050 fallback_count=0 fallback_ratio=0 num_rois=64 refined_proposal_iou=0 refined_proposal_iou_sum=0 refined_valid_count=0
2026-07-30 06:05:39,493 - portable_sam_fusion - INFO - [DEBUG-COARSE] epoch=31 step=9050 bce_raw=0.1207 boundary_fn=2265 boundary_fp=1970 boundary_loss_local_sum=19.61 boundary_tp=2.301e+04 dice=0.05646 dice_loss_raw=0.05646 iou=0.8942 loss_support_foreground_sum=4.203e+04 loss_support_pixel_sum=7.37e+04 loss_valid_roi_count=59 loss_weight=0.1 raw_boundary_fn=2265 raw_boundary_fp=1970 raw_boundary_tp=2.301e+04 raw_dice_score=0.9435 raw_iou=0.8942 refined_boundary_fn=2248 refined_boundary_fp=2057 refined_boundary_tp=2.305e+04 refined_dice_score=0.942 refined_iou=0.8914 weighted_loss=0.01772
2026-07-30 06:05:39,493 - portable_sam_fusion - INFO - [DEBUG-CONTEXT] epoch=31 step=9050 enabled=0
2026-07-30 06:05:39,493 - portable_sam_fusion - INFO - [DEBUG-DENSE] epoch=31 step=9050 applied_delta_norm=3.281 applied_delta_ratio=0.1405 base_norm=23.36 canvas_max=8 canvas_mean=0.008476 canvas_min=-8 canvas_nonzero_ratio=0.005861 canvas_std=0.4694 final_norm=23.53 residual_alpha=0.2982 shape_norm=25.95 source_delta_norm=11 source_delta_ratio=0.471
2026-07-30 06:05:39,493 - portable_sam_fusion - INFO - [DEBUG-GATE] epoch=31 step=9050 shape_dense_alpha_max=0.2982 shape_dense_alpha_mean=0.2982 shape_dense_alpha_min=0.2982
2026-07-30 06:05:39,493 - portable_sam_fusion - INFO - [DEBUG-JITTER] epoch=31 step=9050 area_ratio_count=64 area_ratio_mean=1 area_ratio_sum=64 fallback_count=0 mean_iou=1 num_jittered=0 num_rois=64
2026-07-30 06:05:39,493 - portable_sam_fusion - INFO - [DEBUG-SP] epoch=31 step=9050 all_invalid_count=0 all_invalid_ratio=0 empty_count=0 empty_ratio=0 full_count=0 full_ratio=0 mean_point_distance=27.25 n1_gt_valid_count=64 n1_in_gt_bg=0.8906 n1_in_gt_bg_count=57 n1_valid_count=64 n1_valid_ratio=1 n2_gt_valid_count=64 n2_in_gt_bg=0.9844 n2_in_gt_bg_count=63 n2_valid_count=64 n2_valid_ratio=1 neg_in_pred_bg=1 neg_in_pred_bg_count=128 negative_pair_count=64 negative_pair_distance_sum=2606 p1_gt_valid_count=64 p1_in_gt_fg=1 p1_in_gt_fg_count=64 p1_valid_count=64 p1_valid_ratio=1 p2_gt_valid_count=64 p2_in_gt_fg=1 p2_in_gt_fg_count=64 p2_valid_count=64 p2_valid_ratio=1 point_distance_sum=3488 point_overlap_count=0 point_overlap_ratio=0 point_pair_count=128 pos_in_pred_fg=1 pos_in_pred_fg_count=128 positive_pair_count=64 positive_pair_distance_sum=882 roi_count=64 valid_neg_count=128 valid_pos_count=128 warmup_stage=2
2026-07-30 06:06:44,507 - portable_sam_fusion - INFO - [DEBUG-BOX] epoch=31 step=9100 fallback_count=0 fallback_ratio=0 num_rois=64 refined_proposal_iou=0 refined_proposal_iou_sum=0 refined_valid_count=0
2026-07-30 06:06:44,508 - portable_sam_fusion - INFO - [DEBUG-COARSE] epoch=31 step=9100 bce_raw=0.1618 boundary_fn=2284 boundary_fp=2711 boundary_loss_local_sum=25.52 boundary_tp=2.274e+04 dice=0.06326 dice_loss_raw=0.06326 iou=0.8833 loss_support_foreground_sum=4.685e+04 loss_support_pixel_sum=7.774e+04 loss_valid_roi_count=63 loss_weight=0.1 raw_boundary_fn=2284 raw_boundary_fp=2711 raw_boundary_tp=2.274e+04 raw_dice_score=0.9367 raw_iou=0.8833 refined_boundary_fn=2175 refined_boundary_fp=2727 refined_boundary_tp=2.29e+04 refined_dice_score=0.9352 refined_iou=0.8806 weighted_loss=0.02251
2026-07-30 06:06:44,508 - portable_sam_fusion - INFO - [DEBUG-CONTEXT] epoch=31 step=9100 enabled=0
2026-07-30 06:06:44,508 - portable_sam_fusion - INFO - [DEBUG-DENSE] epoch=31 step=9100 applied_delta_norm=2.925 applied_delta_ratio=0.1252 base_norm=23.36 canvas_max=8 canvas_mean=0.009522 canvas_min=-8 canvas_nonzero_ratio=0.004603 canvas_std=0.4023 final_norm=23.49 residual_alpha=0.2986 shape_norm=25.41 source_delta_norm=9.795 source_delta_ratio=0.4194
2026-07-30 06:06:44,508 - portable_sam_fusion - INFO - [DEBUG-GATE] epoch=31 step=9100 shape_dense_alpha_max=0.2986 shape_dense_alpha_mean=0.2986 shape_dense_alpha_min=0.2986
2026-07-30 06:06:44,508 - portable_sam_fusion - INFO - [DEBUG-JITTER] epoch=31 step=9100 area_ratio_count=64 area_ratio_mean=1 area_ratio_sum=64 fallback_count=0 mean_iou=1 num_jittered=0 num_rois=64
2026-07-30 06:06:44,508 - portable_sam_fusion - INFO - [DEBUG-SP] epoch=31 step=9100 all_invalid_count=0 all_invalid_ratio=0 empty_count=0 empty_ratio=0 full_count=0 full_ratio=0 mean_point_distance=23.47 n1_gt_valid_count=64 n1_in_gt_bg=0.75 n1_in_gt_bg_count=48 n1_valid_count=64 n1_valid_ratio=1 n2_gt_valid_count=64 n2_in_gt_bg=0.9531 n2_in_gt_bg_count=61 n2_valid_count=64 n2_valid_ratio=1 neg_in_pred_bg=1 neg_in_pred_bg_count=128 negative_pair_count=64 negative_pair_distance_sum=2194 p1_gt_valid_count=64 p1_in_gt_fg=1 p1_in_gt_fg_count=64 p1_valid_count=64 p1_valid_ratio=1 p2_gt_valid_count=64 p2_in_gt_fg=1 p2_in_gt_fg_count=64 p2_valid_count=64 p2_valid_ratio=1 point_distance_sum=3004 point_overlap_count=0 point_overlap_ratio=0 point_pair_count=128 pos_in_pred_fg=1 pos_in_pred_fg_count=128 positive_pair_count=64 positive_pair_distance_sum=809.4 roi_count=64 valid_neg_count=128 valid_pos_count=128 warmup_stage=2
2026-07-30 06:07:03,319 - portable_sam_fusion - INFO - Epoch 31 detailed losses: loss_rpn_cls=0.0111, loss_rpn_bbox=0.0037, loss_cls=0.1549, acc=93.9885, loss_bbox=0.0598, loss_mask=0.0013, loss_p2_boundary_refiner=0.0174, schedule/det_weight=1.0000, debug_mask_pos_rois=56.1293, debug_mask_logit_mean=-14.9990, debug_mask_logit_std=2.6802, debug_mask_prob_mean=0.0047, debug_mask_prob_ge05=0.0046, debug_mask_target_fill=0.0047, loss_shape_prior=0.0199
2026-07-30 06:07:03,319 - portable_sam_fusion - INFO - Epoch 31 dense residual monitor: alpha=0.289351 source_delta_norm=12.5808 applied_delta_norm=3.6386 source_delta_ratio=0.538634 applied_delta_ratio=0.155782
2026-07-30 06:07:03,319 - portable_sam_fusion - INFO - Epoch 31 P2 boundary refiner: raw_dice=0.8300 refined_dice=0.8287 raw_iou=0.7764 refined_iou=0.7743 raw_boundary_f1=0.9107 refined_boundary_f1=0.9111
2026-07-30 06:07:03,319 - portable_sam_fusion - INFO - Epoch 31 P2 boundary support: valid=79.08% rejected=20.92% coverage=0.3409 delta_abs=0.109418 nonzero=34.09% saturated=8.59% p2_norm=52.4714 highpass_norm=3.8893 support_fg=56.72%
2026-07-30 06:07:03,319 - portable_sam_fusion - INFO - Epoch 31 primary loss shares: det=85.60% final_mask=0.50% shape=7.41% p2_boundary=6.48%
2026-07-30 06:07:03,319 - portable_sam_fusion - INFO - Epoch 31 schedule: det_loss_weight=1.000 early_stop_start=20 min_delta=0.0005
2026-07-30 06:07:03,319 - portable_sam_fusion - INFO - Epoch 31 learning rates: sat_backbone=3.44e-04, mask_decoder=3.44e-04, shape_prior=3.44e-04, p2_boundary_refiner=3.44e-04, quality_head=3.44e-04, sat_other=3.44e-04
2026-07-30 06:09:57,124 - portable_sam_fusion - INFO - Validation samples: GT=15926, DT=16644, avg_masks_per_image=26.55, avg_mask_fill=0.0049
creating index...
index created!
Loading and preparing results...
DONE (t=0.02s)
creating index...
index created!
Running per image evaluation...
Evaluate annotation type *bbox*
DONE (t=10.49s).
Accumulating evaluation results...
DONE (t=0.16s).
 Average Precision  (AP) @[ IoU=0.50:0.95 | area=   all | maxDets=100 ] = 0.712
 Average Precision  (AP) @[ IoU=0.50      | area=   all | maxDets=100 ] = 0.890
 Average Precision  (AP) @[ IoU=0.75      | area=   all | maxDets=100 ] = 0.828
 Average Precision  (AP) @[ IoU=0.50:0.95 | area= small | maxDets=100 ] = 0.330
 Average Precision  (AP) @[ IoU=0.50:0.95 | area=medium | maxDets=100 ] = 0.754
 Average Precision  (AP) @[ IoU=0.50:0.95 | area= large | maxDets=100 ] = 0.796
 Average Recall     (AR) @[ IoU=0.50:0.95 | area=   all | maxDets=  1 ] = 0.026
 Average Recall     (AR) @[ IoU=0.50:0.95 | area=   all | maxDets= 10 ] = 0.193
 Average Recall     (AR) @[ IoU=0.50:0.95 | area=   all | maxDets=100 ] = 0.756
 Average Recall     (AR) @[ IoU=0.50:0.95 | area= small | maxDets=100 ] = 0.430
 Average Recall     (AR) @[ IoU=0.50:0.95 | area=medium | maxDets=100 ] = 0.800
 Average Recall     (AR) @[ IoU=0.50:0.95 | area= large | maxDets=100 ] = 0.839
2026-07-30 06:10:08,003 - portable_sam_fusion - INFO - Validation bbox/mAP: 0.7116 bbox/mAP_75: 0.8282
Running per image evaluation...
Evaluate annotation type *segm*
DONE (t=10.71s).
Accumulating evaluation results...
DONE (t=0.17s).
 Average Precision  (AP) @[ IoU=0.50:0.95 | area=   all | maxDets=100 ] = 0.634
 Average Precision  (AP) @[ IoU=0.50      | area=   all | maxDets=100 ] = 0.891
 Average Precision  (AP) @[ IoU=0.75      | area=   all | maxDets=100 ] = 0.756
 Average Precision  (AP) @[ IoU=0.50:0.95 | area= small | maxDets=100 ] = 0.226
 Average Precision  (AP) @[ IoU=0.50:0.95 | area=medium | maxDets=100 ] = 0.661
 Average Precision  (AP) @[ IoU=0.50:0.95 | area= large | maxDets=100 ] = 0.785
 Average Recall     (AR) @[ IoU=0.50:0.95 | area=   all | maxDets=  1 ] = 0.025
 Average Recall     (AR) @[ IoU=0.50:0.95 | area=   all | maxDets= 10 ] = 0.180
 Average Recall     (AR) @[ IoU=0.50:0.95 | area=   all | maxDets=100 ] = 0.673
 Average Recall     (AR) @[ IoU=0.50:0.95 | area= small | maxDets=100 ] = 0.303
 Average Recall     (AR) @[ IoU=0.50:0.95 | area=medium | maxDets=100 ] = 0.701
 Average Recall     (AR) @[ IoU=0.50:0.95 | area= large | maxDets=100 ] = 0.824
2026-07-30 06:10:18,916 - portable_sam_fusion - INFO - Validation segm/mAP: 0.6336
2026-07-30 06:10:19,549 - portable_sam_fusion - INFO - New best bbox/mAP: 0.7116
2026-07-30 06:10:19,549 - portable_sam_fusion - INFO - Early-stop metric (segm/mAP): raw=0.6336 smooth(5)=0.6257 best=0.6321 counter=9
2026-07-30 06:10:22,091 - portable_sam_fusion - INFO - Saved best_bbox_model with bbox/mAP: 0.7116
2026-07-30 06:10:27,494 - portable_sam_fusion - INFO - Epoch 31/80 | train=0.268124 val=disabled segm/mAP=0.6336 bbox/mAP=0.7116 | best_segm=0.6480 best_bbox=0.7116 best_comp=0.0000 | sat_backbone=3.44e-04 mask_decoder=3.44e-04 shape_prior=3.44e-04 p2_boundary_refiner=3.44e-04 quality_head=3.44e-04 sat_other=3.44e-04
2026-07-30 06:10:59,067 - portable_sam_fusion - INFO - epoch 32 | mini-batch 24/294 | optimizer_step 2300/5920 | lr=3.436e-04
2026-07-30 06:11:13,244 - portable_sam_fusion - INFO - [DEBUG-BOX] epoch=32 step=9150 fallback_count=0 fallback_ratio=0 num_rois=64 refined_proposal_iou=0 refined_proposal_iou_sum=0 refined_valid_count=0
2026-07-30 06:11:13,244 - portable_sam_fusion - INFO - [DEBUG-COARSE] epoch=32 step=9150 bce_raw=0.1348 boundary_fn=1920 boundary_fp=1977 boundary_loss_local_sum=14.06 boundary_tp=2.528e+04 dice=0.07974 dice_loss_raw=0.07974 iou=0.856 loss_support_foreground_sum=3.108e+04 loss_support_pixel_sum=5.949e+04 loss_valid_roi_count=45 loss_weight=0.1 raw_boundary_fn=1920 raw_boundary_fp=1977 raw_boundary_tp=2.528e+04 raw_dice_score=0.9203 raw_iou=0.856 refined_boundary_fn=1865 refined_boundary_fp=1910 refined_boundary_tp=2.536e+04 refined_dice_score=0.9199 refined_iou=0.8555 weighted_loss=0.02146
2026-07-30 06:11:13,244 - portable_sam_fusion - INFO - [DEBUG-CONTEXT] epoch=32 step=9150 enabled=0
2026-07-30 06:11:13,244 - portable_sam_fusion - INFO - [DEBUG-DENSE] epoch=32 step=9150 applied_delta_norm=4.11 applied_delta_ratio=0.176 base_norm=23.36 canvas_max=8 canvas_mean=-0.01663 canvas_min=-8 canvas_nonzero_ratio=0.009899 canvas_std=0.6284 final_norm=23.65 residual_alpha=0.2988 shape_norm=27.29 source_delta_norm=13.76 source_delta_ratio=0.5889
2026-07-30 06:11:13,244 - portable_sam_fusion - INFO - [DEBUG-GATE] epoch=32 step=9150 shape_dense_alpha_max=0.2988 shape_dense_alpha_mean=0.2988 shape_dense_alpha_min=0.2988
2026-07-30 06:11:13,244 - portable_sam_fusion - INFO - [DEBUG-JITTER] epoch=32 step=9150 area_ratio_count=64 area_ratio_mean=1 area_ratio_sum=64 fallback_count=0 mean_iou=1 num_jittered=0 num_rois=64
2026-07-30 06:11:13,244 - portable_sam_fusion - INFO - [DEBUG-SP] epoch=32 step=9150 all_invalid_count=0 all_invalid_ratio=0 empty_count=0 empty_ratio=0 full_count=0 full_ratio=0 mean_point_distance=37.3 n1_gt_valid_count=64 n1_in_gt_bg=0.9375 n1_in_gt_bg_count=60 n1_valid_count=64 n1_valid_ratio=1 n2_gt_valid_count=64 n2_in_gt_bg=1 n2_in_gt_bg_count=64 n2_valid_count=64 n2_valid_ratio=1 neg_in_pred_bg=1 neg_in_pred_bg_count=128 negative_pair_count=64 negative_pair_distance_sum=3288 p1_gt_valid_count=64 p1_in_gt_fg=1 p1_in_gt_fg_count=64 p1_valid_count=64 p1_valid_ratio=1 p2_gt_valid_count=64 p2_in_gt_fg=0.9844 p2_in_gt_fg_count=63 p2_valid_count=64 p2_valid_ratio=1 point_distance_sum=4774 point_overlap_count=0 point_overlap_ratio=0 point_pair_count=128 pos_in_pred_fg=1 pos_in_pred_fg_count=128 positive_pair_count=64 positive_pair_distance_sum=1486 roi_count=64 valid_neg_count=128 valid_pos_count=128 warmup_stage=2
2026-07-30 06:12:18,554 - portable_sam_fusion - INFO - [DEBUG-BOX] epoch=32 step=9200 fallback_count=0 fallback_ratio=0 num_rois=64 refined_proposal_iou=0 refined_proposal_iou_sum=0 refined_valid_count=0
2026-07-30 06:12:18,554 - portable_sam_fusion - INFO - [DEBUG-COARSE] epoch=32 step=9200 bce_raw=0.1283 boundary_fn=1633 boundary_fp=1720 boundary_loss_local_sum=22.77 boundary_tp=2.134e+04 dice=0.04901 dice_loss_raw=0.04901 iou=0.9077 loss_support_foreground_sum=4.51e+04 loss_support_pixel_sum=6.961e+04 loss_valid_roi_count=63 loss_weight=0.1 raw_boundary_fn=1633 raw_boundary_fp=1720 raw_boundary_tp=2.134e+04 raw_dice_score=0.951 raw_iou=0.9077 refined_boundary_fn=1743 refined_boundary_fp=1859 refined_boundary_tp=2.122e+04 refined_dice_score=0.9489 refined_iou=0.9039 weighted_loss=0.01773
2026-07-30 06:12:18,554 - portable_sam_fusion - INFO - [DEBUG-CONTEXT] epoch=32 step=9200 enabled=0
2026-07-30 06:12:18,554 - portable_sam_fusion - INFO - [DEBUG-DENSE] epoch=32 step=9200 applied_delta_norm=2.795 applied_delta_ratio=0.1197 base_norm=23.36 canvas_max=8 canvas_mean=0.01489 canvas_min=-7.89 canvas_nonzero_ratio=0.004044 canvas_std=0.3608 final_norm=23.48 residual_alpha=0.299 shape_norm=25.24 source_delta_norm=9.35 source_delta_ratio=0.4003
2026-07-30 06:12:18,554 - portable_sam_fusion - INFO - [DEBUG-GATE] epoch=32 step=9200 shape_dense_alpha_max=0.299 shape_dense_alpha_mean=0.299 shape_dense_alpha_min=0.299
2026-07-30 06:12:18,554 - portable_sam_fusion - INFO - [DEBUG-JITTER] epoch=32 step=9200 area_ratio_count=64 area_ratio_mean=1 area_ratio_sum=64 fallback_count=0 mean_iou=1 num_jittered=0 num_rois=64
2026-07-30 06:12:18,554 - portable_sam_fusion - INFO - [DEBUG-SP] epoch=32 step=9200 all_invalid_count=0 all_invalid_ratio=0 empty_count=0 empty_ratio=0 full_count=1 full_ratio=0.01562 mean_point_distance=18.09 n1_gt_valid_count=63 n1_in_gt_bg=0.8095 n1_in_gt_bg_count=51 n1_valid_count=63 n1_valid_ratio=0.9844 n2_gt_valid_count=60 n2_in_gt_bg=0.9333 n2_in_gt_bg_count=56 n2_valid_count=60 n2_valid_ratio=0.9375 neg_in_pred_bg=1 neg_in_pred_bg_count=123 negative_pair_count=60 negative_pair_distance_sum=1564 p1_gt_valid_count=64 p1_in_gt_fg=1 p1_in_gt_fg_count=64 p1_valid_count=64 p1_valid_ratio=1 p2_gt_valid_count=64 p2_in_gt_fg=1 p2_in_gt_fg_count=64 p2_valid_count=64 p2_valid_ratio=1 point_distance_sum=2243 point_overlap_count=0 point_overlap_ratio=0 point_pair_count=124 pos_in_pred_fg=1 pos_in_pred_fg_count=128 positive_pair_count=64 positive_pair_distance_sum=679.4 roi_count=64 valid_neg_count=123 valid_pos_count=128 warmup_stage=2
2026-07-30 06:13:24,450 - portable_sam_fusion - INFO - [DEBUG-BOX] epoch=32 step=9250 fallback_count=0 fallback_ratio=0 num_rois=64 refined_proposal_iou=0 refined_proposal_iou_sum=0 refined_valid_count=0
2026-07-30 06:13:24,450 - portable_sam_fusion - INFO - [DEBUG-COARSE] epoch=32 step=9250 bce_raw=0.119 boundary_fn=1746 boundary_fp=1712 boundary_loss_local_sum=18.53 boundary_tp=2.369e+04 dice=0.04849 dice_loss_raw=0.04849 iou=0.9084 loss_support_foreground_sum=4.188e+04 loss_support_pixel_sum=7.109e+04 loss_valid_roi_count=58 loss_weight=0.1 raw_boundary_fn=1746 raw_boundary_fp=1712 raw_boundary_tp=2.369e+04 raw_dice_score=0.9515 raw_iou=0.9084 refined_boundary_fn=1680 refined_boundary_fp=1669 refined_boundary_tp=2.384e+04 refined_dice_score=0.9505 refined_iou=0.9065 weighted_loss=0.01674
2026-07-30 06:13:24,450 - portable_sam_fusion - INFO - [DEBUG-CONTEXT] epoch=32 step=9250 enabled=0
2026-07-30 06:13:24,450 - portable_sam_fusion - INFO - [DEBUG-DENSE] epoch=32 step=9250 applied_delta_norm=3.541 applied_delta_ratio=0.1516 base_norm=23.36 canvas_max=8 canvas_mean=0.01035 canvas_min=-8 canvas_nonzero_ratio=0.006024 canvas_std=0.5032 final_norm=23.54 residual_alpha=0.2991 shape_norm=26.08 source_delta_norm=11.84 source_delta_ratio=0.5069
2026-07-30 06:13:24,450 - portable_sam_fusion - INFO - [DEBUG-GATE] epoch=32 step=9250 shape_dense_alpha_max=0.2991 shape_dense_alpha_mean=0.2991 shape_dense_alpha_min=0.2991
2026-07-30 06:13:24,450 - portable_sam_fusion - INFO - [DEBUG-JITTER] epoch=32 step=9250 area_ratio_count=64 area_ratio_mean=1 area_ratio_sum=64 fallback_count=0 mean_iou=1 num_jittered=0 num_rois=64
2026-07-30 06:13:24,450 - portable_sam_fusion - INFO - [DEBUG-SP] epoch=32 step=9250 all_invalid_count=0 all_invalid_ratio=0 empty_count=0 empty_ratio=0 full_count=1 full_ratio=0.01562 mean_point_distance=27.11 n1_gt_valid_count=63 n1_in_gt_bg=0.9206 n1_in_gt_bg_count=58 n1_valid_count=63 n1_valid_ratio=0.9844 n2_gt_valid_count=63 n2_in_gt_bg=0.9841 n2_in_gt_bg_count=62 n2_valid_count=63 n2_valid_ratio=0.9844 neg_in_pred_bg=1 neg_in_pred_bg_count=126 negative_pair_count=63 negative_pair_distance_sum=2520 p1_gt_valid_count=64 p1_in_gt_fg=1 p1_in_gt_fg_count=64 p1_valid_count=64 p1_valid_ratio=1 p2_gt_valid_count=64 p2_in_gt_fg=1 p2_in_gt_fg_count=64 p2_valid_count=64 p2_valid_ratio=1 point_distance_sum=3443 point_overlap_count=0 point_overlap_ratio=0 point_pair_count=127 pos_in_pred_fg=1 pos_in_pred_fg_count=128 positive_pair_count=64 positive_pair_distance_sum=923.8 roi_count=64 valid_neg_count=126 valid_pos_count=128 warmup_stage=2
2026-07-30 06:14:32,321 - portable_sam_fusion - INFO - [DEBUG-BOX] epoch=32 step=9300 fallback_count=0 fallback_ratio=0 num_rois=64 refined_proposal_iou=0 refined_proposal_iou_sum=0 refined_valid_count=0
2026-07-30 06:14:32,322 - portable_sam_fusion - INFO - [DEBUG-COARSE] epoch=32 step=9300 bce_raw=0.1437 boundary_fn=2137 boundary_fp=1886 boundary_loss_local_sum=11.83 boundary_tp=2.625e+04 dice=0.07174 dice_loss_raw=0.07174 iou=0.8682 loss_support_foreground_sum=2.801e+04 loss_support_pixel_sum=4.762e+04 loss_valid_roi_count=36 loss_weight=0.1 raw_boundary_fn=2137 raw_boundary_fp=1886 raw_boundary_tp=2.625e+04 raw_dice_score=0.9283 raw_iou=0.8682 refined_boundary_fn=2101 refined_boundary_fp=1912 refined_boundary_tp=2.631e+04 refined_dice_score=0.9276 refined_iou=0.867 weighted_loss=0.02155
2026-07-30 06:14:32,322 - portable_sam_fusion - INFO - [DEBUG-CONTEXT] epoch=32 step=9300 enabled=0
2026-07-30 06:14:32,322 - portable_sam_fusion - INFO - [DEBUG-DENSE] epoch=32 step=9300 applied_delta_norm=3.977 applied_delta_ratio=0.1703 base_norm=23.36 canvas_max=8 canvas_mean=-0.001956 canvas_min=-8 canvas_nonzero_ratio=0.008308 canvas_std=0.5807 final_norm=23.6 residual_alpha=0.2993 shape_norm=26.84 source_delta_norm=13.29 source_delta_ratio=0.569
2026-07-30 06:14:32,322 - portable_sam_fusion - INFO - [DEBUG-GATE] epoch=32 step=9300 shape_dense_alpha_max=0.2993 shape_dense_alpha_mean=0.2993 shape_dense_alpha_min=0.2993
2026-07-30 06:14:32,322 - portable_sam_fusion - INFO - [DEBUG-JITTER] epoch=32 step=9300 area_ratio_count=64 area_ratio_mean=1 area_ratio_sum=64 fallback_count=0 mean_iou=1 num_jittered=0 num_rois=64
2026-07-30 06:14:32,322 - portable_sam_fusion - INFO - [DEBUG-SP] epoch=32 step=9300 all_invalid_count=0 all_invalid_ratio=0 empty_count=0 empty_ratio=0 full_count=0 full_ratio=0 mean_point_distance=35.15 n1_gt_valid_count=64 n1_in_gt_bg=0.7812 n1_in_gt_bg_count=50 n1_valid_count=64 n1_valid_ratio=1 n2_gt_valid_count=64 n2_in_gt_bg=1 n2_in_gt_bg_count=64 n2_valid_count=64 n2_valid_ratio=1 neg_in_pred_bg=1 neg_in_pred_bg_count=128 negative_pair_count=64 negative_pair_distance_sum=3389 p1_gt_valid_count=64 p1_in_gt_fg=1 p1_in_gt_fg_count=64 p1_valid_count=64 p1_valid_ratio=1 p2_gt_valid_count=64 p2_in_gt_fg=1 p2_in_gt_fg_count=64 p2_valid_count=64 p2_valid_ratio=1 point_distance_sum=4499 point_overlap_count=0 point_overlap_ratio=0 point_pair_count=128 pos_in_pred_fg=1 pos_in_pred_fg_count=128 positive_pair_count=64 positive_pair_distance_sum=1110 roi_count=64 valid_neg_count=128 valid_pos_count=128 warmup_stage=2
2026-07-30 06:15:17,708 - portable_sam_fusion - INFO - epoch 32 | mini-batch 224/294 | optimizer_step 2350/5920 | lr=3.374e-04
2026-07-30 06:15:33,054 - portable_sam_fusion - INFO - [DEBUG-BOX] epoch=32 step=9350 fallback_count=0 fallback_ratio=0 num_rois=64 refined_proposal_iou=0 refined_proposal_iou_sum=0 refined_valid_count=0
2026-07-30 06:15:33,054 - portable_sam_fusion - INFO - [DEBUG-COARSE] epoch=32 step=9350 bce_raw=0.1758 boundary_fn=3842 boundary_fp=2743 boundary_loss_local_sum=17.19 boundary_tp=2.438e+04 dice=0.1028 dice_loss_raw=0.1028 iou=0.8168 loss_support_foreground_sum=2.915e+04 loss_support_pixel_sum=5.664e+04 loss_valid_roi_count=42 loss_weight=0.1 raw_boundary_fn=3842 raw_boundary_fp=2743 raw_boundary_tp=2.438e+04 raw_dice_score=0.8972 raw_iou=0.8168 refined_boundary_fn=3876 refined_boundary_fp=2748 refined_boundary_tp=2.435e+04 refined_dice_score=0.8948 refined_iou=0.8129 weighted_loss=0.02786
2026-07-30 06:15:33,054 - portable_sam_fusion - INFO - [DEBUG-CONTEXT] epoch=32 step=9350 enabled=0
2026-07-30 06:15:33,054 - portable_sam_fusion - INFO - [DEBUG-DENSE] epoch=32 step=9350 applied_delta_norm=3.351 applied_delta_ratio=0.1435 base_norm=23.36 canvas_max=8 canvas_mean=-0.006898 canvas_min=-8 canvas_nonzero_ratio=0.007987 canvas_std=0.533 final_norm=23.6 residual_alpha=0.2994 shape_norm=26.47 source_delta_norm=11.19 source_delta_ratio=0.4792
2026-07-30 06:15:33,054 - portable_sam_fusion - INFO - [DEBUG-GATE] epoch=32 step=9350 shape_dense_alpha_max=0.2994 shape_dense_alpha_mean=0.2994 shape_dense_alpha_min=0.2994
2026-07-30 06:15:33,054 - portable_sam_fusion - INFO - [DEBUG-JITTER] epoch=32 step=9350 area_ratio_count=64 area_ratio_mean=1 area_ratio_sum=64 fallback_count=0 mean_iou=1 num_jittered=0 num_rois=64
2026-07-30 06:15:33,054 - portable_sam_fusion - INFO - [DEBUG-SP] epoch=32 step=9350 all_invalid_count=0 all_invalid_ratio=0 empty_count=0 empty_ratio=0 full_count=0 full_ratio=0 mean_point_distance=30.01 n1_gt_valid_count=64 n1_in_gt_bg=0.9375 n1_in_gt_bg_count=60 n1_valid_count=64 n1_valid_ratio=1 n2_gt_valid_count=64 n2_in_gt_bg=1 n2_in_gt_bg_count=64 n2_valid_count=64 n2_valid_ratio=1 neg_in_pred_bg=1 neg_in_pred_bg_count=128 negative_pair_count=64 negative_pair_distance_sum=2757 p1_gt_valid_count=64 p1_in_gt_fg=1 p1_in_gt_fg_count=64 p1_valid_count=64 p1_valid_ratio=1 p2_gt_valid_count=64 p2_in_gt_fg=1 p2_in_gt_fg_count=64 p2_valid_count=64 p2_valid_ratio=1 point_distance_sum=3841 point_overlap_count=0 point_overlap_ratio=0 point_pair_count=128 pos_in_pred_fg=1 pos_in_pred_fg_count=128 positive_pair_count=64 positive_pair_distance_sum=1084 roi_count=64 valid_neg_count=128 valid_pos_count=128 warmup_stage=2
2026-07-30 06:16:37,626 - portable_sam_fusion - INFO - [DEBUG-BOX] epoch=32 step=9400 fallback_count=0 fallback_ratio=0 num_rois=64 refined_proposal_iou=0 refined_proposal_iou_sum=0 refined_valid_count=0
2026-07-30 06:16:37,626 - portable_sam_fusion - INFO - [DEBUG-COARSE] epoch=32 step=9400 bce_raw=0.1368 boundary_fn=2062 boundary_fp=1304 boundary_loss_local_sum=10.01 boundary_tp=2.778e+04 dice=0.08158 dice_loss_raw=0.08158 iou=0.8503 loss_support_foreground_sum=2.265e+04 loss_support_pixel_sum=4.382e+04 loss_valid_roi_count=32 loss_weight=0.1 raw_boundary_fn=2062 raw_boundary_fp=1304 raw_boundary_tp=2.778e+04 raw_dice_score=0.9184 raw_iou=0.8503 refined_boundary_fn=2112 refined_boundary_fp=1361 refined_boundary_tp=2.774e+04 refined_dice_score=0.917 refined_iou=0.8479 weighted_loss=0.02184
2026-07-30 06:16:37,626 - portable_sam_fusion - INFO - [DEBUG-CONTEXT] epoch=32 step=9400 enabled=0
2026-07-30 06:16:37,626 - portable_sam_fusion - INFO - [DEBUG-DENSE] epoch=32 step=9400 applied_delta_norm=3.461 applied_delta_ratio=0.1482 base_norm=23.36 canvas_max=8 canvas_mean=-0.002285 canvas_min=-8 canvas_nonzero_ratio=0.006453 canvas_std=0.4587 final_norm=23.54 residual_alpha=0.2996 shape_norm=26.04 source_delta_norm=11.55 source_delta_ratio=0.4946
2026-07-30 06:16:37,626 - portable_sam_fusion - INFO - [DEBUG-GATE] epoch=32 step=9400 shape_dense_alpha_max=0.2996 shape_dense_alpha_mean=0.2996 shape_dense_alpha_min=0.2996
2026-07-30 06:16:37,626 - portable_sam_fusion - INFO - [DEBUG-JITTER] epoch=32 step=9400 area_ratio_count=64 area_ratio_mean=1 area_ratio_sum=64 fallback_count=0 mean_iou=1 num_jittered=0 num_rois=64
2026-07-30 06:16:37,626 - portable_sam_fusion - INFO - [DEBUG-SP] epoch=32 step=9400 all_invalid_count=0 all_invalid_ratio=0 empty_count=0 empty_ratio=0 full_count=0 full_ratio=0 mean_point_distance=31.77 n1_gt_valid_count=64 n1_in_gt_bg=0.9219 n1_in_gt_bg_count=59 n1_valid_count=64 n1_valid_ratio=1 n2_gt_valid_count=64 n2_in_gt_bg=1 n2_in_gt_bg_count=64 n2_valid_count=64 n2_valid_ratio=1 neg_in_pred_bg=1 neg_in_pred_bg_count=128 negative_pair_count=64 negative_pair_distance_sum=3152 p1_gt_valid_count=64 p1_in_gt_fg=1 p1_in_gt_fg_count=64 p1_valid_count=64 p1_valid_ratio=1 p2_gt_valid_count=64 p2_in_gt_fg=1 p2_in_gt_fg_count=64 p2_valid_count=64 p2_valid_ratio=1 point_distance_sum=4067 point_overlap_count=0 point_overlap_ratio=0 point_pair_count=128 pos_in_pred_fg=1 pos_in_pred_fg_count=128 positive_pair_count=64 positive_pair_distance_sum=914.5 roi_count=64 valid_neg_count=128 valid_pos_count=128 warmup_stage=2
2026-07-30 06:16:47,473 - portable_sam_fusion - INFO - Epoch 32 detailed losses: loss_rpn_cls=0.0085, loss_rpn_bbox=0.0037, loss_cls=0.1492, acc=94.2341, loss_bbox=0.0581, loss_mask=0.0011, debug_mask_pos_rois=56.9966, debug_mask_logit_mean=-15.2290, debug_mask_logit_std=2.6736, debug_mask_prob_mean=0.0049, debug_mask_prob_ge05=0.0048, debug_mask_target_fill=0.0049, loss_shape_prior=0.0188, loss_p2_boundary_refiner=0.0173, schedule/det_weight=1.0000
2026-07-30 06:16:47,473 - portable_sam_fusion - INFO - Epoch 32 dense residual monitor: alpha=0.290769 source_delta_norm=12.6395 applied_delta_norm=3.6742 source_delta_ratio=0.541149 applied_delta_ratio=0.157308
2026-07-30 06:16:47,473 - portable_sam_fusion - INFO - Epoch 32 P2 boundary refiner: raw_dice=0.8333 refined_dice=0.8319 raw_iou=0.7812 refined_iou=0.7788 raw_boundary_f1=0.9158 refined_boundary_f1=0.9160
2026-07-30 06:16:47,473 - portable_sam_fusion - INFO - Epoch 32 P2 boundary support: valid=79.26% rejected=20.74% coverage=0.3411 delta_abs=0.110028 nonzero=34.11% saturated=9.07% p2_norm=52.0272 highpass_norm=3.9095 support_fg=56.84%
2026-07-30 06:16:47,473 - portable_sam_fusion - INFO - Epoch 32 primary loss shares: det=85.53% final_mask=0.43% shape=7.31% p2_boundary=6.73%
2026-07-30 06:16:47,473 - portable_sam_fusion - INFO - Epoch 32 schedule: det_loss_weight=1.000 early_stop_start=20 min_delta=0.0005
2026-07-30 06:16:47,473 - portable_sam_fusion - INFO - Epoch 32 learning rates: sat_backbone=3.35e-04, mask_decoder=3.35e-04, shape_prior=3.35e-04, p2_boundary_refiner=3.35e-04, quality_head=3.35e-04, sat_other=3.35e-04
2026-07-30 06:19:46,158 - portable_sam_fusion - INFO - Validation samples: GT=15926, DT=16348, avg_masks_per_image=26.07, avg_mask_fill=0.0050
creating index...
index created!
Loading and preparing results...
DONE (t=0.02s)
creating index...
index created!
Running per image evaluation...
Evaluate annotation type *bbox*
DONE (t=10.25s).
Accumulating evaluation results...
DONE (t=0.17s).
 Average Precision  (AP) @[ IoU=0.50:0.95 | area=   all | maxDets=100 ] = 0.694
 Average Precision  (AP) @[ IoU=0.50      | area=   all | maxDets=100 ] = 0.888
 Average Precision  (AP) @[ IoU=0.75      | area=   all | maxDets=100 ] = 0.815
 Average Precision  (AP) @[ IoU=0.50:0.95 | area= small | maxDets=100 ] = 0.308
 Average Precision  (AP) @[ IoU=0.50:0.95 | area=medium | maxDets=100 ] = 0.741
 Average Precision  (AP) @[ IoU=0.50:0.95 | area= large | maxDets=100 ] = 0.776
 Average Recall     (AR) @[ IoU=0.50:0.95 | area=   all | maxDets=  1 ] = 0.025
 Average Recall     (AR) @[ IoU=0.50:0.95 | area=   all | maxDets= 10 ] = 0.189
 Average Recall     (AR) @[ IoU=0.50:0.95 | area=   all | maxDets=100 ] = 0.744
 Average Recall     (AR) @[ IoU=0.50:0.95 | area= small | maxDets=100 ] = 0.402
 Average Recall     (AR) @[ IoU=0.50:0.95 | area=medium | maxDets=100 ] = 0.793
 Average Recall     (AR) @[ IoU=0.50:0.95 | area= large | maxDets=100 ] = 0.824
2026-07-30 06:19:56,760 - portable_sam_fusion - INFO - Validation bbox/mAP: 0.6937 bbox/mAP_75: 0.8145
Running per image evaluation...
Evaluate annotation type *segm*
DONE (t=10.54s).
Accumulating evaluation results...
DONE (t=0.17s).
 Average Precision  (AP) @[ IoU=0.50:0.95 | area=   all | maxDets=100 ] = 0.629
 Average Precision  (AP) @[ IoU=0.50      | area=   all | maxDets=100 ] = 0.889
 Average Precision  (AP) @[ IoU=0.75      | area=   all | maxDets=100 ] = 0.759
 Average Precision  (AP) @[ IoU=0.50:0.95 | area= small | maxDets=100 ] = 0.216
 Average Precision  (AP) @[ IoU=0.50:0.95 | area=medium | maxDets=100 ] = 0.657
 Average Precision  (AP) @[ IoU=0.50:0.95 | area= large | maxDets=100 ] = 0.789
 Average Recall     (AR) @[ IoU=0.50:0.95 | area=   all | maxDets=  1 ] = 0.025
 Average Recall     (AR) @[ IoU=0.50:0.95 | area=   all | maxDets= 10 ] = 0.181
 Average Recall     (AR) @[ IoU=0.50:0.95 | area=   all | maxDets=100 ] = 0.673
 Average Recall     (AR) @[ IoU=0.50:0.95 | area= small | maxDets=100 ] = 0.287
 Average Recall     (AR) @[ IoU=0.50:0.95 | area=medium | maxDets=100 ] = 0.704
 Average Recall     (AR) @[ IoU=0.50:0.95 | area= large | maxDets=100 ] = 0.829
2026-07-30 06:20:07,502 - portable_sam_fusion - INFO - Validation segm/mAP: 0.6290
2026-07-30 06:20:08,599 - portable_sam_fusion - INFO - Early-stop metric (segm/mAP): raw=0.6290 smooth(5)=0.6272 best=0.6321 counter=10
2026-07-30 06:20:13,743 - portable_sam_fusion - INFO - Epoch 32/80 | train=0.256653 val=disabled segm/mAP=0.6290 bbox/mAP=0.6937 | best_segm=0.6480 best_bbox=0.7116 best_comp=0.0000 | sat_backbone=3.35e-04 mask_decoder=3.35e-04 shape_prior=3.35e-04 p2_boundary_refiner=3.35e-04 quality_head=3.35e-04 sat_other=3.35e-04
2026-07-30 06:20:13,743 - portable_sam_fusion - INFO - Early stopping triggered (patience=10)
