terminal_log=/home/wangcheng/project/new/portable_sam2_explicit_coarse/logs/ablations/prompt_content_point_p2_0_from_r1_best_tr0.2_va1.0_20260731_221716_pid1163598.log
/home/wangcheng/miniconda3/envs/cvt2/lib/python3.9/site-packages/imagecorruptions/corruptions.py:17: UserWarning: pkg_resources is deprecated as an API. See https://setuptools.pypa.io/en/latest/pkg_resources.html. The pkg_resources package is slated for removal as early as 2025-11-30. Refrain from using this package or pin to Setuptools<81.
  from pkg_resources import resource_filename
{"ablation_id": "pafpn_coarse_points_emb64_p2br0", "architecture_contract": {"architecture_id": "pafpn_coarse_points_emb64_p2br0", "model_fingerprint": "b0e3808f15ca33fd5db31b5e2f82019536f1940f086568a6eb018550afb696c9", "schema_version": 2}, "config": "configs/whu1024_baseplus_explicit_coarse.py", "dense_prompt_config": {"clamp_range": [-8.0, 8.0], "detach_input": true, "foreground_threshold": 0.5, "gaussian_gamma": 4.0, "gaussian_omega": 15.0, "outside_fill_logit": 0.0, "temperature": 1.0, "transform": "raw_logits"}, "dense_prompt_enabled": false, "explicit_prompt_mode": "points", "final_mask_coordinate_mode": "roi_local", "final_mask_loss_config": {}, "final_mask_loss_mode": "standard", "neck": "RSSAM2PAFPN", "p2_boundary_refiner_config": {"aligned": true, "beta": 0.2, "boundary_band_radius": 2, "boundary_loss_weight": 0.05, "coarse_size": 64, "delta_logit_max": 2.0, "enabled": false, "foreground_thr": 0.5, "max_search_coverage": 0.5, "mid_channels": 64, "p2_in_channels": 512, "projected_channels": 64, "roi_output_size": 32, "sampling_ratio": 0, "search_band_radius": 4, "spatial_scale": 0.25, "zero_init_residual": true}, "p2_boundary_refiner_enabled": false, "prompt_encoder_enabled": true, "prompt_encoder_train_mask_downscaling": false, "prompt_route": "coarse", "prompt_sparse_mode": "shape_point", "quality_head_enabled": false, "roi_sam_config": {}, "roi_sam_enabled": false, "sam_image_embedding_size": 64, "sam_image_embedding_stride": 16, "segm_score_key": "scores", "segm_score_mode": "detector", "shape_context_fusion": "roi_only", "shape_loss_schedule_mode": "fixed", "shape_point_adaptive_validity": true, "shape_prior_enabled": true, "shape_prior_loss_weight": 0.1, "subset_seed": 44, "train_subset_ratio": 0.2, "val_subset_ratio": 1.0}
ablation contract: OK
============================================================
resolved_hyperparameters_begin
timestamp=20260731_221716
environment_config=/home/wangcheng/project/new/portable_sam2_explicit_coarse/configs/environment.local.sh
git_commit=4ffd61d44ef0704e730e7c0feb796e978f0802ea
ablation_id=pafpn_coarse_points_emb64_p2br0
expected_architecture_id=pafpn_coarse_points_emb64_p2br0
run_tag=prompt_content_point_p2_0_from_r1_best
run_suffix=
neck_type=pafpn
prompt_route=coarse
prompt_generator_mode=explicit_mask
prompt_sparse_mode=shape_point
prompt_encoder_enabled=1
shape_prior_enabled=1
explicit_prompt_mode=points
shape_dense_transform=raw_logits
shape_dense_detach=1
shape_gaussian_foreground_threshold=0.5
shape_gaussian_omega=15.0
shape_gaussian_gamma=4.0
p2_boundary_refiner_enabled=0
final_mask_coordinate_mode=roi_local
final_mask_loss_mode=standard
final_mask_roi_expand_ratio=1.20
final_mask_roi_bce_weight=1.0
final_mask_roi_dice_weight=1.0
final_mask_outside_bce_weight=0.05
roi_sam_enabled=0
roi_sam_sampling_ratio=2
sam_image_embedding_stride=16
sam_image_embedding_size=64
train_subset_ratio=0.2
val_subset_ratio=1.0
val_batch_size=1
subset_seed=44
python=/home/wangcheng/miniconda3/envs/cvt2/bin/python
nproc_per_node=2
master_port=29732
master_port_source=environment
ddp_timeout_seconds=1800
ddp_timeout_source=baseline_default
ddp_control_backend=gloo
ddp_control_timeout_seconds=86400
cuda_visible_devices=0,3
batch_size_per_rank=1
grad_accum_steps=4
effective_global_batch_size=8
epochs=20
learning_rate=5e-5
amp=0
ema_enabled=0
ema_decay=0.999
ema_eval=0
ema_save_best=0
val_every_n_epochs=1
compute_val_loss=0
save_bbox_best_metric=bbox/mAP
segm_score_mode=detector
early_stopping_patience=5
early_stopping_start_epoch=1
early_stopping_min_delta=5e-4
early_stopping_smooth_window=5
sat_backbone_lr_mult=1.0
sat_other_lr_mult=1.0
mask_decoder_lr_mult=1.0
no_mask_lr_mult=1.0
prompt_encoder_lr_mult=0.0
prompt_encoder_train_mask_downscaling=0
shape_prior_lr_mult=1.0
shape_context_fusion=roi_only
p2_boundary_refiner_lr_mult=1.0
p2_boundary_refiner_projected_channels=64
p2_boundary_refiner_mid_channels=64
p2_boundary_refiner_delta_logit_max=2.0
p2_boundary_refiner_loss_weight=0.05
allow_cross_arch_init=1
warmup_iters=100
weight_decay=0.05
det_loss_stage1_end=5
det_loss_stage2_end=10
det_loss_weight_stage1=1.0
det_loss_weight_stage2=1.0
det_loss_weight_stage3=1.0
ema_update_every=1
ema_eval_start_epoch=5
shape_point_adaptive_validity=1
shape_loss_schedule_mode=fixed
shape_prior_loss_weight=0.10
shape_loss_stage1_end=5
shape_loss_weight_stage1=0.20
shape_loss_weight_stage2=0.10
point_warmup_enabled=0
point_warmup_no_point_epochs=0
point_warmup_one_pair_epochs=0
point_warmup_full_start_epoch=1
prompt_debug_stats=1
prompt_debug_stats_interval=50
max_train_batches=0
max_val_batches=0
init_from=/data1/wangcheng/checkpoint/portable_sam2_explicit_coarse/ablations/r1_c4_rd_pafpn_coarse_points_box_raw_detach_roi_local_emb64_tr0.2_va1.0/best_model_epoch80.pth
init_exclude_prefixes=
resume_from=
check_data=0
preflight_model=0
dry_run=0
run_in_background=0
sam2_repo=/home/wangcheng/project/new/sam2
sam2_checkpoint=/data1/wangcheng/pretrained/sam2_hiera_base_plus.pt
data_root=/data1/wangcheng/dataset/WHU
checkpoint_root=/data1/wangcheng/checkpoint/portable_sam2_explicit_coarse
log_root=/home/wangcheng/project/new/portable_sam2_explicit_coarse/logs
tmp_root=/tmp/portable_sam2_explicit_coarse
config=configs/whu1024_baseplus_explicit_coarse.py
checkpoint_dir=/data1/wangcheng/checkpoint/portable_sam2_explicit_coarse/ablations/prompt_content_point_p2_0_from_r1_best_tr0.2_va1.0
log_file=/home/wangcheng/project/new/portable_sam2_explicit_coarse/logs/ablations/prompt_content_point_p2_0_from_r1_best_tr0.2_va1.0_20260731_221716_pid1163598.log
command= /home/wangcheng/miniconda3/envs/cvt2/bin/python -m torch.distributed.run --nproc_per_node=2 --master_port=29732 train/train_rsprompter_fusion.py --config configs/whu1024_baseplus_explicit_coarse.py --data-root /data1/wangcheng/dataset/WHU --use-whu-coco --image-size 1024 1024 --batch-size 1 --grad-accum-steps 4 --epochs 20 --lr 5e-5 --checkpoint-dir /data1/wangcheng/checkpoint/portable_sam2_explicit_coarse/ablations/prompt_content_point_p2_0_from_r1_best_tr0.2_va1.0 --train-subset-ratio 0.2 --val-subset-ratio 1.0 --val-batch-size 1 --seed 44 --amp 0 --ema-enabled 0 --ema-decay 0.999 --ema-eval 0 --ema-save-best 0 --val-every-n-epochs 1 --compute-val-loss 0 --early-stopping-patience 5 --early-stopping-start-epoch 1 --early-stopping-min-delta 5e-4 --early-stopping-smooth-window 5 --sat-backbone-lr-mult 1.0 --sat-other-lr-mult 1.0 --mask-decoder-lr-mult 1.0 --no-mask-lr-mult 1.0 --prompt-encoder-lr-mult 0.0 --shape-prior-lr-mult 1.0 --p2-boundary-refiner-lr-mult 1.0 --warmup-iters 100 --weight-decay 0.05 --det-loss-stage1-end 5 --det-loss-stage2-end 10 --det-loss-weight-stage1 1.0 --det-loss-weight-stage2 1.0 --det-loss-weight-stage3 1.0 --ema-update-every 1 --ema-eval-start-epoch 5 --prompt-debug-stats 1 --prompt-debug-stats-interval 50 --init-from /data1/wangcheng/checkpoint/portable_sam2_explicit_coarse/ablations/r1_c4_rd_pafpn_coarse_points_box_raw_detach_roi_local_emb64_tr0.2_va1.0/best_model_epoch80.pth --allow-cross-arch-init
resolved_hyperparameters_end
============================================================
launch_mode=foreground

*****************************************
Setting OMP_NUM_THREADS environment variable for each process to be 1 in default, to avoid your system being overloaded, please further tune the variable for optimal performance in your application as needed. 
*****************************************
/home/wangcheng/miniconda3/envs/cvt2/lib/python3.9/site-packages/imagecorruptions/corruptions.py:17: UserWarning: pkg_resources is deprecated as an API. See https://setuptools.pypa.io/en/latest/pkg_resources.html. The pkg_resources package is slated for removal as early as 2025-11-30. Refrain from using this package or pin to Setuptools<81.
  from pkg_resources import resource_filename
/home/wangcheng/miniconda3/envs/cvt2/lib/python3.9/site-packages/imagecorruptions/corruptions.py:17: UserWarning: pkg_resources is deprecated as an API. See https://setuptools.pypa.io/en/latest/pkg_resources.html. The pkg_resources package is slated for removal as early as 2025-11-30. Refrain from using this package or pin to Setuptools<81.
  from pkg_resources import resource_filename
[seed] Random seed fixed to 44 | cudnn.deterministic=True
[Gloo] Rank [Gloo] Rank 1 is connected to 1 peer ranks. 0Expected number of connected peer ranks is :  is connected to 11
 peer ranks. Expected number of connected peer ranks is : 1
2026-07-31 22:17:30,027 - portable_sam_fusion - INFO - DDP process-group timeout: 1800 seconds
2026-07-31 22:17:30,029 - portable_sam_fusion - INFO - DDP validation control: backend=gloo timeout=86400 seconds
2026-07-31 22:17:30,991 - portable_sam_fusion - INFO - Architecture contract: id=pafpn_coarse_points_emb64_p2br0 schema=2 fingerprint=b0e3808f15ca33fd5db31b5e2f82019536f1940f086568a6eb018550afb696c9
[RSSAM2VisionEncoder] Loading SAM2 base_plus model
  - embed_dim: 112
  - stages: (2, 3, 16, 3)
  - backbone_channels: [896, 448, 224, 112]
Loads checkpoint by local backend from path: /data1/wangcheng/pretrained/sam2_hiera_base_plus.pt
Loads checkpoint by local backend from path: /data1/wangcheng/pretrained/sam2_hiera_base_plus.pt
[ImageEncoder(base_plus)] Loaded 306 keys. missing=0, unexpected=0
[RSSAM2VisionEncoder] Applied LoRA with config:
  - r=16, alpha=32
  - target_modules=['qkv', 'proj']
  - dropout=0.05
  - modules_to_save=['neck']
trainable params: 1,492,528 || all params: 70,599,344 || trainable%: 2.114081966540652
[RSSAM2VisionEncoder] LoRA audit: backbone total=70599344, trainable=1492528, lora_trainable=1061424, unexpected_trainable=0
[SAM2] using package: /home/wangcheng/project/new/sam2/sam2/__init__.py
Loads checkpoint by local backend from path: /data1/wangcheng/pretrained/sam2_hiera_base_plus.pt
Loads checkpoint by local backend from path: /data1/wangcheng/pretrained/sam2_hiera_base_plus.pt
[MaskDecoder] Loaded 131 keys. missing=0, unexpected=0
  use_high_res_features: True
  Has conv_s0: True
  Has conv_s1: True
Loads checkpoint by local backend from path: /data1/wangcheng/pretrained/sam2_hiera_base_plus.pt
Loads checkpoint by local backend from path: /data1/wangcheng/pretrained/sam2_hiera_base_plus.pt
[MaskHead] Initialized no_mask_embed from SAM2 ckpt, frozen, abs_mean=0.01521041
Loads checkpoint by local backend from path: /data1/wangcheng/pretrained/sam2_hiera_base_plus.pt
Loads checkpoint by local backend from path: /data1/wangcheng/pretrained/sam2_hiera_base_plus.pt
[PromptEncoder] Loaded 17 keys. missing=0, unexpected=0
2026-07-31 22:17:32,851 - portable_sam_fusion - INFO - Evaluation score contract: bbox=scores segm=scores mode=detector
2026-07-31 22:17:35,175 - data.whu_instance_dataset - INFO - 加载 WHU 样本: 2943 (train.json)
2026-07-31 22:17:35,302 - data.loader - INFO - WHU train subset: 588/2943 images (ratio=0.200000, seed=44)
2026-07-31 22:17:35,408 - data.whu_instance_dataset - INFO - 加载 WHU 样本: 2943 (train.json)
2026-07-31 22:17:35,416 - data.whu_instance_dataset - INFO - 加载 WHU 样本: 627 (validation.json)
2026-07-31 22:17:35,416 - data.loader - INFO - 创建 WHU 验证集加载器: 627 样本
2026-07-31 22:17:35,554 - data.loader - INFO - WHU train subset: 588/2943 images (ratio=0.200000, seed=44)
2026-07-31 22:17:35,690 - data.whu_instance_dataset - INFO - 加载 WHU 样本: 627 (validation.json)
2026-07-31 22:17:35,690 - data.loader - INFO - 创建 WHU 验证集加载器: 627 样本
2026-07-31 22:17:35,690 - portable_sam_fusion - INFO - Validation policy: rank0_only=1 batch_size=1 every_n_epochs=1 compute_loss=0
2026-07-31 22:17:35,690 - portable_sam_fusion - INFO - Dataset size: 588 | mini-batch/epoch=294 | grad_accum=4 | optimizer_steps/epoch=74 | total_optimizer_steps=1480
2026-07-31 22:17:35,694 - portable_sam_fusion - INFO - Optimizer group sat_backbone    params=1492528 tensors=112 lr=5.000e-05 wd=5.000e-02 first=backbone.encoder.base_model.model.trunk.patch_embed.proj.lora_A.default.weight last=backbone.encoder.base_model.model.neck.modules_to_save.default.convs.3.conv.bias
2026-07-31 22:17:35,694 - portable_sam_fusion - INFO - Optimizer group mask_decoder    params=4082497 tensors=125 lr=5.000e-05 wd=5.000e-02 first=roi_head.mask_head.mask_decoder.decoder.transformer.layers.0.self_attn.q_proj.weight last=roi_head.mask_head.mask_decoder.decoder.pred_obj_score_head.layers.2.bias
2026-07-31 22:17:35,694 - portable_sam_fusion - INFO - Optimizer group shape_prior     params=960385 tensors=18 lr=5.000e-05 wd=5.000e-02 first=roi_head.mask_head.shape_injector.mask_decoder.net.0.weight last=roi_head.mask_head.shape_injector.mask_decoder.net.14.bias
2026-07-31 22:17:35,694 - portable_sam_fusion - INFO - Optimizer group quality_head    params=132612 tensors=6 lr=5.000e-05 wd=5.000e-02 first=roi_head.mask_head.mask_decoder.decoder.iou_prediction_head.layers.0.weight last=roi_head.mask_head.mask_decoder.decoder.iou_prediction_head.layers.2.bias
2026-07-31 22:17:35,694 - portable_sam_fusion - INFO - Optimizer group sat_other       params=37130793 tensors=78 lr=5.000e-05 wd=5.000e-02 first=neck.level_scales last=roi_head.bbox_head.shared_fcs.1.bias
2026-07-31 22:17:35,697 - portable_sam_fusion - INFO - Trainable state backbone               1492528 / 70599344
2026-07-31 22:17:35,697 - portable_sam_fusion - INFO - Trainable state shared_image_embedding absent
2026-07-31 22:17:35,697 - portable_sam_fusion - INFO - Trainable state mask_decoder           4215109 / 4215109
2026-07-31 22:17:35,697 - portable_sam_fusion - INFO - Trainable state no_mask_embed          0 / 256
2026-07-31 22:17:35,697 - portable_sam_fusion - INFO - Trainable state prompt_encoder         0 / 6220
2026-07-31 22:17:35,697 - portable_sam_fusion - INFO - Trainable state shape_injector         960385 / 960385
2026-07-31 22:17:35,697 - portable_sam_fusion - INFO - Trainable state p2_boundary_refiner    absent
2026-07-31 22:17:35,697 - portable_sam_fusion - INFO - Trainable state quality_head           absent
2026-07-31 22:17:35,697 - portable_sam_fusion - INFO - Trainable state uav_roi_retriever      absent
2026-07-31 22:17:35,698 - portable_sam_fusion - INFO - Trainable state uav_roi_gate           absent
2026-07-31 22:17:35,698 - portable_sam_fusion - INFO - Trainable state uav_roi_dense_prompt   absent
2026-07-31 22:17:35,698 - portable_sam_fusion - INFO - Trainable state uav_roi_prompt_adapter absent
2026-07-31 22:17:35,698 - portable_sam_fusion - INFO - Trainable state uav_prompt_adapter_sparse_scale absent
2026-07-31 22:17:35,698 - portable_sam_fusion - INFO - Trainable state uav_prompt_adapter_dense_scale absent
2026-07-31 22:17:35,698 - portable_sam_fusion - INFO - Using user-specified warmup: 100 optimizer steps
2026-07-31 22:17:36,478 - portable_sam_fusion - INFO - Initialized model from /data1/wangcheng/checkpoint/portable_sam2_explicit_coarse/ablations/r1_c4_rd_pafpn_coarse_points_box_raw_detach_roi_local_emb64_tr0.2_va1.0/best_model_epoch80.pth loaded=664 excluded=0 shape_mismatch=0 unexpected=1 missing=0 migrated=0 prefixes=<none>
[DEBUG] RSSAM2PAFPN inputs: 4 tensors
  [0] shape=torch.Size([1, 256, 256, 256]), dtype=torch.float32
  [1] shape=torch.Size([1, 256, 128, 128]), dtype=torch.float32
  [2] shape=torch.Size([1, 256, 64, 64]), dtype=torch.float32
  [3] shape=torch.Size([1, 256, 32, 32]), dtype=torch.float32
2026-07-31 22:18:55,968 - portable_sam_fusion - INFO - [DEBUG-BOX] epoch=1 step=50 fallback_count=0 fallback_ratio=0 num_rois=64 refined_proposal_iou=0 refined_proposal_iou_sum=0 refined_valid_count=0
2026-07-31 22:18:55,968 - portable_sam_fusion - INFO - [DEBUG-COARSE] epoch=1 step=50 bce_raw=0.1086 boundary_fn=802 boundary_fp=1170 boundary_tp=2.712e+04 dice=0.05662 dice_loss_raw=0.05662 iou=0.8937 loss_weight=0.1 raw_boundary_fn=802 raw_boundary_fp=1170 raw_boundary_tp=2.712e+04 raw_dice_score=0.9434 raw_iou=0.8937 weighted_loss=0.01652
2026-07-31 22:18:55,969 - portable_sam_fusion - INFO - [DEBUG-CONTEXT] epoch=1 step=50 enabled=0
2026-07-31 22:18:55,969 - portable_sam_fusion - INFO - [DEBUG-JITTER] epoch=1 step=50 area_ratio_count=64 area_ratio_mean=1 area_ratio_sum=64 fallback_count=0 mean_iou=1 num_jittered=0 num_rois=64
2026-07-31 22:18:55,969 - portable_sam_fusion - INFO - [DEBUG-SP] epoch=1 step=50 all_invalid_count=0 all_invalid_ratio=0 empty_count=0 empty_ratio=0 full_count=0 full_ratio=0 mean_point_distance=37.14 n1_gt_valid_count=64 n1_in_gt_bg=0.9062 n1_in_gt_bg_count=58 n1_valid_count=64 n1_valid_ratio=1 n2_gt_valid_count=64 n2_in_gt_bg=1 n2_in_gt_bg_count=64 n2_valid_count=64 n2_valid_ratio=1 neg_in_pred_bg=1 neg_in_pred_bg_count=128 negative_pair_count=64 negative_pair_distance_sum=3607 p1_gt_valid_count=64 p1_in_gt_fg=1 p1_in_gt_fg_count=64 p1_valid_count=64 p1_valid_ratio=1 p2_gt_valid_count=64 p2_in_gt_fg=1 p2_in_gt_fg_count=64 p2_valid_count=64 p2_valid_ratio=1 point_distance_sum=4754 point_overlap_count=0 point_overlap_ratio=0 point_pair_count=128 pos_in_pred_fg=1 pos_in_pred_fg_count=128 positive_pair_count=64 positive_pair_distance_sum=1147 roi_count=64 valid_neg_count=128 valid_pos_count=128 warmup_stage=2
2026-07-31 22:19:58,977 - portable_sam_fusion - INFO - [DEBUG-BOX] epoch=1 step=100 fallback_count=0 fallback_ratio=0 num_rois=64 refined_proposal_iou=0 refined_proposal_iou_sum=0 refined_valid_count=0
2026-07-31 22:19:58,978 - portable_sam_fusion - INFO - [DEBUG-COARSE] epoch=1 step=100 bce_raw=0.09042 boundary_fn=983 boundary_fp=1258 boundary_tp=2.274e+04 dice=0.04158 dice_loss_raw=0.04158 iou=0.9207 loss_weight=0.1 raw_boundary_fn=983 raw_boundary_fp=1258 raw_boundary_tp=2.274e+04 raw_dice_score=0.9584 raw_iou=0.9207 weighted_loss=0.0132
2026-07-31 22:19:58,978 - portable_sam_fusion - INFO - [DEBUG-CONTEXT] epoch=1 step=100 enabled=0
2026-07-31 22:19:58,978 - portable_sam_fusion - INFO - [DEBUG-JITTER] epoch=1 step=100 area_ratio_count=64 area_ratio_mean=1 area_ratio_sum=64 fallback_count=0 mean_iou=1 num_jittered=0 num_rois=64
2026-07-31 22:19:58,978 - portable_sam_fusion - INFO - [DEBUG-SP] epoch=1 step=100 all_invalid_count=0 all_invalid_ratio=0 empty_count=0 empty_ratio=0 full_count=2 full_ratio=0.03125 mean_point_distance=29.56 n1_gt_valid_count=62 n1_in_gt_bg=0.7581 n1_in_gt_bg_count=47 n1_valid_count=62 n1_valid_ratio=0.9688 n2_gt_valid_count=62 n2_in_gt_bg=0.9839 n2_in_gt_bg_count=61 n2_valid_count=62 n2_valid_ratio=0.9688 neg_in_pred_bg=1 neg_in_pred_bg_count=124 negative_pair_count=62 negative_pair_distance_sum=2574 p1_gt_valid_count=64 p1_in_gt_fg=1 p1_in_gt_fg_count=64 p1_valid_count=64 p1_valid_ratio=1 p2_gt_valid_count=64 p2_in_gt_fg=1 p2_in_gt_fg_count=64 p2_valid_count=64 p2_valid_ratio=1 point_distance_sum=3725 point_overlap_count=0 point_overlap_ratio=0 point_pair_count=126 pos_in_pred_fg=1 pos_in_pred_fg_count=128 positive_pair_count=64 positive_pair_distance_sum=1151 roi_count=64 valid_neg_count=124 valid_pos_count=128 warmup_stage=2
2026-07-31 22:21:04,273 - portable_sam_fusion - INFO - [DEBUG-BOX] epoch=1 step=150 fallback_count=0 fallback_ratio=0 num_rois=64 refined_proposal_iou=0 refined_proposal_iou_sum=0 refined_valid_count=0
2026-07-31 22:21:04,274 - portable_sam_fusion - INFO - [DEBUG-COARSE] epoch=1 step=150 bce_raw=0.1087 boundary_fn=1056 boundary_fp=854 boundary_tp=2.74e+04 dice=0.05681 dice_loss_raw=0.05681 iou=0.8938 loss_weight=0.1 raw_boundary_fn=1056 raw_boundary_fp=854 raw_boundary_tp=2.74e+04 raw_dice_score=0.9432 raw_iou=0.8938 weighted_loss=0.01655
2026-07-31 22:21:04,274 - portable_sam_fusion - INFO - [DEBUG-CONTEXT] epoch=1 step=150 enabled=0
2026-07-31 22:21:04,274 - portable_sam_fusion - INFO - [DEBUG-JITTER] epoch=1 step=150 area_ratio_count=64 area_ratio_mean=1 area_ratio_sum=64 fallback_count=0 mean_iou=1 num_jittered=0 num_rois=64
2026-07-31 22:21:04,274 - portable_sam_fusion - INFO - [DEBUG-SP] epoch=1 step=150 all_invalid_count=0 all_invalid_ratio=0 empty_count=0 empty_ratio=0 full_count=0 full_ratio=0 mean_point_distance=30.52 n1_gt_valid_count=64 n1_in_gt_bg=0.9375 n1_in_gt_bg_count=60 n1_valid_count=64 n1_valid_ratio=1 n2_gt_valid_count=64 n2_in_gt_bg=1 n2_in_gt_bg_count=64 n2_valid_count=64 n2_valid_ratio=1 neg_in_pred_bg=1 neg_in_pred_bg_count=128 negative_pair_count=64 negative_pair_distance_sum=2879 p1_gt_valid_count=64 p1_in_gt_fg=1 p1_in_gt_fg_count=64 p1_valid_count=64 p1_valid_ratio=1 p2_gt_valid_count=64 p2_in_gt_fg=1 p2_in_gt_fg_count=64 p2_valid_count=64 p2_valid_ratio=1 point_distance_sum=3907 point_overlap_count=0 point_overlap_ratio=0 point_pair_count=128 pos_in_pred_fg=1 pos_in_pred_fg_count=128 positive_pair_count=64 positive_pair_distance_sum=1028 roi_count=64 valid_neg_count=128 valid_pos_count=128 warmup_stage=2
2026-07-31 22:22:13,883 - portable_sam_fusion - INFO - [DEBUG-BOX] epoch=1 step=200 fallback_count=0 fallback_ratio=0 num_rois=0 refined_proposal_iou=0 refined_proposal_iou_sum=0 refined_valid_count=0
2026-07-31 22:22:13,884 - portable_sam_fusion - INFO - [DEBUG-COARSE] epoch=1 step=200 boundary_fn=0 boundary_fp=0 boundary_tp=0 dice=0 iou=0
2026-07-31 22:22:13,884 - portable_sam_fusion - INFO - [DEBUG-CONTEXT] epoch=1 step=200 enabled=0
2026-07-31 22:22:13,884 - portable_sam_fusion - INFO - [DEBUG-JITTER] epoch=1 step=200 area_ratio_count=0 area_ratio_mean=0 area_ratio_sum=0 fallback_count=0 mean_iou=0 num_jittered=0 num_rois=0
2026-07-31 22:22:13,884 - portable_sam_fusion - INFO - [DEBUG-SP] epoch=1 step=200 all_invalid_count=0 all_invalid_ratio=0 empty_count=0 empty_ratio=0 full_count=0 full_ratio=0 mean_point_distance=29.14 n1_gt_valid_count=64 n1_in_gt_bg=0.7969 n1_in_gt_bg_count=51 n1_valid_count=64 n1_valid_ratio=1 n2_gt_valid_count=64 n2_in_gt_bg=0.9688 n2_in_gt_bg_count=62 n2_valid_count=64 n2_valid_ratio=1 neg_in_pred_bg=1 neg_in_pred_bg_count=128 negative_pair_count=64 negative_pair_distance_sum=2790 p1_gt_valid_count=64 p1_in_gt_fg=1 p1_in_gt_fg_count=64 p1_valid_count=64 p1_valid_ratio=1 p2_gt_valid_count=64 p2_in_gt_fg=1 p2_in_gt_fg_count=64 p2_valid_count=64 p2_valid_ratio=1 point_distance_sum=3730 point_overlap_count=0 point_overlap_ratio=0 point_pair_count=128 pos_in_pred_fg=1 pos_in_pred_fg_count=128 positive_pair_count=64 positive_pair_distance_sum=940.6 roi_count=64 valid_neg_count=128 valid_pos_count=128 warmup_stage=2
2026-07-31 22:22:14,016 - portable_sam_fusion - INFO - epoch 1 | mini-batch 200/294 | optimizer_step 50/1480 | lr=2.503e-05
2026-07-31 22:23:20,509 - portable_sam_fusion - INFO - [DEBUG-BOX] epoch=1 step=250 fallback_count=0 fallback_ratio=0 num_rois=64 refined_proposal_iou=0 refined_proposal_iou_sum=0 refined_valid_count=0
2026-07-31 22:23:20,509 - portable_sam_fusion - INFO - [DEBUG-COARSE] epoch=1 step=250 bce_raw=0.1089 boundary_fn=1014 boundary_fp=1285 boundary_tp=2.628e+04 dice=0.05224 dice_loss_raw=0.05224 iou=0.9041 loss_weight=0.1 raw_boundary_fn=1014 raw_boundary_fp=1285 raw_boundary_tp=2.628e+04 raw_dice_score=0.9478 raw_iou=0.9041 weighted_loss=0.01612
2026-07-31 22:23:20,509 - portable_sam_fusion - INFO - [DEBUG-CONTEXT] epoch=1 step=250 enabled=0
2026-07-31 22:23:20,509 - portable_sam_fusion - INFO - [DEBUG-JITTER] epoch=1 step=250 area_ratio_count=64 area_ratio_mean=1 area_ratio_sum=64 fallback_count=0 mean_iou=1 num_jittered=0 num_rois=64
2026-07-31 22:23:20,509 - portable_sam_fusion - INFO - [DEBUG-SP] epoch=1 step=250 all_invalid_count=0 all_invalid_ratio=0 empty_count=0 empty_ratio=0 full_count=0 full_ratio=0 mean_point_distance=36.02 n1_gt_valid_count=64 n1_in_gt_bg=0.9062 n1_in_gt_bg_count=58 n1_valid_count=64 n1_valid_ratio=1 n2_gt_valid_count=64 n2_in_gt_bg=1 n2_in_gt_bg_count=64 n2_valid_count=64 n2_valid_ratio=1 neg_in_pred_bg=1 neg_in_pred_bg_count=128 negative_pair_count=64 negative_pair_distance_sum=3519 p1_gt_valid_count=64 p1_in_gt_fg=1 p1_in_gt_fg_count=64 p1_valid_count=64 p1_valid_ratio=1 p2_gt_valid_count=64 p2_in_gt_fg=1 p2_in_gt_fg_count=64 p2_valid_count=64 p2_valid_ratio=1 point_distance_sum=4610 point_overlap_count=0 point_overlap_ratio=0 point_pair_count=128 pos_in_pred_fg=1 pos_in_pred_fg_count=128 positive_pair_count=64 positive_pair_distance_sum=1091 roi_count=64 valid_neg_count=128 valid_pos_count=128 warmup_stage=2
2026-07-31 22:24:16,865 - portable_sam_fusion - INFO - Epoch 1 detailed losses: loss_rpn_cls=0.0024, loss_rpn_bbox=0.0015, loss_cls=0.0720, acc=97.2922, loss_bbox=0.0249, loss_mask=0.4375, schedule/det_weight=1.0000, debug_mask_pos_rois=56.3469, debug_mask_logit_mean=0.4858, debug_mask_logit_std=1.4406, debug_mask_prob_mean=0.5300, debug_mask_prob_ge05=0.5649, debug_mask_target_fill=0.5140, loss_shape_prior=0.0149
2026-07-31 22:24:16,865 - portable_sam_fusion - INFO - Epoch 1 primary loss shares: det=18.22% final_mask=79.08% shape=2.69% p2_boundary=0.00%
2026-07-31 22:24:16,865 - portable_sam_fusion - INFO - Epoch 1 schedule: det_loss_weight=1.000 early_stop_start=1 min_delta=0.0005
2026-07-31 22:24:16,865 - portable_sam_fusion - INFO - Epoch 1 learning rates: sat_backbone=3.70e-05, mask_decoder=3.70e-05, shape_prior=3.70e-05, quality_head=3.70e-05, sat_other=3.70e-05
2026-07-31 22:27:49,354 - portable_sam_fusion - INFO - Cached validation GT as RLE records: images=627
2026-07-31 22:27:49,357 - portable_sam_fusion - INFO - Validation samples: GT=15926, DT=15518, avg_masks_per_image=24.75, avg_mask_fill=0.0050
creating index...
index created!
Loading and preparing results...
DONE (t=0.02s)
creating index...
index created!
Running per image evaluation...
Evaluate annotation type *bbox*
DONE (t=10.12s).
Accumulating evaluation results...
DONE (t=0.14s).
 Average Precision  (AP) @[ IoU=0.50:0.95 | area=   all | maxDets=100 ] = 0.742
 Average Precision  (AP) @[ IoU=0.50      | area=   all | maxDets=100 ] = 0.891
 Average Precision  (AP) @[ IoU=0.75      | area=   all | maxDets=100 ] = 0.832
 Average Precision  (AP) @[ IoU=0.50:0.95 | area= small | maxDets=100 ] = 0.355
 Average Precision  (AP) @[ IoU=0.50:0.95 | area=medium | maxDets=100 ] = 0.778
 Average Precision  (AP) @[ IoU=0.50:0.95 | area= large | maxDets=100 ] = 0.854
 Average Recall     (AR) @[ IoU=0.50:0.95 | area=   all | maxDets=  1 ] = 0.028
 Average Recall     (AR) @[ IoU=0.50:0.95 | area=   all | maxDets= 10 ] = 0.202
 Average Recall     (AR) @[ IoU=0.50:0.95 | area=   all | maxDets=100 ] = 0.784
 Average Recall     (AR) @[ IoU=0.50:0.95 | area= small | maxDets=100 ] = 0.428
 Average Recall     (AR) @[ IoU=0.50:0.95 | area=medium | maxDets=100 ] = 0.824
 Average Recall     (AR) @[ IoU=0.50:0.95 | area= large | maxDets=100 ] = 0.895
2026-07-31 22:28:00,258 - portable_sam_fusion - INFO - Validation bbox/mAP: 0.7422 bbox/mAP_75: 0.8317
Running per image evaluation...
Evaluate annotation type *segm*
DONE (t=10.94s).
Accumulating evaluation results...
DONE (t=0.14s).
 Average Precision  (AP) @[ IoU=0.50:0.95 | area=   all | maxDets=100 ] = 0.323
 Average Precision  (AP) @[ IoU=0.50      | area=   all | maxDets=100 ] = 0.850
 Average Precision  (AP) @[ IoU=0.75      | area=   all | maxDets=100 ] = 0.074
 Average Precision  (AP) @[ IoU=0.50:0.95 | area= small | maxDets=100 ] = 0.191
 Average Precision  (AP) @[ IoU=0.50:0.95 | area=medium | maxDets=100 ] = 0.378
 Average Precision  (AP) @[ IoU=0.50:0.95 | area= large | maxDets=100 ] = 0.289
 Average Recall     (AR) @[ IoU=0.50:0.95 | area=   all | maxDets=  1 ] = 0.014
 Average Recall     (AR) @[ IoU=0.50:0.95 | area=   all | maxDets= 10 ] = 0.098
 Average Recall     (AR) @[ IoU=0.50:0.95 | area=   all | maxDets=100 ] = 0.401
 Average Recall     (AR) @[ IoU=0.50:0.95 | area= small | maxDets=100 ] = 0.251
 Average Recall     (AR) @[ IoU=0.50:0.95 | area=medium | maxDets=100 ] = 0.449
 Average Recall     (AR) @[ IoU=0.50:0.95 | area= large | maxDets=100 ] = 0.367
2026-07-31 22:28:11,339 - portable_sam_fusion - INFO - Validation segm/mAP: 0.3226
2026-07-31 22:28:11,913 - portable_sam_fusion - INFO - New best segm/mAP: 0.3226
2026-07-31 22:28:11,913 - portable_sam_fusion - INFO - New best bbox/mAP: 0.7422
2026-07-31 22:28:11,914 - portable_sam_fusion - INFO - New best early-stop metric (segm/mAP): raw=0.3226 smooth(5)=0.3226
2026-07-31 22:28:14,316 - portable_sam_fusion - INFO - Saved best_model with segm/mAP: 0.3226
2026-07-31 22:28:16,740 - portable_sam_fusion - INFO - Saved best_bbox_model with bbox/mAP: 0.7422
2026-07-31 22:28:18,685 - portable_sam_fusion - INFO - Epoch 1/20 | train=0.553174 val=disabled segm/mAP=0.3226 bbox/mAP=0.7422 | best_segm=0.3226 best_bbox=0.7422 best_comp=0.0000 | sat_backbone=3.70e-05 mask_decoder=3.70e-05 shape_prior=3.70e-05 quality_head=3.70e-05 sat_other=3.70e-05
2026-07-31 22:28:27,247 - portable_sam_fusion - INFO - [DEBUG-BOX] epoch=2 step=300 fallback_count=0 fallback_ratio=0 num_rois=64 refined_proposal_iou=0 refined_proposal_iou_sum=0 refined_valid_count=0
2026-07-31 22:28:27,247 - portable_sam_fusion - INFO - [DEBUG-COARSE] epoch=2 step=300 bce_raw=0.1404 boundary_fn=2268 boundary_fp=1785 boundary_tp=2.573e+04 dice=0.07494 dice_loss_raw=0.07494 iou=0.8644 loss_weight=0.1 raw_boundary_fn=2268 raw_boundary_fp=1785 raw_boundary_tp=2.573e+04 raw_dice_score=0.9251 raw_iou=0.8644 weighted_loss=0.02153
2026-07-31 22:28:27,247 - portable_sam_fusion - INFO - [DEBUG-CONTEXT] epoch=2 step=300 enabled=0
2026-07-31 22:28:27,247 - portable_sam_fusion - INFO - [DEBUG-JITTER] epoch=2 step=300 area_ratio_count=64 area_ratio_mean=1 area_ratio_sum=64 fallback_count=0 mean_iou=1 num_jittered=0 num_rois=64
2026-07-31 22:28:27,247 - portable_sam_fusion - INFO - [DEBUG-SP] epoch=2 step=300 all_invalid_count=0 all_invalid_ratio=0 empty_count=0 empty_ratio=0 full_count=0 full_ratio=0 mean_point_distance=24.53 n1_gt_valid_count=64 n1_in_gt_bg=0.9219 n1_in_gt_bg_count=59 n1_valid_count=64 n1_valid_ratio=1 n2_gt_valid_count=64 n2_in_gt_bg=1 n2_in_gt_bg_count=64 n2_valid_count=64 n2_valid_ratio=1 neg_in_pred_bg=1 neg_in_pred_bg_count=128 negative_pair_count=64 negative_pair_distance_sum=2372 p1_gt_valid_count=64 p1_in_gt_fg=1 p1_in_gt_fg_count=64 p1_valid_count=64 p1_valid_ratio=1 p2_gt_valid_count=64 p2_in_gt_fg=1 p2_in_gt_fg_count=64 p2_valid_count=64 p2_valid_ratio=1 point_distance_sum=3139 point_overlap_count=0 point_overlap_ratio=0 point_pair_count=128 pos_in_pred_fg=1 pos_in_pred_fg_count=128 positive_pair_count=64 positive_pair_distance_sum=767 roi_count=64 valid_neg_count=128 valid_pos_count=128 warmup_stage=2
2026-07-31 22:29:33,394 - portable_sam_fusion - INFO - [DEBUG-BOX] epoch=2 step=350 fallback_count=0 fallback_ratio=0 num_rois=64 refined_proposal_iou=0 refined_proposal_iou_sum=0 refined_valid_count=0
2026-07-31 22:29:33,394 - portable_sam_fusion - INFO - [DEBUG-COARSE] epoch=2 step=350 bce_raw=0.1499 boundary_fn=2742 boundary_fp=2742 boundary_tp=2.491e+04 dice=0.06509 dice_loss_raw=0.06509 iou=0.8802 loss_weight=0.1 raw_boundary_fn=2742 raw_boundary_fp=2742 raw_boundary_tp=2.491e+04 raw_dice_score=0.9349 raw_iou=0.8802 weighted_loss=0.0215
2026-07-31 22:29:33,394 - portable_sam_fusion - INFO - [DEBUG-CONTEXT] epoch=2 step=350 enabled=0
2026-07-31 22:29:33,394 - portable_sam_fusion - INFO - [DEBUG-JITTER] epoch=2 step=350 area_ratio_count=64 area_ratio_mean=1 area_ratio_sum=64 fallback_count=0 mean_iou=1 num_jittered=0 num_rois=64
2026-07-31 22:29:33,394 - portable_sam_fusion - INFO - [DEBUG-SP] epoch=2 step=350 all_invalid_count=0 all_invalid_ratio=0 empty_count=0 empty_ratio=0 full_count=0 full_ratio=0 mean_point_distance=37.72 n1_gt_valid_count=64 n1_in_gt_bg=0.875 n1_in_gt_bg_count=56 n1_valid_count=64 n1_valid_ratio=1 n2_gt_valid_count=64 n2_in_gt_bg=1 n2_in_gt_bg_count=64 n2_valid_count=64 n2_valid_ratio=1 neg_in_pred_bg=1 neg_in_pred_bg_count=128 negative_pair_count=64 negative_pair_distance_sum=3223 p1_gt_valid_count=64 p1_in_gt_fg=1 p1_in_gt_fg_count=64 p1_valid_count=64 p1_valid_ratio=1 p2_gt_valid_count=64 p2_in_gt_fg=1 p2_in_gt_fg_count=64 p2_valid_count=64 p2_valid_ratio=1 point_distance_sum=4828 point_overlap_count=0 point_overlap_ratio=0 point_pair_count=128 pos_in_pred_fg=1 pos_in_pred_fg_count=128 positive_pair_count=64 positive_pair_distance_sum=1605 roi_count=64 valid_neg_count=128 valid_pos_count=128 warmup_stage=2
2026-07-31 22:30:38,603 - portable_sam_fusion - INFO - epoch 2 | mini-batch 104/294 | optimizer_step 100/1480 | lr=5.000e-05
2026-07-31 22:30:40,683 - portable_sam_fusion - INFO - [DEBUG-BOX] epoch=2 step=400 fallback_count=0 fallback_ratio=0 num_rois=64 refined_proposal_iou=0 refined_proposal_iou_sum=0 refined_valid_count=0
2026-07-31 22:30:40,684 - portable_sam_fusion - INFO - [DEBUG-COARSE] epoch=2 step=400 bce_raw=0.06311 boundary_fn=137 boundary_fp=145 boundary_tp=2.4e+04 dice=0.02712 dice_loss_raw=0.02712 iou=0.9474 loss_weight=0.1 raw_boundary_fn=137 raw_boundary_fp=145 raw_boundary_tp=2.4e+04 raw_dice_score=0.9729 raw_iou=0.9474 weighted_loss=0.009023
2026-07-31 22:30:40,684 - portable_sam_fusion - INFO - [DEBUG-CONTEXT] epoch=2 step=400 enabled=0
2026-07-31 22:30:40,684 - portable_sam_fusion - INFO - [DEBUG-JITTER] epoch=2 step=400 area_ratio_count=64 area_ratio_mean=1 area_ratio_sum=64 fallback_count=0 mean_iou=1 num_jittered=0 num_rois=64
2026-07-31 22:30:40,684 - portable_sam_fusion - INFO - [DEBUG-SP] epoch=2 step=400 all_invalid_count=0 all_invalid_ratio=0 empty_count=0 empty_ratio=0 full_count=1 full_ratio=0.01562 mean_point_distance=31.61 n1_gt_valid_count=63 n1_in_gt_bg=0.9048 n1_in_gt_bg_count=57 n1_valid_count=63 n1_valid_ratio=0.9844 n2_gt_valid_count=63 n2_in_gt_bg=1 n2_in_gt_bg_count=63 n2_valid_count=63 n2_valid_ratio=0.9844 neg_in_pred_bg=1 neg_in_pred_bg_count=126 negative_pair_count=63 negative_pair_distance_sum=2857 p1_gt_valid_count=64 p1_in_gt_fg=1 p1_in_gt_fg_count=64 p1_valid_count=64 p1_valid_ratio=1 p2_gt_valid_count=64 p2_in_gt_fg=1 p2_in_gt_fg_count=64 p2_valid_count=64 p2_valid_ratio=1 point_distance_sum=4015 point_overlap_count=0 point_overlap_ratio=0 point_pair_count=127 pos_in_pred_fg=1 pos_in_pred_fg_count=128 positive_pair_count=64 positive_pair_distance_sum=1158 roi_count=64 valid_neg_count=126 valid_pos_count=128 warmup_stage=2
2026-07-31 22:31:44,482 - portable_sam_fusion - INFO - [DEBUG-BOX] epoch=2 step=450 fallback_count=0 fallback_ratio=0 num_rois=64 refined_proposal_iou=0 refined_proposal_iou_sum=0 refined_valid_count=0
2026-07-31 22:31:44,482 - portable_sam_fusion - INFO - [DEBUG-COARSE] epoch=2 step=450 bce_raw=0.1237 boundary_fn=1448 boundary_fp=1646 boundary_tp=2.363e+04 dice=0.04648 dice_loss_raw=0.04648 iou=0.9121 loss_weight=0.1 raw_boundary_fn=1448 raw_boundary_fp=1646 raw_boundary_tp=2.363e+04 raw_dice_score=0.9535 raw_iou=0.9121 weighted_loss=0.01702
2026-07-31 22:31:44,482 - portable_sam_fusion - INFO - [DEBUG-CONTEXT] epoch=2 step=450 enabled=0
2026-07-31 22:31:44,482 - portable_sam_fusion - INFO - [DEBUG-JITTER] epoch=2 step=450 area_ratio_count=64 area_ratio_mean=1 area_ratio_sum=64 fallback_count=0 mean_iou=1 num_jittered=0 num_rois=64
2026-07-31 22:31:44,482 - portable_sam_fusion - INFO - [DEBUG-SP] epoch=2 step=450 all_invalid_count=0 all_invalid_ratio=0 empty_count=0 empty_ratio=0 full_count=1 full_ratio=0.01562 mean_point_distance=27.76 n1_gt_valid_count=63 n1_in_gt_bg=0.873 n1_in_gt_bg_count=55 n1_valid_count=63 n1_valid_ratio=0.9844 n2_gt_valid_count=63 n2_in_gt_bg=0.9841 n2_in_gt_bg_count=62 n2_valid_count=63 n2_valid_ratio=0.9844 neg_in_pred_bg=1 neg_in_pred_bg_count=126 negative_pair_count=63 negative_pair_distance_sum=2619 p1_gt_valid_count=64 p1_in_gt_fg=1 p1_in_gt_fg_count=64 p1_valid_count=64 p1_valid_ratio=1 p2_gt_valid_count=64 p2_in_gt_fg=1 p2_in_gt_fg_count=64 p2_valid_count=64 p2_valid_ratio=1 point_distance_sum=3525 point_overlap_count=0 point_overlap_ratio=0 point_pair_count=127 pos_in_pred_fg=1 pos_in_pred_fg_count=128 positive_pair_count=64 positive_pair_distance_sum=906.3 roi_count=64 valid_neg_count=126 valid_pos_count=128 warmup_stage=2
2026-07-31 22:32:50,445 - portable_sam_fusion - INFO - [DEBUG-BOX] epoch=2 step=500 fallback_count=0 fallback_ratio=0 num_rois=64 refined_proposal_iou=0 refined_proposal_iou_sum=0 refined_valid_count=0
2026-07-31 22:32:50,445 - portable_sam_fusion - INFO - [DEBUG-COARSE] epoch=2 step=500 bce_raw=0.1374 boundary_fn=2339 boundary_fp=2522 boundary_tp=2.2e+04 dice=0.05372 dice_loss_raw=0.05372 iou=0.9 loss_weight=0.1 raw_boundary_fn=2339 raw_boundary_fp=2522 raw_boundary_tp=2.2e+04 raw_dice_score=0.9463 raw_iou=0.9 weighted_loss=0.01911
2026-07-31 22:32:50,445 - portable_sam_fusion - INFO - [DEBUG-CONTEXT] epoch=2 step=500 enabled=0
2026-07-31 22:32:50,445 - portable_sam_fusion - INFO - [DEBUG-JITTER] epoch=2 step=500 area_ratio_count=64 area_ratio_mean=1 area_ratio_sum=64 fallback_count=0 mean_iou=1 num_jittered=0 num_rois=64
2026-07-31 22:32:50,445 - portable_sam_fusion - INFO - [DEBUG-SP] epoch=2 step=500 all_invalid_count=0 all_invalid_ratio=0 empty_count=0 empty_ratio=0 full_count=1 full_ratio=0.01562 mean_point_distance=27.88 n1_gt_valid_count=63 n1_in_gt_bg=0.873 n1_in_gt_bg_count=55 n1_valid_count=63 n1_valid_ratio=0.9844 n2_gt_valid_count=62 n2_in_gt_bg=0.9516 n2_in_gt_bg_count=59 n2_valid_count=62 n2_valid_ratio=0.9688 neg_in_pred_bg=1 neg_in_pred_bg_count=125 negative_pair_count=62 negative_pair_distance_sum=2746 p1_gt_valid_count=64 p1_in_gt_fg=1 p1_in_gt_fg_count=64 p1_valid_count=64 p1_valid_ratio=1 p2_gt_valid_count=64 p2_in_gt_fg=1 p2_in_gt_fg_count=64 p2_valid_count=64 p2_valid_ratio=1 point_distance_sum=3513 point_overlap_count=0 point_overlap_ratio=0 point_pair_count=126 pos_in_pred_fg=1 pos_in_pred_fg_count=128 positive_pair_count=64 positive_pair_distance_sum=766.3 roi_count=64 valid_neg_count=125 valid_pos_count=128 warmup_stage=2
2026-07-31 22:33:54,262 - portable_sam_fusion - INFO - [DEBUG-BOX] epoch=2 step=550 fallback_count=0 fallback_ratio=0 num_rois=64 refined_proposal_iou=0 refined_proposal_iou_sum=0 refined_valid_count=0
2026-07-31 22:33:54,262 - portable_sam_fusion - INFO - [DEBUG-COARSE] epoch=2 step=550 bce_raw=0.1305 boundary_fn=2439 boundary_fp=2296 boundary_tp=2.273e+04 dice=0.05465 dice_loss_raw=0.05465 iou=0.8979 loss_weight=0.1 raw_boundary_fn=2439 raw_boundary_fp=2296 raw_boundary_tp=2.273e+04 raw_dice_score=0.9454 raw_iou=0.8979 weighted_loss=0.01852
2026-07-31 22:33:54,262 - portable_sam_fusion - INFO - [DEBUG-CONTEXT] epoch=2 step=550 enabled=0
2026-07-31 22:33:54,262 - portable_sam_fusion - INFO - [DEBUG-JITTER] epoch=2 step=550 area_ratio_count=64 area_ratio_mean=1 area_ratio_sum=64 fallback_count=0 mean_iou=1 num_jittered=0 num_rois=64
2026-07-31 22:33:54,262 - portable_sam_fusion - INFO - [DEBUG-SP] epoch=2 step=550 all_invalid_count=0 all_invalid_ratio=0 empty_count=0 empty_ratio=0 full_count=1 full_ratio=0.01562 mean_point_distance=24.5 n1_gt_valid_count=63 n1_in_gt_bg=0.7937 n1_in_gt_bg_count=50 n1_valid_count=63 n1_valid_ratio=0.9844 n2_gt_valid_count=63 n2_in_gt_bg=0.9524 n2_in_gt_bg_count=60 n2_valid_count=63 n2_valid_ratio=0.9844 neg_in_pred_bg=1 neg_in_pred_bg_count=126 negative_pair_count=63 negative_pair_distance_sum=2350 p1_gt_valid_count=64 p1_in_gt_fg=1 p1_in_gt_fg_count=64 p1_valid_count=64 p1_valid_ratio=1 p2_gt_valid_count=64 p2_in_gt_fg=1 p2_in_gt_fg_count=64 p2_valid_count=64 p2_valid_ratio=1 point_distance_sum=3111 point_overlap_count=0 point_overlap_ratio=0 point_pair_count=127 pos_in_pred_fg=1 pos_in_pred_fg_count=128 positive_pair_count=64 positive_pair_distance_sum=760.7 roi_count=64 valid_neg_count=126 valid_pos_count=128 warmup_stage=2
2026-07-31 22:34:45,161 - portable_sam_fusion - INFO - Epoch 2 detailed losses: loss_rpn_cls=0.0022, loss_rpn_bbox=0.0016, loss_cls=0.0751, acc=97.2823, loss_bbox=0.0254, loss_mask=0.3716, debug_mask_pos_rois=56.9796, debug_mask_logit_mean=0.3849, debug_mask_logit_std=2.1255, debug_mask_prob_mean=0.5141, debug_mask_prob_ge05=0.5331, debug_mask_target_fill=0.5143, loss_shape_prior=0.0151, schedule/det_weight=1.0000
2026-07-31 22:34:45,162 - portable_sam_fusion - INFO - Epoch 2 primary loss shares: det=21.23% final_mask=75.70% shape=3.07% p2_boundary=0.00%
2026-07-31 22:34:45,162 - portable_sam_fusion - INFO - Epoch 2 schedule: det_loss_weight=1.000 early_stop_start=1 min_delta=0.0005
2026-07-31 22:34:45,162 - portable_sam_fusion - INFO - Epoch 2 learning rates: sat_backbone=4.99e-05, mask_decoder=4.99e-05, shape_prior=4.99e-05, quality_head=4.99e-05, sat_other=4.99e-05
2026-07-31 22:37:28,815 - portable_sam_fusion - INFO - Validation samples: GT=15926, DT=15798, avg_masks_per_image=25.20, avg_mask_fill=0.0049
creating index...
index created!
Loading and preparing results...
DONE (t=0.02s)
creating index...
index created!
Running per image evaluation...
Evaluate annotation type *bbox*
DONE (t=10.16s).
Accumulating evaluation results...
DONE (t=0.16s).
 Average Precision  (AP) @[ IoU=0.50:0.95 | area=   all | maxDets=100 ] = 0.741
 Average Precision  (AP) @[ IoU=0.50      | area=   all | maxDets=100 ] = 0.890
 Average Precision  (AP) @[ IoU=0.75      | area=   all | maxDets=100 ] = 0.839
 Average Precision  (AP) @[ IoU=0.50:0.95 | area= small | maxDets=100 ] = 0.360
 Average Precision  (AP) @[ IoU=0.50:0.95 | area=medium | maxDets=100 ] = 0.775
 Average Precision  (AP) @[ IoU=0.50:0.95 | area= large | maxDets=100 ] = 0.852
 Average Recall     (AR) @[ IoU=0.50:0.95 | area=   all | maxDets=  1 ] = 0.028
 Average Recall     (AR) @[ IoU=0.50:0.95 | area=   all | maxDets= 10 ] = 0.202
 Average Recall     (AR) @[ IoU=0.50:0.95 | area=   all | maxDets=100 ] = 0.784
 Average Recall     (AR) @[ IoU=0.50:0.95 | area= small | maxDets=100 ] = 0.446
 Average Recall     (AR) @[ IoU=0.50:0.95 | area=medium | maxDets=100 ] = 0.821
 Average Recall     (AR) @[ IoU=0.50:0.95 | area= large | maxDets=100 ] = 0.893
2026-07-31 22:37:39,297 - portable_sam_fusion - INFO - Validation bbox/mAP: 0.7408 bbox/mAP_75: 0.8393
Running per image evaluation...
Evaluate annotation type *segm*
DONE (t=10.87s).
Accumulating evaluation results...
DONE (t=0.15s).
 Average Precision  (AP) @[ IoU=0.50:0.95 | area=   all | maxDets=100 ] = 0.428
 Average Precision  (AP) @[ IoU=0.50      | area=   all | maxDets=100 ] = 0.878
 Average Precision  (AP) @[ IoU=0.75      | area=   all | maxDets=100 ] = 0.320
 Average Precision  (AP) @[ IoU=0.50:0.95 | area= small | maxDets=100 ] = 0.238
 Average Precision  (AP) @[ IoU=0.50:0.95 | area=medium | maxDets=100 ] = 0.478
 Average Precision  (AP) @[ IoU=0.50:0.95 | area= large | maxDets=100 ] = 0.425
 Average Recall     (AR) @[ IoU=0.50:0.95 | area=   all | maxDets=  1 ] = 0.017
 Average Recall     (AR) @[ IoU=0.50:0.95 | area=   all | maxDets= 10 ] = 0.126
 Average Recall     (AR) @[ IoU=0.50:0.95 | area=   all | maxDets=100 ] = 0.500
 Average Recall     (AR) @[ IoU=0.50:0.95 | area= small | maxDets=100 ] = 0.307
 Average Recall     (AR) @[ IoU=0.50:0.95 | area=medium | maxDets=100 ] = 0.545
 Average Recall     (AR) @[ IoU=0.50:0.95 | area= large | maxDets=100 ] = 0.500
2026-07-31 22:37:50,344 - portable_sam_fusion - INFO - Validation segm/mAP: 0.4279
2026-07-31 22:37:50,890 - portable_sam_fusion - INFO - New best segm/mAP: 0.4279
2026-07-31 22:37:50,890 - portable_sam_fusion - INFO - New best early-stop metric (segm/mAP): raw=0.4279 smooth(5)=0.3753
2026-07-31 22:37:53,322 - portable_sam_fusion - INFO - Saved best_model with segm/mAP: 0.4279
2026-07-31 22:37:58,913 - portable_sam_fusion - INFO - Epoch 2/20 | train=0.490894 val=disabled segm/mAP=0.4279 bbox/mAP=0.7408 | best_segm=0.4279 best_bbox=0.7422 best_comp=0.0000 | sat_backbone=4.99e-05 mask_decoder=4.99e-05 shape_prior=4.99e-05 quality_head=4.99e-05 sat_other=4.99e-05
2026-07-31 22:38:09,520 - portable_sam_fusion - INFO - epoch 3 | mini-batch 8/294 | optimizer_step 150/1480 | lr=4.984e-05
2026-07-31 22:38:14,031 - portable_sam_fusion - INFO - [DEBUG-BOX] epoch=3 step=600 fallback_count=0 fallback_ratio=0 num_rois=64 refined_proposal_iou=0 refined_proposal_iou_sum=0 refined_valid_count=0
2026-07-31 22:38:14,031 - portable_sam_fusion - INFO - [DEBUG-COARSE] epoch=3 step=600 bce_raw=0.08182 boundary_fn=750 boundary_fp=774 boundary_tp=2.245e+04 dice=0.03512 dice_loss_raw=0.03512 iou=0.9326 loss_weight=0.1 raw_boundary_fn=750 raw_boundary_fp=774 raw_boundary_tp=2.245e+04 raw_dice_score=0.9649 raw_iou=0.9326 weighted_loss=0.01169
2026-07-31 22:38:14,031 - portable_sam_fusion - INFO - [DEBUG-CONTEXT] epoch=3 step=600 enabled=0
2026-07-31 22:38:14,031 - portable_sam_fusion - INFO - [DEBUG-JITTER] epoch=3 step=600 area_ratio_count=64 area_ratio_mean=1 area_ratio_sum=64 fallback_count=0 mean_iou=1 num_jittered=0 num_rois=64
2026-07-31 22:38:14,031 - portable_sam_fusion - INFO - [DEBUG-SP] epoch=3 step=600 all_invalid_count=0 all_invalid_ratio=0 empty_count=0 empty_ratio=0 full_count=2 full_ratio=0.03125 mean_point_distance=25.06 n1_gt_valid_count=62 n1_in_gt_bg=0.8548 n1_in_gt_bg_count=53 n1_valid_count=62 n1_valid_ratio=0.9688 n2_gt_valid_count=62 n2_in_gt_bg=1 n2_in_gt_bg_count=62 n2_valid_count=62 n2_valid_ratio=0.9688 neg_in_pred_bg=1 neg_in_pred_bg_count=124 negative_pair_count=62 negative_pair_distance_sum=2358 p1_gt_valid_count=64 p1_in_gt_fg=1 p1_in_gt_fg_count=64 p1_valid_count=64 p1_valid_ratio=1 p2_gt_valid_count=64 p2_in_gt_fg=1 p2_in_gt_fg_count=64 p2_valid_count=64 p2_valid_ratio=1 point_distance_sum=3158 point_overlap_count=0 point_overlap_ratio=0 point_pair_count=126 pos_in_pred_fg=1 pos_in_pred_fg_count=128 positive_pair_count=64 positive_pair_distance_sum=800.1 roi_count=64 valid_neg_count=124 valid_pos_count=128 warmup_stage=2
2026-07-31 22:39:18,969 - portable_sam_fusion - INFO - [DEBUG-BOX] epoch=3 step=650 fallback_count=0 fallback_ratio=0 num_rois=0 refined_proposal_iou=0 refined_proposal_iou_sum=0 refined_valid_count=0
2026-07-31 22:39:18,969 - portable_sam_fusion - INFO - [DEBUG-COARSE] epoch=3 step=650 boundary_fn=0 boundary_fp=0 boundary_tp=0 dice=0 iou=0
2026-07-31 22:39:18,969 - portable_sam_fusion - INFO - [DEBUG-CONTEXT] epoch=3 step=650 enabled=0
2026-07-31 22:39:18,969 - portable_sam_fusion - INFO - [DEBUG-JITTER] epoch=3 step=650 area_ratio_count=0 area_ratio_mean=0 area_ratio_sum=0 fallback_count=0 mean_iou=0 num_jittered=0 num_rois=0
2026-07-31 22:39:18,970 - portable_sam_fusion - INFO - [DEBUG-SP] epoch=3 step=650 all_invalid_count=0 all_invalid_ratio=0 empty_count=0 empty_ratio=0 full_count=0 full_ratio=0 mean_point_distance=44.09 n1_gt_valid_count=64 n1_in_gt_bg=0.8438 n1_in_gt_bg_count=54 n1_valid_count=64 n1_valid_ratio=1 n2_gt_valid_count=64 n2_in_gt_bg=1 n2_in_gt_bg_count=64 n2_valid_count=64 n2_valid_ratio=1 neg_in_pred_bg=1 neg_in_pred_bg_count=128 negative_pair_count=64 negative_pair_distance_sum=3710 p1_gt_valid_count=64 p1_in_gt_fg=1 p1_in_gt_fg_count=64 p1_valid_count=64 p1_valid_ratio=1 p2_gt_valid_count=64 p2_in_gt_fg=1 p2_in_gt_fg_count=64 p2_valid_count=64 p2_valid_ratio=1 point_distance_sum=5644 point_overlap_count=0 point_overlap_ratio=0 point_pair_count=128 pos_in_pred_fg=1 pos_in_pred_fg_count=128 positive_pair_count=64 positive_pair_distance_sum=1934 roi_count=64 valid_neg_count=128 valid_pos_count=128 warmup_stage=2
2026-07-31 22:40:23,662 - portable_sam_fusion - INFO - [DEBUG-BOX] epoch=3 step=700 fallback_count=0 fallback_ratio=0 num_rois=0 refined_proposal_iou=0 refined_proposal_iou_sum=0 refined_valid_count=0
2026-07-31 22:40:23,662 - portable_sam_fusion - INFO - [DEBUG-COARSE] epoch=3 step=700 boundary_fn=0 boundary_fp=0 boundary_tp=0 dice=0 iou=0
2026-07-31 22:40:23,662 - portable_sam_fusion - INFO - [DEBUG-CONTEXT] epoch=3 step=700 enabled=0
2026-07-31 22:40:23,662 - portable_sam_fusion - INFO - [DEBUG-JITTER] epoch=3 step=700 area_ratio_count=0 area_ratio_mean=0 area_ratio_sum=0 fallback_count=0 mean_iou=0 num_jittered=0 num_rois=0
2026-07-31 22:40:23,662 - portable_sam_fusion - INFO - [DEBUG-SP] epoch=3 step=700 all_invalid_count=0 all_invalid_ratio=0 empty_count=0 empty_ratio=0 full_count=0 full_ratio=0 mean_point_distance=21.25 n1_gt_valid_count=64 n1_in_gt_bg=0.7344 n1_in_gt_bg_count=47 n1_valid_count=64 n1_valid_ratio=1 n2_gt_valid_count=64 n2_in_gt_bg=1 n2_in_gt_bg_count=64 n2_valid_count=64 n2_valid_ratio=1 neg_in_pred_bg=1 neg_in_pred_bg_count=128 negative_pair_count=64 negative_pair_distance_sum=2066 p1_gt_valid_count=64 p1_in_gt_fg=1 p1_in_gt_fg_count=64 p1_valid_count=64 p1_valid_ratio=1 p2_gt_valid_count=64 p2_in_gt_fg=1 p2_in_gt_fg_count=64 p2_valid_count=64 p2_valid_ratio=1 point_distance_sum=2719 point_overlap_count=0 point_overlap_ratio=0 point_pair_count=128 pos_in_pred_fg=1 pos_in_pred_fg_count=128 positive_pair_count=64 positive_pair_distance_sum=653 roi_count=64 valid_neg_count=128 valid_pos_count=128 warmup_stage=2
2026-07-31 22:41:29,821 - portable_sam_fusion - INFO - [DEBUG-BOX] epoch=3 step=750 fallback_count=0 fallback_ratio=0 num_rois=64 refined_proposal_iou=0 refined_proposal_iou_sum=0 refined_valid_count=0
2026-07-31 22:41:29,821 - portable_sam_fusion - INFO - [DEBUG-COARSE] epoch=3 step=750 bce_raw=0.09498 boundary_fn=1003 boundary_fp=824 boundary_tp=2.376e+04 dice=0.05047 dice_loss_raw=0.05047 iou=0.9057 loss_weight=0.1 raw_boundary_fn=1003 raw_boundary_fp=824 raw_boundary_tp=2.376e+04 raw_dice_score=0.9495 raw_iou=0.9057 weighted_loss=0.01455
2026-07-31 22:41:29,821 - portable_sam_fusion - INFO - [DEBUG-CONTEXT] epoch=3 step=750 enabled=0
2026-07-31 22:41:29,821 - portable_sam_fusion - INFO - [DEBUG-JITTER] epoch=3 step=750 area_ratio_count=64 area_ratio_mean=1 area_ratio_sum=64 fallback_count=0 mean_iou=1 num_jittered=0 num_rois=64
2026-07-31 22:41:29,821 - portable_sam_fusion - INFO - [DEBUG-SP] epoch=3 step=750 all_invalid_count=0 all_invalid_ratio=0 empty_count=0 empty_ratio=0 full_count=0 full_ratio=0 mean_point_distance=29.06 n1_gt_valid_count=64 n1_in_gt_bg=0.9062 n1_in_gt_bg_count=58 n1_valid_count=64 n1_valid_ratio=1 n2_gt_valid_count=64 n2_in_gt_bg=1 n2_in_gt_bg_count=64 n2_valid_count=64 n2_valid_ratio=1 neg_in_pred_bg=1 neg_in_pred_bg_count=128 negative_pair_count=64 negative_pair_distance_sum=2665 p1_gt_valid_count=64 p1_in_gt_fg=1 p1_in_gt_fg_count=64 p1_valid_count=64 p1_valid_ratio=1 p2_gt_valid_count=64 p2_in_gt_fg=1 p2_in_gt_fg_count=64 p2_valid_count=64 p2_valid_ratio=1 point_distance_sum=3720 point_overlap_count=0 point_overlap_ratio=0 point_pair_count=128 pos_in_pred_fg=1 pos_in_pred_fg_count=128 positive_pair_count=64 positive_pair_distance_sum=1054 roi_count=64 valid_neg_count=128 valid_pos_count=128 warmup_stage=2
2026-07-31 22:42:32,415 - portable_sam_fusion - INFO - epoch 3 | mini-batch 208/294 | optimizer_step 200/1480 | lr=4.936e-05
2026-07-31 22:42:37,496 - portable_sam_fusion - INFO - [DEBUG-BOX] epoch=3 step=800 fallback_count=0 fallback_ratio=0 num_rois=64 refined_proposal_iou=0 refined_proposal_iou_sum=0 refined_valid_count=0
2026-07-31 22:42:37,496 - portable_sam_fusion - INFO - [DEBUG-COARSE] epoch=3 step=800 bce_raw=0.08396 boundary_fn=819 boundary_fp=956 boundary_tp=2.52e+04 dice=0.04319 dice_loss_raw=0.04319 iou=0.9194 loss_weight=0.1 raw_boundary_fn=819 raw_boundary_fp=956 raw_boundary_tp=2.52e+04 raw_dice_score=0.9568 raw_iou=0.9194 weighted_loss=0.01272
2026-07-31 22:42:37,496 - portable_sam_fusion - INFO - [DEBUG-CONTEXT] epoch=3 step=800 enabled=0
2026-07-31 22:42:37,496 - portable_sam_fusion - INFO - [DEBUG-JITTER] epoch=3 step=800 area_ratio_count=64 area_ratio_mean=1 area_ratio_sum=64 fallback_count=0 mean_iou=1 num_jittered=0 num_rois=64
2026-07-31 22:42:37,496 - portable_sam_fusion - INFO - [DEBUG-SP] epoch=3 step=800 all_invalid_count=0 all_invalid_ratio=0 empty_count=0 empty_ratio=0 full_count=0 full_ratio=0 mean_point_distance=55.6 n1_gt_valid_count=64 n1_in_gt_bg=0.875 n1_in_gt_bg_count=56 n1_valid_count=64 n1_valid_ratio=1 n2_gt_valid_count=64 n2_in_gt_bg=1 n2_in_gt_bg_count=64 n2_valid_count=64 n2_valid_ratio=1 neg_in_pred_bg=1 neg_in_pred_bg_count=128 negative_pair_count=64 negative_pair_distance_sum=4962 p1_gt_valid_count=64 p1_in_gt_fg=1 p1_in_gt_fg_count=64 p1_valid_count=64 p1_valid_ratio=1 p2_gt_valid_count=64 p2_in_gt_fg=1 p2_in_gt_fg_count=64 p2_valid_count=64 p2_valid_ratio=1 point_distance_sum=7117 point_overlap_count=0 point_overlap_ratio=0 point_pair_count=128 pos_in_pred_fg=1 pos_in_pred_fg_count=128 positive_pair_count=64 positive_pair_distance_sum=2155 roi_count=64 valid_neg_count=128 valid_pos_count=128 warmup_stage=2
2026-07-31 22:43:43,278 - portable_sam_fusion - INFO - [DEBUG-BOX] epoch=3 step=850 fallback_count=0 fallback_ratio=0 num_rois=0 refined_proposal_iou=0 refined_proposal_iou_sum=0 refined_valid_count=0
2026-07-31 22:43:43,278 - portable_sam_fusion - INFO - [DEBUG-COARSE] epoch=3 step=850 boundary_fn=0 boundary_fp=0 boundary_tp=0 dice=0 iou=0
2026-07-31 22:43:43,278 - portable_sam_fusion - INFO - [DEBUG-CONTEXT] epoch=3 step=850 enabled=0
2026-07-31 22:43:43,278 - portable_sam_fusion - INFO - [DEBUG-JITTER] epoch=3 step=850 area_ratio_count=0 area_ratio_mean=0 area_ratio_sum=0 fallback_count=0 mean_iou=0 num_jittered=0 num_rois=0
2026-07-31 22:43:43,278 - portable_sam_fusion - INFO - [DEBUG-SP] epoch=3 step=850 all_invalid_count=0 all_invalid_ratio=0 empty_count=0 empty_ratio=0 full_count=0 full_ratio=0 mean_point_distance=35.87 n1_gt_valid_count=64 n1_in_gt_bg=0.875 n1_in_gt_bg_count=56 n1_valid_count=64 n1_valid_ratio=1 n2_gt_valid_count=63 n2_in_gt_bg=1 n2_in_gt_bg_count=63 n2_valid_count=63 n2_valid_ratio=0.9844 neg_in_pred_bg=1 neg_in_pred_bg_count=127 negative_pair_count=63 negative_pair_distance_sum=3281 p1_gt_valid_count=64 p1_in_gt_fg=1 p1_in_gt_fg_count=64 p1_valid_count=64 p1_valid_ratio=1 p2_gt_valid_count=64 p2_in_gt_fg=0.9844 p2_in_gt_fg_count=63 p2_valid_count=64 p2_valid_ratio=1 point_distance_sum=4555 point_overlap_count=0 point_overlap_ratio=0 point_pair_count=127 pos_in_pred_fg=1 pos_in_pred_fg_count=128 positive_pair_count=64 positive_pair_distance_sum=1274 roi_count=64 valid_neg_count=127 valid_pos_count=128 warmup_stage=2
2026-07-31 22:44:24,812 - portable_sam_fusion - INFO - Epoch 3 detailed losses: loss_rpn_cls=0.0014, loss_rpn_bbox=0.0015, loss_cls=0.0737, acc=97.2588, loss_bbox=0.0251, loss_mask=0.3257, debug_mask_pos_rois=56.7619, debug_mask_logit_mean=0.4140, debug_mask_logit_std=2.5050, debug_mask_prob_mean=0.5103, debug_mask_prob_ge05=0.5270, debug_mask_target_fill=0.5103, loss_shape_prior=0.0151, schedule/det_weight=1.0000
2026-07-31 22:44:24,812 - portable_sam_fusion - INFO - Epoch 3 primary loss shares: det=22.98% final_mask=73.60% shape=3.42% p2_boundary=0.00%
2026-07-31 22:44:24,812 - portable_sam_fusion - INFO - Epoch 3 schedule: det_loss_weight=1.000 early_stop_start=1 min_delta=0.0005
2026-07-31 22:44:24,812 - portable_sam_fusion - INFO - Epoch 3 learning rates: sat_backbone=4.90e-05, mask_decoder=4.90e-05, shape_prior=4.90e-05, quality_head=4.90e-05, sat_other=4.90e-05
2026-07-31 22:47:06,275 - portable_sam_fusion - INFO - Validation samples: GT=15926, DT=15646, avg_masks_per_image=24.95, avg_mask_fill=0.0049
creating index...
index created!
Loading and preparing results...
DONE (t=0.02s)
creating index...
index created!
Running per image evaluation...
Evaluate annotation type *bbox*
DONE (t=10.16s).
Accumulating evaluation results...
DONE (t=0.15s).
 Average Precision  (AP) @[ IoU=0.50:0.95 | area=   all | maxDets=100 ] = 0.741
 Average Precision  (AP) @[ IoU=0.50      | area=   all | maxDets=100 ] = 0.890
 Average Precision  (AP) @[ IoU=0.75      | area=   all | maxDets=100 ] = 0.830
 Average Precision  (AP) @[ IoU=0.50:0.95 | area= small | maxDets=100 ] = 0.362
 Average Precision  (AP) @[ IoU=0.50:0.95 | area=medium | maxDets=100 ] = 0.776
 Average Precision  (AP) @[ IoU=0.50:0.95 | area= large | maxDets=100 ] = 0.850
 Average Recall     (AR) @[ IoU=0.50:0.95 | area=   all | maxDets=  1 ] = 0.027
 Average Recall     (AR) @[ IoU=0.50:0.95 | area=   all | maxDets= 10 ] = 0.201
 Average Recall     (AR) @[ IoU=0.50:0.95 | area=   all | maxDets=100 ] = 0.783
 Average Recall     (AR) @[ IoU=0.50:0.95 | area= small | maxDets=100 ] = 0.440
 Average Recall     (AR) @[ IoU=0.50:0.95 | area=medium | maxDets=100 ] = 0.823
 Average Recall     (AR) @[ IoU=0.50:0.95 | area= large | maxDets=100 ] = 0.890
2026-07-31 22:47:16,760 - portable_sam_fusion - INFO - Validation bbox/mAP: 0.7411 bbox/mAP_75: 0.8304
Running per image evaluation...
Evaluate annotation type *segm*
DONE (t=10.72s).
Accumulating evaluation results...
DONE (t=0.15s).
 Average Precision  (AP) @[ IoU=0.50:0.95 | area=   all | maxDets=100 ] = 0.478
 Average Precision  (AP) @[ IoU=0.50      | area=   all | maxDets=100 ] = 0.880
 Average Precision  (AP) @[ IoU=0.75      | area=   all | maxDets=100 ] = 0.482
 Average Precision  (AP) @[ IoU=0.50:0.95 | area= small | maxDets=100 ] = 0.266
 Average Precision  (AP) @[ IoU=0.50:0.95 | area=medium | maxDets=100 ] = 0.529
 Average Precision  (AP) @[ IoU=0.50:0.95 | area= large | maxDets=100 ] = 0.492
 Average Recall     (AR) @[ IoU=0.50:0.95 | area=   all | maxDets=  1 ] = 0.019
 Average Recall     (AR) @[ IoU=0.50:0.95 | area=   all | maxDets= 10 ] = 0.138
 Average Recall     (AR) @[ IoU=0.50:0.95 | area=   all | maxDets=100 ] = 0.547
 Average Recall     (AR) @[ IoU=0.50:0.95 | area= small | maxDets=100 ] = 0.331
 Average Recall     (AR) @[ IoU=0.50:0.95 | area=medium | maxDets=100 ] = 0.593
 Average Recall     (AR) @[ IoU=0.50:0.95 | area= large | maxDets=100 ] = 0.557
2026-07-31 22:47:27,656 - portable_sam_fusion - INFO - Validation segm/mAP: 0.4783
2026-07-31 22:47:28,211 - portable_sam_fusion - INFO - New best segm/mAP: 0.4783
2026-07-31 22:47:28,211 - portable_sam_fusion - INFO - New best early-stop metric (segm/mAP): raw=0.4783 smooth(5)=0.4096
2026-07-31 22:47:30,688 - portable_sam_fusion - INFO - Saved best_model with segm/mAP: 0.4783
2026-07-31 22:47:36,125 - portable_sam_fusion - INFO - Epoch 3/20 | train=0.442468 val=disabled segm/mAP=0.4783 bbox/mAP=0.7411 | best_segm=0.4783 best_bbox=0.7422 best_comp=0.0000 | sat_backbone=4.90e-05 mask_decoder=4.90e-05 shape_prior=4.90e-05 quality_head=4.90e-05 sat_other=4.90e-05
2026-07-31 22:48:00,818 - portable_sam_fusion - INFO - [DEBUG-BOX] epoch=4 step=900 fallback_count=0 fallback_ratio=0 num_rois=64 refined_proposal_iou=0 refined_proposal_iou_sum=0 refined_valid_count=0
2026-07-31 22:48:00,818 - portable_sam_fusion - INFO - [DEBUG-COARSE] epoch=4 step=900 bce_raw=0.1367 boundary_fn=2036 boundary_fp=2058 boundary_tp=2.591e+04 dice=0.0725 dice_loss_raw=0.0725 iou=0.8669 loss_weight=0.1 raw_boundary_fn=2036 raw_boundary_fp=2058 raw_boundary_tp=2.591e+04 raw_dice_score=0.9275 raw_iou=0.8669 weighted_loss=0.02092
2026-07-31 22:48:00,818 - portable_sam_fusion - INFO - [DEBUG-CONTEXT] epoch=4 step=900 enabled=0
2026-07-31 22:48:00,818 - portable_sam_fusion - INFO - [DEBUG-JITTER] epoch=4 step=900 area_ratio_count=64 area_ratio_mean=1 area_ratio_sum=64 fallback_count=0 mean_iou=1 num_jittered=0 num_rois=64
2026-07-31 22:48:00,818 - portable_sam_fusion - INFO - [DEBUG-SP] epoch=4 step=900 all_invalid_count=0 all_invalid_ratio=0 empty_count=0 empty_ratio=0 full_count=0 full_ratio=0 mean_point_distance=26.84 n1_gt_valid_count=64 n1_in_gt_bg=0.8594 n1_in_gt_bg_count=55 n1_valid_count=64 n1_valid_ratio=1 n2_gt_valid_count=64 n2_in_gt_bg=1 n2_in_gt_bg_count=64 n2_valid_count=64 n2_valid_ratio=1 neg_in_pred_bg=1 neg_in_pred_bg_count=128 negative_pair_count=64 negative_pair_distance_sum=2524 p1_gt_valid_count=64 p1_in_gt_fg=1 p1_in_gt_fg_count=64 p1_valid_count=64 p1_valid_ratio=1 p2_gt_valid_count=64 p2_in_gt_fg=1 p2_in_gt_fg_count=64 p2_valid_count=64 p2_valid_ratio=1 point_distance_sum=3435 point_overlap_count=0 point_overlap_ratio=0 point_pair_count=128 pos_in_pred_fg=1 pos_in_pred_fg_count=128 positive_pair_count=64 positive_pair_distance_sum=911.2 roi_count=64 valid_neg_count=128 valid_pos_count=128 warmup_stage=2
2026-07-31 22:49:06,057 - portable_sam_fusion - INFO - [DEBUG-BOX] epoch=4 step=950 fallback_count=0 fallback_ratio=0 num_rois=64 refined_proposal_iou=0 refined_proposal_iou_sum=0 refined_valid_count=0
2026-07-31 22:49:06,057 - portable_sam_fusion - INFO - [DEBUG-COARSE] epoch=4 step=950 bce_raw=0.1012 boundary_fn=1178 boundary_fp=1057 boundary_tp=2.574e+04 dice=0.05271 dice_loss_raw=0.05271 iou=0.9013 loss_weight=0.1 raw_boundary_fn=1178 raw_boundary_fp=1057 raw_boundary_tp=2.574e+04 raw_dice_score=0.9473 raw_iou=0.9013 weighted_loss=0.01539
2026-07-31 22:49:06,057 - portable_sam_fusion - INFO - [DEBUG-CONTEXT] epoch=4 step=950 enabled=0
2026-07-31 22:49:06,057 - portable_sam_fusion - INFO - [DEBUG-JITTER] epoch=4 step=950 area_ratio_count=64 area_ratio_mean=1 area_ratio_sum=64 fallback_count=0 mean_iou=1 num_jittered=0 num_rois=64
2026-07-31 22:49:06,057 - portable_sam_fusion - INFO - [DEBUG-SP] epoch=4 step=950 all_invalid_count=0 all_invalid_ratio=0 empty_count=0 empty_ratio=0 full_count=0 full_ratio=0 mean_point_distance=31.88 n1_gt_valid_count=64 n1_in_gt_bg=0.8906 n1_in_gt_bg_count=57 n1_valid_count=64 n1_valid_ratio=1 n2_gt_valid_count=64 n2_in_gt_bg=1 n2_in_gt_bg_count=64 n2_valid_count=64 n2_valid_ratio=1 neg_in_pred_bg=1 neg_in_pred_bg_count=128 negative_pair_count=64 negative_pair_distance_sum=3178 p1_gt_valid_count=64 p1_in_gt_fg=1 p1_in_gt_fg_count=64 p1_valid_count=64 p1_valid_ratio=1 p2_gt_valid_count=64 p2_in_gt_fg=1 p2_in_gt_fg_count=64 p2_valid_count=64 p2_valid_ratio=1 point_distance_sum=4081 point_overlap_count=0 point_overlap_ratio=0 point_pair_count=128 pos_in_pred_fg=1 pos_in_pred_fg_count=128 positive_pair_count=64 positive_pair_distance_sum=903 roi_count=64 valid_neg_count=128 valid_pos_count=128 warmup_stage=2
2026-07-31 22:50:02,266 - portable_sam_fusion - INFO - epoch 4 | mini-batch 112/294 | optimizer_step 250/1480 | lr=4.856e-05
2026-07-31 22:50:09,277 - portable_sam_fusion - INFO - [DEBUG-BOX] epoch=4 step=1000 fallback_count=0 fallback_ratio=0 num_rois=64 refined_proposal_iou=0 refined_proposal_iou_sum=0 refined_valid_count=0
2026-07-31 22:50:09,278 - portable_sam_fusion - INFO - [DEBUG-COARSE] epoch=4 step=1000 bce_raw=0.1385 boundary_fn=2070 boundary_fp=1867 boundary_tp=2.594e+04 dice=0.07199 dice_loss_raw=0.07199 iou=0.8682 loss_weight=0.1 raw_boundary_fn=2070 raw_boundary_fp=1867 raw_boundary_tp=2.594e+04 raw_dice_score=0.928 raw_iou=0.8682 weighted_loss=0.02105
2026-07-31 22:50:09,278 - portable_sam_fusion - INFO - [DEBUG-CONTEXT] epoch=4 step=1000 enabled=0
2026-07-31 22:50:09,278 - portable_sam_fusion - INFO - [DEBUG-JITTER] epoch=4 step=1000 area_ratio_count=64 area_ratio_mean=1 area_ratio_sum=64 fallback_count=0 mean_iou=1 num_jittered=0 num_rois=64
2026-07-31 22:50:09,278 - portable_sam_fusion - INFO - [DEBUG-SP] epoch=4 step=1000 all_invalid_count=0 all_invalid_ratio=0 empty_count=0 empty_ratio=0 full_count=0 full_ratio=0 mean_point_distance=36.04 n1_gt_valid_count=64 n1_in_gt_bg=0.8438 n1_in_gt_bg_count=54 n1_valid_count=64 n1_valid_ratio=1 n2_gt_valid_count=64 n2_in_gt_bg=1 n2_in_gt_bg_count=64 n2_valid_count=64 n2_valid_ratio=1 neg_in_pred_bg=1 neg_in_pred_bg_count=128 negative_pair_count=64 negative_pair_distance_sum=3286 p1_gt_valid_count=64 p1_in_gt_fg=1 p1_in_gt_fg_count=64 p1_valid_count=64 p1_valid_ratio=1 p2_gt_valid_count=64 p2_in_gt_fg=1 p2_in_gt_fg_count=64 p2_valid_count=64 p2_valid_ratio=1 point_distance_sum=4613 point_overlap_count=0 point_overlap_ratio=0 point_pair_count=128 pos_in_pred_fg=1 pos_in_pred_fg_count=128 positive_pair_count=64 positive_pair_distance_sum=1327 roi_count=64 valid_neg_count=128 valid_pos_count=128 warmup_stage=2
2026-07-31 22:51:15,767 - portable_sam_fusion - INFO - [DEBUG-BOX] epoch=4 step=1050 fallback_count=0 fallback_ratio=0 num_rois=64 refined_proposal_iou=0 refined_proposal_iou_sum=0 refined_valid_count=0
2026-07-31 22:51:15,767 - portable_sam_fusion - INFO - [DEBUG-COARSE] epoch=4 step=1050 bce_raw=0.09658 boundary_fn=1049 boundary_fp=951 boundary_tp=2.627e+04 dice=0.05442 dice_loss_raw=0.05442 iou=0.8977 loss_weight=0.1 raw_boundary_fn=1049 raw_boundary_fp=951 raw_boundary_tp=2.627e+04 raw_dice_score=0.9456 raw_iou=0.8977 weighted_loss=0.0151
2026-07-31 22:51:15,767 - portable_sam_fusion - INFO - [DEBUG-CONTEXT] epoch=4 step=1050 enabled=0
2026-07-31 22:51:15,767 - portable_sam_fusion - INFO - [DEBUG-JITTER] epoch=4 step=1050 area_ratio_count=64 area_ratio_mean=1 area_ratio_sum=64 fallback_count=0 mean_iou=1 num_jittered=0 num_rois=64
2026-07-31 22:51:15,767 - portable_sam_fusion - INFO - [DEBUG-SP] epoch=4 step=1050 all_invalid_count=0 all_invalid_ratio=0 empty_count=0 empty_ratio=0 full_count=0 full_ratio=0 mean_point_distance=33.43 n1_gt_valid_count=64 n1_in_gt_bg=0.9375 n1_in_gt_bg_count=60 n1_valid_count=64 n1_valid_ratio=1 n2_gt_valid_count=64 n2_in_gt_bg=1 n2_in_gt_bg_count=64 n2_valid_count=64 n2_valid_ratio=1 neg_in_pred_bg=1 neg_in_pred_bg_count=128 negative_pair_count=64 negative_pair_distance_sum=3231 p1_gt_valid_count=64 p1_in_gt_fg=1 p1_in_gt_fg_count=64 p1_valid_count=64 p1_valid_ratio=1 p2_gt_valid_count=64 p2_in_gt_fg=1 p2_in_gt_fg_count=64 p2_valid_count=64 p2_valid_ratio=1 point_distance_sum=4279 point_overlap_count=0 point_overlap_ratio=0 point_pair_count=128 pos_in_pred_fg=1 pos_in_pred_fg_count=128 positive_pair_count=64 positive_pair_distance_sum=1048 roi_count=64 valid_neg_count=128 valid_pos_count=128 warmup_stage=2
2026-07-31 22:52:23,612 - portable_sam_fusion - INFO - [DEBUG-BOX] epoch=4 step=1100 fallback_count=0 fallback_ratio=0 num_rois=64 refined_proposal_iou=0 refined_proposal_iou_sum=0 refined_valid_count=0
2026-07-31 22:52:23,613 - portable_sam_fusion - INFO - [DEBUG-COARSE] epoch=4 step=1100 bce_raw=0.1168 boundary_fn=1280 boundary_fp=2487 boundary_tp=2.606e+04 dice=0.06323 dice_loss_raw=0.06323 iou=0.8855 loss_weight=0.1 raw_boundary_fn=1280 raw_boundary_fp=2487 raw_boundary_tp=2.606e+04 raw_dice_score=0.9368 raw_iou=0.8855 weighted_loss=0.018
2026-07-31 22:52:23,613 - portable_sam_fusion - INFO - [DEBUG-CONTEXT] epoch=4 step=1100 enabled=0
2026-07-31 22:52:23,613 - portable_sam_fusion - INFO - [DEBUG-JITTER] epoch=4 step=1100 area_ratio_count=64 area_ratio_mean=1 area_ratio_sum=64 fallback_count=0 mean_iou=1 num_jittered=0 num_rois=64
2026-07-31 22:52:23,613 - portable_sam_fusion - INFO - [DEBUG-SP] epoch=4 step=1100 all_invalid_count=0 all_invalid_ratio=0 empty_count=0 empty_ratio=0 full_count=0 full_ratio=0 mean_point_distance=63.78 n1_gt_valid_count=64 n1_in_gt_bg=1 n1_in_gt_bg_count=64 n1_valid_count=64 n1_valid_ratio=1 n2_gt_valid_count=64 n2_in_gt_bg=1 n2_in_gt_bg_count=64 n2_valid_count=64 n2_valid_ratio=1 neg_in_pred_bg=1 neg_in_pred_bg_count=128 negative_pair_count=64 negative_pair_distance_sum=5807 p1_gt_valid_count=64 p1_in_gt_fg=0.9844 p1_in_gt_fg_count=63 p1_valid_count=64 p1_valid_ratio=1 p2_gt_valid_count=64 p2_in_gt_fg=1 p2_in_gt_fg_count=64 p2_valid_count=64 p2_valid_ratio=1 point_distance_sum=8164 point_overlap_count=0 point_overlap_ratio=0 point_pair_count=128 pos_in_pred_fg=1 pos_in_pred_fg_count=128 positive_pair_count=64 positive_pair_distance_sum=2357 roi_count=64 valid_neg_count=128 valid_pos_count=128 warmup_stage=2
2026-07-31 22:53:28,777 - portable_sam_fusion - INFO - [DEBUG-BOX] epoch=4 step=1150 fallback_count=0 fallback_ratio=0 num_rois=64 refined_proposal_iou=0 refined_proposal_iou_sum=0 refined_valid_count=0
2026-07-31 22:53:28,777 - portable_sam_fusion - INFO - [DEBUG-COARSE] epoch=4 step=1150 bce_raw=0.1622 boundary_fn=3128 boundary_fp=2412 boundary_tp=2.393e+04 dice=0.07508 dice_loss_raw=0.07508 iou=0.8633 loss_weight=0.1 raw_boundary_fn=3128 raw_boundary_fp=2412 raw_boundary_tp=2.393e+04 raw_dice_score=0.9249 raw_iou=0.8633 weighted_loss=0.02373
2026-07-31 22:53:28,778 - portable_sam_fusion - INFO - [DEBUG-CONTEXT] epoch=4 step=1150 enabled=0
2026-07-31 22:53:28,778 - portable_sam_fusion - INFO - [DEBUG-JITTER] epoch=4 step=1150 area_ratio_count=64 area_ratio_mean=1 area_ratio_sum=64 fallback_count=0 mean_iou=1 num_jittered=0 num_rois=64
2026-07-31 22:53:28,778 - portable_sam_fusion - INFO - [DEBUG-SP] epoch=4 step=1150 all_invalid_count=0 all_invalid_ratio=0 empty_count=0 empty_ratio=0 full_count=0 full_ratio=0 mean_point_distance=35.68 n1_gt_valid_count=64 n1_in_gt_bg=0.9375 n1_in_gt_bg_count=60 n1_valid_count=64 n1_valid_ratio=1 n2_gt_valid_count=64 n2_in_gt_bg=1 n2_in_gt_bg_count=64 n2_valid_count=64 n2_valid_ratio=1 neg_in_pred_bg=1 neg_in_pred_bg_count=128 negative_pair_count=64 negative_pair_distance_sum=3439 p1_gt_valid_count=64 p1_in_gt_fg=1 p1_in_gt_fg_count=64 p1_valid_count=64 p1_valid_ratio=1 p2_gt_valid_count=64 p2_in_gt_fg=1 p2_in_gt_fg_count=64 p2_valid_count=64 p2_valid_ratio=1 point_distance_sum=4567 point_overlap_count=0 point_overlap_ratio=0 point_pair_count=128 pos_in_pred_fg=1 pos_in_pred_fg_count=128 positive_pair_count=64 positive_pair_distance_sum=1128 roi_count=64 valid_neg_count=128 valid_pos_count=128 warmup_stage=2
2026-07-31 22:54:02,637 - portable_sam_fusion - INFO - Epoch 4 detailed losses: loss_rpn_cls=0.0021, loss_rpn_bbox=0.0015, loss_cls=0.0738, acc=97.2391, loss_bbox=0.0258, loss_mask=0.3066, debug_mask_pos_rois=56.1122, debug_mask_logit_mean=0.3618, debug_mask_logit_std=2.6645, debug_mask_prob_mean=0.5029, debug_mask_prob_ge05=0.5202, debug_mask_target_fill=0.5030, loss_shape_prior=0.0148, schedule/det_weight=1.0000
2026-07-31 22:54:02,637 - portable_sam_fusion - INFO - Epoch 4 primary loss shares: det=24.31% final_mask=72.19% shape=3.50% p2_boundary=0.00%
2026-07-31 22:54:02,637 - portable_sam_fusion - INFO - Epoch 4 schedule: det_loss_weight=1.000 early_stop_start=1 min_delta=0.0005
2026-07-31 22:54:02,637 - portable_sam_fusion - INFO - Epoch 4 learning rates: sat_backbone=4.76e-05, mask_decoder=4.76e-05, shape_prior=4.76e-05, quality_head=4.76e-05, sat_other=4.76e-05
2026-07-31 22:56:42,902 - portable_sam_fusion - INFO - Validation samples: GT=15926, DT=15596, avg_masks_per_image=24.87, avg_mask_fill=0.0048
creating index...
index created!
Loading and preparing results...
DONE (t=0.02s)
creating index...
index created!
Running per image evaluation...
Evaluate annotation type *bbox*
DONE (t=10.10s).
Accumulating evaluation results...
DONE (t=0.15s).
 Average Precision  (AP) @[ IoU=0.50:0.95 | area=   all | maxDets=100 ] = 0.741
 Average Precision  (AP) @[ IoU=0.50      | area=   all | maxDets=100 ] = 0.890
 Average Precision  (AP) @[ IoU=0.75      | area=   all | maxDets=100 ] = 0.839
 Average Precision  (AP) @[ IoU=0.50:0.95 | area= small | maxDets=100 ] = 0.357
 Average Precision  (AP) @[ IoU=0.50:0.95 | area=medium | maxDets=100 ] = 0.779
 Average Precision  (AP) @[ IoU=0.50:0.95 | area= large | maxDets=100 ] = 0.850
 Average Recall     (AR) @[ IoU=0.50:0.95 | area=   all | maxDets=  1 ] = 0.027
 Average Recall     (AR) @[ IoU=0.50:0.95 | area=   all | maxDets= 10 ] = 0.201
 Average Recall     (AR) @[ IoU=0.50:0.95 | area=   all | maxDets=100 ] = 0.784
 Average Recall     (AR) @[ IoU=0.50:0.95 | area= small | maxDets=100 ] = 0.436
 Average Recall     (AR) @[ IoU=0.50:0.95 | area=medium | maxDets=100 ] = 0.824
 Average Recall     (AR) @[ IoU=0.50:0.95 | area= large | maxDets=100 ] = 0.892
2026-07-31 22:56:53,321 - portable_sam_fusion - INFO - Validation bbox/mAP: 0.7414 bbox/mAP_75: 0.8387
Running per image evaluation...
Evaluate annotation type *segm*
DONE (t=10.68s).
Accumulating evaluation results...
DONE (t=0.15s).
 Average Precision  (AP) @[ IoU=0.50:0.95 | area=   all | maxDets=100 ] = 0.506
 Average Precision  (AP) @[ IoU=0.50      | area=   all | maxDets=100 ] = 0.880
 Average Precision  (AP) @[ IoU=0.75      | area=   all | maxDets=100 ] = 0.559
 Average Precision  (AP) @[ IoU=0.50:0.95 | area= small | maxDets=100 ] = 0.277
 Average Precision  (AP) @[ IoU=0.50:0.95 | area=medium | maxDets=100 ] = 0.558
 Average Precision  (AP) @[ IoU=0.50:0.95 | area= large | maxDets=100 ] = 0.517
 Average Recall     (AR) @[ IoU=0.50:0.95 | area=   all | maxDets=  1 ] = 0.020
 Average Recall     (AR) @[ IoU=0.50:0.95 | area=   all | maxDets= 10 ] = 0.144
 Average Recall     (AR) @[ IoU=0.50:0.95 | area=   all | maxDets=100 ] = 0.572
 Average Recall     (AR) @[ IoU=0.50:0.95 | area= small | maxDets=100 ] = 0.343
 Average Recall     (AR) @[ IoU=0.50:0.95 | area=medium | maxDets=100 ] = 0.621
 Average Recall     (AR) @[ IoU=0.50:0.95 | area= large | maxDets=100 ] = 0.581
2026-07-31 22:57:04,184 - portable_sam_fusion - INFO - Validation segm/mAP: 0.5055
2026-07-31 22:57:04,731 - portable_sam_fusion - INFO - New best segm/mAP: 0.5055
2026-07-31 22:57:04,732 - portable_sam_fusion - INFO - New best early-stop metric (segm/mAP): raw=0.5055 smooth(5)=0.4336
2026-07-31 22:57:07,168 - portable_sam_fusion - INFO - Saved best_model with segm/mAP: 0.5055
2026-07-31 22:57:12,726 - portable_sam_fusion - INFO - Epoch 4/20 | train=0.424667 val=disabled segm/mAP=0.5055 bbox/mAP=0.7414 | best_segm=0.5055 best_bbox=0.7422 best_comp=0.0000 | sat_backbone=4.76e-05 mask_decoder=4.76e-05 shape_prior=4.76e-05 quality_head=4.76e-05 sat_other=4.76e-05
2026-07-31 22:57:35,130 - portable_sam_fusion - INFO - epoch 5 | mini-batch 16/294 | optimizer_step 300/1480 | lr=4.746e-05
2026-07-31 22:57:45,241 - portable_sam_fusion - INFO - [DEBUG-BOX] epoch=5 step=1200 fallback_count=0 fallback_ratio=0 num_rois=64 refined_proposal_iou=0 refined_proposal_iou_sum=0 refined_valid_count=0
2026-07-31 22:57:45,241 - portable_sam_fusion - INFO - [DEBUG-COARSE] epoch=5 step=1200 bce_raw=0.09645 boundary_fn=1061 boundary_fp=1070 boundary_tp=2.493e+04 dice=0.04832 dice_loss_raw=0.04832 iou=0.9091 loss_weight=0.1 raw_boundary_fn=1061 raw_boundary_fp=1070 raw_boundary_tp=2.493e+04 raw_dice_score=0.9517 raw_iou=0.9091 weighted_loss=0.01448
2026-07-31 22:57:45,241 - portable_sam_fusion - INFO - [DEBUG-CONTEXT] epoch=5 step=1200 enabled=0
2026-07-31 22:57:45,241 - portable_sam_fusion - INFO - [DEBUG-JITTER] epoch=5 step=1200 area_ratio_count=64 area_ratio_mean=1 area_ratio_sum=64 fallback_count=0 mean_iou=1 num_jittered=0 num_rois=64
2026-07-31 22:57:45,241 - portable_sam_fusion - INFO - [DEBUG-SP] epoch=5 step=1200 all_invalid_count=0 all_invalid_ratio=0 empty_count=0 empty_ratio=0 full_count=0 full_ratio=0 mean_point_distance=46.3 n1_gt_valid_count=64 n1_in_gt_bg=0.8906 n1_in_gt_bg_count=57 n1_valid_count=64 n1_valid_ratio=1 n2_gt_valid_count=64 n2_in_gt_bg=1 n2_in_gt_bg_count=64 n2_valid_count=64 n2_valid_ratio=1 neg_in_pred_bg=1 neg_in_pred_bg_count=128 negative_pair_count=64 negative_pair_distance_sum=4013 p1_gt_valid_count=64 p1_in_gt_fg=1 p1_in_gt_fg_count=64 p1_valid_count=64 p1_valid_ratio=1 p2_gt_valid_count=64 p2_in_gt_fg=1 p2_in_gt_fg_count=64 p2_valid_count=64 p2_valid_ratio=1 point_distance_sum=5927 point_overlap_count=0 point_overlap_ratio=0 point_pair_count=128 pos_in_pred_fg=1 pos_in_pred_fg_count=128 positive_pair_count=64 positive_pair_distance_sum=1914 roi_count=64 valid_neg_count=128 valid_pos_count=128 warmup_stage=2
2026-07-31 22:58:49,134 - portable_sam_fusion - INFO - [DEBUG-BOX] epoch=5 step=1250 fallback_count=0 fallback_ratio=0 num_rois=64 refined_proposal_iou=0 refined_proposal_iou_sum=0 refined_valid_count=0
2026-07-31 22:58:49,134 - portable_sam_fusion - INFO - [DEBUG-COARSE] epoch=5 step=1250 bce_raw=0.1179 boundary_fn=1663 boundary_fp=1505 boundary_tp=2.611e+04 dice=0.06411 dice_loss_raw=0.06411 iou=0.8818 loss_weight=0.1 raw_boundary_fn=1663 raw_boundary_fp=1505 raw_boundary_tp=2.611e+04 raw_dice_score=0.9359 raw_iou=0.8818 weighted_loss=0.0182
2026-07-31 22:58:49,135 - portable_sam_fusion - INFO - [DEBUG-CONTEXT] epoch=5 step=1250 enabled=0
2026-07-31 22:58:49,135 - portable_sam_fusion - INFO - [DEBUG-JITTER] epoch=5 step=1250 area_ratio_count=64 area_ratio_mean=1 area_ratio_sum=64 fallback_count=0 mean_iou=1 num_jittered=0 num_rois=64
2026-07-31 22:58:49,135 - portable_sam_fusion - INFO - [DEBUG-SP] epoch=5 step=1250 all_invalid_count=0 all_invalid_ratio=0 empty_count=0 empty_ratio=0 full_count=0 full_ratio=0 mean_point_distance=32.6 n1_gt_valid_count=64 n1_in_gt_bg=0.9531 n1_in_gt_bg_count=61 n1_valid_count=64 n1_valid_ratio=1 n2_gt_valid_count=64 n2_in_gt_bg=1 n2_in_gt_bg_count=64 n2_valid_count=64 n2_valid_ratio=1 neg_in_pred_bg=1 neg_in_pred_bg_count=128 negative_pair_count=64 negative_pair_distance_sum=3101 p1_gt_valid_count=64 p1_in_gt_fg=1 p1_in_gt_fg_count=64 p1_valid_count=64 p1_valid_ratio=1 p2_gt_valid_count=64 p2_in_gt_fg=1 p2_in_gt_fg_count=64 p2_valid_count=64 p2_valid_ratio=1 point_distance_sum=4172 point_overlap_count=0 point_overlap_ratio=0 point_pair_count=128 pos_in_pred_fg=1 pos_in_pred_fg_count=128 positive_pair_count=64 positive_pair_distance_sum=1071 roi_count=64 valid_neg_count=128 valid_pos_count=128 warmup_stage=2
2026-07-31 22:59:56,541 - portable_sam_fusion - INFO - [DEBUG-BOX] epoch=5 step=1300 fallback_count=0 fallback_ratio=0 num_rois=64 refined_proposal_iou=0 refined_proposal_iou_sum=0 refined_valid_count=0
2026-07-31 22:59:56,541 - portable_sam_fusion - INFO - [DEBUG-COARSE] epoch=5 step=1300 bce_raw=0.1248 boundary_fn=1952 boundary_fp=1889 boundary_tp=2.193e+04 dice=0.05672 dice_loss_raw=0.05672 iou=0.893 loss_weight=0.1 raw_boundary_fn=1952 raw_boundary_fp=1889 raw_boundary_tp=2.193e+04 raw_dice_score=0.9433 raw_iou=0.893 weighted_loss=0.01815
2026-07-31 22:59:56,541 - portable_sam_fusion - INFO - [DEBUG-CONTEXT] epoch=5 step=1300 enabled=0
2026-07-31 22:59:56,541 - portable_sam_fusion - INFO - [DEBUG-JITTER] epoch=5 step=1300 area_ratio_count=64 area_ratio_mean=1 area_ratio_sum=64 fallback_count=0 mean_iou=1 num_jittered=0 num_rois=64
2026-07-31 22:59:56,541 - portable_sam_fusion - INFO - [DEBUG-SP] epoch=5 step=1300 all_invalid_count=0 all_invalid_ratio=0 empty_count=0 empty_ratio=0 full_count=0 full_ratio=0 mean_point_distance=10.38 n1_gt_valid_count=64 n1_in_gt_bg=0.7344 n1_in_gt_bg_count=47 n1_valid_count=64 n1_valid_ratio=1 n2_gt_valid_count=64 n2_in_gt_bg=1 n2_in_gt_bg_count=64 n2_valid_count=64 n2_valid_ratio=1 neg_in_pred_bg=1 neg_in_pred_bg_count=128 negative_pair_count=64 negative_pair_distance_sum=994.4 p1_gt_valid_count=64 p1_in_gt_fg=1 p1_in_gt_fg_count=64 p1_valid_count=64 p1_valid_ratio=1 p2_gt_valid_count=64 p2_in_gt_fg=1 p2_in_gt_fg_count=64 p2_valid_count=64 p2_valid_ratio=1 point_distance_sum=1328 point_overlap_count=0 point_overlap_ratio=0 point_pair_count=128 pos_in_pred_fg=1 pos_in_pred_fg_count=128 positive_pair_count=64 positive_pair_distance_sum=333.7 roi_count=64 valid_neg_count=128 valid_pos_count=128 warmup_stage=2
2026-07-31 23:01:00,992 - portable_sam_fusion - INFO - [DEBUG-BOX] epoch=5 step=1350 fallback_count=0 fallback_ratio=0 num_rois=64 refined_proposal_iou=0 refined_proposal_iou_sum=0 refined_valid_count=0
2026-07-31 23:01:00,992 - portable_sam_fusion - INFO - [DEBUG-COARSE] epoch=5 step=1350 bce_raw=0.1279 boundary_fn=2026 boundary_fp=1765 boundary_tp=2.415e+04 dice=0.05926 dice_loss_raw=0.05926 iou=0.8905 loss_weight=0.1 raw_boundary_fn=2026 raw_boundary_fp=1765 raw_boundary_tp=2.415e+04 raw_dice_score=0.9407 raw_iou=0.8905 weighted_loss=0.01871
2026-07-31 23:01:00,992 - portable_sam_fusion - INFO - [DEBUG-CONTEXT] epoch=5 step=1350 enabled=0
2026-07-31 23:01:00,992 - portable_sam_fusion - INFO - [DEBUG-JITTER] epoch=5 step=1350 area_ratio_count=64 area_ratio_mean=1 area_ratio_sum=64 fallback_count=0 mean_iou=1 num_jittered=0 num_rois=64
2026-07-31 23:01:00,992 - portable_sam_fusion - INFO - [DEBUG-SP] epoch=5 step=1350 all_invalid_count=0 all_invalid_ratio=0 empty_count=0 empty_ratio=0 full_count=0 full_ratio=0 mean_point_distance=42.79 n1_gt_valid_count=64 n1_in_gt_bg=0.8438 n1_in_gt_bg_count=54 n1_valid_count=64 n1_valid_ratio=1 n2_gt_valid_count=64 n2_in_gt_bg=1 n2_in_gt_bg_count=64 n2_valid_count=64 n2_valid_ratio=1 neg_in_pred_bg=1 neg_in_pred_bg_count=128 negative_pair_count=64 negative_pair_distance_sum=4172 p1_gt_valid_count=64 p1_in_gt_fg=1 p1_in_gt_fg_count=64 p1_valid_count=64 p1_valid_ratio=1 p2_gt_valid_count=64 p2_in_gt_fg=1 p2_in_gt_fg_count=64 p2_valid_count=64 p2_valid_ratio=1 point_distance_sum=5477 point_overlap_count=0 point_overlap_ratio=0 point_pair_count=128 pos_in_pred_fg=1 pos_in_pred_fg_count=128 positive_pair_count=64 positive_pair_distance_sum=1305 roi_count=64 valid_neg_count=128 valid_pos_count=128 warmup_stage=2
2026-07-31 23:01:55,924 - portable_sam_fusion - INFO - epoch 5 | mini-batch 216/294 | optimizer_step 350/1480 | lr=4.606e-05
2026-07-31 23:02:06,532 - portable_sam_fusion - INFO - [DEBUG-BOX] epoch=5 step=1400 fallback_count=0 fallback_ratio=0 num_rois=64 refined_proposal_iou=0 refined_proposal_iou_sum=0 refined_valid_count=0
2026-07-31 23:02:06,532 - portable_sam_fusion - INFO - [DEBUG-COARSE] epoch=5 step=1400 bce_raw=0.07391 boundary_fn=518 boundary_fp=607 boundary_tp=2.716e+04 dice=0.04747 dice_loss_raw=0.04747 iou=0.9099 loss_weight=0.1 raw_boundary_fn=518 raw_boundary_fp=607 raw_boundary_tp=2.716e+04 raw_dice_score=0.9525 raw_iou=0.9099 weighted_loss=0.01214
2026-07-31 23:02:06,532 - portable_sam_fusion - INFO - [DEBUG-CONTEXT] epoch=5 step=1400 enabled=0
2026-07-31 23:02:06,532 - portable_sam_fusion - INFO - [DEBUG-JITTER] epoch=5 step=1400 area_ratio_count=64 area_ratio_mean=1 area_ratio_sum=64 fallback_count=0 mean_iou=1 num_jittered=0 num_rois=64
2026-07-31 23:02:06,532 - portable_sam_fusion - INFO - [DEBUG-SP] epoch=5 step=1400 all_invalid_count=0 all_invalid_ratio=0 empty_count=0 empty_ratio=0 full_count=0 full_ratio=0 mean_point_distance=40.23 n1_gt_valid_count=64 n1_in_gt_bg=0.9062 n1_in_gt_bg_count=58 n1_valid_count=64 n1_valid_ratio=1 n2_gt_valid_count=64 n2_in_gt_bg=1 n2_in_gt_bg_count=64 n2_valid_count=64 n2_valid_ratio=1 neg_in_pred_bg=1 neg_in_pred_bg_count=128 negative_pair_count=64 negative_pair_distance_sum=3942 p1_gt_valid_count=64 p1_in_gt_fg=1 p1_in_gt_fg_count=64 p1_valid_count=64 p1_valid_ratio=1 p2_gt_valid_count=64 p2_in_gt_fg=1 p2_in_gt_fg_count=64 p2_valid_count=64 p2_valid_ratio=1 point_distance_sum=5149 point_overlap_count=0 point_overlap_ratio=0 point_pair_count=128 pos_in_pred_fg=1 pos_in_pred_fg_count=128 positive_pair_count=64 positive_pair_distance_sum=1207 roi_count=64 valid_neg_count=128 valid_pos_count=128 warmup_stage=2
2026-07-31 23:03:11,879 - portable_sam_fusion - INFO - [DEBUG-BOX] epoch=5 step=1450 fallback_count=0 fallback_ratio=0 num_rois=64 refined_proposal_iou=0 refined_proposal_iou_sum=0 refined_valid_count=0
2026-07-31 23:03:11,879 - portable_sam_fusion - INFO - [DEBUG-COARSE] epoch=5 step=1450 bce_raw=0.1391 boundary_fn=1873 boundary_fp=1254 boundary_tp=2.744e+04 dice=0.06779 dice_loss_raw=0.06779 iou=0.8744 loss_weight=0.1 raw_boundary_fn=1873 raw_boundary_fp=1254 raw_boundary_tp=2.744e+04 raw_dice_score=0.9322 raw_iou=0.8744 weighted_loss=0.02069
2026-07-31 23:03:11,879 - portable_sam_fusion - INFO - [DEBUG-CONTEXT] epoch=5 step=1450 enabled=0
2026-07-31 23:03:11,879 - portable_sam_fusion - INFO - [DEBUG-JITTER] epoch=5 step=1450 area_ratio_count=64 area_ratio_mean=1 area_ratio_sum=64 fallback_count=0 mean_iou=1 num_jittered=0 num_rois=64
2026-07-31 23:03:11,879 - portable_sam_fusion - INFO - [DEBUG-SP] epoch=5 step=1450 all_invalid_count=0 all_invalid_ratio=0 empty_count=0 empty_ratio=0 full_count=0 full_ratio=0 mean_point_distance=39.57 n1_gt_valid_count=64 n1_in_gt_bg=0.9375 n1_in_gt_bg_count=60 n1_valid_count=64 n1_valid_ratio=1 n2_gt_valid_count=64 n2_in_gt_bg=1 n2_in_gt_bg_count=64 n2_valid_count=64 n2_valid_ratio=1 neg_in_pred_bg=1 neg_in_pred_bg_count=128 negative_pair_count=64 negative_pair_distance_sum=3753 p1_gt_valid_count=64 p1_in_gt_fg=1 p1_in_gt_fg_count=64 p1_valid_count=64 p1_valid_ratio=1 p2_gt_valid_count=64 p2_in_gt_fg=1 p2_in_gt_fg_count=64 p2_valid_count=64 p2_valid_ratio=1 point_distance_sum=5065 point_overlap_count=0 point_overlap_ratio=0 point_pair_count=128 pos_in_pred_fg=1 pos_in_pred_fg_count=128 positive_pair_count=64 positive_pair_distance_sum=1312 roi_count=64 valid_neg_count=128 valid_pos_count=128 warmup_stage=2
2026-07-31 23:03:38,321 - portable_sam_fusion - INFO - Epoch 5 detailed losses: loss_rpn_cls=0.0021, loss_rpn_bbox=0.0015, loss_cls=0.0741, acc=97.2426, loss_bbox=0.0253, loss_mask=0.3026, debug_mask_pos_rois=56.6293, debug_mask_logit_mean=0.3929, debug_mask_logit_std=2.8302, debug_mask_prob_mean=0.5150, debug_mask_prob_ge05=0.5329, debug_mask_target_fill=0.5149, loss_shape_prior=0.0149, schedule/det_weight=1.0000
2026-07-31 23:03:38,322 - portable_sam_fusion - INFO - Epoch 5 primary loss shares: det=24.49% final_mask=71.97% shape=3.54% p2_boundary=0.00%
2026-07-31 23:03:38,322 - portable_sam_fusion - INFO - Epoch 5 schedule: det_loss_weight=1.000 early_stop_start=1 min_delta=0.0005
2026-07-31 23:03:38,322 - portable_sam_fusion - INFO - Epoch 5 learning rates: sat_backbone=4.54e-05, mask_decoder=4.54e-05, shape_prior=4.54e-05, quality_head=4.54e-05, sat_other=4.54e-05
2026-07-31 23:06:18,080 - portable_sam_fusion - INFO - Validation samples: GT=15926, DT=15372, avg_masks_per_image=24.52, avg_mask_fill=0.0051
creating index...
index created!
Loading and preparing results...
DONE (t=0.01s)
creating index...
index created!
Running per image evaluation...
Evaluate annotation type *bbox*
DONE (t=10.07s).
Accumulating evaluation results...
DONE (t=0.14s).
 Average Precision  (AP) @[ IoU=0.50:0.95 | area=   all | maxDets=100 ] = 0.741
 Average Precision  (AP) @[ IoU=0.50      | area=   all | maxDets=100 ] = 0.891
 Average Precision  (AP) @[ IoU=0.75      | area=   all | maxDets=100 ] = 0.832
 Average Precision  (AP) @[ IoU=0.50:0.95 | area= small | maxDets=100 ] = 0.349
 Average Precision  (AP) @[ IoU=0.50:0.95 | area=medium | maxDets=100 ] = 0.777
 Average Precision  (AP) @[ IoU=0.50:0.95 | area= large | maxDets=100 ] = 0.854
 Average Recall     (AR) @[ IoU=0.50:0.95 | area=   all | maxDets=  1 ] = 0.027
 Average Recall     (AR) @[ IoU=0.50:0.95 | area=   all | maxDets= 10 ] = 0.201
 Average Recall     (AR) @[ IoU=0.50:0.95 | area=   all | maxDets=100 ] = 0.780
 Average Recall     (AR) @[ IoU=0.50:0.95 | area= small | maxDets=100 ] = 0.418
 Average Recall     (AR) @[ IoU=0.50:0.95 | area=medium | maxDets=100 ] = 0.822
 Average Recall     (AR) @[ IoU=0.50:0.95 | area= large | maxDets=100 ] = 0.893
2026-07-31 23:06:28,458 - portable_sam_fusion - INFO - Validation bbox/mAP: 0.7412 bbox/mAP_75: 0.8317
Running per image evaluation...
Evaluate annotation type *segm*
DONE (t=10.62s).
Accumulating evaluation results...
DONE (t=0.16s).
 Average Precision  (AP) @[ IoU=0.50:0.95 | area=   all | maxDets=100 ] = 0.480
 Average Precision  (AP) @[ IoU=0.50      | area=   all | maxDets=100 ] = 0.881
 Average Precision  (AP) @[ IoU=0.75      | area=   all | maxDets=100 ] = 0.478
 Average Precision  (AP) @[ IoU=0.50:0.95 | area= small | maxDets=100 ] = 0.263
 Average Precision  (AP) @[ IoU=0.50:0.95 | area=medium | maxDets=100 ] = 0.536
 Average Precision  (AP) @[ IoU=0.50:0.95 | area= large | maxDets=100 ] = 0.485
 Average Recall     (AR) @[ IoU=0.50:0.95 | area=   all | maxDets=  1 ] = 0.019
 Average Recall     (AR) @[ IoU=0.50:0.95 | area=   all | maxDets= 10 ] = 0.137
 Average Recall     (AR) @[ IoU=0.50:0.95 | area=   all | maxDets=100 ] = 0.548
 Average Recall     (AR) @[ IoU=0.50:0.95 | area= small | maxDets=100 ] = 0.325
 Average Recall     (AR) @[ IoU=0.50:0.95 | area=medium | maxDets=100 ] = 0.598
 Average Recall     (AR) @[ IoU=0.50:0.95 | area= large | maxDets=100 ] = 0.552
2026-07-31 23:06:39,259 - portable_sam_fusion - INFO - Validation segm/mAP: 0.4798
2026-07-31 23:06:39,843 - portable_sam_fusion - INFO - New best early-stop metric (segm/mAP): raw=0.4798 smooth(5)=0.4428
2026-07-31 23:06:45,503 - portable_sam_fusion - INFO - Epoch 5/20 | train=0.420442 val=disabled segm/mAP=0.4798 bbox/mAP=0.7412 | best_segm=0.5055 best_bbox=0.7422 best_comp=0.0000 | sat_backbone=4.54e-05 mask_decoder=4.54e-05 shape_prior=4.54e-05 quality_head=4.54e-05 sat_other=4.54e-05
2026-07-31 23:07:24,317 - portable_sam_fusion - INFO - [DEBUG-BOX] epoch=6 step=1500 fallback_count=0 fallback_ratio=0 num_rois=64 refined_proposal_iou=0 refined_proposal_iou_sum=0 refined_valid_count=0
2026-07-31 23:07:24,317 - portable_sam_fusion - INFO - [DEBUG-COARSE] epoch=6 step=1500 bce_raw=0.1131 boundary_fn=1847 boundary_fp=1159 boundary_tp=2.568e+04 dice=0.06114 dice_loss_raw=0.06114 iou=0.8859 loss_weight=0.1 raw_boundary_fn=1847 raw_boundary_fp=1159 raw_boundary_tp=2.568e+04 raw_dice_score=0.9389 raw_iou=0.8859 weighted_loss=0.01742
2026-07-31 23:07:24,317 - portable_sam_fusion - INFO - [DEBUG-CONTEXT] epoch=6 step=1500 enabled=0
2026-07-31 23:07:24,317 - portable_sam_fusion - INFO - [DEBUG-JITTER] epoch=6 step=1500 area_ratio_count=64 area_ratio_mean=1 area_ratio_sum=64 fallback_count=0 mean_iou=1 num_jittered=0 num_rois=64
2026-07-31 23:07:24,317 - portable_sam_fusion - INFO - [DEBUG-SP] epoch=6 step=1500 all_invalid_count=0 all_invalid_ratio=0 empty_count=0 empty_ratio=0 full_count=0 full_ratio=0 mean_point_distance=42.53 n1_gt_valid_count=64 n1_in_gt_bg=0.875 n1_in_gt_bg_count=56 n1_valid_count=64 n1_valid_ratio=1 n2_gt_valid_count=64 n2_in_gt_bg=1 n2_in_gt_bg_count=64 n2_valid_count=64 n2_valid_ratio=1 neg_in_pred_bg=1 neg_in_pred_bg_count=128 negative_pair_count=64 negative_pair_distance_sum=3956 p1_gt_valid_count=64 p1_in_gt_fg=1 p1_in_gt_fg_count=64 p1_valid_count=64 p1_valid_ratio=1 p2_gt_valid_count=64 p2_in_gt_fg=1 p2_in_gt_fg_count=64 p2_valid_count=64 p2_valid_ratio=1 point_distance_sum=5444 point_overlap_count=0 point_overlap_ratio=0 point_pair_count=128 pos_in_pred_fg=1 pos_in_pred_fg_count=128 positive_pair_count=64 positive_pair_distance_sum=1488 roi_count=64 valid_neg_count=128 valid_pos_count=128 warmup_stage=2
2026-07-31 23:08:31,358 - portable_sam_fusion - INFO - [DEBUG-BOX] epoch=6 step=1550 fallback_count=0 fallback_ratio=0 num_rois=64 refined_proposal_iou=0 refined_proposal_iou_sum=0 refined_valid_count=0
2026-07-31 23:08:31,358 - portable_sam_fusion - INFO - [DEBUG-COARSE] epoch=6 step=1550 bce_raw=0.0843 boundary_fn=1169 boundary_fp=524 boundary_tp=2.262e+04 dice=0.03173 dice_loss_raw=0.03173 iou=0.9387 loss_weight=0.1 raw_boundary_fn=1169 raw_boundary_fp=524 raw_boundary_tp=2.262e+04 raw_dice_score=0.9683 raw_iou=0.9387 weighted_loss=0.0116
2026-07-31 23:08:31,358 - portable_sam_fusion - INFO - [DEBUG-CONTEXT] epoch=6 step=1550 enabled=0
2026-07-31 23:08:31,358 - portable_sam_fusion - INFO - [DEBUG-JITTER] epoch=6 step=1550 area_ratio_count=64 area_ratio_mean=1 area_ratio_sum=64 fallback_count=0 mean_iou=1 num_jittered=0 num_rois=64
2026-07-31 23:08:31,358 - portable_sam_fusion - INFO - [DEBUG-SP] epoch=6 step=1550 all_invalid_count=0 all_invalid_ratio=0 empty_count=0 empty_ratio=0 full_count=0 full_ratio=0 mean_point_distance=25.67 n1_gt_valid_count=64 n1_in_gt_bg=0.8906 n1_in_gt_bg_count=57 n1_valid_count=64 n1_valid_ratio=1 n2_gt_valid_count=64 n2_in_gt_bg=0.9844 n2_in_gt_bg_count=63 n2_valid_count=64 n2_valid_ratio=1 neg_in_pred_bg=1 neg_in_pred_bg_count=128 negative_pair_count=64 negative_pair_distance_sum=2517 p1_gt_valid_count=64 p1_in_gt_fg=1 p1_in_gt_fg_count=64 p1_valid_count=64 p1_valid_ratio=1 p2_gt_valid_count=64 p2_in_gt_fg=1 p2_in_gt_fg_count=64 p2_valid_count=64 p2_valid_ratio=1 point_distance_sum=3285 point_overlap_count=0 point_overlap_ratio=0 point_pair_count=128 pos_in_pred_fg=1 pos_in_pred_fg_count=128 positive_pair_count=64 positive_pair_distance_sum=768.7 roi_count=64 valid_neg_count=128 valid_pos_count=128 warmup_stage=2
2026-07-31 23:09:25,098 - portable_sam_fusion - INFO - epoch 6 | mini-batch 120/294 | optimizer_step 400/1480 | lr=4.440e-05
2026-07-31 23:09:36,755 - portable_sam_fusion - INFO - [DEBUG-BOX] epoch=6 step=1600 fallback_count=0 fallback_ratio=0 num_rois=29 refined_proposal_iou=0 refined_proposal_iou_sum=0 refined_valid_count=0
2026-07-31 23:09:36,755 - portable_sam_fusion - INFO - [DEBUG-COARSE] epoch=6 step=1600 bce_raw=0.07352 boundary_fn=128 boundary_fp=124 boundary_tp=1.07e+04 dice=0.03694 dice_loss_raw=0.03694 iou=0.9289 loss_weight=0.1 raw_boundary_fn=128 raw_boundary_fp=124 raw_boundary_tp=1.07e+04 raw_dice_score=0.9631 raw_iou=0.9289 weighted_loss=0.01105
2026-07-31 23:09:36,755 - portable_sam_fusion - INFO - [DEBUG-CONTEXT] epoch=6 step=1600 enabled=0
2026-07-31 23:09:36,755 - portable_sam_fusion - INFO - [DEBUG-JITTER] epoch=6 step=1600 area_ratio_count=29 area_ratio_mean=1 area_ratio_sum=29 fallback_count=0 mean_iou=1 num_jittered=0 num_rois=29
2026-07-31 23:09:36,755 - portable_sam_fusion - INFO - [DEBUG-SP] epoch=6 step=1600 all_invalid_count=0 all_invalid_ratio=0 empty_count=0 empty_ratio=0 full_count=0 full_ratio=0 mean_point_distance=13.89 n1_gt_valid_count=29 n1_in_gt_bg=0.931 n1_in_gt_bg_count=27 n1_valid_count=29 n1_valid_ratio=1 n2_gt_valid_count=29 n2_in_gt_bg=1 n2_in_gt_bg_count=29 n2_valid_count=29 n2_valid_ratio=1 neg_in_pred_bg=1 neg_in_pred_bg_count=58 negative_pair_count=29 negative_pair_distance_sum=639 p1_gt_valid_count=29 p1_in_gt_fg=1 p1_in_gt_fg_count=29 p1_valid_count=29 p1_valid_ratio=1 p2_gt_valid_count=29 p2_in_gt_fg=1 p2_in_gt_fg_count=29 p2_valid_count=29 p2_valid_ratio=1 point_distance_sum=805.3 point_overlap_count=0 point_overlap_ratio=0 point_pair_count=58 pos_in_pred_fg=1 pos_in_pred_fg_count=58 positive_pair_count=29 positive_pair_distance_sum=166.3 roi_count=29 valid_neg_count=58 valid_pos_count=58 warmup_stage=2
2026-07-31 23:10:44,377 - portable_sam_fusion - INFO - [DEBUG-BOX] epoch=6 step=1650 fallback_count=0 fallback_ratio=0 num_rois=64 refined_proposal_iou=0 refined_proposal_iou_sum=0 refined_valid_count=0
2026-07-31 23:10:44,377 - portable_sam_fusion - INFO - [DEBUG-COARSE] epoch=6 step=1650 bce_raw=0.1026 boundary_fn=1459 boundary_fp=1076 boundary_tp=2.426e+04 dice=0.05061 dice_loss_raw=0.05061 iou=0.9042 loss_weight=0.1 raw_boundary_fn=1459 raw_boundary_fp=1076 raw_boundary_tp=2.426e+04 raw_dice_score=0.9494 raw_iou=0.9042 weighted_loss=0.01532
2026-07-31 23:10:44,377 - portable_sam_fusion - INFO - [DEBUG-CONTEXT] epoch=6 step=1650 enabled=0
2026-07-31 23:10:44,377 - portable_sam_fusion - INFO - [DEBUG-JITTER] epoch=6 step=1650 area_ratio_count=64 area_ratio_mean=1 area_ratio_sum=64 fallback_count=0 mean_iou=1 num_jittered=0 num_rois=64
2026-07-31 23:10:44,377 - portable_sam_fusion - INFO - [DEBUG-SP] epoch=6 step=1650 all_invalid_count=0 all_invalid_ratio=0 empty_count=0 empty_ratio=0 full_count=0 full_ratio=0 mean_point_distance=28.64 n1_gt_valid_count=64 n1_in_gt_bg=0.7188 n1_in_gt_bg_count=46 n1_valid_count=64 n1_valid_ratio=1 n2_gt_valid_count=64 n2_in_gt_bg=1 n2_in_gt_bg_count=64 n2_valid_count=64 n2_valid_ratio=1 neg_in_pred_bg=1 neg_in_pred_bg_count=128 negative_pair_count=64 negative_pair_distance_sum=2913 p1_gt_valid_count=64 p1_in_gt_fg=1 p1_in_gt_fg_count=64 p1_valid_count=64 p1_valid_ratio=1 p2_gt_valid_count=64 p2_in_gt_fg=1 p2_in_gt_fg_count=64 p2_valid_count=64 p2_valid_ratio=1 point_distance_sum=3666 point_overlap_count=0 point_overlap_ratio=0 point_pair_count=128 pos_in_pred_fg=1 pos_in_pred_fg_count=128 positive_pair_count=64 positive_pair_distance_sum=753.2 roi_count=64 valid_neg_count=128 valid_pos_count=128 warmup_stage=2
2026-07-31 23:11:50,339 - portable_sam_fusion - INFO - [DEBUG-BOX] epoch=6 step=1700 fallback_count=0 fallback_ratio=0 num_rois=64 refined_proposal_iou=0 refined_proposal_iou_sum=0 refined_valid_count=0
2026-07-31 23:11:50,340 - portable_sam_fusion - INFO - [DEBUG-COARSE] epoch=6 step=1700 bce_raw=0.1188 boundary_fn=1631 boundary_fp=1651 boundary_tp=2.269e+04 dice=0.05291 dice_loss_raw=0.05291 iou=0.9005 loss_weight=0.1 raw_boundary_fn=1631 raw_boundary_fp=1651 raw_boundary_tp=2.269e+04 raw_dice_score=0.9471 raw_iou=0.9005 weighted_loss=0.01717
2026-07-31 23:11:50,340 - portable_sam_fusion - INFO - [DEBUG-CONTEXT] epoch=6 step=1700 enabled=0
2026-07-31 23:11:50,340 - portable_sam_fusion - INFO - [DEBUG-JITTER] epoch=6 step=1700 area_ratio_count=64 area_ratio_mean=1 area_ratio_sum=64 fallback_count=0 mean_iou=1 num_jittered=0 num_rois=64
2026-07-31 23:11:50,340 - portable_sam_fusion - INFO - [DEBUG-SP] epoch=6 step=1700 all_invalid_count=0 all_invalid_ratio=0 empty_count=0 empty_ratio=0 full_count=0 full_ratio=0 mean_point_distance=26.74 n1_gt_valid_count=64 n1_in_gt_bg=0.7969 n1_in_gt_bg_count=51 n1_valid_count=64 n1_valid_ratio=1 n2_gt_valid_count=64 n2_in_gt_bg=1 n2_in_gt_bg_count=64 n2_valid_count=64 n2_valid_ratio=1 neg_in_pred_bg=1 neg_in_pred_bg_count=128 negative_pair_count=64 negative_pair_distance_sum=2653 p1_gt_valid_count=64 p1_in_gt_fg=1 p1_in_gt_fg_count=64 p1_valid_count=64 p1_valid_ratio=1 p2_gt_valid_count=64 p2_in_gt_fg=1 p2_in_gt_fg_count=64 p2_valid_count=64 p2_valid_ratio=1 point_distance_sum=3423 point_overlap_count=0 point_overlap_ratio=0 point_pair_count=128 pos_in_pred_fg=1 pos_in_pred_fg_count=128 positive_pair_count=64 positive_pair_distance_sum=769.8 roi_count=64 valid_neg_count=128 valid_pos_count=128 warmup_stage=2
2026-07-31 23:12:56,520 - portable_sam_fusion - INFO - [DEBUG-BOX] epoch=6 step=1750 fallback_count=0 fallback_ratio=0 num_rois=64 refined_proposal_iou=0 refined_proposal_iou_sum=0 refined_valid_count=0
2026-07-31 23:12:56,520 - portable_sam_fusion - INFO - [DEBUG-COARSE] epoch=6 step=1750 bce_raw=0.1042 boundary_fn=1499 boundary_fp=1342 boundary_tp=2.676e+04 dice=0.06094 dice_loss_raw=0.06094 iou=0.8872 loss_weight=0.1 raw_boundary_fn=1499 raw_boundary_fp=1342 raw_boundary_tp=2.676e+04 raw_dice_score=0.9391 raw_iou=0.8872 weighted_loss=0.01651
2026-07-31 23:12:56,520 - portable_sam_fusion - INFO - [DEBUG-CONTEXT] epoch=6 step=1750 enabled=0
2026-07-31 23:12:56,520 - portable_sam_fusion - INFO - [DEBUG-JITTER] epoch=6 step=1750 area_ratio_count=64 area_ratio_mean=1 area_ratio_sum=64 fallback_count=0 mean_iou=1 num_jittered=0 num_rois=64
2026-07-31 23:12:56,520 - portable_sam_fusion - INFO - [DEBUG-SP] epoch=6 step=1750 all_invalid_count=0 all_invalid_ratio=0 empty_count=0 empty_ratio=0 full_count=0 full_ratio=0 mean_point_distance=33.35 n1_gt_valid_count=64 n1_in_gt_bg=0.9688 n1_in_gt_bg_count=62 n1_valid_count=64 n1_valid_ratio=1 n2_gt_valid_count=64 n2_in_gt_bg=1 n2_in_gt_bg_count=64 n2_valid_count=64 n2_valid_ratio=1 neg_in_pred_bg=1 neg_in_pred_bg_count=128 negative_pair_count=64 negative_pair_distance_sum=3267 p1_gt_valid_count=64 p1_in_gt_fg=1 p1_in_gt_fg_count=64 p1_valid_count=64 p1_valid_ratio=1 p2_gt_valid_count=64 p2_in_gt_fg=1 p2_in_gt_fg_count=64 p2_valid_count=64 p2_valid_ratio=1 point_distance_sum=4269 point_overlap_count=0 point_overlap_ratio=0 point_pair_count=128 pos_in_pred_fg=1 pos_in_pred_fg_count=128 positive_pair_count=64 positive_pair_distance_sum=1003 roi_count=64 valid_neg_count=128 valid_pos_count=128 warmup_stage=2
2026-07-31 23:13:17,043 - portable_sam_fusion - INFO - Epoch 6 detailed losses: loss_rpn_cls=0.0023, loss_rpn_bbox=0.0016, loss_cls=0.0728, acc=97.2588, loss_bbox=0.0256, loss_mask=0.2940, debug_mask_pos_rois=55.3197, debug_mask_logit_mean=0.3205, debug_mask_logit_std=2.8413, debug_mask_prob_mean=0.4984, debug_mask_prob_ge05=0.5159, debug_mask_target_fill=0.4979, loss_shape_prior=0.0150, schedule/det_weight=1.0000
2026-07-31 23:13:17,044 - portable_sam_fusion - INFO - Epoch 6 primary loss shares: det=24.86% final_mask=71.49% shape=3.65% p2_boundary=0.00%
2026-07-31 23:13:17,044 - portable_sam_fusion - INFO - Epoch 6 schedule: det_loss_weight=1.000 early_stop_start=1 min_delta=0.0005
2026-07-31 23:13:17,044 - portable_sam_fusion - INFO - Epoch 6 learning rates: sat_backbone=4.27e-05, mask_decoder=4.27e-05, shape_prior=4.27e-05, quality_head=4.27e-05, sat_other=4.27e-05
2026-07-31 23:15:56,668 - portable_sam_fusion - INFO - Validation samples: GT=15926, DT=15645, avg_masks_per_image=24.95, avg_mask_fill=0.0048
creating index...
index created!
Loading and preparing results...
DONE (t=0.02s)
creating index...
index created!
Running per image evaluation...
Evaluate annotation type *bbox*
DONE (t=10.13s).
Accumulating evaluation results...
DONE (t=0.15s).
 Average Precision  (AP) @[ IoU=0.50:0.95 | area=   all | maxDets=100 ] = 0.745
 Average Precision  (AP) @[ IoU=0.50      | area=   all | maxDets=100 ] = 0.891
 Average Precision  (AP) @[ IoU=0.75      | area=   all | maxDets=100 ] = 0.839
 Average Precision  (AP) @[ IoU=0.50:0.95 | area= small | maxDets=100 ] = 0.363
 Average Precision  (AP) @[ IoU=0.50:0.95 | area=medium | maxDets=100 ] = 0.780
 Average Precision  (AP) @[ IoU=0.50:0.95 | area= large | maxDets=100 ] = 0.854
 Average Recall     (AR) @[ IoU=0.50:0.95 | area=   all | maxDets=  1 ] = 0.028
 Average Recall     (AR) @[ IoU=0.50:0.95 | area=   all | maxDets= 10 ] = 0.202
 Average Recall     (AR) @[ IoU=0.50:0.95 | area=   all | maxDets=100 ] = 0.786
 Average Recall     (AR) @[ IoU=0.50:0.95 | area= small | maxDets=100 ] = 0.441
 Average Recall     (AR) @[ IoU=0.50:0.95 | area=medium | maxDets=100 ] = 0.825
 Average Recall     (AR) @[ IoU=0.50:0.95 | area= large | maxDets=100 ] = 0.895
2026-07-31 23:16:07,128 - portable_sam_fusion - INFO - Validation bbox/mAP: 0.7451 bbox/mAP_75: 0.8391
Running per image evaluation...
Evaluate annotation type *segm*
DONE (t=10.71s).
Accumulating evaluation results...
DONE (t=0.15s).
 Average Precision  (AP) @[ IoU=0.50:0.95 | area=   all | maxDets=100 ] = 0.512
 Average Precision  (AP) @[ IoU=0.50      | area=   all | maxDets=100 ] = 0.890
 Average Precision  (AP) @[ IoU=0.75      | area=   all | maxDets=100 ] = 0.569
 Average Precision  (AP) @[ IoU=0.50:0.95 | area= small | maxDets=100 ] = 0.290
 Average Precision  (AP) @[ IoU=0.50:0.95 | area=medium | maxDets=100 ] = 0.566
 Average Precision  (AP) @[ IoU=0.50:0.95 | area= large | maxDets=100 ] = 0.514
 Average Recall     (AR) @[ IoU=0.50:0.95 | area=   all | maxDets=  1 ] = 0.020
 Average Recall     (AR) @[ IoU=0.50:0.95 | area=   all | maxDets= 10 ] = 0.143
 Average Recall     (AR) @[ IoU=0.50:0.95 | area=   all | maxDets=100 ] = 0.577
 Average Recall     (AR) @[ IoU=0.50:0.95 | area= small | maxDets=100 ] = 0.356
 Average Recall     (AR) @[ IoU=0.50:0.95 | area=medium | maxDets=100 ] = 0.629
 Average Recall     (AR) @[ IoU=0.50:0.95 | area= large | maxDets=100 ] = 0.577
2026-07-31 23:16:18,019 - portable_sam_fusion - INFO - Validation segm/mAP: 0.5119
2026-07-31 23:16:19,095 - portable_sam_fusion - INFO - New best segm/mAP: 0.5119
2026-07-31 23:16:19,096 - portable_sam_fusion - INFO - New best bbox/mAP: 0.7451
2026-07-31 23:16:19,096 - portable_sam_fusion - INFO - New best early-stop metric (segm/mAP): raw=0.5119 smooth(5)=0.4807
2026-07-31 23:16:21,535 - portable_sam_fusion - INFO - Saved best_model with segm/mAP: 0.5119
2026-07-31 23:16:24,163 - portable_sam_fusion - INFO - Saved best_bbox_model with bbox/mAP: 0.7451
2026-07-31 23:16:29,544 - portable_sam_fusion - INFO - Epoch 6/20 | train=0.411276 val=disabled segm/mAP=0.5119 bbox/mAP=0.7451 | best_segm=0.5119 best_bbox=0.7451 best_comp=0.0000 | sat_backbone=4.27e-05 mask_decoder=4.27e-05 shape_prior=4.27e-05 quality_head=4.27e-05 sat_other=4.27e-05
2026-07-31 23:17:03,909 - portable_sam_fusion - INFO - epoch 7 | mini-batch 24/294 | optimizer_step 450/1480 | lr=4.248e-05
2026-07-31 23:17:19,702 - portable_sam_fusion - INFO - [DEBUG-BOX] epoch=7 step=1800 fallback_count=0 fallback_ratio=0 num_rois=64 refined_proposal_iou=0 refined_proposal_iou_sum=0 refined_valid_count=0
2026-07-31 23:17:19,702 - portable_sam_fusion - INFO - [DEBUG-COARSE] epoch=7 step=1800 bce_raw=0.09378 boundary_fn=1076 boundary_fp=1037 boundary_tp=2.497e+04 dice=0.04872 dice_loss_raw=0.04872 iou=0.908 loss_weight=0.1 raw_boundary_fn=1076 raw_boundary_fp=1037 raw_boundary_tp=2.497e+04 raw_dice_score=0.9513 raw_iou=0.908 weighted_loss=0.01425
2026-07-31 23:17:19,702 - portable_sam_fusion - INFO - [DEBUG-CONTEXT] epoch=7 step=1800 enabled=0
2026-07-31 23:17:19,702 - portable_sam_fusion - INFO - [DEBUG-JITTER] epoch=7 step=1800 area_ratio_count=64 area_ratio_mean=1 area_ratio_sum=64 fallback_count=0 mean_iou=1 num_jittered=0 num_rois=64
2026-07-31 23:17:19,702 - portable_sam_fusion - INFO - [DEBUG-SP] epoch=7 step=1800 all_invalid_count=0 all_invalid_ratio=0 empty_count=0 empty_ratio=0 full_count=0 full_ratio=0 mean_point_distance=37.48 n1_gt_valid_count=64 n1_in_gt_bg=0.9531 n1_in_gt_bg_count=61 n1_valid_count=64 n1_valid_ratio=1 n2_gt_valid_count=64 n2_in_gt_bg=1 n2_in_gt_bg_count=64 n2_valid_count=64 n2_valid_ratio=1 neg_in_pred_bg=1 neg_in_pred_bg_count=128 negative_pair_count=64 negative_pair_distance_sum=3529 p1_gt_valid_count=64 p1_in_gt_fg=1 p1_in_gt_fg_count=64 p1_valid_count=64 p1_valid_ratio=1 p2_gt_valid_count=64 p2_in_gt_fg=1 p2_in_gt_fg_count=64 p2_valid_count=64 p2_valid_ratio=1 point_distance_sum=4798 point_overlap_count=0 point_overlap_ratio=0 point_pair_count=128 pos_in_pred_fg=1 pos_in_pred_fg_count=128 positive_pair_count=64 positive_pair_distance_sum=1269 roi_count=64 valid_neg_count=128 valid_pos_count=128 warmup_stage=2
2026-07-31 23:18:27,195 - portable_sam_fusion - INFO - [DEBUG-BOX] epoch=7 step=1850 fallback_count=0 fallback_ratio=0 num_rois=64 refined_proposal_iou=0 refined_proposal_iou_sum=0 refined_valid_count=0
2026-07-31 23:18:27,195 - portable_sam_fusion - INFO - [DEBUG-COARSE] epoch=7 step=1850 bce_raw=0.1272 boundary_fn=1931 boundary_fp=2318 boundary_tp=2.237e+04 dice=0.04871 dice_loss_raw=0.04871 iou=0.9083 loss_weight=0.1 raw_boundary_fn=1931 raw_boundary_fp=2318 raw_boundary_tp=2.237e+04 raw_dice_score=0.9513 raw_iou=0.9083 weighted_loss=0.01759
2026-07-31 23:18:27,195 - portable_sam_fusion - INFO - [DEBUG-CONTEXT] epoch=7 step=1850 enabled=0
2026-07-31 23:18:27,195 - portable_sam_fusion - INFO - [DEBUG-JITTER] epoch=7 step=1850 area_ratio_count=64 area_ratio_mean=1 area_ratio_sum=64 fallback_count=0 mean_iou=1 num_jittered=0 num_rois=64
2026-07-31 23:18:27,195 - portable_sam_fusion - INFO - [DEBUG-SP] epoch=7 step=1850 all_invalid_count=0 all_invalid_ratio=0 empty_count=0 empty_ratio=0 full_count=0 full_ratio=0 mean_point_distance=25.77 n1_gt_valid_count=64 n1_in_gt_bg=0.7188 n1_in_gt_bg_count=46 n1_valid_count=64 n1_valid_ratio=1 n2_gt_valid_count=63 n2_in_gt_bg=0.9365 n2_in_gt_bg_count=59 n2_valid_count=63 n2_valid_ratio=0.9844 neg_in_pred_bg=1 neg_in_pred_bg_count=127 negative_pair_count=63 negative_pair_distance_sum=2395 p1_gt_valid_count=64 p1_in_gt_fg=1 p1_in_gt_fg_count=64 p1_valid_count=64 p1_valid_ratio=1 p2_gt_valid_count=64 p2_in_gt_fg=1 p2_in_gt_fg_count=64 p2_valid_count=64 p2_valid_ratio=1 point_distance_sum=3273 point_overlap_count=0 point_overlap_ratio=0 point_pair_count=127 pos_in_pred_fg=1 pos_in_pred_fg_count=128 positive_pair_count=64 positive_pair_distance_sum=878.3 roi_count=64 valid_neg_count=127 valid_pos_count=128 warmup_stage=2
2026-07-31 23:19:31,766 - portable_sam_fusion - INFO - [DEBUG-BOX] epoch=7 step=1900 fallback_count=0 fallback_ratio=0 num_rois=64 refined_proposal_iou=0 refined_proposal_iou_sum=0 refined_valid_count=0
2026-07-31 23:19:31,766 - portable_sam_fusion - INFO - [DEBUG-COARSE] epoch=7 step=1900 bce_raw=0.04796 boundary_fn=74 boundary_fp=0 boundary_tp=2.706e+04 dice=0.03025 dice_loss_raw=0.03025 iou=0.9414 loss_weight=0.1 raw_boundary_fn=74 raw_boundary_fp=0 raw_boundary_tp=2.706e+04 raw_dice_score=0.9697 raw_iou=0.9414 weighted_loss=0.007821
2026-07-31 23:19:31,766 - portable_sam_fusion - INFO - [DEBUG-CONTEXT] epoch=7 step=1900 enabled=0
2026-07-31 23:19:31,766 - portable_sam_fusion - INFO - [DEBUG-JITTER] epoch=7 step=1900 area_ratio_count=64 area_ratio_mean=1 area_ratio_sum=64 fallback_count=0 mean_iou=1 num_jittered=0 num_rois=64
2026-07-31 23:19:31,766 - portable_sam_fusion - INFO - [DEBUG-SP] epoch=7 step=1900 all_invalid_count=0 all_invalid_ratio=0 empty_count=0 empty_ratio=0 full_count=0 full_ratio=0 mean_point_distance=33.07 n1_gt_valid_count=64 n1_in_gt_bg=0.9688 n1_in_gt_bg_count=62 n1_valid_count=64 n1_valid_ratio=1 n2_gt_valid_count=64 n2_in_gt_bg=1 n2_in_gt_bg_count=64 n2_valid_count=64 n2_valid_ratio=1 neg_in_pred_bg=1 neg_in_pred_bg_count=128 negative_pair_count=64 negative_pair_distance_sum=3293 p1_gt_valid_count=64 p1_in_gt_fg=1 p1_in_gt_fg_count=64 p1_valid_count=64 p1_valid_ratio=1 p2_gt_valid_count=64 p2_in_gt_fg=1 p2_in_gt_fg_count=64 p2_valid_count=64 p2_valid_ratio=1 point_distance_sum=4234 point_overlap_count=0 point_overlap_ratio=0 point_pair_count=128 pos_in_pred_fg=1 pos_in_pred_fg_count=128 positive_pair_count=64 positive_pair_distance_sum=940.1 roi_count=64 valid_neg_count=128 valid_pos_count=128 warmup_stage=2
2026-07-31 23:20:37,538 - portable_sam_fusion - INFO - [DEBUG-BOX] epoch=7 step=1950 fallback_count=0 fallback_ratio=0 num_rois=64 refined_proposal_iou=0 refined_proposal_iou_sum=0 refined_valid_count=0
2026-07-31 23:20:37,539 - portable_sam_fusion - INFO - [DEBUG-COARSE] epoch=7 step=1950 bce_raw=0.1003 boundary_fn=1044 boundary_fp=988 boundary_tp=2.686e+04 dice=0.05101 dice_loss_raw=0.05101 iou=0.9038 loss_weight=0.1 raw_boundary_fn=1044 raw_boundary_fp=988 raw_boundary_tp=2.686e+04 raw_dice_score=0.949 raw_iou=0.9038 weighted_loss=0.01513
2026-07-31 23:20:37,539 - portable_sam_fusion - INFO - [DEBUG-CONTEXT] epoch=7 step=1950 enabled=0
2026-07-31 23:20:37,539 - portable_sam_fusion - INFO - [DEBUG-JITTER] epoch=7 step=1950 area_ratio_count=64 area_ratio_mean=1 area_ratio_sum=64 fallback_count=0 mean_iou=1 num_jittered=0 num_rois=64
2026-07-31 23:20:37,539 - portable_sam_fusion - INFO - [DEBUG-SP] epoch=7 step=1950 all_invalid_count=0 all_invalid_ratio=0 empty_count=0 empty_ratio=0 full_count=0 full_ratio=0 mean_point_distance=32.72 n1_gt_valid_count=64 n1_in_gt_bg=0.9844 n1_in_gt_bg_count=63 n1_valid_count=64 n1_valid_ratio=1 n2_gt_valid_count=64 n2_in_gt_bg=1 n2_in_gt_bg_count=64 n2_valid_count=64 n2_valid_ratio=1 neg_in_pred_bg=1 neg_in_pred_bg_count=128 negative_pair_count=64 negative_pair_distance_sum=2989 p1_gt_valid_count=64 p1_in_gt_fg=1 p1_in_gt_fg_count=64 p1_valid_count=64 p1_valid_ratio=1 p2_gt_valid_count=64 p2_in_gt_fg=1 p2_in_gt_fg_count=64 p2_valid_count=64 p2_valid_ratio=1 point_distance_sum=4188 point_overlap_count=0 point_overlap_ratio=0 point_pair_count=128 pos_in_pred_fg=1 pos_in_pred_fg_count=128 positive_pair_count=64 positive_pair_distance_sum=1199 roi_count=64 valid_neg_count=128 valid_pos_count=128 warmup_stage=2
2026-07-31 23:21:27,104 - portable_sam_fusion - INFO - epoch 7 | mini-batch 224/294 | optimizer_step 500/1480 | lr=4.034e-05
2026-07-31 23:21:43,295 - portable_sam_fusion - INFO - [DEBUG-BOX] epoch=7 step=2000 fallback_count=0 fallback_ratio=0 num_rois=33 refined_proposal_iou=0 refined_proposal_iou_sum=0 refined_valid_count=0
2026-07-31 23:21:43,296 - portable_sam_fusion - INFO - [DEBUG-COARSE] epoch=7 step=2000 bce_raw=0.04878 boundary_fn=24 boundary_fp=1 boundary_tp=1.279e+04 dice=0.02657 dice_loss_raw=0.02657 iou=0.9483 loss_weight=0.1 raw_boundary_fn=24 raw_boundary_fp=1 raw_boundary_tp=1.279e+04 raw_dice_score=0.9734 raw_iou=0.9483 weighted_loss=0.007535
2026-07-31 23:21:43,296 - portable_sam_fusion - INFO - [DEBUG-CONTEXT] epoch=7 step=2000 enabled=0
2026-07-31 23:21:43,296 - portable_sam_fusion - INFO - [DEBUG-JITTER] epoch=7 step=2000 area_ratio_count=33 area_ratio_mean=1 area_ratio_sum=33 fallback_count=0 mean_iou=1 num_jittered=0 num_rois=33
2026-07-31 23:21:43,296 - portable_sam_fusion - INFO - [DEBUG-SP] epoch=7 step=2000 all_invalid_count=0 all_invalid_ratio=0 empty_count=0 empty_ratio=0 full_count=0 full_ratio=0 mean_point_distance=39.34 n1_gt_valid_count=33 n1_in_gt_bg=0.9697 n1_in_gt_bg_count=32 n1_valid_count=33 n1_valid_ratio=1 n2_gt_valid_count=33 n2_in_gt_bg=1 n2_in_gt_bg_count=33 n2_valid_count=33 n2_valid_ratio=1 neg_in_pred_bg=1 neg_in_pred_bg_count=66 negative_pair_count=33 negative_pair_distance_sum=1219 p1_gt_valid_count=33 p1_in_gt_fg=1 p1_in_gt_fg_count=33 p1_valid_count=33 p1_valid_ratio=1 p2_gt_valid_count=33 p2_in_gt_fg=1 p2_in_gt_fg_count=33 p2_valid_count=33 p2_valid_ratio=1 point_distance_sum=2597 point_overlap_count=0 point_overlap_ratio=0 point_pair_count=66 pos_in_pred_fg=1 pos_in_pred_fg_count=66 positive_pair_count=33 positive_pair_distance_sum=1378 roi_count=33 valid_neg_count=66 valid_pos_count=66 warmup_stage=2
2026-07-31 23:22:51,552 - portable_sam_fusion - INFO - [DEBUG-BOX] epoch=7 step=2050 fallback_count=0 fallback_ratio=0 num_rois=0 refined_proposal_iou=0 refined_proposal_iou_sum=0 refined_valid_count=0
2026-07-31 23:22:51,552 - portable_sam_fusion - INFO - [DEBUG-COARSE] epoch=7 step=2050 boundary_fn=0 boundary_fp=0 boundary_tp=0 dice=0 iou=0
2026-07-31 23:22:51,552 - portable_sam_fusion - INFO - [DEBUG-CONTEXT] epoch=7 step=2050 enabled=0
2026-07-31 23:22:51,552 - portable_sam_fusion - INFO - [DEBUG-JITTER] epoch=7 step=2050 area_ratio_count=0 area_ratio_mean=0 area_ratio_sum=0 fallback_count=0 mean_iou=0 num_jittered=0 num_rois=0
2026-07-31 23:22:51,552 - portable_sam_fusion - INFO - [DEBUG-SP] epoch=7 step=2050 all_invalid_count=0 all_invalid_ratio=0 empty_count=0 empty_ratio=0 full_count=0 full_ratio=0 mean_point_distance=41 n1_gt_valid_count=64 n1_in_gt_bg=0.7188 n1_in_gt_bg_count=46 n1_valid_count=64 n1_valid_ratio=1 n2_gt_valid_count=64 n2_in_gt_bg=1 n2_in_gt_bg_count=64 n2_valid_count=64 n2_valid_ratio=1 neg_in_pred_bg=1 neg_in_pred_bg_count=128 negative_pair_count=64 negative_pair_distance_sum=3649 p1_gt_valid_count=64 p1_in_gt_fg=1 p1_in_gt_fg_count=64 p1_valid_count=64 p1_valid_ratio=1 p2_gt_valid_count=64 p2_in_gt_fg=1 p2_in_gt_fg_count=64 p2_valid_count=64 p2_valid_ratio=1 point_distance_sum=5249 point_overlap_count=0 point_overlap_ratio=0 point_pair_count=128 pos_in_pred_fg=1 pos_in_pred_fg_count=128 positive_pair_count=64 positive_pair_distance_sum=1600 roi_count=64 valid_neg_count=128 valid_pos_count=128 warmup_stage=2
2026-07-31 23:23:02,197 - portable_sam_fusion - INFO - Epoch 7 detailed losses: loss_rpn_cls=0.0018, loss_rpn_bbox=0.0016, loss_cls=0.0743, acc=97.2985, loss_bbox=0.0262, loss_mask=0.2989, debug_mask_pos_rois=57.7925, debug_mask_logit_mean=0.5027, debug_mask_logit_std=2.9848, debug_mask_prob_mean=0.5361, debug_mask_prob_ge05=0.5564, debug_mask_target_fill=0.5358, loss_shape_prior=0.0153, schedule/det_weight=1.0000
2026-07-31 23:23:02,197 - portable_sam_fusion - INFO - Epoch 7 primary loss shares: det=24.85% final_mask=71.50% shape=3.65% p2_boundary=0.00%
2026-07-31 23:23:02,197 - portable_sam_fusion - INFO - Epoch 7 schedule: det_loss_weight=1.000 early_stop_start=1 min_delta=0.0005
2026-07-31 23:23:02,197 - portable_sam_fusion - INFO - Epoch 7 learning rates: sat_backbone=3.95e-05, mask_decoder=3.95e-05, shape_prior=3.95e-05, quality_head=3.95e-05, sat_other=3.95e-05
2026-07-31 23:25:48,072 - portable_sam_fusion - INFO - Validation samples: GT=15926, DT=15637, avg_masks_per_image=24.94, avg_mask_fill=0.0048
creating index...
index created!
Loading and preparing results...
DONE (t=0.02s)
creating index...
index created!
Running per image evaluation...
Evaluate annotation type *bbox*
DONE (t=10.12s).
Accumulating evaluation results...
DONE (t=0.14s).
 Average Precision  (AP) @[ IoU=0.50:0.95 | area=   all | maxDets=100 ] = 0.745
 Average Precision  (AP) @[ IoU=0.50      | area=   all | maxDets=100 ] = 0.891
 Average Precision  (AP) @[ IoU=0.75      | area=   all | maxDets=100 ] = 0.840
 Average Precision  (AP) @[ IoU=0.50:0.95 | area= small | maxDets=100 ] = 0.361
 Average Precision  (AP) @[ IoU=0.50:0.95 | area=medium | maxDets=100 ] = 0.780
 Average Precision  (AP) @[ IoU=0.50:0.95 | area= large | maxDets=100 ] = 0.853
 Average Recall     (AR) @[ IoU=0.50:0.95 | area=   all | maxDets=  1 ] = 0.027
 Average Recall     (AR) @[ IoU=0.50:0.95 | area=   all | maxDets= 10 ] = 0.201
 Average Recall     (AR) @[ IoU=0.50:0.95 | area=   all | maxDets=100 ] = 0.785
 Average Recall     (AR) @[ IoU=0.50:0.95 | area= small | maxDets=100 ] = 0.439
 Average Recall     (AR) @[ IoU=0.50:0.95 | area=medium | maxDets=100 ] = 0.825
 Average Recall     (AR) @[ IoU=0.50:0.95 | area= large | maxDets=100 ] = 0.892
2026-07-31 23:25:58,514 - portable_sam_fusion - INFO - Validation bbox/mAP: 0.7446 bbox/mAP_75: 0.8397
Running per image evaluation...
Evaluate annotation type *segm*
DONE (t=10.66s).
Accumulating evaluation results...
DONE (t=0.15s).
 Average Precision  (AP) @[ IoU=0.50:0.95 | area=   all | maxDets=100 ] = 0.510
 Average Precision  (AP) @[ IoU=0.50      | area=   all | maxDets=100 ] = 0.890
 Average Precision  (AP) @[ IoU=0.75      | area=   all | maxDets=100 ] = 0.568
 Average Precision  (AP) @[ IoU=0.50:0.95 | area= small | maxDets=100 ] = 0.285
 Average Precision  (AP) @[ IoU=0.50:0.95 | area=medium | maxDets=100 ] = 0.565
 Average Precision  (AP) @[ IoU=0.50:0.95 | area= large | maxDets=100 ] = 0.513
 Average Recall     (AR) @[ IoU=0.50:0.95 | area=   all | maxDets=  1 ] = 0.019
 Average Recall     (AR) @[ IoU=0.50:0.95 | area=   all | maxDets= 10 ] = 0.143
 Average Recall     (AR) @[ IoU=0.50:0.95 | area=   all | maxDets=100 ] = 0.576
 Average Recall     (AR) @[ IoU=0.50:0.95 | area= small | maxDets=100 ] = 0.350
 Average Recall     (AR) @[ IoU=0.50:0.95 | area=medium | maxDets=100 ] = 0.627
 Average Recall     (AR) @[ IoU=0.50:0.95 | area= large | maxDets=100 ] = 0.579
2026-07-31 23:26:09,352 - portable_sam_fusion - INFO - Validation segm/mAP: 0.5103
2026-07-31 23:26:09,919 - portable_sam_fusion - INFO - New best early-stop metric (segm/mAP): raw=0.5103 smooth(5)=0.4972
2026-07-31 23:26:15,488 - portable_sam_fusion - INFO - Epoch 7/20 | train=0.418047 val=disabled segm/mAP=0.5103 bbox/mAP=0.7446 | best_segm=0.5119 best_bbox=0.7451 best_comp=0.0000 | sat_backbone=3.95e-05 mask_decoder=3.95e-05 shape_prior=3.95e-05 quality_head=3.95e-05 sat_other=3.95e-05
2026-07-31 23:27:13,484 - portable_sam_fusion - INFO - [DEBUG-BOX] epoch=8 step=2100 fallback_count=0 fallback_ratio=0 num_rois=64 refined_proposal_iou=0 refined_proposal_iou_sum=0 refined_valid_count=0
2026-07-31 23:27:13,484 - portable_sam_fusion - INFO - [DEBUG-COARSE] epoch=8 step=2100 bce_raw=0.1064 boundary_fn=1487 boundary_fp=755 boundary_tp=2.77e+04 dice=0.06124 dice_loss_raw=0.06124 iou=0.8859 loss_weight=0.1 raw_boundary_fn=1487 raw_boundary_fp=755 raw_boundary_tp=2.77e+04 raw_dice_score=0.9388 raw_iou=0.8859 weighted_loss=0.01676
2026-07-31 23:27:13,484 - portable_sam_fusion - INFO - [DEBUG-CONTEXT] epoch=8 step=2100 enabled=0
2026-07-31 23:27:13,484 - portable_sam_fusion - INFO - [DEBUG-JITTER] epoch=8 step=2100 area_ratio_count=64 area_ratio_mean=1 area_ratio_sum=64 fallback_count=0 mean_iou=1 num_jittered=0 num_rois=64
2026-07-31 23:27:13,484 - portable_sam_fusion - INFO - [DEBUG-SP] epoch=8 step=2100 all_invalid_count=0 all_invalid_ratio=0 empty_count=0 empty_ratio=0 full_count=0 full_ratio=0 mean_point_distance=38.09 n1_gt_valid_count=64 n1_in_gt_bg=0.8906 n1_in_gt_bg_count=57 n1_valid_count=64 n1_valid_ratio=1 n2_gt_valid_count=64 n2_in_gt_bg=1 n2_in_gt_bg_count=64 n2_valid_count=64 n2_valid_ratio=1 neg_in_pred_bg=1 neg_in_pred_bg_count=128 negative_pair_count=64 negative_pair_distance_sum=3618 p1_gt_valid_count=64 p1_in_gt_fg=1 p1_in_gt_fg_count=64 p1_valid_count=64 p1_valid_ratio=1 p2_gt_valid_count=64 p2_in_gt_fg=1 p2_in_gt_fg_count=64 p2_valid_count=64 p2_valid_ratio=1 point_distance_sum=4875 point_overlap_count=0 point_overlap_ratio=0 point_pair_count=128 pos_in_pred_fg=1 pos_in_pred_fg_count=128 positive_pair_count=64 positive_pair_distance_sum=1257 roi_count=64 valid_neg_count=128 valid_pos_count=128 warmup_stage=2
2026-07-31 23:28:20,353 - portable_sam_fusion - INFO - [DEBUG-BOX] epoch=8 step=2150 fallback_count=0 fallback_ratio=0 num_rois=64 refined_proposal_iou=0 refined_proposal_iou_sum=0 refined_valid_count=0
2026-07-31 23:28:20,353 - portable_sam_fusion - INFO - [DEBUG-COARSE] epoch=8 step=2150 bce_raw=0.09595 boundary_fn=936 boundary_fp=1001 boundary_tp=2.373e+04 dice=0.04196 dice_loss_raw=0.04196 iou=0.9203 loss_weight=0.1 raw_boundary_fn=936 raw_boundary_fp=1001 raw_boundary_tp=2.373e+04 raw_dice_score=0.958 raw_iou=0.9203 weighted_loss=0.01379
2026-07-31 23:28:20,353 - portable_sam_fusion - INFO - [DEBUG-CONTEXT] epoch=8 step=2150 enabled=0
2026-07-31 23:28:20,353 - portable_sam_fusion - INFO - [DEBUG-JITTER] epoch=8 step=2150 area_ratio_count=64 area_ratio_mean=1 area_ratio_sum=64 fallback_count=0 mean_iou=1 num_jittered=0 num_rois=64
2026-07-31 23:28:20,353 - portable_sam_fusion - INFO - [DEBUG-SP] epoch=8 step=2150 all_invalid_count=0 all_invalid_ratio=0 empty_count=0 empty_ratio=0 full_count=0 full_ratio=0 mean_point_distance=40.06 n1_gt_valid_count=64 n1_in_gt_bg=0.8906 n1_in_gt_bg_count=57 n1_valid_count=64 n1_valid_ratio=1 n2_gt_valid_count=64 n2_in_gt_bg=1 n2_in_gt_bg_count=64 n2_valid_count=64 n2_valid_ratio=1 neg_in_pred_bg=1 neg_in_pred_bg_count=128 negative_pair_count=64 negative_pair_distance_sum=4043 p1_gt_valid_count=64 p1_in_gt_fg=1 p1_in_gt_fg_count=64 p1_valid_count=64 p1_valid_ratio=1 p2_gt_valid_count=64 p2_in_gt_fg=1 p2_in_gt_fg_count=64 p2_valid_count=64 p2_valid_ratio=1 point_distance_sum=5128 point_overlap_count=0 point_overlap_ratio=0 point_pair_count=128 pos_in_pred_fg=1 pos_in_pred_fg_count=128 positive_pair_count=64 positive_pair_distance_sum=1085 roi_count=64 valid_neg_count=128 valid_pos_count=128 warmup_stage=2
2026-07-31 23:29:07,785 - portable_sam_fusion - INFO - epoch 8 | mini-batch 128/294 | optimizer_step 550/1480 | lr=3.800e-05
2026-07-31 23:29:26,717 - portable_sam_fusion - INFO - [DEBUG-BOX] epoch=8 step=2200 fallback_count=0 fallback_ratio=0 num_rois=64 refined_proposal_iou=0 refined_proposal_iou_sum=0 refined_valid_count=0
2026-07-31 23:29:26,717 - portable_sam_fusion - INFO - [DEBUG-COARSE] epoch=8 step=2200 bce_raw=0.1544 boundary_fn=2349 boundary_fp=2375 boundary_tp=2.488e+04 dice=0.06722 dice_loss_raw=0.06722 iou=0.878 loss_weight=0.1 raw_boundary_fn=2349 raw_boundary_fp=2375 raw_boundary_tp=2.488e+04 raw_dice_score=0.9328 raw_iou=0.878 weighted_loss=0.02216
2026-07-31 23:29:26,717 - portable_sam_fusion - INFO - [DEBUG-CONTEXT] epoch=8 step=2200 enabled=0
2026-07-31 23:29:26,717 - portable_sam_fusion - INFO - [DEBUG-JITTER] epoch=8 step=2200 area_ratio_count=64 area_ratio_mean=1 area_ratio_sum=64 fallback_count=0 mean_iou=1 num_jittered=0 num_rois=64
2026-07-31 23:29:26,718 - portable_sam_fusion - INFO - [DEBUG-SP] epoch=8 step=2200 all_invalid_count=0 all_invalid_ratio=0 empty_count=0 empty_ratio=0 full_count=0 full_ratio=0 mean_point_distance=29.11 n1_gt_valid_count=64 n1_in_gt_bg=0.7812 n1_in_gt_bg_count=50 n1_valid_count=64 n1_valid_ratio=1 n2_gt_valid_count=64 n2_in_gt_bg=1 n2_in_gt_bg_count=64 n2_valid_count=64 n2_valid_ratio=1 neg_in_pred_bg=1 neg_in_pred_bg_count=128 negative_pair_count=64 negative_pair_distance_sum=2497 p1_gt_valid_count=64 p1_in_gt_fg=1 p1_in_gt_fg_count=64 p1_valid_count=64 p1_valid_ratio=1 p2_gt_valid_count=64 p2_in_gt_fg=0.9844 p2_in_gt_fg_count=63 p2_valid_count=64 p2_valid_ratio=1 point_distance_sum=3727 point_overlap_count=0 point_overlap_ratio=0 point_pair_count=128 pos_in_pred_fg=1 pos_in_pred_fg_count=128 positive_pair_count=64 positive_pair_distance_sum=1229 roi_count=64 valid_neg_count=128 valid_pos_count=128 warmup_stage=2
2026-07-31 23:30:33,373 - portable_sam_fusion - INFO - [DEBUG-BOX] epoch=8 step=2250 fallback_count=0 fallback_ratio=0 num_rois=64 refined_proposal_iou=0 refined_proposal_iou_sum=0 refined_valid_count=0
2026-07-31 23:30:33,373 - portable_sam_fusion - INFO - [DEBUG-COARSE] epoch=8 step=2250 bce_raw=0.1397 boundary_fn=2734 boundary_fp=2630 boundary_tp=2.47e+04 dice=0.07251 dice_loss_raw=0.07251 iou=0.8671 loss_weight=0.1 raw_boundary_fn=2734 raw_boundary_fp=2630 raw_boundary_tp=2.47e+04 raw_dice_score=0.9275 raw_iou=0.8671 weighted_loss=0.02122
2026-07-31 23:30:33,373 - portable_sam_fusion - INFO - [DEBUG-CONTEXT] epoch=8 step=2250 enabled=0
2026-07-31 23:30:33,373 - portable_sam_fusion - INFO - [DEBUG-JITTER] epoch=8 step=2250 area_ratio_count=64 area_ratio_mean=1 area_ratio_sum=64 fallback_count=0 mean_iou=1 num_jittered=0 num_rois=64
2026-07-31 23:30:33,373 - portable_sam_fusion - INFO - [DEBUG-SP] epoch=8 step=2250 all_invalid_count=0 all_invalid_ratio=0 empty_count=0 empty_ratio=0 full_count=0 full_ratio=0 mean_point_distance=27.42 n1_gt_valid_count=64 n1_in_gt_bg=0.9688 n1_in_gt_bg_count=62 n1_valid_count=64 n1_valid_ratio=1 n2_gt_valid_count=64 n2_in_gt_bg=0.9844 n2_in_gt_bg_count=63 n2_valid_count=64 n2_valid_ratio=1 neg_in_pred_bg=1 neg_in_pred_bg_count=128 negative_pair_count=64 negative_pair_distance_sum=2588 p1_gt_valid_count=64 p1_in_gt_fg=1 p1_in_gt_fg_count=64 p1_valid_count=64 p1_valid_ratio=1 p2_gt_valid_count=64 p2_in_gt_fg=1 p2_in_gt_fg_count=64 p2_valid_count=64 p2_valid_ratio=1 point_distance_sum=3510 point_overlap_count=0 point_overlap_ratio=0 point_pair_count=128 pos_in_pred_fg=1 pos_in_pred_fg_count=128 positive_pair_count=64 positive_pair_distance_sum=922.4 roi_count=64 valid_neg_count=128 valid_pos_count=128 warmup_stage=2
2026-07-31 23:31:40,474 - portable_sam_fusion - INFO - [DEBUG-BOX] epoch=8 step=2300 fallback_count=0 fallback_ratio=0 num_rois=64 refined_proposal_iou=0 refined_proposal_iou_sum=0 refined_valid_count=0
2026-07-31 23:31:40,474 - portable_sam_fusion - INFO - [DEBUG-COARSE] epoch=8 step=2300 bce_raw=0.1085 boundary_fn=1336 boundary_fp=1274 boundary_tp=2.545e+04 dice=0.0541 dice_loss_raw=0.0541 iou=0.8983 loss_weight=0.1 raw_boundary_fn=1336 raw_boundary_fp=1274 raw_boundary_tp=2.545e+04 raw_dice_score=0.9459 raw_iou=0.8983 weighted_loss=0.01626
2026-07-31 23:31:40,474 - portable_sam_fusion - INFO - [DEBUG-CONTEXT] epoch=8 step=2300 enabled=0
2026-07-31 23:31:40,474 - portable_sam_fusion - INFO - [DEBUG-JITTER] epoch=8 step=2300 area_ratio_count=64 area_ratio_mean=1 area_ratio_sum=64 fallback_count=0 mean_iou=1 num_jittered=0 num_rois=64
2026-07-31 23:31:40,474 - portable_sam_fusion - INFO - [DEBUG-SP] epoch=8 step=2300 all_invalid_count=0 all_invalid_ratio=0 empty_count=0 empty_ratio=0 full_count=0 full_ratio=0 mean_point_distance=30.68 n1_gt_valid_count=64 n1_in_gt_bg=0.9219 n1_in_gt_bg_count=59 n1_valid_count=64 n1_valid_ratio=1 n2_gt_valid_count=64 n2_in_gt_bg=0.9844 n2_in_gt_bg_count=63 n2_valid_count=64 n2_valid_ratio=1 neg_in_pred_bg=1 neg_in_pred_bg_count=128 negative_pair_count=64 negative_pair_distance_sum=3008 p1_gt_valid_count=64 p1_in_gt_fg=1 p1_in_gt_fg_count=64 p1_valid_count=64 p1_valid_ratio=1 p2_gt_valid_count=64 p2_in_gt_fg=1 p2_in_gt_fg_count=64 p2_valid_count=64 p2_valid_ratio=1 point_distance_sum=3927 point_overlap_count=0 point_overlap_ratio=0 point_pair_count=128 pos_in_pred_fg=1 pos_in_pred_fg_count=128 positive_pair_count=64 positive_pair_distance_sum=919.5 roi_count=64 valid_neg_count=128 valid_pos_count=128 warmup_stage=2
2026-07-31 23:32:47,207 - portable_sam_fusion - INFO - [DEBUG-BOX] epoch=8 step=2350 fallback_count=0 fallback_ratio=0 num_rois=0 refined_proposal_iou=0 refined_proposal_iou_sum=0 refined_valid_count=0
2026-07-31 23:32:47,207 - portable_sam_fusion - INFO - [DEBUG-COARSE] epoch=8 step=2350 boundary_fn=0 boundary_fp=0 boundary_tp=0 dice=0 iou=0
2026-07-31 23:32:47,208 - portable_sam_fusion - INFO - [DEBUG-CONTEXT] epoch=8 step=2350 enabled=0
2026-07-31 23:32:47,208 - portable_sam_fusion - INFO - [DEBUG-JITTER] epoch=8 step=2350 area_ratio_count=0 area_ratio_mean=0 area_ratio_sum=0 fallback_count=0 mean_iou=0 num_jittered=0 num_rois=0
2026-07-31 23:32:47,208 - portable_sam_fusion - INFO - [DEBUG-SP] epoch=8 step=2350 all_invalid_count=0 all_invalid_ratio=0 empty_count=0 empty_ratio=0 full_count=0 full_ratio=0 mean_point_distance=35.5 n1_gt_valid_count=64 n1_in_gt_bg=0.9375 n1_in_gt_bg_count=60 n1_valid_count=64 n1_valid_ratio=1 n2_gt_valid_count=64 n2_in_gt_bg=1 n2_in_gt_bg_count=64 n2_valid_count=64 n2_valid_ratio=1 neg_in_pred_bg=1 neg_in_pred_bg_count=128 negative_pair_count=64 negative_pair_distance_sum=3392 p1_gt_valid_count=64 p1_in_gt_fg=1 p1_in_gt_fg_count=64 p1_valid_count=64 p1_valid_ratio=1 p2_gt_valid_count=64 p2_in_gt_fg=1 p2_in_gt_fg_count=64 p2_valid_count=64 p2_valid_ratio=1 point_distance_sum=4544 point_overlap_count=0 point_overlap_ratio=0 point_pair_count=128 pos_in_pred_fg=1 pos_in_pred_fg_count=128 positive_pair_count=64 positive_pair_distance_sum=1152 roi_count=64 valid_neg_count=128 valid_pos_count=128 warmup_stage=2
2026-07-31 23:32:49,805 - portable_sam_fusion - INFO - Epoch 8 detailed losses: loss_rpn_cls=0.0015, loss_rpn_bbox=0.0015, loss_cls=0.0716, acc=97.3531, loss_bbox=0.0254, loss_mask=0.2950, debug_mask_pos_rois=56.8503, debug_mask_logit_mean=0.3510, debug_mask_logit_std=3.0107, debug_mask_prob_mean=0.5115, debug_mask_prob_ge05=0.5297, debug_mask_target_fill=0.5115, loss_shape_prior=0.0154, schedule/det_weight=1.0000
2026-07-31 23:32:49,806 - portable_sam_fusion - INFO - Epoch 8 primary loss shares: det=24.35% final_mask=71.90% shape=3.75% p2_boundary=0.00%
2026-07-31 23:32:49,806 - portable_sam_fusion - INFO - Epoch 8 schedule: det_loss_weight=1.000 early_stop_start=1 min_delta=0.0005
2026-07-31 23:32:49,806 - portable_sam_fusion - INFO - Epoch 8 learning rates: sat_backbone=3.59e-05, mask_decoder=3.59e-05, shape_prior=3.59e-05, quality_head=3.59e-05, sat_other=3.59e-05
2026-07-31 23:35:35,094 - portable_sam_fusion - INFO - Validation samples: GT=15926, DT=15711, avg_masks_per_image=25.06, avg_mask_fill=0.0050
creating index...
index created!
Loading and preparing results...
DONE (t=0.02s)
creating index...
index created!
Running per image evaluation...
Evaluate annotation type *bbox*
DONE (t=10.18s).
Accumulating evaluation results...
DONE (t=0.16s).
 Average Precision  (AP) @[ IoU=0.50:0.95 | area=   all | maxDets=100 ] = 0.745
 Average Precision  (AP) @[ IoU=0.50      | area=   all | maxDets=100 ] = 0.890
 Average Precision  (AP) @[ IoU=0.75      | area=   all | maxDets=100 ] = 0.839
 Average Precision  (AP) @[ IoU=0.50:0.95 | area= small | maxDets=100 ] = 0.363
 Average Precision  (AP) @[ IoU=0.50:0.95 | area=medium | maxDets=100 ] = 0.779
 Average Precision  (AP) @[ IoU=0.50:0.95 | area= large | maxDets=100 ] = 0.855
 Average Recall     (AR) @[ IoU=0.50:0.95 | area=   all | maxDets=  1 ] = 0.028
 Average Recall     (AR) @[ IoU=0.50:0.95 | area=   all | maxDets= 10 ] = 0.202
 Average Recall     (AR) @[ IoU=0.50:0.95 | area=   all | maxDets=100 ] = 0.787
 Average Recall     (AR) @[ IoU=0.50:0.95 | area= small | maxDets=100 ] = 0.445
 Average Recall     (AR) @[ IoU=0.50:0.95 | area=medium | maxDets=100 ] = 0.825
 Average Recall     (AR) @[ IoU=0.50:0.95 | area= large | maxDets=100 ] = 0.896
2026-07-31 23:35:45,607 - portable_sam_fusion - INFO - Validation bbox/mAP: 0.7446 bbox/mAP_75: 0.8392
Running per image evaluation...
Evaluate annotation type *segm*
DONE (t=10.72s).
Accumulating evaluation results...
DONE (t=0.15s).
 Average Precision  (AP) @[ IoU=0.50:0.95 | area=   all | maxDets=100 ] = 0.507
 Average Precision  (AP) @[ IoU=0.50      | area=   all | maxDets=100 ] = 0.890
 Average Precision  (AP) @[ IoU=0.75      | area=   all | maxDets=100 ] = 0.551
 Average Precision  (AP) @[ IoU=0.50:0.95 | area= small | maxDets=100 ] = 0.291
 Average Precision  (AP) @[ IoU=0.50:0.95 | area=medium | maxDets=100 ] = 0.564
 Average Precision  (AP) @[ IoU=0.50:0.95 | area= large | maxDets=100 ] = 0.504
 Average Recall     (AR) @[ IoU=0.50:0.95 | area=   all | maxDets=  1 ] = 0.019
 Average Recall     (AR) @[ IoU=0.50:0.95 | area=   all | maxDets= 10 ] = 0.142
 Average Recall     (AR) @[ IoU=0.50:0.95 | area=   all | maxDets=100 ] = 0.573
 Average Recall     (AR) @[ IoU=0.50:0.95 | area= small | maxDets=100 ] = 0.359
 Average Recall     (AR) @[ IoU=0.50:0.95 | area=medium | maxDets=100 ] = 0.625
 Average Recall     (AR) @[ IoU=0.50:0.95 | area= large | maxDets=100 ] = 0.568
2026-07-31 23:35:56,504 - portable_sam_fusion - INFO - Validation segm/mAP: 0.5072
2026-07-31 23:35:57,178 - portable_sam_fusion - INFO - New best early-stop metric (segm/mAP): raw=0.5072 smooth(5)=0.5030
2026-07-31 23:36:02,578 - portable_sam_fusion - INFO - Epoch 8/20 | train=0.410343 val=disabled segm/mAP=0.5072 bbox/mAP=0.7446 | best_segm=0.5119 best_bbox=0.7451 best_comp=0.0000 | sat_backbone=3.59e-05 mask_decoder=3.59e-05 shape_prior=3.59e-05 quality_head=3.59e-05 sat_other=3.59e-05
2026-07-31 23:36:47,138 - portable_sam_fusion - INFO - epoch 9 | mini-batch 32/294 | optimizer_step 600/1480 | lr=3.549e-05
2026-07-31 23:37:07,879 - portable_sam_fusion - INFO - [DEBUG-BOX] epoch=9 step=2400 fallback_count=0 fallback_ratio=0 num_rois=64 refined_proposal_iou=0 refined_proposal_iou_sum=0 refined_valid_count=0
2026-07-31 23:37:07,879 - portable_sam_fusion - INFO - [DEBUG-COARSE] epoch=9 step=2400 bce_raw=0.1138 boundary_fn=1290 boundary_fp=2115 boundary_tp=2.562e+04 dice=0.07018 dice_loss_raw=0.07018 iou=0.8783 loss_weight=0.1 raw_boundary_fn=1290 raw_boundary_fp=2115 raw_boundary_tp=2.562e+04 raw_dice_score=0.9298 raw_iou=0.8783 weighted_loss=0.0184
2026-07-31 23:37:07,879 - portable_sam_fusion - INFO - [DEBUG-CONTEXT] epoch=9 step=2400 enabled=0
2026-07-31 23:37:07,879 - portable_sam_fusion - INFO - [DEBUG-JITTER] epoch=9 step=2400 area_ratio_count=64 area_ratio_mean=1 area_ratio_sum=64 fallback_count=0 mean_iou=1 num_jittered=0 num_rois=64
2026-07-31 23:37:07,880 - portable_sam_fusion - INFO - [DEBUG-SP] epoch=9 step=2400 all_invalid_count=0 all_invalid_ratio=0 empty_count=0 empty_ratio=0 full_count=0 full_ratio=0 mean_point_distance=49.54 n1_gt_valid_count=64 n1_in_gt_bg=0.9688 n1_in_gt_bg_count=62 n1_valid_count=64 n1_valid_ratio=1 n2_gt_valid_count=64 n2_in_gt_bg=1 n2_in_gt_bg_count=64 n2_valid_count=64 n2_valid_ratio=1 neg_in_pred_bg=1 neg_in_pred_bg_count=128 negative_pair_count=64 negative_pair_distance_sum=4208 p1_gt_valid_count=64 p1_in_gt_fg=1 p1_in_gt_fg_count=64 p1_valid_count=64 p1_valid_ratio=1 p2_gt_valid_count=64 p2_in_gt_fg=0.9688 p2_in_gt_fg_count=62 p2_valid_count=64 p2_valid_ratio=1 point_distance_sum=6341 point_overlap_count=0 point_overlap_ratio=0 point_pair_count=128 pos_in_pred_fg=1 pos_in_pred_fg_count=128 positive_pair_count=64 positive_pair_distance_sum=2134 roi_count=64 valid_neg_count=128 valid_pos_count=128 warmup_stage=2
2026-07-31 23:38:15,453 - portable_sam_fusion - INFO - [DEBUG-BOX] epoch=9 step=2450 fallback_count=0 fallback_ratio=0 num_rois=64 refined_proposal_iou=0 refined_proposal_iou_sum=0 refined_valid_count=0
2026-07-31 23:38:15,453 - portable_sam_fusion - INFO - [DEBUG-COARSE] epoch=9 step=2450 bce_raw=0.1394 boundary_fn=1826 boundary_fp=1657 boundary_tp=2.749e+04 dice=0.0769 dice_loss_raw=0.0769 iou=0.8621 loss_weight=0.1 raw_boundary_fn=1826 raw_boundary_fp=1657 raw_boundary_tp=2.749e+04 raw_dice_score=0.9231 raw_iou=0.8621 weighted_loss=0.02163
2026-07-31 23:38:15,453 - portable_sam_fusion - INFO - [DEBUG-CONTEXT] epoch=9 step=2450 enabled=0
2026-07-31 23:38:15,453 - portable_sam_fusion - INFO - [DEBUG-JITTER] epoch=9 step=2450 area_ratio_count=64 area_ratio_mean=1 area_ratio_sum=64 fallback_count=0 mean_iou=1 num_jittered=0 num_rois=64
2026-07-31 23:38:15,453 - portable_sam_fusion - INFO - [DEBUG-SP] epoch=9 step=2450 all_invalid_count=0 all_invalid_ratio=0 empty_count=0 empty_ratio=0 full_count=0 full_ratio=0 mean_point_distance=33.63 n1_gt_valid_count=64 n1_in_gt_bg=0.8906 n1_in_gt_bg_count=57 n1_valid_count=64 n1_valid_ratio=1 n2_gt_valid_count=64 n2_in_gt_bg=1 n2_in_gt_bg_count=64 n2_valid_count=64 n2_valid_ratio=1 neg_in_pred_bg=1 neg_in_pred_bg_count=128 negative_pair_count=64 negative_pair_distance_sum=3302 p1_gt_valid_count=64 p1_in_gt_fg=0.9844 p1_in_gt_fg_count=63 p1_valid_count=64 p1_valid_ratio=1 p2_gt_valid_count=64 p2_in_gt_fg=0.9844 p2_in_gt_fg_count=63 p2_valid_count=64 p2_valid_ratio=1 point_distance_sum=4305 point_overlap_count=0 point_overlap_ratio=0 point_pair_count=128 pos_in_pred_fg=1 pos_in_pred_fg_count=128 positive_pair_count=64 positive_pair_distance_sum=1003 roi_count=64 valid_neg_count=128 valid_pos_count=128 warmup_stage=2
2026-07-31 23:39:21,417 - portable_sam_fusion - INFO - [DEBUG-BOX] epoch=9 step=2500 fallback_count=0 fallback_ratio=0 num_rois=0 refined_proposal_iou=0 refined_proposal_iou_sum=0 refined_valid_count=0
2026-07-31 23:39:21,417 - portable_sam_fusion - INFO - [DEBUG-COARSE] epoch=9 step=2500 boundary_fn=0 boundary_fp=0 boundary_tp=0 dice=0 iou=0
2026-07-31 23:39:21,417 - portable_sam_fusion - INFO - [DEBUG-CONTEXT] epoch=9 step=2500 enabled=0
2026-07-31 23:39:21,417 - portable_sam_fusion - INFO - [DEBUG-JITTER] epoch=9 step=2500 area_ratio_count=0 area_ratio_mean=0 area_ratio_sum=0 fallback_count=0 mean_iou=0 num_jittered=0 num_rois=0
2026-07-31 23:39:21,417 - portable_sam_fusion - INFO - [DEBUG-SP] epoch=9 step=2500 all_invalid_count=0 all_invalid_ratio=0 empty_count=0 empty_ratio=0 full_count=0 full_ratio=0 mean_point_distance=28.93 n1_gt_valid_count=64 n1_in_gt_bg=0.8906 n1_in_gt_bg_count=57 n1_valid_count=64 n1_valid_ratio=1 n2_gt_valid_count=64 n2_in_gt_bg=0.9844 n2_in_gt_bg_count=63 n2_valid_count=64 n2_valid_ratio=1 neg_in_pred_bg=1 neg_in_pred_bg_count=128 negative_pair_count=64 negative_pair_distance_sum=2872 p1_gt_valid_count=64 p1_in_gt_fg=1 p1_in_gt_fg_count=64 p1_valid_count=64 p1_valid_ratio=1 p2_gt_valid_count=64 p2_in_gt_fg=1 p2_in_gt_fg_count=64 p2_valid_count=64 p2_valid_ratio=1 point_distance_sum=3703 point_overlap_count=0 point_overlap_ratio=0 point_pair_count=128 pos_in_pred_fg=1 pos_in_pred_fg_count=128 positive_pair_count=64 positive_pair_distance_sum=830.8 roi_count=64 valid_neg_count=128 valid_pos_count=128 warmup_stage=2
2026-07-31 23:40:29,184 - portable_sam_fusion - INFO - [DEBUG-BOX] epoch=9 step=2550 fallback_count=0 fallback_ratio=0 num_rois=0 refined_proposal_iou=0 refined_proposal_iou_sum=0 refined_valid_count=0
2026-07-31 23:40:29,184 - portable_sam_fusion - INFO - [DEBUG-COARSE] epoch=9 step=2550 boundary_fn=0 boundary_fp=0 boundary_tp=0 dice=0 iou=0
2026-07-31 23:40:29,184 - portable_sam_fusion - INFO - [DEBUG-CONTEXT] epoch=9 step=2550 enabled=0
2026-07-31 23:40:29,184 - portable_sam_fusion - INFO - [DEBUG-JITTER] epoch=9 step=2550 area_ratio_count=0 area_ratio_mean=0 area_ratio_sum=0 fallback_count=0 mean_iou=0 num_jittered=0 num_rois=0
2026-07-31 23:40:29,184 - portable_sam_fusion - INFO - [DEBUG-SP] epoch=9 step=2550 all_invalid_count=0 all_invalid_ratio=0 empty_count=0 empty_ratio=0 full_count=0 full_ratio=0 mean_point_distance=27 n1_gt_valid_count=64 n1_in_gt_bg=0.9531 n1_in_gt_bg_count=61 n1_valid_count=64 n1_valid_ratio=1 n2_gt_valid_count=64 n2_in_gt_bg=1 n2_in_gt_bg_count=64 n2_valid_count=64 n2_valid_ratio=1 neg_in_pred_bg=1 neg_in_pred_bg_count=128 negative_pair_count=64 negative_pair_distance_sum=2545 p1_gt_valid_count=64 p1_in_gt_fg=1 p1_in_gt_fg_count=64 p1_valid_count=64 p1_valid_ratio=1 p2_gt_valid_count=64 p2_in_gt_fg=1 p2_in_gt_fg_count=64 p2_valid_count=64 p2_valid_ratio=1 point_distance_sum=3456 point_overlap_count=0 point_overlap_ratio=0 point_pair_count=128 pos_in_pred_fg=1 pos_in_pred_fg_count=128 positive_pair_count=64 positive_pair_distance_sum=910.9 roi_count=64 valid_neg_count=128 valid_pos_count=128 warmup_stage=2
2026-07-31 23:41:11,847 - portable_sam_fusion - INFO - epoch 9 | mini-batch 232/294 | optimizer_step 650/1480 | lr=3.285e-05
2026-07-31 23:41:32,824 - portable_sam_fusion - INFO - [DEBUG-BOX] epoch=9 step=2600 fallback_count=0 fallback_ratio=0 num_rois=64 refined_proposal_iou=0 refined_proposal_iou_sum=0 refined_valid_count=0
2026-07-31 23:41:32,824 - portable_sam_fusion - INFO - [DEBUG-COARSE] epoch=9 step=2600 bce_raw=0.1288 boundary_fn=2205 boundary_fp=1604 boundary_tp=2.584e+04 dice=0.06585 dice_loss_raw=0.06585 iou=0.878 loss_weight=0.1 raw_boundary_fn=2205 raw_boundary_fp=1604 raw_boundary_tp=2.584e+04 raw_dice_score=0.9341 raw_iou=0.878 weighted_loss=0.01947
2026-07-31 23:41:32,824 - portable_sam_fusion - INFO - [DEBUG-CONTEXT] epoch=9 step=2600 enabled=0
2026-07-31 23:41:32,824 - portable_sam_fusion - INFO - [DEBUG-JITTER] epoch=9 step=2600 area_ratio_count=64 area_ratio_mean=1 area_ratio_sum=64 fallback_count=0 mean_iou=1 num_jittered=0 num_rois=64
2026-07-31 23:41:32,824 - portable_sam_fusion - INFO - [DEBUG-SP] epoch=9 step=2600 all_invalid_count=0 all_invalid_ratio=0 empty_count=0 empty_ratio=0 full_count=0 full_ratio=0 mean_point_distance=34.41 n1_gt_valid_count=64 n1_in_gt_bg=0.9688 n1_in_gt_bg_count=62 n1_valid_count=64 n1_valid_ratio=1 n2_gt_valid_count=64 n2_in_gt_bg=1 n2_in_gt_bg_count=64 n2_valid_count=64 n2_valid_ratio=1 neg_in_pred_bg=1 neg_in_pred_bg_count=128 negative_pair_count=64 negative_pair_distance_sum=3194 p1_gt_valid_count=64 p1_in_gt_fg=1 p1_in_gt_fg_count=64 p1_valid_count=64 p1_valid_ratio=1 p2_gt_valid_count=64 p2_in_gt_fg=1 p2_in_gt_fg_count=64 p2_valid_count=64 p2_valid_ratio=1 point_distance_sum=4404 point_overlap_count=0 point_overlap_ratio=0 point_pair_count=128 pos_in_pred_fg=1 pos_in_pred_fg_count=128 positive_pair_count=64 positive_pair_distance_sum=1210 roi_count=64 valid_neg_count=128 valid_pos_count=128 warmup_stage=2
2026-07-31 23:42:35,399 - portable_sam_fusion - INFO - Epoch 9 detailed losses: loss_rpn_cls=0.0016, loss_rpn_bbox=0.0013, loss_cls=0.0653, acc=97.6270, loss_bbox=0.0231, loss_mask=0.2817, debug_mask_pos_rois=54.4116, debug_mask_logit_mean=0.3656, debug_mask_logit_std=2.9004, debug_mask_prob_mean=0.4958, debug_mask_prob_ge05=0.5142, debug_mask_target_fill=0.4958, loss_shape_prior=0.0143, schedule/det_weight=1.0000
2026-07-31 23:42:35,399 - portable_sam_fusion - INFO - Epoch 9 primary loss shares: det=23.59% final_mask=72.71% shape=3.70% p2_boundary=0.00%
2026-07-31 23:42:35,399 - portable_sam_fusion - INFO - Epoch 9 schedule: det_loss_weight=1.000 early_stop_start=1 min_delta=0.0005
2026-07-31 23:42:35,399 - portable_sam_fusion - INFO - Epoch 9 learning rates: sat_backbone=3.20e-05, mask_decoder=3.20e-05, shape_prior=3.20e-05, quality_head=3.20e-05, sat_other=3.20e-05
2026-07-31 23:45:22,536 - portable_sam_fusion - INFO - Validation samples: GT=15926, DT=15675, avg_masks_per_image=25.00, avg_mask_fill=0.0048
creating index...
index created!
Loading and preparing results...
DONE (t=0.02s)
creating index...
index created!
Running per image evaluation...
Evaluate annotation type *bbox*
DONE (t=10.13s).
Accumulating evaluation results...
DONE (t=0.15s).
 Average Precision  (AP) @[ IoU=0.50:0.95 | area=   all | maxDets=100 ] = 0.742
 Average Precision  (AP) @[ IoU=0.50      | area=   all | maxDets=100 ] = 0.890
 Average Precision  (AP) @[ IoU=0.75      | area=   all | maxDets=100 ] = 0.840
 Average Precision  (AP) @[ IoU=0.50:0.95 | area= small | maxDets=100 ] = 0.363
 Average Precision  (AP) @[ IoU=0.50:0.95 | area=medium | maxDets=100 ] = 0.777
 Average Precision  (AP) @[ IoU=0.50:0.95 | area= large | maxDets=100 ] = 0.852
 Average Recall     (AR) @[ IoU=0.50:0.95 | area=   all | maxDets=  1 ] = 0.027
 Average Recall     (AR) @[ IoU=0.50:0.95 | area=   all | maxDets= 10 ] = 0.202
 Average Recall     (AR) @[ IoU=0.50:0.95 | area=   all | maxDets=100 ] = 0.784
 Average Recall     (AR) @[ IoU=0.50:0.95 | area= small | maxDets=100 ] = 0.443
 Average Recall     (AR) @[ IoU=0.50:0.95 | area=medium | maxDets=100 ] = 0.821
 Average Recall     (AR) @[ IoU=0.50:0.95 | area= large | maxDets=100 ] = 0.894
2026-07-31 23:45:33,001 - portable_sam_fusion - INFO - Validation bbox/mAP: 0.7416 bbox/mAP_75: 0.8397
Running per image evaluation...
Evaluate annotation type *segm*
DONE (t=10.69s).
Accumulating evaluation results...
DONE (t=0.15s).
 Average Precision  (AP) @[ IoU=0.50:0.95 | area=   all | maxDets=100 ] = 0.509
 Average Precision  (AP) @[ IoU=0.50      | area=   all | maxDets=100 ] = 0.890
 Average Precision  (AP) @[ IoU=0.75      | area=   all | maxDets=100 ] = 0.566
 Average Precision  (AP) @[ IoU=0.50:0.95 | area= small | maxDets=100 ] = 0.288
 Average Precision  (AP) @[ IoU=0.50:0.95 | area=medium | maxDets=100 ] = 0.562
 Average Precision  (AP) @[ IoU=0.50:0.95 | area= large | maxDets=100 ] = 0.515
 Average Recall     (AR) @[ IoU=0.50:0.95 | area=   all | maxDets=  1 ] = 0.020
 Average Recall     (AR) @[ IoU=0.50:0.95 | area=   all | maxDets= 10 ] = 0.144
 Average Recall     (AR) @[ IoU=0.50:0.95 | area=   all | maxDets=100 ] = 0.575
 Average Recall     (AR) @[ IoU=0.50:0.95 | area= small | maxDets=100 ] = 0.356
 Average Recall     (AR) @[ IoU=0.50:0.95 | area=medium | maxDets=100 ] = 0.624
 Average Recall     (AR) @[ IoU=0.50:0.95 | area= large | maxDets=100 ] = 0.580
2026-07-31 23:45:43,865 - portable_sam_fusion - INFO - Validation segm/mAP: 0.5090
2026-07-31 23:45:44,419 - portable_sam_fusion - INFO - New best early-stop metric (segm/mAP): raw=0.5090 smooth(5)=0.5037
2026-07-31 23:45:49,858 - portable_sam_fusion - INFO - Epoch 9/20 | train=0.387460 val=disabled segm/mAP=0.5090 bbox/mAP=0.7416 | best_segm=0.5119 best_bbox=0.7451 best_comp=0.0000 | sat_backbone=3.20e-05 mask_decoder=3.20e-05 shape_prior=3.20e-05 quality_head=3.20e-05 sat_other=3.20e-05
2026-07-31 23:45:57,085 - portable_sam_fusion - INFO - [DEBUG-BOX] epoch=10 step=2650 fallback_count=0 fallback_ratio=0 num_rois=64 refined_proposal_iou=0 refined_proposal_iou_sum=0 refined_valid_count=0
2026-07-31 23:45:57,085 - portable_sam_fusion - INFO - [DEBUG-COARSE] epoch=10 step=2650 bce_raw=0.1003 boundary_fn=996 boundary_fp=875 boundary_tp=2.496e+04 dice=0.04893 dice_loss_raw=0.04893 iou=0.9074 loss_weight=0.1 raw_boundary_fn=996 raw_boundary_fp=875 raw_boundary_tp=2.496e+04 raw_dice_score=0.9511 raw_iou=0.9074 weighted_loss=0.01492
2026-07-31 23:45:57,085 - portable_sam_fusion - INFO - [DEBUG-CONTEXT] epoch=10 step=2650 enabled=0
2026-07-31 23:45:57,085 - portable_sam_fusion - INFO - [DEBUG-JITTER] epoch=10 step=2650 area_ratio_count=64 area_ratio_mean=1 area_ratio_sum=64 fallback_count=0 mean_iou=1 num_jittered=0 num_rois=64
2026-07-31 23:45:57,085 - portable_sam_fusion - INFO - [DEBUG-SP] epoch=10 step=2650 all_invalid_count=0 all_invalid_ratio=0 empty_count=0 empty_ratio=0 full_count=0 full_ratio=0 mean_point_distance=39.02 n1_gt_valid_count=64 n1_in_gt_bg=0.875 n1_in_gt_bg_count=56 n1_valid_count=64 n1_valid_ratio=1 n2_gt_valid_count=64 n2_in_gt_bg=1 n2_in_gt_bg_count=64 n2_valid_count=64 n2_valid_ratio=1 neg_in_pred_bg=1 neg_in_pred_bg_count=128 negative_pair_count=64 negative_pair_distance_sum=3844 p1_gt_valid_count=64 p1_in_gt_fg=1 p1_in_gt_fg_count=64 p1_valid_count=64 p1_valid_ratio=1 p2_gt_valid_count=64 p2_in_gt_fg=1 p2_in_gt_fg_count=64 p2_valid_count=64 p2_valid_ratio=1 point_distance_sum=4994 point_overlap_count=0 point_overlap_ratio=0 point_pair_count=128 pos_in_pred_fg=1 pos_in_pred_fg_count=128 positive_pair_count=64 positive_pair_distance_sum=1150 roi_count=64 valid_neg_count=128 valid_pos_count=128 warmup_stage=2
2026-07-31 23:47:04,445 - portable_sam_fusion - INFO - [DEBUG-BOX] epoch=10 step=2700 fallback_count=0 fallback_ratio=0 num_rois=64 refined_proposal_iou=0 refined_proposal_iou_sum=0 refined_valid_count=0
2026-07-31 23:47:04,445 - portable_sam_fusion - INFO - [DEBUG-COARSE] epoch=10 step=2700 bce_raw=0.1381 boundary_fn=1765 boundary_fp=2046 boundary_tp=2.463e+04 dice=0.06188 dice_loss_raw=0.06188 iou=0.8858 loss_weight=0.1 raw_boundary_fn=1765 raw_boundary_fp=2046 raw_boundary_tp=2.463e+04 raw_dice_score=0.9381 raw_iou=0.8858 weighted_loss=0.01999
2026-07-31 23:47:04,445 - portable_sam_fusion - INFO - [DEBUG-CONTEXT] epoch=10 step=2700 enabled=0
2026-07-31 23:47:04,445 - portable_sam_fusion - INFO - [DEBUG-JITTER] epoch=10 step=2700 area_ratio_count=64 area_ratio_mean=1 area_ratio_sum=64 fallback_count=0 mean_iou=1 num_jittered=0 num_rois=64
2026-07-31 23:47:04,445 - portable_sam_fusion - INFO - [DEBUG-SP] epoch=10 step=2700 all_invalid_count=0 all_invalid_ratio=0 empty_count=0 empty_ratio=0 full_count=0 full_ratio=0 mean_point_distance=29.61 n1_gt_valid_count=64 n1_in_gt_bg=0.7812 n1_in_gt_bg_count=50 n1_valid_count=64 n1_valid_ratio=1 n2_gt_valid_count=64 n2_in_gt_bg=1 n2_in_gt_bg_count=64 n2_valid_count=64 n2_valid_ratio=1 neg_in_pred_bg=1 neg_in_pred_bg_count=128 negative_pair_count=64 negative_pair_distance_sum=2936 p1_gt_valid_count=64 p1_in_gt_fg=1 p1_in_gt_fg_count=64 p1_valid_count=64 p1_valid_ratio=1 p2_gt_valid_count=64 p2_in_gt_fg=1 p2_in_gt_fg_count=64 p2_valid_count=64 p2_valid_ratio=1 point_distance_sum=3790 point_overlap_count=0 point_overlap_ratio=0 point_pair_count=128 pos_in_pred_fg=1 pos_in_pred_fg_count=128 positive_pair_count=64 positive_pair_distance_sum=853.4 roi_count=64 valid_neg_count=128 valid_pos_count=128 warmup_stage=2
2026-07-31 23:48:11,233 - portable_sam_fusion - INFO - [DEBUG-BOX] epoch=10 step=2750 fallback_count=0 fallback_ratio=0 num_rois=64 refined_proposal_iou=0 refined_proposal_iou_sum=0 refined_valid_count=0
2026-07-31 23:48:11,233 - portable_sam_fusion - INFO - [DEBUG-COARSE] epoch=10 step=2750 bce_raw=0.1656 boundary_fn=2302 boundary_fp=3006 boundary_tp=2.609e+04 dice=0.08351 dice_loss_raw=0.08351 iou=0.8548 loss_weight=0.1 raw_boundary_fn=2302 raw_boundary_fp=3006 raw_boundary_tp=2.609e+04 raw_dice_score=0.9165 raw_iou=0.8548 weighted_loss=0.02491
2026-07-31 23:48:11,233 - portable_sam_fusion - INFO - [DEBUG-CONTEXT] epoch=10 step=2750 enabled=0
2026-07-31 23:48:11,233 - portable_sam_fusion - INFO - [DEBUG-JITTER] epoch=10 step=2750 area_ratio_count=64 area_ratio_mean=1 area_ratio_sum=64 fallback_count=0 mean_iou=1 num_jittered=0 num_rois=64
2026-07-31 23:48:11,233 - portable_sam_fusion - INFO - [DEBUG-SP] epoch=10 step=2750 all_invalid_count=0 all_invalid_ratio=0 empty_count=0 empty_ratio=0 full_count=0 full_ratio=0 mean_point_distance=29.7 n1_gt_valid_count=64 n1_in_gt_bg=0.9375 n1_in_gt_bg_count=60 n1_valid_count=64 n1_valid_ratio=1 n2_gt_valid_count=64 n2_in_gt_bg=1 n2_in_gt_bg_count=64 n2_valid_count=64 n2_valid_ratio=1 neg_in_pred_bg=1 neg_in_pred_bg_count=128 negative_pair_count=64 negative_pair_distance_sum=2822 p1_gt_valid_count=64 p1_in_gt_fg=0.9844 p1_in_gt_fg_count=63 p1_valid_count=64 p1_valid_ratio=1 p2_gt_valid_count=64 p2_in_gt_fg=1 p2_in_gt_fg_count=64 p2_valid_count=64 p2_valid_ratio=1 point_distance_sum=3801 point_overlap_count=0 point_overlap_ratio=0 point_pair_count=128 pos_in_pred_fg=1 pos_in_pred_fg_count=128 positive_pair_count=64 positive_pair_distance_sum=979.5 roi_count=64 valid_neg_count=128 valid_pos_count=128 warmup_stage=2
2026-07-31 23:48:53,237 - portable_sam_fusion - INFO - epoch 10 | mini-batch 136/294 | optimizer_step 700/1480 | lr=3.011e-05
2026-07-31 23:49:17,540 - portable_sam_fusion - INFO - [DEBUG-BOX] epoch=10 step=2800 fallback_count=0 fallback_ratio=0 num_rois=64 refined_proposal_iou=0 refined_proposal_iou_sum=0 refined_valid_count=0
2026-07-31 23:49:17,540 - portable_sam_fusion - INFO - [DEBUG-COARSE] epoch=10 step=2800 bce_raw=0.09808 boundary_fn=994 boundary_fp=1407 boundary_tp=2.666e+04 dice=0.05994 dice_loss_raw=0.05994 iou=0.8902 loss_weight=0.1 raw_boundary_fn=994 raw_boundary_fp=1407 raw_boundary_tp=2.666e+04 raw_dice_score=0.9401 raw_iou=0.8902 weighted_loss=0.0158
2026-07-31 23:49:17,540 - portable_sam_fusion - INFO - [DEBUG-CONTEXT] epoch=10 step=2800 enabled=0
2026-07-31 23:49:17,540 - portable_sam_fusion - INFO - [DEBUG-JITTER] epoch=10 step=2800 area_ratio_count=64 area_ratio_mean=1 area_ratio_sum=64 fallback_count=0 mean_iou=1 num_jittered=0 num_rois=64
2026-07-31 23:49:17,540 - portable_sam_fusion - INFO - [DEBUG-SP] epoch=10 step=2800 all_invalid_count=0 all_invalid_ratio=0 empty_count=0 empty_ratio=0 full_count=0 full_ratio=0 mean_point_distance=39.57 n1_gt_valid_count=64 n1_in_gt_bg=0.9688 n1_in_gt_bg_count=62 n1_valid_count=64 n1_valid_ratio=1 n2_gt_valid_count=64 n2_in_gt_bg=0.9844 n2_in_gt_bg_count=63 n2_valid_count=64 n2_valid_ratio=1 neg_in_pred_bg=1 neg_in_pred_bg_count=128 negative_pair_count=64 negative_pair_distance_sum=3980 p1_gt_valid_count=64 p1_in_gt_fg=1 p1_in_gt_fg_count=64 p1_valid_count=64 p1_valid_ratio=1 p2_gt_valid_count=64 p2_in_gt_fg=1 p2_in_gt_fg_count=64 p2_valid_count=64 p2_valid_ratio=1 point_distance_sum=5065 point_overlap_count=0 point_overlap_ratio=0 point_pair_count=128 pos_in_pred_fg=1 pos_in_pred_fg_count=128 positive_pair_count=64 positive_pair_distance_sum=1086 roi_count=64 valid_neg_count=128 valid_pos_count=128 warmup_stage=2
2026-07-31 23:50:23,801 - portable_sam_fusion - INFO - [DEBUG-BOX] epoch=10 step=2850 fallback_count=0 fallback_ratio=0 num_rois=64 refined_proposal_iou=0 refined_proposal_iou_sum=0 refined_valid_count=0
2026-07-31 23:50:23,801 - portable_sam_fusion - INFO - [DEBUG-COARSE] epoch=10 step=2850 bce_raw=0.1198 boundary_fn=2130 boundary_fp=938 boundary_tp=2.453e+04 dice=0.07013 dice_loss_raw=0.07013 iou=0.8699 loss_weight=0.1 raw_boundary_fn=2130 raw_boundary_fp=938 raw_boundary_tp=2.453e+04 raw_dice_score=0.9299 raw_iou=0.8699 weighted_loss=0.01899
2026-07-31 23:50:23,801 - portable_sam_fusion - INFO - [DEBUG-CONTEXT] epoch=10 step=2850 enabled=0
2026-07-31 23:50:23,801 - portable_sam_fusion - INFO - [DEBUG-JITTER] epoch=10 step=2850 area_ratio_count=64 area_ratio_mean=1 area_ratio_sum=64 fallback_count=0 mean_iou=1 num_jittered=0 num_rois=64
2026-07-31 23:50:23,801 - portable_sam_fusion - INFO - [DEBUG-SP] epoch=10 step=2850 all_invalid_count=0 all_invalid_ratio=0 empty_count=0 empty_ratio=0 full_count=0 full_ratio=0 mean_point_distance=22.56 n1_gt_valid_count=64 n1_in_gt_bg=0.8281 n1_in_gt_bg_count=53 n1_valid_count=64 n1_valid_ratio=1 n2_gt_valid_count=64 n2_in_gt_bg=1 n2_in_gt_bg_count=64 n2_valid_count=64 n2_valid_ratio=1 neg_in_pred_bg=1 neg_in_pred_bg_count=128 negative_pair_count=64 negative_pair_distance_sum=2089 p1_gt_valid_count=64 p1_in_gt_fg=1 p1_in_gt_fg_count=64 p1_valid_count=64 p1_valid_ratio=1 p2_gt_valid_count=64 p2_in_gt_fg=1 p2_in_gt_fg_count=64 p2_valid_count=64 p2_valid_ratio=1 point_distance_sum=2888 point_overlap_count=0 point_overlap_ratio=0 point_pair_count=128 pos_in_pred_fg=1 pos_in_pred_fg_count=128 positive_pair_count=64 positive_pair_distance_sum=798.4 roi_count=64 valid_neg_count=128 valid_pos_count=128 warmup_stage=2
2026-07-31 23:51:29,876 - portable_sam_fusion - INFO - [DEBUG-BOX] epoch=10 step=2900 fallback_count=0 fallback_ratio=0 num_rois=64 refined_proposal_iou=0 refined_proposal_iou_sum=0 refined_valid_count=0
2026-07-31 23:51:29,876 - portable_sam_fusion - INFO - [DEBUG-COARSE] epoch=10 step=2900 bce_raw=0.1583 boundary_fn=2548 boundary_fp=2517 boundary_tp=2.503e+04 dice=0.06739 dice_loss_raw=0.06739 iou=0.8753 loss_weight=0.1 raw_boundary_fn=2548 raw_boundary_fp=2517 raw_boundary_tp=2.503e+04 raw_dice_score=0.9326 raw_iou=0.8753 weighted_loss=0.02257
2026-07-31 23:51:29,876 - portable_sam_fusion - INFO - [DEBUG-CONTEXT] epoch=10 step=2900 enabled=0
2026-07-31 23:51:29,876 - portable_sam_fusion - INFO - [DEBUG-JITTER] epoch=10 step=2900 area_ratio_count=64 area_ratio_mean=1 area_ratio_sum=64 fallback_count=0 mean_iou=1 num_jittered=0 num_rois=64
2026-07-31 23:51:29,876 - portable_sam_fusion - INFO - [DEBUG-SP] epoch=10 step=2900 all_invalid_count=0 all_invalid_ratio=0 empty_count=0 empty_ratio=0 full_count=0 full_ratio=0 mean_point_distance=37.35 n1_gt_valid_count=64 n1_in_gt_bg=0.8906 n1_in_gt_bg_count=57 n1_valid_count=64 n1_valid_ratio=1 n2_gt_valid_count=64 n2_in_gt_bg=1 n2_in_gt_bg_count=64 n2_valid_count=64 n2_valid_ratio=1 neg_in_pred_bg=1 neg_in_pred_bg_count=128 negative_pair_count=64 negative_pair_distance_sum=3385 p1_gt_valid_count=64 p1_in_gt_fg=1 p1_in_gt_fg_count=64 p1_valid_count=64 p1_valid_ratio=1 p2_gt_valid_count=64 p2_in_gt_fg=1 p2_in_gt_fg_count=64 p2_valid_count=64 p2_valid_ratio=1 point_distance_sum=4781 point_overlap_count=0 point_overlap_ratio=0 point_pair_count=128 pos_in_pred_fg=1 pos_in_pred_fg_count=128 positive_pair_count=64 positive_pair_distance_sum=1396 roi_count=64 valid_neg_count=128 valid_pos_count=128 warmup_stage=2
2026-07-31 23:52:22,338 - portable_sam_fusion - INFO - Epoch 10 detailed losses: loss_rpn_cls=0.0015, loss_rpn_bbox=0.0015, loss_cls=0.0710, acc=97.3283, loss_bbox=0.0239, loss_mask=0.2799, debug_mask_pos_rois=54.2551, debug_mask_logit_mean=0.3151, debug_mask_logit_std=2.9021, debug_mask_prob_mean=0.4867, debug_mask_prob_ge05=0.5044, debug_mask_target_fill=0.4877, loss_shape_prior=0.0143, schedule/det_weight=1.0000
2026-07-31 23:52:22,338 - portable_sam_fusion - INFO - Epoch 10 primary loss shares: det=24.96% final_mask=71.40% shape=3.65% p2_boundary=0.00%
2026-07-31 23:52:22,338 - portable_sam_fusion - INFO - Epoch 10 schedule: det_loss_weight=1.000 early_stop_start=1 min_delta=0.0005
2026-07-31 23:52:22,338 - portable_sam_fusion - INFO - Epoch 10 learning rates: sat_backbone=2.79e-05, mask_decoder=2.79e-05, shape_prior=2.79e-05, quality_head=2.79e-05, sat_other=2.79e-05
2026-07-31 23:55:07,507 - portable_sam_fusion - INFO - Validation samples: GT=15926, DT=15557, avg_masks_per_image=24.81, avg_mask_fill=0.0049
creating index...
index created!
Loading and preparing results...
DONE (t=0.02s)
creating index...
index created!
Running per image evaluation...
Evaluate annotation type *bbox*
DONE (t=10.12s).
Accumulating evaluation results...
DONE (t=0.16s).
 Average Precision  (AP) @[ IoU=0.50:0.95 | area=   all | maxDets=100 ] = 0.740
 Average Precision  (AP) @[ IoU=0.50      | area=   all | maxDets=100 ] = 0.890
 Average Precision  (AP) @[ IoU=0.75      | area=   all | maxDets=100 ] = 0.830
 Average Precision  (AP) @[ IoU=0.50:0.95 | area= small | maxDets=100 ] = 0.358
 Average Precision  (AP) @[ IoU=0.50:0.95 | area=medium | maxDets=100 ] = 0.775
 Average Precision  (AP) @[ IoU=0.50:0.95 | area= large | maxDets=100 ] = 0.854
 Average Recall     (AR) @[ IoU=0.50:0.95 | area=   all | maxDets=  1 ] = 0.027
 Average Recall     (AR) @[ IoU=0.50:0.95 | area=   all | maxDets= 10 ] = 0.202
 Average Recall     (AR) @[ IoU=0.50:0.95 | area=   all | maxDets=100 ] = 0.782
 Average Recall     (AR) @[ IoU=0.50:0.95 | area= small | maxDets=100 ] = 0.434
 Average Recall     (AR) @[ IoU=0.50:0.95 | area=medium | maxDets=100 ] = 0.821
 Average Recall     (AR) @[ IoU=0.50:0.95 | area= large | maxDets=100 ] = 0.893
2026-07-31 23:55:17,963 - portable_sam_fusion - INFO - Validation bbox/mAP: 0.7397 bbox/mAP_75: 0.8303
Running per image evaluation...
Evaluate annotation type *segm*
DONE (t=10.63s).
Accumulating evaluation results...
DONE (t=0.15s).
 Average Precision  (AP) @[ IoU=0.50:0.95 | area=   all | maxDets=100 ] = 0.495
 Average Precision  (AP) @[ IoU=0.50      | area=   all | maxDets=100 ] = 0.880
 Average Precision  (AP) @[ IoU=0.75      | area=   all | maxDets=100 ] = 0.531
 Average Precision  (AP) @[ IoU=0.50:0.95 | area= small | maxDets=100 ] = 0.285
 Average Precision  (AP) @[ IoU=0.50:0.95 | area=medium | maxDets=100 ] = 0.549
 Average Precision  (AP) @[ IoU=0.50:0.95 | area= large | maxDets=100 ] = 0.498
 Average Recall     (AR) @[ IoU=0.50:0.95 | area=   all | maxDets=  1 ] = 0.019
 Average Recall     (AR) @[ IoU=0.50:0.95 | area=   all | maxDets= 10 ] = 0.140
 Average Recall     (AR) @[ IoU=0.50:0.95 | area=   all | maxDets=100 ] = 0.565
 Average Recall     (AR) @[ IoU=0.50:0.95 | area= small | maxDets=100 ] = 0.350
 Average Recall     (AR) @[ IoU=0.50:0.95 | area=medium | maxDets=100 ] = 0.614
 Average Recall     (AR) @[ IoU=0.50:0.95 | area= large | maxDets=100 ] = 0.566
2026-07-31 23:55:28,774 - portable_sam_fusion - INFO - Validation segm/mAP: 0.4950
2026-07-31 23:55:29,335 - portable_sam_fusion - INFO - New best early-stop metric (segm/mAP): raw=0.4950 smooth(5)=0.5067
2026-07-31 23:55:34,755 - portable_sam_fusion - INFO - Epoch 10/20 | train=0.392050 val=disabled segm/mAP=0.4950 bbox/mAP=0.7397 | best_segm=0.5119 best_bbox=0.7451 best_comp=0.0000 | sat_backbone=2.79e-05 mask_decoder=2.79e-05 shape_prior=2.79e-05 quality_head=2.79e-05 sat_other=2.79e-05
2026-07-31 23:55:49,880 - portable_sam_fusion - INFO - [DEBUG-BOX] epoch=11 step=2950 fallback_count=0 fallback_ratio=0 num_rois=64 refined_proposal_iou=0 refined_proposal_iou_sum=0 refined_valid_count=0
2026-07-31 23:55:49,880 - portable_sam_fusion - INFO - [DEBUG-COARSE] epoch=11 step=2950 bce_raw=0.1233 boundary_fn=1365 boundary_fp=1422 boundary_tp=2.645e+04 dice=0.05623 dice_loss_raw=0.05623 iou=0.8946 loss_weight=0.1 raw_boundary_fn=1365 raw_boundary_fp=1422 raw_boundary_tp=2.645e+04 raw_dice_score=0.9438 raw_iou=0.8946 weighted_loss=0.01796
2026-07-31 23:55:49,880 - portable_sam_fusion - INFO - [DEBUG-CONTEXT] epoch=11 step=2950 enabled=0
2026-07-31 23:55:49,880 - portable_sam_fusion - INFO - [DEBUG-JITTER] epoch=11 step=2950 area_ratio_count=64 area_ratio_mean=1 area_ratio_sum=64 fallback_count=0 mean_iou=1 num_jittered=0 num_rois=64
2026-07-31 23:55:49,880 - portable_sam_fusion - INFO - [DEBUG-SP] epoch=11 step=2950 all_invalid_count=0 all_invalid_ratio=0 empty_count=0 empty_ratio=0 full_count=0 full_ratio=0 mean_point_distance=28.96 n1_gt_valid_count=64 n1_in_gt_bg=0.9375 n1_in_gt_bg_count=60 n1_valid_count=64 n1_valid_ratio=1 n2_gt_valid_count=64 n2_in_gt_bg=1 n2_in_gt_bg_count=64 n2_valid_count=64 n2_valid_ratio=1 neg_in_pred_bg=1 neg_in_pred_bg_count=128 negative_pair_count=64 negative_pair_distance_sum=2689 p1_gt_valid_count=64 p1_in_gt_fg=1 p1_in_gt_fg_count=64 p1_valid_count=64 p1_valid_ratio=1 p2_gt_valid_count=64 p2_in_gt_fg=1 p2_in_gt_fg_count=64 p2_valid_count=64 p2_valid_ratio=1 point_distance_sum=3707 point_overlap_count=0 point_overlap_ratio=0 point_pair_count=128 pos_in_pred_fg=1 pos_in_pred_fg_count=128 positive_pair_count=64 positive_pair_distance_sum=1018 roi_count=64 valid_neg_count=128 valid_pos_count=128 warmup_stage=2
2026-07-31 23:56:30,421 - portable_sam_fusion - INFO - epoch 11 | mini-batch 40/294 | optimizer_step 750/1480 | lr=2.730e-05
2026-07-31 23:56:59,449 - portable_sam_fusion - INFO - [DEBUG-BOX] epoch=11 step=3000 fallback_count=0 fallback_ratio=0 num_rois=64 refined_proposal_iou=0 refined_proposal_iou_sum=0 refined_valid_count=0
2026-07-31 23:56:59,449 - portable_sam_fusion - INFO - [DEBUG-COARSE] epoch=11 step=3000 bce_raw=0.09354 boundary_fn=932 boundary_fp=795 boundary_tp=2.618e+04 dice=0.04882 dice_loss_raw=0.04882 iou=0.9083 loss_weight=0.1 raw_boundary_fn=932 raw_boundary_fp=795 raw_boundary_tp=2.618e+04 raw_dice_score=0.9512 raw_iou=0.9083 weighted_loss=0.01424
2026-07-31 23:56:59,450 - portable_sam_fusion - INFO - [DEBUG-CONTEXT] epoch=11 step=3000 enabled=0
2026-07-31 23:56:59,450 - portable_sam_fusion - INFO - [DEBUG-JITTER] epoch=11 step=3000 area_ratio_count=64 area_ratio_mean=1 area_ratio_sum=64 fallback_count=0 mean_iou=1 num_jittered=0 num_rois=64
2026-07-31 23:56:59,450 - portable_sam_fusion - INFO - [DEBUG-SP] epoch=11 step=3000 all_invalid_count=0 all_invalid_ratio=0 empty_count=0 empty_ratio=0 full_count=0 full_ratio=0 mean_point_distance=32.45 n1_gt_valid_count=64 n1_in_gt_bg=0.9062 n1_in_gt_bg_count=58 n1_valid_count=64 n1_valid_ratio=1 n2_gt_valid_count=64 n2_in_gt_bg=1 n2_in_gt_bg_count=64 n2_valid_count=64 n2_valid_ratio=1 neg_in_pred_bg=1 neg_in_pred_bg_count=128 negative_pair_count=64 negative_pair_distance_sum=3116 p1_gt_valid_count=64 p1_in_gt_fg=1 p1_in_gt_fg_count=64 p1_valid_count=64 p1_valid_ratio=1 p2_gt_valid_count=64 p2_in_gt_fg=1 p2_in_gt_fg_count=64 p2_valid_count=64 p2_valid_ratio=1 point_distance_sum=4154 point_overlap_count=0 point_overlap_ratio=0 point_pair_count=128 pos_in_pred_fg=1 pos_in_pred_fg_count=128 positive_pair_count=64 positive_pair_distance_sum=1038 roi_count=64 valid_neg_count=128 valid_pos_count=128 warmup_stage=2
2026-07-31 23:58:06,622 - portable_sam_fusion - INFO - [DEBUG-BOX] epoch=11 step=3050 fallback_count=0 fallback_ratio=0 num_rois=64 refined_proposal_iou=0 refined_proposal_iou_sum=0 refined_valid_count=0
2026-07-31 23:58:06,622 - portable_sam_fusion - INFO - [DEBUG-COARSE] epoch=11 step=3050 bce_raw=0.1198 boundary_fn=2001 boundary_fp=1775 boundary_tp=2.407e+04 dice=0.04922 dice_loss_raw=0.04922 iou=0.9074 loss_weight=0.1 raw_boundary_fn=2001 raw_boundary_fp=1775 raw_boundary_tp=2.407e+04 raw_dice_score=0.9508 raw_iou=0.9074 weighted_loss=0.0169
2026-07-31 23:58:06,622 - portable_sam_fusion - INFO - [DEBUG-CONTEXT] epoch=11 step=3050 enabled=0
2026-07-31 23:58:06,622 - portable_sam_fusion - INFO - [DEBUG-JITTER] epoch=11 step=3050 area_ratio_count=64 area_ratio_mean=1 area_ratio_sum=64 fallback_count=0 mean_iou=1 num_jittered=0 num_rois=64
2026-07-31 23:58:06,622 - portable_sam_fusion - INFO - [DEBUG-SP] epoch=11 step=3050 all_invalid_count=0 all_invalid_ratio=0 empty_count=0 empty_ratio=0 full_count=0 full_ratio=0 mean_point_distance=37.37 n1_gt_valid_count=64 n1_in_gt_bg=0.8438 n1_in_gt_bg_count=54 n1_valid_count=64 n1_valid_ratio=1 n2_gt_valid_count=64 n2_in_gt_bg=1 n2_in_gt_bg_count=64 n2_valid_count=64 n2_valid_ratio=1 neg_in_pred_bg=1 neg_in_pred_bg_count=128 negative_pair_count=64 negative_pair_distance_sum=3229 p1_gt_valid_count=64 p1_in_gt_fg=1 p1_in_gt_fg_count=64 p1_valid_count=64 p1_valid_ratio=1 p2_gt_valid_count=64 p2_in_gt_fg=1 p2_in_gt_fg_count=64 p2_valid_count=64 p2_valid_ratio=1 point_distance_sum=4783 point_overlap_count=0 point_overlap_ratio=0 point_pair_count=128 pos_in_pred_fg=1 pos_in_pred_fg_count=128 positive_pair_count=64 positive_pair_distance_sum=1554 roi_count=64 valid_neg_count=128 valid_pos_count=128 warmup_stage=2
2026-07-31 23:59:08,723 - portable_sam_fusion - INFO - [DEBUG-BOX] epoch=11 step=3100 fallback_count=0 fallback_ratio=0 num_rois=64 refined_proposal_iou=0 refined_proposal_iou_sum=0 refined_valid_count=0
2026-07-31 23:59:08,723 - portable_sam_fusion - INFO - [DEBUG-COARSE] epoch=11 step=3100 bce_raw=0.0956 boundary_fn=835 boundary_fp=1373 boundary_tp=2.665e+04 dice=0.06324 dice_loss_raw=0.06324 iou=0.8835 loss_weight=0.1 raw_boundary_fn=835 raw_boundary_fp=1373 raw_boundary_tp=2.665e+04 raw_dice_score=0.9368 raw_iou=0.8835 weighted_loss=0.01588
2026-07-31 23:59:08,723 - portable_sam_fusion - INFO - [DEBUG-CONTEXT] epoch=11 step=3100 enabled=0
2026-07-31 23:59:08,723 - portable_sam_fusion - INFO - [DEBUG-JITTER] epoch=11 step=3100 area_ratio_count=64 area_ratio_mean=1 area_ratio_sum=64 fallback_count=0 mean_iou=1 num_jittered=0 num_rois=64
2026-07-31 23:59:08,723 - portable_sam_fusion - INFO - [DEBUG-SP] epoch=11 step=3100 all_invalid_count=0 all_invalid_ratio=0 empty_count=0 empty_ratio=0 full_count=0 full_ratio=0 mean_point_distance=35.36 n1_gt_valid_count=64 n1_in_gt_bg=0.9219 n1_in_gt_bg_count=59 n1_valid_count=64 n1_valid_ratio=1 n2_gt_valid_count=64 n2_in_gt_bg=1 n2_in_gt_bg_count=64 n2_valid_count=64 n2_valid_ratio=1 neg_in_pred_bg=1 neg_in_pred_bg_count=128 negative_pair_count=64 negative_pair_distance_sum=3263 p1_gt_valid_count=64 p1_in_gt_fg=1 p1_in_gt_fg_count=64 p1_valid_count=64 p1_valid_ratio=1 p2_gt_valid_count=64 p2_in_gt_fg=1 p2_in_gt_fg_count=64 p2_valid_count=64 p2_valid_ratio=1 point_distance_sum=4526 point_overlap_count=0 point_overlap_ratio=0 point_pair_count=128 pos_in_pred_fg=1 pos_in_pred_fg_count=128 positive_pair_count=64 positive_pair_distance_sum=1263 roi_count=64 valid_neg_count=128 valid_pos_count=128 warmup_stage=2
2026-08-01 00:00:16,772 - portable_sam_fusion - INFO - [DEBUG-BOX] epoch=11 step=3150 fallback_count=0 fallback_ratio=0 num_rois=62 refined_proposal_iou=0 refined_proposal_iou_sum=0 refined_valid_count=0
2026-08-01 00:00:16,772 - portable_sam_fusion - INFO - [DEBUG-COARSE] epoch=11 step=3150 bce_raw=0.06095 boundary_fn=66 boundary_fp=76 boundary_tp=2.376e+04 dice=0.03508 dice_loss_raw=0.03508 iou=0.9326 loss_weight=0.1 raw_boundary_fn=66 raw_boundary_fp=76 raw_boundary_tp=2.376e+04 raw_dice_score=0.9649 raw_iou=0.9326 weighted_loss=0.009602
2026-08-01 00:00:16,772 - portable_sam_fusion - INFO - [DEBUG-CONTEXT] epoch=11 step=3150 enabled=0
2026-08-01 00:00:16,772 - portable_sam_fusion - INFO - [DEBUG-JITTER] epoch=11 step=3150 area_ratio_count=62 area_ratio_mean=1 area_ratio_sum=62 fallback_count=0 mean_iou=1 num_jittered=0 num_rois=62
2026-08-01 00:00:16,772 - portable_sam_fusion - INFO - [DEBUG-SP] epoch=11 step=3150 all_invalid_count=0 all_invalid_ratio=0 empty_count=0 empty_ratio=0 full_count=0 full_ratio=0 mean_point_distance=40.83 n1_gt_valid_count=62 n1_in_gt_bg=0.9194 n1_in_gt_bg_count=57 n1_valid_count=62 n1_valid_ratio=1 n2_gt_valid_count=62 n2_in_gt_bg=1 n2_in_gt_bg_count=62 n2_valid_count=62 n2_valid_ratio=1 neg_in_pred_bg=1 neg_in_pred_bg_count=124 negative_pair_count=62 negative_pair_distance_sum=3851 p1_gt_valid_count=62 p1_in_gt_fg=1 p1_in_gt_fg_count=62 p1_valid_count=62 p1_valid_ratio=1 p2_gt_valid_count=62 p2_in_gt_fg=1 p2_in_gt_fg_count=62 p2_valid_count=62 p2_valid_ratio=1 point_distance_sum=5062 point_overlap_count=0 point_overlap_ratio=0 point_pair_count=124 pos_in_pred_fg=1 pos_in_pred_fg_count=124 positive_pair_count=62 positive_pair_distance_sum=1211 roi_count=62 valid_neg_count=124 valid_pos_count=124 warmup_stage=2
2026-08-01 00:00:56,316 - portable_sam_fusion - INFO - epoch 11 | mini-batch 240/294 | optimizer_step 800/1480 | lr=2.446e-05
2026-08-01 00:01:21,316 - portable_sam_fusion - INFO - [DEBUG-BOX] epoch=11 step=3200 fallback_count=0 fallback_ratio=0 num_rois=0 refined_proposal_iou=0 refined_proposal_iou_sum=0 refined_valid_count=0
2026-08-01 00:01:21,316 - portable_sam_fusion - INFO - [DEBUG-COARSE] epoch=11 step=3200 boundary_fn=0 boundary_fp=0 boundary_tp=0 dice=0 iou=0
2026-08-01 00:01:21,316 - portable_sam_fusion - INFO - [DEBUG-CONTEXT] epoch=11 step=3200 enabled=0
2026-08-01 00:01:21,316 - portable_sam_fusion - INFO - [DEBUG-JITTER] epoch=11 step=3200 area_ratio_count=0 area_ratio_mean=0 area_ratio_sum=0 fallback_count=0 mean_iou=0 num_jittered=0 num_rois=0
2026-08-01 00:01:21,316 - portable_sam_fusion - INFO - [DEBUG-SP] epoch=11 step=3200 all_invalid_count=0 all_invalid_ratio=0 empty_count=0 empty_ratio=0 full_count=0 full_ratio=0 mean_point_distance=24.37 n1_gt_valid_count=64 n1_in_gt_bg=0.9688 n1_in_gt_bg_count=62 n1_valid_count=64 n1_valid_ratio=1 n2_gt_valid_count=64 n2_in_gt_bg=1 n2_in_gt_bg_count=64 n2_valid_count=64 n2_valid_ratio=1 neg_in_pred_bg=1 neg_in_pred_bg_count=128 negative_pair_count=64 negative_pair_distance_sum=2188 p1_gt_valid_count=64 p1_in_gt_fg=1 p1_in_gt_fg_count=64 p1_valid_count=64 p1_valid_ratio=1 p2_gt_valid_count=64 p2_in_gt_fg=1 p2_in_gt_fg_count=64 p2_valid_count=64 p2_valid_ratio=1 point_distance_sum=3119 point_overlap_count=0 point_overlap_ratio=0 point_pair_count=128 pos_in_pred_fg=1 pos_in_pred_fg_count=128 positive_pair_count=64 positive_pair_distance_sum=930.9 roi_count=64 valid_neg_count=128 valid_pos_count=128 warmup_stage=2
2026-08-01 00:02:07,564 - portable_sam_fusion - INFO - Epoch 11 detailed losses: loss_rpn_cls=0.0016, loss_rpn_bbox=0.0014, loss_cls=0.0688, acc=97.4144, loss_bbox=0.0244, loss_mask=0.2794, debug_mask_pos_rois=55.6463, debug_mask_logit_mean=0.4033, debug_mask_logit_std=3.0154, debug_mask_prob_mean=0.5031, debug_mask_prob_ge05=0.5216, debug_mask_target_fill=0.5034, loss_shape_prior=0.0147, schedule/det_weight=1.0000
2026-08-01 00:02:07,564 - portable_sam_fusion - INFO - Epoch 11 primary loss shares: det=24.66% final_mask=71.57% shape=3.77% p2_boundary=0.00%
2026-08-01 00:02:07,564 - portable_sam_fusion - INFO - Epoch 11 schedule: det_loss_weight=1.000 early_stop_start=1 min_delta=0.0005
2026-08-01 00:02:07,564 - portable_sam_fusion - INFO - Epoch 11 learning rates: sat_backbone=2.37e-05, mask_decoder=2.37e-05, shape_prior=2.37e-05, quality_head=2.37e-05, sat_other=2.37e-05
2026-08-01 00:04:49,760 - portable_sam_fusion - INFO - Validation samples: GT=15926, DT=15799, avg_masks_per_image=25.20, avg_mask_fill=0.0048
creating index...
index created!
Loading and preparing results...
DONE (t=0.02s)
creating index...
index created!
Running per image evaluation...
Evaluate annotation type *bbox*
DONE (t=10.16s).
Accumulating evaluation results...
DONE (t=0.15s).
 Average Precision  (AP) @[ IoU=0.50:0.95 | area=   all | maxDets=100 ] = 0.744
 Average Precision  (AP) @[ IoU=0.50      | area=   all | maxDets=100 ] = 0.890
 Average Precision  (AP) @[ IoU=0.75      | area=   all | maxDets=100 ] = 0.838
 Average Precision  (AP) @[ IoU=0.50:0.95 | area= small | maxDets=100 ] = 0.365
 Average Precision  (AP) @[ IoU=0.50:0.95 | area=medium | maxDets=100 ] = 0.776
 Average Precision  (AP) @[ IoU=0.50:0.95 | area= large | maxDets=100 ] = 0.856
 Average Recall     (AR) @[ IoU=0.50:0.95 | area=   all | maxDets=  1 ] = 0.028
 Average Recall     (AR) @[ IoU=0.50:0.95 | area=   all | maxDets= 10 ] = 0.202
 Average Recall     (AR) @[ IoU=0.50:0.95 | area=   all | maxDets=100 ] = 0.787
 Average Recall     (AR) @[ IoU=0.50:0.95 | area= small | maxDets=100 ] = 0.448
 Average Recall     (AR) @[ IoU=0.50:0.95 | area=medium | maxDets=100 ] = 0.824
 Average Recall     (AR) @[ IoU=0.50:0.95 | area= large | maxDets=100 ] = 0.896
2026-08-01 00:05:00,230 - portable_sam_fusion - INFO - Validation bbox/mAP: 0.7435 bbox/mAP_75: 0.8377
Running per image evaluation...
Evaluate annotation type *segm*
DONE (t=10.74s).
Accumulating evaluation results...
DONE (t=0.15s).
 Average Precision  (AP) @[ IoU=0.50:0.95 | area=   all | maxDets=100 ] = 0.512
 Average Precision  (AP) @[ IoU=0.50      | area=   all | maxDets=100 ] = 0.889
 Average Precision  (AP) @[ IoU=0.75      | area=   all | maxDets=100 ] = 0.572
 Average Precision  (AP) @[ IoU=0.50:0.95 | area= small | maxDets=100 ] = 0.292
 Average Precision  (AP) @[ IoU=0.50:0.95 | area=medium | maxDets=100 ] = 0.564
 Average Precision  (AP) @[ IoU=0.50:0.95 | area= large | maxDets=100 ] = 0.513
 Average Recall     (AR) @[ IoU=0.50:0.95 | area=   all | maxDets=  1 ] = 0.019
 Average Recall     (AR) @[ IoU=0.50:0.95 | area=   all | maxDets= 10 ] = 0.143
 Average Recall     (AR) @[ IoU=0.50:0.95 | area=   all | maxDets=100 ] = 0.578
 Average Recall     (AR) @[ IoU=0.50:0.95 | area= small | maxDets=100 ] = 0.363
 Average Recall     (AR) @[ IoU=0.50:0.95 | area=medium | maxDets=100 ] = 0.627
 Average Recall     (AR) @[ IoU=0.50:0.95 | area= large | maxDets=100 ] = 0.580
2026-08-01 00:05:11,153 - portable_sam_fusion - INFO - Validation segm/mAP: 0.5117
2026-08-01 00:05:11,702 - portable_sam_fusion - INFO - Early-stop metric (segm/mAP): raw=0.5117 smooth(5)=0.5066 best=0.5067 counter=1
2026-08-01 00:05:16,862 - portable_sam_fusion - INFO - Epoch 11/20 | train=0.390415 val=disabled segm/mAP=0.5117 bbox/mAP=0.7435 | best_segm=0.5119 best_bbox=0.7451 best_comp=0.0000 | sat_backbone=2.37e-05 mask_decoder=2.37e-05 shape_prior=2.37e-05 quality_head=2.37e-05 sat_other=2.37e-05
2026-08-01 00:05:39,748 - portable_sam_fusion - INFO - [DEBUG-BOX] epoch=12 step=3250 fallback_count=0 fallback_ratio=0 num_rois=28 refined_proposal_iou=0 refined_proposal_iou_sum=0 refined_valid_count=0
2026-08-01 00:05:39,748 - portable_sam_fusion - INFO - [DEBUG-COARSE] epoch=12 step=3250 bce_raw=0.08145 boundary_fn=273 boundary_fp=245 boundary_tp=1.028e+04 dice=0.03877 dice_loss_raw=0.03877 iou=0.9255 loss_weight=0.1 raw_boundary_fn=273 raw_boundary_fp=245 raw_boundary_tp=1.028e+04 raw_dice_score=0.9612 raw_iou=0.9255 weighted_loss=0.01202
2026-08-01 00:05:39,748 - portable_sam_fusion - INFO - [DEBUG-CONTEXT] epoch=12 step=3250 enabled=0
2026-08-01 00:05:39,748 - portable_sam_fusion - INFO - [DEBUG-JITTER] epoch=12 step=3250 area_ratio_count=28 area_ratio_mean=1 area_ratio_sum=28 fallback_count=0 mean_iou=1 num_jittered=0 num_rois=28
2026-08-01 00:05:39,748 - portable_sam_fusion - INFO - [DEBUG-SP] epoch=12 step=3250 all_invalid_count=0 all_invalid_ratio=0 empty_count=0 empty_ratio=0 full_count=0 full_ratio=0 mean_point_distance=12.61 n1_gt_valid_count=28 n1_in_gt_bg=1 n1_in_gt_bg_count=28 n1_valid_count=28 n1_valid_ratio=1 n2_gt_valid_count=28 n2_in_gt_bg=1 n2_in_gt_bg_count=28 n2_valid_count=28 n2_valid_ratio=1 neg_in_pred_bg=1 neg_in_pred_bg_count=56 negative_pair_count=28 negative_pair_distance_sum=553.6 p1_gt_valid_count=28 p1_in_gt_fg=1 p1_in_gt_fg_count=28 p1_valid_count=28 p1_valid_ratio=1 p2_gt_valid_count=28 p2_in_gt_fg=1 p2_in_gt_fg_count=28 p2_valid_count=28 p2_valid_ratio=1 point_distance_sum=706.1 point_overlap_count=0 point_overlap_ratio=0 point_pair_count=56 pos_in_pred_fg=1 pos_in_pred_fg_count=56 positive_pair_count=28 positive_pair_distance_sum=152.6 roi_count=28 valid_neg_count=56 valid_pos_count=56 warmup_stage=2
2026-08-01 00:06:44,711 - portable_sam_fusion - INFO - [DEBUG-BOX] epoch=12 step=3300 fallback_count=0 fallback_ratio=0 num_rois=64 refined_proposal_iou=0 refined_proposal_iou_sum=0 refined_valid_count=0
2026-08-01 00:06:44,711 - portable_sam_fusion - INFO - [DEBUG-COARSE] epoch=12 step=3300 bce_raw=0.1731 boundary_fn=2811 boundary_fp=2726 boundary_tp=2.559e+04 dice=0.08628 dice_loss_raw=0.08628 iou=0.8492 loss_weight=0.1 raw_boundary_fn=2811 raw_boundary_fp=2726 raw_boundary_tp=2.559e+04 raw_dice_score=0.9137 raw_iou=0.8492 weighted_loss=0.02593
2026-08-01 00:06:44,711 - portable_sam_fusion - INFO - [DEBUG-CONTEXT] epoch=12 step=3300 enabled=0
2026-08-01 00:06:44,711 - portable_sam_fusion - INFO - [DEBUG-JITTER] epoch=12 step=3300 area_ratio_count=64 area_ratio_mean=1 area_ratio_sum=64 fallback_count=0 mean_iou=1 num_jittered=0 num_rois=64
2026-08-01 00:06:44,711 - portable_sam_fusion - INFO - [DEBUG-SP] epoch=12 step=3300 all_invalid_count=0 all_invalid_ratio=0 empty_count=0 empty_ratio=0 full_count=0 full_ratio=0 mean_point_distance=29.17 n1_gt_valid_count=64 n1_in_gt_bg=0.8594 n1_in_gt_bg_count=55 n1_valid_count=64 n1_valid_ratio=1 n2_gt_valid_count=64 n2_in_gt_bg=1 n2_in_gt_bg_count=64 n2_valid_count=64 n2_valid_ratio=1 neg_in_pred_bg=1 neg_in_pred_bg_count=128 negative_pair_count=64 negative_pair_distance_sum=2706 p1_gt_valid_count=64 p1_in_gt_fg=1 p1_in_gt_fg_count=64 p1_valid_count=64 p1_valid_ratio=1 p2_gt_valid_count=64 p2_in_gt_fg=1 p2_in_gt_fg_count=64 p2_valid_count=64 p2_valid_ratio=1 point_distance_sum=3733 point_overlap_count=0 point_overlap_ratio=0 point_pair_count=128 pos_in_pred_fg=1 pos_in_pred_fg_count=128 positive_pair_count=64 positive_pair_distance_sum=1027 roi_count=64 valid_neg_count=128 valid_pos_count=128 warmup_stage=2
2026-08-01 00:07:51,272 - portable_sam_fusion - INFO - [DEBUG-BOX] epoch=12 step=3350 fallback_count=0 fallback_ratio=0 num_rois=64 refined_proposal_iou=0 refined_proposal_iou_sum=0 refined_valid_count=0
2026-08-01 00:07:51,273 - portable_sam_fusion - INFO - [DEBUG-COARSE] epoch=12 step=3350 bce_raw=0.1208 boundary_fn=1972 boundary_fp=2718 boundary_tp=2.202e+04 dice=0.05182 dice_loss_raw=0.05182 iou=0.9034 loss_weight=0.1 raw_boundary_fn=1972 raw_boundary_fp=2718 raw_boundary_tp=2.202e+04 raw_dice_score=0.9482 raw_iou=0.9034 weighted_loss=0.01726
2026-08-01 00:07:51,273 - portable_sam_fusion - INFO - [DEBUG-CONTEXT] epoch=12 step=3350 enabled=0
2026-08-01 00:07:51,273 - portable_sam_fusion - INFO - [DEBUG-JITTER] epoch=12 step=3350 area_ratio_count=64 area_ratio_mean=1 area_ratio_sum=64 fallback_count=0 mean_iou=1 num_jittered=0 num_rois=64
2026-08-01 00:07:51,273 - portable_sam_fusion - INFO - [DEBUG-SP] epoch=12 step=3350 all_invalid_count=0 all_invalid_ratio=0 empty_count=0 empty_ratio=0 full_count=0 full_ratio=0 mean_point_distance=23.47 n1_gt_valid_count=64 n1_in_gt_bg=0.7188 n1_in_gt_bg_count=46 n1_valid_count=64 n1_valid_ratio=1 n2_gt_valid_count=64 n2_in_gt_bg=1 n2_in_gt_bg_count=64 n2_valid_count=64 n2_valid_ratio=1 neg_in_pred_bg=1 neg_in_pred_bg_count=128 negative_pair_count=64 negative_pair_distance_sum=2158 p1_gt_valid_count=64 p1_in_gt_fg=1 p1_in_gt_fg_count=64 p1_valid_count=64 p1_valid_ratio=1 p2_gt_valid_count=64 p2_in_gt_fg=1 p2_in_gt_fg_count=64 p2_valid_count=64 p2_valid_ratio=1 point_distance_sum=3004 point_overlap_count=0 point_overlap_ratio=0 point_pair_count=128 pos_in_pred_fg=1 pos_in_pred_fg_count=128 positive_pair_count=64 positive_pair_distance_sum=846.1 roi_count=64 valid_neg_count=128 valid_pos_count=128 warmup_stage=2
2026-08-01 00:08:29,740 - portable_sam_fusion - INFO - epoch 12 | mini-batch 144/294 | optimizer_step 850/1480 | lr=2.162e-05
2026-08-01 00:08:57,986 - portable_sam_fusion - INFO - [DEBUG-BOX] epoch=12 step=3400 fallback_count=0 fallback_ratio=0 num_rois=64 refined_proposal_iou=0 refined_proposal_iou_sum=0 refined_valid_count=0
2026-08-01 00:08:57,986 - portable_sam_fusion - INFO - [DEBUG-COARSE] epoch=12 step=3400 bce_raw=0.1154 boundary_fn=1491 boundary_fp=1653 boundary_tp=2.363e+04 dice=0.0503 dice_loss_raw=0.0503 iou=0.9059 loss_weight=0.1 raw_boundary_fn=1491 raw_boundary_fp=1653 raw_boundary_tp=2.363e+04 raw_dice_score=0.9497 raw_iou=0.9059 weighted_loss=0.01657
2026-08-01 00:08:57,986 - portable_sam_fusion - INFO - [DEBUG-CONTEXT] epoch=12 step=3400 enabled=0
2026-08-01 00:08:57,986 - portable_sam_fusion - INFO - [DEBUG-JITTER] epoch=12 step=3400 area_ratio_count=64 area_ratio_mean=1 area_ratio_sum=64 fallback_count=0 mean_iou=1 num_jittered=0 num_rois=64
2026-08-01 00:08:57,986 - portable_sam_fusion - INFO - [DEBUG-SP] epoch=12 step=3400 all_invalid_count=0 all_invalid_ratio=0 empty_count=0 empty_ratio=0 full_count=0 full_ratio=0 mean_point_distance=38.47 n1_gt_valid_count=64 n1_in_gt_bg=0.875 n1_in_gt_bg_count=56 n1_valid_count=64 n1_valid_ratio=1 n2_gt_valid_count=64 n2_in_gt_bg=1 n2_in_gt_bg_count=64 n2_valid_count=64 n2_valid_ratio=1 neg_in_pred_bg=1 neg_in_pred_bg_count=128 negative_pair_count=64 negative_pair_distance_sum=3893 p1_gt_valid_count=64 p1_in_gt_fg=1 p1_in_gt_fg_count=64 p1_valid_count=64 p1_valid_ratio=1 p2_gt_valid_count=64 p2_in_gt_fg=1 p2_in_gt_fg_count=64 p2_valid_count=64 p2_valid_ratio=1 point_distance_sum=4924 point_overlap_count=0 point_overlap_ratio=0 point_pair_count=128 pos_in_pred_fg=1 pos_in_pred_fg_count=128 positive_pair_count=64 positive_pair_distance_sum=1031 roi_count=64 valid_neg_count=128 valid_pos_count=128 warmup_stage=2
2026-08-01 00:10:04,935 - portable_sam_fusion - INFO - [DEBUG-BOX] epoch=12 step=3450 fallback_count=0 fallback_ratio=0 num_rois=0 refined_proposal_iou=0 refined_proposal_iou_sum=0 refined_valid_count=0
2026-08-01 00:10:04,936 - portable_sam_fusion - INFO - [DEBUG-COARSE] epoch=12 step=3450 boundary_fn=0 boundary_fp=0 boundary_tp=0 dice=0 iou=0
2026-08-01 00:10:04,936 - portable_sam_fusion - INFO - [DEBUG-CONTEXT] epoch=12 step=3450 enabled=0
2026-08-01 00:10:04,936 - portable_sam_fusion - INFO - [DEBUG-JITTER] epoch=12 step=3450 area_ratio_count=0 area_ratio_mean=0 area_ratio_sum=0 fallback_count=0 mean_iou=0 num_jittered=0 num_rois=0
2026-08-01 00:10:04,936 - portable_sam_fusion - INFO - [DEBUG-SP] epoch=12 step=3450 all_invalid_count=0 all_invalid_ratio=0 empty_count=0 empty_ratio=0 full_count=3 full_ratio=0.04688 mean_point_distance=125.4 n1_gt_valid_count=61 n1_in_gt_bg=0.8033 n1_in_gt_bg_count=49 n1_valid_count=61 n1_valid_ratio=0.9531 n2_gt_valid_count=60 n2_in_gt_bg=1 n2_in_gt_bg_count=60 n2_valid_count=60 n2_valid_ratio=0.9375 neg_in_pred_bg=1 neg_in_pred_bg_count=121 negative_pair_count=60 negative_pair_distance_sum=1.14e+04 p1_gt_valid_count=64 p1_in_gt_fg=1 p1_in_gt_fg_count=64 p1_valid_count=64 p1_valid_ratio=1 p2_gt_valid_count=64 p2_in_gt_fg=1 p2_in_gt_fg_count=64 p2_valid_count=64 p2_valid_ratio=1 point_distance_sum=1.555e+04 point_overlap_count=0 point_overlap_ratio=0 point_pair_count=124 pos_in_pred_fg=1 pos_in_pred_fg_count=128 positive_pair_count=64 positive_pair_distance_sum=4153 roi_count=64 valid_neg_count=121 valid_pos_count=128 warmup_stage=2
2026-08-01 00:11:11,839 - portable_sam_fusion - INFO - [DEBUG-BOX] epoch=12 step=3500 fallback_count=0 fallback_ratio=0 num_rois=64 refined_proposal_iou=0 refined_proposal_iou_sum=0 refined_valid_count=0
2026-08-01 00:11:11,839 - portable_sam_fusion - INFO - [DEBUG-COARSE] epoch=12 step=3500 bce_raw=0.1504 boundary_fn=2503 boundary_fp=2175 boundary_tp=2.528e+04 dice=0.08025 dice_loss_raw=0.08025 iou=0.8546 loss_weight=0.1 raw_boundary_fn=2503 raw_boundary_fp=2175 raw_boundary_tp=2.528e+04 raw_dice_score=0.9198 raw_iou=0.8546 weighted_loss=0.02307
2026-08-01 00:11:11,839 - portable_sam_fusion - INFO - [DEBUG-CONTEXT] epoch=12 step=3500 enabled=0
2026-08-01 00:11:11,839 - portable_sam_fusion - INFO - [DEBUG-JITTER] epoch=12 step=3500 area_ratio_count=64 area_ratio_mean=1 area_ratio_sum=64 fallback_count=0 mean_iou=1 num_jittered=0 num_rois=64
2026-08-01 00:11:11,839 - portable_sam_fusion - INFO - [DEBUG-SP] epoch=12 step=3500 all_invalid_count=0 all_invalid_ratio=0 empty_count=0 empty_ratio=0 full_count=0 full_ratio=0 mean_point_distance=31.23 n1_gt_valid_count=64 n1_in_gt_bg=0.875 n1_in_gt_bg_count=56 n1_valid_count=64 n1_valid_ratio=1 n2_gt_valid_count=64 n2_in_gt_bg=0.9844 n2_in_gt_bg_count=63 n2_valid_count=64 n2_valid_ratio=1 neg_in_pred_bg=1 neg_in_pred_bg_count=128 negative_pair_count=64 negative_pair_distance_sum=2810 p1_gt_valid_count=64 p1_in_gt_fg=1 p1_in_gt_fg_count=64 p1_valid_count=64 p1_valid_ratio=1 p2_gt_valid_count=64 p2_in_gt_fg=1 p2_in_gt_fg_count=64 p2_valid_count=64 p2_valid_ratio=1 point_distance_sum=3997 point_overlap_count=0 point_overlap_ratio=0 point_pair_count=128 pos_in_pred_fg=1 pos_in_pred_fg_count=128 positive_pair_count=64 positive_pair_distance_sum=1187 roi_count=64 valid_neg_count=128 valid_pos_count=128 warmup_stage=2
2026-08-01 00:11:48,694 - portable_sam_fusion - INFO - Epoch 12 detailed losses: loss_rpn_cls=0.0009, loss_rpn_bbox=0.0014, loss_cls=0.0683, acc=97.4483, loss_bbox=0.0236, loss_mask=0.2859, debug_mask_pos_rois=56.3265, debug_mask_logit_mean=0.4070, debug_mask_logit_std=3.0512, debug_mask_prob_mean=0.5115, debug_mask_prob_ge05=0.5308, debug_mask_target_fill=0.5109, loss_shape_prior=0.0148, schedule/det_weight=1.0000
2026-08-01 00:11:48,694 - portable_sam_fusion - INFO - Epoch 12 primary loss shares: det=23.84% final_mask=72.41% shape=3.75% p2_boundary=0.00%
2026-08-01 00:11:48,694 - portable_sam_fusion - INFO - Epoch 12 schedule: det_loss_weight=1.000 early_stop_start=1 min_delta=0.0005
2026-08-01 00:11:48,694 - portable_sam_fusion - INFO - Epoch 12 learning rates: sat_backbone=1.95e-05, mask_decoder=1.95e-05, shape_prior=1.95e-05, quality_head=1.95e-05, sat_other=1.95e-05
2026-08-01 00:14:30,522 - portable_sam_fusion - INFO - Validation samples: GT=15926, DT=15600, avg_masks_per_image=24.88, avg_mask_fill=0.0048
creating index...
index created!
Loading and preparing results...
DONE (t=0.02s)
creating index...
index created!
Running per image evaluation...
Evaluate annotation type *bbox*
DONE (t=10.08s).
Accumulating evaluation results...
DONE (t=0.15s).
 Average Precision  (AP) @[ IoU=0.50:0.95 | area=   all | maxDets=100 ] = 0.746
 Average Precision  (AP) @[ IoU=0.50      | area=   all | maxDets=100 ] = 0.890
 Average Precision  (AP) @[ IoU=0.75      | area=   all | maxDets=100 ] = 0.840
 Average Precision  (AP) @[ IoU=0.50:0.95 | area= small | maxDets=100 ] = 0.362
 Average Precision  (AP) @[ IoU=0.50:0.95 | area=medium | maxDets=100 ] = 0.780
 Average Precision  (AP) @[ IoU=0.50:0.95 | area= large | maxDets=100 ] = 0.858
 Average Recall     (AR) @[ IoU=0.50:0.95 | area=   all | maxDets=  1 ] = 0.028
 Average Recall     (AR) @[ IoU=0.50:0.95 | area=   all | maxDets= 10 ] = 0.203
 Average Recall     (AR) @[ IoU=0.50:0.95 | area=   all | maxDets=100 ] = 0.787
 Average Recall     (AR) @[ IoU=0.50:0.95 | area= small | maxDets=100 ] = 0.440
 Average Recall     (AR) @[ IoU=0.50:0.95 | area=medium | maxDets=100 ] = 0.825
 Average Recall     (AR) @[ IoU=0.50:0.95 | area= large | maxDets=100 ] = 0.899
2026-08-01 00:14:40,931 - portable_sam_fusion - INFO - Validation bbox/mAP: 0.7457 bbox/mAP_75: 0.8397
Running per image evaluation...
Evaluate annotation type *segm*
DONE (t=10.63s).
Accumulating evaluation results...
DONE (t=0.15s).
 Average Precision  (AP) @[ IoU=0.50:0.95 | area=   all | maxDets=100 ] = 0.521
 Average Precision  (AP) @[ IoU=0.50      | area=   all | maxDets=100 ] = 0.890
 Average Precision  (AP) @[ IoU=0.75      | area=   all | maxDets=100 ] = 0.598
 Average Precision  (AP) @[ IoU=0.50:0.95 | area= small | maxDets=100 ] = 0.295
 Average Precision  (AP) @[ IoU=0.50:0.95 | area=medium | maxDets=100 ] = 0.576
 Average Precision  (AP) @[ IoU=0.50:0.95 | area= large | maxDets=100 ] = 0.525
 Average Recall     (AR) @[ IoU=0.50:0.95 | area=   all | maxDets=  1 ] = 0.020
 Average Recall     (AR) @[ IoU=0.50:0.95 | area=   all | maxDets= 10 ] = 0.146
 Average Recall     (AR) @[ IoU=0.50:0.95 | area=   all | maxDets=100 ] = 0.586
 Average Recall     (AR) @[ IoU=0.50:0.95 | area= small | maxDets=100 ] = 0.361
 Average Recall     (AR) @[ IoU=0.50:0.95 | area=medium | maxDets=100 ] = 0.637
 Average Recall     (AR) @[ IoU=0.50:0.95 | area= large | maxDets=100 ] = 0.590
2026-08-01 00:14:51,743 - portable_sam_fusion - INFO - Validation segm/mAP: 0.5212
2026-08-01 00:14:52,280 - portable_sam_fusion - INFO - New best segm/mAP: 0.5212
2026-08-01 00:14:52,280 - portable_sam_fusion - INFO - New best bbox/mAP: 0.7457
2026-08-01 00:14:52,280 - portable_sam_fusion - INFO - New best early-stop metric (segm/mAP): raw=0.5212 smooth(5)=0.5088
2026-08-01 00:14:54,755 - portable_sam_fusion - INFO - Saved best_model with segm/mAP: 0.5212
2026-08-01 00:14:57,363 - portable_sam_fusion - INFO - Saved best_bbox_model with bbox/mAP: 0.7457
2026-08-01 00:15:02,769 - portable_sam_fusion - INFO - Epoch 12/20 | train=0.394867 val=disabled segm/mAP=0.5212 bbox/mAP=0.7457 | best_segm=0.5212 best_bbox=0.7457 best_comp=0.0000 | sat_backbone=1.95e-05 mask_decoder=1.95e-05 shape_prior=1.95e-05 quality_head=1.95e-05 sat_other=1.95e-05
2026-08-01 00:15:34,602 - portable_sam_fusion - INFO - [DEBUG-BOX] epoch=13 step=3550 fallback_count=0 fallback_ratio=0 num_rois=64 refined_proposal_iou=0 refined_proposal_iou_sum=0 refined_valid_count=0
2026-08-01 00:15:34,602 - portable_sam_fusion - INFO - [DEBUG-COARSE] epoch=13 step=3550 bce_raw=0.1489 boundary_fn=2926 boundary_fp=2221 boundary_tp=2.441e+04 dice=0.07149 dice_loss_raw=0.07149 iou=0.8686 loss_weight=0.1 raw_boundary_fn=2926 raw_boundary_fp=2221 raw_boundary_tp=2.441e+04 raw_dice_score=0.9285 raw_iou=0.8686 weighted_loss=0.02204
2026-08-01 00:15:34,602 - portable_sam_fusion - INFO - [DEBUG-CONTEXT] epoch=13 step=3550 enabled=0
2026-08-01 00:15:34,602 - portable_sam_fusion - INFO - [DEBUG-JITTER] epoch=13 step=3550 area_ratio_count=64 area_ratio_mean=1 area_ratio_sum=64 fallback_count=0 mean_iou=1 num_jittered=0 num_rois=64
2026-08-01 00:15:34,602 - portable_sam_fusion - INFO - [DEBUG-SP] epoch=13 step=3550 all_invalid_count=0 all_invalid_ratio=0 empty_count=0 empty_ratio=0 full_count=0 full_ratio=0 mean_point_distance=34.38 n1_gt_valid_count=64 n1_in_gt_bg=0.9219 n1_in_gt_bg_count=59 n1_valid_count=64 n1_valid_ratio=1 n2_gt_valid_count=64 n2_in_gt_bg=1 n2_in_gt_bg_count=64 n2_valid_count=64 n2_valid_ratio=1 neg_in_pred_bg=1 neg_in_pred_bg_count=128 negative_pair_count=64 negative_pair_distance_sum=3451 p1_gt_valid_count=64 p1_in_gt_fg=1 p1_in_gt_fg_count=64 p1_valid_count=64 p1_valid_ratio=1 p2_gt_valid_count=64 p2_in_gt_fg=1 p2_in_gt_fg_count=64 p2_valid_count=64 p2_valid_ratio=1 point_distance_sum=4401 point_overlap_count=0 point_overlap_ratio=0 point_pair_count=128 pos_in_pred_fg=1 pos_in_pred_fg_count=128 positive_pair_count=64 positive_pair_distance_sum=950.5 roi_count=64 valid_neg_count=128 valid_pos_count=128 warmup_stage=2
2026-08-01 00:16:09,437 - portable_sam_fusion - INFO - epoch 13 | mini-batch 48/294 | optimizer_step 900/1480 | lr=1.884e-05
2026-08-01 00:16:42,493 - portable_sam_fusion - INFO - [DEBUG-BOX] epoch=13 step=3600 fallback_count=0 fallback_ratio=0 num_rois=64 refined_proposal_iou=0 refined_proposal_iou_sum=0 refined_valid_count=0
2026-08-01 00:16:42,493 - portable_sam_fusion - INFO - [DEBUG-COARSE] epoch=13 step=3600 bce_raw=0.1453 boundary_fn=2222 boundary_fp=2286 boundary_tp=2.404e+04 dice=0.06482 dice_loss_raw=0.06482 iou=0.8813 loss_weight=0.1 raw_boundary_fn=2222 raw_boundary_fp=2286 raw_boundary_tp=2.404e+04 raw_dice_score=0.9352 raw_iou=0.8813 weighted_loss=0.02101
2026-08-01 00:16:42,493 - portable_sam_fusion - INFO - [DEBUG-CONTEXT] epoch=13 step=3600 enabled=0
2026-08-01 00:16:42,493 - portable_sam_fusion - INFO - [DEBUG-JITTER] epoch=13 step=3600 area_ratio_count=64 area_ratio_mean=1 area_ratio_sum=64 fallback_count=0 mean_iou=1 num_jittered=0 num_rois=64
2026-08-01 00:16:42,494 - portable_sam_fusion - INFO - [DEBUG-SP] epoch=13 step=3600 all_invalid_count=0 all_invalid_ratio=0 empty_count=0 empty_ratio=0 full_count=0 full_ratio=0 mean_point_distance=22.33 n1_gt_valid_count=64 n1_in_gt_bg=0.7969 n1_in_gt_bg_count=51 n1_valid_count=64 n1_valid_ratio=1 n2_gt_valid_count=64 n2_in_gt_bg=1 n2_in_gt_bg_count=64 n2_valid_count=64 n2_valid_ratio=1 neg_in_pred_bg=1 neg_in_pred_bg_count=128 negative_pair_count=64 negative_pair_distance_sum=2160 p1_gt_valid_count=64 p1_in_gt_fg=1 p1_in_gt_fg_count=64 p1_valid_count=64 p1_valid_ratio=1 p2_gt_valid_count=64 p2_in_gt_fg=0.9844 p2_in_gt_fg_count=63 p2_valid_count=64 p2_valid_ratio=1 point_distance_sum=2858 point_overlap_count=0 point_overlap_ratio=0 point_pair_count=128 pos_in_pred_fg=1 pos_in_pred_fg_count=128 positive_pair_count=64 positive_pair_distance_sum=697.9 roi_count=64 valid_neg_count=128 valid_pos_count=128 warmup_stage=2
2026-08-01 00:17:51,978 - portable_sam_fusion - INFO - [DEBUG-BOX] epoch=13 step=3650 fallback_count=0 fallback_ratio=0 num_rois=64 refined_proposal_iou=0 refined_proposal_iou_sum=0 refined_valid_count=0
2026-08-01 00:17:51,978 - portable_sam_fusion - INFO - [DEBUG-COARSE] epoch=13 step=3650 bce_raw=0.1093 boundary_fn=1425 boundary_fp=1455 boundary_tp=2.71e+04 dice=0.06652 dice_loss_raw=0.06652 iou=0.8775 loss_weight=0.1 raw_boundary_fn=1425 raw_boundary_fp=1455 raw_boundary_tp=2.71e+04 raw_dice_score=0.9335 raw_iou=0.8775 weighted_loss=0.01758
2026-08-01 00:17:51,979 - portable_sam_fusion - INFO - [DEBUG-CONTEXT] epoch=13 step=3650 enabled=0
2026-08-01 00:17:51,979 - portable_sam_fusion - INFO - [DEBUG-JITTER] epoch=13 step=3650 area_ratio_count=64 area_ratio_mean=1 area_ratio_sum=64 fallback_count=0 mean_iou=1 num_jittered=0 num_rois=64
2026-08-01 00:17:51,979 - portable_sam_fusion - INFO - [DEBUG-SP] epoch=13 step=3650 all_invalid_count=0 all_invalid_ratio=0 empty_count=0 empty_ratio=0 full_count=0 full_ratio=0 mean_point_distance=32.64 n1_gt_valid_count=64 n1_in_gt_bg=0.8906 n1_in_gt_bg_count=57 n1_valid_count=64 n1_valid_ratio=1 n2_gt_valid_count=64 n2_in_gt_bg=1 n2_in_gt_bg_count=64 n2_valid_count=64 n2_valid_ratio=1 neg_in_pred_bg=1 neg_in_pred_bg_count=128 negative_pair_count=64 negative_pair_distance_sum=3092 p1_gt_valid_count=64 p1_in_gt_fg=1 p1_in_gt_fg_count=64 p1_valid_count=64 p1_valid_ratio=1 p2_gt_valid_count=64 p2_in_gt_fg=1 p2_in_gt_fg_count=64 p2_valid_count=64 p2_valid_ratio=1 point_distance_sum=4178 point_overlap_count=0 point_overlap_ratio=0 point_pair_count=128 pos_in_pred_fg=1 pos_in_pred_fg_count=128 positive_pair_count=64 positive_pair_distance_sum=1086 roi_count=64 valid_neg_count=128 valid_pos_count=128 warmup_stage=2
2026-08-01 00:18:53,684 - portable_sam_fusion - INFO - [DEBUG-BOX] epoch=13 step=3700 fallback_count=0 fallback_ratio=0 num_rois=0 refined_proposal_iou=0 refined_proposal_iou_sum=0 refined_valid_count=0
2026-08-01 00:18:53,684 - portable_sam_fusion - INFO - [DEBUG-COARSE] epoch=13 step=3700 boundary_fn=0 boundary_fp=0 boundary_tp=0 dice=0 iou=0
2026-08-01 00:18:53,684 - portable_sam_fusion - INFO - [DEBUG-CONTEXT] epoch=13 step=3700 enabled=0
2026-08-01 00:18:53,684 - portable_sam_fusion - INFO - [DEBUG-JITTER] epoch=13 step=3700 area_ratio_count=0 area_ratio_mean=0 area_ratio_sum=0 fallback_count=0 mean_iou=0 num_jittered=0 num_rois=0
2026-08-01 00:18:53,685 - portable_sam_fusion - INFO - [DEBUG-SP] epoch=13 step=3700 all_invalid_count=0 all_invalid_ratio=0 empty_count=0 empty_ratio=0 full_count=0 full_ratio=0 mean_point_distance=28.88 n1_gt_valid_count=64 n1_in_gt_bg=0.6875 n1_in_gt_bg_count=44 n1_valid_count=64 n1_valid_ratio=1 n2_gt_valid_count=64 n2_in_gt_bg=1 n2_in_gt_bg_count=64 n2_valid_count=64 n2_valid_ratio=1 neg_in_pred_bg=1 neg_in_pred_bg_count=128 negative_pair_count=64 negative_pair_distance_sum=2825 p1_gt_valid_count=64 p1_in_gt_fg=1 p1_in_gt_fg_count=64 p1_valid_count=64 p1_valid_ratio=1 p2_gt_valid_count=64 p2_in_gt_fg=1 p2_in_gt_fg_count=64 p2_valid_count=64 p2_valid_ratio=1 point_distance_sum=3697 point_overlap_count=0 point_overlap_ratio=0 point_pair_count=128 pos_in_pred_fg=1 pos_in_pred_fg_count=128 positive_pair_count=64 positive_pair_distance_sum=871.8 roi_count=64 valid_neg_count=128 valid_pos_count=128 warmup_stage=2
2026-08-01 00:20:02,201 - portable_sam_fusion - INFO - [DEBUG-BOX] epoch=13 step=3750 fallback_count=0 fallback_ratio=0 num_rois=64 refined_proposal_iou=0 refined_proposal_iou_sum=0 refined_valid_count=0
2026-08-01 00:20:02,201 - portable_sam_fusion - INFO - [DEBUG-COARSE] epoch=13 step=3750 bce_raw=0.156 boundary_fn=2348 boundary_fp=1995 boundary_tp=2.537e+04 dice=0.07162 dice_loss_raw=0.07162 iou=0.8685 loss_weight=0.1 raw_boundary_fn=2348 raw_boundary_fp=1995 raw_boundary_tp=2.537e+04 raw_dice_score=0.9284 raw_iou=0.8685 weighted_loss=0.02276
2026-08-01 00:20:02,202 - portable_sam_fusion - INFO - [DEBUG-CONTEXT] epoch=13 step=3750 enabled=0
2026-08-01 00:20:02,202 - portable_sam_fusion - INFO - [DEBUG-JITTER] epoch=13 step=3750 area_ratio_count=64 area_ratio_mean=1 area_ratio_sum=64 fallback_count=0 mean_iou=1 num_jittered=0 num_rois=64
2026-08-01 00:20:02,202 - portable_sam_fusion - INFO - [DEBUG-SP] epoch=13 step=3750 all_invalid_count=0 all_invalid_ratio=0 empty_count=0 empty_ratio=0 full_count=0 full_ratio=0 mean_point_distance=29.25 n1_gt_valid_count=64 n1_in_gt_bg=0.6875 n1_in_gt_bg_count=44 n1_valid_count=64 n1_valid_ratio=1 n2_gt_valid_count=64 n2_in_gt_bg=0.9844 n2_in_gt_bg_count=63 n2_valid_count=64 n2_valid_ratio=1 neg_in_pred_bg=1 neg_in_pred_bg_count=128 negative_pair_count=64 negative_pair_distance_sum=2788 p1_gt_valid_count=64 p1_in_gt_fg=1 p1_in_gt_fg_count=64 p1_valid_count=64 p1_valid_ratio=1 p2_gt_valid_count=64 p2_in_gt_fg=1 p2_in_gt_fg_count=64 p2_valid_count=64 p2_valid_ratio=1 point_distance_sum=3744 point_overlap_count=0 point_overlap_ratio=0 point_pair_count=128 pos_in_pred_fg=1 pos_in_pred_fg_count=128 positive_pair_count=64 positive_pair_distance_sum=956.5 roi_count=64 valid_neg_count=128 valid_pos_count=128 warmup_stage=2
2026-08-01 00:20:36,968 - portable_sam_fusion - INFO - epoch 13 | mini-batch 248/294 | optimizer_step 950/1480 | lr=1.613e-05
2026-08-01 00:21:09,108 - portable_sam_fusion - INFO - [DEBUG-BOX] epoch=13 step=3800 fallback_count=0 fallback_ratio=0 num_rois=64 refined_proposal_iou=0 refined_proposal_iou_sum=0 refined_valid_count=0
2026-08-01 00:21:09,108 - portable_sam_fusion - INFO - [DEBUG-COARSE] epoch=13 step=3800 bce_raw=0.05792 boundary_fn=179 boundary_fp=327 boundary_tp=2.234e+04 dice=0.02878 dice_loss_raw=0.02878 iou=0.9444 loss_weight=0.1 raw_boundary_fn=179 raw_boundary_fp=327 raw_boundary_tp=2.234e+04 raw_dice_score=0.9712 raw_iou=0.9444 weighted_loss=0.008669
2026-08-01 00:21:09,108 - portable_sam_fusion - INFO - [DEBUG-CONTEXT] epoch=13 step=3800 enabled=0
2026-08-01 00:21:09,108 - portable_sam_fusion - INFO - [DEBUG-JITTER] epoch=13 step=3800 area_ratio_count=64 area_ratio_mean=1 area_ratio_sum=64 fallback_count=0 mean_iou=1 num_jittered=0 num_rois=64
2026-08-01 00:21:09,108 - portable_sam_fusion - INFO - [DEBUG-SP] epoch=13 step=3800 all_invalid_count=0 all_invalid_ratio=0 empty_count=0 empty_ratio=0 full_count=0 full_ratio=0 mean_point_distance=28.65 n1_gt_valid_count=64 n1_in_gt_bg=0.9375 n1_in_gt_bg_count=60 n1_valid_count=64 n1_valid_ratio=1 n2_gt_valid_count=64 n2_in_gt_bg=0.9688 n2_in_gt_bg_count=62 n2_valid_count=64 n2_valid_ratio=1 neg_in_pred_bg=1 neg_in_pred_bg_count=128 negative_pair_count=64 negative_pair_distance_sum=2390 p1_gt_valid_count=64 p1_in_gt_fg=1 p1_in_gt_fg_count=64 p1_valid_count=64 p1_valid_ratio=1 p2_gt_valid_count=64 p2_in_gt_fg=1 p2_in_gt_fg_count=64 p2_valid_count=64 p2_valid_ratio=1 point_distance_sum=3667 point_overlap_count=0 point_overlap_ratio=0 point_pair_count=128 pos_in_pred_fg=1 pos_in_pred_fg_count=128 positive_pair_count=64 positive_pair_distance_sum=1277 roi_count=64 valid_neg_count=128 valid_pos_count=128 warmup_stage=2
2026-08-01 00:21:37,188 - portable_sam_fusion - INFO - Epoch 13 detailed losses: loss_rpn_cls=0.0021, loss_rpn_bbox=0.0015, loss_cls=0.0696, acc=97.4333, loss_bbox=0.0245, loss_mask=0.2904, schedule/det_weight=1.0000, debug_mask_pos_rois=57.6735, debug_mask_logit_mean=0.4154, debug_mask_logit_std=3.2134, debug_mask_prob_mean=0.5259, debug_mask_prob_ge05=0.5451, debug_mask_target_fill=0.5255, loss_shape_prior=0.0152
2026-08-01 00:21:37,189 - portable_sam_fusion - INFO - Epoch 13 primary loss shares: det=24.21% final_mask=72.01% shape=3.78% p2_boundary=0.00%
2026-08-01 00:21:37,189 - portable_sam_fusion - INFO - Epoch 13 schedule: det_loss_weight=1.000 early_stop_start=1 min_delta=0.0005
2026-08-01 00:21:37,189 - portable_sam_fusion - INFO - Epoch 13 learning rates: sat_backbone=1.55e-05, mask_decoder=1.55e-05, shape_prior=1.55e-05, quality_head=1.55e-05, sat_other=1.55e-05
2026-08-01 00:24:17,377 - portable_sam_fusion - INFO - Validation samples: GT=15926, DT=15562, avg_masks_per_image=24.82, avg_mask_fill=0.0048
creating index...
index created!
Loading and preparing results...
DONE (t=0.02s)
creating index...
index created!
Running per image evaluation...
Evaluate annotation type *bbox*
DONE (t=10.33s).
Accumulating evaluation results...
DONE (t=0.15s).
 Average Precision  (AP) @[ IoU=0.50:0.95 | area=   all | maxDets=100 ] = 0.744
 Average Precision  (AP) @[ IoU=0.50      | area=   all | maxDets=100 ] = 0.891
 Average Precision  (AP) @[ IoU=0.75      | area=   all | maxDets=100 ] = 0.840
 Average Precision  (AP) @[ IoU=0.50:0.95 | area= small | maxDets=100 ] = 0.364
 Average Precision  (AP) @[ IoU=0.50:0.95 | area=medium | maxDets=100 ] = 0.778
 Average Precision  (AP) @[ IoU=0.50:0.95 | area= large | maxDets=100 ] = 0.858
 Average Recall     (AR) @[ IoU=0.50:0.95 | area=   all | maxDets=  1 ] = 0.028
 Average Recall     (AR) @[ IoU=0.50:0.95 | area=   all | maxDets= 10 ] = 0.202
 Average Recall     (AR) @[ IoU=0.50:0.95 | area=   all | maxDets=100 ] = 0.786
 Average Recall     (AR) @[ IoU=0.50:0.95 | area= small | maxDets=100 ] = 0.440
 Average Recall     (AR) @[ IoU=0.50:0.95 | area=medium | maxDets=100 ] = 0.823
 Average Recall     (AR) @[ IoU=0.50:0.95 | area= large | maxDets=100 ] = 0.898
2026-08-01 00:24:28,068 - portable_sam_fusion - INFO - Validation bbox/mAP: 0.7438 bbox/mAP_75: 0.8401
Running per image evaluation...
Evaluate annotation type *segm*
DONE (t=10.72s).
Accumulating evaluation results...
DONE (t=0.16s).
 Average Precision  (AP) @[ IoU=0.50:0.95 | area=   all | maxDets=100 ] = 0.514
 Average Precision  (AP) @[ IoU=0.50      | area=   all | maxDets=100 ] = 0.890
 Average Precision  (AP) @[ IoU=0.75      | area=   all | maxDets=100 ] = 0.581
 Average Precision  (AP) @[ IoU=0.50:0.95 | area= small | maxDets=100 ] = 0.293
 Average Precision  (AP) @[ IoU=0.50:0.95 | area=medium | maxDets=100 ] = 0.569
 Average Precision  (AP) @[ IoU=0.50:0.95 | area= large | maxDets=100 ] = 0.516
 Average Recall     (AR) @[ IoU=0.50:0.95 | area=   all | maxDets=  1 ] = 0.020
 Average Recall     (AR) @[ IoU=0.50:0.95 | area=   all | maxDets= 10 ] = 0.143
 Average Recall     (AR) @[ IoU=0.50:0.95 | area=   all | maxDets=100 ] = 0.580
 Average Recall     (AR) @[ IoU=0.50:0.95 | area= small | maxDets=100 ] = 0.359
 Average Recall     (AR) @[ IoU=0.50:0.95 | area=medium | maxDets=100 ] = 0.630
 Average Recall     (AR) @[ IoU=0.50:0.95 | area= large | maxDets=100 ] = 0.584
2026-08-01 00:24:38,974 - portable_sam_fusion - INFO - Validation segm/mAP: 0.5143
2026-08-01 00:24:39,687 - portable_sam_fusion - INFO - New best early-stop metric (segm/mAP): raw=0.5143 smooth(5)=0.5102
2026-08-01 00:24:44,758 - portable_sam_fusion - INFO - Epoch 13/20 | train=0.403263 val=disabled segm/mAP=0.5143 bbox/mAP=0.7438 | best_segm=0.5212 best_bbox=0.7457 best_comp=0.0000 | sat_backbone=1.55e-05 mask_decoder=1.55e-05 shape_prior=1.55e-05 quality_head=1.55e-05 sat_other=1.55e-05
2026-08-01 00:25:22,067 - portable_sam_fusion - INFO - [DEBUG-BOX] epoch=14 step=3850 fallback_count=0 fallback_ratio=0 num_rois=64 refined_proposal_iou=0 refined_proposal_iou_sum=0 refined_valid_count=0
2026-08-01 00:25:22,068 - portable_sam_fusion - INFO - [DEBUG-COARSE] epoch=14 step=3850 bce_raw=0.0445 boundary_fn=38 boundary_fp=51 boundary_tp=2.297e+04 dice=0.02196 dice_loss_raw=0.02196 iou=0.9571 loss_weight=0.1 raw_boundary_fn=38 raw_boundary_fp=51 raw_boundary_tp=2.297e+04 raw_dice_score=0.978 raw_iou=0.9571 weighted_loss=0.006646
2026-08-01 00:25:22,068 - portable_sam_fusion - INFO - [DEBUG-CONTEXT] epoch=14 step=3850 enabled=0
2026-08-01 00:25:22,068 - portable_sam_fusion - INFO - [DEBUG-JITTER] epoch=14 step=3850 area_ratio_count=64 area_ratio_mean=1 area_ratio_sum=64 fallback_count=0 mean_iou=1 num_jittered=0 num_rois=64
2026-08-01 00:25:22,068 - portable_sam_fusion - INFO - [DEBUG-SP] epoch=14 step=3850 all_invalid_count=0 all_invalid_ratio=0 empty_count=0 empty_ratio=0 full_count=0 full_ratio=0 mean_point_distance=24.29 n1_gt_valid_count=64 n1_in_gt_bg=0.9375 n1_in_gt_bg_count=60 n1_valid_count=64 n1_valid_ratio=1 n2_gt_valid_count=64 n2_in_gt_bg=1 n2_in_gt_bg_count=64 n2_valid_count=64 n2_valid_ratio=1 neg_in_pred_bg=1 neg_in_pred_bg_count=128 negative_pair_count=64 negative_pair_distance_sum=2248 p1_gt_valid_count=64 p1_in_gt_fg=1 p1_in_gt_fg_count=64 p1_valid_count=64 p1_valid_ratio=1 p2_gt_valid_count=64 p2_in_gt_fg=1 p2_in_gt_fg_count=64 p2_valid_count=64 p2_valid_ratio=1 point_distance_sum=3109 point_overlap_count=0 point_overlap_ratio=0 point_pair_count=128 pos_in_pred_fg=1 pos_in_pred_fg_count=128 positive_pair_count=64 positive_pair_distance_sum=861.5 roi_count=64 valid_neg_count=128 valid_pos_count=128 warmup_stage=2
2026-08-01 00:26:27,272 - portable_sam_fusion - INFO - [DEBUG-BOX] epoch=14 step=3900 fallback_count=0 fallback_ratio=0 num_rois=64 refined_proposal_iou=0 refined_proposal_iou_sum=0 refined_valid_count=0
2026-08-01 00:26:27,272 - portable_sam_fusion - INFO - [DEBUG-COARSE] epoch=14 step=3900 bce_raw=0.137 boundary_fn=2149 boundary_fp=2006 boundary_tp=2.492e+04 dice=0.05977 dice_loss_raw=0.05977 iou=0.8893 loss_weight=0.1 raw_boundary_fn=2149 raw_boundary_fp=2006 raw_boundary_tp=2.492e+04 raw_dice_score=0.9402 raw_iou=0.8893 weighted_loss=0.01968
2026-08-01 00:26:27,272 - portable_sam_fusion - INFO - [DEBUG-CONTEXT] epoch=14 step=3900 enabled=0
2026-08-01 00:26:27,273 - portable_sam_fusion - INFO - [DEBUG-JITTER] epoch=14 step=3900 area_ratio_count=64 area_ratio_mean=1 area_ratio_sum=64 fallback_count=0 mean_iou=1 num_jittered=0 num_rois=64
2026-08-01 00:26:27,273 - portable_sam_fusion - INFO - [DEBUG-SP] epoch=14 step=3900 all_invalid_count=0 all_invalid_ratio=0 empty_count=0 empty_ratio=0 full_count=0 full_ratio=0 mean_point_distance=30.39 n1_gt_valid_count=64 n1_in_gt_bg=0.9688 n1_in_gt_bg_count=62 n1_valid_count=64 n1_valid_ratio=1 n2_gt_valid_count=64 n2_in_gt_bg=0.9688 n2_in_gt_bg_count=62 n2_valid_count=64 n2_valid_ratio=1 neg_in_pred_bg=1 neg_in_pred_bg_count=128 negative_pair_count=64 negative_pair_distance_sum=2987 p1_gt_valid_count=64 p1_in_gt_fg=1 p1_in_gt_fg_count=64 p1_valid_count=64 p1_valid_ratio=1 p2_gt_valid_count=64 p2_in_gt_fg=1 p2_in_gt_fg_count=64 p2_valid_count=64 p2_valid_ratio=1 point_distance_sum=3890 point_overlap_count=0 point_overlap_ratio=0 point_pair_count=128 pos_in_pred_fg=1 pos_in_pred_fg_count=128 positive_pair_count=64 positive_pair_distance_sum=902.4 roi_count=64 valid_neg_count=128 valid_pos_count=128 warmup_stage=2
2026-08-01 00:27:33,027 - portable_sam_fusion - INFO - [DEBUG-BOX] epoch=14 step=3950 fallback_count=0 fallback_ratio=0 num_rois=64 refined_proposal_iou=0 refined_proposal_iou_sum=0 refined_valid_count=0
2026-08-01 00:27:33,027 - portable_sam_fusion - INFO - [DEBUG-COARSE] epoch=14 step=3950 bce_raw=0.08041 boundary_fn=598 boundary_fp=762 boundary_tp=2.463e+04 dice=0.04018 dice_loss_raw=0.04018 iou=0.9232 loss_weight=0.1 raw_boundary_fn=598 raw_boundary_fp=762 raw_boundary_tp=2.463e+04 raw_dice_score=0.9598 raw_iou=0.9232 weighted_loss=0.01206
2026-08-01 00:27:33,027 - portable_sam_fusion - INFO - [DEBUG-CONTEXT] epoch=14 step=3950 enabled=0
2026-08-01 00:27:33,027 - portable_sam_fusion - INFO - [DEBUG-JITTER] epoch=14 step=3950 area_ratio_count=64 area_ratio_mean=1 area_ratio_sum=64 fallback_count=0 mean_iou=1 num_jittered=0 num_rois=64
2026-08-01 00:27:33,027 - portable_sam_fusion - INFO - [DEBUG-SP] epoch=14 step=3950 all_invalid_count=0 all_invalid_ratio=0 empty_count=0 empty_ratio=0 full_count=0 full_ratio=0 mean_point_distance=39.13 n1_gt_valid_count=64 n1_in_gt_bg=0.8438 n1_in_gt_bg_count=54 n1_valid_count=64 n1_valid_ratio=1 n2_gt_valid_count=64 n2_in_gt_bg=1 n2_in_gt_bg_count=64 n2_valid_count=64 n2_valid_ratio=1 neg_in_pred_bg=1 neg_in_pred_bg_count=128 negative_pair_count=64 negative_pair_distance_sum=3779 p1_gt_valid_count=64 p1_in_gt_fg=1 p1_in_gt_fg_count=64 p1_valid_count=64 p1_valid_ratio=1 p2_gt_valid_count=64 p2_in_gt_fg=1 p2_in_gt_fg_count=64 p2_valid_count=64 p2_valid_ratio=1 point_distance_sum=5009 point_overlap_count=0 point_overlap_ratio=0 point_pair_count=128 pos_in_pred_fg=1 pos_in_pred_fg_count=128 positive_pair_count=64 positive_pair_distance_sum=1230 roi_count=64 valid_neg_count=128 valid_pos_count=128 warmup_stage=2
2026-08-01 00:28:04,283 - portable_sam_fusion - INFO - epoch 14 | mini-batch 152/294 | optimizer_step 1000/1480 | lr=1.353e-05
2026-08-01 00:28:37,172 - portable_sam_fusion - INFO - [DEBUG-BOX] epoch=14 step=4000 fallback_count=0 fallback_ratio=0 num_rois=64 refined_proposal_iou=0 refined_proposal_iou_sum=0 refined_valid_count=0
2026-08-01 00:28:37,172 - portable_sam_fusion - INFO - [DEBUG-COARSE] epoch=14 step=4000 bce_raw=0.09447 boundary_fn=966 boundary_fp=823 boundary_tp=2.738e+04 dice=0.05298 dice_loss_raw=0.05298 iou=0.9004 loss_weight=0.1 raw_boundary_fn=966 raw_boundary_fp=823 raw_boundary_tp=2.738e+04 raw_dice_score=0.947 raw_iou=0.9004 weighted_loss=0.01474
2026-08-01 00:28:37,172 - portable_sam_fusion - INFO - [DEBUG-CONTEXT] epoch=14 step=4000 enabled=0
2026-08-01 00:28:37,172 - portable_sam_fusion - INFO - [DEBUG-JITTER] epoch=14 step=4000 area_ratio_count=64 area_ratio_mean=1 area_ratio_sum=64 fallback_count=0 mean_iou=1 num_jittered=0 num_rois=64
2026-08-01 00:28:37,172 - portable_sam_fusion - INFO - [DEBUG-SP] epoch=14 step=4000 all_invalid_count=0 all_invalid_ratio=0 empty_count=0 empty_ratio=0 full_count=0 full_ratio=0 mean_point_distance=34.72 n1_gt_valid_count=64 n1_in_gt_bg=0.9531 n1_in_gt_bg_count=61 n1_valid_count=64 n1_valid_ratio=1 n2_gt_valid_count=64 n2_in_gt_bg=1 n2_in_gt_bg_count=64 n2_valid_count=64 n2_valid_ratio=1 neg_in_pred_bg=1 neg_in_pred_bg_count=128 negative_pair_count=64 negative_pair_distance_sum=3209 p1_gt_valid_count=64 p1_in_gt_fg=1 p1_in_gt_fg_count=64 p1_valid_count=64 p1_valid_ratio=1 p2_gt_valid_count=64 p2_in_gt_fg=1 p2_in_gt_fg_count=64 p2_valid_count=64 p2_valid_ratio=1 point_distance_sum=4444 point_overlap_count=0 point_overlap_ratio=0 point_pair_count=128 pos_in_pred_fg=1 pos_in_pred_fg_count=128 positive_pair_count=64 positive_pair_distance_sum=1235 roi_count=64 valid_neg_count=128 valid_pos_count=128 warmup_stage=2
2026-08-01 00:29:44,693 - portable_sam_fusion - INFO - [DEBUG-BOX] epoch=14 step=4050 fallback_count=0 fallback_ratio=0 num_rois=64 refined_proposal_iou=0 refined_proposal_iou_sum=0 refined_valid_count=0
2026-08-01 00:29:44,693 - portable_sam_fusion - INFO - [DEBUG-COARSE] epoch=14 step=4050 bce_raw=0.08262 boundary_fn=831 boundary_fp=661 boundary_tp=2.592e+04 dice=0.05361 dice_loss_raw=0.05361 iou=0.8995 loss_weight=0.1 raw_boundary_fn=831 raw_boundary_fp=661 raw_boundary_tp=2.592e+04 raw_dice_score=0.9464 raw_iou=0.8995 weighted_loss=0.01362
2026-08-01 00:29:44,693 - portable_sam_fusion - INFO - [DEBUG-CONTEXT] epoch=14 step=4050 enabled=0
2026-08-01 00:29:44,694 - portable_sam_fusion - INFO - [DEBUG-JITTER] epoch=14 step=4050 area_ratio_count=64 area_ratio_mean=1 area_ratio_sum=64 fallback_count=0 mean_iou=1 num_jittered=0 num_rois=64
2026-08-01 00:29:44,694 - portable_sam_fusion - INFO - [DEBUG-SP] epoch=14 step=4050 all_invalid_count=0 all_invalid_ratio=0 empty_count=0 empty_ratio=0 full_count=0 full_ratio=0 mean_point_distance=39.94 n1_gt_valid_count=64 n1_in_gt_bg=0.9688 n1_in_gt_bg_count=62 n1_valid_count=64 n1_valid_ratio=1 n2_gt_valid_count=64 n2_in_gt_bg=1 n2_in_gt_bg_count=64 n2_valid_count=64 n2_valid_ratio=1 neg_in_pred_bg=1 neg_in_pred_bg_count=128 negative_pair_count=64 negative_pair_distance_sum=3422 p1_gt_valid_count=64 p1_in_gt_fg=1 p1_in_gt_fg_count=64 p1_valid_count=64 p1_valid_ratio=1 p2_gt_valid_count=64 p2_in_gt_fg=1 p2_in_gt_fg_count=64 p2_valid_count=64 p2_valid_ratio=1 point_distance_sum=5112 point_overlap_count=0 point_overlap_ratio=0 point_pair_count=128 pos_in_pred_fg=1 pos_in_pred_fg_count=128 positive_pair_count=64 positive_pair_distance_sum=1690 roi_count=64 valid_neg_count=128 valid_pos_count=128 warmup_stage=2
2026-08-01 00:30:53,648 - portable_sam_fusion - INFO - [DEBUG-BOX] epoch=14 step=4100 fallback_count=0 fallback_ratio=0 num_rois=0 refined_proposal_iou=0 refined_proposal_iou_sum=0 refined_valid_count=0
2026-08-01 00:30:53,648 - portable_sam_fusion - INFO - [DEBUG-COARSE] epoch=14 step=4100 boundary_fn=0 boundary_fp=0 boundary_tp=0 dice=0 iou=0
2026-08-01 00:30:53,648 - portable_sam_fusion - INFO - [DEBUG-CONTEXT] epoch=14 step=4100 enabled=0
2026-08-01 00:30:53,648 - portable_sam_fusion - INFO - [DEBUG-JITTER] epoch=14 step=4100 area_ratio_count=0 area_ratio_mean=0 area_ratio_sum=0 fallback_count=0 mean_iou=0 num_jittered=0 num_rois=0
2026-08-01 00:30:53,648 - portable_sam_fusion - INFO - [DEBUG-SP] epoch=14 step=4100 all_invalid_count=0 all_invalid_ratio=0 empty_count=0 empty_ratio=0 full_count=0 full_ratio=0 mean_point_distance=26.19 n1_gt_valid_count=64 n1_in_gt_bg=0.9375 n1_in_gt_bg_count=60 n1_valid_count=64 n1_valid_ratio=1 n2_gt_valid_count=64 n2_in_gt_bg=1 n2_in_gt_bg_count=64 n2_valid_count=64 n2_valid_ratio=1 neg_in_pred_bg=1 neg_in_pred_bg_count=128 negative_pair_count=64 negative_pair_distance_sum=2362 p1_gt_valid_count=64 p1_in_gt_fg=1 p1_in_gt_fg_count=64 p1_valid_count=64 p1_valid_ratio=1 p2_gt_valid_count=64 p2_in_gt_fg=1 p2_in_gt_fg_count=64 p2_valid_count=64 p2_valid_ratio=1 point_distance_sum=3352 point_overlap_count=0 point_overlap_ratio=0 point_pair_count=128 pos_in_pred_fg=1 pos_in_pred_fg_count=128 positive_pair_count=64 positive_pair_distance_sum=990.4 roi_count=64 valid_neg_count=128 valid_pos_count=128 warmup_stage=2
2026-08-01 00:31:13,424 - portable_sam_fusion - INFO - Epoch 14 detailed losses: loss_rpn_cls=0.0016, loss_rpn_bbox=0.0013, loss_cls=0.0656, acc=97.6305, loss_bbox=0.0231, loss_mask=0.2824, debug_mask_pos_rois=55.8231, debug_mask_logit_mean=0.2813, debug_mask_logit_std=3.1174, debug_mask_prob_mean=0.4952, debug_mask_prob_ge05=0.5129, debug_mask_target_fill=0.4952, loss_shape_prior=0.0146, schedule/det_weight=1.0000
2026-08-01 00:31:13,424 - portable_sam_fusion - INFO - Epoch 14 primary loss shares: det=23.57% final_mask=72.67% shape=3.76% p2_boundary=0.00%
2026-08-01 00:31:13,424 - portable_sam_fusion - INFO - Epoch 14 schedule: det_loss_weight=1.000 early_stop_start=1 min_delta=0.0005
2026-08-01 00:31:13,424 - portable_sam_fusion - INFO - Epoch 14 learning rates: sat_backbone=1.18e-05, mask_decoder=1.18e-05, shape_prior=1.18e-05, quality_head=1.18e-05, sat_other=1.18e-05
2026-08-01 00:33:59,443 - portable_sam_fusion - INFO - Validation samples: GT=15926, DT=15612, avg_masks_per_image=24.90, avg_mask_fill=0.0048
creating index...
index created!
Loading and preparing results...
DONE (t=0.02s)
creating index...
index created!
Running per image evaluation...
Evaluate annotation type *bbox*
DONE (t=10.09s).
Accumulating evaluation results...
DONE (t=0.14s).
 Average Precision  (AP) @[ IoU=0.50:0.95 | area=   all | maxDets=100 ] = 0.746
 Average Precision  (AP) @[ IoU=0.50      | area=   all | maxDets=100 ] = 0.891
 Average Precision  (AP) @[ IoU=0.75      | area=   all | maxDets=100 ] = 0.839
 Average Precision  (AP) @[ IoU=0.50:0.95 | area= small | maxDets=100 ] = 0.363
 Average Precision  (AP) @[ IoU=0.50:0.95 | area=medium | maxDets=100 ] = 0.780
 Average Precision  (AP) @[ IoU=0.50:0.95 | area= large | maxDets=100 ] = 0.858
 Average Recall     (AR) @[ IoU=0.50:0.95 | area=   all | maxDets=  1 ] = 0.027
 Average Recall     (AR) @[ IoU=0.50:0.95 | area=   all | maxDets= 10 ] = 0.202
 Average Recall     (AR) @[ IoU=0.50:0.95 | area=   all | maxDets=100 ] = 0.787
 Average Recall     (AR) @[ IoU=0.50:0.95 | area= small | maxDets=100 ] = 0.440
 Average Recall     (AR) @[ IoU=0.50:0.95 | area=medium | maxDets=100 ] = 0.825
 Average Recall     (AR) @[ IoU=0.50:0.95 | area= large | maxDets=100 ] = 0.898
2026-08-01 00:34:09,841 - portable_sam_fusion - INFO - Validation bbox/mAP: 0.7462 bbox/mAP_75: 0.8392
Running per image evaluation...
Evaluate annotation type *segm*
DONE (t=10.65s).
Accumulating evaluation results...
DONE (t=0.14s).
 Average Precision  (AP) @[ IoU=0.50:0.95 | area=   all | maxDets=100 ] = 0.515
 Average Precision  (AP) @[ IoU=0.50      | area=   all | maxDets=100 ] = 0.890
 Average Precision  (AP) @[ IoU=0.75      | area=   all | maxDets=100 ] = 0.583
 Average Precision  (AP) @[ IoU=0.50:0.95 | area= small | maxDets=100 ] = 0.292
 Average Precision  (AP) @[ IoU=0.50:0.95 | area=medium | maxDets=100 ] = 0.567
 Average Precision  (AP) @[ IoU=0.50:0.95 | area= large | maxDets=100 ] = 0.521
 Average Recall     (AR) @[ IoU=0.50:0.95 | area=   all | maxDets=  1 ] = 0.019
 Average Recall     (AR) @[ IoU=0.50:0.95 | area=   all | maxDets= 10 ] = 0.143
 Average Recall     (AR) @[ IoU=0.50:0.95 | area=   all | maxDets=100 ] = 0.580
 Average Recall     (AR) @[ IoU=0.50:0.95 | area= small | maxDets=100 ] = 0.358
 Average Recall     (AR) @[ IoU=0.50:0.95 | area=medium | maxDets=100 ] = 0.629
 Average Recall     (AR) @[ IoU=0.50:0.95 | area= large | maxDets=100 ] = 0.586
2026-08-01 00:34:20,657 - portable_sam_fusion - INFO - Validation segm/mAP: 0.5146
2026-08-01 00:34:21,201 - portable_sam_fusion - INFO - New best bbox/mAP: 0.7462
2026-08-01 00:34:21,202 - portable_sam_fusion - INFO - New best early-stop metric (segm/mAP): raw=0.5146 smooth(5)=0.5113
2026-08-01 00:34:23,601 - portable_sam_fusion - INFO - Saved best_bbox_model with bbox/mAP: 0.7462
2026-08-01 00:34:28,846 - portable_sam_fusion - INFO - Epoch 14/20 | train=0.388516 val=disabled segm/mAP=0.5146 bbox/mAP=0.7462 | best_segm=0.5212 best_bbox=0.7462 best_comp=0.0000 | sat_backbone=1.18e-05 mask_decoder=1.18e-05 shape_prior=1.18e-05 quality_head=1.18e-05 sat_other=1.18e-05
2026-08-01 00:35:15,592 - portable_sam_fusion - INFO - [DEBUG-BOX] epoch=15 step=4150 fallback_count=0 fallback_ratio=0 num_rois=64 refined_proposal_iou=0 refined_proposal_iou_sum=0 refined_valid_count=0
2026-08-01 00:35:15,592 - portable_sam_fusion - INFO - [DEBUG-COARSE] epoch=15 step=4150 bce_raw=0.1279 boundary_fn=1719 boundary_fp=1667 boundary_tp=2.239e+04 dice=0.05032 dice_loss_raw=0.05032 iou=0.9045 loss_weight=0.1 raw_boundary_fn=1719 raw_boundary_fp=1667 raw_boundary_tp=2.239e+04 raw_dice_score=0.9497 raw_iou=0.9045 weighted_loss=0.01782
2026-08-01 00:35:15,592 - portable_sam_fusion - INFO - [DEBUG-CONTEXT] epoch=15 step=4150 enabled=0
2026-08-01 00:35:15,592 - portable_sam_fusion - INFO - [DEBUG-JITTER] epoch=15 step=4150 area_ratio_count=64 area_ratio_mean=1 area_ratio_sum=64 fallback_count=0 mean_iou=1 num_jittered=0 num_rois=64
2026-08-01 00:35:15,592 - portable_sam_fusion - INFO - [DEBUG-SP] epoch=15 step=4150 all_invalid_count=0 all_invalid_ratio=0 empty_count=0 empty_ratio=0 full_count=0 full_ratio=0 mean_point_distance=21.9 n1_gt_valid_count=64 n1_in_gt_bg=0.7969 n1_in_gt_bg_count=51 n1_valid_count=64 n1_valid_ratio=1 n2_gt_valid_count=64 n2_in_gt_bg=1 n2_in_gt_bg_count=64 n2_valid_count=64 n2_valid_ratio=1 neg_in_pred_bg=1 neg_in_pred_bg_count=128 negative_pair_count=64 negative_pair_distance_sum=2004 p1_gt_valid_count=64 p1_in_gt_fg=1 p1_in_gt_fg_count=64 p1_valid_count=64 p1_valid_ratio=1 p2_gt_valid_count=64 p2_in_gt_fg=1 p2_in_gt_fg_count=64 p2_valid_count=64 p2_valid_ratio=1 point_distance_sum=2803 point_overlap_count=0 point_overlap_ratio=0 point_pair_count=128 pos_in_pred_fg=1 pos_in_pred_fg_count=128 positive_pair_count=64 positive_pair_distance_sum=798.6 roi_count=64 valid_neg_count=128 valid_pos_count=128 warmup_stage=2
2026-08-01 00:35:43,349 - portable_sam_fusion - INFO - epoch 15 | mini-batch 56/294 | optimizer_step 1050/1480 | lr=1.109e-05
2026-08-01 00:36:19,300 - portable_sam_fusion - INFO - [DEBUG-BOX] epoch=15 step=4200 fallback_count=0 fallback_ratio=0 num_rois=64 refined_proposal_iou=0 refined_proposal_iou_sum=0 refined_valid_count=0
2026-08-01 00:36:19,301 - portable_sam_fusion - INFO - [DEBUG-COARSE] epoch=15 step=4200 bce_raw=0.1147 boundary_fn=1313 boundary_fp=1768 boundary_tp=2.404e+04 dice=0.04758 dice_loss_raw=0.04758 iou=0.9102 loss_weight=0.1 raw_boundary_fn=1313 raw_boundary_fp=1768 raw_boundary_tp=2.404e+04 raw_dice_score=0.9524 raw_iou=0.9102 weighted_loss=0.01623
2026-08-01 00:36:19,301 - portable_sam_fusion - INFO - [DEBUG-CONTEXT] epoch=15 step=4200 enabled=0
2026-08-01 00:36:19,301 - portable_sam_fusion - INFO - [DEBUG-JITTER] epoch=15 step=4200 area_ratio_count=64 area_ratio_mean=1 area_ratio_sum=64 fallback_count=0 mean_iou=1 num_jittered=0 num_rois=64
2026-08-01 00:36:19,301 - portable_sam_fusion - INFO - [DEBUG-SP] epoch=15 step=4200 all_invalid_count=0 all_invalid_ratio=0 empty_count=0 empty_ratio=0 full_count=1 full_ratio=0.01562 mean_point_distance=29.99 n1_gt_valid_count=63 n1_in_gt_bg=0.873 n1_in_gt_bg_count=55 n1_valid_count=63 n1_valid_ratio=0.9844 n2_gt_valid_count=62 n2_in_gt_bg=0.9516 n2_in_gt_bg_count=59 n2_valid_count=62 n2_valid_ratio=0.9688 neg_in_pred_bg=1 neg_in_pred_bg_count=125 negative_pair_count=62 negative_pair_distance_sum=2797 p1_gt_valid_count=64 p1_in_gt_fg=1 p1_in_gt_fg_count=64 p1_valid_count=64 p1_valid_ratio=1 p2_gt_valid_count=64 p2_in_gt_fg=1 p2_in_gt_fg_count=64 p2_valid_count=64 p2_valid_ratio=1 point_distance_sum=3779 point_overlap_count=0 point_overlap_ratio=0 point_pair_count=126 pos_in_pred_fg=1 pos_in_pred_fg_count=128 positive_pair_count=64 positive_pair_distance_sum=982.4 roi_count=64 valid_neg_count=125 valid_pos_count=128 warmup_stage=2
2026-08-01 00:37:28,940 - portable_sam_fusion - INFO - [DEBUG-BOX] epoch=15 step=4250 fallback_count=0 fallback_ratio=0 num_rois=64 refined_proposal_iou=0 refined_proposal_iou_sum=0 refined_valid_count=0
2026-08-01 00:37:28,940 - portable_sam_fusion - INFO - [DEBUG-COARSE] epoch=15 step=4250 bce_raw=0.1321 boundary_fn=1459 boundary_fp=1605 boundary_tp=2.712e+04 dice=0.07395 dice_loss_raw=0.07395 iou=0.8664 loss_weight=0.1 raw_boundary_fn=1459 raw_boundary_fp=1605 raw_boundary_tp=2.712e+04 raw_dice_score=0.926 raw_iou=0.8664 weighted_loss=0.02061
2026-08-01 00:37:28,940 - portable_sam_fusion - INFO - [DEBUG-CONTEXT] epoch=15 step=4250 enabled=0
2026-08-01 00:37:28,940 - portable_sam_fusion - INFO - [DEBUG-JITTER] epoch=15 step=4250 area_ratio_count=64 area_ratio_mean=1 area_ratio_sum=64 fallback_count=0 mean_iou=1 num_jittered=0 num_rois=64
2026-08-01 00:37:28,940 - portable_sam_fusion - INFO - [DEBUG-SP] epoch=15 step=4250 all_invalid_count=0 all_invalid_ratio=0 empty_count=0 empty_ratio=0 full_count=0 full_ratio=0 mean_point_distance=30.34 n1_gt_valid_count=64 n1_in_gt_bg=0.9219 n1_in_gt_bg_count=59 n1_valid_count=64 n1_valid_ratio=1 n2_gt_valid_count=64 n2_in_gt_bg=1 n2_in_gt_bg_count=64 n2_valid_count=64 n2_valid_ratio=1 neg_in_pred_bg=1 neg_in_pred_bg_count=128 negative_pair_count=64 negative_pair_distance_sum=2882 p1_gt_valid_count=64 p1_in_gt_fg=1 p1_in_gt_fg_count=64 p1_valid_count=64 p1_valid_ratio=1 p2_gt_valid_count=64 p2_in_gt_fg=1 p2_in_gt_fg_count=64 p2_valid_count=64 p2_valid_ratio=1 point_distance_sum=3883 point_overlap_count=0 point_overlap_ratio=0 point_pair_count=128 pos_in_pred_fg=1 pos_in_pred_fg_count=128 positive_pair_count=64 positive_pair_distance_sum=1000 roi_count=64 valid_neg_count=128 valid_pos_count=128 warmup_stage=2
2026-08-01 00:38:36,056 - portable_sam_fusion - INFO - [DEBUG-BOX] epoch=15 step=4300 fallback_count=0 fallback_ratio=0 num_rois=0 refined_proposal_iou=0 refined_proposal_iou_sum=0 refined_valid_count=0
2026-08-01 00:38:36,056 - portable_sam_fusion - INFO - [DEBUG-COARSE] epoch=15 step=4300 boundary_fn=0 boundary_fp=0 boundary_tp=0 dice=0 iou=0
2026-08-01 00:38:36,056 - portable_sam_fusion - INFO - [DEBUG-CONTEXT] epoch=15 step=4300 enabled=0
2026-08-01 00:38:36,056 - portable_sam_fusion - INFO - [DEBUG-JITTER] epoch=15 step=4300 area_ratio_count=0 area_ratio_mean=0 area_ratio_sum=0 fallback_count=0 mean_iou=0 num_jittered=0 num_rois=0
2026-08-01 00:38:36,056 - portable_sam_fusion - INFO - [DEBUG-SP] epoch=15 step=4300 all_invalid_count=0 all_invalid_ratio=0 empty_count=0 empty_ratio=0 full_count=0 full_ratio=0 mean_point_distance=79.65 n1_gt_valid_count=64 n1_in_gt_bg=0.9062 n1_in_gt_bg_count=58 n1_valid_count=64 n1_valid_ratio=1 n2_gt_valid_count=64 n2_in_gt_bg=1 n2_in_gt_bg_count=64 n2_valid_count=64 n2_valid_ratio=1 neg_in_pred_bg=1 neg_in_pred_bg_count=128 negative_pair_count=64 negative_pair_distance_sum=6454 p1_gt_valid_count=64 p1_in_gt_fg=1 p1_in_gt_fg_count=64 p1_valid_count=64 p1_valid_ratio=1 p2_gt_valid_count=64 p2_in_gt_fg=1 p2_in_gt_fg_count=64 p2_valid_count=64 p2_valid_ratio=1 point_distance_sum=1.02e+04 point_overlap_count=0 point_overlap_ratio=0 point_pair_count=128 pos_in_pred_fg=1 pos_in_pred_fg_count=128 positive_pair_count=64 positive_pair_distance_sum=3741 roi_count=64 valid_neg_count=128 valid_pos_count=128 warmup_stage=2
2026-08-01 00:39:41,674 - portable_sam_fusion - INFO - [DEBUG-BOX] epoch=15 step=4350 fallback_count=0 fallback_ratio=0 num_rois=64 refined_proposal_iou=0 refined_proposal_iou_sum=0 refined_valid_count=0
2026-08-01 00:39:41,674 - portable_sam_fusion - INFO - [DEBUG-COARSE] epoch=15 step=4350 bce_raw=0.07491 boundary_fn=833 boundary_fp=725 boundary_tp=2.256e+04 dice=0.03592 dice_loss_raw=0.03592 iou=0.9316 loss_weight=0.1 raw_boundary_fn=833 raw_boundary_fp=725 raw_boundary_tp=2.256e+04 raw_dice_score=0.9641 raw_iou=0.9316 weighted_loss=0.01108
2026-08-01 00:39:41,674 - portable_sam_fusion - INFO - [DEBUG-CONTEXT] epoch=15 step=4350 enabled=0
2026-08-01 00:39:41,674 - portable_sam_fusion - INFO - [DEBUG-JITTER] epoch=15 step=4350 area_ratio_count=64 area_ratio_mean=1 area_ratio_sum=64 fallback_count=0 mean_iou=1 num_jittered=0 num_rois=64
2026-08-01 00:39:41,674 - portable_sam_fusion - INFO - [DEBUG-SP] epoch=15 step=4350 all_invalid_count=0 all_invalid_ratio=0 empty_count=0 empty_ratio=0 full_count=2 full_ratio=0.03125 mean_point_distance=28.47 n1_gt_valid_count=62 n1_in_gt_bg=0.871 n1_in_gt_bg_count=54 n1_valid_count=62 n1_valid_ratio=0.9688 n2_gt_valid_count=62 n2_in_gt_bg=1 n2_in_gt_bg_count=62 n2_valid_count=62 n2_valid_ratio=0.9688 neg_in_pred_bg=1 neg_in_pred_bg_count=124 negative_pair_count=62 negative_pair_distance_sum=2592 p1_gt_valid_count=64 p1_in_gt_fg=1 p1_in_gt_fg_count=64 p1_valid_count=64 p1_valid_ratio=1 p2_gt_valid_count=64 p2_in_gt_fg=1 p2_in_gt_fg_count=64 p2_valid_count=64 p2_valid_ratio=1 point_distance_sum=3587 point_overlap_count=0 point_overlap_ratio=0 point_pair_count=126 pos_in_pred_fg=1 pos_in_pred_fg_count=128 positive_pair_count=64 positive_pair_distance_sum=994.3 roi_count=64 valid_neg_count=124 valid_pos_count=128 warmup_stage=2
2026-08-01 00:40:11,552 - portable_sam_fusion - INFO - epoch 15 | mini-batch 256/294 | optimizer_step 1100/1480 | lr=8.827e-06
2026-08-01 00:40:47,673 - portable_sam_fusion - INFO - [DEBUG-BOX] epoch=15 step=4400 fallback_count=0 fallback_ratio=0 num_rois=64 refined_proposal_iou=0 refined_proposal_iou_sum=0 refined_valid_count=0
2026-08-01 00:40:47,673 - portable_sam_fusion - INFO - [DEBUG-COARSE] epoch=15 step=4400 bce_raw=0.1005 boundary_fn=1388 boundary_fp=1434 boundary_tp=2.21e+04 dice=0.04122 dice_loss_raw=0.04122 iou=0.9212 loss_weight=0.1 raw_boundary_fn=1388 raw_boundary_fp=1434 raw_boundary_tp=2.21e+04 raw_dice_score=0.9588 raw_iou=0.9212 weighted_loss=0.01417
2026-08-01 00:40:47,673 - portable_sam_fusion - INFO - [DEBUG-CONTEXT] epoch=15 step=4400 enabled=0
2026-08-01 00:40:47,673 - portable_sam_fusion - INFO - [DEBUG-JITTER] epoch=15 step=4400 area_ratio_count=64 area_ratio_mean=1 area_ratio_sum=64 fallback_count=0 mean_iou=1 num_jittered=0 num_rois=64
2026-08-01 00:40:47,673 - portable_sam_fusion - INFO - [DEBUG-SP] epoch=15 step=4400 all_invalid_count=0 all_invalid_ratio=0 empty_count=0 empty_ratio=0 full_count=0 full_ratio=0 mean_point_distance=26 n1_gt_valid_count=64 n1_in_gt_bg=0.7188 n1_in_gt_bg_count=46 n1_valid_count=64 n1_valid_ratio=1 n2_gt_valid_count=64 n2_in_gt_bg=0.9844 n2_in_gt_bg_count=63 n2_valid_count=64 n2_valid_ratio=1 neg_in_pred_bg=1 neg_in_pred_bg_count=128 negative_pair_count=64 negative_pair_distance_sum=2441 p1_gt_valid_count=64 p1_in_gt_fg=1 p1_in_gt_fg_count=64 p1_valid_count=64 p1_valid_ratio=1 p2_gt_valid_count=64 p2_in_gt_fg=1 p2_in_gt_fg_count=64 p2_valid_count=64 p2_valid_ratio=1 point_distance_sum=3328 point_overlap_count=0 point_overlap_ratio=0 point_pair_count=128 pos_in_pred_fg=1 pos_in_pred_fg_count=128 positive_pair_count=64 positive_pair_distance_sum=887.2 roi_count=64 valid_neg_count=128 valid_pos_count=128 warmup_stage=2
2026-08-01 00:41:00,038 - portable_sam_fusion - INFO - Epoch 15 detailed losses: loss_rpn_cls=0.0012, loss_rpn_bbox=0.0013, loss_cls=0.0663, acc=97.5106, loss_bbox=0.0225, loss_mask=0.2876, debug_mask_pos_rois=56.9558, debug_mask_logit_mean=0.3303, debug_mask_logit_std=3.2104, debug_mask_prob_mean=0.5116, debug_mask_prob_ge05=0.5301, debug_mask_target_fill=0.5112, loss_shape_prior=0.0148, schedule/det_weight=1.0000
2026-08-01 00:41:00,038 - portable_sam_fusion - INFO - Epoch 15 primary loss shares: det=23.19% final_mask=73.04% shape=3.77% p2_boundary=0.00%
2026-08-01 00:41:00,038 - portable_sam_fusion - INFO - Epoch 15 schedule: det_loss_weight=1.000 early_stop_start=1 min_delta=0.0005
2026-08-01 00:41:00,038 - portable_sam_fusion - INFO - Epoch 15 learning rates: sat_backbone=8.40e-06, mask_decoder=8.40e-06, shape_prior=8.40e-06, quality_head=8.40e-06, sat_other=8.40e-06
2026-08-01 00:43:39,361 - portable_sam_fusion - INFO - Validation samples: GT=15926, DT=15582, avg_masks_per_image=24.85, avg_mask_fill=0.0048
creating index...
index created!
Loading and preparing results...
DONE (t=0.02s)
creating index...
index created!
Running per image evaluation...
Evaluate annotation type *bbox*
DONE (t=10.11s).
Accumulating evaluation results...
DONE (t=0.15s).
 Average Precision  (AP) @[ IoU=0.50:0.95 | area=   all | maxDets=100 ] = 0.746
 Average Precision  (AP) @[ IoU=0.50      | area=   all | maxDets=100 ] = 0.891
 Average Precision  (AP) @[ IoU=0.75      | area=   all | maxDets=100 ] = 0.840
 Average Precision  (AP) @[ IoU=0.50:0.95 | area= small | maxDets=100 ] = 0.363
 Average Precision  (AP) @[ IoU=0.50:0.95 | area=medium | maxDets=100 ] = 0.781
 Average Precision  (AP) @[ IoU=0.50:0.95 | area= large | maxDets=100 ] = 0.858
 Average Recall     (AR) @[ IoU=0.50:0.95 | area=   all | maxDets=  1 ] = 0.028
 Average Recall     (AR) @[ IoU=0.50:0.95 | area=   all | maxDets= 10 ] = 0.202
 Average Recall     (AR) @[ IoU=0.50:0.95 | area=   all | maxDets=100 ] = 0.787
 Average Recall     (AR) @[ IoU=0.50:0.95 | area= small | maxDets=100 ] = 0.438
 Average Recall     (AR) @[ IoU=0.50:0.95 | area=medium | maxDets=100 ] = 0.825
 Average Recall     (AR) @[ IoU=0.50:0.95 | area= large | maxDets=100 ] = 0.898
2026-08-01 00:43:49,825 - portable_sam_fusion - INFO - Validation bbox/mAP: 0.7459 bbox/mAP_75: 0.8395
Running per image evaluation...
Evaluate annotation type *segm*
DONE (t=10.69s).
Accumulating evaluation results...
DONE (t=0.15s).
 Average Precision  (AP) @[ IoU=0.50:0.95 | area=   all | maxDets=100 ] = 0.514
 Average Precision  (AP) @[ IoU=0.50      | area=   all | maxDets=100 ] = 0.890
 Average Precision  (AP) @[ IoU=0.75      | area=   all | maxDets=100 ] = 0.578
 Average Precision  (AP) @[ IoU=0.50:0.95 | area= small | maxDets=100 ] = 0.291
 Average Precision  (AP) @[ IoU=0.50:0.95 | area=medium | maxDets=100 ] = 0.569
 Average Precision  (AP) @[ IoU=0.50:0.95 | area= large | maxDets=100 ] = 0.519
 Average Recall     (AR) @[ IoU=0.50:0.95 | area=   all | maxDets=  1 ] = 0.019
 Average Recall     (AR) @[ IoU=0.50:0.95 | area=   all | maxDets= 10 ] = 0.143
 Average Recall     (AR) @[ IoU=0.50:0.95 | area=   all | maxDets=100 ] = 0.581
 Average Recall     (AR) @[ IoU=0.50:0.95 | area= small | maxDets=100 ] = 0.358
 Average Recall     (AR) @[ IoU=0.50:0.95 | area=medium | maxDets=100 ] = 0.631
 Average Recall     (AR) @[ IoU=0.50:0.95 | area= large | maxDets=100 ] = 0.585
2026-08-01 00:44:00,695 - portable_sam_fusion - INFO - Validation segm/mAP: 0.5144
2026-08-01 00:44:01,449 - portable_sam_fusion - INFO - New best early-stop metric (segm/mAP): raw=0.5144 smooth(5)=0.5152
2026-08-01 00:44:06,469 - portable_sam_fusion - INFO - Epoch 15/20 | train=0.393789 val=disabled segm/mAP=0.5144 bbox/mAP=0.7459 | best_segm=0.5212 best_bbox=0.7462 best_comp=0.0000 | sat_backbone=8.40e-06 mask_decoder=8.40e-06 shape_prior=8.40e-06 quality_head=8.40e-06 sat_other=8.40e-06
2026-08-01 00:44:58,060 - portable_sam_fusion - INFO - [DEBUG-BOX] epoch=16 step=4450 fallback_count=0 fallback_ratio=0 num_rois=64 refined_proposal_iou=0 refined_proposal_iou_sum=0 refined_valid_count=0
2026-08-01 00:44:58,061 - portable_sam_fusion - INFO - [DEBUG-COARSE] epoch=16 step=4450 bce_raw=0.1267 boundary_fn=1721 boundary_fp=1336 boundary_tp=2.612e+04 dice=0.05863 dice_loss_raw=0.05863 iou=0.8903 loss_weight=0.1 raw_boundary_fn=1721 raw_boundary_fp=1336 raw_boundary_tp=2.612e+04 raw_dice_score=0.9414 raw_iou=0.8903 weighted_loss=0.01854
2026-08-01 00:44:58,061 - portable_sam_fusion - INFO - [DEBUG-CONTEXT] epoch=16 step=4450 enabled=0
2026-08-01 00:44:58,061 - portable_sam_fusion - INFO - [DEBUG-JITTER] epoch=16 step=4450 area_ratio_count=64 area_ratio_mean=1 area_ratio_sum=64 fallback_count=0 mean_iou=1 num_jittered=0 num_rois=64
2026-08-01 00:44:58,061 - portable_sam_fusion - INFO - [DEBUG-SP] epoch=16 step=4450 all_invalid_count=0 all_invalid_ratio=0 empty_count=0 empty_ratio=0 full_count=0 full_ratio=0 mean_point_distance=38.84 n1_gt_valid_count=64 n1_in_gt_bg=0.8906 n1_in_gt_bg_count=57 n1_valid_count=64 n1_valid_ratio=1 n2_gt_valid_count=64 n2_in_gt_bg=1 n2_in_gt_bg_count=64 n2_valid_count=64 n2_valid_ratio=1 neg_in_pred_bg=1 neg_in_pred_bg_count=128 negative_pair_count=64 negative_pair_distance_sum=3764 p1_gt_valid_count=64 p1_in_gt_fg=1 p1_in_gt_fg_count=64 p1_valid_count=64 p1_valid_ratio=1 p2_gt_valid_count=64 p2_in_gt_fg=1 p2_in_gt_fg_count=64 p2_valid_count=64 p2_valid_ratio=1 point_distance_sum=4972 point_overlap_count=0 point_overlap_ratio=0 point_pair_count=128 pos_in_pred_fg=1 pos_in_pred_fg_count=128 positive_pair_count=64 positive_pair_distance_sum=1208 roi_count=64 valid_neg_count=128 valid_pos_count=128 warmup_stage=2
2026-08-01 00:46:04,299 - portable_sam_fusion - INFO - [DEBUG-BOX] epoch=16 step=4500 fallback_count=0 fallback_ratio=0 num_rois=64 refined_proposal_iou=0 refined_proposal_iou_sum=0 refined_valid_count=0
2026-08-01 00:46:04,299 - portable_sam_fusion - INFO - [DEBUG-COARSE] epoch=16 step=4500 bce_raw=0.113 boundary_fn=1246 boundary_fp=1400 boundary_tp=2.435e+04 dice=0.04705 dice_loss_raw=0.04705 iou=0.911 loss_weight=0.1 raw_boundary_fn=1246 raw_boundary_fp=1400 raw_boundary_tp=2.435e+04 raw_dice_score=0.953 raw_iou=0.911 weighted_loss=0.016
2026-08-01 00:46:04,300 - portable_sam_fusion - INFO - [DEBUG-CONTEXT] epoch=16 step=4500 enabled=0
2026-08-01 00:46:04,300 - portable_sam_fusion - INFO - [DEBUG-JITTER] epoch=16 step=4500 area_ratio_count=64 area_ratio_mean=1 area_ratio_sum=64 fallback_count=0 mean_iou=1 num_jittered=0 num_rois=64
2026-08-01 00:46:04,300 - portable_sam_fusion - INFO - [DEBUG-SP] epoch=16 step=4500 all_invalid_count=0 all_invalid_ratio=0 empty_count=0 empty_ratio=0 full_count=0 full_ratio=0 mean_point_distance=28.47 n1_gt_valid_count=64 n1_in_gt_bg=0.7969 n1_in_gt_bg_count=51 n1_valid_count=64 n1_valid_ratio=1 n2_gt_valid_count=64 n2_in_gt_bg=0.9844 n2_in_gt_bg_count=63 n2_valid_count=64 n2_valid_ratio=1 neg_in_pred_bg=1 neg_in_pred_bg_count=128 negative_pair_count=64 negative_pair_distance_sum=2734 p1_gt_valid_count=64 p1_in_gt_fg=1 p1_in_gt_fg_count=64 p1_valid_count=64 p1_valid_ratio=1 p2_gt_valid_count=64 p2_in_gt_fg=1 p2_in_gt_fg_count=64 p2_valid_count=64 p2_valid_ratio=1 point_distance_sum=3644 point_overlap_count=0 point_overlap_ratio=0 point_pair_count=128 pos_in_pred_fg=1 pos_in_pred_fg_count=128 positive_pair_count=64 positive_pair_distance_sum=910.1 roi_count=64 valid_neg_count=128 valid_pos_count=128 warmup_stage=2
2026-08-01 00:47:11,868 - portable_sam_fusion - INFO - [DEBUG-BOX] epoch=16 step=4550 fallback_count=0 fallback_ratio=0 num_rois=64 refined_proposal_iou=0 refined_proposal_iou_sum=0 refined_valid_count=0
2026-08-01 00:47:11,869 - portable_sam_fusion - INFO - [DEBUG-COARSE] epoch=16 step=4550 bce_raw=0.0957 boundary_fn=1128 boundary_fp=865 boundary_tp=2.742e+04 dice=0.0535 dice_loss_raw=0.0535 iou=0.8996 loss_weight=0.1 raw_boundary_fn=1128 raw_boundary_fp=865 raw_boundary_tp=2.742e+04 raw_dice_score=0.9465 raw_iou=0.8996 weighted_loss=0.01492
2026-08-01 00:47:11,869 - portable_sam_fusion - INFO - [DEBUG-CONTEXT] epoch=16 step=4550 enabled=0
2026-08-01 00:47:11,869 - portable_sam_fusion - INFO - [DEBUG-JITTER] epoch=16 step=4550 area_ratio_count=64 area_ratio_mean=1 area_ratio_sum=64 fallback_count=0 mean_iou=1 num_jittered=0 num_rois=64
2026-08-01 00:47:11,869 - portable_sam_fusion - INFO - [DEBUG-SP] epoch=16 step=4550 all_invalid_count=0 all_invalid_ratio=0 empty_count=0 empty_ratio=0 full_count=0 full_ratio=0 mean_point_distance=32.77 n1_gt_valid_count=64 n1_in_gt_bg=0.9844 n1_in_gt_bg_count=63 n1_valid_count=64 n1_valid_ratio=1 n2_gt_valid_count=64 n2_in_gt_bg=1 n2_in_gt_bg_count=64 n2_valid_count=64 n2_valid_ratio=1 neg_in_pred_bg=1 neg_in_pred_bg_count=128 negative_pair_count=64 negative_pair_distance_sum=3252 p1_gt_valid_count=64 p1_in_gt_fg=1 p1_in_gt_fg_count=64 p1_valid_count=64 p1_valid_ratio=1 p2_gt_valid_count=64 p2_in_gt_fg=1 p2_in_gt_fg_count=64 p2_valid_count=64 p2_valid_ratio=1 point_distance_sum=4194 point_overlap_count=0 point_overlap_ratio=0 point_pair_count=128 pos_in_pred_fg=1 pos_in_pred_fg_count=128 positive_pair_count=64 positive_pair_distance_sum=942.4 roi_count=64 valid_neg_count=128 valid_pos_count=128 warmup_stage=2
2026-08-01 00:47:40,782 - portable_sam_fusion - INFO - epoch 16 | mini-batch 160/294 | optimizer_step 1150/1480 | lr=6.772e-06
2026-08-01 00:48:21,348 - portable_sam_fusion - INFO - [DEBUG-BOX] epoch=16 step=4600 fallback_count=0 fallback_ratio=0 num_rois=64 refined_proposal_iou=0 refined_proposal_iou_sum=0 refined_valid_count=0
2026-08-01 00:48:21,348 - portable_sam_fusion - INFO - [DEBUG-COARSE] epoch=16 step=4600 bce_raw=0.1374 boundary_fn=1472 boundary_fp=2610 boundary_tp=2.587e+04 dice=0.08243 dice_loss_raw=0.08243 iou=0.8562 loss_weight=0.1 raw_boundary_fn=1472 raw_boundary_fp=2610 raw_boundary_tp=2.587e+04 raw_dice_score=0.9176 raw_iou=0.8562 weighted_loss=0.02198
2026-08-01 00:48:21,348 - portable_sam_fusion - INFO - [DEBUG-CONTEXT] epoch=16 step=4600 enabled=0
2026-08-01 00:48:21,348 - portable_sam_fusion - INFO - [DEBUG-JITTER] epoch=16 step=4600 area_ratio_count=64 area_ratio_mean=1 area_ratio_sum=64 fallback_count=0 mean_iou=1 num_jittered=0 num_rois=64
2026-08-01 00:48:21,348 - portable_sam_fusion - INFO - [DEBUG-SP] epoch=16 step=4600 all_invalid_count=0 all_invalid_ratio=0 empty_count=0 empty_ratio=0 full_count=0 full_ratio=0 mean_point_distance=35.04 n1_gt_valid_count=64 n1_in_gt_bg=0.9844 n1_in_gt_bg_count=63 n1_valid_count=64 n1_valid_ratio=1 n2_gt_valid_count=64 n2_in_gt_bg=1 n2_in_gt_bg_count=64 n2_valid_count=64 n2_valid_ratio=1 neg_in_pred_bg=1 neg_in_pred_bg_count=128 negative_pair_count=64 negative_pair_distance_sum=3166 p1_gt_valid_count=64 p1_in_gt_fg=0.9844 p1_in_gt_fg_count=63 p1_valid_count=64 p1_valid_ratio=1 p2_gt_valid_count=64 p2_in_gt_fg=1 p2_in_gt_fg_count=64 p2_valid_count=64 p2_valid_ratio=1 point_distance_sum=4485 point_overlap_count=0 point_overlap_ratio=0 point_pair_count=128 pos_in_pred_fg=1 pos_in_pred_fg_count=128 positive_pair_count=64 positive_pair_distance_sum=1319 roi_count=64 valid_neg_count=128 valid_pos_count=128 warmup_stage=2
2026-08-01 00:49:24,916 - portable_sam_fusion - INFO - [DEBUG-BOX] epoch=16 step=4650 fallback_count=0 fallback_ratio=0 num_rois=64 refined_proposal_iou=0 refined_proposal_iou_sum=0 refined_valid_count=0
2026-08-01 00:49:24,916 - portable_sam_fusion - INFO - [DEBUG-COARSE] epoch=16 step=4650 bce_raw=0.08737 boundary_fn=939 boundary_fp=552 boundary_tp=2.609e+04 dice=0.05502 dice_loss_raw=0.05502 iou=0.8976 loss_weight=0.1 raw_boundary_fn=939 raw_boundary_fp=552 raw_boundary_tp=2.609e+04 raw_dice_score=0.945 raw_iou=0.8976 weighted_loss=0.01424
2026-08-01 00:49:24,916 - portable_sam_fusion - INFO - [DEBUG-CONTEXT] epoch=16 step=4650 enabled=0
2026-08-01 00:49:24,916 - portable_sam_fusion - INFO - [DEBUG-JITTER] epoch=16 step=4650 area_ratio_count=64 area_ratio_mean=1 area_ratio_sum=64 fallback_count=0 mean_iou=1 num_jittered=0 num_rois=64
2026-08-01 00:49:24,916 - portable_sam_fusion - INFO - [DEBUG-SP] epoch=16 step=4650 all_invalid_count=0 all_invalid_ratio=0 empty_count=0 empty_ratio=0 full_count=0 full_ratio=0 mean_point_distance=32.7 n1_gt_valid_count=64 n1_in_gt_bg=0.9688 n1_in_gt_bg_count=62 n1_valid_count=64 n1_valid_ratio=1 n2_gt_valid_count=64 n2_in_gt_bg=1 n2_in_gt_bg_count=64 n2_valid_count=64 n2_valid_ratio=1 neg_in_pred_bg=1 neg_in_pred_bg_count=128 negative_pair_count=64 negative_pair_distance_sum=3019 p1_gt_valid_count=64 p1_in_gt_fg=1 p1_in_gt_fg_count=64 p1_valid_count=64 p1_valid_ratio=1 p2_gt_valid_count=64 p2_in_gt_fg=1 p2_in_gt_fg_count=64 p2_valid_count=64 p2_valid_ratio=1 point_distance_sum=4186 point_overlap_count=0 point_overlap_ratio=0 point_pair_count=128 pos_in_pred_fg=1 pos_in_pred_fg_count=128 positive_pair_count=64 positive_pair_distance_sum=1167 roi_count=64 valid_neg_count=128 valid_pos_count=128 warmup_stage=2
2026-08-01 00:50:28,997 - portable_sam_fusion - INFO - [DEBUG-BOX] epoch=16 step=4700 fallback_count=0 fallback_ratio=0 num_rois=64 refined_proposal_iou=0 refined_proposal_iou_sum=0 refined_valid_count=0
2026-08-01 00:50:28,998 - portable_sam_fusion - INFO - [DEBUG-COARSE] epoch=16 step=4700 bce_raw=0.14 boundary_fn=2184 boundary_fp=1011 boundary_tp=2.618e+04 dice=0.06622 dice_loss_raw=0.06622 iou=0.8792 loss_weight=0.1 raw_boundary_fn=2184 raw_boundary_fp=1011 raw_boundary_tp=2.618e+04 raw_dice_score=0.9338 raw_iou=0.8792 weighted_loss=0.02062
2026-08-01 00:50:28,998 - portable_sam_fusion - INFO - [DEBUG-CONTEXT] epoch=16 step=4700 enabled=0
2026-08-01 00:50:28,998 - portable_sam_fusion - INFO - [DEBUG-JITTER] epoch=16 step=4700 area_ratio_count=64 area_ratio_mean=1 area_ratio_sum=64 fallback_count=0 mean_iou=1 num_jittered=0 num_rois=64
2026-08-01 00:50:28,998 - portable_sam_fusion - INFO - [DEBUG-SP] epoch=16 step=4700 all_invalid_count=0 all_invalid_ratio=0 empty_count=0 empty_ratio=0 full_count=0 full_ratio=0 mean_point_distance=32.54 n1_gt_valid_count=64 n1_in_gt_bg=0.8281 n1_in_gt_bg_count=53 n1_valid_count=64 n1_valid_ratio=1 n2_gt_valid_count=64 n2_in_gt_bg=1 n2_in_gt_bg_count=64 n2_valid_count=64 n2_valid_ratio=1 neg_in_pred_bg=1 neg_in_pred_bg_count=128 negative_pair_count=64 negative_pair_distance_sum=3251 p1_gt_valid_count=64 p1_in_gt_fg=0.9531 p1_in_gt_fg_count=61 p1_valid_count=64 p1_valid_ratio=1 p2_gt_valid_count=64 p2_in_gt_fg=0.9688 p2_in_gt_fg_count=62 p2_valid_count=64 p2_valid_ratio=1 point_distance_sum=4165 point_overlap_count=0 point_overlap_ratio=0 point_pair_count=128 pos_in_pred_fg=1 pos_in_pred_fg_count=128 positive_pair_count=64 positive_pair_distance_sum=914.8 roi_count=64 valid_neg_count=128 valid_pos_count=128 warmup_stage=2
2026-08-01 00:50:33,913 - portable_sam_fusion - INFO - Epoch 16 detailed losses: loss_rpn_cls=0.0014, loss_rpn_bbox=0.0014, loss_cls=0.0675, acc=97.5143, loss_bbox=0.0238, loss_mask=0.2795, debug_mask_pos_rois=56.4456, debug_mask_logit_mean=0.3886, debug_mask_logit_std=3.1448, debug_mask_prob_mean=0.5067, debug_mask_prob_ge05=0.5250, debug_mask_target_fill=0.5068, loss_shape_prior=0.0148, schedule/det_weight=1.0000
2026-08-01 00:50:33,913 - portable_sam_fusion - INFO - Epoch 16 primary loss shares: det=24.25% final_mask=71.95% shape=3.80% p2_boundary=0.00%
2026-08-01 00:50:33,913 - portable_sam_fusion - INFO - Epoch 16 schedule: det_loss_weight=1.000 early_stop_start=1 min_delta=0.0005
2026-08-01 00:50:33,913 - portable_sam_fusion - INFO - Epoch 16 learning rates: sat_backbone=5.51e-06, mask_decoder=5.51e-06, shape_prior=5.51e-06, quality_head=5.51e-06, sat_other=5.51e-06
2026-08-01 00:53:13,775 - portable_sam_fusion - INFO - Validation samples: GT=15926, DT=15579, avg_masks_per_image=24.85, avg_mask_fill=0.0048
creating index...
index created!
Loading and preparing results...
DONE (t=0.01s)
creating index...
index created!
Running per image evaluation...
Evaluate annotation type *bbox*
DONE (t=10.14s).
Accumulating evaluation results...
DONE (t=0.15s).
 Average Precision  (AP) @[ IoU=0.50:0.95 | area=   all | maxDets=100 ] = 0.747
 Average Precision  (AP) @[ IoU=0.50      | area=   all | maxDets=100 ] = 0.891
 Average Precision  (AP) @[ IoU=0.75      | area=   all | maxDets=100 ] = 0.840
 Average Precision  (AP) @[ IoU=0.50:0.95 | area= small | maxDets=100 ] = 0.364
 Average Precision  (AP) @[ IoU=0.50:0.95 | area=medium | maxDets=100 ] = 0.780
 Average Precision  (AP) @[ IoU=0.50:0.95 | area= large | maxDets=100 ] = 0.859
 Average Recall     (AR) @[ IoU=0.50:0.95 | area=   all | maxDets=  1 ] = 0.028
 Average Recall     (AR) @[ IoU=0.50:0.95 | area=   all | maxDets= 10 ] = 0.202
 Average Recall     (AR) @[ IoU=0.50:0.95 | area=   all | maxDets=100 ] = 0.787
 Average Recall     (AR) @[ IoU=0.50:0.95 | area= small | maxDets=100 ] = 0.440
 Average Recall     (AR) @[ IoU=0.50:0.95 | area=medium | maxDets=100 ] = 0.825
 Average Recall     (AR) @[ IoU=0.50:0.95 | area= large | maxDets=100 ] = 0.899
2026-08-01 00:53:24,226 - portable_sam_fusion - INFO - Validation bbox/mAP: 0.7466 bbox/mAP_75: 0.8398
Running per image evaluation...
Evaluate annotation type *segm*
DONE (t=10.74s).
Accumulating evaluation results...
DONE (t=0.15s).
 Average Precision  (AP) @[ IoU=0.50:0.95 | area=   all | maxDets=100 ] = 0.515
 Average Precision  (AP) @[ IoU=0.50      | area=   all | maxDets=100 ] = 0.890
 Average Precision  (AP) @[ IoU=0.75      | area=   all | maxDets=100 ] = 0.582
 Average Precision  (AP) @[ IoU=0.50:0.95 | area= small | maxDets=100 ] = 0.294
 Average Precision  (AP) @[ IoU=0.50:0.95 | area=medium | maxDets=100 ] = 0.569
 Average Precision  (AP) @[ IoU=0.50:0.95 | area= large | maxDets=100 ] = 0.521
 Average Recall     (AR) @[ IoU=0.50:0.95 | area=   all | maxDets=  1 ] = 0.019
 Average Recall     (AR) @[ IoU=0.50:0.95 | area=   all | maxDets= 10 ] = 0.143
 Average Recall     (AR) @[ IoU=0.50:0.95 | area=   all | maxDets=100 ] = 0.581
 Average Recall     (AR) @[ IoU=0.50:0.95 | area= small | maxDets=100 ] = 0.360
 Average Recall     (AR) @[ IoU=0.50:0.95 | area=medium | maxDets=100 ] = 0.631
 Average Recall     (AR) @[ IoU=0.50:0.95 | area= large | maxDets=100 ] = 0.585
2026-08-01 00:53:35,145 - portable_sam_fusion - INFO - Validation segm/mAP: 0.5150
2026-08-01 00:53:35,689 - portable_sam_fusion - INFO - New best bbox/mAP: 0.7466
2026-08-01 00:53:35,689 - portable_sam_fusion - INFO - New best early-stop metric (segm/mAP): raw=0.5150 smooth(5)=0.5159
2026-08-01 00:53:38,101 - portable_sam_fusion - INFO - Saved best_bbox_model with bbox/mAP: 0.7466
2026-08-01 00:53:43,312 - portable_sam_fusion - INFO - Epoch 16/20 | train=0.388444 val=disabled segm/mAP=0.5150 bbox/mAP=0.7466 | best_segm=0.5212 best_bbox=0.7466 best_comp=0.0000 | sat_backbone=5.51e-06 mask_decoder=5.51e-06 shape_prior=5.51e-06 quality_head=5.51e-06 sat_other=5.51e-06
2026-08-01 00:54:43,057 - portable_sam_fusion - INFO - [DEBUG-BOX] epoch=17 step=4750 fallback_count=0 fallback_ratio=0 num_rois=64 refined_proposal_iou=0 refined_proposal_iou_sum=0 refined_valid_count=0
2026-08-01 00:54:43,057 - portable_sam_fusion - INFO - [DEBUG-COARSE] epoch=17 step=4750 bce_raw=0.1002 boundary_fn=1468 boundary_fp=1078 boundary_tp=2.507e+04 dice=0.05563 dice_loss_raw=0.05563 iou=0.8969 loss_weight=0.1 raw_boundary_fn=1468 raw_boundary_fp=1078 raw_boundary_tp=2.507e+04 raw_dice_score=0.9444 raw_iou=0.8969 weighted_loss=0.01558
2026-08-01 00:54:43,057 - portable_sam_fusion - INFO - [DEBUG-CONTEXT] epoch=17 step=4750 enabled=0
2026-08-01 00:54:43,057 - portable_sam_fusion - INFO - [DEBUG-JITTER] epoch=17 step=4750 area_ratio_count=64 area_ratio_mean=1 area_ratio_sum=64 fallback_count=0 mean_iou=1 num_jittered=0 num_rois=64
2026-08-01 00:54:43,057 - portable_sam_fusion - INFO - [DEBUG-SP] epoch=17 step=4750 all_invalid_count=0 all_invalid_ratio=0 empty_count=0 empty_ratio=0 full_count=0 full_ratio=0 mean_point_distance=36.5 n1_gt_valid_count=64 n1_in_gt_bg=0.9531 n1_in_gt_bg_count=61 n1_valid_count=64 n1_valid_ratio=1 n2_gt_valid_count=64 n2_in_gt_bg=1 n2_in_gt_bg_count=64 n2_valid_count=64 n2_valid_ratio=1 neg_in_pred_bg=1 neg_in_pred_bg_count=128 negative_pair_count=64 negative_pair_distance_sum=3678 p1_gt_valid_count=64 p1_in_gt_fg=1 p1_in_gt_fg_count=64 p1_valid_count=64 p1_valid_ratio=1 p2_gt_valid_count=64 p2_in_gt_fg=1 p2_in_gt_fg_count=64 p2_valid_count=64 p2_valid_ratio=1 point_distance_sum=4672 point_overlap_count=0 point_overlap_ratio=0 point_pair_count=128 pos_in_pred_fg=1 pos_in_pred_fg_count=128 positive_pair_count=64 positive_pair_distance_sum=994.7 roi_count=64 valid_neg_count=128 valid_pos_count=128 warmup_stage=2
2026-08-01 00:55:07,157 - portable_sam_fusion - INFO - epoch 17 | mini-batch 64/294 | optimizer_step 1200/1480 | lr=4.954e-06
2026-08-01 00:55:50,155 - portable_sam_fusion - INFO - [DEBUG-BOX] epoch=17 step=4800 fallback_count=0 fallback_ratio=0 num_rois=64 refined_proposal_iou=0 refined_proposal_iou_sum=0 refined_valid_count=0
2026-08-01 00:55:50,155 - portable_sam_fusion - INFO - [DEBUG-COARSE] epoch=17 step=4800 bce_raw=0.05302 boundary_fn=202 boundary_fp=132 boundary_tp=2.42e+04 dice=0.02449 dice_loss_raw=0.02449 iou=0.9523 loss_weight=0.1 raw_boundary_fn=202 raw_boundary_fp=132 raw_boundary_tp=2.42e+04 raw_dice_score=0.9755 raw_iou=0.9523 weighted_loss=0.007751
2026-08-01 00:55:50,155 - portable_sam_fusion - INFO - [DEBUG-CONTEXT] epoch=17 step=4800 enabled=0
2026-08-01 00:55:50,155 - portable_sam_fusion - INFO - [DEBUG-JITTER] epoch=17 step=4800 area_ratio_count=64 area_ratio_mean=1 area_ratio_sum=64 fallback_count=0 mean_iou=1 num_jittered=0 num_rois=64
2026-08-01 00:55:50,156 - portable_sam_fusion - INFO - [DEBUG-SP] epoch=17 step=4800 all_invalid_count=0 all_invalid_ratio=0 empty_count=0 empty_ratio=0 full_count=0 full_ratio=0 mean_point_distance=33.81 n1_gt_valid_count=64 n1_in_gt_bg=0.9062 n1_in_gt_bg_count=58 n1_valid_count=64 n1_valid_ratio=1 n2_gt_valid_count=64 n2_in_gt_bg=1 n2_in_gt_bg_count=64 n2_valid_count=64 n2_valid_ratio=1 neg_in_pred_bg=1 neg_in_pred_bg_count=128 negative_pair_count=64 negative_pair_distance_sum=3203 p1_gt_valid_count=64 p1_in_gt_fg=1 p1_in_gt_fg_count=64 p1_valid_count=64 p1_valid_ratio=1 p2_gt_valid_count=64 p2_in_gt_fg=1 p2_in_gt_fg_count=64 p2_valid_count=64 p2_valid_ratio=1 point_distance_sum=4328 point_overlap_count=0 point_overlap_ratio=0 point_pair_count=128 pos_in_pred_fg=1 pos_in_pred_fg_count=128 positive_pair_count=64 positive_pair_distance_sum=1125 roi_count=64 valid_neg_count=128 valid_pos_count=128 warmup_stage=2
2026-08-01 00:56:55,669 - portable_sam_fusion - INFO - [DEBUG-BOX] epoch=17 step=4850 fallback_count=0 fallback_ratio=0 num_rois=64 refined_proposal_iou=0 refined_proposal_iou_sum=0 refined_valid_count=0
2026-08-01 00:56:55,669 - portable_sam_fusion - INFO - [DEBUG-COARSE] epoch=17 step=4850 bce_raw=0.1433 boundary_fn=2536 boundary_fp=2485 boundary_tp=2.284e+04 dice=0.06411 dice_loss_raw=0.06411 iou=0.8821 loss_weight=0.1 raw_boundary_fn=2536 raw_boundary_fp=2485 raw_boundary_tp=2.284e+04 raw_dice_score=0.9359 raw_iou=0.8821 weighted_loss=0.02074
2026-08-01 00:56:55,669 - portable_sam_fusion - INFO - [DEBUG-CONTEXT] epoch=17 step=4850 enabled=0
2026-08-01 00:56:55,669 - portable_sam_fusion - INFO - [DEBUG-JITTER] epoch=17 step=4850 area_ratio_count=64 area_ratio_mean=1 area_ratio_sum=64 fallback_count=0 mean_iou=1 num_jittered=0 num_rois=64
2026-08-01 00:56:55,669 - portable_sam_fusion - INFO - [DEBUG-SP] epoch=17 step=4850 all_invalid_count=0 all_invalid_ratio=0 empty_count=0 empty_ratio=0 full_count=0 full_ratio=0 mean_point_distance=25.11 n1_gt_valid_count=64 n1_in_gt_bg=0.8594 n1_in_gt_bg_count=55 n1_valid_count=64 n1_valid_ratio=1 n2_gt_valid_count=64 n2_in_gt_bg=1 n2_in_gt_bg_count=64 n2_valid_count=64 n2_valid_ratio=1 neg_in_pred_bg=1 neg_in_pred_bg_count=128 negative_pair_count=64 negative_pair_distance_sum=2538 p1_gt_valid_count=64 p1_in_gt_fg=1 p1_in_gt_fg_count=64 p1_valid_count=64 p1_valid_ratio=1 p2_gt_valid_count=64 p2_in_gt_fg=1 p2_in_gt_fg_count=64 p2_valid_count=64 p2_valid_ratio=1 point_distance_sum=3214 point_overlap_count=0 point_overlap_ratio=0 point_pair_count=128 pos_in_pred_fg=1 pos_in_pred_fg_count=128 positive_pair_count=64 positive_pair_distance_sum=676.4 roi_count=64 valid_neg_count=128 valid_pos_count=128 warmup_stage=2
2026-08-01 00:58:02,484 - portable_sam_fusion - INFO - [DEBUG-BOX] epoch=17 step=4900 fallback_count=0 fallback_ratio=0 num_rois=64 refined_proposal_iou=0 refined_proposal_iou_sum=0 refined_valid_count=0
2026-08-01 00:58:02,484 - portable_sam_fusion - INFO - [DEBUG-COARSE] epoch=17 step=4900 bce_raw=0.09631 boundary_fn=1003 boundary_fp=1152 boundary_tp=2.468e+04 dice=0.05459 dice_loss_raw=0.05459 iou=0.8979 loss_weight=0.1 raw_boundary_fn=1003 raw_boundary_fp=1152 raw_boundary_tp=2.468e+04 raw_dice_score=0.9454 raw_iou=0.8979 weighted_loss=0.01509
2026-08-01 00:58:02,484 - portable_sam_fusion - INFO - [DEBUG-CONTEXT] epoch=17 step=4900 enabled=0
2026-08-01 00:58:02,484 - portable_sam_fusion - INFO - [DEBUG-JITTER] epoch=17 step=4900 area_ratio_count=64 area_ratio_mean=1 area_ratio_sum=64 fallback_count=0 mean_iou=1 num_jittered=0 num_rois=64
2026-08-01 00:58:02,485 - portable_sam_fusion - INFO - [DEBUG-SP] epoch=17 step=4900 all_invalid_count=0 all_invalid_ratio=0 empty_count=0 empty_ratio=0 full_count=0 full_ratio=0 mean_point_distance=28.27 n1_gt_valid_count=64 n1_in_gt_bg=0.8906 n1_in_gt_bg_count=57 n1_valid_count=64 n1_valid_ratio=1 n2_gt_valid_count=63 n2_in_gt_bg=1 n2_in_gt_bg_count=63 n2_valid_count=63 n2_valid_ratio=0.9844 neg_in_pred_bg=1 neg_in_pred_bg_count=127 negative_pair_count=63 negative_pair_distance_sum=2616 p1_gt_valid_count=64 p1_in_gt_fg=1 p1_in_gt_fg_count=64 p1_valid_count=64 p1_valid_ratio=1 p2_gt_valid_count=64 p2_in_gt_fg=1 p2_in_gt_fg_count=64 p2_valid_count=64 p2_valid_ratio=1 point_distance_sum=3590 point_overlap_count=0 point_overlap_ratio=0 point_pair_count=127 pos_in_pred_fg=1 pos_in_pred_fg_count=128 positive_pair_count=64 positive_pair_distance_sum=974.4 roi_count=64 valid_neg_count=127 valid_pos_count=128 warmup_stage=2
2026-08-01 00:59:09,101 - portable_sam_fusion - INFO - [DEBUG-BOX] epoch=17 step=4950 fallback_count=0 fallback_ratio=0 num_rois=64 refined_proposal_iou=0 refined_proposal_iou_sum=0 refined_valid_count=0
2026-08-01 00:59:09,101 - portable_sam_fusion - INFO - [DEBUG-COARSE] epoch=17 step=4950 bce_raw=0.1128 boundary_fn=1104 boundary_fp=1392 boundary_tp=2.346e+04 dice=0.04865 dice_loss_raw=0.04865 iou=0.9085 loss_weight=0.1 raw_boundary_fn=1104 raw_boundary_fp=1392 raw_boundary_tp=2.346e+04 raw_dice_score=0.9514 raw_iou=0.9085 weighted_loss=0.01614
2026-08-01 00:59:09,101 - portable_sam_fusion - INFO - [DEBUG-CONTEXT] epoch=17 step=4950 enabled=0
2026-08-01 00:59:09,101 - portable_sam_fusion - INFO - [DEBUG-JITTER] epoch=17 step=4950 area_ratio_count=64 area_ratio_mean=1 area_ratio_sum=64 fallback_count=0 mean_iou=1 num_jittered=0 num_rois=64
2026-08-01 00:59:09,102 - portable_sam_fusion - INFO - [DEBUG-SP] epoch=17 step=4950 all_invalid_count=0 all_invalid_ratio=0 empty_count=0 empty_ratio=0 full_count=0 full_ratio=0 mean_point_distance=23.54 n1_gt_valid_count=64 n1_in_gt_bg=0.8594 n1_in_gt_bg_count=55 n1_valid_count=64 n1_valid_ratio=1 n2_gt_valid_count=64 n2_in_gt_bg=0.9531 n2_in_gt_bg_count=61 n2_valid_count=64 n2_valid_ratio=1 neg_in_pred_bg=1 neg_in_pred_bg_count=128 negative_pair_count=64 negative_pair_distance_sum=2305 p1_gt_valid_count=64 p1_in_gt_fg=1 p1_in_gt_fg_count=64 p1_valid_count=64 p1_valid_ratio=1 p2_gt_valid_count=64 p2_in_gt_fg=1 p2_in_gt_fg_count=64 p2_valid_count=64 p2_valid_ratio=1 point_distance_sum=3014 point_overlap_count=0 point_overlap_ratio=0 point_pair_count=128 pos_in_pred_fg=1 pos_in_pred_fg_count=128 positive_pair_count=64 positive_pair_distance_sum=708.6 roi_count=64 valid_neg_count=128 valid_pos_count=128 warmup_stage=2
2026-08-01 00:59:34,235 - portable_sam_fusion - INFO - epoch 17 | mini-batch 264/294 | optimizer_step 1250/1480 | lr=3.396e-06
2026-08-01 01:00:11,130 - portable_sam_fusion - INFO - Epoch 17 detailed losses: loss_rpn_cls=0.0018, loss_rpn_bbox=0.0014, loss_cls=0.0691, acc=97.4645, loss_bbox=0.0238, loss_mask=0.2867, debug_mask_pos_rois=56.9048, debug_mask_logit_mean=0.3286, debug_mask_logit_std=3.2273, debug_mask_prob_mean=0.5120, debug_mask_prob_ge05=0.5305, debug_mask_target_fill=0.5123, loss_shape_prior=0.0152, schedule/det_weight=1.0000
2026-08-01 01:00:11,130 - portable_sam_fusion - INFO - Epoch 17 primary loss shares: det=24.14% final_mask=72.03% shape=3.82% p2_boundary=0.00%
2026-08-01 01:00:11,131 - portable_sam_fusion - INFO - Epoch 17 schedule: det_loss_weight=1.000 early_stop_start=1 min_delta=0.0005
2026-08-01 01:00:11,131 - portable_sam_fusion - INFO - Epoch 17 learning rates: sat_backbone=3.17e-06, mask_decoder=3.17e-06, shape_prior=3.17e-06, quality_head=3.17e-06, sat_other=3.17e-06
2026-08-01 01:02:54,204 - portable_sam_fusion - INFO - Validation samples: GT=15926, DT=15615, avg_masks_per_image=24.90, avg_mask_fill=0.0048
creating index...
index created!
Loading and preparing results...
DONE (t=0.02s)
creating index...
index created!
Running per image evaluation...
Evaluate annotation type *bbox*
DONE (t=10.11s).
Accumulating evaluation results...
DONE (t=0.15s).
 Average Precision  (AP) @[ IoU=0.50:0.95 | area=   all | maxDets=100 ] = 0.747
 Average Precision  (AP) @[ IoU=0.50      | area=   all | maxDets=100 ] = 0.891
 Average Precision  (AP) @[ IoU=0.75      | area=   all | maxDets=100 ] = 0.840
 Average Precision  (AP) @[ IoU=0.50:0.95 | area= small | maxDets=100 ] = 0.366
 Average Precision  (AP) @[ IoU=0.50:0.95 | area=medium | maxDets=100 ] = 0.780
 Average Precision  (AP) @[ IoU=0.50:0.95 | area= large | maxDets=100 ] = 0.861
 Average Recall     (AR) @[ IoU=0.50:0.95 | area=   all | maxDets=  1 ] = 0.028
 Average Recall     (AR) @[ IoU=0.50:0.95 | area=   all | maxDets= 10 ] = 0.203
 Average Recall     (AR) @[ IoU=0.50:0.95 | area=   all | maxDets=100 ] = 0.787
 Average Recall     (AR) @[ IoU=0.50:0.95 | area= small | maxDets=100 ] = 0.442
 Average Recall     (AR) @[ IoU=0.50:0.95 | area=medium | maxDets=100 ] = 0.825
 Average Recall     (AR) @[ IoU=0.50:0.95 | area= large | maxDets=100 ] = 0.899
2026-08-01 01:03:04,627 - portable_sam_fusion - INFO - Validation bbox/mAP: 0.7468 bbox/mAP_75: 0.8398
Running per image evaluation...
Evaluate annotation type *segm*
DONE (t=10.66s).
Accumulating evaluation results...
DONE (t=0.15s).
 Average Precision  (AP) @[ IoU=0.50:0.95 | area=   all | maxDets=100 ] = 0.518
 Average Precision  (AP) @[ IoU=0.50      | area=   all | maxDets=100 ] = 0.890
 Average Precision  (AP) @[ IoU=0.75      | area=   all | maxDets=100 ] = 0.595
 Average Precision  (AP) @[ IoU=0.50:0.95 | area= small | maxDets=100 ] = 0.294
 Average Precision  (AP) @[ IoU=0.50:0.95 | area=medium | maxDets=100 ] = 0.572
 Average Precision  (AP) @[ IoU=0.50:0.95 | area= large | maxDets=100 ] = 0.523
 Average Recall     (AR) @[ IoU=0.50:0.95 | area=   all | maxDets=  1 ] = 0.020
 Average Recall     (AR) @[ IoU=0.50:0.95 | area=   all | maxDets= 10 ] = 0.144
 Average Recall     (AR) @[ IoU=0.50:0.95 | area=   all | maxDets=100 ] = 0.583
 Average Recall     (AR) @[ IoU=0.50:0.95 | area= small | maxDets=100 ] = 0.361
 Average Recall     (AR) @[ IoU=0.50:0.95 | area=medium | maxDets=100 ] = 0.633
 Average Recall     (AR) @[ IoU=0.50:0.95 | area= large | maxDets=100 ] = 0.587
2026-08-01 01:03:15,466 - portable_sam_fusion - INFO - Validation segm/mAP: 0.5182
2026-08-01 01:03:16,024 - portable_sam_fusion - INFO - New best bbox/mAP: 0.7468
2026-08-01 01:03:16,025 - portable_sam_fusion - INFO - Early-stop metric (segm/mAP): raw=0.5182 smooth(5)=0.5153 best=0.5159 counter=1
2026-08-01 01:03:18,513 - portable_sam_fusion - INFO - Saved best_bbox_model with bbox/mAP: 0.7468
2026-08-01 01:03:23,784 - portable_sam_fusion - INFO - Epoch 17/20 | train=0.397960 val=disabled segm/mAP=0.5182 bbox/mAP=0.7468 | best_segm=0.5212 best_bbox=0.7468 best_comp=0.0000 | sat_backbone=3.17e-06 mask_decoder=3.17e-06 shape_prior=3.17e-06 quality_head=3.17e-06 sat_other=3.17e-06
2026-08-01 01:03:27,334 - portable_sam_fusion - INFO - [DEBUG-BOX] epoch=18 step=5000 fallback_count=0 fallback_ratio=0 num_rois=64 refined_proposal_iou=0 refined_proposal_iou_sum=0 refined_valid_count=0
2026-08-01 01:03:27,335 - portable_sam_fusion - INFO - [DEBUG-COARSE] epoch=18 step=5000 bce_raw=0.151 boundary_fn=2538 boundary_fp=2215 boundary_tp=2.464e+04 dice=0.06966 dice_loss_raw=0.06966 iou=0.8731 loss_weight=0.1 raw_boundary_fn=2538 raw_boundary_fp=2215 raw_boundary_tp=2.464e+04 raw_dice_score=0.9303 raw_iou=0.8731 weighted_loss=0.02207
2026-08-01 01:03:27,335 - portable_sam_fusion - INFO - [DEBUG-CONTEXT] epoch=18 step=5000 enabled=0
2026-08-01 01:03:27,335 - portable_sam_fusion - INFO - [DEBUG-JITTER] epoch=18 step=5000 area_ratio_count=64 area_ratio_mean=1 area_ratio_sum=64 fallback_count=0 mean_iou=1 num_jittered=0 num_rois=64
2026-08-01 01:03:27,335 - portable_sam_fusion - INFO - [DEBUG-SP] epoch=18 step=5000 all_invalid_count=0 all_invalid_ratio=0 empty_count=0 empty_ratio=0 full_count=0 full_ratio=0 mean_point_distance=28.44 n1_gt_valid_count=64 n1_in_gt_bg=0.8438 n1_in_gt_bg_count=54 n1_valid_count=64 n1_valid_ratio=1 n2_gt_valid_count=64 n2_in_gt_bg=1 n2_in_gt_bg_count=64 n2_valid_count=64 n2_valid_ratio=1 neg_in_pred_bg=1 neg_in_pred_bg_count=128 negative_pair_count=64 negative_pair_distance_sum=2686 p1_gt_valid_count=64 p1_in_gt_fg=1 p1_in_gt_fg_count=64 p1_valid_count=64 p1_valid_ratio=1 p2_gt_valid_count=64 p2_in_gt_fg=1 p2_in_gt_fg_count=64 p2_valid_count=64 p2_valid_ratio=1 point_distance_sum=3640 point_overlap_count=0 point_overlap_ratio=0 point_pair_count=128 pos_in_pred_fg=1 pos_in_pred_fg_count=128 positive_pair_count=64 positive_pair_distance_sum=954.1 roi_count=64 valid_neg_count=128 valid_pos_count=128 warmup_stage=2
2026-08-01 01:04:34,529 - portable_sam_fusion - INFO - [DEBUG-BOX] epoch=18 step=5050 fallback_count=0 fallback_ratio=0 num_rois=64 refined_proposal_iou=0 refined_proposal_iou_sum=0 refined_valid_count=0
2026-08-01 01:04:34,530 - portable_sam_fusion - INFO - [DEBUG-COARSE] epoch=18 step=5050 bce_raw=0.1119 boundary_fn=1811 boundary_fp=1714 boundary_tp=2.146e+04 dice=0.04975 dice_loss_raw=0.04975 iou=0.9065 loss_weight=0.1 raw_boundary_fn=1811 raw_boundary_fp=1714 raw_boundary_tp=2.146e+04 raw_dice_score=0.9503 raw_iou=0.9065 weighted_loss=0.01617
2026-08-01 01:04:34,530 - portable_sam_fusion - INFO - [DEBUG-CONTEXT] epoch=18 step=5050 enabled=0
2026-08-01 01:04:34,530 - portable_sam_fusion - INFO - [DEBUG-JITTER] epoch=18 step=5050 area_ratio_count=64 area_ratio_mean=1 area_ratio_sum=64 fallback_count=0 mean_iou=1 num_jittered=0 num_rois=64
2026-08-01 01:04:34,530 - portable_sam_fusion - INFO - [DEBUG-SP] epoch=18 step=5050 all_invalid_count=0 all_invalid_ratio=0 empty_count=0 empty_ratio=0 full_count=0 full_ratio=0 mean_point_distance=17.46 n1_gt_valid_count=64 n1_in_gt_bg=0.75 n1_in_gt_bg_count=48 n1_valid_count=64 n1_valid_ratio=1 n2_gt_valid_count=64 n2_in_gt_bg=1 n2_in_gt_bg_count=64 n2_valid_count=64 n2_valid_ratio=1 neg_in_pred_bg=1 neg_in_pred_bg_count=128 negative_pair_count=64 negative_pair_distance_sum=1673 p1_gt_valid_count=64 p1_in_gt_fg=1 p1_in_gt_fg_count=64 p1_valid_count=64 p1_valid_ratio=1 p2_gt_valid_count=64 p2_in_gt_fg=1 p2_in_gt_fg_count=64 p2_valid_count=64 p2_valid_ratio=1 point_distance_sum=2235 point_overlap_count=0 point_overlap_ratio=0 point_pair_count=128 pos_in_pred_fg=1 pos_in_pred_fg_count=128 positive_pair_count=64 positive_pair_distance_sum=562.5 roi_count=64 valid_neg_count=128 valid_pos_count=128 warmup_stage=2
2026-08-01 01:05:40,320 - portable_sam_fusion - INFO - [DEBUG-BOX] epoch=18 step=5100 fallback_count=0 fallback_ratio=0 num_rois=64 refined_proposal_iou=0 refined_proposal_iou_sum=0 refined_valid_count=0
2026-08-01 01:05:40,320 - portable_sam_fusion - INFO - [DEBUG-COARSE] epoch=18 step=5100 bce_raw=0.1224 boundary_fn=2143 boundary_fp=1712 boundary_tp=2.356e+04 dice=0.07036 dice_loss_raw=0.07036 iou=0.8707 loss_weight=0.1 raw_boundary_fn=2143 raw_boundary_fp=1712 raw_boundary_tp=2.356e+04 raw_dice_score=0.9296 raw_iou=0.8707 weighted_loss=0.01928
2026-08-01 01:05:40,320 - portable_sam_fusion - INFO - [DEBUG-CONTEXT] epoch=18 step=5100 enabled=0
2026-08-01 01:05:40,320 - portable_sam_fusion - INFO - [DEBUG-JITTER] epoch=18 step=5100 area_ratio_count=64 area_ratio_mean=1 area_ratio_sum=64 fallback_count=0 mean_iou=1 num_jittered=0 num_rois=64
2026-08-01 01:05:40,320 - portable_sam_fusion - INFO - [DEBUG-SP] epoch=18 step=5100 all_invalid_count=0 all_invalid_ratio=0 empty_count=0 empty_ratio=0 full_count=0 full_ratio=0 mean_point_distance=21.24 n1_gt_valid_count=64 n1_in_gt_bg=0.8906 n1_in_gt_bg_count=57 n1_valid_count=64 n1_valid_ratio=1 n2_gt_valid_count=64 n2_in_gt_bg=1 n2_in_gt_bg_count=64 n2_valid_count=64 n2_valid_ratio=1 neg_in_pred_bg=1 neg_in_pred_bg_count=128 negative_pair_count=64 negative_pair_distance_sum=1856 p1_gt_valid_count=64 p1_in_gt_fg=1 p1_in_gt_fg_count=64 p1_valid_count=64 p1_valid_ratio=1 p2_gt_valid_count=64 p2_in_gt_fg=1 p2_in_gt_fg_count=64 p2_valid_count=64 p2_valid_ratio=1 point_distance_sum=2718 point_overlap_count=0 point_overlap_ratio=0 point_pair_count=128 pos_in_pred_fg=1 pos_in_pred_fg_count=128 positive_pair_count=64 positive_pair_distance_sum=862.6 roi_count=64 valid_neg_count=128 valid_pos_count=128 warmup_stage=2
2026-08-01 01:06:44,384 - portable_sam_fusion - INFO - [DEBUG-BOX] epoch=18 step=5150 fallback_count=0 fallback_ratio=0 num_rois=64 refined_proposal_iou=0 refined_proposal_iou_sum=0 refined_valid_count=0
2026-08-01 01:06:44,384 - portable_sam_fusion - INFO - [DEBUG-COARSE] epoch=18 step=5150 bce_raw=0.1319 boundary_fn=2435 boundary_fp=2329 boundary_tp=2.429e+04 dice=0.06622 dice_loss_raw=0.06622 iou=0.8784 loss_weight=0.1 raw_boundary_fn=2435 raw_boundary_fp=2329 raw_boundary_tp=2.429e+04 raw_dice_score=0.9338 raw_iou=0.8784 weighted_loss=0.01982
2026-08-01 01:06:44,384 - portable_sam_fusion - INFO - [DEBUG-CONTEXT] epoch=18 step=5150 enabled=0
2026-08-01 01:06:44,384 - portable_sam_fusion - INFO - [DEBUG-JITTER] epoch=18 step=5150 area_ratio_count=64 area_ratio_mean=1 area_ratio_sum=64 fallback_count=0 mean_iou=1 num_jittered=0 num_rois=64
2026-08-01 01:06:44,384 - portable_sam_fusion - INFO - [DEBUG-SP] epoch=18 step=5150 all_invalid_count=0 all_invalid_ratio=0 empty_count=0 empty_ratio=0 full_count=0 full_ratio=0 mean_point_distance=26.4 n1_gt_valid_count=64 n1_in_gt_bg=0.8438 n1_in_gt_bg_count=54 n1_valid_count=64 n1_valid_ratio=1 n2_gt_valid_count=64 n2_in_gt_bg=0.9844 n2_in_gt_bg_count=63 n2_valid_count=64 n2_valid_ratio=1 neg_in_pred_bg=1 neg_in_pred_bg_count=128 negative_pair_count=64 negative_pair_distance_sum=2521 p1_gt_valid_count=64 p1_in_gt_fg=1 p1_in_gt_fg_count=64 p1_valid_count=64 p1_valid_ratio=1 p2_gt_valid_count=64 p2_in_gt_fg=1 p2_in_gt_fg_count=64 p2_valid_count=64 p2_valid_ratio=1 point_distance_sum=3379 point_overlap_count=0 point_overlap_ratio=0 point_pair_count=128 pos_in_pred_fg=1 pos_in_pred_fg_count=128 positive_pair_count=64 positive_pair_distance_sum=857.8 roi_count=64 valid_neg_count=128 valid_pos_count=128 warmup_stage=2
2026-08-01 01:07:06,803 - portable_sam_fusion - INFO - epoch 18 | mini-batch 168/294 | optimizer_step 1300/1480 | lr=2.118e-06
2026-08-01 01:07:54,396 - portable_sam_fusion - INFO - [DEBUG-BOX] epoch=18 step=5200 fallback_count=0 fallback_ratio=0 num_rois=64 refined_proposal_iou=0 refined_proposal_iou_sum=0 refined_valid_count=0
2026-08-01 01:07:54,396 - portable_sam_fusion - INFO - [DEBUG-COARSE] epoch=18 step=5200 bce_raw=0.1019 boundary_fn=1399 boundary_fp=527 boundary_tp=2.734e+04 dice=0.05833 dice_loss_raw=0.05833 iou=0.8911 loss_weight=0.1 raw_boundary_fn=1399 raw_boundary_fp=527 raw_boundary_tp=2.734e+04 raw_dice_score=0.9417 raw_iou=0.8911 weighted_loss=0.01603
2026-08-01 01:07:54,396 - portable_sam_fusion - INFO - [DEBUG-CONTEXT] epoch=18 step=5200 enabled=0
2026-08-01 01:07:54,396 - portable_sam_fusion - INFO - [DEBUG-JITTER] epoch=18 step=5200 area_ratio_count=64 area_ratio_mean=1 area_ratio_sum=64 fallback_count=0 mean_iou=1 num_jittered=0 num_rois=64
2026-08-01 01:07:54,396 - portable_sam_fusion - INFO - [DEBUG-SP] epoch=18 step=5200 all_invalid_count=0 all_invalid_ratio=0 empty_count=0 empty_ratio=0 full_count=0 full_ratio=0 mean_point_distance=35.04 n1_gt_valid_count=64 n1_in_gt_bg=0.9688 n1_in_gt_bg_count=62 n1_valid_count=64 n1_valid_ratio=1 n2_gt_valid_count=64 n2_in_gt_bg=1 n2_in_gt_bg_count=64 n2_valid_count=64 n2_valid_ratio=1 neg_in_pred_bg=1 neg_in_pred_bg_count=128 negative_pair_count=64 negative_pair_distance_sum=3536 p1_gt_valid_count=64 p1_in_gt_fg=0.9844 p1_in_gt_fg_count=63 p1_valid_count=64 p1_valid_ratio=1 p2_gt_valid_count=64 p2_in_gt_fg=1 p2_in_gt_fg_count=64 p2_valid_count=64 p2_valid_ratio=1 point_distance_sum=4485 point_overlap_count=0 point_overlap_ratio=0 point_pair_count=128 pos_in_pred_fg=1 pos_in_pred_fg_count=128 positive_pair_count=64 positive_pair_distance_sum=948.2 roi_count=64 valid_neg_count=128 valid_pos_count=128 warmup_stage=2
2026-08-01 01:09:02,413 - portable_sam_fusion - INFO - [DEBUG-BOX] epoch=18 step=5250 fallback_count=0 fallback_ratio=0 num_rois=64 refined_proposal_iou=0 refined_proposal_iou_sum=0 refined_valid_count=0
2026-08-01 01:09:02,413 - portable_sam_fusion - INFO - [DEBUG-COARSE] epoch=18 step=5250 bce_raw=0.1344 boundary_fn=1980 boundary_fp=2382 boundary_tp=2.258e+04 dice=0.04832 dice_loss_raw=0.04832 iou=0.9093 loss_weight=0.1 raw_boundary_fn=1980 raw_boundary_fp=2382 raw_boundary_tp=2.258e+04 raw_dice_score=0.9517 raw_iou=0.9093 weighted_loss=0.01827
2026-08-01 01:09:02,413 - portable_sam_fusion - INFO - [DEBUG-CONTEXT] epoch=18 step=5250 enabled=0
2026-08-01 01:09:02,413 - portable_sam_fusion - INFO - [DEBUG-JITTER] epoch=18 step=5250 area_ratio_count=64 area_ratio_mean=1 area_ratio_sum=64 fallback_count=0 mean_iou=1 num_jittered=0 num_rois=64
2026-08-01 01:09:02,413 - portable_sam_fusion - INFO - [DEBUG-SP] epoch=18 step=5250 all_invalid_count=0 all_invalid_ratio=0 empty_count=0 empty_ratio=0 full_count=0 full_ratio=0 mean_point_distance=27.97 n1_gt_valid_count=64 n1_in_gt_bg=0.7656 n1_in_gt_bg_count=49 n1_valid_count=64 n1_valid_ratio=1 n2_gt_valid_count=63 n2_in_gt_bg=0.9524 n2_in_gt_bg_count=60 n2_valid_count=63 n2_valid_ratio=0.9844 neg_in_pred_bg=1 neg_in_pred_bg_count=127 negative_pair_count=63 negative_pair_distance_sum=2516 p1_gt_valid_count=64 p1_in_gt_fg=1 p1_in_gt_fg_count=64 p1_valid_count=64 p1_valid_ratio=1 p2_gt_valid_count=64 p2_in_gt_fg=1 p2_in_gt_fg_count=64 p2_valid_count=64 p2_valid_ratio=1 point_distance_sum=3552 point_overlap_count=0 point_overlap_ratio=0 point_pair_count=127 pos_in_pred_fg=1 pos_in_pred_fg_count=128 positive_pair_count=64 positive_pair_distance_sum=1037 roi_count=64 valid_neg_count=127 valid_pos_count=128 warmup_stage=2
2026-08-01 01:09:57,394 - portable_sam_fusion - INFO - Epoch 18 detailed losses: loss_rpn_cls=0.0012, loss_rpn_bbox=0.0013, loss_cls=0.0658, acc=97.5732, loss_bbox=0.0227, loss_mask=0.2810, debug_mask_pos_rois=56.2381, debug_mask_logit_mean=0.3978, debug_mask_logit_std=3.1993, debug_mask_prob_mean=0.5154, debug_mask_prob_ge05=0.5346, debug_mask_target_fill=0.5155, loss_shape_prior=0.0149, schedule/det_weight=1.0000
2026-08-01 01:09:57,394 - portable_sam_fusion - INFO - Epoch 18 primary loss shares: det=23.53% final_mask=72.62% shape=3.85% p2_boundary=0.00%
2026-08-01 01:09:57,394 - portable_sam_fusion - INFO - Epoch 18 schedule: det_loss_weight=1.000 early_stop_start=1 min_delta=0.0005
2026-08-01 01:09:57,394 - portable_sam_fusion - INFO - Epoch 18 learning rates: sat_backbone=1.45e-06, mask_decoder=1.45e-06, shape_prior=1.45e-06, quality_head=1.45e-06, sat_other=1.45e-06
2026-08-01 01:12:40,330 - portable_sam_fusion - INFO - Validation samples: GT=15926, DT=15583, avg_masks_per_image=24.85, avg_mask_fill=0.0048
creating index...
index created!
Loading and preparing results...
DONE (t=0.02s)
creating index...
index created!
Running per image evaluation...
Evaluate annotation type *bbox*
DONE (t=10.08s).
Accumulating evaluation results...
DONE (t=0.14s).
 Average Precision  (AP) @[ IoU=0.50:0.95 | area=   all | maxDets=100 ] = 0.747
 Average Precision  (AP) @[ IoU=0.50      | area=   all | maxDets=100 ] = 0.891
 Average Precision  (AP) @[ IoU=0.75      | area=   all | maxDets=100 ] = 0.840
 Average Precision  (AP) @[ IoU=0.50:0.95 | area= small | maxDets=100 ] = 0.363
 Average Precision  (AP) @[ IoU=0.50:0.95 | area=medium | maxDets=100 ] = 0.780
 Average Precision  (AP) @[ IoU=0.50:0.95 | area= large | maxDets=100 ] = 0.860
 Average Recall     (AR) @[ IoU=0.50:0.95 | area=   all | maxDets=  1 ] = 0.028
 Average Recall     (AR) @[ IoU=0.50:0.95 | area=   all | maxDets= 10 ] = 0.203
 Average Recall     (AR) @[ IoU=0.50:0.95 | area=   all | maxDets=100 ] = 0.787
 Average Recall     (AR) @[ IoU=0.50:0.95 | area= small | maxDets=100 ] = 0.439
 Average Recall     (AR) @[ IoU=0.50:0.95 | area=medium | maxDets=100 ] = 0.825
 Average Recall     (AR) @[ IoU=0.50:0.95 | area= large | maxDets=100 ] = 0.899
2026-08-01 01:12:50,717 - portable_sam_fusion - INFO - Validation bbox/mAP: 0.7469 bbox/mAP_75: 0.8397
Running per image evaluation...
Evaluate annotation type *segm*
DONE (t=10.65s).
Accumulating evaluation results...
DONE (t=0.15s).
 Average Precision  (AP) @[ IoU=0.50:0.95 | area=   all | maxDets=100 ] = 0.522
 Average Precision  (AP) @[ IoU=0.50      | area=   all | maxDets=100 ] = 0.890
 Average Precision  (AP) @[ IoU=0.75      | area=   all | maxDets=100 ] = 0.602
 Average Precision  (AP) @[ IoU=0.50:0.95 | area= small | maxDets=100 ] = 0.295
 Average Precision  (AP) @[ IoU=0.50:0.95 | area=medium | maxDets=100 ] = 0.576
 Average Precision  (AP) @[ IoU=0.50:0.95 | area= large | maxDets=100 ] = 0.530
 Average Recall     (AR) @[ IoU=0.50:0.95 | area=   all | maxDets=  1 ] = 0.020
 Average Recall     (AR) @[ IoU=0.50:0.95 | area=   all | maxDets= 10 ] = 0.146
 Average Recall     (AR) @[ IoU=0.50:0.95 | area=   all | maxDets=100 ] = 0.587
 Average Recall     (AR) @[ IoU=0.50:0.95 | area= small | maxDets=100 ] = 0.360
 Average Recall     (AR) @[ IoU=0.50:0.95 | area=medium | maxDets=100 ] = 0.637
 Average Recall     (AR) @[ IoU=0.50:0.95 | area= large | maxDets=100 ] = 0.593
2026-08-01 01:13:01,545 - portable_sam_fusion - INFO - Validation segm/mAP: 0.5223
2026-08-01 01:13:02,157 - portable_sam_fusion - INFO - New best segm/mAP: 0.5223
2026-08-01 01:13:02,158 - portable_sam_fusion - INFO - New best bbox/mAP: 0.7469
2026-08-01 01:13:02,158 - portable_sam_fusion - INFO - New best early-stop metric (segm/mAP): raw=0.5223 smooth(5)=0.5169
2026-08-01 01:13:04,527 - portable_sam_fusion - INFO - Saved best_model with segm/mAP: 0.5223
2026-08-01 01:13:07,066 - portable_sam_fusion - INFO - Saved best_bbox_model with bbox/mAP: 0.7469
2026-08-01 01:13:12,392 - portable_sam_fusion - INFO - Epoch 18/20 | train=0.386926 val=disabled segm/mAP=0.5223 bbox/mAP=0.7469 | best_segm=0.5223 best_bbox=0.7469 best_comp=0.0000 | sat_backbone=1.45e-06 mask_decoder=1.45e-06 shape_prior=1.45e-06 quality_head=1.45e-06 sat_other=1.45e-06
2026-08-01 01:13:24,844 - portable_sam_fusion - INFO - [DEBUG-BOX] epoch=19 step=5300 fallback_count=0 fallback_ratio=0 num_rois=64 refined_proposal_iou=0 refined_proposal_iou_sum=0 refined_valid_count=0
2026-08-01 01:13:24,844 - portable_sam_fusion - INFO - [DEBUG-COARSE] epoch=19 step=5300 bce_raw=0.1219 boundary_fn=1694 boundary_fp=1493 boundary_tp=2.646e+04 dice=0.07156 dice_loss_raw=0.07156 iou=0.8689 loss_weight=0.1 raw_boundary_fn=1694 raw_boundary_fp=1493 raw_boundary_tp=2.646e+04 raw_dice_score=0.9284 raw_iou=0.8689 weighted_loss=0.01935
2026-08-01 01:13:24,844 - portable_sam_fusion - INFO - [DEBUG-CONTEXT] epoch=19 step=5300 enabled=0
2026-08-01 01:13:24,844 - portable_sam_fusion - INFO - [DEBUG-JITTER] epoch=19 step=5300 area_ratio_count=64 area_ratio_mean=1 area_ratio_sum=64 fallback_count=0 mean_iou=1 num_jittered=0 num_rois=64
2026-08-01 01:13:24,845 - portable_sam_fusion - INFO - [DEBUG-SP] epoch=19 step=5300 all_invalid_count=0 all_invalid_ratio=0 empty_count=0 empty_ratio=0 full_count=0 full_ratio=0 mean_point_distance=30.33 n1_gt_valid_count=64 n1_in_gt_bg=0.9531 n1_in_gt_bg_count=61 n1_valid_count=64 n1_valid_ratio=1 n2_gt_valid_count=64 n2_in_gt_bg=1 n2_in_gt_bg_count=64 n2_valid_count=64 n2_valid_ratio=1 neg_in_pred_bg=1 neg_in_pred_bg_count=128 negative_pair_count=64 negative_pair_distance_sum=2822 p1_gt_valid_count=64 p1_in_gt_fg=1 p1_in_gt_fg_count=64 p1_valid_count=64 p1_valid_ratio=1 p2_gt_valid_count=64 p2_in_gt_fg=1 p2_in_gt_fg_count=64 p2_valid_count=64 p2_valid_ratio=1 point_distance_sum=3883 point_overlap_count=0 point_overlap_ratio=0 point_pair_count=128 pos_in_pred_fg=1 pos_in_pred_fg_count=128 positive_pair_count=64 positive_pair_distance_sum=1061 roi_count=64 valid_neg_count=128 valid_pos_count=128 warmup_stage=2
2026-08-01 01:14:27,025 - portable_sam_fusion - INFO - [DEBUG-BOX] epoch=19 step=5350 fallback_count=0 fallback_ratio=0 num_rois=64 refined_proposal_iou=0 refined_proposal_iou_sum=0 refined_valid_count=0
2026-08-01 01:14:27,025 - portable_sam_fusion - INFO - [DEBUG-COARSE] epoch=19 step=5350 bce_raw=0.09954 boundary_fn=1125 boundary_fp=926 boundary_tp=2.577e+04 dice=0.05108 dice_loss_raw=0.05108 iou=0.9037 loss_weight=0.1 raw_boundary_fn=1125 raw_boundary_fp=926 raw_boundary_tp=2.577e+04 raw_dice_score=0.9489 raw_iou=0.9037 weighted_loss=0.01506
2026-08-01 01:14:27,025 - portable_sam_fusion - INFO - [DEBUG-CONTEXT] epoch=19 step=5350 enabled=0
2026-08-01 01:14:27,025 - portable_sam_fusion - INFO - [DEBUG-JITTER] epoch=19 step=5350 area_ratio_count=64 area_ratio_mean=1 area_ratio_sum=64 fallback_count=0 mean_iou=1 num_jittered=0 num_rois=64
2026-08-01 01:14:27,025 - portable_sam_fusion - INFO - [DEBUG-SP] epoch=19 step=5350 all_invalid_count=0 all_invalid_ratio=0 empty_count=0 empty_ratio=0 full_count=0 full_ratio=0 mean_point_distance=28.84 n1_gt_valid_count=64 n1_in_gt_bg=0.9219 n1_in_gt_bg_count=59 n1_valid_count=64 n1_valid_ratio=1 n2_gt_valid_count=64 n2_in_gt_bg=1 n2_in_gt_bg_count=64 n2_valid_count=64 n2_valid_ratio=1 neg_in_pred_bg=1 neg_in_pred_bg_count=128 negative_pair_count=64 negative_pair_distance_sum=2737 p1_gt_valid_count=64 p1_in_gt_fg=1 p1_in_gt_fg_count=64 p1_valid_count=64 p1_valid_ratio=1 p2_gt_valid_count=64 p2_in_gt_fg=1 p2_in_gt_fg_count=64 p2_valid_count=64 p2_valid_ratio=1 point_distance_sum=3691 point_overlap_count=0 point_overlap_ratio=0 point_pair_count=128 pos_in_pred_fg=1 pos_in_pred_fg_count=128 positive_pair_count=64 positive_pair_distance_sum=954.4 roi_count=64 valid_neg_count=128 valid_pos_count=128 warmup_stage=2
2026-08-01 01:14:44,645 - portable_sam_fusion - INFO - epoch 19 | mini-batch 72/294 | optimizer_step 1350/1480 | lr=1.136e-06
2026-08-01 01:15:31,820 - portable_sam_fusion - INFO - [DEBUG-BOX] epoch=19 step=5400 fallback_count=0 fallback_ratio=0 num_rois=64 refined_proposal_iou=0 refined_proposal_iou_sum=0 refined_valid_count=0
2026-08-01 01:15:31,820 - portable_sam_fusion - INFO - [DEBUG-COARSE] epoch=19 step=5400 bce_raw=0.1129 boundary_fn=1544 boundary_fp=1234 boundary_tp=2.735e+04 dice=0.06206 dice_loss_raw=0.06206 iou=0.8852 loss_weight=0.1 raw_boundary_fn=1544 raw_boundary_fp=1234 raw_boundary_tp=2.735e+04 raw_dice_score=0.9379 raw_iou=0.8852 weighted_loss=0.0175
2026-08-01 01:15:31,820 - portable_sam_fusion - INFO - [DEBUG-CONTEXT] epoch=19 step=5400 enabled=0
2026-08-01 01:15:31,820 - portable_sam_fusion - INFO - [DEBUG-JITTER] epoch=19 step=5400 area_ratio_count=64 area_ratio_mean=1 area_ratio_sum=64 fallback_count=0 mean_iou=1 num_jittered=0 num_rois=64
2026-08-01 01:15:31,820 - portable_sam_fusion - INFO - [DEBUG-SP] epoch=19 step=5400 all_invalid_count=0 all_invalid_ratio=0 empty_count=0 empty_ratio=0 full_count=0 full_ratio=0 mean_point_distance=36.89 n1_gt_valid_count=64 n1_in_gt_bg=0.9688 n1_in_gt_bg_count=62 n1_valid_count=64 n1_valid_ratio=1 n2_gt_valid_count=64 n2_in_gt_bg=1 n2_in_gt_bg_count=64 n2_valid_count=64 n2_valid_ratio=1 neg_in_pred_bg=1 neg_in_pred_bg_count=128 negative_pair_count=64 negative_pair_distance_sum=3571 p1_gt_valid_count=64 p1_in_gt_fg=1 p1_in_gt_fg_count=64 p1_valid_count=64 p1_valid_ratio=1 p2_gt_valid_count=64 p2_in_gt_fg=1 p2_in_gt_fg_count=64 p2_valid_count=64 p2_valid_ratio=1 point_distance_sum=4722 point_overlap_count=0 point_overlap_ratio=0 point_pair_count=128 pos_in_pred_fg=1 pos_in_pred_fg_count=128 positive_pair_count=64 positive_pair_distance_sum=1151 roi_count=64 valid_neg_count=128 valid_pos_count=128 warmup_stage=2
2026-08-01 01:16:37,619 - portable_sam_fusion - INFO - [DEBUG-BOX] epoch=19 step=5450 fallback_count=0 fallback_ratio=0 num_rois=64 refined_proposal_iou=0 refined_proposal_iou_sum=0 refined_valid_count=0
2026-08-01 01:16:37,619 - portable_sam_fusion - INFO - [DEBUG-COARSE] epoch=19 step=5450 bce_raw=0.08509 boundary_fn=897 boundary_fp=777 boundary_tp=2.659e+04 dice=0.05432 dice_loss_raw=0.05432 iou=0.8989 loss_weight=0.1 raw_boundary_fn=897 raw_boundary_fp=777 raw_boundary_tp=2.659e+04 raw_dice_score=0.9457 raw_iou=0.8989 weighted_loss=0.01394
2026-08-01 01:16:37,619 - portable_sam_fusion - INFO - [DEBUG-CONTEXT] epoch=19 step=5450 enabled=0
2026-08-01 01:16:37,619 - portable_sam_fusion - INFO - [DEBUG-JITTER] epoch=19 step=5450 area_ratio_count=64 area_ratio_mean=1 area_ratio_sum=64 fallback_count=0 mean_iou=1 num_jittered=0 num_rois=64
2026-08-01 01:16:37,619 - portable_sam_fusion - INFO - [DEBUG-SP] epoch=19 step=5450 all_invalid_count=0 all_invalid_ratio=0 empty_count=0 empty_ratio=0 full_count=0 full_ratio=0 mean_point_distance=30.26 n1_gt_valid_count=64 n1_in_gt_bg=0.9062 n1_in_gt_bg_count=58 n1_valid_count=64 n1_valid_ratio=1 n2_gt_valid_count=64 n2_in_gt_bg=1 n2_in_gt_bg_count=64 n2_valid_count=64 n2_valid_ratio=1 neg_in_pred_bg=1 neg_in_pred_bg_count=128 negative_pair_count=64 negative_pair_distance_sum=2786 p1_gt_valid_count=64 p1_in_gt_fg=1 p1_in_gt_fg_count=64 p1_valid_count=64 p1_valid_ratio=1 p2_gt_valid_count=64 p2_in_gt_fg=1 p2_in_gt_fg_count=64 p2_valid_count=64 p2_valid_ratio=1 point_distance_sum=3874 point_overlap_count=0 point_overlap_ratio=0 point_pair_count=128 pos_in_pred_fg=1 pos_in_pred_fg_count=128 positive_pair_count=64 positive_pair_distance_sum=1088 roi_count=64 valid_neg_count=128 valid_pos_count=128 warmup_stage=2
2026-08-01 01:17:43,419 - portable_sam_fusion - INFO - [DEBUG-BOX] epoch=19 step=5500 fallback_count=0 fallback_ratio=0 num_rois=64 refined_proposal_iou=0 refined_proposal_iou_sum=0 refined_valid_count=0
2026-08-01 01:17:43,419 - portable_sam_fusion - INFO - [DEBUG-COARSE] epoch=19 step=5500 bce_raw=0.09001 boundary_fn=723 boundary_fp=990 boundary_tp=2.45e+04 dice=0.05012 dice_loss_raw=0.05012 iou=0.9054 loss_weight=0.1 raw_boundary_fn=723 raw_boundary_fp=990 raw_boundary_tp=2.45e+04 raw_dice_score=0.9499 raw_iou=0.9054 weighted_loss=0.01401
2026-08-01 01:17:43,419 - portable_sam_fusion - INFO - [DEBUG-CONTEXT] epoch=19 step=5500 enabled=0
2026-08-01 01:17:43,420 - portable_sam_fusion - INFO - [DEBUG-JITTER] epoch=19 step=5500 area_ratio_count=64 area_ratio_mean=1 area_ratio_sum=64 fallback_count=0 mean_iou=1 num_jittered=0 num_rois=64
2026-08-01 01:17:43,420 - portable_sam_fusion - INFO - [DEBUG-SP] epoch=19 step=5500 all_invalid_count=0 all_invalid_ratio=0 empty_count=0 empty_ratio=0 full_count=0 full_ratio=0 mean_point_distance=33.6 n1_gt_valid_count=64 n1_in_gt_bg=0.8594 n1_in_gt_bg_count=55 n1_valid_count=64 n1_valid_ratio=1 n2_gt_valid_count=64 n2_in_gt_bg=1 n2_in_gt_bg_count=64 n2_valid_count=64 n2_valid_ratio=1 neg_in_pred_bg=1 neg_in_pred_bg_count=128 negative_pair_count=64 negative_pair_distance_sum=3123 p1_gt_valid_count=64 p1_in_gt_fg=1 p1_in_gt_fg_count=64 p1_valid_count=64 p1_valid_ratio=1 p2_gt_valid_count=64 p2_in_gt_fg=1 p2_in_gt_fg_count=64 p2_valid_count=64 p2_valid_ratio=1 point_distance_sum=4301 point_overlap_count=0 point_overlap_ratio=0 point_pair_count=128 pos_in_pred_fg=1 pos_in_pred_fg_count=128 positive_pair_count=64 positive_pair_distance_sum=1178 roi_count=64 valid_neg_count=128 valid_pos_count=128 warmup_stage=2
2026-08-01 01:18:49,288 - portable_sam_fusion - INFO - [DEBUG-BOX] epoch=19 step=5550 fallback_count=0 fallback_ratio=0 num_rois=0 refined_proposal_iou=0 refined_proposal_iou_sum=0 refined_valid_count=0
2026-08-01 01:18:49,288 - portable_sam_fusion - INFO - [DEBUG-COARSE] epoch=19 step=5550 boundary_fn=0 boundary_fp=0 boundary_tp=0 dice=0 iou=0
2026-08-01 01:18:49,288 - portable_sam_fusion - INFO - [DEBUG-CONTEXT] epoch=19 step=5550 enabled=0
2026-08-01 01:18:49,288 - portable_sam_fusion - INFO - [DEBUG-JITTER] epoch=19 step=5550 area_ratio_count=0 area_ratio_mean=0 area_ratio_sum=0 fallback_count=0 mean_iou=0 num_jittered=0 num_rois=0
2026-08-01 01:18:49,288 - portable_sam_fusion - INFO - [DEBUG-SP] epoch=19 step=5550 all_invalid_count=0 all_invalid_ratio=0 empty_count=0 empty_ratio=0 full_count=0 full_ratio=0 mean_point_distance=50.31 n1_gt_valid_count=64 n1_in_gt_bg=0.9688 n1_in_gt_bg_count=62 n1_valid_count=64 n1_valid_ratio=1 n2_gt_valid_count=64 n2_in_gt_bg=1 n2_in_gt_bg_count=64 n2_valid_count=64 n2_valid_ratio=1 neg_in_pred_bg=1 neg_in_pred_bg_count=128 negative_pair_count=64 negative_pair_distance_sum=4940 p1_gt_valid_count=64 p1_in_gt_fg=1 p1_in_gt_fg_count=64 p1_valid_count=64 p1_valid_ratio=1 p2_gt_valid_count=64 p2_in_gt_fg=1 p2_in_gt_fg_count=64 p2_valid_count=64 p2_valid_ratio=1 point_distance_sum=6439 point_overlap_count=0 point_overlap_ratio=0 point_pair_count=128 pos_in_pred_fg=1 pos_in_pred_fg_count=128 positive_pair_count=64 positive_pair_distance_sum=1499 roi_count=64 valid_neg_count=128 valid_pos_count=128 warmup_stage=2
2026-08-01 01:19:07,732 - portable_sam_fusion - INFO - epoch 19 | mini-batch 272/294 | optimizer_step 1400/1480 | lr=4.630e-07
2026-08-01 01:19:36,195 - portable_sam_fusion - INFO - Epoch 19 detailed losses: loss_rpn_cls=0.0014, loss_rpn_bbox=0.0014, loss_cls=0.0683, acc=97.5151, loss_bbox=0.0236, loss_mask=0.2906, debug_mask_pos_rois=58.0068, debug_mask_logit_mean=0.3675, debug_mask_logit_std=3.2823, debug_mask_prob_mean=0.5243, debug_mask_prob_ge05=0.5437, debug_mask_target_fill=0.5235, loss_shape_prior=0.0153, schedule/det_weight=1.0000
2026-08-01 01:19:36,196 - portable_sam_fusion - INFO - Epoch 19 primary loss shares: det=23.63% final_mask=72.55% shape=3.81% p2_boundary=0.00%
2026-08-01 01:19:36,196 - portable_sam_fusion - INFO - Epoch 19 schedule: det_loss_weight=1.000 early_stop_start=1 min_delta=0.0005
2026-08-01 01:19:36,196 - portable_sam_fusion - INFO - Epoch 19 learning rates: sat_backbone=4.04e-07, mask_decoder=4.04e-07, shape_prior=4.04e-07, quality_head=4.04e-07, sat_other=4.04e-07
2026-08-01 01:22:19,913 - portable_sam_fusion - INFO - Validation samples: GT=15926, DT=15589, avg_masks_per_image=24.86, avg_mask_fill=0.0048
creating index...
index created!
Loading and preparing results...
DONE (t=0.02s)
creating index...
index created!
Running per image evaluation...
Evaluate annotation type *bbox*
DONE (t=10.11s).
Accumulating evaluation results...
DONE (t=0.14s).
 Average Precision  (AP) @[ IoU=0.50:0.95 | area=   all | maxDets=100 ] = 0.747
 Average Precision  (AP) @[ IoU=0.50      | area=   all | maxDets=100 ] = 0.891
 Average Precision  (AP) @[ IoU=0.75      | area=   all | maxDets=100 ] = 0.840
 Average Precision  (AP) @[ IoU=0.50:0.95 | area= small | maxDets=100 ] = 0.363
 Average Precision  (AP) @[ IoU=0.50:0.95 | area=medium | maxDets=100 ] = 0.780
 Average Precision  (AP) @[ IoU=0.50:0.95 | area= large | maxDets=100 ] = 0.860
 Average Recall     (AR) @[ IoU=0.50:0.95 | area=   all | maxDets=  1 ] = 0.028
 Average Recall     (AR) @[ IoU=0.50:0.95 | area=   all | maxDets= 10 ] = 0.203
 Average Recall     (AR) @[ IoU=0.50:0.95 | area=   all | maxDets=100 ] = 0.787
 Average Recall     (AR) @[ IoU=0.50:0.95 | area= small | maxDets=100 ] = 0.440
 Average Recall     (AR) @[ IoU=0.50:0.95 | area=medium | maxDets=100 ] = 0.825
 Average Recall     (AR) @[ IoU=0.50:0.95 | area= large | maxDets=100 ] = 0.899
2026-08-01 01:22:30,338 - portable_sam_fusion - INFO - Validation bbox/mAP: 0.7470 bbox/mAP_75: 0.8395
Running per image evaluation...
Evaluate annotation type *segm*
DONE (t=10.59s).
Accumulating evaluation results...
DONE (t=0.15s).
 Average Precision  (AP) @[ IoU=0.50:0.95 | area=   all | maxDets=100 ] = 0.520
 Average Precision  (AP) @[ IoU=0.50      | area=   all | maxDets=100 ] = 0.890
 Average Precision  (AP) @[ IoU=0.75      | area=   all | maxDets=100 ] = 0.595
 Average Precision  (AP) @[ IoU=0.50:0.95 | area= small | maxDets=100 ] = 0.295
 Average Precision  (AP) @[ IoU=0.50:0.95 | area=medium | maxDets=100 ] = 0.574
 Average Precision  (AP) @[ IoU=0.50:0.95 | area= large | maxDets=100 ] = 0.524
 Average Recall     (AR) @[ IoU=0.50:0.95 | area=   all | maxDets=  1 ] = 0.020
 Average Recall     (AR) @[ IoU=0.50:0.95 | area=   all | maxDets= 10 ] = 0.145
 Average Recall     (AR) @[ IoU=0.50:0.95 | area=   all | maxDets=100 ] = 0.585
 Average Recall     (AR) @[ IoU=0.50:0.95 | area= small | maxDets=100 ] = 0.360
 Average Recall     (AR) @[ IoU=0.50:0.95 | area=medium | maxDets=100 ] = 0.635
 Average Recall     (AR) @[ IoU=0.50:0.95 | area= large | maxDets=100 ] = 0.588
2026-08-01 01:22:41,100 - portable_sam_fusion - INFO - Validation segm/mAP: 0.5201
2026-08-01 01:22:41,641 - portable_sam_fusion - INFO - New best bbox/mAP: 0.7470
2026-08-01 01:22:41,641 - portable_sam_fusion - INFO - New best early-stop metric (segm/mAP): raw=0.5201 smooth(5)=0.5180
2026-08-01 01:22:44,013 - portable_sam_fusion - INFO - Saved best_bbox_model with bbox/mAP: 0.7470
2026-08-01 01:22:49,531 - portable_sam_fusion - INFO - Epoch 19/20 | train=0.400525 val=disabled segm/mAP=0.5201 bbox/mAP=0.7470 | best_segm=0.5223 best_bbox=0.7470 best_comp=0.0000 | sat_backbone=4.04e-07 mask_decoder=4.04e-07 shape_prior=4.04e-07 quality_head=4.04e-07 sat_other=4.04e-07
2026-08-01 01:23:08,851 - portable_sam_fusion - INFO - [DEBUG-BOX] epoch=20 step=5600 fallback_count=0 fallback_ratio=0 num_rois=64 refined_proposal_iou=0 refined_proposal_iou_sum=0 refined_valid_count=0
2026-08-01 01:23:08,851 - portable_sam_fusion - INFO - [DEBUG-COARSE] epoch=20 step=5600 bce_raw=0.1116 boundary_fn=1571 boundary_fp=1318 boundary_tp=2.63e+04 dice=0.05919 dice_loss_raw=0.05919 iou=0.8897 loss_weight=0.1 raw_boundary_fn=1571 raw_boundary_fp=1318 raw_boundary_tp=2.63e+04 raw_dice_score=0.9408 raw_iou=0.8897 weighted_loss=0.01707
2026-08-01 01:23:08,851 - portable_sam_fusion - INFO - [DEBUG-CONTEXT] epoch=20 step=5600 enabled=0
2026-08-01 01:23:08,851 - portable_sam_fusion - INFO - [DEBUG-JITTER] epoch=20 step=5600 area_ratio_count=64 area_ratio_mean=1 area_ratio_sum=64 fallback_count=0 mean_iou=1 num_jittered=0 num_rois=64
2026-08-01 01:23:08,851 - portable_sam_fusion - INFO - [DEBUG-SP] epoch=20 step=5600 all_invalid_count=0 all_invalid_ratio=0 empty_count=0 empty_ratio=0 full_count=0 full_ratio=0 mean_point_distance=30.21 n1_gt_valid_count=64 n1_in_gt_bg=0.7812 n1_in_gt_bg_count=50 n1_valid_count=64 n1_valid_ratio=1 n2_gt_valid_count=64 n2_in_gt_bg=1 n2_in_gt_bg_count=64 n2_valid_count=64 n2_valid_ratio=1 neg_in_pred_bg=1 neg_in_pred_bg_count=128 negative_pair_count=64 negative_pair_distance_sum=3025 p1_gt_valid_count=64 p1_in_gt_fg=1 p1_in_gt_fg_count=64 p1_valid_count=64 p1_valid_ratio=1 p2_gt_valid_count=64 p2_in_gt_fg=1 p2_in_gt_fg_count=64 p2_valid_count=64 p2_valid_ratio=1 point_distance_sum=3867 point_overlap_count=0 point_overlap_ratio=0 point_pair_count=128 pos_in_pred_fg=1 pos_in_pred_fg_count=128 positive_pair_count=64 positive_pair_distance_sum=842 roi_count=64 valid_neg_count=128 valid_pos_count=128 warmup_stage=2
2026-08-01 01:24:14,684 - portable_sam_fusion - INFO - [DEBUG-BOX] epoch=20 step=5650 fallback_count=0 fallback_ratio=0 num_rois=64 refined_proposal_iou=0 refined_proposal_iou_sum=0 refined_valid_count=0
2026-08-01 01:24:14,684 - portable_sam_fusion - INFO - [DEBUG-COARSE] epoch=20 step=5650 bce_raw=0.1352 boundary_fn=1405 boundary_fp=1481 boundary_tp=2.763e+04 dice=0.0743 dice_loss_raw=0.0743 iou=0.8652 loss_weight=0.1 raw_boundary_fn=1405 raw_boundary_fp=1481 raw_boundary_tp=2.763e+04 raw_dice_score=0.9257 raw_iou=0.8652 weighted_loss=0.02095
2026-08-01 01:24:14,684 - portable_sam_fusion - INFO - [DEBUG-CONTEXT] epoch=20 step=5650 enabled=0
2026-08-01 01:24:14,684 - portable_sam_fusion - INFO - [DEBUG-JITTER] epoch=20 step=5650 area_ratio_count=64 area_ratio_mean=1 area_ratio_sum=64 fallback_count=0 mean_iou=1 num_jittered=0 num_rois=64
2026-08-01 01:24:14,684 - portable_sam_fusion - INFO - [DEBUG-SP] epoch=20 step=5650 all_invalid_count=0 all_invalid_ratio=0 empty_count=0 empty_ratio=0 full_count=0 full_ratio=0 mean_point_distance=29.13 n1_gt_valid_count=64 n1_in_gt_bg=0.9375 n1_in_gt_bg_count=60 n1_valid_count=64 n1_valid_ratio=1 n2_gt_valid_count=64 n2_in_gt_bg=1 n2_in_gt_bg_count=64 n2_valid_count=64 n2_valid_ratio=1 neg_in_pred_bg=1 neg_in_pred_bg_count=128 negative_pair_count=64 negative_pair_distance_sum=2737 p1_gt_valid_count=64 p1_in_gt_fg=1 p1_in_gt_fg_count=64 p1_valid_count=64 p1_valid_ratio=1 p2_gt_valid_count=64 p2_in_gt_fg=0.9844 p2_in_gt_fg_count=63 p2_valid_count=64 p2_valid_ratio=1 point_distance_sum=3728 point_overlap_count=0 point_overlap_ratio=0 point_pair_count=128 pos_in_pred_fg=1 pos_in_pred_fg_count=128 positive_pair_count=64 positive_pair_distance_sum=991 roi_count=64 valid_neg_count=128 valid_pos_count=128 warmup_stage=2
2026-08-01 01:25:19,232 - portable_sam_fusion - INFO - [DEBUG-BOX] epoch=20 step=5700 fallback_count=0 fallback_ratio=0 num_rois=64 refined_proposal_iou=0 refined_proposal_iou_sum=0 refined_valid_count=0
2026-08-01 01:25:19,232 - portable_sam_fusion - INFO - [DEBUG-COARSE] epoch=20 step=5700 bce_raw=0.1396 boundary_fn=2103 boundary_fp=1696 boundary_tp=2.65e+04 dice=0.06627 dice_loss_raw=0.06627 iou=0.8788 loss_weight=0.1 raw_boundary_fn=2103 raw_boundary_fp=1696 raw_boundary_tp=2.65e+04 raw_dice_score=0.9337 raw_iou=0.8788 weighted_loss=0.02059
2026-08-01 01:25:19,232 - portable_sam_fusion - INFO - [DEBUG-CONTEXT] epoch=20 step=5700 enabled=0
2026-08-01 01:25:19,232 - portable_sam_fusion - INFO - [DEBUG-JITTER] epoch=20 step=5700 area_ratio_count=64 area_ratio_mean=1 area_ratio_sum=64 fallback_count=0 mean_iou=1 num_jittered=0 num_rois=64
2026-08-01 01:25:19,232 - portable_sam_fusion - INFO - [DEBUG-SP] epoch=20 step=5700 all_invalid_count=0 all_invalid_ratio=0 empty_count=0 empty_ratio=0 full_count=0 full_ratio=0 mean_point_distance=31.91 n1_gt_valid_count=64 n1_in_gt_bg=0.9062 n1_in_gt_bg_count=58 n1_valid_count=64 n1_valid_ratio=1 n2_gt_valid_count=64 n2_in_gt_bg=0.9844 n2_in_gt_bg_count=63 n2_valid_count=64 n2_valid_ratio=1 neg_in_pred_bg=1 neg_in_pred_bg_count=128 negative_pair_count=64 negative_pair_distance_sum=3066 p1_gt_valid_count=64 p1_in_gt_fg=1 p1_in_gt_fg_count=64 p1_valid_count=64 p1_valid_ratio=1 p2_gt_valid_count=64 p2_in_gt_fg=1 p2_in_gt_fg_count=64 p2_valid_count=64 p2_valid_ratio=1 point_distance_sum=4085 point_overlap_count=0 point_overlap_ratio=0 point_pair_count=128 pos_in_pred_fg=1 pos_in_pred_fg_count=128 positive_pair_count=64 positive_pair_distance_sum=1019 roi_count=64 valid_neg_count=128 valid_pos_count=128 warmup_stage=2
2026-08-01 01:26:25,900 - portable_sam_fusion - INFO - [DEBUG-BOX] epoch=20 step=5750 fallback_count=0 fallback_ratio=0 num_rois=64 refined_proposal_iou=0 refined_proposal_iou_sum=0 refined_valid_count=0
2026-08-01 01:26:25,900 - portable_sam_fusion - INFO - [DEBUG-COARSE] epoch=20 step=5750 bce_raw=0.1128 boundary_fn=1329 boundary_fp=1359 boundary_tp=2.669e+04 dice=0.05578 dice_loss_raw=0.05578 iou=0.8959 loss_weight=0.1 raw_boundary_fn=1329 raw_boundary_fp=1359 raw_boundary_tp=2.669e+04 raw_dice_score=0.9442 raw_iou=0.8959 weighted_loss=0.01686
2026-08-01 01:26:25,900 - portable_sam_fusion - INFO - [DEBUG-CONTEXT] epoch=20 step=5750 enabled=0
2026-08-01 01:26:25,900 - portable_sam_fusion - INFO - [DEBUG-JITTER] epoch=20 step=5750 area_ratio_count=64 area_ratio_mean=1 area_ratio_sum=64 fallback_count=0 mean_iou=1 num_jittered=0 num_rois=64
2026-08-01 01:26:25,900 - portable_sam_fusion - INFO - [DEBUG-SP] epoch=20 step=5750 all_invalid_count=0 all_invalid_ratio=0 empty_count=0 empty_ratio=0 full_count=0 full_ratio=0 mean_point_distance=33.69 n1_gt_valid_count=64 n1_in_gt_bg=0.9375 n1_in_gt_bg_count=60 n1_valid_count=64 n1_valid_ratio=1 n2_gt_valid_count=64 n2_in_gt_bg=1 n2_in_gt_bg_count=64 n2_valid_count=64 n2_valid_ratio=1 neg_in_pred_bg=1 neg_in_pred_bg_count=128 negative_pair_count=64 negative_pair_distance_sum=3251 p1_gt_valid_count=64 p1_in_gt_fg=1 p1_in_gt_fg_count=64 p1_valid_count=64 p1_valid_ratio=1 p2_gt_valid_count=64 p2_in_gt_fg=1 p2_in_gt_fg_count=64 p2_valid_count=64 p2_valid_ratio=1 point_distance_sum=4312 point_overlap_count=0 point_overlap_ratio=0 point_pair_count=128 pos_in_pred_fg=1 pos_in_pred_fg_count=128 positive_pair_count=64 positive_pair_distance_sum=1061 roi_count=64 valid_neg_count=128 valid_pos_count=128 warmup_stage=2
2026-08-01 01:26:41,646 - portable_sam_fusion - INFO - epoch 20 | mini-batch 176/294 | optimizer_step 1450/1480 | lr=1.082e-07
2026-08-01 01:27:32,028 - portable_sam_fusion - INFO - [DEBUG-BOX] epoch=20 step=5800 fallback_count=0 fallback_ratio=0 num_rois=34 refined_proposal_iou=0 refined_proposal_iou_sum=0 refined_valid_count=0
2026-08-01 01:27:32,028 - portable_sam_fusion - INFO - [DEBUG-COARSE] epoch=20 step=5800 bce_raw=0.0486 boundary_fn=46 boundary_fp=41 boundary_tp=1.329e+04 dice=0.02501 dice_loss_raw=0.02501 iou=0.9513 loss_weight=0.1 raw_boundary_fn=46 raw_boundary_fp=41 raw_boundary_tp=1.329e+04 raw_dice_score=0.975 raw_iou=0.9513 weighted_loss=0.007361
2026-08-01 01:27:32,028 - portable_sam_fusion - INFO - [DEBUG-CONTEXT] epoch=20 step=5800 enabled=0
2026-08-01 01:27:32,028 - portable_sam_fusion - INFO - [DEBUG-JITTER] epoch=20 step=5800 area_ratio_count=34 area_ratio_mean=1 area_ratio_sum=34 fallback_count=0 mean_iou=1 num_jittered=0 num_rois=34
2026-08-01 01:27:32,028 - portable_sam_fusion - INFO - [DEBUG-SP] epoch=20 step=5800 all_invalid_count=0 all_invalid_ratio=0 empty_count=0 empty_ratio=0 full_count=0 full_ratio=0 mean_point_distance=46.94 n1_gt_valid_count=34 n1_in_gt_bg=1 n1_in_gt_bg_count=34 n1_valid_count=34 n1_valid_ratio=1 n2_gt_valid_count=34 n2_in_gt_bg=1 n2_in_gt_bg_count=34 n2_valid_count=34 n2_valid_ratio=1 neg_in_pred_bg=1 neg_in_pred_bg_count=68 negative_pair_count=34 negative_pair_distance_sum=2209 p1_gt_valid_count=34 p1_in_gt_fg=1 p1_in_gt_fg_count=34 p1_valid_count=34 p1_valid_ratio=1 p2_gt_valid_count=34 p2_in_gt_fg=1 p2_in_gt_fg_count=34 p2_valid_count=34 p2_valid_ratio=1 point_distance_sum=3192 point_overlap_count=0 point_overlap_ratio=0 point_pair_count=68 pos_in_pred_fg=1 pos_in_pred_fg_count=68 positive_pair_count=34 positive_pair_distance_sum=982.6 roi_count=34 valid_neg_count=68 valid_pos_count=68 warmup_stage=2
2026-08-01 01:28:39,253 - portable_sam_fusion - INFO - [DEBUG-BOX] epoch=20 step=5850 fallback_count=0 fallback_ratio=0 num_rois=64 refined_proposal_iou=0 refined_proposal_iou_sum=0 refined_valid_count=0
2026-08-01 01:28:39,253 - portable_sam_fusion - INFO - [DEBUG-COARSE] epoch=20 step=5850 bce_raw=0.1088 boundary_fn=1441 boundary_fp=1840 boundary_tp=2.324e+04 dice=0.05026 dice_loss_raw=0.05026 iou=0.906 loss_weight=0.1 raw_boundary_fn=1441 raw_boundary_fp=1840 raw_boundary_tp=2.324e+04 raw_dice_score=0.9497 raw_iou=0.906 weighted_loss=0.01591
2026-08-01 01:28:39,253 - portable_sam_fusion - INFO - [DEBUG-CONTEXT] epoch=20 step=5850 enabled=0
2026-08-01 01:28:39,253 - portable_sam_fusion - INFO - [DEBUG-JITTER] epoch=20 step=5850 area_ratio_count=64 area_ratio_mean=1 area_ratio_sum=64 fallback_count=0 mean_iou=1 num_jittered=0 num_rois=64
2026-08-01 01:28:39,253 - portable_sam_fusion - INFO - [DEBUG-SP] epoch=20 step=5850 all_invalid_count=0 all_invalid_ratio=0 empty_count=0 empty_ratio=0 full_count=0 full_ratio=0 mean_point_distance=23.92 n1_gt_valid_count=64 n1_in_gt_bg=0.8281 n1_in_gt_bg_count=53 n1_valid_count=64 n1_valid_ratio=1 n2_gt_valid_count=64 n2_in_gt_bg=1 n2_in_gt_bg_count=64 n2_valid_count=64 n2_valid_ratio=1 neg_in_pred_bg=1 neg_in_pred_bg_count=128 negative_pair_count=64 negative_pair_distance_sum=2311 p1_gt_valid_count=64 p1_in_gt_fg=1 p1_in_gt_fg_count=64 p1_valid_count=64 p1_valid_ratio=1 p2_gt_valid_count=64 p2_in_gt_fg=1 p2_in_gt_fg_count=64 p2_valid_count=64 p2_valid_ratio=1 point_distance_sum=3061 point_overlap_count=0 point_overlap_ratio=0 point_pair_count=128 pos_in_pred_fg=1 pos_in_pred_fg_count=128 positive_pair_count=64 positive_pair_distance_sum=750.3 roi_count=64 valid_neg_count=128 valid_pos_count=128 warmup_stage=2
2026-08-01 01:29:18,746 - portable_sam_fusion - INFO - Epoch 20 detailed losses: loss_rpn_cls=0.0016, loss_rpn_bbox=0.0013, loss_cls=0.0653, acc=97.5341, loss_bbox=0.0223, loss_mask=0.2825, debug_mask_pos_rois=57.2993, debug_mask_logit_mean=0.4116, debug_mask_logit_std=3.2563, debug_mask_prob_mean=0.5226, debug_mask_prob_ge05=0.5426, debug_mask_target_fill=0.5229, loss_shape_prior=0.0147, schedule/det_weight=1.0000
2026-08-01 01:29:18,747 - portable_sam_fusion - INFO - Epoch 20 primary loss shares: det=23.36% final_mask=72.85% shape=3.79% p2_boundary=0.00%
2026-08-01 01:29:18,747 - portable_sam_fusion - INFO - Epoch 20 schedule: det_loss_weight=1.000 early_stop_start=1 min_delta=0.0005
2026-08-01 01:29:18,747 - portable_sam_fusion - INFO - Epoch 20 learning rates: sat_backbone=5.00e-08, mask_decoder=5.00e-08, shape_prior=5.00e-08, quality_head=5.00e-08, sat_other=5.00e-08
2026-08-01 01:32:02,533 - portable_sam_fusion - INFO - Validation samples: GT=15926, DT=15592, avg_masks_per_image=24.87, avg_mask_fill=0.0048
creating index...
index created!
Loading and preparing results...
DONE (t=0.02s)
creating index...
index created!
Running per image evaluation...
Evaluate annotation type *bbox*
DONE (t=10.11s).
Accumulating evaluation results...
DONE (t=0.15s).
 Average Precision  (AP) @[ IoU=0.50:0.95 | area=   all | maxDets=100 ] = 0.747
 Average Precision  (AP) @[ IoU=0.50      | area=   all | maxDets=100 ] = 0.891
 Average Precision  (AP) @[ IoU=0.75      | area=   all | maxDets=100 ] = 0.840
 Average Precision  (AP) @[ IoU=0.50:0.95 | area= small | maxDets=100 ] = 0.365
 Average Precision  (AP) @[ IoU=0.50:0.95 | area=medium | maxDets=100 ] = 0.780
 Average Precision  (AP) @[ IoU=0.50:0.95 | area= large | maxDets=100 ] = 0.860
 Average Recall     (AR) @[ IoU=0.50:0.95 | area=   all | maxDets=  1 ] = 0.028
 Average Recall     (AR) @[ IoU=0.50:0.95 | area=   all | maxDets= 10 ] = 0.203
 Average Recall     (AR) @[ IoU=0.50:0.95 | area=   all | maxDets=100 ] = 0.787
 Average Recall     (AR) @[ IoU=0.50:0.95 | area= small | maxDets=100 ] = 0.440
 Average Recall     (AR) @[ IoU=0.50:0.95 | area=medium | maxDets=100 ] = 0.825
 Average Recall     (AR) @[ IoU=0.50:0.95 | area= large | maxDets=100 ] = 0.899
2026-08-01 01:32:12,967 - portable_sam_fusion - INFO - Validation bbox/mAP: 0.7469 bbox/mAP_75: 0.8395
Running per image evaluation...
Evaluate annotation type *segm*
DONE (t=10.65s).
Accumulating evaluation results...
DONE (t=0.15s).
 Average Precision  (AP) @[ IoU=0.50:0.95 | area=   all | maxDets=100 ] = 0.518
 Average Precision  (AP) @[ IoU=0.50      | area=   all | maxDets=100 ] = 0.890
 Average Precision  (AP) @[ IoU=0.75      | area=   all | maxDets=100 ] = 0.594
 Average Precision  (AP) @[ IoU=0.50:0.95 | area= small | maxDets=100 ] = 0.295
 Average Precision  (AP) @[ IoU=0.50:0.95 | area=medium | maxDets=100 ] = 0.573
 Average Precision  (AP) @[ IoU=0.50:0.95 | area= large | maxDets=100 ] = 0.523
 Average Recall     (AR) @[ IoU=0.50:0.95 | area=   all | maxDets=  1 ] = 0.020
 Average Recall     (AR) @[ IoU=0.50:0.95 | area=   all | maxDets= 10 ] = 0.145
 Average Recall     (AR) @[ IoU=0.50:0.95 | area=   all | maxDets=100 ] = 0.584
 Average Recall     (AR) @[ IoU=0.50:0.95 | area= small | maxDets=100 ] = 0.360
 Average Recall     (AR) @[ IoU=0.50:0.95 | area=medium | maxDets=100 ] = 0.634
 Average Recall     (AR) @[ IoU=0.50:0.95 | area= large | maxDets=100 ] = 0.587
2026-08-01 01:32:23,797 - portable_sam_fusion - INFO - Validation segm/mAP: 0.5182
2026-08-01 01:32:24,359 - portable_sam_fusion - INFO - New best early-stop metric (segm/mAP): raw=0.5182 smooth(5)=0.5188
2026-08-01 01:32:24,359 - portable_sam_fusion - INFO - Epoch 20/20 | train=0.387763 val=disabled segm/mAP=0.5182 bbox/mAP=0.7469 | best_segm=0.5223 best_bbox=0.7470 best_comp=0.0000 | sat_backbone=5.00e-08 mask_decoder=5.00e-08 shape_prior=5.00e-08 quality_head=5.00e-08 sat_other=5.00e-08
