terminal_log=/home/wangcheng/project/new/portable_sam2_explicit_coarse/logs/ablations/r1_c3_pafpn_coarse_points_box_emb64_tr0.2_va1.0_20260730_201052_pid660256.log
/home/wangcheng/miniconda3/envs/cvt2/lib/python3.9/site-packages/imagecorruptions/corruptions.py:17: UserWarning: pkg_resources is deprecated as an API. See https://setuptools.pypa.io/en/latest/pkg_resources.html. The pkg_resources package is slated for removal as early as 2025-11-30. Refrain from using this package or pin to Setuptools<81.
  from pkg_resources import resource_filename
{"ablation_id": "r1_c3_pafpn_coarse_points_box_emb64", "architecture_contract": {"architecture_id": "r1_c3_pafpn_coarse_points_box_emb64", "model_fingerprint": "6aeec3cb6f115efda3adad3a0e79d9cb706c758bcd81ac0917667a45d4dd63eb", "schema_version": 2}, "config": "configs/whu1024_baseplus_explicit_coarse.py", "dense_prompt_config": {"clamp_range": [-8.0, 8.0], "detach_input": false, "foreground_threshold": 0.5, "gaussian_gamma": 4.0, "gaussian_omega": 15.0, "outside_fill_logit": 0.0, "temperature": 1.0, "transform": "raw_logits"}, "dense_prompt_enabled": false, "explicit_prompt_mode": "points_box", "final_mask_coordinate_mode": "full_image", "final_mask_loss_config": {}, "final_mask_loss_mode": "standard", "neck": "RSSAM2PAFPN", "p2_boundary_refiner_config": {"aligned": true, "beta": 0.2, "boundary_band_radius": 2, "boundary_loss_weight": 0.05, "coarse_size": 64, "delta_logit_max": 2.0, "enabled": false, "foreground_thr": 0.5, "max_search_coverage": 0.5, "mid_channels": 64, "p2_in_channels": 512, "projected_channels": 64, "roi_output_size": 32, "sampling_ratio": 0, "search_band_radius": 4, "spatial_scale": 0.25, "zero_init_residual": true}, "p2_boundary_refiner_enabled": false, "prompt_encoder_enabled": true, "prompt_encoder_train_mask_downscaling": false, "prompt_route": "coarse", "prompt_sparse_mode": "shape_point", "quality_head_enabled": false, "roi_sam_config": {}, "roi_sam_enabled": false, "sam_image_embedding_size": 64, "sam_image_embedding_stride": 16, "segm_score_key": "scores", "segm_score_mode": "detector", "shape_context_fusion": "roi_only", "shape_loss_schedule_mode": "fixed", "shape_point_adaptive_validity": true, "shape_prior_enabled": true, "shape_prior_loss_weight": 0.1, "subset_seed": 44, "train_subset_ratio": 0.2, "val_subset_ratio": 1.0}
ablation contract: OK
============================================================
resolved_hyperparameters_begin
timestamp=20260730_201052
environment_config=/home/wangcheng/project/new/portable_sam2_explicit_coarse/configs/environment.local.sh
git_commit=6e87c36e978eda21ac797c628c59ac4f2ab1c079
ablation_id=r1_c3_pafpn_coarse_points_box_emb64
expected_architecture_id=r1_c3_pafpn_coarse_points_box_emb64
run_tag=r1_c3_pafpn_coarse_points_box_emb64
run_suffix=
neck_type=pafpn
prompt_route=coarse
prompt_generator_mode=explicit_mask
prompt_sparse_mode=shape_point
prompt_encoder_enabled=1
shape_prior_enabled=1
explicit_prompt_mode=points_box
shape_dense_transform=raw_logits
shape_dense_detach=0
shape_gaussian_foreground_threshold=0.5
shape_gaussian_omega=15.0
shape_gaussian_gamma=4.0
p2_boundary_refiner_enabled=0
final_mask_coordinate_mode=full_image
final_mask_loss_mode=standard
final_mask_roi_expand_ratio=1.20
final_mask_roi_bce_weight=1.0
final_mask_roi_dice_weight=1.0
final_mask_outside_bce_weight=0.05
roi_sam_enabled=0
roi_sam_sampling_ratio=2
sam_image_embedding_stride=16
sam_image_embedding_size=64
train_subset_ratio=0.2
val_subset_ratio=1.0
val_batch_size=1
subset_seed=44
python=/home/wangcheng/miniconda3/envs/cvt2/bin/python
nproc_per_node=2
master_port=20256
master_port_source=auto_pid
ddp_timeout_seconds=1800
ddp_timeout_source=baseline_default
ddp_control_backend=gloo
ddp_control_timeout_seconds=86400
cuda_visible_devices=1,2
batch_size_per_rank=1
grad_accum_steps=4
effective_global_batch_size=8
epochs=80
learning_rate=5e-4
amp=0
ema_enabled=0
ema_decay=0.999
ema_eval=0
ema_save_best=0
val_every_n_epochs=1
compute_val_loss=0
save_bbox_best_metric=bbox/mAP
segm_score_mode=detector
early_stopping_patience=10
early_stopping_start_epoch=20
early_stopping_min_delta=5e-4
early_stopping_smooth_window=5
sat_backbone_lr_mult=1.0
sat_other_lr_mult=1.0
mask_decoder_lr_mult=1.0
no_mask_lr_mult=1.0
prompt_encoder_lr_mult=0.0
prompt_encoder_train_mask_downscaling=0
shape_prior_lr_mult=1.0
shape_context_fusion=roi_only
p2_boundary_refiner_lr_mult=1.0
p2_boundary_refiner_projected_channels=64
p2_boundary_refiner_mid_channels=64
p2_boundary_refiner_delta_logit_max=2.0
p2_boundary_refiner_loss_weight=0.05
allow_cross_arch_init=0
warmup_iters=100
weight_decay=0.05
det_loss_stage1_end=5
det_loss_stage2_end=10
det_loss_weight_stage1=1.0
det_loss_weight_stage2=1.0
det_loss_weight_stage3=1.0
ema_update_every=1
ema_eval_start_epoch=5
shape_point_adaptive_validity=1
shape_loss_schedule_mode=fixed
shape_prior_loss_weight=0.10
shape_loss_stage1_end=5
shape_loss_weight_stage1=0.20
shape_loss_weight_stage2=0.10
point_warmup_enabled=0
point_warmup_no_point_epochs=0
point_warmup_one_pair_epochs=0
point_warmup_full_start_epoch=1
prompt_debug_stats=1
prompt_debug_stats_interval=50
max_train_batches=0
max_val_batches=0
init_from=
init_exclude_prefixes=
resume_from=
check_data=0
preflight_model=0
dry_run=0
run_in_background=1
sam2_repo=/home/wangcheng/project/new/sam2
sam2_checkpoint=/data1/wangcheng/pretrained/sam2_hiera_base_plus.pt
data_root=/data1/wangcheng/dataset/WHU
checkpoint_root=/data1/wangcheng/checkpoint/portable_sam2_explicit_coarse
log_root=/home/wangcheng/project/new/portable_sam2_explicit_coarse/logs
tmp_root=/tmp/portable_sam2_explicit_coarse
config=configs/whu1024_baseplus_explicit_coarse.py
checkpoint_dir=/data1/wangcheng/checkpoint/portable_sam2_explicit_coarse/ablations/r1_c3_pafpn_coarse_points_box_emb64_tr0.2_va1.0
log_file=/home/wangcheng/project/new/portable_sam2_explicit_coarse/logs/ablations/r1_c3_pafpn_coarse_points_box_emb64_tr0.2_va1.0_20260730_201052_pid660256.log
command= /home/wangcheng/miniconda3/envs/cvt2/bin/python -m torch.distributed.run --nproc_per_node=2 --master_port=20256 train/train_rsprompter_fusion.py --config configs/whu1024_baseplus_explicit_coarse.py --data-root /data1/wangcheng/dataset/WHU --use-whu-coco --image-size 1024 1024 --batch-size 1 --grad-accum-steps 4 --epochs 80 --lr 5e-4 --checkpoint-dir /data1/wangcheng/checkpoint/portable_sam2_explicit_coarse/ablations/r1_c3_pafpn_coarse_points_box_emb64_tr0.2_va1.0 --train-subset-ratio 0.2 --val-subset-ratio 1.0 --val-batch-size 1 --seed 44 --amp 0 --ema-enabled 0 --ema-decay 0.999 --ema-eval 0 --ema-save-best 0 --val-every-n-epochs 1 --compute-val-loss 0 --early-stopping-patience 10 --early-stopping-start-epoch 20 --early-stopping-min-delta 5e-4 --early-stopping-smooth-window 5 --sat-backbone-lr-mult 1.0 --sat-other-lr-mult 1.0 --mask-decoder-lr-mult 1.0 --no-mask-lr-mult 1.0 --prompt-encoder-lr-mult 0.0 --shape-prior-lr-mult 1.0 --p2-boundary-refiner-lr-mult 1.0 --warmup-iters 100 --weight-decay 0.05 --det-loss-stage1-end 5 --det-loss-stage2-end 10 --det-loss-weight-stage1 1.0 --det-loss-weight-stage2 1.0 --det-loss-weight-stage3 1.0 --ema-update-every 1 --ema-eval-start-epoch 5 --prompt-debug-stats 1 --prompt-debug-stats-interval 50
resolved_hyperparameters_end
============================================================
launch_mode=background
background_pid=660461
follow_log=tail -f /home/wangcheng/project/new/portable_sam2_explicit_coarse/logs/ablations/r1_c3_pafpn_coarse_points_box_emb64_tr0.2_va1.0_20260730_201052_pid660256.log
status_command=ps -fp 660461

*****************************************
Setting OMP_NUM_THREADS environment variable for each process to be 1 in default, to avoid your system being overloaded, please further tune the variable for optimal performance in your application as needed. 
*****************************************
/home/wangcheng/miniconda3/envs/cvt2/lib/python3.9/site-packages/imagecorruptions/corruptions.py:17: UserWarning: pkg_resources is deprecated as an API. See https://setuptools.pypa.io/en/latest/pkg_resources.html. The pkg_resources package is slated for removal as early as 2025-11-30. Refrain from using this package or pin to Setuptools<81.
  from pkg_resources import resource_filename
[seed] Random seed fixed to 44 | cudnn.deterministic=True
/home/wangcheng/miniconda3/envs/cvt2/lib/python3.9/site-packages/imagecorruptions/corruptions.py:17: UserWarning: pkg_resources is deprecated as an API. See https://setuptools.pypa.io/en/latest/pkg_resources.html. The pkg_resources package is slated for removal as early as 2025-11-30. Refrain from using this package or pin to Setuptools<81.
  from pkg_resources import resource_filename
[Gloo] Rank [Gloo] Rank 10 is connected to  is connected to 11 peer ranks.  peer ranks. Expected number of connected peer ranks is : Expected number of connected peer ranks is : 11

2026-07-30 20:11:05,441 - portable_sam_fusion - INFO - DDP process-group timeout: 1800 seconds
2026-07-30 20:11:05,442 - portable_sam_fusion - INFO - DDP validation control: backend=gloo timeout=86400 seconds
2026-07-30 20:11:06,254 - portable_sam_fusion - INFO - Architecture contract: id=r1_c3_pafpn_coarse_points_box_emb64 schema=2 fingerprint=6aeec3cb6f115efda3adad3a0e79d9cb706c758bcd81ac0917667a45d4dd63eb
[RSSAM2VisionEncoder] Loading SAM2 base_plus model
  - embed_dim: 112
  - stages: (2, 3, 16, 3)
  - backbone_channels: [896, 448, 224, 112]
Loads checkpoint by local backend from path: /data1/wangcheng/pretrained/sam2_hiera_base_plus.pt
Loads checkpoint by local backend from path: /data1/wangcheng/pretrained/sam2_hiera_base_plus.pt
[ImageEncoder(base_plus)] Loaded 306 keys. missing=0, unexpected=0
[RSSAM2VisionEncoder] Applied LoRA with config:
  - r=16, alpha=32
  - target_modules=['qkv', 'proj']
  - dropout=0.05
  - modules_to_save=['neck']
trainable params: 1,492,528 || all params: 70,599,344 || trainable%: 2.114081966540652
[RSSAM2VisionEncoder] LoRA audit: backbone total=70599344, trainable=1492528, lora_trainable=1061424, unexpected_trainable=0
Loads checkpoint by local backend from path: /data1/wangcheng/pretrained/sam2_hiera_base_plus.pt
[SAM2] using package: /home/wangcheng/project/new/sam2/sam2/__init__.py
Loads checkpoint by local backend from path: /data1/wangcheng/pretrained/sam2_hiera_base_plus.pt
Loads checkpoint by local backend from path: /data1/wangcheng/pretrained/sam2_hiera_base_plus.pt
Loads checkpoint by local backend from path: /data1/wangcheng/pretrained/sam2_hiera_base_plus.pt
[MaskDecoder] Loaded 131 keys. missing=0, unexpected=0
  use_high_res_features: True
  Has conv_s0: True
  Has conv_s1: True
Loads checkpoint by local backend from path: /data1/wangcheng/pretrained/sam2_hiera_base_plus.pt
[MaskHead] Initialized no_mask_embed from SAM2 ckpt, frozen, abs_mean=0.01521041
Loads checkpoint by local backend from path: /data1/wangcheng/pretrained/sam2_hiera_base_plus.pt
[PromptEncoder] Loaded 17 keys. missing=0, unexpected=0
2026-07-30 20:11:08,569 - portable_sam_fusion - INFO - Evaluation score contract: bbox=scores segm=scores mode=detector
2026-07-30 20:11:10,975 - data.whu_instance_dataset - INFO - 加载 WHU 样本: 2943 (train.json)
2026-07-30 20:11:11,129 - data.loader - INFO - WHU train subset: 588/2943 images (ratio=0.200000, seed=44)
2026-07-30 20:11:11,192 - data.whu_instance_dataset - INFO - 加载 WHU 样本: 2943 (train.json)
2026-07-30 20:11:11,248 - data.whu_instance_dataset - INFO - 加载 WHU 样本: 627 (validation.json)
2026-07-30 20:11:11,248 - data.loader - INFO - 创建 WHU 验证集加载器: 627 样本
2026-07-30 20:11:11,333 - data.loader - INFO - WHU train subset: 588/2943 images (ratio=0.200000, seed=44)
2026-07-30 20:11:11,473 - data.whu_instance_dataset - INFO - 加载 WHU 样本: 627 (validation.json)
2026-07-30 20:11:11,474 - data.loader - INFO - 创建 WHU 验证集加载器: 627 样本
2026-07-30 20:11:11,474 - portable_sam_fusion - INFO - Validation policy: rank0_only=1 batch_size=1 every_n_epochs=1 compute_loss=0
2026-07-30 20:11:11,474 - portable_sam_fusion - INFO - Dataset size: 588 | mini-batch/epoch=294 | grad_accum=4 | optimizer_steps/epoch=74 | total_optimizer_steps=5920
2026-07-30 20:11:11,479 - portable_sam_fusion - INFO - Optimizer group sat_backbone    params=1492528 tensors=112 lr=5.000e-04 wd=5.000e-02 first=backbone.encoder.base_model.model.trunk.patch_embed.proj.lora_A.default.weight last=backbone.encoder.base_model.model.neck.modules_to_save.default.convs.3.conv.bias
2026-07-30 20:11:11,479 - portable_sam_fusion - INFO - Optimizer group mask_decoder    params=4082497 tensors=125 lr=5.000e-04 wd=5.000e-02 first=roi_head.mask_head.mask_decoder.decoder.transformer.layers.0.self_attn.q_proj.weight last=roi_head.mask_head.mask_decoder.decoder.pred_obj_score_head.layers.2.bias
2026-07-30 20:11:11,479 - portable_sam_fusion - INFO - Optimizer group shape_prior     params=960385 tensors=18 lr=5.000e-04 wd=5.000e-02 first=roi_head.mask_head.shape_injector.mask_decoder.net.0.weight last=roi_head.mask_head.shape_injector.mask_decoder.net.14.bias
2026-07-30 20:11:11,479 - portable_sam_fusion - INFO - Optimizer group quality_head    params=132612 tensors=6 lr=5.000e-04 wd=5.000e-02 first=roi_head.mask_head.mask_decoder.decoder.iou_prediction_head.layers.0.weight last=roi_head.mask_head.mask_decoder.decoder.iou_prediction_head.layers.2.bias
2026-07-30 20:11:11,479 - portable_sam_fusion - INFO - Optimizer group sat_other       params=37130793 tensors=78 lr=5.000e-04 wd=5.000e-02 first=neck.level_scales last=roi_head.bbox_head.shared_fcs.1.bias
2026-07-30 20:11:11,482 - portable_sam_fusion - INFO - Trainable state backbone               1492528 / 70599344
2026-07-30 20:11:11,482 - portable_sam_fusion - INFO - Trainable state shared_image_embedding absent
2026-07-30 20:11:11,482 - portable_sam_fusion - INFO - Trainable state mask_decoder           4215109 / 4215109
2026-07-30 20:11:11,483 - portable_sam_fusion - INFO - Trainable state no_mask_embed          0 / 256
2026-07-30 20:11:11,483 - portable_sam_fusion - INFO - Trainable state prompt_encoder         0 / 6220
2026-07-30 20:11:11,483 - portable_sam_fusion - INFO - Trainable state shape_injector         960385 / 960385
2026-07-30 20:11:11,483 - portable_sam_fusion - INFO - Trainable state p2_boundary_refiner    absent
2026-07-30 20:11:11,483 - portable_sam_fusion - INFO - Trainable state quality_head           absent
2026-07-30 20:11:11,483 - portable_sam_fusion - INFO - Trainable state uav_roi_retriever      absent
2026-07-30 20:11:11,483 - portable_sam_fusion - INFO - Trainable state uav_roi_gate           absent
2026-07-30 20:11:11,483 - portable_sam_fusion - INFO - Trainable state uav_roi_dense_prompt   absent
2026-07-30 20:11:11,483 - portable_sam_fusion - INFO - Trainable state uav_roi_prompt_adapter absent
2026-07-30 20:11:11,483 - portable_sam_fusion - INFO - Trainable state uav_prompt_adapter_sparse_scale absent
2026-07-30 20:11:11,483 - portable_sam_fusion - INFO - Trainable state uav_prompt_adapter_dense_scale absent
2026-07-30 20:11:11,483 - portable_sam_fusion - INFO - Using user-specified warmup: 100 optimizer steps
[DEBUG] RSSAM2PAFPN inputs: 4 tensors
  [0] shape=torch.Size([1, 256, 256, 256]), dtype=torch.float32
  [1] shape=torch.Size([1, 256, 128, 128]), dtype=torch.float32
  [2] shape=torch.Size([1, 256, 64, 64]), dtype=torch.float32
  [3] shape=torch.Size([1, 256, 32, 32]), dtype=torch.float32
2026-07-30 20:12:06,818 - portable_sam_fusion - INFO - [DEBUG-BOX] epoch=1 step=50 fallback_count=0 fallback_ratio=0 num_rois=64 refined_proposal_iou=0 refined_proposal_iou_sum=0 refined_valid_count=0
2026-07-30 20:12:06,818 - portable_sam_fusion - INFO - [DEBUG-COARSE] epoch=1 step=50 bce_raw=0.5688 boundary_fn=1.551e+04 boundary_fp=1.899e+04 boundary_tp=1.688e+04 dice=0.3227 dice_loss_raw=0.3227 iou=0.5144 loss_weight=0.1 raw_boundary_fn=1.551e+04 raw_boundary_fp=1.899e+04 raw_boundary_tp=1.688e+04 raw_dice_score=0.6773 raw_iou=0.5144 weighted_loss=0.08915
2026-07-30 20:12:06,818 - portable_sam_fusion - INFO - [DEBUG-CONTEXT] epoch=1 step=50 enabled=0
2026-07-30 20:12:06,818 - portable_sam_fusion - INFO - [DEBUG-JITTER] epoch=1 step=50 area_ratio_count=64 area_ratio_mean=1 area_ratio_sum=64 fallback_count=0 mean_iou=1 num_jittered=0 num_rois=64
2026-07-30 20:12:06,818 - portable_sam_fusion - INFO - [DEBUG-SP] epoch=1 step=50 all_invalid_count=0 all_invalid_ratio=0 empty_count=0 empty_ratio=0 full_count=0 full_ratio=0 mean_point_distance=31.97 n1_gt_valid_count=64 n1_in_gt_bg=0.9531 n1_in_gt_bg_count=61 n1_valid_count=64 n1_valid_ratio=1 n2_gt_valid_count=64 n2_in_gt_bg=0.8594 n2_in_gt_bg_count=55 n2_valid_count=64 n2_valid_ratio=1 neg_in_pred_bg=1 neg_in_pred_bg_count=128 negative_pair_count=64 negative_pair_distance_sum=3286 p1_gt_valid_count=64 p1_in_gt_fg=0.9531 p1_in_gt_fg_count=61 p1_valid_count=64 p1_valid_ratio=1 p2_gt_valid_count=64 p2_in_gt_fg=0.9375 p2_in_gt_fg_count=60 p2_valid_count=64 p2_valid_ratio=1 point_distance_sum=4092 point_overlap_count=0 point_overlap_ratio=0 point_pair_count=128 pos_in_pred_fg=1 pos_in_pred_fg_count=128 positive_pair_count=64 positive_pair_distance_sum=806.4 roi_count=64 valid_neg_count=128 valid_pos_count=128 warmup_stage=2
2026-07-30 20:12:57,153 - portable_sam_fusion - INFO - [DEBUG-BOX] epoch=1 step=100 fallback_count=0 fallback_ratio=0 num_rois=45 refined_proposal_iou=0 refined_proposal_iou_sum=0 refined_valid_count=0
2026-07-30 20:12:57,153 - portable_sam_fusion - INFO - [DEBUG-COARSE] epoch=1 step=100 bce_raw=0.465 boundary_fn=7680 boundary_fp=1.069e+04 boundary_tp=9431 dice=0.2586 dice_loss_raw=0.2586 iou=0.5917 loss_weight=0.1 raw_boundary_fn=7680 raw_boundary_fp=1.069e+04 raw_boundary_tp=9431 raw_dice_score=0.7414 raw_iou=0.5917 weighted_loss=0.07236
2026-07-30 20:12:57,153 - portable_sam_fusion - INFO - [DEBUG-CONTEXT] epoch=1 step=100 enabled=0
2026-07-30 20:12:57,154 - portable_sam_fusion - INFO - [DEBUG-JITTER] epoch=1 step=100 area_ratio_count=45 area_ratio_mean=1 area_ratio_sum=45 fallback_count=0 mean_iou=1 num_jittered=0 num_rois=45
2026-07-30 20:12:57,154 - portable_sam_fusion - INFO - [DEBUG-SP] epoch=1 step=100 all_invalid_count=0 all_invalid_ratio=0 empty_count=0 empty_ratio=0 full_count=0 full_ratio=0 mean_point_distance=27.16 n1_gt_valid_count=45 n1_in_gt_bg=0.8444 n1_in_gt_bg_count=38 n1_valid_count=45 n1_valid_ratio=1 n2_gt_valid_count=45 n2_in_gt_bg=0.8667 n2_in_gt_bg_count=39 n2_valid_count=45 n2_valid_ratio=1 neg_in_pred_bg=1 neg_in_pred_bg_count=90 negative_pair_count=45 negative_pair_distance_sum=1914 p1_gt_valid_count=45 p1_in_gt_fg=1 p1_in_gt_fg_count=45 p1_valid_count=45 p1_valid_ratio=1 p2_gt_valid_count=45 p2_in_gt_fg=0.9778 p2_in_gt_fg_count=44 p2_valid_count=45 p2_valid_ratio=1 point_distance_sum=2444 point_overlap_count=0 point_overlap_ratio=0 point_pair_count=90 pos_in_pred_fg=1 pos_in_pred_fg_count=90 positive_pair_count=45 positive_pair_distance_sum=530.3 roi_count=45 valid_neg_count=90 valid_pos_count=90 warmup_stage=2
2026-07-30 20:13:47,580 - portable_sam_fusion - INFO - [DEBUG-BOX] epoch=1 step=150 fallback_count=0 fallback_ratio=0 num_rois=64 refined_proposal_iou=0 refined_proposal_iou_sum=0 refined_valid_count=0
2026-07-30 20:13:47,580 - portable_sam_fusion - INFO - [DEBUG-COARSE] epoch=1 step=150 bce_raw=0.3178 boundary_fn=8049 boundary_fp=6255 boundary_tp=2.059e+04 dice=0.1862 dice_loss_raw=0.1862 iou=0.6911 loss_weight=0.1 raw_boundary_fn=8049 raw_boundary_fp=6255 raw_boundary_tp=2.059e+04 raw_dice_score=0.8138 raw_iou=0.6911 weighted_loss=0.0504
2026-07-30 20:13:47,580 - portable_sam_fusion - INFO - [DEBUG-CONTEXT] epoch=1 step=150 enabled=0
2026-07-30 20:13:47,580 - portable_sam_fusion - INFO - [DEBUG-JITTER] epoch=1 step=150 area_ratio_count=64 area_ratio_mean=1 area_ratio_sum=64 fallback_count=0 mean_iou=1 num_jittered=0 num_rois=64
2026-07-30 20:13:47,580 - portable_sam_fusion - INFO - [DEBUG-SP] epoch=1 step=150 all_invalid_count=0 all_invalid_ratio=0 empty_count=0 empty_ratio=0 full_count=0 full_ratio=0 mean_point_distance=21.98 n1_gt_valid_count=64 n1_in_gt_bg=0.8906 n1_in_gt_bg_count=57 n1_valid_count=64 n1_valid_ratio=1 n2_gt_valid_count=64 n2_in_gt_bg=0.9688 n2_in_gt_bg_count=62 n2_valid_count=64 n2_valid_ratio=1 neg_in_pred_bg=1 neg_in_pred_bg_count=128 negative_pair_count=64 negative_pair_distance_sum=2079 p1_gt_valid_count=64 p1_in_gt_fg=0.9844 p1_in_gt_fg_count=63 p1_valid_count=64 p1_valid_ratio=1 p2_gt_valid_count=64 p2_in_gt_fg=1 p2_in_gt_fg_count=64 p2_valid_count=64 p2_valid_ratio=1 point_distance_sum=2814 point_overlap_count=0 point_overlap_ratio=0 point_pair_count=128 pos_in_pred_fg=1 pos_in_pred_fg_count=128 positive_pair_count=64 positive_pair_distance_sum=734.8 roi_count=64 valid_neg_count=128 valid_pos_count=128 warmup_stage=2
2026-07-30 20:14:42,207 - portable_sam_fusion - INFO - [DEBUG-BOX] epoch=1 step=200 fallback_count=0 fallback_ratio=0 num_rois=0 refined_proposal_iou=0 refined_proposal_iou_sum=0 refined_valid_count=0
2026-07-30 20:14:42,207 - portable_sam_fusion - INFO - [DEBUG-COARSE] epoch=1 step=200 boundary_fn=0 boundary_fp=0 boundary_tp=0 dice=0 iou=0
2026-07-30 20:14:42,207 - portable_sam_fusion - INFO - [DEBUG-CONTEXT] epoch=1 step=200 enabled=0
2026-07-30 20:14:42,207 - portable_sam_fusion - INFO - [DEBUG-JITTER] epoch=1 step=200 area_ratio_count=0 area_ratio_mean=0 area_ratio_sum=0 fallback_count=0 mean_iou=0 num_jittered=0 num_rois=0
2026-07-30 20:14:42,208 - portable_sam_fusion - INFO - [DEBUG-SP] epoch=1 step=200 all_invalid_count=0 all_invalid_ratio=0 empty_count=0 empty_ratio=0 full_count=0 full_ratio=0 mean_point_distance=24.79 n1_gt_valid_count=64 n1_in_gt_bg=0.3906 n1_in_gt_bg_count=25 n1_valid_count=64 n1_valid_ratio=1 n2_gt_valid_count=64 n2_in_gt_bg=0.8125 n2_in_gt_bg_count=52 n2_valid_count=64 n2_valid_ratio=1 neg_in_pred_bg=1 neg_in_pred_bg_count=128 negative_pair_count=64 negative_pair_distance_sum=2122 p1_gt_valid_count=64 p1_in_gt_fg=1 p1_in_gt_fg_count=64 p1_valid_count=64 p1_valid_ratio=1 p2_gt_valid_count=64 p2_in_gt_fg=1 p2_in_gt_fg_count=64 p2_valid_count=64 p2_valid_ratio=1 point_distance_sum=3174 point_overlap_count=0 point_overlap_ratio=0 point_pair_count=128 pos_in_pred_fg=1 pos_in_pred_fg_count=128 positive_pair_count=64 positive_pair_distance_sum=1052 roi_count=64 valid_neg_count=128 valid_pos_count=128 warmup_stage=2
2026-07-30 20:14:42,344 - portable_sam_fusion - INFO - epoch 1 | mini-batch 200/294 | optimizer_step 50/5920 | lr=2.503e-04
2026-07-30 20:15:32,863 - portable_sam_fusion - INFO - [DEBUG-BOX] epoch=1 step=250 fallback_count=0 fallback_ratio=0 num_rois=64 refined_proposal_iou=0 refined_proposal_iou_sum=0 refined_valid_count=0
2026-07-30 20:15:32,863 - portable_sam_fusion - INFO - [DEBUG-COARSE] epoch=1 step=250 bce_raw=0.3148 boundary_fn=7257 boundary_fp=7996 boundary_tp=1.87e+04 dice=0.1442 dice_loss_raw=0.1442 iou=0.7502 loss_weight=0.1 raw_boundary_fn=7257 raw_boundary_fp=7996 raw_boundary_tp=1.87e+04 raw_dice_score=0.8558 raw_iou=0.7502 weighted_loss=0.0459
2026-07-30 20:15:32,863 - portable_sam_fusion - INFO - [DEBUG-CONTEXT] epoch=1 step=250 enabled=0
2026-07-30 20:15:32,863 - portable_sam_fusion - INFO - [DEBUG-JITTER] epoch=1 step=250 area_ratio_count=64 area_ratio_mean=1 area_ratio_sum=64 fallback_count=0 mean_iou=1 num_jittered=0 num_rois=64
2026-07-30 20:15:32,863 - portable_sam_fusion - INFO - [DEBUG-SP] epoch=1 step=250 all_invalid_count=0 all_invalid_ratio=0 empty_count=0 empty_ratio=0 full_count=0 full_ratio=0 mean_point_distance=20.44 n1_gt_valid_count=64 n1_in_gt_bg=0.9062 n1_in_gt_bg_count=58 n1_valid_count=64 n1_valid_ratio=1 n2_gt_valid_count=64 n2_in_gt_bg=0.9219 n2_in_gt_bg_count=59 n2_valid_count=64 n2_valid_ratio=1 neg_in_pred_bg=1 neg_in_pred_bg_count=128 negative_pair_count=64 negative_pair_distance_sum=1978 p1_gt_valid_count=64 p1_in_gt_fg=1 p1_in_gt_fg_count=64 p1_valid_count=64 p1_valid_ratio=1 p2_gt_valid_count=64 p2_in_gt_fg=1 p2_in_gt_fg_count=64 p2_valid_count=64 p2_valid_ratio=1 point_distance_sum=2616 point_overlap_count=0 point_overlap_ratio=0 point_pair_count=128 pos_in_pred_fg=1 pos_in_pred_fg_count=128 positive_pair_count=64 positive_pair_distance_sum=638 roi_count=64 valid_neg_count=128 valid_pos_count=128 warmup_stage=2
2026-07-30 20:16:16,053 - portable_sam_fusion - INFO - Epoch 1 detailed losses: loss_rpn_cls=0.2806, loss_rpn_bbox=0.0366, loss_cls=0.4140, acc=80.1034, loss_bbox=0.2683, loss_mask=0.0059, schedule/det_weight=1.0000, debug_mask_pos_rois=50.5306, debug_mask_logit_mean=-16.9474, debug_mask_logit_std=4.0639, debug_mask_prob_mean=0.0072, debug_mask_prob_ge05=0.0049, debug_mask_target_fill=0.0050, loss_shape_prior=0.0612
2026-07-30 20:16:16,053 - portable_sam_fusion - INFO - Epoch 1 primary loss shares: det=93.70% final_mask=0.56% shape=5.74% p2_boundary=0.00%
2026-07-30 20:16:16,053 - portable_sam_fusion - INFO - Epoch 1 schedule: det_loss_weight=1.000 early_stop_start=20 min_delta=0.0005
2026-07-30 20:16:16,053 - portable_sam_fusion - INFO - Epoch 1 learning rates: sat_backbone=3.70e-04, mask_decoder=3.70e-04, shape_prior=3.70e-04, quality_head=3.70e-04, sat_other=3.70e-04
2026-07-30 20:21:46,126 - portable_sam_fusion - INFO - Cached validation GT as RLE records: images=627
2026-07-30 20:21:46,129 - portable_sam_fusion - INFO - Validation samples: GT=15926, DT=40211, avg_masks_per_image=64.13, avg_mask_fill=0.0094
creating index...
index created!
Loading and preparing results...
DONE (t=0.05s)
creating index...
index created!
Running per image evaluation...
Evaluate annotation type *bbox*
DONE (t=14.35s).
Accumulating evaluation results...
DONE (t=0.31s).
 Average Precision  (AP) @[ IoU=0.50:0.95 | area=   all | maxDets=100 ] = 0.315
 Average Precision  (AP) @[ IoU=0.50      | area=   all | maxDets=100 ] = 0.696
 Average Precision  (AP) @[ IoU=0.75      | area=   all | maxDets=100 ] = 0.218
 Average Precision  (AP) @[ IoU=0.50:0.95 | area= small | maxDets=100 ] = 0.035
 Average Precision  (AP) @[ IoU=0.50:0.95 | area=medium | maxDets=100 ] = 0.348
 Average Precision  (AP) @[ IoU=0.50:0.95 | area= large | maxDets=100 ] = 0.388
 Average Recall     (AR) @[ IoU=0.50:0.95 | area=   all | maxDets=  1 ] = 0.016
 Average Recall     (AR) @[ IoU=0.50:0.95 | area=   all | maxDets= 10 ] = 0.114
 Average Recall     (AR) @[ IoU=0.50:0.95 | area=   all | maxDets=100 ] = 0.407
 Average Recall     (AR) @[ IoU=0.50:0.95 | area= small | maxDets=100 ] = 0.078
 Average Recall     (AR) @[ IoU=0.50:0.95 | area=medium | maxDets=100 ] = 0.432
 Average Recall     (AR) @[ IoU=0.50:0.95 | area= large | maxDets=100 ] = 0.543
2026-07-30 20:22:01,069 - portable_sam_fusion - INFO - Validation bbox/mAP: 0.3149 bbox/mAP_75: 0.2180
Running per image evaluation...
Evaluate annotation type *segm*
DONE (t=14.06s).
Accumulating evaluation results...
DONE (t=0.33s).
 Average Precision  (AP) @[ IoU=0.50:0.95 | area=   all | maxDets=100 ] = 0.512
 Average Precision  (AP) @[ IoU=0.50      | area=   all | maxDets=100 ] = 0.725
 Average Precision  (AP) @[ IoU=0.75      | area=   all | maxDets=100 ] = 0.601
 Average Precision  (AP) @[ IoU=0.50:0.95 | area= small | maxDets=100 ] = 0.046
 Average Precision  (AP) @[ IoU=0.50:0.95 | area=medium | maxDets=100 ] = 0.558
 Average Precision  (AP) @[ IoU=0.50:0.95 | area= large | maxDets=100 ] = 0.665
 Average Recall     (AR) @[ IoU=0.50:0.95 | area=   all | maxDets=  1 ] = 0.022
 Average Recall     (AR) @[ IoU=0.50:0.95 | area=   all | maxDets= 10 ] = 0.162
 Average Recall     (AR) @[ IoU=0.50:0.95 | area=   all | maxDets=100 ] = 0.596
 Average Recall     (AR) @[ IoU=0.50:0.95 | area= small | maxDets=100 ] = 0.094
 Average Recall     (AR) @[ IoU=0.50:0.95 | area=medium | maxDets=100 ] = 0.632
 Average Recall     (AR) @[ IoU=0.50:0.95 | area= large | maxDets=100 ] = 0.811
2026-07-30 20:22:15,468 - portable_sam_fusion - INFO - Validation segm/mAP: 0.5117
2026-07-30 20:22:16,141 - portable_sam_fusion - INFO - New best segm/mAP: 0.5117
2026-07-30 20:22:16,141 - portable_sam_fusion - INFO - New best bbox/mAP: 0.3149
2026-07-30 20:22:16,141 - portable_sam_fusion - INFO - New best early-stop metric (segm/mAP): raw=0.5117 smooth(5)=0.5117
2026-07-30 20:22:18,658 - portable_sam_fusion - INFO - Saved best_model with segm/mAP: 0.5117
2026-07-30 20:22:21,211 - portable_sam_fusion - INFO - Saved best_bbox_model with bbox/mAP: 0.3149
2026-07-30 20:22:23,282 - portable_sam_fusion - INFO - Epoch 1/80 | train=1.066616 val=disabled segm/mAP=0.5117 bbox/mAP=0.3149 | best_segm=0.5117 best_bbox=0.3149 best_comp=0.0000 | sat_backbone=3.70e-04 mask_decoder=3.70e-04 shape_prior=3.70e-04 quality_head=3.70e-04 sat_other=3.70e-04
2026-07-30 20:22:30,079 - portable_sam_fusion - INFO - [DEBUG-BOX] epoch=2 step=300 fallback_count=0 fallback_ratio=0 num_rois=64 refined_proposal_iou=0 refined_proposal_iou_sum=0 refined_valid_count=0
2026-07-30 20:22:30,079 - portable_sam_fusion - INFO - [DEBUG-COARSE] epoch=2 step=300 bce_raw=0.4178 boundary_fn=9730 boundary_fp=9556 boundary_tp=1.905e+04 dice=0.2088 dice_loss_raw=0.2088 iou=0.6624 loss_weight=0.1 raw_boundary_fn=9730 raw_boundary_fp=9556 raw_boundary_tp=1.905e+04 raw_dice_score=0.7912 raw_iou=0.6624 weighted_loss=0.06267
2026-07-30 20:22:30,079 - portable_sam_fusion - INFO - [DEBUG-CONTEXT] epoch=2 step=300 enabled=0
2026-07-30 20:22:30,079 - portable_sam_fusion - INFO - [DEBUG-JITTER] epoch=2 step=300 area_ratio_count=64 area_ratio_mean=1 area_ratio_sum=64 fallback_count=0 mean_iou=1 num_jittered=0 num_rois=64
2026-07-30 20:22:30,079 - portable_sam_fusion - INFO - [DEBUG-SP] epoch=2 step=300 all_invalid_count=0 all_invalid_ratio=0 empty_count=0 empty_ratio=0 full_count=0 full_ratio=0 mean_point_distance=29.12 n1_gt_valid_count=64 n1_in_gt_bg=0.9844 n1_in_gt_bg_count=63 n1_valid_count=64 n1_valid_ratio=1 n2_gt_valid_count=64 n2_in_gt_bg=1 n2_in_gt_bg_count=64 n2_valid_count=64 n2_valid_ratio=1 neg_in_pred_bg=1 neg_in_pred_bg_count=128 negative_pair_count=64 negative_pair_distance_sum=2879 p1_gt_valid_count=64 p1_in_gt_fg=0.9688 p1_in_gt_fg_count=62 p1_valid_count=64 p1_valid_ratio=1 p2_gt_valid_count=64 p2_in_gt_fg=0.9375 p2_in_gt_fg_count=60 p2_valid_count=64 p2_valid_ratio=1 point_distance_sum=3728 point_overlap_count=0 point_overlap_ratio=0 point_pair_count=128 pos_in_pred_fg=1 pos_in_pred_fg_count=128 positive_pair_count=64 positive_pair_distance_sum=848.8 roi_count=64 valid_neg_count=128 valid_pos_count=128 warmup_stage=2
2026-07-30 20:23:22,501 - portable_sam_fusion - INFO - [DEBUG-BOX] epoch=2 step=350 fallback_count=0 fallback_ratio=0 num_rois=64 refined_proposal_iou=0 refined_proposal_iou_sum=0 refined_valid_count=0
2026-07-30 20:23:22,501 - portable_sam_fusion - INFO - [DEBUG-COARSE] epoch=2 step=350 bce_raw=0.3183 boundary_fn=7129 boundary_fp=9195 boundary_tp=1.826e+04 dice=0.17 dice_loss_raw=0.17 iou=0.7135 loss_weight=0.1 raw_boundary_fn=7129 raw_boundary_fp=9195 raw_boundary_tp=1.826e+04 raw_dice_score=0.83 raw_iou=0.7135 weighted_loss=0.04883
2026-07-30 20:23:22,501 - portable_sam_fusion - INFO - [DEBUG-CONTEXT] epoch=2 step=350 enabled=0
2026-07-30 20:23:22,502 - portable_sam_fusion - INFO - [DEBUG-JITTER] epoch=2 step=350 area_ratio_count=64 area_ratio_mean=1 area_ratio_sum=64 fallback_count=0 mean_iou=1 num_jittered=0 num_rois=64
2026-07-30 20:23:22,502 - portable_sam_fusion - INFO - [DEBUG-SP] epoch=2 step=350 all_invalid_count=0 all_invalid_ratio=0 empty_count=0 empty_ratio=0 full_count=0 full_ratio=0 mean_point_distance=30.68 n1_gt_valid_count=64 n1_in_gt_bg=0.7344 n1_in_gt_bg_count=47 n1_valid_count=64 n1_valid_ratio=1 n2_gt_valid_count=64 n2_in_gt_bg=0.9688 n2_in_gt_bg_count=62 n2_valid_count=64 n2_valid_ratio=1 neg_in_pred_bg=1 neg_in_pred_bg_count=128 negative_pair_count=64 negative_pair_distance_sum=2761 p1_gt_valid_count=64 p1_in_gt_fg=0.9844 p1_in_gt_fg_count=63 p1_valid_count=64 p1_valid_ratio=1 p2_gt_valid_count=64 p2_in_gt_fg=1 p2_in_gt_fg_count=64 p2_valid_count=64 p2_valid_ratio=1 point_distance_sum=3926 point_overlap_count=0 point_overlap_ratio=0 point_pair_count=128 pos_in_pred_fg=1 pos_in_pred_fg_count=128 positive_pair_count=64 positive_pair_distance_sum=1166 roi_count=64 valid_neg_count=128 valid_pos_count=128 warmup_stage=2
2026-07-30 20:24:14,978 - portable_sam_fusion - INFO - epoch 2 | mini-batch 104/294 | optimizer_step 100/5920 | lr=5.000e-04
2026-07-30 20:24:16,322 - portable_sam_fusion - INFO - [DEBUG-BOX] epoch=2 step=400 fallback_count=0 fallback_ratio=0 num_rois=64 refined_proposal_iou=0 refined_proposal_iou_sum=0 refined_valid_count=0
2026-07-30 20:24:16,322 - portable_sam_fusion - INFO - [DEBUG-COARSE] epoch=2 step=400 bce_raw=0.3077 boundary_fn=8342 boundary_fp=8598 boundary_tp=1.643e+04 dice=0.1393 dice_loss_raw=0.1393 iou=0.7569 loss_weight=0.1 raw_boundary_fn=8342 raw_boundary_fp=8598 raw_boundary_tp=1.643e+04 raw_dice_score=0.8607 raw_iou=0.7569 weighted_loss=0.0447
2026-07-30 20:24:16,322 - portable_sam_fusion - INFO - [DEBUG-CONTEXT] epoch=2 step=400 enabled=0
2026-07-30 20:24:16,322 - portable_sam_fusion - INFO - [DEBUG-JITTER] epoch=2 step=400 area_ratio_count=64 area_ratio_mean=1 area_ratio_sum=64 fallback_count=0 mean_iou=1 num_jittered=0 num_rois=64
2026-07-30 20:24:16,322 - portable_sam_fusion - INFO - [DEBUG-SP] epoch=2 step=400 all_invalid_count=0 all_invalid_ratio=0 empty_count=0 empty_ratio=0 full_count=0 full_ratio=0 mean_point_distance=39.06 n1_gt_valid_count=64 n1_in_gt_bg=0.8438 n1_in_gt_bg_count=54 n1_valid_count=64 n1_valid_ratio=1 n2_gt_valid_count=64 n2_in_gt_bg=0.9844 n2_in_gt_bg_count=63 n2_valid_count=64 n2_valid_ratio=1 neg_in_pred_bg=1 neg_in_pred_bg_count=128 negative_pair_count=64 negative_pair_distance_sum=4094 p1_gt_valid_count=64 p1_in_gt_fg=1 p1_in_gt_fg_count=64 p1_valid_count=64 p1_valid_ratio=1 p2_gt_valid_count=64 p2_in_gt_fg=1 p2_in_gt_fg_count=64 p2_valid_count=64 p2_valid_ratio=1 point_distance_sum=5000 point_overlap_count=0 point_overlap_ratio=0 point_pair_count=128 pos_in_pred_fg=1 pos_in_pred_fg_count=128 positive_pair_count=64 positive_pair_distance_sum=906.4 roi_count=64 valid_neg_count=128 valid_pos_count=128 warmup_stage=2
2026-07-30 20:25:06,459 - portable_sam_fusion - INFO - [DEBUG-BOX] epoch=2 step=450 fallback_count=0 fallback_ratio=0 num_rois=64 refined_proposal_iou=0 refined_proposal_iou_sum=0 refined_valid_count=0
2026-07-30 20:25:06,459 - portable_sam_fusion - INFO - [DEBUG-COARSE] epoch=2 step=450 bce_raw=0.3157 boundary_fn=6794 boundary_fp=7975 boundary_tp=1.772e+04 dice=0.1444 dice_loss_raw=0.1444 iou=0.7493 loss_weight=0.1 raw_boundary_fn=6794 raw_boundary_fp=7975 raw_boundary_tp=1.772e+04 raw_dice_score=0.8556 raw_iou=0.7493 weighted_loss=0.04601
2026-07-30 20:25:06,459 - portable_sam_fusion - INFO - [DEBUG-CONTEXT] epoch=2 step=450 enabled=0
2026-07-30 20:25:06,459 - portable_sam_fusion - INFO - [DEBUG-JITTER] epoch=2 step=450 area_ratio_count=64 area_ratio_mean=1 area_ratio_sum=64 fallback_count=0 mean_iou=1 num_jittered=0 num_rois=64
2026-07-30 20:25:06,459 - portable_sam_fusion - INFO - [DEBUG-SP] epoch=2 step=450 all_invalid_count=0 all_invalid_ratio=0 empty_count=0 empty_ratio=0 full_count=0 full_ratio=0 mean_point_distance=24.81 n1_gt_valid_count=64 n1_in_gt_bg=0.5156 n1_in_gt_bg_count=33 n1_valid_count=64 n1_valid_ratio=1 n2_gt_valid_count=64 n2_in_gt_bg=0.8906 n2_in_gt_bg_count=57 n2_valid_count=64 n2_valid_ratio=1 neg_in_pred_bg=1 neg_in_pred_bg_count=128 negative_pair_count=64 negative_pair_distance_sum=2471 p1_gt_valid_count=64 p1_in_gt_fg=0.9844 p1_in_gt_fg_count=63 p1_valid_count=64 p1_valid_ratio=1 p2_gt_valid_count=64 p2_in_gt_fg=0.9844 p2_in_gt_fg_count=63 p2_valid_count=64 p2_valid_ratio=1 point_distance_sum=3176 point_overlap_count=0 point_overlap_ratio=0 point_pair_count=128 pos_in_pred_fg=1 pos_in_pred_fg_count=128 positive_pair_count=64 positive_pair_distance_sum=704.6 roi_count=64 valid_neg_count=128 valid_pos_count=128 warmup_stage=2
2026-07-30 20:25:59,180 - portable_sam_fusion - INFO - [DEBUG-BOX] epoch=2 step=500 fallback_count=0 fallback_ratio=0 num_rois=64 refined_proposal_iou=0 refined_proposal_iou_sum=0 refined_valid_count=0
2026-07-30 20:25:59,180 - portable_sam_fusion - INFO - [DEBUG-COARSE] epoch=2 step=500 bce_raw=0.2958 boundary_fn=5718 boundary_fp=7049 boundary_tp=1.832e+04 dice=0.1245 dice_loss_raw=0.1245 iou=0.7811 loss_weight=0.1 raw_boundary_fn=5718 raw_boundary_fp=7049 raw_boundary_tp=1.832e+04 raw_dice_score=0.8755 raw_iou=0.7811 weighted_loss=0.04202
2026-07-30 20:25:59,180 - portable_sam_fusion - INFO - [DEBUG-CONTEXT] epoch=2 step=500 enabled=0
2026-07-30 20:25:59,180 - portable_sam_fusion - INFO - [DEBUG-JITTER] epoch=2 step=500 area_ratio_count=64 area_ratio_mean=1 area_ratio_sum=64 fallback_count=0 mean_iou=1 num_jittered=0 num_rois=64
2026-07-30 20:25:59,180 - portable_sam_fusion - INFO - [DEBUG-SP] epoch=2 step=500 all_invalid_count=0 all_invalid_ratio=0 empty_count=0 empty_ratio=0 full_count=0 full_ratio=0 mean_point_distance=21.57 n1_gt_valid_count=64 n1_in_gt_bg=0.6875 n1_in_gt_bg_count=44 n1_valid_count=64 n1_valid_ratio=1 n2_gt_valid_count=64 n2_in_gt_bg=0.9375 n2_in_gt_bg_count=60 n2_valid_count=64 n2_valid_ratio=1 neg_in_pred_bg=1 neg_in_pred_bg_count=128 negative_pair_count=64 negative_pair_distance_sum=1976 p1_gt_valid_count=64 p1_in_gt_fg=1 p1_in_gt_fg_count=64 p1_valid_count=64 p1_valid_ratio=1 p2_gt_valid_count=64 p2_in_gt_fg=1 p2_in_gt_fg_count=64 p2_valid_count=64 p2_valid_ratio=1 point_distance_sum=2761 point_overlap_count=0 point_overlap_ratio=0 point_pair_count=128 pos_in_pred_fg=1 pos_in_pred_fg_count=128 positive_pair_count=64 positive_pair_distance_sum=785.8 roi_count=64 valid_neg_count=128 valid_pos_count=128 warmup_stage=2
2026-07-30 20:26:51,143 - portable_sam_fusion - INFO - [DEBUG-BOX] epoch=2 step=550 fallback_count=0 fallback_ratio=0 num_rois=64 refined_proposal_iou=0 refined_proposal_iou_sum=0 refined_valid_count=0
2026-07-30 20:26:51,143 - portable_sam_fusion - INFO - [DEBUG-COARSE] epoch=2 step=550 bce_raw=0.2681 boundary_fn=6834 boundary_fp=7601 boundary_tp=1.714e+04 dice=0.136 dice_loss_raw=0.136 iou=0.7629 loss_weight=0.1 raw_boundary_fn=6834 raw_boundary_fp=7601 raw_boundary_tp=1.714e+04 raw_dice_score=0.864 raw_iou=0.7629 weighted_loss=0.04041
2026-07-30 20:26:51,143 - portable_sam_fusion - INFO - [DEBUG-CONTEXT] epoch=2 step=550 enabled=0
2026-07-30 20:26:51,143 - portable_sam_fusion - INFO - [DEBUG-JITTER] epoch=2 step=550 area_ratio_count=64 area_ratio_mean=1 area_ratio_sum=64 fallback_count=0 mean_iou=1 num_jittered=0 num_rois=64
2026-07-30 20:26:51,143 - portable_sam_fusion - INFO - [DEBUG-SP] epoch=2 step=550 all_invalid_count=0 all_invalid_ratio=0 empty_count=0 empty_ratio=0 full_count=0 full_ratio=0 mean_point_distance=19.67 n1_gt_valid_count=64 n1_in_gt_bg=0.875 n1_in_gt_bg_count=56 n1_valid_count=64 n1_valid_ratio=1 n2_gt_valid_count=64 n2_in_gt_bg=0.9062 n2_in_gt_bg_count=58 n2_valid_count=64 n2_valid_ratio=1 neg_in_pred_bg=1 neg_in_pred_bg_count=128 negative_pair_count=64 negative_pair_distance_sum=1915 p1_gt_valid_count=64 p1_in_gt_fg=1 p1_in_gt_fg_count=64 p1_valid_count=64 p1_valid_ratio=1 p2_gt_valid_count=64 p2_in_gt_fg=1 p2_in_gt_fg_count=64 p2_valid_count=64 p2_valid_ratio=1 point_distance_sum=2518 point_overlap_count=0 point_overlap_ratio=0 point_pair_count=128 pos_in_pred_fg=1 pos_in_pred_fg_count=128 positive_pair_count=64 positive_pair_distance_sum=603.3 roi_count=64 valid_neg_count=128 valid_pos_count=128 warmup_stage=2
2026-07-30 20:27:31,789 - portable_sam_fusion - INFO - Epoch 2 detailed losses: loss_rpn_cls=0.0851, loss_rpn_bbox=0.0324, loss_cls=0.3562, acc=84.4188, loss_bbox=0.2529, loss_mask=0.0025, debug_mask_pos_rois=55.6735, debug_mask_logit_mean=-13.6742, debug_mask_logit_std=2.8193, debug_mask_prob_mean=0.0052, debug_mask_prob_ge05=0.0051, debug_mask_target_fill=0.0052, loss_shape_prior=0.0475, schedule/det_weight=1.0000
2026-07-30 20:27:31,789 - portable_sam_fusion - INFO - Epoch 2 primary loss shares: det=93.56% final_mask=0.32% shape=6.11% p2_boundary=0.00%
2026-07-30 20:27:31,789 - portable_sam_fusion - INFO - Epoch 2 schedule: det_loss_weight=1.000 early_stop_start=20 min_delta=0.0005
2026-07-30 20:27:31,789 - portable_sam_fusion - INFO - Epoch 2 learning rates: sat_backbone=5.00e-04, mask_decoder=5.00e-04, shape_prior=5.00e-04, quality_head=5.00e-04, sat_other=5.00e-04
2026-07-30 20:33:21,167 - portable_sam_fusion - INFO - Validation samples: GT=15926, DT=53020, avg_masks_per_image=84.56, avg_mask_fill=0.0122
creating index...
index created!
Loading and preparing results...
DONE (t=0.06s)
creating index...
index created!
Running per image evaluation...
Evaluate annotation type *bbox*
DONE (t=15.17s).
Accumulating evaluation results...
DONE (t=0.40s).
 Average Precision  (AP) @[ IoU=0.50:0.95 | area=   all | maxDets=100 ] = 0.442
 Average Precision  (AP) @[ IoU=0.50      | area=   all | maxDets=100 ] = 0.815
 Average Precision  (AP) @[ IoU=0.75      | area=   all | maxDets=100 ] = 0.457
 Average Precision  (AP) @[ IoU=0.50:0.95 | area= small | maxDets=100 ] = 0.117
 Average Precision  (AP) @[ IoU=0.50:0.95 | area=medium | maxDets=100 ] = 0.484
 Average Precision  (AP) @[ IoU=0.50:0.95 | area= large | maxDets=100 ] = 0.505
 Average Recall     (AR) @[ IoU=0.50:0.95 | area=   all | maxDets=  1 ] = 0.018
 Average Recall     (AR) @[ IoU=0.50:0.95 | area=   all | maxDets= 10 ] = 0.134
 Average Recall     (AR) @[ IoU=0.50:0.95 | area=   all | maxDets=100 ] = 0.535
 Average Recall     (AR) @[ IoU=0.50:0.95 | area= small | maxDets=100 ] = 0.256
 Average Recall     (AR) @[ IoU=0.50:0.95 | area=medium | maxDets=100 ] = 0.578
 Average Recall     (AR) @[ IoU=0.50:0.95 | area= large | maxDets=100 ] = 0.591
2026-07-30 20:33:37,667 - portable_sam_fusion - INFO - Validation bbox/mAP: 0.4425 bbox/mAP_75: 0.4569
Running per image evaluation...
Evaluate annotation type *segm*
DONE (t=15.29s).
Accumulating evaluation results...
DONE (t=0.40s).
 Average Precision  (AP) @[ IoU=0.50:0.95 | area=   all | maxDets=100 ] = 0.545
 Average Precision  (AP) @[ IoU=0.50      | area=   all | maxDets=100 ] = 0.822
 Average Precision  (AP) @[ IoU=0.75      | area=   all | maxDets=100 ] = 0.636
 Average Precision  (AP) @[ IoU=0.50:0.95 | area= small | maxDets=100 ] = 0.099
 Average Precision  (AP) @[ IoU=0.50:0.95 | area=medium | maxDets=100 ] = 0.585
 Average Precision  (AP) @[ IoU=0.50:0.95 | area= large | maxDets=100 ] = 0.706
 Average Recall     (AR) @[ IoU=0.50:0.95 | area=   all | maxDets=  1 ] = 0.023
 Average Recall     (AR) @[ IoU=0.50:0.95 | area=   all | maxDets= 10 ] = 0.165
 Average Recall     (AR) @[ IoU=0.50:0.95 | area=   all | maxDets=100 ] = 0.632
 Average Recall     (AR) @[ IoU=0.50:0.95 | area= small | maxDets=100 ] = 0.225
 Average Recall     (AR) @[ IoU=0.50:0.95 | area=medium | maxDets=100 ] = 0.667
 Average Recall     (AR) @[ IoU=0.50:0.95 | area= large | maxDets=100 ] = 0.789
2026-07-30 20:33:53,412 - portable_sam_fusion - INFO - Validation segm/mAP: 0.5446
2026-07-30 20:33:54,035 - portable_sam_fusion - INFO - New best segm/mAP: 0.5446
2026-07-30 20:33:54,036 - portable_sam_fusion - INFO - New best bbox/mAP: 0.4425
2026-07-30 20:33:54,036 - portable_sam_fusion - INFO - New best early-stop metric (segm/mAP): raw=0.5446 smooth(5)=0.5281
2026-07-30 20:33:56,485 - portable_sam_fusion - INFO - Saved best_model with segm/mAP: 0.5446
2026-07-30 20:33:59,109 - portable_sam_fusion - INFO - Saved best_bbox_model with bbox/mAP: 0.4425
2026-07-30 20:34:04,327 - portable_sam_fusion - INFO - Epoch 2/80 | train=0.776585 val=disabled segm/mAP=0.5446 bbox/mAP=0.4425 | best_segm=0.5446 best_bbox=0.4425 best_comp=0.0000 | sat_backbone=5.00e-04 mask_decoder=5.00e-04 shape_prior=5.00e-04 quality_head=5.00e-04 sat_other=5.00e-04
2026-07-30 20:34:13,549 - portable_sam_fusion - INFO - epoch 3 | mini-batch 8/294 | optimizer_step 150/5920 | lr=4.999e-04
2026-07-30 20:34:16,744 - portable_sam_fusion - INFO - [DEBUG-BOX] epoch=3 step=600 fallback_count=0 fallback_ratio=0 num_rois=64 refined_proposal_iou=0 refined_proposal_iou_sum=0 refined_valid_count=0
2026-07-30 20:34:16,744 - portable_sam_fusion - INFO - [DEBUG-COARSE] epoch=3 step=600 bce_raw=0.3759 boundary_fn=8797 boundary_fp=9879 boundary_tp=1.522e+04 dice=0.1697 dice_loss_raw=0.1697 iou=0.7161 loss_weight=0.1 raw_boundary_fn=8797 raw_boundary_fp=9879 raw_boundary_tp=1.522e+04 raw_dice_score=0.8303 raw_iou=0.7161 weighted_loss=0.05456
2026-07-30 20:34:16,744 - portable_sam_fusion - INFO - [DEBUG-CONTEXT] epoch=3 step=600 enabled=0
2026-07-30 20:34:16,744 - portable_sam_fusion - INFO - [DEBUG-JITTER] epoch=3 step=600 area_ratio_count=64 area_ratio_mean=1 area_ratio_sum=64 fallback_count=0 mean_iou=1 num_jittered=0 num_rois=64
2026-07-30 20:34:16,744 - portable_sam_fusion - INFO - [DEBUG-SP] epoch=3 step=600 all_invalid_count=0 all_invalid_ratio=0 empty_count=0 empty_ratio=0 full_count=0 full_ratio=0 mean_point_distance=34.13 n1_gt_valid_count=64 n1_in_gt_bg=0.5625 n1_in_gt_bg_count=36 n1_valid_count=64 n1_valid_ratio=1 n2_gt_valid_count=64 n2_in_gt_bg=0.9219 n2_in_gt_bg_count=59 n2_valid_count=64 n2_valid_ratio=1 neg_in_pred_bg=1 neg_in_pred_bg_count=128 negative_pair_count=64 negative_pair_distance_sum=3322 p1_gt_valid_count=64 p1_in_gt_fg=1 p1_in_gt_fg_count=64 p1_valid_count=64 p1_valid_ratio=1 p2_gt_valid_count=64 p2_in_gt_fg=1 p2_in_gt_fg_count=64 p2_valid_count=64 p2_valid_ratio=1 point_distance_sum=4369 point_overlap_count=0 point_overlap_ratio=0 point_pair_count=128 pos_in_pred_fg=1 pos_in_pred_fg_count=128 positive_pair_count=64 positive_pair_distance_sum=1047 roi_count=64 valid_neg_count=128 valid_pos_count=128 warmup_stage=2
2026-07-30 20:35:08,048 - portable_sam_fusion - INFO - [DEBUG-BOX] epoch=3 step=650 fallback_count=0 fallback_ratio=0 num_rois=0 refined_proposal_iou=0 refined_proposal_iou_sum=0 refined_valid_count=0
2026-07-30 20:35:08,048 - portable_sam_fusion - INFO - [DEBUG-COARSE] epoch=3 step=650 boundary_fn=0 boundary_fp=0 boundary_tp=0 dice=0 iou=0
2026-07-30 20:35:08,048 - portable_sam_fusion - INFO - [DEBUG-CONTEXT] epoch=3 step=650 enabled=0
2026-07-30 20:35:08,048 - portable_sam_fusion - INFO - [DEBUG-JITTER] epoch=3 step=650 area_ratio_count=0 area_ratio_mean=0 area_ratio_sum=0 fallback_count=0 mean_iou=0 num_jittered=0 num_rois=0
2026-07-30 20:35:08,048 - portable_sam_fusion - INFO - [DEBUG-SP] epoch=3 step=650 all_invalid_count=0 all_invalid_ratio=0 empty_count=0 empty_ratio=0 full_count=0 full_ratio=0 mean_point_distance=39 n1_gt_valid_count=64 n1_in_gt_bg=0.7188 n1_in_gt_bg_count=46 n1_valid_count=64 n1_valid_ratio=1 n2_gt_valid_count=64 n2_in_gt_bg=1 n2_in_gt_bg_count=64 n2_valid_count=64 n2_valid_ratio=1 neg_in_pred_bg=1 neg_in_pred_bg_count=128 negative_pair_count=64 negative_pair_distance_sum=3628 p1_gt_valid_count=64 p1_in_gt_fg=0.9844 p1_in_gt_fg_count=63 p1_valid_count=64 p1_valid_ratio=1 p2_gt_valid_count=64 p2_in_gt_fg=0.9844 p2_in_gt_fg_count=63 p2_valid_count=64 p2_valid_ratio=1 point_distance_sum=4992 point_overlap_count=0 point_overlap_ratio=0 point_pair_count=128 pos_in_pred_fg=1 pos_in_pred_fg_count=128 positive_pair_count=64 positive_pair_distance_sum=1364 roi_count=64 valid_neg_count=128 valid_pos_count=128 warmup_stage=2
2026-07-30 20:36:00,699 - portable_sam_fusion - INFO - [DEBUG-BOX] epoch=3 step=700 fallback_count=0 fallback_ratio=0 num_rois=0 refined_proposal_iou=0 refined_proposal_iou_sum=0 refined_valid_count=0
2026-07-30 20:36:00,700 - portable_sam_fusion - INFO - [DEBUG-COARSE] epoch=3 step=700 boundary_fn=0 boundary_fp=0 boundary_tp=0 dice=0 iou=0
2026-07-30 20:36:00,700 - portable_sam_fusion - INFO - [DEBUG-CONTEXT] epoch=3 step=700 enabled=0
2026-07-30 20:36:00,700 - portable_sam_fusion - INFO - [DEBUG-JITTER] epoch=3 step=700 area_ratio_count=0 area_ratio_mean=0 area_ratio_sum=0 fallback_count=0 mean_iou=0 num_jittered=0 num_rois=0
2026-07-30 20:36:00,700 - portable_sam_fusion - INFO - [DEBUG-SP] epoch=3 step=700 all_invalid_count=0 all_invalid_ratio=0 empty_count=0 empty_ratio=0 full_count=0 full_ratio=0 mean_point_distance=20.22 n1_gt_valid_count=64 n1_in_gt_bg=0.8125 n1_in_gt_bg_count=52 n1_valid_count=64 n1_valid_ratio=1 n2_gt_valid_count=64 n2_in_gt_bg=1 n2_in_gt_bg_count=64 n2_valid_count=64 n2_valid_ratio=1 neg_in_pred_bg=1 neg_in_pred_bg_count=128 negative_pair_count=64 negative_pair_distance_sum=1975 p1_gt_valid_count=64 p1_in_gt_fg=1 p1_in_gt_fg_count=64 p1_valid_count=64 p1_valid_ratio=1 p2_gt_valid_count=64 p2_in_gt_fg=1 p2_in_gt_fg_count=64 p2_valid_count=64 p2_valid_ratio=1 point_distance_sum=2588 point_overlap_count=0 point_overlap_ratio=0 point_pair_count=128 pos_in_pred_fg=1 pos_in_pred_fg_count=128 positive_pair_count=64 positive_pair_distance_sum=612.3 roi_count=64 valid_neg_count=128 valid_pos_count=128 warmup_stage=2
2026-07-30 20:36:53,798 - portable_sam_fusion - INFO - [DEBUG-BOX] epoch=3 step=750 fallback_count=0 fallback_ratio=0 num_rois=64 refined_proposal_iou=0 refined_proposal_iou_sum=0 refined_valid_count=0
2026-07-30 20:36:53,798 - portable_sam_fusion - INFO - [DEBUG-COARSE] epoch=3 step=750 bce_raw=0.2328 boundary_fn=5087 boundary_fp=4947 boundary_tp=1.958e+04 dice=0.1155 dice_loss_raw=0.1155 iou=0.7953 loss_weight=0.1 raw_boundary_fn=5087 raw_boundary_fp=4947 raw_boundary_tp=1.958e+04 raw_dice_score=0.8845 raw_iou=0.7953 weighted_loss=0.03482
2026-07-30 20:36:53,798 - portable_sam_fusion - INFO - [DEBUG-CONTEXT] epoch=3 step=750 enabled=0
2026-07-30 20:36:53,798 - portable_sam_fusion - INFO - [DEBUG-JITTER] epoch=3 step=750 area_ratio_count=64 area_ratio_mean=1 area_ratio_sum=64 fallback_count=0 mean_iou=1 num_jittered=0 num_rois=64
2026-07-30 20:36:53,798 - portable_sam_fusion - INFO - [DEBUG-SP] epoch=3 step=750 all_invalid_count=0 all_invalid_ratio=0 empty_count=0 empty_ratio=0 full_count=0 full_ratio=0 mean_point_distance=22.03 n1_gt_valid_count=64 n1_in_gt_bg=0.6875 n1_in_gt_bg_count=44 n1_valid_count=64 n1_valid_ratio=1 n2_gt_valid_count=64 n2_in_gt_bg=0.9844 n2_in_gt_bg_count=63 n2_valid_count=64 n2_valid_ratio=1 neg_in_pred_bg=1 neg_in_pred_bg_count=128 negative_pair_count=64 negative_pair_distance_sum=2147 p1_gt_valid_count=64 p1_in_gt_fg=1 p1_in_gt_fg_count=64 p1_valid_count=64 p1_valid_ratio=1 p2_gt_valid_count=64 p2_in_gt_fg=1 p2_in_gt_fg_count=64 p2_valid_count=64 p2_valid_ratio=1 point_distance_sum=2820 point_overlap_count=0 point_overlap_ratio=0 point_pair_count=128 pos_in_pred_fg=1 pos_in_pred_fg_count=128 positive_pair_count=64 positive_pair_distance_sum=673 roi_count=64 valid_neg_count=128 valid_pos_count=128 warmup_stage=2
2026-07-30 20:37:44,755 - portable_sam_fusion - INFO - epoch 3 | mini-batch 208/294 | optimizer_step 200/5920 | lr=4.996e-04
2026-07-30 20:37:48,747 - portable_sam_fusion - INFO - [DEBUG-BOX] epoch=3 step=800 fallback_count=0 fallback_ratio=0 num_rois=64 refined_proposal_iou=0 refined_proposal_iou_sum=0 refined_valid_count=0
2026-07-30 20:37:48,747 - portable_sam_fusion - INFO - [DEBUG-COARSE] epoch=3 step=800 bce_raw=0.2928 boundary_fn=7340 boundary_fp=6345 boundary_tp=1.838e+04 dice=0.1197 dice_loss_raw=0.1197 iou=0.7889 loss_weight=0.1 raw_boundary_fn=7340 raw_boundary_fp=6345 raw_boundary_tp=1.838e+04 raw_dice_score=0.8803 raw_iou=0.7889 weighted_loss=0.04126
2026-07-30 20:37:48,747 - portable_sam_fusion - INFO - [DEBUG-CONTEXT] epoch=3 step=800 enabled=0
2026-07-30 20:37:48,747 - portable_sam_fusion - INFO - [DEBUG-JITTER] epoch=3 step=800 area_ratio_count=64 area_ratio_mean=1 area_ratio_sum=64 fallback_count=0 mean_iou=1 num_jittered=0 num_rois=64
2026-07-30 20:37:48,747 - portable_sam_fusion - INFO - [DEBUG-SP] epoch=3 step=800 all_invalid_count=0 all_invalid_ratio=0 empty_count=0 empty_ratio=0 full_count=0 full_ratio=0 mean_point_distance=41.69 n1_gt_valid_count=64 n1_in_gt_bg=0.7812 n1_in_gt_bg_count=50 n1_valid_count=64 n1_valid_ratio=1 n2_gt_valid_count=63 n2_in_gt_bg=0.9841 n2_in_gt_bg_count=62 n2_valid_count=63 n2_valid_ratio=0.9844 neg_in_pred_bg=1 neg_in_pred_bg_count=127 negative_pair_count=63 negative_pair_distance_sum=4052 p1_gt_valid_count=64 p1_in_gt_fg=1 p1_in_gt_fg_count=64 p1_valid_count=64 p1_valid_ratio=1 p2_gt_valid_count=64 p2_in_gt_fg=1 p2_in_gt_fg_count=64 p2_valid_count=64 p2_valid_ratio=1 point_distance_sum=5295 point_overlap_count=0 point_overlap_ratio=0 point_pair_count=127 pos_in_pred_fg=1 pos_in_pred_fg_count=128 positive_pair_count=64 positive_pair_distance_sum=1243 roi_count=64 valid_neg_count=127 valid_pos_count=128 warmup_stage=2
2026-07-30 20:38:42,538 - portable_sam_fusion - INFO - [DEBUG-BOX] epoch=3 step=850 fallback_count=0 fallback_ratio=0 num_rois=0 refined_proposal_iou=0 refined_proposal_iou_sum=0 refined_valid_count=0
2026-07-30 20:38:42,538 - portable_sam_fusion - INFO - [DEBUG-COARSE] epoch=3 step=850 boundary_fn=0 boundary_fp=0 boundary_tp=0 dice=0 iou=0
2026-07-30 20:38:42,538 - portable_sam_fusion - INFO - [DEBUG-CONTEXT] epoch=3 step=850 enabled=0
2026-07-30 20:38:42,538 - portable_sam_fusion - INFO - [DEBUG-JITTER] epoch=3 step=850 area_ratio_count=0 area_ratio_mean=0 area_ratio_sum=0 fallback_count=0 mean_iou=0 num_jittered=0 num_rois=0
2026-07-30 20:38:42,538 - portable_sam_fusion - INFO - [DEBUG-SP] epoch=3 step=850 all_invalid_count=0 all_invalid_ratio=0 empty_count=0 empty_ratio=0 full_count=0 full_ratio=0 mean_point_distance=17.6 n1_gt_valid_count=64 n1_in_gt_bg=0.8438 n1_in_gt_bg_count=54 n1_valid_count=64 n1_valid_ratio=1 n2_gt_valid_count=64 n2_in_gt_bg=0.9688 n2_in_gt_bg_count=62 n2_valid_count=64 n2_valid_ratio=1 neg_in_pred_bg=1 neg_in_pred_bg_count=128 negative_pair_count=64 negative_pair_distance_sum=1666 p1_gt_valid_count=64 p1_in_gt_fg=1 p1_in_gt_fg_count=64 p1_valid_count=64 p1_valid_ratio=1 p2_gt_valid_count=64 p2_in_gt_fg=1 p2_in_gt_fg_count=64 p2_valid_count=64 p2_valid_ratio=1 point_distance_sum=2253 point_overlap_count=0 point_overlap_ratio=0 point_pair_count=128 pos_in_pred_fg=1 pos_in_pred_fg_count=128 positive_pair_count=64 positive_pair_distance_sum=586.8 roi_count=64 valid_neg_count=128 valid_pos_count=128 warmup_stage=2
2026-07-30 20:39:17,247 - portable_sam_fusion - INFO - Epoch 3 detailed losses: loss_rpn_cls=0.0588, loss_rpn_bbox=0.0222, loss_cls=0.3144, acc=86.5132, loss_bbox=0.1841, loss_mask=0.0018, debug_mask_pos_rois=56.1361, debug_mask_logit_mean=-13.8784, debug_mask_logit_std=2.6808, debug_mask_prob_mean=0.0044, debug_mask_prob_ge05=0.0044, debug_mask_target_fill=0.0044, loss_shape_prior=0.0399, schedule/det_weight=1.0000
2026-07-30 20:39:17,247 - portable_sam_fusion - INFO - Epoch 3 primary loss shares: det=93.29% final_mask=0.30% shape=6.42% p2_boundary=0.00%
2026-07-30 20:39:17,247 - portable_sam_fusion - INFO - Epoch 3 schedule: det_loss_weight=1.000 early_stop_start=20 min_delta=0.0005
2026-07-30 20:39:17,247 - portable_sam_fusion - INFO - Epoch 3 learning rates: sat_backbone=4.99e-04, mask_decoder=4.99e-04, shape_prior=4.99e-04, quality_head=4.99e-04, sat_other=4.99e-04
2026-07-30 20:43:17,621 - portable_sam_fusion - INFO - Validation samples: GT=15926, DT=31286, avg_masks_per_image=49.90, avg_mask_fill=0.0092
creating index...
index created!
Loading and preparing results...
DONE (t=0.04s)
creating index...
index created!
Running per image evaluation...
Evaluate annotation type *bbox*
DONE (t=13.28s).
Accumulating evaluation results...
DONE (t=0.27s).
 Average Precision  (AP) @[ IoU=0.50:0.95 | area=   all | maxDets=100 ] = 0.494
 Average Precision  (AP) @[ IoU=0.50      | area=   all | maxDets=100 ] = 0.851
 Average Precision  (AP) @[ IoU=0.75      | area=   all | maxDets=100 ] = 0.547
 Average Precision  (AP) @[ IoU=0.50:0.95 | area= small | maxDets=100 ] = 0.169
 Average Precision  (AP) @[ IoU=0.50:0.95 | area=medium | maxDets=100 ] = 0.545
 Average Precision  (AP) @[ IoU=0.50:0.95 | area= large | maxDets=100 ] = 0.530
 Average Recall     (AR) @[ IoU=0.50:0.95 | area=   all | maxDets=  1 ] = 0.019
 Average Recall     (AR) @[ IoU=0.50:0.95 | area=   all | maxDets= 10 ] = 0.145
 Average Recall     (AR) @[ IoU=0.50:0.95 | area=   all | maxDets=100 ] = 0.587
 Average Recall     (AR) @[ IoU=0.50:0.95 | area= small | maxDets=100 ] = 0.346
 Average Recall     (AR) @[ IoU=0.50:0.95 | area=medium | maxDets=100 ] = 0.638
 Average Recall     (AR) @[ IoU=0.50:0.95 | area= large | maxDets=100 ] = 0.597
2026-07-30 20:43:31,443 - portable_sam_fusion - INFO - Validation bbox/mAP: 0.4938 bbox/mAP_75: 0.5470
Running per image evaluation...
Evaluate annotation type *segm*
DONE (t=13.26s).
Accumulating evaluation results...
DONE (t=0.27s).
 Average Precision  (AP) @[ IoU=0.50:0.95 | area=   all | maxDets=100 ] = 0.568
 Average Precision  (AP) @[ IoU=0.50      | area=   all | maxDets=100 ] = 0.845
 Average Precision  (AP) @[ IoU=0.75      | area=   all | maxDets=100 ] = 0.666
 Average Precision  (AP) @[ IoU=0.50:0.95 | area= small | maxDets=100 ] = 0.123
 Average Precision  (AP) @[ IoU=0.50:0.95 | area=medium | maxDets=100 ] = 0.610
 Average Precision  (AP) @[ IoU=0.50:0.95 | area= large | maxDets=100 ] = 0.756
 Average Recall     (AR) @[ IoU=0.50:0.95 | area=   all | maxDets=  1 ] = 0.023
 Average Recall     (AR) @[ IoU=0.50:0.95 | area=   all | maxDets= 10 ] = 0.172
 Average Recall     (AR) @[ IoU=0.50:0.95 | area=   all | maxDets=100 ] = 0.655
 Average Recall     (AR) @[ IoU=0.50:0.95 | area= small | maxDets=100 ] = 0.265
 Average Recall     (AR) @[ IoU=0.50:0.95 | area=medium | maxDets=100 ] = 0.686
 Average Recall     (AR) @[ IoU=0.50:0.95 | area= large | maxDets=100 ] = 0.811
2026-07-30 20:43:45,044 - portable_sam_fusion - INFO - Validation segm/mAP: 0.5675
2026-07-30 20:43:45,630 - portable_sam_fusion - INFO - New best segm/mAP: 0.5675
2026-07-30 20:43:45,631 - portable_sam_fusion - INFO - New best bbox/mAP: 0.4938
2026-07-30 20:43:45,631 - portable_sam_fusion - INFO - New best early-stop metric (segm/mAP): raw=0.5675 smooth(5)=0.5413
2026-07-30 20:43:48,102 - portable_sam_fusion - INFO - Saved best_model with segm/mAP: 0.5675
2026-07-30 20:43:50,733 - portable_sam_fusion - INFO - Saved best_bbox_model with bbox/mAP: 0.4938
2026-07-30 20:43:56,039 - portable_sam_fusion - INFO - Epoch 3/80 | train=0.621164 val=disabled segm/mAP=0.5675 bbox/mAP=0.4938 | best_segm=0.5675 best_bbox=0.4938 best_comp=0.0000 | sat_backbone=4.99e-04 mask_decoder=4.99e-04 shape_prior=4.99e-04 quality_head=4.99e-04 sat_other=4.99e-04
2026-07-30 20:44:15,732 - portable_sam_fusion - INFO - [DEBUG-BOX] epoch=4 step=900 fallback_count=0 fallback_ratio=0 num_rois=64 refined_proposal_iou=0 refined_proposal_iou_sum=0 refined_valid_count=0
2026-07-30 20:44:15,732 - portable_sam_fusion - INFO - [DEBUG-COARSE] epoch=4 step=900 bce_raw=0.285 boundary_fn=5900 boundary_fp=5855 boundary_tp=2.112e+04 dice=0.155 dice_loss_raw=0.155 iou=0.7374 loss_weight=0.1 raw_boundary_fn=5900 raw_boundary_fp=5855 raw_boundary_tp=2.112e+04 raw_dice_score=0.845 raw_iou=0.7374 weighted_loss=0.044
2026-07-30 20:44:15,732 - portable_sam_fusion - INFO - [DEBUG-CONTEXT] epoch=4 step=900 enabled=0
2026-07-30 20:44:15,732 - portable_sam_fusion - INFO - [DEBUG-JITTER] epoch=4 step=900 area_ratio_count=64 area_ratio_mean=1 area_ratio_sum=64 fallback_count=0 mean_iou=1 num_jittered=0 num_rois=64
2026-07-30 20:44:15,732 - portable_sam_fusion - INFO - [DEBUG-SP] epoch=4 step=900 all_invalid_count=0 all_invalid_ratio=0 empty_count=0 empty_ratio=0 full_count=0 full_ratio=0 mean_point_distance=34.05 n1_gt_valid_count=64 n1_in_gt_bg=0.8281 n1_in_gt_bg_count=53 n1_valid_count=64 n1_valid_ratio=1 n2_gt_valid_count=64 n2_in_gt_bg=1 n2_in_gt_bg_count=64 n2_valid_count=64 n2_valid_ratio=1 neg_in_pred_bg=1 neg_in_pred_bg_count=128 negative_pair_count=64 negative_pair_distance_sum=3307 p1_gt_valid_count=64 p1_in_gt_fg=0.9844 p1_in_gt_fg_count=63 p1_valid_count=64 p1_valid_ratio=1 p2_gt_valid_count=64 p2_in_gt_fg=0.9844 p2_in_gt_fg_count=63 p2_valid_count=64 p2_valid_ratio=1 point_distance_sum=4359 point_overlap_count=0 point_overlap_ratio=0 point_pair_count=128 pos_in_pred_fg=1 pos_in_pred_fg_count=128 positive_pair_count=64 positive_pair_distance_sum=1052 roi_count=64 valid_neg_count=128 valid_pos_count=128 warmup_stage=2
2026-07-30 20:45:09,295 - portable_sam_fusion - INFO - [DEBUG-BOX] epoch=4 step=950 fallback_count=0 fallback_ratio=0 num_rois=64 refined_proposal_iou=0 refined_proposal_iou_sum=0 refined_valid_count=0
2026-07-30 20:45:09,295 - portable_sam_fusion - INFO - [DEBUG-COARSE] epoch=4 step=950 bce_raw=0.2452 boundary_fn=5635 boundary_fp=5084 boundary_tp=2.04e+04 dice=0.1198 dice_loss_raw=0.1198 iou=0.7927 loss_weight=0.1 raw_boundary_fn=5635 raw_boundary_fp=5084 raw_boundary_tp=2.04e+04 raw_dice_score=0.8802 raw_iou=0.7927 weighted_loss=0.0365
2026-07-30 20:45:09,295 - portable_sam_fusion - INFO - [DEBUG-CONTEXT] epoch=4 step=950 enabled=0
2026-07-30 20:45:09,295 - portable_sam_fusion - INFO - [DEBUG-JITTER] epoch=4 step=950 area_ratio_count=64 area_ratio_mean=1 area_ratio_sum=64 fallback_count=0 mean_iou=1 num_jittered=0 num_rois=64
2026-07-30 20:45:09,295 - portable_sam_fusion - INFO - [DEBUG-SP] epoch=4 step=950 all_invalid_count=0 all_invalid_ratio=0 empty_count=0 empty_ratio=0 full_count=0 full_ratio=0 mean_point_distance=35.58 n1_gt_valid_count=64 n1_in_gt_bg=0.875 n1_in_gt_bg_count=56 n1_valid_count=64 n1_valid_ratio=1 n2_gt_valid_count=64 n2_in_gt_bg=0.9844 n2_in_gt_bg_count=63 n2_valid_count=64 n2_valid_ratio=1 neg_in_pred_bg=1 neg_in_pred_bg_count=128 negative_pair_count=64 negative_pair_distance_sum=3574 p1_gt_valid_count=64 p1_in_gt_fg=0.9844 p1_in_gt_fg_count=63 p1_valid_count=64 p1_valid_ratio=1 p2_gt_valid_count=64 p2_in_gt_fg=1 p2_in_gt_fg_count=64 p2_valid_count=64 p2_valid_ratio=1 point_distance_sum=4554 point_overlap_count=0 point_overlap_ratio=0 point_pair_count=128 pos_in_pred_fg=1 pos_in_pred_fg_count=128 positive_pair_count=64 positive_pair_distance_sum=979.6 roi_count=64 valid_neg_count=128 valid_pos_count=128 warmup_stage=2
2026-07-30 20:45:54,797 - portable_sam_fusion - INFO - epoch 4 | mini-batch 112/294 | optimizer_step 250/5920 | lr=4.992e-04
2026-07-30 20:46:00,708 - portable_sam_fusion - INFO - [DEBUG-BOX] epoch=4 step=1000 fallback_count=0 fallback_ratio=0 num_rois=64 refined_proposal_iou=0 refined_proposal_iou_sum=0 refined_valid_count=0
2026-07-30 20:46:00,709 - portable_sam_fusion - INFO - [DEBUG-COARSE] epoch=4 step=1000 bce_raw=0.359 boundary_fn=6798 boundary_fp=7534 boundary_tp=2.124e+04 dice=0.1773 dice_loss_raw=0.1773 iou=0.7048 loss_weight=0.1 raw_boundary_fn=6798 raw_boundary_fp=7534 raw_boundary_tp=2.124e+04 raw_dice_score=0.8227 raw_iou=0.7048 weighted_loss=0.05363
2026-07-30 20:46:00,709 - portable_sam_fusion - INFO - [DEBUG-CONTEXT] epoch=4 step=1000 enabled=0
2026-07-30 20:46:00,709 - portable_sam_fusion - INFO - [DEBUG-JITTER] epoch=4 step=1000 area_ratio_count=64 area_ratio_mean=1 area_ratio_sum=64 fallback_count=0 mean_iou=1 num_jittered=0 num_rois=64
2026-07-30 20:46:00,709 - portable_sam_fusion - INFO - [DEBUG-SP] epoch=4 step=1000 all_invalid_count=0 all_invalid_ratio=0 empty_count=0 empty_ratio=0 full_count=0 full_ratio=0 mean_point_distance=33.26 n1_gt_valid_count=64 n1_in_gt_bg=0.8438 n1_in_gt_bg_count=54 n1_valid_count=64 n1_valid_ratio=1 n2_gt_valid_count=64 n2_in_gt_bg=0.9844 n2_in_gt_bg_count=63 n2_valid_count=64 n2_valid_ratio=1 neg_in_pred_bg=1 neg_in_pred_bg_count=128 negative_pair_count=64 negative_pair_distance_sum=3041 p1_gt_valid_count=64 p1_in_gt_fg=0.9375 p1_in_gt_fg_count=60 p1_valid_count=64 p1_valid_ratio=1 p2_gt_valid_count=64 p2_in_gt_fg=0.9844 p2_in_gt_fg_count=63 p2_valid_count=64 p2_valid_ratio=1 point_distance_sum=4257 point_overlap_count=0 point_overlap_ratio=0 point_pair_count=128 pos_in_pred_fg=1 pos_in_pred_fg_count=128 positive_pair_count=64 positive_pair_distance_sum=1217 roi_count=64 valid_neg_count=128 valid_pos_count=128 warmup_stage=2
2026-07-30 20:46:54,396 - portable_sam_fusion - INFO - [DEBUG-BOX] epoch=4 step=1050 fallback_count=0 fallback_ratio=0 num_rois=64 refined_proposal_iou=0 refined_proposal_iou_sum=0 refined_valid_count=0
2026-07-30 20:46:54,396 - portable_sam_fusion - INFO - [DEBUG-COARSE] epoch=4 step=1050 bce_raw=0.2254 boundary_fn=5064 boundary_fp=3449 boundary_tp=2.156e+04 dice=0.1068 dice_loss_raw=0.1068 iou=0.8117 loss_weight=0.1 raw_boundary_fn=5064 raw_boundary_fp=3449 raw_boundary_tp=2.156e+04 raw_dice_score=0.8932 raw_iou=0.8117 weighted_loss=0.03322
2026-07-30 20:46:54,396 - portable_sam_fusion - INFO - [DEBUG-CONTEXT] epoch=4 step=1050 enabled=0
2026-07-30 20:46:54,396 - portable_sam_fusion - INFO - [DEBUG-JITTER] epoch=4 step=1050 area_ratio_count=64 area_ratio_mean=1 area_ratio_sum=64 fallback_count=0 mean_iou=1 num_jittered=0 num_rois=64
2026-07-30 20:46:54,396 - portable_sam_fusion - INFO - [DEBUG-SP] epoch=4 step=1050 all_invalid_count=0 all_invalid_ratio=0 empty_count=0 empty_ratio=0 full_count=0 full_ratio=0 mean_point_distance=21.28 n1_gt_valid_count=64 n1_in_gt_bg=0.7969 n1_in_gt_bg_count=51 n1_valid_count=64 n1_valid_ratio=1 n2_gt_valid_count=64 n2_in_gt_bg=1 n2_in_gt_bg_count=64 n2_valid_count=64 n2_valid_ratio=1 neg_in_pred_bg=1 neg_in_pred_bg_count=128 negative_pair_count=64 negative_pair_distance_sum=1922 p1_gt_valid_count=64 p1_in_gt_fg=0.9844 p1_in_gt_fg_count=63 p1_valid_count=64 p1_valid_ratio=1 p2_gt_valid_count=64 p2_in_gt_fg=1 p2_in_gt_fg_count=64 p2_valid_count=64 p2_valid_ratio=1 point_distance_sum=2724 point_overlap_count=0 point_overlap_ratio=0 point_pair_count=128 pos_in_pred_fg=1 pos_in_pred_fg_count=128 positive_pair_count=64 positive_pair_distance_sum=801.5 roi_count=64 valid_neg_count=128 valid_pos_count=128 warmup_stage=2
2026-07-30 20:47:50,186 - portable_sam_fusion - INFO - [DEBUG-BOX] epoch=4 step=1100 fallback_count=0 fallback_ratio=0 num_rois=64 refined_proposal_iou=0 refined_proposal_iou_sum=0 refined_valid_count=0
2026-07-30 20:47:50,186 - portable_sam_fusion - INFO - [DEBUG-COARSE] epoch=4 step=1100 bce_raw=0.2749 boundary_fn=7879 boundary_fp=6492 boundary_tp=2.043e+04 dice=0.1516 dice_loss_raw=0.1516 iou=0.7448 loss_weight=0.1 raw_boundary_fn=7879 raw_boundary_fp=6492 raw_boundary_tp=2.043e+04 raw_dice_score=0.8484 raw_iou=0.7448 weighted_loss=0.04264
2026-07-30 20:47:50,186 - portable_sam_fusion - INFO - [DEBUG-CONTEXT] epoch=4 step=1100 enabled=0
2026-07-30 20:47:50,186 - portable_sam_fusion - INFO - [DEBUG-JITTER] epoch=4 step=1100 area_ratio_count=64 area_ratio_mean=1 area_ratio_sum=64 fallback_count=0 mean_iou=1 num_jittered=0 num_rois=64
2026-07-30 20:47:50,186 - portable_sam_fusion - INFO - [DEBUG-SP] epoch=4 step=1100 all_invalid_count=0 all_invalid_ratio=0 empty_count=0 empty_ratio=0 full_count=0 full_ratio=0 mean_point_distance=41.84 n1_gt_valid_count=64 n1_in_gt_bg=0.8594 n1_in_gt_bg_count=55 n1_valid_count=64 n1_valid_ratio=1 n2_gt_valid_count=64 n2_in_gt_bg=1 n2_in_gt_bg_count=64 n2_valid_count=64 n2_valid_ratio=1 neg_in_pred_bg=1 neg_in_pred_bg_count=128 negative_pair_count=64 negative_pair_distance_sum=3786 p1_gt_valid_count=64 p1_in_gt_fg=0.9844 p1_in_gt_fg_count=63 p1_valid_count=64 p1_valid_ratio=1 p2_gt_valid_count=64 p2_in_gt_fg=0.9844 p2_in_gt_fg_count=63 p2_valid_count=64 p2_valid_ratio=1 point_distance_sum=5355 point_overlap_count=0 point_overlap_ratio=0 point_pair_count=128 pos_in_pred_fg=1 pos_in_pred_fg_count=128 positive_pair_count=64 positive_pair_distance_sum=1570 roi_count=64 valid_neg_count=128 valid_pos_count=128 warmup_stage=2
2026-07-30 20:48:42,313 - portable_sam_fusion - INFO - [DEBUG-BOX] epoch=4 step=1150 fallback_count=0 fallback_ratio=0 num_rois=64 refined_proposal_iou=0 refined_proposal_iou_sum=0 refined_valid_count=0
2026-07-30 20:48:42,313 - portable_sam_fusion - INFO - [DEBUG-COARSE] epoch=4 step=1150 bce_raw=0.2847 boundary_fn=6505 boundary_fp=5488 boundary_tp=2.083e+04 dice=0.1399 dice_loss_raw=0.1399 iou=0.7589 loss_weight=0.1 raw_boundary_fn=6505 raw_boundary_fp=5488 raw_boundary_tp=2.083e+04 raw_dice_score=0.8601 raw_iou=0.7589 weighted_loss=0.04246
2026-07-30 20:48:42,313 - portable_sam_fusion - INFO - [DEBUG-CONTEXT] epoch=4 step=1150 enabled=0
2026-07-30 20:48:42,313 - portable_sam_fusion - INFO - [DEBUG-JITTER] epoch=4 step=1150 area_ratio_count=64 area_ratio_mean=1 area_ratio_sum=64 fallback_count=0 mean_iou=1 num_jittered=0 num_rois=64
2026-07-30 20:48:42,314 - portable_sam_fusion - INFO - [DEBUG-SP] epoch=4 step=1150 all_invalid_count=0 all_invalid_ratio=0 empty_count=0 empty_ratio=0 full_count=0 full_ratio=0 mean_point_distance=34.92 n1_gt_valid_count=64 n1_in_gt_bg=0.8281 n1_in_gt_bg_count=53 n1_valid_count=64 n1_valid_ratio=1 n2_gt_valid_count=64 n2_in_gt_bg=1 n2_in_gt_bg_count=64 n2_valid_count=64 n2_valid_ratio=1 neg_in_pred_bg=1 neg_in_pred_bg_count=128 negative_pair_count=64 negative_pair_distance_sum=3302 p1_gt_valid_count=64 p1_in_gt_fg=1 p1_in_gt_fg_count=64 p1_valid_count=64 p1_valid_ratio=1 p2_gt_valid_count=64 p2_in_gt_fg=1 p2_in_gt_fg_count=64 p2_valid_count=64 p2_valid_ratio=1 point_distance_sum=4470 point_overlap_count=0 point_overlap_ratio=0 point_pair_count=128 pos_in_pred_fg=1 pos_in_pred_fg_count=128 positive_pair_count=64 positive_pair_distance_sum=1168 roi_count=64 valid_neg_count=128 valid_pos_count=128 warmup_stage=2
2026-07-30 20:49:08,023 - portable_sam_fusion - INFO - Epoch 4 detailed losses: loss_rpn_cls=0.0474, loss_rpn_bbox=0.0175, loss_cls=0.2934, acc=87.5202, loss_bbox=0.1537, loss_mask=0.0017, debug_mask_pos_rois=55.6395, debug_mask_logit_mean=-14.8031, debug_mask_logit_std=2.8235, debug_mask_prob_mean=0.0047, debug_mask_prob_ge05=0.0046, debug_mask_target_fill=0.0046, loss_shape_prior=0.0347, schedule/det_weight=1.0000
2026-07-30 20:49:08,023 - portable_sam_fusion - INFO - Epoch 4 primary loss shares: det=93.37% final_mask=0.30% shape=6.33% p2_boundary=0.00%
2026-07-30 20:49:08,023 - portable_sam_fusion - INFO - Epoch 4 schedule: det_loss_weight=1.000 early_stop_start=20 min_delta=0.0005
2026-07-30 20:49:08,023 - portable_sam_fusion - INFO - Epoch 4 learning rates: sat_backbone=4.99e-04, mask_decoder=4.99e-04, shape_prior=4.99e-04, quality_head=4.99e-04, sat_other=4.99e-04
2026-07-30 20:53:02,111 - portable_sam_fusion - INFO - Validation samples: GT=15926, DT=30079, avg_masks_per_image=47.97, avg_mask_fill=0.0072
creating index...
index created!
Loading and preparing results...
DONE (t=0.03s)
creating index...
index created!
Running per image evaluation...
Evaluate annotation type *bbox*
DONE (t=13.22s).
Accumulating evaluation results...
DONE (t=0.24s).
 Average Precision  (AP) @[ IoU=0.50:0.95 | area=   all | maxDets=100 ] = 0.569
 Average Precision  (AP) @[ IoU=0.50      | area=   all | maxDets=100 ] = 0.859
 Average Precision  (AP) @[ IoU=0.75      | area=   all | maxDets=100 ] = 0.697
 Average Precision  (AP) @[ IoU=0.50:0.95 | area= small | maxDets=100 ] = 0.189
 Average Precision  (AP) @[ IoU=0.50:0.95 | area=medium | maxDets=100 ] = 0.618
 Average Precision  (AP) @[ IoU=0.50:0.95 | area= large | maxDets=100 ] = 0.635
 Average Recall     (AR) @[ IoU=0.50:0.95 | area=   all | maxDets=  1 ] = 0.023
 Average Recall     (AR) @[ IoU=0.50:0.95 | area=   all | maxDets= 10 ] = 0.167
 Average Recall     (AR) @[ IoU=0.50:0.95 | area=   all | maxDets=100 ] = 0.644
 Average Recall     (AR) @[ IoU=0.50:0.95 | area= small | maxDets=100 ] = 0.344
 Average Recall     (AR) @[ IoU=0.50:0.95 | area=medium | maxDets=100 ] = 0.688
 Average Recall     (AR) @[ IoU=0.50:0.95 | area= large | maxDets=100 ] = 0.712
2026-07-30 20:53:16,312 - portable_sam_fusion - INFO - Validation bbox/mAP: 0.5688 bbox/mAP_75: 0.6971
Running per image evaluation...
Evaluate annotation type *segm*
DONE (t=13.38s).
Accumulating evaluation results...
DONE (t=0.25s).
 Average Precision  (AP) @[ IoU=0.50:0.95 | area=   all | maxDets=100 ] = 0.591
 Average Precision  (AP) @[ IoU=0.50      | area=   all | maxDets=100 ] = 0.859
 Average Precision  (AP) @[ IoU=0.75      | area=   all | maxDets=100 ] = 0.696
 Average Precision  (AP) @[ IoU=0.50:0.95 | area= small | maxDets=100 ] = 0.145
 Average Precision  (AP) @[ IoU=0.50:0.95 | area=medium | maxDets=100 ] = 0.623
 Average Precision  (AP) @[ IoU=0.50:0.95 | area= large | maxDets=100 ] = 0.747
 Average Recall     (AR) @[ IoU=0.50:0.95 | area=   all | maxDets=  1 ] = 0.025
 Average Recall     (AR) @[ IoU=0.50:0.95 | area=   all | maxDets= 10 ] = 0.176
 Average Recall     (AR) @[ IoU=0.50:0.95 | area=   all | maxDets=100 ] = 0.660
 Average Recall     (AR) @[ IoU=0.50:0.95 | area= small | maxDets=100 ] = 0.280
 Average Recall     (AR) @[ IoU=0.50:0.95 | area=medium | maxDets=100 ] = 0.691
 Average Recall     (AR) @[ IoU=0.50:0.95 | area= large | maxDets=100 ] = 0.812
2026-07-30 20:53:29,978 - portable_sam_fusion - INFO - Validation segm/mAP: 0.5915
2026-07-30 20:53:30,756 - portable_sam_fusion - INFO - New best segm/mAP: 0.5915
2026-07-30 20:53:30,756 - portable_sam_fusion - INFO - New best bbox/mAP: 0.5688
2026-07-30 20:53:30,757 - portable_sam_fusion - INFO - New best early-stop metric (segm/mAP): raw=0.5915 smooth(5)=0.5538
2026-07-30 20:53:33,234 - portable_sam_fusion - INFO - Saved best_model with segm/mAP: 0.5915
2026-07-30 20:53:35,878 - portable_sam_fusion - INFO - Saved best_bbox_model with bbox/mAP: 0.5688
2026-07-30 20:53:41,276 - portable_sam_fusion - INFO - Epoch 4/80 | train=0.548426 val=disabled segm/mAP=0.5915 bbox/mAP=0.5688 | best_segm=0.5915 best_bbox=0.5688 best_comp=0.0000 | sat_backbone=4.99e-04 mask_decoder=4.99e-04 shape_prior=4.99e-04 quality_head=4.99e-04 sat_other=4.99e-04
2026-07-30 20:54:00,911 - portable_sam_fusion - INFO - epoch 5 | mini-batch 16/294 | optimizer_step 300/5920 | lr=4.985e-04
2026-07-30 20:54:08,939 - portable_sam_fusion - INFO - [DEBUG-BOX] epoch=5 step=1200 fallback_count=0 fallback_ratio=0 num_rois=64 refined_proposal_iou=0 refined_proposal_iou_sum=0 refined_valid_count=0
2026-07-30 20:54:08,940 - portable_sam_fusion - INFO - [DEBUG-COARSE] epoch=5 step=1200 bce_raw=0.2193 boundary_fn=3978 boundary_fp=5760 boundary_tp=2.105e+04 dice=0.1154 dice_loss_raw=0.1154 iou=0.7992 loss_weight=0.1 raw_boundary_fn=3978 raw_boundary_fp=5760 raw_boundary_tp=2.105e+04 raw_dice_score=0.8846 raw_iou=0.7992 weighted_loss=0.03347
2026-07-30 20:54:08,940 - portable_sam_fusion - INFO - [DEBUG-CONTEXT] epoch=5 step=1200 enabled=0
2026-07-30 20:54:08,940 - portable_sam_fusion - INFO - [DEBUG-JITTER] epoch=5 step=1200 area_ratio_count=64 area_ratio_mean=1 area_ratio_sum=64 fallback_count=0 mean_iou=1 num_jittered=0 num_rois=64
2026-07-30 20:54:08,940 - portable_sam_fusion - INFO - [DEBUG-SP] epoch=5 step=1200 all_invalid_count=0 all_invalid_ratio=0 empty_count=0 empty_ratio=0 full_count=0 full_ratio=0 mean_point_distance=41.18 n1_gt_valid_count=64 n1_in_gt_bg=0.75 n1_in_gt_bg_count=48 n1_valid_count=64 n1_valid_ratio=1 n2_gt_valid_count=64 n2_in_gt_bg=0.9844 n2_in_gt_bg_count=63 n2_valid_count=64 n2_valid_ratio=1 neg_in_pred_bg=1 neg_in_pred_bg_count=128 negative_pair_count=64 negative_pair_distance_sum=4001 p1_gt_valid_count=64 p1_in_gt_fg=1 p1_in_gt_fg_count=64 p1_valid_count=64 p1_valid_ratio=1 p2_gt_valid_count=64 p2_in_gt_fg=1 p2_in_gt_fg_count=64 p2_valid_count=64 p2_valid_ratio=1 point_distance_sum=5272 point_overlap_count=0 point_overlap_ratio=0 point_pair_count=128 pos_in_pred_fg=1 pos_in_pred_fg_count=128 positive_pair_count=64 positive_pair_distance_sum=1271 roi_count=64 valid_neg_count=128 valid_pos_count=128 warmup_stage=2
2026-07-30 20:55:00,751 - portable_sam_fusion - INFO - [DEBUG-BOX] epoch=5 step=1250 fallback_count=0 fallback_ratio=0 num_rois=64 refined_proposal_iou=0 refined_proposal_iou_sum=0 refined_valid_count=0
2026-07-30 20:55:00,751 - portable_sam_fusion - INFO - [DEBUG-COARSE] epoch=5 step=1250 bce_raw=0.2221 boundary_fn=5270 boundary_fp=4808 boundary_tp=2.157e+04 dice=0.1193 dice_loss_raw=0.1193 iou=0.7906 loss_weight=0.1 raw_boundary_fn=5270 raw_boundary_fp=4808 raw_boundary_tp=2.157e+04 raw_dice_score=0.8807 raw_iou=0.7906 weighted_loss=0.03414
2026-07-30 20:55:00,751 - portable_sam_fusion - INFO - [DEBUG-CONTEXT] epoch=5 step=1250 enabled=0
2026-07-30 20:55:00,752 - portable_sam_fusion - INFO - [DEBUG-JITTER] epoch=5 step=1250 area_ratio_count=64 area_ratio_mean=1 area_ratio_sum=64 fallback_count=0 mean_iou=1 num_jittered=0 num_rois=64
2026-07-30 20:55:00,752 - portable_sam_fusion - INFO - [DEBUG-SP] epoch=5 step=1250 all_invalid_count=0 all_invalid_ratio=0 empty_count=0 empty_ratio=0 full_count=0 full_ratio=0 mean_point_distance=32.44 n1_gt_valid_count=64 n1_in_gt_bg=0.8281 n1_in_gt_bg_count=53 n1_valid_count=64 n1_valid_ratio=1 n2_gt_valid_count=64 n2_in_gt_bg=1 n2_in_gt_bg_count=64 n2_valid_count=64 n2_valid_ratio=1 neg_in_pred_bg=1 neg_in_pred_bg_count=128 negative_pair_count=64 negative_pair_distance_sum=3136 p1_gt_valid_count=64 p1_in_gt_fg=1 p1_in_gt_fg_count=64 p1_valid_count=64 p1_valid_ratio=1 p2_gt_valid_count=64 p2_in_gt_fg=1 p2_in_gt_fg_count=64 p2_valid_count=64 p2_valid_ratio=1 point_distance_sum=4153 point_overlap_count=0 point_overlap_ratio=0 point_pair_count=128 pos_in_pred_fg=1 pos_in_pred_fg_count=128 positive_pair_count=64 positive_pair_distance_sum=1017 roi_count=64 valid_neg_count=128 valid_pos_count=128 warmup_stage=2
2026-07-30 20:55:54,542 - portable_sam_fusion - INFO - [DEBUG-BOX] epoch=5 step=1300 fallback_count=0 fallback_ratio=0 num_rois=27 refined_proposal_iou=0 refined_proposal_iou_sum=0 refined_valid_count=0
2026-07-30 20:55:54,543 - portable_sam_fusion - INFO - [DEBUG-COARSE] epoch=5 step=1300 bce_raw=0.5741 boundary_fn=5171 boundary_fp=5243 boundary_tp=5258 dice=0.2729 dice_loss_raw=0.2729 iou=0.5724 loss_weight=0.1 raw_boundary_fn=5171 raw_boundary_fp=5243 raw_boundary_tp=5258 raw_dice_score=0.7271 raw_iou=0.5724 weighted_loss=0.0847
2026-07-30 20:55:54,543 - portable_sam_fusion - INFO - [DEBUG-CONTEXT] epoch=5 step=1300 enabled=0
2026-07-30 20:55:54,543 - portable_sam_fusion - INFO - [DEBUG-JITTER] epoch=5 step=1300 area_ratio_count=27 area_ratio_mean=1 area_ratio_sum=27 fallback_count=0 mean_iou=1 num_jittered=0 num_rois=27
2026-07-30 20:55:54,543 - portable_sam_fusion - INFO - [DEBUG-SP] epoch=5 step=1300 all_invalid_count=0 all_invalid_ratio=0 empty_count=0 empty_ratio=0 full_count=0 full_ratio=0 mean_point_distance=14.44 n1_gt_valid_count=27 n1_in_gt_bg=0.4815 n1_in_gt_bg_count=13 n1_valid_count=27 n1_valid_ratio=1 n2_gt_valid_count=27 n2_in_gt_bg=1 n2_in_gt_bg_count=27 n2_valid_count=27 n2_valid_ratio=1 neg_in_pred_bg=1 neg_in_pred_bg_count=54 negative_pair_count=27 negative_pair_distance_sum=578.2 p1_gt_valid_count=27 p1_in_gt_fg=1 p1_in_gt_fg_count=27 p1_valid_count=27 p1_valid_ratio=1 p2_gt_valid_count=27 p2_in_gt_fg=1 p2_in_gt_fg_count=27 p2_valid_count=27 p2_valid_ratio=1 point_distance_sum=779.9 point_overlap_count=0 point_overlap_ratio=0 point_pair_count=54 pos_in_pred_fg=1 pos_in_pred_fg_count=54 positive_pair_count=27 positive_pair_distance_sum=201.8 roi_count=27 valid_neg_count=54 valid_pos_count=54 warmup_stage=2
2026-07-30 20:56:44,101 - portable_sam_fusion - INFO - [DEBUG-BOX] epoch=5 step=1350 fallback_count=0 fallback_ratio=0 num_rois=64 refined_proposal_iou=0 refined_proposal_iou_sum=0 refined_valid_count=0
2026-07-30 20:56:44,101 - portable_sam_fusion - INFO - [DEBUG-COARSE] epoch=5 step=1350 bce_raw=0.2384 boundary_fn=5478 boundary_fp=4526 boundary_tp=2.07e+04 dice=0.1176 dice_loss_raw=0.1176 iou=0.7973 loss_weight=0.1 raw_boundary_fn=5478 raw_boundary_fp=4526 raw_boundary_tp=2.07e+04 raw_dice_score=0.8824 raw_iou=0.7973 weighted_loss=0.03559
2026-07-30 20:56:44,101 - portable_sam_fusion - INFO - [DEBUG-CONTEXT] epoch=5 step=1350 enabled=0
2026-07-30 20:56:44,101 - portable_sam_fusion - INFO - [DEBUG-JITTER] epoch=5 step=1350 area_ratio_count=64 area_ratio_mean=1 area_ratio_sum=64 fallback_count=0 mean_iou=1 num_jittered=0 num_rois=64
2026-07-30 20:56:44,101 - portable_sam_fusion - INFO - [DEBUG-SP] epoch=5 step=1350 all_invalid_count=0 all_invalid_ratio=0 empty_count=0 empty_ratio=0 full_count=0 full_ratio=0 mean_point_distance=41.53 n1_gt_valid_count=64 n1_in_gt_bg=0.6719 n1_in_gt_bg_count=43 n1_valid_count=64 n1_valid_ratio=1 n2_gt_valid_count=64 n2_in_gt_bg=1 n2_in_gt_bg_count=64 n2_valid_count=64 n2_valid_ratio=1 neg_in_pred_bg=1 neg_in_pred_bg_count=128 negative_pair_count=64 negative_pair_distance_sum=4008 p1_gt_valid_count=64 p1_in_gt_fg=0.9844 p1_in_gt_fg_count=63 p1_valid_count=64 p1_valid_ratio=1 p2_gt_valid_count=64 p2_in_gt_fg=0.9844 p2_in_gt_fg_count=63 p2_valid_count=64 p2_valid_ratio=1 point_distance_sum=5316 point_overlap_count=0 point_overlap_ratio=0 point_pair_count=128 pos_in_pred_fg=1 pos_in_pred_fg_count=128 positive_pair_count=64 positive_pair_distance_sum=1308 roi_count=64 valid_neg_count=128 valid_pos_count=128 warmup_stage=2
2026-07-30 20:57:25,449 - portable_sam_fusion - INFO - epoch 5 | mini-batch 216/294 | optimizer_step 350/5920 | lr=4.977e-04
2026-07-30 20:57:33,204 - portable_sam_fusion - INFO - [DEBUG-BOX] epoch=5 step=1400 fallback_count=0 fallback_ratio=0 num_rois=64 refined_proposal_iou=0 refined_proposal_iou_sum=0 refined_valid_count=0
2026-07-30 20:57:33,204 - portable_sam_fusion - INFO - [DEBUG-COARSE] epoch=5 step=1400 bce_raw=0.2327 boundary_fn=3816 boundary_fp=4404 boundary_tp=2.422e+04 dice=0.1115 dice_loss_raw=0.1115 iou=0.8058 loss_weight=0.1 raw_boundary_fn=3816 raw_boundary_fp=4404 raw_boundary_tp=2.422e+04 raw_dice_score=0.8885 raw_iou=0.8058 weighted_loss=0.03442
2026-07-30 20:57:33,204 - portable_sam_fusion - INFO - [DEBUG-CONTEXT] epoch=5 step=1400 enabled=0
2026-07-30 20:57:33,204 - portable_sam_fusion - INFO - [DEBUG-JITTER] epoch=5 step=1400 area_ratio_count=64 area_ratio_mean=1 area_ratio_sum=64 fallback_count=0 mean_iou=1 num_jittered=0 num_rois=64
2026-07-30 20:57:33,204 - portable_sam_fusion - INFO - [DEBUG-SP] epoch=5 step=1400 all_invalid_count=0 all_invalid_ratio=0 empty_count=0 empty_ratio=0 full_count=0 full_ratio=0 mean_point_distance=43.37 n1_gt_valid_count=64 n1_in_gt_bg=0.9219 n1_in_gt_bg_count=59 n1_valid_count=64 n1_valid_ratio=1 n2_gt_valid_count=64 n2_in_gt_bg=1 n2_in_gt_bg_count=64 n2_valid_count=64 n2_valid_ratio=1 neg_in_pred_bg=1 neg_in_pred_bg_count=128 negative_pair_count=64 negative_pair_distance_sum=4203 p1_gt_valid_count=64 p1_in_gt_fg=1 p1_in_gt_fg_count=64 p1_valid_count=64 p1_valid_ratio=1 p2_gt_valid_count=64 p2_in_gt_fg=1 p2_in_gt_fg_count=64 p2_valid_count=64 p2_valid_ratio=1 point_distance_sum=5551 point_overlap_count=0 point_overlap_ratio=0 point_pair_count=128 pos_in_pred_fg=1 pos_in_pred_fg_count=128 positive_pair_count=64 positive_pair_distance_sum=1348 roi_count=64 valid_neg_count=128 valid_pos_count=128 warmup_stage=2
2026-07-30 20:58:23,762 - portable_sam_fusion - INFO - [DEBUG-BOX] epoch=5 step=1450 fallback_count=0 fallback_ratio=0 num_rois=64 refined_proposal_iou=0 refined_proposal_iou_sum=0 refined_valid_count=0
2026-07-30 20:58:23,762 - portable_sam_fusion - INFO - [DEBUG-COARSE] epoch=5 step=1450 bce_raw=0.238 boundary_fn=7320 boundary_fp=4428 boundary_tp=2.122e+04 dice=0.1454 dice_loss_raw=0.1454 iou=0.7482 loss_weight=0.1 raw_boundary_fn=7320 raw_boundary_fp=4428 raw_boundary_tp=2.122e+04 raw_dice_score=0.8546 raw_iou=0.7482 weighted_loss=0.03834
2026-07-30 20:58:23,762 - portable_sam_fusion - INFO - [DEBUG-CONTEXT] epoch=5 step=1450 enabled=0
2026-07-30 20:58:23,763 - portable_sam_fusion - INFO - [DEBUG-JITTER] epoch=5 step=1450 area_ratio_count=64 area_ratio_mean=1 area_ratio_sum=64 fallback_count=0 mean_iou=1 num_jittered=0 num_rois=64
2026-07-30 20:58:23,763 - portable_sam_fusion - INFO - [DEBUG-SP] epoch=5 step=1450 all_invalid_count=0 all_invalid_ratio=0 empty_count=0 empty_ratio=0 full_count=0 full_ratio=0 mean_point_distance=30.52 n1_gt_valid_count=64 n1_in_gt_bg=0.7188 n1_in_gt_bg_count=46 n1_valid_count=64 n1_valid_ratio=1 n2_gt_valid_count=64 n2_in_gt_bg=1 n2_in_gt_bg_count=64 n2_valid_count=64 n2_valid_ratio=1 neg_in_pred_bg=1 neg_in_pred_bg_count=128 negative_pair_count=64 negative_pair_distance_sum=3064 p1_gt_valid_count=64 p1_in_gt_fg=1 p1_in_gt_fg_count=64 p1_valid_count=64 p1_valid_ratio=1 p2_gt_valid_count=64 p2_in_gt_fg=1 p2_in_gt_fg_count=64 p2_valid_count=64 p2_valid_ratio=1 point_distance_sum=3906 point_overlap_count=0 point_overlap_ratio=0 point_pair_count=128 pos_in_pred_fg=1 pos_in_pred_fg_count=128 positive_pair_count=64 positive_pair_distance_sum=841.7 roi_count=64 valid_neg_count=128 valid_pos_count=128 warmup_stage=2
2026-07-30 20:58:44,620 - portable_sam_fusion - INFO - Epoch 5 detailed losses: loss_rpn_cls=0.0374, loss_rpn_bbox=0.0135, loss_cls=0.2909, acc=87.9093, loss_bbox=0.1335, loss_mask=0.0017, debug_mask_pos_rois=56.2177, debug_mask_logit_mean=-15.1006, debug_mask_logit_std=2.8992, debug_mask_prob_mean=0.0045, debug_mask_prob_ge05=0.0045, debug_mask_target_fill=0.0046, loss_shape_prior=0.0317, schedule/det_weight=1.0000
2026-07-30 20:58:44,621 - portable_sam_fusion - INFO - Epoch 5 primary loss shares: det=93.45% final_mask=0.33% shape=6.23% p2_boundary=0.00%
2026-07-30 20:58:44,621 - portable_sam_fusion - INFO - Epoch 5 schedule: det_loss_weight=1.000 early_stop_start=20 min_delta=0.0005
2026-07-30 20:58:44,621 - portable_sam_fusion - INFO - Epoch 5 learning rates: sat_backbone=4.97e-04, mask_decoder=4.97e-04, shape_prior=4.97e-04, quality_head=4.97e-04, sat_other=4.97e-04
2026-07-30 21:02:06,169 - portable_sam_fusion - INFO - Validation samples: GT=15926, DT=22603, avg_masks_per_image=36.05, avg_mask_fill=0.0087
creating index...
index created!
Loading and preparing results...
DONE (t=0.03s)
creating index...
index created!
Running per image evaluation...
Evaluate annotation type *bbox*
DONE (t=11.46s).
Accumulating evaluation results...
DONE (t=0.20s).
 Average Precision  (AP) @[ IoU=0.50:0.95 | area=   all | maxDets=100 ] = 0.582
 Average Precision  (AP) @[ IoU=0.50      | area=   all | maxDets=100 ] = 0.856
 Average Precision  (AP) @[ IoU=0.75      | area=   all | maxDets=100 ] = 0.705
 Average Precision  (AP) @[ IoU=0.50:0.95 | area= small | maxDets=100 ] = 0.184
 Average Precision  (AP) @[ IoU=0.50:0.95 | area=medium | maxDets=100 ] = 0.639
 Average Precision  (AP) @[ IoU=0.50:0.95 | area= large | maxDets=100 ] = 0.636
 Average Recall     (AR) @[ IoU=0.50:0.95 | area=   all | maxDets=  1 ] = 0.024
 Average Recall     (AR) @[ IoU=0.50:0.95 | area=   all | maxDets= 10 ] = 0.170
 Average Recall     (AR) @[ IoU=0.50:0.95 | area=   all | maxDets=100 ] = 0.658
 Average Recall     (AR) @[ IoU=0.50:0.95 | area= small | maxDets=100 ] = 0.341
 Average Recall     (AR) @[ IoU=0.50:0.95 | area=medium | maxDets=100 ] = 0.717
 Average Recall     (AR) @[ IoU=0.50:0.95 | area= large | maxDets=100 ] = 0.698
2026-07-30 21:02:18,536 - portable_sam_fusion - INFO - Validation bbox/mAP: 0.5817 bbox/mAP_75: 0.7051
Running per image evaluation...
Evaluate annotation type *segm*
DONE (t=11.63s).
Accumulating evaluation results...
DONE (t=0.20s).
 Average Precision  (AP) @[ IoU=0.50:0.95 | area=   all | maxDets=100 ] = 0.602
 Average Precision  (AP) @[ IoU=0.50      | area=   all | maxDets=100 ] = 0.857
 Average Precision  (AP) @[ IoU=0.75      | area=   all | maxDets=100 ] = 0.710
 Average Precision  (AP) @[ IoU=0.50:0.95 | area= small | maxDets=100 ] = 0.153
 Average Precision  (AP) @[ IoU=0.50:0.95 | area=medium | maxDets=100 ] = 0.632
 Average Precision  (AP) @[ IoU=0.50:0.95 | area= large | maxDets=100 ] = 0.779
 Average Recall     (AR) @[ IoU=0.50:0.95 | area=   all | maxDets=  1 ] = 0.024
 Average Recall     (AR) @[ IoU=0.50:0.95 | area=   all | maxDets= 10 ] = 0.179
 Average Recall     (AR) @[ IoU=0.50:0.95 | area=   all | maxDets=100 ] = 0.676
 Average Recall     (AR) @[ IoU=0.50:0.95 | area= small | maxDets=100 ] = 0.291
 Average Recall     (AR) @[ IoU=0.50:0.95 | area=medium | maxDets=100 ] = 0.706
 Average Recall     (AR) @[ IoU=0.50:0.95 | area= large | maxDets=100 ] = 0.835
2026-07-30 21:02:30,401 - portable_sam_fusion - INFO - Validation segm/mAP: 0.6019
2026-07-30 21:02:30,951 - portable_sam_fusion - INFO - New best segm/mAP: 0.6019
2026-07-30 21:02:30,952 - portable_sam_fusion - INFO - New best bbox/mAP: 0.5817
2026-07-30 21:02:30,952 - portable_sam_fusion - INFO - New best early-stop metric (segm/mAP): raw=0.6019 smooth(5)=0.5634
2026-07-30 21:02:33,379 - portable_sam_fusion - INFO - Saved best_model with segm/mAP: 0.6019
2026-07-30 21:02:35,937 - portable_sam_fusion - INFO - Saved best_bbox_model with bbox/mAP: 0.5817
2026-07-30 21:02:41,319 - portable_sam_fusion - INFO - Epoch 5/80 | train=0.508659 val=disabled segm/mAP=0.6019 bbox/mAP=0.5817 | best_segm=0.6019 best_bbox=0.5817 best_comp=0.0000 | sat_backbone=4.97e-04 mask_decoder=4.97e-04 shape_prior=4.97e-04 quality_head=4.97e-04 sat_other=4.97e-04
2026-07-30 21:03:12,352 - portable_sam_fusion - INFO - [DEBUG-BOX] epoch=6 step=1500 fallback_count=0 fallback_ratio=0 num_rois=64 refined_proposal_iou=0 refined_proposal_iou_sum=0 refined_valid_count=0
2026-07-30 21:03:12,352 - portable_sam_fusion - INFO - [DEBUG-COARSE] epoch=6 step=1500 bce_raw=0.2257 boundary_fn=5581 boundary_fp=3971 boundary_tp=2.203e+04 dice=0.1134 dice_loss_raw=0.1134 iou=0.8003 loss_weight=0.1 raw_boundary_fn=5581 raw_boundary_fp=3971 raw_boundary_tp=2.203e+04 raw_dice_score=0.8866 raw_iou=0.8003 weighted_loss=0.03391
2026-07-30 21:03:12,352 - portable_sam_fusion - INFO - [DEBUG-CONTEXT] epoch=6 step=1500 enabled=0
2026-07-30 21:03:12,352 - portable_sam_fusion - INFO - [DEBUG-JITTER] epoch=6 step=1500 area_ratio_count=64 area_ratio_mean=1 area_ratio_sum=64 fallback_count=0 mean_iou=1 num_jittered=0 num_rois=64
2026-07-30 21:03:12,352 - portable_sam_fusion - INFO - [DEBUG-SP] epoch=6 step=1500 all_invalid_count=0 all_invalid_ratio=0 empty_count=0 empty_ratio=0 full_count=0 full_ratio=0 mean_point_distance=41.87 n1_gt_valid_count=64 n1_in_gt_bg=0.8125 n1_in_gt_bg_count=52 n1_valid_count=64 n1_valid_ratio=1 n2_gt_valid_count=64 n2_in_gt_bg=1 n2_in_gt_bg_count=64 n2_valid_count=64 n2_valid_ratio=1 neg_in_pred_bg=1 neg_in_pred_bg_count=128 negative_pair_count=64 negative_pair_distance_sum=3556 p1_gt_valid_count=64 p1_in_gt_fg=1 p1_in_gt_fg_count=64 p1_valid_count=64 p1_valid_ratio=1 p2_gt_valid_count=64 p2_in_gt_fg=1 p2_in_gt_fg_count=64 p2_valid_count=64 p2_valid_ratio=1 point_distance_sum=5360 point_overlap_count=0 point_overlap_ratio=0 point_pair_count=128 pos_in_pred_fg=1 pos_in_pred_fg_count=128 positive_pair_count=64 positive_pair_distance_sum=1803 roi_count=64 valid_neg_count=128 valid_pos_count=128 warmup_stage=2
2026-07-30 21:04:06,422 - portable_sam_fusion - INFO - [DEBUG-BOX] epoch=6 step=1550 fallback_count=0 fallback_ratio=0 num_rois=64 refined_proposal_iou=0 refined_proposal_iou_sum=0 refined_valid_count=0
2026-07-30 21:04:06,422 - portable_sam_fusion - INFO - [DEBUG-COARSE] epoch=6 step=1550 bce_raw=0.1692 boundary_fn=3522 boundary_fp=3773 boundary_tp=1.993e+04 dice=0.07798 dice_loss_raw=0.07798 iou=0.8564 loss_weight=0.1 raw_boundary_fn=3522 raw_boundary_fp=3773 raw_boundary_tp=1.993e+04 raw_dice_score=0.922 raw_iou=0.8564 weighted_loss=0.02472
2026-07-30 21:04:06,422 - portable_sam_fusion - INFO - [DEBUG-CONTEXT] epoch=6 step=1550 enabled=0
2026-07-30 21:04:06,422 - portable_sam_fusion - INFO - [DEBUG-JITTER] epoch=6 step=1550 area_ratio_count=64 area_ratio_mean=1 area_ratio_sum=64 fallback_count=0 mean_iou=1 num_jittered=0 num_rois=64
2026-07-30 21:04:06,422 - portable_sam_fusion - INFO - [DEBUG-SP] epoch=6 step=1550 all_invalid_count=0 all_invalid_ratio=0 empty_count=0 empty_ratio=0 full_count=0 full_ratio=0 mean_point_distance=23.67 n1_gt_valid_count=64 n1_in_gt_bg=0.75 n1_in_gt_bg_count=48 n1_valid_count=64 n1_valid_ratio=1 n2_gt_valid_count=64 n2_in_gt_bg=0.9688 n2_in_gt_bg_count=62 n2_valid_count=64 n2_valid_ratio=1 neg_in_pred_bg=1 neg_in_pred_bg_count=128 negative_pair_count=64 negative_pair_distance_sum=2409 p1_gt_valid_count=64 p1_in_gt_fg=1 p1_in_gt_fg_count=64 p1_valid_count=64 p1_valid_ratio=1 p2_gt_valid_count=64 p2_in_gt_fg=1 p2_in_gt_fg_count=64 p2_valid_count=64 p2_valid_ratio=1 point_distance_sum=3030 point_overlap_count=0 point_overlap_ratio=0 point_pair_count=128 pos_in_pred_fg=1 pos_in_pred_fg_count=128 positive_pair_count=64 positive_pair_distance_sum=620.6 roi_count=64 valid_neg_count=128 valid_pos_count=128 warmup_stage=2
2026-07-30 21:04:48,833 - portable_sam_fusion - INFO - epoch 6 | mini-batch 120/294 | optimizer_step 400/5920 | lr=4.967e-04
2026-07-30 21:04:58,559 - portable_sam_fusion - INFO - [DEBUG-BOX] epoch=6 step=1600 fallback_count=0 fallback_ratio=0 num_rois=28 refined_proposal_iou=0 refined_proposal_iou_sum=0 refined_valid_count=0
2026-07-30 21:04:58,559 - portable_sam_fusion - INFO - [DEBUG-COARSE] epoch=6 step=1600 bce_raw=0.2277 boundary_fn=2827 boundary_fp=2799 boundary_tp=7564 dice=0.1002 dice_loss_raw=0.1002 iou=0.8187 loss_weight=0.1 raw_boundary_fn=2827 raw_boundary_fp=2799 raw_boundary_tp=7564 raw_dice_score=0.8998 raw_iou=0.8187 weighted_loss=0.03278
2026-07-30 21:04:58,559 - portable_sam_fusion - INFO - [DEBUG-CONTEXT] epoch=6 step=1600 enabled=0
2026-07-30 21:04:58,559 - portable_sam_fusion - INFO - [DEBUG-JITTER] epoch=6 step=1600 area_ratio_count=28 area_ratio_mean=1 area_ratio_sum=28 fallback_count=0 mean_iou=1 num_jittered=0 num_rois=28
2026-07-30 21:04:58,559 - portable_sam_fusion - INFO - [DEBUG-SP] epoch=6 step=1600 all_invalid_count=0 all_invalid_ratio=0 empty_count=0 empty_ratio=0 full_count=0 full_ratio=0 mean_point_distance=14.31 n1_gt_valid_count=28 n1_in_gt_bg=1 n1_in_gt_bg_count=28 n1_valid_count=28 n1_valid_ratio=1 n2_gt_valid_count=28 n2_in_gt_bg=1 n2_in_gt_bg_count=28 n2_valid_count=28 n2_valid_ratio=1 neg_in_pred_bg=1 neg_in_pred_bg_count=56 negative_pair_count=28 negative_pair_distance_sum=653.6 p1_gt_valid_count=28 p1_in_gt_fg=1 p1_in_gt_fg_count=28 p1_valid_count=28 p1_valid_ratio=1 p2_gt_valid_count=28 p2_in_gt_fg=1 p2_in_gt_fg_count=28 p2_valid_count=28 p2_valid_ratio=1 point_distance_sum=801.2 point_overlap_count=0 point_overlap_ratio=0 point_pair_count=56 pos_in_pred_fg=1 pos_in_pred_fg_count=56 positive_pair_count=28 positive_pair_distance_sum=147.6 roi_count=28 valid_neg_count=56 valid_pos_count=56 warmup_stage=2
2026-07-30 21:05:52,299 - portable_sam_fusion - INFO - [DEBUG-BOX] epoch=6 step=1650 fallback_count=0 fallback_ratio=0 num_rois=64 refined_proposal_iou=0 refined_proposal_iou_sum=0 refined_valid_count=0
2026-07-30 21:05:52,299 - portable_sam_fusion - INFO - [DEBUG-COARSE] epoch=6 step=1650 bce_raw=0.2578 boundary_fn=7669 boundary_fp=4910 boundary_tp=1.813e+04 dice=0.125 dice_loss_raw=0.125 iou=0.7852 loss_weight=0.1 raw_boundary_fn=7669 raw_boundary_fp=4910 raw_boundary_tp=1.813e+04 raw_dice_score=0.875 raw_iou=0.7852 weighted_loss=0.03828
2026-07-30 21:05:52,299 - portable_sam_fusion - INFO - [DEBUG-CONTEXT] epoch=6 step=1650 enabled=0
2026-07-30 21:05:52,299 - portable_sam_fusion - INFO - [DEBUG-JITTER] epoch=6 step=1650 area_ratio_count=64 area_ratio_mean=1 area_ratio_sum=64 fallback_count=0 mean_iou=1 num_jittered=0 num_rois=64
2026-07-30 21:05:52,299 - portable_sam_fusion - INFO - [DEBUG-SP] epoch=6 step=1650 all_invalid_count=0 all_invalid_ratio=0 empty_count=0 empty_ratio=0 full_count=0 full_ratio=0 mean_point_distance=28.38 n1_gt_valid_count=64 n1_in_gt_bg=0.6562 n1_in_gt_bg_count=42 n1_valid_count=64 n1_valid_ratio=1 n2_gt_valid_count=64 n2_in_gt_bg=0.9844 n2_in_gt_bg_count=63 n2_valid_count=64 n2_valid_ratio=1 neg_in_pred_bg=1 neg_in_pred_bg_count=128 negative_pair_count=64 negative_pair_distance_sum=2815 p1_gt_valid_count=64 p1_in_gt_fg=1 p1_in_gt_fg_count=64 p1_valid_count=64 p1_valid_ratio=1 p2_gt_valid_count=64 p2_in_gt_fg=1 p2_in_gt_fg_count=64 p2_valid_count=64 p2_valid_ratio=1 point_distance_sum=3633 point_overlap_count=0 point_overlap_ratio=0 point_pair_count=128 pos_in_pred_fg=1 pos_in_pred_fg_count=128 positive_pair_count=64 positive_pair_distance_sum=817.4 roi_count=64 valid_neg_count=128 valid_pos_count=128 warmup_stage=2
2026-07-30 21:06:43,811 - portable_sam_fusion - INFO - [DEBUG-BOX] epoch=6 step=1700 fallback_count=0 fallback_ratio=0 num_rois=64 refined_proposal_iou=0 refined_proposal_iou_sum=0 refined_valid_count=0
2026-07-30 21:06:43,811 - portable_sam_fusion - INFO - [DEBUG-COARSE] epoch=6 step=1700 bce_raw=0.2826 boundary_fn=5280 boundary_fp=6657 boundary_tp=1.94e+04 dice=0.1182 dice_loss_raw=0.1182 iou=0.7924 loss_weight=0.1 raw_boundary_fn=5280 raw_boundary_fp=6657 raw_boundary_tp=1.94e+04 raw_dice_score=0.8818 raw_iou=0.7924 weighted_loss=0.04008
2026-07-30 21:06:43,811 - portable_sam_fusion - INFO - [DEBUG-CONTEXT] epoch=6 step=1700 enabled=0
2026-07-30 21:06:43,811 - portable_sam_fusion - INFO - [DEBUG-JITTER] epoch=6 step=1700 area_ratio_count=64 area_ratio_mean=1 area_ratio_sum=64 fallback_count=0 mean_iou=1 num_jittered=0 num_rois=64
2026-07-30 21:06:43,811 - portable_sam_fusion - INFO - [DEBUG-SP] epoch=6 step=1700 all_invalid_count=0 all_invalid_ratio=0 empty_count=0 empty_ratio=0 full_count=0 full_ratio=0 mean_point_distance=26.21 n1_gt_valid_count=64 n1_in_gt_bg=0.5938 n1_in_gt_bg_count=38 n1_valid_count=64 n1_valid_ratio=1 n2_gt_valid_count=64 n2_in_gt_bg=0.9219 n2_in_gt_bg_count=59 n2_valid_count=64 n2_valid_ratio=1 neg_in_pred_bg=1 neg_in_pred_bg_count=128 negative_pair_count=64 negative_pair_distance_sum=2582 p1_gt_valid_count=64 p1_in_gt_fg=1 p1_in_gt_fg_count=64 p1_valid_count=64 p1_valid_ratio=1 p2_gt_valid_count=64 p2_in_gt_fg=1 p2_in_gt_fg_count=64 p2_valid_count=64 p2_valid_ratio=1 point_distance_sum=3355 point_overlap_count=0 point_overlap_ratio=0 point_pair_count=128 pos_in_pred_fg=1 pos_in_pred_fg_count=128 positive_pair_count=64 positive_pair_distance_sum=773.1 roi_count=64 valid_neg_count=128 valid_pos_count=128 warmup_stage=2
2026-07-30 21:07:37,567 - portable_sam_fusion - INFO - [DEBUG-BOX] epoch=6 step=1750 fallback_count=0 fallback_ratio=0 num_rois=64 refined_proposal_iou=0 refined_proposal_iou_sum=0 refined_valid_count=0
2026-07-30 21:07:37,567 - portable_sam_fusion - INFO - [DEBUG-COARSE] epoch=6 step=1750 bce_raw=0.2356 boundary_fn=4888 boundary_fp=4045 boundary_tp=2.26e+04 dice=0.1161 dice_loss_raw=0.1161 iou=0.7971 loss_weight=0.1 raw_boundary_fn=4888 raw_boundary_fp=4045 raw_boundary_tp=2.26e+04 raw_dice_score=0.8839 raw_iou=0.7971 weighted_loss=0.03517
2026-07-30 21:07:37,567 - portable_sam_fusion - INFO - [DEBUG-CONTEXT] epoch=6 step=1750 enabled=0
2026-07-30 21:07:37,567 - portable_sam_fusion - INFO - [DEBUG-JITTER] epoch=6 step=1750 area_ratio_count=64 area_ratio_mean=1 area_ratio_sum=64 fallback_count=0 mean_iou=1 num_jittered=0 num_rois=64
2026-07-30 21:07:37,567 - portable_sam_fusion - INFO - [DEBUG-SP] epoch=6 step=1750 all_invalid_count=0 all_invalid_ratio=0 empty_count=0 empty_ratio=0 full_count=0 full_ratio=0 mean_point_distance=24.74 n1_gt_valid_count=64 n1_in_gt_bg=0.7812 n1_in_gt_bg_count=50 n1_valid_count=64 n1_valid_ratio=1 n2_gt_valid_count=64 n2_in_gt_bg=0.9844 n2_in_gt_bg_count=63 n2_valid_count=64 n2_valid_ratio=1 neg_in_pred_bg=1 neg_in_pred_bg_count=128 negative_pair_count=64 negative_pair_distance_sum=2421 p1_gt_valid_count=64 p1_in_gt_fg=0.9844 p1_in_gt_fg_count=63 p1_valid_count=64 p1_valid_ratio=1 p2_gt_valid_count=64 p2_in_gt_fg=1 p2_in_gt_fg_count=64 p2_valid_count=64 p2_valid_ratio=1 point_distance_sum=3167 point_overlap_count=0 point_overlap_ratio=0 point_pair_count=128 pos_in_pred_fg=1 pos_in_pred_fg_count=128 positive_pair_count=64 positive_pair_distance_sum=745.6 roi_count=64 valid_neg_count=128 valid_pos_count=128 warmup_stage=2
2026-07-30 21:07:54,309 - portable_sam_fusion - INFO - Epoch 6 detailed losses: loss_rpn_cls=0.0322, loss_rpn_bbox=0.0121, loss_cls=0.2672, acc=88.9200, loss_bbox=0.1291, loss_mask=0.0018, debug_mask_pos_rois=54.9762, debug_mask_logit_mean=-14.9784, debug_mask_logit_std=2.7668, debug_mask_prob_mean=0.0048, debug_mask_prob_ge05=0.0048, debug_mask_target_fill=0.0049, loss_shape_prior=0.0298, schedule/det_weight=1.0000
2026-07-30 21:07:54,309 - portable_sam_fusion - INFO - Epoch 6 primary loss shares: det=93.31% final_mask=0.38% shape=6.31% p2_boundary=0.00%
2026-07-30 21:07:54,309 - portable_sam_fusion - INFO - Epoch 6 schedule: det_loss_weight=1.000 early_stop_start=20 min_delta=0.0005
2026-07-30 21:07:54,309 - portable_sam_fusion - INFO - Epoch 6 learning rates: sat_backbone=4.96e-04, mask_decoder=4.96e-04, shape_prior=4.96e-04, quality_head=4.96e-04, sat_other=4.96e-04
2026-07-30 21:11:08,124 - portable_sam_fusion - INFO - Validation samples: GT=15926, DT=21101, avg_masks_per_image=33.65, avg_mask_fill=0.0061
creating index...
index created!
Loading and preparing results...
DONE (t=0.03s)
creating index...
index created!
Running per image evaluation...
Evaluate annotation type *bbox*
DONE (t=11.29s).
Accumulating evaluation results...
DONE (t=0.19s).
 Average Precision  (AP) @[ IoU=0.50:0.95 | area=   all | maxDets=100 ] = 0.637
 Average Precision  (AP) @[ IoU=0.50      | area=   all | maxDets=100 ] = 0.876
 Average Precision  (AP) @[ IoU=0.75      | area=   all | maxDets=100 ] = 0.769
 Average Precision  (AP) @[ IoU=0.50:0.95 | area= small | maxDets=100 ] = 0.214
 Average Precision  (AP) @[ IoU=0.50:0.95 | area=medium | maxDets=100 ] = 0.686
 Average Precision  (AP) @[ IoU=0.50:0.95 | area= large | maxDets=100 ] = 0.722
 Average Recall     (AR) @[ IoU=0.50:0.95 | area=   all | maxDets=  1 ] = 0.025
 Average Recall     (AR) @[ IoU=0.50:0.95 | area=   all | maxDets= 10 ] = 0.179
 Average Recall     (AR) @[ IoU=0.50:0.95 | area=   all | maxDets=100 ] = 0.694
 Average Recall     (AR) @[ IoU=0.50:0.95 | area= small | maxDets=100 ] = 0.339
 Average Recall     (AR) @[ IoU=0.50:0.95 | area=medium | maxDets=100 ] = 0.743
 Average Recall     (AR) @[ IoU=0.50:0.95 | area= large | maxDets=100 ] = 0.780
2026-07-30 21:11:19,800 - portable_sam_fusion - INFO - Validation bbox/mAP: 0.6371 bbox/mAP_75: 0.7693
Running per image evaluation...
Evaluate annotation type *segm*
DONE (t=11.50s).
Accumulating evaluation results...
DONE (t=0.19s).
 Average Precision  (AP) @[ IoU=0.50:0.95 | area=   all | maxDets=100 ] = 0.622
 Average Precision  (AP) @[ IoU=0.50      | area=   all | maxDets=100 ] = 0.876
 Average Precision  (AP) @[ IoU=0.75      | area=   all | maxDets=100 ] = 0.735
 Average Precision  (AP) @[ IoU=0.50:0.95 | area= small | maxDets=100 ] = 0.170
 Average Precision  (AP) @[ IoU=0.50:0.95 | area=medium | maxDets=100 ] = 0.653
 Average Precision  (AP) @[ IoU=0.50:0.95 | area= large | maxDets=100 ] = 0.778
 Average Recall     (AR) @[ IoU=0.50:0.95 | area=   all | maxDets=  1 ] = 0.025
 Average Recall     (AR) @[ IoU=0.50:0.95 | area=   all | maxDets= 10 ] = 0.179
 Average Recall     (AR) @[ IoU=0.50:0.95 | area=   all | maxDets=100 ] = 0.668
 Average Recall     (AR) @[ IoU=0.50:0.95 | area= small | maxDets=100 ] = 0.275
 Average Recall     (AR) @[ IoU=0.50:0.95 | area=medium | maxDets=100 ] = 0.700
 Average Recall     (AR) @[ IoU=0.50:0.95 | area= large | maxDets=100 ] = 0.827
2026-07-30 21:11:31,528 - portable_sam_fusion - INFO - Validation segm/mAP: 0.6216
2026-07-30 21:11:32,066 - portable_sam_fusion - INFO - New best segm/mAP: 0.6216
2026-07-30 21:11:32,067 - portable_sam_fusion - INFO - New best bbox/mAP: 0.6371
2026-07-30 21:11:32,067 - portable_sam_fusion - INFO - New best early-stop metric (segm/mAP): raw=0.6216 smooth(5)=0.5854
2026-07-30 21:11:34,547 - portable_sam_fusion - INFO - Saved best_model with segm/mAP: 0.6216
2026-07-30 21:11:37,167 - portable_sam_fusion - INFO - Saved best_bbox_model with bbox/mAP: 0.6371
2026-07-30 21:11:42,359 - portable_sam_fusion - INFO - Epoch 6/80 | train=0.472167 val=disabled segm/mAP=0.6216 bbox/mAP=0.6371 | best_segm=0.6216 best_bbox=0.6371 best_comp=0.0000 | sat_backbone=4.96e-04 mask_decoder=4.96e-04 shape_prior=4.96e-04 quality_head=4.96e-04 sat_other=4.96e-04
2026-07-30 21:12:10,552 - portable_sam_fusion - INFO - epoch 7 | mini-batch 24/294 | optimizer_step 450/5920 | lr=4.956e-04
2026-07-30 21:12:22,709 - portable_sam_fusion - INFO - [DEBUG-BOX] epoch=7 step=1800 fallback_count=0 fallback_ratio=0 num_rois=64 refined_proposal_iou=0 refined_proposal_iou_sum=0 refined_valid_count=0
2026-07-30 21:12:22,709 - portable_sam_fusion - INFO - [DEBUG-COARSE] epoch=7 step=1800 bce_raw=0.1866 boundary_fn=3624 boundary_fp=2931 boundary_tp=2.335e+04 dice=0.09701 dice_loss_raw=0.09701 iou=0.8258 loss_weight=0.1 raw_boundary_fn=3624 raw_boundary_fp=2931 raw_boundary_tp=2.335e+04 raw_dice_score=0.903 raw_iou=0.8258 weighted_loss=0.02836
2026-07-30 21:12:22,709 - portable_sam_fusion - INFO - [DEBUG-CONTEXT] epoch=7 step=1800 enabled=0
2026-07-30 21:12:22,709 - portable_sam_fusion - INFO - [DEBUG-JITTER] epoch=7 step=1800 area_ratio_count=64 area_ratio_mean=1 area_ratio_sum=64 fallback_count=0 mean_iou=1 num_jittered=0 num_rois=64
2026-07-30 21:12:22,710 - portable_sam_fusion - INFO - [DEBUG-SP] epoch=7 step=1800 all_invalid_count=0 all_invalid_ratio=0 empty_count=0 empty_ratio=0 full_count=0 full_ratio=0 mean_point_distance=38.53 n1_gt_valid_count=64 n1_in_gt_bg=0.7656 n1_in_gt_bg_count=49 n1_valid_count=64 n1_valid_ratio=1 n2_gt_valid_count=64 n2_in_gt_bg=1 n2_in_gt_bg_count=64 n2_valid_count=64 n2_valid_ratio=1 neg_in_pred_bg=1 neg_in_pred_bg_count=128 negative_pair_count=64 negative_pair_distance_sum=3670 p1_gt_valid_count=64 p1_in_gt_fg=1 p1_in_gt_fg_count=64 p1_valid_count=64 p1_valid_ratio=1 p2_gt_valid_count=64 p2_in_gt_fg=1 p2_in_gt_fg_count=64 p2_valid_count=64 p2_valid_ratio=1 point_distance_sum=4932 point_overlap_count=0 point_overlap_ratio=0 point_pair_count=128 pos_in_pred_fg=1 pos_in_pred_fg_count=128 positive_pair_count=64 positive_pair_distance_sum=1262 roi_count=64 valid_neg_count=128 valid_pos_count=128 warmup_stage=2
2026-07-30 21:13:16,867 - portable_sam_fusion - INFO - [DEBUG-BOX] epoch=7 step=1850 fallback_count=0 fallback_ratio=0 num_rois=64 refined_proposal_iou=0 refined_proposal_iou_sum=0 refined_valid_count=0
2026-07-30 21:13:16,868 - portable_sam_fusion - INFO - [DEBUG-COARSE] epoch=7 step=1850 bce_raw=0.2002 boundary_fn=3389 boundary_fp=4647 boundary_tp=1.996e+04 dice=0.07713 dice_loss_raw=0.07713 iou=0.861 loss_weight=0.1 raw_boundary_fn=3389 raw_boundary_fp=4647 raw_boundary_tp=1.996e+04 raw_dice_score=0.9229 raw_iou=0.861 weighted_loss=0.02774
2026-07-30 21:13:16,868 - portable_sam_fusion - INFO - [DEBUG-CONTEXT] epoch=7 step=1850 enabled=0
2026-07-30 21:13:16,868 - portable_sam_fusion - INFO - [DEBUG-JITTER] epoch=7 step=1850 area_ratio_count=64 area_ratio_mean=1 area_ratio_sum=64 fallback_count=0 mean_iou=1 num_jittered=0 num_rois=64
2026-07-30 21:13:16,868 - portable_sam_fusion - INFO - [DEBUG-SP] epoch=7 step=1850 all_invalid_count=0 all_invalid_ratio=0 empty_count=0 empty_ratio=0 full_count=0 full_ratio=0 mean_point_distance=23.96 n1_gt_valid_count=64 n1_in_gt_bg=0.7344 n1_in_gt_bg_count=47 n1_valid_count=64 n1_valid_ratio=1 n2_gt_valid_count=63 n2_in_gt_bg=0.9206 n2_in_gt_bg_count=58 n2_valid_count=63 n2_valid_ratio=0.9844 neg_in_pred_bg=1 neg_in_pred_bg_count=127 negative_pair_count=63 negative_pair_distance_sum=2157 p1_gt_valid_count=64 p1_in_gt_fg=1 p1_in_gt_fg_count=64 p1_valid_count=64 p1_valid_ratio=1 p2_gt_valid_count=64 p2_in_gt_fg=1 p2_in_gt_fg_count=64 p2_valid_count=64 p2_valid_ratio=1 point_distance_sum=3043 point_overlap_count=0 point_overlap_ratio=0 point_pair_count=127 pos_in_pred_fg=1 pos_in_pred_fg_count=128 positive_pair_count=64 positive_pair_distance_sum=885.2 roi_count=64 valid_neg_count=127 valid_pos_count=128 warmup_stage=2
2026-07-30 21:14:06,546 - portable_sam_fusion - INFO - [DEBUG-BOX] epoch=7 step=1900 fallback_count=0 fallback_ratio=0 num_rois=64 refined_proposal_iou=0 refined_proposal_iou_sum=0 refined_valid_count=0
2026-07-30 21:14:06,546 - portable_sam_fusion - INFO - [DEBUG-COARSE] epoch=7 step=1900 bce_raw=0.1227 boundary_fn=2567 boundary_fp=522 boundary_tp=2.468e+04 dice=0.08275 dice_loss_raw=0.08275 iou=0.8476 loss_weight=0.1 raw_boundary_fn=2567 raw_boundary_fp=522 raw_boundary_tp=2.468e+04 raw_dice_score=0.9172 raw_iou=0.8476 weighted_loss=0.02055
2026-07-30 21:14:06,546 - portable_sam_fusion - INFO - [DEBUG-CONTEXT] epoch=7 step=1900 enabled=0
2026-07-30 21:14:06,546 - portable_sam_fusion - INFO - [DEBUG-JITTER] epoch=7 step=1900 area_ratio_count=64 area_ratio_mean=1 area_ratio_sum=64 fallback_count=0 mean_iou=1 num_jittered=0 num_rois=64
2026-07-30 21:14:06,546 - portable_sam_fusion - INFO - [DEBUG-SP] epoch=7 step=1900 all_invalid_count=0 all_invalid_ratio=0 empty_count=0 empty_ratio=0 full_count=0 full_ratio=0 mean_point_distance=30.86 n1_gt_valid_count=64 n1_in_gt_bg=0.8125 n1_in_gt_bg_count=52 n1_valid_count=64 n1_valid_ratio=1 n2_gt_valid_count=64 n2_in_gt_bg=1 n2_in_gt_bg_count=64 n2_valid_count=64 n2_valid_ratio=1 neg_in_pred_bg=1 neg_in_pred_bg_count=128 negative_pair_count=64 negative_pair_distance_sum=3064 p1_gt_valid_count=64 p1_in_gt_fg=1 p1_in_gt_fg_count=64 p1_valid_count=64 p1_valid_ratio=1 p2_gt_valid_count=64 p2_in_gt_fg=1 p2_in_gt_fg_count=64 p2_valid_count=64 p2_valid_ratio=1 point_distance_sum=3950 point_overlap_count=0 point_overlap_ratio=0 point_pair_count=128 pos_in_pred_fg=1 pos_in_pred_fg_count=128 positive_pair_count=64 positive_pair_distance_sum=886.1 roi_count=64 valid_neg_count=128 valid_pos_count=128 warmup_stage=2
2026-07-30 21:14:59,356 - portable_sam_fusion - INFO - [DEBUG-BOX] epoch=7 step=1950 fallback_count=0 fallback_ratio=0 num_rois=64 refined_proposal_iou=0 refined_proposal_iou_sum=0 refined_valid_count=0
2026-07-30 21:14:59,356 - portable_sam_fusion - INFO - [DEBUG-COARSE] epoch=7 step=1950 bce_raw=0.1957 boundary_fn=3339 boundary_fp=3099 boundary_tp=2.268e+04 dice=0.09824 dice_loss_raw=0.09824 iou=0.8233 loss_weight=0.1 raw_boundary_fn=3339 raw_boundary_fp=3099 raw_boundary_tp=2.268e+04 raw_dice_score=0.9018 raw_iou=0.8233 weighted_loss=0.0294
2026-07-30 21:14:59,356 - portable_sam_fusion - INFO - [DEBUG-CONTEXT] epoch=7 step=1950 enabled=0
2026-07-30 21:14:59,356 - portable_sam_fusion - INFO - [DEBUG-JITTER] epoch=7 step=1950 area_ratio_count=64 area_ratio_mean=1 area_ratio_sum=64 fallback_count=0 mean_iou=1 num_jittered=0 num_rois=64
2026-07-30 21:14:59,356 - portable_sam_fusion - INFO - [DEBUG-SP] epoch=7 step=1950 all_invalid_count=0 all_invalid_ratio=0 empty_count=0 empty_ratio=0 full_count=0 full_ratio=0 mean_point_distance=26.98 n1_gt_valid_count=64 n1_in_gt_bg=0.8906 n1_in_gt_bg_count=57 n1_valid_count=64 n1_valid_ratio=1 n2_gt_valid_count=64 n2_in_gt_bg=1 n2_in_gt_bg_count=64 n2_valid_count=64 n2_valid_ratio=1 neg_in_pred_bg=1 neg_in_pred_bg_count=128 negative_pair_count=64 negative_pair_distance_sum=2431 p1_gt_valid_count=64 p1_in_gt_fg=1 p1_in_gt_fg_count=64 p1_valid_count=64 p1_valid_ratio=1 p2_gt_valid_count=64 p2_in_gt_fg=1 p2_in_gt_fg_count=64 p2_valid_count=64 p2_valid_ratio=1 point_distance_sum=3453 point_overlap_count=0 point_overlap_ratio=0 point_pair_count=128 pos_in_pred_fg=1 pos_in_pred_fg_count=128 positive_pair_count=64 positive_pair_distance_sum=1022 roi_count=64 valid_neg_count=128 valid_pos_count=128 warmup_stage=2
2026-07-30 21:15:40,050 - portable_sam_fusion - INFO - epoch 7 | mini-batch 224/294 | optimizer_step 500/5920 | lr=4.942e-04
2026-07-30 21:15:53,110 - portable_sam_fusion - INFO - [DEBUG-BOX] epoch=7 step=2000 fallback_count=0 fallback_ratio=0 num_rois=32 refined_proposal_iou=0 refined_proposal_iou_sum=0 refined_valid_count=0
2026-07-30 21:15:53,110 - portable_sam_fusion - INFO - [DEBUG-COARSE] epoch=7 step=2000 bce_raw=0.1065 boundary_fn=653 boundary_fp=637 boundary_tp=1.139e+04 dice=0.0619 dice_loss_raw=0.0619 iou=0.8838 loss_weight=0.1 raw_boundary_fn=653 raw_boundary_fp=637 raw_boundary_tp=1.139e+04 raw_dice_score=0.9381 raw_iou=0.8838 weighted_loss=0.01684
2026-07-30 21:15:53,110 - portable_sam_fusion - INFO - [DEBUG-CONTEXT] epoch=7 step=2000 enabled=0
2026-07-30 21:15:53,111 - portable_sam_fusion - INFO - [DEBUG-JITTER] epoch=7 step=2000 area_ratio_count=32 area_ratio_mean=1 area_ratio_sum=32 fallback_count=0 mean_iou=1 num_jittered=0 num_rois=32
2026-07-30 21:15:53,111 - portable_sam_fusion - INFO - [DEBUG-SP] epoch=7 step=2000 all_invalid_count=0 all_invalid_ratio=0 empty_count=0 empty_ratio=0 full_count=0 full_ratio=0 mean_point_distance=53.1 n1_gt_valid_count=32 n1_in_gt_bg=0.9688 n1_in_gt_bg_count=31 n1_valid_count=32 n1_valid_ratio=1 n2_gt_valid_count=32 n2_in_gt_bg=1 n2_in_gt_bg_count=32 n2_valid_count=32 n2_valid_ratio=1 neg_in_pred_bg=1 neg_in_pred_bg_count=64 negative_pair_count=32 negative_pair_distance_sum=2455 p1_gt_valid_count=32 p1_in_gt_fg=1 p1_in_gt_fg_count=32 p1_valid_count=32 p1_valid_ratio=1 p2_gt_valid_count=32 p2_in_gt_fg=1 p2_in_gt_fg_count=32 p2_valid_count=32 p2_valid_ratio=1 point_distance_sum=3398 point_overlap_count=0 point_overlap_ratio=0 point_pair_count=64 pos_in_pred_fg=1 pos_in_pred_fg_count=64 positive_pair_count=32 positive_pair_distance_sum=942.9 roi_count=32 valid_neg_count=64 valid_pos_count=64 warmup_stage=2
2026-07-30 21:16:48,307 - portable_sam_fusion - INFO - [DEBUG-BOX] epoch=7 step=2050 fallback_count=0 fallback_ratio=0 num_rois=0 refined_proposal_iou=0 refined_proposal_iou_sum=0 refined_valid_count=0
2026-07-30 21:16:48,307 - portable_sam_fusion - INFO - [DEBUG-COARSE] epoch=7 step=2050 boundary_fn=0 boundary_fp=0 boundary_tp=0 dice=0 iou=0
2026-07-30 21:16:48,307 - portable_sam_fusion - INFO - [DEBUG-CONTEXT] epoch=7 step=2050 enabled=0
2026-07-30 21:16:48,307 - portable_sam_fusion - INFO - [DEBUG-JITTER] epoch=7 step=2050 area_ratio_count=0 area_ratio_mean=0 area_ratio_sum=0 fallback_count=0 mean_iou=0 num_jittered=0 num_rois=0
2026-07-30 21:16:48,307 - portable_sam_fusion - INFO - [DEBUG-SP] epoch=7 step=2050 all_invalid_count=0 all_invalid_ratio=0 empty_count=0 empty_ratio=0 full_count=0 full_ratio=0 mean_point_distance=28.58 n1_gt_valid_count=64 n1_in_gt_bg=0.7656 n1_in_gt_bg_count=49 n1_valid_count=64 n1_valid_ratio=1 n2_gt_valid_count=64 n2_in_gt_bg=1 n2_in_gt_bg_count=64 n2_valid_count=64 n2_valid_ratio=1 neg_in_pred_bg=1 neg_in_pred_bg_count=128 negative_pair_count=64 negative_pair_distance_sum=2635 p1_gt_valid_count=64 p1_in_gt_fg=1 p1_in_gt_fg_count=64 p1_valid_count=64 p1_valid_ratio=1 p2_gt_valid_count=64 p2_in_gt_fg=1 p2_in_gt_fg_count=64 p2_valid_count=64 p2_valid_ratio=1 point_distance_sum=3659 point_overlap_count=0 point_overlap_ratio=0 point_pair_count=128 pos_in_pred_fg=1 pos_in_pred_fg_count=128 positive_pair_count=64 positive_pair_distance_sum=1024 roi_count=64 valid_neg_count=128 valid_pos_count=128 warmup_stage=2
2026-07-30 21:16:56,713 - portable_sam_fusion - INFO - Epoch 7 detailed losses: loss_rpn_cls=0.0310, loss_rpn_bbox=0.0116, loss_cls=0.2585, acc=89.4485, loss_bbox=0.1223, loss_mask=0.0017, debug_mask_pos_rois=57.7007, debug_mask_logit_mean=-14.5279, debug_mask_logit_std=2.7996, debug_mask_prob_mean=0.0048, debug_mask_prob_ge05=0.0048, debug_mask_target_fill=0.0048, loss_shape_prior=0.0288, schedule/det_weight=1.0000
2026-07-30 21:16:56,714 - portable_sam_fusion - INFO - Epoch 7 primary loss shares: det=93.28% final_mask=0.38% shape=6.33% p2_boundary=0.00%
2026-07-30 21:16:56,714 - portable_sam_fusion - INFO - Epoch 7 schedule: det_loss_weight=1.000 early_stop_start=20 min_delta=0.0005
2026-07-30 21:16:56,714 - portable_sam_fusion - INFO - Epoch 7 learning rates: sat_backbone=4.94e-04, mask_decoder=4.94e-04, shape_prior=4.94e-04, quality_head=4.94e-04, sat_other=4.94e-04
2026-07-30 21:20:11,982 - portable_sam_fusion - INFO - Validation samples: GT=15926, DT=20919, avg_masks_per_image=33.36, avg_mask_fill=0.0048
creating index...
index created!
Loading and preparing results...
DONE (t=0.02s)
creating index...
index created!
Running per image evaluation...
Evaluate annotation type *bbox*
DONE (t=11.25s).
Accumulating evaluation results...
DONE (t=0.18s).
 Average Precision  (AP) @[ IoU=0.50:0.95 | area=   all | maxDets=100 ] = 0.629
 Average Precision  (AP) @[ IoU=0.50      | area=   all | maxDets=100 ] = 0.874
 Average Precision  (AP) @[ IoU=0.75      | area=   all | maxDets=100 ] = 0.758
 Average Precision  (AP) @[ IoU=0.50:0.95 | area= small | maxDets=100 ] = 0.219
 Average Precision  (AP) @[ IoU=0.50:0.95 | area=medium | maxDets=100 ] = 0.677
 Average Precision  (AP) @[ IoU=0.50:0.95 | area= large | maxDets=100 ] = 0.707
 Average Recall     (AR) @[ IoU=0.50:0.95 | area=   all | maxDets=  1 ] = 0.024
 Average Recall     (AR) @[ IoU=0.50:0.95 | area=   all | maxDets= 10 ] = 0.177
 Average Recall     (AR) @[ IoU=0.50:0.95 | area=   all | maxDets=100 ] = 0.688
 Average Recall     (AR) @[ IoU=0.50:0.95 | area= small | maxDets=100 ] = 0.347
 Average Recall     (AR) @[ IoU=0.50:0.95 | area=medium | maxDets=100 ] = 0.739
 Average Recall     (AR) @[ IoU=0.50:0.95 | area= large | maxDets=100 ] = 0.762
2026-07-30 21:20:23,605 - portable_sam_fusion - INFO - Validation bbox/mAP: 0.6289 bbox/mAP_75: 0.7584
Running per image evaluation...
Evaluate annotation type *segm*
DONE (t=11.53s).
Accumulating evaluation results...
DONE (t=0.18s).
 Average Precision  (AP) @[ IoU=0.50:0.95 | area=   all | maxDets=100 ] = 0.613
 Average Precision  (AP) @[ IoU=0.50      | area=   all | maxDets=100 ] = 0.874
 Average Precision  (AP) @[ IoU=0.75      | area=   all | maxDets=100 ] = 0.720
 Average Precision  (AP) @[ IoU=0.50:0.95 | area= small | maxDets=100 ] = 0.173
 Average Precision  (AP) @[ IoU=0.50:0.95 | area=medium | maxDets=100 ] = 0.640
 Average Precision  (AP) @[ IoU=0.50:0.95 | area= large | maxDets=100 ] = 0.778
 Average Recall     (AR) @[ IoU=0.50:0.95 | area=   all | maxDets=  1 ] = 0.025
 Average Recall     (AR) @[ IoU=0.50:0.95 | area=   all | maxDets= 10 ] = 0.179
 Average Recall     (AR) @[ IoU=0.50:0.95 | area=   all | maxDets=100 ] = 0.664
 Average Recall     (AR) @[ IoU=0.50:0.95 | area= small | maxDets=100 ] = 0.279
 Average Recall     (AR) @[ IoU=0.50:0.95 | area=medium | maxDets=100 ] = 0.693
 Average Recall     (AR) @[ IoU=0.50:0.95 | area= large | maxDets=100 ] = 0.823
2026-07-30 21:20:35,355 - portable_sam_fusion - INFO - Validation segm/mAP: 0.6127
2026-07-30 21:20:35,933 - portable_sam_fusion - INFO - New best early-stop metric (segm/mAP): raw=0.6127 smooth(5)=0.5990
2026-07-30 21:20:41,592 - portable_sam_fusion - INFO - Epoch 7/80 | train=0.453997 val=disabled segm/mAP=0.6127 bbox/mAP=0.6289 | best_segm=0.6216 best_bbox=0.6371 best_comp=0.0000 | sat_backbone=4.94e-04 mask_decoder=4.94e-04 shape_prior=4.94e-04 quality_head=4.94e-04 sat_other=4.94e-04
2026-07-30 21:21:27,051 - portable_sam_fusion - INFO - [DEBUG-BOX] epoch=8 step=2100 fallback_count=0 fallback_ratio=0 num_rois=64 refined_proposal_iou=0 refined_proposal_iou_sum=0 refined_valid_count=0
2026-07-30 21:21:27,051 - portable_sam_fusion - INFO - [DEBUG-COARSE] epoch=8 step=2100 bce_raw=0.1699 boundary_fn=3200 boundary_fp=2089 boundary_tp=2.456e+04 dice=0.1036 dice_loss_raw=0.1036 iou=0.8156 loss_weight=0.1 raw_boundary_fn=3200 raw_boundary_fp=2089 raw_boundary_tp=2.456e+04 raw_dice_score=0.8964 raw_iou=0.8156 weighted_loss=0.02735
2026-07-30 21:21:27,051 - portable_sam_fusion - INFO - [DEBUG-CONTEXT] epoch=8 step=2100 enabled=0
2026-07-30 21:21:27,052 - portable_sam_fusion - INFO - [DEBUG-JITTER] epoch=8 step=2100 area_ratio_count=64 area_ratio_mean=1 area_ratio_sum=64 fallback_count=0 mean_iou=1 num_jittered=0 num_rois=64
2026-07-30 21:21:27,052 - portable_sam_fusion - INFO - [DEBUG-SP] epoch=8 step=2100 all_invalid_count=0 all_invalid_ratio=0 empty_count=0 empty_ratio=0 full_count=0 full_ratio=0 mean_point_distance=36.96 n1_gt_valid_count=64 n1_in_gt_bg=0.9062 n1_in_gt_bg_count=58 n1_valid_count=64 n1_valid_ratio=1 n2_gt_valid_count=64 n2_in_gt_bg=1 n2_in_gt_bg_count=64 n2_valid_count=64 n2_valid_ratio=1 neg_in_pred_bg=1 neg_in_pred_bg_count=128 negative_pair_count=64 negative_pair_distance_sum=3417 p1_gt_valid_count=64 p1_in_gt_fg=0.9844 p1_in_gt_fg_count=63 p1_valid_count=64 p1_valid_ratio=1 p2_gt_valid_count=64 p2_in_gt_fg=1 p2_in_gt_fg_count=64 p2_valid_count=64 p2_valid_ratio=1 point_distance_sum=4731 point_overlap_count=0 point_overlap_ratio=0 point_pair_count=128 pos_in_pred_fg=1 pos_in_pred_fg_count=128 positive_pair_count=64 positive_pair_distance_sum=1313 roi_count=64 valid_neg_count=128 valid_pos_count=128 warmup_stage=2
2026-07-30 21:22:21,459 - portable_sam_fusion - INFO - [DEBUG-BOX] epoch=8 step=2150 fallback_count=0 fallback_ratio=0 num_rois=64 refined_proposal_iou=0 refined_proposal_iou_sum=0 refined_valid_count=0
2026-07-30 21:22:21,459 - portable_sam_fusion - INFO - [DEBUG-COARSE] epoch=8 step=2150 bce_raw=0.2087 boundary_fn=3328 boundary_fp=3214 boundary_tp=2.11e+04 dice=0.08365 dice_loss_raw=0.08365 iou=0.8506 loss_weight=0.1 raw_boundary_fn=3328 raw_boundary_fp=3214 raw_boundary_tp=2.11e+04 raw_dice_score=0.9163 raw_iou=0.8506 weighted_loss=0.02923
2026-07-30 21:22:21,459 - portable_sam_fusion - INFO - [DEBUG-CONTEXT] epoch=8 step=2150 enabled=0
2026-07-30 21:22:21,459 - portable_sam_fusion - INFO - [DEBUG-JITTER] epoch=8 step=2150 area_ratio_count=64 area_ratio_mean=1 area_ratio_sum=64 fallback_count=0 mean_iou=1 num_jittered=0 num_rois=64
2026-07-30 21:22:21,459 - portable_sam_fusion - INFO - [DEBUG-SP] epoch=8 step=2150 all_invalid_count=0 all_invalid_ratio=0 empty_count=0 empty_ratio=0 full_count=0 full_ratio=0 mean_point_distance=40.21 n1_gt_valid_count=64 n1_in_gt_bg=0.6719 n1_in_gt_bg_count=43 n1_valid_count=64 n1_valid_ratio=1 n2_gt_valid_count=64 n2_in_gt_bg=1 n2_in_gt_bg_count=64 n2_valid_count=64 n2_valid_ratio=1 neg_in_pred_bg=1 neg_in_pred_bg_count=128 negative_pair_count=64 negative_pair_distance_sum=3988 p1_gt_valid_count=64 p1_in_gt_fg=0.9844 p1_in_gt_fg_count=63 p1_valid_count=64 p1_valid_ratio=1 p2_gt_valid_count=64 p2_in_gt_fg=0.9531 p2_in_gt_fg_count=61 p2_valid_count=64 p2_valid_ratio=1 point_distance_sum=5147 point_overlap_count=0 point_overlap_ratio=0 point_pair_count=128 pos_in_pred_fg=1 pos_in_pred_fg_count=128 positive_pair_count=64 positive_pair_distance_sum=1159 roi_count=64 valid_neg_count=128 valid_pos_count=128 warmup_stage=2
2026-07-30 21:22:59,785 - portable_sam_fusion - INFO - epoch 8 | mini-batch 128/294 | optimizer_step 550/5920 | lr=4.927e-04
2026-07-30 21:23:14,861 - portable_sam_fusion - INFO - [DEBUG-BOX] epoch=8 step=2200 fallback_count=0 fallback_ratio=0 num_rois=64 refined_proposal_iou=0 refined_proposal_iou_sum=0 refined_valid_count=0
2026-07-30 21:23:14,862 - portable_sam_fusion - INFO - [DEBUG-COARSE] epoch=8 step=2200 bce_raw=0.2216 boundary_fn=4599 boundary_fp=4265 boundary_tp=2.212e+04 dice=0.09336 dice_loss_raw=0.09336 iou=0.8326 loss_weight=0.1 raw_boundary_fn=4599 raw_boundary_fp=4265 raw_boundary_tp=2.212e+04 raw_dice_score=0.9066 raw_iou=0.8326 weighted_loss=0.0315
2026-07-30 21:23:14,862 - portable_sam_fusion - INFO - [DEBUG-CONTEXT] epoch=8 step=2200 enabled=0
2026-07-30 21:23:14,862 - portable_sam_fusion - INFO - [DEBUG-JITTER] epoch=8 step=2200 area_ratio_count=64 area_ratio_mean=1 area_ratio_sum=64 fallback_count=0 mean_iou=1 num_jittered=0 num_rois=64
2026-07-30 21:23:14,862 - portable_sam_fusion - INFO - [DEBUG-SP] epoch=8 step=2200 all_invalid_count=0 all_invalid_ratio=0 empty_count=0 empty_ratio=0 full_count=0 full_ratio=0 mean_point_distance=29.81 n1_gt_valid_count=64 n1_in_gt_bg=0.6719 n1_in_gt_bg_count=43 n1_valid_count=64 n1_valid_ratio=1 n2_gt_valid_count=64 n2_in_gt_bg=0.9688 n2_in_gt_bg_count=62 n2_valid_count=64 n2_valid_ratio=1 neg_in_pred_bg=1 neg_in_pred_bg_count=128 negative_pair_count=64 negative_pair_distance_sum=2785 p1_gt_valid_count=64 p1_in_gt_fg=1 p1_in_gt_fg_count=64 p1_valid_count=64 p1_valid_ratio=1 p2_gt_valid_count=64 p2_in_gt_fg=1 p2_in_gt_fg_count=64 p2_valid_count=64 p2_valid_ratio=1 point_distance_sum=3815 point_overlap_count=0 point_overlap_ratio=0 point_pair_count=128 pos_in_pred_fg=1 pos_in_pred_fg_count=128 positive_pair_count=64 positive_pair_distance_sum=1030 roi_count=64 valid_neg_count=128 valid_pos_count=128 warmup_stage=2
2026-07-30 21:24:06,748 - portable_sam_fusion - INFO - [DEBUG-BOX] epoch=8 step=2250 fallback_count=0 fallback_ratio=0 num_rois=64 refined_proposal_iou=0 refined_proposal_iou_sum=0 refined_valid_count=0
2026-07-30 21:24:06,748 - portable_sam_fusion - INFO - [DEBUG-COARSE] epoch=8 step=2250 bce_raw=0.2188 boundary_fn=4150 boundary_fp=3921 boundary_tp=2.282e+04 dice=0.1123 dice_loss_raw=0.1123 iou=0.8032 loss_weight=0.1 raw_boundary_fn=4150 raw_boundary_fp=3921 raw_boundary_tp=2.282e+04 raw_dice_score=0.8877 raw_iou=0.8032 weighted_loss=0.03311
2026-07-30 21:24:06,748 - portable_sam_fusion - INFO - [DEBUG-CONTEXT] epoch=8 step=2250 enabled=0
2026-07-30 21:24:06,748 - portable_sam_fusion - INFO - [DEBUG-JITTER] epoch=8 step=2250 area_ratio_count=64 area_ratio_mean=1 area_ratio_sum=64 fallback_count=0 mean_iou=1 num_jittered=0 num_rois=64
2026-07-30 21:24:06,748 - portable_sam_fusion - INFO - [DEBUG-SP] epoch=8 step=2250 all_invalid_count=0 all_invalid_ratio=0 empty_count=0 empty_ratio=0 full_count=0 full_ratio=0 mean_point_distance=29.25 n1_gt_valid_count=64 n1_in_gt_bg=0.8594 n1_in_gt_bg_count=55 n1_valid_count=64 n1_valid_ratio=1 n2_gt_valid_count=64 n2_in_gt_bg=0.9844 n2_in_gt_bg_count=63 n2_valid_count=64 n2_valid_ratio=1 neg_in_pred_bg=1 neg_in_pred_bg_count=128 negative_pair_count=64 negative_pair_distance_sum=2642 p1_gt_valid_count=64 p1_in_gt_fg=1 p1_in_gt_fg_count=64 p1_valid_count=64 p1_valid_ratio=1 p2_gt_valid_count=64 p2_in_gt_fg=1 p2_in_gt_fg_count=64 p2_valid_count=64 p2_valid_ratio=1 point_distance_sum=3744 point_overlap_count=0 point_overlap_ratio=0 point_pair_count=128 pos_in_pred_fg=1 pos_in_pred_fg_count=128 positive_pair_count=64 positive_pair_distance_sum=1103 roi_count=64 valid_neg_count=128 valid_pos_count=128 warmup_stage=2
2026-07-30 21:25:02,366 - portable_sam_fusion - INFO - [DEBUG-BOX] epoch=8 step=2300 fallback_count=0 fallback_ratio=0 num_rois=64 refined_proposal_iou=0 refined_proposal_iou_sum=0 refined_valid_count=0
2026-07-30 21:25:02,366 - portable_sam_fusion - INFO - [DEBUG-COARSE] epoch=8 step=2300 bce_raw=0.1954 boundary_fn=3794 boundary_fp=3766 boundary_tp=2.163e+04 dice=0.08316 dice_loss_raw=0.08316 iou=0.849 loss_weight=0.1 raw_boundary_fn=3794 raw_boundary_fp=3766 raw_boundary_tp=2.163e+04 raw_dice_score=0.9168 raw_iou=0.849 weighted_loss=0.02785
2026-07-30 21:25:02,366 - portable_sam_fusion - INFO - [DEBUG-CONTEXT] epoch=8 step=2300 enabled=0
2026-07-30 21:25:02,366 - portable_sam_fusion - INFO - [DEBUG-JITTER] epoch=8 step=2300 area_ratio_count=64 area_ratio_mean=1 area_ratio_sum=64 fallback_count=0 mean_iou=1 num_jittered=0 num_rois=64
2026-07-30 21:25:02,366 - portable_sam_fusion - INFO - [DEBUG-SP] epoch=8 step=2300 all_invalid_count=0 all_invalid_ratio=0 empty_count=0 empty_ratio=0 full_count=0 full_ratio=0 mean_point_distance=22.5 n1_gt_valid_count=64 n1_in_gt_bg=0.7812 n1_in_gt_bg_count=50 n1_valid_count=64 n1_valid_ratio=1 n2_gt_valid_count=64 n2_in_gt_bg=1 n2_in_gt_bg_count=64 n2_valid_count=64 n2_valid_ratio=1 neg_in_pred_bg=1 neg_in_pred_bg_count=128 negative_pair_count=64 negative_pair_distance_sum=2193 p1_gt_valid_count=64 p1_in_gt_fg=1 p1_in_gt_fg_count=64 p1_valid_count=64 p1_valid_ratio=1 p2_gt_valid_count=64 p2_in_gt_fg=1 p2_in_gt_fg_count=64 p2_valid_count=64 p2_valid_ratio=1 point_distance_sum=2881 point_overlap_count=0 point_overlap_ratio=0 point_pair_count=128 pos_in_pred_fg=1 pos_in_pred_fg_count=128 positive_pair_count=64 positive_pair_distance_sum=687.7 roi_count=64 valid_neg_count=128 valid_pos_count=128 warmup_stage=2
2026-07-30 21:25:55,108 - portable_sam_fusion - INFO - [DEBUG-BOX] epoch=8 step=2350 fallback_count=0 fallback_ratio=0 num_rois=0 refined_proposal_iou=0 refined_proposal_iou_sum=0 refined_valid_count=0
2026-07-30 21:25:55,109 - portable_sam_fusion - INFO - [DEBUG-COARSE] epoch=8 step=2350 boundary_fn=0 boundary_fp=0 boundary_tp=0 dice=0 iou=0
2026-07-30 21:25:55,109 - portable_sam_fusion - INFO - [DEBUG-CONTEXT] epoch=8 step=2350 enabled=0
2026-07-30 21:25:55,109 - portable_sam_fusion - INFO - [DEBUG-JITTER] epoch=8 step=2350 area_ratio_count=0 area_ratio_mean=0 area_ratio_sum=0 fallback_count=0 mean_iou=0 num_jittered=0 num_rois=0
2026-07-30 21:25:55,109 - portable_sam_fusion - INFO - [DEBUG-SP] epoch=8 step=2350 all_invalid_count=0 all_invalid_ratio=0 empty_count=0 empty_ratio=0 full_count=0 full_ratio=0 mean_point_distance=31.28 n1_gt_valid_count=64 n1_in_gt_bg=0.8125 n1_in_gt_bg_count=52 n1_valid_count=64 n1_valid_ratio=1 n2_gt_valid_count=64 n2_in_gt_bg=0.9844 n2_in_gt_bg_count=63 n2_valid_count=64 n2_valid_ratio=1 neg_in_pred_bg=1 neg_in_pred_bg_count=128 negative_pair_count=64 negative_pair_distance_sum=2914 p1_gt_valid_count=64 p1_in_gt_fg=1 p1_in_gt_fg_count=64 p1_valid_count=64 p1_valid_ratio=1 p2_gt_valid_count=64 p2_in_gt_fg=1 p2_in_gt_fg_count=64 p2_valid_count=64 p2_valid_ratio=1 point_distance_sum=4004 point_overlap_count=0 point_overlap_ratio=0 point_pair_count=128 pos_in_pred_fg=1 pos_in_pred_fg_count=128 positive_pair_count=64 positive_pair_distance_sum=1089 roi_count=64 valid_neg_count=128 valid_pos_count=128 warmup_stage=2
2026-07-30 21:25:57,070 - portable_sam_fusion - INFO - Epoch 8 detailed losses: loss_rpn_cls=0.0309, loss_rpn_bbox=0.0120, loss_cls=0.2525, acc=89.6282, loss_bbox=0.1211, loss_mask=0.0019, debug_mask_pos_rois=56.8129, debug_mask_logit_mean=-15.6607, debug_mask_logit_std=3.2330, debug_mask_prob_mean=0.0054, debug_mask_prob_ge05=0.0054, debug_mask_target_fill=0.0054, loss_shape_prior=0.0277, schedule/det_weight=1.0000
2026-07-30 21:25:57,070 - portable_sam_fusion - INFO - Epoch 8 primary loss shares: det=93.38% final_mask=0.42% shape=6.20% p2_boundary=0.00%
2026-07-30 21:25:57,070 - portable_sam_fusion - INFO - Epoch 8 schedule: det_loss_weight=1.000 early_stop_start=20 min_delta=0.0005
2026-07-30 21:25:57,070 - portable_sam_fusion - INFO - Epoch 8 learning rates: sat_backbone=4.91e-04, mask_decoder=4.91e-04, shape_prior=4.91e-04, quality_head=4.91e-04, sat_other=4.91e-04
2026-07-30 21:29:11,177 - portable_sam_fusion - INFO - Validation samples: GT=15926, DT=21605, avg_masks_per_image=34.46, avg_mask_fill=0.0057
creating index...
index created!
Loading and preparing results...
DONE (t=0.02s)
creating index...
index created!
Running per image evaluation...
Evaluate annotation type *bbox*
DONE (t=11.48s).
Accumulating evaluation results...
DONE (t=0.18s).
 Average Precision  (AP) @[ IoU=0.50:0.95 | area=   all | maxDets=100 ] = 0.624
 Average Precision  (AP) @[ IoU=0.50      | area=   all | maxDets=100 ] = 0.879
 Average Precision  (AP) @[ IoU=0.75      | area=   all | maxDets=100 ] = 0.752
 Average Precision  (AP) @[ IoU=0.50:0.95 | area= small | maxDets=100 ] = 0.246
 Average Precision  (AP) @[ IoU=0.50:0.95 | area=medium | maxDets=100 ] = 0.682
 Average Precision  (AP) @[ IoU=0.50:0.95 | area= large | maxDets=100 ] = 0.665
 Average Recall     (AR) @[ IoU=0.50:0.95 | area=   all | maxDets=  1 ] = 0.025
 Average Recall     (AR) @[ IoU=0.50:0.95 | area=   all | maxDets= 10 ] = 0.177
 Average Recall     (AR) @[ IoU=0.50:0.95 | area=   all | maxDets=100 ] = 0.688
 Average Recall     (AR) @[ IoU=0.50:0.95 | area= small | maxDets=100 ] = 0.376
 Average Recall     (AR) @[ IoU=0.50:0.95 | area=medium | maxDets=100 ] = 0.743
 Average Recall     (AR) @[ IoU=0.50:0.95 | area= large | maxDets=100 ] = 0.735
2026-07-30 21:29:23,033 - portable_sam_fusion - INFO - Validation bbox/mAP: 0.6239 bbox/mAP_75: 0.7520
Running per image evaluation...
Evaluate annotation type *segm*
DONE (t=11.71s).
Accumulating evaluation results...
DONE (t=0.19s).
 Average Precision  (AP) @[ IoU=0.50:0.95 | area=   all | maxDets=100 ] = 0.601
 Average Precision  (AP) @[ IoU=0.50      | area=   all | maxDets=100 ] = 0.872
 Average Precision  (AP) @[ IoU=0.75      | area=   all | maxDets=100 ] = 0.711
 Average Precision  (AP) @[ IoU=0.50:0.95 | area= small | maxDets=100 ] = 0.175
 Average Precision  (AP) @[ IoU=0.50:0.95 | area=medium | maxDets=100 ] = 0.630
 Average Precision  (AP) @[ IoU=0.50:0.95 | area= large | maxDets=100 ] = 0.765
 Average Recall     (AR) @[ IoU=0.50:0.95 | area=   all | maxDets=  1 ] = 0.025
 Average Recall     (AR) @[ IoU=0.50:0.95 | area=   all | maxDets= 10 ] = 0.177
 Average Recall     (AR) @[ IoU=0.50:0.95 | area=   all | maxDets=100 ] = 0.662
 Average Recall     (AR) @[ IoU=0.50:0.95 | area= small | maxDets=100 ] = 0.284
 Average Recall     (AR) @[ IoU=0.50:0.95 | area=medium | maxDets=100 ] = 0.689
 Average Recall     (AR) @[ IoU=0.50:0.95 | area= large | maxDets=100 ] = 0.822
2026-07-30 21:29:34,967 - portable_sam_fusion - INFO - Validation segm/mAP: 0.6006
2026-07-30 21:29:35,578 - portable_sam_fusion - INFO - New best early-stop metric (segm/mAP): raw=0.6006 smooth(5)=0.6057
2026-07-30 21:29:40,680 - portable_sam_fusion - INFO - Epoch 8/80 | train=0.446045 val=disabled segm/mAP=0.6006 bbox/mAP=0.6239 | best_segm=0.6216 best_bbox=0.6371 best_comp=0.0000 | sat_backbone=4.91e-04 mask_decoder=4.91e-04 shape_prior=4.91e-04 quality_head=4.91e-04 sat_other=4.91e-04
2026-07-30 21:30:17,739 - portable_sam_fusion - INFO - epoch 9 | mini-batch 32/294 | optimizer_step 600/5920 | lr=4.910e-04
2026-07-30 21:30:34,160 - portable_sam_fusion - INFO - [DEBUG-BOX] epoch=9 step=2400 fallback_count=0 fallback_ratio=0 num_rois=64 refined_proposal_iou=0 refined_proposal_iou_sum=0 refined_valid_count=0
2026-07-30 21:30:34,160 - portable_sam_fusion - INFO - [DEBUG-COARSE] epoch=9 step=2400 bce_raw=0.2955 boundary_fn=4944 boundary_fp=6745 boundary_tp=2.14e+04 dice=0.1379 dice_loss_raw=0.1379 iou=0.7703 loss_weight=0.1 raw_boundary_fn=4944 raw_boundary_fp=6745 raw_boundary_tp=2.14e+04 raw_dice_score=0.8621 raw_iou=0.7703 weighted_loss=0.04334
2026-07-30 21:30:34,160 - portable_sam_fusion - INFO - [DEBUG-CONTEXT] epoch=9 step=2400 enabled=0
2026-07-30 21:30:34,160 - portable_sam_fusion - INFO - [DEBUG-JITTER] epoch=9 step=2400 area_ratio_count=64 area_ratio_mean=1 area_ratio_sum=64 fallback_count=0 mean_iou=1 num_jittered=0 num_rois=64
2026-07-30 21:30:34,160 - portable_sam_fusion - INFO - [DEBUG-SP] epoch=9 step=2400 all_invalid_count=0 all_invalid_ratio=0 empty_count=0 empty_ratio=0 full_count=0 full_ratio=0 mean_point_distance=43.05 n1_gt_valid_count=64 n1_in_gt_bg=0.8438 n1_in_gt_bg_count=54 n1_valid_count=64 n1_valid_ratio=1 n2_gt_valid_count=63 n2_in_gt_bg=1 n2_in_gt_bg_count=63 n2_valid_count=63 n2_valid_ratio=0.9844 neg_in_pred_bg=1 neg_in_pred_bg_count=127 negative_pair_count=63 negative_pair_distance_sum=4199 p1_gt_valid_count=64 p1_in_gt_fg=0.9531 p1_in_gt_fg_count=61 p1_valid_count=64 p1_valid_ratio=1 p2_gt_valid_count=64 p2_in_gt_fg=0.9844 p2_in_gt_fg_count=63 p2_valid_count=64 p2_valid_ratio=1 point_distance_sum=5467 point_overlap_count=0 point_overlap_ratio=0 point_pair_count=127 pos_in_pred_fg=1 pos_in_pred_fg_count=128 positive_pair_count=64 positive_pair_distance_sum=1269 roi_count=64 valid_neg_count=127 valid_pos_count=128 warmup_stage=2
2026-07-30 21:31:28,506 - portable_sam_fusion - INFO - [DEBUG-BOX] epoch=9 step=2450 fallback_count=0 fallback_ratio=0 num_rois=64 refined_proposal_iou=0 refined_proposal_iou_sum=0 refined_valid_count=0
2026-07-30 21:31:28,506 - portable_sam_fusion - INFO - [DEBUG-COARSE] epoch=9 step=2450 bce_raw=0.2107 boundary_fn=4452 boundary_fp=4646 boundary_tp=2.297e+04 dice=0.1232 dice_loss_raw=0.1232 iou=0.7859 loss_weight=0.1 raw_boundary_fn=4452 raw_boundary_fp=4646 raw_boundary_tp=2.297e+04 raw_dice_score=0.8768 raw_iou=0.7859 weighted_loss=0.03338
2026-07-30 21:31:28,506 - portable_sam_fusion - INFO - [DEBUG-CONTEXT] epoch=9 step=2450 enabled=0
2026-07-30 21:31:28,506 - portable_sam_fusion - INFO - [DEBUG-JITTER] epoch=9 step=2450 area_ratio_count=64 area_ratio_mean=1 area_ratio_sum=64 fallback_count=0 mean_iou=1 num_jittered=0 num_rois=64
2026-07-30 21:31:28,506 - portable_sam_fusion - INFO - [DEBUG-SP] epoch=9 step=2450 all_invalid_count=0 all_invalid_ratio=0 empty_count=0 empty_ratio=0 full_count=0 full_ratio=0 mean_point_distance=39.02 n1_gt_valid_count=64 n1_in_gt_bg=0.7969 n1_in_gt_bg_count=51 n1_valid_count=64 n1_valid_ratio=1 n2_gt_valid_count=64 n2_in_gt_bg=1 n2_in_gt_bg_count=64 n2_valid_count=64 n2_valid_ratio=1 neg_in_pred_bg=1 neg_in_pred_bg_count=128 negative_pair_count=64 negative_pair_distance_sum=3943 p1_gt_valid_count=64 p1_in_gt_fg=1 p1_in_gt_fg_count=64 p1_valid_count=64 p1_valid_ratio=1 p2_gt_valid_count=64 p2_in_gt_fg=1 p2_in_gt_fg_count=64 p2_valid_count=64 p2_valid_ratio=1 point_distance_sum=4994 point_overlap_count=0 point_overlap_ratio=0 point_pair_count=128 pos_in_pred_fg=1 pos_in_pred_fg_count=128 positive_pair_count=64 positive_pair_distance_sum=1052 roi_count=64 valid_neg_count=128 valid_pos_count=128 warmup_stage=2
2026-07-30 21:32:21,983 - portable_sam_fusion - INFO - [DEBUG-BOX] epoch=9 step=2500 fallback_count=0 fallback_ratio=0 num_rois=0 refined_proposal_iou=0 refined_proposal_iou_sum=0 refined_valid_count=0
2026-07-30 21:32:21,983 - portable_sam_fusion - INFO - [DEBUG-COARSE] epoch=9 step=2500 boundary_fn=0 boundary_fp=0 boundary_tp=0 dice=0 iou=0
2026-07-30 21:32:21,983 - portable_sam_fusion - INFO - [DEBUG-CONTEXT] epoch=9 step=2500 enabled=0
2026-07-30 21:32:21,984 - portable_sam_fusion - INFO - [DEBUG-JITTER] epoch=9 step=2500 area_ratio_count=0 area_ratio_mean=0 area_ratio_sum=0 fallback_count=0 mean_iou=0 num_jittered=0 num_rois=0
2026-07-30 21:32:21,984 - portable_sam_fusion - INFO - [DEBUG-SP] epoch=9 step=2500 all_invalid_count=0 all_invalid_ratio=0 empty_count=0 empty_ratio=0 full_count=0 full_ratio=0 mean_point_distance=23.56 n1_gt_valid_count=64 n1_in_gt_bg=0.8906 n1_in_gt_bg_count=57 n1_valid_count=64 n1_valid_ratio=1 n2_gt_valid_count=64 n2_in_gt_bg=0.9844 n2_in_gt_bg_count=63 n2_valid_count=64 n2_valid_ratio=1 neg_in_pred_bg=1 neg_in_pred_bg_count=128 negative_pair_count=64 negative_pair_distance_sum=2261 p1_gt_valid_count=64 p1_in_gt_fg=1 p1_in_gt_fg_count=64 p1_valid_count=64 p1_valid_ratio=1 p2_gt_valid_count=64 p2_in_gt_fg=1 p2_in_gt_fg_count=64 p2_valid_count=64 p2_valid_ratio=1 point_distance_sum=3016 point_overlap_count=0 point_overlap_ratio=0 point_pair_count=128 pos_in_pred_fg=1 pos_in_pred_fg_count=128 positive_pair_count=64 positive_pair_distance_sum=755.7 roi_count=64 valid_neg_count=128 valid_pos_count=128 warmup_stage=2
2026-07-30 21:33:16,678 - portable_sam_fusion - INFO - [DEBUG-BOX] epoch=9 step=2550 fallback_count=0 fallback_ratio=0 num_rois=0 refined_proposal_iou=0 refined_proposal_iou_sum=0 refined_valid_count=0
2026-07-30 21:33:16,678 - portable_sam_fusion - INFO - [DEBUG-COARSE] epoch=9 step=2550 boundary_fn=0 boundary_fp=0 boundary_tp=0 dice=0 iou=0
2026-07-30 21:33:16,678 - portable_sam_fusion - INFO - [DEBUG-CONTEXT] epoch=9 step=2550 enabled=0
2026-07-30 21:33:16,678 - portable_sam_fusion - INFO - [DEBUG-JITTER] epoch=9 step=2550 area_ratio_count=0 area_ratio_mean=0 area_ratio_sum=0 fallback_count=0 mean_iou=0 num_jittered=0 num_rois=0
2026-07-30 21:33:16,678 - portable_sam_fusion - INFO - [DEBUG-SP] epoch=9 step=2550 all_invalid_count=0 all_invalid_ratio=0 empty_count=0 empty_ratio=0 full_count=0 full_ratio=0 mean_point_distance=26.27 n1_gt_valid_count=64 n1_in_gt_bg=0.7656 n1_in_gt_bg_count=49 n1_valid_count=64 n1_valid_ratio=1 n2_gt_valid_count=64 n2_in_gt_bg=0.9688 n2_in_gt_bg_count=62 n2_valid_count=64 n2_valid_ratio=1 neg_in_pred_bg=1 neg_in_pred_bg_count=128 negative_pair_count=64 negative_pair_distance_sum=2604 p1_gt_valid_count=64 p1_in_gt_fg=1 p1_in_gt_fg_count=64 p1_valid_count=64 p1_valid_ratio=1 p2_gt_valid_count=64 p2_in_gt_fg=1 p2_in_gt_fg_count=64 p2_valid_count=64 p2_valid_ratio=1 point_distance_sum=3362 point_overlap_count=0 point_overlap_ratio=0 point_pair_count=128 pos_in_pred_fg=1 pos_in_pred_fg_count=128 positive_pair_count=64 positive_pair_distance_sum=757.5 roi_count=64 valid_neg_count=128 valid_pos_count=128 warmup_stage=2
2026-07-30 21:33:50,614 - portable_sam_fusion - INFO - epoch 9 | mini-batch 232/294 | optimizer_step 650/5920 | lr=4.891e-04
2026-07-30 21:34:07,014 - portable_sam_fusion - INFO - [DEBUG-BOX] epoch=9 step=2600 fallback_count=0 fallback_ratio=0 num_rois=64 refined_proposal_iou=0 refined_proposal_iou_sum=0 refined_valid_count=0
2026-07-30 21:34:07,014 - portable_sam_fusion - INFO - [DEBUG-COARSE] epoch=9 step=2600 bce_raw=0.1652 boundary_fn=2467 boundary_fp=2824 boundary_tp=2.434e+04 dice=0.1078 dice_loss_raw=0.1078 iou=0.809 loss_weight=0.1 raw_boundary_fn=2467 raw_boundary_fp=2824 raw_boundary_tp=2.434e+04 raw_dice_score=0.8922 raw_iou=0.809 weighted_loss=0.0273
2026-07-30 21:34:07,014 - portable_sam_fusion - INFO - [DEBUG-CONTEXT] epoch=9 step=2600 enabled=0
2026-07-30 21:34:07,014 - portable_sam_fusion - INFO - [DEBUG-JITTER] epoch=9 step=2600 area_ratio_count=64 area_ratio_mean=1 area_ratio_sum=64 fallback_count=0 mean_iou=1 num_jittered=0 num_rois=64
2026-07-30 21:34:07,014 - portable_sam_fusion - INFO - [DEBUG-SP] epoch=9 step=2600 all_invalid_count=0 all_invalid_ratio=0 empty_count=0 empty_ratio=0 full_count=0 full_ratio=0 mean_point_distance=32.66 n1_gt_valid_count=64 n1_in_gt_bg=0.875 n1_in_gt_bg_count=56 n1_valid_count=64 n1_valid_ratio=1 n2_gt_valid_count=64 n2_in_gt_bg=1 n2_in_gt_bg_count=64 n2_valid_count=64 n2_valid_ratio=1 neg_in_pred_bg=1 neg_in_pred_bg_count=128 negative_pair_count=64 negative_pair_distance_sum=3216 p1_gt_valid_count=64 p1_in_gt_fg=1 p1_in_gt_fg_count=64 p1_valid_count=64 p1_valid_ratio=1 p2_gt_valid_count=64 p2_in_gt_fg=1 p2_in_gt_fg_count=64 p2_valid_count=64 p2_valid_ratio=1 point_distance_sum=4180 point_overlap_count=0 point_overlap_ratio=0 point_pair_count=128 pos_in_pred_fg=1 pos_in_pred_fg_count=128 positive_pair_count=64 positive_pair_distance_sum=964.3 roi_count=64 valid_neg_count=128 valid_pos_count=128 warmup_stage=2
2026-07-30 21:34:57,514 - portable_sam_fusion - INFO - Epoch 9 detailed losses: loss_rpn_cls=0.0252, loss_rpn_bbox=0.0093, loss_cls=0.2336, acc=90.5368, loss_bbox=0.1068, loss_mask=0.0021, debug_mask_pos_rois=54.2891, debug_mask_logit_mean=-15.5177, debug_mask_logit_std=2.9581, debug_mask_prob_mean=0.0049, debug_mask_prob_ge05=0.0047, debug_mask_target_fill=0.0047, loss_shape_prior=0.0255, schedule/det_weight=1.0000
2026-07-30 21:34:57,514 - portable_sam_fusion - INFO - Epoch 9 primary loss shares: det=93.15% final_mask=0.52% shape=6.34% p2_boundary=0.00%
2026-07-30 21:34:57,514 - portable_sam_fusion - INFO - Epoch 9 schedule: det_loss_weight=1.000 early_stop_start=20 min_delta=0.0005
2026-07-30 21:34:57,514 - portable_sam_fusion - INFO - Epoch 9 learning rates: sat_backbone=4.88e-04, mask_decoder=4.88e-04, shape_prior=4.88e-04, quality_head=4.88e-04, sat_other=4.88e-04
2026-07-30 21:37:50,065 - portable_sam_fusion - INFO - Validation samples: GT=15926, DT=18119, avg_masks_per_image=28.90, avg_mask_fill=0.0051
creating index...
index created!
Loading and preparing results...
DONE (t=0.02s)
creating index...
index created!
Running per image evaluation...
Evaluate annotation type *bbox*
DONE (t=10.61s).
Accumulating evaluation results...
DONE (t=0.16s).
 Average Precision  (AP) @[ IoU=0.50:0.95 | area=   all | maxDets=100 ] = 0.621
 Average Precision  (AP) @[ IoU=0.50      | area=   all | maxDets=100 ] = 0.882
 Average Precision  (AP) @[ IoU=0.75      | area=   all | maxDets=100 ] = 0.766
 Average Precision  (AP) @[ IoU=0.50:0.95 | area= small | maxDets=100 ] = 0.259
 Average Precision  (AP) @[ IoU=0.50:0.95 | area=medium | maxDets=100 ] = 0.667
 Average Precision  (AP) @[ IoU=0.50:0.95 | area= large | maxDets=100 ] = 0.692
 Average Recall     (AR) @[ IoU=0.50:0.95 | area=   all | maxDets=  1 ] = 0.024
 Average Recall     (AR) @[ IoU=0.50:0.95 | area=   all | maxDets= 10 ] = 0.175
 Average Recall     (AR) @[ IoU=0.50:0.95 | area=   all | maxDets=100 ] = 0.675
 Average Recall     (AR) @[ IoU=0.50:0.95 | area= small | maxDets=100 ] = 0.363
 Average Recall     (AR) @[ IoU=0.50:0.95 | area=medium | maxDets=100 ] = 0.720
 Average Recall     (AR) @[ IoU=0.50:0.95 | area= large | maxDets=100 ] = 0.746
2026-07-30 21:38:01,467 - portable_sam_fusion - INFO - Validation bbox/mAP: 0.6213 bbox/mAP_75: 0.7662
Running per image evaluation...
Evaluate annotation type *segm*
DONE (t=11.08s).
Accumulating evaluation results...
DONE (t=0.17s).
 Average Precision  (AP) @[ IoU=0.50:0.95 | area=   all | maxDets=100 ] = 0.463
 Average Precision  (AP) @[ IoU=0.50      | area=   all | maxDets=100 ] = 0.782
 Average Precision  (AP) @[ IoU=0.75      | area=   all | maxDets=100 ] = 0.503
 Average Precision  (AP) @[ IoU=0.50:0.95 | area= small | maxDets=100 ] = 0.112
 Average Precision  (AP) @[ IoU=0.50:0.95 | area=medium | maxDets=100 ] = 0.481
 Average Precision  (AP) @[ IoU=0.50:0.95 | area= large | maxDets=100 ] = 0.593
 Average Recall     (AR) @[ IoU=0.50:0.95 | area=   all | maxDets=  1 ] = 0.022
 Average Recall     (AR) @[ IoU=0.50:0.95 | area=   all | maxDets= 10 ] = 0.151
 Average Recall     (AR) @[ IoU=0.50:0.95 | area=   all | maxDets=100 ] = 0.553
 Average Recall     (AR) @[ IoU=0.50:0.95 | area= small | maxDets=100 ] = 0.217
 Average Recall     (AR) @[ IoU=0.50:0.95 | area=medium | maxDets=100 ] = 0.574
 Average Recall     (AR) @[ IoU=0.50:0.95 | area= large | maxDets=100 ] = 0.702
2026-07-30 21:38:12,748 - portable_sam_fusion - INFO - Validation segm/mAP: 0.4634
2026-07-30 21:38:13,540 - portable_sam_fusion - INFO - Early-stop metric (segm/mAP): raw=0.4634 smooth(5)=0.5800; counter disabled before epoch 20
2026-07-30 21:38:18,739 - portable_sam_fusion - INFO - Epoch 9/80 | train=0.402463 val=disabled segm/mAP=0.4634 bbox/mAP=0.6213 | best_segm=0.6216 best_bbox=0.6371 best_comp=0.0000 | sat_backbone=4.88e-04 mask_decoder=4.88e-04 shape_prior=4.88e-04 quality_head=4.88e-04 sat_other=4.88e-04
2026-07-30 21:38:24,958 - portable_sam_fusion - INFO - [DEBUG-BOX] epoch=10 step=2650 fallback_count=0 fallback_ratio=0 num_rois=64 refined_proposal_iou=0 refined_proposal_iou_sum=0 refined_valid_count=0
2026-07-30 21:38:24,958 - portable_sam_fusion - INFO - [DEBUG-COARSE] epoch=10 step=2650 bce_raw=0.1707 boundary_fn=2982 boundary_fp=2276 boundary_tp=2.41e+04 dice=0.08397 dice_loss_raw=0.08397 iou=0.8479 loss_weight=0.1 raw_boundary_fn=2982 raw_boundary_fp=2276 raw_boundary_tp=2.41e+04 raw_dice_score=0.916 raw_iou=0.8479 weighted_loss=0.02547
2026-07-30 21:38:24,958 - portable_sam_fusion - INFO - [DEBUG-CONTEXT] epoch=10 step=2650 enabled=0
2026-07-30 21:38:24,958 - portable_sam_fusion - INFO - [DEBUG-JITTER] epoch=10 step=2650 area_ratio_count=64 area_ratio_mean=1 area_ratio_sum=64 fallback_count=0 mean_iou=1 num_jittered=0 num_rois=64
2026-07-30 21:38:24,958 - portable_sam_fusion - INFO - [DEBUG-SP] epoch=10 step=2650 all_invalid_count=0 all_invalid_ratio=0 empty_count=0 empty_ratio=0 full_count=0 full_ratio=0 mean_point_distance=36.6 n1_gt_valid_count=64 n1_in_gt_bg=0.875 n1_in_gt_bg_count=56 n1_valid_count=64 n1_valid_ratio=1 n2_gt_valid_count=64 n2_in_gt_bg=0.9844 n2_in_gt_bg_count=63 n2_valid_count=64 n2_valid_ratio=1 neg_in_pred_bg=1 neg_in_pred_bg_count=128 negative_pair_count=64 negative_pair_distance_sum=3417 p1_gt_valid_count=64 p1_in_gt_fg=1 p1_in_gt_fg_count=64 p1_valid_count=64 p1_valid_ratio=1 p2_gt_valid_count=64 p2_in_gt_fg=0.9844 p2_in_gt_fg_count=63 p2_valid_count=64 p2_valid_ratio=1 point_distance_sum=4685 point_overlap_count=0 point_overlap_ratio=0 point_pair_count=128 pos_in_pred_fg=1 pos_in_pred_fg_count=128 positive_pair_count=64 positive_pair_distance_sum=1268 roi_count=64 valid_neg_count=128 valid_pos_count=128 warmup_stage=2
2026-07-30 21:39:17,304 - portable_sam_fusion - INFO - [DEBUG-BOX] epoch=10 step=2700 fallback_count=0 fallback_ratio=0 num_rois=64 refined_proposal_iou=0 refined_proposal_iou_sum=0 refined_valid_count=0
2026-07-30 21:39:17,304 - portable_sam_fusion - INFO - [DEBUG-COARSE] epoch=10 step=2700 bce_raw=0.2352 boundary_fn=4051 boundary_fp=4370 boundary_tp=2.153e+04 dice=0.0997 dice_loss_raw=0.0997 iou=0.8211 loss_weight=0.1 raw_boundary_fn=4051 raw_boundary_fp=4370 raw_boundary_tp=2.153e+04 raw_dice_score=0.9003 raw_iou=0.8211 weighted_loss=0.03349
2026-07-30 21:39:17,304 - portable_sam_fusion - INFO - [DEBUG-CONTEXT] epoch=10 step=2700 enabled=0
2026-07-30 21:39:17,304 - portable_sam_fusion - INFO - [DEBUG-JITTER] epoch=10 step=2700 area_ratio_count=64 area_ratio_mean=1 area_ratio_sum=64 fallback_count=0 mean_iou=1 num_jittered=0 num_rois=64
2026-07-30 21:39:17,304 - portable_sam_fusion - INFO - [DEBUG-SP] epoch=10 step=2700 all_invalid_count=0 all_invalid_ratio=0 empty_count=0 empty_ratio=0 full_count=0 full_ratio=0 mean_point_distance=25.71 n1_gt_valid_count=64 n1_in_gt_bg=0.6094 n1_in_gt_bg_count=39 n1_valid_count=64 n1_valid_ratio=1 n2_gt_valid_count=64 n2_in_gt_bg=0.9688 n2_in_gt_bg_count=62 n2_valid_count=64 n2_valid_ratio=1 neg_in_pred_bg=1 neg_in_pred_bg_count=128 negative_pair_count=64 negative_pair_distance_sum=2523 p1_gt_valid_count=64 p1_in_gt_fg=1 p1_in_gt_fg_count=64 p1_valid_count=64 p1_valid_ratio=1 p2_gt_valid_count=64 p2_in_gt_fg=1 p2_in_gt_fg_count=64 p2_valid_count=64 p2_valid_ratio=1 point_distance_sum=3291 point_overlap_count=0 point_overlap_ratio=0 point_pair_count=128 pos_in_pred_fg=1 pos_in_pred_fg_count=128 positive_pair_count=64 positive_pair_distance_sum=768 roi_count=64 valid_neg_count=128 valid_pos_count=128 warmup_stage=2
2026-07-30 21:40:10,221 - portable_sam_fusion - INFO - [DEBUG-BOX] epoch=10 step=2750 fallback_count=0 fallback_ratio=0 num_rois=64 refined_proposal_iou=0 refined_proposal_iou_sum=0 refined_valid_count=0
2026-07-30 21:40:10,221 - portable_sam_fusion - INFO - [DEBUG-COARSE] epoch=10 step=2750 bce_raw=0.195 boundary_fn=3528 boundary_fp=3421 boundary_tp=2.408e+04 dice=0.102 dice_loss_raw=0.102 iou=0.819 loss_weight=0.1 raw_boundary_fn=3528 raw_boundary_fp=3421 raw_boundary_tp=2.408e+04 raw_dice_score=0.898 raw_iou=0.819 weighted_loss=0.0297
2026-07-30 21:40:10,221 - portable_sam_fusion - INFO - [DEBUG-CONTEXT] epoch=10 step=2750 enabled=0
2026-07-30 21:40:10,221 - portable_sam_fusion - INFO - [DEBUG-JITTER] epoch=10 step=2750 area_ratio_count=64 area_ratio_mean=1 area_ratio_sum=64 fallback_count=0 mean_iou=1 num_jittered=0 num_rois=64
2026-07-30 21:40:10,221 - portable_sam_fusion - INFO - [DEBUG-SP] epoch=10 step=2750 all_invalid_count=0 all_invalid_ratio=0 empty_count=0 empty_ratio=0 full_count=0 full_ratio=0 mean_point_distance=25.54 n1_gt_valid_count=64 n1_in_gt_bg=0.7812 n1_in_gt_bg_count=50 n1_valid_count=64 n1_valid_ratio=1 n2_gt_valid_count=64 n2_in_gt_bg=1 n2_in_gt_bg_count=64 n2_valid_count=64 n2_valid_ratio=1 neg_in_pred_bg=1 neg_in_pred_bg_count=128 negative_pair_count=64 negative_pair_distance_sum=2558 p1_gt_valid_count=64 p1_in_gt_fg=1 p1_in_gt_fg_count=64 p1_valid_count=64 p1_valid_ratio=1 p2_gt_valid_count=64 p2_in_gt_fg=1 p2_in_gt_fg_count=64 p2_valid_count=64 p2_valid_ratio=1 point_distance_sum=3270 point_overlap_count=0 point_overlap_ratio=0 point_pair_count=128 pos_in_pred_fg=1 pos_in_pred_fg_count=128 positive_pair_count=64 positive_pair_distance_sum=711.6 roi_count=64 valid_neg_count=128 valid_pos_count=128 warmup_stage=2
2026-07-30 21:40:43,270 - portable_sam_fusion - INFO - epoch 10 | mini-batch 136/294 | optimizer_step 700/5920 | lr=4.870e-04
2026-07-30 21:41:02,714 - portable_sam_fusion - INFO - [DEBUG-BOX] epoch=10 step=2800 fallback_count=0 fallback_ratio=0 num_rois=64 refined_proposal_iou=0 refined_proposal_iou_sum=0 refined_valid_count=0
2026-07-30 21:41:02,714 - portable_sam_fusion - INFO - [DEBUG-COARSE] epoch=10 step=2800 bce_raw=0.1843 boundary_fn=3273 boundary_fp=3658 boundary_tp=2.378e+04 dice=0.1039 dice_loss_raw=0.1039 iou=0.8142 loss_weight=0.1 raw_boundary_fn=3273 raw_boundary_fp=3658 raw_boundary_tp=2.378e+04 raw_dice_score=0.8961 raw_iou=0.8142 weighted_loss=0.02882
2026-07-30 21:41:02,714 - portable_sam_fusion - INFO - [DEBUG-CONTEXT] epoch=10 step=2800 enabled=0
2026-07-30 21:41:02,714 - portable_sam_fusion - INFO - [DEBUG-JITTER] epoch=10 step=2800 area_ratio_count=64 area_ratio_mean=1 area_ratio_sum=64 fallback_count=0 mean_iou=1 num_jittered=0 num_rois=64
2026-07-30 21:41:02,714 - portable_sam_fusion - INFO - [DEBUG-SP] epoch=10 step=2800 all_invalid_count=0 all_invalid_ratio=0 empty_count=0 empty_ratio=0 full_count=0 full_ratio=0 mean_point_distance=23.62 n1_gt_valid_count=64 n1_in_gt_bg=0.9375 n1_in_gt_bg_count=60 n1_valid_count=64 n1_valid_ratio=1 n2_gt_valid_count=64 n2_in_gt_bg=1 n2_in_gt_bg_count=64 n2_valid_count=64 n2_valid_ratio=1 neg_in_pred_bg=1 neg_in_pred_bg_count=128 negative_pair_count=64 negative_pair_distance_sum=2104 p1_gt_valid_count=64 p1_in_gt_fg=1 p1_in_gt_fg_count=64 p1_valid_count=64 p1_valid_ratio=1 p2_gt_valid_count=64 p2_in_gt_fg=1 p2_in_gt_fg_count=64 p2_valid_count=64 p2_valid_ratio=1 point_distance_sum=3023 point_overlap_count=0 point_overlap_ratio=0 point_pair_count=128 pos_in_pred_fg=1 pos_in_pred_fg_count=128 positive_pair_count=64 positive_pair_distance_sum=918.5 roi_count=64 valid_neg_count=128 valid_pos_count=128 warmup_stage=2
2026-07-30 21:41:57,264 - portable_sam_fusion - INFO - [DEBUG-BOX] epoch=10 step=2850 fallback_count=0 fallback_ratio=0 num_rois=64 refined_proposal_iou=0 refined_proposal_iou_sum=0 refined_valid_count=0
2026-07-30 21:41:57,265 - portable_sam_fusion - INFO - [DEBUG-COARSE] epoch=10 step=2850 bce_raw=0.1993 boundary_fn=5630 boundary_fp=4054 boundary_tp=2.07e+04 dice=0.1241 dice_loss_raw=0.1241 iou=0.7834 loss_weight=0.1 raw_boundary_fn=5630 raw_boundary_fp=4054 raw_boundary_tp=2.07e+04 raw_dice_score=0.8759 raw_iou=0.7834 weighted_loss=0.03235
2026-07-30 21:41:57,265 - portable_sam_fusion - INFO - [DEBUG-CONTEXT] epoch=10 step=2850 enabled=0
2026-07-30 21:41:57,265 - portable_sam_fusion - INFO - [DEBUG-JITTER] epoch=10 step=2850 area_ratio_count=64 area_ratio_mean=1 area_ratio_sum=64 fallback_count=0 mean_iou=1 num_jittered=0 num_rois=64
2026-07-30 21:41:57,265 - portable_sam_fusion - INFO - [DEBUG-SP] epoch=10 step=2850 all_invalid_count=0 all_invalid_ratio=0 empty_count=0 empty_ratio=0 full_count=0 full_ratio=0 mean_point_distance=22.7 n1_gt_valid_count=64 n1_in_gt_bg=0.6406 n1_in_gt_bg_count=41 n1_valid_count=64 n1_valid_ratio=1 n2_gt_valid_count=64 n2_in_gt_bg=1 n2_in_gt_bg_count=64 n2_valid_count=64 n2_valid_ratio=1 neg_in_pred_bg=1 neg_in_pred_bg_count=128 negative_pair_count=64 negative_pair_distance_sum=2087 p1_gt_valid_count=64 p1_in_gt_fg=1 p1_in_gt_fg_count=64 p1_valid_count=64 p1_valid_ratio=1 p2_gt_valid_count=64 p2_in_gt_fg=1 p2_in_gt_fg_count=64 p2_valid_count=64 p2_valid_ratio=1 point_distance_sum=2906 point_overlap_count=0 point_overlap_ratio=0 point_pair_count=128 pos_in_pred_fg=1 pos_in_pred_fg_count=128 positive_pair_count=64 positive_pair_distance_sum=818.8 roi_count=64 valid_neg_count=128 valid_pos_count=128 warmup_stage=2
2026-07-30 21:42:49,927 - portable_sam_fusion - INFO - [DEBUG-BOX] epoch=10 step=2900 fallback_count=0 fallback_ratio=0 num_rois=64 refined_proposal_iou=0 refined_proposal_iou_sum=0 refined_valid_count=0
2026-07-30 21:42:49,927 - portable_sam_fusion - INFO - [DEBUG-COARSE] epoch=10 step=2900 bce_raw=0.205 boundary_fn=3630 boundary_fp=4308 boundary_tp=2.205e+04 dice=0.07965 dice_loss_raw=0.07965 iou=0.8552 loss_weight=0.1 raw_boundary_fn=3630 raw_boundary_fp=4308 raw_boundary_tp=2.205e+04 raw_dice_score=0.9204 raw_iou=0.8552 weighted_loss=0.02847
2026-07-30 21:42:49,927 - portable_sam_fusion - INFO - [DEBUG-CONTEXT] epoch=10 step=2900 enabled=0
2026-07-30 21:42:49,927 - portable_sam_fusion - INFO - [DEBUG-JITTER] epoch=10 step=2900 area_ratio_count=64 area_ratio_mean=1 area_ratio_sum=64 fallback_count=0 mean_iou=1 num_jittered=0 num_rois=64
2026-07-30 21:42:49,927 - portable_sam_fusion - INFO - [DEBUG-SP] epoch=10 step=2900 all_invalid_count=0 all_invalid_ratio=0 empty_count=0 empty_ratio=0 full_count=1 full_ratio=0.01562 mean_point_distance=28.1 n1_gt_valid_count=63 n1_in_gt_bg=0.7619 n1_in_gt_bg_count=48 n1_valid_count=63 n1_valid_ratio=0.9844 n2_gt_valid_count=63 n2_in_gt_bg=0.9524 n2_in_gt_bg_count=60 n2_valid_count=63 n2_valid_ratio=0.9844 neg_in_pred_bg=1 neg_in_pred_bg_count=126 negative_pair_count=63 negative_pair_distance_sum=2513 p1_gt_valid_count=64 p1_in_gt_fg=1 p1_in_gt_fg_count=64 p1_valid_count=64 p1_valid_ratio=1 p2_gt_valid_count=64 p2_in_gt_fg=1 p2_in_gt_fg_count=64 p2_valid_count=64 p2_valid_ratio=1 point_distance_sum=3569 point_overlap_count=0 point_overlap_ratio=0 point_pair_count=127 pos_in_pred_fg=1 pos_in_pred_fg_count=128 positive_pair_count=64 positive_pair_distance_sum=1056 roi_count=64 valid_neg_count=126 valid_pos_count=128 warmup_stage=2
2026-07-30 21:43:31,690 - portable_sam_fusion - INFO - Epoch 10 detailed losses: loss_rpn_cls=0.0230, loss_rpn_bbox=0.0085, loss_cls=0.2245, acc=91.0882, loss_bbox=0.1018, loss_mask=0.0032, debug_mask_pos_rois=54.2959, debug_mask_logit_mean=-15.4411, debug_mask_logit_std=3.1579, debug_mask_prob_mean=0.0047, debug_mask_prob_ge05=0.0046, debug_mask_target_fill=0.0047, loss_shape_prior=0.0249, schedule/det_weight=1.0000
2026-07-30 21:43:31,690 - portable_sam_fusion - INFO - Epoch 10 primary loss shares: det=92.71% final_mask=0.83% shape=6.46% p2_boundary=0.00%
2026-07-30 21:43:31,691 - portable_sam_fusion - INFO - Epoch 10 schedule: det_loss_weight=1.000 early_stop_start=20 min_delta=0.0005
2026-07-30 21:43:31,691 - portable_sam_fusion - INFO - Epoch 10 learning rates: sat_backbone=4.85e-04, mask_decoder=4.85e-04, shape_prior=4.85e-04, quality_head=4.85e-04, sat_other=4.85e-04
2026-07-30 21:46:47,498 - portable_sam_fusion - INFO - Validation samples: GT=15926, DT=23364, avg_masks_per_image=37.26, avg_mask_fill=0.0048
creating index...
index created!
Loading and preparing results...
DONE (t=0.02s)
creating index...
index created!
Running per image evaluation...
Evaluate annotation type *bbox*
DONE (t=11.79s).
Accumulating evaluation results...
DONE (t=0.19s).
 Average Precision  (AP) @[ IoU=0.50:0.95 | area=   all | maxDets=100 ] = 0.639
 Average Precision  (AP) @[ IoU=0.50      | area=   all | maxDets=100 ] = 0.896
 Average Precision  (AP) @[ IoU=0.75      | area=   all | maxDets=100 ] = 0.781
 Average Precision  (AP) @[ IoU=0.50:0.95 | area= small | maxDets=100 ] = 0.258
 Average Precision  (AP) @[ IoU=0.50:0.95 | area=medium | maxDets=100 ] = 0.685
 Average Precision  (AP) @[ IoU=0.50:0.95 | area= large | maxDets=100 ] = 0.708
 Average Recall     (AR) @[ IoU=0.50:0.95 | area=   all | maxDets=  1 ] = 0.025
 Average Recall     (AR) @[ IoU=0.50:0.95 | area=   all | maxDets= 10 ] = 0.179
 Average Recall     (AR) @[ IoU=0.50:0.95 | area=   all | maxDets=100 ] = 0.698
 Average Recall     (AR) @[ IoU=0.50:0.95 | area= small | maxDets=100 ] = 0.402
 Average Recall     (AR) @[ IoU=0.50:0.95 | area=medium | maxDets=100 ] = 0.741
 Average Recall     (AR) @[ IoU=0.50:0.95 | area= large | maxDets=100 ] = 0.765
2026-07-30 21:46:59,677 - portable_sam_fusion - INFO - Validation bbox/mAP: 0.6392 bbox/mAP_75: 0.7809
Running per image evaluation...
Evaluate annotation type *segm*
DONE (t=12.11s).
Accumulating evaluation results...
DONE (t=0.20s).
 Average Precision  (AP) @[ IoU=0.50:0.95 | area=   all | maxDets=100 ] = 0.592
 Average Precision  (AP) @[ IoU=0.50      | area=   all | maxDets=100 ] = 0.865
 Average Precision  (AP) @[ IoU=0.75      | area=   all | maxDets=100 ] = 0.694
 Average Precision  (AP) @[ IoU=0.50:0.95 | area= small | maxDets=100 ] = 0.128
 Average Precision  (AP) @[ IoU=0.50:0.95 | area=medium | maxDets=100 ] = 0.623
 Average Precision  (AP) @[ IoU=0.50:0.95 | area= large | maxDets=100 ] = 0.760
 Average Recall     (AR) @[ IoU=0.50:0.95 | area=   all | maxDets=  1 ] = 0.025
 Average Recall     (AR) @[ IoU=0.50:0.95 | area=   all | maxDets= 10 ] = 0.176
 Average Recall     (AR) @[ IoU=0.50:0.95 | area=   all | maxDets=100 ] = 0.643
 Average Recall     (AR) @[ IoU=0.50:0.95 | area= small | maxDets=100 ] = 0.223
 Average Recall     (AR) @[ IoU=0.50:0.95 | area=medium | maxDets=100 ] = 0.677
 Average Recall     (AR) @[ IoU=0.50:0.95 | area= large | maxDets=100 ] = 0.811
2026-07-30 21:47:12,011 - portable_sam_fusion - INFO - Validation segm/mAP: 0.5916
2026-07-30 21:47:12,751 - portable_sam_fusion - INFO - New best bbox/mAP: 0.6392
2026-07-30 21:47:12,751 - portable_sam_fusion - INFO - Early-stop metric (segm/mAP): raw=0.5916 smooth(5)=0.5780; counter disabled before epoch 20
2026-07-30 21:47:15,088 - portable_sam_fusion - INFO - Saved best_bbox_model with bbox/mAP: 0.6392
2026-07-30 21:47:20,118 - portable_sam_fusion - INFO - Epoch 10/80 | train=0.386043 val=disabled segm/mAP=0.5916 bbox/mAP=0.6392 | best_segm=0.6216 best_bbox=0.6392 best_comp=0.0000 | sat_backbone=4.85e-04 mask_decoder=4.85e-04 shape_prior=4.85e-04 quality_head=4.85e-04 sat_other=4.85e-04
2026-07-30 21:47:33,211 - portable_sam_fusion - INFO - [DEBUG-BOX] epoch=11 step=2950 fallback_count=0 fallback_ratio=0 num_rois=64 refined_proposal_iou=0 refined_proposal_iou_sum=0 refined_valid_count=0
2026-07-30 21:47:33,212 - portable_sam_fusion - INFO - [DEBUG-COARSE] epoch=11 step=2950 bce_raw=0.1831 boundary_fn=3170 boundary_fp=2592 boundary_tp=2.391e+04 dice=0.08063 dice_loss_raw=0.08063 iou=0.8532 loss_weight=0.1 raw_boundary_fn=3170 raw_boundary_fp=2592 raw_boundary_tp=2.391e+04 raw_dice_score=0.9194 raw_iou=0.8532 weighted_loss=0.02637
2026-07-30 21:47:33,212 - portable_sam_fusion - INFO - [DEBUG-CONTEXT] epoch=11 step=2950 enabled=0
2026-07-30 21:47:33,212 - portable_sam_fusion - INFO - [DEBUG-JITTER] epoch=11 step=2950 area_ratio_count=64 area_ratio_mean=1 area_ratio_sum=64 fallback_count=0 mean_iou=1 num_jittered=0 num_rois=64
2026-07-30 21:47:33,212 - portable_sam_fusion - INFO - [DEBUG-SP] epoch=11 step=2950 all_invalid_count=0 all_invalid_ratio=0 empty_count=0 empty_ratio=0 full_count=0 full_ratio=0 mean_point_distance=22.46 n1_gt_valid_count=64 n1_in_gt_bg=0.8438 n1_in_gt_bg_count=54 n1_valid_count=64 n1_valid_ratio=1 n2_gt_valid_count=64 n2_in_gt_bg=1 n2_in_gt_bg_count=64 n2_valid_count=64 n2_valid_ratio=1 neg_in_pred_bg=1 neg_in_pred_bg_count=128 negative_pair_count=64 negative_pair_distance_sum=2081 p1_gt_valid_count=64 p1_in_gt_fg=1 p1_in_gt_fg_count=64 p1_valid_count=64 p1_valid_ratio=1 p2_gt_valid_count=64 p2_in_gt_fg=1 p2_in_gt_fg_count=64 p2_valid_count=64 p2_valid_ratio=1 point_distance_sum=2875 point_overlap_count=0 point_overlap_ratio=0 point_pair_count=128 pos_in_pred_fg=1 pos_in_pred_fg_count=128 positive_pair_count=64 positive_pair_distance_sum=793.9 roi_count=64 valid_neg_count=128 valid_pos_count=128 warmup_stage=2
2026-07-30 21:48:06,159 - portable_sam_fusion - INFO - epoch 11 | mini-batch 40/294 | optimizer_step 750/5920 | lr=4.848e-04
2026-07-30 21:48:27,494 - portable_sam_fusion - INFO - [DEBUG-BOX] epoch=11 step=3000 fallback_count=0 fallback_ratio=0 num_rois=64 refined_proposal_iou=0 refined_proposal_iou_sum=0 refined_valid_count=0
2026-07-30 21:48:27,494 - portable_sam_fusion - INFO - [DEBUG-COARSE] epoch=11 step=3000 bce_raw=0.1188 boundary_fn=1325 boundary_fp=1268 boundary_tp=2.537e+04 dice=0.06399 dice_loss_raw=0.06399 iou=0.8807 loss_weight=0.1 raw_boundary_fn=1325 raw_boundary_fp=1268 raw_boundary_tp=2.537e+04 raw_dice_score=0.936 raw_iou=0.8807 weighted_loss=0.01828
2026-07-30 21:48:27,494 - portable_sam_fusion - INFO - [DEBUG-CONTEXT] epoch=11 step=3000 enabled=0
2026-07-30 21:48:27,494 - portable_sam_fusion - INFO - [DEBUG-JITTER] epoch=11 step=3000 area_ratio_count=64 area_ratio_mean=1 area_ratio_sum=64 fallback_count=0 mean_iou=1 num_jittered=0 num_rois=64
2026-07-30 21:48:27,494 - portable_sam_fusion - INFO - [DEBUG-SP] epoch=11 step=3000 all_invalid_count=0 all_invalid_ratio=0 empty_count=0 empty_ratio=0 full_count=0 full_ratio=0 mean_point_distance=35.47 n1_gt_valid_count=64 n1_in_gt_bg=0.8906 n1_in_gt_bg_count=57 n1_valid_count=64 n1_valid_ratio=1 n2_gt_valid_count=64 n2_in_gt_bg=0.9844 n2_in_gt_bg_count=63 n2_valid_count=64 n2_valid_ratio=1 neg_in_pred_bg=1 neg_in_pred_bg_count=128 negative_pair_count=64 negative_pair_distance_sum=3407 p1_gt_valid_count=64 p1_in_gt_fg=1 p1_in_gt_fg_count=64 p1_valid_count=64 p1_valid_ratio=1 p2_gt_valid_count=64 p2_in_gt_fg=1 p2_in_gt_fg_count=64 p2_valid_count=64 p2_valid_ratio=1 point_distance_sum=4540 point_overlap_count=0 point_overlap_ratio=0 point_pair_count=128 pos_in_pred_fg=1 pos_in_pred_fg_count=128 positive_pair_count=64 positive_pair_distance_sum=1134 roi_count=64 valid_neg_count=128 valid_pos_count=128 warmup_stage=2
2026-07-30 21:49:22,279 - portable_sam_fusion - INFO - [DEBUG-BOX] epoch=11 step=3050 fallback_count=0 fallback_ratio=0 num_rois=64 refined_proposal_iou=0 refined_proposal_iou_sum=0 refined_valid_count=0
2026-07-30 21:49:22,279 - portable_sam_fusion - INFO - [DEBUG-COARSE] epoch=11 step=3050 bce_raw=0.1523 boundary_fn=2780 boundary_fp=2337 boundary_tp=2.283e+04 dice=0.06883 dice_loss_raw=0.06883 iou=0.873 loss_weight=0.1 raw_boundary_fn=2780 raw_boundary_fp=2337 raw_boundary_tp=2.283e+04 raw_dice_score=0.9312 raw_iou=0.873 weighted_loss=0.02211
2026-07-30 21:49:22,279 - portable_sam_fusion - INFO - [DEBUG-CONTEXT] epoch=11 step=3050 enabled=0
2026-07-30 21:49:22,279 - portable_sam_fusion - INFO - [DEBUG-JITTER] epoch=11 step=3050 area_ratio_count=64 area_ratio_mean=1 area_ratio_sum=64 fallback_count=0 mean_iou=1 num_jittered=0 num_rois=64
2026-07-30 21:49:22,279 - portable_sam_fusion - INFO - [DEBUG-SP] epoch=11 step=3050 all_invalid_count=0 all_invalid_ratio=0 empty_count=0 empty_ratio=0 full_count=1 full_ratio=0.01562 mean_point_distance=45.44 n1_gt_valid_count=63 n1_in_gt_bg=0.6667 n1_in_gt_bg_count=42 n1_valid_count=63 n1_valid_ratio=0.9844 n2_gt_valid_count=63 n2_in_gt_bg=1 n2_in_gt_bg_count=63 n2_valid_count=63 n2_valid_ratio=0.9844 neg_in_pred_bg=1 neg_in_pred_bg_count=126 negative_pair_count=63 negative_pair_distance_sum=3871 p1_gt_valid_count=64 p1_in_gt_fg=1 p1_in_gt_fg_count=64 p1_valid_count=64 p1_valid_ratio=1 p2_gt_valid_count=64 p2_in_gt_fg=1 p2_in_gt_fg_count=64 p2_valid_count=64 p2_valid_ratio=1 point_distance_sum=5770 point_overlap_count=0 point_overlap_ratio=0 point_pair_count=127 pos_in_pred_fg=1 pos_in_pred_fg_count=128 positive_pair_count=64 positive_pair_distance_sum=1900 roi_count=64 valid_neg_count=126 valid_pos_count=128 warmup_stage=2
2026-07-30 21:50:11,693 - portable_sam_fusion - INFO - [DEBUG-BOX] epoch=11 step=3100 fallback_count=0 fallback_ratio=0 num_rois=64 refined_proposal_iou=0 refined_proposal_iou_sum=0 refined_valid_count=0
2026-07-30 21:50:11,694 - portable_sam_fusion - INFO - [DEBUG-COARSE] epoch=11 step=3100 bce_raw=0.1818 boundary_fn=2676 boundary_fp=3618 boundary_tp=2.483e+04 dice=0.1064 dice_loss_raw=0.1064 iou=0.8143 loss_weight=0.1 raw_boundary_fn=2676 raw_boundary_fp=3618 raw_boundary_tp=2.483e+04 raw_dice_score=0.8936 raw_iou=0.8143 weighted_loss=0.02882
2026-07-30 21:50:11,694 - portable_sam_fusion - INFO - [DEBUG-CONTEXT] epoch=11 step=3100 enabled=0
2026-07-30 21:50:11,694 - portable_sam_fusion - INFO - [DEBUG-JITTER] epoch=11 step=3100 area_ratio_count=64 area_ratio_mean=1 area_ratio_sum=64 fallback_count=0 mean_iou=1 num_jittered=0 num_rois=64
2026-07-30 21:50:11,694 - portable_sam_fusion - INFO - [DEBUG-SP] epoch=11 step=3100 all_invalid_count=0 all_invalid_ratio=0 empty_count=0 empty_ratio=0 full_count=0 full_ratio=0 mean_point_distance=35.67 n1_gt_valid_count=64 n1_in_gt_bg=0.8125 n1_in_gt_bg_count=52 n1_valid_count=64 n1_valid_ratio=1 n2_gt_valid_count=64 n2_in_gt_bg=0.9688 n2_in_gt_bg_count=62 n2_valid_count=64 n2_valid_ratio=1 neg_in_pred_bg=1 neg_in_pred_bg_count=128 negative_pair_count=64 negative_pair_distance_sum=3380 p1_gt_valid_count=64 p1_in_gt_fg=0.9844 p1_in_gt_fg_count=63 p1_valid_count=64 p1_valid_ratio=1 p2_gt_valid_count=64 p2_in_gt_fg=0.9844 p2_in_gt_fg_count=63 p2_valid_count=64 p2_valid_ratio=1 point_distance_sum=4566 point_overlap_count=0 point_overlap_ratio=0 point_pair_count=128 pos_in_pred_fg=1 pos_in_pred_fg_count=128 positive_pair_count=64 positive_pair_distance_sum=1186 roi_count=64 valid_neg_count=128 valid_pos_count=128 warmup_stage=2
2026-07-30 21:51:06,076 - portable_sam_fusion - INFO - [DEBUG-BOX] epoch=11 step=3150 fallback_count=0 fallback_ratio=0 num_rois=64 refined_proposal_iou=0 refined_proposal_iou_sum=0 refined_valid_count=0
2026-07-30 21:51:06,076 - portable_sam_fusion - INFO - [DEBUG-COARSE] epoch=11 step=3150 bce_raw=0.1358 boundary_fn=1905 boundary_fp=1818 boundary_tp=2.243e+04 dice=0.06137 dice_loss_raw=0.06137 iou=0.8858 loss_weight=0.1 raw_boundary_fn=1905 raw_boundary_fp=1818 raw_boundary_tp=2.243e+04 raw_dice_score=0.9386 raw_iou=0.8858 weighted_loss=0.01972
2026-07-30 21:51:06,076 - portable_sam_fusion - INFO - [DEBUG-CONTEXT] epoch=11 step=3150 enabled=0
2026-07-30 21:51:06,076 - portable_sam_fusion - INFO - [DEBUG-JITTER] epoch=11 step=3150 area_ratio_count=64 area_ratio_mean=1 area_ratio_sum=64 fallback_count=0 mean_iou=1 num_jittered=0 num_rois=64
2026-07-30 21:51:06,076 - portable_sam_fusion - INFO - [DEBUG-SP] epoch=11 step=3150 all_invalid_count=0 all_invalid_ratio=0 empty_count=0 empty_ratio=0 full_count=0 full_ratio=0 mean_point_distance=39.62 n1_gt_valid_count=64 n1_in_gt_bg=0.8281 n1_in_gt_bg_count=53 n1_valid_count=64 n1_valid_ratio=1 n2_gt_valid_count=64 n2_in_gt_bg=1 n2_in_gt_bg_count=64 n2_valid_count=64 n2_valid_ratio=1 neg_in_pred_bg=1 neg_in_pred_bg_count=128 negative_pair_count=64 negative_pair_distance_sum=3629 p1_gt_valid_count=64 p1_in_gt_fg=1 p1_in_gt_fg_count=64 p1_valid_count=64 p1_valid_ratio=1 p2_gt_valid_count=64 p2_in_gt_fg=1 p2_in_gt_fg_count=64 p2_valid_count=64 p2_valid_ratio=1 point_distance_sum=5071 point_overlap_count=0 point_overlap_ratio=0 point_pair_count=128 pos_in_pred_fg=1 pos_in_pred_fg_count=128 positive_pair_count=64 positive_pair_distance_sum=1442 roi_count=64 valid_neg_count=128 valid_pos_count=128 warmup_stage=2
2026-07-30 21:51:37,277 - portable_sam_fusion - INFO - epoch 11 | mini-batch 240/294 | optimizer_step 800/5920 | lr=4.824e-04
2026-07-30 21:51:57,036 - portable_sam_fusion - INFO - [DEBUG-BOX] epoch=11 step=3200 fallback_count=0 fallback_ratio=0 num_rois=0 refined_proposal_iou=0 refined_proposal_iou_sum=0 refined_valid_count=0
2026-07-30 21:51:57,036 - portable_sam_fusion - INFO - [DEBUG-COARSE] epoch=11 step=3200 boundary_fn=0 boundary_fp=0 boundary_tp=0 dice=0 iou=0
2026-07-30 21:51:57,036 - portable_sam_fusion - INFO - [DEBUG-CONTEXT] epoch=11 step=3200 enabled=0
2026-07-30 21:51:57,036 - portable_sam_fusion - INFO - [DEBUG-JITTER] epoch=11 step=3200 area_ratio_count=0 area_ratio_mean=0 area_ratio_sum=0 fallback_count=0 mean_iou=0 num_jittered=0 num_rois=0
2026-07-30 21:51:57,036 - portable_sam_fusion - INFO - [DEBUG-SP] epoch=11 step=3200 all_invalid_count=0 all_invalid_ratio=0 empty_count=0 empty_ratio=0 full_count=0 full_ratio=0 mean_point_distance=34.28 n1_gt_valid_count=64 n1_in_gt_bg=1 n1_in_gt_bg_count=64 n1_valid_count=64 n1_valid_ratio=1 n2_gt_valid_count=64 n2_in_gt_bg=1 n2_in_gt_bg_count=64 n2_valid_count=64 n2_valid_ratio=1 neg_in_pred_bg=1 neg_in_pred_bg_count=128 negative_pair_count=64 negative_pair_distance_sum=3391 p1_gt_valid_count=64 p1_in_gt_fg=1 p1_in_gt_fg_count=64 p1_valid_count=64 p1_valid_ratio=1 p2_gt_valid_count=64 p2_in_gt_fg=1 p2_in_gt_fg_count=64 p2_valid_count=64 p2_valid_ratio=1 point_distance_sum=4388 point_overlap_count=0 point_overlap_ratio=0 point_pair_count=128 pos_in_pred_fg=1 pos_in_pred_fg_count=128 positive_pair_count=64 positive_pair_distance_sum=996.8 roi_count=64 valid_neg_count=128 valid_pos_count=128 warmup_stage=2
2026-07-30 21:52:34,941 - portable_sam_fusion - INFO - Epoch 11 detailed losses: loss_rpn_cls=0.0244, loss_rpn_bbox=0.0079, loss_cls=0.2219, acc=91.0699, loss_bbox=0.1003, loss_mask=0.0022, debug_mask_pos_rois=55.5850, debug_mask_logit_mean=-12.6612, debug_mask_logit_std=2.3104, debug_mask_prob_mean=0.0046, debug_mask_prob_ge05=0.0046, debug_mask_target_fill=0.0046, loss_shape_prior=0.0240, schedule/det_weight=1.0000
2026-07-30 21:52:34,941 - portable_sam_fusion - INFO - Epoch 11 primary loss shares: det=93.13% final_mask=0.57% shape=6.30% p2_boundary=0.00%
2026-07-30 21:52:34,941 - portable_sam_fusion - INFO - Epoch 11 schedule: det_loss_weight=1.000 early_stop_start=20 min_delta=0.0005
2026-07-30 21:52:34,941 - portable_sam_fusion - INFO - Epoch 11 learning rates: sat_backbone=4.82e-04, mask_decoder=4.82e-04, shape_prior=4.82e-04, quality_head=4.82e-04, sat_other=4.82e-04
2026-07-30 21:55:32,657 - portable_sam_fusion - INFO - Validation samples: GT=15926, DT=18650, avg_masks_per_image=29.74, avg_mask_fill=0.0068
creating index...
index created!
Loading and preparing results...
DONE (t=0.02s)
creating index...
index created!
Running per image evaluation...
Evaluate annotation type *bbox*
DONE (t=10.65s).
Accumulating evaluation results...
DONE (t=0.16s).
 Average Precision  (AP) @[ IoU=0.50:0.95 | area=   all | maxDets=100 ] = 0.639
 Average Precision  (AP) @[ IoU=0.50      | area=   all | maxDets=100 ] = 0.880
 Average Precision  (AP) @[ IoU=0.75      | area=   all | maxDets=100 ] = 0.784
 Average Precision  (AP) @[ IoU=0.50:0.95 | area= small | maxDets=100 ] = 0.257
 Average Precision  (AP) @[ IoU=0.50:0.95 | area=medium | maxDets=100 ] = 0.689
 Average Precision  (AP) @[ IoU=0.50:0.95 | area= large | maxDets=100 ] = 0.712
 Average Recall     (AR) @[ IoU=0.50:0.95 | area=   all | maxDets=  1 ] = 0.024
 Average Recall     (AR) @[ IoU=0.50:0.95 | area=   all | maxDets= 10 ] = 0.176
 Average Recall     (AR) @[ IoU=0.50:0.95 | area=   all | maxDets=100 ] = 0.699
 Average Recall     (AR) @[ IoU=0.50:0.95 | area= small | maxDets=100 ] = 0.377
 Average Recall     (AR) @[ IoU=0.50:0.95 | area=medium | maxDets=100 ] = 0.746
 Average Recall     (AR) @[ IoU=0.50:0.95 | area= large | maxDets=100 ] = 0.772
2026-07-30 21:55:44,101 - portable_sam_fusion - INFO - Validation bbox/mAP: 0.6390 bbox/mAP_75: 0.7844
Running per image evaluation...
Evaluate annotation type *segm*
DONE (t=10.90s).
Accumulating evaluation results...
DONE (t=0.17s).
 Average Precision  (AP) @[ IoU=0.50:0.95 | area=   all | maxDets=100 ] = 0.610
 Average Precision  (AP) @[ IoU=0.50      | area=   all | maxDets=100 ] = 0.873
 Average Precision  (AP) @[ IoU=0.75      | area=   all | maxDets=100 ] = 0.716
 Average Precision  (AP) @[ IoU=0.50:0.95 | area= small | maxDets=100 ] = 0.155
 Average Precision  (AP) @[ IoU=0.50:0.95 | area=medium | maxDets=100 ] = 0.642
 Average Precision  (AP) @[ IoU=0.50:0.95 | area= large | maxDets=100 ] = 0.776
 Average Recall     (AR) @[ IoU=0.50:0.95 | area=   all | maxDets=  1 ] = 0.025
 Average Recall     (AR) @[ IoU=0.50:0.95 | area=   all | maxDets= 10 ] = 0.177
 Average Recall     (AR) @[ IoU=0.50:0.95 | area=   all | maxDets=100 ] = 0.656
 Average Recall     (AR) @[ IoU=0.50:0.95 | area= small | maxDets=100 ] = 0.239
 Average Recall     (AR) @[ IoU=0.50:0.95 | area=medium | maxDets=100 ] = 0.689
 Average Recall     (AR) @[ IoU=0.50:0.95 | area= large | maxDets=100 ] = 0.824
2026-07-30 21:55:55,195 - portable_sam_fusion - INFO - Validation segm/mAP: 0.6097
2026-07-30 21:55:55,936 - portable_sam_fusion - INFO - Early-stop metric (segm/mAP): raw=0.6097 smooth(5)=0.5756; counter disabled before epoch 20
2026-07-30 21:56:00,877 - portable_sam_fusion - INFO - Epoch 11/80 | train=0.380621 val=disabled segm/mAP=0.6097 bbox/mAP=0.6390 | best_segm=0.6216 best_bbox=0.6392 best_comp=0.0000 | sat_backbone=4.82e-04 mask_decoder=4.82e-04 shape_prior=4.82e-04 quality_head=4.82e-04 sat_other=4.82e-04
2026-07-30 21:56:19,672 - portable_sam_fusion - INFO - [DEBUG-BOX] epoch=12 step=3250 fallback_count=0 fallback_ratio=0 num_rois=30 refined_proposal_iou=0 refined_proposal_iou_sum=0 refined_valid_count=0
2026-07-30 21:56:19,672 - portable_sam_fusion - INFO - [DEBUG-COARSE] epoch=12 step=3250 bce_raw=0.09948 boundary_fn=198 boundary_fp=177 boundary_tp=1.094e+04 dice=0.05645 dice_loss_raw=0.05645 iou=0.8934 loss_weight=0.1 raw_boundary_fn=198 raw_boundary_fp=177 raw_boundary_tp=1.094e+04 raw_dice_score=0.9436 raw_iou=0.8934 weighted_loss=0.01559
2026-07-30 21:56:19,672 - portable_sam_fusion - INFO - [DEBUG-CONTEXT] epoch=12 step=3250 enabled=0
2026-07-30 21:56:19,672 - portable_sam_fusion - INFO - [DEBUG-JITTER] epoch=12 step=3250 area_ratio_count=30 area_ratio_mean=1 area_ratio_sum=30 fallback_count=0 mean_iou=1 num_jittered=0 num_rois=30
2026-07-30 21:56:19,672 - portable_sam_fusion - INFO - [DEBUG-SP] epoch=12 step=3250 all_invalid_count=0 all_invalid_ratio=0 empty_count=0 empty_ratio=0 full_count=0 full_ratio=0 mean_point_distance=13.49 n1_gt_valid_count=30 n1_in_gt_bg=0.9667 n1_in_gt_bg_count=29 n1_valid_count=30 n1_valid_ratio=1 n2_gt_valid_count=30 n2_in_gt_bg=1 n2_in_gt_bg_count=30 n2_valid_count=30 n2_valid_ratio=1 neg_in_pred_bg=1 neg_in_pred_bg_count=60 negative_pair_count=30 negative_pair_distance_sum=641.7 p1_gt_valid_count=30 p1_in_gt_fg=1 p1_in_gt_fg_count=30 p1_valid_count=30 p1_valid_ratio=1 p2_gt_valid_count=30 p2_in_gt_fg=1 p2_in_gt_fg_count=30 p2_valid_count=30 p2_valid_ratio=1 point_distance_sum=809.2 point_overlap_count=0 point_overlap_ratio=0 point_pair_count=60 pos_in_pred_fg=1 pos_in_pred_fg_count=60 positive_pair_count=30 positive_pair_distance_sum=167.5 roi_count=30 valid_neg_count=60 valid_pos_count=60 warmup_stage=2
2026-07-30 21:57:11,073 - portable_sam_fusion - INFO - [DEBUG-BOX] epoch=12 step=3300 fallback_count=0 fallback_ratio=0 num_rois=64 refined_proposal_iou=0 refined_proposal_iou_sum=0 refined_valid_count=0
2026-07-30 21:57:11,073 - portable_sam_fusion - INFO - [DEBUG-COARSE] epoch=12 step=3300 bce_raw=0.1786 boundary_fn=3552 boundary_fp=2501 boundary_tp=2.487e+04 dice=0.0953 dice_loss_raw=0.0953 iou=0.8297 loss_weight=0.1 raw_boundary_fn=3552 raw_boundary_fp=2501 raw_boundary_tp=2.487e+04 raw_dice_score=0.9047 raw_iou=0.8297 weighted_loss=0.02739
2026-07-30 21:57:11,073 - portable_sam_fusion - INFO - [DEBUG-CONTEXT] epoch=12 step=3300 enabled=0
2026-07-30 21:57:11,073 - portable_sam_fusion - INFO - [DEBUG-JITTER] epoch=12 step=3300 area_ratio_count=64 area_ratio_mean=1 area_ratio_sum=64 fallback_count=0 mean_iou=1 num_jittered=0 num_rois=64
2026-07-30 21:57:11,073 - portable_sam_fusion - INFO - [DEBUG-SP] epoch=12 step=3300 all_invalid_count=0 all_invalid_ratio=0 empty_count=0 empty_ratio=0 full_count=0 full_ratio=0 mean_point_distance=37.26 n1_gt_valid_count=64 n1_in_gt_bg=0.6875 n1_in_gt_bg_count=44 n1_valid_count=64 n1_valid_ratio=1 n2_gt_valid_count=64 n2_in_gt_bg=1 n2_in_gt_bg_count=64 n2_valid_count=64 n2_valid_ratio=1 neg_in_pred_bg=1 neg_in_pred_bg_count=128 negative_pair_count=64 negative_pair_distance_sum=3806 p1_gt_valid_count=64 p1_in_gt_fg=1 p1_in_gt_fg_count=64 p1_valid_count=64 p1_valid_ratio=1 p2_gt_valid_count=64 p2_in_gt_fg=1 p2_in_gt_fg_count=64 p2_valid_count=64 p2_valid_ratio=1 point_distance_sum=4770 point_overlap_count=0 point_overlap_ratio=0 point_pair_count=128 pos_in_pred_fg=1 pos_in_pred_fg_count=128 positive_pair_count=64 positive_pair_distance_sum=963.9 roi_count=64 valid_neg_count=128 valid_pos_count=128 warmup_stage=2
2026-07-30 21:58:04,158 - portable_sam_fusion - INFO - [DEBUG-BOX] epoch=12 step=3350 fallback_count=0 fallback_ratio=0 num_rois=64 refined_proposal_iou=0 refined_proposal_iou_sum=0 refined_valid_count=0
2026-07-30 21:58:04,158 - portable_sam_fusion - INFO - [DEBUG-COARSE] epoch=12 step=3350 bce_raw=0.2026 boundary_fn=3042 boundary_fp=4274 boundary_tp=2.158e+04 dice=0.07615 dice_loss_raw=0.07615 iou=0.8618 loss_weight=0.1 raw_boundary_fn=3042 raw_boundary_fp=4274 raw_boundary_tp=2.158e+04 raw_dice_score=0.9238 raw_iou=0.8618 weighted_loss=0.02787
2026-07-30 21:58:04,159 - portable_sam_fusion - INFO - [DEBUG-CONTEXT] epoch=12 step=3350 enabled=0
2026-07-30 21:58:04,159 - portable_sam_fusion - INFO - [DEBUG-JITTER] epoch=12 step=3350 area_ratio_count=64 area_ratio_mean=1 area_ratio_sum=64 fallback_count=0 mean_iou=1 num_jittered=0 num_rois=64
2026-07-30 21:58:04,159 - portable_sam_fusion - INFO - [DEBUG-SP] epoch=12 step=3350 all_invalid_count=0 all_invalid_ratio=0 empty_count=0 empty_ratio=0 full_count=0 full_ratio=0 mean_point_distance=25.46 n1_gt_valid_count=64 n1_in_gt_bg=0.625 n1_in_gt_bg_count=40 n1_valid_count=64 n1_valid_ratio=1 n2_gt_valid_count=64 n2_in_gt_bg=0.9531 n2_in_gt_bg_count=61 n2_valid_count=64 n2_valid_ratio=1 neg_in_pred_bg=1 neg_in_pred_bg_count=128 negative_pair_count=64 negative_pair_distance_sum=2325 p1_gt_valid_count=64 p1_in_gt_fg=1 p1_in_gt_fg_count=64 p1_valid_count=64 p1_valid_ratio=1 p2_gt_valid_count=64 p2_in_gt_fg=1 p2_in_gt_fg_count=64 p2_valid_count=64 p2_valid_ratio=1 point_distance_sum=3259 point_overlap_count=0 point_overlap_ratio=0 point_pair_count=128 pos_in_pred_fg=1 pos_in_pred_fg_count=128 positive_pair_count=64 positive_pair_distance_sum=934.1 roi_count=64 valid_neg_count=128 valid_pos_count=128 warmup_stage=2
2026-07-30 21:58:34,328 - portable_sam_fusion - INFO - epoch 12 | mini-batch 144/294 | optimizer_step 850/5920 | lr=4.798e-04
2026-07-30 21:58:56,827 - portable_sam_fusion - INFO - [DEBUG-BOX] epoch=12 step=3400 fallback_count=0 fallback_ratio=0 num_rois=64 refined_proposal_iou=0 refined_proposal_iou_sum=0 refined_valid_count=0
2026-07-30 21:58:56,828 - portable_sam_fusion - INFO - [DEBUG-COARSE] epoch=12 step=3400 bce_raw=0.2164 boundary_fn=2926 boundary_fp=3287 boundary_tp=2.245e+04 dice=0.08367 dice_loss_raw=0.08367 iou=0.8535 loss_weight=0.1 raw_boundary_fn=2926 raw_boundary_fp=3287 raw_boundary_tp=2.245e+04 raw_dice_score=0.9163 raw_iou=0.8535 weighted_loss=0.03
2026-07-30 21:58:56,828 - portable_sam_fusion - INFO - [DEBUG-CONTEXT] epoch=12 step=3400 enabled=0
2026-07-30 21:58:56,828 - portable_sam_fusion - INFO - [DEBUG-JITTER] epoch=12 step=3400 area_ratio_count=64 area_ratio_mean=1 area_ratio_sum=64 fallback_count=0 mean_iou=1 num_jittered=0 num_rois=64
2026-07-30 21:58:56,828 - portable_sam_fusion - INFO - [DEBUG-SP] epoch=12 step=3400 all_invalid_count=0 all_invalid_ratio=0 empty_count=0 empty_ratio=0 full_count=0 full_ratio=0 mean_point_distance=27.73 n1_gt_valid_count=64 n1_in_gt_bg=0.75 n1_in_gt_bg_count=48 n1_valid_count=64 n1_valid_ratio=1 n2_gt_valid_count=64 n2_in_gt_bg=1 n2_in_gt_bg_count=64 n2_valid_count=64 n2_valid_ratio=1 neg_in_pred_bg=1 neg_in_pred_bg_count=128 negative_pair_count=64 negative_pair_distance_sum=2499 p1_gt_valid_count=64 p1_in_gt_fg=0.9844 p1_in_gt_fg_count=63 p1_valid_count=64 p1_valid_ratio=1 p2_gt_valid_count=64 p2_in_gt_fg=0.9375 p2_in_gt_fg_count=60 p2_valid_count=64 p2_valid_ratio=1 point_distance_sum=3550 point_overlap_count=0 point_overlap_ratio=0 point_pair_count=128 pos_in_pred_fg=1 pos_in_pred_fg_count=128 positive_pair_count=64 positive_pair_distance_sum=1051 roi_count=64 valid_neg_count=128 valid_pos_count=128 warmup_stage=2
2026-07-30 21:59:52,619 - portable_sam_fusion - INFO - [DEBUG-BOX] epoch=12 step=3450 fallback_count=0 fallback_ratio=0 num_rois=0 refined_proposal_iou=0 refined_proposal_iou_sum=0 refined_valid_count=0
2026-07-30 21:59:52,619 - portable_sam_fusion - INFO - [DEBUG-COARSE] epoch=12 step=3450 boundary_fn=0 boundary_fp=0 boundary_tp=0 dice=0 iou=0
2026-07-30 21:59:52,619 - portable_sam_fusion - INFO - [DEBUG-CONTEXT] epoch=12 step=3450 enabled=0
2026-07-30 21:59:52,620 - portable_sam_fusion - INFO - [DEBUG-JITTER] epoch=12 step=3450 area_ratio_count=0 area_ratio_mean=0 area_ratio_sum=0 fallback_count=0 mean_iou=0 num_jittered=0 num_rois=0
2026-07-30 21:59:52,620 - portable_sam_fusion - INFO - [DEBUG-SP] epoch=12 step=3450 all_invalid_count=0 all_invalid_ratio=0 empty_count=0 empty_ratio=0 full_count=3 full_ratio=0.04688 mean_point_distance=79.15 n1_gt_valid_count=61 n1_in_gt_bg=0.6066 n1_in_gt_bg_count=37 n1_valid_count=61 n1_valid_ratio=0.9531 n2_gt_valid_count=61 n2_in_gt_bg=0.918 n2_in_gt_bg_count=56 n2_valid_count=61 n2_valid_ratio=0.9531 neg_in_pred_bg=1 neg_in_pred_bg_count=122 negative_pair_count=61 negative_pair_distance_sum=7210 p1_gt_valid_count=64 p1_in_gt_fg=0.9844 p1_in_gt_fg_count=63 p1_valid_count=64 p1_valid_ratio=1 p2_gt_valid_count=64 p2_in_gt_fg=1 p2_in_gt_fg_count=64 p2_valid_count=64 p2_valid_ratio=1 point_distance_sum=9893 point_overlap_count=0 point_overlap_ratio=0 point_pair_count=125 pos_in_pred_fg=1 pos_in_pred_fg_count=128 positive_pair_count=64 positive_pair_distance_sum=2683 roi_count=64 valid_neg_count=122 valid_pos_count=128 warmup_stage=2
2026-07-30 22:00:46,409 - portable_sam_fusion - INFO - [DEBUG-BOX] epoch=12 step=3500 fallback_count=0 fallback_ratio=0 num_rois=64 refined_proposal_iou=0 refined_proposal_iou_sum=0 refined_valid_count=0
2026-07-30 22:00:46,410 - portable_sam_fusion - INFO - [DEBUG-COARSE] epoch=12 step=3500 bce_raw=0.2415 boundary_fn=4026 boundary_fp=4962 boundary_tp=2.371e+04 dice=0.1037 dice_loss_raw=0.1037 iou=0.8187 loss_weight=0.1 raw_boundary_fn=4026 raw_boundary_fp=4962 raw_boundary_tp=2.371e+04 raw_dice_score=0.8963 raw_iou=0.8187 weighted_loss=0.03452
2026-07-30 22:00:46,410 - portable_sam_fusion - INFO - [DEBUG-CONTEXT] epoch=12 step=3500 enabled=0
2026-07-30 22:00:46,410 - portable_sam_fusion - INFO - [DEBUG-JITTER] epoch=12 step=3500 area_ratio_count=64 area_ratio_mean=1 area_ratio_sum=64 fallback_count=0 mean_iou=1 num_jittered=0 num_rois=64
2026-07-30 22:00:46,410 - portable_sam_fusion - INFO - [DEBUG-SP] epoch=12 step=3500 all_invalid_count=0 all_invalid_ratio=0 empty_count=0 empty_ratio=0 full_count=0 full_ratio=0 mean_point_distance=35.22 n1_gt_valid_count=64 n1_in_gt_bg=0.8906 n1_in_gt_bg_count=57 n1_valid_count=64 n1_valid_ratio=1 n2_gt_valid_count=64 n2_in_gt_bg=1 n2_in_gt_bg_count=64 n2_valid_count=64 n2_valid_ratio=1 neg_in_pred_bg=1 neg_in_pred_bg_count=128 negative_pair_count=64 negative_pair_distance_sum=3377 p1_gt_valid_count=64 p1_in_gt_fg=1 p1_in_gt_fg_count=64 p1_valid_count=64 p1_valid_ratio=1 p2_gt_valid_count=64 p2_in_gt_fg=1 p2_in_gt_fg_count=64 p2_valid_count=64 p2_valid_ratio=1 point_distance_sum=4509 point_overlap_count=0 point_overlap_ratio=0 point_pair_count=128 pos_in_pred_fg=1 pos_in_pred_fg_count=128 positive_pair_count=64 positive_pair_distance_sum=1132 roi_count=64 valid_neg_count=128 valid_pos_count=128 warmup_stage=2
2026-07-30 22:01:15,309 - portable_sam_fusion - INFO - Epoch 12 detailed losses: loss_rpn_cls=0.0227, loss_rpn_bbox=0.0074, loss_cls=0.2268, acc=90.9145, loss_bbox=0.0999, loss_mask=0.0020, debug_mask_pos_rois=56.1088, debug_mask_logit_mean=-13.3900, debug_mask_logit_std=2.4118, debug_mask_prob_mean=0.0053, debug_mask_prob_ge05=0.0053, debug_mask_target_fill=0.0053, loss_shape_prior=0.0245, schedule/det_weight=1.0000
2026-07-30 22:01:15,309 - portable_sam_fusion - INFO - Epoch 12 primary loss shares: det=93.09% final_mask=0.51% shape=6.40% p2_boundary=0.00%
2026-07-30 22:01:15,309 - portable_sam_fusion - INFO - Epoch 12 schedule: det_loss_weight=1.000 early_stop_start=20 min_delta=0.0005
2026-07-30 22:01:15,309 - portable_sam_fusion - INFO - Epoch 12 learning rates: sat_backbone=4.78e-04, mask_decoder=4.78e-04, shape_prior=4.78e-04, quality_head=4.78e-04, sat_other=4.78e-04
2026-07-30 22:04:10,566 - portable_sam_fusion - INFO - Validation samples: GT=15926, DT=17728, avg_masks_per_image=28.27, avg_mask_fill=0.0055
creating index...
index created!
Loading and preparing results...
DONE (t=0.02s)
creating index...
index created!
Running per image evaluation...
Evaluate annotation type *bbox*
DONE (t=10.51s).
Accumulating evaluation results...
DONE (t=0.16s).
 Average Precision  (AP) @[ IoU=0.50:0.95 | area=   all | maxDets=100 ] = 0.668
 Average Precision  (AP) @[ IoU=0.50      | area=   all | maxDets=100 ] = 0.886
 Average Precision  (AP) @[ IoU=0.75      | area=   all | maxDets=100 ] = 0.793
 Average Precision  (AP) @[ IoU=0.50:0.95 | area= small | maxDets=100 ] = 0.298
 Average Precision  (AP) @[ IoU=0.50:0.95 | area=medium | maxDets=100 ] = 0.711
 Average Precision  (AP) @[ IoU=0.50:0.95 | area= large | maxDets=100 ] = 0.744
 Average Recall     (AR) @[ IoU=0.50:0.95 | area=   all | maxDets=  1 ] = 0.025
 Average Recall     (AR) @[ IoU=0.50:0.95 | area=   all | maxDets= 10 ] = 0.183
 Average Recall     (AR) @[ IoU=0.50:0.95 | area=   all | maxDets=100 ] = 0.716
 Average Recall     (AR) @[ IoU=0.50:0.95 | area= small | maxDets=100 ] = 0.414
 Average Recall     (AR) @[ IoU=0.50:0.95 | area=medium | maxDets=100 ] = 0.756
 Average Recall     (AR) @[ IoU=0.50:0.95 | area= large | maxDets=100 ] = 0.794
2026-07-30 22:04:21,867 - portable_sam_fusion - INFO - Validation bbox/mAP: 0.6678 bbox/mAP_75: 0.7927
Running per image evaluation...
Evaluate annotation type *segm*
DONE (t=10.78s).
Accumulating evaluation results...
DONE (t=0.16s).
 Average Precision  (AP) @[ IoU=0.50:0.95 | area=   all | maxDets=100 ] = 0.613
 Average Precision  (AP) @[ IoU=0.50      | area=   all | maxDets=100 ] = 0.877
 Average Precision  (AP) @[ IoU=0.75      | area=   all | maxDets=100 ] = 0.721
 Average Precision  (AP) @[ IoU=0.50:0.95 | area= small | maxDets=100 ] = 0.187
 Average Precision  (AP) @[ IoU=0.50:0.95 | area=medium | maxDets=100 ] = 0.643
 Average Precision  (AP) @[ IoU=0.50:0.95 | area= large | maxDets=100 ] = 0.764
 Average Recall     (AR) @[ IoU=0.50:0.95 | area=   all | maxDets=  1 ] = 0.025
 Average Recall     (AR) @[ IoU=0.50:0.95 | area=   all | maxDets= 10 ] = 0.175
 Average Recall     (AR) @[ IoU=0.50:0.95 | area=   all | maxDets=100 ] = 0.654
 Average Recall     (AR) @[ IoU=0.50:0.95 | area= small | maxDets=100 ] = 0.276
 Average Recall     (AR) @[ IoU=0.50:0.95 | area=medium | maxDets=100 ] = 0.684
 Average Recall     (AR) @[ IoU=0.50:0.95 | area= large | maxDets=100 ] = 0.809
2026-07-30 22:04:32,835 - portable_sam_fusion - INFO - Validation segm/mAP: 0.6127
2026-07-30 22:04:33,353 - portable_sam_fusion - INFO - New best bbox/mAP: 0.6678
2026-07-30 22:04:33,354 - portable_sam_fusion - INFO - Early-stop metric (segm/mAP): raw=0.6127 smooth(5)=0.5756; counter disabled before epoch 20
2026-07-30 22:04:35,733 - portable_sam_fusion - INFO - Saved best_bbox_model with bbox/mAP: 0.6678
2026-07-30 22:04:41,042 - portable_sam_fusion - INFO - Epoch 12/80 | train=0.383203 val=disabled segm/mAP=0.6127 bbox/mAP=0.6678 | best_segm=0.6216 best_bbox=0.6678 best_comp=0.0000 | sat_backbone=4.78e-04 mask_decoder=4.78e-04 shape_prior=4.78e-04 quality_head=4.78e-04 sat_other=4.78e-04
2026-07-30 22:05:05,811 - portable_sam_fusion - INFO - [DEBUG-BOX] epoch=13 step=3550 fallback_count=0 fallback_ratio=0 num_rois=64 refined_proposal_iou=0 refined_proposal_iou_sum=0 refined_valid_count=0
2026-07-30 22:05:05,811 - portable_sam_fusion - INFO - [DEBUG-COARSE] epoch=13 step=3550 bce_raw=0.1802 boundary_fn=3514 boundary_fp=2647 boundary_tp=2.307e+04 dice=0.08707 dice_loss_raw=0.08707 iou=0.8428 loss_weight=0.1 raw_boundary_fn=3514 raw_boundary_fp=2647 raw_boundary_tp=2.307e+04 raw_dice_score=0.9129 raw_iou=0.8428 weighted_loss=0.02672
2026-07-30 22:05:05,811 - portable_sam_fusion - INFO - [DEBUG-CONTEXT] epoch=13 step=3550 enabled=0
2026-07-30 22:05:05,811 - portable_sam_fusion - INFO - [DEBUG-JITTER] epoch=13 step=3550 area_ratio_count=64 area_ratio_mean=1 area_ratio_sum=64 fallback_count=0 mean_iou=1 num_jittered=0 num_rois=64
2026-07-30 22:05:05,811 - portable_sam_fusion - INFO - [DEBUG-SP] epoch=13 step=3550 all_invalid_count=0 all_invalid_ratio=0 empty_count=0 empty_ratio=0 full_count=0 full_ratio=0 mean_point_distance=34.02 n1_gt_valid_count=64 n1_in_gt_bg=0.8125 n1_in_gt_bg_count=52 n1_valid_count=64 n1_valid_ratio=1 n2_gt_valid_count=64 n2_in_gt_bg=0.9688 n2_in_gt_bg_count=62 n2_valid_count=64 n2_valid_ratio=1 neg_in_pred_bg=1 neg_in_pred_bg_count=128 negative_pair_count=64 negative_pair_distance_sum=3291 p1_gt_valid_count=64 p1_in_gt_fg=1 p1_in_gt_fg_count=64 p1_valid_count=64 p1_valid_ratio=1 p2_gt_valid_count=64 p2_in_gt_fg=1 p2_in_gt_fg_count=64 p2_valid_count=64 p2_valid_ratio=1 point_distance_sum=4354 point_overlap_count=0 point_overlap_ratio=0 point_pair_count=128 pos_in_pred_fg=1 pos_in_pred_fg_count=128 positive_pair_count=64 positive_pair_distance_sum=1063 roi_count=64 valid_neg_count=128 valid_pos_count=128 warmup_stage=2
2026-07-30 22:05:34,077 - portable_sam_fusion - INFO - epoch 13 | mini-batch 48/294 | optimizer_step 900/5920 | lr=4.771e-04
2026-07-30 22:06:00,647 - portable_sam_fusion - INFO - [DEBUG-BOX] epoch=13 step=3600 fallback_count=0 fallback_ratio=0 num_rois=64 refined_proposal_iou=0 refined_proposal_iou_sum=0 refined_valid_count=0
2026-07-30 22:06:00,647 - portable_sam_fusion - INFO - [DEBUG-COARSE] epoch=13 step=3600 bce_raw=0.191 boundary_fn=2707 boundary_fp=3166 boundary_tp=2.357e+04 dice=0.08007 dice_loss_raw=0.08007 iou=0.8538 loss_weight=0.1 raw_boundary_fn=2707 raw_boundary_fp=3166 raw_boundary_tp=2.357e+04 raw_dice_score=0.9199 raw_iou=0.8538 weighted_loss=0.02711
2026-07-30 22:06:00,647 - portable_sam_fusion - INFO - [DEBUG-CONTEXT] epoch=13 step=3600 enabled=0
2026-07-30 22:06:00,647 - portable_sam_fusion - INFO - [DEBUG-JITTER] epoch=13 step=3600 area_ratio_count=64 area_ratio_mean=1 area_ratio_sum=64 fallback_count=0 mean_iou=1 num_jittered=0 num_rois=64
2026-07-30 22:06:00,647 - portable_sam_fusion - INFO - [DEBUG-SP] epoch=13 step=3600 all_invalid_count=0 all_invalid_ratio=0 empty_count=0 empty_ratio=0 full_count=0 full_ratio=0 mean_point_distance=26.14 n1_gt_valid_count=64 n1_in_gt_bg=0.7656 n1_in_gt_bg_count=49 n1_valid_count=64 n1_valid_ratio=1 n2_gt_valid_count=64 n2_in_gt_bg=0.9844 n2_in_gt_bg_count=63 n2_valid_count=64 n2_valid_ratio=1 neg_in_pred_bg=1 neg_in_pred_bg_count=128 negative_pair_count=64 negative_pair_distance_sum=2548 p1_gt_valid_count=64 p1_in_gt_fg=1 p1_in_gt_fg_count=64 p1_valid_count=64 p1_valid_ratio=1 p2_gt_valid_count=64 p2_in_gt_fg=1 p2_in_gt_fg_count=64 p2_valid_count=64 p2_valid_ratio=1 point_distance_sum=3346 point_overlap_count=0 point_overlap_ratio=0 point_pair_count=128 pos_in_pred_fg=1 pos_in_pred_fg_count=128 positive_pair_count=64 positive_pair_distance_sum=798.2 roi_count=64 valid_neg_count=128 valid_pos_count=128 warmup_stage=2
2026-07-30 22:06:54,316 - portable_sam_fusion - INFO - [DEBUG-BOX] epoch=13 step=3650 fallback_count=0 fallback_ratio=0 num_rois=64 refined_proposal_iou=0 refined_proposal_iou_sum=0 refined_valid_count=0
2026-07-30 22:06:54,316 - portable_sam_fusion - INFO - [DEBUG-COARSE] epoch=13 step=3650 bce_raw=0.202 boundary_fn=3873 boundary_fp=4659 boundary_tp=2.375e+04 dice=0.1113 dice_loss_raw=0.1113 iou=0.8073 loss_weight=0.1 raw_boundary_fn=3873 raw_boundary_fp=4659 raw_boundary_tp=2.375e+04 raw_dice_score=0.8887 raw_iou=0.8073 weighted_loss=0.03134
2026-07-30 22:06:54,316 - portable_sam_fusion - INFO - [DEBUG-CONTEXT] epoch=13 step=3650 enabled=0
2026-07-30 22:06:54,316 - portable_sam_fusion - INFO - [DEBUG-JITTER] epoch=13 step=3650 area_ratio_count=64 area_ratio_mean=1 area_ratio_sum=64 fallback_count=0 mean_iou=1 num_jittered=0 num_rois=64
2026-07-30 22:06:54,316 - portable_sam_fusion - INFO - [DEBUG-SP] epoch=13 step=3650 all_invalid_count=0 all_invalid_ratio=0 empty_count=0 empty_ratio=0 full_count=0 full_ratio=0 mean_point_distance=26.93 n1_gt_valid_count=64 n1_in_gt_bg=0.9062 n1_in_gt_bg_count=58 n1_valid_count=64 n1_valid_ratio=1 n2_gt_valid_count=64 n2_in_gt_bg=1 n2_in_gt_bg_count=64 n2_valid_count=64 n2_valid_ratio=1 neg_in_pred_bg=1 neg_in_pred_bg_count=128 negative_pair_count=64 negative_pair_distance_sum=2618 p1_gt_valid_count=64 p1_in_gt_fg=1 p1_in_gt_fg_count=64 p1_valid_count=64 p1_valid_ratio=1 p2_gt_valid_count=64 p2_in_gt_fg=1 p2_in_gt_fg_count=64 p2_valid_count=64 p2_valid_ratio=1 point_distance_sum=3447 point_overlap_count=0 point_overlap_ratio=0 point_pair_count=128 pos_in_pred_fg=1 pos_in_pred_fg_count=128 positive_pair_count=64 positive_pair_distance_sum=828.7 roi_count=64 valid_neg_count=128 valid_pos_count=128 warmup_stage=2
2026-07-30 22:07:41,281 - portable_sam_fusion - INFO - [DEBUG-BOX] epoch=13 step=3700 fallback_count=0 fallback_ratio=0 num_rois=0 refined_proposal_iou=0 refined_proposal_iou_sum=0 refined_valid_count=0
2026-07-30 22:07:41,281 - portable_sam_fusion - INFO - [DEBUG-COARSE] epoch=13 step=3700 boundary_fn=0 boundary_fp=0 boundary_tp=0 dice=0 iou=0
2026-07-30 22:07:41,281 - portable_sam_fusion - INFO - [DEBUG-CONTEXT] epoch=13 step=3700 enabled=0
2026-07-30 22:07:41,281 - portable_sam_fusion - INFO - [DEBUG-JITTER] epoch=13 step=3700 area_ratio_count=0 area_ratio_mean=0 area_ratio_sum=0 fallback_count=0 mean_iou=0 num_jittered=0 num_rois=0
2026-07-30 22:07:41,281 - portable_sam_fusion - INFO - [DEBUG-SP] epoch=13 step=3700 all_invalid_count=0 all_invalid_ratio=0 empty_count=0 empty_ratio=0 full_count=0 full_ratio=0 mean_point_distance=24.94 n1_gt_valid_count=64 n1_in_gt_bg=0.7969 n1_in_gt_bg_count=51 n1_valid_count=64 n1_valid_ratio=1 n2_gt_valid_count=64 n2_in_gt_bg=1 n2_in_gt_bg_count=64 n2_valid_count=64 n2_valid_ratio=1 neg_in_pred_bg=1 neg_in_pred_bg_count=128 negative_pair_count=64 negative_pair_distance_sum=2406 p1_gt_valid_count=64 p1_in_gt_fg=1 p1_in_gt_fg_count=64 p1_valid_count=64 p1_valid_ratio=1 p2_gt_valid_count=64 p2_in_gt_fg=1 p2_in_gt_fg_count=64 p2_valid_count=64 p2_valid_ratio=1 point_distance_sum=3193 point_overlap_count=0 point_overlap_ratio=0 point_pair_count=128 pos_in_pred_fg=1 pos_in_pred_fg_count=128 positive_pair_count=64 positive_pair_distance_sum=787.1 roi_count=64 valid_neg_count=128 valid_pos_count=128 warmup_stage=2
2026-07-30 22:08:35,425 - portable_sam_fusion - INFO - [DEBUG-BOX] epoch=13 step=3750 fallback_count=0 fallback_ratio=0 num_rois=64 refined_proposal_iou=0 refined_proposal_iou_sum=0 refined_valid_count=0
2026-07-30 22:08:35,426 - portable_sam_fusion - INFO - [DEBUG-COARSE] epoch=13 step=3750 bce_raw=0.1929 boundary_fn=3191 boundary_fp=3031 boundary_tp=2.481e+04 dice=0.098 dice_loss_raw=0.098 iou=0.8256 loss_weight=0.1 raw_boundary_fn=3191 raw_boundary_fp=3031 raw_boundary_tp=2.481e+04 raw_dice_score=0.902 raw_iou=0.8256 weighted_loss=0.02909
2026-07-30 22:08:35,426 - portable_sam_fusion - INFO - [DEBUG-CONTEXT] epoch=13 step=3750 enabled=0
2026-07-30 22:08:35,426 - portable_sam_fusion - INFO - [DEBUG-JITTER] epoch=13 step=3750 area_ratio_count=64 area_ratio_mean=1 area_ratio_sum=64 fallback_count=0 mean_iou=1 num_jittered=0 num_rois=64
2026-07-30 22:08:35,426 - portable_sam_fusion - INFO - [DEBUG-SP] epoch=13 step=3750 all_invalid_count=0 all_invalid_ratio=0 empty_count=0 empty_ratio=0 full_count=0 full_ratio=0 mean_point_distance=35.98 n1_gt_valid_count=64 n1_in_gt_bg=0.8125 n1_in_gt_bg_count=52 n1_valid_count=64 n1_valid_ratio=1 n2_gt_valid_count=64 n2_in_gt_bg=1 n2_in_gt_bg_count=64 n2_valid_count=64 n2_valid_ratio=1 neg_in_pred_bg=1 neg_in_pred_bg_count=128 negative_pair_count=64 negative_pair_distance_sum=3254 p1_gt_valid_count=64 p1_in_gt_fg=0.9688 p1_in_gt_fg_count=62 p1_valid_count=64 p1_valid_ratio=1 p2_gt_valid_count=64 p2_in_gt_fg=1 p2_in_gt_fg_count=64 p2_valid_count=64 p2_valid_ratio=1 point_distance_sum=4606 point_overlap_count=0 point_overlap_ratio=0 point_pair_count=128 pos_in_pred_fg=1 pos_in_pred_fg_count=128 positive_pair_count=64 positive_pair_distance_sum=1352 roi_count=64 valid_neg_count=128 valid_pos_count=128 warmup_stage=2
2026-07-30 22:09:03,620 - portable_sam_fusion - INFO - epoch 13 | mini-batch 248/294 | optimizer_step 950/5920 | lr=4.742e-04
2026-07-30 22:09:28,217 - portable_sam_fusion - INFO - [DEBUG-BOX] epoch=13 step=3800 fallback_count=0 fallback_ratio=0 num_rois=64 refined_proposal_iou=0 refined_proposal_iou_sum=0 refined_valid_count=0
2026-07-30 22:09:28,217 - portable_sam_fusion - INFO - [DEBUG-COARSE] epoch=13 step=3800 bce_raw=0.1439 boundary_fn=2300 boundary_fp=3515 boundary_tp=2.114e+04 dice=0.06387 dice_loss_raw=0.06387 iou=0.8809 loss_weight=0.1 raw_boundary_fn=2300 raw_boundary_fp=3515 raw_boundary_tp=2.114e+04 raw_dice_score=0.9361 raw_iou=0.8809 weighted_loss=0.02078
2026-07-30 22:09:28,217 - portable_sam_fusion - INFO - [DEBUG-CONTEXT] epoch=13 step=3800 enabled=0
2026-07-30 22:09:28,217 - portable_sam_fusion - INFO - [DEBUG-JITTER] epoch=13 step=3800 area_ratio_count=64 area_ratio_mean=1 area_ratio_sum=64 fallback_count=0 mean_iou=1 num_jittered=0 num_rois=64
2026-07-30 22:09:28,217 - portable_sam_fusion - INFO - [DEBUG-SP] epoch=13 step=3800 all_invalid_count=0 all_invalid_ratio=0 empty_count=0 empty_ratio=0 full_count=0 full_ratio=0 mean_point_distance=35.97 n1_gt_valid_count=64 n1_in_gt_bg=0.7656 n1_in_gt_bg_count=49 n1_valid_count=64 n1_valid_ratio=1 n2_gt_valid_count=64 n2_in_gt_bg=0.9844 n2_in_gt_bg_count=63 n2_valid_count=64 n2_valid_ratio=1 neg_in_pred_bg=1 neg_in_pred_bg_count=128 negative_pair_count=64 negative_pair_distance_sum=3465 p1_gt_valid_count=64 p1_in_gt_fg=1 p1_in_gt_fg_count=64 p1_valid_count=64 p1_valid_ratio=1 p2_gt_valid_count=64 p2_in_gt_fg=1 p2_in_gt_fg_count=64 p2_valid_count=64 p2_valid_ratio=1 point_distance_sum=4604 point_overlap_count=0 point_overlap_ratio=0 point_pair_count=128 pos_in_pred_fg=1 pos_in_pred_fg_count=128 positive_pair_count=64 positive_pair_distance_sum=1139 roi_count=64 valid_neg_count=128 valid_pos_count=128 warmup_stage=2
2026-07-30 22:09:49,860 - portable_sam_fusion - INFO - Epoch 13 detailed losses: loss_rpn_cls=0.0234, loss_rpn_bbox=0.0082, loss_cls=0.2296, acc=90.7029, loss_bbox=0.0979, loss_mask=0.0015, schedule/det_weight=1.0000, debug_mask_pos_rois=57.5578, debug_mask_logit_mean=-15.5505, debug_mask_logit_std=2.9330, debug_mask_prob_mean=0.0052, debug_mask_prob_ge05=0.0052, debug_mask_target_fill=0.0052, loss_shape_prior=0.0250
2026-07-30 22:09:49,860 - portable_sam_fusion - INFO - Epoch 13 primary loss shares: det=93.11% final_mask=0.40% shape=6.48% p2_boundary=0.00%
2026-07-30 22:09:49,860 - portable_sam_fusion - INFO - Epoch 13 schedule: det_loss_weight=1.000 early_stop_start=20 min_delta=0.0005
2026-07-30 22:09:49,860 - portable_sam_fusion - INFO - Epoch 13 learning rates: sat_backbone=4.73e-04, mask_decoder=4.73e-04, shape_prior=4.73e-04, quality_head=4.73e-04, sat_other=4.73e-04
2026-07-30 22:12:36,909 - portable_sam_fusion - INFO - Validation samples: GT=15926, DT=17746, avg_masks_per_image=28.30, avg_mask_fill=0.0061
creating index...
index created!
Loading and preparing results...
DONE (t=0.02s)
creating index...
index created!
Running per image evaluation...
Evaluate annotation type *bbox*
DONE (t=10.45s).
Accumulating evaluation results...
DONE (t=0.16s).
 Average Precision  (AP) @[ IoU=0.50:0.95 | area=   all | maxDets=100 ] = 0.620
 Average Precision  (AP) @[ IoU=0.50      | area=   all | maxDets=100 ] = 0.885
 Average Precision  (AP) @[ IoU=0.75      | area=   all | maxDets=100 ] = 0.756
 Average Precision  (AP) @[ IoU=0.50:0.95 | area= small | maxDets=100 ] = 0.253
 Average Precision  (AP) @[ IoU=0.50:0.95 | area=medium | maxDets=100 ] = 0.663
 Average Precision  (AP) @[ IoU=0.50:0.95 | area= large | maxDets=100 ] = 0.690
 Average Recall     (AR) @[ IoU=0.50:0.95 | area=   all | maxDets=  1 ] = 0.023
 Average Recall     (AR) @[ IoU=0.50:0.95 | area=   all | maxDets= 10 ] = 0.171
 Average Recall     (AR) @[ IoU=0.50:0.95 | area=   all | maxDets=100 ] = 0.683
 Average Recall     (AR) @[ IoU=0.50:0.95 | area= small | maxDets=100 ] = 0.376
 Average Recall     (AR) @[ IoU=0.50:0.95 | area=medium | maxDets=100 ] = 0.730
 Average Recall     (AR) @[ IoU=0.50:0.95 | area= large | maxDets=100 ] = 0.747
2026-07-30 22:12:47,693 - portable_sam_fusion - INFO - Validation bbox/mAP: 0.6204 bbox/mAP_75: 0.7558
Running per image evaluation...
Evaluate annotation type *segm*
DONE (t=10.65s).
Accumulating evaluation results...
DONE (t=0.16s).
 Average Precision  (AP) @[ IoU=0.50:0.95 | area=   all | maxDets=100 ] = 0.623
 Average Precision  (AP) @[ IoU=0.50      | area=   all | maxDets=100 ] = 0.878
 Average Precision  (AP) @[ IoU=0.75      | area=   all | maxDets=100 ] = 0.749
 Average Precision  (AP) @[ IoU=0.50:0.95 | area= small | maxDets=100 ] = 0.192
 Average Precision  (AP) @[ IoU=0.50:0.95 | area=medium | maxDets=100 ] = 0.648
 Average Precision  (AP) @[ IoU=0.50:0.95 | area= large | maxDets=100 ] = 0.784
 Average Recall     (AR) @[ IoU=0.50:0.95 | area=   all | maxDets=  1 ] = 0.025
 Average Recall     (AR) @[ IoU=0.50:0.95 | area=   all | maxDets= 10 ] = 0.179
 Average Recall     (AR) @[ IoU=0.50:0.95 | area=   all | maxDets=100 ] = 0.665
 Average Recall     (AR) @[ IoU=0.50:0.95 | area= small | maxDets=100 ] = 0.288
 Average Recall     (AR) @[ IoU=0.50:0.95 | area=medium | maxDets=100 ] = 0.694
 Average Recall     (AR) @[ IoU=0.50:0.95 | area= large | maxDets=100 ] = 0.821
2026-07-30 22:12:58,533 - portable_sam_fusion - INFO - Validation segm/mAP: 0.6230
2026-07-30 22:12:59,252 - portable_sam_fusion - INFO - New best segm/mAP: 0.6230
2026-07-30 22:12:59,252 - portable_sam_fusion - INFO - Early-stop metric (segm/mAP): raw=0.6230 smooth(5)=0.5801; counter disabled before epoch 20
2026-07-30 22:13:01,606 - portable_sam_fusion - INFO - Saved best_model with segm/mAP: 0.6230
2026-07-30 22:13:06,852 - portable_sam_fusion - INFO - Epoch 13/80 | train=0.385754 val=disabled segm/mAP=0.6230 bbox/mAP=0.6204 | best_segm=0.6230 best_bbox=0.6678 best_comp=0.0000 | sat_backbone=4.73e-04 mask_decoder=4.73e-04 shape_prior=4.73e-04 quality_head=4.73e-04 sat_other=4.73e-04
2026-07-30 22:13:37,725 - portable_sam_fusion - INFO - [DEBUG-BOX] epoch=14 step=3850 fallback_count=0 fallback_ratio=0 num_rois=64 refined_proposal_iou=0 refined_proposal_iou_sum=0 refined_valid_count=0
2026-07-30 22:13:37,725 - portable_sam_fusion - INFO - [DEBUG-COARSE] epoch=14 step=3850 bce_raw=0.1179 boundary_fn=2028 boundary_fp=2820 boundary_tp=2.032e+04 dice=0.05151 dice_loss_raw=0.05151 iou=0.9036 loss_weight=0.1 raw_boundary_fn=2028 raw_boundary_fp=2820 raw_boundary_tp=2.032e+04 raw_dice_score=0.9485 raw_iou=0.9036 weighted_loss=0.01694
2026-07-30 22:13:37,725 - portable_sam_fusion - INFO - [DEBUG-CONTEXT] epoch=14 step=3850 enabled=0
2026-07-30 22:13:37,725 - portable_sam_fusion - INFO - [DEBUG-JITTER] epoch=14 step=3850 area_ratio_count=64 area_ratio_mean=1 area_ratio_sum=64 fallback_count=0 mean_iou=1 num_jittered=0 num_rois=64
2026-07-30 22:13:37,725 - portable_sam_fusion - INFO - [DEBUG-SP] epoch=14 step=3850 all_invalid_count=0 all_invalid_ratio=0 empty_count=0 empty_ratio=0 full_count=1 full_ratio=0.01562 mean_point_distance=19.83 n1_gt_valid_count=63 n1_in_gt_bg=0.8889 n1_in_gt_bg_count=56 n1_valid_count=63 n1_valid_ratio=0.9844 n2_gt_valid_count=62 n2_in_gt_bg=1 n2_in_gt_bg_count=62 n2_valid_count=62 n2_valid_ratio=0.9688 neg_in_pred_bg=1 neg_in_pred_bg_count=125 negative_pair_count=62 negative_pair_distance_sum=1661 p1_gt_valid_count=64 p1_in_gt_fg=1 p1_in_gt_fg_count=64 p1_valid_count=64 p1_valid_ratio=1 p2_gt_valid_count=64 p2_in_gt_fg=1 p2_in_gt_fg_count=64 p2_valid_count=64 p2_valid_ratio=1 point_distance_sum=2498 point_overlap_count=0 point_overlap_ratio=0 point_pair_count=126 pos_in_pred_fg=1 pos_in_pred_fg_count=128 positive_pair_count=64 positive_pair_distance_sum=837.8 roi_count=64 valid_neg_count=125 valid_pos_count=128 warmup_stage=2
2026-07-30 22:14:31,328 - portable_sam_fusion - INFO - [DEBUG-BOX] epoch=14 step=3900 fallback_count=0 fallback_ratio=0 num_rois=64 refined_proposal_iou=0 refined_proposal_iou_sum=0 refined_valid_count=0
2026-07-30 22:14:31,328 - portable_sam_fusion - INFO - [DEBUG-COARSE] epoch=14 step=3900 bce_raw=0.1868 boundary_fn=3286 boundary_fp=3544 boundary_tp=2.237e+04 dice=0.07798 dice_loss_raw=0.07798 iou=0.8578 loss_weight=0.1 raw_boundary_fn=3286 raw_boundary_fp=3544 raw_boundary_tp=2.237e+04 raw_dice_score=0.922 raw_iou=0.8578 weighted_loss=0.02647
2026-07-30 22:14:31,328 - portable_sam_fusion - INFO - [DEBUG-CONTEXT] epoch=14 step=3900 enabled=0
2026-07-30 22:14:31,328 - portable_sam_fusion - INFO - [DEBUG-JITTER] epoch=14 step=3900 area_ratio_count=64 area_ratio_mean=1 area_ratio_sum=64 fallback_count=0 mean_iou=1 num_jittered=0 num_rois=64
2026-07-30 22:14:31,328 - portable_sam_fusion - INFO - [DEBUG-SP] epoch=14 step=3900 all_invalid_count=0 all_invalid_ratio=0 empty_count=0 empty_ratio=0 full_count=0 full_ratio=0 mean_point_distance=28.4 n1_gt_valid_count=64 n1_in_gt_bg=0.9531 n1_in_gt_bg_count=61 n1_valid_count=64 n1_valid_ratio=1 n2_gt_valid_count=64 n2_in_gt_bg=1 n2_in_gt_bg_count=64 n2_valid_count=64 n2_valid_ratio=1 neg_in_pred_bg=1 neg_in_pred_bg_count=128 negative_pair_count=64 negative_pair_distance_sum=2655 p1_gt_valid_count=64 p1_in_gt_fg=1 p1_in_gt_fg_count=64 p1_valid_count=64 p1_valid_ratio=1 p2_gt_valid_count=64 p2_in_gt_fg=1 p2_in_gt_fg_count=64 p2_valid_count=64 p2_valid_ratio=1 point_distance_sum=3636 point_overlap_count=0 point_overlap_ratio=0 point_pair_count=128 pos_in_pred_fg=1 pos_in_pred_fg_count=128 positive_pair_count=64 positive_pair_distance_sum=980.6 roi_count=64 valid_neg_count=128 valid_pos_count=128 warmup_stage=2
2026-07-30 22:15:24,326 - portable_sam_fusion - INFO - [DEBUG-BOX] epoch=14 step=3950 fallback_count=0 fallback_ratio=0 num_rois=64 refined_proposal_iou=0 refined_proposal_iou_sum=0 refined_valid_count=0
2026-07-30 22:15:24,326 - portable_sam_fusion - INFO - [DEBUG-COARSE] epoch=14 step=3950 bce_raw=0.1489 boundary_fn=1414 boundary_fp=1513 boundary_tp=2.423e+04 dice=0.0729 dice_loss_raw=0.0729 iou=0.8659 loss_weight=0.1 raw_boundary_fn=1414 raw_boundary_fp=1513 raw_boundary_tp=2.423e+04 raw_dice_score=0.9271 raw_iou=0.8659 weighted_loss=0.02218
2026-07-30 22:15:24,326 - portable_sam_fusion - INFO - [DEBUG-CONTEXT] epoch=14 step=3950 enabled=0
2026-07-30 22:15:24,326 - portable_sam_fusion - INFO - [DEBUG-JITTER] epoch=14 step=3950 area_ratio_count=64 area_ratio_mean=1 area_ratio_sum=64 fallback_count=0 mean_iou=1 num_jittered=0 num_rois=64
2026-07-30 22:15:24,326 - portable_sam_fusion - INFO - [DEBUG-SP] epoch=14 step=3950 all_invalid_count=0 all_invalid_ratio=0 empty_count=0 empty_ratio=0 full_count=2 full_ratio=0.03125 mean_point_distance=40.87 n1_gt_valid_count=62 n1_in_gt_bg=0.871 n1_in_gt_bg_count=54 n1_valid_count=62 n1_valid_ratio=0.9688 n2_gt_valid_count=62 n2_in_gt_bg=0.9839 n2_in_gt_bg_count=61 n2_valid_count=62 n2_valid_ratio=0.9688 neg_in_pred_bg=1 neg_in_pred_bg_count=124 negative_pair_count=62 negative_pair_distance_sum=3753 p1_gt_valid_count=64 p1_in_gt_fg=1 p1_in_gt_fg_count=64 p1_valid_count=64 p1_valid_ratio=1 p2_gt_valid_count=64 p2_in_gt_fg=1 p2_in_gt_fg_count=64 p2_valid_count=64 p2_valid_ratio=1 point_distance_sum=5150 point_overlap_count=0 point_overlap_ratio=0 point_pair_count=126 pos_in_pred_fg=1 pos_in_pred_fg_count=128 positive_pair_count=64 positive_pair_distance_sum=1398 roi_count=64 valid_neg_count=124 valid_pos_count=128 warmup_stage=2
2026-07-30 22:15:49,508 - portable_sam_fusion - INFO - epoch 14 | mini-batch 152/294 | optimizer_step 1000/5920 | lr=4.711e-04
2026-07-30 22:16:16,366 - portable_sam_fusion - INFO - [DEBUG-BOX] epoch=14 step=4000 fallback_count=0 fallback_ratio=0 num_rois=64 refined_proposal_iou=0 refined_proposal_iou_sum=0 refined_valid_count=0
2026-07-30 22:16:16,367 - portable_sam_fusion - INFO - [DEBUG-COARSE] epoch=14 step=4000 bce_raw=0.1404 boundary_fn=2181 boundary_fp=1502 boundary_tp=2.571e+04 dice=0.08049 dice_loss_raw=0.08049 iou=0.8539 loss_weight=0.1 raw_boundary_fn=2181 raw_boundary_fp=1502 raw_boundary_tp=2.571e+04 raw_dice_score=0.9195 raw_iou=0.8539 weighted_loss=0.02209
2026-07-30 22:16:16,367 - portable_sam_fusion - INFO - [DEBUG-CONTEXT] epoch=14 step=4000 enabled=0
2026-07-30 22:16:16,367 - portable_sam_fusion - INFO - [DEBUG-JITTER] epoch=14 step=4000 area_ratio_count=64 area_ratio_mean=1 area_ratio_sum=64 fallback_count=0 mean_iou=1 num_jittered=0 num_rois=64
2026-07-30 22:16:16,367 - portable_sam_fusion - INFO - [DEBUG-SP] epoch=14 step=4000 all_invalid_count=0 all_invalid_ratio=0 empty_count=0 empty_ratio=0 full_count=0 full_ratio=0 mean_point_distance=41.21 n1_gt_valid_count=64 n1_in_gt_bg=0.9219 n1_in_gt_bg_count=59 n1_valid_count=64 n1_valid_ratio=1 n2_gt_valid_count=64 n2_in_gt_bg=1 n2_in_gt_bg_count=64 n2_valid_count=64 n2_valid_ratio=1 neg_in_pred_bg=1 neg_in_pred_bg_count=128 negative_pair_count=64 negative_pair_distance_sum=4206 p1_gt_valid_count=64 p1_in_gt_fg=1 p1_in_gt_fg_count=64 p1_valid_count=64 p1_valid_ratio=1 p2_gt_valid_count=64 p2_in_gt_fg=1 p2_in_gt_fg_count=64 p2_valid_count=64 p2_valid_ratio=1 point_distance_sum=5275 point_overlap_count=0 point_overlap_ratio=0 point_pair_count=128 pos_in_pred_fg=1 pos_in_pred_fg_count=128 positive_pair_count=64 positive_pair_distance_sum=1070 roi_count=64 valid_neg_count=128 valid_pos_count=128 warmup_stage=2
2026-07-30 22:17:11,918 - portable_sam_fusion - INFO - [DEBUG-BOX] epoch=14 step=4050 fallback_count=0 fallback_ratio=0 num_rois=64 refined_proposal_iou=0 refined_proposal_iou_sum=0 refined_valid_count=0
2026-07-30 22:17:11,918 - portable_sam_fusion - INFO - [DEBUG-COARSE] epoch=14 step=4050 bce_raw=0.1499 boundary_fn=2237 boundary_fp=2043 boundary_tp=2.588e+04 dice=0.0828 dice_loss_raw=0.0828 iou=0.8511 loss_weight=0.1 raw_boundary_fn=2237 raw_boundary_fp=2043 raw_boundary_tp=2.588e+04 raw_dice_score=0.9172 raw_iou=0.8511 weighted_loss=0.02327
2026-07-30 22:17:11,918 - portable_sam_fusion - INFO - [DEBUG-CONTEXT] epoch=14 step=4050 enabled=0
2026-07-30 22:17:11,918 - portable_sam_fusion - INFO - [DEBUG-JITTER] epoch=14 step=4050 area_ratio_count=64 area_ratio_mean=1 area_ratio_sum=64 fallback_count=0 mean_iou=1 num_jittered=0 num_rois=64
2026-07-30 22:17:11,918 - portable_sam_fusion - INFO - [DEBUG-SP] epoch=14 step=4050 all_invalid_count=0 all_invalid_ratio=0 empty_count=0 empty_ratio=0 full_count=0 full_ratio=0 mean_point_distance=43.41 n1_gt_valid_count=64 n1_in_gt_bg=1 n1_in_gt_bg_count=64 n1_valid_count=64 n1_valid_ratio=1 n2_gt_valid_count=64 n2_in_gt_bg=1 n2_in_gt_bg_count=64 n2_valid_count=64 n2_valid_ratio=1 neg_in_pred_bg=1 neg_in_pred_bg_count=128 negative_pair_count=64 negative_pair_distance_sum=3844 p1_gt_valid_count=64 p1_in_gt_fg=1 p1_in_gt_fg_count=64 p1_valid_count=64 p1_valid_ratio=1 p2_gt_valid_count=64 p2_in_gt_fg=1 p2_in_gt_fg_count=64 p2_valid_count=64 p2_valid_ratio=1 point_distance_sum=5556 point_overlap_count=0 point_overlap_ratio=0 point_pair_count=128 pos_in_pred_fg=1 pos_in_pred_fg_count=128 positive_pair_count=64 positive_pair_distance_sum=1712 roi_count=64 valid_neg_count=128 valid_pos_count=128 warmup_stage=2
2026-07-30 22:18:07,306 - portable_sam_fusion - INFO - [DEBUG-BOX] epoch=14 step=4100 fallback_count=0 fallback_ratio=0 num_rois=0 refined_proposal_iou=0 refined_proposal_iou_sum=0 refined_valid_count=0
2026-07-30 22:18:07,306 - portable_sam_fusion - INFO - [DEBUG-COARSE] epoch=14 step=4100 boundary_fn=0 boundary_fp=0 boundary_tp=0 dice=0 iou=0
2026-07-30 22:18:07,306 - portable_sam_fusion - INFO - [DEBUG-CONTEXT] epoch=14 step=4100 enabled=0
2026-07-30 22:18:07,306 - portable_sam_fusion - INFO - [DEBUG-JITTER] epoch=14 step=4100 area_ratio_count=0 area_ratio_mean=0 area_ratio_sum=0 fallback_count=0 mean_iou=0 num_jittered=0 num_rois=0
2026-07-30 22:18:07,306 - portable_sam_fusion - INFO - [DEBUG-SP] epoch=14 step=4100 all_invalid_count=0 all_invalid_ratio=0 empty_count=0 empty_ratio=0 full_count=0 full_ratio=0 mean_point_distance=23.87 n1_gt_valid_count=64 n1_in_gt_bg=1 n1_in_gt_bg_count=64 n1_valid_count=64 n1_valid_ratio=1 n2_gt_valid_count=64 n2_in_gt_bg=1 n2_in_gt_bg_count=64 n2_valid_count=64 n2_valid_ratio=1 neg_in_pred_bg=1 neg_in_pred_bg_count=128 negative_pair_count=64 negative_pair_distance_sum=2148 p1_gt_valid_count=64 p1_in_gt_fg=1 p1_in_gt_fg_count=64 p1_valid_count=64 p1_valid_ratio=1 p2_gt_valid_count=64 p2_in_gt_fg=1 p2_in_gt_fg_count=64 p2_valid_count=64 p2_valid_ratio=1 point_distance_sum=3056 point_overlap_count=0 point_overlap_ratio=0 point_pair_count=128 pos_in_pred_fg=1 pos_in_pred_fg_count=128 positive_pair_count=64 positive_pair_distance_sum=907.8 roi_count=64 valid_neg_count=128 valid_pos_count=128 warmup_stage=2
2026-07-30 22:18:22,071 - portable_sam_fusion - INFO - Epoch 14 detailed losses: loss_rpn_cls=0.0190, loss_rpn_bbox=0.0066, loss_cls=0.2159, acc=91.3851, loss_bbox=0.0910, loss_mask=0.0014, debug_mask_pos_rois=55.6871, debug_mask_logit_mean=-15.2327, debug_mask_logit_std=2.7585, debug_mask_prob_mean=0.0046, debug_mask_prob_ge05=0.0045, debug_mask_target_fill=0.0046, loss_shape_prior=0.0237, schedule/det_weight=1.0000
2026-07-30 22:18:22,071 - portable_sam_fusion - INFO - Epoch 14 primary loss shares: det=92.98% final_mask=0.40% shape=6.62% p2_boundary=0.00%
2026-07-30 22:18:22,071 - portable_sam_fusion - INFO - Epoch 14 schedule: det_loss_weight=1.000 early_stop_start=20 min_delta=0.0005
2026-07-30 22:18:22,071 - portable_sam_fusion - INFO - Epoch 14 learning rates: sat_backbone=4.69e-04, mask_decoder=4.69e-04, shape_prior=4.69e-04, quality_head=4.69e-04, sat_other=4.69e-04
2026-07-30 22:21:12,153 - portable_sam_fusion - INFO - Validation samples: GT=15926, DT=17866, avg_masks_per_image=28.49, avg_mask_fill=0.0057
creating index...
index created!
Loading and preparing results...
DONE (t=0.02s)
creating index...
index created!
Running per image evaluation...
Evaluate annotation type *bbox*
DONE (t=10.48s).
Accumulating evaluation results...
DONE (t=0.16s).
 Average Precision  (AP) @[ IoU=0.50:0.95 | area=   all | maxDets=100 ] = 0.669
 Average Precision  (AP) @[ IoU=0.50      | area=   all | maxDets=100 ] = 0.892
 Average Precision  (AP) @[ IoU=0.75      | area=   all | maxDets=100 ] = 0.799
 Average Precision  (AP) @[ IoU=0.50:0.95 | area= small | maxDets=100 ] = 0.272
 Average Precision  (AP) @[ IoU=0.50:0.95 | area=medium | maxDets=100 ] = 0.717
 Average Precision  (AP) @[ IoU=0.50:0.95 | area= large | maxDets=100 ] = 0.737
 Average Recall     (AR) @[ IoU=0.50:0.95 | area=   all | maxDets=  1 ] = 0.025
 Average Recall     (AR) @[ IoU=0.50:0.95 | area=   all | maxDets= 10 ] = 0.184
 Average Recall     (AR) @[ IoU=0.50:0.95 | area=   all | maxDets=100 ] = 0.722
 Average Recall     (AR) @[ IoU=0.50:0.95 | area= small | maxDets=100 ] = 0.398
 Average Recall     (AR) @[ IoU=0.50:0.95 | area=medium | maxDets=100 ] = 0.775
 Average Recall     (AR) @[ IoU=0.50:0.95 | area= large | maxDets=100 ] = 0.782
2026-07-30 22:21:22,977 - portable_sam_fusion - INFO - Validation bbox/mAP: 0.6689 bbox/mAP_75: 0.7988
Running per image evaluation...
Evaluate annotation type *segm*
DONE (t=10.75s).
Accumulating evaluation results...
DONE (t=0.17s).
 Average Precision  (AP) @[ IoU=0.50:0.95 | area=   all | maxDets=100 ] = 0.614
 Average Precision  (AP) @[ IoU=0.50      | area=   all | maxDets=100 ] = 0.884
 Average Precision  (AP) @[ IoU=0.75      | area=   all | maxDets=100 ] = 0.728
 Average Precision  (AP) @[ IoU=0.50:0.95 | area= small | maxDets=100 ] = 0.189
 Average Precision  (AP) @[ IoU=0.50:0.95 | area=medium | maxDets=100 ] = 0.644
 Average Precision  (AP) @[ IoU=0.50:0.95 | area= large | maxDets=100 ] = 0.782
 Average Recall     (AR) @[ IoU=0.50:0.95 | area=   all | maxDets=  1 ] = 0.025
 Average Recall     (AR) @[ IoU=0.50:0.95 | area=   all | maxDets= 10 ] = 0.178
 Average Recall     (AR) @[ IoU=0.50:0.95 | area=   all | maxDets=100 ] = 0.665
 Average Recall     (AR) @[ IoU=0.50:0.95 | area= small | maxDets=100 ] = 0.287
 Average Recall     (AR) @[ IoU=0.50:0.95 | area=medium | maxDets=100 ] = 0.693
 Average Recall     (AR) @[ IoU=0.50:0.95 | area= large | maxDets=100 ] = 0.823
2026-07-30 22:21:33,920 - portable_sam_fusion - INFO - Validation segm/mAP: 0.6140
2026-07-30 22:21:34,464 - portable_sam_fusion - INFO - New best bbox/mAP: 0.6689
2026-07-30 22:21:34,465 - portable_sam_fusion - INFO - New best early-stop metric (segm/mAP): raw=0.6140 smooth(5)=0.6102
2026-07-30 22:21:36,821 - portable_sam_fusion - INFO - Saved best_bbox_model with bbox/mAP: 0.6689
2026-07-30 22:21:42,171 - portable_sam_fusion - INFO - Epoch 14/80 | train=0.357631 val=disabled segm/mAP=0.6140 bbox/mAP=0.6689 | best_segm=0.6230 best_bbox=0.6689 best_comp=0.0000 | sat_backbone=4.69e-04 mask_decoder=4.69e-04 shape_prior=4.69e-04 quality_head=4.69e-04 sat_other=4.69e-04
2026-07-30 22:22:20,839 - portable_sam_fusion - INFO - [DEBUG-BOX] epoch=15 step=4150 fallback_count=0 fallback_ratio=0 num_rois=64 refined_proposal_iou=0 refined_proposal_iou_sum=0 refined_valid_count=0
2026-07-30 22:22:20,839 - portable_sam_fusion - INFO - [DEBUG-COARSE] epoch=15 step=4150 bce_raw=0.2081 boundary_fn=4811 boundary_fp=4403 boundary_tp=1.975e+04 dice=0.08603 dice_loss_raw=0.08603 iou=0.8434 loss_weight=0.1 raw_boundary_fn=4811 raw_boundary_fp=4403 raw_boundary_tp=1.975e+04 raw_dice_score=0.914 raw_iou=0.8434 weighted_loss=0.02941
2026-07-30 22:22:20,839 - portable_sam_fusion - INFO - [DEBUG-CONTEXT] epoch=15 step=4150 enabled=0
2026-07-30 22:22:20,839 - portable_sam_fusion - INFO - [DEBUG-JITTER] epoch=15 step=4150 area_ratio_count=64 area_ratio_mean=1 area_ratio_sum=64 fallback_count=0 mean_iou=1 num_jittered=0 num_rois=64
2026-07-30 22:22:20,840 - portable_sam_fusion - INFO - [DEBUG-SP] epoch=15 step=4150 all_invalid_count=0 all_invalid_ratio=0 empty_count=0 empty_ratio=0 full_count=0 full_ratio=0 mean_point_distance=25.09 n1_gt_valid_count=64 n1_in_gt_bg=0.7969 n1_in_gt_bg_count=51 n1_valid_count=64 n1_valid_ratio=1 n2_gt_valid_count=64 n2_in_gt_bg=1 n2_in_gt_bg_count=64 n2_valid_count=64 n2_valid_ratio=1 neg_in_pred_bg=1 neg_in_pred_bg_count=128 negative_pair_count=64 negative_pair_distance_sum=2407 p1_gt_valid_count=64 p1_in_gt_fg=1 p1_in_gt_fg_count=64 p1_valid_count=64 p1_valid_ratio=1 p2_gt_valid_count=64 p2_in_gt_fg=1 p2_in_gt_fg_count=64 p2_valid_count=64 p2_valid_ratio=1 point_distance_sum=3212 point_overlap_count=0 point_overlap_ratio=0 point_pair_count=128 pos_in_pred_fg=1 pos_in_pred_fg_count=128 positive_pair_count=64 positive_pair_distance_sum=804.7 roi_count=64 valid_neg_count=128 valid_pos_count=128 warmup_stage=2
2026-07-30 22:22:43,252 - portable_sam_fusion - INFO - epoch 15 | mini-batch 56/294 | optimizer_step 1050/5920 | lr=4.679e-04
2026-07-30 22:23:12,566 - portable_sam_fusion - INFO - [DEBUG-BOX] epoch=15 step=4200 fallback_count=0 fallback_ratio=0 num_rois=64 refined_proposal_iou=0 refined_proposal_iou_sum=0 refined_valid_count=0
2026-07-30 22:23:12,566 - portable_sam_fusion - INFO - [DEBUG-COARSE] epoch=15 step=4200 bce_raw=0.1903 boundary_fn=2851 boundary_fp=4160 boundary_tp=2.237e+04 dice=0.07218 dice_loss_raw=0.07218 iou=0.867 loss_weight=0.1 raw_boundary_fn=2851 raw_boundary_fp=4160 raw_boundary_tp=2.237e+04 raw_dice_score=0.9278 raw_iou=0.867 weighted_loss=0.02625
2026-07-30 22:23:12,566 - portable_sam_fusion - INFO - [DEBUG-CONTEXT] epoch=15 step=4200 enabled=0
2026-07-30 22:23:12,566 - portable_sam_fusion - INFO - [DEBUG-JITTER] epoch=15 step=4200 area_ratio_count=64 area_ratio_mean=1 area_ratio_sum=64 fallback_count=0 mean_iou=1 num_jittered=0 num_rois=64
2026-07-30 22:23:12,567 - portable_sam_fusion - INFO - [DEBUG-SP] epoch=15 step=4200 all_invalid_count=0 all_invalid_ratio=0 empty_count=0 empty_ratio=0 full_count=0 full_ratio=0 mean_point_distance=30 n1_gt_valid_count=64 n1_in_gt_bg=0.5312 n1_in_gt_bg_count=34 n1_valid_count=64 n1_valid_ratio=1 n2_gt_valid_count=64 n2_in_gt_bg=0.9062 n2_in_gt_bg_count=58 n2_valid_count=64 n2_valid_ratio=1 neg_in_pred_bg=1 neg_in_pred_bg_count=128 negative_pair_count=64 negative_pair_distance_sum=2744 p1_gt_valid_count=64 p1_in_gt_fg=1 p1_in_gt_fg_count=64 p1_valid_count=64 p1_valid_ratio=1 p2_gt_valid_count=64 p2_in_gt_fg=1 p2_in_gt_fg_count=64 p2_valid_count=64 p2_valid_ratio=1 point_distance_sum=3840 point_overlap_count=0 point_overlap_ratio=0 point_pair_count=128 pos_in_pred_fg=1 pos_in_pred_fg_count=128 positive_pair_count=64 positive_pair_distance_sum=1097 roi_count=64 valid_neg_count=128 valid_pos_count=128 warmup_stage=2
2026-07-30 22:24:06,485 - portable_sam_fusion - INFO - [DEBUG-BOX] epoch=15 step=4250 fallback_count=0 fallback_ratio=0 num_rois=64 refined_proposal_iou=0 refined_proposal_iou_sum=0 refined_valid_count=0
2026-07-30 22:24:06,485 - portable_sam_fusion - INFO - [DEBUG-COARSE] epoch=15 step=4250 bce_raw=0.1632 boundary_fn=2282 boundary_fp=2439 boundary_tp=2.559e+04 dice=0.09761 dice_loss_raw=0.09761 iou=0.8274 loss_weight=0.1 raw_boundary_fn=2282 raw_boundary_fp=2439 raw_boundary_tp=2.559e+04 raw_dice_score=0.9024 raw_iou=0.8274 weighted_loss=0.02608
2026-07-30 22:24:06,485 - portable_sam_fusion - INFO - [DEBUG-CONTEXT] epoch=15 step=4250 enabled=0
2026-07-30 22:24:06,485 - portable_sam_fusion - INFO - [DEBUG-JITTER] epoch=15 step=4250 area_ratio_count=64 area_ratio_mean=1 area_ratio_sum=64 fallback_count=0 mean_iou=1 num_jittered=0 num_rois=64
2026-07-30 22:24:06,485 - portable_sam_fusion - INFO - [DEBUG-SP] epoch=15 step=4250 all_invalid_count=0 all_invalid_ratio=0 empty_count=0 empty_ratio=0 full_count=0 full_ratio=0 mean_point_distance=29.08 n1_gt_valid_count=64 n1_in_gt_bg=0.8594 n1_in_gt_bg_count=55 n1_valid_count=64 n1_valid_ratio=1 n2_gt_valid_count=64 n2_in_gt_bg=1 n2_in_gt_bg_count=64 n2_valid_count=64 n2_valid_ratio=1 neg_in_pred_bg=1 neg_in_pred_bg_count=128 negative_pair_count=64 negative_pair_distance_sum=2490 p1_gt_valid_count=64 p1_in_gt_fg=0.9844 p1_in_gt_fg_count=63 p1_valid_count=64 p1_valid_ratio=1 p2_gt_valid_count=64 p2_in_gt_fg=1 p2_in_gt_fg_count=64 p2_valid_count=64 p2_valid_ratio=1 point_distance_sum=3722 point_overlap_count=0 point_overlap_ratio=0 point_pair_count=128 pos_in_pred_fg=1 pos_in_pred_fg_count=128 positive_pair_count=64 positive_pair_distance_sum=1232 roi_count=64 valid_neg_count=128 valid_pos_count=128 warmup_stage=2
2026-07-30 22:25:00,465 - portable_sam_fusion - INFO - [DEBUG-BOX] epoch=15 step=4300 fallback_count=0 fallback_ratio=0 num_rois=0 refined_proposal_iou=0 refined_proposal_iou_sum=0 refined_valid_count=0
2026-07-30 22:25:00,465 - portable_sam_fusion - INFO - [DEBUG-COARSE] epoch=15 step=4300 boundary_fn=0 boundary_fp=0 boundary_tp=0 dice=0 iou=0
2026-07-30 22:25:00,465 - portable_sam_fusion - INFO - [DEBUG-CONTEXT] epoch=15 step=4300 enabled=0
2026-07-30 22:25:00,465 - portable_sam_fusion - INFO - [DEBUG-JITTER] epoch=15 step=4300 area_ratio_count=0 area_ratio_mean=0 area_ratio_sum=0 fallback_count=0 mean_iou=0 num_jittered=0 num_rois=0
2026-07-30 22:25:00,465 - portable_sam_fusion - INFO - [DEBUG-SP] epoch=15 step=4300 all_invalid_count=0 all_invalid_ratio=0 empty_count=0 empty_ratio=0 full_count=0 full_ratio=0 mean_point_distance=75.31 n1_gt_valid_count=64 n1_in_gt_bg=0.8906 n1_in_gt_bg_count=57 n1_valid_count=64 n1_valid_ratio=1 n2_gt_valid_count=64 n2_in_gt_bg=1 n2_in_gt_bg_count=64 n2_valid_count=64 n2_valid_ratio=1 neg_in_pred_bg=1 neg_in_pred_bg_count=128 negative_pair_count=64 negative_pair_distance_sum=6087 p1_gt_valid_count=64 p1_in_gt_fg=0.875 p1_in_gt_fg_count=56 p1_valid_count=64 p1_valid_ratio=1 p2_gt_valid_count=64 p2_in_gt_fg=0.9062 p2_in_gt_fg_count=58 p2_valid_count=64 p2_valid_ratio=1 point_distance_sum=9639 point_overlap_count=0 point_overlap_ratio=0 point_pair_count=128 pos_in_pred_fg=1 pos_in_pred_fg_count=128 positive_pair_count=64 positive_pair_distance_sum=3552 roi_count=64 valid_neg_count=128 valid_pos_count=128 warmup_stage=2
2026-07-30 22:25:52,322 - portable_sam_fusion - INFO - [DEBUG-BOX] epoch=15 step=4350 fallback_count=0 fallback_ratio=0 num_rois=64 refined_proposal_iou=0 refined_proposal_iou_sum=0 refined_valid_count=0
2026-07-30 22:25:52,322 - portable_sam_fusion - INFO - [DEBUG-COARSE] epoch=15 step=4350 bce_raw=0.165 boundary_fn=3585 boundary_fp=3004 boundary_tp=2.058e+04 dice=0.08986 dice_loss_raw=0.08986 iou=0.8422 loss_weight=0.1 raw_boundary_fn=3585 raw_boundary_fp=3004 raw_boundary_tp=2.058e+04 raw_dice_score=0.9101 raw_iou=0.8422 weighted_loss=0.02549
2026-07-30 22:25:52,322 - portable_sam_fusion - INFO - [DEBUG-CONTEXT] epoch=15 step=4350 enabled=0
2026-07-30 22:25:52,322 - portable_sam_fusion - INFO - [DEBUG-JITTER] epoch=15 step=4350 area_ratio_count=64 area_ratio_mean=1 area_ratio_sum=64 fallback_count=0 mean_iou=1 num_jittered=0 num_rois=64
2026-07-30 22:25:52,322 - portable_sam_fusion - INFO - [DEBUG-SP] epoch=15 step=4350 all_invalid_count=0 all_invalid_ratio=0 empty_count=0 empty_ratio=0 full_count=0 full_ratio=0 mean_point_distance=25.21 n1_gt_valid_count=64 n1_in_gt_bg=0.9062 n1_in_gt_bg_count=58 n1_valid_count=64 n1_valid_ratio=1 n2_gt_valid_count=64 n2_in_gt_bg=0.9844 n2_in_gt_bg_count=63 n2_valid_count=64 n2_valid_ratio=1 neg_in_pred_bg=1 neg_in_pred_bg_count=128 negative_pair_count=64 negative_pair_distance_sum=2403 p1_gt_valid_count=64 p1_in_gt_fg=1 p1_in_gt_fg_count=64 p1_valid_count=64 p1_valid_ratio=1 p2_gt_valid_count=64 p2_in_gt_fg=1 p2_in_gt_fg_count=64 p2_valid_count=64 p2_valid_ratio=1 point_distance_sum=3226 point_overlap_count=0 point_overlap_ratio=0 point_pair_count=128 pos_in_pred_fg=1 pos_in_pred_fg_count=128 positive_pair_count=64 positive_pair_distance_sum=823 roi_count=64 valid_neg_count=128 valid_pos_count=128 warmup_stage=2
2026-07-30 22:26:15,886 - portable_sam_fusion - INFO - epoch 15 | mini-batch 256/294 | optimizer_step 1100/5920 | lr=4.645e-04
2026-07-30 22:26:44,527 - portable_sam_fusion - INFO - [DEBUG-BOX] epoch=15 step=4400 fallback_count=0 fallback_ratio=0 num_rois=64 refined_proposal_iou=0 refined_proposal_iou_sum=0 refined_valid_count=0
2026-07-30 22:26:44,528 - portable_sam_fusion - INFO - [DEBUG-COARSE] epoch=15 step=4400 bce_raw=0.1217 boundary_fn=2077 boundary_fp=1981 boundary_tp=2.223e+04 dice=0.05549 dice_loss_raw=0.05549 iou=0.8958 loss_weight=0.1 raw_boundary_fn=2077 raw_boundary_fp=1981 raw_boundary_tp=2.223e+04 raw_dice_score=0.9445 raw_iou=0.8958 weighted_loss=0.01772
2026-07-30 22:26:44,528 - portable_sam_fusion - INFO - [DEBUG-CONTEXT] epoch=15 step=4400 enabled=0
2026-07-30 22:26:44,528 - portable_sam_fusion - INFO - [DEBUG-JITTER] epoch=15 step=4400 area_ratio_count=64 area_ratio_mean=1 area_ratio_sum=64 fallback_count=0 mean_iou=1 num_jittered=0 num_rois=64
2026-07-30 22:26:44,528 - portable_sam_fusion - INFO - [DEBUG-SP] epoch=15 step=4400 all_invalid_count=0 all_invalid_ratio=0 empty_count=0 empty_ratio=0 full_count=0 full_ratio=0 mean_point_distance=29.79 n1_gt_valid_count=64 n1_in_gt_bg=0.7969 n1_in_gt_bg_count=51 n1_valid_count=64 n1_valid_ratio=1 n2_gt_valid_count=64 n2_in_gt_bg=0.9688 n2_in_gt_bg_count=62 n2_valid_count=64 n2_valid_ratio=1 neg_in_pred_bg=1 neg_in_pred_bg_count=128 negative_pair_count=64 negative_pair_distance_sum=2560 p1_gt_valid_count=64 p1_in_gt_fg=1 p1_in_gt_fg_count=64 p1_valid_count=64 p1_valid_ratio=1 p2_gt_valid_count=64 p2_in_gt_fg=1 p2_in_gt_fg_count=64 p2_valid_count=64 p2_valid_ratio=1 point_distance_sum=3813 point_overlap_count=0 point_overlap_ratio=0 point_pair_count=128 pos_in_pred_fg=1 pos_in_pred_fg_count=128 positive_pair_count=64 positive_pair_distance_sum=1253 roi_count=64 valid_neg_count=128 valid_pos_count=128 warmup_stage=2
2026-07-30 22:26:54,302 - portable_sam_fusion - INFO - Epoch 15 detailed losses: loss_rpn_cls=0.0169, loss_rpn_bbox=0.0067, loss_cls=0.2074, acc=91.6614, loss_bbox=0.0863, loss_mask=0.0018, debug_mask_pos_rois=56.7619, debug_mask_logit_mean=-15.4894, debug_mask_logit_std=2.9398, debug_mask_prob_mean=0.0053, debug_mask_prob_ge05=0.0053, debug_mask_target_fill=0.0054, loss_shape_prior=0.0226, schedule/det_weight=1.0000
2026-07-30 22:26:54,302 - portable_sam_fusion - INFO - Epoch 15 primary loss shares: det=92.86% final_mask=0.54% shape=6.61% p2_boundary=0.00%
2026-07-30 22:26:54,302 - portable_sam_fusion - INFO - Epoch 15 schedule: det_loss_weight=1.000 early_stop_start=20 min_delta=0.0005
2026-07-30 22:26:54,303 - portable_sam_fusion - INFO - Epoch 15 learning rates: sat_backbone=4.64e-04, mask_decoder=4.64e-04, shape_prior=4.64e-04, quality_head=4.64e-04, sat_other=4.64e-04
2026-07-30 22:29:46,303 - portable_sam_fusion - INFO - Validation samples: GT=15926, DT=17681, avg_masks_per_image=28.20, avg_mask_fill=0.0057
creating index...
index created!
Loading and preparing results...
DONE (t=0.02s)
creating index...
index created!
Running per image evaluation...
Evaluate annotation type *bbox*
DONE (t=10.93s).
Accumulating evaluation results...
DONE (t=0.16s).
 Average Precision  (AP) @[ IoU=0.50:0.95 | area=   all | maxDets=100 ] = 0.642
 Average Precision  (AP) @[ IoU=0.50      | area=   all | maxDets=100 ] = 0.887
 Average Precision  (AP) @[ IoU=0.75      | area=   all | maxDets=100 ] = 0.788
 Average Precision  (AP) @[ IoU=0.50:0.95 | area= small | maxDets=100 ] = 0.289
 Average Precision  (AP) @[ IoU=0.50:0.95 | area=medium | maxDets=100 ] = 0.686
 Average Precision  (AP) @[ IoU=0.50:0.95 | area= large | maxDets=100 ] = 0.713
 Average Recall     (AR) @[ IoU=0.50:0.95 | area=   all | maxDets=  1 ] = 0.024
 Average Recall     (AR) @[ IoU=0.50:0.95 | area=   all | maxDets= 10 ] = 0.174
 Average Recall     (AR) @[ IoU=0.50:0.95 | area=   all | maxDets=100 ] = 0.698
 Average Recall     (AR) @[ IoU=0.50:0.95 | area= small | maxDets=100 ] = 0.395
 Average Recall     (AR) @[ IoU=0.50:0.95 | area=medium | maxDets=100 ] = 0.745
 Average Recall     (AR) @[ IoU=0.50:0.95 | area= large | maxDets=100 ] = 0.759
2026-07-30 22:29:57,612 - portable_sam_fusion - INFO - Validation bbox/mAP: 0.6421 bbox/mAP_75: 0.7882
Running per image evaluation...
Evaluate annotation type *segm*
DONE (t=10.82s).
Accumulating evaluation results...
DONE (t=0.16s).
 Average Precision  (AP) @[ IoU=0.50:0.95 | area=   all | maxDets=100 ] = 0.616
 Average Precision  (AP) @[ IoU=0.50      | area=   all | maxDets=100 ] = 0.888
 Average Precision  (AP) @[ IoU=0.75      | area=   all | maxDets=100 ] = 0.740
 Average Precision  (AP) @[ IoU=0.50:0.95 | area= small | maxDets=100 ] = 0.201
 Average Precision  (AP) @[ IoU=0.50:0.95 | area=medium | maxDets=100 ] = 0.646
 Average Precision  (AP) @[ IoU=0.50:0.95 | area= large | maxDets=100 ] = 0.780
 Average Recall     (AR) @[ IoU=0.50:0.95 | area=   all | maxDets=  1 ] = 0.025
 Average Recall     (AR) @[ IoU=0.50:0.95 | area=   all | maxDets= 10 ] = 0.178
 Average Recall     (AR) @[ IoU=0.50:0.95 | area=   all | maxDets=100 ] = 0.659
 Average Recall     (AR) @[ IoU=0.50:0.95 | area= small | maxDets=100 ] = 0.278
 Average Recall     (AR) @[ IoU=0.50:0.95 | area=medium | maxDets=100 ] = 0.687
 Average Recall     (AR) @[ IoU=0.50:0.95 | area= large | maxDets=100 ] = 0.818
2026-07-30 22:30:08,622 - portable_sam_fusion - INFO - Validation segm/mAP: 0.6160
2026-07-30 22:30:09,171 - portable_sam_fusion - INFO - New best early-stop metric (segm/mAP): raw=0.6160 smooth(5)=0.6151
2026-07-30 22:30:14,286 - portable_sam_fusion - INFO - Epoch 15/80 | train=0.341875 val=disabled segm/mAP=0.6160 bbox/mAP=0.6421 | best_segm=0.6230 best_bbox=0.6689 best_comp=0.0000 | sat_backbone=4.64e-04 mask_decoder=4.64e-04 shape_prior=4.64e-04 quality_head=4.64e-04 sat_other=4.64e-04
2026-07-30 22:30:56,571 - portable_sam_fusion - INFO - [DEBUG-BOX] epoch=16 step=4450 fallback_count=0 fallback_ratio=0 num_rois=64 refined_proposal_iou=0 refined_proposal_iou_sum=0 refined_valid_count=0
2026-07-30 22:30:56,571 - portable_sam_fusion - INFO - [DEBUG-COARSE] epoch=16 step=4450 bce_raw=0.1784 boundary_fn=3341 boundary_fp=2804 boundary_tp=2.43e+04 dice=0.08627 dice_loss_raw=0.08627 iou=0.8443 loss_weight=0.1 raw_boundary_fn=3341 raw_boundary_fp=2804 raw_boundary_tp=2.43e+04 raw_dice_score=0.9137 raw_iou=0.8443 weighted_loss=0.02647
2026-07-30 22:30:56,571 - portable_sam_fusion - INFO - [DEBUG-CONTEXT] epoch=16 step=4450 enabled=0
2026-07-30 22:30:56,571 - portable_sam_fusion - INFO - [DEBUG-JITTER] epoch=16 step=4450 area_ratio_count=64 area_ratio_mean=1 area_ratio_sum=64 fallback_count=0 mean_iou=1 num_jittered=0 num_rois=64
2026-07-30 22:30:56,572 - portable_sam_fusion - INFO - [DEBUG-SP] epoch=16 step=4450 all_invalid_count=0 all_invalid_ratio=0 empty_count=0 empty_ratio=0 full_count=0 full_ratio=0 mean_point_distance=40.26 n1_gt_valid_count=64 n1_in_gt_bg=0.7812 n1_in_gt_bg_count=50 n1_valid_count=64 n1_valid_ratio=1 n2_gt_valid_count=64 n2_in_gt_bg=1 n2_in_gt_bg_count=64 n2_valid_count=64 n2_valid_ratio=1 neg_in_pred_bg=1 neg_in_pred_bg_count=128 negative_pair_count=64 negative_pair_distance_sum=3967 p1_gt_valid_count=64 p1_in_gt_fg=1 p1_in_gt_fg_count=64 p1_valid_count=64 p1_valid_ratio=1 p2_gt_valid_count=64 p2_in_gt_fg=1 p2_in_gt_fg_count=64 p2_valid_count=64 p2_valid_ratio=1 point_distance_sum=5153 point_overlap_count=0 point_overlap_ratio=0 point_pair_count=128 pos_in_pred_fg=1 pos_in_pred_fg_count=128 positive_pair_count=64 positive_pair_distance_sum=1187 roi_count=64 valid_neg_count=128 valid_pos_count=128 warmup_stage=2
2026-07-30 22:31:50,392 - portable_sam_fusion - INFO - [DEBUG-BOX] epoch=16 step=4500 fallback_count=0 fallback_ratio=0 num_rois=64 refined_proposal_iou=0 refined_proposal_iou_sum=0 refined_valid_count=0
2026-07-30 22:31:50,393 - portable_sam_fusion - INFO - [DEBUG-COARSE] epoch=16 step=4500 bce_raw=0.1507 boundary_fn=2192 boundary_fp=2739 boundary_tp=2.395e+04 dice=0.06481 dice_loss_raw=0.06481 iou=0.8802 loss_weight=0.1 raw_boundary_fn=2192 raw_boundary_fp=2739 raw_boundary_tp=2.395e+04 raw_dice_score=0.9352 raw_iou=0.8802 weighted_loss=0.02155
2026-07-30 22:31:50,393 - portable_sam_fusion - INFO - [DEBUG-CONTEXT] epoch=16 step=4500 enabled=0
2026-07-30 22:31:50,393 - portable_sam_fusion - INFO - [DEBUG-JITTER] epoch=16 step=4500 area_ratio_count=64 area_ratio_mean=1 area_ratio_sum=64 fallback_count=0 mean_iou=1 num_jittered=0 num_rois=64
2026-07-30 22:31:50,393 - portable_sam_fusion - INFO - [DEBUG-SP] epoch=16 step=4500 all_invalid_count=0 all_invalid_ratio=0 empty_count=0 empty_ratio=0 full_count=0 full_ratio=0 mean_point_distance=23.22 n1_gt_valid_count=64 n1_in_gt_bg=0.7812 n1_in_gt_bg_count=50 n1_valid_count=64 n1_valid_ratio=1 n2_gt_valid_count=64 n2_in_gt_bg=0.9844 n2_in_gt_bg_count=63 n2_valid_count=64 n2_valid_ratio=1 neg_in_pred_bg=1 neg_in_pred_bg_count=128 negative_pair_count=64 negative_pair_distance_sum=2105 p1_gt_valid_count=64 p1_in_gt_fg=1 p1_in_gt_fg_count=64 p1_valid_count=64 p1_valid_ratio=1 p2_gt_valid_count=64 p2_in_gt_fg=1 p2_in_gt_fg_count=64 p2_valid_count=64 p2_valid_ratio=1 point_distance_sum=2972 point_overlap_count=0 point_overlap_ratio=0 point_pair_count=128 pos_in_pred_fg=1 pos_in_pred_fg_count=128 positive_pair_count=64 positive_pair_distance_sum=867.2 roi_count=64 valid_neg_count=128 valid_pos_count=128 warmup_stage=2
2026-07-30 22:32:46,012 - portable_sam_fusion - INFO - [DEBUG-BOX] epoch=16 step=4550 fallback_count=0 fallback_ratio=0 num_rois=64 refined_proposal_iou=0 refined_proposal_iou_sum=0 refined_valid_count=0
2026-07-30 22:32:46,012 - portable_sam_fusion - INFO - [DEBUG-COARSE] epoch=16 step=4550 bce_raw=0.1162 boundary_fn=1553 boundary_fp=1445 boundary_tp=2.562e+04 dice=0.06486 dice_loss_raw=0.06486 iou=0.8795 loss_weight=0.1 raw_boundary_fn=1553 raw_boundary_fp=1445 raw_boundary_tp=2.562e+04 raw_dice_score=0.9351 raw_iou=0.8795 weighted_loss=0.0181
2026-07-30 22:32:46,012 - portable_sam_fusion - INFO - [DEBUG-CONTEXT] epoch=16 step=4550 enabled=0
2026-07-30 22:32:46,012 - portable_sam_fusion - INFO - [DEBUG-JITTER] epoch=16 step=4550 area_ratio_count=64 area_ratio_mean=1 area_ratio_sum=64 fallback_count=0 mean_iou=1 num_jittered=0 num_rois=64
2026-07-30 22:32:46,012 - portable_sam_fusion - INFO - [DEBUG-SP] epoch=16 step=4550 all_invalid_count=0 all_invalid_ratio=0 empty_count=0 empty_ratio=0 full_count=0 full_ratio=0 mean_point_distance=26.83 n1_gt_valid_count=64 n1_in_gt_bg=0.9219 n1_in_gt_bg_count=59 n1_valid_count=64 n1_valid_ratio=1 n2_gt_valid_count=64 n2_in_gt_bg=1 n2_in_gt_bg_count=64 n2_valid_count=64 n2_valid_ratio=1 neg_in_pred_bg=1 neg_in_pred_bg_count=128 negative_pair_count=64 negative_pair_distance_sum=2520 p1_gt_valid_count=64 p1_in_gt_fg=1 p1_in_gt_fg_count=64 p1_valid_count=64 p1_valid_ratio=1 p2_gt_valid_count=64 p2_in_gt_fg=1 p2_in_gt_fg_count=64 p2_valid_count=64 p2_valid_ratio=1 point_distance_sum=3434 point_overlap_count=0 point_overlap_ratio=0 point_pair_count=128 pos_in_pred_fg=1 pos_in_pred_fg_count=128 positive_pair_count=64 positive_pair_distance_sum=914.6 roi_count=64 valid_neg_count=128 valid_pos_count=128 warmup_stage=2
2026-07-30 22:33:08,094 - portable_sam_fusion - INFO - epoch 16 | mini-batch 160/294 | optimizer_step 1150/5920 | lr=4.609e-04
2026-07-30 22:33:41,294 - portable_sam_fusion - INFO - [DEBUG-BOX] epoch=16 step=4600 fallback_count=0 fallback_ratio=0 num_rois=64 refined_proposal_iou=0 refined_proposal_iou_sum=0 refined_valid_count=0
2026-07-30 22:33:41,294 - portable_sam_fusion - INFO - [DEBUG-COARSE] epoch=16 step=4600 bce_raw=0.1756 boundary_fn=2754 boundary_fp=4050 boundary_tp=2.465e+04 dice=0.1112 dice_loss_raw=0.1112 iou=0.8057 loss_weight=0.1 raw_boundary_fn=2754 raw_boundary_fp=4050 raw_boundary_tp=2.465e+04 raw_dice_score=0.8888 raw_iou=0.8057 weighted_loss=0.02868
2026-07-30 22:33:41,294 - portable_sam_fusion - INFO - [DEBUG-CONTEXT] epoch=16 step=4600 enabled=0
2026-07-30 22:33:41,294 - portable_sam_fusion - INFO - [DEBUG-JITTER] epoch=16 step=4600 area_ratio_count=64 area_ratio_mean=1 area_ratio_sum=64 fallback_count=0 mean_iou=1 num_jittered=0 num_rois=64
2026-07-30 22:33:41,294 - portable_sam_fusion - INFO - [DEBUG-SP] epoch=16 step=4600 all_invalid_count=0 all_invalid_ratio=0 empty_count=0 empty_ratio=0 full_count=0 full_ratio=0 mean_point_distance=25.43 n1_gt_valid_count=64 n1_in_gt_bg=0.9375 n1_in_gt_bg_count=60 n1_valid_count=64 n1_valid_ratio=1 n2_gt_valid_count=64 n2_in_gt_bg=1 n2_in_gt_bg_count=64 n2_valid_count=64 n2_valid_ratio=1 neg_in_pred_bg=1 neg_in_pred_bg_count=128 negative_pair_count=64 negative_pair_distance_sum=2232 p1_gt_valid_count=64 p1_in_gt_fg=0.9688 p1_in_gt_fg_count=62 p1_valid_count=64 p1_valid_ratio=1 p2_gt_valid_count=64 p2_in_gt_fg=1 p2_in_gt_fg_count=64 p2_valid_count=64 p2_valid_ratio=1 point_distance_sum=3255 point_overlap_count=0 point_overlap_ratio=0 point_pair_count=128 pos_in_pred_fg=1 pos_in_pred_fg_count=128 positive_pair_count=64 positive_pair_distance_sum=1023 roi_count=64 valid_neg_count=128 valid_pos_count=128 warmup_stage=2
2026-07-30 22:34:30,948 - portable_sam_fusion - INFO - [DEBUG-BOX] epoch=16 step=4650 fallback_count=0 fallback_ratio=0 num_rois=64 refined_proposal_iou=0 refined_proposal_iou_sum=0 refined_valid_count=0
2026-07-30 22:34:30,948 - portable_sam_fusion - INFO - [DEBUG-COARSE] epoch=16 step=4650 bce_raw=0.1434 boundary_fn=2002 boundary_fp=2385 boundary_tp=2.52e+04 dice=0.09057 dice_loss_raw=0.09057 iou=0.8377 loss_weight=0.1 raw_boundary_fn=2002 raw_boundary_fp=2385 raw_boundary_tp=2.52e+04 raw_dice_score=0.9094 raw_iou=0.8377 weighted_loss=0.0234
2026-07-30 22:34:30,948 - portable_sam_fusion - INFO - [DEBUG-CONTEXT] epoch=16 step=4650 enabled=0
2026-07-30 22:34:30,948 - portable_sam_fusion - INFO - [DEBUG-JITTER] epoch=16 step=4650 area_ratio_count=64 area_ratio_mean=1 area_ratio_sum=64 fallback_count=0 mean_iou=1 num_jittered=0 num_rois=64
2026-07-30 22:34:30,948 - portable_sam_fusion - INFO - [DEBUG-SP] epoch=16 step=4650 all_invalid_count=0 all_invalid_ratio=0 empty_count=0 empty_ratio=0 full_count=0 full_ratio=0 mean_point_distance=36.04 n1_gt_valid_count=64 n1_in_gt_bg=0.9531 n1_in_gt_bg_count=61 n1_valid_count=64 n1_valid_ratio=1 n2_gt_valid_count=64 n2_in_gt_bg=1 n2_in_gt_bg_count=64 n2_valid_count=64 n2_valid_ratio=1 neg_in_pred_bg=1 neg_in_pred_bg_count=128 negative_pair_count=64 negative_pair_distance_sum=2960 p1_gt_valid_count=64 p1_in_gt_fg=1 p1_in_gt_fg_count=64 p1_valid_count=64 p1_valid_ratio=1 p2_gt_valid_count=64 p2_in_gt_fg=1 p2_in_gt_fg_count=64 p2_valid_count=64 p2_valid_ratio=1 point_distance_sum=4613 point_overlap_count=0 point_overlap_ratio=0 point_pair_count=128 pos_in_pred_fg=1 pos_in_pred_fg_count=128 positive_pair_count=64 positive_pair_distance_sum=1653 roi_count=64 valid_neg_count=128 valid_pos_count=128 warmup_stage=2
2026-07-30 22:35:22,201 - portable_sam_fusion - INFO - [DEBUG-BOX] epoch=16 step=4700 fallback_count=0 fallback_ratio=0 num_rois=64 refined_proposal_iou=0 refined_proposal_iou_sum=0 refined_valid_count=0
2026-07-30 22:35:22,201 - portable_sam_fusion - INFO - [DEBUG-COARSE] epoch=16 step=4700 bce_raw=0.1773 boundary_fn=3613 boundary_fp=2437 boundary_tp=2.543e+04 dice=0.08829 dice_loss_raw=0.08829 iou=0.8407 loss_weight=0.1 raw_boundary_fn=3613 raw_boundary_fp=2437 raw_boundary_tp=2.543e+04 raw_dice_score=0.9117 raw_iou=0.8407 weighted_loss=0.02656
2026-07-30 22:35:22,202 - portable_sam_fusion - INFO - [DEBUG-CONTEXT] epoch=16 step=4700 enabled=0
2026-07-30 22:35:22,202 - portable_sam_fusion - INFO - [DEBUG-JITTER] epoch=16 step=4700 area_ratio_count=64 area_ratio_mean=1 area_ratio_sum=64 fallback_count=0 mean_iou=1 num_jittered=0 num_rois=64
2026-07-30 22:35:22,202 - portable_sam_fusion - INFO - [DEBUG-SP] epoch=16 step=4700 all_invalid_count=0 all_invalid_ratio=0 empty_count=0 empty_ratio=0 full_count=0 full_ratio=0 mean_point_distance=35.03 n1_gt_valid_count=64 n1_in_gt_bg=0.7812 n1_in_gt_bg_count=50 n1_valid_count=64 n1_valid_ratio=1 n2_gt_valid_count=64 n2_in_gt_bg=1 n2_in_gt_bg_count=64 n2_valid_count=64 n2_valid_ratio=1 neg_in_pred_bg=1 neg_in_pred_bg_count=128 negative_pair_count=64 negative_pair_distance_sum=3431 p1_gt_valid_count=64 p1_in_gt_fg=1 p1_in_gt_fg_count=64 p1_valid_count=64 p1_valid_ratio=1 p2_gt_valid_count=64 p2_in_gt_fg=1 p2_in_gt_fg_count=64 p2_valid_count=64 p2_valid_ratio=1 point_distance_sum=4484 point_overlap_count=0 point_overlap_ratio=0 point_pair_count=128 pos_in_pred_fg=1 pos_in_pred_fg_count=128 positive_pair_count=64 positive_pair_distance_sum=1054 roi_count=64 valid_neg_count=128 valid_pos_count=128 warmup_stage=2
2026-07-30 22:35:25,920 - portable_sam_fusion - INFO - Epoch 16 detailed losses: loss_rpn_cls=0.0177, loss_rpn_bbox=0.0064, loss_cls=0.2038, acc=91.8582, loss_bbox=0.0836, loss_mask=0.0017, debug_mask_pos_rois=56.2483, debug_mask_logit_mean=-15.1891, debug_mask_logit_std=3.0188, debug_mask_prob_mean=0.0047, debug_mask_prob_ge05=0.0047, debug_mask_target_fill=0.0047, loss_shape_prior=0.0224, schedule/det_weight=1.0000
2026-07-30 22:35:25,920 - portable_sam_fusion - INFO - Epoch 16 primary loss shares: det=92.85% final_mask=0.49% shape=6.66% p2_boundary=0.00%
2026-07-30 22:35:25,920 - portable_sam_fusion - INFO - Epoch 16 schedule: det_loss_weight=1.000 early_stop_start=20 min_delta=0.0005
2026-07-30 22:35:25,921 - portable_sam_fusion - INFO - Epoch 16 learning rates: sat_backbone=4.58e-04, mask_decoder=4.58e-04, shape_prior=4.58e-04, quality_head=4.58e-04, sat_other=4.58e-04
2026-07-30 22:38:23,322 - portable_sam_fusion - INFO - Validation samples: GT=15926, DT=17959, avg_masks_per_image=28.64, avg_mask_fill=0.0057
creating index...
index created!
Loading and preparing results...
DONE (t=0.02s)
creating index...
index created!
Running per image evaluation...
Evaluate annotation type *bbox*
DONE (t=10.50s).
Accumulating evaluation results...
DONE (t=0.16s).
 Average Precision  (AP) @[ IoU=0.50:0.95 | area=   all | maxDets=100 ] = 0.661
 Average Precision  (AP) @[ IoU=0.50      | area=   all | maxDets=100 ] = 0.884
 Average Precision  (AP) @[ IoU=0.75      | area=   all | maxDets=100 ] = 0.790
 Average Precision  (AP) @[ IoU=0.50:0.95 | area= small | maxDets=100 ] = 0.269
 Average Precision  (AP) @[ IoU=0.50:0.95 | area=medium | maxDets=100 ] = 0.708
 Average Precision  (AP) @[ IoU=0.50:0.95 | area= large | maxDets=100 ] = 0.749
 Average Recall     (AR) @[ IoU=0.50:0.95 | area=   all | maxDets=  1 ] = 0.025
 Average Recall     (AR) @[ IoU=0.50:0.95 | area=   all | maxDets= 10 ] = 0.184
 Average Recall     (AR) @[ IoU=0.50:0.95 | area=   all | maxDets=100 ] = 0.712
 Average Recall     (AR) @[ IoU=0.50:0.95 | area= small | maxDets=100 ] = 0.373
 Average Recall     (AR) @[ IoU=0.50:0.95 | area=medium | maxDets=100 ] = 0.757
 Average Recall     (AR) @[ IoU=0.50:0.95 | area= large | maxDets=100 ] = 0.799
2026-07-30 22:38:34,155 - portable_sam_fusion - INFO - Validation bbox/mAP: 0.6609 bbox/mAP_75: 0.7903
Running per image evaluation...
Evaluate annotation type *segm*
DONE (t=10.78s).
Accumulating evaluation results...
DONE (t=0.16s).
 Average Precision  (AP) @[ IoU=0.50:0.95 | area=   all | maxDets=100 ] = 0.602
 Average Precision  (AP) @[ IoU=0.50      | area=   all | maxDets=100 ] = 0.884
 Average Precision  (AP) @[ IoU=0.75      | area=   all | maxDets=100 ] = 0.714
 Average Precision  (AP) @[ IoU=0.50:0.95 | area= small | maxDets=100 ] = 0.179
 Average Precision  (AP) @[ IoU=0.50:0.95 | area=medium | maxDets=100 ] = 0.629
 Average Precision  (AP) @[ IoU=0.50:0.95 | area= large | maxDets=100 ] = 0.761
 Average Recall     (AR) @[ IoU=0.50:0.95 | area=   all | maxDets=  1 ] = 0.024
 Average Recall     (AR) @[ IoU=0.50:0.95 | area=   all | maxDets= 10 ] = 0.176
 Average Recall     (AR) @[ IoU=0.50:0.95 | area=   all | maxDets=100 ] = 0.645
 Average Recall     (AR) @[ IoU=0.50:0.95 | area= small | maxDets=100 ] = 0.255
 Average Recall     (AR) @[ IoU=0.50:0.95 | area=medium | maxDets=100 ] = 0.672
 Average Recall     (AR) @[ IoU=0.50:0.95 | area= large | maxDets=100 ] = 0.811
2026-07-30 22:38:45,127 - portable_sam_fusion - INFO - Validation segm/mAP: 0.6022
2026-07-30 22:38:45,672 - portable_sam_fusion - INFO - Early-stop metric (segm/mAP): raw=0.6022 smooth(5)=0.6136; counter disabled before epoch 20
2026-07-30 22:38:50,460 - portable_sam_fusion - INFO - Epoch 16/80 | train=0.335479 val=disabled segm/mAP=0.6022 bbox/mAP=0.6609 | best_segm=0.6230 best_bbox=0.6689 best_comp=0.0000 | sat_backbone=4.58e-04 mask_decoder=4.58e-04 shape_prior=4.58e-04 quality_head=4.58e-04 sat_other=4.58e-04
2026-07-30 22:39:39,289 - portable_sam_fusion - INFO - [DEBUG-BOX] epoch=17 step=4750 fallback_count=0 fallback_ratio=0 num_rois=64 refined_proposal_iou=0 refined_proposal_iou_sum=0 refined_valid_count=0
2026-07-30 22:39:39,290 - portable_sam_fusion - INFO - [DEBUG-COARSE] epoch=17 step=4750 bce_raw=0.1464 boundary_fn=2049 boundary_fp=2210 boundary_tp=2.403e+04 dice=0.08775 dice_loss_raw=0.08775 iou=0.8433 loss_weight=0.1 raw_boundary_fn=2049 raw_boundary_fp=2210 raw_boundary_tp=2.403e+04 raw_dice_score=0.9122 raw_iou=0.8433 weighted_loss=0.02342
2026-07-30 22:39:39,290 - portable_sam_fusion - INFO - [DEBUG-CONTEXT] epoch=17 step=4750 enabled=0
2026-07-30 22:39:39,290 - portable_sam_fusion - INFO - [DEBUG-JITTER] epoch=17 step=4750 area_ratio_count=64 area_ratio_mean=1 area_ratio_sum=64 fallback_count=0 mean_iou=1 num_jittered=0 num_rois=64
2026-07-30 22:39:39,290 - portable_sam_fusion - INFO - [DEBUG-SP] epoch=17 step=4750 all_invalid_count=0 all_invalid_ratio=0 empty_count=0 empty_ratio=0 full_count=0 full_ratio=0 mean_point_distance=30.09 n1_gt_valid_count=64 n1_in_gt_bg=0.9375 n1_in_gt_bg_count=60 n1_valid_count=64 n1_valid_ratio=1 n2_gt_valid_count=64 n2_in_gt_bg=1 n2_in_gt_bg_count=64 n2_valid_count=64 n2_valid_ratio=1 neg_in_pred_bg=1 neg_in_pred_bg_count=128 negative_pair_count=64 negative_pair_distance_sum=2945 p1_gt_valid_count=64 p1_in_gt_fg=1 p1_in_gt_fg_count=64 p1_valid_count=64 p1_valid_ratio=1 p2_gt_valid_count=64 p2_in_gt_fg=1 p2_in_gt_fg_count=64 p2_valid_count=64 p2_valid_ratio=1 point_distance_sum=3851 point_overlap_count=0 point_overlap_ratio=0 point_pair_count=128 pos_in_pred_fg=1 pos_in_pred_fg_count=128 positive_pair_count=64 positive_pair_distance_sum=906.1 roi_count=64 valid_neg_count=128 valid_pos_count=128 warmup_stage=2
2026-07-30 22:39:59,001 - portable_sam_fusion - INFO - epoch 17 | mini-batch 64/294 | optimizer_step 1200/5920 | lr=4.573e-04
2026-07-30 22:40:33,654 - portable_sam_fusion - INFO - [DEBUG-BOX] epoch=17 step=4800 fallback_count=0 fallback_ratio=0 num_rois=64 refined_proposal_iou=0 refined_proposal_iou_sum=0 refined_valid_count=0
2026-07-30 22:40:33,655 - portable_sam_fusion - INFO - [DEBUG-COARSE] epoch=17 step=4800 bce_raw=0.09044 boundary_fn=924 boundary_fp=1063 boundary_tp=2.301e+04 dice=0.04072 dice_loss_raw=0.04072 iou=0.922 loss_weight=0.1 raw_boundary_fn=924 raw_boundary_fp=1063 raw_boundary_tp=2.301e+04 raw_dice_score=0.9593 raw_iou=0.922 weighted_loss=0.01312
2026-07-30 22:40:33,655 - portable_sam_fusion - INFO - [DEBUG-CONTEXT] epoch=17 step=4800 enabled=0
2026-07-30 22:40:33,655 - portable_sam_fusion - INFO - [DEBUG-JITTER] epoch=17 step=4800 area_ratio_count=64 area_ratio_mean=1 area_ratio_sum=64 fallback_count=0 mean_iou=1 num_jittered=0 num_rois=64
2026-07-30 22:40:33,655 - portable_sam_fusion - INFO - [DEBUG-SP] epoch=17 step=4800 all_invalid_count=0 all_invalid_ratio=0 empty_count=0 empty_ratio=0 full_count=1 full_ratio=0.01562 mean_point_distance=33.4 n1_gt_valid_count=63 n1_in_gt_bg=0.9524 n1_in_gt_bg_count=60 n1_valid_count=63 n1_valid_ratio=0.9844 n2_gt_valid_count=63 n2_in_gt_bg=1 n2_in_gt_bg_count=63 n2_valid_count=63 n2_valid_ratio=0.9844 neg_in_pred_bg=1 neg_in_pred_bg_count=126 negative_pair_count=63 negative_pair_distance_sum=3105 p1_gt_valid_count=64 p1_in_gt_fg=1 p1_in_gt_fg_count=64 p1_valid_count=64 p1_valid_ratio=1 p2_gt_valid_count=64 p2_in_gt_fg=1 p2_in_gt_fg_count=64 p2_valid_count=64 p2_valid_ratio=1 point_distance_sum=4242 point_overlap_count=0 point_overlap_ratio=0 point_pair_count=127 pos_in_pred_fg=1 pos_in_pred_fg_count=128 positive_pair_count=64 positive_pair_distance_sum=1138 roi_count=64 valid_neg_count=126 valid_pos_count=128 warmup_stage=2
2026-07-30 22:41:24,767 - portable_sam_fusion - INFO - [DEBUG-BOX] epoch=17 step=4850 fallback_count=0 fallback_ratio=0 num_rois=64 refined_proposal_iou=0 refined_proposal_iou_sum=0 refined_valid_count=0
2026-07-30 22:41:24,767 - portable_sam_fusion - INFO - [DEBUG-COARSE] epoch=17 step=4850 bce_raw=0.1651 boundary_fn=3220 boundary_fp=3581 boundary_tp=2.197e+04 dice=0.07761 dice_loss_raw=0.07761 iou=0.8587 loss_weight=0.1 raw_boundary_fn=3220 raw_boundary_fp=3581 raw_boundary_tp=2.197e+04 raw_dice_score=0.9224 raw_iou=0.8587 weighted_loss=0.02428
2026-07-30 22:41:24,767 - portable_sam_fusion - INFO - [DEBUG-CONTEXT] epoch=17 step=4850 enabled=0
2026-07-30 22:41:24,767 - portable_sam_fusion - INFO - [DEBUG-JITTER] epoch=17 step=4850 area_ratio_count=64 area_ratio_mean=1 area_ratio_sum=64 fallback_count=0 mean_iou=1 num_jittered=0 num_rois=64
2026-07-30 22:41:24,767 - portable_sam_fusion - INFO - [DEBUG-SP] epoch=17 step=4850 all_invalid_count=0 all_invalid_ratio=0 empty_count=0 empty_ratio=0 full_count=0 full_ratio=0 mean_point_distance=24.37 n1_gt_valid_count=64 n1_in_gt_bg=0.8906 n1_in_gt_bg_count=57 n1_valid_count=64 n1_valid_ratio=1 n2_gt_valid_count=64 n2_in_gt_bg=0.9844 n2_in_gt_bg_count=63 n2_valid_count=64 n2_valid_ratio=1 neg_in_pred_bg=1 neg_in_pred_bg_count=128 negative_pair_count=64 negative_pair_distance_sum=2378 p1_gt_valid_count=64 p1_in_gt_fg=1 p1_in_gt_fg_count=64 p1_valid_count=64 p1_valid_ratio=1 p2_gt_valid_count=64 p2_in_gt_fg=1 p2_in_gt_fg_count=64 p2_valid_count=64 p2_valid_ratio=1 point_distance_sum=3120 point_overlap_count=0 point_overlap_ratio=0 point_pair_count=128 pos_in_pred_fg=1 pos_in_pred_fg_count=128 positive_pair_count=64 positive_pair_distance_sum=741.3 roi_count=64 valid_neg_count=128 valid_pos_count=128 warmup_stage=2
2026-07-30 22:42:16,904 - portable_sam_fusion - INFO - [DEBUG-BOX] epoch=17 step=4900 fallback_count=0 fallback_ratio=0 num_rois=64 refined_proposal_iou=0 refined_proposal_iou_sum=0 refined_valid_count=0
2026-07-30 22:42:16,905 - portable_sam_fusion - INFO - [DEBUG-COARSE] epoch=17 step=4900 bce_raw=0.1611 boundary_fn=3188 boundary_fp=3097 boundary_tp=2.232e+04 dice=0.08542 dice_loss_raw=0.08542 iou=0.8465 loss_weight=0.1 raw_boundary_fn=3188 raw_boundary_fp=3097 raw_boundary_tp=2.232e+04 raw_dice_score=0.9146 raw_iou=0.8465 weighted_loss=0.02465
2026-07-30 22:42:16,905 - portable_sam_fusion - INFO - [DEBUG-CONTEXT] epoch=17 step=4900 enabled=0
2026-07-30 22:42:16,905 - portable_sam_fusion - INFO - [DEBUG-JITTER] epoch=17 step=4900 area_ratio_count=64 area_ratio_mean=1 area_ratio_sum=64 fallback_count=0 mean_iou=1 num_jittered=0 num_rois=64
2026-07-30 22:42:16,905 - portable_sam_fusion - INFO - [DEBUG-SP] epoch=17 step=4900 all_invalid_count=0 all_invalid_ratio=0 empty_count=0 empty_ratio=0 full_count=0 full_ratio=0 mean_point_distance=24.27 n1_gt_valid_count=64 n1_in_gt_bg=0.7969 n1_in_gt_bg_count=51 n1_valid_count=64 n1_valid_ratio=1 n2_gt_valid_count=64 n2_in_gt_bg=1 n2_in_gt_bg_count=64 n2_valid_count=64 n2_valid_ratio=1 neg_in_pred_bg=1 neg_in_pred_bg_count=128 negative_pair_count=64 negative_pair_distance_sum=2229 p1_gt_valid_count=64 p1_in_gt_fg=1 p1_in_gt_fg_count=64 p1_valid_count=64 p1_valid_ratio=1 p2_gt_valid_count=64 p2_in_gt_fg=1 p2_in_gt_fg_count=64 p2_valid_count=64 p2_valid_ratio=1 point_distance_sum=3106 point_overlap_count=0 point_overlap_ratio=0 point_pair_count=128 pos_in_pred_fg=1 pos_in_pred_fg_count=128 positive_pair_count=64 positive_pair_distance_sum=876.9 roi_count=64 valid_neg_count=128 valid_pos_count=128 warmup_stage=2
2026-07-30 22:43:09,486 - portable_sam_fusion - INFO - [DEBUG-BOX] epoch=17 step=4950 fallback_count=0 fallback_ratio=0 num_rois=64 refined_proposal_iou=0 refined_proposal_iou_sum=0 refined_valid_count=0
2026-07-30 22:43:09,486 - portable_sam_fusion - INFO - [DEBUG-COARSE] epoch=17 step=4950 bce_raw=0.1625 boundary_fn=2363 boundary_fp=3450 boundary_tp=2.215e+04 dice=0.0694 dice_loss_raw=0.0694 iou=0.872 loss_weight=0.1 raw_boundary_fn=2363 raw_boundary_fp=3450 raw_boundary_tp=2.215e+04 raw_dice_score=0.9306 raw_iou=0.872 weighted_loss=0.02319
2026-07-30 22:43:09,486 - portable_sam_fusion - INFO - [DEBUG-CONTEXT] epoch=17 step=4950 enabled=0
2026-07-30 22:43:09,486 - portable_sam_fusion - INFO - [DEBUG-JITTER] epoch=17 step=4950 area_ratio_count=64 area_ratio_mean=1 area_ratio_sum=64 fallback_count=0 mean_iou=1 num_jittered=0 num_rois=64
2026-07-30 22:43:09,486 - portable_sam_fusion - INFO - [DEBUG-SP] epoch=17 step=4950 all_invalid_count=0 all_invalid_ratio=0 empty_count=0 empty_ratio=0 full_count=1 full_ratio=0.01562 mean_point_distance=20.35 n1_gt_valid_count=63 n1_in_gt_bg=0.7302 n1_in_gt_bg_count=46 n1_valid_count=63 n1_valid_ratio=0.9844 n2_gt_valid_count=62 n2_in_gt_bg=0.9355 n2_in_gt_bg_count=58 n2_valid_count=62 n2_valid_ratio=0.9688 neg_in_pred_bg=1 neg_in_pred_bg_count=125 negative_pair_count=62 negative_pair_distance_sum=1953 p1_gt_valid_count=64 p1_in_gt_fg=1 p1_in_gt_fg_count=64 p1_valid_count=64 p1_valid_ratio=1 p2_gt_valid_count=64 p2_in_gt_fg=1 p2_in_gt_fg_count=64 p2_valid_count=64 p2_valid_ratio=1 point_distance_sum=2564 point_overlap_count=0 point_overlap_ratio=0 point_pair_count=126 pos_in_pred_fg=1 pos_in_pred_fg_count=128 positive_pair_count=64 positive_pair_distance_sum=610.6 roi_count=64 valid_neg_count=125 valid_pos_count=128 warmup_stage=2
2026-07-30 22:43:29,680 - portable_sam_fusion - INFO - epoch 17 | mini-batch 264/294 | optimizer_step 1250/5920 | lr=4.534e-04
2026-07-30 22:43:58,514 - portable_sam_fusion - INFO - Epoch 17 detailed losses: loss_rpn_cls=0.0171, loss_rpn_bbox=0.0063, loss_cls=0.2007, acc=92.0624, loss_bbox=0.0824, loss_mask=0.0013, debug_mask_pos_rois=56.7959, debug_mask_logit_mean=-15.0509, debug_mask_logit_std=2.6820, debug_mask_prob_mean=0.0045, debug_mask_prob_ge05=0.0045, debug_mask_target_fill=0.0046, loss_shape_prior=0.0223, schedule/det_weight=1.0000
2026-07-30 22:43:58,515 - portable_sam_fusion - INFO - Epoch 17 primary loss shares: det=92.85% final_mask=0.39% shape=6.76% p2_boundary=0.00%
2026-07-30 22:43:58,515 - portable_sam_fusion - INFO - Epoch 17 schedule: det_loss_weight=1.000 early_stop_start=20 min_delta=0.0005
2026-07-30 22:43:58,515 - portable_sam_fusion - INFO - Epoch 17 learning rates: sat_backbone=4.53e-04, mask_decoder=4.53e-04, shape_prior=4.53e-04, quality_head=4.53e-04, sat_other=4.53e-04
2026-07-30 22:46:54,251 - portable_sam_fusion - INFO - Validation samples: GT=15926, DT=18435, avg_masks_per_image=29.40, avg_mask_fill=0.0059
creating index...
index created!
Loading and preparing results...
DONE (t=0.02s)
creating index...
index created!
Running per image evaluation...
Evaluate annotation type *bbox*
DONE (t=10.80s).
Accumulating evaluation results...
DONE (t=0.16s).
 Average Precision  (AP) @[ IoU=0.50:0.95 | area=   all | maxDets=100 ] = 0.663
 Average Precision  (AP) @[ IoU=0.50      | area=   all | maxDets=100 ] = 0.894
 Average Precision  (AP) @[ IoU=0.75      | area=   all | maxDets=100 ] = 0.799
 Average Precision  (AP) @[ IoU=0.50:0.95 | area= small | maxDets=100 ] = 0.299
 Average Precision  (AP) @[ IoU=0.50:0.95 | area=medium | maxDets=100 ] = 0.704
 Average Precision  (AP) @[ IoU=0.50:0.95 | area= large | maxDets=100 ] = 0.738
 Average Recall     (AR) @[ IoU=0.50:0.95 | area=   all | maxDets=  1 ] = 0.025
 Average Recall     (AR) @[ IoU=0.50:0.95 | area=   all | maxDets= 10 ] = 0.182
 Average Recall     (AR) @[ IoU=0.50:0.95 | area=   all | maxDets=100 ] = 0.715
 Average Recall     (AR) @[ IoU=0.50:0.95 | area= small | maxDets=100 ] = 0.415
 Average Recall     (AR) @[ IoU=0.50:0.95 | area=medium | maxDets=100 ] = 0.755
 Average Recall     (AR) @[ IoU=0.50:0.95 | area= large | maxDets=100 ] = 0.791
2026-07-30 22:47:05,391 - portable_sam_fusion - INFO - Validation bbox/mAP: 0.6626 bbox/mAP_75: 0.7987
Running per image evaluation...
Evaluate annotation type *segm*
DONE (t=10.92s).
Accumulating evaluation results...
DONE (t=0.16s).
 Average Precision  (AP) @[ IoU=0.50:0.95 | area=   all | maxDets=100 ] = 0.618
 Average Precision  (AP) @[ IoU=0.50      | area=   all | maxDets=100 ] = 0.887
 Average Precision  (AP) @[ IoU=0.75      | area=   all | maxDets=100 ] = 0.736
 Average Precision  (AP) @[ IoU=0.50:0.95 | area= small | maxDets=100 ] = 0.194
 Average Precision  (AP) @[ IoU=0.50:0.95 | area=medium | maxDets=100 ] = 0.642
 Average Precision  (AP) @[ IoU=0.50:0.95 | area= large | maxDets=100 ] = 0.777
 Average Recall     (AR) @[ IoU=0.50:0.95 | area=   all | maxDets=  1 ] = 0.025
 Average Recall     (AR) @[ IoU=0.50:0.95 | area=   all | maxDets= 10 ] = 0.179
 Average Recall     (AR) @[ IoU=0.50:0.95 | area=   all | maxDets=100 ] = 0.660
 Average Recall     (AR) @[ IoU=0.50:0.95 | area= small | maxDets=100 ] = 0.285
 Average Recall     (AR) @[ IoU=0.50:0.95 | area=medium | maxDets=100 ] = 0.685
 Average Recall     (AR) @[ IoU=0.50:0.95 | area= large | maxDets=100 ] = 0.824
2026-07-30 22:47:16,504 - portable_sam_fusion - INFO - Validation segm/mAP: 0.6177
2026-07-30 22:47:17,052 - portable_sam_fusion - INFO - Early-stop metric (segm/mAP): raw=0.6177 smooth(5)=0.6146; counter disabled before epoch 20
2026-07-30 22:47:22,106 - portable_sam_fusion - INFO - Epoch 17/80 | train=0.330001 val=disabled segm/mAP=0.6177 bbox/mAP=0.6626 | best_segm=0.6230 best_bbox=0.6689 best_comp=0.0000 | sat_backbone=4.53e-04 mask_decoder=4.53e-04 shape_prior=4.53e-04 quality_head=4.53e-04 sat_other=4.53e-04
2026-07-30 22:47:25,355 - portable_sam_fusion - INFO - [DEBUG-BOX] epoch=18 step=5000 fallback_count=0 fallback_ratio=0 num_rois=64 refined_proposal_iou=0 refined_proposal_iou_sum=0 refined_valid_count=0
2026-07-30 22:47:25,355 - portable_sam_fusion - INFO - [DEBUG-COARSE] epoch=18 step=5000 bce_raw=0.177 boundary_fn=3219 boundary_fp=2400 boundary_tp=2.411e+04 dice=0.0848 dice_loss_raw=0.0848 iou=0.8456 loss_weight=0.1 raw_boundary_fn=3219 raw_boundary_fp=2400 raw_boundary_tp=2.411e+04 raw_dice_score=0.9152 raw_iou=0.8456 weighted_loss=0.02618
2026-07-30 22:47:25,355 - portable_sam_fusion - INFO - [DEBUG-CONTEXT] epoch=18 step=5000 enabled=0
2026-07-30 22:47:25,355 - portable_sam_fusion - INFO - [DEBUG-JITTER] epoch=18 step=5000 area_ratio_count=64 area_ratio_mean=1 area_ratio_sum=64 fallback_count=0 mean_iou=1 num_jittered=0 num_rois=64
2026-07-30 22:47:25,355 - portable_sam_fusion - INFO - [DEBUG-SP] epoch=18 step=5000 all_invalid_count=0 all_invalid_ratio=0 empty_count=0 empty_ratio=0 full_count=0 full_ratio=0 mean_point_distance=29.2 n1_gt_valid_count=64 n1_in_gt_bg=0.6094 n1_in_gt_bg_count=39 n1_valid_count=64 n1_valid_ratio=1 n2_gt_valid_count=64 n2_in_gt_bg=0.9844 n2_in_gt_bg_count=63 n2_valid_count=64 n2_valid_ratio=1 neg_in_pred_bg=1 neg_in_pred_bg_count=128 negative_pair_count=64 negative_pair_distance_sum=2354 p1_gt_valid_count=64 p1_in_gt_fg=1 p1_in_gt_fg_count=64 p1_valid_count=64 p1_valid_ratio=1 p2_gt_valid_count=64 p2_in_gt_fg=1 p2_in_gt_fg_count=64 p2_valid_count=64 p2_valid_ratio=1 point_distance_sum=3738 point_overlap_count=0 point_overlap_ratio=0 point_pair_count=128 pos_in_pred_fg=1 pos_in_pred_fg_count=128 positive_pair_count=64 positive_pair_distance_sum=1384 roi_count=64 valid_neg_count=128 valid_pos_count=128 warmup_stage=2
2026-07-30 22:48:19,045 - portable_sam_fusion - INFO - [DEBUG-BOX] epoch=18 step=5050 fallback_count=0 fallback_ratio=0 num_rois=64 refined_proposal_iou=0 refined_proposal_iou_sum=0 refined_valid_count=0
2026-07-30 22:48:19,045 - portable_sam_fusion - INFO - [DEBUG-COARSE] epoch=18 step=5050 bce_raw=0.2222 boundary_fn=4376 boundary_fp=5172 boundary_tp=1.902e+04 dice=0.08785 dice_loss_raw=0.08785 iou=0.8434 loss_weight=0.1 raw_boundary_fn=4376 raw_boundary_fp=5172 raw_boundary_tp=1.902e+04 raw_dice_score=0.9122 raw_iou=0.8434 weighted_loss=0.031
2026-07-30 22:48:19,045 - portable_sam_fusion - INFO - [DEBUG-CONTEXT] epoch=18 step=5050 enabled=0
2026-07-30 22:48:19,045 - portable_sam_fusion - INFO - [DEBUG-JITTER] epoch=18 step=5050 area_ratio_count=64 area_ratio_mean=1 area_ratio_sum=64 fallback_count=0 mean_iou=1 num_jittered=0 num_rois=64
2026-07-30 22:48:19,045 - portable_sam_fusion - INFO - [DEBUG-SP] epoch=18 step=5050 all_invalid_count=0 all_invalid_ratio=0 empty_count=0 empty_ratio=0 full_count=0 full_ratio=0 mean_point_distance=19.49 n1_gt_valid_count=64 n1_in_gt_bg=0.6406 n1_in_gt_bg_count=41 n1_valid_count=64 n1_valid_ratio=1 n2_gt_valid_count=64 n2_in_gt_bg=1 n2_in_gt_bg_count=64 n2_valid_count=64 n2_valid_ratio=1 neg_in_pred_bg=1 neg_in_pred_bg_count=128 negative_pair_count=64 negative_pair_distance_sum=1936 p1_gt_valid_count=64 p1_in_gt_fg=1 p1_in_gt_fg_count=64 p1_valid_count=64 p1_valid_ratio=1 p2_gt_valid_count=64 p2_in_gt_fg=1 p2_in_gt_fg_count=64 p2_valid_count=64 p2_valid_ratio=1 point_distance_sum=2495 point_overlap_count=0 point_overlap_ratio=0 point_pair_count=128 pos_in_pred_fg=1 pos_in_pred_fg_count=128 positive_pair_count=64 positive_pair_distance_sum=558.9 roi_count=64 valid_neg_count=128 valid_pos_count=128 warmup_stage=2
2026-07-30 22:49:11,080 - portable_sam_fusion - INFO - [DEBUG-BOX] epoch=18 step=5100 fallback_count=0 fallback_ratio=0 num_rois=64 refined_proposal_iou=0 refined_proposal_iou_sum=0 refined_valid_count=0
2026-07-30 22:49:11,080 - portable_sam_fusion - INFO - [DEBUG-COARSE] epoch=18 step=5100 bce_raw=0.1732 boundary_fn=3915 boundary_fp=3580 boundary_tp=2.202e+04 dice=0.1028 dice_loss_raw=0.1028 iou=0.8182 loss_weight=0.1 raw_boundary_fn=3915 raw_boundary_fp=3580 raw_boundary_tp=2.202e+04 raw_dice_score=0.8972 raw_iou=0.8182 weighted_loss=0.0276
2026-07-30 22:49:11,080 - portable_sam_fusion - INFO - [DEBUG-CONTEXT] epoch=18 step=5100 enabled=0
2026-07-30 22:49:11,081 - portable_sam_fusion - INFO - [DEBUG-JITTER] epoch=18 step=5100 area_ratio_count=64 area_ratio_mean=1 area_ratio_sum=64 fallback_count=0 mean_iou=1 num_jittered=0 num_rois=64
2026-07-30 22:49:11,081 - portable_sam_fusion - INFO - [DEBUG-SP] epoch=18 step=5100 all_invalid_count=0 all_invalid_ratio=0 empty_count=0 empty_ratio=0 full_count=0 full_ratio=0 mean_point_distance=27.49 n1_gt_valid_count=64 n1_in_gt_bg=0.875 n1_in_gt_bg_count=56 n1_valid_count=64 n1_valid_ratio=1 n2_gt_valid_count=64 n2_in_gt_bg=1 n2_in_gt_bg_count=64 n2_valid_count=64 n2_valid_ratio=1 neg_in_pred_bg=1 neg_in_pred_bg_count=128 negative_pair_count=64 negative_pair_distance_sum=2608 p1_gt_valid_count=64 p1_in_gt_fg=1 p1_in_gt_fg_count=64 p1_valid_count=64 p1_valid_ratio=1 p2_gt_valid_count=64 p2_in_gt_fg=1 p2_in_gt_fg_count=64 p2_valid_count=64 p2_valid_ratio=1 point_distance_sum=3519 point_overlap_count=0 point_overlap_ratio=0 point_pair_count=128 pos_in_pred_fg=1 pos_in_pred_fg_count=128 positive_pair_count=64 positive_pair_distance_sum=911.4 roi_count=64 valid_neg_count=128 valid_pos_count=128 warmup_stage=2
2026-07-30 22:50:02,655 - portable_sam_fusion - INFO - [DEBUG-BOX] epoch=18 step=5150 fallback_count=0 fallback_ratio=0 num_rois=64 refined_proposal_iou=0 refined_proposal_iou_sum=0 refined_valid_count=0
2026-07-30 22:50:02,655 - portable_sam_fusion - INFO - [DEBUG-COARSE] epoch=18 step=5150 bce_raw=0.195 boundary_fn=3570 boundary_fp=3470 boundary_tp=2.384e+04 dice=0.08696 dice_loss_raw=0.08696 iou=0.8439 loss_weight=0.1 raw_boundary_fn=3570 raw_boundary_fp=3470 raw_boundary_tp=2.384e+04 raw_dice_score=0.913 raw_iou=0.8439 weighted_loss=0.02819
2026-07-30 22:50:02,655 - portable_sam_fusion - INFO - [DEBUG-CONTEXT] epoch=18 step=5150 enabled=0
2026-07-30 22:50:02,655 - portable_sam_fusion - INFO - [DEBUG-JITTER] epoch=18 step=5150 area_ratio_count=64 area_ratio_mean=1 area_ratio_sum=64 fallback_count=0 mean_iou=1 num_jittered=0 num_rois=64
2026-07-30 22:50:02,655 - portable_sam_fusion - INFO - [DEBUG-SP] epoch=18 step=5150 all_invalid_count=0 all_invalid_ratio=0 empty_count=0 empty_ratio=0 full_count=0 full_ratio=0 mean_point_distance=25.71 n1_gt_valid_count=64 n1_in_gt_bg=0.7344 n1_in_gt_bg_count=47 n1_valid_count=64 n1_valid_ratio=1 n2_gt_valid_count=64 n2_in_gt_bg=0.9688 n2_in_gt_bg_count=62 n2_valid_count=64 n2_valid_ratio=1 neg_in_pred_bg=1 neg_in_pred_bg_count=128 negative_pair_count=64 negative_pair_distance_sum=2405 p1_gt_valid_count=64 p1_in_gt_fg=1 p1_in_gt_fg_count=64 p1_valid_count=64 p1_valid_ratio=1 p2_gt_valid_count=64 p2_in_gt_fg=1 p2_in_gt_fg_count=64 p2_valid_count=64 p2_valid_ratio=1 point_distance_sum=3290 point_overlap_count=0 point_overlap_ratio=0 point_pair_count=128 pos_in_pred_fg=1 pos_in_pred_fg_count=128 positive_pair_count=64 positive_pair_distance_sum=885.5 roi_count=64 valid_neg_count=128 valid_pos_count=128 warmup_stage=2
2026-07-30 22:50:20,722 - portable_sam_fusion - INFO - epoch 18 | mini-batch 168/294 | optimizer_step 1300/5920 | lr=4.494e-04
2026-07-30 22:50:57,535 - portable_sam_fusion - INFO - [DEBUG-BOX] epoch=18 step=5200 fallback_count=0 fallback_ratio=0 num_rois=64 refined_proposal_iou=0 refined_proposal_iou_sum=0 refined_valid_count=0
2026-07-30 22:50:57,535 - portable_sam_fusion - INFO - [DEBUG-COARSE] epoch=18 step=5200 bce_raw=0.1662 boundary_fn=3275 boundary_fp=2072 boundary_tp=2.397e+04 dice=0.09444 dice_loss_raw=0.09444 iou=0.8303 loss_weight=0.1 raw_boundary_fn=3275 raw_boundary_fp=2072 raw_boundary_tp=2.397e+04 raw_dice_score=0.9056 raw_iou=0.8303 weighted_loss=0.02607
2026-07-30 22:50:57,535 - portable_sam_fusion - INFO - [DEBUG-CONTEXT] epoch=18 step=5200 enabled=0
2026-07-30 22:50:57,535 - portable_sam_fusion - INFO - [DEBUG-JITTER] epoch=18 step=5200 area_ratio_count=64 area_ratio_mean=1 area_ratio_sum=64 fallback_count=0 mean_iou=1 num_jittered=0 num_rois=64
2026-07-30 22:50:57,535 - portable_sam_fusion - INFO - [DEBUG-SP] epoch=18 step=5200 all_invalid_count=0 all_invalid_ratio=0 empty_count=0 empty_ratio=0 full_count=0 full_ratio=0 mean_point_distance=23.29 n1_gt_valid_count=64 n1_in_gt_bg=0.8594 n1_in_gt_bg_count=55 n1_valid_count=64 n1_valid_ratio=1 n2_gt_valid_count=64 n2_in_gt_bg=1 n2_in_gt_bg_count=64 n2_valid_count=64 n2_valid_ratio=1 neg_in_pred_bg=1 neg_in_pred_bg_count=128 negative_pair_count=64 negative_pair_distance_sum=2248 p1_gt_valid_count=64 p1_in_gt_fg=1 p1_in_gt_fg_count=64 p1_valid_count=64 p1_valid_ratio=1 p2_gt_valid_count=64 p2_in_gt_fg=0.9844 p2_in_gt_fg_count=63 p2_valid_count=64 p2_valid_ratio=1 point_distance_sum=2981 point_overlap_count=0 point_overlap_ratio=0 point_pair_count=128 pos_in_pred_fg=1 pos_in_pred_fg_count=128 positive_pair_count=64 positive_pair_distance_sum=732.9 roi_count=64 valid_neg_count=128 valid_pos_count=128 warmup_stage=2
2026-07-30 22:51:52,211 - portable_sam_fusion - INFO - [DEBUG-BOX] epoch=18 step=5250 fallback_count=0 fallback_ratio=0 num_rois=64 refined_proposal_iou=0 refined_proposal_iou_sum=0 refined_valid_count=0
2026-07-30 22:51:52,211 - portable_sam_fusion - INFO - [DEBUG-COARSE] epoch=18 step=5250 bce_raw=0.1735 boundary_fn=2866 boundary_fp=3501 boundary_tp=2.135e+04 dice=0.06877 dice_loss_raw=0.06877 iou=0.8737 loss_weight=0.1 raw_boundary_fn=2866 raw_boundary_fp=3501 raw_boundary_tp=2.135e+04 raw_dice_score=0.9312 raw_iou=0.8737 weighted_loss=0.02422
2026-07-30 22:51:52,212 - portable_sam_fusion - INFO - [DEBUG-CONTEXT] epoch=18 step=5250 enabled=0
2026-07-30 22:51:52,212 - portable_sam_fusion - INFO - [DEBUG-JITTER] epoch=18 step=5250 area_ratio_count=64 area_ratio_mean=1 area_ratio_sum=64 fallback_count=0 mean_iou=1 num_jittered=0 num_rois=64
2026-07-30 22:51:52,212 - portable_sam_fusion - INFO - [DEBUG-SP] epoch=18 step=5250 all_invalid_count=0 all_invalid_ratio=0 empty_count=0 empty_ratio=0 full_count=0 full_ratio=0 mean_point_distance=27.5 n1_gt_valid_count=64 n1_in_gt_bg=0.6406 n1_in_gt_bg_count=41 n1_valid_count=64 n1_valid_ratio=1 n2_gt_valid_count=62 n2_in_gt_bg=0.9032 n2_in_gt_bg_count=56 n2_valid_count=62 n2_valid_ratio=0.9688 neg_in_pred_bg=1 neg_in_pred_bg_count=126 negative_pair_count=62 negative_pair_distance_sum=2632 p1_gt_valid_count=64 p1_in_gt_fg=1 p1_in_gt_fg_count=64 p1_valid_count=64 p1_valid_ratio=1 p2_gt_valid_count=64 p2_in_gt_fg=1 p2_in_gt_fg_count=64 p2_valid_count=64 p2_valid_ratio=1 point_distance_sum=3465 point_overlap_count=0 point_overlap_ratio=0 point_pair_count=126 pos_in_pred_fg=1 pos_in_pred_fg_count=128 positive_pair_count=64 positive_pair_distance_sum=832.2 roi_count=64 valid_neg_count=126 valid_pos_count=128 warmup_stage=2
2026-07-30 22:52:37,140 - portable_sam_fusion - INFO - Epoch 18 detailed losses: loss_rpn_cls=0.0152, loss_rpn_bbox=0.0058, loss_cls=0.1935, acc=92.4889, loss_bbox=0.0813, loss_mask=0.0014, debug_mask_pos_rois=56.1259, debug_mask_logit_mean=-15.2379, debug_mask_logit_std=2.7630, debug_mask_prob_mean=0.0048, debug_mask_prob_ge05=0.0048, debug_mask_target_fill=0.0048, loss_shape_prior=0.0220, schedule/det_weight=1.0000
2026-07-30 22:52:37,141 - portable_sam_fusion - INFO - Epoch 18 primary loss shares: det=92.66% final_mask=0.45% shape=6.89% p2_boundary=0.00%
2026-07-30 22:52:37,141 - portable_sam_fusion - INFO - Epoch 18 schedule: det_loss_weight=1.000 early_stop_start=20 min_delta=0.0005
2026-07-30 22:52:37,141 - portable_sam_fusion - INFO - Epoch 18 learning rates: sat_backbone=4.47e-04, mask_decoder=4.47e-04, shape_prior=4.47e-04, quality_head=4.47e-04, sat_other=4.47e-04
2026-07-30 22:55:27,433 - portable_sam_fusion - INFO - Validation samples: GT=15926, DT=17125, avg_masks_per_image=27.31, avg_mask_fill=0.0056
creating index...
index created!
Loading and preparing results...
DONE (t=0.02s)
creating index...
index created!
Running per image evaluation...
Evaluate annotation type *bbox*
DONE (t=10.46s).
Accumulating evaluation results...
DONE (t=0.16s).
 Average Precision  (AP) @[ IoU=0.50:0.95 | area=   all | maxDets=100 ] = 0.650
 Average Precision  (AP) @[ IoU=0.50      | area=   all | maxDets=100 ] = 0.899
 Average Precision  (AP) @[ IoU=0.75      | area=   all | maxDets=100 ] = 0.814
 Average Precision  (AP) @[ IoU=0.50:0.95 | area= small | maxDets=100 ] = 0.322
 Average Precision  (AP) @[ IoU=0.50:0.95 | area=medium | maxDets=100 ] = 0.684
 Average Precision  (AP) @[ IoU=0.50:0.95 | area= large | maxDets=100 ] = 0.732
 Average Recall     (AR) @[ IoU=0.50:0.95 | area=   all | maxDets=  1 ] = 0.024
 Average Recall     (AR) @[ IoU=0.50:0.95 | area=   all | maxDets= 10 ] = 0.176
 Average Recall     (AR) @[ IoU=0.50:0.95 | area=   all | maxDets=100 ] = 0.701
 Average Recall     (AR) @[ IoU=0.50:0.95 | area= small | maxDets=100 ] = 0.416
 Average Recall     (AR) @[ IoU=0.50:0.95 | area=medium | maxDets=100 ] = 0.735
 Average Recall     (AR) @[ IoU=0.50:0.95 | area= large | maxDets=100 ] = 0.787
2026-07-30 22:55:38,224 - portable_sam_fusion - INFO - Validation bbox/mAP: 0.6501 bbox/mAP_75: 0.8139
Running per image evaluation...
Evaluate annotation type *segm*
DONE (t=10.64s).
Accumulating evaluation results...
DONE (t=0.16s).
 Average Precision  (AP) @[ IoU=0.50:0.95 | area=   all | maxDets=100 ] = 0.637
 Average Precision  (AP) @[ IoU=0.50      | area=   all | maxDets=100 ] = 0.891
 Average Precision  (AP) @[ IoU=0.75      | area=   all | maxDets=100 ] = 0.761
 Average Precision  (AP) @[ IoU=0.50:0.95 | area= small | maxDets=100 ] = 0.231
 Average Precision  (AP) @[ IoU=0.50:0.95 | area=medium | maxDets=100 ] = 0.667
 Average Precision  (AP) @[ IoU=0.50:0.95 | area= large | maxDets=100 ] = 0.783
 Average Recall     (AR) @[ IoU=0.50:0.95 | area=   all | maxDets=  1 ] = 0.025
 Average Recall     (AR) @[ IoU=0.50:0.95 | area=   all | maxDets= 10 ] = 0.180
 Average Recall     (AR) @[ IoU=0.50:0.95 | area=   all | maxDets=100 ] = 0.678
 Average Recall     (AR) @[ IoU=0.50:0.95 | area= small | maxDets=100 ] = 0.305
 Average Recall     (AR) @[ IoU=0.50:0.95 | area=medium | maxDets=100 ] = 0.707
 Average Recall     (AR) @[ IoU=0.50:0.95 | area= large | maxDets=100 ] = 0.829
2026-07-30 22:55:49,051 - portable_sam_fusion - INFO - Validation segm/mAP: 0.6365
2026-07-30 22:55:49,820 - portable_sam_fusion - INFO - New best segm/mAP: 0.6365
2026-07-30 22:55:49,821 - portable_sam_fusion - INFO - New best early-stop metric (segm/mAP): raw=0.6365 smooth(5)=0.6173
2026-07-30 22:55:52,189 - portable_sam_fusion - INFO - Saved best_model with segm/mAP: 0.6365
2026-07-30 22:55:57,476 - portable_sam_fusion - INFO - Epoch 18/80 | train=0.319110 val=disabled segm/mAP=0.6365 bbox/mAP=0.6501 | best_segm=0.6365 best_bbox=0.6689 best_comp=0.0000 | sat_backbone=4.47e-04 mask_decoder=4.47e-04 shape_prior=4.47e-04 quality_head=4.47e-04 sat_other=4.47e-04
2026-07-30 22:56:07,784 - portable_sam_fusion - INFO - [DEBUG-BOX] epoch=19 step=5300 fallback_count=0 fallback_ratio=0 num_rois=64 refined_proposal_iou=0 refined_proposal_iou_sum=0 refined_valid_count=0
2026-07-30 22:56:07,784 - portable_sam_fusion - INFO - [DEBUG-COARSE] epoch=19 step=5300 bce_raw=0.1407 boundary_fn=2106 boundary_fp=1976 boundary_tp=2.57e+04 dice=0.08777 dice_loss_raw=0.08777 iou=0.842 loss_weight=0.1 raw_boundary_fn=2106 raw_boundary_fp=1976 raw_boundary_tp=2.57e+04 raw_dice_score=0.9122 raw_iou=0.842 weighted_loss=0.02285
2026-07-30 22:56:07,784 - portable_sam_fusion - INFO - [DEBUG-CONTEXT] epoch=19 step=5300 enabled=0
2026-07-30 22:56:07,784 - portable_sam_fusion - INFO - [DEBUG-JITTER] epoch=19 step=5300 area_ratio_count=64 area_ratio_mean=1 area_ratio_sum=64 fallback_count=0 mean_iou=1 num_jittered=0 num_rois=64
2026-07-30 22:56:07,784 - portable_sam_fusion - INFO - [DEBUG-SP] epoch=19 step=5300 all_invalid_count=0 all_invalid_ratio=0 empty_count=0 empty_ratio=0 full_count=0 full_ratio=0 mean_point_distance=30.3 n1_gt_valid_count=64 n1_in_gt_bg=0.9688 n1_in_gt_bg_count=62 n1_valid_count=64 n1_valid_ratio=1 n2_gt_valid_count=64 n2_in_gt_bg=1 n2_in_gt_bg_count=64 n2_valid_count=64 n2_valid_ratio=1 neg_in_pred_bg=1 neg_in_pred_bg_count=128 negative_pair_count=64 negative_pair_distance_sum=2878 p1_gt_valid_count=64 p1_in_gt_fg=1 p1_in_gt_fg_count=64 p1_valid_count=64 p1_valid_ratio=1 p2_gt_valid_count=64 p2_in_gt_fg=1 p2_in_gt_fg_count=64 p2_valid_count=64 p2_valid_ratio=1 point_distance_sum=3879 point_overlap_count=0 point_overlap_ratio=0 point_pair_count=128 pos_in_pred_fg=1 pos_in_pred_fg_count=128 positive_pair_count=64 positive_pair_distance_sum=1000 roi_count=64 valid_neg_count=128 valid_pos_count=128 warmup_stage=2
2026-07-30 22:56:57,424 - portable_sam_fusion - INFO - [DEBUG-BOX] epoch=19 step=5350 fallback_count=0 fallback_ratio=0 num_rois=64 refined_proposal_iou=0 refined_proposal_iou_sum=0 refined_valid_count=0
2026-07-30 22:56:57,424 - portable_sam_fusion - INFO - [DEBUG-COARSE] epoch=19 step=5350 bce_raw=0.1424 boundary_fn=2245 boundary_fp=1822 boundary_tp=2.472e+04 dice=0.07051 dice_loss_raw=0.07051 iou=0.8699 loss_weight=0.1 raw_boundary_fn=2245 raw_boundary_fp=1822 raw_boundary_tp=2.472e+04 raw_dice_score=0.9295 raw_iou=0.8699 weighted_loss=0.02129
2026-07-30 22:56:57,424 - portable_sam_fusion - INFO - [DEBUG-CONTEXT] epoch=19 step=5350 enabled=0
2026-07-30 22:56:57,424 - portable_sam_fusion - INFO - [DEBUG-JITTER] epoch=19 step=5350 area_ratio_count=64 area_ratio_mean=1 area_ratio_sum=64 fallback_count=0 mean_iou=1 num_jittered=0 num_rois=64
2026-07-30 22:56:57,424 - portable_sam_fusion - INFO - [DEBUG-SP] epoch=19 step=5350 all_invalid_count=0 all_invalid_ratio=0 empty_count=0 empty_ratio=0 full_count=0 full_ratio=0 mean_point_distance=29.21 n1_gt_valid_count=64 n1_in_gt_bg=0.8438 n1_in_gt_bg_count=54 n1_valid_count=64 n1_valid_ratio=1 n2_gt_valid_count=64 n2_in_gt_bg=0.9844 n2_in_gt_bg_count=63 n2_valid_count=64 n2_valid_ratio=1 neg_in_pred_bg=1 neg_in_pred_bg_count=128 negative_pair_count=64 negative_pair_distance_sum=2870 p1_gt_valid_count=64 p1_in_gt_fg=1 p1_in_gt_fg_count=64 p1_valid_count=64 p1_valid_ratio=1 p2_gt_valid_count=64 p2_in_gt_fg=1 p2_in_gt_fg_count=64 p2_valid_count=64 p2_valid_ratio=1 point_distance_sum=3738 point_overlap_count=0 point_overlap_ratio=0 point_pair_count=128 pos_in_pred_fg=1 pos_in_pred_fg_count=128 positive_pair_count=64 positive_pair_distance_sum=867.9 roi_count=64 valid_neg_count=128 valid_pos_count=128 warmup_stage=2
2026-07-30 22:57:11,973 - portable_sam_fusion - INFO - epoch 19 | mini-batch 72/294 | optimizer_step 1350/5920 | lr=4.453e-04
2026-07-30 22:57:50,076 - portable_sam_fusion - INFO - [DEBUG-BOX] epoch=19 step=5400 fallback_count=0 fallback_ratio=0 num_rois=64 refined_proposal_iou=0 refined_proposal_iou_sum=0 refined_valid_count=0
2026-07-30 22:57:50,076 - portable_sam_fusion - INFO - [DEBUG-COARSE] epoch=19 step=5400 bce_raw=0.1688 boundary_fn=2605 boundary_fp=2554 boundary_tp=2.625e+04 dice=0.09551 dice_loss_raw=0.09551 iou=0.831 loss_weight=0.1 raw_boundary_fn=2605 raw_boundary_fp=2554 raw_boundary_tp=2.625e+04 raw_dice_score=0.9045 raw_iou=0.831 weighted_loss=0.02643
2026-07-30 22:57:50,076 - portable_sam_fusion - INFO - [DEBUG-CONTEXT] epoch=19 step=5400 enabled=0
2026-07-30 22:57:50,077 - portable_sam_fusion - INFO - [DEBUG-JITTER] epoch=19 step=5400 area_ratio_count=64 area_ratio_mean=1 area_ratio_sum=64 fallback_count=0 mean_iou=1 num_jittered=0 num_rois=64
2026-07-30 22:57:50,077 - portable_sam_fusion - INFO - [DEBUG-SP] epoch=19 step=5400 all_invalid_count=0 all_invalid_ratio=0 empty_count=0 empty_ratio=0 full_count=0 full_ratio=0 mean_point_distance=32.57 n1_gt_valid_count=64 n1_in_gt_bg=0.9219 n1_in_gt_bg_count=59 n1_valid_count=64 n1_valid_ratio=1 n2_gt_valid_count=64 n2_in_gt_bg=1 n2_in_gt_bg_count=64 n2_valid_count=64 n2_valid_ratio=1 neg_in_pred_bg=1 neg_in_pred_bg_count=128 negative_pair_count=64 negative_pair_distance_sum=2813 p1_gt_valid_count=64 p1_in_gt_fg=0.9688 p1_in_gt_fg_count=62 p1_valid_count=64 p1_valid_ratio=1 p2_gt_valid_count=64 p2_in_gt_fg=1 p2_in_gt_fg_count=64 p2_valid_count=64 p2_valid_ratio=1 point_distance_sum=4169 point_overlap_count=0 point_overlap_ratio=0 point_pair_count=128 pos_in_pred_fg=1 pos_in_pred_fg_count=128 positive_pair_count=64 positive_pair_distance_sum=1356 roi_count=64 valid_neg_count=128 valid_pos_count=128 warmup_stage=2
2026-07-30 22:58:43,749 - portable_sam_fusion - INFO - [DEBUG-BOX] epoch=19 step=5450 fallback_count=0 fallback_ratio=0 num_rois=64 refined_proposal_iou=0 refined_proposal_iou_sum=0 refined_valid_count=0
2026-07-30 22:58:43,749 - portable_sam_fusion - INFO - [DEBUG-COARSE] epoch=19 step=5450 bce_raw=0.1213 boundary_fn=1858 boundary_fp=1223 boundary_tp=2.51e+04 dice=0.06848 dice_loss_raw=0.06848 iou=0.8732 loss_weight=0.1 raw_boundary_fn=1858 raw_boundary_fp=1223 raw_boundary_tp=2.51e+04 raw_dice_score=0.9315 raw_iou=0.8732 weighted_loss=0.01898
2026-07-30 22:58:43,749 - portable_sam_fusion - INFO - [DEBUG-CONTEXT] epoch=19 step=5450 enabled=0
2026-07-30 22:58:43,749 - portable_sam_fusion - INFO - [DEBUG-JITTER] epoch=19 step=5450 area_ratio_count=64 area_ratio_mean=1 area_ratio_sum=64 fallback_count=0 mean_iou=1 num_jittered=0 num_rois=64
2026-07-30 22:58:43,750 - portable_sam_fusion - INFO - [DEBUG-SP] epoch=19 step=5450 all_invalid_count=0 all_invalid_ratio=0 empty_count=0 empty_ratio=0 full_count=0 full_ratio=0 mean_point_distance=31.61 n1_gt_valid_count=64 n1_in_gt_bg=0.9375 n1_in_gt_bg_count=60 n1_valid_count=64 n1_valid_ratio=1 n2_gt_valid_count=64 n2_in_gt_bg=1 n2_in_gt_bg_count=64 n2_valid_count=64 n2_valid_ratio=1 neg_in_pred_bg=1 neg_in_pred_bg_count=128 negative_pair_count=64 negative_pair_distance_sum=3001 p1_gt_valid_count=64 p1_in_gt_fg=1 p1_in_gt_fg_count=64 p1_valid_count=64 p1_valid_ratio=1 p2_gt_valid_count=64 p2_in_gt_fg=1 p2_in_gt_fg_count=64 p2_valid_count=64 p2_valid_ratio=1 point_distance_sum=4046 point_overlap_count=0 point_overlap_ratio=0 point_pair_count=128 pos_in_pred_fg=1 pos_in_pred_fg_count=128 positive_pair_count=64 positive_pair_distance_sum=1045 roi_count=64 valid_neg_count=128 valid_pos_count=128 warmup_stage=2
2026-07-30 22:59:37,490 - portable_sam_fusion - INFO - [DEBUG-BOX] epoch=19 step=5500 fallback_count=0 fallback_ratio=0 num_rois=64 refined_proposal_iou=0 refined_proposal_iou_sum=0 refined_valid_count=0
2026-07-30 22:59:37,490 - portable_sam_fusion - INFO - [DEBUG-COARSE] epoch=19 step=5500 bce_raw=0.1434 boundary_fn=2102 boundary_fp=2564 boundary_tp=2.345e+04 dice=0.07237 dice_loss_raw=0.07237 iou=0.8677 loss_weight=0.1 raw_boundary_fn=2102 raw_boundary_fp=2564 raw_boundary_tp=2.345e+04 raw_dice_score=0.9276 raw_iou=0.8677 weighted_loss=0.02158
2026-07-30 22:59:37,490 - portable_sam_fusion - INFO - [DEBUG-CONTEXT] epoch=19 step=5500 enabled=0
2026-07-30 22:59:37,490 - portable_sam_fusion - INFO - [DEBUG-JITTER] epoch=19 step=5500 area_ratio_count=64 area_ratio_mean=1 area_ratio_sum=64 fallback_count=0 mean_iou=1 num_jittered=0 num_rois=64
2026-07-30 22:59:37,490 - portable_sam_fusion - INFO - [DEBUG-SP] epoch=19 step=5500 all_invalid_count=0 all_invalid_ratio=0 empty_count=0 empty_ratio=0 full_count=0 full_ratio=0 mean_point_distance=41.78 n1_gt_valid_count=64 n1_in_gt_bg=0.8906 n1_in_gt_bg_count=57 n1_valid_count=64 n1_valid_ratio=1 n2_gt_valid_count=64 n2_in_gt_bg=0.9844 n2_in_gt_bg_count=63 n2_valid_count=64 n2_valid_ratio=1 neg_in_pred_bg=1 neg_in_pred_bg_count=128 negative_pair_count=64 negative_pair_distance_sum=4133 p1_gt_valid_count=64 p1_in_gt_fg=1 p1_in_gt_fg_count=64 p1_valid_count=64 p1_valid_ratio=1 p2_gt_valid_count=64 p2_in_gt_fg=1 p2_in_gt_fg_count=64 p2_valid_count=64 p2_valid_ratio=1 point_distance_sum=5348 point_overlap_count=0 point_overlap_ratio=0 point_pair_count=128 pos_in_pred_fg=1 pos_in_pred_fg_count=128 positive_pair_count=64 positive_pair_distance_sum=1216 roi_count=64 valid_neg_count=128 valid_pos_count=128 warmup_stage=2
2026-07-30 23:00:30,175 - portable_sam_fusion - INFO - [DEBUG-BOX] epoch=19 step=5550 fallback_count=0 fallback_ratio=0 num_rois=0 refined_proposal_iou=0 refined_proposal_iou_sum=0 refined_valid_count=0
2026-07-30 23:00:30,176 - portable_sam_fusion - INFO - [DEBUG-COARSE] epoch=19 step=5550 boundary_fn=0 boundary_fp=0 boundary_tp=0 dice=0 iou=0
2026-07-30 23:00:30,176 - portable_sam_fusion - INFO - [DEBUG-CONTEXT] epoch=19 step=5550 enabled=0
2026-07-30 23:00:30,176 - portable_sam_fusion - INFO - [DEBUG-JITTER] epoch=19 step=5550 area_ratio_count=0 area_ratio_mean=0 area_ratio_sum=0 fallback_count=0 mean_iou=0 num_jittered=0 num_rois=0
2026-07-30 23:00:30,176 - portable_sam_fusion - INFO - [DEBUG-SP] epoch=19 step=5550 all_invalid_count=0 all_invalid_ratio=0 empty_count=0 empty_ratio=0 full_count=0 full_ratio=0 mean_point_distance=56.39 n1_gt_valid_count=64 n1_in_gt_bg=0.9375 n1_in_gt_bg_count=60 n1_valid_count=64 n1_valid_ratio=1 n2_gt_valid_count=63 n2_in_gt_bg=1 n2_in_gt_bg_count=63 n2_valid_count=63 n2_valid_ratio=0.9844 neg_in_pred_bg=1 neg_in_pred_bg_count=127 negative_pair_count=63 negative_pair_distance_sum=5113 p1_gt_valid_count=64 p1_in_gt_fg=1 p1_in_gt_fg_count=64 p1_valid_count=64 p1_valid_ratio=1 p2_gt_valid_count=64 p2_in_gt_fg=1 p2_in_gt_fg_count=64 p2_valid_count=64 p2_valid_ratio=1 point_distance_sum=7162 point_overlap_count=0 point_overlap_ratio=0 point_pair_count=127 pos_in_pred_fg=1 pos_in_pred_fg_count=128 positive_pair_count=64 positive_pair_distance_sum=2049 roi_count=64 valid_neg_count=127 valid_pos_count=128 warmup_stage=2
2026-07-30 23:00:44,524 - portable_sam_fusion - INFO - epoch 19 | mini-batch 272/294 | optimizer_step 1400/5920 | lr=4.410e-04
2026-07-30 23:01:07,508 - portable_sam_fusion - INFO - Epoch 19 detailed losses: loss_rpn_cls=0.0153, loss_rpn_bbox=0.0058, loss_cls=0.1968, acc=92.2639, loss_bbox=0.0799, loss_mask=0.0013, debug_mask_pos_rois=57.9286, debug_mask_logit_mean=-15.2568, debug_mask_logit_std=2.8206, debug_mask_prob_mean=0.0054, debug_mask_prob_ge05=0.0053, debug_mask_target_fill=0.0054, loss_shape_prior=0.0220, schedule/det_weight=1.0000
2026-07-30 23:01:07,509 - portable_sam_fusion - INFO - Epoch 19 primary loss shares: det=92.73% final_mask=0.42% shape=6.85% p2_boundary=0.00%
2026-07-30 23:01:07,509 - portable_sam_fusion - INFO - Epoch 19 schedule: det_loss_weight=1.000 early_stop_start=20 min_delta=0.0005
2026-07-30 23:01:07,509 - portable_sam_fusion - INFO - Epoch 19 learning rates: sat_backbone=4.40e-04, mask_decoder=4.40e-04, shape_prior=4.40e-04, quality_head=4.40e-04, sat_other=4.40e-04
2026-07-30 23:04:04,725 - portable_sam_fusion - INFO - Validation samples: GT=15926, DT=17933, avg_masks_per_image=28.60, avg_mask_fill=0.0059
creating index...
index created!
Loading and preparing results...
DONE (t=0.02s)
creating index...
index created!
Running per image evaluation...
Evaluate annotation type *bbox*
DONE (t=10.70s).
Accumulating evaluation results...
DONE (t=0.16s).
 Average Precision  (AP) @[ IoU=0.50:0.95 | area=   all | maxDets=100 ] = 0.698
 Average Precision  (AP) @[ IoU=0.50      | area=   all | maxDets=100 ] = 0.889
 Average Precision  (AP) @[ IoU=0.75      | area=   all | maxDets=100 ] = 0.815
 Average Precision  (AP) @[ IoU=0.50:0.95 | area= small | maxDets=100 ] = 0.307
 Average Precision  (AP) @[ IoU=0.50:0.95 | area=medium | maxDets=100 ] = 0.740
 Average Precision  (AP) @[ IoU=0.50:0.95 | area= large | maxDets=100 ] = 0.790
 Average Recall     (AR) @[ IoU=0.50:0.95 | area=   all | maxDets=  1 ] = 0.026
 Average Recall     (AR) @[ IoU=0.50:0.95 | area=   all | maxDets= 10 ] = 0.190
 Average Recall     (AR) @[ IoU=0.50:0.95 | area=   all | maxDets=100 ] = 0.743
 Average Recall     (AR) @[ IoU=0.50:0.95 | area= small | maxDets=100 ] = 0.416
 Average Recall     (AR) @[ IoU=0.50:0.95 | area=medium | maxDets=100 ] = 0.786
 Average Recall     (AR) @[ IoU=0.50:0.95 | area= large | maxDets=100 ] = 0.828
2026-07-30 23:04:15,820 - portable_sam_fusion - INFO - Validation bbox/mAP: 0.6982 bbox/mAP_75: 0.8150
Running per image evaluation...
Evaluate annotation type *segm*
DONE (t=10.83s).
Accumulating evaluation results...
DONE (t=0.16s).
 Average Precision  (AP) @[ IoU=0.50:0.95 | area=   all | maxDets=100 ] = 0.634
 Average Precision  (AP) @[ IoU=0.50      | area=   all | maxDets=100 ] = 0.890
 Average Precision  (AP) @[ IoU=0.75      | area=   all | maxDets=100 ] = 0.755
 Average Precision  (AP) @[ IoU=0.50:0.95 | area= small | maxDets=100 ] = 0.217
 Average Precision  (AP) @[ IoU=0.50:0.95 | area=medium | maxDets=100 ] = 0.658
 Average Precision  (AP) @[ IoU=0.50:0.95 | area= large | maxDets=100 ] = 0.790
 Average Recall     (AR) @[ IoU=0.50:0.95 | area=   all | maxDets=  1 ] = 0.025
 Average Recall     (AR) @[ IoU=0.50:0.95 | area=   all | maxDets= 10 ] = 0.180
 Average Recall     (AR) @[ IoU=0.50:0.95 | area=   all | maxDets=100 ] = 0.672
 Average Recall     (AR) @[ IoU=0.50:0.95 | area= small | maxDets=100 ] = 0.303
 Average Recall     (AR) @[ IoU=0.50:0.95 | area=medium | maxDets=100 ] = 0.698
 Average Recall     (AR) @[ IoU=0.50:0.95 | area= large | maxDets=100 ] = 0.829
2026-07-30 23:04:26,837 - portable_sam_fusion - INFO - Validation segm/mAP: 0.6336
2026-07-30 23:04:27,388 - portable_sam_fusion - INFO - New best bbox/mAP: 0.6982
2026-07-30 23:04:27,389 - portable_sam_fusion - INFO - New best early-stop metric (segm/mAP): raw=0.6336 smooth(5)=0.6212
2026-07-30 23:04:29,792 - portable_sam_fusion - INFO - Saved best_bbox_model with bbox/mAP: 0.6982
2026-07-30 23:04:35,298 - portable_sam_fusion - INFO - Epoch 19/80 | train=0.321154 val=disabled segm/mAP=0.6336 bbox/mAP=0.6982 | best_segm=0.6365 best_bbox=0.6982 best_comp=0.0000 | sat_backbone=4.40e-04 mask_decoder=4.40e-04 shape_prior=4.40e-04 quality_head=4.40e-04 sat_other=4.40e-04
2026-07-30 23:04:50,930 - portable_sam_fusion - INFO - [DEBUG-BOX] epoch=20 step=5600 fallback_count=0 fallback_ratio=0 num_rois=64 refined_proposal_iou=0 refined_proposal_iou_sum=0 refined_valid_count=0
2026-07-30 23:04:50,931 - portable_sam_fusion - INFO - [DEBUG-COARSE] epoch=20 step=5600 bce_raw=0.1322 boundary_fn=1852 boundary_fp=1585 boundary_tp=2.642e+04 dice=0.06832 dice_loss_raw=0.06832 iou=0.8732 loss_weight=0.1 raw_boundary_fn=1852 raw_boundary_fp=1585 raw_boundary_tp=2.642e+04 raw_dice_score=0.9317 raw_iou=0.8732 weighted_loss=0.02005
2026-07-30 23:04:50,931 - portable_sam_fusion - INFO - [DEBUG-CONTEXT] epoch=20 step=5600 enabled=0
2026-07-30 23:04:50,931 - portable_sam_fusion - INFO - [DEBUG-JITTER] epoch=20 step=5600 area_ratio_count=64 area_ratio_mean=1 area_ratio_sum=64 fallback_count=0 mean_iou=1 num_jittered=0 num_rois=64
2026-07-30 23:04:50,931 - portable_sam_fusion - INFO - [DEBUG-SP] epoch=20 step=5600 all_invalid_count=0 all_invalid_ratio=0 empty_count=0 empty_ratio=0 full_count=0 full_ratio=0 mean_point_distance=29.08 n1_gt_valid_count=64 n1_in_gt_bg=0.8281 n1_in_gt_bg_count=53 n1_valid_count=64 n1_valid_ratio=1 n2_gt_valid_count=64 n2_in_gt_bg=0.9688 n2_in_gt_bg_count=62 n2_valid_count=64 n2_valid_ratio=1 neg_in_pred_bg=1 neg_in_pred_bg_count=128 negative_pair_count=64 negative_pair_distance_sum=2741 p1_gt_valid_count=64 p1_in_gt_fg=1 p1_in_gt_fg_count=64 p1_valid_count=64 p1_valid_ratio=1 p2_gt_valid_count=64 p2_in_gt_fg=1 p2_in_gt_fg_count=64 p2_valid_count=64 p2_valid_ratio=1 point_distance_sum=3722 point_overlap_count=0 point_overlap_ratio=0 point_pair_count=128 pos_in_pred_fg=1 pos_in_pred_fg_count=128 positive_pair_count=64 positive_pair_distance_sum=980.9 roi_count=64 valid_neg_count=128 valid_pos_count=128 warmup_stage=2
2026-07-30 23:05:44,474 - portable_sam_fusion - INFO - [DEBUG-BOX] epoch=20 step=5650 fallback_count=0 fallback_ratio=0 num_rois=64 refined_proposal_iou=0 refined_proposal_iou_sum=0 refined_valid_count=0
2026-07-30 23:05:44,474 - portable_sam_fusion - INFO - [DEBUG-COARSE] epoch=20 step=5650 bce_raw=0.1851 boundary_fn=2463 boundary_fp=4019 boundary_tp=2.601e+04 dice=0.1064 dice_loss_raw=0.1064 iou=0.8131 loss_weight=0.1 raw_boundary_fn=2463 raw_boundary_fp=4019 raw_boundary_tp=2.601e+04 raw_dice_score=0.8936 raw_iou=0.8131 weighted_loss=0.02915
2026-07-30 23:05:44,474 - portable_sam_fusion - INFO - [DEBUG-CONTEXT] epoch=20 step=5650 enabled=0
2026-07-30 23:05:44,474 - portable_sam_fusion - INFO - [DEBUG-JITTER] epoch=20 step=5650 area_ratio_count=64 area_ratio_mean=1 area_ratio_sum=64 fallback_count=0 mean_iou=1 num_jittered=0 num_rois=64
2026-07-30 23:05:44,474 - portable_sam_fusion - INFO - [DEBUG-SP] epoch=20 step=5650 all_invalid_count=0 all_invalid_ratio=0 empty_count=0 empty_ratio=0 full_count=0 full_ratio=0 mean_point_distance=26.61 n1_gt_valid_count=64 n1_in_gt_bg=0.9688 n1_in_gt_bg_count=62 n1_valid_count=64 n1_valid_ratio=1 n2_gt_valid_count=64 n2_in_gt_bg=1 n2_in_gt_bg_count=64 n2_valid_count=64 n2_valid_ratio=1 neg_in_pred_bg=1 neg_in_pred_bg_count=128 negative_pair_count=64 negative_pair_distance_sum=2452 p1_gt_valid_count=64 p1_in_gt_fg=1 p1_in_gt_fg_count=64 p1_valid_count=64 p1_valid_ratio=1 p2_gt_valid_count=64 p2_in_gt_fg=1 p2_in_gt_fg_count=64 p2_valid_count=64 p2_valid_ratio=1 point_distance_sum=3406 point_overlap_count=0 point_overlap_ratio=0 point_pair_count=128 pos_in_pred_fg=1 pos_in_pred_fg_count=128 positive_pair_count=64 positive_pair_distance_sum=954.2 roi_count=64 valid_neg_count=128 valid_pos_count=128 warmup_stage=2
2026-07-30 23:06:36,290 - portable_sam_fusion - INFO - [DEBUG-BOX] epoch=20 step=5700 fallback_count=0 fallback_ratio=0 num_rois=64 refined_proposal_iou=0 refined_proposal_iou_sum=0 refined_valid_count=0
2026-07-30 23:06:36,290 - portable_sam_fusion - INFO - [DEBUG-COARSE] epoch=20 step=5700 bce_raw=0.1511 boundary_fn=2598 boundary_fp=2552 boundary_tp=2.498e+04 dice=0.07076 dice_loss_raw=0.07076 iou=0.8695 loss_weight=0.1 raw_boundary_fn=2598 raw_boundary_fp=2552 raw_boundary_tp=2.498e+04 raw_dice_score=0.9292 raw_iou=0.8695 weighted_loss=0.02218
2026-07-30 23:06:36,290 - portable_sam_fusion - INFO - [DEBUG-CONTEXT] epoch=20 step=5700 enabled=0
2026-07-30 23:06:36,291 - portable_sam_fusion - INFO - [DEBUG-JITTER] epoch=20 step=5700 area_ratio_count=64 area_ratio_mean=1 area_ratio_sum=64 fallback_count=0 mean_iou=1 num_jittered=0 num_rois=64
2026-07-30 23:06:36,291 - portable_sam_fusion - INFO - [DEBUG-SP] epoch=20 step=5700 all_invalid_count=0 all_invalid_ratio=0 empty_count=0 empty_ratio=0 full_count=0 full_ratio=0 mean_point_distance=27.58 n1_gt_valid_count=64 n1_in_gt_bg=0.9531 n1_in_gt_bg_count=61 n1_valid_count=64 n1_valid_ratio=1 n2_gt_valid_count=64 n2_in_gt_bg=1 n2_in_gt_bg_count=64 n2_valid_count=64 n2_valid_ratio=1 neg_in_pred_bg=1 neg_in_pred_bg_count=128 negative_pair_count=64 negative_pair_distance_sum=2343 p1_gt_valid_count=64 p1_in_gt_fg=1 p1_in_gt_fg_count=64 p1_valid_count=64 p1_valid_ratio=1 p2_gt_valid_count=64 p2_in_gt_fg=1 p2_in_gt_fg_count=64 p2_valid_count=64 p2_valid_ratio=1 point_distance_sum=3530 point_overlap_count=0 point_overlap_ratio=0 point_pair_count=128 pos_in_pred_fg=1 pos_in_pred_fg_count=128 positive_pair_count=64 positive_pair_distance_sum=1187 roi_count=64 valid_neg_count=128 valid_pos_count=128 warmup_stage=2
2026-07-30 23:07:30,864 - portable_sam_fusion - INFO - [DEBUG-BOX] epoch=20 step=5750 fallback_count=0 fallback_ratio=0 num_rois=64 refined_proposal_iou=0 refined_proposal_iou_sum=0 refined_valid_count=0
2026-07-30 23:07:30,864 - portable_sam_fusion - INFO - [DEBUG-COARSE] epoch=20 step=5750 bce_raw=0.1647 boundary_fn=2426 boundary_fp=2502 boundary_tp=2.506e+04 dice=0.07871 dice_loss_raw=0.07871 iou=0.8585 loss_weight=0.1 raw_boundary_fn=2426 raw_boundary_fp=2502 raw_boundary_tp=2.506e+04 raw_dice_score=0.9213 raw_iou=0.8585 weighted_loss=0.02434
2026-07-30 23:07:30,864 - portable_sam_fusion - INFO - [DEBUG-CONTEXT] epoch=20 step=5750 enabled=0
2026-07-30 23:07:30,864 - portable_sam_fusion - INFO - [DEBUG-JITTER] epoch=20 step=5750 area_ratio_count=64 area_ratio_mean=1 area_ratio_sum=64 fallback_count=0 mean_iou=1 num_jittered=0 num_rois=64
2026-07-30 23:07:30,864 - portable_sam_fusion - INFO - [DEBUG-SP] epoch=20 step=5750 all_invalid_count=0 all_invalid_ratio=0 empty_count=0 empty_ratio=0 full_count=0 full_ratio=0 mean_point_distance=32.57 n1_gt_valid_count=64 n1_in_gt_bg=0.9688 n1_in_gt_bg_count=62 n1_valid_count=64 n1_valid_ratio=1 n2_gt_valid_count=64 n2_in_gt_bg=1 n2_in_gt_bg_count=64 n2_valid_count=64 n2_valid_ratio=1 neg_in_pred_bg=1 neg_in_pred_bg_count=128 negative_pair_count=64 negative_pair_distance_sum=3075 p1_gt_valid_count=64 p1_in_gt_fg=0.9844 p1_in_gt_fg_count=63 p1_valid_count=64 p1_valid_ratio=1 p2_gt_valid_count=64 p2_in_gt_fg=0.9844 p2_in_gt_fg_count=63 p2_valid_count=64 p2_valid_ratio=1 point_distance_sum=4169 point_overlap_count=0 point_overlap_ratio=0 point_pair_count=128 pos_in_pred_fg=1 pos_in_pred_fg_count=128 positive_pair_count=64 positive_pair_distance_sum=1094 roi_count=64 valid_neg_count=128 valid_pos_count=128 warmup_stage=2
2026-07-30 23:07:43,558 - portable_sam_fusion - INFO - epoch 20 | mini-batch 176/294 | optimizer_step 1450/5920 | lr=4.366e-04
2026-07-30 23:08:23,606 - portable_sam_fusion - INFO - [DEBUG-BOX] epoch=20 step=5800 fallback_count=0 fallback_ratio=0 num_rois=34 refined_proposal_iou=0 refined_proposal_iou_sum=0 refined_valid_count=0
2026-07-30 23:08:23,607 - portable_sam_fusion - INFO - [DEBUG-COARSE] epoch=20 step=5800 bce_raw=0.059 boundary_fn=52 boundary_fp=20 boundary_tp=1.29e+04 dice=0.03744 dice_loss_raw=0.03744 iou=0.928 loss_weight=0.1 raw_boundary_fn=52 raw_boundary_fp=20 raw_boundary_tp=1.29e+04 raw_dice_score=0.9626 raw_iou=0.928 weighted_loss=0.009644
2026-07-30 23:08:23,607 - portable_sam_fusion - INFO - [DEBUG-CONTEXT] epoch=20 step=5800 enabled=0
2026-07-30 23:08:23,607 - portable_sam_fusion - INFO - [DEBUG-JITTER] epoch=20 step=5800 area_ratio_count=34 area_ratio_mean=1 area_ratio_sum=34 fallback_count=0 mean_iou=1 num_jittered=0 num_rois=34
2026-07-30 23:08:23,607 - portable_sam_fusion - INFO - [DEBUG-SP] epoch=20 step=5800 all_invalid_count=0 all_invalid_ratio=0 empty_count=0 empty_ratio=0 full_count=0 full_ratio=0 mean_point_distance=39.76 n1_gt_valid_count=34 n1_in_gt_bg=0.9412 n1_in_gt_bg_count=32 n1_valid_count=34 n1_valid_ratio=1 n2_gt_valid_count=34 n2_in_gt_bg=1 n2_in_gt_bg_count=34 n2_valid_count=34 n2_valid_ratio=1 neg_in_pred_bg=1 neg_in_pred_bg_count=68 negative_pair_count=34 negative_pair_distance_sum=1683 p1_gt_valid_count=34 p1_in_gt_fg=1 p1_in_gt_fg_count=34 p1_valid_count=34 p1_valid_ratio=1 p2_gt_valid_count=34 p2_in_gt_fg=1 p2_in_gt_fg_count=34 p2_valid_count=34 p2_valid_ratio=1 point_distance_sum=2703 point_overlap_count=0 point_overlap_ratio=0 point_pair_count=68 pos_in_pred_fg=1 pos_in_pred_fg_count=68 positive_pair_count=34 positive_pair_distance_sum=1021 roi_count=34 valid_neg_count=68 valid_pos_count=68 warmup_stage=2
2026-07-30 23:09:18,492 - portable_sam_fusion - INFO - [DEBUG-BOX] epoch=20 step=5850 fallback_count=0 fallback_ratio=0 num_rois=64 refined_proposal_iou=0 refined_proposal_iou_sum=0 refined_valid_count=0
2026-07-30 23:09:18,493 - portable_sam_fusion - INFO - [DEBUG-COARSE] epoch=20 step=5850 bce_raw=0.1503 boundary_fn=2102 boundary_fp=3018 boundary_tp=2.236e+04 dice=0.06251 dice_loss_raw=0.06251 iou=0.8838 loss_weight=0.1 raw_boundary_fn=2102 raw_boundary_fp=3018 raw_boundary_tp=2.236e+04 raw_dice_score=0.9375 raw_iou=0.8838 weighted_loss=0.02128
2026-07-30 23:09:18,493 - portable_sam_fusion - INFO - [DEBUG-CONTEXT] epoch=20 step=5850 enabled=0
2026-07-30 23:09:18,493 - portable_sam_fusion - INFO - [DEBUG-JITTER] epoch=20 step=5850 area_ratio_count=64 area_ratio_mean=1 area_ratio_sum=64 fallback_count=0 mean_iou=1 num_jittered=0 num_rois=64
2026-07-30 23:09:18,493 - portable_sam_fusion - INFO - [DEBUG-SP] epoch=20 step=5850 all_invalid_count=0 all_invalid_ratio=0 empty_count=0 empty_ratio=0 full_count=0 full_ratio=0 mean_point_distance=24.38 n1_gt_valid_count=64 n1_in_gt_bg=0.875 n1_in_gt_bg_count=56 n1_valid_count=64 n1_valid_ratio=1 n2_gt_valid_count=64 n2_in_gt_bg=0.9375 n2_in_gt_bg_count=60 n2_valid_count=64 n2_valid_ratio=1 neg_in_pred_bg=1 neg_in_pred_bg_count=128 negative_pair_count=64 negative_pair_distance_sum=2427 p1_gt_valid_count=64 p1_in_gt_fg=1 p1_in_gt_fg_count=64 p1_valid_count=64 p1_valid_ratio=1 p2_gt_valid_count=64 p2_in_gt_fg=1 p2_in_gt_fg_count=64 p2_valid_count=64 p2_valid_ratio=1 point_distance_sum=3121 point_overlap_count=0 point_overlap_ratio=0 point_pair_count=128 pos_in_pred_fg=1 pos_in_pred_fg_count=128 positive_pair_count=64 positive_pair_distance_sum=693.6 roi_count=64 valid_neg_count=128 valid_pos_count=128 warmup_stage=2
2026-07-30 23:09:50,212 - portable_sam_fusion - INFO - Epoch 20 detailed losses: loss_rpn_cls=0.0144, loss_rpn_bbox=0.0052, loss_cls=0.1804, acc=92.9128, loss_bbox=0.0722, loss_mask=0.0014, debug_mask_pos_rois=57.2279, debug_mask_logit_mean=-15.7661, debug_mask_logit_std=2.9460, debug_mask_prob_mean=0.0054, debug_mask_prob_ge05=0.0054, debug_mask_target_fill=0.0054, loss_shape_prior=0.0212, schedule/det_weight=1.0000
2026-07-30 23:09:50,213 - portable_sam_fusion - INFO - Epoch 20 primary loss shares: det=92.32% final_mask=0.48% shape=7.20% p2_boundary=0.00%
2026-07-30 23:09:50,213 - portable_sam_fusion - INFO - Epoch 20 schedule: det_loss_weight=1.000 early_stop_start=20 min_delta=0.0005
2026-07-30 23:09:50,213 - portable_sam_fusion - INFO - Epoch 20 learning rates: sat_backbone=4.34e-04, mask_decoder=4.34e-04, shape_prior=4.34e-04, quality_head=4.34e-04, sat_other=4.34e-04
2026-07-30 23:12:45,543 - portable_sam_fusion - INFO - Validation samples: GT=15926, DT=19004, avg_masks_per_image=30.31, avg_mask_fill=0.0048
creating index...
index created!
Loading and preparing results...
DONE (t=0.02s)
creating index...
index created!
Running per image evaluation...
Evaluate annotation type *bbox*
DONE (t=10.82s).
Accumulating evaluation results...
DONE (t=0.17s).
 Average Precision  (AP) @[ IoU=0.50:0.95 | area=   all | maxDets=100 ] = 0.701
 Average Precision  (AP) @[ IoU=0.50      | area=   all | maxDets=100 ] = 0.903
 Average Precision  (AP) @[ IoU=0.75      | area=   all | maxDets=100 ] = 0.812
 Average Precision  (AP) @[ IoU=0.50:0.95 | area= small | maxDets=100 ] = 0.344
 Average Precision  (AP) @[ IoU=0.50:0.95 | area=medium | maxDets=100 ] = 0.737
 Average Precision  (AP) @[ IoU=0.50:0.95 | area= large | maxDets=100 ] = 0.788
 Average Recall     (AR) @[ IoU=0.50:0.95 | area=   all | maxDets=  1 ] = 0.026
 Average Recall     (AR) @[ IoU=0.50:0.95 | area=   all | maxDets= 10 ] = 0.192
 Average Recall     (AR) @[ IoU=0.50:0.95 | area=   all | maxDets=100 ] = 0.752
 Average Recall     (AR) @[ IoU=0.50:0.95 | area= small | maxDets=100 ] = 0.465
 Average Recall     (AR) @[ IoU=0.50:0.95 | area=medium | maxDets=100 ] = 0.788
 Average Recall     (AR) @[ IoU=0.50:0.95 | area= large | maxDets=100 ] = 0.835
2026-07-30 23:12:56,705 - portable_sam_fusion - INFO - Validation bbox/mAP: 0.7015 bbox/mAP_75: 0.8118
Running per image evaluation...
Evaluate annotation type *segm*
DONE (t=11.17s).
Accumulating evaluation results...
DONE (t=0.17s).
 Average Precision  (AP) @[ IoU=0.50:0.95 | area=   all | maxDets=100 ] = 0.621
 Average Precision  (AP) @[ IoU=0.50      | area=   all | maxDets=100 ] = 0.895
 Average Precision  (AP) @[ IoU=0.75      | area=   all | maxDets=100 ] = 0.735
 Average Precision  (AP) @[ IoU=0.50:0.95 | area= small | maxDets=100 ] = 0.210
 Average Precision  (AP) @[ IoU=0.50:0.95 | area=medium | maxDets=100 ] = 0.643
 Average Precision  (AP) @[ IoU=0.50:0.95 | area= large | maxDets=100 ] = 0.781
 Average Recall     (AR) @[ IoU=0.50:0.95 | area=   all | maxDets=  1 ] = 0.025
 Average Recall     (AR) @[ IoU=0.50:0.95 | area=   all | maxDets= 10 ] = 0.179
 Average Recall     (AR) @[ IoU=0.50:0.95 | area=   all | maxDets=100 ] = 0.665
 Average Recall     (AR) @[ IoU=0.50:0.95 | area= small | maxDets=100 ] = 0.304
 Average Recall     (AR) @[ IoU=0.50:0.95 | area=medium | maxDets=100 ] = 0.690
 Average Recall     (AR) @[ IoU=0.50:0.95 | area= large | maxDets=100 ] = 0.822
2026-07-30 23:13:08,074 - portable_sam_fusion - INFO - Validation segm/mAP: 0.6211
2026-07-30 23:13:08,623 - portable_sam_fusion - INFO - New best bbox/mAP: 0.7015
2026-07-30 23:13:08,624 - portable_sam_fusion - INFO - New best early-stop metric (segm/mAP): raw=0.6211 smooth(5)=0.6222
2026-07-30 23:13:10,999 - portable_sam_fusion - INFO - Saved best_bbox_model with bbox/mAP: 0.7015
2026-07-30 23:13:16,449 - portable_sam_fusion - INFO - Epoch 20/80 | train=0.294778 val=disabled segm/mAP=0.6211 bbox/mAP=0.7015 | best_segm=0.6365 best_bbox=0.7015 best_comp=0.0000 | sat_backbone=4.34e-04 mask_decoder=4.34e-04 shape_prior=4.34e-04 quality_head=4.34e-04 sat_other=4.34e-04
2026-07-30 23:13:38,822 - portable_sam_fusion - INFO - [DEBUG-BOX] epoch=21 step=5900 fallback_count=0 fallback_ratio=0 num_rois=0 refined_proposal_iou=0 refined_proposal_iou_sum=0 refined_valid_count=0
2026-07-30 23:13:38,822 - portable_sam_fusion - INFO - [DEBUG-COARSE] epoch=21 step=5900 boundary_fn=0 boundary_fp=0 boundary_tp=0 dice=0 iou=0
2026-07-30 23:13:38,822 - portable_sam_fusion - INFO - [DEBUG-CONTEXT] epoch=21 step=5900 enabled=0
2026-07-30 23:13:38,822 - portable_sam_fusion - INFO - [DEBUG-JITTER] epoch=21 step=5900 area_ratio_count=0 area_ratio_mean=0 area_ratio_sum=0 fallback_count=0 mean_iou=0 num_jittered=0 num_rois=0
2026-07-30 23:13:38,822 - portable_sam_fusion - INFO - [DEBUG-SP] epoch=21 step=5900 all_invalid_count=0 all_invalid_ratio=0 empty_count=0 empty_ratio=0 full_count=0 full_ratio=0 mean_point_distance=23.6 n1_gt_valid_count=64 n1_in_gt_bg=0.875 n1_in_gt_bg_count=56 n1_valid_count=64 n1_valid_ratio=1 n2_gt_valid_count=64 n2_in_gt_bg=0.9844 n2_in_gt_bg_count=63 n2_valid_count=64 n2_valid_ratio=1 neg_in_pred_bg=1 neg_in_pred_bg_count=128 negative_pair_count=64 negative_pair_distance_sum=2334 p1_gt_valid_count=64 p1_in_gt_fg=1 p1_in_gt_fg_count=64 p1_valid_count=64 p1_valid_ratio=1 p2_gt_valid_count=64 p2_in_gt_fg=1 p2_in_gt_fg_count=64 p2_valid_count=64 p2_valid_ratio=1 point_distance_sum=3021 point_overlap_count=0 point_overlap_ratio=0 point_pair_count=128 pos_in_pred_fg=1 pos_in_pred_fg_count=128 positive_pair_count=64 positive_pair_distance_sum=686.9 roi_count=64 valid_neg_count=128 valid_pos_count=128 warmup_stage=2
2026-07-30 23:14:31,740 - portable_sam_fusion - INFO - [DEBUG-BOX] epoch=21 step=5950 fallback_count=0 fallback_ratio=0 num_rois=64 refined_proposal_iou=0 refined_proposal_iou_sum=0 refined_valid_count=0
2026-07-30 23:14:31,740 - portable_sam_fusion - INFO - [DEBUG-COARSE] epoch=21 step=5950 bce_raw=0.1649 boundary_fn=2846 boundary_fp=2890 boundary_tp=2.336e+04 dice=0.07319 dice_loss_raw=0.07319 iou=0.8673 loss_weight=0.1 raw_boundary_fn=2846 raw_boundary_fp=2890 raw_boundary_tp=2.336e+04 raw_dice_score=0.9268 raw_iou=0.8673 weighted_loss=0.02381
2026-07-30 23:14:31,740 - portable_sam_fusion - INFO - [DEBUG-CONTEXT] epoch=21 step=5950 enabled=0
2026-07-30 23:14:31,740 - portable_sam_fusion - INFO - [DEBUG-JITTER] epoch=21 step=5950 area_ratio_count=64 area_ratio_mean=1 area_ratio_sum=64 fallback_count=0 mean_iou=1 num_jittered=0 num_rois=64
2026-07-30 23:14:31,740 - portable_sam_fusion - INFO - [DEBUG-SP] epoch=21 step=5950 all_invalid_count=0 all_invalid_ratio=0 empty_count=0 empty_ratio=0 full_count=0 full_ratio=0 mean_point_distance=26.97 n1_gt_valid_count=64 n1_in_gt_bg=0.7656 n1_in_gt_bg_count=49 n1_valid_count=64 n1_valid_ratio=1 n2_gt_valid_count=64 n2_in_gt_bg=1 n2_in_gt_bg_count=64 n2_valid_count=64 n2_valid_ratio=1 neg_in_pred_bg=1 neg_in_pred_bg_count=128 negative_pair_count=64 negative_pair_distance_sum=2369 p1_gt_valid_count=64 p1_in_gt_fg=1 p1_in_gt_fg_count=64 p1_valid_count=64 p1_valid_ratio=1 p2_gt_valid_count=64 p2_in_gt_fg=1 p2_in_gt_fg_count=64 p2_valid_count=64 p2_valid_ratio=1 point_distance_sum=3452 point_overlap_count=0 point_overlap_ratio=0 point_pair_count=128 pos_in_pred_fg=1 pos_in_pred_fg_count=128 positive_pair_count=64 positive_pair_distance_sum=1083 roi_count=64 valid_neg_count=128 valid_pos_count=128 warmup_stage=2
2026-07-30 23:14:43,606 - portable_sam_fusion - INFO - epoch 21 | mini-batch 80/294 | optimizer_step 1500/5920 | lr=4.320e-04
2026-07-30 23:15:22,922 - portable_sam_fusion - INFO - [DEBUG-BOX] epoch=21 step=6000 fallback_count=0 fallback_ratio=0 num_rois=64 refined_proposal_iou=0 refined_proposal_iou_sum=0 refined_valid_count=0
2026-07-30 23:15:22,922 - portable_sam_fusion - INFO - [DEBUG-COARSE] epoch=21 step=6000 bce_raw=0.1416 boundary_fn=2479 boundary_fp=2905 boundary_tp=2.161e+04 dice=0.05694 dice_loss_raw=0.05694 iou=0.894 loss_weight=0.1 raw_boundary_fn=2479 raw_boundary_fp=2905 raw_boundary_tp=2.161e+04 raw_dice_score=0.9431 raw_iou=0.894 weighted_loss=0.01985
2026-07-30 23:15:22,922 - portable_sam_fusion - INFO - [DEBUG-CONTEXT] epoch=21 step=6000 enabled=0
2026-07-30 23:15:22,922 - portable_sam_fusion - INFO - [DEBUG-JITTER] epoch=21 step=6000 area_ratio_count=64 area_ratio_mean=1 area_ratio_sum=64 fallback_count=0 mean_iou=1 num_jittered=0 num_rois=64
2026-07-30 23:15:22,922 - portable_sam_fusion - INFO - [DEBUG-SP] epoch=21 step=6000 all_invalid_count=0 all_invalid_ratio=0 empty_count=0 empty_ratio=0 full_count=1 full_ratio=0.01562 mean_point_distance=31.41 n1_gt_valid_count=63 n1_in_gt_bg=0.7937 n1_in_gt_bg_count=50 n1_valid_count=63 n1_valid_ratio=0.9844 n2_gt_valid_count=63 n2_in_gt_bg=0.9524 n2_in_gt_bg_count=60 n2_valid_count=63 n2_valid_ratio=0.9844 neg_in_pred_bg=1 neg_in_pred_bg_count=126 negative_pair_count=63 negative_pair_distance_sum=2966 p1_gt_valid_count=64 p1_in_gt_fg=1 p1_in_gt_fg_count=64 p1_valid_count=64 p1_valid_ratio=1 p2_gt_valid_count=64 p2_in_gt_fg=1 p2_in_gt_fg_count=64 p2_valid_count=64 p2_valid_ratio=1 point_distance_sum=3989 point_overlap_count=0 point_overlap_ratio=0 point_pair_count=127 pos_in_pred_fg=1 pos_in_pred_fg_count=128 positive_pair_count=64 positive_pair_distance_sum=1023 roi_count=64 valid_neg_count=126 valid_pos_count=128 warmup_stage=2
2026-07-30 23:16:18,966 - portable_sam_fusion - INFO - [DEBUG-BOX] epoch=21 step=6050 fallback_count=0 fallback_ratio=0 num_rois=64 refined_proposal_iou=0 refined_proposal_iou_sum=0 refined_valid_count=0
2026-07-30 23:16:18,966 - portable_sam_fusion - INFO - [DEBUG-COARSE] epoch=21 step=6050 bce_raw=0.1696 boundary_fn=3374 boundary_fp=3559 boundary_tp=2.381e+04 dice=0.0736 dice_loss_raw=0.0736 iou=0.8647 loss_weight=0.1 raw_boundary_fn=3374 raw_boundary_fp=3559 raw_boundary_tp=2.381e+04 raw_dice_score=0.9264 raw_iou=0.8647 weighted_loss=0.02432
2026-07-30 23:16:18,966 - portable_sam_fusion - INFO - [DEBUG-CONTEXT] epoch=21 step=6050 enabled=0
2026-07-30 23:16:18,966 - portable_sam_fusion - INFO - [DEBUG-JITTER] epoch=21 step=6050 area_ratio_count=64 area_ratio_mean=1 area_ratio_sum=64 fallback_count=0 mean_iou=1 num_jittered=0 num_rois=64
2026-07-30 23:16:18,966 - portable_sam_fusion - INFO - [DEBUG-SP] epoch=21 step=6050 all_invalid_count=0 all_invalid_ratio=0 empty_count=0 empty_ratio=0 full_count=0 full_ratio=0 mean_point_distance=37.37 n1_gt_valid_count=64 n1_in_gt_bg=0.9219 n1_in_gt_bg_count=59 n1_valid_count=64 n1_valid_ratio=1 n2_gt_valid_count=64 n2_in_gt_bg=1 n2_in_gt_bg_count=64 n2_valid_count=64 n2_valid_ratio=1 neg_in_pred_bg=1 neg_in_pred_bg_count=128 negative_pair_count=64 negative_pair_distance_sum=3149 p1_gt_valid_count=64 p1_in_gt_fg=1 p1_in_gt_fg_count=64 p1_valid_count=64 p1_valid_ratio=1 p2_gt_valid_count=64 p2_in_gt_fg=1 p2_in_gt_fg_count=64 p2_valid_count=64 p2_valid_ratio=1 point_distance_sum=4784 point_overlap_count=0 point_overlap_ratio=0 point_pair_count=128 pos_in_pred_fg=1 pos_in_pred_fg_count=128 positive_pair_count=64 positive_pair_distance_sum=1634 roi_count=64 valid_neg_count=128 valid_pos_count=128 warmup_stage=2
2026-07-30 23:17:12,992 - portable_sam_fusion - INFO - [DEBUG-BOX] epoch=21 step=6100 fallback_count=0 fallback_ratio=0 num_rois=64 refined_proposal_iou=0 refined_proposal_iou_sum=0 refined_valid_count=0
2026-07-30 23:17:12,992 - portable_sam_fusion - INFO - [DEBUG-COARSE] epoch=21 step=6100 bce_raw=0.2 boundary_fn=3750 boundary_fp=4284 boundary_tp=1.969e+04 dice=0.07097 dice_loss_raw=0.07097 iou=0.8693 loss_weight=0.1 raw_boundary_fn=3750 raw_boundary_fp=4284 raw_boundary_tp=1.969e+04 raw_dice_score=0.929 raw_iou=0.8693 weighted_loss=0.0271
2026-07-30 23:17:12,992 - portable_sam_fusion - INFO - [DEBUG-CONTEXT] epoch=21 step=6100 enabled=0
2026-07-30 23:17:12,992 - portable_sam_fusion - INFO - [DEBUG-JITTER] epoch=21 step=6100 area_ratio_count=64 area_ratio_mean=1 area_ratio_sum=64 fallback_count=0 mean_iou=1 num_jittered=0 num_rois=64
2026-07-30 23:17:12,992 - portable_sam_fusion - INFO - [DEBUG-SP] epoch=21 step=6100 all_invalid_count=0 all_invalid_ratio=0 empty_count=0 empty_ratio=0 full_count=0 full_ratio=0 mean_point_distance=24.73 n1_gt_valid_count=64 n1_in_gt_bg=0.8438 n1_in_gt_bg_count=54 n1_valid_count=64 n1_valid_ratio=1 n2_gt_valid_count=64 n2_in_gt_bg=0.9844 n2_in_gt_bg_count=63 n2_valid_count=64 n2_valid_ratio=1 neg_in_pred_bg=1 neg_in_pred_bg_count=128 negative_pair_count=64 negative_pair_distance_sum=2512 p1_gt_valid_count=64 p1_in_gt_fg=1 p1_in_gt_fg_count=64 p1_valid_count=64 p1_valid_ratio=1 p2_gt_valid_count=64 p2_in_gt_fg=1 p2_in_gt_fg_count=64 p2_valid_count=64 p2_valid_ratio=1 point_distance_sum=3165 point_overlap_count=0 point_overlap_ratio=0 point_pair_count=128 pos_in_pred_fg=1 pos_in_pred_fg_count=128 positive_pair_count=64 positive_pair_distance_sum=652.9 roi_count=64 valid_neg_count=128 valid_pos_count=128 warmup_stage=2
2026-07-30 23:18:04,878 - portable_sam_fusion - INFO - [DEBUG-BOX] epoch=21 step=6150 fallback_count=0 fallback_ratio=0 num_rois=64 refined_proposal_iou=0 refined_proposal_iou_sum=0 refined_valid_count=0
2026-07-30 23:18:04,879 - portable_sam_fusion - INFO - [DEBUG-COARSE] epoch=21 step=6150 bce_raw=0.1276 boundary_fn=2148 boundary_fp=2249 boundary_tp=2.192e+04 dice=0.05521 dice_loss_raw=0.05521 iou=0.8965 loss_weight=0.1 raw_boundary_fn=2148 raw_boundary_fp=2249 raw_boundary_tp=2.192e+04 raw_dice_score=0.9448 raw_iou=0.8965 weighted_loss=0.01828
2026-07-30 23:18:04,879 - portable_sam_fusion - INFO - [DEBUG-CONTEXT] epoch=21 step=6150 enabled=0
2026-07-30 23:18:04,879 - portable_sam_fusion - INFO - [DEBUG-JITTER] epoch=21 step=6150 area_ratio_count=64 area_ratio_mean=1 area_ratio_sum=64 fallback_count=0 mean_iou=1 num_jittered=0 num_rois=64
2026-07-30 23:18:04,879 - portable_sam_fusion - INFO - [DEBUG-SP] epoch=21 step=6150 all_invalid_count=0 all_invalid_ratio=0 empty_count=0 empty_ratio=0 full_count=0 full_ratio=0 mean_point_distance=37.12 n1_gt_valid_count=64 n1_in_gt_bg=0.6562 n1_in_gt_bg_count=42 n1_valid_count=64 n1_valid_ratio=1 n2_gt_valid_count=64 n2_in_gt_bg=0.9844 n2_in_gt_bg_count=63 n2_valid_count=64 n2_valid_ratio=1 neg_in_pred_bg=1 neg_in_pred_bg_count=128 negative_pair_count=64 negative_pair_distance_sum=3561 p1_gt_valid_count=64 p1_in_gt_fg=1 p1_in_gt_fg_count=64 p1_valid_count=64 p1_valid_ratio=1 p2_gt_valid_count=64 p2_in_gt_fg=1 p2_in_gt_fg_count=64 p2_valid_count=64 p2_valid_ratio=1 point_distance_sum=4751 point_overlap_count=0 point_overlap_ratio=0 point_pair_count=128 pos_in_pred_fg=1 pos_in_pred_fg_count=128 positive_pair_count=64 positive_pair_distance_sum=1190 roi_count=64 valid_neg_count=128 valid_pos_count=128 warmup_stage=2
2026-07-30 23:18:15,609 - portable_sam_fusion - INFO - epoch 21 | mini-batch 280/294 | optimizer_step 1550/5920 | lr=4.273e-04
2026-07-30 23:18:31,011 - portable_sam_fusion - INFO - Epoch 21 detailed losses: loss_rpn_cls=0.0137, loss_rpn_bbox=0.0059, loss_cls=0.1872, acc=92.6491, loss_bbox=0.0753, loss_mask=0.0012, debug_mask_pos_rois=57.4150, debug_mask_logit_mean=-16.0521, debug_mask_logit_std=2.8850, debug_mask_prob_mean=0.0044, debug_mask_prob_ge05=0.0044, debug_mask_target_fill=0.0044, loss_shape_prior=0.0212, schedule/det_weight=1.0000
2026-07-30 23:18:31,011 - portable_sam_fusion - INFO - Epoch 21 primary loss shares: det=92.64% final_mask=0.41% shape=6.95% p2_boundary=0.00%
2026-07-30 23:18:31,011 - portable_sam_fusion - INFO - Epoch 21 schedule: det_loss_weight=1.000 early_stop_start=20 min_delta=0.0005
2026-07-30 23:18:31,011 - portable_sam_fusion - INFO - Epoch 21 learning rates: sat_backbone=4.27e-04, mask_decoder=4.27e-04, shape_prior=4.27e-04, quality_head=4.27e-04, sat_other=4.27e-04
2026-07-30 23:21:21,718 - portable_sam_fusion - INFO - Validation samples: GT=15926, DT=17181, avg_masks_per_image=27.40, avg_mask_fill=0.0056
creating index...
index created!
Loading and preparing results...
DONE (t=0.02s)
creating index...
index created!
Running per image evaluation...
Evaluate annotation type *bbox*
DONE (t=10.43s).
Accumulating evaluation results...
DONE (t=0.16s).
 Average Precision  (AP) @[ IoU=0.50:0.95 | area=   all | maxDets=100 ] = 0.667
 Average Precision  (AP) @[ IoU=0.50      | area=   all | maxDets=100 ] = 0.886
 Average Precision  (AP) @[ IoU=0.75      | area=   all | maxDets=100 ] = 0.802
 Average Precision  (AP) @[ IoU=0.50:0.95 | area= small | maxDets=100 ] = 0.282
 Average Precision  (AP) @[ IoU=0.50:0.95 | area=medium | maxDets=100 ] = 0.710
 Average Precision  (AP) @[ IoU=0.50:0.95 | area= large | maxDets=100 ] = 0.748
 Average Recall     (AR) @[ IoU=0.50:0.95 | area=   all | maxDets=  1 ] = 0.025
 Average Recall     (AR) @[ IoU=0.50:0.95 | area=   all | maxDets= 10 ] = 0.181
 Average Recall     (AR) @[ IoU=0.50:0.95 | area=   all | maxDets=100 ] = 0.716
 Average Recall     (AR) @[ IoU=0.50:0.95 | area= small | maxDets=100 ] = 0.388
 Average Recall     (AR) @[ IoU=0.50:0.95 | area=medium | maxDets=100 ] = 0.763
 Average Recall     (AR) @[ IoU=0.50:0.95 | area= large | maxDets=100 ] = 0.795
2026-07-30 23:21:32,481 - portable_sam_fusion - INFO - Validation bbox/mAP: 0.6671 bbox/mAP_75: 0.8017
Running per image evaluation...
Evaluate annotation type *segm*
DONE (t=10.66s).
Accumulating evaluation results...
DONE (t=0.16s).
 Average Precision  (AP) @[ IoU=0.50:0.95 | area=   all | maxDets=100 ] = 0.621
 Average Precision  (AP) @[ IoU=0.50      | area=   all | maxDets=100 ] = 0.887
 Average Precision  (AP) @[ IoU=0.75      | area=   all | maxDets=100 ] = 0.741
 Average Precision  (AP) @[ IoU=0.50:0.95 | area= small | maxDets=100 ] = 0.191
 Average Precision  (AP) @[ IoU=0.50:0.95 | area=medium | maxDets=100 ] = 0.651
 Average Precision  (AP) @[ IoU=0.50:0.95 | area= large | maxDets=100 ] = 0.774
 Average Recall     (AR) @[ IoU=0.50:0.95 | area=   all | maxDets=  1 ] = 0.025
 Average Recall     (AR) @[ IoU=0.50:0.95 | area=   all | maxDets= 10 ] = 0.178
 Average Recall     (AR) @[ IoU=0.50:0.95 | area=   all | maxDets=100 ] = 0.661
 Average Recall     (AR) @[ IoU=0.50:0.95 | area= small | maxDets=100 ] = 0.268
 Average Recall     (AR) @[ IoU=0.50:0.95 | area=medium | maxDets=100 ] = 0.693
 Average Recall     (AR) @[ IoU=0.50:0.95 | area= large | maxDets=100 ] = 0.820
2026-07-30 23:21:43,328 - portable_sam_fusion - INFO - Validation segm/mAP: 0.6206
2026-07-30 23:21:43,874 - portable_sam_fusion - INFO - New best early-stop metric (segm/mAP): raw=0.6206 smooth(5)=0.6259
2026-07-30 23:21:49,358 - portable_sam_fusion - INFO - Epoch 21/80 | train=0.304438 val=disabled segm/mAP=0.6206 bbox/mAP=0.6671 | best_segm=0.6365 best_bbox=0.7015 best_comp=0.0000 | sat_backbone=4.27e-04 mask_decoder=4.27e-04 shape_prior=4.27e-04 quality_head=4.27e-04 sat_other=4.27e-04
2026-07-30 23:22:18,109 - portable_sam_fusion - INFO - [DEBUG-BOX] epoch=22 step=6200 fallback_count=0 fallback_ratio=0 num_rois=0 refined_proposal_iou=0 refined_proposal_iou_sum=0 refined_valid_count=0
2026-07-30 23:22:18,109 - portable_sam_fusion - INFO - [DEBUG-COARSE] epoch=22 step=6200 boundary_fn=0 boundary_fp=0 boundary_tp=0 dice=0 iou=0
2026-07-30 23:22:18,109 - portable_sam_fusion - INFO - [DEBUG-CONTEXT] epoch=22 step=6200 enabled=0
2026-07-30 23:22:18,109 - portable_sam_fusion - INFO - [DEBUG-JITTER] epoch=22 step=6200 area_ratio_count=0 area_ratio_mean=0 area_ratio_sum=0 fallback_count=0 mean_iou=0 num_jittered=0 num_rois=0
2026-07-30 23:22:18,109 - portable_sam_fusion - INFO - [DEBUG-SP] epoch=22 step=6200 all_invalid_count=0 all_invalid_ratio=0 empty_count=0 empty_ratio=0 full_count=0 full_ratio=0 mean_point_distance=25.63 n1_gt_valid_count=64 n1_in_gt_bg=0.8906 n1_in_gt_bg_count=57 n1_valid_count=64 n1_valid_ratio=1 n2_gt_valid_count=64 n2_in_gt_bg=1 n2_in_gt_bg_count=64 n2_valid_count=64 n2_valid_ratio=1 neg_in_pred_bg=1 neg_in_pred_bg_count=128 negative_pair_count=64 negative_pair_distance_sum=2468 p1_gt_valid_count=64 p1_in_gt_fg=1 p1_in_gt_fg_count=64 p1_valid_count=64 p1_valid_ratio=1 p2_gt_valid_count=64 p2_in_gt_fg=1 p2_in_gt_fg_count=64 p2_valid_count=64 p2_valid_ratio=1 point_distance_sum=3280 point_overlap_count=0 point_overlap_ratio=0 point_pair_count=128 pos_in_pred_fg=1 pos_in_pred_fg_count=128 positive_pair_count=64 positive_pair_distance_sum=811.9 roi_count=64 valid_neg_count=128 valid_pos_count=128 warmup_stage=2
2026-07-30 23:23:11,278 - portable_sam_fusion - INFO - [DEBUG-BOX] epoch=22 step=6250 fallback_count=0 fallback_ratio=0 num_rois=64 refined_proposal_iou=0 refined_proposal_iou_sum=0 refined_valid_count=0
2026-07-30 23:23:11,278 - portable_sam_fusion - INFO - [DEBUG-COARSE] epoch=22 step=6250 bce_raw=0.1823 boundary_fn=3397 boundary_fp=3623 boundary_tp=2.302e+04 dice=0.08941 dice_loss_raw=0.08941 iou=0.8396 loss_weight=0.1 raw_boundary_fn=3397 raw_boundary_fp=3623 raw_boundary_tp=2.302e+04 raw_dice_score=0.9106 raw_iou=0.8396 weighted_loss=0.02717
2026-07-30 23:23:11,278 - portable_sam_fusion - INFO - [DEBUG-CONTEXT] epoch=22 step=6250 enabled=0
2026-07-30 23:23:11,278 - portable_sam_fusion - INFO - [DEBUG-JITTER] epoch=22 step=6250 area_ratio_count=64 area_ratio_mean=1 area_ratio_sum=64 fallback_count=0 mean_iou=1 num_jittered=0 num_rois=64
2026-07-30 23:23:11,278 - portable_sam_fusion - INFO - [DEBUG-SP] epoch=22 step=6250 all_invalid_count=0 all_invalid_ratio=0 empty_count=0 empty_ratio=0 full_count=0 full_ratio=0 mean_point_distance=30.18 n1_gt_valid_count=64 n1_in_gt_bg=0.9688 n1_in_gt_bg_count=62 n1_valid_count=64 n1_valid_ratio=1 n2_gt_valid_count=64 n2_in_gt_bg=1 n2_in_gt_bg_count=64 n2_valid_count=64 n2_valid_ratio=1 neg_in_pred_bg=1 neg_in_pred_bg_count=128 negative_pair_count=64 negative_pair_distance_sum=2969 p1_gt_valid_count=64 p1_in_gt_fg=1 p1_in_gt_fg_count=64 p1_valid_count=64 p1_valid_ratio=1 p2_gt_valid_count=64 p2_in_gt_fg=1 p2_in_gt_fg_count=64 p2_valid_count=64 p2_valid_ratio=1 point_distance_sum=3863 point_overlap_count=0 point_overlap_ratio=0 point_pair_count=128 pos_in_pred_fg=1 pos_in_pred_fg_count=128 positive_pair_count=64 positive_pair_distance_sum=894 roi_count=64 valid_neg_count=128 valid_pos_count=128 warmup_stage=2
2026-07-30 23:24:04,587 - portable_sam_fusion - INFO - [DEBUG-BOX] epoch=22 step=6300 fallback_count=0 fallback_ratio=0 num_rois=64 refined_proposal_iou=0 refined_proposal_iou_sum=0 refined_valid_count=0
2026-07-30 23:24:04,587 - portable_sam_fusion - INFO - [DEBUG-COARSE] epoch=22 step=6300 bce_raw=0.1712 boundary_fn=2853 boundary_fp=3660 boundary_tp=2.157e+04 dice=0.07252 dice_loss_raw=0.07252 iou=0.869 loss_weight=0.1 raw_boundary_fn=2853 raw_boundary_fp=3660 raw_boundary_tp=2.157e+04 raw_dice_score=0.9275 raw_iou=0.869 weighted_loss=0.02437
2026-07-30 23:24:04,587 - portable_sam_fusion - INFO - [DEBUG-CONTEXT] epoch=22 step=6300 enabled=0
2026-07-30 23:24:04,587 - portable_sam_fusion - INFO - [DEBUG-JITTER] epoch=22 step=6300 area_ratio_count=64 area_ratio_mean=1 area_ratio_sum=64 fallback_count=0 mean_iou=1 num_jittered=0 num_rois=64
2026-07-30 23:24:04,587 - portable_sam_fusion - INFO - [DEBUG-SP] epoch=22 step=6300 all_invalid_count=0 all_invalid_ratio=0 empty_count=0 empty_ratio=0 full_count=0 full_ratio=0 mean_point_distance=31.1 n1_gt_valid_count=64 n1_in_gt_bg=0.75 n1_in_gt_bg_count=48 n1_valid_count=64 n1_valid_ratio=1 n2_gt_valid_count=63 n2_in_gt_bg=0.9365 n2_in_gt_bg_count=59 n2_valid_count=63 n2_valid_ratio=0.9844 neg_in_pred_bg=1 neg_in_pred_bg_count=127 negative_pair_count=63 negative_pair_distance_sum=3081 p1_gt_valid_count=64 p1_in_gt_fg=1 p1_in_gt_fg_count=64 p1_valid_count=64 p1_valid_ratio=1 p2_gt_valid_count=64 p2_in_gt_fg=1 p2_in_gt_fg_count=64 p2_valid_count=64 p2_valid_ratio=1 point_distance_sum=3950 point_overlap_count=0 point_overlap_ratio=0 point_pair_count=127 pos_in_pred_fg=1 pos_in_pred_fg_count=128 positive_pair_count=64 positive_pair_distance_sum=868.6 roi_count=64 valid_neg_count=127 valid_pos_count=128 warmup_stage=2
2026-07-30 23:24:57,286 - portable_sam_fusion - INFO - [DEBUG-BOX] epoch=22 step=6350 fallback_count=0 fallback_ratio=0 num_rois=64 refined_proposal_iou=0 refined_proposal_iou_sum=0 refined_valid_count=0
2026-07-30 23:24:57,287 - portable_sam_fusion - INFO - [DEBUG-COARSE] epoch=22 step=6350 bce_raw=0.1616 boundary_fn=2362 boundary_fp=2359 boundary_tp=2.517e+04 dice=0.08607 dice_loss_raw=0.08607 iou=0.8447 loss_weight=0.1 raw_boundary_fn=2362 raw_boundary_fp=2359 raw_boundary_tp=2.517e+04 raw_dice_score=0.9139 raw_iou=0.8447 weighted_loss=0.02476
2026-07-30 23:24:57,287 - portable_sam_fusion - INFO - [DEBUG-CONTEXT] epoch=22 step=6350 enabled=0
2026-07-30 23:24:57,287 - portable_sam_fusion - INFO - [DEBUG-JITTER] epoch=22 step=6350 area_ratio_count=64 area_ratio_mean=1 area_ratio_sum=64 fallback_count=0 mean_iou=1 num_jittered=0 num_rois=64
2026-07-30 23:24:57,287 - portable_sam_fusion - INFO - [DEBUG-SP] epoch=22 step=6350 all_invalid_count=0 all_invalid_ratio=0 empty_count=0 empty_ratio=0 full_count=0 full_ratio=0 mean_point_distance=41.17 n1_gt_valid_count=64 n1_in_gt_bg=0.9219 n1_in_gt_bg_count=59 n1_valid_count=64 n1_valid_ratio=1 n2_gt_valid_count=64 n2_in_gt_bg=0.9844 n2_in_gt_bg_count=63 n2_valid_count=64 n2_valid_ratio=1 neg_in_pred_bg=1 neg_in_pred_bg_count=128 negative_pair_count=64 negative_pair_distance_sum=3637 p1_gt_valid_count=64 p1_in_gt_fg=1 p1_in_gt_fg_count=64 p1_valid_count=64 p1_valid_ratio=1 p2_gt_valid_count=64 p2_in_gt_fg=1 p2_in_gt_fg_count=64 p2_valid_count=64 p2_valid_ratio=1 point_distance_sum=5270 point_overlap_count=0 point_overlap_ratio=0 point_pair_count=128 pos_in_pred_fg=1 pos_in_pred_fg_count=128 positive_pair_count=64 positive_pair_distance_sum=1632 roi_count=64 valid_neg_count=128 valid_pos_count=128 warmup_stage=2
2026-07-30 23:25:06,741 - portable_sam_fusion - INFO - epoch 22 | mini-batch 184/294 | optimizer_step 1600/5920 | lr=4.225e-04
2026-07-30 23:25:50,371 - portable_sam_fusion - INFO - [DEBUG-BOX] epoch=22 step=6400 fallback_count=0 fallback_ratio=0 num_rois=25 refined_proposal_iou=0 refined_proposal_iou_sum=0 refined_valid_count=0
2026-07-30 23:25:50,372 - portable_sam_fusion - INFO - [DEBUG-COARSE] epoch=22 step=6400 bce_raw=0.151 boundary_fn=1403 boundary_fp=1549 boundary_tp=7311 dice=0.06428 dice_loss_raw=0.06428 iou=0.8798 loss_weight=0.1 raw_boundary_fn=1403 raw_boundary_fp=1549 raw_boundary_tp=7311 raw_dice_score=0.9357 raw_iou=0.8798 weighted_loss=0.02153
2026-07-30 23:25:50,372 - portable_sam_fusion - INFO - [DEBUG-CONTEXT] epoch=22 step=6400 enabled=0
2026-07-30 23:25:50,372 - portable_sam_fusion - INFO - [DEBUG-JITTER] epoch=22 step=6400 area_ratio_count=25 area_ratio_mean=1 area_ratio_sum=25 fallback_count=0 mean_iou=1 num_jittered=0 num_rois=25
2026-07-30 23:25:50,372 - portable_sam_fusion - INFO - [DEBUG-SP] epoch=22 step=6400 all_invalid_count=0 all_invalid_ratio=0 empty_count=0 empty_ratio=0 full_count=0 full_ratio=0 mean_point_distance=8.413 n1_gt_valid_count=25 n1_in_gt_bg=0.96 n1_in_gt_bg_count=24 n1_valid_count=25 n1_valid_ratio=1 n2_gt_valid_count=25 n2_in_gt_bg=0.96 n2_in_gt_bg_count=24 n2_valid_count=25 n2_valid_ratio=1 neg_in_pred_bg=1 neg_in_pred_bg_count=50 negative_pair_count=25 negative_pair_distance_sum=333.3 p1_gt_valid_count=25 p1_in_gt_fg=1 p1_in_gt_fg_count=25 p1_valid_count=25 p1_valid_ratio=1 p2_gt_valid_count=25 p2_in_gt_fg=1 p2_in_gt_fg_count=25 p2_valid_count=25 p2_valid_ratio=1 point_distance_sum=420.7 point_overlap_count=0 point_overlap_ratio=0 point_pair_count=50 pos_in_pred_fg=1 pos_in_pred_fg_count=50 positive_pair_count=25 positive_pair_distance_sum=87.36 roi_count=25 valid_neg_count=50 valid_pos_count=50 warmup_stage=2
2026-07-30 23:26:42,637 - portable_sam_fusion - INFO - [DEBUG-BOX] epoch=22 step=6450 fallback_count=0 fallback_ratio=0 num_rois=64 refined_proposal_iou=0 refined_proposal_iou_sum=0 refined_valid_count=0
2026-07-30 23:26:42,637 - portable_sam_fusion - INFO - [DEBUG-COARSE] epoch=22 step=6450 bce_raw=0.1646 boundary_fn=2455 boundary_fp=2911 boundary_tp=2.391e+04 dice=0.07235 dice_loss_raw=0.07235 iou=0.8675 loss_weight=0.1 raw_boundary_fn=2455 raw_boundary_fp=2911 raw_boundary_tp=2.391e+04 raw_dice_score=0.9276 raw_iou=0.8675 weighted_loss=0.0237
2026-07-30 23:26:42,637 - portable_sam_fusion - INFO - [DEBUG-CONTEXT] epoch=22 step=6450 enabled=0
2026-07-30 23:26:42,637 - portable_sam_fusion - INFO - [DEBUG-JITTER] epoch=22 step=6450 area_ratio_count=64 area_ratio_mean=1 area_ratio_sum=64 fallback_count=0 mean_iou=1 num_jittered=0 num_rois=64
2026-07-30 23:26:42,637 - portable_sam_fusion - INFO - [DEBUG-SP] epoch=22 step=6450 all_invalid_count=0 all_invalid_ratio=0 empty_count=0 empty_ratio=0 full_count=0 full_ratio=0 mean_point_distance=28.74 n1_gt_valid_count=64 n1_in_gt_bg=0.8438 n1_in_gt_bg_count=54 n1_valid_count=64 n1_valid_ratio=1 n2_gt_valid_count=64 n2_in_gt_bg=1 n2_in_gt_bg_count=64 n2_valid_count=64 n2_valid_ratio=1 neg_in_pred_bg=1 neg_in_pred_bg_count=128 negative_pair_count=64 negative_pair_distance_sum=2763 p1_gt_valid_count=64 p1_in_gt_fg=1 p1_in_gt_fg_count=64 p1_valid_count=64 p1_valid_ratio=1 p2_gt_valid_count=64 p2_in_gt_fg=1 p2_in_gt_fg_count=64 p2_valid_count=64 p2_valid_ratio=1 point_distance_sum=3678 point_overlap_count=0 point_overlap_ratio=0 point_pair_count=128 pos_in_pred_fg=1 pos_in_pred_fg_count=128 positive_pair_count=64 positive_pair_distance_sum=915.8 roi_count=64 valid_neg_count=128 valid_pos_count=128 warmup_stage=2
2026-07-30 23:27:01,817 - portable_sam_fusion - INFO - Epoch 22 detailed losses: loss_rpn_cls=0.0128, loss_rpn_bbox=0.0050, loss_cls=0.1702, acc=93.3939, loss_bbox=0.0731, loss_mask=0.0014, debug_mask_pos_rois=55.4490, debug_mask_logit_mean=-15.4537, debug_mask_logit_std=2.7284, debug_mask_prob_mean=0.0051, debug_mask_prob_ge05=0.0051, debug_mask_target_fill=0.0051, loss_shape_prior=0.0212, schedule/det_weight=1.0000
2026-07-30 23:27:01,817 - portable_sam_fusion - INFO - Epoch 22 primary loss shares: det=92.02% final_mask=0.50% shape=7.48% p2_boundary=0.00%
2026-07-30 23:27:01,817 - portable_sam_fusion - INFO - Epoch 22 schedule: det_loss_weight=1.000 early_stop_start=20 min_delta=0.0005
2026-07-30 23:27:01,817 - portable_sam_fusion - INFO - Epoch 22 learning rates: sat_backbone=4.20e-04, mask_decoder=4.20e-04, shape_prior=4.20e-04, quality_head=4.20e-04, sat_other=4.20e-04
2026-07-30 23:29:48,229 - portable_sam_fusion - INFO - Validation samples: GT=15926, DT=16240, avg_masks_per_image=25.90, avg_mask_fill=0.0050
creating index...
index created!
Loading and preparing results...
DONE (t=0.02s)
creating index...
index created!
Running per image evaluation...
Evaluate annotation type *bbox*
DONE (t=10.07s).
Accumulating evaluation results...
DONE (t=0.15s).
 Average Precision  (AP) @[ IoU=0.50:0.95 | area=   all | maxDets=100 ] = 0.676
 Average Precision  (AP) @[ IoU=0.50      | area=   all | maxDets=100 ] = 0.881
 Average Precision  (AP) @[ IoU=0.75      | area=   all | maxDets=100 ] = 0.810
 Average Precision  (AP) @[ IoU=0.50:0.95 | area= small | maxDets=100 ] = 0.300
 Average Precision  (AP) @[ IoU=0.50:0.95 | area=medium | maxDets=100 ] = 0.728
 Average Precision  (AP) @[ IoU=0.50:0.95 | area= large | maxDets=100 ] = 0.749
 Average Recall     (AR) @[ IoU=0.50:0.95 | area=   all | maxDets=  1 ] = 0.025
 Average Recall     (AR) @[ IoU=0.50:0.95 | area=   all | maxDets= 10 ] = 0.185
 Average Recall     (AR) @[ IoU=0.50:0.95 | area=   all | maxDets=100 ] = 0.721
 Average Recall     (AR) @[ IoU=0.50:0.95 | area= small | maxDets=100 ] = 0.380
 Average Recall     (AR) @[ IoU=0.50:0.95 | area=medium | maxDets=100 ] = 0.771
 Average Recall     (AR) @[ IoU=0.50:0.95 | area= large | maxDets=100 ] = 0.798
2026-07-30 23:29:58,620 - portable_sam_fusion - INFO - Validation bbox/mAP: 0.6756 bbox/mAP_75: 0.8098
Running per image evaluation...
Evaluate annotation type *segm*
DONE (t=10.47s).
Accumulating evaluation results...
DONE (t=0.15s).
 Average Precision  (AP) @[ IoU=0.50:0.95 | area=   all | maxDets=100 ] = 0.631
 Average Precision  (AP) @[ IoU=0.50      | area=   all | maxDets=100 ] = 0.882
 Average Precision  (AP) @[ IoU=0.75      | area=   all | maxDets=100 ] = 0.755
 Average Precision  (AP) @[ IoU=0.50:0.95 | area= small | maxDets=100 ] = 0.221
 Average Precision  (AP) @[ IoU=0.50:0.95 | area=medium | maxDets=100 ] = 0.662
 Average Precision  (AP) @[ IoU=0.50:0.95 | area= large | maxDets=100 ] = 0.778
 Average Recall     (AR) @[ IoU=0.50:0.95 | area=   all | maxDets=  1 ] = 0.025
 Average Recall     (AR) @[ IoU=0.50:0.95 | area=   all | maxDets= 10 ] = 0.180
 Average Recall     (AR) @[ IoU=0.50:0.95 | area=   all | maxDets=100 ] = 0.672
 Average Recall     (AR) @[ IoU=0.50:0.95 | area= small | maxDets=100 ] = 0.287
 Average Recall     (AR) @[ IoU=0.50:0.95 | area=medium | maxDets=100 ] = 0.704
 Average Recall     (AR) @[ IoU=0.50:0.95 | area= large | maxDets=100 ] = 0.826
2026-07-30 23:30:09,275 - portable_sam_fusion - INFO - Validation segm/mAP: 0.6308
2026-07-30 23:30:09,821 - portable_sam_fusion - INFO - New best early-stop metric (segm/mAP): raw=0.6308 smooth(5)=0.6285
2026-07-30 23:30:15,198 - portable_sam_fusion - INFO - Epoch 22/80 | train=0.283672 val=disabled segm/mAP=0.6308 bbox/mAP=0.6756 | best_segm=0.6365 best_bbox=0.7015 best_comp=0.0000 | sat_backbone=4.20e-04 mask_decoder=4.20e-04 shape_prior=4.20e-04 quality_head=4.20e-04 sat_other=4.20e-04
2026-07-30 23:30:46,067 - portable_sam_fusion - INFO - [DEBUG-BOX] epoch=23 step=6500 fallback_count=0 fallback_ratio=0 num_rois=64 refined_proposal_iou=0 refined_proposal_iou_sum=0 refined_valid_count=0
2026-07-30 23:30:46,068 - portable_sam_fusion - INFO - [DEBUG-COARSE] epoch=23 step=6500 bce_raw=0.1769 boundary_fn=3267 boundary_fp=3627 boundary_tp=2.229e+04 dice=0.08529 dice_loss_raw=0.08529 iou=0.8458 loss_weight=0.1 raw_boundary_fn=3267 raw_boundary_fp=3627 raw_boundary_tp=2.229e+04 raw_dice_score=0.9147 raw_iou=0.8458 weighted_loss=0.02622
2026-07-30 23:30:46,068 - portable_sam_fusion - INFO - [DEBUG-CONTEXT] epoch=23 step=6500 enabled=0
2026-07-30 23:30:46,068 - portable_sam_fusion - INFO - [DEBUG-JITTER] epoch=23 step=6500 area_ratio_count=64 area_ratio_mean=1 area_ratio_sum=64 fallback_count=0 mean_iou=1 num_jittered=0 num_rois=64
2026-07-30 23:30:46,068 - portable_sam_fusion - INFO - [DEBUG-SP] epoch=23 step=6500 all_invalid_count=0 all_invalid_ratio=0 empty_count=0 empty_ratio=0 full_count=0 full_ratio=0 mean_point_distance=29.58 n1_gt_valid_count=64 n1_in_gt_bg=0.9062 n1_in_gt_bg_count=58 n1_valid_count=64 n1_valid_ratio=1 n2_gt_valid_count=64 n2_in_gt_bg=1 n2_in_gt_bg_count=64 n2_valid_count=64 n2_valid_ratio=1 neg_in_pred_bg=1 neg_in_pred_bg_count=128 negative_pair_count=64 negative_pair_distance_sum=2833 p1_gt_valid_count=64 p1_in_gt_fg=1 p1_in_gt_fg_count=64 p1_valid_count=64 p1_valid_ratio=1 p2_gt_valid_count=64 p2_in_gt_fg=1 p2_in_gt_fg_count=64 p2_valid_count=64 p2_valid_ratio=1 point_distance_sum=3786 point_overlap_count=0 point_overlap_ratio=0 point_pair_count=128 pos_in_pred_fg=1 pos_in_pred_fg_count=128 positive_pair_count=64 positive_pair_distance_sum=954 roi_count=64 valid_neg_count=128 valid_pos_count=128 warmup_stage=2
2026-07-30 23:31:45,475 - portable_sam_fusion - INFO - [DEBUG-BOX] epoch=23 step=6550 fallback_count=0 fallback_ratio=0 num_rois=0 refined_proposal_iou=0 refined_proposal_iou_sum=0 refined_valid_count=0
2026-07-30 23:31:45,475 - portable_sam_fusion - INFO - [DEBUG-COARSE] epoch=23 step=6550 boundary_fn=0 boundary_fp=0 boundary_tp=0 dice=0 iou=0
2026-07-30 23:31:45,475 - portable_sam_fusion - INFO - [DEBUG-CONTEXT] epoch=23 step=6550 enabled=0
2026-07-30 23:31:45,475 - portable_sam_fusion - INFO - [DEBUG-JITTER] epoch=23 step=6550 area_ratio_count=0 area_ratio_mean=0 area_ratio_sum=0 fallback_count=0 mean_iou=0 num_jittered=0 num_rois=0
2026-07-30 23:31:45,475 - portable_sam_fusion - INFO - [DEBUG-SP] epoch=23 step=6550 all_invalid_count=0 all_invalid_ratio=0 empty_count=0 empty_ratio=0 full_count=0 full_ratio=0 mean_point_distance=29.12 n1_gt_valid_count=64 n1_in_gt_bg=0.8438 n1_in_gt_bg_count=54 n1_valid_count=64 n1_valid_ratio=1 n2_gt_valid_count=64 n2_in_gt_bg=0.9844 n2_in_gt_bg_count=63 n2_valid_count=64 n2_valid_ratio=1 neg_in_pred_bg=1 neg_in_pred_bg_count=128 negative_pair_count=64 negative_pair_distance_sum=2762 p1_gt_valid_count=64 p1_in_gt_fg=1 p1_in_gt_fg_count=64 p1_valid_count=64 p1_valid_ratio=1 p2_gt_valid_count=64 p2_in_gt_fg=1 p2_in_gt_fg_count=64 p2_valid_count=64 p2_valid_ratio=1 point_distance_sum=3727 point_overlap_count=0 point_overlap_ratio=0 point_pair_count=128 pos_in_pred_fg=1 pos_in_pred_fg_count=128 positive_pair_count=64 positive_pair_distance_sum=965.5 roi_count=64 valid_neg_count=128 valid_pos_count=128 warmup_stage=2
2026-07-30 23:31:52,814 - portable_sam_fusion - INFO - epoch 23 | mini-batch 88/294 | optimizer_step 1650/5920 | lr=4.176e-04
2026-07-30 23:32:38,050 - portable_sam_fusion - INFO - [DEBUG-BOX] epoch=23 step=6600 fallback_count=0 fallback_ratio=0 num_rois=64 refined_proposal_iou=0 refined_proposal_iou_sum=0 refined_valid_count=0
2026-07-30 23:32:38,051 - portable_sam_fusion - INFO - [DEBUG-COARSE] epoch=23 step=6600 bce_raw=0.1196 boundary_fn=1842 boundary_fp=1275 boundary_tp=2.611e+04 dice=0.07464 dice_loss_raw=0.07464 iou=0.8627 loss_weight=0.1 raw_boundary_fn=1842 raw_boundary_fp=1275 raw_boundary_tp=2.611e+04 raw_dice_score=0.9254 raw_iou=0.8627 weighted_loss=0.01942
2026-07-30 23:32:38,051 - portable_sam_fusion - INFO - [DEBUG-CONTEXT] epoch=23 step=6600 enabled=0
2026-07-30 23:32:38,051 - portable_sam_fusion - INFO - [DEBUG-JITTER] epoch=23 step=6600 area_ratio_count=64 area_ratio_mean=1 area_ratio_sum=64 fallback_count=0 mean_iou=1 num_jittered=0 num_rois=64
2026-07-30 23:32:38,051 - portable_sam_fusion - INFO - [DEBUG-SP] epoch=23 step=6600 all_invalid_count=0 all_invalid_ratio=0 empty_count=0 empty_ratio=0 full_count=0 full_ratio=0 mean_point_distance=27.36 n1_gt_valid_count=64 n1_in_gt_bg=0.9062 n1_in_gt_bg_count=58 n1_valid_count=64 n1_valid_ratio=1 n2_gt_valid_count=64 n2_in_gt_bg=1 n2_in_gt_bg_count=64 n2_valid_count=64 n2_valid_ratio=1 neg_in_pred_bg=1 neg_in_pred_bg_count=128 negative_pair_count=64 negative_pair_distance_sum=2534 p1_gt_valid_count=64 p1_in_gt_fg=1 p1_in_gt_fg_count=64 p1_valid_count=64 p1_valid_ratio=1 p2_gt_valid_count=64 p2_in_gt_fg=1 p2_in_gt_fg_count=64 p2_valid_count=64 p2_valid_ratio=1 point_distance_sum=3502 point_overlap_count=0 point_overlap_ratio=0 point_pair_count=128 pos_in_pred_fg=1 pos_in_pred_fg_count=128 positive_pair_count=64 positive_pair_distance_sum=968.3 roi_count=64 valid_neg_count=128 valid_pos_count=128 warmup_stage=2
2026-07-30 23:33:28,577 - portable_sam_fusion - INFO - [DEBUG-BOX] epoch=23 step=6650 fallback_count=0 fallback_ratio=0 num_rois=64 refined_proposal_iou=0 refined_proposal_iou_sum=0 refined_valid_count=0
2026-07-30 23:33:28,577 - portable_sam_fusion - INFO - [DEBUG-COARSE] epoch=23 step=6650 bce_raw=0.1733 boundary_fn=3375 boundary_fp=3027 boundary_tp=2.408e+04 dice=0.1036 dice_loss_raw=0.1036 iou=0.8206 loss_weight=0.1 raw_boundary_fn=3375 raw_boundary_fp=3027 raw_boundary_tp=2.408e+04 raw_dice_score=0.8964 raw_iou=0.8206 weighted_loss=0.02768
2026-07-30 23:33:28,577 - portable_sam_fusion - INFO - [DEBUG-CONTEXT] epoch=23 step=6650 enabled=0
2026-07-30 23:33:28,577 - portable_sam_fusion - INFO - [DEBUG-JITTER] epoch=23 step=6650 area_ratio_count=64 area_ratio_mean=1 area_ratio_sum=64 fallback_count=0 mean_iou=1 num_jittered=0 num_rois=64
2026-07-30 23:33:28,577 - portable_sam_fusion - INFO - [DEBUG-SP] epoch=23 step=6650 all_invalid_count=0 all_invalid_ratio=0 empty_count=0 empty_ratio=0 full_count=0 full_ratio=0 mean_point_distance=25.26 n1_gt_valid_count=64 n1_in_gt_bg=0.9219 n1_in_gt_bg_count=59 n1_valid_count=64 n1_valid_ratio=1 n2_gt_valid_count=64 n2_in_gt_bg=1 n2_in_gt_bg_count=64 n2_valid_count=64 n2_valid_ratio=1 neg_in_pred_bg=1 neg_in_pred_bg_count=128 negative_pair_count=64 negative_pair_distance_sum=2403 p1_gt_valid_count=64 p1_in_gt_fg=1 p1_in_gt_fg_count=64 p1_valid_count=64 p1_valid_ratio=1 p2_gt_valid_count=64 p2_in_gt_fg=0.9844 p2_in_gt_fg_count=63 p2_valid_count=64 p2_valid_ratio=1 point_distance_sum=3233 point_overlap_count=0 point_overlap_ratio=0 point_pair_count=128 pos_in_pred_fg=1 pos_in_pred_fg_count=128 positive_pair_count=64 positive_pair_distance_sum=830.6 roi_count=64 valid_neg_count=128 valid_pos_count=128 warmup_stage=2
2026-07-30 23:34:19,770 - portable_sam_fusion - INFO - [DEBUG-BOX] epoch=23 step=6700 fallback_count=0 fallback_ratio=0 num_rois=64 refined_proposal_iou=0 refined_proposal_iou_sum=0 refined_valid_count=0
2026-07-30 23:34:19,770 - portable_sam_fusion - INFO - [DEBUG-COARSE] epoch=23 step=6700 bce_raw=0.1565 boundary_fn=2720 boundary_fp=1580 boundary_tp=2.601e+04 dice=0.08288 dice_loss_raw=0.08288 iou=0.8486 loss_weight=0.1 raw_boundary_fn=2720 raw_boundary_fp=1580 raw_boundary_tp=2.601e+04 raw_dice_score=0.9171 raw_iou=0.8486 weighted_loss=0.02394
2026-07-30 23:34:19,770 - portable_sam_fusion - INFO - [DEBUG-CONTEXT] epoch=23 step=6700 enabled=0
2026-07-30 23:34:19,770 - portable_sam_fusion - INFO - [DEBUG-JITTER] epoch=23 step=6700 area_ratio_count=64 area_ratio_mean=1 area_ratio_sum=64 fallback_count=0 mean_iou=1 num_jittered=0 num_rois=64
2026-07-30 23:34:19,770 - portable_sam_fusion - INFO - [DEBUG-SP] epoch=23 step=6700 all_invalid_count=0 all_invalid_ratio=0 empty_count=0 empty_ratio=0 full_count=0 full_ratio=0 mean_point_distance=41.47 n1_gt_valid_count=64 n1_in_gt_bg=0.8125 n1_in_gt_bg_count=52 n1_valid_count=64 n1_valid_ratio=1 n2_gt_valid_count=64 n2_in_gt_bg=1 n2_in_gt_bg_count=64 n2_valid_count=64 n2_valid_ratio=1 neg_in_pred_bg=1 neg_in_pred_bg_count=128 negative_pair_count=64 negative_pair_distance_sum=3981 p1_gt_valid_count=64 p1_in_gt_fg=1 p1_in_gt_fg_count=64 p1_valid_count=64 p1_valid_ratio=1 p2_gt_valid_count=64 p2_in_gt_fg=1 p2_in_gt_fg_count=64 p2_valid_count=64 p2_valid_ratio=1 point_distance_sum=5308 point_overlap_count=0 point_overlap_ratio=0 point_pair_count=128 pos_in_pred_fg=1 pos_in_pred_fg_count=128 positive_pair_count=64 positive_pair_distance_sum=1327 roi_count=64 valid_neg_count=128 valid_pos_count=128 warmup_stage=2
2026-07-30 23:35:11,382 - portable_sam_fusion - INFO - [DEBUG-BOX] epoch=23 step=6750 fallback_count=0 fallback_ratio=0 num_rois=64 refined_proposal_iou=0 refined_proposal_iou_sum=0 refined_valid_count=0
2026-07-30 23:35:11,382 - portable_sam_fusion - INFO - [DEBUG-COARSE] epoch=23 step=6750 bce_raw=0.2023 boundary_fn=3533 boundary_fp=3813 boundary_tp=2.383e+04 dice=0.08212 dice_loss_raw=0.08212 iou=0.8516 loss_weight=0.1 raw_boundary_fn=3533 raw_boundary_fp=3813 raw_boundary_tp=2.383e+04 raw_dice_score=0.9179 raw_iou=0.8516 weighted_loss=0.02845
2026-07-30 23:35:11,383 - portable_sam_fusion - INFO - [DEBUG-CONTEXT] epoch=23 step=6750 enabled=0
2026-07-30 23:35:11,383 - portable_sam_fusion - INFO - [DEBUG-JITTER] epoch=23 step=6750 area_ratio_count=64 area_ratio_mean=1 area_ratio_sum=64 fallback_count=0 mean_iou=1 num_jittered=0 num_rois=64
2026-07-30 23:35:11,383 - portable_sam_fusion - INFO - [DEBUG-SP] epoch=23 step=6750 all_invalid_count=0 all_invalid_ratio=0 empty_count=0 empty_ratio=0 full_count=0 full_ratio=0 mean_point_distance=33.1 n1_gt_valid_count=64 n1_in_gt_bg=0.625 n1_in_gt_bg_count=40 n1_valid_count=64 n1_valid_ratio=1 n2_gt_valid_count=64 n2_in_gt_bg=0.9844 n2_in_gt_bg_count=63 n2_valid_count=64 n2_valid_ratio=1 neg_in_pred_bg=1 neg_in_pred_bg_count=128 negative_pair_count=64 negative_pair_distance_sum=3029 p1_gt_valid_count=64 p1_in_gt_fg=1 p1_in_gt_fg_count=64 p1_valid_count=64 p1_valid_ratio=1 p2_gt_valid_count=64 p2_in_gt_fg=1 p2_in_gt_fg_count=64 p2_valid_count=64 p2_valid_ratio=1 point_distance_sum=4237 point_overlap_count=0 point_overlap_ratio=0 point_pair_count=128 pos_in_pred_fg=1 pos_in_pred_fg_count=128 positive_pair_count=64 positive_pair_distance_sum=1208 roi_count=64 valid_neg_count=128 valid_pos_count=128 warmup_stage=2
2026-07-30 23:35:18,705 - portable_sam_fusion - INFO - epoch 23 | mini-batch 288/294 | optimizer_step 1700/5920 | lr=4.125e-04
2026-07-30 23:35:24,561 - portable_sam_fusion - INFO - Epoch 23 detailed losses: loss_rpn_cls=0.0136, loss_rpn_bbox=0.0046, loss_cls=0.1690, acc=93.3853, loss_bbox=0.0709, loss_mask=0.0012, schedule/det_weight=1.0000, debug_mask_pos_rois=56.2381, debug_mask_logit_mean=-15.9353, debug_mask_logit_std=2.7629, debug_mask_prob_mean=0.0050, debug_mask_prob_ge05=0.0050, debug_mask_target_fill=0.0050, loss_shape_prior=0.0211
2026-07-30 23:35:24,561 - portable_sam_fusion - INFO - Epoch 23 primary loss shares: det=92.06% final_mask=0.44% shape=7.51% p2_boundary=0.00%
2026-07-30 23:35:24,561 - portable_sam_fusion - INFO - Epoch 23 schedule: det_loss_weight=1.000 early_stop_start=20 min_delta=0.0005
2026-07-30 23:35:24,561 - portable_sam_fusion - INFO - Epoch 23 learning rates: sat_backbone=4.12e-04, mask_decoder=4.12e-04, shape_prior=4.12e-04, quality_head=4.12e-04, sat_other=4.12e-04
2026-07-30 23:38:12,255 - portable_sam_fusion - INFO - Validation samples: GT=15926, DT=17725, avg_masks_per_image=28.27, avg_mask_fill=0.0054
creating index...
index created!
Loading and preparing results...
DONE (t=0.02s)
creating index...
index created!
Running per image evaluation...
Evaluate annotation type *bbox*
DONE (t=10.57s).
Accumulating evaluation results...
DONE (t=0.16s).
 Average Precision  (AP) @[ IoU=0.50:0.95 | area=   all | maxDets=100 ] = 0.682
 Average Precision  (AP) @[ IoU=0.50      | area=   all | maxDets=100 ] = 0.897
 Average Precision  (AP) @[ IoU=0.75      | area=   all | maxDets=100 ] = 0.817
 Average Precision  (AP) @[ IoU=0.50:0.95 | area= small | maxDets=100 ] = 0.321
 Average Precision  (AP) @[ IoU=0.50:0.95 | area=medium | maxDets=100 ] = 0.733
 Average Precision  (AP) @[ IoU=0.50:0.95 | area= large | maxDets=100 ] = 0.744
 Average Recall     (AR) @[ IoU=0.50:0.95 | area=   all | maxDets=  1 ] = 0.025
 Average Recall     (AR) @[ IoU=0.50:0.95 | area=   all | maxDets= 10 ] = 0.185
 Average Recall     (AR) @[ IoU=0.50:0.95 | area=   all | maxDets=100 ] = 0.731
 Average Recall     (AR) @[ IoU=0.50:0.95 | area= small | maxDets=100 ] = 0.420
 Average Recall     (AR) @[ IoU=0.50:0.95 | area=medium | maxDets=100 ] = 0.779
 Average Recall     (AR) @[ IoU=0.50:0.95 | area= large | maxDets=100 ] = 0.792
2026-07-30 23:38:23,166 - portable_sam_fusion - INFO - Validation bbox/mAP: 0.6821 bbox/mAP_75: 0.8172
Running per image evaluation...
Evaluate annotation type *segm*
DONE (t=10.84s).
Accumulating evaluation results...
DONE (t=0.16s).
 Average Precision  (AP) @[ IoU=0.50:0.95 | area=   all | maxDets=100 ] = 0.637
 Average Precision  (AP) @[ IoU=0.50      | area=   all | maxDets=100 ] = 0.898
 Average Precision  (AP) @[ IoU=0.75      | area=   all | maxDets=100 ] = 0.766
 Average Precision  (AP) @[ IoU=0.50:0.95 | area= small | maxDets=100 ] = 0.235
 Average Precision  (AP) @[ IoU=0.50:0.95 | area=medium | maxDets=100 ] = 0.663
 Average Precision  (AP) @[ IoU=0.50:0.95 | area= large | maxDets=100 ] = 0.777
 Average Recall     (AR) @[ IoU=0.50:0.95 | area=   all | maxDets=  1 ] = 0.025
 Average Recall     (AR) @[ IoU=0.50:0.95 | area=   all | maxDets= 10 ] = 0.180
 Average Recall     (AR) @[ IoU=0.50:0.95 | area=   all | maxDets=100 ] = 0.673
 Average Recall     (AR) @[ IoU=0.50:0.95 | area= small | maxDets=100 ] = 0.315
 Average Recall     (AR) @[ IoU=0.50:0.95 | area=medium | maxDets=100 ] = 0.700
 Average Recall     (AR) @[ IoU=0.50:0.95 | area= large | maxDets=100 ] = 0.823
2026-07-30 23:38:34,191 - portable_sam_fusion - INFO - Validation segm/mAP: 0.6368
2026-07-30 23:38:35,079 - portable_sam_fusion - INFO - New best segm/mAP: 0.6368
2026-07-30 23:38:35,080 - portable_sam_fusion - INFO - Early-stop metric (segm/mAP): raw=0.6368 smooth(5)=0.6286 best=0.6285 counter=1
2026-07-30 23:38:37,417 - portable_sam_fusion - INFO - Saved best_model with segm/mAP: 0.6368
2026-07-30 23:38:42,892 - portable_sam_fusion - INFO - Epoch 23/80 | train=0.280457 val=disabled segm/mAP=0.6368 bbox/mAP=0.6821 | best_segm=0.6368 best_bbox=0.7015 best_comp=0.0000 | sat_backbone=4.12e-04 mask_decoder=4.12e-04 shape_prior=4.12e-04 quality_head=4.12e-04 sat_other=4.12e-04
2026-07-30 23:39:21,608 - portable_sam_fusion - INFO - [DEBUG-BOX] epoch=24 step=6800 fallback_count=0 fallback_ratio=0 num_rois=64 refined_proposal_iou=0 refined_proposal_iou_sum=0 refined_valid_count=0
2026-07-30 23:39:21,609 - portable_sam_fusion - INFO - [DEBUG-COARSE] epoch=24 step=6800 bce_raw=0.2069 boundary_fn=3815 boundary_fp=3957 boundary_tp=2.35e+04 dice=0.09032 dice_loss_raw=0.09032 iou=0.838 loss_weight=0.1 raw_boundary_fn=3815 raw_boundary_fp=3957 raw_boundary_tp=2.35e+04 raw_dice_score=0.9097 raw_iou=0.838 weighted_loss=0.02972
2026-07-30 23:39:21,609 - portable_sam_fusion - INFO - [DEBUG-CONTEXT] epoch=24 step=6800 enabled=0
2026-07-30 23:39:21,609 - portable_sam_fusion - INFO - [DEBUG-JITTER] epoch=24 step=6800 area_ratio_count=64 area_ratio_mean=1 area_ratio_sum=64 fallback_count=0 mean_iou=1 num_jittered=0 num_rois=64
2026-07-30 23:39:21,609 - portable_sam_fusion - INFO - [DEBUG-SP] epoch=24 step=6800 all_invalid_count=0 all_invalid_ratio=0 empty_count=0 empty_ratio=0 full_count=0 full_ratio=0 mean_point_distance=29.17 n1_gt_valid_count=64 n1_in_gt_bg=0.875 n1_in_gt_bg_count=56 n1_valid_count=64 n1_valid_ratio=1 n2_gt_valid_count=64 n2_in_gt_bg=0.9844 n2_in_gt_bg_count=63 n2_valid_count=64 n2_valid_ratio=1 neg_in_pred_bg=1 neg_in_pred_bg_count=128 negative_pair_count=64 negative_pair_distance_sum=2859 p1_gt_valid_count=64 p1_in_gt_fg=1 p1_in_gt_fg_count=64 p1_valid_count=64 p1_valid_ratio=1 p2_gt_valid_count=64 p2_in_gt_fg=1 p2_in_gt_fg_count=64 p2_valid_count=64 p2_valid_ratio=1 point_distance_sum=3734 point_overlap_count=0 point_overlap_ratio=0 point_pair_count=128 pos_in_pred_fg=1 pos_in_pred_fg_count=128 positive_pair_count=64 positive_pair_distance_sum=874.5 roi_count=64 valid_neg_count=128 valid_pos_count=128 warmup_stage=2
2026-07-30 23:40:15,355 - portable_sam_fusion - INFO - [DEBUG-BOX] epoch=24 step=6850 fallback_count=0 fallback_ratio=0 num_rois=64 refined_proposal_iou=0 refined_proposal_iou_sum=0 refined_valid_count=0
2026-07-30 23:40:15,355 - portable_sam_fusion - INFO - [DEBUG-COARSE] epoch=24 step=6850 bce_raw=0.1933 boundary_fn=2757 boundary_fp=3370 boundary_tp=2.558e+04 dice=0.1109 dice_loss_raw=0.1109 iou=0.805 loss_weight=0.1 raw_boundary_fn=2757 raw_boundary_fp=3370 raw_boundary_tp=2.558e+04 raw_dice_score=0.8891 raw_iou=0.805 weighted_loss=0.03042
2026-07-30 23:40:15,355 - portable_sam_fusion - INFO - [DEBUG-CONTEXT] epoch=24 step=6850 enabled=0
2026-07-30 23:40:15,355 - portable_sam_fusion - INFO - [DEBUG-JITTER] epoch=24 step=6850 area_ratio_count=64 area_ratio_mean=1 area_ratio_sum=64 fallback_count=0 mean_iou=1 num_jittered=0 num_rois=64
2026-07-30 23:40:15,355 - portable_sam_fusion - INFO - [DEBUG-SP] epoch=24 step=6850 all_invalid_count=0 all_invalid_ratio=0 empty_count=0 empty_ratio=0 full_count=0 full_ratio=0 mean_point_distance=44.62 n1_gt_valid_count=64 n1_in_gt_bg=0.9062 n1_in_gt_bg_count=58 n1_valid_count=64 n1_valid_ratio=1 n2_gt_valid_count=64 n2_in_gt_bg=1 n2_in_gt_bg_count=64 n2_valid_count=64 n2_valid_ratio=1 neg_in_pred_bg=1 neg_in_pred_bg_count=128 negative_pair_count=64 negative_pair_distance_sum=3723 p1_gt_valid_count=64 p1_in_gt_fg=1 p1_in_gt_fg_count=64 p1_valid_count=64 p1_valid_ratio=1 p2_gt_valid_count=64 p2_in_gt_fg=0.9844 p2_in_gt_fg_count=63 p2_valid_count=64 p2_valid_ratio=1 point_distance_sum=5711 point_overlap_count=0 point_overlap_ratio=0 point_pair_count=128 pos_in_pred_fg=1 pos_in_pred_fg_count=128 positive_pair_count=64 positive_pair_distance_sum=1988 roi_count=64 valid_neg_count=128 valid_pos_count=128 warmup_stage=2
2026-07-30 23:41:06,396 - portable_sam_fusion - INFO - [DEBUG-BOX] epoch=24 step=6900 fallback_count=0 fallback_ratio=0 num_rois=64 refined_proposal_iou=0 refined_proposal_iou_sum=0 refined_valid_count=0
2026-07-30 23:41:06,396 - portable_sam_fusion - INFO - [DEBUG-COARSE] epoch=24 step=6900 bce_raw=0.1765 boundary_fn=3876 boundary_fp=3618 boundary_tp=2.156e+04 dice=0.08535 dice_loss_raw=0.08535 iou=0.846 loss_weight=0.1 raw_boundary_fn=3876 raw_boundary_fp=3618 raw_boundary_tp=2.156e+04 raw_dice_score=0.9146 raw_iou=0.846 weighted_loss=0.02618
2026-07-30 23:41:06,396 - portable_sam_fusion - INFO - [DEBUG-CONTEXT] epoch=24 step=6900 enabled=0
2026-07-30 23:41:06,396 - portable_sam_fusion - INFO - [DEBUG-JITTER] epoch=24 step=6900 area_ratio_count=64 area_ratio_mean=1 area_ratio_sum=64 fallback_count=0 mean_iou=1 num_jittered=0 num_rois=64
2026-07-30 23:41:06,396 - portable_sam_fusion - INFO - [DEBUG-SP] epoch=24 step=6900 all_invalid_count=0 all_invalid_ratio=0 empty_count=0 empty_ratio=0 full_count=0 full_ratio=0 mean_point_distance=24.09 n1_gt_valid_count=64 n1_in_gt_bg=0.6875 n1_in_gt_bg_count=44 n1_valid_count=64 n1_valid_ratio=1 n2_gt_valid_count=63 n2_in_gt_bg=1 n2_in_gt_bg_count=63 n2_valid_count=63 n2_valid_ratio=0.9844 neg_in_pred_bg=1 neg_in_pred_bg_count=127 negative_pair_count=63 negative_pair_distance_sum=2358 p1_gt_valid_count=64 p1_in_gt_fg=1 p1_in_gt_fg_count=64 p1_valid_count=64 p1_valid_ratio=1 p2_gt_valid_count=64 p2_in_gt_fg=1 p2_in_gt_fg_count=64 p2_valid_count=64 p2_valid_ratio=1 point_distance_sum=3060 point_overlap_count=0 point_overlap_ratio=0 point_pair_count=127 pos_in_pred_fg=1 pos_in_pred_fg_count=128 positive_pair_count=64 positive_pair_distance_sum=701.6 roi_count=64 valid_neg_count=127 valid_pos_count=128 warmup_stage=2
2026-07-30 23:42:00,288 - portable_sam_fusion - INFO - [DEBUG-BOX] epoch=24 step=6950 fallback_count=0 fallback_ratio=0 num_rois=64 refined_proposal_iou=0 refined_proposal_iou_sum=0 refined_valid_count=0
2026-07-30 23:42:00,288 - portable_sam_fusion - INFO - [DEBUG-COARSE] epoch=24 step=6950 bce_raw=0.1209 boundary_fn=1726 boundary_fp=1975 boundary_tp=2.189e+04 dice=0.05056 dice_loss_raw=0.05056 iou=0.9051 loss_weight=0.1 raw_boundary_fn=1726 raw_boundary_fp=1975 raw_boundary_tp=2.189e+04 raw_dice_score=0.9494 raw_iou=0.9051 weighted_loss=0.01714
2026-07-30 23:42:00,288 - portable_sam_fusion - INFO - [DEBUG-CONTEXT] epoch=24 step=6950 enabled=0
2026-07-30 23:42:00,288 - portable_sam_fusion - INFO - [DEBUG-JITTER] epoch=24 step=6950 area_ratio_count=64 area_ratio_mean=1 area_ratio_sum=64 fallback_count=0 mean_iou=1 num_jittered=0 num_rois=64
2026-07-30 23:42:00,288 - portable_sam_fusion - INFO - [DEBUG-SP] epoch=24 step=6950 all_invalid_count=0 all_invalid_ratio=0 empty_count=0 empty_ratio=0 full_count=0 full_ratio=0 mean_point_distance=21 n1_gt_valid_count=64 n1_in_gt_bg=0.875 n1_in_gt_bg_count=56 n1_valid_count=64 n1_valid_ratio=1 n2_gt_valid_count=64 n2_in_gt_bg=0.9688 n2_in_gt_bg_count=62 n2_valid_count=64 n2_valid_ratio=1 neg_in_pred_bg=1 neg_in_pred_bg_count=128 negative_pair_count=64 negative_pair_distance_sum=1908 p1_gt_valid_count=64 p1_in_gt_fg=1 p1_in_gt_fg_count=64 p1_valid_count=64 p1_valid_ratio=1 p2_gt_valid_count=64 p2_in_gt_fg=1 p2_in_gt_fg_count=64 p2_valid_count=64 p2_valid_ratio=1 point_distance_sum=2688 point_overlap_count=0 point_overlap_ratio=0 point_pair_count=128 pos_in_pred_fg=1 pos_in_pred_fg_count=128 positive_pair_count=64 positive_pair_distance_sum=779.2 roi_count=64 valid_neg_count=128 valid_pos_count=128 warmup_stage=2
2026-07-30 23:42:05,210 - portable_sam_fusion - INFO - epoch 24 | mini-batch 192/294 | optimizer_step 1750/5920 | lr=4.073e-04
2026-07-30 23:42:54,399 - portable_sam_fusion - INFO - [DEBUG-BOX] epoch=24 step=7000 fallback_count=0 fallback_ratio=0 num_rois=64 refined_proposal_iou=0 refined_proposal_iou_sum=0 refined_valid_count=0
2026-07-30 23:42:54,399 - portable_sam_fusion - INFO - [DEBUG-COARSE] epoch=24 step=7000 bce_raw=0.1807 boundary_fn=3013 boundary_fp=3770 boundary_tp=2.05e+04 dice=0.07019 dice_loss_raw=0.07019 iou=0.8717 loss_weight=0.1 raw_boundary_fn=3013 raw_boundary_fp=3770 raw_boundary_tp=2.05e+04 raw_dice_score=0.9298 raw_iou=0.8717 weighted_loss=0.02509
2026-07-30 23:42:54,399 - portable_sam_fusion - INFO - [DEBUG-CONTEXT] epoch=24 step=7000 enabled=0
2026-07-30 23:42:54,399 - portable_sam_fusion - INFO - [DEBUG-JITTER] epoch=24 step=7000 area_ratio_count=64 area_ratio_mean=1 area_ratio_sum=64 fallback_count=0 mean_iou=1 num_jittered=0 num_rois=64
2026-07-30 23:42:54,399 - portable_sam_fusion - INFO - [DEBUG-SP] epoch=24 step=7000 all_invalid_count=0 all_invalid_ratio=0 empty_count=0 empty_ratio=0 full_count=0 full_ratio=0 mean_point_distance=19 n1_gt_valid_count=64 n1_in_gt_bg=0.8125 n1_in_gt_bg_count=52 n1_valid_count=64 n1_valid_ratio=1 n2_gt_valid_count=64 n2_in_gt_bg=0.9531 n2_in_gt_bg_count=61 n2_valid_count=64 n2_valid_ratio=1 neg_in_pred_bg=1 neg_in_pred_bg_count=128 negative_pair_count=64 negative_pair_distance_sum=1835 p1_gt_valid_count=64 p1_in_gt_fg=1 p1_in_gt_fg_count=64 p1_valid_count=64 p1_valid_ratio=1 p2_gt_valid_count=64 p2_in_gt_fg=0.9844 p2_in_gt_fg_count=63 p2_valid_count=64 p2_valid_ratio=1 point_distance_sum=2431 point_overlap_count=0 point_overlap_ratio=0 point_pair_count=128 pos_in_pred_fg=1 pos_in_pred_fg_count=128 positive_pair_count=64 positive_pair_distance_sum=596 roi_count=64 valid_neg_count=128 valid_pos_count=128 warmup_stage=2
2026-07-30 23:43:43,756 - portable_sam_fusion - INFO - [DEBUG-BOX] epoch=24 step=7050 fallback_count=0 fallback_ratio=0 num_rois=64 refined_proposal_iou=0 refined_proposal_iou_sum=0 refined_valid_count=0
2026-07-30 23:43:43,756 - portable_sam_fusion - INFO - [DEBUG-COARSE] epoch=24 step=7050 bce_raw=0.1799 boundary_fn=3283 boundary_fp=4217 boundary_tp=2.251e+04 dice=0.08997 dice_loss_raw=0.08997 iou=0.8386 loss_weight=0.1 raw_boundary_fn=3283 raw_boundary_fp=4217 raw_boundary_tp=2.251e+04 raw_dice_score=0.91 raw_iou=0.8386 weighted_loss=0.02699
2026-07-30 23:43:43,756 - portable_sam_fusion - INFO - [DEBUG-CONTEXT] epoch=24 step=7050 enabled=0
2026-07-30 23:43:43,756 - portable_sam_fusion - INFO - [DEBUG-JITTER] epoch=24 step=7050 area_ratio_count=64 area_ratio_mean=1 area_ratio_sum=64 fallback_count=0 mean_iou=1 num_jittered=0 num_rois=64
2026-07-30 23:43:43,756 - portable_sam_fusion - INFO - [DEBUG-SP] epoch=24 step=7050 all_invalid_count=0 all_invalid_ratio=0 empty_count=0 empty_ratio=0 full_count=0 full_ratio=0 mean_point_distance=35.1 n1_gt_valid_count=64 n1_in_gt_bg=0.875 n1_in_gt_bg_count=56 n1_valid_count=64 n1_valid_ratio=1 n2_gt_valid_count=64 n2_in_gt_bg=1 n2_in_gt_bg_count=64 n2_valid_count=64 n2_valid_ratio=1 neg_in_pred_bg=1 neg_in_pred_bg_count=128 negative_pair_count=64 negative_pair_distance_sum=3318 p1_gt_valid_count=64 p1_in_gt_fg=1 p1_in_gt_fg_count=64 p1_valid_count=64 p1_valid_ratio=1 p2_gt_valid_count=64 p2_in_gt_fg=1 p2_in_gt_fg_count=64 p2_valid_count=64 p2_valid_ratio=1 point_distance_sum=4493 point_overlap_count=0 point_overlap_ratio=0 point_pair_count=128 pos_in_pred_fg=1 pos_in_pred_fg_count=128 positive_pair_count=64 positive_pair_distance_sum=1175 roi_count=64 valid_neg_count=128 valid_pos_count=128 warmup_stage=2
2026-07-30 23:43:50,283 - portable_sam_fusion - INFO - Epoch 24 detailed losses: loss_rpn_cls=0.0122, loss_rpn_bbox=0.0048, loss_cls=0.1763, acc=93.0093, loss_bbox=0.0700, loss_mask=0.0014, debug_mask_pos_rois=57.9864, debug_mask_logit_mean=-16.1413, debug_mask_logit_std=2.9524, debug_mask_prob_mean=0.0053, debug_mask_prob_ge05=0.0052, debug_mask_target_fill=0.0053, loss_shape_prior=0.0214, schedule/det_weight=1.0000
2026-07-30 23:43:50,283 - portable_sam_fusion - INFO - Epoch 24 primary loss shares: det=92.03% final_mask=0.49% shape=7.48% p2_boundary=0.00%
2026-07-30 23:43:50,283 - portable_sam_fusion - INFO - Epoch 24 schedule: det_loss_weight=1.000 early_stop_start=20 min_delta=0.0005
2026-07-30 23:43:50,283 - portable_sam_fusion - INFO - Epoch 24 learning rates: sat_backbone=4.05e-04, mask_decoder=4.05e-04, shape_prior=4.05e-04, quality_head=4.05e-04, sat_other=4.05e-04
2026-07-30 23:46:39,193 - portable_sam_fusion - INFO - Validation samples: GT=15926, DT=17227, avg_masks_per_image=27.48, avg_mask_fill=0.0054
creating index...
index created!
Loading and preparing results...
DONE (t=0.02s)
creating index...
index created!
Running per image evaluation...
Evaluate annotation type *bbox*
DONE (t=10.41s).
Accumulating evaluation results...
DONE (t=0.16s).
 Average Precision  (AP) @[ IoU=0.50:0.95 | area=   all | maxDets=100 ] = 0.674
 Average Precision  (AP) @[ IoU=0.50      | area=   all | maxDets=100 ] = 0.886
 Average Precision  (AP) @[ IoU=0.75      | area=   all | maxDets=100 ] = 0.810
 Average Precision  (AP) @[ IoU=0.50:0.95 | area= small | maxDets=100 ] = 0.307
 Average Precision  (AP) @[ IoU=0.50:0.95 | area=medium | maxDets=100 ] = 0.719
 Average Precision  (AP) @[ IoU=0.50:0.95 | area= large | maxDets=100 ] = 0.752
 Average Recall     (AR) @[ IoU=0.50:0.95 | area=   all | maxDets=  1 ] = 0.025
 Average Recall     (AR) @[ IoU=0.50:0.95 | area=   all | maxDets= 10 ] = 0.182
 Average Recall     (AR) @[ IoU=0.50:0.95 | area=   all | maxDets=100 ] = 0.728
 Average Recall     (AR) @[ IoU=0.50:0.95 | area= small | maxDets=100 ] = 0.398
 Average Recall     (AR) @[ IoU=0.50:0.95 | area=medium | maxDets=100 ] = 0.778
 Average Recall     (AR) @[ IoU=0.50:0.95 | area= large | maxDets=100 ] = 0.800
2026-07-30 23:46:49,938 - portable_sam_fusion - INFO - Validation bbox/mAP: 0.6743 bbox/mAP_75: 0.8099
Running per image evaluation...
Evaluate annotation type *segm*
DONE (t=10.72s).
Accumulating evaluation results...
DONE (t=0.16s).
 Average Precision  (AP) @[ IoU=0.50:0.95 | area=   all | maxDets=100 ] = 0.617
 Average Precision  (AP) @[ IoU=0.50      | area=   all | maxDets=100 ] = 0.887
 Average Precision  (AP) @[ IoU=0.75      | area=   all | maxDets=100 ] = 0.738
 Average Precision  (AP) @[ IoU=0.50:0.95 | area= small | maxDets=100 ] = 0.197
 Average Precision  (AP) @[ IoU=0.50:0.95 | area=medium | maxDets=100 ] = 0.646
 Average Precision  (AP) @[ IoU=0.50:0.95 | area= large | maxDets=100 ] = 0.778
 Average Recall     (AR) @[ IoU=0.50:0.95 | area=   all | maxDets=  1 ] = 0.025
 Average Recall     (AR) @[ IoU=0.50:0.95 | area=   all | maxDets= 10 ] = 0.177
 Average Recall     (AR) @[ IoU=0.50:0.95 | area=   all | maxDets=100 ] = 0.660
 Average Recall     (AR) @[ IoU=0.50:0.95 | area= small | maxDets=100 ] = 0.265
 Average Recall     (AR) @[ IoU=0.50:0.95 | area=medium | maxDets=100 ] = 0.691
 Average Recall     (AR) @[ IoU=0.50:0.95 | area= large | maxDets=100 ] = 0.821
2026-07-30 23:47:00,844 - portable_sam_fusion - INFO - Validation segm/mAP: 0.6174
2026-07-30 23:47:01,384 - portable_sam_fusion - INFO - Early-stop metric (segm/mAP): raw=0.6174 smooth(5)=0.6253 best=0.6285 counter=2
2026-07-30 23:47:06,755 - portable_sam_fusion - INFO - Epoch 24/80 | train=0.286139 val=disabled segm/mAP=0.6174 bbox/mAP=0.6743 | best_segm=0.6368 best_bbox=0.7015 best_comp=0.0000 | sat_backbone=4.05e-04 mask_decoder=4.05e-04 shape_prior=4.05e-04 quality_head=4.05e-04 sat_other=4.05e-04
2026-07-30 23:47:54,672 - portable_sam_fusion - INFO - [DEBUG-BOX] epoch=25 step=7100 fallback_count=0 fallback_ratio=0 num_rois=64 refined_proposal_iou=0 refined_proposal_iou_sum=0 refined_valid_count=0
2026-07-30 23:47:54,672 - portable_sam_fusion - INFO - [DEBUG-COARSE] epoch=25 step=7100 bce_raw=0.1535 boundary_fn=2610 boundary_fp=2610 boundary_tp=2.557e+04 dice=0.09033 dice_loss_raw=0.09033 iou=0.8401 loss_weight=0.1 raw_boundary_fn=2610 raw_boundary_fp=2610 raw_boundary_tp=2.557e+04 raw_dice_score=0.9097 raw_iou=0.8401 weighted_loss=0.02439
2026-07-30 23:47:54,672 - portable_sam_fusion - INFO - [DEBUG-CONTEXT] epoch=25 step=7100 enabled=0
2026-07-30 23:47:54,672 - portable_sam_fusion - INFO - [DEBUG-JITTER] epoch=25 step=7100 area_ratio_count=64 area_ratio_mean=1 area_ratio_sum=64 fallback_count=0 mean_iou=1 num_jittered=0 num_rois=64
2026-07-30 23:47:54,672 - portable_sam_fusion - INFO - [DEBUG-SP] epoch=25 step=7100 all_invalid_count=0 all_invalid_ratio=0 empty_count=0 empty_ratio=0 full_count=0 full_ratio=0 mean_point_distance=27.94 n1_gt_valid_count=64 n1_in_gt_bg=0.9375 n1_in_gt_bg_count=60 n1_valid_count=64 n1_valid_ratio=1 n2_gt_valid_count=64 n2_in_gt_bg=1 n2_in_gt_bg_count=64 n2_valid_count=64 n2_valid_ratio=1 neg_in_pred_bg=1 neg_in_pred_bg_count=128 negative_pair_count=64 negative_pair_distance_sum=2722 p1_gt_valid_count=64 p1_in_gt_fg=1 p1_in_gt_fg_count=64 p1_valid_count=64 p1_valid_ratio=1 p2_gt_valid_count=64 p2_in_gt_fg=1 p2_in_gt_fg_count=64 p2_valid_count=64 p2_valid_ratio=1 point_distance_sum=3576 point_overlap_count=0 point_overlap_ratio=0 point_pair_count=128 pos_in_pred_fg=1 pos_in_pred_fg_count=128 positive_pair_count=64 positive_pair_distance_sum=854.2 roi_count=64 valid_neg_count=128 valid_pos_count=128 warmup_stage=2
2026-07-30 23:48:48,289 - portable_sam_fusion - INFO - [DEBUG-BOX] epoch=25 step=7150 fallback_count=0 fallback_ratio=0 num_rois=64 refined_proposal_iou=0 refined_proposal_iou_sum=0 refined_valid_count=0
2026-07-30 23:48:48,290 - portable_sam_fusion - INFO - [DEBUG-COARSE] epoch=25 step=7150 bce_raw=0.196 boundary_fn=2665 boundary_fp=4436 boundary_tp=2.03e+04 dice=0.07298 dice_loss_raw=0.07298 iou=0.8686 loss_weight=0.1 raw_boundary_fn=2665 raw_boundary_fp=4436 raw_boundary_tp=2.03e+04 raw_dice_score=0.927 raw_iou=0.8686 weighted_loss=0.0269
2026-07-30 23:48:48,290 - portable_sam_fusion - INFO - [DEBUG-CONTEXT] epoch=25 step=7150 enabled=0
2026-07-30 23:48:48,290 - portable_sam_fusion - INFO - [DEBUG-JITTER] epoch=25 step=7150 area_ratio_count=64 area_ratio_mean=1 area_ratio_sum=64 fallback_count=0 mean_iou=1 num_jittered=0 num_rois=64
2026-07-30 23:48:48,290 - portable_sam_fusion - INFO - [DEBUG-SP] epoch=25 step=7150 all_invalid_count=0 all_invalid_ratio=0 empty_count=0 empty_ratio=0 full_count=5 full_ratio=0.07812 mean_point_distance=29.99 n1_gt_valid_count=59 n1_in_gt_bg=0.8136 n1_in_gt_bg_count=48 n1_valid_count=59 n1_valid_ratio=0.9219 n2_gt_valid_count=59 n2_in_gt_bg=0.8814 n2_in_gt_bg_count=52 n2_valid_count=59 n2_valid_ratio=0.9219 neg_in_pred_bg=1 neg_in_pred_bg_count=118 negative_pair_count=59 negative_pair_distance_sum=2319 p1_gt_valid_count=64 p1_in_gt_fg=1 p1_in_gt_fg_count=64 p1_valid_count=64 p1_valid_ratio=1 p2_gt_valid_count=64 p2_in_gt_fg=0.9844 p2_in_gt_fg_count=63 p2_valid_count=64 p2_valid_ratio=1 point_distance_sum=3688 point_overlap_count=0 point_overlap_ratio=0 point_pair_count=123 pos_in_pred_fg=1 pos_in_pred_fg_count=128 positive_pair_count=64 positive_pair_distance_sum=1369 roi_count=64 valid_neg_count=118 valid_pos_count=128 warmup_stage=2
2026-07-30 23:48:49,730 - portable_sam_fusion - INFO - epoch 25 | mini-batch 96/294 | optimizer_step 1800/5920 | lr=4.020e-04
2026-07-30 23:49:40,777 - portable_sam_fusion - INFO - [DEBUG-BOX] epoch=25 step=7200 fallback_count=0 fallback_ratio=0 num_rois=64 refined_proposal_iou=0 refined_proposal_iou_sum=0 refined_valid_count=0
2026-07-30 23:49:40,777 - portable_sam_fusion - INFO - [DEBUG-COARSE] epoch=25 step=7200 bce_raw=0.1383 boundary_fn=2401 boundary_fp=2573 boundary_tp=2.222e+04 dice=0.0624 dice_loss_raw=0.0624 iou=0.8843 loss_weight=0.1 raw_boundary_fn=2401 raw_boundary_fp=2573 raw_boundary_tp=2.222e+04 raw_dice_score=0.9376 raw_iou=0.8843 weighted_loss=0.02007
2026-07-30 23:49:40,777 - portable_sam_fusion - INFO - [DEBUG-CONTEXT] epoch=25 step=7200 enabled=0
2026-07-30 23:49:40,777 - portable_sam_fusion - INFO - [DEBUG-JITTER] epoch=25 step=7200 area_ratio_count=64 area_ratio_mean=1 area_ratio_sum=64 fallback_count=0 mean_iou=1 num_jittered=0 num_rois=64
2026-07-30 23:49:40,777 - portable_sam_fusion - INFO - [DEBUG-SP] epoch=25 step=7200 all_invalid_count=0 all_invalid_ratio=0 empty_count=0 empty_ratio=0 full_count=0 full_ratio=0 mean_point_distance=40.91 n1_gt_valid_count=64 n1_in_gt_bg=0.75 n1_in_gt_bg_count=48 n1_valid_count=64 n1_valid_ratio=1 n2_gt_valid_count=63 n2_in_gt_bg=0.9524 n2_in_gt_bg_count=60 n2_valid_count=63 n2_valid_ratio=0.9844 neg_in_pred_bg=1 neg_in_pred_bg_count=127 negative_pair_count=63 negative_pair_distance_sum=3618 p1_gt_valid_count=64 p1_in_gt_fg=1 p1_in_gt_fg_count=64 p1_valid_count=64 p1_valid_ratio=1 p2_gt_valid_count=64 p2_in_gt_fg=1 p2_in_gt_fg_count=64 p2_valid_count=64 p2_valid_ratio=1 point_distance_sum=5196 point_overlap_count=0 point_overlap_ratio=0 point_pair_count=127 pos_in_pred_fg=1 pos_in_pred_fg_count=128 positive_pair_count=64 positive_pair_distance_sum=1578 roi_count=64 valid_neg_count=127 valid_pos_count=128 warmup_stage=2
2026-07-30 23:50:34,191 - portable_sam_fusion - INFO - [DEBUG-BOX] epoch=25 step=7250 fallback_count=0 fallback_ratio=0 num_rois=64 refined_proposal_iou=0 refined_proposal_iou_sum=0 refined_valid_count=0
2026-07-30 23:50:34,191 - portable_sam_fusion - INFO - [DEBUG-COARSE] epoch=25 step=7250 bce_raw=0.1642 boundary_fn=2630 boundary_fp=2222 boundary_tp=2.557e+04 dice=0.08056 dice_loss_raw=0.08056 iou=0.8527 loss_weight=0.1 raw_boundary_fn=2630 raw_boundary_fp=2222 raw_boundary_tp=2.557e+04 raw_dice_score=0.9194 raw_iou=0.8527 weighted_loss=0.02447
2026-07-30 23:50:34,191 - portable_sam_fusion - INFO - [DEBUG-CONTEXT] epoch=25 step=7250 enabled=0
2026-07-30 23:50:34,191 - portable_sam_fusion - INFO - [DEBUG-JITTER] epoch=25 step=7250 area_ratio_count=64 area_ratio_mean=1 area_ratio_sum=64 fallback_count=0 mean_iou=1 num_jittered=0 num_rois=64
2026-07-30 23:50:34,191 - portable_sam_fusion - INFO - [DEBUG-SP] epoch=25 step=7250 all_invalid_count=0 all_invalid_ratio=0 empty_count=0 empty_ratio=0 full_count=0 full_ratio=0 mean_point_distance=35.06 n1_gt_valid_count=64 n1_in_gt_bg=0.7969 n1_in_gt_bg_count=51 n1_valid_count=64 n1_valid_ratio=1 n2_gt_valid_count=64 n2_in_gt_bg=1 n2_in_gt_bg_count=64 n2_valid_count=64 n2_valid_ratio=1 neg_in_pred_bg=1 neg_in_pred_bg_count=128 negative_pair_count=64 negative_pair_distance_sum=3348 p1_gt_valid_count=64 p1_in_gt_fg=1 p1_in_gt_fg_count=64 p1_valid_count=64 p1_valid_ratio=1 p2_gt_valid_count=64 p2_in_gt_fg=1 p2_in_gt_fg_count=64 p2_valid_count=64 p2_valid_ratio=1 point_distance_sum=4488 point_overlap_count=0 point_overlap_ratio=0 point_pair_count=128 pos_in_pred_fg=1 pos_in_pred_fg_count=128 positive_pair_count=64 positive_pair_distance_sum=1140 roi_count=64 valid_neg_count=128 valid_pos_count=128 warmup_stage=2
2026-07-30 23:51:28,250 - portable_sam_fusion - INFO - [DEBUG-BOX] epoch=25 step=7300 fallback_count=0 fallback_ratio=0 num_rois=64 refined_proposal_iou=0 refined_proposal_iou_sum=0 refined_valid_count=0
2026-07-30 23:51:28,250 - portable_sam_fusion - INFO - [DEBUG-COARSE] epoch=25 step=7300 bce_raw=0.1449 boundary_fn=2062 boundary_fp=2155 boundary_tp=2.601e+04 dice=0.08107 dice_loss_raw=0.08107 iou=0.8531 loss_weight=0.1 raw_boundary_fn=2062 raw_boundary_fp=2155 raw_boundary_tp=2.601e+04 raw_dice_score=0.9189 raw_iou=0.8531 weighted_loss=0.0226
2026-07-30 23:51:28,250 - portable_sam_fusion - INFO - [DEBUG-CONTEXT] epoch=25 step=7300 enabled=0
2026-07-30 23:51:28,250 - portable_sam_fusion - INFO - [DEBUG-JITTER] epoch=25 step=7300 area_ratio_count=64 area_ratio_mean=1 area_ratio_sum=64 fallback_count=0 mean_iou=1 num_jittered=0 num_rois=64
2026-07-30 23:51:28,250 - portable_sam_fusion - INFO - [DEBUG-SP] epoch=25 step=7300 all_invalid_count=0 all_invalid_ratio=0 empty_count=0 empty_ratio=0 full_count=0 full_ratio=0 mean_point_distance=34.06 n1_gt_valid_count=64 n1_in_gt_bg=0.9688 n1_in_gt_bg_count=62 n1_valid_count=64 n1_valid_ratio=1 n2_gt_valid_count=64 n2_in_gt_bg=1 n2_in_gt_bg_count=64 n2_valid_count=64 n2_valid_ratio=1 neg_in_pred_bg=1 neg_in_pred_bg_count=128 negative_pair_count=64 negative_pair_distance_sum=3187 p1_gt_valid_count=64 p1_in_gt_fg=1 p1_in_gt_fg_count=64 p1_valid_count=64 p1_valid_ratio=1 p2_gt_valid_count=64 p2_in_gt_fg=1 p2_in_gt_fg_count=64 p2_valid_count=64 p2_valid_ratio=1 point_distance_sum=4360 point_overlap_count=0 point_overlap_ratio=0 point_pair_count=128 pos_in_pred_fg=1 pos_in_pred_fg_count=128 positive_pair_count=64 positive_pair_distance_sum=1173 roi_count=64 valid_neg_count=128 valid_pos_count=128 warmup_stage=2
2026-07-30 23:52:18,436 - portable_sam_fusion - INFO - [DEBUG-BOX] epoch=25 step=7350 fallback_count=0 fallback_ratio=0 num_rois=64 refined_proposal_iou=0 refined_proposal_iou_sum=0 refined_valid_count=0
2026-07-30 23:52:18,437 - portable_sam_fusion - INFO - [DEBUG-COARSE] epoch=25 step=7350 bce_raw=0.1343 boundary_fn=2249 boundary_fp=1672 boundary_tp=2.567e+04 dice=0.07202 dice_loss_raw=0.07202 iou=0.8676 loss_weight=0.1 raw_boundary_fn=2249 raw_boundary_fp=1672 raw_boundary_tp=2.567e+04 raw_dice_score=0.928 raw_iou=0.8676 weighted_loss=0.02063
2026-07-30 23:52:18,437 - portable_sam_fusion - INFO - [DEBUG-CONTEXT] epoch=25 step=7350 enabled=0
2026-07-30 23:52:18,437 - portable_sam_fusion - INFO - [DEBUG-JITTER] epoch=25 step=7350 area_ratio_count=64 area_ratio_mean=1 area_ratio_sum=64 fallback_count=0 mean_iou=1 num_jittered=0 num_rois=64
2026-07-30 23:52:18,437 - portable_sam_fusion - INFO - [DEBUG-SP] epoch=25 step=7350 all_invalid_count=0 all_invalid_ratio=0 empty_count=0 empty_ratio=0 full_count=0 full_ratio=0 mean_point_distance=34.94 n1_gt_valid_count=64 n1_in_gt_bg=0.9219 n1_in_gt_bg_count=59 n1_valid_count=64 n1_valid_ratio=1 n2_gt_valid_count=64 n2_in_gt_bg=1 n2_in_gt_bg_count=64 n2_valid_count=64 n2_valid_ratio=1 neg_in_pred_bg=1 neg_in_pred_bg_count=128 negative_pair_count=64 negative_pair_distance_sum=3313 p1_gt_valid_count=64 p1_in_gt_fg=1 p1_in_gt_fg_count=64 p1_valid_count=64 p1_valid_ratio=1 p2_gt_valid_count=64 p2_in_gt_fg=0.9844 p2_in_gt_fg_count=63 p2_valid_count=64 p2_valid_ratio=1 point_distance_sum=4473 point_overlap_count=0 point_overlap_ratio=0 point_pair_count=128 pos_in_pred_fg=1 pos_in_pred_fg_count=128 positive_pair_count=64 positive_pair_distance_sum=1160 roi_count=64 valid_neg_count=128 valid_pos_count=128 warmup_stage=2
2026-07-30 23:52:18,773 - portable_sam_fusion - INFO - epoch 25 | mini-batch 294/294 | optimizer_step 1850/5920 | lr=3.966e-04
2026-07-30 23:52:18,793 - portable_sam_fusion - INFO - Epoch 25 detailed losses: loss_rpn_cls=0.0125, loss_rpn_bbox=0.0046, loss_cls=0.1580, acc=93.8859, loss_bbox=0.0668, loss_mask=0.0014, debug_mask_pos_rois=56.0612, debug_mask_logit_mean=-15.8256, debug_mask_logit_std=2.9696, debug_mask_prob_mean=0.0052, debug_mask_prob_ge05=0.0051, debug_mask_target_fill=0.0052, loss_shape_prior=0.0203, schedule/det_weight=1.0000
2026-07-30 23:52:18,793 - portable_sam_fusion - INFO - Epoch 25 primary loss shares: det=91.77% final_mask=0.52% shape=7.71% p2_boundary=0.00%
2026-07-30 23:52:18,793 - portable_sam_fusion - INFO - Epoch 25 schedule: det_loss_weight=1.000 early_stop_start=20 min_delta=0.0005
2026-07-30 23:52:18,793 - portable_sam_fusion - INFO - Epoch 25 learning rates: sat_backbone=3.97e-04, mask_decoder=3.97e-04, shape_prior=3.97e-04, quality_head=3.97e-04, sat_other=3.97e-04
2026-07-30 23:55:12,833 - portable_sam_fusion - INFO - Validation samples: GT=15926, DT=17324, avg_masks_per_image=27.63, avg_mask_fill=0.0056
creating index...
index created!
Loading and preparing results...
DONE (t=0.02s)
creating index...
index created!
Running per image evaluation...
Evaluate annotation type *bbox*
DONE (t=10.41s).
Accumulating evaluation results...
DONE (t=0.16s).
 Average Precision  (AP) @[ IoU=0.50:0.95 | area=   all | maxDets=100 ] = 0.685
 Average Precision  (AP) @[ IoU=0.50      | area=   all | maxDets=100 ] = 0.896
 Average Precision  (AP) @[ IoU=0.75      | area=   all | maxDets=100 ] = 0.812
 Average Precision  (AP) @[ IoU=0.50:0.95 | area= small | maxDets=100 ] = 0.305
 Average Precision  (AP) @[ IoU=0.50:0.95 | area=medium | maxDets=100 ] = 0.718
 Average Precision  (AP) @[ IoU=0.50:0.95 | area= large | maxDets=100 ] = 0.784
 Average Recall     (AR) @[ IoU=0.50:0.95 | area=   all | maxDets=  1 ] = 0.025
 Average Recall     (AR) @[ IoU=0.50:0.95 | area=   all | maxDets= 10 ] = 0.187
 Average Recall     (AR) @[ IoU=0.50:0.95 | area=   all | maxDets=100 ] = 0.735
 Average Recall     (AR) @[ IoU=0.50:0.95 | area= small | maxDets=100 ] = 0.418
 Average Recall     (AR) @[ IoU=0.50:0.95 | area=medium | maxDets=100 ] = 0.773
 Average Recall     (AR) @[ IoU=0.50:0.95 | area= large | maxDets=100 ] = 0.828
2026-07-30 23:55:23,590 - portable_sam_fusion - INFO - Validation bbox/mAP: 0.6847 bbox/mAP_75: 0.8116
Running per image evaluation...
Evaluate annotation type *segm*
DONE (t=10.73s).
Accumulating evaluation results...
DONE (t=0.16s).
 Average Precision  (AP) @[ IoU=0.50:0.95 | area=   all | maxDets=100 ] = 0.643
 Average Precision  (AP) @[ IoU=0.50      | area=   all | maxDets=100 ] = 0.889
 Average Precision  (AP) @[ IoU=0.75      | area=   all | maxDets=100 ] = 0.763
 Average Precision  (AP) @[ IoU=0.50:0.95 | area= small | maxDets=100 ] = 0.229
 Average Precision  (AP) @[ IoU=0.50:0.95 | area=medium | maxDets=100 ] = 0.668
 Average Precision  (AP) @[ IoU=0.50:0.95 | area= large | maxDets=100 ] = 0.799
 Average Recall     (AR) @[ IoU=0.50:0.95 | area=   all | maxDets=  1 ] = 0.025
 Average Recall     (AR) @[ IoU=0.50:0.95 | area=   all | maxDets= 10 ] = 0.183
 Average Recall     (AR) @[ IoU=0.50:0.95 | area=   all | maxDets=100 ] = 0.685
 Average Recall     (AR) @[ IoU=0.50:0.95 | area= small | maxDets=100 ] = 0.316
 Average Recall     (AR) @[ IoU=0.50:0.95 | area=medium | maxDets=100 ] = 0.713
 Average Recall     (AR) @[ IoU=0.50:0.95 | area= large | maxDets=100 ] = 0.837
2026-07-30 23:55:34,512 - portable_sam_fusion - INFO - Validation segm/mAP: 0.6427
2026-07-30 23:55:35,065 - portable_sam_fusion - INFO - New best segm/mAP: 0.6427
2026-07-30 23:55:35,066 - portable_sam_fusion - INFO - New best early-stop metric (segm/mAP): raw=0.6427 smooth(5)=0.6297
2026-07-30 23:55:37,443 - portable_sam_fusion - INFO - Saved best_model with segm/mAP: 0.6427
2026-07-30 23:55:42,923 - portable_sam_fusion - INFO - Epoch 25/80 | train=0.263675 val=disabled segm/mAP=0.6427 bbox/mAP=0.6847 | best_segm=0.6427 best_bbox=0.7015 best_comp=0.0000 | sat_backbone=3.97e-04 mask_decoder=3.97e-04 shape_prior=3.97e-04 quality_head=3.97e-04 sat_other=3.97e-04
2026-07-30 23:56:37,552 - portable_sam_fusion - INFO - [DEBUG-BOX] epoch=26 step=7400 fallback_count=0 fallback_ratio=0 num_rois=0 refined_proposal_iou=0 refined_proposal_iou_sum=0 refined_valid_count=0
2026-07-30 23:56:37,552 - portable_sam_fusion - INFO - [DEBUG-COARSE] epoch=26 step=7400 boundary_fn=0 boundary_fp=0 boundary_tp=0 dice=0 iou=0
2026-07-30 23:56:37,552 - portable_sam_fusion - INFO - [DEBUG-CONTEXT] epoch=26 step=7400 enabled=0
2026-07-30 23:56:37,552 - portable_sam_fusion - INFO - [DEBUG-JITTER] epoch=26 step=7400 area_ratio_count=0 area_ratio_mean=0 area_ratio_sum=0 fallback_count=0 mean_iou=0 num_jittered=0 num_rois=0
2026-07-30 23:56:37,552 - portable_sam_fusion - INFO - [DEBUG-SP] epoch=26 step=7400 all_invalid_count=0 all_invalid_ratio=0 empty_count=0 empty_ratio=0 full_count=0 full_ratio=0 mean_point_distance=33.3 n1_gt_valid_count=64 n1_in_gt_bg=0.9062 n1_in_gt_bg_count=58 n1_valid_count=64 n1_valid_ratio=1 n2_gt_valid_count=64 n2_in_gt_bg=1 n2_in_gt_bg_count=64 n2_valid_count=64 n2_valid_ratio=1 neg_in_pred_bg=1 neg_in_pred_bg_count=128 negative_pair_count=64 negative_pair_distance_sum=2922 p1_gt_valid_count=64 p1_in_gt_fg=1 p1_in_gt_fg_count=64 p1_valid_count=64 p1_valid_ratio=1 p2_gt_valid_count=64 p2_in_gt_fg=1 p2_in_gt_fg_count=64 p2_valid_count=64 p2_valid_ratio=1 point_distance_sum=4263 point_overlap_count=0 point_overlap_ratio=0 point_pair_count=128 pos_in_pred_fg=1 pos_in_pred_fg_count=128 positive_pair_count=64 positive_pair_distance_sum=1341 roi_count=64 valid_neg_count=128 valid_pos_count=128 warmup_stage=2
2026-07-30 23:57:29,193 - portable_sam_fusion - INFO - [DEBUG-BOX] epoch=26 step=7450 fallback_count=0 fallback_ratio=0 num_rois=64 refined_proposal_iou=0 refined_proposal_iou_sum=0 refined_valid_count=0
2026-07-30 23:57:29,194 - portable_sam_fusion - INFO - [DEBUG-COARSE] epoch=26 step=7450 bce_raw=0.1139 boundary_fn=1013 boundary_fp=2120 boundary_tp=2.631e+04 dice=0.07977 dice_loss_raw=0.07977 iou=0.8544 loss_weight=0.1 raw_boundary_fn=1013 raw_boundary_fp=2120 raw_boundary_tp=2.631e+04 raw_dice_score=0.9202 raw_iou=0.8544 weighted_loss=0.01937
2026-07-30 23:57:29,194 - portable_sam_fusion - INFO - [DEBUG-CONTEXT] epoch=26 step=7450 enabled=0
2026-07-30 23:57:29,194 - portable_sam_fusion - INFO - [DEBUG-JITTER] epoch=26 step=7450 area_ratio_count=64 area_ratio_mean=1 area_ratio_sum=64 fallback_count=0 mean_iou=1 num_jittered=0 num_rois=64
2026-07-30 23:57:29,194 - portable_sam_fusion - INFO - [DEBUG-SP] epoch=26 step=7450 all_invalid_count=0 all_invalid_ratio=0 empty_count=0 empty_ratio=0 full_count=0 full_ratio=0 mean_point_distance=34.33 n1_gt_valid_count=64 n1_in_gt_bg=0.9688 n1_in_gt_bg_count=62 n1_valid_count=64 n1_valid_ratio=1 n2_gt_valid_count=64 n2_in_gt_bg=1 n2_in_gt_bg_count=64 n2_valid_count=64 n2_valid_ratio=1 neg_in_pred_bg=1 neg_in_pred_bg_count=128 negative_pair_count=64 negative_pair_distance_sum=3401 p1_gt_valid_count=64 p1_in_gt_fg=1 p1_in_gt_fg_count=64 p1_valid_count=64 p1_valid_ratio=1 p2_gt_valid_count=64 p2_in_gt_fg=1 p2_in_gt_fg_count=64 p2_valid_count=64 p2_valid_ratio=1 point_distance_sum=4394 point_overlap_count=0 point_overlap_ratio=0 point_pair_count=128 pos_in_pred_fg=1 pos_in_pred_fg_count=128 positive_pair_count=64 positive_pair_distance_sum=993.1 roi_count=64 valid_neg_count=128 valid_pos_count=128 warmup_stage=2
2026-07-30 23:58:23,660 - portable_sam_fusion - INFO - [DEBUG-BOX] epoch=26 step=7500 fallback_count=0 fallback_ratio=0 num_rois=64 refined_proposal_iou=0 refined_proposal_iou_sum=0 refined_valid_count=0
2026-07-30 23:58:23,661 - portable_sam_fusion - INFO - [DEBUG-COARSE] epoch=26 step=7500 bce_raw=0.1266 boundary_fn=2167 boundary_fp=1918 boundary_tp=2.642e+04 dice=0.08266 dice_loss_raw=0.08266 iou=0.8499 loss_weight=0.1 raw_boundary_fn=2167 raw_boundary_fp=1918 raw_boundary_tp=2.642e+04 raw_dice_score=0.9173 raw_iou=0.8499 weighted_loss=0.02093
2026-07-30 23:58:23,661 - portable_sam_fusion - INFO - [DEBUG-CONTEXT] epoch=26 step=7500 enabled=0
2026-07-30 23:58:23,661 - portable_sam_fusion - INFO - [DEBUG-JITTER] epoch=26 step=7500 area_ratio_count=64 area_ratio_mean=1 area_ratio_sum=64 fallback_count=0 mean_iou=1 num_jittered=0 num_rois=64
2026-07-30 23:58:23,661 - portable_sam_fusion - INFO - [DEBUG-SP] epoch=26 step=7500 all_invalid_count=0 all_invalid_ratio=0 empty_count=0 empty_ratio=0 full_count=0 full_ratio=0 mean_point_distance=24.79 n1_gt_valid_count=64 n1_in_gt_bg=0.9062 n1_in_gt_bg_count=58 n1_valid_count=64 n1_valid_ratio=1 n2_gt_valid_count=64 n2_in_gt_bg=1 n2_in_gt_bg_count=64 n2_valid_count=64 n2_valid_ratio=1 neg_in_pred_bg=1 neg_in_pred_bg_count=128 negative_pair_count=64 negative_pair_distance_sum=2362 p1_gt_valid_count=64 p1_in_gt_fg=1 p1_in_gt_fg_count=64 p1_valid_count=64 p1_valid_ratio=1 p2_gt_valid_count=64 p2_in_gt_fg=1 p2_in_gt_fg_count=64 p2_valid_count=64 p2_valid_ratio=1 point_distance_sum=3173 point_overlap_count=0 point_overlap_ratio=0 point_pair_count=128 pos_in_pred_fg=1 pos_in_pred_fg_count=128 positive_pair_count=64 positive_pair_distance_sum=811.1 roi_count=64 valid_neg_count=128 valid_pos_count=128 warmup_stage=2
2026-07-30 23:59:18,541 - portable_sam_fusion - INFO - [DEBUG-BOX] epoch=26 step=7550 fallback_count=0 fallback_ratio=0 num_rois=64 refined_proposal_iou=0 refined_proposal_iou_sum=0 refined_valid_count=0
2026-07-30 23:59:18,542 - portable_sam_fusion - INFO - [DEBUG-COARSE] epoch=26 step=7550 bce_raw=0.1567 boundary_fn=2840 boundary_fp=2843 boundary_tp=2.291e+04 dice=0.06925 dice_loss_raw=0.06925 iou=0.8724 loss_weight=0.1 raw_boundary_fn=2840 raw_boundary_fp=2843 raw_boundary_tp=2.291e+04 raw_dice_score=0.9308 raw_iou=0.8724 weighted_loss=0.0226
2026-07-30 23:59:18,542 - portable_sam_fusion - INFO - [DEBUG-CONTEXT] epoch=26 step=7550 enabled=0
2026-07-30 23:59:18,542 - portable_sam_fusion - INFO - [DEBUG-JITTER] epoch=26 step=7550 area_ratio_count=64 area_ratio_mean=1 area_ratio_sum=64 fallback_count=0 mean_iou=1 num_jittered=0 num_rois=64
2026-07-30 23:59:18,542 - portable_sam_fusion - INFO - [DEBUG-SP] epoch=26 step=7550 all_invalid_count=0 all_invalid_ratio=0 empty_count=0 empty_ratio=0 full_count=0 full_ratio=0 mean_point_distance=28.85 n1_gt_valid_count=64 n1_in_gt_bg=0.8438 n1_in_gt_bg_count=54 n1_valid_count=64 n1_valid_ratio=1 n2_gt_valid_count=64 n2_in_gt_bg=1 n2_in_gt_bg_count=64 n2_valid_count=64 n2_valid_ratio=1 neg_in_pred_bg=1 neg_in_pred_bg_count=128 negative_pair_count=64 negative_pair_distance_sum=2674 p1_gt_valid_count=64 p1_in_gt_fg=1 p1_in_gt_fg_count=64 p1_valid_count=64 p1_valid_ratio=1 p2_gt_valid_count=64 p2_in_gt_fg=1 p2_in_gt_fg_count=64 p2_valid_count=64 p2_valid_ratio=1 point_distance_sum=3693 point_overlap_count=0 point_overlap_ratio=0 point_pair_count=128 pos_in_pred_fg=1 pos_in_pred_fg_count=128 positive_pair_count=64 positive_pair_distance_sum=1019 roi_count=64 valid_neg_count=128 valid_pos_count=128 warmup_stage=2
2026-07-30 23:59:18,880 - portable_sam_fusion - INFO - epoch 26 | mini-batch 200/294 | optimizer_step 1900/5920 | lr=3.911e-04
2026-07-31 00:00:11,108 - portable_sam_fusion - INFO - [DEBUG-BOX] epoch=26 step=7600 fallback_count=0 fallback_ratio=0 num_rois=64 refined_proposal_iou=0 refined_proposal_iou_sum=0 refined_valid_count=0
2026-07-31 00:00:11,108 - portable_sam_fusion - INFO - [DEBUG-COARSE] epoch=26 step=7600 bce_raw=0.1641 boundary_fn=2606 boundary_fp=1806 boundary_tp=2.678e+04 dice=0.08438 dice_loss_raw=0.08438 iou=0.8488 loss_weight=0.1 raw_boundary_fn=2606 raw_boundary_fp=1806 raw_boundary_tp=2.678e+04 raw_dice_score=0.9156 raw_iou=0.8488 weighted_loss=0.02485
2026-07-31 00:00:11,108 - portable_sam_fusion - INFO - [DEBUG-CONTEXT] epoch=26 step=7600 enabled=0
2026-07-31 00:00:11,108 - portable_sam_fusion - INFO - [DEBUG-JITTER] epoch=26 step=7600 area_ratio_count=64 area_ratio_mean=1 area_ratio_sum=64 fallback_count=0 mean_iou=1 num_jittered=0 num_rois=64
2026-07-31 00:00:11,108 - portable_sam_fusion - INFO - [DEBUG-SP] epoch=26 step=7600 all_invalid_count=0 all_invalid_ratio=0 empty_count=0 empty_ratio=0 full_count=0 full_ratio=0 mean_point_distance=41.52 n1_gt_valid_count=64 n1_in_gt_bg=0.9688 n1_in_gt_bg_count=62 n1_valid_count=64 n1_valid_ratio=1 n2_gt_valid_count=64 n2_in_gt_bg=1 n2_in_gt_bg_count=64 n2_valid_count=64 n2_valid_ratio=1 neg_in_pred_bg=1 neg_in_pred_bg_count=128 negative_pair_count=64 negative_pair_distance_sum=3926 p1_gt_valid_count=64 p1_in_gt_fg=1 p1_in_gt_fg_count=64 p1_valid_count=64 p1_valid_ratio=1 p2_gt_valid_count=64 p2_in_gt_fg=1 p2_in_gt_fg_count=64 p2_valid_count=64 p2_valid_ratio=1 point_distance_sum=5314 point_overlap_count=0 point_overlap_ratio=0 point_pair_count=128 pos_in_pred_fg=1 pos_in_pred_fg_count=128 positive_pair_count=64 positive_pair_distance_sum=1388 roi_count=64 valid_neg_count=128 valid_pos_count=128 warmup_stage=2
2026-07-31 00:00:57,151 - portable_sam_fusion - INFO - Epoch 26 detailed losses: loss_rpn_cls=0.0108, loss_rpn_bbox=0.0050, loss_cls=0.1678, acc=93.4413, loss_bbox=0.0684, loss_mask=0.0015, debug_mask_pos_rois=57.3469, debug_mask_logit_mean=-16.3754, debug_mask_logit_std=3.0496, debug_mask_prob_mean=0.0054, debug_mask_prob_ge05=0.0054, debug_mask_target_fill=0.0054, loss_shape_prior=0.0200, schedule/det_weight=1.0000
2026-07-31 00:00:57,151 - portable_sam_fusion - INFO - Epoch 26 primary loss shares: det=92.13% final_mask=0.55% shape=7.33% p2_boundary=0.00%
2026-07-31 00:00:57,151 - portable_sam_fusion - INFO - Epoch 26 schedule: det_loss_weight=1.000 early_stop_start=20 min_delta=0.0005
2026-07-31 00:00:57,151 - portable_sam_fusion - INFO - Epoch 26 learning rates: sat_backbone=3.88e-04, mask_decoder=3.88e-04, shape_prior=3.88e-04, quality_head=3.88e-04, sat_other=3.88e-04
2026-07-31 00:03:53,558 - portable_sam_fusion - INFO - Validation samples: GT=15926, DT=17906, avg_masks_per_image=28.56, avg_mask_fill=0.0048
creating index...
index created!
Loading and preparing results...
DONE (t=0.02s)
creating index...
index created!
Running per image evaluation...
Evaluate annotation type *bbox*
DONE (t=10.64s).
Accumulating evaluation results...
DONE (t=0.16s).
 Average Precision  (AP) @[ IoU=0.50:0.95 | area=   all | maxDets=100 ] = 0.693
 Average Precision  (AP) @[ IoU=0.50      | area=   all | maxDets=100 ] = 0.896
 Average Precision  (AP) @[ IoU=0.75      | area=   all | maxDets=100 ] = 0.823
 Average Precision  (AP) @[ IoU=0.50:0.95 | area= small | maxDets=100 ] = 0.324
 Average Precision  (AP) @[ IoU=0.50:0.95 | area=medium | maxDets=100 ] = 0.731
 Average Precision  (AP) @[ IoU=0.50:0.95 | area= large | maxDets=100 ] = 0.782
 Average Recall     (AR) @[ IoU=0.50:0.95 | area=   all | maxDets=  1 ] = 0.025
 Average Recall     (AR) @[ IoU=0.50:0.95 | area=   all | maxDets= 10 ] = 0.188
 Average Recall     (AR) @[ IoU=0.50:0.95 | area=   all | maxDets=100 ] = 0.742
 Average Recall     (AR) @[ IoU=0.50:0.95 | area= small | maxDets=100 ] = 0.436
 Average Recall     (AR) @[ IoU=0.50:0.95 | area=medium | maxDets=100 ] = 0.781
 Average Recall     (AR) @[ IoU=0.50:0.95 | area= large | maxDets=100 ] = 0.827
2026-07-31 00:04:04,532 - portable_sam_fusion - INFO - Validation bbox/mAP: 0.6931 bbox/mAP_75: 0.8233
Running per image evaluation...
Evaluate annotation type *segm*
DONE (t=10.89s).
Accumulating evaluation results...
DONE (t=0.16s).
 Average Precision  (AP) @[ IoU=0.50:0.95 | area=   all | maxDets=100 ] = 0.623
 Average Precision  (AP) @[ IoU=0.50      | area=   all | maxDets=100 ] = 0.897
 Average Precision  (AP) @[ IoU=0.75      | area=   all | maxDets=100 ] = 0.740
 Average Precision  (AP) @[ IoU=0.50:0.95 | area= small | maxDets=100 ] = 0.207
 Average Precision  (AP) @[ IoU=0.50:0.95 | area=medium | maxDets=100 ] = 0.650
 Average Precision  (AP) @[ IoU=0.50:0.95 | area= large | maxDets=100 ] = 0.786
 Average Recall     (AR) @[ IoU=0.50:0.95 | area=   all | maxDets=  1 ] = 0.025
 Average Recall     (AR) @[ IoU=0.50:0.95 | area=   all | maxDets= 10 ] = 0.180
 Average Recall     (AR) @[ IoU=0.50:0.95 | area=   all | maxDets=100 ] = 0.668
 Average Recall     (AR) @[ IoU=0.50:0.95 | area= small | maxDets=100 ] = 0.291
 Average Recall     (AR) @[ IoU=0.50:0.95 | area=medium | maxDets=100 ] = 0.696
 Average Recall     (AR) @[ IoU=0.50:0.95 | area= large | maxDets=100 ] = 0.828
2026-07-31 00:04:15,613 - portable_sam_fusion - INFO - Validation segm/mAP: 0.6233
2026-07-31 00:04:16,165 - portable_sam_fusion - INFO - New best early-stop metric (segm/mAP): raw=0.6233 smooth(5)=0.6302
2026-07-31 00:04:21,766 - portable_sam_fusion - INFO - Epoch 26/80 | train=0.273566 val=disabled segm/mAP=0.6233 bbox/mAP=0.6931 | best_segm=0.6427 best_bbox=0.7015 best_comp=0.0000 | sat_backbone=3.88e-04 mask_decoder=3.88e-04 shape_prior=3.88e-04 quality_head=3.88e-04 sat_other=3.88e-04
2026-07-31 00:04:30,269 - portable_sam_fusion - INFO - [DEBUG-BOX] epoch=27 step=7650 fallback_count=0 fallback_ratio=0 num_rois=64 refined_proposal_iou=0 refined_proposal_iou_sum=0 refined_valid_count=0
2026-07-31 00:04:30,269 - portable_sam_fusion - INFO - [DEBUG-COARSE] epoch=27 step=7650 bce_raw=0.1132 boundary_fn=1463 boundary_fp=1517 boundary_tp=2.671e+04 dice=0.06406 dice_loss_raw=0.06406 iou=0.8813 loss_weight=0.1 raw_boundary_fn=1463 raw_boundary_fp=1517 raw_boundary_tp=2.671e+04 raw_dice_score=0.9359 raw_iou=0.8813 weighted_loss=0.01773
2026-07-31 00:04:30,269 - portable_sam_fusion - INFO - [DEBUG-CONTEXT] epoch=27 step=7650 enabled=0
2026-07-31 00:04:30,269 - portable_sam_fusion - INFO - [DEBUG-JITTER] epoch=27 step=7650 area_ratio_count=64 area_ratio_mean=1 area_ratio_sum=64 fallback_count=0 mean_iou=1 num_jittered=0 num_rois=64
2026-07-31 00:04:30,269 - portable_sam_fusion - INFO - [DEBUG-SP] epoch=27 step=7650 all_invalid_count=0 all_invalid_ratio=0 empty_count=0 empty_ratio=0 full_count=0 full_ratio=0 mean_point_distance=31.96 n1_gt_valid_count=64 n1_in_gt_bg=0.9219 n1_in_gt_bg_count=59 n1_valid_count=64 n1_valid_ratio=1 n2_gt_valid_count=64 n2_in_gt_bg=1 n2_in_gt_bg_count=64 n2_valid_count=64 n2_valid_ratio=1 neg_in_pred_bg=1 neg_in_pred_bg_count=128 negative_pair_count=64 negative_pair_distance_sum=3002 p1_gt_valid_count=64 p1_in_gt_fg=1 p1_in_gt_fg_count=64 p1_valid_count=64 p1_valid_ratio=1 p2_gt_valid_count=64 p2_in_gt_fg=1 p2_in_gt_fg_count=64 p2_valid_count=64 p2_valid_ratio=1 point_distance_sum=4091 point_overlap_count=0 point_overlap_ratio=0 point_pair_count=128 pos_in_pred_fg=1 pos_in_pred_fg_count=128 positive_pair_count=64 positive_pair_distance_sum=1089 roi_count=64 valid_neg_count=128 valid_pos_count=128 warmup_stage=2
2026-07-31 00:05:21,431 - portable_sam_fusion - INFO - [DEBUG-BOX] epoch=27 step=7700 fallback_count=0 fallback_ratio=0 num_rois=64 refined_proposal_iou=0 refined_proposal_iou_sum=0 refined_valid_count=0
2026-07-31 00:05:21,431 - portable_sam_fusion - INFO - [DEBUG-COARSE] epoch=27 step=7700 bce_raw=0.1312 boundary_fn=1816 boundary_fp=1440 boundary_tp=2.707e+04 dice=0.07314 dice_loss_raw=0.07314 iou=0.8655 loss_weight=0.1 raw_boundary_fn=1816 raw_boundary_fp=1440 raw_boundary_tp=2.707e+04 raw_dice_score=0.9269 raw_iou=0.8655 weighted_loss=0.02043
2026-07-31 00:05:21,431 - portable_sam_fusion - INFO - [DEBUG-CONTEXT] epoch=27 step=7700 enabled=0
2026-07-31 00:05:21,431 - portable_sam_fusion - INFO - [DEBUG-JITTER] epoch=27 step=7700 area_ratio_count=64 area_ratio_mean=1 area_ratio_sum=64 fallback_count=0 mean_iou=1 num_jittered=0 num_rois=64
2026-07-31 00:05:21,431 - portable_sam_fusion - INFO - [DEBUG-SP] epoch=27 step=7700 all_invalid_count=0 all_invalid_ratio=0 empty_count=0 empty_ratio=0 full_count=0 full_ratio=0 mean_point_distance=34.24 n1_gt_valid_count=64 n1_in_gt_bg=0.9375 n1_in_gt_bg_count=60 n1_valid_count=64 n1_valid_ratio=1 n2_gt_valid_count=64 n2_in_gt_bg=1 n2_in_gt_bg_count=64 n2_valid_count=64 n2_valid_ratio=1 neg_in_pred_bg=1 neg_in_pred_bg_count=128 negative_pair_count=64 negative_pair_distance_sum=3285 p1_gt_valid_count=64 p1_in_gt_fg=1 p1_in_gt_fg_count=64 p1_valid_count=64 p1_valid_ratio=1 p2_gt_valid_count=64 p2_in_gt_fg=1 p2_in_gt_fg_count=64 p2_valid_count=64 p2_valid_ratio=1 point_distance_sum=4383 point_overlap_count=0 point_overlap_ratio=0 point_pair_count=128 pos_in_pred_fg=1 pos_in_pred_fg_count=128 positive_pair_count=64 positive_pair_distance_sum=1098 roi_count=64 valid_neg_count=128 valid_pos_count=128 warmup_stage=2
2026-07-31 00:06:12,386 - portable_sam_fusion - INFO - epoch 27 | mini-batch 104/294 | optimizer_step 1950/5920 | lr=3.855e-04
2026-07-31 00:06:14,455 - portable_sam_fusion - INFO - [DEBUG-BOX] epoch=27 step=7750 fallback_count=0 fallback_ratio=0 num_rois=64 refined_proposal_iou=0 refined_proposal_iou_sum=0 refined_valid_count=0
2026-07-31 00:06:14,455 - portable_sam_fusion - INFO - [DEBUG-COARSE] epoch=27 step=7750 bce_raw=0.1576 boundary_fn=2488 boundary_fp=2833 boundary_tp=2.569e+04 dice=0.09525 dice_loss_raw=0.09525 iou=0.8296 loss_weight=0.1 raw_boundary_fn=2488 raw_boundary_fp=2833 raw_boundary_tp=2.569e+04 raw_dice_score=0.9048 raw_iou=0.8296 weighted_loss=0.02528
2026-07-31 00:06:14,455 - portable_sam_fusion - INFO - [DEBUG-CONTEXT] epoch=27 step=7750 enabled=0
2026-07-31 00:06:14,455 - portable_sam_fusion - INFO - [DEBUG-JITTER] epoch=27 step=7750 area_ratio_count=64 area_ratio_mean=1 area_ratio_sum=64 fallback_count=0 mean_iou=1 num_jittered=0 num_rois=64
2026-07-31 00:06:14,455 - portable_sam_fusion - INFO - [DEBUG-SP] epoch=27 step=7750 all_invalid_count=0 all_invalid_ratio=0 empty_count=0 empty_ratio=0 full_count=0 full_ratio=0 mean_point_distance=31.14 n1_gt_valid_count=64 n1_in_gt_bg=0.9062 n1_in_gt_bg_count=58 n1_valid_count=64 n1_valid_ratio=1 n2_gt_valid_count=64 n2_in_gt_bg=1 n2_in_gt_bg_count=64 n2_valid_count=64 n2_valid_ratio=1 neg_in_pred_bg=1 neg_in_pred_bg_count=128 negative_pair_count=64 negative_pair_distance_sum=2793 p1_gt_valid_count=64 p1_in_gt_fg=1 p1_in_gt_fg_count=64 p1_valid_count=64 p1_valid_ratio=1 p2_gt_valid_count=64 p2_in_gt_fg=1 p2_in_gt_fg_count=64 p2_valid_count=64 p2_valid_ratio=1 point_distance_sum=3986 point_overlap_count=0 point_overlap_ratio=0 point_pair_count=128 pos_in_pred_fg=1 pos_in_pred_fg_count=128 positive_pair_count=64 positive_pair_distance_sum=1193 roi_count=64 valid_neg_count=128 valid_pos_count=128 warmup_stage=2
2026-07-31 00:07:07,785 - portable_sam_fusion - INFO - [DEBUG-BOX] epoch=27 step=7800 fallback_count=0 fallback_ratio=0 num_rois=0 refined_proposal_iou=0 refined_proposal_iou_sum=0 refined_valid_count=0
2026-07-31 00:07:07,785 - portable_sam_fusion - INFO - [DEBUG-COARSE] epoch=27 step=7800 boundary_fn=0 boundary_fp=0 boundary_tp=0 dice=0 iou=0
2026-07-31 00:07:07,785 - portable_sam_fusion - INFO - [DEBUG-CONTEXT] epoch=27 step=7800 enabled=0
2026-07-31 00:07:07,785 - portable_sam_fusion - INFO - [DEBUG-JITTER] epoch=27 step=7800 area_ratio_count=0 area_ratio_mean=0 area_ratio_sum=0 fallback_count=0 mean_iou=0 num_jittered=0 num_rois=0
2026-07-31 00:07:07,785 - portable_sam_fusion - INFO - [DEBUG-SP] epoch=27 step=7800 all_invalid_count=0 all_invalid_ratio=0 empty_count=0 empty_ratio=0 full_count=0 full_ratio=0 mean_point_distance=24.67 n1_gt_valid_count=64 n1_in_gt_bg=0.9062 n1_in_gt_bg_count=58 n1_valid_count=64 n1_valid_ratio=1 n2_gt_valid_count=64 n2_in_gt_bg=1 n2_in_gt_bg_count=64 n2_valid_count=64 n2_valid_ratio=1 neg_in_pred_bg=1 neg_in_pred_bg_count=128 negative_pair_count=64 negative_pair_distance_sum=2267 p1_gt_valid_count=64 p1_in_gt_fg=1 p1_in_gt_fg_count=64 p1_valid_count=64 p1_valid_ratio=1 p2_gt_valid_count=64 p2_in_gt_fg=1 p2_in_gt_fg_count=64 p2_valid_count=64 p2_valid_ratio=1 point_distance_sum=3157 point_overlap_count=0 point_overlap_ratio=0 point_pair_count=128 pos_in_pred_fg=1 pos_in_pred_fg_count=128 positive_pair_count=64 positive_pair_distance_sum=889.8 roi_count=64 valid_neg_count=128 valid_pos_count=128 warmup_stage=2
2026-07-31 00:08:00,181 - portable_sam_fusion - INFO - [DEBUG-BOX] epoch=27 step=7850 fallback_count=0 fallback_ratio=0 num_rois=64 refined_proposal_iou=0 refined_proposal_iou_sum=0 refined_valid_count=0
2026-07-31 00:08:00,182 - portable_sam_fusion - INFO - [DEBUG-COARSE] epoch=27 step=7850 bce_raw=0.2983 boundary_fn=2574 boundary_fp=2746 boundary_tp=1.997e+04 dice=0.06877 dice_loss_raw=0.06877 iou=0.8757 loss_weight=0.1 raw_boundary_fn=2574 raw_boundary_fp=2746 raw_boundary_tp=1.997e+04 raw_dice_score=0.9312 raw_iou=0.8757 weighted_loss=0.03671
2026-07-31 00:08:00,182 - portable_sam_fusion - INFO - [DEBUG-CONTEXT] epoch=27 step=7850 enabled=0
2026-07-31 00:08:00,182 - portable_sam_fusion - INFO - [DEBUG-JITTER] epoch=27 step=7850 area_ratio_count=64 area_ratio_mean=1 area_ratio_sum=64 fallback_count=0 mean_iou=1 num_jittered=0 num_rois=64
2026-07-31 00:08:00,182 - portable_sam_fusion - INFO - [DEBUG-SP] epoch=27 step=7850 all_invalid_count=0 all_invalid_ratio=0 empty_count=0 empty_ratio=0 full_count=1 full_ratio=0.01562 mean_point_distance=42.77 n1_gt_valid_count=63 n1_in_gt_bg=0.8889 n1_in_gt_bg_count=56 n1_valid_count=63 n1_valid_ratio=0.9844 n2_gt_valid_count=63 n2_in_gt_bg=0.9683 n2_in_gt_bg_count=61 n2_valid_count=63 n2_valid_ratio=0.9844 neg_in_pred_bg=1 neg_in_pred_bg_count=126 negative_pair_count=63 negative_pair_distance_sum=3879 p1_gt_valid_count=64 p1_in_gt_fg=1 p1_in_gt_fg_count=64 p1_valid_count=64 p1_valid_ratio=1 p2_gt_valid_count=64 p2_in_gt_fg=0.9531 p2_in_gt_fg_count=61 p2_valid_count=64 p2_valid_ratio=1 point_distance_sum=5432 point_overlap_count=0 point_overlap_ratio=0 point_pair_count=127 pos_in_pred_fg=1 pos_in_pred_fg_count=128 positive_pair_count=64 positive_pair_distance_sum=1553 roi_count=64 valid_neg_count=126 valid_pos_count=128 warmup_stage=2
2026-07-31 00:08:55,322 - portable_sam_fusion - INFO - [DEBUG-BOX] epoch=27 step=7900 fallback_count=0 fallback_ratio=0 num_rois=64 refined_proposal_iou=0 refined_proposal_iou_sum=0 refined_valid_count=0
2026-07-31 00:08:55,322 - portable_sam_fusion - INFO - [DEBUG-COARSE] epoch=27 step=7900 bce_raw=0.1209 boundary_fn=1568 boundary_fp=1360 boundary_tp=2.514e+04 dice=0.0624 dice_loss_raw=0.0624 iou=0.8833 loss_weight=0.1 raw_boundary_fn=1568 raw_boundary_fp=1360 raw_boundary_tp=2.514e+04 raw_dice_score=0.9376 raw_iou=0.8833 weighted_loss=0.01833
2026-07-31 00:08:55,322 - portable_sam_fusion - INFO - [DEBUG-CONTEXT] epoch=27 step=7900 enabled=0
2026-07-31 00:08:55,322 - portable_sam_fusion - INFO - [DEBUG-JITTER] epoch=27 step=7900 area_ratio_count=64 area_ratio_mean=1 area_ratio_sum=64 fallback_count=0 mean_iou=1 num_jittered=0 num_rois=64
2026-07-31 00:08:55,322 - portable_sam_fusion - INFO - [DEBUG-SP] epoch=27 step=7900 all_invalid_count=0 all_invalid_ratio=0 empty_count=0 empty_ratio=0 full_count=0 full_ratio=0 mean_point_distance=31.03 n1_gt_valid_count=64 n1_in_gt_bg=0.9062 n1_in_gt_bg_count=58 n1_valid_count=64 n1_valid_ratio=1 n2_gt_valid_count=64 n2_in_gt_bg=1 n2_in_gt_bg_count=64 n2_valid_count=64 n2_valid_ratio=1 neg_in_pred_bg=1 neg_in_pred_bg_count=128 negative_pair_count=64 negative_pair_distance_sum=2958 p1_gt_valid_count=64 p1_in_gt_fg=1 p1_in_gt_fg_count=64 p1_valid_count=64 p1_valid_ratio=1 p2_gt_valid_count=64 p2_in_gt_fg=1 p2_in_gt_fg_count=64 p2_valid_count=64 p2_valid_ratio=1 point_distance_sum=3971 point_overlap_count=0 point_overlap_ratio=0 point_pair_count=128 pos_in_pred_fg=1 pos_in_pred_fg_count=128 positive_pair_count=64 positive_pair_distance_sum=1013 roi_count=64 valid_neg_count=128 valid_pos_count=128 warmup_stage=2
2026-07-31 00:09:35,443 - portable_sam_fusion - INFO - Epoch 27 detailed losses: loss_rpn_cls=0.0121, loss_rpn_bbox=0.0041, loss_cls=0.1714, acc=93.2523, loss_bbox=0.0621, loss_mask=0.0011, debug_mask_pos_rois=55.8776, debug_mask_logit_mean=-16.6503, debug_mask_logit_std=3.0177, debug_mask_prob_mean=0.0047, debug_mask_prob_ge05=0.0046, debug_mask_target_fill=0.0047, loss_shape_prior=0.0192, schedule/det_weight=1.0000
2026-07-31 00:09:35,443 - portable_sam_fusion - INFO - Epoch 27 primary loss shares: det=92.46% final_mask=0.41% shape=7.13% p2_boundary=0.00%
2026-07-31 00:09:35,443 - portable_sam_fusion - INFO - Epoch 27 schedule: det_loss_weight=1.000 early_stop_start=20 min_delta=0.0005
2026-07-31 00:09:35,443 - portable_sam_fusion - INFO - Epoch 27 learning rates: sat_backbone=3.80e-04, mask_decoder=3.80e-04, shape_prior=3.80e-04, quality_head=3.80e-04, sat_other=3.80e-04
2026-07-31 00:12:26,681 - portable_sam_fusion - INFO - Validation samples: GT=15926, DT=18118, avg_masks_per_image=28.90, avg_mask_fill=0.0056
creating index...
index created!
Loading and preparing results...
DONE (t=0.02s)
creating index...
index created!
Running per image evaluation...
Evaluate annotation type *bbox*
DONE (t=10.56s).
Accumulating evaluation results...
DONE (t=0.16s).
 Average Precision  (AP) @[ IoU=0.50:0.95 | area=   all | maxDets=100 ] = 0.687
 Average Precision  (AP) @[ IoU=0.50      | area=   all | maxDets=100 ] = 0.896
 Average Precision  (AP) @[ IoU=0.75      | area=   all | maxDets=100 ] = 0.824
 Average Precision  (AP) @[ IoU=0.50:0.95 | area= small | maxDets=100 ] = 0.308
 Average Precision  (AP) @[ IoU=0.50:0.95 | area=medium | maxDets=100 ] = 0.726
 Average Precision  (AP) @[ IoU=0.50:0.95 | area= large | maxDets=100 ] = 0.774
 Average Recall     (AR) @[ IoU=0.50:0.95 | area=   all | maxDets=  1 ] = 0.025
 Average Recall     (AR) @[ IoU=0.50:0.95 | area=   all | maxDets= 10 ] = 0.187
 Average Recall     (AR) @[ IoU=0.50:0.95 | area=   all | maxDets=100 ] = 0.736
 Average Recall     (AR) @[ IoU=0.50:0.95 | area= small | maxDets=100 ] = 0.430
 Average Recall     (AR) @[ IoU=0.50:0.95 | area=medium | maxDets=100 ] = 0.776
 Average Recall     (AR) @[ IoU=0.50:0.95 | area= large | maxDets=100 ] = 0.819
2026-07-31 00:12:37,579 - portable_sam_fusion - INFO - Validation bbox/mAP: 0.6871 bbox/mAP_75: 0.8235
Running per image evaluation...
Evaluate annotation type *segm*
DONE (t=10.84s).
Accumulating evaluation results...
DONE (t=0.16s).
 Average Precision  (AP) @[ IoU=0.50:0.95 | area=   all | maxDets=100 ] = 0.628
 Average Precision  (AP) @[ IoU=0.50      | area=   all | maxDets=100 ] = 0.896
 Average Precision  (AP) @[ IoU=0.75      | area=   all | maxDets=100 ] = 0.742
 Average Precision  (AP) @[ IoU=0.50:0.95 | area= small | maxDets=100 ] = 0.195
 Average Precision  (AP) @[ IoU=0.50:0.95 | area=medium | maxDets=100 ] = 0.654
 Average Precision  (AP) @[ IoU=0.50:0.95 | area= large | maxDets=100 ] = 0.786
 Average Recall     (AR) @[ IoU=0.50:0.95 | area=   all | maxDets=  1 ] = 0.025
 Average Recall     (AR) @[ IoU=0.50:0.95 | area=   all | maxDets= 10 ] = 0.181
 Average Recall     (AR) @[ IoU=0.50:0.95 | area=   all | maxDets=100 ] = 0.667
 Average Recall     (AR) @[ IoU=0.50:0.95 | area= small | maxDets=100 ] = 0.286
 Average Recall     (AR) @[ IoU=0.50:0.95 | area=medium | maxDets=100 ] = 0.696
 Average Recall     (AR) @[ IoU=0.50:0.95 | area= large | maxDets=100 ] = 0.828
2026-07-31 00:12:48,609 - portable_sam_fusion - INFO - Validation segm/mAP: 0.6283
2026-07-31 00:12:49,466 - portable_sam_fusion - INFO - Early-stop metric (segm/mAP): raw=0.6283 smooth(5)=0.6297 best=0.6302 counter=1
2026-07-31 00:12:54,760 - portable_sam_fusion - INFO - Epoch 27/80 | train=0.270033 val=disabled segm/mAP=0.6283 bbox/mAP=0.6871 | best_segm=0.6427 best_bbox=0.7015 best_comp=0.0000 | sat_backbone=3.80e-04 mask_decoder=3.80e-04 shape_prior=3.80e-04 quality_head=3.80e-04 sat_other=3.80e-04
2026-07-31 00:13:02,627 - portable_sam_fusion - INFO - epoch 28 | mini-batch 8/294 | optimizer_step 2000/5920 | lr=3.798e-04
2026-07-31 00:13:06,622 - portable_sam_fusion - INFO - [DEBUG-BOX] epoch=28 step=7950 fallback_count=0 fallback_ratio=0 num_rois=64 refined_proposal_iou=0 refined_proposal_iou_sum=0 refined_valid_count=0
2026-07-31 00:13:06,622 - portable_sam_fusion - INFO - [DEBUG-COARSE] epoch=28 step=7950 bce_raw=0.1624 boundary_fn=3868 boundary_fp=4273 boundary_tp=1.915e+04 dice=0.07477 dice_loss_raw=0.07477 iou=0.864 loss_weight=0.1 raw_boundary_fn=3868 raw_boundary_fp=4273 raw_boundary_tp=1.915e+04 raw_dice_score=0.9252 raw_iou=0.864 weighted_loss=0.02372
2026-07-31 00:13:06,622 - portable_sam_fusion - INFO - [DEBUG-CONTEXT] epoch=28 step=7950 enabled=0
2026-07-31 00:13:06,622 - portable_sam_fusion - INFO - [DEBUG-JITTER] epoch=28 step=7950 area_ratio_count=64 area_ratio_mean=1 area_ratio_sum=64 fallback_count=0 mean_iou=1 num_jittered=0 num_rois=64
2026-07-31 00:13:06,622 - portable_sam_fusion - INFO - [DEBUG-SP] epoch=28 step=7950 all_invalid_count=0 all_invalid_ratio=0 empty_count=0 empty_ratio=0 full_count=0 full_ratio=0 mean_point_distance=15.36 n1_gt_valid_count=64 n1_in_gt_bg=0.5781 n1_in_gt_bg_count=37 n1_valid_count=64 n1_valid_ratio=1 n2_gt_valid_count=64 n2_in_gt_bg=1 n2_in_gt_bg_count=64 n2_valid_count=64 n2_valid_ratio=1 neg_in_pred_bg=1 neg_in_pred_bg_count=128 negative_pair_count=64 negative_pair_distance_sum=1457 p1_gt_valid_count=64 p1_in_gt_fg=1 p1_in_gt_fg_count=64 p1_valid_count=64 p1_valid_ratio=1 p2_gt_valid_count=64 p2_in_gt_fg=1 p2_in_gt_fg_count=64 p2_valid_count=64 p2_valid_ratio=1 point_distance_sum=1966 point_overlap_count=0 point_overlap_ratio=0 point_pair_count=128 pos_in_pred_fg=1 pos_in_pred_fg_count=128 positive_pair_count=64 positive_pair_distance_sum=508.8 roi_count=64 valid_neg_count=128 valid_pos_count=128 warmup_stage=2
2026-07-31 00:14:02,252 - portable_sam_fusion - INFO - [DEBUG-BOX] epoch=28 step=8000 fallback_count=0 fallback_ratio=0 num_rois=0 refined_proposal_iou=0 refined_proposal_iou_sum=0 refined_valid_count=0
2026-07-31 00:14:02,252 - portable_sam_fusion - INFO - [DEBUG-COARSE] epoch=28 step=8000 boundary_fn=0 boundary_fp=0 boundary_tp=0 dice=0 iou=0
2026-07-31 00:14:02,252 - portable_sam_fusion - INFO - [DEBUG-CONTEXT] epoch=28 step=8000 enabled=0
2026-07-31 00:14:02,252 - portable_sam_fusion - INFO - [DEBUG-JITTER] epoch=28 step=8000 area_ratio_count=0 area_ratio_mean=0 area_ratio_sum=0 fallback_count=0 mean_iou=0 num_jittered=0 num_rois=0
2026-07-31 00:14:02,252 - portable_sam_fusion - INFO - [DEBUG-SP] epoch=28 step=8000 all_invalid_count=0 all_invalid_ratio=0 empty_count=0 empty_ratio=0 full_count=2 full_ratio=0.03125 mean_point_distance=43.36 n1_gt_valid_count=62 n1_in_gt_bg=0.7581 n1_in_gt_bg_count=47 n1_valid_count=62 n1_valid_ratio=0.9688 n2_gt_valid_count=62 n2_in_gt_bg=1 n2_in_gt_bg_count=62 n2_valid_count=62 n2_valid_ratio=0.9688 neg_in_pred_bg=1 neg_in_pred_bg_count=124 negative_pair_count=62 negative_pair_distance_sum=3804 p1_gt_valid_count=64 p1_in_gt_fg=1 p1_in_gt_fg_count=64 p1_valid_count=64 p1_valid_ratio=1 p2_gt_valid_count=64 p2_in_gt_fg=1 p2_in_gt_fg_count=64 p2_valid_count=64 p2_valid_ratio=1 point_distance_sum=5463 point_overlap_count=0 point_overlap_ratio=0 point_pair_count=126 pos_in_pred_fg=1 pos_in_pred_fg_count=128 positive_pair_count=64 positive_pair_distance_sum=1660 roi_count=64 valid_neg_count=124 valid_pos_count=128 warmup_stage=2
2026-07-31 00:14:54,155 - portable_sam_fusion - INFO - [DEBUG-BOX] epoch=28 step=8050 fallback_count=0 fallback_ratio=0 num_rois=64 refined_proposal_iou=0 refined_proposal_iou_sum=0 refined_valid_count=0
2026-07-31 00:14:54,155 - portable_sam_fusion - INFO - [DEBUG-COARSE] epoch=28 step=8050 bce_raw=0.2226 boundary_fn=3727 boundary_fp=2862 boundary_tp=2.315e+04 dice=0.08319 dice_loss_raw=0.08319 iou=0.8504 loss_weight=0.1 raw_boundary_fn=3727 raw_boundary_fp=2862 raw_boundary_tp=2.315e+04 raw_dice_score=0.9168 raw_iou=0.8504 weighted_loss=0.03058
2026-07-31 00:14:54,155 - portable_sam_fusion - INFO - [DEBUG-CONTEXT] epoch=28 step=8050 enabled=0
2026-07-31 00:14:54,155 - portable_sam_fusion - INFO - [DEBUG-JITTER] epoch=28 step=8050 area_ratio_count=64 area_ratio_mean=1 area_ratio_sum=64 fallback_count=0 mean_iou=1 num_jittered=0 num_rois=64
2026-07-31 00:14:54,155 - portable_sam_fusion - INFO - [DEBUG-SP] epoch=28 step=8050 all_invalid_count=0 all_invalid_ratio=0 empty_count=0 empty_ratio=0 full_count=0 full_ratio=0 mean_point_distance=23.95 n1_gt_valid_count=64 n1_in_gt_bg=0.7031 n1_in_gt_bg_count=45 n1_valid_count=64 n1_valid_ratio=1 n2_gt_valid_count=64 n2_in_gt_bg=1 n2_in_gt_bg_count=64 n2_valid_count=64 n2_valid_ratio=1 neg_in_pred_bg=1 neg_in_pred_bg_count=128 negative_pair_count=64 negative_pair_distance_sum=2324 p1_gt_valid_count=64 p1_in_gt_fg=1 p1_in_gt_fg_count=64 p1_valid_count=64 p1_valid_ratio=1 p2_gt_valid_count=64 p2_in_gt_fg=1 p2_in_gt_fg_count=64 p2_valid_count=64 p2_valid_ratio=1 point_distance_sum=3065 point_overlap_count=0 point_overlap_ratio=0 point_pair_count=128 pos_in_pred_fg=1 pos_in_pred_fg_count=128 positive_pair_count=64 positive_pair_distance_sum=741.8 roi_count=64 valid_neg_count=128 valid_pos_count=128 warmup_stage=2
2026-07-31 00:15:46,848 - portable_sam_fusion - INFO - [DEBUG-BOX] epoch=28 step=8100 fallback_count=0 fallback_ratio=0 num_rois=64 refined_proposal_iou=0 refined_proposal_iou_sum=0 refined_valid_count=0
2026-07-31 00:15:46,848 - portable_sam_fusion - INFO - [DEBUG-COARSE] epoch=28 step=8100 bce_raw=0.1307 boundary_fn=1933 boundary_fp=1271 boundary_tp=2.641e+04 dice=0.07673 dice_loss_raw=0.07673 iou=0.8591 loss_weight=0.1 raw_boundary_fn=1933 raw_boundary_fp=1271 raw_boundary_tp=2.641e+04 raw_dice_score=0.9233 raw_iou=0.8591 weighted_loss=0.02075
2026-07-31 00:15:46,848 - portable_sam_fusion - INFO - [DEBUG-CONTEXT] epoch=28 step=8100 enabled=0
2026-07-31 00:15:46,848 - portable_sam_fusion - INFO - [DEBUG-JITTER] epoch=28 step=8100 area_ratio_count=64 area_ratio_mean=1 area_ratio_sum=64 fallback_count=0 mean_iou=1 num_jittered=0 num_rois=64
2026-07-31 00:15:46,848 - portable_sam_fusion - INFO - [DEBUG-SP] epoch=28 step=8100 all_invalid_count=0 all_invalid_ratio=0 empty_count=0 empty_ratio=0 full_count=0 full_ratio=0 mean_point_distance=36.43 n1_gt_valid_count=64 n1_in_gt_bg=0.8281 n1_in_gt_bg_count=53 n1_valid_count=64 n1_valid_ratio=1 n2_gt_valid_count=64 n2_in_gt_bg=1 n2_in_gt_bg_count=64 n2_valid_count=64 n2_valid_ratio=1 neg_in_pred_bg=1 neg_in_pred_bg_count=128 negative_pair_count=64 negative_pair_distance_sum=3358 p1_gt_valid_count=64 p1_in_gt_fg=1 p1_in_gt_fg_count=64 p1_valid_count=64 p1_valid_ratio=1 p2_gt_valid_count=64 p2_in_gt_fg=1 p2_in_gt_fg_count=64 p2_valid_count=64 p2_valid_ratio=1 point_distance_sum=4662 point_overlap_count=0 point_overlap_ratio=0 point_pair_count=128 pos_in_pred_fg=1 pos_in_pred_fg_count=128 positive_pair_count=64 positive_pair_distance_sum=1304 roi_count=64 valid_neg_count=128 valid_pos_count=128 warmup_stage=2
2026-07-31 00:16:33,228 - portable_sam_fusion - INFO - epoch 28 | mini-batch 208/294 | optimizer_step 2050/5920 | lr=3.740e-04
2026-07-31 00:16:36,913 - portable_sam_fusion - INFO - [DEBUG-BOX] epoch=28 step=8150 fallback_count=0 fallback_ratio=0 num_rois=64 refined_proposal_iou=0 refined_proposal_iou_sum=0 refined_valid_count=0
2026-07-31 00:16:36,913 - portable_sam_fusion - INFO - [DEBUG-COARSE] epoch=28 step=8150 bce_raw=0.1262 boundary_fn=2182 boundary_fp=1648 boundary_tp=2.501e+04 dice=0.07101 dice_loss_raw=0.07101 iou=0.8693 loss_weight=0.1 raw_boundary_fn=2182 raw_boundary_fp=1648 raw_boundary_tp=2.501e+04 raw_dice_score=0.929 raw_iou=0.8693 weighted_loss=0.01972
2026-07-31 00:16:36,913 - portable_sam_fusion - INFO - [DEBUG-CONTEXT] epoch=28 step=8150 enabled=0
2026-07-31 00:16:36,913 - portable_sam_fusion - INFO - [DEBUG-JITTER] epoch=28 step=8150 area_ratio_count=64 area_ratio_mean=1 area_ratio_sum=64 fallback_count=0 mean_iou=1 num_jittered=0 num_rois=64
2026-07-31 00:16:36,913 - portable_sam_fusion - INFO - [DEBUG-SP] epoch=28 step=8150 all_invalid_count=0 all_invalid_ratio=0 empty_count=0 empty_ratio=0 full_count=0 full_ratio=0 mean_point_distance=23.53 n1_gt_valid_count=64 n1_in_gt_bg=0.8906 n1_in_gt_bg_count=57 n1_valid_count=64 n1_valid_ratio=1 n2_gt_valid_count=64 n2_in_gt_bg=1 n2_in_gt_bg_count=64 n2_valid_count=64 n2_valid_ratio=1 neg_in_pred_bg=1 neg_in_pred_bg_count=128 negative_pair_count=64 negative_pair_distance_sum=2242 p1_gt_valid_count=64 p1_in_gt_fg=1 p1_in_gt_fg_count=64 p1_valid_count=64 p1_valid_ratio=1 p2_gt_valid_count=64 p2_in_gt_fg=1 p2_in_gt_fg_count=64 p2_valid_count=64 p2_valid_ratio=1 point_distance_sum=3011 point_overlap_count=0 point_overlap_ratio=0 point_pair_count=128 pos_in_pred_fg=1 pos_in_pred_fg_count=128 positive_pair_count=64 positive_pair_distance_sum=769.5 roi_count=64 valid_neg_count=128 valid_pos_count=128 warmup_stage=2
2026-07-31 00:17:30,332 - portable_sam_fusion - INFO - [DEBUG-BOX] epoch=28 step=8200 fallback_count=0 fallback_ratio=0 num_rois=64 refined_proposal_iou=0 refined_proposal_iou_sum=0 refined_valid_count=0
2026-07-31 00:17:30,332 - portable_sam_fusion - INFO - [DEBUG-COARSE] epoch=28 step=8200 bce_raw=0.1442 boundary_fn=2022 boundary_fp=2725 boundary_tp=2.261e+04 dice=0.05407 dice_loss_raw=0.05407 iou=0.8989 loss_weight=0.1 raw_boundary_fn=2022 raw_boundary_fp=2725 raw_boundary_tp=2.261e+04 raw_dice_score=0.9459 raw_iou=0.8989 weighted_loss=0.01982
2026-07-31 00:17:30,332 - portable_sam_fusion - INFO - [DEBUG-CONTEXT] epoch=28 step=8200 enabled=0
2026-07-31 00:17:30,332 - portable_sam_fusion - INFO - [DEBUG-JITTER] epoch=28 step=8200 area_ratio_count=64 area_ratio_mean=1 area_ratio_sum=64 fallback_count=0 mean_iou=1 num_jittered=0 num_rois=64
2026-07-31 00:17:30,333 - portable_sam_fusion - INFO - [DEBUG-SP] epoch=28 step=8200 all_invalid_count=0 all_invalid_ratio=0 empty_count=0 empty_ratio=0 full_count=1 full_ratio=0.01562 mean_point_distance=24.94 n1_gt_valid_count=63 n1_in_gt_bg=0.7619 n1_in_gt_bg_count=48 n1_valid_count=63 n1_valid_ratio=0.9844 n2_gt_valid_count=63 n2_in_gt_bg=0.9524 n2_in_gt_bg_count=60 n2_valid_count=63 n2_valid_ratio=0.9844 neg_in_pred_bg=1 neg_in_pred_bg_count=126 negative_pair_count=63 negative_pair_distance_sum=2157 p1_gt_valid_count=64 p1_in_gt_fg=1 p1_in_gt_fg_count=64 p1_valid_count=64 p1_valid_ratio=1 p2_gt_valid_count=64 p2_in_gt_fg=1 p2_in_gt_fg_count=64 p2_valid_count=64 p2_valid_ratio=1 point_distance_sum=3167 point_overlap_count=0 point_overlap_ratio=0 point_pair_count=127 pos_in_pred_fg=1 pos_in_pred_fg_count=128 positive_pair_count=64 positive_pair_distance_sum=1010 roi_count=64 valid_neg_count=126 valid_pos_count=128 warmup_stage=2
2026-07-31 00:18:05,146 - portable_sam_fusion - INFO - Epoch 28 detailed losses: loss_rpn_cls=0.0109, loss_rpn_bbox=0.0046, loss_cls=0.1538, acc=94.1681, loss_bbox=0.0609, loss_mask=0.0012, debug_mask_pos_rois=55.4150, debug_mask_logit_mean=-16.5661, debug_mask_logit_std=2.9543, debug_mask_prob_mean=0.0048, debug_mask_prob_ge05=0.0048, debug_mask_target_fill=0.0048, loss_shape_prior=0.0196, schedule/det_weight=1.0000
2026-07-31 00:18:05,147 - portable_sam_fusion - INFO - Epoch 28 primary loss shares: det=91.72% final_mask=0.47% shape=7.81% p2_boundary=0.00%
2026-07-31 00:18:05,147 - portable_sam_fusion - INFO - Epoch 28 schedule: det_loss_weight=1.000 early_stop_start=20 min_delta=0.0005
2026-07-31 00:18:05,147 - portable_sam_fusion - INFO - Epoch 28 learning rates: sat_backbone=3.71e-04, mask_decoder=3.71e-04, shape_prior=3.71e-04, quality_head=3.71e-04, sat_other=3.71e-04
2026-07-31 00:20:48,312 - portable_sam_fusion - INFO - Validation samples: GT=15926, DT=16329, avg_masks_per_image=26.04, avg_mask_fill=0.0053
creating index...
index created!
Loading and preparing results...
DONE (t=0.02s)
creating index...
index created!
Running per image evaluation...
Evaluate annotation type *bbox*
DONE (t=10.21s).
Accumulating evaluation results...
DONE (t=0.15s).
 Average Precision  (AP) @[ IoU=0.50:0.95 | area=   all | maxDets=100 ] = 0.697
 Average Precision  (AP) @[ IoU=0.50      | area=   all | maxDets=100 ] = 0.889
 Average Precision  (AP) @[ IoU=0.75      | area=   all | maxDets=100 ] = 0.813
 Average Precision  (AP) @[ IoU=0.50:0.95 | area= small | maxDets=100 ] = 0.310
 Average Precision  (AP) @[ IoU=0.50:0.95 | area=medium | maxDets=100 ] = 0.740
 Average Precision  (AP) @[ IoU=0.50:0.95 | area= large | maxDets=100 ] = 0.792
 Average Recall     (AR) @[ IoU=0.50:0.95 | area=   all | maxDets=  1 ] = 0.026
 Average Recall     (AR) @[ IoU=0.50:0.95 | area=   all | maxDets= 10 ] = 0.192
 Average Recall     (AR) @[ IoU=0.50:0.95 | area=   all | maxDets=100 ] = 0.745
 Average Recall     (AR) @[ IoU=0.50:0.95 | area= small | maxDets=100 ] = 0.401
 Average Recall     (AR) @[ IoU=0.50:0.95 | area=medium | maxDets=100 ] = 0.790
 Average Recall     (AR) @[ IoU=0.50:0.95 | area= large | maxDets=100 ] = 0.837
2026-07-31 00:20:58,838 - portable_sam_fusion - INFO - Validation bbox/mAP: 0.6966 bbox/mAP_75: 0.8126
Running per image evaluation...
Evaluate annotation type *segm*
DONE (t=10.50s).
Accumulating evaluation results...
DONE (t=0.15s).
 Average Precision  (AP) @[ IoU=0.50:0.95 | area=   all | maxDets=100 ] = 0.626
 Average Precision  (AP) @[ IoU=0.50      | area=   all | maxDets=100 ] = 0.889
 Average Precision  (AP) @[ IoU=0.75      | area=   all | maxDets=100 ] = 0.745
 Average Precision  (AP) @[ IoU=0.50:0.95 | area= small | maxDets=100 ] = 0.217
 Average Precision  (AP) @[ IoU=0.50:0.95 | area=medium | maxDets=100 ] = 0.649
 Average Precision  (AP) @[ IoU=0.50:0.95 | area= large | maxDets=100 ] = 0.784
 Average Recall     (AR) @[ IoU=0.50:0.95 | area=   all | maxDets=  1 ] = 0.025
 Average Recall     (AR) @[ IoU=0.50:0.95 | area=   all | maxDets= 10 ] = 0.180
 Average Recall     (AR) @[ IoU=0.50:0.95 | area=   all | maxDets=100 ] = 0.667
 Average Recall     (AR) @[ IoU=0.50:0.95 | area= small | maxDets=100 ] = 0.287
 Average Recall     (AR) @[ IoU=0.50:0.95 | area=medium | maxDets=100 ] = 0.696
 Average Recall     (AR) @[ IoU=0.50:0.95 | area= large | maxDets=100 ] = 0.824
2026-07-31 00:21:09,519 - portable_sam_fusion - INFO - Validation segm/mAP: 0.6257
2026-07-31 00:21:10,081 - portable_sam_fusion - INFO - Early-stop metric (segm/mAP): raw=0.6257 smooth(5)=0.6275 best=0.6302 counter=2
2026-07-31 00:21:15,265 - portable_sam_fusion - INFO - Epoch 28/80 | train=0.250974 val=disabled segm/mAP=0.6257 bbox/mAP=0.6966 | best_segm=0.6427 best_bbox=0.7015 best_comp=0.0000 | sat_backbone=3.71e-04 mask_decoder=3.71e-04 shape_prior=3.71e-04 quality_head=3.71e-04 sat_other=3.71e-04
2026-07-31 00:21:36,920 - portable_sam_fusion - INFO - [DEBUG-BOX] epoch=29 step=8250 fallback_count=0 fallback_ratio=0 num_rois=64 refined_proposal_iou=0 refined_proposal_iou_sum=0 refined_valid_count=0
2026-07-31 00:21:36,921 - portable_sam_fusion - INFO - [DEBUG-COARSE] epoch=29 step=8250 bce_raw=0.1773 boundary_fn=2385 boundary_fp=2767 boundary_tp=2.432e+04 dice=0.08978 dice_loss_raw=0.08978 iou=0.841 loss_weight=0.1 raw_boundary_fn=2385 raw_boundary_fp=2767 raw_boundary_tp=2.432e+04 raw_dice_score=0.9102 raw_iou=0.841 weighted_loss=0.0267
2026-07-31 00:21:36,921 - portable_sam_fusion - INFO - [DEBUG-CONTEXT] epoch=29 step=8250 enabled=0
2026-07-31 00:21:36,921 - portable_sam_fusion - INFO - [DEBUG-JITTER] epoch=29 step=8250 area_ratio_count=64 area_ratio_mean=1 area_ratio_sum=64 fallback_count=0 mean_iou=1 num_jittered=0 num_rois=64
2026-07-31 00:21:36,921 - portable_sam_fusion - INFO - [DEBUG-SP] epoch=29 step=8250 all_invalid_count=0 all_invalid_ratio=0 empty_count=0 empty_ratio=0 full_count=0 full_ratio=0 mean_point_distance=30.05 n1_gt_valid_count=64 n1_in_gt_bg=0.9062 n1_in_gt_bg_count=58 n1_valid_count=64 n1_valid_ratio=1 n2_gt_valid_count=64 n2_in_gt_bg=1 n2_in_gt_bg_count=64 n2_valid_count=64 n2_valid_ratio=1 neg_in_pred_bg=1 neg_in_pred_bg_count=128 negative_pair_count=64 negative_pair_distance_sum=2855 p1_gt_valid_count=64 p1_in_gt_fg=1 p1_in_gt_fg_count=64 p1_valid_count=64 p1_valid_ratio=1 p2_gt_valid_count=64 p2_in_gt_fg=0.9688 p2_in_gt_fg_count=62 p2_valid_count=64 p2_valid_ratio=1 point_distance_sum=3846 point_overlap_count=0 point_overlap_ratio=0 point_pair_count=128 pos_in_pred_fg=1 pos_in_pred_fg_count=128 positive_pair_count=64 positive_pair_distance_sum=991.3 roi_count=64 valid_neg_count=128 valid_pos_count=128 warmup_stage=2
2026-07-31 00:22:28,572 - portable_sam_fusion - INFO - [DEBUG-BOX] epoch=29 step=8300 fallback_count=0 fallback_ratio=0 num_rois=64 refined_proposal_iou=0 refined_proposal_iou_sum=0 refined_valid_count=0
2026-07-31 00:22:28,572 - portable_sam_fusion - INFO - [DEBUG-COARSE] epoch=29 step=8300 bce_raw=0.1174 boundary_fn=1278 boundary_fp=2077 boundary_tp=2.75e+04 dice=0.07617 dice_loss_raw=0.07617 iou=0.8618 loss_weight=0.1 raw_boundary_fn=1278 raw_boundary_fp=2077 raw_boundary_tp=2.75e+04 raw_dice_score=0.9238 raw_iou=0.8618 weighted_loss=0.01936
2026-07-31 00:22:28,572 - portable_sam_fusion - INFO - [DEBUG-CONTEXT] epoch=29 step=8300 enabled=0
2026-07-31 00:22:28,572 - portable_sam_fusion - INFO - [DEBUG-JITTER] epoch=29 step=8300 area_ratio_count=64 area_ratio_mean=1 area_ratio_sum=64 fallback_count=0 mean_iou=1 num_jittered=0 num_rois=64
2026-07-31 00:22:28,572 - portable_sam_fusion - INFO - [DEBUG-SP] epoch=29 step=8300 all_invalid_count=0 all_invalid_ratio=0 empty_count=0 empty_ratio=0 full_count=0 full_ratio=0 mean_point_distance=31.24 n1_gt_valid_count=64 n1_in_gt_bg=0.9531 n1_in_gt_bg_count=61 n1_valid_count=64 n1_valid_ratio=1 n2_gt_valid_count=64 n2_in_gt_bg=1 n2_in_gt_bg_count=64 n2_valid_count=64 n2_valid_ratio=1 neg_in_pred_bg=1 neg_in_pred_bg_count=128 negative_pair_count=64 negative_pair_distance_sum=2871 p1_gt_valid_count=64 p1_in_gt_fg=0.9844 p1_in_gt_fg_count=63 p1_valid_count=64 p1_valid_ratio=1 p2_gt_valid_count=64 p2_in_gt_fg=1 p2_in_gt_fg_count=64 p2_valid_count=64 p2_valid_ratio=1 point_distance_sum=3999 point_overlap_count=0 point_overlap_ratio=0 point_pair_count=128 pos_in_pred_fg=1 pos_in_pred_fg_count=128 positive_pair_count=64 positive_pair_distance_sum=1128 roi_count=64 valid_neg_count=128 valid_pos_count=128 warmup_stage=2
2026-07-31 00:23:13,649 - portable_sam_fusion - INFO - epoch 29 | mini-batch 112/294 | optimizer_step 2100/5920 | lr=3.681e-04
2026-07-31 00:23:20,509 - portable_sam_fusion - INFO - [DEBUG-BOX] epoch=29 step=8350 fallback_count=0 fallback_ratio=0 num_rois=64 refined_proposal_iou=0 refined_proposal_iou_sum=0 refined_valid_count=0
2026-07-31 00:23:20,509 - portable_sam_fusion - INFO - [DEBUG-COARSE] epoch=29 step=8350 bce_raw=0.1479 boundary_fn=2738 boundary_fp=2319 boundary_tp=2.351e+04 dice=0.0678 dice_loss_raw=0.0678 iou=0.8743 loss_weight=0.1 raw_boundary_fn=2738 raw_boundary_fp=2319 raw_boundary_tp=2.351e+04 raw_dice_score=0.9322 raw_iou=0.8743 weighted_loss=0.02157
2026-07-31 00:23:20,509 - portable_sam_fusion - INFO - [DEBUG-CONTEXT] epoch=29 step=8350 enabled=0
2026-07-31 00:23:20,509 - portable_sam_fusion - INFO - [DEBUG-JITTER] epoch=29 step=8350 area_ratio_count=64 area_ratio_mean=1 area_ratio_sum=64 fallback_count=0 mean_iou=1 num_jittered=0 num_rois=64
2026-07-31 00:23:20,509 - portable_sam_fusion - INFO - [DEBUG-SP] epoch=29 step=8350 all_invalid_count=0 all_invalid_ratio=0 empty_count=0 empty_ratio=0 full_count=0 full_ratio=0 mean_point_distance=31.27 n1_gt_valid_count=64 n1_in_gt_bg=0.7812 n1_in_gt_bg_count=50 n1_valid_count=64 n1_valid_ratio=1 n2_gt_valid_count=64 n2_in_gt_bg=0.9844 n2_in_gt_bg_count=63 n2_valid_count=64 n2_valid_ratio=1 neg_in_pred_bg=1 neg_in_pred_bg_count=128 negative_pair_count=64 negative_pair_distance_sum=3069 p1_gt_valid_count=64 p1_in_gt_fg=1 p1_in_gt_fg_count=64 p1_valid_count=64 p1_valid_ratio=1 p2_gt_valid_count=64 p2_in_gt_fg=1 p2_in_gt_fg_count=64 p2_valid_count=64 p2_valid_ratio=1 point_distance_sum=4003 point_overlap_count=0 point_overlap_ratio=0 point_pair_count=128 pos_in_pred_fg=1 pos_in_pred_fg_count=128 positive_pair_count=64 positive_pair_distance_sum=934.1 roi_count=64 valid_neg_count=128 valid_pos_count=128 warmup_stage=2
2026-07-31 00:24:13,431 - portable_sam_fusion - INFO - [DEBUG-BOX] epoch=29 step=8400 fallback_count=0 fallback_ratio=0 num_rois=64 refined_proposal_iou=0 refined_proposal_iou_sum=0 refined_valid_count=0
2026-07-31 00:24:13,431 - portable_sam_fusion - INFO - [DEBUG-COARSE] epoch=29 step=8400 bce_raw=0.1733 boundary_fn=3028 boundary_fp=2473 boundary_tp=2.483e+04 dice=0.08588 dice_loss_raw=0.08588 iou=0.8471 loss_weight=0.1 raw_boundary_fn=3028 raw_boundary_fp=2473 raw_boundary_tp=2.483e+04 raw_dice_score=0.9141 raw_iou=0.8471 weighted_loss=0.02592
2026-07-31 00:24:13,431 - portable_sam_fusion - INFO - [DEBUG-CONTEXT] epoch=29 step=8400 enabled=0
2026-07-31 00:24:13,431 - portable_sam_fusion - INFO - [DEBUG-JITTER] epoch=29 step=8400 area_ratio_count=64 area_ratio_mean=1 area_ratio_sum=64 fallback_count=0 mean_iou=1 num_jittered=0 num_rois=64
2026-07-31 00:24:13,431 - portable_sam_fusion - INFO - [DEBUG-SP] epoch=29 step=8400 all_invalid_count=0 all_invalid_ratio=0 empty_count=0 empty_ratio=0 full_count=0 full_ratio=0 mean_point_distance=20.7 n1_gt_valid_count=64 n1_in_gt_bg=0.9219 n1_in_gt_bg_count=59 n1_valid_count=64 n1_valid_ratio=1 n2_gt_valid_count=64 n2_in_gt_bg=1 n2_in_gt_bg_count=64 n2_valid_count=64 n2_valid_ratio=1 neg_in_pred_bg=1 neg_in_pred_bg_count=128 negative_pair_count=64 negative_pair_distance_sum=1932 p1_gt_valid_count=64 p1_in_gt_fg=1 p1_in_gt_fg_count=64 p1_valid_count=64 p1_valid_ratio=1 p2_gt_valid_count=64 p2_in_gt_fg=1 p2_in_gt_fg_count=64 p2_valid_count=64 p2_valid_ratio=1 point_distance_sum=2650 point_overlap_count=0 point_overlap_ratio=0 point_pair_count=128 pos_in_pred_fg=1 pos_in_pred_fg_count=128 positive_pair_count=64 positive_pair_distance_sum=718.2 roi_count=64 valid_neg_count=128 valid_pos_count=128 warmup_stage=2
2026-07-31 00:25:05,004 - portable_sam_fusion - INFO - [DEBUG-BOX] epoch=29 step=8450 fallback_count=0 fallback_ratio=0 num_rois=64 refined_proposal_iou=0 refined_proposal_iou_sum=0 refined_valid_count=0
2026-07-31 00:25:05,004 - portable_sam_fusion - INFO - [DEBUG-COARSE] epoch=29 step=8450 bce_raw=0.1258 boundary_fn=1865 boundary_fp=1193 boundary_tp=2.642e+04 dice=0.07441 dice_loss_raw=0.07441 iou=0.8642 loss_weight=0.1 raw_boundary_fn=1865 raw_boundary_fp=1193 raw_boundary_tp=2.642e+04 raw_dice_score=0.9256 raw_iou=0.8642 weighted_loss=0.02002
2026-07-31 00:25:05,004 - portable_sam_fusion - INFO - [DEBUG-CONTEXT] epoch=29 step=8450 enabled=0
2026-07-31 00:25:05,004 - portable_sam_fusion - INFO - [DEBUG-JITTER] epoch=29 step=8450 area_ratio_count=64 area_ratio_mean=1 area_ratio_sum=64 fallback_count=0 mean_iou=1 num_jittered=0 num_rois=64
2026-07-31 00:25:05,004 - portable_sam_fusion - INFO - [DEBUG-SP] epoch=29 step=8450 all_invalid_count=0 all_invalid_ratio=0 empty_count=0 empty_ratio=0 full_count=0 full_ratio=0 mean_point_distance=30.88 n1_gt_valid_count=64 n1_in_gt_bg=0.8906 n1_in_gt_bg_count=57 n1_valid_count=64 n1_valid_ratio=1 n2_gt_valid_count=64 n2_in_gt_bg=1 n2_in_gt_bg_count=64 n2_valid_count=64 n2_valid_ratio=1 neg_in_pred_bg=1 neg_in_pred_bg_count=128 negative_pair_count=64 negative_pair_distance_sum=2942 p1_gt_valid_count=64 p1_in_gt_fg=1 p1_in_gt_fg_count=64 p1_valid_count=64 p1_valid_ratio=1 p2_gt_valid_count=64 p2_in_gt_fg=1 p2_in_gt_fg_count=64 p2_valid_count=64 p2_valid_ratio=1 point_distance_sum=3953 point_overlap_count=0 point_overlap_ratio=0 point_pair_count=128 pos_in_pred_fg=1 pos_in_pred_fg_count=128 positive_pair_count=64 positive_pair_distance_sum=1011 roi_count=64 valid_neg_count=128 valid_pos_count=128 warmup_stage=2
2026-07-31 00:25:57,754 - portable_sam_fusion - INFO - [DEBUG-BOX] epoch=29 step=8500 fallback_count=0 fallback_ratio=0 num_rois=64 refined_proposal_iou=0 refined_proposal_iou_sum=0 refined_valid_count=0
2026-07-31 00:25:57,754 - portable_sam_fusion - INFO - [DEBUG-COARSE] epoch=29 step=8500 bce_raw=0.1728 boundary_fn=2799 boundary_fp=2137 boundary_tp=2.427e+04 dice=0.09324 dice_loss_raw=0.09324 iou=0.8424 loss_weight=0.1 raw_boundary_fn=2799 raw_boundary_fp=2137 raw_boundary_tp=2.427e+04 raw_dice_score=0.9068 raw_iou=0.8424 weighted_loss=0.0266
2026-07-31 00:25:57,754 - portable_sam_fusion - INFO - [DEBUG-CONTEXT] epoch=29 step=8500 enabled=0
2026-07-31 00:25:57,754 - portable_sam_fusion - INFO - [DEBUG-JITTER] epoch=29 step=8500 area_ratio_count=64 area_ratio_mean=1 area_ratio_sum=64 fallback_count=0 mean_iou=1 num_jittered=0 num_rois=64
2026-07-31 00:25:57,754 - portable_sam_fusion - INFO - [DEBUG-SP] epoch=29 step=8500 all_invalid_count=0 all_invalid_ratio=0 empty_count=0 empty_ratio=0 full_count=0 full_ratio=0 mean_point_distance=28.44 n1_gt_valid_count=64 n1_in_gt_bg=0.8906 n1_in_gt_bg_count=57 n1_valid_count=64 n1_valid_ratio=1 n2_gt_valid_count=64 n2_in_gt_bg=1 n2_in_gt_bg_count=64 n2_valid_count=64 n2_valid_ratio=1 neg_in_pred_bg=1 neg_in_pred_bg_count=128 negative_pair_count=64 negative_pair_distance_sum=2695 p1_gt_valid_count=64 p1_in_gt_fg=0.9844 p1_in_gt_fg_count=63 p1_valid_count=64 p1_valid_ratio=1 p2_gt_valid_count=64 p2_in_gt_fg=0.9844 p2_in_gt_fg_count=63 p2_valid_count=64 p2_valid_ratio=1 point_distance_sum=3640 point_overlap_count=0 point_overlap_ratio=0 point_pair_count=128 pos_in_pred_fg=1 pos_in_pred_fg_count=128 positive_pair_count=64 positive_pair_distance_sum=944.9 roi_count=64 valid_neg_count=128 valid_pos_count=128 warmup_stage=2
2026-07-31 00:26:23,976 - portable_sam_fusion - INFO - Epoch 29 detailed losses: loss_rpn_cls=0.0096, loss_rpn_bbox=0.0041, loss_cls=0.1524, acc=94.0081, loss_bbox=0.0630, loss_mask=0.0013, debug_mask_pos_rois=54.8639, debug_mask_logit_mean=-16.7850, debug_mask_logit_std=3.1659, debug_mask_prob_mean=0.0051, debug_mask_prob_ge05=0.0051, debug_mask_target_fill=0.0051, loss_shape_prior=0.0189, schedule/det_weight=1.0000
2026-07-31 00:26:23,977 - portable_sam_fusion - INFO - Epoch 29 primary loss shares: det=91.88% final_mask=0.53% shape=7.59% p2_boundary=0.00%
2026-07-31 00:26:23,977 - portable_sam_fusion - INFO - Epoch 29 schedule: det_loss_weight=1.000 early_stop_start=20 min_delta=0.0005
2026-07-31 00:26:23,977 - portable_sam_fusion - INFO - Epoch 29 learning rates: sat_backbone=3.63e-04, mask_decoder=3.63e-04, shape_prior=3.63e-04, quality_head=3.63e-04, sat_other=3.63e-04
2026-07-31 00:29:17,696 - portable_sam_fusion - INFO - Validation samples: GT=15926, DT=18277, avg_masks_per_image=29.15, avg_mask_fill=0.0044
creating index...
index created!
Loading and preparing results...
DONE (t=0.02s)
creating index...
index created!
Running per image evaluation...
Evaluate annotation type *bbox*
DONE (t=10.68s).
Accumulating evaluation results...
DONE (t=0.16s).
 Average Precision  (AP) @[ IoU=0.50:0.95 | area=   all | maxDets=100 ] = 0.711
 Average Precision  (AP) @[ IoU=0.50      | area=   all | maxDets=100 ] = 0.899
 Average Precision  (AP) @[ IoU=0.75      | area=   all | maxDets=100 ] = 0.827
 Average Precision  (AP) @[ IoU=0.50:0.95 | area= small | maxDets=100 ] = 0.314
 Average Precision  (AP) @[ IoU=0.50:0.95 | area=medium | maxDets=100 ] = 0.749
 Average Precision  (AP) @[ IoU=0.50:0.95 | area= large | maxDets=100 ] = 0.805
 Average Recall     (AR) @[ IoU=0.50:0.95 | area=   all | maxDets=  1 ] = 0.027
 Average Recall     (AR) @[ IoU=0.50:0.95 | area=   all | maxDets= 10 ] = 0.194
 Average Recall     (AR) @[ IoU=0.50:0.95 | area=   all | maxDets=100 ] = 0.763
 Average Recall     (AR) @[ IoU=0.50:0.95 | area= small | maxDets=100 ] = 0.459
 Average Recall     (AR) @[ IoU=0.50:0.95 | area=medium | maxDets=100 ] = 0.803
 Average Recall     (AR) @[ IoU=0.50:0.95 | area= large | maxDets=100 ] = 0.845
2026-07-31 00:29:28,722 - portable_sam_fusion - INFO - Validation bbox/mAP: 0.7105 bbox/mAP_75: 0.8266
Running per image evaluation...
Evaluate annotation type *segm*
DONE (t=11.00s).
Accumulating evaluation results...
DONE (t=0.17s).
 Average Precision  (AP) @[ IoU=0.50:0.95 | area=   all | maxDets=100 ] = 0.635
 Average Precision  (AP) @[ IoU=0.50      | area=   all | maxDets=100 ] = 0.892
 Average Precision  (AP) @[ IoU=0.75      | area=   all | maxDets=100 ] = 0.749
 Average Precision  (AP) @[ IoU=0.50:0.95 | area= small | maxDets=100 ] = 0.217
 Average Precision  (AP) @[ IoU=0.50:0.95 | area=medium | maxDets=100 ] = 0.660
 Average Precision  (AP) @[ IoU=0.50:0.95 | area= large | maxDets=100 ] = 0.796
 Average Recall     (AR) @[ IoU=0.50:0.95 | area=   all | maxDets=  1 ] = 0.025
 Average Recall     (AR) @[ IoU=0.50:0.95 | area=   all | maxDets= 10 ] = 0.181
 Average Recall     (AR) @[ IoU=0.50:0.95 | area=   all | maxDets=100 ] = 0.687
 Average Recall     (AR) @[ IoU=0.50:0.95 | area= small | maxDets=100 ] = 0.328
 Average Recall     (AR) @[ IoU=0.50:0.95 | area=medium | maxDets=100 ] = 0.714
 Average Recall     (AR) @[ IoU=0.50:0.95 | area= large | maxDets=100 ] = 0.834
2026-07-31 00:29:39,916 - portable_sam_fusion - INFO - Validation segm/mAP: 0.6349
2026-07-31 00:29:40,877 - portable_sam_fusion - INFO - New best bbox/mAP: 0.7105
2026-07-31 00:29:40,877 - portable_sam_fusion - INFO - New best early-stop metric (segm/mAP): raw=0.6349 smooth(5)=0.6310
2026-07-31 00:29:43,235 - portable_sam_fusion - INFO - Saved best_bbox_model with bbox/mAP: 0.7105
2026-07-31 00:29:48,644 - portable_sam_fusion - INFO - Epoch 29/80 | train=0.249429 val=disabled segm/mAP=0.6349 bbox/mAP=0.7105 | best_segm=0.6427 best_bbox=0.7105 best_comp=0.0000 | sat_backbone=3.63e-04 mask_decoder=3.63e-04 shape_prior=3.63e-04 quality_head=3.63e-04 sat_other=3.63e-04
2026-07-31 00:30:07,240 - portable_sam_fusion - INFO - epoch 30 | mini-batch 16/294 | optimizer_step 2150/5920 | lr=3.621e-04
2026-07-31 00:30:16,070 - portable_sam_fusion - INFO - [DEBUG-BOX] epoch=30 step=8550 fallback_count=0 fallback_ratio=0 num_rois=64 refined_proposal_iou=0 refined_proposal_iou_sum=0 refined_valid_count=0
2026-07-31 00:30:16,070 - portable_sam_fusion - INFO - [DEBUG-COARSE] epoch=30 step=8550 bce_raw=0.1339 boundary_fn=2279 boundary_fp=1510 boundary_tp=2.586e+04 dice=0.07037 dice_loss_raw=0.07037 iou=0.8705 loss_weight=0.1 raw_boundary_fn=2279 raw_boundary_fp=1510 raw_boundary_tp=2.586e+04 raw_dice_score=0.9296 raw_iou=0.8705 weighted_loss=0.02043
2026-07-31 00:30:16,070 - portable_sam_fusion - INFO - [DEBUG-CONTEXT] epoch=30 step=8550 enabled=0
2026-07-31 00:30:16,071 - portable_sam_fusion - INFO - [DEBUG-JITTER] epoch=30 step=8550 area_ratio_count=64 area_ratio_mean=1 area_ratio_sum=64 fallback_count=0 mean_iou=1 num_jittered=0 num_rois=64
2026-07-31 00:30:16,071 - portable_sam_fusion - INFO - [DEBUG-SP] epoch=30 step=8550 all_invalid_count=0 all_invalid_ratio=0 empty_count=0 empty_ratio=0 full_count=0 full_ratio=0 mean_point_distance=26.78 n1_gt_valid_count=64 n1_in_gt_bg=0.8438 n1_in_gt_bg_count=54 n1_valid_count=64 n1_valid_ratio=1 n2_gt_valid_count=64 n2_in_gt_bg=1 n2_in_gt_bg_count=64 n2_valid_count=64 n2_valid_ratio=1 neg_in_pred_bg=1 neg_in_pred_bg_count=128 negative_pair_count=64 negative_pair_distance_sum=2437 p1_gt_valid_count=64 p1_in_gt_fg=1 p1_in_gt_fg_count=64 p1_valid_count=64 p1_valid_ratio=1 p2_gt_valid_count=64 p2_in_gt_fg=1 p2_in_gt_fg_count=64 p2_valid_count=64 p2_valid_ratio=1 point_distance_sum=3428 point_overlap_count=0 point_overlap_ratio=0 point_pair_count=128 pos_in_pred_fg=1 pos_in_pred_fg_count=128 positive_pair_count=64 positive_pair_distance_sum=991.8 roi_count=64 valid_neg_count=128 valid_pos_count=128 warmup_stage=2
2026-07-31 00:31:09,333 - portable_sam_fusion - INFO - [DEBUG-BOX] epoch=30 step=8600 fallback_count=0 fallback_ratio=0 num_rois=64 refined_proposal_iou=0 refined_proposal_iou_sum=0 refined_valid_count=0
2026-07-31 00:31:09,333 - portable_sam_fusion - INFO - [DEBUG-COARSE] epoch=30 step=8600 bce_raw=0.08835 boundary_fn=1242 boundary_fp=264 boundary_tp=2.468e+04 dice=0.05688 dice_loss_raw=0.05688 iou=0.8935 loss_weight=0.1 raw_boundary_fn=1242 raw_boundary_fp=264 raw_boundary_tp=2.468e+04 raw_dice_score=0.9431 raw_iou=0.8935 weighted_loss=0.01452
2026-07-31 00:31:09,333 - portable_sam_fusion - INFO - [DEBUG-CONTEXT] epoch=30 step=8600 enabled=0
2026-07-31 00:31:09,334 - portable_sam_fusion - INFO - [DEBUG-JITTER] epoch=30 step=8600 area_ratio_count=64 area_ratio_mean=1 area_ratio_sum=64 fallback_count=0 mean_iou=1 num_jittered=0 num_rois=64
2026-07-31 00:31:09,334 - portable_sam_fusion - INFO - [DEBUG-SP] epoch=30 step=8600 all_invalid_count=0 all_invalid_ratio=0 empty_count=0 empty_ratio=0 full_count=0 full_ratio=0 mean_point_distance=56.79 n1_gt_valid_count=64 n1_in_gt_bg=0.9531 n1_in_gt_bg_count=61 n1_valid_count=64 n1_valid_ratio=1 n2_gt_valid_count=64 n2_in_gt_bg=1 n2_in_gt_bg_count=64 n2_valid_count=64 n2_valid_ratio=1 neg_in_pred_bg=1 neg_in_pred_bg_count=128 negative_pair_count=64 negative_pair_distance_sum=4962 p1_gt_valid_count=64 p1_in_gt_fg=1 p1_in_gt_fg_count=64 p1_valid_count=64 p1_valid_ratio=1 p2_gt_valid_count=64 p2_in_gt_fg=1 p2_in_gt_fg_count=64 p2_valid_count=64 p2_valid_ratio=1 point_distance_sum=7269 point_overlap_count=0 point_overlap_ratio=0 point_pair_count=128 pos_in_pred_fg=1 pos_in_pred_fg_count=128 positive_pair_count=64 positive_pair_distance_sum=2307 roi_count=64 valid_neg_count=128 valid_pos_count=128 warmup_stage=2
2026-07-31 00:32:07,001 - portable_sam_fusion - INFO - [DEBUG-BOX] epoch=30 step=8650 fallback_count=0 fallback_ratio=0 num_rois=64 refined_proposal_iou=0 refined_proposal_iou_sum=0 refined_valid_count=0
2026-07-31 00:32:07,002 - portable_sam_fusion - INFO - [DEBUG-COARSE] epoch=30 step=8650 bce_raw=0.145 boundary_fn=2556 boundary_fp=2215 boundary_tp=2.44e+04 dice=0.08882 dice_loss_raw=0.08882 iou=0.8401 loss_weight=0.1 raw_boundary_fn=2556 raw_boundary_fp=2215 raw_boundary_tp=2.44e+04 raw_dice_score=0.9112 raw_iou=0.8401 weighted_loss=0.02338
2026-07-31 00:32:07,002 - portable_sam_fusion - INFO - [DEBUG-CONTEXT] epoch=30 step=8650 enabled=0
2026-07-31 00:32:07,002 - portable_sam_fusion - INFO - [DEBUG-JITTER] epoch=30 step=8650 area_ratio_count=64 area_ratio_mean=1 area_ratio_sum=64 fallback_count=0 mean_iou=1 num_jittered=0 num_rois=64
2026-07-31 00:32:07,002 - portable_sam_fusion - INFO - [DEBUG-SP] epoch=30 step=8650 all_invalid_count=0 all_invalid_ratio=0 empty_count=0 empty_ratio=0 full_count=0 full_ratio=0 mean_point_distance=42.23 n1_gt_valid_count=64 n1_in_gt_bg=0.8281 n1_in_gt_bg_count=53 n1_valid_count=64 n1_valid_ratio=1 n2_gt_valid_count=64 n2_in_gt_bg=1 n2_in_gt_bg_count=64 n2_valid_count=64 n2_valid_ratio=1 neg_in_pred_bg=1 neg_in_pred_bg_count=128 negative_pair_count=64 negative_pair_distance_sum=3450 p1_gt_valid_count=64 p1_in_gt_fg=1 p1_in_gt_fg_count=64 p1_valid_count=64 p1_valid_ratio=1 p2_gt_valid_count=64 p2_in_gt_fg=1 p2_in_gt_fg_count=64 p2_valid_count=64 p2_valid_ratio=1 point_distance_sum=5405 point_overlap_count=0 point_overlap_ratio=0 point_pair_count=128 pos_in_pred_fg=1 pos_in_pred_fg_count=128 positive_pair_count=64 positive_pair_distance_sum=1955 roi_count=64 valid_neg_count=128 valid_pos_count=128 warmup_stage=2
2026-07-31 00:32:58,834 - portable_sam_fusion - INFO - [DEBUG-BOX] epoch=30 step=8700 fallback_count=0 fallback_ratio=0 num_rois=64 refined_proposal_iou=0 refined_proposal_iou_sum=0 refined_valid_count=0
2026-07-31 00:32:58,835 - portable_sam_fusion - INFO - [DEBUG-COARSE] epoch=30 step=8700 bce_raw=0.177 boundary_fn=3442 boundary_fp=2648 boundary_tp=2.569e+04 dice=0.09566 dice_loss_raw=0.09566 iou=0.83 loss_weight=0.1 raw_boundary_fn=3442 raw_boundary_fp=2648 raw_boundary_tp=2.569e+04 raw_dice_score=0.9043 raw_iou=0.83 weighted_loss=0.02726
2026-07-31 00:32:58,835 - portable_sam_fusion - INFO - [DEBUG-CONTEXT] epoch=30 step=8700 enabled=0
2026-07-31 00:32:58,835 - portable_sam_fusion - INFO - [DEBUG-JITTER] epoch=30 step=8700 area_ratio_count=64 area_ratio_mean=1 area_ratio_sum=64 fallback_count=0 mean_iou=1 num_jittered=0 num_rois=64
2026-07-31 00:32:58,835 - portable_sam_fusion - INFO - [DEBUG-SP] epoch=30 step=8700 all_invalid_count=0 all_invalid_ratio=0 empty_count=0 empty_ratio=0 full_count=1 full_ratio=0.01562 mean_point_distance=27.18 n1_gt_valid_count=63 n1_in_gt_bg=0.9365 n1_in_gt_bg_count=59 n1_valid_count=63 n1_valid_ratio=0.9844 n2_gt_valid_count=63 n2_in_gt_bg=1 n2_in_gt_bg_count=63 n2_valid_count=63 n2_valid_ratio=0.9844 neg_in_pred_bg=1 neg_in_pred_bg_count=126 negative_pair_count=63 negative_pair_distance_sum=2567 p1_gt_valid_count=64 p1_in_gt_fg=1 p1_in_gt_fg_count=64 p1_valid_count=64 p1_valid_ratio=1 p2_gt_valid_count=64 p2_in_gt_fg=1 p2_in_gt_fg_count=64 p2_valid_count=64 p2_valid_ratio=1 point_distance_sum=3452 point_overlap_count=0 point_overlap_ratio=0 point_pair_count=127 pos_in_pred_fg=1 pos_in_pred_fg_count=128 positive_pair_count=64 positive_pair_distance_sum=884.8 roi_count=64 valid_neg_count=126 valid_pos_count=128 warmup_stage=2
2026-07-31 00:33:43,984 - portable_sam_fusion - INFO - epoch 30 | mini-batch 216/294 | optimizer_step 2200/5920 | lr=3.560e-04
2026-07-31 00:33:52,594 - portable_sam_fusion - INFO - [DEBUG-BOX] epoch=30 step=8750 fallback_count=0 fallback_ratio=0 num_rois=64 refined_proposal_iou=0 refined_proposal_iou_sum=0 refined_valid_count=0
2026-07-31 00:33:52,594 - portable_sam_fusion - INFO - [DEBUG-COARSE] epoch=30 step=8750 bce_raw=0.1241 boundary_fn=1829 boundary_fp=1797 boundary_tp=2.609e+04 dice=0.0769 dice_loss_raw=0.0769 iou=0.8604 loss_weight=0.1 raw_boundary_fn=1829 raw_boundary_fp=1797 raw_boundary_tp=2.609e+04 raw_dice_score=0.9231 raw_iou=0.8604 weighted_loss=0.0201
2026-07-31 00:33:52,594 - portable_sam_fusion - INFO - [DEBUG-CONTEXT] epoch=30 step=8750 enabled=0
2026-07-31 00:33:52,594 - portable_sam_fusion - INFO - [DEBUG-JITTER] epoch=30 step=8750 area_ratio_count=64 area_ratio_mean=1 area_ratio_sum=64 fallback_count=0 mean_iou=1 num_jittered=0 num_rois=64
2026-07-31 00:33:52,594 - portable_sam_fusion - INFO - [DEBUG-SP] epoch=30 step=8750 all_invalid_count=0 all_invalid_ratio=0 empty_count=0 empty_ratio=0 full_count=0 full_ratio=0 mean_point_distance=29.08 n1_gt_valid_count=64 n1_in_gt_bg=0.9531 n1_in_gt_bg_count=61 n1_valid_count=64 n1_valid_ratio=1 n2_gt_valid_count=64 n2_in_gt_bg=1 n2_in_gt_bg_count=64 n2_valid_count=64 n2_valid_ratio=1 neg_in_pred_bg=1 neg_in_pred_bg_count=128 negative_pair_count=64 negative_pair_distance_sum=2644 p1_gt_valid_count=64 p1_in_gt_fg=1 p1_in_gt_fg_count=64 p1_valid_count=64 p1_valid_ratio=1 p2_gt_valid_count=64 p2_in_gt_fg=1 p2_in_gt_fg_count=64 p2_valid_count=64 p2_valid_ratio=1 point_distance_sum=3722 point_overlap_count=0 point_overlap_ratio=0 point_pair_count=128 pos_in_pred_fg=1 pos_in_pred_fg_count=128 positive_pair_count=64 positive_pair_distance_sum=1078 roi_count=64 valid_neg_count=128 valid_pos_count=128 warmup_stage=2
2026-07-31 00:34:45,654 - portable_sam_fusion - INFO - [DEBUG-BOX] epoch=30 step=8800 fallback_count=0 fallback_ratio=0 num_rois=64 refined_proposal_iou=0 refined_proposal_iou_sum=0 refined_valid_count=0
2026-07-31 00:34:45,654 - portable_sam_fusion - INFO - [DEBUG-COARSE] epoch=30 step=8800 bce_raw=0.1359 boundary_fn=2200 boundary_fp=2076 boundary_tp=2.603e+04 dice=0.07581 dice_loss_raw=0.07581 iou=0.8608 loss_weight=0.1 raw_boundary_fn=2200 raw_boundary_fp=2076 raw_boundary_tp=2.603e+04 raw_dice_score=0.9242 raw_iou=0.8608 weighted_loss=0.02117
2026-07-31 00:34:45,654 - portable_sam_fusion - INFO - [DEBUG-CONTEXT] epoch=30 step=8800 enabled=0
2026-07-31 00:34:45,654 - portable_sam_fusion - INFO - [DEBUG-JITTER] epoch=30 step=8800 area_ratio_count=64 area_ratio_mean=1 area_ratio_sum=64 fallback_count=0 mean_iou=1 num_jittered=0 num_rois=64
2026-07-31 00:34:45,654 - portable_sam_fusion - INFO - [DEBUG-SP] epoch=30 step=8800 all_invalid_count=0 all_invalid_ratio=0 empty_count=0 empty_ratio=0 full_count=0 full_ratio=0 mean_point_distance=27.94 n1_gt_valid_count=64 n1_in_gt_bg=0.9375 n1_in_gt_bg_count=60 n1_valid_count=64 n1_valid_ratio=1 n2_gt_valid_count=64 n2_in_gt_bg=1 n2_in_gt_bg_count=64 n2_valid_count=64 n2_valid_ratio=1 neg_in_pred_bg=1 neg_in_pred_bg_count=128 negative_pair_count=64 negative_pair_distance_sum=2647 p1_gt_valid_count=64 p1_in_gt_fg=1 p1_in_gt_fg_count=64 p1_valid_count=64 p1_valid_ratio=1 p2_gt_valid_count=64 p2_in_gt_fg=1 p2_in_gt_fg_count=64 p2_valid_count=64 p2_valid_ratio=1 point_distance_sum=3576 point_overlap_count=0 point_overlap_ratio=0 point_pair_count=128 pos_in_pred_fg=1 pos_in_pred_fg_count=128 positive_pair_count=64 positive_pair_distance_sum=928.5 roi_count=64 valid_neg_count=128 valid_pos_count=128 warmup_stage=2
2026-07-31 00:35:05,010 - portable_sam_fusion - INFO - Epoch 30 detailed losses: loss_rpn_cls=0.0080, loss_rpn_bbox=0.0041, loss_cls=0.1484, acc=94.3565, loss_bbox=0.0603, loss_mask=0.0013, debug_mask_pos_rois=56.7245, debug_mask_logit_mean=-16.7211, debug_mask_logit_std=3.0001, debug_mask_prob_mean=0.0052, debug_mask_prob_ge05=0.0052, debug_mask_target_fill=0.0053, loss_shape_prior=0.0196, schedule/det_weight=1.0000
2026-07-31 00:35:05,010 - portable_sam_fusion - INFO - Epoch 30 primary loss shares: det=91.37% final_mask=0.52% shape=8.11% p2_boundary=0.00%
2026-07-31 00:35:05,010 - portable_sam_fusion - INFO - Epoch 30 schedule: det_loss_weight=1.000 early_stop_start=20 min_delta=0.0005
2026-07-31 00:35:05,010 - portable_sam_fusion - INFO - Epoch 30 learning rates: sat_backbone=3.54e-04, mask_decoder=3.54e-04, shape_prior=3.54e-04, quality_head=3.54e-04, sat_other=3.54e-04
2026-07-31 00:37:56,530 - portable_sam_fusion - INFO - Validation samples: GT=15926, DT=17130, avg_masks_per_image=27.32, avg_mask_fill=0.0050
creating index...
index created!
Loading and preparing results...
DONE (t=0.02s)
creating index...
index created!
Running per image evaluation...
Evaluate annotation type *bbox*
DONE (t=10.55s).
Accumulating evaluation results...
DONE (t=0.15s).
 Average Precision  (AP) @[ IoU=0.50:0.95 | area=   all | maxDets=100 ] = 0.708
 Average Precision  (AP) @[ IoU=0.50      | area=   all | maxDets=100 ] = 0.900
 Average Precision  (AP) @[ IoU=0.75      | area=   all | maxDets=100 ] = 0.820
 Average Precision  (AP) @[ IoU=0.50:0.95 | area= small | maxDets=100 ] = 0.326
 Average Precision  (AP) @[ IoU=0.50:0.95 | area=medium | maxDets=100 ] = 0.745
 Average Precision  (AP) @[ IoU=0.50:0.95 | area= large | maxDets=100 ] = 0.807
 Average Recall     (AR) @[ IoU=0.50:0.95 | area=   all | maxDets=  1 ] = 0.027
 Average Recall     (AR) @[ IoU=0.50:0.95 | area=   all | maxDets= 10 ] = 0.193
 Average Recall     (AR) @[ IoU=0.50:0.95 | area=   all | maxDets=100 ] = 0.752
 Average Recall     (AR) @[ IoU=0.50:0.95 | area= small | maxDets=100 ] = 0.422
 Average Recall     (AR) @[ IoU=0.50:0.95 | area=medium | maxDets=100 ] = 0.791
 Average Recall     (AR) @[ IoU=0.50:0.95 | area= large | maxDets=100 ] = 0.850
2026-07-31 00:38:07,442 - portable_sam_fusion - INFO - Validation bbox/mAP: 0.7081 bbox/mAP_75: 0.8201
Running per image evaluation...
Evaluate annotation type *segm*
DONE (t=10.76s).
Accumulating evaluation results...
DONE (t=0.16s).
 Average Precision  (AP) @[ IoU=0.50:0.95 | area=   all | maxDets=100 ] = 0.638
 Average Precision  (AP) @[ IoU=0.50      | area=   all | maxDets=100 ] = 0.892
 Average Precision  (AP) @[ IoU=0.75      | area=   all | maxDets=100 ] = 0.765
 Average Precision  (AP) @[ IoU=0.50:0.95 | area= small | maxDets=100 ] = 0.232
 Average Precision  (AP) @[ IoU=0.50:0.95 | area=medium | maxDets=100 ] = 0.665
 Average Precision  (AP) @[ IoU=0.50:0.95 | area= large | maxDets=100 ] = 0.784
 Average Recall     (AR) @[ IoU=0.50:0.95 | area=   all | maxDets=  1 ] = 0.025
 Average Recall     (AR) @[ IoU=0.50:0.95 | area=   all | maxDets= 10 ] = 0.180
 Average Recall     (AR) @[ IoU=0.50:0.95 | area=   all | maxDets=100 ] = 0.675
 Average Recall     (AR) @[ IoU=0.50:0.95 | area= small | maxDets=100 ] = 0.307
 Average Recall     (AR) @[ IoU=0.50:0.95 | area=medium | maxDets=100 ] = 0.704
 Average Recall     (AR) @[ IoU=0.50:0.95 | area= large | maxDets=100 ] = 0.824
2026-07-31 00:38:18,390 - portable_sam_fusion - INFO - Validation segm/mAP: 0.6382
2026-07-31 00:38:18,934 - portable_sam_fusion - INFO - Early-stop metric (segm/mAP): raw=0.6382 smooth(5)=0.6301 best=0.6310 counter=1
2026-07-31 00:38:23,823 - portable_sam_fusion - INFO - Epoch 30/80 | train=0.241556 val=disabled segm/mAP=0.6382 bbox/mAP=0.7081 | best_segm=0.6427 best_bbox=0.7105 best_comp=0.0000 | sat_backbone=3.54e-04 mask_decoder=3.54e-04 shape_prior=3.54e-04 quality_head=3.54e-04 sat_other=3.54e-04
2026-07-31 00:38:55,736 - portable_sam_fusion - INFO - [DEBUG-BOX] epoch=31 step=8850 fallback_count=0 fallback_ratio=0 num_rois=64 refined_proposal_iou=0 refined_proposal_iou_sum=0 refined_valid_count=0
2026-07-31 00:38:55,736 - portable_sam_fusion - INFO - [DEBUG-COARSE] epoch=31 step=8850 bce_raw=0.1749 boundary_fn=2941 boundary_fp=1858 boundary_tp=2.575e+04 dice=0.08506 dice_loss_raw=0.08506 iou=0.8466 loss_weight=0.1 raw_boundary_fn=2941 raw_boundary_fp=1858 raw_boundary_tp=2.575e+04 raw_dice_score=0.9149 raw_iou=0.8466 weighted_loss=0.02599
2026-07-31 00:38:55,736 - portable_sam_fusion - INFO - [DEBUG-CONTEXT] epoch=31 step=8850 enabled=0
2026-07-31 00:38:55,736 - portable_sam_fusion - INFO - [DEBUG-JITTER] epoch=31 step=8850 area_ratio_count=64 area_ratio_mean=1 area_ratio_sum=64 fallback_count=0 mean_iou=1 num_jittered=0 num_rois=64
2026-07-31 00:38:55,736 - portable_sam_fusion - INFO - [DEBUG-SP] epoch=31 step=8850 all_invalid_count=0 all_invalid_ratio=0 empty_count=0 empty_ratio=0 full_count=0 full_ratio=0 mean_point_distance=24.2 n1_gt_valid_count=64 n1_in_gt_bg=0.9062 n1_in_gt_bg_count=58 n1_valid_count=64 n1_valid_ratio=1 n2_gt_valid_count=64 n2_in_gt_bg=1 n2_in_gt_bg_count=64 n2_valid_count=64 n2_valid_ratio=1 neg_in_pred_bg=1 neg_in_pred_bg_count=128 negative_pair_count=64 negative_pair_distance_sum=2320 p1_gt_valid_count=64 p1_in_gt_fg=1 p1_in_gt_fg_count=64 p1_valid_count=64 p1_valid_ratio=1 p2_gt_valid_count=64 p2_in_gt_fg=1 p2_in_gt_fg_count=64 p2_valid_count=64 p2_valid_ratio=1 point_distance_sum=3098 point_overlap_count=0 point_overlap_ratio=0 point_pair_count=128 pos_in_pred_fg=1 pos_in_pred_fg_count=128 positive_pair_count=64 positive_pair_distance_sum=777.8 roi_count=64 valid_neg_count=128 valid_pos_count=128 warmup_stage=2
2026-07-31 00:39:48,855 - portable_sam_fusion - INFO - [DEBUG-BOX] epoch=31 step=8900 fallback_count=0 fallback_ratio=0 num_rois=64 refined_proposal_iou=0 refined_proposal_iou_sum=0 refined_valid_count=0
2026-07-31 00:39:48,855 - portable_sam_fusion - INFO - [DEBUG-COARSE] epoch=31 step=8900 bce_raw=0.1915 boundary_fn=2980 boundary_fp=3210 boundary_tp=2.403e+04 dice=0.07934 dice_loss_raw=0.07934 iou=0.8562 loss_weight=0.1 raw_boundary_fn=2980 raw_boundary_fp=3210 raw_boundary_tp=2.403e+04 raw_dice_score=0.9207 raw_iou=0.8562 weighted_loss=0.02709
2026-07-31 00:39:48,855 - portable_sam_fusion - INFO - [DEBUG-CONTEXT] epoch=31 step=8900 enabled=0
2026-07-31 00:39:48,856 - portable_sam_fusion - INFO - [DEBUG-JITTER] epoch=31 step=8900 area_ratio_count=64 area_ratio_mean=1 area_ratio_sum=64 fallback_count=0 mean_iou=1 num_jittered=0 num_rois=64
2026-07-31 00:39:48,856 - portable_sam_fusion - INFO - [DEBUG-SP] epoch=31 step=8900 all_invalid_count=0 all_invalid_ratio=0 empty_count=0 empty_ratio=0 full_count=0 full_ratio=0 mean_point_distance=24.03 n1_gt_valid_count=64 n1_in_gt_bg=0.75 n1_in_gt_bg_count=48 n1_valid_count=64 n1_valid_ratio=1 n2_gt_valid_count=64 n2_in_gt_bg=0.9844 n2_in_gt_bg_count=63 n2_valid_count=64 n2_valid_ratio=1 neg_in_pred_bg=1 neg_in_pred_bg_count=128 negative_pair_count=64 negative_pair_distance_sum=2237 p1_gt_valid_count=64 p1_in_gt_fg=1 p1_in_gt_fg_count=64 p1_valid_count=64 p1_valid_ratio=1 p2_gt_valid_count=64 p2_in_gt_fg=0.9688 p2_in_gt_fg_count=62 p2_valid_count=64 p2_valid_ratio=1 point_distance_sum=3076 point_overlap_count=0 point_overlap_ratio=0 point_pair_count=128 pos_in_pred_fg=1 pos_in_pred_fg_count=128 positive_pair_count=64 positive_pair_distance_sum=839.8 roi_count=64 valid_neg_count=128 valid_pos_count=128 warmup_stage=2
2026-07-31 00:40:33,490 - portable_sam_fusion - INFO - epoch 31 | mini-batch 120/294 | optimizer_step 2250/5920 | lr=3.499e-04
2026-07-31 00:40:44,842 - portable_sam_fusion - INFO - [DEBUG-BOX] epoch=31 step=8950 fallback_count=0 fallback_ratio=0 num_rois=64 refined_proposal_iou=0 refined_proposal_iou_sum=0 refined_valid_count=0
2026-07-31 00:40:44,842 - portable_sam_fusion - INFO - [DEBUG-COARSE] epoch=31 step=8950 bce_raw=0.1133 boundary_fn=1322 boundary_fp=1664 boundary_tp=2.441e+04 dice=0.05735 dice_loss_raw=0.05735 iou=0.8929 loss_weight=0.1 raw_boundary_fn=1322 raw_boundary_fp=1664 raw_boundary_tp=2.441e+04 raw_dice_score=0.9426 raw_iou=0.8929 weighted_loss=0.01707
2026-07-31 00:40:44,842 - portable_sam_fusion - INFO - [DEBUG-CONTEXT] epoch=31 step=8950 enabled=0
2026-07-31 00:40:44,842 - portable_sam_fusion - INFO - [DEBUG-JITTER] epoch=31 step=8950 area_ratio_count=64 area_ratio_mean=1 area_ratio_sum=64 fallback_count=0 mean_iou=1 num_jittered=0 num_rois=64
2026-07-31 00:40:44,842 - portable_sam_fusion - INFO - [DEBUG-SP] epoch=31 step=8950 all_invalid_count=0 all_invalid_ratio=0 empty_count=0 empty_ratio=0 full_count=0 full_ratio=0 mean_point_distance=29.03 n1_gt_valid_count=64 n1_in_gt_bg=0.8281 n1_in_gt_bg_count=53 n1_valid_count=64 n1_valid_ratio=1 n2_gt_valid_count=64 n2_in_gt_bg=0.9844 n2_in_gt_bg_count=63 n2_valid_count=64 n2_valid_ratio=1 neg_in_pred_bg=1 neg_in_pred_bg_count=128 negative_pair_count=64 negative_pair_distance_sum=2749 p1_gt_valid_count=64 p1_in_gt_fg=1 p1_in_gt_fg_count=64 p1_valid_count=64 p1_valid_ratio=1 p2_gt_valid_count=64 p2_in_gt_fg=1 p2_in_gt_fg_count=64 p2_valid_count=64 p2_valid_ratio=1 point_distance_sum=3716 point_overlap_count=0 point_overlap_ratio=0 point_pair_count=128 pos_in_pred_fg=1 pos_in_pred_fg_count=128 positive_pair_count=64 positive_pair_distance_sum=966.9 roi_count=64 valid_neg_count=128 valid_pos_count=128 warmup_stage=2
2026-07-31 00:41:37,981 - portable_sam_fusion - INFO - [DEBUG-BOX] epoch=31 step=9000 fallback_count=0 fallback_ratio=0 num_rois=64 refined_proposal_iou=0 refined_proposal_iou_sum=0 refined_valid_count=0
2026-07-31 00:41:37,981 - portable_sam_fusion - INFO - [DEBUG-COARSE] epoch=31 step=9000 bce_raw=0.189 boundary_fn=3121 boundary_fp=3893 boundary_tp=2.525e+04 dice=0.1042 dice_loss_raw=0.1042 iou=0.8152 loss_weight=0.1 raw_boundary_fn=3121 raw_boundary_fp=3893 raw_boundary_tp=2.525e+04 raw_dice_score=0.8958 raw_iou=0.8152 weighted_loss=0.02932
2026-07-31 00:41:37,981 - portable_sam_fusion - INFO - [DEBUG-CONTEXT] epoch=31 step=9000 enabled=0
2026-07-31 00:41:37,981 - portable_sam_fusion - INFO - [DEBUG-JITTER] epoch=31 step=9000 area_ratio_count=64 area_ratio_mean=1 area_ratio_sum=64 fallback_count=0 mean_iou=1 num_jittered=0 num_rois=64
2026-07-31 00:41:37,981 - portable_sam_fusion - INFO - [DEBUG-SP] epoch=31 step=9000 all_invalid_count=0 all_invalid_ratio=0 empty_count=0 empty_ratio=0 full_count=0 full_ratio=0 mean_point_distance=35.98 n1_gt_valid_count=64 n1_in_gt_bg=0.9062 n1_in_gt_bg_count=58 n1_valid_count=64 n1_valid_ratio=1 n2_gt_valid_count=64 n2_in_gt_bg=1 n2_in_gt_bg_count=64 n2_valid_count=64 n2_valid_ratio=1 neg_in_pred_bg=1 neg_in_pred_bg_count=128 negative_pair_count=64 negative_pair_distance_sum=3412 p1_gt_valid_count=64 p1_in_gt_fg=1 p1_in_gt_fg_count=64 p1_valid_count=64 p1_valid_ratio=1 p2_gt_valid_count=64 p2_in_gt_fg=0.9844 p2_in_gt_fg_count=63 p2_valid_count=64 p2_valid_ratio=1 point_distance_sum=4606 point_overlap_count=0 point_overlap_ratio=0 point_pair_count=128 pos_in_pred_fg=1 pos_in_pred_fg_count=128 positive_pair_count=64 positive_pair_distance_sum=1194 roi_count=64 valid_neg_count=128 valid_pos_count=128 warmup_stage=2
2026-07-31 00:42:30,162 - portable_sam_fusion - INFO - [DEBUG-BOX] epoch=31 step=9050 fallback_count=0 fallback_ratio=0 num_rois=64 refined_proposal_iou=0 refined_proposal_iou_sum=0 refined_valid_count=0
2026-07-31 00:42:30,162 - portable_sam_fusion - INFO - [DEBUG-COARSE] epoch=31 step=9050 bce_raw=0.1462 boundary_fn=2197 boundary_fp=2156 boundary_tp=2.415e+04 dice=0.0666 dice_loss_raw=0.0666 iou=0.8778 loss_weight=0.1 raw_boundary_fn=2197 raw_boundary_fp=2156 raw_boundary_tp=2.415e+04 raw_dice_score=0.9334 raw_iou=0.8778 weighted_loss=0.02128
2026-07-31 00:42:30,162 - portable_sam_fusion - INFO - [DEBUG-CONTEXT] epoch=31 step=9050 enabled=0
2026-07-31 00:42:30,163 - portable_sam_fusion - INFO - [DEBUG-JITTER] epoch=31 step=9050 area_ratio_count=64 area_ratio_mean=1 area_ratio_sum=64 fallback_count=0 mean_iou=1 num_jittered=0 num_rois=64
2026-07-31 00:42:30,163 - portable_sam_fusion - INFO - [DEBUG-SP] epoch=31 step=9050 all_invalid_count=0 all_invalid_ratio=0 empty_count=0 empty_ratio=0 full_count=0 full_ratio=0 mean_point_distance=33.76 n1_gt_valid_count=64 n1_in_gt_bg=0.8125 n1_in_gt_bg_count=52 n1_valid_count=64 n1_valid_ratio=1 n2_gt_valid_count=64 n2_in_gt_bg=1 n2_in_gt_bg_count=64 n2_valid_count=64 n2_valid_ratio=1 neg_in_pred_bg=1 neg_in_pred_bg_count=128 negative_pair_count=64 negative_pair_distance_sum=3257 p1_gt_valid_count=64 p1_in_gt_fg=1 p1_in_gt_fg_count=64 p1_valid_count=64 p1_valid_ratio=1 p2_gt_valid_count=64 p2_in_gt_fg=1 p2_in_gt_fg_count=64 p2_valid_count=64 p2_valid_ratio=1 point_distance_sum=4321 point_overlap_count=0 point_overlap_ratio=0 point_pair_count=128 pos_in_pred_fg=1 pos_in_pred_fg_count=128 positive_pair_count=64 positive_pair_distance_sum=1065 roi_count=64 valid_neg_count=128 valid_pos_count=128 warmup_stage=2
2026-07-31 00:43:22,629 - portable_sam_fusion - INFO - [DEBUG-BOX] epoch=31 step=9100 fallback_count=0 fallback_ratio=0 num_rois=64 refined_proposal_iou=0 refined_proposal_iou_sum=0 refined_valid_count=0
2026-07-31 00:43:22,629 - portable_sam_fusion - INFO - [DEBUG-COARSE] epoch=31 step=9100 bce_raw=0.1183 boundary_fn=1523 boundary_fp=1936 boundary_tp=2.269e+04 dice=0.05251 dice_loss_raw=0.05251 iou=0.901 loss_weight=0.1 raw_boundary_fn=1523 raw_boundary_fp=1936 raw_boundary_tp=2.269e+04 raw_dice_score=0.9475 raw_iou=0.901 weighted_loss=0.01708
2026-07-31 00:43:22,629 - portable_sam_fusion - INFO - [DEBUG-CONTEXT] epoch=31 step=9100 enabled=0
2026-07-31 00:43:22,629 - portable_sam_fusion - INFO - [DEBUG-JITTER] epoch=31 step=9100 area_ratio_count=64 area_ratio_mean=1 area_ratio_sum=64 fallback_count=0 mean_iou=1 num_jittered=0 num_rois=64
2026-07-31 00:43:22,629 - portable_sam_fusion - INFO - [DEBUG-SP] epoch=31 step=9100 all_invalid_count=0 all_invalid_ratio=0 empty_count=0 empty_ratio=0 full_count=0 full_ratio=0 mean_point_distance=20.36 n1_gt_valid_count=64 n1_in_gt_bg=0.75 n1_in_gt_bg_count=48 n1_valid_count=64 n1_valid_ratio=1 n2_gt_valid_count=64 n2_in_gt_bg=0.9531 n2_in_gt_bg_count=61 n2_valid_count=64 n2_valid_ratio=1 neg_in_pred_bg=1 neg_in_pred_bg_count=128 negative_pair_count=64 negative_pair_distance_sum=1958 p1_gt_valid_count=64 p1_in_gt_fg=1 p1_in_gt_fg_count=64 p1_valid_count=64 p1_valid_ratio=1 p2_gt_valid_count=64 p2_in_gt_fg=1 p2_in_gt_fg_count=64 p2_valid_count=64 p2_valid_ratio=1 point_distance_sum=2605 point_overlap_count=0 point_overlap_ratio=0 point_pair_count=128 pos_in_pred_fg=1 pos_in_pred_fg_count=128 positive_pair_count=64 positive_pair_distance_sum=647.6 roi_count=64 valid_neg_count=128 valid_pos_count=128 warmup_stage=2
2026-07-31 00:43:38,033 - portable_sam_fusion - INFO - Epoch 31 detailed losses: loss_rpn_cls=0.0093, loss_rpn_bbox=0.0038, loss_cls=0.1451, acc=94.3535, loss_bbox=0.0586, loss_mask=0.0012, schedule/det_weight=1.0000, debug_mask_pos_rois=56.1327, debug_mask_logit_mean=-16.3957, debug_mask_logit_std=2.8950, debug_mask_prob_mean=0.0048, debug_mask_prob_ge05=0.0047, debug_mask_target_fill=0.0047, loss_shape_prior=0.0192
2026-07-31 00:43:38,033 - portable_sam_fusion - INFO - Epoch 31 primary loss shares: det=91.40% final_mask=0.51% shape=8.09% p2_boundary=0.00%
2026-07-31 00:43:38,033 - portable_sam_fusion - INFO - Epoch 31 schedule: det_loss_weight=1.000 early_stop_start=20 min_delta=0.0005
2026-07-31 00:43:38,033 - portable_sam_fusion - INFO - Epoch 31 learning rates: sat_backbone=3.44e-04, mask_decoder=3.44e-04, shape_prior=3.44e-04, quality_head=3.44e-04, sat_other=3.44e-04
2026-07-31 00:46:31,089 - portable_sam_fusion - INFO - Validation samples: GT=15926, DT=17050, avg_masks_per_image=27.19, avg_mask_fill=0.0051
creating index...
index created!
Loading and preparing results...
DONE (t=0.02s)
creating index...
index created!
Running per image evaluation...
Evaluate annotation type *bbox*
DONE (t=10.45s).
Accumulating evaluation results...
DONE (t=0.16s).
 Average Precision  (AP) @[ IoU=0.50:0.95 | area=   all | maxDets=100 ] = 0.709
 Average Precision  (AP) @[ IoU=0.50      | area=   all | maxDets=100 ] = 0.898
 Average Precision  (AP) @[ IoU=0.75      | area=   all | maxDets=100 ] = 0.827
 Average Precision  (AP) @[ IoU=0.50:0.95 | area= small | maxDets=100 ] = 0.350
 Average Precision  (AP) @[ IoU=0.50:0.95 | area=medium | maxDets=100 ] = 0.747
 Average Precision  (AP) @[ IoU=0.50:0.95 | area= large | maxDets=100 ] = 0.792
 Average Recall     (AR) @[ IoU=0.50:0.95 | area=   all | maxDets=  1 ] = 0.026
 Average Recall     (AR) @[ IoU=0.50:0.95 | area=   all | maxDets= 10 ] = 0.192
 Average Recall     (AR) @[ IoU=0.50:0.95 | area=   all | maxDets=100 ] = 0.756
 Average Recall     (AR) @[ IoU=0.50:0.95 | area= small | maxDets=100 ] = 0.449
 Average Recall     (AR) @[ IoU=0.50:0.95 | area=medium | maxDets=100 ] = 0.796
 Average Recall     (AR) @[ IoU=0.50:0.95 | area= large | maxDets=100 ] = 0.839
2026-07-31 00:46:41,868 - portable_sam_fusion - INFO - Validation bbox/mAP: 0.7092 bbox/mAP_75: 0.8273
Running per image evaluation...
Evaluate annotation type *segm*
DONE (t=10.83s).
Accumulating evaluation results...
DONE (t=0.16s).
 Average Precision  (AP) @[ IoU=0.50:0.95 | area=   all | maxDets=100 ] = 0.618
 Average Precision  (AP) @[ IoU=0.50      | area=   all | maxDets=100 ] = 0.890
 Average Precision  (AP) @[ IoU=0.75      | area=   all | maxDets=100 ] = 0.737
 Average Precision  (AP) @[ IoU=0.50:0.95 | area= small | maxDets=100 ] = 0.220
 Average Precision  (AP) @[ IoU=0.50:0.95 | area=medium | maxDets=100 ] = 0.641
 Average Precision  (AP) @[ IoU=0.50:0.95 | area= large | maxDets=100 ] = 0.777
 Average Recall     (AR) @[ IoU=0.50:0.95 | area=   all | maxDets=  1 ] = 0.025
 Average Recall     (AR) @[ IoU=0.50:0.95 | area=   all | maxDets= 10 ] = 0.178
 Average Recall     (AR) @[ IoU=0.50:0.95 | area=   all | maxDets=100 ] = 0.661
 Average Recall     (AR) @[ IoU=0.50:0.95 | area= small | maxDets=100 ] = 0.294
 Average Recall     (AR) @[ IoU=0.50:0.95 | area=medium | maxDets=100 ] = 0.687
 Average Recall     (AR) @[ IoU=0.50:0.95 | area= large | maxDets=100 ] = 0.818
2026-07-31 00:46:52,884 - portable_sam_fusion - INFO - Validation segm/mAP: 0.6176
2026-07-31 00:46:53,472 - portable_sam_fusion - INFO - Early-stop metric (segm/mAP): raw=0.6176 smooth(5)=0.6289 best=0.6310 counter=2
2026-07-31 00:46:58,567 - portable_sam_fusion - INFO - Epoch 31/80 | train=0.237098 val=disabled segm/mAP=0.6176 bbox/mAP=0.7092 | best_segm=0.6427 best_bbox=0.7105 best_comp=0.0000 | sat_backbone=3.44e-04 mask_decoder=3.44e-04 shape_prior=3.44e-04 quality_head=3.44e-04 sat_other=3.44e-04
2026-07-31 00:47:25,530 - portable_sam_fusion - INFO - epoch 32 | mini-batch 24/294 | optimizer_step 2300/5920 | lr=3.436e-04
2026-07-31 00:47:37,633 - portable_sam_fusion - INFO - [DEBUG-BOX] epoch=32 step=9150 fallback_count=0 fallback_ratio=0 num_rois=64 refined_proposal_iou=0 refined_proposal_iou_sum=0 refined_valid_count=0
2026-07-31 00:47:37,633 - portable_sam_fusion - INFO - [DEBUG-COARSE] epoch=32 step=9150 bce_raw=0.1538 boundary_fn=1815 boundary_fp=2122 boundary_tp=2.611e+04 dice=0.08139 dice_loss_raw=0.08139 iou=0.8551 loss_weight=0.1 raw_boundary_fn=1815 raw_boundary_fp=2122 raw_boundary_tp=2.611e+04 raw_dice_score=0.9186 raw_iou=0.8551 weighted_loss=0.02352
2026-07-31 00:47:37,633 - portable_sam_fusion - INFO - [DEBUG-CONTEXT] epoch=32 step=9150 enabled=0
2026-07-31 00:47:37,633 - portable_sam_fusion - INFO - [DEBUG-JITTER] epoch=32 step=9150 area_ratio_count=64 area_ratio_mean=1 area_ratio_sum=64 fallback_count=0 mean_iou=1 num_jittered=0 num_rois=64
2026-07-31 00:47:37,633 - portable_sam_fusion - INFO - [DEBUG-SP] epoch=32 step=9150 all_invalid_count=0 all_invalid_ratio=0 empty_count=0 empty_ratio=0 full_count=0 full_ratio=0 mean_point_distance=39.28 n1_gt_valid_count=64 n1_in_gt_bg=0.8906 n1_in_gt_bg_count=57 n1_valid_count=64 n1_valid_ratio=1 n2_gt_valid_count=64 n2_in_gt_bg=1 n2_in_gt_bg_count=64 n2_valid_count=64 n2_valid_ratio=1 neg_in_pred_bg=1 neg_in_pred_bg_count=128 negative_pair_count=64 negative_pair_distance_sum=3282 p1_gt_valid_count=64 p1_in_gt_fg=1 p1_in_gt_fg_count=64 p1_valid_count=64 p1_valid_ratio=1 p2_gt_valid_count=64 p2_in_gt_fg=1 p2_in_gt_fg_count=64 p2_valid_count=64 p2_valid_ratio=1 point_distance_sum=5028 point_overlap_count=0 point_overlap_ratio=0 point_pair_count=128 pos_in_pred_fg=1 pos_in_pred_fg_count=128 positive_pair_count=64 positive_pair_distance_sum=1746 roi_count=64 valid_neg_count=128 valid_pos_count=128 warmup_stage=2
2026-07-31 00:48:32,529 - portable_sam_fusion - INFO - [DEBUG-BOX] epoch=32 step=9200 fallback_count=0 fallback_ratio=0 num_rois=64 refined_proposal_iou=0 refined_proposal_iou_sum=0 refined_valid_count=0
2026-07-31 00:48:32,529 - portable_sam_fusion - INFO - [DEBUG-COARSE] epoch=32 step=9200 bce_raw=0.1399 boundary_fn=2334 boundary_fp=2414 boundary_tp=2.157e+04 dice=0.05476 dice_loss_raw=0.05476 iou=0.8974 loss_weight=0.1 raw_boundary_fn=2334 raw_boundary_fp=2414 raw_boundary_tp=2.157e+04 raw_dice_score=0.9452 raw_iou=0.8974 weighted_loss=0.01947
2026-07-31 00:48:32,529 - portable_sam_fusion - INFO - [DEBUG-CONTEXT] epoch=32 step=9200 enabled=0
2026-07-31 00:48:32,529 - portable_sam_fusion - INFO - [DEBUG-JITTER] epoch=32 step=9200 area_ratio_count=64 area_ratio_mean=1 area_ratio_sum=64 fallback_count=0 mean_iou=1 num_jittered=0 num_rois=64
2026-07-31 00:48:32,529 - portable_sam_fusion - INFO - [DEBUG-SP] epoch=32 step=9200 all_invalid_count=0 all_invalid_ratio=0 empty_count=0 empty_ratio=0 full_count=0 full_ratio=0 mean_point_distance=21.66 n1_gt_valid_count=64 n1_in_gt_bg=0.7031 n1_in_gt_bg_count=45 n1_valid_count=64 n1_valid_ratio=1 n2_gt_valid_count=64 n2_in_gt_bg=0.9219 n2_in_gt_bg_count=59 n2_valid_count=64 n2_valid_ratio=1 neg_in_pred_bg=1 neg_in_pred_bg_count=128 negative_pair_count=64 negative_pair_distance_sum=2067 p1_gt_valid_count=64 p1_in_gt_fg=1 p1_in_gt_fg_count=64 p1_valid_count=64 p1_valid_ratio=1 p2_gt_valid_count=64 p2_in_gt_fg=1 p2_in_gt_fg_count=64 p2_valid_count=64 p2_valid_ratio=1 point_distance_sum=2772 point_overlap_count=0 point_overlap_ratio=0 point_pair_count=128 pos_in_pred_fg=1 pos_in_pred_fg_count=128 positive_pair_count=64 positive_pair_distance_sum=705.4 roi_count=64 valid_neg_count=128 valid_pos_count=128 warmup_stage=2
2026-07-31 00:49:28,193 - portable_sam_fusion - INFO - [DEBUG-BOX] epoch=32 step=9250 fallback_count=0 fallback_ratio=0 num_rois=64 refined_proposal_iou=0 refined_proposal_iou_sum=0 refined_valid_count=0
2026-07-31 00:49:28,194 - portable_sam_fusion - INFO - [DEBUG-COARSE] epoch=32 step=9250 bce_raw=0.09833 boundary_fn=864 boundary_fp=883 boundary_tp=2.466e+04 dice=0.04453 dice_loss_raw=0.04453 iou=0.9154 loss_weight=0.1 raw_boundary_fn=864 raw_boundary_fp=883 raw_boundary_tp=2.466e+04 raw_dice_score=0.9555 raw_iou=0.9154 weighted_loss=0.01429
2026-07-31 00:49:28,194 - portable_sam_fusion - INFO - [DEBUG-CONTEXT] epoch=32 step=9250 enabled=0
2026-07-31 00:49:28,194 - portable_sam_fusion - INFO - [DEBUG-JITTER] epoch=32 step=9250 area_ratio_count=64 area_ratio_mean=1 area_ratio_sum=64 fallback_count=0 mean_iou=1 num_jittered=0 num_rois=64
2026-07-31 00:49:28,194 - portable_sam_fusion - INFO - [DEBUG-SP] epoch=32 step=9250 all_invalid_count=0 all_invalid_ratio=0 empty_count=0 empty_ratio=0 full_count=0 full_ratio=0 mean_point_distance=29.04 n1_gt_valid_count=64 n1_in_gt_bg=0.8594 n1_in_gt_bg_count=55 n1_valid_count=64 n1_valid_ratio=1 n2_gt_valid_count=64 n2_in_gt_bg=1 n2_in_gt_bg_count=64 n2_valid_count=64 n2_valid_ratio=1 neg_in_pred_bg=1 neg_in_pred_bg_count=128 negative_pair_count=64 negative_pair_distance_sum=2770 p1_gt_valid_count=64 p1_in_gt_fg=1 p1_in_gt_fg_count=64 p1_valid_count=64 p1_valid_ratio=1 p2_gt_valid_count=64 p2_in_gt_fg=1 p2_in_gt_fg_count=64 p2_valid_count=64 p2_valid_ratio=1 point_distance_sum=3717 point_overlap_count=0 point_overlap_ratio=0 point_pair_count=128 pos_in_pred_fg=1 pos_in_pred_fg_count=128 positive_pair_count=64 positive_pair_distance_sum=947.6 roi_count=64 valid_neg_count=128 valid_pos_count=128 warmup_stage=2
2026-07-31 00:50:23,463 - portable_sam_fusion - INFO - [DEBUG-BOX] epoch=32 step=9300 fallback_count=0 fallback_ratio=0 num_rois=64 refined_proposal_iou=0 refined_proposal_iou_sum=0 refined_valid_count=0
2026-07-31 00:50:23,463 - portable_sam_fusion - INFO - [DEBUG-COARSE] epoch=32 step=9300 bce_raw=0.1877 boundary_fn=3244 boundary_fp=2818 boundary_tp=2.568e+04 dice=0.08852 dice_loss_raw=0.08852 iou=0.8407 loss_weight=0.1 raw_boundary_fn=3244 raw_boundary_fp=2818 raw_boundary_tp=2.568e+04 raw_dice_score=0.9115 raw_iou=0.8407 weighted_loss=0.02762
2026-07-31 00:50:23,463 - portable_sam_fusion - INFO - [DEBUG-CONTEXT] epoch=32 step=9300 enabled=0
2026-07-31 00:50:23,463 - portable_sam_fusion - INFO - [DEBUG-JITTER] epoch=32 step=9300 area_ratio_count=64 area_ratio_mean=1 area_ratio_sum=64 fallback_count=0 mean_iou=1 num_jittered=0 num_rois=64
2026-07-31 00:50:23,463 - portable_sam_fusion - INFO - [DEBUG-SP] epoch=32 step=9300 all_invalid_count=0 all_invalid_ratio=0 empty_count=0 empty_ratio=0 full_count=0 full_ratio=0 mean_point_distance=32.65 n1_gt_valid_count=64 n1_in_gt_bg=0.6719 n1_in_gt_bg_count=43 n1_valid_count=64 n1_valid_ratio=1 n2_gt_valid_count=64 n2_in_gt_bg=1 n2_in_gt_bg_count=64 n2_valid_count=64 n2_valid_ratio=1 neg_in_pred_bg=1 neg_in_pred_bg_count=128 negative_pair_count=64 negative_pair_distance_sum=3081 p1_gt_valid_count=64 p1_in_gt_fg=1 p1_in_gt_fg_count=64 p1_valid_count=64 p1_valid_ratio=1 p2_gt_valid_count=64 p2_in_gt_fg=1 p2_in_gt_fg_count=64 p2_valid_count=64 p2_valid_ratio=1 point_distance_sum=4180 point_overlap_count=0 point_overlap_ratio=0 point_pair_count=128 pos_in_pred_fg=1 pos_in_pred_fg_count=128 positive_pair_count=64 positive_pair_distance_sum=1099 roi_count=64 valid_neg_count=128 valid_pos_count=128 warmup_stage=2
2026-07-31 00:51:00,385 - portable_sam_fusion - INFO - epoch 32 | mini-batch 224/294 | optimizer_step 2350/5920 | lr=3.374e-04
2026-07-31 00:51:12,352 - portable_sam_fusion - INFO - [DEBUG-BOX] epoch=32 step=9350 fallback_count=0 fallback_ratio=0 num_rois=64 refined_proposal_iou=0 refined_proposal_iou_sum=0 refined_valid_count=0
2026-07-31 00:51:12,353 - portable_sam_fusion - INFO - [DEBUG-COARSE] epoch=32 step=9350 bce_raw=0.1819 boundary_fn=2877 boundary_fp=4086 boundary_tp=2.479e+04 dice=0.1089 dice_loss_raw=0.1089 iou=0.8105 loss_weight=0.1 raw_boundary_fn=2877 raw_boundary_fp=4086 raw_boundary_tp=2.479e+04 raw_dice_score=0.8911 raw_iou=0.8105 weighted_loss=0.02908
2026-07-31 00:51:12,353 - portable_sam_fusion - INFO - [DEBUG-CONTEXT] epoch=32 step=9350 enabled=0
2026-07-31 00:51:12,353 - portable_sam_fusion - INFO - [DEBUG-JITTER] epoch=32 step=9350 area_ratio_count=64 area_ratio_mean=1 area_ratio_sum=64 fallback_count=0 mean_iou=1 num_jittered=0 num_rois=64
2026-07-31 00:51:12,353 - portable_sam_fusion - INFO - [DEBUG-SP] epoch=32 step=9350 all_invalid_count=0 all_invalid_ratio=0 empty_count=0 empty_ratio=0 full_count=0 full_ratio=0 mean_point_distance=30.76 n1_gt_valid_count=64 n1_in_gt_bg=0.9844 n1_in_gt_bg_count=63 n1_valid_count=64 n1_valid_ratio=1 n2_gt_valid_count=64 n2_in_gt_bg=1 n2_in_gt_bg_count=64 n2_valid_count=64 n2_valid_ratio=1 neg_in_pred_bg=1 neg_in_pred_bg_count=128 negative_pair_count=64 negative_pair_distance_sum=2781 p1_gt_valid_count=64 p1_in_gt_fg=1 p1_in_gt_fg_count=64 p1_valid_count=64 p1_valid_ratio=1 p2_gt_valid_count=64 p2_in_gt_fg=1 p2_in_gt_fg_count=64 p2_valid_count=64 p2_valid_ratio=1 point_distance_sum=3937 point_overlap_count=0 point_overlap_ratio=0 point_pair_count=128 pos_in_pred_fg=1 pos_in_pred_fg_count=128 positive_pair_count=64 positive_pair_distance_sum=1156 roi_count=64 valid_neg_count=128 valid_pos_count=128 warmup_stage=2
2026-07-31 00:52:05,062 - portable_sam_fusion - INFO - [DEBUG-BOX] epoch=32 step=9400 fallback_count=0 fallback_ratio=0 num_rois=64 refined_proposal_iou=0 refined_proposal_iou_sum=0 refined_valid_count=0
2026-07-31 00:52:05,062 - portable_sam_fusion - INFO - [DEBUG-COARSE] epoch=32 step=9400 bce_raw=0.1509 boundary_fn=2813 boundary_fp=2198 boundary_tp=2.549e+04 dice=0.08433 dice_loss_raw=0.08433 iou=0.8474 loss_weight=0.1 raw_boundary_fn=2813 raw_boundary_fp=2198 raw_boundary_tp=2.549e+04 raw_dice_score=0.9157 raw_iou=0.8474 weighted_loss=0.02352
2026-07-31 00:52:05,062 - portable_sam_fusion - INFO - [DEBUG-CONTEXT] epoch=32 step=9400 enabled=0
2026-07-31 00:52:05,062 - portable_sam_fusion - INFO - [DEBUG-JITTER] epoch=32 step=9400 area_ratio_count=64 area_ratio_mean=1 area_ratio_sum=64 fallback_count=0 mean_iou=1 num_jittered=0 num_rois=64
2026-07-31 00:52:05,062 - portable_sam_fusion - INFO - [DEBUG-SP] epoch=32 step=9400 all_invalid_count=0 all_invalid_ratio=0 empty_count=0 empty_ratio=0 full_count=0 full_ratio=0 mean_point_distance=24.38 n1_gt_valid_count=64 n1_in_gt_bg=0.8594 n1_in_gt_bg_count=55 n1_valid_count=64 n1_valid_ratio=1 n2_gt_valid_count=64 n2_in_gt_bg=1 n2_in_gt_bg_count=64 n2_valid_count=64 n2_valid_ratio=1 neg_in_pred_bg=1 neg_in_pred_bg_count=128 negative_pair_count=64 negative_pair_distance_sum=2208 p1_gt_valid_count=64 p1_in_gt_fg=1 p1_in_gt_fg_count=64 p1_valid_count=64 p1_valid_ratio=1 p2_gt_valid_count=64 p2_in_gt_fg=1 p2_in_gt_fg_count=64 p2_valid_count=64 p2_valid_ratio=1 point_distance_sum=3120 point_overlap_count=0 point_overlap_ratio=0 point_pair_count=128 pos_in_pred_fg=1 pos_in_pred_fg_count=128 positive_pair_count=64 positive_pair_distance_sum=912.3 roi_count=64 valid_neg_count=128 valid_pos_count=128 warmup_stage=2
2026-07-31 00:52:12,978 - portable_sam_fusion - INFO - Epoch 32 detailed losses: loss_rpn_cls=0.0083, loss_rpn_bbox=0.0039, loss_cls=0.1447, acc=94.4709, loss_bbox=0.0608, loss_mask=0.0010, debug_mask_pos_rois=56.9728, debug_mask_logit_mean=-16.8002, debug_mask_logit_std=2.9998, debug_mask_prob_mean=0.0048, debug_mask_prob_ge05=0.0048, debug_mask_target_fill=0.0048, loss_shape_prior=0.0189, schedule/det_weight=1.0000
2026-07-31 00:52:12,978 - portable_sam_fusion - INFO - Epoch 32 primary loss shares: det=91.62% final_mask=0.44% shape=7.94% p2_boundary=0.00%
2026-07-31 00:52:12,978 - portable_sam_fusion - INFO - Epoch 32 schedule: det_loss_weight=1.000 early_stop_start=20 min_delta=0.0005
2026-07-31 00:52:12,978 - portable_sam_fusion - INFO - Epoch 32 learning rates: sat_backbone=3.35e-04, mask_decoder=3.35e-04, shape_prior=3.35e-04, quality_head=3.35e-04, sat_other=3.35e-04
2026-07-31 00:55:01,284 - portable_sam_fusion - INFO - Validation samples: GT=15926, DT=16172, avg_masks_per_image=25.79, avg_mask_fill=0.0049
creating index...
index created!
Loading and preparing results...
DONE (t=0.02s)
creating index...
index created!
Running per image evaluation...
Evaluate annotation type *bbox*
DONE (t=10.62s).
Accumulating evaluation results...
DONE (t=0.15s).
 Average Precision  (AP) @[ IoU=0.50:0.95 | area=   all | maxDets=100 ] = 0.702
 Average Precision  (AP) @[ IoU=0.50      | area=   all | maxDets=100 ] = 0.888
 Average Precision  (AP) @[ IoU=0.75      | area=   all | maxDets=100 ] = 0.817
 Average Precision  (AP) @[ IoU=0.50:0.95 | area= small | maxDets=100 ] = 0.321
 Average Precision  (AP) @[ IoU=0.50:0.95 | area=medium | maxDets=100 ] = 0.746
 Average Precision  (AP) @[ IoU=0.50:0.95 | area= large | maxDets=100 ] = 0.795
 Average Recall     (AR) @[ IoU=0.50:0.95 | area=   all | maxDets=  1 ] = 0.026
 Average Recall     (AR) @[ IoU=0.50:0.95 | area=   all | maxDets= 10 ] = 0.192
 Average Recall     (AR) @[ IoU=0.50:0.95 | area=   all | maxDets=100 ] = 0.749
 Average Recall     (AR) @[ IoU=0.50:0.95 | area= small | maxDets=100 ] = 0.404
 Average Recall     (AR) @[ IoU=0.50:0.95 | area=medium | maxDets=100 ] = 0.792
 Average Recall     (AR) @[ IoU=0.50:0.95 | area= large | maxDets=100 ] = 0.845
2026-07-31 00:55:12,264 - portable_sam_fusion - INFO - Validation bbox/mAP: 0.7021 bbox/mAP_75: 0.8171
Running per image evaluation...
Evaluate annotation type *segm*
DONE (t=10.57s).
Accumulating evaluation results...
DONE (t=0.15s).
 Average Precision  (AP) @[ IoU=0.50:0.95 | area=   all | maxDets=100 ] = 0.638
 Average Precision  (AP) @[ IoU=0.50      | area=   all | maxDets=100 ] = 0.889
 Average Precision  (AP) @[ IoU=0.75      | area=   all | maxDets=100 ] = 0.762
 Average Precision  (AP) @[ IoU=0.50:0.95 | area= small | maxDets=100 ] = 0.231
 Average Precision  (AP) @[ IoU=0.50:0.95 | area=medium | maxDets=100 ] = 0.664
 Average Precision  (AP) @[ IoU=0.50:0.95 | area= large | maxDets=100 ] = 0.791
 Average Recall     (AR) @[ IoU=0.50:0.95 | area=   all | maxDets=  1 ] = 0.026
 Average Recall     (AR) @[ IoU=0.50:0.95 | area=   all | maxDets= 10 ] = 0.182
 Average Recall     (AR) @[ IoU=0.50:0.95 | area=   all | maxDets=100 ] = 0.677
 Average Recall     (AR) @[ IoU=0.50:0.95 | area= small | maxDets=100 ] = 0.297
 Average Recall     (AR) @[ IoU=0.50:0.95 | area=medium | maxDets=100 ] = 0.708
 Average Recall     (AR) @[ IoU=0.50:0.95 | area= large | maxDets=100 ] = 0.831
2026-07-31 00:55:23,012 - portable_sam_fusion - INFO - Validation segm/mAP: 0.6377
2026-07-31 00:55:23,860 - portable_sam_fusion - INFO - Early-stop metric (segm/mAP): raw=0.6377 smooth(5)=0.6308 best=0.6310 counter=3
2026-07-31 00:55:28,837 - portable_sam_fusion - INFO - Epoch 32/80 | train=0.237567 val=disabled segm/mAP=0.6377 bbox/mAP=0.7021 | best_segm=0.6427 best_bbox=0.7105 best_comp=0.0000 | sat_backbone=3.35e-04 mask_decoder=3.35e-04 shape_prior=3.35e-04 quality_head=3.35e-04 sat_other=3.35e-04
2026-07-31 00:56:14,583 - portable_sam_fusion - INFO - [DEBUG-BOX] epoch=33 step=9450 fallback_count=0 fallback_ratio=0 num_rois=0 refined_proposal_iou=0 refined_proposal_iou_sum=0 refined_valid_count=0
2026-07-31 00:56:14,583 - portable_sam_fusion - INFO - [DEBUG-COARSE] epoch=33 step=9450 boundary_fn=0 boundary_fp=0 boundary_tp=0 dice=0 iou=0
2026-07-31 00:56:14,583 - portable_sam_fusion - INFO - [DEBUG-CONTEXT] epoch=33 step=9450 enabled=0
2026-07-31 00:56:14,583 - portable_sam_fusion - INFO - [DEBUG-JITTER] epoch=33 step=9450 area_ratio_count=0 area_ratio_mean=0 area_ratio_sum=0 fallback_count=0 mean_iou=0 num_jittered=0 num_rois=0
2026-07-31 00:56:14,583 - portable_sam_fusion - INFO - [DEBUG-SP] epoch=33 step=9450 all_invalid_count=0 all_invalid_ratio=0 empty_count=0 empty_ratio=0 full_count=0 full_ratio=0 mean_point_distance=30.52 n1_gt_valid_count=64 n1_in_gt_bg=0.9531 n1_in_gt_bg_count=61 n1_valid_count=64 n1_valid_ratio=1 n2_gt_valid_count=63 n2_in_gt_bg=1 n2_in_gt_bg_count=63 n2_valid_count=63 n2_valid_ratio=0.9844 neg_in_pred_bg=1 neg_in_pred_bg_count=127 negative_pair_count=63 negative_pair_distance_sum=2981 p1_gt_valid_count=64 p1_in_gt_fg=1 p1_in_gt_fg_count=64 p1_valid_count=64 p1_valid_ratio=1 p2_gt_valid_count=64 p2_in_gt_fg=1 p2_in_gt_fg_count=64 p2_valid_count=64 p2_valid_ratio=1 point_distance_sum=3877 point_overlap_count=0 point_overlap_ratio=0 point_pair_count=127 pos_in_pred_fg=1 pos_in_pred_fg_count=128 positive_pair_count=64 positive_pair_distance_sum=895.2 roi_count=64 valid_neg_count=127 valid_pos_count=128 warmup_stage=2
2026-07-31 00:57:10,093 - portable_sam_fusion - INFO - [DEBUG-BOX] epoch=33 step=9500 fallback_count=0 fallback_ratio=0 num_rois=64 refined_proposal_iou=0 refined_proposal_iou_sum=0 refined_valid_count=0
2026-07-31 00:57:10,093 - portable_sam_fusion - INFO - [DEBUG-COARSE] epoch=33 step=9500 bce_raw=0.1458 boundary_fn=1932 boundary_fp=2568 boundary_tp=2.32e+04 dice=0.05949 dice_loss_raw=0.05949 iou=0.889 loss_weight=0.1 raw_boundary_fn=1932 raw_boundary_fp=2568 raw_boundary_tp=2.32e+04 raw_dice_score=0.9405 raw_iou=0.889 weighted_loss=0.02053
2026-07-31 00:57:10,093 - portable_sam_fusion - INFO - [DEBUG-CONTEXT] epoch=33 step=9500 enabled=0
2026-07-31 00:57:10,094 - portable_sam_fusion - INFO - [DEBUG-JITTER] epoch=33 step=9500 area_ratio_count=64 area_ratio_mean=1 area_ratio_sum=64 fallback_count=0 mean_iou=1 num_jittered=0 num_rois=64
2026-07-31 00:57:10,094 - portable_sam_fusion - INFO - [DEBUG-SP] epoch=33 step=9500 all_invalid_count=0 all_invalid_ratio=0 empty_count=0 empty_ratio=0 full_count=0 full_ratio=0 mean_point_distance=24.57 n1_gt_valid_count=64 n1_in_gt_bg=0.8438 n1_in_gt_bg_count=54 n1_valid_count=64 n1_valid_ratio=1 n2_gt_valid_count=64 n2_in_gt_bg=0.9844 n2_in_gt_bg_count=63 n2_valid_count=64 n2_valid_ratio=1 neg_in_pred_bg=1 neg_in_pred_bg_count=128 negative_pair_count=64 negative_pair_distance_sum=2486 p1_gt_valid_count=64 p1_in_gt_fg=1 p1_in_gt_fg_count=64 p1_valid_count=64 p1_valid_ratio=1 p2_gt_valid_count=64 p2_in_gt_fg=1 p2_in_gt_fg_count=64 p2_valid_count=64 p2_valid_ratio=1 point_distance_sum=3145 point_overlap_count=0 point_overlap_ratio=0 point_pair_count=128 pos_in_pred_fg=1 pos_in_pred_fg_count=128 positive_pair_count=64 positive_pair_distance_sum=659.8 roi_count=64 valid_neg_count=128 valid_pos_count=128 warmup_stage=2
2026-07-31 00:57:48,575 - portable_sam_fusion - INFO - epoch 33 | mini-batch 128/294 | optimizer_step 2400/5920 | lr=3.310e-04
2026-07-31 00:58:04,197 - portable_sam_fusion - INFO - [DEBUG-BOX] epoch=33 step=9550 fallback_count=0 fallback_ratio=0 num_rois=64 refined_proposal_iou=0 refined_proposal_iou_sum=0 refined_valid_count=0
2026-07-31 00:58:04,197 - portable_sam_fusion - INFO - [DEBUG-COARSE] epoch=33 step=9550 bce_raw=0.1368 boundary_fn=1911 boundary_fp=2000 boundary_tp=2.505e+04 dice=0.07968 dice_loss_raw=0.07968 iou=0.8549 loss_weight=0.1 raw_boundary_fn=1911 raw_boundary_fp=2000 raw_boundary_tp=2.505e+04 raw_dice_score=0.9203 raw_iou=0.8549 weighted_loss=0.02165
2026-07-31 00:58:04,198 - portable_sam_fusion - INFO - [DEBUG-CONTEXT] epoch=33 step=9550 enabled=0
2026-07-31 00:58:04,198 - portable_sam_fusion - INFO - [DEBUG-JITTER] epoch=33 step=9550 area_ratio_count=64 area_ratio_mean=1 area_ratio_sum=64 fallback_count=0 mean_iou=1 num_jittered=0 num_rois=64
2026-07-31 00:58:04,198 - portable_sam_fusion - INFO - [DEBUG-SP] epoch=33 step=9550 all_invalid_count=0 all_invalid_ratio=0 empty_count=0 empty_ratio=0 full_count=0 full_ratio=0 mean_point_distance=76.16 n1_gt_valid_count=64 n1_in_gt_bg=0.9062 n1_in_gt_bg_count=58 n1_valid_count=64 n1_valid_ratio=1 n2_gt_valid_count=64 n2_in_gt_bg=1 n2_in_gt_bg_count=64 n2_valid_count=64 n2_valid_ratio=1 neg_in_pred_bg=1 neg_in_pred_bg_count=128 negative_pair_count=64 negative_pair_distance_sum=6822 p1_gt_valid_count=64 p1_in_gt_fg=1 p1_in_gt_fg_count=64 p1_valid_count=64 p1_valid_ratio=1 p2_gt_valid_count=64 p2_in_gt_fg=1 p2_in_gt_fg_count=64 p2_valid_count=64 p2_valid_ratio=1 point_distance_sum=9748 point_overlap_count=0 point_overlap_ratio=0 point_pair_count=128 pos_in_pred_fg=1 pos_in_pred_fg_count=128 positive_pair_count=64 positive_pair_distance_sum=2925 roi_count=64 valid_neg_count=128 valid_pos_count=128 warmup_stage=2
2026-07-31 00:58:59,299 - portable_sam_fusion - INFO - [DEBUG-BOX] epoch=33 step=9600 fallback_count=0 fallback_ratio=0 num_rois=64 refined_proposal_iou=0 refined_proposal_iou_sum=0 refined_valid_count=0
2026-07-31 00:58:59,299 - portable_sam_fusion - INFO - [DEBUG-COARSE] epoch=33 step=9600 bce_raw=0.1724 boundary_fn=3214 boundary_fp=2655 boundary_tp=2.585e+04 dice=0.0915 dice_loss_raw=0.0915 iou=0.8358 loss_weight=0.1 raw_boundary_fn=3214 raw_boundary_fp=2655 raw_boundary_tp=2.585e+04 raw_dice_score=0.9085 raw_iou=0.8358 weighted_loss=0.02639
2026-07-31 00:58:59,299 - portable_sam_fusion - INFO - [DEBUG-CONTEXT] epoch=33 step=9600 enabled=0
2026-07-31 00:58:59,300 - portable_sam_fusion - INFO - [DEBUG-JITTER] epoch=33 step=9600 area_ratio_count=64 area_ratio_mean=1 area_ratio_sum=64 fallback_count=0 mean_iou=1 num_jittered=0 num_rois=64
2026-07-31 00:58:59,300 - portable_sam_fusion - INFO - [DEBUG-SP] epoch=33 step=9600 all_invalid_count=0 all_invalid_ratio=0 empty_count=0 empty_ratio=0 full_count=0 full_ratio=0 mean_point_distance=29.49 n1_gt_valid_count=64 n1_in_gt_bg=0.8906 n1_in_gt_bg_count=57 n1_valid_count=64 n1_valid_ratio=1 n2_gt_valid_count=64 n2_in_gt_bg=1 n2_in_gt_bg_count=64 n2_valid_count=64 n2_valid_ratio=1 neg_in_pred_bg=1 neg_in_pred_bg_count=128 negative_pair_count=64 negative_pair_distance_sum=2882 p1_gt_valid_count=64 p1_in_gt_fg=1 p1_in_gt_fg_count=64 p1_valid_count=64 p1_valid_ratio=1 p2_gt_valid_count=64 p2_in_gt_fg=1 p2_in_gt_fg_count=64 p2_valid_count=64 p2_valid_ratio=1 point_distance_sum=3775 point_overlap_count=0 point_overlap_ratio=0 point_pair_count=128 pos_in_pred_fg=1 pos_in_pred_fg_count=128 positive_pair_count=64 positive_pair_distance_sum=893.4 roi_count=64 valid_neg_count=128 valid_pos_count=128 warmup_stage=2
2026-07-31 00:59:51,784 - portable_sam_fusion - INFO - [DEBUG-BOX] epoch=33 step=9650 fallback_count=0 fallback_ratio=0 num_rois=64 refined_proposal_iou=0 refined_proposal_iou_sum=0 refined_valid_count=0
2026-07-31 00:59:51,784 - portable_sam_fusion - INFO - [DEBUG-COARSE] epoch=33 step=9650 bce_raw=0.15 boundary_fn=2173 boundary_fp=2838 boundary_tp=2.47e+04 dice=0.0842 dice_loss_raw=0.0842 iou=0.8491 loss_weight=0.1 raw_boundary_fn=2173 raw_boundary_fp=2838 raw_boundary_tp=2.47e+04 raw_dice_score=0.9158 raw_iou=0.8491 weighted_loss=0.02342
2026-07-31 00:59:51,784 - portable_sam_fusion - INFO - [DEBUG-CONTEXT] epoch=33 step=9650 enabled=0
2026-07-31 00:59:51,784 - portable_sam_fusion - INFO - [DEBUG-JITTER] epoch=33 step=9650 area_ratio_count=64 area_ratio_mean=1 area_ratio_sum=64 fallback_count=0 mean_iou=1 num_jittered=0 num_rois=64
2026-07-31 00:59:51,784 - portable_sam_fusion - INFO - [DEBUG-SP] epoch=33 step=9650 all_invalid_count=0 all_invalid_ratio=0 empty_count=0 empty_ratio=0 full_count=0 full_ratio=0 mean_point_distance=44.12 n1_gt_valid_count=64 n1_in_gt_bg=0.8594 n1_in_gt_bg_count=55 n1_valid_count=64 n1_valid_ratio=1 n2_gt_valid_count=64 n2_in_gt_bg=1 n2_in_gt_bg_count=64 n2_valid_count=64 n2_valid_ratio=1 neg_in_pred_bg=1 neg_in_pred_bg_count=128 negative_pair_count=64 negative_pair_distance_sum=3842 p1_gt_valid_count=64 p1_in_gt_fg=1 p1_in_gt_fg_count=64 p1_valid_count=64 p1_valid_ratio=1 p2_gt_valid_count=64 p2_in_gt_fg=1 p2_in_gt_fg_count=64 p2_valid_count=64 p2_valid_ratio=1 point_distance_sum=5648 point_overlap_count=0 point_overlap_ratio=0 point_pair_count=128 pos_in_pred_fg=1 pos_in_pred_fg_count=128 positive_pair_count=64 positive_pair_distance_sum=1805 roi_count=64 valid_neg_count=128 valid_pos_count=128 warmup_stage=2
2026-07-31 01:00:42,827 - portable_sam_fusion - INFO - [DEBUG-BOX] epoch=33 step=9700 fallback_count=0 fallback_ratio=0 num_rois=64 refined_proposal_iou=0 refined_proposal_iou_sum=0 refined_valid_count=0
2026-07-31 01:00:42,827 - portable_sam_fusion - INFO - [DEBUG-COARSE] epoch=33 step=9700 bce_raw=0.1442 boundary_fn=2295 boundary_fp=1817 boundary_tp=2.526e+04 dice=0.07843 dice_loss_raw=0.07843 iou=0.8579 loss_weight=0.1 raw_boundary_fn=2295 raw_boundary_fp=1817 raw_boundary_tp=2.526e+04 raw_dice_score=0.9216 raw_iou=0.8579 weighted_loss=0.02226
2026-07-31 01:00:42,827 - portable_sam_fusion - INFO - [DEBUG-CONTEXT] epoch=33 step=9700 enabled=0
2026-07-31 01:00:42,827 - portable_sam_fusion - INFO - [DEBUG-JITTER] epoch=33 step=9700 area_ratio_count=64 area_ratio_mean=1 area_ratio_sum=64 fallback_count=0 mean_iou=1 num_jittered=0 num_rois=64
2026-07-31 01:00:42,827 - portable_sam_fusion - INFO - [DEBUG-SP] epoch=33 step=9700 all_invalid_count=0 all_invalid_ratio=0 empty_count=0 empty_ratio=0 full_count=0 full_ratio=0 mean_point_distance=31.68 n1_gt_valid_count=64 n1_in_gt_bg=1 n1_in_gt_bg_count=64 n1_valid_count=64 n1_valid_ratio=1 n2_gt_valid_count=64 n2_in_gt_bg=1 n2_in_gt_bg_count=64 n2_valid_count=64 n2_valid_ratio=1 neg_in_pred_bg=1 neg_in_pred_bg_count=128 negative_pair_count=64 negative_pair_distance_sum=3138 p1_gt_valid_count=64 p1_in_gt_fg=1 p1_in_gt_fg_count=64 p1_valid_count=64 p1_valid_ratio=1 p2_gt_valid_count=64 p2_in_gt_fg=0.9688 p2_in_gt_fg_count=62 p2_valid_count=64 p2_valid_ratio=1 point_distance_sum=4054 point_overlap_count=0 point_overlap_ratio=0 point_pair_count=128 pos_in_pred_fg=1 pos_in_pred_fg_count=128 positive_pair_count=64 positive_pair_distance_sum=916.1 roi_count=64 valid_neg_count=128 valid_pos_count=128 warmup_stage=2
2026-07-31 01:00:45,246 - portable_sam_fusion - INFO - Epoch 33 detailed losses: loss_rpn_cls=0.0084, loss_rpn_bbox=0.0036, loss_cls=0.1413, acc=94.6360, loss_bbox=0.0542, loss_mask=0.0012, debug_mask_pos_rois=56.7109, debug_mask_logit_mean=-17.2508, debug_mask_logit_std=3.1400, debug_mask_prob_mean=0.0050, debug_mask_prob_ge05=0.0049, debug_mask_target_fill=0.0050, loss_shape_prior=0.0190, schedule/det_weight=1.0000
2026-07-31 01:00:45,246 - portable_sam_fusion - INFO - Epoch 33 primary loss shares: det=91.14% final_mask=0.53% shape=8.34% p2_boundary=0.00%
2026-07-31 01:00:45,246 - portable_sam_fusion - INFO - Epoch 33 schedule: det_loss_weight=1.000 early_stop_start=20 min_delta=0.0005
2026-07-31 01:00:45,247 - portable_sam_fusion - INFO - Epoch 33 learning rates: sat_backbone=3.26e-04, mask_decoder=3.26e-04, shape_prior=3.26e-04, quality_head=3.26e-04, sat_other=3.26e-04
2026-07-31 01:03:36,324 - portable_sam_fusion - INFO - Validation samples: GT=15926, DT=17523, avg_masks_per_image=27.95, avg_mask_fill=0.0046
creating index...
index created!
Loading and preparing results...
DONE (t=0.02s)
creating index...
index created!
Running per image evaluation...
Evaluate annotation type *bbox*
DONE (t=10.50s).
Accumulating evaluation results...
DONE (t=0.16s).
 Average Precision  (AP) @[ IoU=0.50:0.95 | area=   all | maxDets=100 ] = 0.711
 Average Precision  (AP) @[ IoU=0.50      | area=   all | maxDets=100 ] = 0.897
 Average Precision  (AP) @[ IoU=0.75      | area=   all | maxDets=100 ] = 0.826
 Average Precision  (AP) @[ IoU=0.50:0.95 | area= small | maxDets=100 ] = 0.333
 Average Precision  (AP) @[ IoU=0.50:0.95 | area=medium | maxDets=100 ] = 0.746
 Average Precision  (AP) @[ IoU=0.50:0.95 | area= large | maxDets=100 ] = 0.809
 Average Recall     (AR) @[ IoU=0.50:0.95 | area=   all | maxDets=  1 ] = 0.027
 Average Recall     (AR) @[ IoU=0.50:0.95 | area=   all | maxDets= 10 ] = 0.194
 Average Recall     (AR) @[ IoU=0.50:0.95 | area=   all | maxDets=100 ] = 0.756
 Average Recall     (AR) @[ IoU=0.50:0.95 | area= small | maxDets=100 ] = 0.438
 Average Recall     (AR) @[ IoU=0.50:0.95 | area=medium | maxDets=100 ] = 0.794
 Average Recall     (AR) @[ IoU=0.50:0.95 | area= large | maxDets=100 ] = 0.850
2026-07-31 01:03:47,151 - portable_sam_fusion - INFO - Validation bbox/mAP: 0.7114 bbox/mAP_75: 0.8257
Running per image evaluation...
Evaluate annotation type *segm*
DONE (t=10.76s).
Accumulating evaluation results...
DONE (t=0.16s).
 Average Precision  (AP) @[ IoU=0.50:0.95 | area=   all | maxDets=100 ] = 0.633
 Average Precision  (AP) @[ IoU=0.50      | area=   all | maxDets=100 ] = 0.897
 Average Precision  (AP) @[ IoU=0.75      | area=   all | maxDets=100 ] = 0.750
 Average Precision  (AP) @[ IoU=0.50:0.95 | area= small | maxDets=100 ] = 0.232
 Average Precision  (AP) @[ IoU=0.50:0.95 | area=medium | maxDets=100 ] = 0.655
 Average Precision  (AP) @[ IoU=0.50:0.95 | area= large | maxDets=100 ] = 0.787
 Average Recall     (AR) @[ IoU=0.50:0.95 | area=   all | maxDets=  1 ] = 0.025
 Average Recall     (AR) @[ IoU=0.50:0.95 | area=   all | maxDets= 10 ] = 0.181
 Average Recall     (AR) @[ IoU=0.50:0.95 | area=   all | maxDets=100 ] = 0.672
 Average Recall     (AR) @[ IoU=0.50:0.95 | area= small | maxDets=100 ] = 0.311
 Average Recall     (AR) @[ IoU=0.50:0.95 | area=medium | maxDets=100 ] = 0.699
 Average Recall     (AR) @[ IoU=0.50:0.95 | area= large | maxDets=100 ] = 0.826
2026-07-31 01:03:58,098 - portable_sam_fusion - INFO - Validation segm/mAP: 0.6327
2026-07-31 01:03:58,648 - portable_sam_fusion - INFO - New best bbox/mAP: 0.7114
2026-07-31 01:03:58,648 - portable_sam_fusion - INFO - New best early-stop metric (segm/mAP): raw=0.6327 smooth(5)=0.6322
2026-07-31 01:04:00,984 - portable_sam_fusion - INFO - Saved best_bbox_model with bbox/mAP: 0.7114
2026-07-31 01:04:05,891 - portable_sam_fusion - INFO - Epoch 33/80 | train=0.227851 val=disabled segm/mAP=0.6327 bbox/mAP=0.7114 | best_segm=0.6427 best_bbox=0.7114 best_comp=0.0000 | sat_backbone=3.26e-04 mask_decoder=3.26e-04 shape_prior=3.26e-04 quality_head=3.26e-04 sat_other=3.26e-04
2026-07-31 01:04:39,270 - portable_sam_fusion - INFO - epoch 34 | mini-batch 32/294 | optimizer_step 2450/5920 | lr=3.246e-04
2026-07-31 01:04:56,321 - portable_sam_fusion - INFO - [DEBUG-BOX] epoch=34 step=9750 fallback_count=0 fallback_ratio=0 num_rois=0 refined_proposal_iou=0 refined_proposal_iou_sum=0 refined_valid_count=0
2026-07-31 01:04:56,322 - portable_sam_fusion - INFO - [DEBUG-COARSE] epoch=34 step=9750 boundary_fn=0 boundary_fp=0 boundary_tp=0 dice=0 iou=0
2026-07-31 01:04:56,322 - portable_sam_fusion - INFO - [DEBUG-CONTEXT] epoch=34 step=9750 enabled=0
2026-07-31 01:04:56,322 - portable_sam_fusion - INFO - [DEBUG-JITTER] epoch=34 step=9750 area_ratio_count=0 area_ratio_mean=0 area_ratio_sum=0 fallback_count=0 mean_iou=0 num_jittered=0 num_rois=0
2026-07-31 01:04:56,322 - portable_sam_fusion - INFO - [DEBUG-SP] epoch=34 step=9750 all_invalid_count=0 all_invalid_ratio=0 empty_count=0 empty_ratio=0 full_count=0 full_ratio=0 mean_point_distance=12.16 n1_gt_valid_count=64 n1_in_gt_bg=0.6562 n1_in_gt_bg_count=42 n1_valid_count=64 n1_valid_ratio=1 n2_gt_valid_count=64 n2_in_gt_bg=0.9531 n2_in_gt_bg_count=61 n2_valid_count=64 n2_valid_ratio=1 neg_in_pred_bg=1 neg_in_pred_bg_count=128 negative_pair_count=64 negative_pair_distance_sum=1169 p1_gt_valid_count=64 p1_in_gt_fg=1 p1_in_gt_fg_count=64 p1_valid_count=64 p1_valid_ratio=1 p2_gt_valid_count=64 p2_in_gt_fg=1 p2_in_gt_fg_count=64 p2_valid_count=64 p2_valid_ratio=1 point_distance_sum=1556 point_overlap_count=0 point_overlap_ratio=0 point_pair_count=128 pos_in_pred_fg=1 pos_in_pred_fg_count=128 positive_pair_count=64 positive_pair_distance_sum=387.3 roi_count=64 valid_neg_count=128 valid_pos_count=128 warmup_stage=2
2026-07-31 01:05:51,337 - portable_sam_fusion - INFO - [DEBUG-BOX] epoch=34 step=9800 fallback_count=0 fallback_ratio=0 num_rois=64 refined_proposal_iou=0 refined_proposal_iou_sum=0 refined_valid_count=0
2026-07-31 01:05:51,337 - portable_sam_fusion - INFO - [DEBUG-COARSE] epoch=34 step=9800 bce_raw=0.1309 boundary_fn=1731 boundary_fp=2441 boundary_tp=2.316e+04 dice=0.05391 dice_loss_raw=0.05391 iou=0.8987 loss_weight=0.1 raw_boundary_fn=1731 raw_boundary_fp=2441 raw_boundary_tp=2.316e+04 raw_dice_score=0.9461 raw_iou=0.8987 weighted_loss=0.01848
2026-07-31 01:05:51,337 - portable_sam_fusion - INFO - [DEBUG-CONTEXT] epoch=34 step=9800 enabled=0
2026-07-31 01:05:51,337 - portable_sam_fusion - INFO - [DEBUG-JITTER] epoch=34 step=9800 area_ratio_count=64 area_ratio_mean=1 area_ratio_sum=64 fallback_count=0 mean_iou=1 num_jittered=0 num_rois=64
2026-07-31 01:05:51,337 - portable_sam_fusion - INFO - [DEBUG-SP] epoch=34 step=9800 all_invalid_count=0 all_invalid_ratio=0 empty_count=0 empty_ratio=0 full_count=0 full_ratio=0 mean_point_distance=22.86 n1_gt_valid_count=64 n1_in_gt_bg=0.6875 n1_in_gt_bg_count=44 n1_valid_count=64 n1_valid_ratio=1 n2_gt_valid_count=61 n2_in_gt_bg=0.9672 n2_in_gt_bg_count=59 n2_valid_count=61 n2_valid_ratio=0.9531 neg_in_pred_bg=1 neg_in_pred_bg_count=125 negative_pair_count=61 negative_pair_distance_sum=1955 p1_gt_valid_count=64 p1_in_gt_fg=1 p1_in_gt_fg_count=64 p1_valid_count=64 p1_valid_ratio=1 p2_gt_valid_count=64 p2_in_gt_fg=1 p2_in_gt_fg_count=64 p2_valid_count=64 p2_valid_ratio=1 point_distance_sum=2857 point_overlap_count=0 point_overlap_ratio=0 point_pair_count=125 pos_in_pred_fg=1 pos_in_pred_fg_count=128 positive_pair_count=64 positive_pair_distance_sum=901.8 roi_count=64 valid_neg_count=125 valid_pos_count=128 warmup_stage=2
2026-07-31 01:06:46,443 - portable_sam_fusion - INFO - [DEBUG-BOX] epoch=34 step=9850 fallback_count=0 fallback_ratio=0 num_rois=64 refined_proposal_iou=0 refined_proposal_iou_sum=0 refined_valid_count=0
2026-07-31 01:06:46,443 - portable_sam_fusion - INFO - [DEBUG-COARSE] epoch=34 step=9850 bce_raw=0.1227 boundary_fn=1895 boundary_fp=1494 boundary_tp=2.68e+04 dice=0.07018 dice_loss_raw=0.07018 iou=0.871 loss_weight=0.1 raw_boundary_fn=1895 raw_boundary_fp=1494 raw_boundary_tp=2.68e+04 raw_dice_score=0.9298 raw_iou=0.871 weighted_loss=0.01929
2026-07-31 01:06:46,443 - portable_sam_fusion - INFO - [DEBUG-CONTEXT] epoch=34 step=9850 enabled=0
2026-07-31 01:06:46,443 - portable_sam_fusion - INFO - [DEBUG-JITTER] epoch=34 step=9850 area_ratio_count=64 area_ratio_mean=1 area_ratio_sum=64 fallback_count=0 mean_iou=1 num_jittered=0 num_rois=64
2026-07-31 01:06:46,443 - portable_sam_fusion - INFO - [DEBUG-SP] epoch=34 step=9850 all_invalid_count=0 all_invalid_ratio=0 empty_count=0 empty_ratio=0 full_count=0 full_ratio=0 mean_point_distance=31.63 n1_gt_valid_count=64 n1_in_gt_bg=0.9844 n1_in_gt_bg_count=63 n1_valid_count=64 n1_valid_ratio=1 n2_gt_valid_count=64 n2_in_gt_bg=1 n2_in_gt_bg_count=64 n2_valid_count=64 n2_valid_ratio=1 neg_in_pred_bg=1 neg_in_pred_bg_count=128 negative_pair_count=64 negative_pair_distance_sum=2920 p1_gt_valid_count=64 p1_in_gt_fg=1 p1_in_gt_fg_count=64 p1_valid_count=64 p1_valid_ratio=1 p2_gt_valid_count=64 p2_in_gt_fg=1 p2_in_gt_fg_count=64 p2_valid_count=64 p2_valid_ratio=1 point_distance_sum=4048 point_overlap_count=0 point_overlap_ratio=0 point_pair_count=128 pos_in_pred_fg=1 pos_in_pred_fg_count=128 positive_pair_count=64 positive_pair_distance_sum=1128 roi_count=64 valid_neg_count=128 valid_pos_count=128 warmup_stage=2
2026-07-31 01:07:37,024 - portable_sam_fusion - INFO - [DEBUG-BOX] epoch=34 step=9900 fallback_count=0 fallback_ratio=0 num_rois=64 refined_proposal_iou=0 refined_proposal_iou_sum=0 refined_valid_count=0
2026-07-31 01:07:37,024 - portable_sam_fusion - INFO - [DEBUG-COARSE] epoch=34 step=9900 bce_raw=0.1192 boundary_fn=1914 boundary_fp=1464 boundary_tp=2.614e+04 dice=0.06678 dice_loss_raw=0.06678 iou=0.8762 loss_weight=0.1 raw_boundary_fn=1914 raw_boundary_fp=1464 raw_boundary_tp=2.614e+04 raw_dice_score=0.9332 raw_iou=0.8762 weighted_loss=0.0186
2026-07-31 01:07:37,024 - portable_sam_fusion - INFO - [DEBUG-CONTEXT] epoch=34 step=9900 enabled=0
2026-07-31 01:07:37,024 - portable_sam_fusion - INFO - [DEBUG-JITTER] epoch=34 step=9900 area_ratio_count=64 area_ratio_mean=1 area_ratio_sum=64 fallback_count=0 mean_iou=1 num_jittered=0 num_rois=64
2026-07-31 01:07:37,024 - portable_sam_fusion - INFO - [DEBUG-SP] epoch=34 step=9900 all_invalid_count=0 all_invalid_ratio=0 empty_count=0 empty_ratio=0 full_count=0 full_ratio=0 mean_point_distance=28.95 n1_gt_valid_count=64 n1_in_gt_bg=0.9375 n1_in_gt_bg_count=60 n1_valid_count=64 n1_valid_ratio=1 n2_gt_valid_count=64 n2_in_gt_bg=1 n2_in_gt_bg_count=64 n2_valid_count=64 n2_valid_ratio=1 neg_in_pred_bg=1 neg_in_pred_bg_count=128 negative_pair_count=64 negative_pair_distance_sum=2811 p1_gt_valid_count=64 p1_in_gt_fg=1 p1_in_gt_fg_count=64 p1_valid_count=64 p1_valid_ratio=1 p2_gt_valid_count=64 p2_in_gt_fg=1 p2_in_gt_fg_count=64 p2_valid_count=64 p2_valid_ratio=1 point_distance_sum=3706 point_overlap_count=0 point_overlap_ratio=0 point_pair_count=128 pos_in_pred_fg=1 pos_in_pred_fg_count=128 positive_pair_count=64 positive_pair_distance_sum=895 roi_count=64 valid_neg_count=128 valid_pos_count=128 warmup_stage=2
2026-07-31 01:08:11,971 - portable_sam_fusion - INFO - epoch 34 | mini-batch 232/294 | optimizer_step 2500/5920 | lr=3.181e-04
2026-07-31 01:08:29,105 - portable_sam_fusion - INFO - [DEBUG-BOX] epoch=34 step=9950 fallback_count=0 fallback_ratio=0 num_rois=64 refined_proposal_iou=0 refined_proposal_iou_sum=0 refined_valid_count=0
2026-07-31 01:08:29,105 - portable_sam_fusion - INFO - [DEBUG-COARSE] epoch=34 step=9950 bce_raw=0.1657 boundary_fn=3433 boundary_fp=2967 boundary_tp=2.444e+04 dice=0.08199 dice_loss_raw=0.08199 iou=0.851 loss_weight=0.1 raw_boundary_fn=3433 raw_boundary_fp=2967 raw_boundary_tp=2.444e+04 raw_dice_score=0.918 raw_iou=0.851 weighted_loss=0.02477
2026-07-31 01:08:29,106 - portable_sam_fusion - INFO - [DEBUG-CONTEXT] epoch=34 step=9950 enabled=0
2026-07-31 01:08:29,106 - portable_sam_fusion - INFO - [DEBUG-JITTER] epoch=34 step=9950 area_ratio_count=64 area_ratio_mean=1 area_ratio_sum=64 fallback_count=0 mean_iou=1 num_jittered=0 num_rois=64
2026-07-31 01:08:29,106 - portable_sam_fusion - INFO - [DEBUG-SP] epoch=34 step=9950 all_invalid_count=0 all_invalid_ratio=0 empty_count=0 empty_ratio=0 full_count=0 full_ratio=0 mean_point_distance=44.71 n1_gt_valid_count=64 n1_in_gt_bg=0.8438 n1_in_gt_bg_count=54 n1_valid_count=64 n1_valid_ratio=1 n2_gt_valid_count=64 n2_in_gt_bg=1 n2_in_gt_bg_count=64 n2_valid_count=64 n2_valid_ratio=1 neg_in_pred_bg=1 neg_in_pred_bg_count=128 negative_pair_count=64 negative_pair_distance_sum=4015 p1_gt_valid_count=64 p1_in_gt_fg=1 p1_in_gt_fg_count=64 p1_valid_count=64 p1_valid_ratio=1 p2_gt_valid_count=64 p2_in_gt_fg=1 p2_in_gt_fg_count=64 p2_valid_count=64 p2_valid_ratio=1 point_distance_sum=5723 point_overlap_count=0 point_overlap_ratio=0 point_pair_count=128 pos_in_pred_fg=1 pos_in_pred_fg_count=128 positive_pair_count=64 positive_pair_distance_sum=1708 roi_count=64 valid_neg_count=128 valid_pos_count=128 warmup_stage=2
2026-07-31 01:09:17,348 - portable_sam_fusion - INFO - Epoch 34 detailed losses: loss_rpn_cls=0.0091, loss_rpn_bbox=0.0035, loss_cls=0.1378, acc=94.7237, loss_bbox=0.0522, loss_mask=0.0011, debug_mask_pos_rois=55.7585, debug_mask_logit_mean=-17.2706, debug_mask_logit_std=3.0676, debug_mask_prob_mean=0.0050, debug_mask_prob_ge05=0.0050, debug_mask_target_fill=0.0050, loss_shape_prior=0.0188, schedule/det_weight=1.0000
2026-07-31 01:09:17,348 - portable_sam_fusion - INFO - Epoch 34 primary loss shares: det=91.06% final_mask=0.50% shape=8.44% p2_boundary=0.00%
2026-07-31 01:09:17,348 - portable_sam_fusion - INFO - Epoch 34 schedule: det_loss_weight=1.000 early_stop_start=20 min_delta=0.0005
2026-07-31 01:09:17,348 - portable_sam_fusion - INFO - Epoch 34 learning rates: sat_backbone=3.16e-04, mask_decoder=3.16e-04, shape_prior=3.16e-04, quality_head=3.16e-04, sat_other=3.16e-04
2026-07-31 01:12:08,942 - portable_sam_fusion - INFO - Validation samples: GT=15926, DT=16920, avg_masks_per_image=26.99, avg_mask_fill=0.0048
creating index...
index created!
Loading and preparing results...
DONE (t=0.02s)
creating index...
index created!
Running per image evaluation...
Evaluate annotation type *bbox*
DONE (t=10.38s).
Accumulating evaluation results...
DONE (t=0.16s).
 Average Precision  (AP) @[ IoU=0.50:0.95 | area=   all | maxDets=100 ] = 0.714
 Average Precision  (AP) @[ IoU=0.50      | area=   all | maxDets=100 ] = 0.898
 Average Precision  (AP) @[ IoU=0.75      | area=   all | maxDets=100 ] = 0.827
 Average Precision  (AP) @[ IoU=0.50:0.95 | area= small | maxDets=100 ] = 0.353
 Average Precision  (AP) @[ IoU=0.50:0.95 | area=medium | maxDets=100 ] = 0.747
 Average Precision  (AP) @[ IoU=0.50:0.95 | area= large | maxDets=100 ] = 0.811
 Average Recall     (AR) @[ IoU=0.50:0.95 | area=   all | maxDets=  1 ] = 0.027
 Average Recall     (AR) @[ IoU=0.50:0.95 | area=   all | maxDets= 10 ] = 0.195
 Average Recall     (AR) @[ IoU=0.50:0.95 | area=   all | maxDets=100 ] = 0.759
 Average Recall     (AR) @[ IoU=0.50:0.95 | area= small | maxDets=100 ] = 0.454
 Average Recall     (AR) @[ IoU=0.50:0.95 | area=medium | maxDets=100 ] = 0.792
 Average Recall     (AR) @[ IoU=0.50:0.95 | area= large | maxDets=100 ] = 0.857
2026-07-31 01:12:19,695 - portable_sam_fusion - INFO - Validation bbox/mAP: 0.7138 bbox/mAP_75: 0.8274
Running per image evaluation...
Evaluate annotation type *segm*
DONE (t=10.83s).
Accumulating evaluation results...
DONE (t=0.16s).
 Average Precision  (AP) @[ IoU=0.50:0.95 | area=   all | maxDets=100 ] = 0.635
 Average Precision  (AP) @[ IoU=0.50      | area=   all | maxDets=100 ] = 0.890
 Average Precision  (AP) @[ IoU=0.75      | area=   all | maxDets=100 ] = 0.759
 Average Precision  (AP) @[ IoU=0.50:0.95 | area= small | maxDets=100 ] = 0.244
 Average Precision  (AP) @[ IoU=0.50:0.95 | area=medium | maxDets=100 ] = 0.656
 Average Precision  (AP) @[ IoU=0.50:0.95 | area= large | maxDets=100 ] = 0.785
 Average Recall     (AR) @[ IoU=0.50:0.95 | area=   all | maxDets=  1 ] = 0.025
 Average Recall     (AR) @[ IoU=0.50:0.95 | area=   all | maxDets= 10 ] = 0.180
 Average Recall     (AR) @[ IoU=0.50:0.95 | area=   all | maxDets=100 ] = 0.675
 Average Recall     (AR) @[ IoU=0.50:0.95 | area= small | maxDets=100 ] = 0.325
 Average Recall     (AR) @[ IoU=0.50:0.95 | area=medium | maxDets=100 ] = 0.699
 Average Recall     (AR) @[ IoU=0.50:0.95 | area= large | maxDets=100 ] = 0.826
2026-07-31 01:12:30,714 - portable_sam_fusion - INFO - Validation segm/mAP: 0.6349
2026-07-31 01:12:31,297 - portable_sam_fusion - INFO - New best bbox/mAP: 0.7138
2026-07-31 01:12:31,298 - portable_sam_fusion - INFO - Early-stop metric (segm/mAP): raw=0.6349 smooth(5)=0.6322 best=0.6322 counter=1
2026-07-31 01:12:33,656 - portable_sam_fusion - INFO - Saved best_bbox_model with bbox/mAP: 0.7138
2026-07-31 01:12:38,940 - portable_sam_fusion - INFO - Epoch 34/80 | train=0.222509 val=disabled segm/mAP=0.6349 bbox/mAP=0.7138 | best_segm=0.6427 best_bbox=0.7138 best_comp=0.0000 | sat_backbone=3.16e-04 mask_decoder=3.16e-04 shape_prior=3.16e-04 quality_head=3.16e-04 sat_other=3.16e-04
2026-07-31 01:12:45,004 - portable_sam_fusion - INFO - [DEBUG-BOX] epoch=35 step=10000 fallback_count=0 fallback_ratio=0 num_rois=64 refined_proposal_iou=0 refined_proposal_iou_sum=0 refined_valid_count=0
2026-07-31 01:12:45,004 - portable_sam_fusion - INFO - [DEBUG-COARSE] epoch=35 step=10000 bce_raw=0.1763 boundary_fn=2836 boundary_fp=3195 boundary_tp=2.317e+04 dice=0.07186 dice_loss_raw=0.07186 iou=0.8686 loss_weight=0.1 raw_boundary_fn=2836 raw_boundary_fp=3195 raw_boundary_tp=2.317e+04 raw_dice_score=0.9281 raw_iou=0.8686 weighted_loss=0.02482
2026-07-31 01:12:45,004 - portable_sam_fusion - INFO - [DEBUG-CONTEXT] epoch=35 step=10000 enabled=0
2026-07-31 01:12:45,004 - portable_sam_fusion - INFO - [DEBUG-JITTER] epoch=35 step=10000 area_ratio_count=64 area_ratio_mean=1 area_ratio_sum=64 fallback_count=0 mean_iou=1 num_jittered=0 num_rois=64
2026-07-31 01:12:45,004 - portable_sam_fusion - INFO - [DEBUG-SP] epoch=35 step=10000 all_invalid_count=0 all_invalid_ratio=0 empty_count=0 empty_ratio=0 full_count=0 full_ratio=0 mean_point_distance=26.88 n1_gt_valid_count=64 n1_in_gt_bg=0.8125 n1_in_gt_bg_count=52 n1_valid_count=64 n1_valid_ratio=1 n2_gt_valid_count=64 n2_in_gt_bg=0.9844 n2_in_gt_bg_count=63 n2_valid_count=64 n2_valid_ratio=1 neg_in_pred_bg=1 neg_in_pred_bg_count=128 negative_pair_count=64 negative_pair_distance_sum=2708 p1_gt_valid_count=64 p1_in_gt_fg=1 p1_in_gt_fg_count=64 p1_valid_count=64 p1_valid_ratio=1 p2_gt_valid_count=64 p2_in_gt_fg=1 p2_in_gt_fg_count=64 p2_valid_count=64 p2_valid_ratio=1 point_distance_sum=3440 point_overlap_count=0 point_overlap_ratio=0 point_pair_count=128 pos_in_pred_fg=1 pos_in_pred_fg_count=128 positive_pair_count=64 positive_pair_distance_sum=732.8 roi_count=64 valid_neg_count=128 valid_pos_count=128 warmup_stage=2
2026-07-31 01:13:36,962 - portable_sam_fusion - INFO - [DEBUG-BOX] epoch=35 step=10050 fallback_count=0 fallback_ratio=0 num_rois=64 refined_proposal_iou=0 refined_proposal_iou_sum=0 refined_valid_count=0
2026-07-31 01:13:36,962 - portable_sam_fusion - INFO - [DEBUG-COARSE] epoch=35 step=10050 bce_raw=0.1146 boundary_fn=1423 boundary_fp=1307 boundary_tp=2.681e+04 dice=0.05753 dice_loss_raw=0.05753 iou=0.8926 loss_weight=0.1 raw_boundary_fn=1423 raw_boundary_fp=1307 raw_boundary_tp=2.681e+04 raw_dice_score=0.9425 raw_iou=0.8926 weighted_loss=0.01722
2026-07-31 01:13:36,962 - portable_sam_fusion - INFO - [DEBUG-CONTEXT] epoch=35 step=10050 enabled=0
2026-07-31 01:13:36,962 - portable_sam_fusion - INFO - [DEBUG-JITTER] epoch=35 step=10050 area_ratio_count=64 area_ratio_mean=1 area_ratio_sum=64 fallback_count=0 mean_iou=1 num_jittered=0 num_rois=64
2026-07-31 01:13:36,963 - portable_sam_fusion - INFO - [DEBUG-SP] epoch=35 step=10050 all_invalid_count=0 all_invalid_ratio=0 empty_count=0 empty_ratio=0 full_count=0 full_ratio=0 mean_point_distance=37.2 n1_gt_valid_count=64 n1_in_gt_bg=1 n1_in_gt_bg_count=64 n1_valid_count=64 n1_valid_ratio=1 n2_gt_valid_count=64 n2_in_gt_bg=1 n2_in_gt_bg_count=64 n2_valid_count=64 n2_valid_ratio=1 neg_in_pred_bg=1 neg_in_pred_bg_count=128 negative_pair_count=64 negative_pair_distance_sum=3647 p1_gt_valid_count=64 p1_in_gt_fg=1 p1_in_gt_fg_count=64 p1_valid_count=64 p1_valid_ratio=1 p2_gt_valid_count=64 p2_in_gt_fg=1 p2_in_gt_fg_count=64 p2_valid_count=64 p2_valid_ratio=1 point_distance_sum=4761 point_overlap_count=0 point_overlap_ratio=0 point_pair_count=128 pos_in_pred_fg=1 pos_in_pred_fg_count=128 positive_pair_count=64 positive_pair_distance_sum=1114 roi_count=64 valid_neg_count=128 valid_pos_count=128 warmup_stage=2
2026-07-31 01:14:27,268 - portable_sam_fusion - INFO - [DEBUG-BOX] epoch=35 step=10100 fallback_count=0 fallback_ratio=0 num_rois=64 refined_proposal_iou=0 refined_proposal_iou_sum=0 refined_valid_count=0
2026-07-31 01:14:27,268 - portable_sam_fusion - INFO - [DEBUG-COARSE] epoch=35 step=10100 bce_raw=0.215 boundary_fn=4607 boundary_fp=4332 boundary_tp=2.212e+04 dice=0.08785 dice_loss_raw=0.08785 iou=0.8425 loss_weight=0.1 raw_boundary_fn=4607 raw_boundary_fp=4332 raw_boundary_tp=2.212e+04 raw_dice_score=0.9121 raw_iou=0.8425 weighted_loss=0.03029
2026-07-31 01:14:27,268 - portable_sam_fusion - INFO - [DEBUG-CONTEXT] epoch=35 step=10100 enabled=0
2026-07-31 01:14:27,268 - portable_sam_fusion - INFO - [DEBUG-JITTER] epoch=35 step=10100 area_ratio_count=64 area_ratio_mean=1 area_ratio_sum=64 fallback_count=0 mean_iou=1 num_jittered=0 num_rois=64
2026-07-31 01:14:27,268 - portable_sam_fusion - INFO - [DEBUG-SP] epoch=35 step=10100 all_invalid_count=0 all_invalid_ratio=0 empty_count=0 empty_ratio=0 full_count=0 full_ratio=0 mean_point_distance=28.49 n1_gt_valid_count=64 n1_in_gt_bg=0.8906 n1_in_gt_bg_count=57 n1_valid_count=64 n1_valid_ratio=1 n2_gt_valid_count=64 n2_in_gt_bg=1 n2_in_gt_bg_count=64 n2_valid_count=64 n2_valid_ratio=1 neg_in_pred_bg=1 neg_in_pred_bg_count=128 negative_pair_count=64 negative_pair_distance_sum=2820 p1_gt_valid_count=64 p1_in_gt_fg=1 p1_in_gt_fg_count=64 p1_valid_count=64 p1_valid_ratio=1 p2_gt_valid_count=64 p2_in_gt_fg=1 p2_in_gt_fg_count=64 p2_valid_count=64 p2_valid_ratio=1 point_distance_sum=3647 point_overlap_count=0 point_overlap_ratio=0 point_pair_count=128 pos_in_pred_fg=1 pos_in_pred_fg_count=128 positive_pair_count=64 positive_pair_distance_sum=826.6 roi_count=64 valid_neg_count=128 valid_pos_count=128 warmup_stage=2
2026-07-31 01:15:01,958 - portable_sam_fusion - INFO - epoch 35 | mini-batch 136/294 | optimizer_step 2550/5920 | lr=3.116e-04
2026-07-31 01:15:21,786 - portable_sam_fusion - INFO - [DEBUG-BOX] epoch=35 step=10150 fallback_count=0 fallback_ratio=0 num_rois=64 refined_proposal_iou=0 refined_proposal_iou_sum=0 refined_valid_count=0
2026-07-31 01:15:21,786 - portable_sam_fusion - INFO - [DEBUG-COARSE] epoch=35 step=10150 bce_raw=0.1445 boundary_fn=2019 boundary_fp=2140 boundary_tp=2.223e+04 dice=0.06444 dice_loss_raw=0.06444 iou=0.8834 loss_weight=0.1 raw_boundary_fn=2019 raw_boundary_fp=2140 raw_boundary_tp=2.223e+04 raw_dice_score=0.9356 raw_iou=0.8834 weighted_loss=0.02089
2026-07-31 01:15:21,786 - portable_sam_fusion - INFO - [DEBUG-CONTEXT] epoch=35 step=10150 enabled=0
2026-07-31 01:15:21,786 - portable_sam_fusion - INFO - [DEBUG-JITTER] epoch=35 step=10150 area_ratio_count=64 area_ratio_mean=1 area_ratio_sum=64 fallback_count=0 mean_iou=1 num_jittered=0 num_rois=64
2026-07-31 01:15:21,786 - portable_sam_fusion - INFO - [DEBUG-SP] epoch=35 step=10150 all_invalid_count=0 all_invalid_ratio=0 empty_count=0 empty_ratio=0 full_count=0 full_ratio=0 mean_point_distance=24.36 n1_gt_valid_count=64 n1_in_gt_bg=0.8594 n1_in_gt_bg_count=55 n1_valid_count=64 n1_valid_ratio=1 n2_gt_valid_count=64 n2_in_gt_bg=0.9844 n2_in_gt_bg_count=63 n2_valid_count=64 n2_valid_ratio=1 neg_in_pred_bg=1 neg_in_pred_bg_count=128 negative_pair_count=64 negative_pair_distance_sum=2165 p1_gt_valid_count=64 p1_in_gt_fg=1 p1_in_gt_fg_count=64 p1_valid_count=64 p1_valid_ratio=1 p2_gt_valid_count=64 p2_in_gt_fg=1 p2_in_gt_fg_count=64 p2_valid_count=64 p2_valid_ratio=1 point_distance_sum=3118 point_overlap_count=0 point_overlap_ratio=0 point_pair_count=128 pos_in_pred_fg=1 pos_in_pred_fg_count=128 positive_pair_count=64 positive_pair_distance_sum=953.5 roi_count=64 valid_neg_count=128 valid_pos_count=128 warmup_stage=2
2026-07-31 01:16:12,735 - portable_sam_fusion - INFO - [DEBUG-BOX] epoch=35 step=10200 fallback_count=0 fallback_ratio=0 num_rois=0 refined_proposal_iou=0 refined_proposal_iou_sum=0 refined_valid_count=0
2026-07-31 01:16:12,735 - portable_sam_fusion - INFO - [DEBUG-COARSE] epoch=35 step=10200 boundary_fn=0 boundary_fp=0 boundary_tp=0 dice=0 iou=0
2026-07-31 01:16:12,735 - portable_sam_fusion - INFO - [DEBUG-CONTEXT] epoch=35 step=10200 enabled=0
2026-07-31 01:16:12,735 - portable_sam_fusion - INFO - [DEBUG-JITTER] epoch=35 step=10200 area_ratio_count=0 area_ratio_mean=0 area_ratio_sum=0 fallback_count=0 mean_iou=0 num_jittered=0 num_rois=0
2026-07-31 01:16:12,735 - portable_sam_fusion - INFO - [DEBUG-SP] epoch=35 step=10200 all_invalid_count=0 all_invalid_ratio=0 empty_count=0 empty_ratio=0 full_count=0 full_ratio=0 mean_point_distance=34.39 n1_gt_valid_count=64 n1_in_gt_bg=0.9531 n1_in_gt_bg_count=61 n1_valid_count=64 n1_valid_ratio=1 n2_gt_valid_count=64 n2_in_gt_bg=1 n2_in_gt_bg_count=64 n2_valid_count=64 n2_valid_ratio=1 neg_in_pred_bg=1 neg_in_pred_bg_count=128 negative_pair_count=64 negative_pair_distance_sum=3173 p1_gt_valid_count=64 p1_in_gt_fg=1 p1_in_gt_fg_count=64 p1_valid_count=64 p1_valid_ratio=1 p2_gt_valid_count=64 p2_in_gt_fg=1 p2_in_gt_fg_count=64 p2_valid_count=64 p2_valid_ratio=1 point_distance_sum=4402 point_overlap_count=0 point_overlap_ratio=0 point_pair_count=128 pos_in_pred_fg=1 pos_in_pred_fg_count=128 positive_pair_count=64 positive_pair_distance_sum=1229 roi_count=64 valid_neg_count=128 valid_pos_count=128 warmup_stage=2
2026-07-31 01:17:04,991 - portable_sam_fusion - INFO - [DEBUG-BOX] epoch=35 step=10250 fallback_count=0 fallback_ratio=0 num_rois=64 refined_proposal_iou=0 refined_proposal_iou_sum=0 refined_valid_count=0
2026-07-31 01:17:04,991 - portable_sam_fusion - INFO - [DEBUG-COARSE] epoch=35 step=10250 bce_raw=0.09734 boundary_fn=845 boundary_fp=1059 boundary_tp=2.474e+04 dice=0.06316 dice_loss_raw=0.06316 iou=0.8828 loss_weight=0.1 raw_boundary_fn=845 raw_boundary_fp=1059 raw_boundary_tp=2.474e+04 raw_dice_score=0.9368 raw_iou=0.8828 weighted_loss=0.01605
2026-07-31 01:17:04,991 - portable_sam_fusion - INFO - [DEBUG-CONTEXT] epoch=35 step=10250 enabled=0
2026-07-31 01:17:04,991 - portable_sam_fusion - INFO - [DEBUG-JITTER] epoch=35 step=10250 area_ratio_count=64 area_ratio_mean=1 area_ratio_sum=64 fallback_count=0 mean_iou=1 num_jittered=0 num_rois=64
2026-07-31 01:17:04,991 - portable_sam_fusion - INFO - [DEBUG-SP] epoch=35 step=10250 all_invalid_count=0 all_invalid_ratio=0 empty_count=0 empty_ratio=0 full_count=0 full_ratio=0 mean_point_distance=54.66 n1_gt_valid_count=64 n1_in_gt_bg=0.9219 n1_in_gt_bg_count=59 n1_valid_count=64 n1_valid_ratio=1 n2_gt_valid_count=64 n2_in_gt_bg=1 n2_in_gt_bg_count=64 n2_valid_count=64 n2_valid_ratio=1 neg_in_pred_bg=1 neg_in_pred_bg_count=128 negative_pair_count=64 negative_pair_distance_sum=5287 p1_gt_valid_count=64 p1_in_gt_fg=1 p1_in_gt_fg_count=64 p1_valid_count=64 p1_valid_ratio=1 p2_gt_valid_count=64 p2_in_gt_fg=1 p2_in_gt_fg_count=64 p2_valid_count=64 p2_valid_ratio=1 point_distance_sum=6996 point_overlap_count=0 point_overlap_ratio=0 point_pair_count=128 pos_in_pred_fg=1 pos_in_pred_fg_count=128 positive_pair_count=64 positive_pair_distance_sum=1710 roi_count=64 valid_neg_count=128 valid_pos_count=128 warmup_stage=2
2026-07-31 01:17:47,192 - portable_sam_fusion - INFO - Epoch 35 detailed losses: loss_rpn_cls=0.0078, loss_rpn_bbox=0.0036, loss_cls=0.1479, acc=94.2905, loss_bbox=0.0551, loss_mask=0.0012, debug_mask_pos_rois=56.8095, debug_mask_logit_mean=-17.1226, debug_mask_logit_std=3.0040, debug_mask_prob_mean=0.0052, debug_mask_prob_ge05=0.0051, debug_mask_target_fill=0.0052, loss_shape_prior=0.0190, schedule/det_weight=1.0000
2026-07-31 01:17:47,192 - portable_sam_fusion - INFO - Epoch 35 primary loss shares: det=91.43% final_mask=0.49% shape=8.08% p2_boundary=0.00%
2026-07-31 01:17:47,192 - portable_sam_fusion - INFO - Epoch 35 schedule: det_loss_weight=1.000 early_stop_start=20 min_delta=0.0005
2026-07-31 01:17:47,192 - portable_sam_fusion - INFO - Epoch 35 learning rates: sat_backbone=3.06e-04, mask_decoder=3.06e-04, shape_prior=3.06e-04, quality_head=3.06e-04, sat_other=3.06e-04
2026-07-31 01:20:28,277 - portable_sam_fusion - INFO - Validation samples: GT=15926, DT=16051, avg_masks_per_image=25.60, avg_mask_fill=0.0049
creating index...
index created!
Loading and preparing results...
DONE (t=0.02s)
creating index...
index created!
Running per image evaluation...
Evaluate annotation type *bbox*
DONE (t=10.07s).
Accumulating evaluation results...
DONE (t=0.15s).
 Average Precision  (AP) @[ IoU=0.50:0.95 | area=   all | maxDets=100 ] = 0.704
 Average Precision  (AP) @[ IoU=0.50      | area=   all | maxDets=100 ] = 0.889
 Average Precision  (AP) @[ IoU=0.75      | area=   all | maxDets=100 ] = 0.817
 Average Precision  (AP) @[ IoU=0.50:0.95 | area= small | maxDets=100 ] = 0.312
 Average Precision  (AP) @[ IoU=0.50:0.95 | area=medium | maxDets=100 ] = 0.743
 Average Precision  (AP) @[ IoU=0.50:0.95 | area= large | maxDets=100 ] = 0.804
 Average Recall     (AR) @[ IoU=0.50:0.95 | area=   all | maxDets=  1 ] = 0.026
 Average Recall     (AR) @[ IoU=0.50:0.95 | area=   all | maxDets= 10 ] = 0.192
 Average Recall     (AR) @[ IoU=0.50:0.95 | area=   all | maxDets=100 ] = 0.747
 Average Recall     (AR) @[ IoU=0.50:0.95 | area= small | maxDets=100 ] = 0.404
 Average Recall     (AR) @[ IoU=0.50:0.95 | area=medium | maxDets=100 ] = 0.790
 Average Recall     (AR) @[ IoU=0.50:0.95 | area= large | maxDets=100 ] = 0.845
2026-07-31 01:20:38,656 - portable_sam_fusion - INFO - Validation bbox/mAP: 0.7036 bbox/mAP_75: 0.8172
Running per image evaluation...
Evaluate annotation type *segm*
DONE (t=10.36s).
Accumulating evaluation results...
DONE (t=0.15s).
 Average Precision  (AP) @[ IoU=0.50:0.95 | area=   all | maxDets=100 ] = 0.630
 Average Precision  (AP) @[ IoU=0.50      | area=   all | maxDets=100 ] = 0.881
 Average Precision  (AP) @[ IoU=0.75      | area=   all | maxDets=100 ] = 0.752
 Average Precision  (AP) @[ IoU=0.50:0.95 | area= small | maxDets=100 ] = 0.216
 Average Precision  (AP) @[ IoU=0.50:0.95 | area=medium | maxDets=100 ] = 0.657
 Average Precision  (AP) @[ IoU=0.50:0.95 | area= large | maxDets=100 ] = 0.789
 Average Recall     (AR) @[ IoU=0.50:0.95 | area=   all | maxDets=  1 ] = 0.025
 Average Recall     (AR) @[ IoU=0.50:0.95 | area=   all | maxDets= 10 ] = 0.180
 Average Recall     (AR) @[ IoU=0.50:0.95 | area=   all | maxDets=100 ] = 0.671
 Average Recall     (AR) @[ IoU=0.50:0.95 | area= small | maxDets=100 ] = 0.284
 Average Recall     (AR) @[ IoU=0.50:0.95 | area=medium | maxDets=100 ] = 0.701
 Average Recall     (AR) @[ IoU=0.50:0.95 | area= large | maxDets=100 ] = 0.829
2026-07-31 01:20:49,186 - portable_sam_fusion - INFO - Validation segm/mAP: 0.6302
2026-07-31 01:20:49,716 - portable_sam_fusion - INFO - Early-stop metric (segm/mAP): raw=0.6302 smooth(5)=0.6306 best=0.6322 counter=2
2026-07-31 01:20:54,845 - portable_sam_fusion - INFO - Epoch 35/80 | train=0.234575 val=disabled segm/mAP=0.6302 bbox/mAP=0.7036 | best_segm=0.6427 best_bbox=0.7138 best_comp=0.0000 | sat_backbone=3.06e-04 mask_decoder=3.06e-04 shape_prior=3.06e-04 quality_head=3.06e-04 sat_other=3.06e-04
2026-07-31 01:21:06,334 - portable_sam_fusion - INFO - [DEBUG-BOX] epoch=36 step=10300 fallback_count=0 fallback_ratio=0 num_rois=64 refined_proposal_iou=0 refined_proposal_iou_sum=0 refined_valid_count=0
2026-07-31 01:21:06,334 - portable_sam_fusion - INFO - [DEBUG-COARSE] epoch=36 step=10300 bce_raw=0.1631 boundary_fn=2569 boundary_fp=3053 boundary_tp=2.276e+04 dice=0.05965 dice_loss_raw=0.05965 iou=0.8895 loss_weight=0.1 raw_boundary_fn=2569 raw_boundary_fp=3053 raw_boundary_tp=2.276e+04 raw_dice_score=0.9404 raw_iou=0.8895 weighted_loss=0.02227
2026-07-31 01:21:06,334 - portable_sam_fusion - INFO - [DEBUG-CONTEXT] epoch=36 step=10300 enabled=0
2026-07-31 01:21:06,334 - portable_sam_fusion - INFO - [DEBUG-JITTER] epoch=36 step=10300 area_ratio_count=64 area_ratio_mean=1 area_ratio_sum=64 fallback_count=0 mean_iou=1 num_jittered=0 num_rois=64
2026-07-31 01:21:06,334 - portable_sam_fusion - INFO - [DEBUG-SP] epoch=36 step=10300 all_invalid_count=0 all_invalid_ratio=0 empty_count=0 empty_ratio=0 full_count=0 full_ratio=0 mean_point_distance=32.74 n1_gt_valid_count=64 n1_in_gt_bg=0.8125 n1_in_gt_bg_count=52 n1_valid_count=64 n1_valid_ratio=1 n2_gt_valid_count=64 n2_in_gt_bg=0.9688 n2_in_gt_bg_count=62 n2_valid_count=64 n2_valid_ratio=1 neg_in_pred_bg=1 neg_in_pred_bg_count=128 negative_pair_count=64 negative_pair_distance_sum=2948 p1_gt_valid_count=64 p1_in_gt_fg=1 p1_in_gt_fg_count=64 p1_valid_count=64 p1_valid_ratio=1 p2_gt_valid_count=64 p2_in_gt_fg=1 p2_in_gt_fg_count=64 p2_valid_count=64 p2_valid_ratio=1 point_distance_sum=4191 point_overlap_count=0 point_overlap_ratio=0 point_pair_count=128 pos_in_pred_fg=1 pos_in_pred_fg_count=128 positive_pair_count=64 positive_pair_distance_sum=1242 roi_count=64 valid_neg_count=128 valid_pos_count=128 warmup_stage=2
2026-07-31 01:21:35,587 - portable_sam_fusion - INFO - epoch 36 | mini-batch 40/294 | optimizer_step 2600/5920 | lr=3.051e-04
2026-07-31 01:21:55,968 - portable_sam_fusion - INFO - [DEBUG-BOX] epoch=36 step=10350 fallback_count=0 fallback_ratio=0 num_rois=64 refined_proposal_iou=0 refined_proposal_iou_sum=0 refined_valid_count=0
2026-07-31 01:21:55,968 - portable_sam_fusion - INFO - [DEBUG-COARSE] epoch=36 step=10350 bce_raw=0.1106 boundary_fn=1595 boundary_fp=1708 boundary_tp=2.391e+04 dice=0.05108 dice_loss_raw=0.05108 iou=0.9041 loss_weight=0.1 raw_boundary_fn=1595 raw_boundary_fp=1708 raw_boundary_tp=2.391e+04 raw_dice_score=0.9489 raw_iou=0.9041 weighted_loss=0.01617
2026-07-31 01:21:55,968 - portable_sam_fusion - INFO - [DEBUG-CONTEXT] epoch=36 step=10350 enabled=0
2026-07-31 01:21:55,968 - portable_sam_fusion - INFO - [DEBUG-JITTER] epoch=36 step=10350 area_ratio_count=64 area_ratio_mean=1 area_ratio_sum=64 fallback_count=0 mean_iou=1 num_jittered=0 num_rois=64
2026-07-31 01:21:55,968 - portable_sam_fusion - INFO - [DEBUG-SP] epoch=36 step=10350 all_invalid_count=0 all_invalid_ratio=0 empty_count=0 empty_ratio=0 full_count=0 full_ratio=0 mean_point_distance=27.56 n1_gt_valid_count=64 n1_in_gt_bg=0.9062 n1_in_gt_bg_count=58 n1_valid_count=64 n1_valid_ratio=1 n2_gt_valid_count=64 n2_in_gt_bg=1 n2_in_gt_bg_count=64 n2_valid_count=64 n2_valid_ratio=1 neg_in_pred_bg=1 neg_in_pred_bg_count=128 negative_pair_count=64 negative_pair_distance_sum=2509 p1_gt_valid_count=64 p1_in_gt_fg=1 p1_in_gt_fg_count=64 p1_valid_count=64 p1_valid_ratio=1 p2_gt_valid_count=64 p2_in_gt_fg=1 p2_in_gt_fg_count=64 p2_valid_count=64 p2_valid_ratio=1 point_distance_sum=3528 point_overlap_count=0 point_overlap_ratio=0 point_pair_count=128 pos_in_pred_fg=1 pos_in_pred_fg_count=128 positive_pair_count=64 positive_pair_distance_sum=1019 roi_count=64 valid_neg_count=128 valid_pos_count=128 warmup_stage=2
2026-07-31 01:22:49,365 - portable_sam_fusion - INFO - [DEBUG-BOX] epoch=36 step=10400 fallback_count=0 fallback_ratio=0 num_rois=64 refined_proposal_iou=0 refined_proposal_iou_sum=0 refined_valid_count=0
2026-07-31 01:22:49,365 - portable_sam_fusion - INFO - [DEBUG-COARSE] epoch=36 step=10400 bce_raw=0.1108 boundary_fn=1128 boundary_fp=1265 boundary_tp=2.659e+04 dice=0.06554 dice_loss_raw=0.06554 iou=0.8783 loss_weight=0.1 raw_boundary_fn=1128 raw_boundary_fp=1265 raw_boundary_tp=2.659e+04 raw_dice_score=0.9345 raw_iou=0.8783 weighted_loss=0.01763
2026-07-31 01:22:49,365 - portable_sam_fusion - INFO - [DEBUG-CONTEXT] epoch=36 step=10400 enabled=0
2026-07-31 01:22:49,365 - portable_sam_fusion - INFO - [DEBUG-JITTER] epoch=36 step=10400 area_ratio_count=64 area_ratio_mean=1 area_ratio_sum=64 fallback_count=0 mean_iou=1 num_jittered=0 num_rois=64
2026-07-31 01:22:49,366 - portable_sam_fusion - INFO - [DEBUG-SP] epoch=36 step=10400 all_invalid_count=0 all_invalid_ratio=0 empty_count=0 empty_ratio=0 full_count=0 full_ratio=0 mean_point_distance=30.31 n1_gt_valid_count=64 n1_in_gt_bg=0.9531 n1_in_gt_bg_count=61 n1_valid_count=64 n1_valid_ratio=1 n2_gt_valid_count=64 n2_in_gt_bg=1 n2_in_gt_bg_count=64 n2_valid_count=64 n2_valid_ratio=1 neg_in_pred_bg=1 neg_in_pred_bg_count=128 negative_pair_count=64 negative_pair_distance_sum=2966 p1_gt_valid_count=64 p1_in_gt_fg=1 p1_in_gt_fg_count=64 p1_valid_count=64 p1_valid_ratio=1 p2_gt_valid_count=64 p2_in_gt_fg=1 p2_in_gt_fg_count=64 p2_valid_count=64 p2_valid_ratio=1 point_distance_sum=3879 point_overlap_count=0 point_overlap_ratio=0 point_pair_count=128 pos_in_pred_fg=1 pos_in_pred_fg_count=128 positive_pair_count=64 positive_pair_distance_sum=913.2 roi_count=64 valid_neg_count=128 valid_pos_count=128 warmup_stage=2
2026-07-31 01:23:41,652 - portable_sam_fusion - INFO - [DEBUG-BOX] epoch=36 step=10450 fallback_count=0 fallback_ratio=0 num_rois=64 refined_proposal_iou=0 refined_proposal_iou_sum=0 refined_valid_count=0
2026-07-31 01:23:41,653 - portable_sam_fusion - INFO - [DEBUG-COARSE] epoch=36 step=10450 bce_raw=0.1568 boundary_fn=2726 boundary_fp=3202 boundary_tp=2.118e+04 dice=0.06121 dice_loss_raw=0.06121 iou=0.8873 loss_weight=0.1 raw_boundary_fn=2726 raw_boundary_fp=3202 raw_boundary_tp=2.118e+04 raw_dice_score=0.9388 raw_iou=0.8873 weighted_loss=0.0218
2026-07-31 01:23:41,653 - portable_sam_fusion - INFO - [DEBUG-CONTEXT] epoch=36 step=10450 enabled=0
2026-07-31 01:23:41,653 - portable_sam_fusion - INFO - [DEBUG-JITTER] epoch=36 step=10450 area_ratio_count=64 area_ratio_mean=1 area_ratio_sum=64 fallback_count=0 mean_iou=1 num_jittered=0 num_rois=64
2026-07-31 01:23:41,653 - portable_sam_fusion - INFO - [DEBUG-SP] epoch=36 step=10450 all_invalid_count=0 all_invalid_ratio=0 empty_count=0 empty_ratio=0 full_count=1 full_ratio=0.01562 mean_point_distance=46.59 n1_gt_valid_count=63 n1_in_gt_bg=0.6825 n1_in_gt_bg_count=43 n1_valid_count=63 n1_valid_ratio=0.9844 n2_gt_valid_count=63 n2_in_gt_bg=1 n2_in_gt_bg_count=63 n2_valid_count=63 n2_valid_ratio=0.9844 neg_in_pred_bg=1 neg_in_pred_bg_count=126 negative_pair_count=63 negative_pair_distance_sum=4304 p1_gt_valid_count=64 p1_in_gt_fg=1 p1_in_gt_fg_count=64 p1_valid_count=64 p1_valid_ratio=1 p2_gt_valid_count=64 p2_in_gt_fg=1 p2_in_gt_fg_count=64 p2_valid_count=64 p2_valid_ratio=1 point_distance_sum=5917 point_overlap_count=0 point_overlap_ratio=0 point_pair_count=127 pos_in_pred_fg=1 pos_in_pred_fg_count=128 positive_pair_count=64 positive_pair_distance_sum=1613 roi_count=64 valid_neg_count=126 valid_pos_count=128 warmup_stage=2
2026-07-31 01:24:36,115 - portable_sam_fusion - INFO - [DEBUG-BOX] epoch=36 step=10500 fallback_count=0 fallback_ratio=0 num_rois=64 refined_proposal_iou=0 refined_proposal_iou_sum=0 refined_valid_count=0
2026-07-31 01:24:36,115 - portable_sam_fusion - INFO - [DEBUG-COARSE] epoch=36 step=10500 bce_raw=0.1122 boundary_fn=1204 boundary_fp=1381 boundary_tp=2.464e+04 dice=0.04848 dice_loss_raw=0.04848 iou=0.9084 loss_weight=0.1 raw_boundary_fn=1204 raw_boundary_fp=1381 raw_boundary_tp=2.464e+04 raw_dice_score=0.9515 raw_iou=0.9084 weighted_loss=0.01607
2026-07-31 01:24:36,115 - portable_sam_fusion - INFO - [DEBUG-CONTEXT] epoch=36 step=10500 enabled=0
2026-07-31 01:24:36,115 - portable_sam_fusion - INFO - [DEBUG-JITTER] epoch=36 step=10500 area_ratio_count=64 area_ratio_mean=1 area_ratio_sum=64 fallback_count=0 mean_iou=1 num_jittered=0 num_rois=64
2026-07-31 01:24:36,115 - portable_sam_fusion - INFO - [DEBUG-SP] epoch=36 step=10500 all_invalid_count=0 all_invalid_ratio=0 empty_count=0 empty_ratio=0 full_count=0 full_ratio=0 mean_point_distance=27.99 n1_gt_valid_count=64 n1_in_gt_bg=0.875 n1_in_gt_bg_count=56 n1_valid_count=64 n1_valid_ratio=1 n2_gt_valid_count=64 n2_in_gt_bg=1 n2_in_gt_bg_count=64 n2_valid_count=64 n2_valid_ratio=1 neg_in_pred_bg=1 neg_in_pred_bg_count=128 negative_pair_count=64 negative_pair_distance_sum=2785 p1_gt_valid_count=64 p1_in_gt_fg=1 p1_in_gt_fg_count=64 p1_valid_count=64 p1_valid_ratio=1 p2_gt_valid_count=64 p2_in_gt_fg=1 p2_in_gt_fg_count=64 p2_valid_count=64 p2_valid_ratio=1 point_distance_sum=3583 point_overlap_count=0 point_overlap_ratio=0 point_pair_count=128 pos_in_pred_fg=1 pos_in_pred_fg_count=128 positive_pair_count=64 positive_pair_distance_sum=797.9 roi_count=64 valid_neg_count=128 valid_pos_count=128 warmup_stage=2
2026-07-31 01:25:09,725 - portable_sam_fusion - INFO - epoch 36 | mini-batch 240/294 | optimizer_step 2650/5920 | lr=2.985e-04
2026-07-31 01:25:30,613 - portable_sam_fusion - INFO - [DEBUG-BOX] epoch=36 step=10550 fallback_count=0 fallback_ratio=0 num_rois=64 refined_proposal_iou=0 refined_proposal_iou_sum=0 refined_valid_count=0
2026-07-31 01:25:30,613 - portable_sam_fusion - INFO - [DEBUG-COARSE] epoch=36 step=10550 bce_raw=0.1131 boundary_fn=1544 boundary_fp=927 boundary_tp=2.664e+04 dice=0.06194 dice_loss_raw=0.06194 iou=0.8845 loss_weight=0.1 raw_boundary_fn=1544 raw_boundary_fp=927 raw_boundary_tp=2.664e+04 raw_dice_score=0.9381 raw_iou=0.8845 weighted_loss=0.01751
2026-07-31 01:25:30,613 - portable_sam_fusion - INFO - [DEBUG-CONTEXT] epoch=36 step=10550 enabled=0
2026-07-31 01:25:30,613 - portable_sam_fusion - INFO - [DEBUG-JITTER] epoch=36 step=10550 area_ratio_count=64 area_ratio_mean=1 area_ratio_sum=64 fallback_count=0 mean_iou=1 num_jittered=0 num_rois=64
2026-07-31 01:25:30,613 - portable_sam_fusion - INFO - [DEBUG-SP] epoch=36 step=10550 all_invalid_count=0 all_invalid_ratio=0 empty_count=0 empty_ratio=0 full_count=0 full_ratio=0 mean_point_distance=29.47 n1_gt_valid_count=64 n1_in_gt_bg=0.8594 n1_in_gt_bg_count=55 n1_valid_count=64 n1_valid_ratio=1 n2_gt_valid_count=64 n2_in_gt_bg=1 n2_in_gt_bg_count=64 n2_valid_count=64 n2_valid_ratio=1 neg_in_pred_bg=1 neg_in_pred_bg_count=128 negative_pair_count=64 negative_pair_distance_sum=2835 p1_gt_valid_count=64 p1_in_gt_fg=1 p1_in_gt_fg_count=64 p1_valid_count=64 p1_valid_ratio=1 p2_gt_valid_count=64 p2_in_gt_fg=1 p2_in_gt_fg_count=64 p2_valid_count=64 p2_valid_ratio=1 point_distance_sum=3772 point_overlap_count=0 point_overlap_ratio=0 point_pair_count=128 pos_in_pred_fg=1 pos_in_pred_fg_count=128 positive_pair_count=64 positive_pair_distance_sum=937.4 roi_count=64 valid_neg_count=128 valid_pos_count=128 warmup_stage=2
2026-07-31 01:26:06,727 - portable_sam_fusion - INFO - Epoch 36 detailed losses: loss_rpn_cls=0.0070, loss_rpn_bbox=0.0032, loss_cls=0.1301, acc=95.0136, loss_bbox=0.0501, loss_mask=0.0011, debug_mask_pos_rois=56.0374, debug_mask_logit_mean=-16.9442, debug_mask_logit_std=2.8802, debug_mask_prob_mean=0.0047, debug_mask_prob_ge05=0.0047, debug_mask_target_fill=0.0047, loss_shape_prior=0.0181, schedule/det_weight=1.0000
2026-07-31 01:26:06,727 - portable_sam_fusion - INFO - Epoch 36 primary loss shares: det=90.85% final_mask=0.51% shape=8.64% p2_boundary=0.00%
2026-07-31 01:26:06,727 - portable_sam_fusion - INFO - Epoch 36 schedule: det_loss_weight=1.000 early_stop_start=20 min_delta=0.0005
2026-07-31 01:26:06,727 - portable_sam_fusion - INFO - Epoch 36 learning rates: sat_backbone=2.97e-04, mask_decoder=2.97e-04, shape_prior=2.97e-04, quality_head=2.97e-04, sat_other=2.97e-04
2026-07-31 01:28:52,242 - portable_sam_fusion - INFO - Validation samples: GT=15926, DT=16664, avg_masks_per_image=26.58, avg_mask_fill=0.0044
creating index...
index created!
Loading and preparing results...
DONE (t=0.02s)
creating index...
index created!
Running per image evaluation...
Evaluate annotation type *bbox*
DONE (t=10.35s).
Accumulating evaluation results...
DONE (t=0.15s).
 Average Precision  (AP) @[ IoU=0.50:0.95 | area=   all | maxDets=100 ] = 0.713
 Average Precision  (AP) @[ IoU=0.50      | area=   all | maxDets=100 ] = 0.899
 Average Precision  (AP) @[ IoU=0.75      | area=   all | maxDets=100 ] = 0.837
 Average Precision  (AP) @[ IoU=0.50:0.95 | area= small | maxDets=100 ] = 0.348
 Average Precision  (AP) @[ IoU=0.50:0.95 | area=medium | maxDets=100 ] = 0.747
 Average Precision  (AP) @[ IoU=0.50:0.95 | area= large | maxDets=100 ] = 0.807
 Average Recall     (AR) @[ IoU=0.50:0.95 | area=   all | maxDets=  1 ] = 0.026
 Average Recall     (AR) @[ IoU=0.50:0.95 | area=   all | maxDets= 10 ] = 0.193
 Average Recall     (AR) @[ IoU=0.50:0.95 | area=   all | maxDets=100 ] = 0.760
 Average Recall     (AR) @[ IoU=0.50:0.95 | area= small | maxDets=100 ] = 0.455
 Average Recall     (AR) @[ IoU=0.50:0.95 | area=medium | maxDets=100 ] = 0.796
 Average Recall     (AR) @[ IoU=0.50:0.95 | area= large | maxDets=100 ] = 0.854
2026-07-31 01:29:02,921 - portable_sam_fusion - INFO - Validation bbox/mAP: 0.7135 bbox/mAP_75: 0.8374
Running per image evaluation...
Evaluate annotation type *segm*
DONE (t=10.66s).
Accumulating evaluation results...
DONE (t=0.15s).
 Average Precision  (AP) @[ IoU=0.50:0.95 | area=   all | maxDets=100 ] = 0.632
 Average Precision  (AP) @[ IoU=0.50      | area=   all | maxDets=100 ] = 0.899
 Average Precision  (AP) @[ IoU=0.75      | area=   all | maxDets=100 ] = 0.751
 Average Precision  (AP) @[ IoU=0.50:0.95 | area= small | maxDets=100 ] = 0.232
 Average Precision  (AP) @[ IoU=0.50:0.95 | area=medium | maxDets=100 ] = 0.656
 Average Precision  (AP) @[ IoU=0.50:0.95 | area= large | maxDets=100 ] = 0.784
 Average Recall     (AR) @[ IoU=0.50:0.95 | area=   all | maxDets=  1 ] = 0.025
 Average Recall     (AR) @[ IoU=0.50:0.95 | area=   all | maxDets= 10 ] = 0.181
 Average Recall     (AR) @[ IoU=0.50:0.95 | area=   all | maxDets=100 ] = 0.672
 Average Recall     (AR) @[ IoU=0.50:0.95 | area= small | maxDets=100 ] = 0.309
 Average Recall     (AR) @[ IoU=0.50:0.95 | area=medium | maxDets=100 ] = 0.699
 Average Recall     (AR) @[ IoU=0.50:0.95 | area= large | maxDets=100 ] = 0.825
2026-07-31 01:29:13,764 - portable_sam_fusion - INFO - Validation segm/mAP: 0.6323
2026-07-31 01:29:14,298 - portable_sam_fusion - INFO - New best early-stop metric (segm/mAP): raw=0.6323 smooth(5)=0.6336
2026-07-31 01:29:19,939 - portable_sam_fusion - INFO - Epoch 36/80 | train=0.209550 val=disabled segm/mAP=0.6323 bbox/mAP=0.7135 | best_segm=0.6427 best_bbox=0.7138 best_comp=0.0000 | sat_backbone=2.97e-04 mask_decoder=2.97e-04 shape_prior=2.97e-04 quality_head=2.97e-04 sat_other=2.97e-04
2026-07-31 01:29:37,537 - portable_sam_fusion - INFO - [DEBUG-BOX] epoch=37 step=10600 fallback_count=0 fallback_ratio=0 num_rois=64 refined_proposal_iou=0 refined_proposal_iou_sum=0 refined_valid_count=0
2026-07-31 01:29:37,537 - portable_sam_fusion - INFO - [DEBUG-COARSE] epoch=37 step=10600 bce_raw=0.1756 boundary_fn=2709 boundary_fp=1968 boundary_tp=2.528e+04 dice=0.07564 dice_loss_raw=0.07564 iou=0.8619 loss_weight=0.1 raw_boundary_fn=2709 raw_boundary_fp=1968 raw_boundary_tp=2.528e+04 raw_dice_score=0.9244 raw_iou=0.8619 weighted_loss=0.02512
2026-07-31 01:29:37,537 - portable_sam_fusion - INFO - [DEBUG-CONTEXT] epoch=37 step=10600 enabled=0
2026-07-31 01:29:37,537 - portable_sam_fusion - INFO - [DEBUG-JITTER] epoch=37 step=10600 area_ratio_count=64 area_ratio_mean=1 area_ratio_sum=64 fallback_count=0 mean_iou=1 num_jittered=0 num_rois=64
2026-07-31 01:29:37,537 - portable_sam_fusion - INFO - [DEBUG-SP] epoch=37 step=10600 all_invalid_count=0 all_invalid_ratio=0 empty_count=0 empty_ratio=0 full_count=0 full_ratio=0 mean_point_distance=39.64 n1_gt_valid_count=64 n1_in_gt_bg=0.8125 n1_in_gt_bg_count=52 n1_valid_count=64 n1_valid_ratio=1 n2_gt_valid_count=64 n2_in_gt_bg=1 n2_in_gt_bg_count=64 n2_valid_count=64 n2_valid_ratio=1 neg_in_pred_bg=1 neg_in_pred_bg_count=128 negative_pair_count=64 negative_pair_distance_sum=3600 p1_gt_valid_count=64 p1_in_gt_fg=1 p1_in_gt_fg_count=64 p1_valid_count=64 p1_valid_ratio=1 p2_gt_valid_count=64 p2_in_gt_fg=1 p2_in_gt_fg_count=64 p2_valid_count=64 p2_valid_ratio=1 point_distance_sum=5073 point_overlap_count=0 point_overlap_ratio=0 point_pair_count=128 pos_in_pred_fg=1 pos_in_pred_fg_count=128 positive_pair_count=64 positive_pair_distance_sum=1474 roi_count=64 valid_neg_count=128 valid_pos_count=128 warmup_stage=2
2026-07-31 01:30:33,852 - portable_sam_fusion - INFO - [DEBUG-BOX] epoch=37 step=10650 fallback_count=0 fallback_ratio=0 num_rois=64 refined_proposal_iou=0 refined_proposal_iou_sum=0 refined_valid_count=0
2026-07-31 01:30:33,852 - portable_sam_fusion - INFO - [DEBUG-COARSE] epoch=37 step=10650 bce_raw=0.1217 boundary_fn=1630 boundary_fp=1843 boundary_tp=2.59e+04 dice=0.07057 dice_loss_raw=0.07057 iou=0.8697 loss_weight=0.1 raw_boundary_fn=1630 raw_boundary_fp=1843 raw_boundary_tp=2.59e+04 raw_dice_score=0.9294 raw_iou=0.8697 weighted_loss=0.01923
2026-07-31 01:30:33,852 - portable_sam_fusion - INFO - [DEBUG-CONTEXT] epoch=37 step=10650 enabled=0
2026-07-31 01:30:33,852 - portable_sam_fusion - INFO - [DEBUG-JITTER] epoch=37 step=10650 area_ratio_count=64 area_ratio_mean=1 area_ratio_sum=64 fallback_count=0 mean_iou=1 num_jittered=0 num_rois=64
2026-07-31 01:30:33,852 - portable_sam_fusion - INFO - [DEBUG-SP] epoch=37 step=10650 all_invalid_count=0 all_invalid_ratio=0 empty_count=0 empty_ratio=0 full_count=0 full_ratio=0 mean_point_distance=28.95 n1_gt_valid_count=64 n1_in_gt_bg=0.875 n1_in_gt_bg_count=56 n1_valid_count=64 n1_valid_ratio=1 n2_gt_valid_count=64 n2_in_gt_bg=1 n2_in_gt_bg_count=64 n2_valid_count=64 n2_valid_ratio=1 neg_in_pred_bg=1 neg_in_pred_bg_count=128 negative_pair_count=64 negative_pair_distance_sum=2821 p1_gt_valid_count=64 p1_in_gt_fg=1 p1_in_gt_fg_count=64 p1_valid_count=64 p1_valid_ratio=1 p2_gt_valid_count=64 p2_in_gt_fg=1 p2_in_gt_fg_count=64 p2_valid_count=64 p2_valid_ratio=1 point_distance_sum=3706 point_overlap_count=0 point_overlap_ratio=0 point_pair_count=128 pos_in_pred_fg=1 pos_in_pred_fg_count=128 positive_pair_count=64 positive_pair_distance_sum=884.6 roi_count=64 valid_neg_count=128 valid_pos_count=128 warmup_stage=2
2026-07-31 01:31:27,513 - portable_sam_fusion - INFO - [DEBUG-BOX] epoch=37 step=10700 fallback_count=0 fallback_ratio=0 num_rois=64 refined_proposal_iou=0 refined_proposal_iou_sum=0 refined_valid_count=0
2026-07-31 01:31:27,513 - portable_sam_fusion - INFO - [DEBUG-COARSE] epoch=37 step=10700 bce_raw=0.1259 boundary_fn=1965 boundary_fp=1466 boundary_tp=2.673e+04 dice=0.07215 dice_loss_raw=0.07215 iou=0.8701 loss_weight=0.1 raw_boundary_fn=1965 raw_boundary_fp=1466 raw_boundary_tp=2.673e+04 raw_dice_score=0.9278 raw_iou=0.8701 weighted_loss=0.01981
2026-07-31 01:31:27,514 - portable_sam_fusion - INFO - [DEBUG-CONTEXT] epoch=37 step=10700 enabled=0
2026-07-31 01:31:27,514 - portable_sam_fusion - INFO - [DEBUG-JITTER] epoch=37 step=10700 area_ratio_count=64 area_ratio_mean=1 area_ratio_sum=64 fallback_count=0 mean_iou=1 num_jittered=0 num_rois=64
2026-07-31 01:31:27,514 - portable_sam_fusion - INFO - [DEBUG-SP] epoch=37 step=10700 all_invalid_count=0 all_invalid_ratio=0 empty_count=0 empty_ratio=0 full_count=0 full_ratio=0 mean_point_distance=40.03 n1_gt_valid_count=64 n1_in_gt_bg=0.875 n1_in_gt_bg_count=56 n1_valid_count=64 n1_valid_ratio=1 n2_gt_valid_count=64 n2_in_gt_bg=1 n2_in_gt_bg_count=64 n2_valid_count=64 n2_valid_ratio=1 neg_in_pred_bg=1 neg_in_pred_bg_count=128 negative_pair_count=64 negative_pair_distance_sum=3758 p1_gt_valid_count=64 p1_in_gt_fg=1 p1_in_gt_fg_count=64 p1_valid_count=64 p1_valid_ratio=1 p2_gt_valid_count=64 p2_in_gt_fg=1 p2_in_gt_fg_count=64 p2_valid_count=64 p2_valid_ratio=1 point_distance_sum=5124 point_overlap_count=0 point_overlap_ratio=0 point_pair_count=128 pos_in_pred_fg=1 pos_in_pred_fg_count=128 positive_pair_count=64 positive_pair_distance_sum=1366 roi_count=64 valid_neg_count=128 valid_pos_count=128 warmup_stage=2
2026-07-31 01:31:57,263 - portable_sam_fusion - INFO - epoch 37 | mini-batch 144/294 | optimizer_step 2700/5920 | lr=2.918e-04
2026-07-31 01:32:20,242 - portable_sam_fusion - INFO - [DEBUG-BOX] epoch=37 step=10750 fallback_count=0 fallback_ratio=0 num_rois=64 refined_proposal_iou=0 refined_proposal_iou_sum=0 refined_valid_count=0
2026-07-31 01:32:20,243 - portable_sam_fusion - INFO - [DEBUG-COARSE] epoch=37 step=10750 bce_raw=0.1392 boundary_fn=2888 boundary_fp=2113 boundary_tp=2.244e+04 dice=0.07431 dice_loss_raw=0.07431 iou=0.8638 loss_weight=0.1 raw_boundary_fn=2888 raw_boundary_fp=2113 raw_boundary_tp=2.244e+04 raw_dice_score=0.9257 raw_iou=0.8638 weighted_loss=0.02135
2026-07-31 01:32:20,243 - portable_sam_fusion - INFO - [DEBUG-CONTEXT] epoch=37 step=10750 enabled=0
2026-07-31 01:32:20,243 - portable_sam_fusion - INFO - [DEBUG-JITTER] epoch=37 step=10750 area_ratio_count=64 area_ratio_mean=1 area_ratio_sum=64 fallback_count=0 mean_iou=1 num_jittered=0 num_rois=64
2026-07-31 01:32:20,243 - portable_sam_fusion - INFO - [DEBUG-SP] epoch=37 step=10750 all_invalid_count=0 all_invalid_ratio=0 empty_count=0 empty_ratio=0 full_count=0 full_ratio=0 mean_point_distance=19.53 n1_gt_valid_count=64 n1_in_gt_bg=0.9219 n1_in_gt_bg_count=59 n1_valid_count=64 n1_valid_ratio=1 n2_gt_valid_count=64 n2_in_gt_bg=1 n2_in_gt_bg_count=64 n2_valid_count=64 n2_valid_ratio=1 neg_in_pred_bg=1 neg_in_pred_bg_count=128 negative_pair_count=64 negative_pair_distance_sum=1923 p1_gt_valid_count=64 p1_in_gt_fg=1 p1_in_gt_fg_count=64 p1_valid_count=64 p1_valid_ratio=1 p2_gt_valid_count=64 p2_in_gt_fg=1 p2_in_gt_fg_count=64 p2_valid_count=64 p2_valid_ratio=1 point_distance_sum=2500 point_overlap_count=0 point_overlap_ratio=0 point_pair_count=128 pos_in_pred_fg=1 pos_in_pred_fg_count=128 positive_pair_count=64 positive_pair_distance_sum=577.1 roi_count=64 valid_neg_count=128 valid_pos_count=128 warmup_stage=2
2026-07-31 01:33:13,270 - portable_sam_fusion - INFO - [DEBUG-BOX] epoch=37 step=10800 fallback_count=0 fallback_ratio=0 num_rois=64 refined_proposal_iou=0 refined_proposal_iou_sum=0 refined_valid_count=0
2026-07-31 01:33:13,270 - portable_sam_fusion - INFO - [DEBUG-COARSE] epoch=37 step=10800 bce_raw=0.1156 boundary_fn=2185 boundary_fp=1061 boundary_tp=2.564e+04 dice=0.06437 dice_loss_raw=0.06437 iou=0.8802 loss_weight=0.1 raw_boundary_fn=2185 raw_boundary_fp=1061 raw_boundary_tp=2.564e+04 raw_dice_score=0.9356 raw_iou=0.8802 weighted_loss=0.018
2026-07-31 01:33:13,270 - portable_sam_fusion - INFO - [DEBUG-CONTEXT] epoch=37 step=10800 enabled=0
2026-07-31 01:33:13,270 - portable_sam_fusion - INFO - [DEBUG-JITTER] epoch=37 step=10800 area_ratio_count=64 area_ratio_mean=1 area_ratio_sum=64 fallback_count=0 mean_iou=1 num_jittered=0 num_rois=64
2026-07-31 01:33:13,270 - portable_sam_fusion - INFO - [DEBUG-SP] epoch=37 step=10800 all_invalid_count=0 all_invalid_ratio=0 empty_count=0 empty_ratio=0 full_count=0 full_ratio=0 mean_point_distance=39.72 n1_gt_valid_count=64 n1_in_gt_bg=0.9062 n1_in_gt_bg_count=58 n1_valid_count=64 n1_valid_ratio=1 n2_gt_valid_count=64 n2_in_gt_bg=1 n2_in_gt_bg_count=64 n2_valid_count=64 n2_valid_ratio=1 neg_in_pred_bg=1 neg_in_pred_bg_count=128 negative_pair_count=64 negative_pair_distance_sum=3960 p1_gt_valid_count=64 p1_in_gt_fg=1 p1_in_gt_fg_count=64 p1_valid_count=64 p1_valid_ratio=1 p2_gt_valid_count=64 p2_in_gt_fg=1 p2_in_gt_fg_count=64 p2_valid_count=64 p2_valid_ratio=1 point_distance_sum=5085 point_overlap_count=0 point_overlap_ratio=0 point_pair_count=128 pos_in_pred_fg=1 pos_in_pred_fg_count=128 positive_pair_count=64 positive_pair_distance_sum=1125 roi_count=64 valid_neg_count=128 valid_pos_count=128 warmup_stage=2
2026-07-31 01:34:08,288 - portable_sam_fusion - INFO - [DEBUG-BOX] epoch=37 step=10850 fallback_count=0 fallback_ratio=0 num_rois=64 refined_proposal_iou=0 refined_proposal_iou_sum=0 refined_valid_count=0
2026-07-31 01:34:08,289 - portable_sam_fusion - INFO - [DEBUG-COARSE] epoch=37 step=10850 bce_raw=0.1164 boundary_fn=1072 boundary_fp=1732 boundary_tp=2.504e+04 dice=0.07133 dice_loss_raw=0.07133 iou=0.8686 loss_weight=0.1 raw_boundary_fn=1072 raw_boundary_fp=1732 raw_boundary_tp=2.504e+04 raw_dice_score=0.9287 raw_iou=0.8686 weighted_loss=0.01877
2026-07-31 01:34:08,289 - portable_sam_fusion - INFO - [DEBUG-CONTEXT] epoch=37 step=10850 enabled=0
2026-07-31 01:34:08,289 - portable_sam_fusion - INFO - [DEBUG-JITTER] epoch=37 step=10850 area_ratio_count=64 area_ratio_mean=1 area_ratio_sum=64 fallback_count=0 mean_iou=1 num_jittered=0 num_rois=64
2026-07-31 01:34:08,289 - portable_sam_fusion - INFO - [DEBUG-SP] epoch=37 step=10850 all_invalid_count=0 all_invalid_ratio=0 empty_count=0 empty_ratio=0 full_count=0 full_ratio=0 mean_point_distance=28.25 n1_gt_valid_count=64 n1_in_gt_bg=0.9844 n1_in_gt_bg_count=63 n1_valid_count=64 n1_valid_ratio=1 n2_gt_valid_count=64 n2_in_gt_bg=1 n2_in_gt_bg_count=64 n2_valid_count=64 n2_valid_ratio=1 neg_in_pred_bg=1 neg_in_pred_bg_count=128 negative_pair_count=64 negative_pair_distance_sum=2850 p1_gt_valid_count=64 p1_in_gt_fg=1 p1_in_gt_fg_count=64 p1_valid_count=64 p1_valid_ratio=1 p2_gt_valid_count=64 p2_in_gt_fg=1 p2_in_gt_fg_count=64 p2_valid_count=64 p2_valid_ratio=1 point_distance_sum=3616 point_overlap_count=0 point_overlap_ratio=0 point_pair_count=128 pos_in_pred_fg=1 pos_in_pred_fg_count=128 positive_pair_count=64 positive_pair_distance_sum=766.7 roi_count=64 valid_neg_count=128 valid_pos_count=128 warmup_stage=2
2026-07-31 01:34:38,442 - portable_sam_fusion - INFO - Epoch 37 detailed losses: loss_rpn_cls=0.0074, loss_rpn_bbox=0.0033, loss_cls=0.1363, acc=94.8882, loss_bbox=0.0498, loss_mask=0.0010, debug_mask_pos_rois=56.6769, debug_mask_logit_mean=-17.6925, debug_mask_logit_std=3.0078, debug_mask_prob_mean=0.0047, debug_mask_prob_ge05=0.0047, debug_mask_target_fill=0.0047, loss_shape_prior=0.0185, schedule/det_weight=1.0000
2026-07-31 01:34:38,442 - portable_sam_fusion - INFO - Epoch 37 primary loss shares: det=91.00% final_mask=0.46% shape=8.55% p2_boundary=0.00%
2026-07-31 01:34:38,442 - portable_sam_fusion - INFO - Epoch 37 schedule: det_loss_weight=1.000 early_stop_start=20 min_delta=0.0005
2026-07-31 01:34:38,443 - portable_sam_fusion - INFO - Epoch 37 learning rates: sat_backbone=2.87e-04, mask_decoder=2.87e-04, shape_prior=2.87e-04, quality_head=2.87e-04, sat_other=2.87e-04
2026-07-31 01:37:21,078 - portable_sam_fusion - INFO - Validation samples: GT=15926, DT=16102, avg_masks_per_image=25.68, avg_mask_fill=0.0048
creating index...
index created!
Loading and preparing results...
DONE (t=0.02s)
creating index...
index created!
Running per image evaluation...
Evaluate annotation type *bbox*
DONE (t=10.11s).
Accumulating evaluation results...
DONE (t=0.15s).
 Average Precision  (AP) @[ IoU=0.50:0.95 | area=   all | maxDets=100 ] = 0.716
 Average Precision  (AP) @[ IoU=0.50      | area=   all | maxDets=100 ] = 0.889
 Average Precision  (AP) @[ IoU=0.75      | area=   all | maxDets=100 ] = 0.827
 Average Precision  (AP) @[ IoU=0.50:0.95 | area= small | maxDets=100 ] = 0.325
 Average Precision  (AP) @[ IoU=0.50:0.95 | area=medium | maxDets=100 ] = 0.759
 Average Precision  (AP) @[ IoU=0.50:0.95 | area= large | maxDets=100 ] = 0.815
 Average Recall     (AR) @[ IoU=0.50:0.95 | area=   all | maxDets=  1 ] = 0.027
 Average Recall     (AR) @[ IoU=0.50:0.95 | area=   all | maxDets= 10 ] = 0.195
 Average Recall     (AR) @[ IoU=0.50:0.95 | area=   all | maxDets=100 ] = 0.762
 Average Recall     (AR) @[ IoU=0.50:0.95 | area= small | maxDets=100 ] = 0.413
 Average Recall     (AR) @[ IoU=0.50:0.95 | area=medium | maxDets=100 ] = 0.805
 Average Recall     (AR) @[ IoU=0.50:0.95 | area= large | maxDets=100 ] = 0.864
2026-07-31 01:37:31,500 - portable_sam_fusion - INFO - Validation bbox/mAP: 0.7162 bbox/mAP_75: 0.8274
Running per image evaluation...
Evaluate annotation type *segm*
DONE (t=10.45s).
Accumulating evaluation results...
DONE (t=0.15s).
 Average Precision  (AP) @[ IoU=0.50:0.95 | area=   all | maxDets=100 ] = 0.627
 Average Precision  (AP) @[ IoU=0.50      | area=   all | maxDets=100 ] = 0.890
 Average Precision  (AP) @[ IoU=0.75      | area=   all | maxDets=100 ] = 0.750
 Average Precision  (AP) @[ IoU=0.50:0.95 | area= small | maxDets=100 ] = 0.217
 Average Precision  (AP) @[ IoU=0.50:0.95 | area=medium | maxDets=100 ] = 0.655
 Average Precision  (AP) @[ IoU=0.50:0.95 | area= large | maxDets=100 ] = 0.778
 Average Recall     (AR) @[ IoU=0.50:0.95 | area=   all | maxDets=  1 ] = 0.025
 Average Recall     (AR) @[ IoU=0.50:0.95 | area=   all | maxDets= 10 ] = 0.180
 Average Recall     (AR) @[ IoU=0.50:0.95 | area=   all | maxDets=100 ] = 0.668
 Average Recall     (AR) @[ IoU=0.50:0.95 | area= small | maxDets=100 ] = 0.286
 Average Recall     (AR) @[ IoU=0.50:0.95 | area=medium | maxDets=100 ] = 0.699
 Average Recall     (AR) @[ IoU=0.50:0.95 | area= large | maxDets=100 ] = 0.822
2026-07-31 01:37:42,125 - portable_sam_fusion - INFO - Validation segm/mAP: 0.6267
2026-07-31 01:37:42,664 - portable_sam_fusion - INFO - New best bbox/mAP: 0.7162
2026-07-31 01:37:42,665 - portable_sam_fusion - INFO - Early-stop metric (segm/mAP): raw=0.6267 smooth(5)=0.6314 best=0.6336 counter=1
2026-07-31 01:37:45,027 - portable_sam_fusion - INFO - Saved best_bbox_model with bbox/mAP: 0.7162
2026-07-31 01:37:50,195 - portable_sam_fusion - INFO - Epoch 37/80 | train=0.216213 val=disabled segm/mAP=0.6267 bbox/mAP=0.7162 | best_segm=0.6427 best_bbox=0.7162 best_comp=0.0000 | sat_backbone=2.87e-04 mask_decoder=2.87e-04 shape_prior=2.87e-04 quality_head=2.87e-04 sat_other=2.87e-04
2026-07-31 01:38:14,849 - portable_sam_fusion - INFO - [DEBUG-BOX] epoch=38 step=10900 fallback_count=0 fallback_ratio=0 num_rois=0 refined_proposal_iou=0 refined_proposal_iou_sum=0 refined_valid_count=0
2026-07-31 01:38:14,849 - portable_sam_fusion - INFO - [DEBUG-COARSE] epoch=38 step=10900 boundary_fn=0 boundary_fp=0 boundary_tp=0 dice=0 iou=0
2026-07-31 01:38:14,878 - portable_sam_fusion - INFO - [DEBUG-CONTEXT] epoch=38 step=10900 enabled=0
2026-07-31 01:38:14,878 - portable_sam_fusion - INFO - [DEBUG-JITTER] epoch=38 step=10900 area_ratio_count=0 area_ratio_mean=0 area_ratio_sum=0 fallback_count=0 mean_iou=0 num_jittered=0 num_rois=0
2026-07-31 01:38:14,878 - portable_sam_fusion - INFO - [DEBUG-SP] epoch=38 step=10900 all_invalid_count=0 all_invalid_ratio=0 empty_count=0 empty_ratio=0 full_count=0 full_ratio=0 mean_point_distance=29.41 n1_gt_valid_count=64 n1_in_gt_bg=0.8906 n1_in_gt_bg_count=57 n1_valid_count=64 n1_valid_ratio=1 n2_gt_valid_count=64 n2_in_gt_bg=0.9844 n2_in_gt_bg_count=63 n2_valid_count=64 n2_valid_ratio=1 neg_in_pred_bg=1 neg_in_pred_bg_count=128 negative_pair_count=64 negative_pair_distance_sum=2877 p1_gt_valid_count=64 p1_in_gt_fg=0.9844 p1_in_gt_fg_count=63 p1_valid_count=64 p1_valid_ratio=1 p2_gt_valid_count=64 p2_in_gt_fg=1 p2_in_gt_fg_count=64 p2_valid_count=64 p2_valid_ratio=1 point_distance_sum=3764 point_overlap_count=0 point_overlap_ratio=0 point_pair_count=128 pos_in_pred_fg=1 pos_in_pred_fg_count=128 positive_pair_count=64 positive_pair_distance_sum=887.2 roi_count=64 valid_neg_count=128 valid_pos_count=128 warmup_stage=2
2026-07-31 01:38:43,155 - portable_sam_fusion - INFO - epoch 38 | mini-batch 48/294 | optimizer_step 2750/5920 | lr=2.852e-04
2026-07-31 01:39:07,454 - portable_sam_fusion - INFO - [DEBUG-BOX] epoch=38 step=10950 fallback_count=0 fallback_ratio=0 num_rois=64 refined_proposal_iou=0 refined_proposal_iou_sum=0 refined_valid_count=0
2026-07-31 01:39:07,454 - portable_sam_fusion - INFO - [DEBUG-COARSE] epoch=38 step=10950 bce_raw=0.1611 boundary_fn=1970 boundary_fp=1785 boundary_tp=2.625e+04 dice=0.07663 dice_loss_raw=0.07663 iou=0.8605 loss_weight=0.1 raw_boundary_fn=1970 raw_boundary_fp=1785 raw_boundary_tp=2.625e+04 raw_dice_score=0.9234 raw_iou=0.8605 weighted_loss=0.02377
2026-07-31 01:39:07,454 - portable_sam_fusion - INFO - [DEBUG-CONTEXT] epoch=38 step=10950 enabled=0
2026-07-31 01:39:07,454 - portable_sam_fusion - INFO - [DEBUG-JITTER] epoch=38 step=10950 area_ratio_count=64 area_ratio_mean=1 area_ratio_sum=64 fallback_count=0 mean_iou=1 num_jittered=0 num_rois=64
2026-07-31 01:39:07,454 - portable_sam_fusion - INFO - [DEBUG-SP] epoch=38 step=10950 all_invalid_count=0 all_invalid_ratio=0 empty_count=0 empty_ratio=0 full_count=0 full_ratio=0 mean_point_distance=40.87 n1_gt_valid_count=64 n1_in_gt_bg=0.7969 n1_in_gt_bg_count=51 n1_valid_count=64 n1_valid_ratio=1 n2_gt_valid_count=64 n2_in_gt_bg=1 n2_in_gt_bg_count=64 n2_valid_count=64 n2_valid_ratio=1 neg_in_pred_bg=1 neg_in_pred_bg_count=128 negative_pair_count=64 negative_pair_distance_sum=3426 p1_gt_valid_count=64 p1_in_gt_fg=1 p1_in_gt_fg_count=64 p1_valid_count=64 p1_valid_ratio=1 p2_gt_valid_count=64 p2_in_gt_fg=1 p2_in_gt_fg_count=64 p2_valid_count=64 p2_valid_ratio=1 point_distance_sum=5231 point_overlap_count=0 point_overlap_ratio=0 point_pair_count=128 pos_in_pred_fg=1 pos_in_pred_fg_count=128 positive_pair_count=64 positive_pair_distance_sum=1805 roi_count=64 valid_neg_count=128 valid_pos_count=128 warmup_stage=2
2026-07-31 01:39:57,505 - portable_sam_fusion - INFO - [DEBUG-BOX] epoch=38 step=11000 fallback_count=0 fallback_ratio=0 num_rois=64 refined_proposal_iou=0 refined_proposal_iou_sum=0 refined_valid_count=0
2026-07-31 01:39:57,505 - portable_sam_fusion - INFO - [DEBUG-COARSE] epoch=38 step=11000 bce_raw=0.1248 boundary_fn=1696 boundary_fp=1139 boundary_tp=2.553e+04 dice=0.06649 dice_loss_raw=0.06649 iou=0.8764 loss_weight=0.1 raw_boundary_fn=1696 raw_boundary_fp=1139 raw_boundary_tp=2.553e+04 raw_dice_score=0.9335 raw_iou=0.8764 weighted_loss=0.01913
2026-07-31 01:39:57,506 - portable_sam_fusion - INFO - [DEBUG-CONTEXT] epoch=38 step=11000 enabled=0
2026-07-31 01:39:57,506 - portable_sam_fusion - INFO - [DEBUG-JITTER] epoch=38 step=11000 area_ratio_count=64 area_ratio_mean=1 area_ratio_sum=64 fallback_count=0 mean_iou=1 num_jittered=0 num_rois=64
2026-07-31 01:39:57,506 - portable_sam_fusion - INFO - [DEBUG-SP] epoch=38 step=11000 all_invalid_count=0 all_invalid_ratio=0 empty_count=0 empty_ratio=0 full_count=0 full_ratio=0 mean_point_distance=26.54 n1_gt_valid_count=64 n1_in_gt_bg=0.8906 n1_in_gt_bg_count=57 n1_valid_count=64 n1_valid_ratio=1 n2_gt_valid_count=64 n2_in_gt_bg=1 n2_in_gt_bg_count=64 n2_valid_count=64 n2_valid_ratio=1 neg_in_pred_bg=1 neg_in_pred_bg_count=128 negative_pair_count=64 negative_pair_distance_sum=2539 p1_gt_valid_count=64 p1_in_gt_fg=1 p1_in_gt_fg_count=64 p1_valid_count=64 p1_valid_ratio=1 p2_gt_valid_count=64 p2_in_gt_fg=1 p2_in_gt_fg_count=64 p2_valid_count=64 p2_valid_ratio=1 point_distance_sum=3397 point_overlap_count=0 point_overlap_ratio=0 point_pair_count=128 pos_in_pred_fg=1 pos_in_pred_fg_count=128 positive_pair_count=64 positive_pair_distance_sum=858.1 roi_count=64 valid_neg_count=128 valid_pos_count=128 warmup_stage=2
2026-07-31 01:40:54,859 - portable_sam_fusion - INFO - [DEBUG-BOX] epoch=38 step=11050 fallback_count=0 fallback_ratio=0 num_rois=64 refined_proposal_iou=0 refined_proposal_iou_sum=0 refined_valid_count=0
2026-07-31 01:40:54,859 - portable_sam_fusion - INFO - [DEBUG-COARSE] epoch=38 step=11050 bce_raw=0.1086 boundary_fn=1802 boundary_fp=1048 boundary_tp=2.592e+04 dice=0.0656 dice_loss_raw=0.0656 iou=0.8784 loss_weight=0.1 raw_boundary_fn=1802 raw_boundary_fp=1048 raw_boundary_tp=2.592e+04 raw_dice_score=0.9344 raw_iou=0.8784 weighted_loss=0.01742
2026-07-31 01:40:54,859 - portable_sam_fusion - INFO - [DEBUG-CONTEXT] epoch=38 step=11050 enabled=0
2026-07-31 01:40:54,859 - portable_sam_fusion - INFO - [DEBUG-JITTER] epoch=38 step=11050 area_ratio_count=64 area_ratio_mean=1 area_ratio_sum=64 fallback_count=0 mean_iou=1 num_jittered=0 num_rois=64
2026-07-31 01:40:54,859 - portable_sam_fusion - INFO - [DEBUG-SP] epoch=38 step=11050 all_invalid_count=0 all_invalid_ratio=0 empty_count=0 empty_ratio=0 full_count=0 full_ratio=0 mean_point_distance=41.17 n1_gt_valid_count=64 n1_in_gt_bg=0.9375 n1_in_gt_bg_count=60 n1_valid_count=64 n1_valid_ratio=1 n2_gt_valid_count=64 n2_in_gt_bg=1 n2_in_gt_bg_count=64 n2_valid_count=64 n2_valid_ratio=1 neg_in_pred_bg=1 neg_in_pred_bg_count=128 negative_pair_count=64 negative_pair_distance_sum=3839 p1_gt_valid_count=64 p1_in_gt_fg=1 p1_in_gt_fg_count=64 p1_valid_count=64 p1_valid_ratio=1 p2_gt_valid_count=64 p2_in_gt_fg=1 p2_in_gt_fg_count=64 p2_valid_count=64 p2_valid_ratio=1 point_distance_sum=5270 point_overlap_count=0 point_overlap_ratio=0 point_pair_count=128 pos_in_pred_fg=1 pos_in_pred_fg_count=128 positive_pair_count=64 positive_pair_distance_sum=1431 roi_count=64 valid_neg_count=128 valid_pos_count=128 warmup_stage=2
2026-07-31 01:41:46,893 - portable_sam_fusion - INFO - [DEBUG-BOX] epoch=38 step=11100 fallback_count=0 fallback_ratio=0 num_rois=64 refined_proposal_iou=0 refined_proposal_iou_sum=0 refined_valid_count=0
2026-07-31 01:41:46,893 - portable_sam_fusion - INFO - [DEBUG-COARSE] epoch=38 step=11100 bce_raw=0.1982 boundary_fn=3933 boundary_fp=3550 boundary_tp=2.139e+04 dice=0.08842 dice_loss_raw=0.08842 iou=0.8444 loss_weight=0.1 raw_boundary_fn=3933 raw_boundary_fp=3550 raw_boundary_tp=2.139e+04 raw_dice_score=0.9116 raw_iou=0.8444 weighted_loss=0.02866
2026-07-31 01:41:46,893 - portable_sam_fusion - INFO - [DEBUG-CONTEXT] epoch=38 step=11100 enabled=0
2026-07-31 01:41:46,893 - portable_sam_fusion - INFO - [DEBUG-JITTER] epoch=38 step=11100 area_ratio_count=64 area_ratio_mean=1 area_ratio_sum=64 fallback_count=0 mean_iou=1 num_jittered=0 num_rois=64
2026-07-31 01:41:46,894 - portable_sam_fusion - INFO - [DEBUG-SP] epoch=38 step=11100 all_invalid_count=0 all_invalid_ratio=0 empty_count=0 empty_ratio=0 full_count=0 full_ratio=0 mean_point_distance=24.15 n1_gt_valid_count=64 n1_in_gt_bg=0.8438 n1_in_gt_bg_count=54 n1_valid_count=64 n1_valid_ratio=1 n2_gt_valid_count=63 n2_in_gt_bg=1 n2_in_gt_bg_count=63 n2_valid_count=63 n2_valid_ratio=0.9844 neg_in_pred_bg=1 neg_in_pred_bg_count=127 negative_pair_count=63 negative_pair_distance_sum=2361 p1_gt_valid_count=64 p1_in_gt_fg=0.9844 p1_in_gt_fg_count=63 p1_valid_count=64 p1_valid_ratio=1 p2_gt_valid_count=64 p2_in_gt_fg=0.9844 p2_in_gt_fg_count=63 p2_valid_count=64 p2_valid_ratio=1 point_distance_sum=3066 point_overlap_count=0 point_overlap_ratio=0 point_pair_count=127 pos_in_pred_fg=1 pos_in_pred_fg_count=128 positive_pair_count=64 positive_pair_distance_sum=705.9 roi_count=64 valid_neg_count=127 valid_pos_count=128 warmup_stage=2
2026-07-31 01:42:14,796 - portable_sam_fusion - INFO - epoch 38 | mini-batch 248/294 | optimizer_step 2800/5920 | lr=2.785e-04
2026-07-31 01:42:41,636 - portable_sam_fusion - INFO - [DEBUG-BOX] epoch=38 step=11150 fallback_count=0 fallback_ratio=0 num_rois=64 refined_proposal_iou=0 refined_proposal_iou_sum=0 refined_valid_count=0
2026-07-31 01:42:41,636 - portable_sam_fusion - INFO - [DEBUG-COARSE] epoch=38 step=11150 bce_raw=0.1499 boundary_fn=2591 boundary_fp=2083 boundary_tp=2.613e+04 dice=0.08503 dice_loss_raw=0.08503 iou=0.8464 loss_weight=0.1 raw_boundary_fn=2591 raw_boundary_fp=2083 raw_boundary_tp=2.613e+04 raw_dice_score=0.915 raw_iou=0.8464 weighted_loss=0.0235
2026-07-31 01:42:41,636 - portable_sam_fusion - INFO - [DEBUG-CONTEXT] epoch=38 step=11150 enabled=0
2026-07-31 01:42:41,636 - portable_sam_fusion - INFO - [DEBUG-JITTER] epoch=38 step=11150 area_ratio_count=64 area_ratio_mean=1 area_ratio_sum=64 fallback_count=0 mean_iou=1 num_jittered=0 num_rois=64
2026-07-31 01:42:41,636 - portable_sam_fusion - INFO - [DEBUG-SP] epoch=38 step=11150 all_invalid_count=0 all_invalid_ratio=0 empty_count=0 empty_ratio=0 full_count=0 full_ratio=0 mean_point_distance=29.42 n1_gt_valid_count=64 n1_in_gt_bg=0.9219 n1_in_gt_bg_count=59 n1_valid_count=64 n1_valid_ratio=1 n2_gt_valid_count=64 n2_in_gt_bg=1 n2_in_gt_bg_count=64 n2_valid_count=64 n2_valid_ratio=1 neg_in_pred_bg=1 neg_in_pred_bg_count=128 negative_pair_count=64 negative_pair_distance_sum=2801 p1_gt_valid_count=64 p1_in_gt_fg=1 p1_in_gt_fg_count=64 p1_valid_count=64 p1_valid_ratio=1 p2_gt_valid_count=64 p2_in_gt_fg=1 p2_in_gt_fg_count=64 p2_valid_count=64 p2_valid_ratio=1 point_distance_sum=3766 point_overlap_count=0 point_overlap_ratio=0 point_pair_count=128 pos_in_pred_fg=1 pos_in_pred_fg_count=128 positive_pair_count=64 positive_pair_distance_sum=965 roi_count=64 valid_neg_count=128 valid_pos_count=128 warmup_stage=2
2026-07-31 01:43:03,721 - portable_sam_fusion - INFO - Epoch 38 detailed losses: loss_rpn_cls=0.0075, loss_rpn_bbox=0.0035, loss_cls=0.1330, acc=95.0006, loss_bbox=0.0521, loss_mask=0.0012, schedule/det_weight=1.0000, debug_mask_pos_rois=57.1871, debug_mask_logit_mean=-16.7614, debug_mask_logit_std=2.9545, debug_mask_prob_mean=0.0049, debug_mask_prob_ge05=0.0049, debug_mask_target_fill=0.0049, loss_shape_prior=0.0185
2026-07-31 01:43:03,721 - portable_sam_fusion - INFO - Epoch 38 primary loss shares: det=90.88% final_mask=0.54% shape=8.58% p2_boundary=0.00%
2026-07-31 01:43:03,721 - portable_sam_fusion - INFO - Epoch 38 schedule: det_loss_weight=1.000 early_stop_start=20 min_delta=0.0005
2026-07-31 01:43:03,721 - portable_sam_fusion - INFO - Epoch 38 learning rates: sat_backbone=2.77e-04, mask_decoder=2.77e-04, shape_prior=2.77e-04, quality_head=2.77e-04, sat_other=2.77e-04
2026-07-31 01:45:45,713 - portable_sam_fusion - INFO - Validation samples: GT=15926, DT=16194, avg_masks_per_image=25.83, avg_mask_fill=0.0048
creating index...
index created!
Loading and preparing results...
DONE (t=0.02s)
creating index...
index created!
Running per image evaluation...
Evaluate annotation type *bbox*
DONE (t=10.27s).
Accumulating evaluation results...
DONE (t=0.15s).
 Average Precision  (AP) @[ IoU=0.50:0.95 | area=   all | maxDets=100 ] = 0.712
 Average Precision  (AP) @[ IoU=0.50      | area=   all | maxDets=100 ] = 0.890
 Average Precision  (AP) @[ IoU=0.75      | area=   all | maxDets=100 ] = 0.827
 Average Precision  (AP) @[ IoU=0.50:0.95 | area= small | maxDets=100 ] = 0.339
 Average Precision  (AP) @[ IoU=0.50:0.95 | area=medium | maxDets=100 ] = 0.751
 Average Precision  (AP) @[ IoU=0.50:0.95 | area= large | maxDets=100 ] = 0.804
 Average Recall     (AR) @[ IoU=0.50:0.95 | area=   all | maxDets=  1 ] = 0.027
 Average Recall     (AR) @[ IoU=0.50:0.95 | area=   all | maxDets= 10 ] = 0.195
 Average Recall     (AR) @[ IoU=0.50:0.95 | area=   all | maxDets=100 ] = 0.757
 Average Recall     (AR) @[ IoU=0.50:0.95 | area= small | maxDets=100 ] = 0.430
 Average Recall     (AR) @[ IoU=0.50:0.95 | area=medium | maxDets=100 ] = 0.799
 Average Recall     (AR) @[ IoU=0.50:0.95 | area= large | maxDets=100 ] = 0.848
2026-07-31 01:45:56,307 - portable_sam_fusion - INFO - Validation bbox/mAP: 0.7117 bbox/mAP_75: 0.8269
Running per image evaluation...
Evaluate annotation type *segm*
DONE (t=10.60s).
Accumulating evaluation results...
DONE (t=0.15s).
 Average Precision  (AP) @[ IoU=0.50:0.95 | area=   all | maxDets=100 ] = 0.635
 Average Precision  (AP) @[ IoU=0.50      | area=   all | maxDets=100 ] = 0.891
 Average Precision  (AP) @[ IoU=0.75      | area=   all | maxDets=100 ] = 0.753
 Average Precision  (AP) @[ IoU=0.50:0.95 | area= small | maxDets=100 ] = 0.232
 Average Precision  (AP) @[ IoU=0.50:0.95 | area=medium | maxDets=100 ] = 0.658
 Average Precision  (AP) @[ IoU=0.50:0.95 | area= large | maxDets=100 ] = 0.791
 Average Recall     (AR) @[ IoU=0.50:0.95 | area=   all | maxDets=  1 ] = 0.025
 Average Recall     (AR) @[ IoU=0.50:0.95 | area=   all | maxDets= 10 ] = 0.182
 Average Recall     (AR) @[ IoU=0.50:0.95 | area=   all | maxDets=100 ] = 0.674
 Average Recall     (AR) @[ IoU=0.50:0.95 | area= small | maxDets=100 ] = 0.303
 Average Recall     (AR) @[ IoU=0.50:0.95 | area=medium | maxDets=100 ] = 0.701
 Average Recall     (AR) @[ IoU=0.50:0.95 | area= large | maxDets=100 ] = 0.831
2026-07-31 01:46:07,090 - portable_sam_fusion - INFO - Validation segm/mAP: 0.6347
2026-07-31 01:46:07,665 - portable_sam_fusion - INFO - Early-stop metric (segm/mAP): raw=0.6347 smooth(5)=0.6318 best=0.6336 counter=2
2026-07-31 01:46:13,010 - portable_sam_fusion - INFO - Epoch 38/80 | train=0.215882 val=disabled segm/mAP=0.6347 bbox/mAP=0.7117 | best_segm=0.6427 best_bbox=0.7162 best_comp=0.0000 | sat_backbone=2.77e-04 mask_decoder=2.77e-04 shape_prior=2.77e-04 quality_head=2.77e-04 sat_other=2.77e-04
2026-07-31 01:46:42,647 - portable_sam_fusion - INFO - [DEBUG-BOX] epoch=39 step=11200 fallback_count=0 fallback_ratio=0 num_rois=64 refined_proposal_iou=0 refined_proposal_iou_sum=0 refined_valid_count=0
2026-07-31 01:46:42,647 - portable_sam_fusion - INFO - [DEBUG-COARSE] epoch=39 step=11200 bce_raw=0.1524 boundary_fn=2294 boundary_fp=2368 boundary_tp=2.486e+04 dice=0.07342 dice_loss_raw=0.07342 iou=0.8698 loss_weight=0.1 raw_boundary_fn=2294 raw_boundary_fp=2368 raw_boundary_tp=2.486e+04 raw_dice_score=0.9266 raw_iou=0.8698 weighted_loss=0.02258
2026-07-31 01:46:42,647 - portable_sam_fusion - INFO - [DEBUG-CONTEXT] epoch=39 step=11200 enabled=0
2026-07-31 01:46:42,647 - portable_sam_fusion - INFO - [DEBUG-JITTER] epoch=39 step=11200 area_ratio_count=64 area_ratio_mean=1 area_ratio_sum=64 fallback_count=0 mean_iou=1 num_jittered=0 num_rois=64
2026-07-31 01:46:42,647 - portable_sam_fusion - INFO - [DEBUG-SP] epoch=39 step=11200 all_invalid_count=0 all_invalid_ratio=0 empty_count=0 empty_ratio=0 full_count=0 full_ratio=0 mean_point_distance=36.36 n1_gt_valid_count=64 n1_in_gt_bg=0.8906 n1_in_gt_bg_count=57 n1_valid_count=64 n1_valid_ratio=1 n2_gt_valid_count=64 n2_in_gt_bg=1 n2_in_gt_bg_count=64 n2_valid_count=64 n2_valid_ratio=1 neg_in_pred_bg=1 neg_in_pred_bg_count=128 negative_pair_count=64 negative_pair_distance_sum=3242 p1_gt_valid_count=64 p1_in_gt_fg=1 p1_in_gt_fg_count=64 p1_valid_count=64 p1_valid_ratio=1 p2_gt_valid_count=64 p2_in_gt_fg=1 p2_in_gt_fg_count=64 p2_valid_count=64 p2_valid_ratio=1 point_distance_sum=4654 point_overlap_count=0 point_overlap_ratio=0 point_pair_count=128 pos_in_pred_fg=1 pos_in_pred_fg_count=128 positive_pair_count=64 positive_pair_distance_sum=1413 roi_count=64 valid_neg_count=128 valid_pos_count=128 warmup_stage=2
2026-07-31 01:47:34,564 - portable_sam_fusion - INFO - [DEBUG-BOX] epoch=39 step=11250 fallback_count=0 fallback_ratio=0 num_rois=64 refined_proposal_iou=0 refined_proposal_iou_sum=0 refined_valid_count=0
2026-07-31 01:47:34,564 - portable_sam_fusion - INFO - [DEBUG-COARSE] epoch=39 step=11250 bce_raw=0.1278 boundary_fn=1857 boundary_fp=1457 boundary_tp=2.505e+04 dice=0.06848 dice_loss_raw=0.06848 iou=0.8733 loss_weight=0.1 raw_boundary_fn=1857 raw_boundary_fp=1457 raw_boundary_tp=2.505e+04 raw_dice_score=0.9315 raw_iou=0.8733 weighted_loss=0.01962
2026-07-31 01:47:34,564 - portable_sam_fusion - INFO - [DEBUG-CONTEXT] epoch=39 step=11250 enabled=0
2026-07-31 01:47:34,564 - portable_sam_fusion - INFO - [DEBUG-JITTER] epoch=39 step=11250 area_ratio_count=64 area_ratio_mean=1 area_ratio_sum=64 fallback_count=0 mean_iou=1 num_jittered=0 num_rois=64
2026-07-31 01:47:34,565 - portable_sam_fusion - INFO - [DEBUG-SP] epoch=39 step=11250 all_invalid_count=0 all_invalid_ratio=0 empty_count=0 empty_ratio=0 full_count=0 full_ratio=0 mean_point_distance=32.68 n1_gt_valid_count=64 n1_in_gt_bg=0.8438 n1_in_gt_bg_count=54 n1_valid_count=64 n1_valid_ratio=1 n2_gt_valid_count=64 n2_in_gt_bg=1 n2_in_gt_bg_count=64 n2_valid_count=64 n2_valid_ratio=1 neg_in_pred_bg=1 neg_in_pred_bg_count=128 negative_pair_count=64 negative_pair_distance_sum=2937 p1_gt_valid_count=64 p1_in_gt_fg=1 p1_in_gt_fg_count=64 p1_valid_count=64 p1_valid_ratio=1 p2_gt_valid_count=64 p2_in_gt_fg=1 p2_in_gt_fg_count=64 p2_valid_count=64 p2_valid_ratio=1 point_distance_sum=4183 point_overlap_count=0 point_overlap_ratio=0 point_pair_count=128 pos_in_pred_fg=1 pos_in_pred_fg_count=128 positive_pair_count=64 positive_pair_distance_sum=1245 roi_count=64 valid_neg_count=128 valid_pos_count=128 warmup_stage=2
2026-07-31 01:48:29,768 - portable_sam_fusion - INFO - [DEBUG-BOX] epoch=39 step=11300 fallback_count=0 fallback_ratio=0 num_rois=64 refined_proposal_iou=0 refined_proposal_iou_sum=0 refined_valid_count=0
2026-07-31 01:48:29,768 - portable_sam_fusion - INFO - [DEBUG-COARSE] epoch=39 step=11300 bce_raw=0.1077 boundary_fn=1502 boundary_fp=1097 boundary_tp=2.453e+04 dice=0.06387 dice_loss_raw=0.06387 iou=0.8818 loss_weight=0.1 raw_boundary_fn=1502 raw_boundary_fp=1097 raw_boundary_tp=2.453e+04 raw_dice_score=0.9361 raw_iou=0.8818 weighted_loss=0.01716
2026-07-31 01:48:29,768 - portable_sam_fusion - INFO - [DEBUG-CONTEXT] epoch=39 step=11300 enabled=0
2026-07-31 01:48:29,769 - portable_sam_fusion - INFO - [DEBUG-JITTER] epoch=39 step=11300 area_ratio_count=64 area_ratio_mean=1 area_ratio_sum=64 fallback_count=0 mean_iou=1 num_jittered=0 num_rois=64
2026-07-31 01:48:29,769 - portable_sam_fusion - INFO - [DEBUG-SP] epoch=39 step=11300 all_invalid_count=0 all_invalid_ratio=0 empty_count=0 empty_ratio=0 full_count=0 full_ratio=0 mean_point_distance=24.16 n1_gt_valid_count=64 n1_in_gt_bg=0.9219 n1_in_gt_bg_count=59 n1_valid_count=64 n1_valid_ratio=1 n2_gt_valid_count=64 n2_in_gt_bg=1 n2_in_gt_bg_count=64 n2_valid_count=64 n2_valid_ratio=1 neg_in_pred_bg=1 neg_in_pred_bg_count=128 negative_pair_count=64 negative_pair_distance_sum=2356 p1_gt_valid_count=64 p1_in_gt_fg=1 p1_in_gt_fg_count=64 p1_valid_count=64 p1_valid_ratio=1 p2_gt_valid_count=64 p2_in_gt_fg=1 p2_in_gt_fg_count=64 p2_valid_count=64 p2_valid_ratio=1 point_distance_sum=3093 point_overlap_count=0 point_overlap_ratio=0 point_pair_count=128 pos_in_pred_fg=1 pos_in_pred_fg_count=128 positive_pair_count=64 positive_pair_distance_sum=736.6 roi_count=64 valid_neg_count=128 valid_pos_count=128 warmup_stage=2
2026-07-31 01:48:54,971 - portable_sam_fusion - INFO - epoch 39 | mini-batch 152/294 | optimizer_step 2850/5920 | lr=2.718e-04
2026-07-31 01:49:21,377 - portable_sam_fusion - INFO - [DEBUG-BOX] epoch=39 step=11350 fallback_count=0 fallback_ratio=0 num_rois=64 refined_proposal_iou=0 refined_proposal_iou_sum=0 refined_valid_count=0
2026-07-31 01:49:21,377 - portable_sam_fusion - INFO - [DEBUG-COARSE] epoch=39 step=11350 bce_raw=0.1325 boundary_fn=1915 boundary_fp=1876 boundary_tp=2.566e+04 dice=0.07049 dice_loss_raw=0.07049 iou=0.8729 loss_weight=0.1 raw_boundary_fn=1915 raw_boundary_fp=1876 raw_boundary_tp=2.566e+04 raw_dice_score=0.9295 raw_iou=0.8729 weighted_loss=0.0203
2026-07-31 01:49:21,377 - portable_sam_fusion - INFO - [DEBUG-CONTEXT] epoch=39 step=11350 enabled=0
2026-07-31 01:49:21,377 - portable_sam_fusion - INFO - [DEBUG-JITTER] epoch=39 step=11350 area_ratio_count=64 area_ratio_mean=1 area_ratio_sum=64 fallback_count=0 mean_iou=1 num_jittered=0 num_rois=64
2026-07-31 01:49:21,377 - portable_sam_fusion - INFO - [DEBUG-SP] epoch=39 step=11350 all_invalid_count=0 all_invalid_ratio=0 empty_count=0 empty_ratio=0 full_count=0 full_ratio=0 mean_point_distance=40.01 n1_gt_valid_count=64 n1_in_gt_bg=0.9062 n1_in_gt_bg_count=58 n1_valid_count=64 n1_valid_ratio=1 n2_gt_valid_count=64 n2_in_gt_bg=1 n2_in_gt_bg_count=64 n2_valid_count=64 n2_valid_ratio=1 neg_in_pred_bg=1 neg_in_pred_bg_count=128 negative_pair_count=64 negative_pair_distance_sum=4018 p1_gt_valid_count=64 p1_in_gt_fg=1 p1_in_gt_fg_count=64 p1_valid_count=64 p1_valid_ratio=1 p2_gt_valid_count=64 p2_in_gt_fg=0.9844 p2_in_gt_fg_count=63 p2_valid_count=64 p2_valid_ratio=1 point_distance_sum=5121 point_overlap_count=0 point_overlap_ratio=0 point_pair_count=128 pos_in_pred_fg=1 pos_in_pred_fg_count=128 positive_pair_count=64 positive_pair_distance_sum=1103 roi_count=64 valid_neg_count=128 valid_pos_count=128 warmup_stage=2
2026-07-31 01:50:14,614 - portable_sam_fusion - INFO - [DEBUG-BOX] epoch=39 step=11400 fallback_count=0 fallback_ratio=0 num_rois=64 refined_proposal_iou=0 refined_proposal_iou_sum=0 refined_valid_count=0
2026-07-31 01:50:14,614 - portable_sam_fusion - INFO - [DEBUG-COARSE] epoch=39 step=11400 bce_raw=0.1103 boundary_fn=1968 boundary_fp=1460 boundary_tp=2.344e+04 dice=0.05758 dice_loss_raw=0.05758 iou=0.8929 loss_weight=0.1 raw_boundary_fn=1968 raw_boundary_fp=1460 raw_boundary_tp=2.344e+04 raw_dice_score=0.9424 raw_iou=0.8929 weighted_loss=0.01678
2026-07-31 01:50:14,614 - portable_sam_fusion - INFO - [DEBUG-CONTEXT] epoch=39 step=11400 enabled=0
2026-07-31 01:50:14,614 - portable_sam_fusion - INFO - [DEBUG-JITTER] epoch=39 step=11400 area_ratio_count=64 area_ratio_mean=1 area_ratio_sum=64 fallback_count=0 mean_iou=1 num_jittered=0 num_rois=64
2026-07-31 01:50:14,614 - portable_sam_fusion - INFO - [DEBUG-SP] epoch=39 step=11400 all_invalid_count=0 all_invalid_ratio=0 empty_count=0 empty_ratio=0 full_count=0 full_ratio=0 mean_point_distance=23.9 n1_gt_valid_count=64 n1_in_gt_bg=0.875 n1_in_gt_bg_count=56 n1_valid_count=64 n1_valid_ratio=1 n2_gt_valid_count=64 n2_in_gt_bg=1 n2_in_gt_bg_count=64 n2_valid_count=64 n2_valid_ratio=1 neg_in_pred_bg=1 neg_in_pred_bg_count=128 negative_pair_count=64 negative_pair_distance_sum=2254 p1_gt_valid_count=64 p1_in_gt_fg=1 p1_in_gt_fg_count=64 p1_valid_count=64 p1_valid_ratio=1 p2_gt_valid_count=64 p2_in_gt_fg=1 p2_in_gt_fg_count=64 p2_valid_count=64 p2_valid_ratio=1 point_distance_sum=3059 point_overlap_count=0 point_overlap_ratio=0 point_pair_count=128 pos_in_pred_fg=1 pos_in_pred_fg_count=128 positive_pair_count=64 positive_pair_distance_sum=805.2 roi_count=64 valid_neg_count=128 valid_pos_count=128 warmup_stage=2
2026-07-31 01:51:10,784 - portable_sam_fusion - INFO - [DEBUG-BOX] epoch=39 step=11450 fallback_count=0 fallback_ratio=0 num_rois=64 refined_proposal_iou=0 refined_proposal_iou_sum=0 refined_valid_count=0
2026-07-31 01:51:10,785 - portable_sam_fusion - INFO - [DEBUG-COARSE] epoch=39 step=11450 bce_raw=0.1361 boundary_fn=2218 boundary_fp=2247 boundary_tp=2.398e+04 dice=0.06498 dice_loss_raw=0.06498 iou=0.8802 loss_weight=0.1 raw_boundary_fn=2218 raw_boundary_fp=2247 raw_boundary_tp=2.398e+04 raw_dice_score=0.935 raw_iou=0.8802 weighted_loss=0.0201
2026-07-31 01:51:10,785 - portable_sam_fusion - INFO - [DEBUG-CONTEXT] epoch=39 step=11450 enabled=0
2026-07-31 01:51:10,785 - portable_sam_fusion - INFO - [DEBUG-JITTER] epoch=39 step=11450 area_ratio_count=64 area_ratio_mean=1 area_ratio_sum=64 fallback_count=0 mean_iou=1 num_jittered=0 num_rois=64
2026-07-31 01:51:10,785 - portable_sam_fusion - INFO - [DEBUG-SP] epoch=39 step=11450 all_invalid_count=0 all_invalid_ratio=0 empty_count=0 empty_ratio=0 full_count=0 full_ratio=0 mean_point_distance=30.66 n1_gt_valid_count=64 n1_in_gt_bg=0.875 n1_in_gt_bg_count=56 n1_valid_count=64 n1_valid_ratio=1 n2_gt_valid_count=64 n2_in_gt_bg=1 n2_in_gt_bg_count=64 n2_valid_count=64 n2_valid_ratio=1 neg_in_pred_bg=1 neg_in_pred_bg_count=128 negative_pair_count=64 negative_pair_distance_sum=2854 p1_gt_valid_count=64 p1_in_gt_fg=1 p1_in_gt_fg_count=64 p1_valid_count=64 p1_valid_ratio=1 p2_gt_valid_count=64 p2_in_gt_fg=1 p2_in_gt_fg_count=64 p2_valid_count=64 p2_valid_ratio=1 point_distance_sum=3925 point_overlap_count=0 point_overlap_ratio=0 point_pair_count=128 pos_in_pred_fg=1 pos_in_pred_fg_count=128 positive_pair_count=64 positive_pair_distance_sum=1071 roi_count=64 valid_neg_count=128 valid_pos_count=128 warmup_stage=2
2026-07-31 01:51:28,661 - portable_sam_fusion - INFO - Epoch 39 detailed losses: loss_rpn_cls=0.0060, loss_rpn_bbox=0.0032, loss_cls=0.1279, acc=95.0768, loss_bbox=0.0491, loss_mask=0.0010, debug_mask_pos_rois=56.6871, debug_mask_logit_mean=-16.5665, debug_mask_logit_std=2.9408, debug_mask_prob_mean=0.0049, debug_mask_prob_ge05=0.0049, debug_mask_target_fill=0.0049, loss_shape_prior=0.0183, schedule/det_weight=1.0000
2026-07-31 01:51:28,661 - portable_sam_fusion - INFO - Epoch 39 primary loss shares: det=90.60% final_mask=0.50% shape=8.89% p2_boundary=0.00%
2026-07-31 01:51:28,661 - portable_sam_fusion - INFO - Epoch 39 schedule: det_loss_weight=1.000 early_stop_start=20 min_delta=0.0005
2026-07-31 01:51:28,661 - portable_sam_fusion - INFO - Epoch 39 learning rates: sat_backbone=2.67e-04, mask_decoder=2.67e-04, shape_prior=2.67e-04, quality_head=2.67e-04, sat_other=2.67e-04
2026-07-31 01:54:14,615 - portable_sam_fusion - INFO - Validation samples: GT=15926, DT=16760, avg_masks_per_image=26.73, avg_mask_fill=0.0046
creating index...
index created!
Loading and preparing results...
DONE (t=0.02s)
creating index...
index created!
Running per image evaluation...
Evaluate annotation type *bbox*
DONE (t=10.32s).
Accumulating evaluation results...
DONE (t=0.15s).
 Average Precision  (AP) @[ IoU=0.50:0.95 | area=   all | maxDets=100 ] = 0.698
 Average Precision  (AP) @[ IoU=0.50      | area=   all | maxDets=100 ] = 0.898
 Average Precision  (AP) @[ IoU=0.75      | area=   all | maxDets=100 ] = 0.827
 Average Precision  (AP) @[ IoU=0.50:0.95 | area= small | maxDets=100 ] = 0.337
 Average Precision  (AP) @[ IoU=0.50:0.95 | area=medium | maxDets=100 ] = 0.736
 Average Precision  (AP) @[ IoU=0.50:0.95 | area= large | maxDets=100 ] = 0.782
 Average Recall     (AR) @[ IoU=0.50:0.95 | area=   all | maxDets=  1 ] = 0.025
 Average Recall     (AR) @[ IoU=0.50:0.95 | area=   all | maxDets= 10 ] = 0.188
 Average Recall     (AR) @[ IoU=0.50:0.95 | area=   all | maxDets=100 ] = 0.748
 Average Recall     (AR) @[ IoU=0.50:0.95 | area= small | maxDets=100 ] = 0.443
 Average Recall     (AR) @[ IoU=0.50:0.95 | area=medium | maxDets=100 ] = 0.787
 Average Recall     (AR) @[ IoU=0.50:0.95 | area= large | maxDets=100 ] = 0.830
2026-07-31 01:54:25,256 - portable_sam_fusion - INFO - Validation bbox/mAP: 0.6978 bbox/mAP_75: 0.8269
Running per image evaluation...
Evaluate annotation type *segm*
DONE (t=10.64s).
Accumulating evaluation results...
DONE (t=0.15s).
 Average Precision  (AP) @[ IoU=0.50:0.95 | area=   all | maxDets=100 ] = 0.619
 Average Precision  (AP) @[ IoU=0.50      | area=   all | maxDets=100 ] = 0.890
 Average Precision  (AP) @[ IoU=0.75      | area=   all | maxDets=100 ] = 0.738
 Average Precision  (AP) @[ IoU=0.50:0.95 | area= small | maxDets=100 ] = 0.214
 Average Precision  (AP) @[ IoU=0.50:0.95 | area=medium | maxDets=100 ] = 0.646
 Average Precision  (AP) @[ IoU=0.50:0.95 | area= large | maxDets=100 ] = 0.771
 Average Recall     (AR) @[ IoU=0.50:0.95 | area=   all | maxDets=  1 ] = 0.024
 Average Recall     (AR) @[ IoU=0.50:0.95 | area=   all | maxDets= 10 ] = 0.177
 Average Recall     (AR) @[ IoU=0.50:0.95 | area=   all | maxDets=100 ] = 0.661
 Average Recall     (AR) @[ IoU=0.50:0.95 | area= small | maxDets=100 ] = 0.288
 Average Recall     (AR) @[ IoU=0.50:0.95 | area=medium | maxDets=100 ] = 0.688
 Average Recall     (AR) @[ IoU=0.50:0.95 | area= large | maxDets=100 ] = 0.819
2026-07-31 01:54:36,072 - portable_sam_fusion - INFO - Validation segm/mAP: 0.6186
2026-07-31 01:54:36,681 - portable_sam_fusion - INFO - Early-stop metric (segm/mAP): raw=0.6186 smooth(5)=0.6285 best=0.6336 counter=3
2026-07-31 01:54:42,007 - portable_sam_fusion - INFO - Epoch 39/80 | train=0.205530 val=disabled segm/mAP=0.6186 bbox/mAP=0.6978 | best_segm=0.6427 best_bbox=0.7162 best_comp=0.0000 | sat_backbone=2.67e-04 mask_decoder=2.67e-04 shape_prior=2.67e-04 quality_head=2.67e-04 sat_other=2.67e-04
2026-07-31 01:55:19,095 - portable_sam_fusion - INFO - [DEBUG-BOX] epoch=40 step=11500 fallback_count=0 fallback_ratio=0 num_rois=64 refined_proposal_iou=0 refined_proposal_iou_sum=0 refined_valid_count=0
2026-07-31 01:55:19,095 - portable_sam_fusion - INFO - [DEBUG-COARSE] epoch=40 step=11500 bce_raw=0.09001 boundary_fn=1247 boundary_fp=1238 boundary_tp=2.165e+04 dice=0.0396 dice_loss_raw=0.0396 iou=0.9241 loss_weight=0.1 raw_boundary_fn=1247 raw_boundary_fp=1238 raw_boundary_tp=2.165e+04 raw_dice_score=0.9604 raw_iou=0.9241 weighted_loss=0.01296
2026-07-31 01:55:19,095 - portable_sam_fusion - INFO - [DEBUG-CONTEXT] epoch=40 step=11500 enabled=0
2026-07-31 01:55:19,095 - portable_sam_fusion - INFO - [DEBUG-JITTER] epoch=40 step=11500 area_ratio_count=64 area_ratio_mean=1 area_ratio_sum=64 fallback_count=0 mean_iou=1 num_jittered=0 num_rois=64
2026-07-31 01:55:19,095 - portable_sam_fusion - INFO - [DEBUG-SP] epoch=40 step=11500 all_invalid_count=0 all_invalid_ratio=0 empty_count=0 empty_ratio=0 full_count=1 full_ratio=0.01562 mean_point_distance=24.02 n1_gt_valid_count=63 n1_in_gt_bg=0.873 n1_in_gt_bg_count=55 n1_valid_count=63 n1_valid_ratio=0.9844 n2_gt_valid_count=63 n2_in_gt_bg=1 n2_in_gt_bg_count=63 n2_valid_count=63 n2_valid_ratio=0.9844 neg_in_pred_bg=1 neg_in_pred_bg_count=126 negative_pair_count=63 negative_pair_distance_sum=2297 p1_gt_valid_count=64 p1_in_gt_fg=1 p1_in_gt_fg_count=64 p1_valid_count=64 p1_valid_ratio=1 p2_gt_valid_count=64 p2_in_gt_fg=1 p2_in_gt_fg_count=64 p2_valid_count=64 p2_valid_ratio=1 point_distance_sum=3051 point_overlap_count=0 point_overlap_ratio=0 point_pair_count=127 pos_in_pred_fg=1 pos_in_pred_fg_count=128 positive_pair_count=64 positive_pair_distance_sum=753.2 roi_count=64 valid_neg_count=126 valid_pos_count=128 warmup_stage=2
2026-07-31 01:55:41,789 - portable_sam_fusion - INFO - epoch 40 | mini-batch 56/294 | optimizer_step 2900/5920 | lr=2.651e-04
2026-07-31 01:56:13,283 - portable_sam_fusion - INFO - [DEBUG-BOX] epoch=40 step=11550 fallback_count=0 fallback_ratio=0 num_rois=64 refined_proposal_iou=0 refined_proposal_iou_sum=0 refined_valid_count=0
2026-07-31 01:56:13,283 - portable_sam_fusion - INFO - [DEBUG-COARSE] epoch=40 step=11550 bce_raw=0.1459 boundary_fn=3248 boundary_fp=3024 boundary_tp=2.149e+04 dice=0.0586 dice_loss_raw=0.0586 iou=0.891 loss_weight=0.1 raw_boundary_fn=3248 raw_boundary_fp=3024 raw_boundary_tp=2.149e+04 raw_dice_score=0.9414 raw_iou=0.891 weighted_loss=0.02045
2026-07-31 01:56:13,284 - portable_sam_fusion - INFO - [DEBUG-CONTEXT] epoch=40 step=11550 enabled=0
2026-07-31 01:56:13,284 - portable_sam_fusion - INFO - [DEBUG-JITTER] epoch=40 step=11550 area_ratio_count=64 area_ratio_mean=1 area_ratio_sum=64 fallback_count=0 mean_iou=1 num_jittered=0 num_rois=64
2026-07-31 01:56:13,284 - portable_sam_fusion - INFO - [DEBUG-SP] epoch=40 step=11550 all_invalid_count=0 all_invalid_ratio=0 empty_count=0 empty_ratio=0 full_count=1 full_ratio=0.01562 mean_point_distance=23.34 n1_gt_valid_count=63 n1_in_gt_bg=0.7937 n1_in_gt_bg_count=50 n1_valid_count=63 n1_valid_ratio=0.9844 n2_gt_valid_count=61 n2_in_gt_bg=0.9016 n2_in_gt_bg_count=55 n2_valid_count=61 n2_valid_ratio=0.9531 neg_in_pred_bg=1 neg_in_pred_bg_count=124 negative_pair_count=61 negative_pair_distance_sum=2118 p1_gt_valid_count=64 p1_in_gt_fg=1 p1_in_gt_fg_count=64 p1_valid_count=64 p1_valid_ratio=1 p2_gt_valid_count=64 p2_in_gt_fg=1 p2_in_gt_fg_count=64 p2_valid_count=64 p2_valid_ratio=1 point_distance_sum=2917 point_overlap_count=0 point_overlap_ratio=0 point_pair_count=125 pos_in_pred_fg=1 pos_in_pred_fg_count=128 positive_pair_count=64 positive_pair_distance_sum=799.5 roi_count=64 valid_neg_count=124 valid_pos_count=128 warmup_stage=2
2026-07-31 01:57:07,140 - portable_sam_fusion - INFO - [DEBUG-BOX] epoch=40 step=11600 fallback_count=0 fallback_ratio=0 num_rois=64 refined_proposal_iou=0 refined_proposal_iou_sum=0 refined_valid_count=0
2026-07-31 01:57:07,140 - portable_sam_fusion - INFO - [DEBUG-COARSE] epoch=40 step=11600 bce_raw=0.1301 boundary_fn=1814 boundary_fp=1909 boundary_tp=2.482e+04 dice=0.06066 dice_loss_raw=0.06066 iou=0.8871 loss_weight=0.1 raw_boundary_fn=1814 raw_boundary_fp=1909 raw_boundary_tp=2.482e+04 raw_dice_score=0.9393 raw_iou=0.8871 weighted_loss=0.01907
2026-07-31 01:57:07,140 - portable_sam_fusion - INFO - [DEBUG-CONTEXT] epoch=40 step=11600 enabled=0
2026-07-31 01:57:07,140 - portable_sam_fusion - INFO - [DEBUG-JITTER] epoch=40 step=11600 area_ratio_count=64 area_ratio_mean=1 area_ratio_sum=64 fallback_count=0 mean_iou=1 num_jittered=0 num_rois=64
2026-07-31 01:57:07,140 - portable_sam_fusion - INFO - [DEBUG-SP] epoch=40 step=11600 all_invalid_count=0 all_invalid_ratio=0 empty_count=0 empty_ratio=0 full_count=1 full_ratio=0.01562 mean_point_distance=29.72 n1_gt_valid_count=63 n1_in_gt_bg=0.9206 n1_in_gt_bg_count=58 n1_valid_count=63 n1_valid_ratio=0.9844 n2_gt_valid_count=63 n2_in_gt_bg=1 n2_in_gt_bg_count=63 n2_valid_count=63 n2_valid_ratio=0.9844 neg_in_pred_bg=1 neg_in_pred_bg_count=126 negative_pair_count=63 negative_pair_distance_sum=2754 p1_gt_valid_count=64 p1_in_gt_fg=1 p1_in_gt_fg_count=64 p1_valid_count=64 p1_valid_ratio=1 p2_gt_valid_count=64 p2_in_gt_fg=1 p2_in_gt_fg_count=64 p2_valid_count=64 p2_valid_ratio=1 point_distance_sum=3774 point_overlap_count=0 point_overlap_ratio=0 point_pair_count=127 pos_in_pred_fg=1 pos_in_pred_fg_count=128 positive_pair_count=64 positive_pair_distance_sum=1020 roi_count=64 valid_neg_count=126 valid_pos_count=128 warmup_stage=2
2026-07-31 01:58:00,788 - portable_sam_fusion - INFO - [DEBUG-BOX] epoch=40 step=11650 fallback_count=0 fallback_ratio=0 num_rois=64 refined_proposal_iou=0 refined_proposal_iou_sum=0 refined_valid_count=0
2026-07-31 01:58:00,788 - portable_sam_fusion - INFO - [DEBUG-COARSE] epoch=40 step=11650 bce_raw=0.159 boundary_fn=2516 boundary_fp=2492 boundary_tp=2.46e+04 dice=0.06917 dice_loss_raw=0.06917 iou=0.8724 loss_weight=0.1 raw_boundary_fn=2516 raw_boundary_fp=2492 raw_boundary_tp=2.46e+04 raw_dice_score=0.9308 raw_iou=0.8724 weighted_loss=0.02281
2026-07-31 01:58:00,788 - portable_sam_fusion - INFO - [DEBUG-CONTEXT] epoch=40 step=11650 enabled=0
2026-07-31 01:58:00,788 - portable_sam_fusion - INFO - [DEBUG-JITTER] epoch=40 step=11650 area_ratio_count=64 area_ratio_mean=1 area_ratio_sum=64 fallback_count=0 mean_iou=1 num_jittered=0 num_rois=64
2026-07-31 01:58:00,788 - portable_sam_fusion - INFO - [DEBUG-SP] epoch=40 step=11650 all_invalid_count=0 all_invalid_ratio=0 empty_count=0 empty_ratio=0 full_count=0 full_ratio=0 mean_point_distance=26.73 n1_gt_valid_count=64 n1_in_gt_bg=0.8281 n1_in_gt_bg_count=53 n1_valid_count=64 n1_valid_ratio=1 n2_gt_valid_count=64 n2_in_gt_bg=0.9844 n2_in_gt_bg_count=63 n2_valid_count=64 n2_valid_ratio=1 neg_in_pred_bg=1 neg_in_pred_bg_count=128 negative_pair_count=64 negative_pair_distance_sum=2557 p1_gt_valid_count=64 p1_in_gt_fg=1 p1_in_gt_fg_count=64 p1_valid_count=64 p1_valid_ratio=1 p2_gt_valid_count=64 p2_in_gt_fg=1 p2_in_gt_fg_count=64 p2_valid_count=64 p2_valid_ratio=1 point_distance_sum=3421 point_overlap_count=0 point_overlap_ratio=0 point_pair_count=128 pos_in_pred_fg=1 pos_in_pred_fg_count=128 positive_pair_count=64 positive_pair_distance_sum=864.7 roi_count=64 valid_neg_count=128 valid_pos_count=128 warmup_stage=2
2026-07-31 01:58:51,062 - portable_sam_fusion - INFO - [DEBUG-BOX] epoch=40 step=11700 fallback_count=0 fallback_ratio=0 num_rois=64 refined_proposal_iou=0 refined_proposal_iou_sum=0 refined_valid_count=0
2026-07-31 01:58:51,062 - portable_sam_fusion - INFO - [DEBUG-COARSE] epoch=40 step=11700 bce_raw=0.1252 boundary_fn=1773 boundary_fp=2280 boundary_tp=2.364e+04 dice=0.05788 dice_loss_raw=0.05788 iou=0.8923 loss_weight=0.1 raw_boundary_fn=1773 raw_boundary_fp=2280 raw_boundary_tp=2.364e+04 raw_dice_score=0.9421 raw_iou=0.8923 weighted_loss=0.01831
2026-07-31 01:58:51,062 - portable_sam_fusion - INFO - [DEBUG-CONTEXT] epoch=40 step=11700 enabled=0
2026-07-31 01:58:51,062 - portable_sam_fusion - INFO - [DEBUG-JITTER] epoch=40 step=11700 area_ratio_count=64 area_ratio_mean=1 area_ratio_sum=64 fallback_count=0 mean_iou=1 num_jittered=0 num_rois=64
2026-07-31 01:58:51,062 - portable_sam_fusion - INFO - [DEBUG-SP] epoch=40 step=11700 all_invalid_count=0 all_invalid_ratio=0 empty_count=0 empty_ratio=0 full_count=0 full_ratio=0 mean_point_distance=25.52 n1_gt_valid_count=64 n1_in_gt_bg=0.8906 n1_in_gt_bg_count=57 n1_valid_count=64 n1_valid_ratio=1 n2_gt_valid_count=64 n2_in_gt_bg=1 n2_in_gt_bg_count=64 n2_valid_count=64 n2_valid_ratio=1 neg_in_pred_bg=1 neg_in_pred_bg_count=128 negative_pair_count=64 negative_pair_distance_sum=2590 p1_gt_valid_count=64 p1_in_gt_fg=1 p1_in_gt_fg_count=64 p1_valid_count=64 p1_valid_ratio=1 p2_gt_valid_count=64 p2_in_gt_fg=1 p2_in_gt_fg_count=64 p2_valid_count=64 p2_valid_ratio=1 point_distance_sum=3266 point_overlap_count=0 point_overlap_ratio=0 point_pair_count=128 pos_in_pred_fg=1 pos_in_pred_fg_count=128 positive_pair_count=64 positive_pair_distance_sum=676.4 roi_count=64 valid_neg_count=128 valid_pos_count=128 warmup_stage=2
2026-07-31 01:59:13,694 - portable_sam_fusion - INFO - epoch 40 | mini-batch 256/294 | optimizer_step 2950/5920 | lr=2.583e-04
2026-07-31 01:59:43,774 - portable_sam_fusion - INFO - [DEBUG-BOX] epoch=40 step=11750 fallback_count=0 fallback_ratio=0 num_rois=64 refined_proposal_iou=0 refined_proposal_iou_sum=0 refined_valid_count=0
2026-07-31 01:59:43,774 - portable_sam_fusion - INFO - [DEBUG-COARSE] epoch=40 step=11750 bce_raw=0.1668 boundary_fn=3120 boundary_fp=3175 boundary_tp=2.033e+04 dice=0.0635 dice_loss_raw=0.0635 iou=0.8822 loss_weight=0.1 raw_boundary_fn=3120 raw_boundary_fp=3175 raw_boundary_tp=2.033e+04 raw_dice_score=0.9365 raw_iou=0.8822 weighted_loss=0.02303
2026-07-31 01:59:43,774 - portable_sam_fusion - INFO - [DEBUG-CONTEXT] epoch=40 step=11750 enabled=0
2026-07-31 01:59:43,774 - portable_sam_fusion - INFO - [DEBUG-JITTER] epoch=40 step=11750 area_ratio_count=64 area_ratio_mean=1 area_ratio_sum=64 fallback_count=0 mean_iou=1 num_jittered=0 num_rois=64
2026-07-31 01:59:43,774 - portable_sam_fusion - INFO - [DEBUG-SP] epoch=40 step=11750 all_invalid_count=0 all_invalid_ratio=0 empty_count=0 empty_ratio=0 full_count=0 full_ratio=0 mean_point_distance=19.81 n1_gt_valid_count=64 n1_in_gt_bg=0.8281 n1_in_gt_bg_count=53 n1_valid_count=64 n1_valid_ratio=1 n2_gt_valid_count=64 n2_in_gt_bg=0.9531 n2_in_gt_bg_count=61 n2_valid_count=64 n2_valid_ratio=1 neg_in_pred_bg=1 neg_in_pred_bg_count=128 negative_pair_count=64 negative_pair_distance_sum=1977 p1_gt_valid_count=64 p1_in_gt_fg=1 p1_in_gt_fg_count=64 p1_valid_count=64 p1_valid_ratio=1 p2_gt_valid_count=64 p2_in_gt_fg=1 p2_in_gt_fg_count=64 p2_valid_count=64 p2_valid_ratio=1 point_distance_sum=2536 point_overlap_count=0 point_overlap_ratio=0 point_pair_count=128 pos_in_pred_fg=1 pos_in_pred_fg_count=128 positive_pair_count=64 positive_pair_distance_sum=558.9 roi_count=64 valid_neg_count=128 valid_pos_count=128 warmup_stage=2
2026-07-31 01:59:54,670 - portable_sam_fusion - INFO - Epoch 40 detailed losses: loss_rpn_cls=0.0072, loss_rpn_bbox=0.0030, loss_cls=0.1177, acc=95.5652, loss_bbox=0.0475, loss_mask=0.0011, debug_mask_pos_rois=56.0204, debug_mask_logit_mean=-16.3554, debug_mask_logit_std=2.8942, debug_mask_prob_mean=0.0054, debug_mask_prob_ge05=0.0053, debug_mask_target_fill=0.0054, loss_shape_prior=0.0179, schedule/det_weight=1.0000
2026-07-31 01:59:54,670 - portable_sam_fusion - INFO - Epoch 40 primary loss shares: det=90.25% final_mask=0.57% shape=9.18% p2_boundary=0.00%
2026-07-31 01:59:54,670 - portable_sam_fusion - INFO - Epoch 40 schedule: det_loss_weight=1.000 early_stop_start=20 min_delta=0.0005
2026-07-31 01:59:54,670 - portable_sam_fusion - INFO - Epoch 40 learning rates: sat_backbone=2.57e-04, mask_decoder=2.57e-04, shape_prior=2.57e-04, quality_head=2.57e-04, sat_other=2.57e-04
2026-07-31 02:02:40,193 - portable_sam_fusion - INFO - Validation samples: GT=15926, DT=16137, avg_masks_per_image=25.74, avg_mask_fill=0.0045
creating index...
index created!
Loading and preparing results...
DONE (t=0.02s)
creating index...
index created!
Running per image evaluation...
Evaluate annotation type *bbox*
DONE (t=10.18s).
Accumulating evaluation results...
DONE (t=0.15s).
 Average Precision  (AP) @[ IoU=0.50:0.95 | area=   all | maxDets=100 ] = 0.718
 Average Precision  (AP) @[ IoU=0.50      | area=   all | maxDets=100 ] = 0.890
 Average Precision  (AP) @[ IoU=0.75      | area=   all | maxDets=100 ] = 0.829
 Average Precision  (AP) @[ IoU=0.50:0.95 | area= small | maxDets=100 ] = 0.340
 Average Precision  (AP) @[ IoU=0.50:0.95 | area=medium | maxDets=100 ] = 0.756
 Average Precision  (AP) @[ IoU=0.50:0.95 | area= large | maxDets=100 ] = 0.817
 Average Recall     (AR) @[ IoU=0.50:0.95 | area=   all | maxDets=  1 ] = 0.027
 Average Recall     (AR) @[ IoU=0.50:0.95 | area=   all | maxDets= 10 ] = 0.195
 Average Recall     (AR) @[ IoU=0.50:0.95 | area=   all | maxDets=100 ] = 0.762
 Average Recall     (AR) @[ IoU=0.50:0.95 | area= small | maxDets=100 ] = 0.428
 Average Recall     (AR) @[ IoU=0.50:0.95 | area=medium | maxDets=100 ] = 0.802
 Average Recall     (AR) @[ IoU=0.50:0.95 | area= large | maxDets=100 ] = 0.861
2026-07-31 02:02:50,691 - portable_sam_fusion - INFO - Validation bbox/mAP: 0.7177 bbox/mAP_75: 0.8292
Running per image evaluation...
Evaluate annotation type *segm*
DONE (t=10.44s).
Accumulating evaluation results...
DONE (t=0.15s).
 Average Precision  (AP) @[ IoU=0.50:0.95 | area=   all | maxDets=100 ] = 0.644
 Average Precision  (AP) @[ IoU=0.50      | area=   all | maxDets=100 ] = 0.891
 Average Precision  (AP) @[ IoU=0.75      | area=   all | maxDets=100 ] = 0.773
 Average Precision  (AP) @[ IoU=0.50:0.95 | area= small | maxDets=100 ] = 0.245
 Average Precision  (AP) @[ IoU=0.50:0.95 | area=medium | maxDets=100 ] = 0.673
 Average Precision  (AP) @[ IoU=0.50:0.95 | area= large | maxDets=100 ] = 0.791
 Average Recall     (AR) @[ IoU=0.50:0.95 | area=   all | maxDets=  1 ] = 0.025
 Average Recall     (AR) @[ IoU=0.50:0.95 | area=   all | maxDets= 10 ] = 0.182
 Average Recall     (AR) @[ IoU=0.50:0.95 | area=   all | maxDets=100 ] = 0.685
 Average Recall     (AR) @[ IoU=0.50:0.95 | area= small | maxDets=100 ] = 0.314
 Average Recall     (AR) @[ IoU=0.50:0.95 | area=medium | maxDets=100 ] = 0.716
 Average Recall     (AR) @[ IoU=0.50:0.95 | area= large | maxDets=100 ] = 0.830
2026-07-31 02:03:01,308 - portable_sam_fusion - INFO - Validation segm/mAP: 0.6444
2026-07-31 02:03:02,165 - portable_sam_fusion - INFO - New best segm/mAP: 0.6444
2026-07-31 02:03:02,166 - portable_sam_fusion - INFO - New best bbox/mAP: 0.7177
2026-07-31 02:03:02,166 - portable_sam_fusion - INFO - Early-stop metric (segm/mAP): raw=0.6444 smooth(5)=0.6313 best=0.6336 counter=4
2026-07-31 02:03:04,556 - portable_sam_fusion - INFO - Saved best_model with segm/mAP: 0.6444
2026-07-31 02:03:07,067 - portable_sam_fusion - INFO - Saved best_bbox_model with bbox/mAP: 0.7177
2026-07-31 02:03:12,369 - portable_sam_fusion - INFO - Epoch 40/80 | train=0.194436 val=disabled segm/mAP=0.6444 bbox/mAP=0.7177 | best_segm=0.6444 best_bbox=0.7177 best_comp=0.0000 | sat_backbone=2.57e-04 mask_decoder=2.57e-04 shape_prior=2.57e-04 quality_head=2.57e-04 sat_other=2.57e-04
2026-07-31 02:03:58,908 - portable_sam_fusion - INFO - [DEBUG-BOX] epoch=41 step=11800 fallback_count=0 fallback_ratio=0 num_rois=64 refined_proposal_iou=0 refined_proposal_iou_sum=0 refined_valid_count=0
2026-07-31 02:03:58,908 - portable_sam_fusion - INFO - [DEBUG-COARSE] epoch=41 step=11800 bce_raw=0.1567 boundary_fn=2711 boundary_fp=3346 boundary_tp=2.233e+04 dice=0.06619 dice_loss_raw=0.06619 iou=0.8777 loss_weight=0.1 raw_boundary_fn=2711 raw_boundary_fp=3346 raw_boundary_tp=2.233e+04 raw_dice_score=0.9338 raw_iou=0.8777 weighted_loss=0.02229
2026-07-31 02:03:58,908 - portable_sam_fusion - INFO - [DEBUG-CONTEXT] epoch=41 step=11800 enabled=0
2026-07-31 02:03:58,909 - portable_sam_fusion - INFO - [DEBUG-JITTER] epoch=41 step=11800 area_ratio_count=64 area_ratio_mean=1 area_ratio_sum=64 fallback_count=0 mean_iou=1 num_jittered=0 num_rois=64
2026-07-31 02:03:58,909 - portable_sam_fusion - INFO - [DEBUG-SP] epoch=41 step=11800 all_invalid_count=0 all_invalid_ratio=0 empty_count=0 empty_ratio=0 full_count=0 full_ratio=0 mean_point_distance=19.5 n1_gt_valid_count=64 n1_in_gt_bg=0.7188 n1_in_gt_bg_count=46 n1_valid_count=64 n1_valid_ratio=1 n2_gt_valid_count=63 n2_in_gt_bg=0.9206 n2_in_gt_bg_count=58 n2_valid_count=63 n2_valid_ratio=0.9844 neg_in_pred_bg=1 neg_in_pred_bg_count=127 negative_pair_count=63 negative_pair_distance_sum=1779 p1_gt_valid_count=64 p1_in_gt_fg=1 p1_in_gt_fg_count=64 p1_valid_count=64 p1_valid_ratio=1 p2_gt_valid_count=64 p2_in_gt_fg=1 p2_in_gt_fg_count=64 p2_valid_count=64 p2_valid_ratio=1 point_distance_sum=2477 point_overlap_count=0 point_overlap_ratio=0 point_pair_count=127 pos_in_pred_fg=1 pos_in_pred_fg_count=128 positive_pair_count=64 positive_pair_distance_sum=697.6 roi_count=64 valid_neg_count=127 valid_pos_count=128 warmup_stage=2
2026-07-31 02:04:52,605 - portable_sam_fusion - INFO - [DEBUG-BOX] epoch=41 step=11850 fallback_count=0 fallback_ratio=0 num_rois=64 refined_proposal_iou=0 refined_proposal_iou_sum=0 refined_valid_count=0
2026-07-31 02:04:52,606 - portable_sam_fusion - INFO - [DEBUG-COARSE] epoch=41 step=11850 bce_raw=0.1903 boundary_fn=2981 boundary_fp=2864 boundary_tp=2.511e+04 dice=0.1334 dice_loss_raw=0.1334 iou=0.7855 loss_weight=0.1 raw_boundary_fn=2981 raw_boundary_fp=2864 raw_boundary_tp=2.511e+04 raw_dice_score=0.8666 raw_iou=0.7855 weighted_loss=0.03237
2026-07-31 02:04:52,606 - portable_sam_fusion - INFO - [DEBUG-CONTEXT] epoch=41 step=11850 enabled=0
2026-07-31 02:04:52,606 - portable_sam_fusion - INFO - [DEBUG-JITTER] epoch=41 step=11850 area_ratio_count=64 area_ratio_mean=1 area_ratio_sum=64 fallback_count=0 mean_iou=1 num_jittered=0 num_rois=64
2026-07-31 02:04:52,606 - portable_sam_fusion - INFO - [DEBUG-SP] epoch=41 step=11850 all_invalid_count=0 all_invalid_ratio=0 empty_count=0 empty_ratio=0 full_count=0 full_ratio=0 mean_point_distance=58.35 n1_gt_valid_count=64 n1_in_gt_bg=0.8906 n1_in_gt_bg_count=57 n1_valid_count=64 n1_valid_ratio=1 n2_gt_valid_count=64 n2_in_gt_bg=1 n2_in_gt_bg_count=64 n2_valid_count=64 n2_valid_ratio=1 neg_in_pred_bg=1 neg_in_pred_bg_count=128 negative_pair_count=64 negative_pair_distance_sum=4590 p1_gt_valid_count=64 p1_in_gt_fg=0.9688 p1_in_gt_fg_count=62 p1_valid_count=64 p1_valid_ratio=1 p2_gt_valid_count=64 p2_in_gt_fg=0.9531 p2_in_gt_fg_count=61 p2_valid_count=64 p2_valid_ratio=1 point_distance_sum=7469 point_overlap_count=0 point_overlap_ratio=0 point_pair_count=128 pos_in_pred_fg=1 pos_in_pred_fg_count=128 positive_pair_count=64 positive_pair_distance_sum=2879 roi_count=64 valid_neg_count=128 valid_pos_count=128 warmup_stage=2
2026-07-31 02:05:46,587 - portable_sam_fusion - INFO - [DEBUG-BOX] epoch=41 step=11900 fallback_count=0 fallback_ratio=0 num_rois=64 refined_proposal_iou=0 refined_proposal_iou_sum=0 refined_valid_count=0
2026-07-31 02:05:46,587 - portable_sam_fusion - INFO - [DEBUG-COARSE] epoch=41 step=11900 bce_raw=0.09807 boundary_fn=808 boundary_fp=1450 boundary_tp=2.439e+04 dice=0.04964 dice_loss_raw=0.04964 iou=0.9065 loss_weight=0.1 raw_boundary_fn=808 raw_boundary_fp=1450 raw_boundary_tp=2.439e+04 raw_dice_score=0.9504 raw_iou=0.9065 weighted_loss=0.01477
2026-07-31 02:05:46,587 - portable_sam_fusion - INFO - [DEBUG-CONTEXT] epoch=41 step=11900 enabled=0
2026-07-31 02:05:46,587 - portable_sam_fusion - INFO - [DEBUG-JITTER] epoch=41 step=11900 area_ratio_count=64 area_ratio_mean=1 area_ratio_sum=64 fallback_count=0 mean_iou=1 num_jittered=0 num_rois=64
2026-07-31 02:05:46,587 - portable_sam_fusion - INFO - [DEBUG-SP] epoch=41 step=11900 all_invalid_count=0 all_invalid_ratio=0 empty_count=0 empty_ratio=0 full_count=1 full_ratio=0.01562 mean_point_distance=40.87 n1_gt_valid_count=63 n1_in_gt_bg=0.873 n1_in_gt_bg_count=55 n1_valid_count=63 n1_valid_ratio=0.9844 n2_gt_valid_count=63 n2_in_gt_bg=0.9841 n2_in_gt_bg_count=62 n2_valid_count=63 n2_valid_ratio=0.9844 neg_in_pred_bg=1 neg_in_pred_bg_count=126 negative_pair_count=63 negative_pair_distance_sum=3900 p1_gt_valid_count=64 p1_in_gt_fg=1 p1_in_gt_fg_count=64 p1_valid_count=64 p1_valid_ratio=1 p2_gt_valid_count=64 p2_in_gt_fg=1 p2_in_gt_fg_count=64 p2_valid_count=64 p2_valid_ratio=1 point_distance_sum=5191 point_overlap_count=0 point_overlap_ratio=0 point_pair_count=127 pos_in_pred_fg=1 pos_in_pred_fg_count=128 positive_pair_count=64 positive_pair_distance_sum=1290 roi_count=64 valid_neg_count=126 valid_pos_count=128 warmup_stage=2
2026-07-31 02:06:07,744 - portable_sam_fusion - INFO - epoch 41 | mini-batch 160/294 | optimizer_step 3000/5920 | lr=2.516e-04
2026-07-31 02:06:40,600 - portable_sam_fusion - INFO - [DEBUG-BOX] epoch=41 step=11950 fallback_count=0 fallback_ratio=0 num_rois=64 refined_proposal_iou=0 refined_proposal_iou_sum=0 refined_valid_count=0
2026-07-31 02:06:40,600 - portable_sam_fusion - INFO - [DEBUG-COARSE] epoch=41 step=11950 bce_raw=0.1193 boundary_fn=1845 boundary_fp=1245 boundary_tp=2.633e+04 dice=0.07036 dice_loss_raw=0.07036 iou=0.8704 loss_weight=0.1 raw_boundary_fn=1845 raw_boundary_fp=1245 raw_boundary_tp=2.633e+04 raw_dice_score=0.9296 raw_iou=0.8704 weighted_loss=0.01897
2026-07-31 02:06:40,600 - portable_sam_fusion - INFO - [DEBUG-CONTEXT] epoch=41 step=11950 enabled=0
2026-07-31 02:06:40,600 - portable_sam_fusion - INFO - [DEBUG-JITTER] epoch=41 step=11950 area_ratio_count=64 area_ratio_mean=1 area_ratio_sum=64 fallback_count=0 mean_iou=1 num_jittered=0 num_rois=64
2026-07-31 02:06:40,600 - portable_sam_fusion - INFO - [DEBUG-SP] epoch=41 step=11950 all_invalid_count=0 all_invalid_ratio=0 empty_count=0 empty_ratio=0 full_count=0 full_ratio=0 mean_point_distance=34.08 n1_gt_valid_count=64 n1_in_gt_bg=0.9844 n1_in_gt_bg_count=63 n1_valid_count=64 n1_valid_ratio=1 n2_gt_valid_count=64 n2_in_gt_bg=1 n2_in_gt_bg_count=64 n2_valid_count=64 n2_valid_ratio=1 neg_in_pred_bg=1 neg_in_pred_bg_count=128 negative_pair_count=64 negative_pair_distance_sum=3255 p1_gt_valid_count=64 p1_in_gt_fg=1 p1_in_gt_fg_count=64 p1_valid_count=64 p1_valid_ratio=1 p2_gt_valid_count=64 p2_in_gt_fg=1 p2_in_gt_fg_count=64 p2_valid_count=64 p2_valid_ratio=1 point_distance_sum=4362 point_overlap_count=0 point_overlap_ratio=0 point_pair_count=128 pos_in_pred_fg=1 pos_in_pred_fg_count=128 positive_pair_count=64 positive_pair_distance_sum=1107 roi_count=64 valid_neg_count=128 valid_pos_count=128 warmup_stage=2
2026-07-31 02:07:32,634 - portable_sam_fusion - INFO - [DEBUG-BOX] epoch=41 step=12000 fallback_count=0 fallback_ratio=0 num_rois=64 refined_proposal_iou=0 refined_proposal_iou_sum=0 refined_valid_count=0
2026-07-31 02:07:32,634 - portable_sam_fusion - INFO - [DEBUG-COARSE] epoch=41 step=12000 bce_raw=0.136 boundary_fn=2102 boundary_fp=1801 boundary_tp=2.568e+04 dice=0.07918 dice_loss_raw=0.07918 iou=0.8558 loss_weight=0.1 raw_boundary_fn=2102 raw_boundary_fp=1801 raw_boundary_tp=2.568e+04 raw_dice_score=0.9208 raw_iou=0.8558 weighted_loss=0.02152
2026-07-31 02:07:32,634 - portable_sam_fusion - INFO - [DEBUG-CONTEXT] epoch=41 step=12000 enabled=0
2026-07-31 02:07:32,634 - portable_sam_fusion - INFO - [DEBUG-JITTER] epoch=41 step=12000 area_ratio_count=64 area_ratio_mean=1 area_ratio_sum=64 fallback_count=0 mean_iou=1 num_jittered=0 num_rois=64
2026-07-31 02:07:32,634 - portable_sam_fusion - INFO - [DEBUG-SP] epoch=41 step=12000 all_invalid_count=0 all_invalid_ratio=0 empty_count=0 empty_ratio=0 full_count=0 full_ratio=0 mean_point_distance=30.65 n1_gt_valid_count=64 n1_in_gt_bg=0.9375 n1_in_gt_bg_count=60 n1_valid_count=64 n1_valid_ratio=1 n2_gt_valid_count=64 n2_in_gt_bg=1 n2_in_gt_bg_count=64 n2_valid_count=64 n2_valid_ratio=1 neg_in_pred_bg=1 neg_in_pred_bg_count=128 negative_pair_count=64 negative_pair_distance_sum=2927 p1_gt_valid_count=64 p1_in_gt_fg=1 p1_in_gt_fg_count=64 p1_valid_count=64 p1_valid_ratio=1 p2_gt_valid_count=64 p2_in_gt_fg=1 p2_in_gt_fg_count=64 p2_valid_count=64 p2_valid_ratio=1 point_distance_sum=3923 point_overlap_count=0 point_overlap_ratio=0 point_pair_count=128 pos_in_pred_fg=1 pos_in_pred_fg_count=128 positive_pair_count=64 positive_pair_distance_sum=995.6 roi_count=64 valid_neg_count=128 valid_pos_count=128 warmup_stage=2
2026-07-31 02:08:27,104 - portable_sam_fusion - INFO - [DEBUG-BOX] epoch=41 step=12050 fallback_count=0 fallback_ratio=0 num_rois=64 refined_proposal_iou=0 refined_proposal_iou_sum=0 refined_valid_count=0
2026-07-31 02:08:27,104 - portable_sam_fusion - INFO - [DEBUG-COARSE] epoch=41 step=12050 bce_raw=0.09355 boundary_fn=966 boundary_fp=540 boundary_tp=2.536e+04 dice=0.04654 dice_loss_raw=0.04654 iou=0.9115 loss_weight=0.1 raw_boundary_fn=966 raw_boundary_fp=540 raw_boundary_tp=2.536e+04 raw_dice_score=0.9535 raw_iou=0.9115 weighted_loss=0.01401
2026-07-31 02:08:27,104 - portable_sam_fusion - INFO - [DEBUG-CONTEXT] epoch=41 step=12050 enabled=0
2026-07-31 02:08:27,104 - portable_sam_fusion - INFO - [DEBUG-JITTER] epoch=41 step=12050 area_ratio_count=64 area_ratio_mean=1 area_ratio_sum=64 fallback_count=0 mean_iou=1 num_jittered=0 num_rois=64
2026-07-31 02:08:27,104 - portable_sam_fusion - INFO - [DEBUG-SP] epoch=41 step=12050 all_invalid_count=0 all_invalid_ratio=0 empty_count=0 empty_ratio=0 full_count=0 full_ratio=0 mean_point_distance=43.12 n1_gt_valid_count=64 n1_in_gt_bg=0.9219 n1_in_gt_bg_count=59 n1_valid_count=64 n1_valid_ratio=1 n2_gt_valid_count=64 n2_in_gt_bg=1 n2_in_gt_bg_count=64 n2_valid_count=64 n2_valid_ratio=1 neg_in_pred_bg=1 neg_in_pred_bg_count=128 negative_pair_count=64 negative_pair_distance_sum=4159 p1_gt_valid_count=64 p1_in_gt_fg=1 p1_in_gt_fg_count=64 p1_valid_count=64 p1_valid_ratio=1 p2_gt_valid_count=64 p2_in_gt_fg=1 p2_in_gt_fg_count=64 p2_valid_count=64 p2_valid_ratio=1 point_distance_sum=5519 point_overlap_count=0 point_overlap_ratio=0 point_pair_count=128 pos_in_pred_fg=1 pos_in_pred_fg_count=128 positive_pair_count=64 positive_pair_distance_sum=1360 roi_count=64 valid_neg_count=128 valid_pos_count=128 warmup_stage=2
2026-07-31 02:08:31,327 - portable_sam_fusion - INFO - Epoch 41 detailed losses: loss_rpn_cls=0.0069, loss_rpn_bbox=0.0031, loss_cls=0.1176, acc=95.6348, loss_bbox=0.0454, loss_mask=0.0012, debug_mask_pos_rois=56.8401, debug_mask_logit_mean=-16.6298, debug_mask_logit_std=3.0197, debug_mask_prob_mean=0.0052, debug_mask_prob_ge05=0.0051, debug_mask_target_fill=0.0052, loss_shape_prior=0.0178, schedule/det_weight=1.0000
2026-07-31 02:08:31,327 - portable_sam_fusion - INFO - Epoch 41 primary loss shares: det=90.11% final_mask=0.62% shape=9.27% p2_boundary=0.00%
2026-07-31 02:08:31,327 - portable_sam_fusion - INFO - Epoch 41 schedule: det_loss_weight=1.000 early_stop_start=20 min_delta=0.0005
2026-07-31 02:08:31,327 - portable_sam_fusion - INFO - Epoch 41 learning rates: sat_backbone=2.47e-04, mask_decoder=2.47e-04, shape_prior=2.47e-04, quality_head=2.47e-04, sat_other=2.47e-04
2026-07-31 02:11:18,053 - portable_sam_fusion - INFO - Validation samples: GT=15926, DT=16139, avg_masks_per_image=25.74, avg_mask_fill=0.0047
creating index...
index created!
Loading and preparing results...
DONE (t=0.02s)
creating index...
index created!
Running per image evaluation...
Evaluate annotation type *bbox*
DONE (t=9.94s).
Accumulating evaluation results...
DONE (t=0.15s).
 Average Precision  (AP) @[ IoU=0.50:0.95 | area=   all | maxDets=100 ] = 0.716
 Average Precision  (AP) @[ IoU=0.50      | area=   all | maxDets=100 ] = 0.889
 Average Precision  (AP) @[ IoU=0.75      | area=   all | maxDets=100 ] = 0.828
 Average Precision  (AP) @[ IoU=0.50:0.95 | area= small | maxDets=100 ] = 0.339
 Average Precision  (AP) @[ IoU=0.50:0.95 | area=medium | maxDets=100 ] = 0.760
 Average Precision  (AP) @[ IoU=0.50:0.95 | area= large | maxDets=100 ] = 0.808
 Average Recall     (AR) @[ IoU=0.50:0.95 | area=   all | maxDets=  1 ] = 0.026
 Average Recall     (AR) @[ IoU=0.50:0.95 | area=   all | maxDets= 10 ] = 0.194
 Average Recall     (AR) @[ IoU=0.50:0.95 | area=   all | maxDets=100 ] = 0.761
 Average Recall     (AR) @[ IoU=0.50:0.95 | area= small | maxDets=100 ] = 0.421
 Average Recall     (AR) @[ IoU=0.50:0.95 | area=medium | maxDets=100 ] = 0.804
 Average Recall     (AR) @[ IoU=0.50:0.95 | area= large | maxDets=100 ] = 0.855
2026-07-31 02:11:28,311 - portable_sam_fusion - INFO - Validation bbox/mAP: 0.7164 bbox/mAP_75: 0.8282
Running per image evaluation...
Evaluate annotation type *segm*
DONE (t=10.41s).
Accumulating evaluation results...
DONE (t=0.15s).
 Average Precision  (AP) @[ IoU=0.50:0.95 | area=   all | maxDets=100 ] = 0.639
 Average Precision  (AP) @[ IoU=0.50      | area=   all | maxDets=100 ] = 0.890
 Average Precision  (AP) @[ IoU=0.75      | area=   all | maxDets=100 ] = 0.762
 Average Precision  (AP) @[ IoU=0.50:0.95 | area= small | maxDets=100 ] = 0.237
 Average Precision  (AP) @[ IoU=0.50:0.95 | area=medium | maxDets=100 ] = 0.665
 Average Precision  (AP) @[ IoU=0.50:0.95 | area= large | maxDets=100 ] = 0.790
 Average Recall     (AR) @[ IoU=0.50:0.95 | area=   all | maxDets=  1 ] = 0.025
 Average Recall     (AR) @[ IoU=0.50:0.95 | area=   all | maxDets= 10 ] = 0.182
 Average Recall     (AR) @[ IoU=0.50:0.95 | area=   all | maxDets=100 ] = 0.679
 Average Recall     (AR) @[ IoU=0.50:0.95 | area= small | maxDets=100 ] = 0.301
 Average Recall     (AR) @[ IoU=0.50:0.95 | area=medium | maxDets=100 ] = 0.710
 Average Recall     (AR) @[ IoU=0.50:0.95 | area= large | maxDets=100 ] = 0.831
2026-07-31 02:11:38,903 - portable_sam_fusion - INFO - Validation segm/mAP: 0.6387
2026-07-31 02:11:39,443 - portable_sam_fusion - INFO - Early-stop metric (segm/mAP): raw=0.6387 smooth(5)=0.6326 best=0.6336 counter=5
2026-07-31 02:11:44,518 - portable_sam_fusion - INFO - Epoch 41/80 | train=0.191994 val=disabled segm/mAP=0.6387 bbox/mAP=0.7164 | best_segm=0.6444 best_bbox=0.7177 best_comp=0.0000 | sat_backbone=2.47e-04 mask_decoder=2.47e-04 shape_prior=2.47e-04 quality_head=2.47e-04 sat_other=2.47e-04
2026-07-31 02:12:35,877 - portable_sam_fusion - INFO - [DEBUG-BOX] epoch=42 step=12100 fallback_count=0 fallback_ratio=0 num_rois=64 refined_proposal_iou=0 refined_proposal_iou_sum=0 refined_valid_count=0
2026-07-31 02:12:35,877 - portable_sam_fusion - INFO - [DEBUG-COARSE] epoch=42 step=12100 bce_raw=0.1114 boundary_fn=1807 boundary_fp=1193 boundary_tp=2.222e+04 dice=0.06621 dice_loss_raw=0.06621 iou=0.8767 loss_weight=0.1 raw_boundary_fn=1807 raw_boundary_fp=1193 raw_boundary_tp=2.222e+04 raw_dice_score=0.9338 raw_iou=0.8767 weighted_loss=0.01776
2026-07-31 02:12:35,877 - portable_sam_fusion - INFO - [DEBUG-CONTEXT] epoch=42 step=12100 enabled=0
2026-07-31 02:12:35,877 - portable_sam_fusion - INFO - [DEBUG-JITTER] epoch=42 step=12100 area_ratio_count=64 area_ratio_mean=1 area_ratio_sum=64 fallback_count=0 mean_iou=1 num_jittered=0 num_rois=64
2026-07-31 02:12:35,877 - portable_sam_fusion - INFO - [DEBUG-SP] epoch=42 step=12100 all_invalid_count=0 all_invalid_ratio=0 empty_count=0 empty_ratio=0 full_count=0 full_ratio=0 mean_point_distance=22.58 n1_gt_valid_count=64 n1_in_gt_bg=0.8438 n1_in_gt_bg_count=54 n1_valid_count=64 n1_valid_ratio=1 n2_gt_valid_count=64 n2_in_gt_bg=1 n2_in_gt_bg_count=64 n2_valid_count=64 n2_valid_ratio=1 neg_in_pred_bg=1 neg_in_pred_bg_count=128 negative_pair_count=64 negative_pair_distance_sum=2235 p1_gt_valid_count=64 p1_in_gt_fg=1 p1_in_gt_fg_count=64 p1_valid_count=64 p1_valid_ratio=1 p2_gt_valid_count=64 p2_in_gt_fg=1 p2_in_gt_fg_count=64 p2_valid_count=64 p2_valid_ratio=1 point_distance_sum=2890 point_overlap_count=0 point_overlap_ratio=0 point_pair_count=128 pos_in_pred_fg=1 pos_in_pred_fg_count=128 positive_pair_count=64 positive_pair_distance_sum=655.6 roi_count=64 valid_neg_count=128 valid_pos_count=128 warmup_stage=2
2026-07-31 02:12:56,225 - portable_sam_fusion - INFO - epoch 42 | mini-batch 64/294 | optimizer_step 3050/5920 | lr=2.449e-04
2026-07-31 02:13:30,888 - portable_sam_fusion - INFO - [DEBUG-BOX] epoch=42 step=12150 fallback_count=0 fallback_ratio=0 num_rois=64 refined_proposal_iou=0 refined_proposal_iou_sum=0 refined_valid_count=0
2026-07-31 02:13:30,888 - portable_sam_fusion - INFO - [DEBUG-COARSE] epoch=42 step=12150 bce_raw=0.1809 boundary_fn=2789 boundary_fp=3145 boundary_tp=2.558e+04 dice=0.09186 dice_loss_raw=0.09186 iou=0.8392 loss_weight=0.1 raw_boundary_fn=2789 raw_boundary_fp=3145 raw_boundary_tp=2.558e+04 raw_dice_score=0.9081 raw_iou=0.8392 weighted_loss=0.02728
2026-07-31 02:13:30,888 - portable_sam_fusion - INFO - [DEBUG-CONTEXT] epoch=42 step=12150 enabled=0
2026-07-31 02:13:30,888 - portable_sam_fusion - INFO - [DEBUG-JITTER] epoch=42 step=12150 area_ratio_count=64 area_ratio_mean=1 area_ratio_sum=64 fallback_count=0 mean_iou=1 num_jittered=0 num_rois=64
2026-07-31 02:13:30,888 - portable_sam_fusion - INFO - [DEBUG-SP] epoch=42 step=12150 all_invalid_count=0 all_invalid_ratio=0 empty_count=0 empty_ratio=0 full_count=0 full_ratio=0 mean_point_distance=38.04 n1_gt_valid_count=64 n1_in_gt_bg=0.9062 n1_in_gt_bg_count=58 n1_valid_count=64 n1_valid_ratio=1 n2_gt_valid_count=64 n2_in_gt_bg=1 n2_in_gt_bg_count=64 n2_valid_count=64 n2_valid_ratio=1 neg_in_pred_bg=1 neg_in_pred_bg_count=128 negative_pair_count=64 negative_pair_distance_sum=3607 p1_gt_valid_count=64 p1_in_gt_fg=0.9844 p1_in_gt_fg_count=63 p1_valid_count=64 p1_valid_ratio=1 p2_gt_valid_count=64 p2_in_gt_fg=0.9844 p2_in_gt_fg_count=63 p2_valid_count=64 p2_valid_ratio=1 point_distance_sum=4869 point_overlap_count=0 point_overlap_ratio=0 point_pair_count=128 pos_in_pred_fg=1 pos_in_pred_fg_count=128 positive_pair_count=64 positive_pair_distance_sum=1262 roi_count=64 valid_neg_count=128 valid_pos_count=128 warmup_stage=2
2026-07-31 02:14:24,958 - portable_sam_fusion - INFO - [DEBUG-BOX] epoch=42 step=12200 fallback_count=0 fallback_ratio=0 num_rois=64 refined_proposal_iou=0 refined_proposal_iou_sum=0 refined_valid_count=0
2026-07-31 02:14:24,958 - portable_sam_fusion - INFO - [DEBUG-COARSE] epoch=42 step=12200 bce_raw=0.1389 boundary_fn=1369 boundary_fp=3301 boundary_tp=2.344e+04 dice=0.07311 dice_loss_raw=0.07311 iou=0.872 loss_weight=0.1 raw_boundary_fn=1369 raw_boundary_fp=3301 raw_boundary_tp=2.344e+04 raw_dice_score=0.9269 raw_iou=0.872 weighted_loss=0.02121
2026-07-31 02:14:24,958 - portable_sam_fusion - INFO - [DEBUG-CONTEXT] epoch=42 step=12200 enabled=0
2026-07-31 02:14:24,958 - portable_sam_fusion - INFO - [DEBUG-JITTER] epoch=42 step=12200 area_ratio_count=64 area_ratio_mean=1 area_ratio_sum=64 fallback_count=0 mean_iou=1 num_jittered=0 num_rois=64
2026-07-31 02:14:24,958 - portable_sam_fusion - INFO - [DEBUG-SP] epoch=42 step=12200 all_invalid_count=0 all_invalid_ratio=0 empty_count=0 empty_ratio=0 full_count=0 full_ratio=0 mean_point_distance=68.18 n1_gt_valid_count=64 n1_in_gt_bg=0.75 n1_in_gt_bg_count=48 n1_valid_count=64 n1_valid_ratio=1 n2_gt_valid_count=63 n2_in_gt_bg=1 n2_in_gt_bg_count=63 n2_valid_count=63 n2_valid_ratio=0.9844 neg_in_pred_bg=1 neg_in_pred_bg_count=127 negative_pair_count=63 negative_pair_distance_sum=6052 p1_gt_valid_count=64 p1_in_gt_fg=0.9844 p1_in_gt_fg_count=63 p1_valid_count=64 p1_valid_ratio=1 p2_gt_valid_count=64 p2_in_gt_fg=1 p2_in_gt_fg_count=64 p2_valid_count=64 p2_valid_ratio=1 point_distance_sum=8659 point_overlap_count=0 point_overlap_ratio=0 point_pair_count=127 pos_in_pred_fg=1 pos_in_pred_fg_count=128 positive_pair_count=64 positive_pair_distance_sum=2607 roi_count=64 valid_neg_count=127 valid_pos_count=128 warmup_stage=2
2026-07-31 02:15:19,831 - portable_sam_fusion - INFO - [DEBUG-BOX] epoch=42 step=12250 fallback_count=0 fallback_ratio=0 num_rois=64 refined_proposal_iou=0 refined_proposal_iou_sum=0 refined_valid_count=0
2026-07-31 02:15:19,831 - portable_sam_fusion - INFO - [DEBUG-COARSE] epoch=42 step=12250 bce_raw=0.1202 boundary_fn=2138 boundary_fp=1873 boundary_tp=2.374e+04 dice=0.05716 dice_loss_raw=0.05716 iou=0.893 loss_weight=0.1 raw_boundary_fn=2138 raw_boundary_fp=1873 raw_boundary_tp=2.374e+04 raw_dice_score=0.9428 raw_iou=0.893 weighted_loss=0.01773
2026-07-31 02:15:19,832 - portable_sam_fusion - INFO - [DEBUG-CONTEXT] epoch=42 step=12250 enabled=0
2026-07-31 02:15:19,832 - portable_sam_fusion - INFO - [DEBUG-JITTER] epoch=42 step=12250 area_ratio_count=64 area_ratio_mean=1 area_ratio_sum=64 fallback_count=0 mean_iou=1 num_jittered=0 num_rois=64
2026-07-31 02:15:19,832 - portable_sam_fusion - INFO - [DEBUG-SP] epoch=42 step=12250 all_invalid_count=0 all_invalid_ratio=0 empty_count=0 empty_ratio=0 full_count=0 full_ratio=0 mean_point_distance=48.36 n1_gt_valid_count=64 n1_in_gt_bg=0.8594 n1_in_gt_bg_count=55 n1_valid_count=64 n1_valid_ratio=1 n2_gt_valid_count=64 n2_in_gt_bg=1 n2_in_gt_bg_count=64 n2_valid_count=64 n2_valid_ratio=1 neg_in_pred_bg=1 neg_in_pred_bg_count=128 negative_pair_count=64 negative_pair_distance_sum=4542 p1_gt_valid_count=64 p1_in_gt_fg=1 p1_in_gt_fg_count=64 p1_valid_count=64 p1_valid_ratio=1 p2_gt_valid_count=64 p2_in_gt_fg=1 p2_in_gt_fg_count=64 p2_valid_count=64 p2_valid_ratio=1 point_distance_sum=6191 point_overlap_count=0 point_overlap_ratio=0 point_pair_count=128 pos_in_pred_fg=1 pos_in_pred_fg_count=128 positive_pair_count=64 positive_pair_distance_sum=1649 roi_count=64 valid_neg_count=128 valid_pos_count=128 warmup_stage=2
2026-07-31 02:16:11,919 - portable_sam_fusion - INFO - [DEBUG-BOX] epoch=42 step=12300 fallback_count=0 fallback_ratio=0 num_rois=15 refined_proposal_iou=0 refined_proposal_iou_sum=0 refined_valid_count=0
2026-07-31 02:16:11,919 - portable_sam_fusion - INFO - [DEBUG-COARSE] epoch=42 step=12300 bce_raw=0.204 boundary_fn=1712 boundary_fp=1487 boundary_tp=3676 dice=0.1281 dice_loss_raw=0.1281 iou=0.7735 loss_weight=0.1 raw_boundary_fn=1712 raw_boundary_fp=1487 raw_boundary_tp=3676 raw_dice_score=0.8719 raw_iou=0.7735 weighted_loss=0.03322
2026-07-31 02:16:11,919 - portable_sam_fusion - INFO - [DEBUG-CONTEXT] epoch=42 step=12300 enabled=0
2026-07-31 02:16:11,919 - portable_sam_fusion - INFO - [DEBUG-JITTER] epoch=42 step=12300 area_ratio_count=15 area_ratio_mean=1 area_ratio_sum=15 fallback_count=0 mean_iou=1 num_jittered=0 num_rois=15
2026-07-31 02:16:11,919 - portable_sam_fusion - INFO - [DEBUG-SP] epoch=42 step=12300 all_invalid_count=0 all_invalid_ratio=0 empty_count=0 empty_ratio=0 full_count=0 full_ratio=0 mean_point_distance=10.11 n1_gt_valid_count=15 n1_in_gt_bg=0.5333 n1_in_gt_bg_count=8 n1_valid_count=15 n1_valid_ratio=1 n2_gt_valid_count=15 n2_in_gt_bg=1 n2_in_gt_bg_count=15 n2_valid_count=15 n2_valid_ratio=1 neg_in_pred_bg=1 neg_in_pred_bg_count=30 negative_pair_count=15 negative_pair_distance_sum=259.7 p1_gt_valid_count=15 p1_in_gt_fg=1 p1_in_gt_fg_count=15 p1_valid_count=15 p1_valid_ratio=1 p2_gt_valid_count=15 p2_in_gt_fg=1 p2_in_gt_fg_count=15 p2_valid_count=15 p2_valid_ratio=1 point_distance_sum=303.3 point_overlap_count=0 point_overlap_ratio=0 point_pair_count=30 pos_in_pred_fg=1 pos_in_pred_fg_count=30 positive_pair_count=15 positive_pair_distance_sum=43.55 roi_count=15 valid_neg_count=30 valid_pos_count=30 warmup_stage=2
2026-07-31 02:16:28,935 - portable_sam_fusion - INFO - epoch 42 | mini-batch 264/294 | optimizer_step 3100/5920 | lr=2.381e-04
2026-07-31 02:17:01,520 - portable_sam_fusion - INFO - Epoch 42 detailed losses: loss_rpn_cls=0.0060, loss_rpn_bbox=0.0029, loss_cls=0.1232, acc=95.3978, loss_bbox=0.0457, loss_mask=0.0010, debug_mask_pos_rois=56.2585, debug_mask_logit_mean=-16.2376, debug_mask_logit_std=2.8834, debug_mask_prob_mean=0.0049, debug_mask_prob_ge05=0.0048, debug_mask_target_fill=0.0048, loss_shape_prior=0.0175, schedule/det_weight=1.0000
2026-07-31 02:17:01,520 - portable_sam_fusion - INFO - Epoch 42 primary loss shares: det=90.61% final_mask=0.49% shape=8.90% p2_boundary=0.00%
2026-07-31 02:17:01,520 - portable_sam_fusion - INFO - Epoch 42 schedule: det_loss_weight=1.000 early_stop_start=20 min_delta=0.0005
2026-07-31 02:17:01,520 - portable_sam_fusion - INFO - Epoch 42 learning rates: sat_backbone=2.37e-04, mask_decoder=2.37e-04, shape_prior=2.37e-04, quality_head=2.37e-04, sat_other=2.37e-04
2026-07-31 02:19:49,849 - portable_sam_fusion - INFO - Validation samples: GT=15926, DT=16549, avg_masks_per_image=26.39, avg_mask_fill=0.0045
creating index...
index created!
Loading and preparing results...
DONE (t=0.02s)
creating index...
index created!
Running per image evaluation...
Evaluate annotation type *bbox*
DONE (t=10.34s).
Accumulating evaluation results...
DONE (t=0.15s).
 Average Precision  (AP) @[ IoU=0.50:0.95 | area=   all | maxDets=100 ] = 0.720
 Average Precision  (AP) @[ IoU=0.50      | area=   all | maxDets=100 ] = 0.897
 Average Precision  (AP) @[ IoU=0.75      | area=   all | maxDets=100 ] = 0.827
 Average Precision  (AP) @[ IoU=0.50:0.95 | area= small | maxDets=100 ] = 0.342
 Average Precision  (AP) @[ IoU=0.50:0.95 | area=medium | maxDets=100 ] = 0.759
 Average Precision  (AP) @[ IoU=0.50:0.95 | area= large | maxDets=100 ] = 0.812
 Average Recall     (AR) @[ IoU=0.50:0.95 | area=   all | maxDets=  1 ] = 0.027
 Average Recall     (AR) @[ IoU=0.50:0.95 | area=   all | maxDets= 10 ] = 0.196
 Average Recall     (AR) @[ IoU=0.50:0.95 | area=   all | maxDets=100 ] = 0.766
 Average Recall     (AR) @[ IoU=0.50:0.95 | area= small | maxDets=100 ] = 0.437
 Average Recall     (AR) @[ IoU=0.50:0.95 | area=medium | maxDets=100 ] = 0.808
 Average Recall     (AR) @[ IoU=0.50:0.95 | area= large | maxDets=100 ] = 0.856
2026-07-31 02:20:00,519 - portable_sam_fusion - INFO - Validation bbox/mAP: 0.7197 bbox/mAP_75: 0.8274
Running per image evaluation...
Evaluate annotation type *segm*
DONE (t=10.71s).
Accumulating evaluation results...
DONE (t=0.15s).
 Average Precision  (AP) @[ IoU=0.50:0.95 | area=   all | maxDets=100 ] = 0.632
 Average Precision  (AP) @[ IoU=0.50      | area=   all | maxDets=100 ] = 0.889
 Average Precision  (AP) @[ IoU=0.75      | area=   all | maxDets=100 ] = 0.757
 Average Precision  (AP) @[ IoU=0.50:0.95 | area= small | maxDets=100 ] = 0.236
 Average Precision  (AP) @[ IoU=0.50:0.95 | area=medium | maxDets=100 ] = 0.659
 Average Precision  (AP) @[ IoU=0.50:0.95 | area= large | maxDets=100 ] = 0.788
 Average Recall     (AR) @[ IoU=0.50:0.95 | area=   all | maxDets=  1 ] = 0.025
 Average Recall     (AR) @[ IoU=0.50:0.95 | area=   all | maxDets= 10 ] = 0.180
 Average Recall     (AR) @[ IoU=0.50:0.95 | area=   all | maxDets=100 ] = 0.678
 Average Recall     (AR) @[ IoU=0.50:0.95 | area= small | maxDets=100 ] = 0.306
 Average Recall     (AR) @[ IoU=0.50:0.95 | area=medium | maxDets=100 ] = 0.707
 Average Recall     (AR) @[ IoU=0.50:0.95 | area= large | maxDets=100 ] = 0.829
2026-07-31 02:20:11,412 - portable_sam_fusion - INFO - Validation segm/mAP: 0.6320
2026-07-31 02:20:11,958 - portable_sam_fusion - INFO - New best bbox/mAP: 0.7197
2026-07-31 02:20:11,959 - portable_sam_fusion - INFO - Early-stop metric (segm/mAP): raw=0.6320 smooth(5)=0.6337 best=0.6336 counter=6
2026-07-31 02:20:14,358 - portable_sam_fusion - INFO - Saved best_bbox_model with bbox/mAP: 0.7197
2026-07-31 02:20:19,806 - portable_sam_fusion - INFO - Epoch 42/80 | train=0.196317 val=disabled segm/mAP=0.6320 bbox/mAP=0.7197 | best_segm=0.6444 best_bbox=0.7197 best_comp=0.0000 | sat_backbone=2.37e-04 mask_decoder=2.37e-04 shape_prior=2.37e-04 quality_head=2.37e-04 sat_other=2.37e-04
2026-07-31 02:20:23,765 - portable_sam_fusion - INFO - [DEBUG-BOX] epoch=43 step=12350 fallback_count=0 fallback_ratio=0 num_rois=64 refined_proposal_iou=0 refined_proposal_iou_sum=0 refined_valid_count=0
2026-07-31 02:20:23,766 - portable_sam_fusion - INFO - [DEBUG-COARSE] epoch=43 step=12350 bce_raw=0.1116 boundary_fn=1571 boundary_fp=1159 boundary_tp=2.526e+04 dice=0.06956 dice_loss_raw=0.06956 iou=0.8715 loss_weight=0.1 raw_boundary_fn=1571 raw_boundary_fp=1159 raw_boundary_tp=2.526e+04 raw_dice_score=0.9304 raw_iou=0.8715 weighted_loss=0.01811
2026-07-31 02:20:23,766 - portable_sam_fusion - INFO - [DEBUG-CONTEXT] epoch=43 step=12350 enabled=0
2026-07-31 02:20:23,766 - portable_sam_fusion - INFO - [DEBUG-JITTER] epoch=43 step=12350 area_ratio_count=64 area_ratio_mean=1 area_ratio_sum=64 fallback_count=0 mean_iou=1 num_jittered=0 num_rois=64
2026-07-31 02:20:23,766 - portable_sam_fusion - INFO - [DEBUG-SP] epoch=43 step=12350 all_invalid_count=0 all_invalid_ratio=0 empty_count=0 empty_ratio=0 full_count=0 full_ratio=0 mean_point_distance=49.43 n1_gt_valid_count=64 n1_in_gt_bg=0.9531 n1_in_gt_bg_count=61 n1_valid_count=64 n1_valid_ratio=1 n2_gt_valid_count=64 n2_in_gt_bg=1 n2_in_gt_bg_count=64 n2_valid_count=64 n2_valid_ratio=1 neg_in_pred_bg=1 neg_in_pred_bg_count=128 negative_pair_count=64 negative_pair_distance_sum=4275 p1_gt_valid_count=64 p1_in_gt_fg=1 p1_in_gt_fg_count=64 p1_valid_count=64 p1_valid_ratio=1 p2_gt_valid_count=64 p2_in_gt_fg=1 p2_in_gt_fg_count=64 p2_valid_count=64 p2_valid_ratio=1 point_distance_sum=6327 point_overlap_count=0 point_overlap_ratio=0 point_pair_count=128 pos_in_pred_fg=1 pos_in_pred_fg_count=128 positive_pair_count=64 positive_pair_distance_sum=2052 roi_count=64 valid_neg_count=128 valid_pos_count=128 warmup_stage=2
2026-07-31 02:21:16,673 - portable_sam_fusion - INFO - [DEBUG-BOX] epoch=43 step=12400 fallback_count=0 fallback_ratio=0 num_rois=64 refined_proposal_iou=0 refined_proposal_iou_sum=0 refined_valid_count=0
2026-07-31 02:21:16,673 - portable_sam_fusion - INFO - [DEBUG-COARSE] epoch=43 step=12400 bce_raw=0.1262 boundary_fn=1627 boundary_fp=1910 boundary_tp=2.674e+04 dice=0.07573 dice_loss_raw=0.07573 iou=0.8632 loss_weight=0.1 raw_boundary_fn=1627 raw_boundary_fp=1910 raw_boundary_tp=2.674e+04 raw_dice_score=0.9243 raw_iou=0.8632 weighted_loss=0.0202
2026-07-31 02:21:16,673 - portable_sam_fusion - INFO - [DEBUG-CONTEXT] epoch=43 step=12400 enabled=0
2026-07-31 02:21:16,673 - portable_sam_fusion - INFO - [DEBUG-JITTER] epoch=43 step=12400 area_ratio_count=64 area_ratio_mean=1 area_ratio_sum=64 fallback_count=0 mean_iou=1 num_jittered=0 num_rois=64
2026-07-31 02:21:16,674 - portable_sam_fusion - INFO - [DEBUG-SP] epoch=43 step=12400 all_invalid_count=0 all_invalid_ratio=0 empty_count=0 empty_ratio=0 full_count=0 full_ratio=0 mean_point_distance=32.39 n1_gt_valid_count=64 n1_in_gt_bg=0.9531 n1_in_gt_bg_count=61 n1_valid_count=64 n1_valid_ratio=1 n2_gt_valid_count=64 n2_in_gt_bg=1 n2_in_gt_bg_count=64 n2_valid_count=64 n2_valid_ratio=1 neg_in_pred_bg=1 neg_in_pred_bg_count=128 negative_pair_count=64 negative_pair_distance_sum=2892 p1_gt_valid_count=64 p1_in_gt_fg=1 p1_in_gt_fg_count=64 p1_valid_count=64 p1_valid_ratio=1 p2_gt_valid_count=64 p2_in_gt_fg=1 p2_in_gt_fg_count=64 p2_valid_count=64 p2_valid_ratio=1 point_distance_sum=4146 point_overlap_count=0 point_overlap_ratio=0 point_pair_count=128 pos_in_pred_fg=1 pos_in_pred_fg_count=128 positive_pair_count=64 positive_pair_distance_sum=1254 roi_count=64 valid_neg_count=128 valid_pos_count=128 warmup_stage=2
2026-07-31 02:22:09,461 - portable_sam_fusion - INFO - [DEBUG-BOX] epoch=43 step=12450 fallback_count=0 fallback_ratio=0 num_rois=64 refined_proposal_iou=0 refined_proposal_iou_sum=0 refined_valid_count=0
2026-07-31 02:22:09,461 - portable_sam_fusion - INFO - [DEBUG-COARSE] epoch=43 step=12450 bce_raw=0.1701 boundary_fn=2626 boundary_fp=2775 boundary_tp=2.303e+04 dice=0.07251 dice_loss_raw=0.07251 iou=0.8703 loss_weight=0.1 raw_boundary_fn=2626 raw_boundary_fp=2775 raw_boundary_tp=2.303e+04 raw_dice_score=0.9275 raw_iou=0.8703 weighted_loss=0.02426
2026-07-31 02:22:09,462 - portable_sam_fusion - INFO - [DEBUG-CONTEXT] epoch=43 step=12450 enabled=0
2026-07-31 02:22:09,462 - portable_sam_fusion - INFO - [DEBUG-JITTER] epoch=43 step=12450 area_ratio_count=64 area_ratio_mean=1 area_ratio_sum=64 fallback_count=0 mean_iou=1 num_jittered=0 num_rois=64
2026-07-31 02:22:09,462 - portable_sam_fusion - INFO - [DEBUG-SP] epoch=43 step=12450 all_invalid_count=0 all_invalid_ratio=0 empty_count=0 empty_ratio=0 full_count=0 full_ratio=0 mean_point_distance=23.94 n1_gt_valid_count=64 n1_in_gt_bg=0.7656 n1_in_gt_bg_count=49 n1_valid_count=64 n1_valid_ratio=1 n2_gt_valid_count=64 n2_in_gt_bg=0.9844 n2_in_gt_bg_count=63 n2_valid_count=64 n2_valid_ratio=1 neg_in_pred_bg=1 neg_in_pred_bg_count=128 negative_pair_count=64 negative_pair_distance_sum=2412 p1_gt_valid_count=64 p1_in_gt_fg=0.9844 p1_in_gt_fg_count=63 p1_valid_count=64 p1_valid_ratio=1 p2_gt_valid_count=64 p2_in_gt_fg=0.9844 p2_in_gt_fg_count=63 p2_valid_count=64 p2_valid_ratio=1 point_distance_sum=3064 point_overlap_count=0 point_overlap_ratio=0 point_pair_count=128 pos_in_pred_fg=1 pos_in_pred_fg_count=128 positive_pair_count=64 positive_pair_distance_sum=652.7 roi_count=64 valid_neg_count=128 valid_pos_count=128 warmup_stage=2
2026-07-31 02:23:04,918 - portable_sam_fusion - INFO - [DEBUG-BOX] epoch=43 step=12500 fallback_count=0 fallback_ratio=0 num_rois=64 refined_proposal_iou=0 refined_proposal_iou_sum=0 refined_valid_count=0
2026-07-31 02:23:04,918 - portable_sam_fusion - INFO - [DEBUG-COARSE] epoch=43 step=12500 bce_raw=0.1234 boundary_fn=1667 boundary_fp=2147 boundary_tp=2.246e+04 dice=0.05169 dice_loss_raw=0.05169 iou=0.9027 loss_weight=0.1 raw_boundary_fn=1667 raw_boundary_fp=2147 raw_boundary_tp=2.246e+04 raw_dice_score=0.9483 raw_iou=0.9027 weighted_loss=0.0175
2026-07-31 02:23:04,919 - portable_sam_fusion - INFO - [DEBUG-CONTEXT] epoch=43 step=12500 enabled=0
2026-07-31 02:23:04,919 - portable_sam_fusion - INFO - [DEBUG-JITTER] epoch=43 step=12500 area_ratio_count=64 area_ratio_mean=1 area_ratio_sum=64 fallback_count=0 mean_iou=1 num_jittered=0 num_rois=64
2026-07-31 02:23:04,919 - portable_sam_fusion - INFO - [DEBUG-SP] epoch=43 step=12500 all_invalid_count=0 all_invalid_ratio=0 empty_count=0 empty_ratio=0 full_count=0 full_ratio=0 mean_point_distance=24.74 n1_gt_valid_count=64 n1_in_gt_bg=0.7812 n1_in_gt_bg_count=50 n1_valid_count=64 n1_valid_ratio=1 n2_gt_valid_count=64 n2_in_gt_bg=0.9844 n2_in_gt_bg_count=63 n2_valid_count=64 n2_valid_ratio=1 neg_in_pred_bg=1 neg_in_pred_bg_count=128 negative_pair_count=64 negative_pair_distance_sum=2246 p1_gt_valid_count=64 p1_in_gt_fg=1 p1_in_gt_fg_count=64 p1_valid_count=64 p1_valid_ratio=1 p2_gt_valid_count=64 p2_in_gt_fg=1 p2_in_gt_fg_count=64 p2_valid_count=64 p2_valid_ratio=1 point_distance_sum=3166 point_overlap_count=0 point_overlap_ratio=0 point_pair_count=128 pos_in_pred_fg=1 pos_in_pred_fg_count=128 positive_pair_count=64 positive_pair_distance_sum=920 roi_count=64 valid_neg_count=128 valid_pos_count=128 warmup_stage=2
2026-07-31 02:23:21,656 - portable_sam_fusion - INFO - epoch 43 | mini-batch 168/294 | optimizer_step 3150/5920 | lr=2.314e-04
2026-07-31 02:23:59,627 - portable_sam_fusion - INFO - [DEBUG-BOX] epoch=43 step=12550 fallback_count=0 fallback_ratio=0 num_rois=0 refined_proposal_iou=0 refined_proposal_iou_sum=0 refined_valid_count=0
2026-07-31 02:23:59,628 - portable_sam_fusion - INFO - [DEBUG-COARSE] epoch=43 step=12550 boundary_fn=0 boundary_fp=0 boundary_tp=0 dice=0 iou=0
2026-07-31 02:23:59,628 - portable_sam_fusion - INFO - [DEBUG-CONTEXT] epoch=43 step=12550 enabled=0
2026-07-31 02:23:59,628 - portable_sam_fusion - INFO - [DEBUG-JITTER] epoch=43 step=12550 area_ratio_count=0 area_ratio_mean=0 area_ratio_sum=0 fallback_count=0 mean_iou=0 num_jittered=0 num_rois=0
2026-07-31 02:23:59,628 - portable_sam_fusion - INFO - [DEBUG-SP] epoch=43 step=12550 all_invalid_count=0 all_invalid_ratio=0 empty_count=0 empty_ratio=0 full_count=0 full_ratio=0 mean_point_distance=27.91 n1_gt_valid_count=64 n1_in_gt_bg=0.9531 n1_in_gt_bg_count=61 n1_valid_count=64 n1_valid_ratio=1 n2_gt_valid_count=64 n2_in_gt_bg=1 n2_in_gt_bg_count=64 n2_valid_count=64 n2_valid_ratio=1 neg_in_pred_bg=1 neg_in_pred_bg_count=128 negative_pair_count=64 negative_pair_distance_sum=2631 p1_gt_valid_count=64 p1_in_gt_fg=1 p1_in_gt_fg_count=64 p1_valid_count=64 p1_valid_ratio=1 p2_gt_valid_count=64 p2_in_gt_fg=1 p2_in_gt_fg_count=64 p2_valid_count=64 p2_valid_ratio=1 point_distance_sum=3572 point_overlap_count=0 point_overlap_ratio=0 point_pair_count=128 pos_in_pred_fg=1 pos_in_pred_fg_count=128 positive_pair_count=64 positive_pair_distance_sum=941.3 roi_count=64 valid_neg_count=128 valid_pos_count=128 warmup_stage=2
2026-07-31 02:24:53,321 - portable_sam_fusion - INFO - [DEBUG-BOX] epoch=43 step=12600 fallback_count=0 fallback_ratio=0 num_rois=64 refined_proposal_iou=0 refined_proposal_iou_sum=0 refined_valid_count=0
2026-07-31 02:24:53,321 - portable_sam_fusion - INFO - [DEBUG-COARSE] epoch=43 step=12600 bce_raw=0.131 boundary_fn=1935 boundary_fp=2007 boundary_tp=2.407e+04 dice=0.06692 dice_loss_raw=0.06692 iou=0.8772 loss_weight=0.1 raw_boundary_fn=1935 raw_boundary_fp=2007 raw_boundary_tp=2.407e+04 raw_dice_score=0.9331 raw_iou=0.8772 weighted_loss=0.01979
2026-07-31 02:24:53,321 - portable_sam_fusion - INFO - [DEBUG-CONTEXT] epoch=43 step=12600 enabled=0
2026-07-31 02:24:53,321 - portable_sam_fusion - INFO - [DEBUG-JITTER] epoch=43 step=12600 area_ratio_count=64 area_ratio_mean=1 area_ratio_sum=64 fallback_count=0 mean_iou=1 num_jittered=0 num_rois=64
2026-07-31 02:24:53,321 - portable_sam_fusion - INFO - [DEBUG-SP] epoch=43 step=12600 all_invalid_count=0 all_invalid_ratio=0 empty_count=0 empty_ratio=0 full_count=0 full_ratio=0 mean_point_distance=38.96 n1_gt_valid_count=64 n1_in_gt_bg=0.8281 n1_in_gt_bg_count=53 n1_valid_count=64 n1_valid_ratio=1 n2_gt_valid_count=64 n2_in_gt_bg=0.9844 n2_in_gt_bg_count=63 n2_valid_count=64 n2_valid_ratio=1 neg_in_pred_bg=1 neg_in_pred_bg_count=128 negative_pair_count=64 negative_pair_distance_sum=3612 p1_gt_valid_count=64 p1_in_gt_fg=1 p1_in_gt_fg_count=64 p1_valid_count=64 p1_valid_ratio=1 p2_gt_valid_count=64 p2_in_gt_fg=1 p2_in_gt_fg_count=64 p2_valid_count=64 p2_valid_ratio=1 point_distance_sum=4987 point_overlap_count=0 point_overlap_ratio=0 point_pair_count=128 pos_in_pred_fg=1 pos_in_pred_fg_count=128 positive_pair_count=64 positive_pair_distance_sum=1375 roi_count=64 valid_neg_count=128 valid_pos_count=128 warmup_stage=2
2026-07-31 02:25:38,566 - portable_sam_fusion - INFO - Epoch 43 detailed losses: loss_rpn_cls=0.0058, loss_rpn_bbox=0.0028, loss_cls=0.1206, acc=95.4820, loss_bbox=0.0444, loss_mask=0.0011, debug_mask_pos_rois=56.9456, debug_mask_logit_mean=-17.2277, debug_mask_logit_std=3.0764, debug_mask_prob_mean=0.0056, debug_mask_prob_ge05=0.0055, debug_mask_target_fill=0.0056, loss_shape_prior=0.0180, schedule/det_weight=1.0000
2026-07-31 02:25:38,566 - portable_sam_fusion - INFO - Epoch 43 primary loss shares: det=90.14% final_mask=0.55% shape=9.31% p2_boundary=0.00%
2026-07-31 02:25:38,566 - portable_sam_fusion - INFO - Epoch 43 schedule: det_loss_weight=1.000 early_stop_start=20 min_delta=0.0005
2026-07-31 02:25:38,566 - portable_sam_fusion - INFO - Epoch 43 learning rates: sat_backbone=2.27e-04, mask_decoder=2.27e-04, shape_prior=2.27e-04, quality_head=2.27e-04, sat_other=2.27e-04
2026-07-31 02:28:31,481 - portable_sam_fusion - INFO - Validation samples: GT=15926, DT=16564, avg_masks_per_image=26.42, avg_mask_fill=0.0048
creating index...
index created!
Loading and preparing results...
DONE (t=0.02s)
creating index...
index created!
Running per image evaluation...
Evaluate annotation type *bbox*
DONE (t=10.87s).
Accumulating evaluation results...
DONE (t=0.17s).
 Average Precision  (AP) @[ IoU=0.50:0.95 | area=   all | maxDets=100 ] = 0.722
 Average Precision  (AP) @[ IoU=0.50      | area=   all | maxDets=100 ] = 0.896
 Average Precision  (AP) @[ IoU=0.75      | area=   all | maxDets=100 ] = 0.834
 Average Precision  (AP) @[ IoU=0.50:0.95 | area= small | maxDets=100 ] = 0.346
 Average Precision  (AP) @[ IoU=0.50:0.95 | area=medium | maxDets=100 ] = 0.758
 Average Precision  (AP) @[ IoU=0.50:0.95 | area= large | maxDets=100 ] = 0.819
 Average Recall     (AR) @[ IoU=0.50:0.95 | area=   all | maxDets=  1 ] = 0.027
 Average Recall     (AR) @[ IoU=0.50:0.95 | area=   all | maxDets= 10 ] = 0.197
 Average Recall     (AR) @[ IoU=0.50:0.95 | area=   all | maxDets=100 ] = 0.770
 Average Recall     (AR) @[ IoU=0.50:0.95 | area= small | maxDets=100 ] = 0.443
 Average Recall     (AR) @[ IoU=0.50:0.95 | area=medium | maxDets=100 ] = 0.808
 Average Recall     (AR) @[ IoU=0.50:0.95 | area= large | maxDets=100 ] = 0.867
2026-07-31 02:28:42,733 - portable_sam_fusion - INFO - Validation bbox/mAP: 0.7215 bbox/mAP_75: 0.8342
Running per image evaluation...
Evaluate annotation type *segm*
DONE (t=10.57s).
Accumulating evaluation results...
DONE (t=0.17s).
 Average Precision  (AP) @[ IoU=0.50:0.95 | area=   all | maxDets=100 ] = 0.633
 Average Precision  (AP) @[ IoU=0.50      | area=   all | maxDets=100 ] = 0.889
 Average Precision  (AP) @[ IoU=0.75      | area=   all | maxDets=100 ] = 0.755
 Average Precision  (AP) @[ IoU=0.50:0.95 | area= small | maxDets=100 ] = 0.236
 Average Precision  (AP) @[ IoU=0.50:0.95 | area=medium | maxDets=100 ] = 0.655
 Average Precision  (AP) @[ IoU=0.50:0.95 | area= large | maxDets=100 ] = 0.786
 Average Recall     (AR) @[ IoU=0.50:0.95 | area=   all | maxDets=  1 ] = 0.025
 Average Recall     (AR) @[ IoU=0.50:0.95 | area=   all | maxDets= 10 ] = 0.181
 Average Recall     (AR) @[ IoU=0.50:0.95 | area=   all | maxDets=100 ] = 0.678
 Average Recall     (AR) @[ IoU=0.50:0.95 | area= small | maxDets=100 ] = 0.311
 Average Recall     (AR) @[ IoU=0.50:0.95 | area=medium | maxDets=100 ] = 0.705
 Average Recall     (AR) @[ IoU=0.50:0.95 | area= large | maxDets=100 ] = 0.830
2026-07-31 02:28:53,499 - portable_sam_fusion - INFO - Validation segm/mAP: 0.6328
2026-07-31 02:28:54,073 - portable_sam_fusion - INFO - New best bbox/mAP: 0.7215
2026-07-31 02:28:54,074 - portable_sam_fusion - INFO - Early-stop metric (segm/mAP): raw=0.6328 smooth(5)=0.6333 best=0.6336 counter=7
2026-07-31 02:28:56,531 - portable_sam_fusion - INFO - Saved best_bbox_model with bbox/mAP: 0.7215
2026-07-31 02:29:02,117 - portable_sam_fusion - INFO - Epoch 43/80 | train=0.192746 val=disabled segm/mAP=0.6328 bbox/mAP=0.7215 | best_segm=0.6444 best_bbox=0.7215 best_comp=0.0000 | sat_backbone=2.27e-04 mask_decoder=2.27e-04 shape_prior=2.27e-04 quality_head=2.27e-04 sat_other=2.27e-04
2026-07-31 02:29:11,514 - portable_sam_fusion - INFO - [DEBUG-BOX] epoch=44 step=12650 fallback_count=0 fallback_ratio=0 num_rois=64 refined_proposal_iou=0 refined_proposal_iou_sum=0 refined_valid_count=0
2026-07-31 02:29:11,514 - portable_sam_fusion - INFO - [DEBUG-COARSE] epoch=44 step=12650 bce_raw=0.1512 boundary_fn=2042 boundary_fp=2034 boundary_tp=2.462e+04 dice=0.07933 dice_loss_raw=0.07933 iou=0.8587 loss_weight=0.1 raw_boundary_fn=2042 raw_boundary_fp=2034 raw_boundary_tp=2.462e+04 raw_dice_score=0.9207 raw_iou=0.8587 weighted_loss=0.02305
2026-07-31 02:29:11,514 - portable_sam_fusion - INFO - [DEBUG-CONTEXT] epoch=44 step=12650 enabled=0
2026-07-31 02:29:11,514 - portable_sam_fusion - INFO - [DEBUG-JITTER] epoch=44 step=12650 area_ratio_count=64 area_ratio_mean=1 area_ratio_sum=64 fallback_count=0 mean_iou=1 num_jittered=0 num_rois=64
2026-07-31 02:29:11,514 - portable_sam_fusion - INFO - [DEBUG-SP] epoch=44 step=12650 all_invalid_count=0 all_invalid_ratio=0 empty_count=0 empty_ratio=0 full_count=0 full_ratio=0 mean_point_distance=27.31 n1_gt_valid_count=64 n1_in_gt_bg=0.9531 n1_in_gt_bg_count=61 n1_valid_count=64 n1_valid_ratio=1 n2_gt_valid_count=64 n2_in_gt_bg=1 n2_in_gt_bg_count=64 n2_valid_count=64 n2_valid_ratio=1 neg_in_pred_bg=1 neg_in_pred_bg_count=128 negative_pair_count=64 negative_pair_distance_sum=2709 p1_gt_valid_count=64 p1_in_gt_fg=0.9844 p1_in_gt_fg_count=63 p1_valid_count=64 p1_valid_ratio=1 p2_gt_valid_count=64 p2_in_gt_fg=1 p2_in_gt_fg_count=64 p2_valid_count=64 p2_valid_ratio=1 point_distance_sum=3495 point_overlap_count=0 point_overlap_ratio=0 point_pair_count=128 pos_in_pred_fg=1 pos_in_pred_fg_count=128 positive_pair_count=64 positive_pair_distance_sum=786 roi_count=64 valid_neg_count=128 valid_pos_count=128 warmup_stage=2
2026-07-31 02:30:06,785 - portable_sam_fusion - INFO - [DEBUG-BOX] epoch=44 step=12700 fallback_count=0 fallback_ratio=0 num_rois=64 refined_proposal_iou=0 refined_proposal_iou_sum=0 refined_valid_count=0
2026-07-31 02:30:06,785 - portable_sam_fusion - INFO - [DEBUG-COARSE] epoch=44 step=12700 bce_raw=0.1239 boundary_fn=1736 boundary_fp=1671 boundary_tp=2.436e+04 dice=0.05377 dice_loss_raw=0.05377 iou=0.8993 loss_weight=0.1 raw_boundary_fn=1736 raw_boundary_fp=1671 raw_boundary_tp=2.436e+04 raw_dice_score=0.9462 raw_iou=0.8993 weighted_loss=0.01776
2026-07-31 02:30:06,785 - portable_sam_fusion - INFO - [DEBUG-CONTEXT] epoch=44 step=12700 enabled=0
2026-07-31 02:30:06,785 - portable_sam_fusion - INFO - [DEBUG-JITTER] epoch=44 step=12700 area_ratio_count=64 area_ratio_mean=1 area_ratio_sum=64 fallback_count=0 mean_iou=1 num_jittered=0 num_rois=64
2026-07-31 02:30:06,785 - portable_sam_fusion - INFO - [DEBUG-SP] epoch=44 step=12700 all_invalid_count=0 all_invalid_ratio=0 empty_count=0 empty_ratio=0 full_count=0 full_ratio=0 mean_point_distance=28.09 n1_gt_valid_count=64 n1_in_gt_bg=0.8281 n1_in_gt_bg_count=53 n1_valid_count=64 n1_valid_ratio=1 n2_gt_valid_count=64 n2_in_gt_bg=1 n2_in_gt_bg_count=64 n2_valid_count=64 n2_valid_ratio=1 neg_in_pred_bg=1 neg_in_pred_bg_count=128 negative_pair_count=64 negative_pair_distance_sum=2585 p1_gt_valid_count=64 p1_in_gt_fg=1 p1_in_gt_fg_count=64 p1_valid_count=64 p1_valid_ratio=1 p2_gt_valid_count=64 p2_in_gt_fg=0.9844 p2_in_gt_fg_count=63 p2_valid_count=64 p2_valid_ratio=1 point_distance_sum=3595 point_overlap_count=0 point_overlap_ratio=0 point_pair_count=128 pos_in_pred_fg=1 pos_in_pred_fg_count=128 positive_pair_count=64 positive_pair_distance_sum=1010 roi_count=64 valid_neg_count=128 valid_pos_count=128 warmup_stage=2
2026-07-31 02:30:22,710 - portable_sam_fusion - INFO - epoch 44 | mini-batch 72/294 | optimizer_step 3200/5920 | lr=2.247e-04
2026-07-31 02:31:01,394 - portable_sam_fusion - INFO - [DEBUG-BOX] epoch=44 step=12750 fallback_count=0 fallback_ratio=0 num_rois=64 refined_proposal_iou=0 refined_proposal_iou_sum=0 refined_valid_count=0
2026-07-31 02:31:01,394 - portable_sam_fusion - INFO - [DEBUG-COARSE] epoch=44 step=12750 bce_raw=0.08299 boundary_fn=875 boundary_fp=531 boundary_tp=2.534e+04 dice=0.052 dice_loss_raw=0.052 iou=0.9021 loss_weight=0.1 raw_boundary_fn=875 raw_boundary_fp=531 raw_boundary_tp=2.534e+04 raw_dice_score=0.948 raw_iou=0.9021 weighted_loss=0.0135
2026-07-31 02:31:01,394 - portable_sam_fusion - INFO - [DEBUG-CONTEXT] epoch=44 step=12750 enabled=0
2026-07-31 02:31:01,394 - portable_sam_fusion - INFO - [DEBUG-JITTER] epoch=44 step=12750 area_ratio_count=64 area_ratio_mean=1 area_ratio_sum=64 fallback_count=0 mean_iou=1 num_jittered=0 num_rois=64
2026-07-31 02:31:01,394 - portable_sam_fusion - INFO - [DEBUG-SP] epoch=44 step=12750 all_invalid_count=0 all_invalid_ratio=0 empty_count=0 empty_ratio=0 full_count=0 full_ratio=0 mean_point_distance=25.58 n1_gt_valid_count=64 n1_in_gt_bg=0.9062 n1_in_gt_bg_count=58 n1_valid_count=64 n1_valid_ratio=1 n2_gt_valid_count=64 n2_in_gt_bg=1 n2_in_gt_bg_count=64 n2_valid_count=64 n2_valid_ratio=1 neg_in_pred_bg=1 neg_in_pred_bg_count=128 negative_pair_count=64 negative_pair_distance_sum=2560 p1_gt_valid_count=64 p1_in_gt_fg=1 p1_in_gt_fg_count=64 p1_valid_count=64 p1_valid_ratio=1 p2_gt_valid_count=64 p2_in_gt_fg=1 p2_in_gt_fg_count=64 p2_valid_count=64 p2_valid_ratio=1 point_distance_sum=3274 point_overlap_count=0 point_overlap_ratio=0 point_pair_count=128 pos_in_pred_fg=1 pos_in_pred_fg_count=128 positive_pair_count=64 positive_pair_distance_sum=714.2 roi_count=64 valid_neg_count=128 valid_pos_count=128 warmup_stage=2
2026-07-31 02:31:54,103 - portable_sam_fusion - INFO - [DEBUG-BOX] epoch=44 step=12800 fallback_count=0 fallback_ratio=0 num_rois=64 refined_proposal_iou=0 refined_proposal_iou_sum=0 refined_valid_count=0
2026-07-31 02:31:54,103 - portable_sam_fusion - INFO - [DEBUG-COARSE] epoch=44 step=12800 bce_raw=0.13 boundary_fn=1879 boundary_fp=1778 boundary_tp=2.672e+04 dice=0.07739 dice_loss_raw=0.07739 iou=0.8587 loss_weight=0.1 raw_boundary_fn=1879 raw_boundary_fp=1778 raw_boundary_tp=2.672e+04 raw_dice_score=0.9226 raw_iou=0.8587 weighted_loss=0.02073
2026-07-31 02:31:54,104 - portable_sam_fusion - INFO - [DEBUG-CONTEXT] epoch=44 step=12800 enabled=0
2026-07-31 02:31:54,104 - portable_sam_fusion - INFO - [DEBUG-JITTER] epoch=44 step=12800 area_ratio_count=64 area_ratio_mean=1 area_ratio_sum=64 fallback_count=0 mean_iou=1 num_jittered=0 num_rois=64
2026-07-31 02:31:54,104 - portable_sam_fusion - INFO - [DEBUG-SP] epoch=44 step=12800 all_invalid_count=0 all_invalid_ratio=0 empty_count=0 empty_ratio=0 full_count=0 full_ratio=0 mean_point_distance=35.62 n1_gt_valid_count=64 n1_in_gt_bg=0.9219 n1_in_gt_bg_count=59 n1_valid_count=64 n1_valid_ratio=1 n2_gt_valid_count=64 n2_in_gt_bg=1 n2_in_gt_bg_count=64 n2_valid_count=64 n2_valid_ratio=1 neg_in_pred_bg=1 neg_in_pred_bg_count=128 negative_pair_count=64 negative_pair_distance_sum=3375 p1_gt_valid_count=64 p1_in_gt_fg=1 p1_in_gt_fg_count=64 p1_valid_count=64 p1_valid_ratio=1 p2_gt_valid_count=64 p2_in_gt_fg=1 p2_in_gt_fg_count=64 p2_valid_count=64 p2_valid_ratio=1 point_distance_sum=4559 point_overlap_count=0 point_overlap_ratio=0 point_pair_count=128 pos_in_pred_fg=1 pos_in_pred_fg_count=128 positive_pair_count=64 positive_pair_distance_sum=1184 roi_count=64 valid_neg_count=128 valid_pos_count=128 warmup_stage=2
2026-07-31 02:32:48,126 - portable_sam_fusion - INFO - [DEBUG-BOX] epoch=44 step=12850 fallback_count=0 fallback_ratio=0 num_rois=64 refined_proposal_iou=0 refined_proposal_iou_sum=0 refined_valid_count=0
2026-07-31 02:32:48,126 - portable_sam_fusion - INFO - [DEBUG-COARSE] epoch=44 step=12850 bce_raw=0.1009 boundary_fn=1214 boundary_fp=1162 boundary_tp=2.475e+04 dice=0.04647 dice_loss_raw=0.04647 iou=0.9119 loss_weight=0.1 raw_boundary_fn=1214 raw_boundary_fp=1162 raw_boundary_tp=2.475e+04 raw_dice_score=0.9535 raw_iou=0.9119 weighted_loss=0.01474
2026-07-31 02:32:48,126 - portable_sam_fusion - INFO - [DEBUG-CONTEXT] epoch=44 step=12850 enabled=0
2026-07-31 02:32:48,126 - portable_sam_fusion - INFO - [DEBUG-JITTER] epoch=44 step=12850 area_ratio_count=64 area_ratio_mean=1 area_ratio_sum=64 fallback_count=0 mean_iou=1 num_jittered=0 num_rois=64
2026-07-31 02:32:48,126 - portable_sam_fusion - INFO - [DEBUG-SP] epoch=44 step=12850 all_invalid_count=0 all_invalid_ratio=0 empty_count=0 empty_ratio=0 full_count=0 full_ratio=0 mean_point_distance=31.87 n1_gt_valid_count=64 n1_in_gt_bg=0.875 n1_in_gt_bg_count=56 n1_valid_count=64 n1_valid_ratio=1 n2_gt_valid_count=64 n2_in_gt_bg=1 n2_in_gt_bg_count=64 n2_valid_count=64 n2_valid_ratio=1 neg_in_pred_bg=1 neg_in_pred_bg_count=128 negative_pair_count=64 negative_pair_distance_sum=3133 p1_gt_valid_count=64 p1_in_gt_fg=1 p1_in_gt_fg_count=64 p1_valid_count=64 p1_valid_ratio=1 p2_gt_valid_count=64 p2_in_gt_fg=1 p2_in_gt_fg_count=64 p2_valid_count=64 p2_valid_ratio=1 point_distance_sum=4079 point_overlap_count=0 point_overlap_ratio=0 point_pair_count=128 pos_in_pred_fg=1 pos_in_pred_fg_count=128 positive_pair_count=64 positive_pair_distance_sum=945.8 roi_count=64 valid_neg_count=128 valid_pos_count=128 warmup_stage=2
2026-07-31 02:33:41,107 - portable_sam_fusion - INFO - [DEBUG-BOX] epoch=44 step=12900 fallback_count=0 fallback_ratio=0 num_rois=64 refined_proposal_iou=0 refined_proposal_iou_sum=0 refined_valid_count=0
2026-07-31 02:33:41,107 - portable_sam_fusion - INFO - [DEBUG-COARSE] epoch=44 step=12900 bce_raw=0.1447 boundary_fn=2717 boundary_fp=3568 boundary_tp=2.048e+04 dice=0.05946 dice_loss_raw=0.05946 iou=0.8909 loss_weight=0.1 raw_boundary_fn=2717 raw_boundary_fp=3568 raw_boundary_tp=2.048e+04 raw_dice_score=0.9405 raw_iou=0.8909 weighted_loss=0.02042
2026-07-31 02:33:41,107 - portable_sam_fusion - INFO - [DEBUG-CONTEXT] epoch=44 step=12900 enabled=0
2026-07-31 02:33:41,107 - portable_sam_fusion - INFO - [DEBUG-JITTER] epoch=44 step=12900 area_ratio_count=64 area_ratio_mean=1 area_ratio_sum=64 fallback_count=0 mean_iou=1 num_jittered=0 num_rois=64
2026-07-31 02:33:41,107 - portable_sam_fusion - INFO - [DEBUG-SP] epoch=44 step=12900 all_invalid_count=0 all_invalid_ratio=0 empty_count=0 empty_ratio=0 full_count=2 full_ratio=0.03125 mean_point_distance=24.83 n1_gt_valid_count=62 n1_in_gt_bg=0.8871 n1_in_gt_bg_count=55 n1_valid_count=62 n1_valid_ratio=0.9688 n2_gt_valid_count=62 n2_in_gt_bg=0.9677 n2_in_gt_bg_count=60 n2_valid_count=62 n2_valid_ratio=0.9688 neg_in_pred_bg=1 neg_in_pred_bg_count=124 negative_pair_count=62 negative_pair_distance_sum=2363 p1_gt_valid_count=64 p1_in_gt_fg=1 p1_in_gt_fg_count=64 p1_valid_count=64 p1_valid_ratio=1 p2_gt_valid_count=64 p2_in_gt_fg=1 p2_in_gt_fg_count=64 p2_valid_count=64 p2_valid_ratio=1 point_distance_sum=3128 point_overlap_count=0 point_overlap_ratio=0 point_pair_count=126 pos_in_pred_fg=1 pos_in_pred_fg_count=128 positive_pair_count=64 positive_pair_distance_sum=765 roi_count=64 valid_neg_count=124 valid_pos_count=128 warmup_stage=2
2026-07-31 02:33:56,961 - portable_sam_fusion - INFO - epoch 44 | mini-batch 272/294 | optimizer_step 3250/5920 | lr=2.180e-04
2026-07-31 02:34:20,951 - portable_sam_fusion - INFO - Epoch 44 detailed losses: loss_rpn_cls=0.0054, loss_rpn_bbox=0.0027, loss_cls=0.1141, acc=95.6316, loss_bbox=0.0418, loss_mask=0.0011, debug_mask_pos_rois=56.3537, debug_mask_logit_mean=-16.6248, debug_mask_logit_std=2.8987, debug_mask_prob_mean=0.0051, debug_mask_prob_ge05=0.0051, debug_mask_target_fill=0.0051, loss_shape_prior=0.0178, schedule/det_weight=1.0000
2026-07-31 02:34:20,951 - portable_sam_fusion - INFO - Epoch 44 primary loss shares: det=89.68% final_mask=0.60% shape=9.72% p2_boundary=0.00%
2026-07-31 02:34:20,951 - portable_sam_fusion - INFO - Epoch 44 schedule: det_loss_weight=1.000 early_stop_start=20 min_delta=0.0005
2026-07-31 02:34:20,952 - portable_sam_fusion - INFO - Epoch 44 learning rates: sat_backbone=2.17e-04, mask_decoder=2.17e-04, shape_prior=2.17e-04, quality_head=2.17e-04, sat_other=2.17e-04
2026-07-31 02:37:02,777 - portable_sam_fusion - INFO - Validation samples: GT=15926, DT=15506, avg_masks_per_image=24.73, avg_mask_fill=0.0048
creating index...
index created!
Loading and preparing results...
DONE (t=0.02s)
creating index...
index created!
Running per image evaluation...
Evaluate annotation type *bbox*
DONE (t=10.03s).
Accumulating evaluation results...
DONE (t=0.16s).
 Average Precision  (AP) @[ IoU=0.50:0.95 | area=   all | maxDets=100 ] = 0.710
 Average Precision  (AP) @[ IoU=0.50      | area=   all | maxDets=100 ] = 0.882
 Average Precision  (AP) @[ IoU=0.75      | area=   all | maxDets=100 ] = 0.820
 Average Precision  (AP) @[ IoU=0.50:0.95 | area= small | maxDets=100 ] = 0.329
 Average Precision  (AP) @[ IoU=0.50:0.95 | area=medium | maxDets=100 ] = 0.753
 Average Precision  (AP) @[ IoU=0.50:0.95 | area= large | maxDets=100 ] = 0.803
 Average Recall     (AR) @[ IoU=0.50:0.95 | area=   all | maxDets=  1 ] = 0.026
 Average Recall     (AR) @[ IoU=0.50:0.95 | area=   all | maxDets= 10 ] = 0.191
 Average Recall     (AR) @[ IoU=0.50:0.95 | area=   all | maxDets=100 ] = 0.753
 Average Recall     (AR) @[ IoU=0.50:0.95 | area= small | maxDets=100 ] = 0.410
 Average Recall     (AR) @[ IoU=0.50:0.95 | area=medium | maxDets=100 ] = 0.798
 Average Recall     (AR) @[ IoU=0.50:0.95 | area= large | maxDets=100 ] = 0.843
2026-07-31 02:37:13,140 - portable_sam_fusion - INFO - Validation bbox/mAP: 0.7100 bbox/mAP_75: 0.8203
Running per image evaluation...
Evaluate annotation type *segm*
DONE (t=10.32s).
Accumulating evaluation results...
DONE (t=0.15s).
 Average Precision  (AP) @[ IoU=0.50:0.95 | area=   all | maxDets=100 ] = 0.637
 Average Precision  (AP) @[ IoU=0.50      | area=   all | maxDets=100 ] = 0.883
 Average Precision  (AP) @[ IoU=0.75      | area=   all | maxDets=100 ] = 0.758
 Average Precision  (AP) @[ IoU=0.50:0.95 | area= small | maxDets=100 ] = 0.225
 Average Precision  (AP) @[ IoU=0.50:0.95 | area=medium | maxDets=100 ] = 0.665
 Average Precision  (AP) @[ IoU=0.50:0.95 | area= large | maxDets=100 ] = 0.795
 Average Recall     (AR) @[ IoU=0.50:0.95 | area=   all | maxDets=  1 ] = 0.025
 Average Recall     (AR) @[ IoU=0.50:0.95 | area=   all | maxDets= 10 ] = 0.180
 Average Recall     (AR) @[ IoU=0.50:0.95 | area=   all | maxDets=100 ] = 0.675
 Average Recall     (AR) @[ IoU=0.50:0.95 | area= small | maxDets=100 ] = 0.289
 Average Recall     (AR) @[ IoU=0.50:0.95 | area=medium | maxDets=100 ] = 0.705
 Average Recall     (AR) @[ IoU=0.50:0.95 | area= large | maxDets=100 ] = 0.833
2026-07-31 02:37:23,640 - portable_sam_fusion - INFO - Validation segm/mAP: 0.6372
2026-07-31 02:37:24,265 - portable_sam_fusion - INFO - New best early-stop metric (segm/mAP): raw=0.6372 smooth(5)=0.6370
2026-07-31 02:37:29,669 - portable_sam_fusion - INFO - Epoch 44/80 | train=0.182852 val=disabled segm/mAP=0.6372 bbox/mAP=0.7100 | best_segm=0.6444 best_bbox=0.7215 best_comp=0.0000 | sat_backbone=2.17e-04 mask_decoder=2.17e-04 shape_prior=2.17e-04 quality_head=2.17e-04 sat_other=2.17e-04
2026-07-31 02:37:45,775 - portable_sam_fusion - INFO - [DEBUG-BOX] epoch=45 step=12950 fallback_count=0 fallback_ratio=0 num_rois=64 refined_proposal_iou=0 refined_proposal_iou_sum=0 refined_valid_count=0
2026-07-31 02:37:45,775 - portable_sam_fusion - INFO - [DEBUG-COARSE] epoch=45 step=12950 bce_raw=0.1316 boundary_fn=2103 boundary_fp=2119 boundary_tp=2.274e+04 dice=0.0658 dice_loss_raw=0.0658 iou=0.88 loss_weight=0.1 raw_boundary_fn=2103 raw_boundary_fp=2119 raw_boundary_tp=2.274e+04 raw_dice_score=0.9342 raw_iou=0.88 weighted_loss=0.01974
2026-07-31 02:37:45,775 - portable_sam_fusion - INFO - [DEBUG-CONTEXT] epoch=45 step=12950 enabled=0
2026-07-31 02:37:45,775 - portable_sam_fusion - INFO - [DEBUG-JITTER] epoch=45 step=12950 area_ratio_count=64 area_ratio_mean=1 area_ratio_sum=64 fallback_count=0 mean_iou=1 num_jittered=0 num_rois=64
2026-07-31 02:37:45,775 - portable_sam_fusion - INFO - [DEBUG-SP] epoch=45 step=12950 all_invalid_count=0 all_invalid_ratio=0 empty_count=0 empty_ratio=0 full_count=1 full_ratio=0.01562 mean_point_distance=29.27 n1_gt_valid_count=63 n1_in_gt_bg=0.873 n1_in_gt_bg_count=55 n1_valid_count=63 n1_valid_ratio=0.9844 n2_gt_valid_count=63 n2_in_gt_bg=0.9841 n2_in_gt_bg_count=62 n2_valid_count=63 n2_valid_ratio=0.9844 neg_in_pred_bg=1 neg_in_pred_bg_count=126 negative_pair_count=63 negative_pair_distance_sum=2710 p1_gt_valid_count=64 p1_in_gt_fg=1 p1_in_gt_fg_count=64 p1_valid_count=64 p1_valid_ratio=1 p2_gt_valid_count=64 p2_in_gt_fg=1 p2_in_gt_fg_count=64 p2_valid_count=64 p2_valid_ratio=1 point_distance_sum=3717 point_overlap_count=0 point_overlap_ratio=0 point_pair_count=127 pos_in_pred_fg=1 pos_in_pred_fg_count=128 positive_pair_count=64 positive_pair_distance_sum=1007 roi_count=64 valid_neg_count=126 valid_pos_count=128 warmup_stage=2
2026-07-31 02:38:42,673 - portable_sam_fusion - INFO - [DEBUG-BOX] epoch=45 step=13000 fallback_count=0 fallback_ratio=0 num_rois=64 refined_proposal_iou=0 refined_proposal_iou_sum=0 refined_valid_count=0
2026-07-31 02:38:42,673 - portable_sam_fusion - INFO - [DEBUG-COARSE] epoch=45 step=13000 bce_raw=0.155 boundary_fn=2078 boundary_fp=1964 boundary_tp=2.574e+04 dice=0.08377 dice_loss_raw=0.08377 iou=0.8528 loss_weight=0.1 raw_boundary_fn=2078 raw_boundary_fp=1964 raw_boundary_tp=2.574e+04 raw_dice_score=0.9162 raw_iou=0.8528 weighted_loss=0.02388
2026-07-31 02:38:42,674 - portable_sam_fusion - INFO - [DEBUG-CONTEXT] epoch=45 step=13000 enabled=0
2026-07-31 02:38:42,674 - portable_sam_fusion - INFO - [DEBUG-JITTER] epoch=45 step=13000 area_ratio_count=64 area_ratio_mean=1 area_ratio_sum=64 fallback_count=0 mean_iou=1 num_jittered=0 num_rois=64
2026-07-31 02:38:42,674 - portable_sam_fusion - INFO - [DEBUG-SP] epoch=45 step=13000 all_invalid_count=0 all_invalid_ratio=0 empty_count=0 empty_ratio=0 full_count=0 full_ratio=0 mean_point_distance=32.73 n1_gt_valid_count=64 n1_in_gt_bg=0.8906 n1_in_gt_bg_count=57 n1_valid_count=64 n1_valid_ratio=1 n2_gt_valid_count=64 n2_in_gt_bg=1 n2_in_gt_bg_count=64 n2_valid_count=64 n2_valid_ratio=1 neg_in_pred_bg=1 neg_in_pred_bg_count=128 negative_pair_count=64 negative_pair_distance_sum=3085 p1_gt_valid_count=64 p1_in_gt_fg=0.9844 p1_in_gt_fg_count=63 p1_valid_count=64 p1_valid_ratio=1 p2_gt_valid_count=64 p2_in_gt_fg=0.9844 p2_in_gt_fg_count=63 p2_valid_count=64 p2_valid_ratio=1 point_distance_sum=4189 point_overlap_count=0 point_overlap_ratio=0 point_pair_count=128 pos_in_pred_fg=1 pos_in_pred_fg_count=128 positive_pair_count=64 positive_pair_distance_sum=1104 roi_count=64 valid_neg_count=128 valid_pos_count=128 warmup_stage=2
2026-07-31 02:39:36,850 - portable_sam_fusion - INFO - [DEBUG-BOX] epoch=45 step=13050 fallback_count=0 fallback_ratio=0 num_rois=64 refined_proposal_iou=0 refined_proposal_iou_sum=0 refined_valid_count=0
2026-07-31 02:39:36,850 - portable_sam_fusion - INFO - [DEBUG-COARSE] epoch=45 step=13050 bce_raw=0.1096 boundary_fn=1610 boundary_fp=1818 boundary_tp=2.437e+04 dice=0.05357 dice_loss_raw=0.05357 iou=0.8998 loss_weight=0.1 raw_boundary_fn=1610 raw_boundary_fp=1818 raw_boundary_tp=2.437e+04 raw_dice_score=0.9464 raw_iou=0.8998 weighted_loss=0.01631
2026-07-31 02:39:36,850 - portable_sam_fusion - INFO - [DEBUG-CONTEXT] epoch=45 step=13050 enabled=0
2026-07-31 02:39:36,850 - portable_sam_fusion - INFO - [DEBUG-JITTER] epoch=45 step=13050 area_ratio_count=64 area_ratio_mean=1 area_ratio_sum=64 fallback_count=0 mean_iou=1 num_jittered=0 num_rois=64
2026-07-31 02:39:36,850 - portable_sam_fusion - INFO - [DEBUG-SP] epoch=45 step=13050 all_invalid_count=0 all_invalid_ratio=0 empty_count=0 empty_ratio=0 full_count=0 full_ratio=0 mean_point_distance=31.6 n1_gt_valid_count=64 n1_in_gt_bg=0.875 n1_in_gt_bg_count=56 n1_valid_count=64 n1_valid_ratio=1 n2_gt_valid_count=64 n2_in_gt_bg=0.9844 n2_in_gt_bg_count=63 n2_valid_count=64 n2_valid_ratio=1 neg_in_pred_bg=1 neg_in_pred_bg_count=128 negative_pair_count=64 negative_pair_distance_sum=3121 p1_gt_valid_count=64 p1_in_gt_fg=1 p1_in_gt_fg_count=64 p1_valid_count=64 p1_valid_ratio=1 p2_gt_valid_count=64 p2_in_gt_fg=1 p2_in_gt_fg_count=64 p2_valid_count=64 p2_valid_ratio=1 point_distance_sum=4045 point_overlap_count=0 point_overlap_ratio=0 point_pair_count=128 pos_in_pred_fg=1 pos_in_pred_fg_count=128 positive_pair_count=64 positive_pair_distance_sum=924.8 roi_count=64 valid_neg_count=128 valid_pos_count=128 warmup_stage=2
2026-07-31 02:40:32,627 - portable_sam_fusion - INFO - [DEBUG-BOX] epoch=45 step=13100 fallback_count=0 fallback_ratio=0 num_rois=64 refined_proposal_iou=0 refined_proposal_iou_sum=0 refined_valid_count=0
2026-07-31 02:40:32,627 - portable_sam_fusion - INFO - [DEBUG-COARSE] epoch=45 step=13100 bce_raw=0.1337 boundary_fn=3598 boundary_fp=2679 boundary_tp=2.131e+04 dice=0.0543 dice_loss_raw=0.0543 iou=0.8992 loss_weight=0.1 raw_boundary_fn=3598 raw_boundary_fp=2679 raw_boundary_tp=2.131e+04 raw_dice_score=0.9457 raw_iou=0.8992 weighted_loss=0.01881
2026-07-31 02:40:32,627 - portable_sam_fusion - INFO - [DEBUG-CONTEXT] epoch=45 step=13100 enabled=0
2026-07-31 02:40:32,627 - portable_sam_fusion - INFO - [DEBUG-JITTER] epoch=45 step=13100 area_ratio_count=64 area_ratio_mean=1 area_ratio_sum=64 fallback_count=0 mean_iou=1 num_jittered=0 num_rois=64
2026-07-31 02:40:32,627 - portable_sam_fusion - INFO - [DEBUG-SP] epoch=45 step=13100 all_invalid_count=0 all_invalid_ratio=0 empty_count=0 empty_ratio=0 full_count=0 full_ratio=0 mean_point_distance=38.42 n1_gt_valid_count=64 n1_in_gt_bg=0.6406 n1_in_gt_bg_count=41 n1_valid_count=64 n1_valid_ratio=1 n2_gt_valid_count=63 n2_in_gt_bg=0.9841 n2_in_gt_bg_count=62 n2_valid_count=63 n2_valid_ratio=0.9844 neg_in_pred_bg=1 neg_in_pred_bg_count=127 negative_pair_count=63 negative_pair_distance_sum=3540 p1_gt_valid_count=64 p1_in_gt_fg=1 p1_in_gt_fg_count=64 p1_valid_count=64 p1_valid_ratio=1 p2_gt_valid_count=64 p2_in_gt_fg=1 p2_in_gt_fg_count=64 p2_valid_count=64 p2_valid_ratio=1 point_distance_sum=4880 point_overlap_count=0 point_overlap_ratio=0 point_pair_count=127 pos_in_pred_fg=1 pos_in_pred_fg_count=128 positive_pair_count=64 positive_pair_distance_sum=1339 roi_count=64 valid_neg_count=127 valid_pos_count=128 warmup_stage=2
2026-07-31 02:40:45,157 - portable_sam_fusion - INFO - epoch 45 | mini-batch 176/294 | optimizer_step 3300/5920 | lr=2.113e-04
2026-07-31 02:41:26,201 - portable_sam_fusion - INFO - [DEBUG-BOX] epoch=45 step=13150 fallback_count=0 fallback_ratio=0 num_rois=64 refined_proposal_iou=0 refined_proposal_iou_sum=0 refined_valid_count=0
2026-07-31 02:41:26,201 - portable_sam_fusion - INFO - [DEBUG-COARSE] epoch=45 step=13150 bce_raw=0.1328 boundary_fn=2094 boundary_fp=1918 boundary_tp=2.317e+04 dice=0.05015 dice_loss_raw=0.05015 iou=0.9057 loss_weight=0.1 raw_boundary_fn=2094 raw_boundary_fp=1918 raw_boundary_tp=2.317e+04 raw_dice_score=0.9498 raw_iou=0.9057 weighted_loss=0.0183
2026-07-31 02:41:26,201 - portable_sam_fusion - INFO - [DEBUG-CONTEXT] epoch=45 step=13150 enabled=0
2026-07-31 02:41:26,201 - portable_sam_fusion - INFO - [DEBUG-JITTER] epoch=45 step=13150 area_ratio_count=64 area_ratio_mean=1 area_ratio_sum=64 fallback_count=0 mean_iou=1 num_jittered=0 num_rois=64
2026-07-31 02:41:26,201 - portable_sam_fusion - INFO - [DEBUG-SP] epoch=45 step=13150 all_invalid_count=0 all_invalid_ratio=0 empty_count=0 empty_ratio=0 full_count=0 full_ratio=0 mean_point_distance=29.47 n1_gt_valid_count=64 n1_in_gt_bg=0.8281 n1_in_gt_bg_count=53 n1_valid_count=64 n1_valid_ratio=1 n2_gt_valid_count=64 n2_in_gt_bg=1 n2_in_gt_bg_count=64 n2_valid_count=64 n2_valid_ratio=1 neg_in_pred_bg=1 neg_in_pred_bg_count=128 negative_pair_count=64 negative_pair_distance_sum=2813 p1_gt_valid_count=64 p1_in_gt_fg=1 p1_in_gt_fg_count=64 p1_valid_count=64 p1_valid_ratio=1 p2_gt_valid_count=64 p2_in_gt_fg=1 p2_in_gt_fg_count=64 p2_valid_count=64 p2_valid_ratio=1 point_distance_sum=3773 point_overlap_count=0 point_overlap_ratio=0 point_pair_count=128 pos_in_pred_fg=1 pos_in_pred_fg_count=128 positive_pair_count=64 positive_pair_distance_sum=959.5 roi_count=64 valid_neg_count=128 valid_pos_count=128 warmup_stage=2
2026-07-31 02:42:21,279 - portable_sam_fusion - INFO - [DEBUG-BOX] epoch=45 step=13200 fallback_count=0 fallback_ratio=0 num_rois=64 refined_proposal_iou=0 refined_proposal_iou_sum=0 refined_valid_count=0
2026-07-31 02:42:21,279 - portable_sam_fusion - INFO - [DEBUG-COARSE] epoch=45 step=13200 bce_raw=0.1195 boundary_fn=1638 boundary_fp=1778 boundary_tp=2.658e+04 dice=0.07029 dice_loss_raw=0.07029 iou=0.8716 loss_weight=0.1 raw_boundary_fn=1638 raw_boundary_fp=1778 raw_boundary_tp=2.658e+04 raw_dice_score=0.9297 raw_iou=0.8716 weighted_loss=0.01898
2026-07-31 02:42:21,279 - portable_sam_fusion - INFO - [DEBUG-CONTEXT] epoch=45 step=13200 enabled=0
2026-07-31 02:42:21,279 - portable_sam_fusion - INFO - [DEBUG-JITTER] epoch=45 step=13200 area_ratio_count=64 area_ratio_mean=1 area_ratio_sum=64 fallback_count=0 mean_iou=1 num_jittered=0 num_rois=64
2026-07-31 02:42:21,279 - portable_sam_fusion - INFO - [DEBUG-SP] epoch=45 step=13200 all_invalid_count=0 all_invalid_ratio=0 empty_count=0 empty_ratio=0 full_count=0 full_ratio=0 mean_point_distance=30.94 n1_gt_valid_count=64 n1_in_gt_bg=0.9688 n1_in_gt_bg_count=62 n1_valid_count=64 n1_valid_ratio=1 n2_gt_valid_count=64 n2_in_gt_bg=1 n2_in_gt_bg_count=64 n2_valid_count=64 n2_valid_ratio=1 neg_in_pred_bg=1 neg_in_pred_bg_count=128 negative_pair_count=64 negative_pair_distance_sum=3014 p1_gt_valid_count=64 p1_in_gt_fg=1 p1_in_gt_fg_count=64 p1_valid_count=64 p1_valid_ratio=1 p2_gt_valid_count=64 p2_in_gt_fg=1 p2_in_gt_fg_count=64 p2_valid_count=64 p2_valid_ratio=1 point_distance_sum=3961 point_overlap_count=0 point_overlap_ratio=0 point_pair_count=128 pos_in_pred_fg=1 pos_in_pred_fg_count=128 positive_pair_count=64 positive_pair_distance_sum=946.9 roi_count=64 valid_neg_count=128 valid_pos_count=128 warmup_stage=2
2026-07-31 02:42:51,527 - portable_sam_fusion - INFO - Epoch 45 detailed losses: loss_rpn_cls=0.0056, loss_rpn_bbox=0.0027, loss_cls=0.1186, acc=95.4897, loss_bbox=0.0451, loss_mask=0.0010, schedule/det_weight=1.0000, debug_mask_pos_rois=57.4558, debug_mask_logit_mean=-17.0058, debug_mask_logit_std=2.9856, debug_mask_prob_mean=0.0053, debug_mask_prob_ge05=0.0053, debug_mask_target_fill=0.0053, loss_shape_prior=0.0177
2026-07-31 02:42:51,527 - portable_sam_fusion - INFO - Epoch 45 primary loss shares: det=90.18% final_mask=0.54% shape=9.28% p2_boundary=0.00%
2026-07-31 02:42:51,527 - portable_sam_fusion - INFO - Epoch 45 schedule: det_loss_weight=1.000 early_stop_start=20 min_delta=0.0005
2026-07-31 02:42:51,527 - portable_sam_fusion - INFO - Epoch 45 learning rates: sat_backbone=2.07e-04, mask_decoder=2.07e-04, shape_prior=2.07e-04, quality_head=2.07e-04, sat_other=2.07e-04
2026-07-31 02:45:39,628 - portable_sam_fusion - INFO - Validation samples: GT=15926, DT=15977, avg_masks_per_image=25.48, avg_mask_fill=0.0047
creating index...
index created!
Loading and preparing results...
DONE (t=0.02s)
creating index...
index created!
Running per image evaluation...
Evaluate annotation type *bbox*
DONE (t=10.31s).
Accumulating evaluation results...
DONE (t=0.15s).
 Average Precision  (AP) @[ IoU=0.50:0.95 | area=   all | maxDets=100 ] = 0.728
 Average Precision  (AP) @[ IoU=0.50      | area=   all | maxDets=100 ] = 0.892
 Average Precision  (AP) @[ IoU=0.75      | area=   all | maxDets=100 ] = 0.830
 Average Precision  (AP) @[ IoU=0.50:0.95 | area= small | maxDets=100 ] = 0.351
 Average Precision  (AP) @[ IoU=0.50:0.95 | area=medium | maxDets=100 ] = 0.767
 Average Precision  (AP) @[ IoU=0.50:0.95 | area= large | maxDets=100 ] = 0.829
 Average Recall     (AR) @[ IoU=0.50:0.95 | area=   all | maxDets=  1 ] = 0.027
 Average Recall     (AR) @[ IoU=0.50:0.95 | area=   all | maxDets= 10 ] = 0.197
 Average Recall     (AR) @[ IoU=0.50:0.95 | area=   all | maxDets=100 ] = 0.772
 Average Recall     (AR) @[ IoU=0.50:0.95 | area= small | maxDets=100 ] = 0.433
 Average Recall     (AR) @[ IoU=0.50:0.95 | area=medium | maxDets=100 ] = 0.813
 Average Recall     (AR) @[ IoU=0.50:0.95 | area= large | maxDets=100 ] = 0.869
2026-07-31 02:45:50,255 - portable_sam_fusion - INFO - Validation bbox/mAP: 0.7277 bbox/mAP_75: 0.8303
Running per image evaluation...
Evaluate annotation type *segm*
DONE (t=10.52s).
Accumulating evaluation results...
DONE (t=0.16s).
 Average Precision  (AP) @[ IoU=0.50:0.95 | area=   all | maxDets=100 ] = 0.632
 Average Precision  (AP) @[ IoU=0.50      | area=   all | maxDets=100 ] = 0.893
 Average Precision  (AP) @[ IoU=0.75      | area=   all | maxDets=100 ] = 0.761
 Average Precision  (AP) @[ IoU=0.50:0.95 | area= small | maxDets=100 ] = 0.237
 Average Precision  (AP) @[ IoU=0.50:0.95 | area=medium | maxDets=100 ] = 0.657
 Average Precision  (AP) @[ IoU=0.50:0.95 | area= large | maxDets=100 ] = 0.789
 Average Recall     (AR) @[ IoU=0.50:0.95 | area=   all | maxDets=  1 ] = 0.025
 Average Recall     (AR) @[ IoU=0.50:0.95 | area=   all | maxDets= 10 ] = 0.179
 Average Recall     (AR) @[ IoU=0.50:0.95 | area=   all | maxDets=100 ] = 0.673
 Average Recall     (AR) @[ IoU=0.50:0.95 | area= small | maxDets=100 ] = 0.298
 Average Recall     (AR) @[ IoU=0.50:0.95 | area=medium | maxDets=100 ] = 0.703
 Average Recall     (AR) @[ IoU=0.50:0.95 | area= large | maxDets=100 ] = 0.827
2026-07-31 02:46:00,960 - portable_sam_fusion - INFO - Validation segm/mAP: 0.6324
2026-07-31 02:46:01,527 - portable_sam_fusion - INFO - New best bbox/mAP: 0.7277
2026-07-31 02:46:01,527 - portable_sam_fusion - INFO - Early-stop metric (segm/mAP): raw=0.6324 smooth(5)=0.6346 best=0.6370 counter=1
2026-07-31 02:46:03,864 - portable_sam_fusion - INFO - Saved best_bbox_model with bbox/mAP: 0.7277
2026-07-31 02:46:09,052 - portable_sam_fusion - INFO - Epoch 45/80 | train=0.190744 val=disabled segm/mAP=0.6324 bbox/mAP=0.7277 | best_segm=0.6444 best_bbox=0.7277 best_comp=0.0000 | sat_backbone=2.07e-04 mask_decoder=2.07e-04 shape_prior=2.07e-04 quality_head=2.07e-04 sat_other=2.07e-04
2026-07-31 02:46:32,159 - portable_sam_fusion - INFO - [DEBUG-BOX] epoch=46 step=13250 fallback_count=0 fallback_ratio=0 num_rois=64 refined_proposal_iou=0 refined_proposal_iou_sum=0 refined_valid_count=0
2026-07-31 02:46:32,159 - portable_sam_fusion - INFO - [DEBUG-COARSE] epoch=46 step=13250 bce_raw=0.1309 boundary_fn=2035 boundary_fp=2118 boundary_tp=2.632e+04 dice=0.08356 dice_loss_raw=0.08356 iou=0.8487 loss_weight=0.1 raw_boundary_fn=2035 raw_boundary_fp=2118 raw_boundary_tp=2.632e+04 raw_dice_score=0.9164 raw_iou=0.8487 weighted_loss=0.02145
2026-07-31 02:46:32,159 - portable_sam_fusion - INFO - [DEBUG-CONTEXT] epoch=46 step=13250 enabled=0
2026-07-31 02:46:32,159 - portable_sam_fusion - INFO - [DEBUG-JITTER] epoch=46 step=13250 area_ratio_count=64 area_ratio_mean=1 area_ratio_sum=64 fallback_count=0 mean_iou=1 num_jittered=0 num_rois=64
2026-07-31 02:46:32,159 - portable_sam_fusion - INFO - [DEBUG-SP] epoch=46 step=13250 all_invalid_count=0 all_invalid_ratio=0 empty_count=0 empty_ratio=0 full_count=0 full_ratio=0 mean_point_distance=31.83 n1_gt_valid_count=64 n1_in_gt_bg=0.9062 n1_in_gt_bg_count=58 n1_valid_count=64 n1_valid_ratio=1 n2_gt_valid_count=64 n2_in_gt_bg=1 n2_in_gt_bg_count=64 n2_valid_count=64 n2_valid_ratio=1 neg_in_pred_bg=1 neg_in_pred_bg_count=128 negative_pair_count=64 negative_pair_distance_sum=3205 p1_gt_valid_count=64 p1_in_gt_fg=1 p1_in_gt_fg_count=64 p1_valid_count=64 p1_valid_ratio=1 p2_gt_valid_count=64 p2_in_gt_fg=1 p2_in_gt_fg_count=64 p2_valid_count=64 p2_valid_ratio=1 point_distance_sum=4074 point_overlap_count=0 point_overlap_ratio=0 point_pair_count=128 pos_in_pred_fg=1 pos_in_pred_fg_count=128 positive_pair_count=64 positive_pair_distance_sum=868.7 roi_count=64 valid_neg_count=128 valid_pos_count=128 warmup_stage=2
2026-07-31 02:47:26,287 - portable_sam_fusion - INFO - [DEBUG-BOX] epoch=46 step=13300 fallback_count=0 fallback_ratio=0 num_rois=64 refined_proposal_iou=0 refined_proposal_iou_sum=0 refined_valid_count=0
2026-07-31 02:47:26,287 - portable_sam_fusion - INFO - [DEBUG-COARSE] epoch=46 step=13300 bce_raw=0.1635 boundary_fn=2871 boundary_fp=2716 boundary_tp=2.461e+04 dice=0.09864 dice_loss_raw=0.09864 iou=0.831 loss_weight=0.1 raw_boundary_fn=2871 raw_boundary_fp=2716 raw_boundary_tp=2.461e+04 raw_dice_score=0.9014 raw_iou=0.831 weighted_loss=0.02622
2026-07-31 02:47:26,287 - portable_sam_fusion - INFO - [DEBUG-CONTEXT] epoch=46 step=13300 enabled=0
2026-07-31 02:47:26,287 - portable_sam_fusion - INFO - [DEBUG-JITTER] epoch=46 step=13300 area_ratio_count=64 area_ratio_mean=1 area_ratio_sum=64 fallback_count=0 mean_iou=1 num_jittered=0 num_rois=64
2026-07-31 02:47:26,287 - portable_sam_fusion - INFO - [DEBUG-SP] epoch=46 step=13300 all_invalid_count=0 all_invalid_ratio=0 empty_count=0 empty_ratio=0 full_count=0 full_ratio=0 mean_point_distance=33.11 n1_gt_valid_count=64 n1_in_gt_bg=0.7812 n1_in_gt_bg_count=50 n1_valid_count=64 n1_valid_ratio=1 n2_gt_valid_count=64 n2_in_gt_bg=1 n2_in_gt_bg_count=64 n2_valid_count=64 n2_valid_ratio=1 neg_in_pred_bg=1 neg_in_pred_bg_count=128 negative_pair_count=64 negative_pair_distance_sum=3066 p1_gt_valid_count=64 p1_in_gt_fg=1 p1_in_gt_fg_count=64 p1_valid_count=64 p1_valid_ratio=1 p2_gt_valid_count=64 p2_in_gt_fg=0.9844 p2_in_gt_fg_count=63 p2_valid_count=64 p2_valid_ratio=1 point_distance_sum=4238 point_overlap_count=0 point_overlap_ratio=0 point_pair_count=128 pos_in_pred_fg=1 pos_in_pred_fg_count=128 positive_pair_count=64 positive_pair_distance_sum=1172 roi_count=64 valid_neg_count=128 valid_pos_count=128 warmup_stage=2
2026-07-31 02:47:35,965 - portable_sam_fusion - INFO - epoch 46 | mini-batch 80/294 | optimizer_step 3350/5920 | lr=2.047e-04
2026-07-31 02:48:19,014 - portable_sam_fusion - INFO - [DEBUG-BOX] epoch=46 step=13350 fallback_count=0 fallback_ratio=0 num_rois=23 refined_proposal_iou=0 refined_proposal_iou_sum=0 refined_valid_count=0
2026-07-31 02:48:19,014 - portable_sam_fusion - INFO - [DEBUG-COARSE] epoch=46 step=13350 bce_raw=0.09111 boundary_fn=397 boundary_fp=236 boundary_tp=7563 dice=0.07354 dice_loss_raw=0.07354 iou=0.8632 loss_weight=0.1 raw_boundary_fn=397 raw_boundary_fp=236 raw_boundary_tp=7563 raw_dice_score=0.9265 raw_iou=0.8632 weighted_loss=0.01646
2026-07-31 02:48:19,014 - portable_sam_fusion - INFO - [DEBUG-CONTEXT] epoch=46 step=13350 enabled=0
2026-07-31 02:48:19,014 - portable_sam_fusion - INFO - [DEBUG-JITTER] epoch=46 step=13350 area_ratio_count=23 area_ratio_mean=1 area_ratio_sum=23 fallback_count=0 mean_iou=1 num_jittered=0 num_rois=23
2026-07-31 02:48:19,014 - portable_sam_fusion - INFO - [DEBUG-SP] epoch=46 step=13350 all_invalid_count=0 all_invalid_ratio=0 empty_count=0 empty_ratio=0 full_count=0 full_ratio=0 mean_point_distance=7.278 n1_gt_valid_count=23 n1_in_gt_bg=0.6957 n1_in_gt_bg_count=16 n1_valid_count=23 n1_valid_ratio=1 n2_gt_valid_count=23 n2_in_gt_bg=1 n2_in_gt_bg_count=23 n2_valid_count=23 n2_valid_ratio=1 neg_in_pred_bg=1 neg_in_pred_bg_count=46 negative_pair_count=23 negative_pair_distance_sum=238.4 p1_gt_valid_count=23 p1_in_gt_fg=1 p1_in_gt_fg_count=23 p1_valid_count=23 p1_valid_ratio=1 p2_gt_valid_count=23 p2_in_gt_fg=1 p2_in_gt_fg_count=23 p2_valid_count=23 p2_valid_ratio=1 point_distance_sum=334.8 point_overlap_count=0 point_overlap_ratio=0 point_pair_count=46 pos_in_pred_fg=1 pos_in_pred_fg_count=46 positive_pair_count=23 positive_pair_distance_sum=96.42 roi_count=23 valid_neg_count=46 valid_pos_count=46 warmup_stage=2
2026-07-31 02:49:13,619 - portable_sam_fusion - INFO - [DEBUG-BOX] epoch=46 step=13400 fallback_count=0 fallback_ratio=0 num_rois=64 refined_proposal_iou=0 refined_proposal_iou_sum=0 refined_valid_count=0
2026-07-31 02:49:13,619 - portable_sam_fusion - INFO - [DEBUG-COARSE] epoch=46 step=13400 bce_raw=0.1305 boundary_fn=1901 boundary_fp=1289 boundary_tp=2.63e+04 dice=0.05637 dice_loss_raw=0.05637 iou=0.8959 loss_weight=0.1 raw_boundary_fn=1901 raw_boundary_fp=1289 raw_boundary_tp=2.63e+04 raw_dice_score=0.9436 raw_iou=0.8959 weighted_loss=0.01868
2026-07-31 02:49:13,619 - portable_sam_fusion - INFO - [DEBUG-CONTEXT] epoch=46 step=13400 enabled=0
2026-07-31 02:49:13,619 - portable_sam_fusion - INFO - [DEBUG-JITTER] epoch=46 step=13400 area_ratio_count=64 area_ratio_mean=1 area_ratio_sum=64 fallback_count=0 mean_iou=1 num_jittered=0 num_rois=64
2026-07-31 02:49:13,619 - portable_sam_fusion - INFO - [DEBUG-SP] epoch=46 step=13400 all_invalid_count=0 all_invalid_ratio=0 empty_count=0 empty_ratio=0 full_count=0 full_ratio=0 mean_point_distance=42.41 n1_gt_valid_count=64 n1_in_gt_bg=0.9531 n1_in_gt_bg_count=61 n1_valid_count=64 n1_valid_ratio=1 n2_gt_valid_count=64 n2_in_gt_bg=1 n2_in_gt_bg_count=64 n2_valid_count=64 n2_valid_ratio=1 neg_in_pred_bg=1 neg_in_pred_bg_count=128 negative_pair_count=64 negative_pair_distance_sum=4014 p1_gt_valid_count=64 p1_in_gt_fg=1 p1_in_gt_fg_count=64 p1_valid_count=64 p1_valid_ratio=1 p2_gt_valid_count=64 p2_in_gt_fg=1 p2_in_gt_fg_count=64 p2_valid_count=64 p2_valid_ratio=1 point_distance_sum=5428 point_overlap_count=0 point_overlap_ratio=0 point_pair_count=128 pos_in_pred_fg=1 pos_in_pred_fg_count=128 positive_pair_count=64 positive_pair_distance_sum=1414 roi_count=64 valid_neg_count=128 valid_pos_count=128 warmup_stage=2
2026-07-31 02:50:05,162 - portable_sam_fusion - INFO - [DEBUG-BOX] epoch=46 step=13450 fallback_count=0 fallback_ratio=0 num_rois=64 refined_proposal_iou=0 refined_proposal_iou_sum=0 refined_valid_count=0
2026-07-31 02:50:05,162 - portable_sam_fusion - INFO - [DEBUG-COARSE] epoch=46 step=13450 bce_raw=0.1171 boundary_fn=1578 boundary_fp=1342 boundary_tp=2.489e+04 dice=0.05245 dice_loss_raw=0.05245 iou=0.9013 loss_weight=0.1 raw_boundary_fn=1578 raw_boundary_fp=1342 raw_boundary_tp=2.489e+04 raw_dice_score=0.9475 raw_iou=0.9013 weighted_loss=0.01695
2026-07-31 02:50:05,162 - portable_sam_fusion - INFO - [DEBUG-CONTEXT] epoch=46 step=13450 enabled=0
2026-07-31 02:50:05,162 - portable_sam_fusion - INFO - [DEBUG-JITTER] epoch=46 step=13450 area_ratio_count=64 area_ratio_mean=1 area_ratio_sum=64 fallback_count=0 mean_iou=1 num_jittered=0 num_rois=64
2026-07-31 02:50:05,163 - portable_sam_fusion - INFO - [DEBUG-SP] epoch=46 step=13450 all_invalid_count=0 all_invalid_ratio=0 empty_count=0 empty_ratio=0 full_count=0 full_ratio=0 mean_point_distance=37.92 n1_gt_valid_count=64 n1_in_gt_bg=0.7656 n1_in_gt_bg_count=49 n1_valid_count=64 n1_valid_ratio=1 n2_gt_valid_count=64 n2_in_gt_bg=1 n2_in_gt_bg_count=64 n2_valid_count=64 n2_valid_ratio=1 neg_in_pred_bg=1 neg_in_pred_bg_count=128 negative_pair_count=64 negative_pair_distance_sum=3531 p1_gt_valid_count=64 p1_in_gt_fg=1 p1_in_gt_fg_count=64 p1_valid_count=64 p1_valid_ratio=1 p2_gt_valid_count=64 p2_in_gt_fg=1 p2_in_gt_fg_count=64 p2_valid_count=64 p2_valid_ratio=1 point_distance_sum=4854 point_overlap_count=0 point_overlap_ratio=0 point_pair_count=128 pos_in_pred_fg=1 pos_in_pred_fg_count=128 positive_pair_count=64 positive_pair_distance_sum=1322 roi_count=64 valid_neg_count=128 valid_pos_count=128 warmup_stage=2
2026-07-31 02:51:01,128 - portable_sam_fusion - INFO - [DEBUG-BOX] epoch=46 step=13500 fallback_count=0 fallback_ratio=0 num_rois=0 refined_proposal_iou=0 refined_proposal_iou_sum=0 refined_valid_count=0
2026-07-31 02:51:01,128 - portable_sam_fusion - INFO - [DEBUG-COARSE] epoch=46 step=13500 boundary_fn=0 boundary_fp=0 boundary_tp=0 dice=0 iou=0
2026-07-31 02:51:01,128 - portable_sam_fusion - INFO - [DEBUG-CONTEXT] epoch=46 step=13500 enabled=0
2026-07-31 02:51:01,128 - portable_sam_fusion - INFO - [DEBUG-JITTER] epoch=46 step=13500 area_ratio_count=0 area_ratio_mean=0 area_ratio_sum=0 fallback_count=0 mean_iou=0 num_jittered=0 num_rois=0
2026-07-31 02:51:01,128 - portable_sam_fusion - INFO - [DEBUG-SP] epoch=46 step=13500 all_invalid_count=0 all_invalid_ratio=0 empty_count=0 empty_ratio=0 full_count=0 full_ratio=0 mean_point_distance=24.55 n1_gt_valid_count=64 n1_in_gt_bg=0.9375 n1_in_gt_bg_count=60 n1_valid_count=64 n1_valid_ratio=1 n2_gt_valid_count=64 n2_in_gt_bg=1 n2_in_gt_bg_count=64 n2_valid_count=64 n2_valid_ratio=1 neg_in_pred_bg=1 neg_in_pred_bg_count=128 negative_pair_count=64 negative_pair_distance_sum=2462 p1_gt_valid_count=64 p1_in_gt_fg=1 p1_in_gt_fg_count=64 p1_valid_count=64 p1_valid_ratio=1 p2_gt_valid_count=64 p2_in_gt_fg=1 p2_in_gt_fg_count=64 p2_valid_count=64 p2_valid_ratio=1 point_distance_sum=3143 point_overlap_count=0 point_overlap_ratio=0 point_pair_count=128 pos_in_pred_fg=1 pos_in_pred_fg_count=128 positive_pair_count=64 positive_pair_distance_sum=680.4 roi_count=64 valid_neg_count=128 valid_pos_count=128 warmup_stage=2
2026-07-31 02:51:12,638 - portable_sam_fusion - INFO - epoch 46 | mini-batch 280/294 | optimizer_step 3400/5920 | lr=1.981e-04
2026-07-31 02:51:24,837 - portable_sam_fusion - INFO - Epoch 46 detailed losses: loss_rpn_cls=0.0049, loss_rpn_bbox=0.0026, loss_cls=0.1143, acc=95.6418, loss_bbox=0.0423, loss_mask=0.0010, debug_mask_pos_rois=57.2823, debug_mask_logit_mean=-16.7372, debug_mask_logit_std=2.8583, debug_mask_prob_mean=0.0046, debug_mask_prob_ge05=0.0046, debug_mask_target_fill=0.0046, loss_shape_prior=0.0175, schedule/det_weight=1.0000
2026-07-31 02:51:24,837 - portable_sam_fusion - INFO - Epoch 46 primary loss shares: det=89.88% final_mask=0.54% shape=9.58% p2_boundary=0.00%
2026-07-31 02:51:24,837 - portable_sam_fusion - INFO - Epoch 46 schedule: det_loss_weight=1.000 early_stop_start=20 min_delta=0.0005
2026-07-31 02:51:24,837 - portable_sam_fusion - INFO - Epoch 46 learning rates: sat_backbone=1.98e-04, mask_decoder=1.98e-04, shape_prior=1.98e-04, quality_head=1.98e-04, sat_other=1.98e-04
2026-07-31 02:54:14,345 - portable_sam_fusion - INFO - Validation samples: GT=15926, DT=15827, avg_masks_per_image=25.24, avg_mask_fill=0.0047
creating index...
index created!
Loading and preparing results...
DONE (t=0.02s)
creating index...
index created!
Running per image evaluation...
Evaluate annotation type *bbox*
DONE (t=10.22s).
Accumulating evaluation results...
DONE (t=0.16s).
 Average Precision  (AP) @[ IoU=0.50:0.95 | area=   all | maxDets=100 ] = 0.712
 Average Precision  (AP) @[ IoU=0.50      | area=   all | maxDets=100 ] = 0.891
 Average Precision  (AP) @[ IoU=0.75      | area=   all | maxDets=100 ] = 0.829
 Average Precision  (AP) @[ IoU=0.50:0.95 | area= small | maxDets=100 ] = 0.347
 Average Precision  (AP) @[ IoU=0.50:0.95 | area=medium | maxDets=100 ] = 0.751
 Average Precision  (AP) @[ IoU=0.50:0.95 | area= large | maxDets=100 ] = 0.801
 Average Recall     (AR) @[ IoU=0.50:0.95 | area=   all | maxDets=  1 ] = 0.026
 Average Recall     (AR) @[ IoU=0.50:0.95 | area=   all | maxDets= 10 ] = 0.192
 Average Recall     (AR) @[ IoU=0.50:0.95 | area=   all | maxDets=100 ] = 0.757
 Average Recall     (AR) @[ IoU=0.50:0.95 | area= small | maxDets=100 ] = 0.434
 Average Recall     (AR) @[ IoU=0.50:0.95 | area=medium | maxDets=100 ] = 0.800
 Average Recall     (AR) @[ IoU=0.50:0.95 | area= large | maxDets=100 ] = 0.839
2026-07-31 02:54:24,900 - portable_sam_fusion - INFO - Validation bbox/mAP: 0.7121 bbox/mAP_75: 0.8285
Running per image evaluation...
Evaluate annotation type *segm*
DONE (t=10.75s).
Accumulating evaluation results...
DONE (t=0.16s).
 Average Precision  (AP) @[ IoU=0.50:0.95 | area=   all | maxDets=100 ] = 0.632
 Average Precision  (AP) @[ IoU=0.50      | area=   all | maxDets=100 ] = 0.892
 Average Precision  (AP) @[ IoU=0.75      | area=   all | maxDets=100 ] = 0.752
 Average Precision  (AP) @[ IoU=0.50:0.95 | area= small | maxDets=100 ] = 0.234
 Average Precision  (AP) @[ IoU=0.50:0.95 | area=medium | maxDets=100 ] = 0.659
 Average Precision  (AP) @[ IoU=0.50:0.95 | area= large | maxDets=100 ] = 0.791
 Average Recall     (AR) @[ IoU=0.50:0.95 | area=   all | maxDets=  1 ] = 0.025
 Average Recall     (AR) @[ IoU=0.50:0.95 | area=   all | maxDets= 10 ] = 0.180
 Average Recall     (AR) @[ IoU=0.50:0.95 | area=   all | maxDets=100 ] = 0.675
 Average Recall     (AR) @[ IoU=0.50:0.95 | area= small | maxDets=100 ] = 0.301
 Average Recall     (AR) @[ IoU=0.50:0.95 | area=medium | maxDets=100 ] = 0.703
 Average Recall     (AR) @[ IoU=0.50:0.95 | area= large | maxDets=100 ] = 0.829
2026-07-31 02:54:35,835 - portable_sam_fusion - INFO - Validation segm/mAP: 0.6320
2026-07-31 02:54:36,386 - portable_sam_fusion - INFO - Early-stop metric (segm/mAP): raw=0.6320 smooth(5)=0.6333 best=0.6370 counter=2
2026-07-31 02:54:41,487 - portable_sam_fusion - INFO - Epoch 46/80 | train=0.182466 val=disabled segm/mAP=0.6320 bbox/mAP=0.7121 | best_segm=0.6444 best_bbox=0.7277 best_comp=0.0000 | sat_backbone=1.98e-04 mask_decoder=1.98e-04 shape_prior=1.98e-04 quality_head=1.98e-04 sat_other=1.98e-04
2026-07-31 02:55:10,818 - portable_sam_fusion - INFO - [DEBUG-BOX] epoch=47 step=13550 fallback_count=0 fallback_ratio=0 num_rois=0 refined_proposal_iou=0 refined_proposal_iou_sum=0 refined_valid_count=0
2026-07-31 02:55:10,818 - portable_sam_fusion - INFO - [DEBUG-COARSE] epoch=47 step=13550 boundary_fn=0 boundary_fp=0 boundary_tp=0 dice=0 iou=0
2026-07-31 02:55:10,818 - portable_sam_fusion - INFO - [DEBUG-CONTEXT] epoch=47 step=13550 enabled=0
2026-07-31 02:55:10,818 - portable_sam_fusion - INFO - [DEBUG-JITTER] epoch=47 step=13550 area_ratio_count=0 area_ratio_mean=0 area_ratio_sum=0 fallback_count=0 mean_iou=0 num_jittered=0 num_rois=0
2026-07-31 02:55:10,818 - portable_sam_fusion - INFO - [DEBUG-SP] epoch=47 step=13550 all_invalid_count=0 all_invalid_ratio=0 empty_count=0 empty_ratio=0 full_count=0 full_ratio=0 mean_point_distance=18.21 n1_gt_valid_count=37 n1_in_gt_bg=0.5946 n1_in_gt_bg_count=22 n1_valid_count=37 n1_valid_ratio=1 n2_gt_valid_count=37 n2_in_gt_bg=1 n2_in_gt_bg_count=37 n2_valid_count=37 n2_valid_ratio=1 neg_in_pred_bg=1 neg_in_pred_bg_count=74 negative_pair_count=37 negative_pair_distance_sum=1100 p1_gt_valid_count=37 p1_in_gt_fg=1 p1_in_gt_fg_count=37 p1_valid_count=37 p1_valid_ratio=1 p2_gt_valid_count=37 p2_in_gt_fg=1 p2_in_gt_fg_count=37 p2_valid_count=37 p2_valid_ratio=1 point_distance_sum=1348 point_overlap_count=0 point_overlap_ratio=0 point_pair_count=74 pos_in_pred_fg=1 pos_in_pred_fg_count=74 positive_pair_count=37 positive_pair_distance_sum=247.5 roi_count=37 valid_neg_count=74 valid_pos_count=74 warmup_stage=2
2026-07-31 02:56:08,135 - portable_sam_fusion - INFO - [DEBUG-BOX] epoch=47 step=13600 fallback_count=0 fallback_ratio=0 num_rois=64 refined_proposal_iou=0 refined_proposal_iou_sum=0 refined_valid_count=0
2026-07-31 02:56:08,135 - portable_sam_fusion - INFO - [DEBUG-COARSE] epoch=47 step=13600 bce_raw=0.1006 boundary_fn=881 boundary_fp=861 boundary_tp=2.502e+04 dice=0.04747 dice_loss_raw=0.04747 iou=0.9102 loss_weight=0.1 raw_boundary_fn=881 raw_boundary_fp=861 raw_boundary_tp=2.502e+04 raw_dice_score=0.9525 raw_iou=0.9102 weighted_loss=0.01481
2026-07-31 02:56:08,135 - portable_sam_fusion - INFO - [DEBUG-CONTEXT] epoch=47 step=13600 enabled=0
2026-07-31 02:56:08,136 - portable_sam_fusion - INFO - [DEBUG-JITTER] epoch=47 step=13600 area_ratio_count=64 area_ratio_mean=1 area_ratio_sum=64 fallback_count=0 mean_iou=1 num_jittered=0 num_rois=64
2026-07-31 02:56:08,136 - portable_sam_fusion - INFO - [DEBUG-SP] epoch=47 step=13600 all_invalid_count=0 all_invalid_ratio=0 empty_count=0 empty_ratio=0 full_count=0 full_ratio=0 mean_point_distance=34.97 n1_gt_valid_count=64 n1_in_gt_bg=0.8281 n1_in_gt_bg_count=53 n1_valid_count=64 n1_valid_ratio=1 n2_gt_valid_count=64 n2_in_gt_bg=1 n2_in_gt_bg_count=64 n2_valid_count=64 n2_valid_ratio=1 neg_in_pred_bg=1 neg_in_pred_bg_count=128 negative_pair_count=64 negative_pair_distance_sum=3293 p1_gt_valid_count=64 p1_in_gt_fg=1 p1_in_gt_fg_count=64 p1_valid_count=64 p1_valid_ratio=1 p2_gt_valid_count=64 p2_in_gt_fg=1 p2_in_gt_fg_count=64 p2_valid_count=64 p2_valid_ratio=1 point_distance_sum=4476 point_overlap_count=0 point_overlap_ratio=0 point_pair_count=128 pos_in_pred_fg=1 pos_in_pred_fg_count=128 positive_pair_count=64 positive_pair_distance_sum=1182 roi_count=64 valid_neg_count=128 valid_pos_count=128 warmup_stage=2
2026-07-31 02:57:00,773 - portable_sam_fusion - INFO - [DEBUG-BOX] epoch=47 step=13650 fallback_count=0 fallback_ratio=0 num_rois=64 refined_proposal_iou=0 refined_proposal_iou_sum=0 refined_valid_count=0
2026-07-31 02:57:00,773 - portable_sam_fusion - INFO - [DEBUG-COARSE] epoch=47 step=13650 bce_raw=0.1464 boundary_fn=2496 boundary_fp=2548 boundary_tp=2.366e+04 dice=0.06654 dice_loss_raw=0.06654 iou=0.8766 loss_weight=0.1 raw_boundary_fn=2496 raw_boundary_fp=2548 raw_boundary_tp=2.366e+04 raw_dice_score=0.9335 raw_iou=0.8766 weighted_loss=0.02129
2026-07-31 02:57:00,773 - portable_sam_fusion - INFO - [DEBUG-CONTEXT] epoch=47 step=13650 enabled=0
2026-07-31 02:57:00,773 - portable_sam_fusion - INFO - [DEBUG-JITTER] epoch=47 step=13650 area_ratio_count=64 area_ratio_mean=1 area_ratio_sum=64 fallback_count=0 mean_iou=1 num_jittered=0 num_rois=64
2026-07-31 02:57:00,773 - portable_sam_fusion - INFO - [DEBUG-SP] epoch=47 step=13650 all_invalid_count=0 all_invalid_ratio=0 empty_count=0 empty_ratio=0 full_count=0 full_ratio=0 mean_point_distance=31.41 n1_gt_valid_count=64 n1_in_gt_bg=0.75 n1_in_gt_bg_count=48 n1_valid_count=64 n1_valid_ratio=1 n2_gt_valid_count=63 n2_in_gt_bg=0.9841 n2_in_gt_bg_count=62 n2_valid_count=63 n2_valid_ratio=0.9844 neg_in_pred_bg=1 neg_in_pred_bg_count=127 negative_pair_count=63 negative_pair_distance_sum=2866 p1_gt_valid_count=64 p1_in_gt_fg=1 p1_in_gt_fg_count=64 p1_valid_count=64 p1_valid_ratio=1 p2_gt_valid_count=64 p2_in_gt_fg=1 p2_in_gt_fg_count=64 p2_valid_count=64 p2_valid_ratio=1 point_distance_sum=3989 point_overlap_count=0 point_overlap_ratio=0 point_pair_count=127 pos_in_pred_fg=1 pos_in_pred_fg_count=128 positive_pair_count=64 positive_pair_distance_sum=1124 roi_count=64 valid_neg_count=127 valid_pos_count=128 warmup_stage=2
2026-07-31 02:57:56,643 - portable_sam_fusion - INFO - [DEBUG-BOX] epoch=47 step=13700 fallback_count=0 fallback_ratio=0 num_rois=64 refined_proposal_iou=0 refined_proposal_iou_sum=0 refined_valid_count=0
2026-07-31 02:57:56,643 - portable_sam_fusion - INFO - [DEBUG-COARSE] epoch=47 step=13700 bce_raw=0.1198 boundary_fn=1738 boundary_fp=1804 boundary_tp=2.303e+04 dice=0.04764 dice_loss_raw=0.04764 iou=0.9105 loss_weight=0.1 raw_boundary_fn=1738 raw_boundary_fp=1804 raw_boundary_tp=2.303e+04 raw_dice_score=0.9524 raw_iou=0.9105 weighted_loss=0.01675
2026-07-31 02:57:56,643 - portable_sam_fusion - INFO - [DEBUG-CONTEXT] epoch=47 step=13700 enabled=0
2026-07-31 02:57:56,643 - portable_sam_fusion - INFO - [DEBUG-JITTER] epoch=47 step=13700 area_ratio_count=64 area_ratio_mean=1 area_ratio_sum=64 fallback_count=0 mean_iou=1 num_jittered=0 num_rois=64
2026-07-31 02:57:56,643 - portable_sam_fusion - INFO - [DEBUG-SP] epoch=47 step=13700 all_invalid_count=0 all_invalid_ratio=0 empty_count=0 empty_ratio=0 full_count=1 full_ratio=0.01562 mean_point_distance=28.9 n1_gt_valid_count=63 n1_in_gt_bg=0.7778 n1_in_gt_bg_count=49 n1_valid_count=63 n1_valid_ratio=0.9844 n2_gt_valid_count=63 n2_in_gt_bg=0.9683 n2_in_gt_bg_count=61 n2_valid_count=63 n2_valid_ratio=0.9844 neg_in_pred_bg=1 neg_in_pred_bg_count=126 negative_pair_count=63 negative_pair_distance_sum=2668 p1_gt_valid_count=64 p1_in_gt_fg=1 p1_in_gt_fg_count=64 p1_valid_count=64 p1_valid_ratio=1 p2_gt_valid_count=64 p2_in_gt_fg=1 p2_in_gt_fg_count=64 p2_valid_count=64 p2_valid_ratio=1 point_distance_sum=3670 point_overlap_count=0 point_overlap_ratio=0 point_pair_count=127 pos_in_pred_fg=1 pos_in_pred_fg_count=128 positive_pair_count=64 positive_pair_distance_sum=1003 roi_count=64 valid_neg_count=126 valid_pos_count=128 warmup_stage=2
2026-07-31 02:58:05,915 - portable_sam_fusion - INFO - epoch 47 | mini-batch 184/294 | optimizer_step 3450/5920 | lr=1.915e-04
2026-07-31 02:58:52,200 - portable_sam_fusion - INFO - [DEBUG-BOX] epoch=47 step=13750 fallback_count=0 fallback_ratio=0 num_rois=0 refined_proposal_iou=0 refined_proposal_iou_sum=0 refined_valid_count=0
2026-07-31 02:58:52,200 - portable_sam_fusion - INFO - [DEBUG-COARSE] epoch=47 step=13750 boundary_fn=0 boundary_fp=0 boundary_tp=0 dice=0 iou=0
2026-07-31 02:58:52,200 - portable_sam_fusion - INFO - [DEBUG-CONTEXT] epoch=47 step=13750 enabled=0
2026-07-31 02:58:52,200 - portable_sam_fusion - INFO - [DEBUG-JITTER] epoch=47 step=13750 area_ratio_count=0 area_ratio_mean=0 area_ratio_sum=0 fallback_count=0 mean_iou=0 num_jittered=0 num_rois=0
2026-07-31 02:58:52,200 - portable_sam_fusion - INFO - [DEBUG-SP] epoch=47 step=13750 all_invalid_count=0 all_invalid_ratio=0 empty_count=0 empty_ratio=0 full_count=0 full_ratio=0 mean_point_distance=52.78 n1_gt_valid_count=64 n1_in_gt_bg=0.8906 n1_in_gt_bg_count=57 n1_valid_count=64 n1_valid_ratio=1 n2_gt_valid_count=64 n2_in_gt_bg=1 n2_in_gt_bg_count=64 n2_valid_count=64 n2_valid_ratio=1 neg_in_pred_bg=1 neg_in_pred_bg_count=128 negative_pair_count=64 negative_pair_distance_sum=4666 p1_gt_valid_count=64 p1_in_gt_fg=1 p1_in_gt_fg_count=64 p1_valid_count=64 p1_valid_ratio=1 p2_gt_valid_count=64 p2_in_gt_fg=1 p2_in_gt_fg_count=64 p2_valid_count=64 p2_valid_ratio=1 point_distance_sum=6756 point_overlap_count=0 point_overlap_ratio=0 point_pair_count=128 pos_in_pred_fg=1 pos_in_pred_fg_count=128 positive_pair_count=64 positive_pair_distance_sum=2090 roi_count=64 valid_neg_count=128 valid_pos_count=128 warmup_stage=2
2026-07-31 02:59:44,898 - portable_sam_fusion - INFO - [DEBUG-BOX] epoch=47 step=13800 fallback_count=0 fallback_ratio=0 num_rois=0 refined_proposal_iou=0 refined_proposal_iou_sum=0 refined_valid_count=0
2026-07-31 02:59:44,898 - portable_sam_fusion - INFO - [DEBUG-COARSE] epoch=47 step=13800 boundary_fn=0 boundary_fp=0 boundary_tp=0 dice=0 iou=0
2026-07-31 02:59:44,898 - portable_sam_fusion - INFO - [DEBUG-CONTEXT] epoch=47 step=13800 enabled=0
2026-07-31 02:59:44,898 - portable_sam_fusion - INFO - [DEBUG-JITTER] epoch=47 step=13800 area_ratio_count=0 area_ratio_mean=0 area_ratio_sum=0 fallback_count=0 mean_iou=0 num_jittered=0 num_rois=0
2026-07-31 02:59:44,898 - portable_sam_fusion - INFO - [DEBUG-SP] epoch=47 step=13800 all_invalid_count=0 all_invalid_ratio=0 empty_count=0 empty_ratio=0 full_count=0 full_ratio=0 mean_point_distance=30.45 n1_gt_valid_count=64 n1_in_gt_bg=0.9375 n1_in_gt_bg_count=60 n1_valid_count=64 n1_valid_ratio=1 n2_gt_valid_count=64 n2_in_gt_bg=1 n2_in_gt_bg_count=64 n2_valid_count=64 n2_valid_ratio=1 neg_in_pred_bg=1 neg_in_pred_bg_count=128 negative_pair_count=64 negative_pair_distance_sum=2937 p1_gt_valid_count=64 p1_in_gt_fg=1 p1_in_gt_fg_count=64 p1_valid_count=64 p1_valid_ratio=1 p2_gt_valid_count=64 p2_in_gt_fg=1 p2_in_gt_fg_count=64 p2_valid_count=64 p2_valid_ratio=1 point_distance_sum=3897 point_overlap_count=0 point_overlap_ratio=0 point_pair_count=128 pos_in_pred_fg=1 pos_in_pred_fg_count=128 positive_pair_count=64 positive_pair_distance_sum=960.9 roi_count=64 valid_neg_count=128 valid_pos_count=128 warmup_stage=2
2026-07-31 03:00:03,029 - portable_sam_fusion - INFO - Epoch 47 detailed losses: loss_rpn_cls=0.0043, loss_rpn_bbox=0.0025, loss_cls=0.1075, acc=95.9379, loss_bbox=0.0404, loss_mask=0.0010, debug_mask_pos_rois=55.9762, debug_mask_logit_mean=-17.2374, debug_mask_logit_std=3.0407, debug_mask_prob_mean=0.0049, debug_mask_prob_ge05=0.0048, debug_mask_target_fill=0.0049, loss_shape_prior=0.0170, schedule/det_weight=1.0000
2026-07-31 03:00:03,029 - portable_sam_fusion - INFO - Epoch 47 primary loss shares: det=89.57% final_mask=0.59% shape=9.84% p2_boundary=0.00%
2026-07-31 03:00:03,029 - portable_sam_fusion - INFO - Epoch 47 schedule: det_loss_weight=1.000 early_stop_start=20 min_delta=0.0005
2026-07-31 03:00:03,029 - portable_sam_fusion - INFO - Epoch 47 learning rates: sat_backbone=1.88e-04, mask_decoder=1.88e-04, shape_prior=1.88e-04, quality_head=1.88e-04, sat_other=1.88e-04
2026-07-31 03:02:49,591 - portable_sam_fusion - INFO - Validation samples: GT=15926, DT=16526, avg_masks_per_image=26.36, avg_mask_fill=0.0048
creating index...
index created!
Loading and preparing results...
DONE (t=0.02s)
creating index...
index created!
Running per image evaluation...
Evaluate annotation type *bbox*
DONE (t=10.27s).
Accumulating evaluation results...
DONE (t=0.16s).
 Average Precision  (AP) @[ IoU=0.50:0.95 | area=   all | maxDets=100 ] = 0.727
 Average Precision  (AP) @[ IoU=0.50      | area=   all | maxDets=100 ] = 0.897
 Average Precision  (AP) @[ IoU=0.75      | area=   all | maxDets=100 ] = 0.834
 Average Precision  (AP) @[ IoU=0.50:0.95 | area= small | maxDets=100 ] = 0.343
 Average Precision  (AP) @[ IoU=0.50:0.95 | area=medium | maxDets=100 ] = 0.764
 Average Precision  (AP) @[ IoU=0.50:0.95 | area= large | maxDets=100 ] = 0.825
 Average Recall     (AR) @[ IoU=0.50:0.95 | area=   all | maxDets=  1 ] = 0.027
 Average Recall     (AR) @[ IoU=0.50:0.95 | area=   all | maxDets= 10 ] = 0.197
 Average Recall     (AR) @[ IoU=0.50:0.95 | area=   all | maxDets=100 ] = 0.772
 Average Recall     (AR) @[ IoU=0.50:0.95 | area= small | maxDets=100 ] = 0.447
 Average Recall     (AR) @[ IoU=0.50:0.95 | area=medium | maxDets=100 ] = 0.811
 Average Recall     (AR) @[ IoU=0.50:0.95 | area= large | maxDets=100 ] = 0.868
2026-07-31 03:03:00,195 - portable_sam_fusion - INFO - Validation bbox/mAP: 0.7266 bbox/mAP_75: 0.8343
Running per image evaluation...
Evaluate annotation type *segm*
DONE (t=10.63s).
Accumulating evaluation results...
DONE (t=0.15s).
 Average Precision  (AP) @[ IoU=0.50:0.95 | area=   all | maxDets=100 ] = 0.637
 Average Precision  (AP) @[ IoU=0.50      | area=   all | maxDets=100 ] = 0.898
 Average Precision  (AP) @[ IoU=0.75      | area=   all | maxDets=100 ] = 0.760
 Average Precision  (AP) @[ IoU=0.50:0.95 | area= small | maxDets=100 ] = 0.238
 Average Precision  (AP) @[ IoU=0.50:0.95 | area=medium | maxDets=100 ] = 0.664
 Average Precision  (AP) @[ IoU=0.50:0.95 | area= large | maxDets=100 ] = 0.779
 Average Recall     (AR) @[ IoU=0.50:0.95 | area=   all | maxDets=  1 ] = 0.025
 Average Recall     (AR) @[ IoU=0.50:0.95 | area=   all | maxDets= 10 ] = 0.180
 Average Recall     (AR) @[ IoU=0.50:0.95 | area=   all | maxDets=100 ] = 0.679
 Average Recall     (AR) @[ IoU=0.50:0.95 | area= small | maxDets=100 ] = 0.318
 Average Recall     (AR) @[ IoU=0.50:0.95 | area=medium | maxDets=100 ] = 0.708
 Average Recall     (AR) @[ IoU=0.50:0.95 | area= large | maxDets=100 ] = 0.822
2026-07-31 03:03:10,998 - portable_sam_fusion - INFO - Validation segm/mAP: 0.6366
2026-07-31 03:03:11,572 - portable_sam_fusion - INFO - Early-stop metric (segm/mAP): raw=0.6366 smooth(5)=0.6342 best=0.6370 counter=3
2026-07-31 03:03:16,590 - portable_sam_fusion - INFO - Epoch 47/80 | train=0.172785 val=disabled segm/mAP=0.6366 bbox/mAP=0.7266 | best_segm=0.6444 best_bbox=0.7277 best_comp=0.0000 | sat_backbone=1.88e-04 mask_decoder=1.88e-04 shape_prior=1.88e-04 quality_head=1.88e-04 sat_other=1.88e-04
2026-07-31 03:03:53,810 - portable_sam_fusion - INFO - [DEBUG-BOX] epoch=48 step=13850 fallback_count=0 fallback_ratio=0 num_rois=64 refined_proposal_iou=0 refined_proposal_iou_sum=0 refined_valid_count=0
2026-07-31 03:03:53,810 - portable_sam_fusion - INFO - [DEBUG-COARSE] epoch=48 step=13850 bce_raw=0.1045 boundary_fn=1249 boundary_fp=1197 boundary_tp=2.444e+04 dice=0.0527 dice_loss_raw=0.0527 iou=0.9006 loss_weight=0.1 raw_boundary_fn=1249 raw_boundary_fp=1197 raw_boundary_tp=2.444e+04 raw_dice_score=0.9473 raw_iou=0.9006 weighted_loss=0.01572
2026-07-31 03:03:53,810 - portable_sam_fusion - INFO - [DEBUG-CONTEXT] epoch=48 step=13850 enabled=0
2026-07-31 03:03:53,810 - portable_sam_fusion - INFO - [DEBUG-JITTER] epoch=48 step=13850 area_ratio_count=64 area_ratio_mean=1 area_ratio_sum=64 fallback_count=0 mean_iou=1 num_jittered=0 num_rois=64
2026-07-31 03:03:53,810 - portable_sam_fusion - INFO - [DEBUG-SP] epoch=48 step=13850 all_invalid_count=0 all_invalid_ratio=0 empty_count=0 empty_ratio=0 full_count=0 full_ratio=0 mean_point_distance=33.2 n1_gt_valid_count=64 n1_in_gt_bg=0.9219 n1_in_gt_bg_count=59 n1_valid_count=64 n1_valid_ratio=1 n2_gt_valid_count=64 n2_in_gt_bg=1 n2_in_gt_bg_count=64 n2_valid_count=64 n2_valid_ratio=1 neg_in_pred_bg=1 neg_in_pred_bg_count=128 negative_pair_count=64 negative_pair_distance_sum=3053 p1_gt_valid_count=64 p1_in_gt_fg=1 p1_in_gt_fg_count=64 p1_valid_count=64 p1_valid_ratio=1 p2_gt_valid_count=64 p2_in_gt_fg=1 p2_in_gt_fg_count=64 p2_valid_count=64 p2_valid_ratio=1 point_distance_sum=4250 point_overlap_count=0 point_overlap_ratio=0 point_pair_count=128 pos_in_pred_fg=1 pos_in_pred_fg_count=128 positive_pair_count=64 positive_pair_distance_sum=1197 roi_count=64 valid_neg_count=128 valid_pos_count=128 warmup_stage=2
2026-07-31 03:04:45,953 - portable_sam_fusion - INFO - [DEBUG-BOX] epoch=48 step=13900 fallback_count=0 fallback_ratio=0 num_rois=64 refined_proposal_iou=0 refined_proposal_iou_sum=0 refined_valid_count=0
2026-07-31 03:04:45,953 - portable_sam_fusion - INFO - [DEBUG-COARSE] epoch=48 step=13900 bce_raw=0.1312 boundary_fn=2164 boundary_fp=1808 boundary_tp=2.498e+04 dice=0.06783 dice_loss_raw=0.06783 iou=0.8753 loss_weight=0.1 raw_boundary_fn=2164 raw_boundary_fp=1808 raw_boundary_tp=2.498e+04 raw_dice_score=0.9322 raw_iou=0.8753 weighted_loss=0.0199
2026-07-31 03:04:45,953 - portable_sam_fusion - INFO - [DEBUG-CONTEXT] epoch=48 step=13900 enabled=0
2026-07-31 03:04:45,953 - portable_sam_fusion - INFO - [DEBUG-JITTER] epoch=48 step=13900 area_ratio_count=64 area_ratio_mean=1 area_ratio_sum=64 fallback_count=0 mean_iou=1 num_jittered=0 num_rois=64
2026-07-31 03:04:45,953 - portable_sam_fusion - INFO - [DEBUG-SP] epoch=48 step=13900 all_invalid_count=0 all_invalid_ratio=0 empty_count=0 empty_ratio=0 full_count=0 full_ratio=0 mean_point_distance=26.53 n1_gt_valid_count=64 n1_in_gt_bg=0.8906 n1_in_gt_bg_count=57 n1_valid_count=64 n1_valid_ratio=1 n2_gt_valid_count=64 n2_in_gt_bg=1 n2_in_gt_bg_count=64 n2_valid_count=64 n2_valid_ratio=1 neg_in_pred_bg=1 neg_in_pred_bg_count=128 negative_pair_count=64 negative_pair_distance_sum=2434 p1_gt_valid_count=64 p1_in_gt_fg=1 p1_in_gt_fg_count=64 p1_valid_count=64 p1_valid_ratio=1 p2_gt_valid_count=64 p2_in_gt_fg=1 p2_in_gt_fg_count=64 p2_valid_count=64 p2_valid_ratio=1 point_distance_sum=3396 point_overlap_count=0 point_overlap_ratio=0 point_pair_count=128 pos_in_pred_fg=1 pos_in_pred_fg_count=128 positive_pair_count=64 positive_pair_distance_sum=961.4 roi_count=64 valid_neg_count=128 valid_pos_count=128 warmup_stage=2
2026-07-31 03:04:52,341 - portable_sam_fusion - INFO - epoch 48 | mini-batch 88/294 | optimizer_step 3500/5920 | lr=1.850e-04
2026-07-31 03:05:41,234 - portable_sam_fusion - INFO - [DEBUG-BOX] epoch=48 step=13950 fallback_count=0 fallback_ratio=0 num_rois=64 refined_proposal_iou=0 refined_proposal_iou_sum=0 refined_valid_count=0
2026-07-31 03:05:41,234 - portable_sam_fusion - INFO - [DEBUG-COARSE] epoch=48 step=13950 bce_raw=0.1152 boundary_fn=1502 boundary_fp=1378 boundary_tp=2.585e+04 dice=0.05203 dice_loss_raw=0.05203 iou=0.9023 loss_weight=0.1 raw_boundary_fn=1502 raw_boundary_fp=1378 raw_boundary_tp=2.585e+04 raw_dice_score=0.948 raw_iou=0.9023 weighted_loss=0.01672
2026-07-31 03:05:41,235 - portable_sam_fusion - INFO - [DEBUG-CONTEXT] epoch=48 step=13950 enabled=0
2026-07-31 03:05:41,235 - portable_sam_fusion - INFO - [DEBUG-JITTER] epoch=48 step=13950 area_ratio_count=64 area_ratio_mean=1 area_ratio_sum=64 fallback_count=0 mean_iou=1 num_jittered=0 num_rois=64
2026-07-31 03:05:41,235 - portable_sam_fusion - INFO - [DEBUG-SP] epoch=48 step=13950 all_invalid_count=0 all_invalid_ratio=0 empty_count=0 empty_ratio=0 full_count=0 full_ratio=0 mean_point_distance=37.25 n1_gt_valid_count=64 n1_in_gt_bg=0.8125 n1_in_gt_bg_count=52 n1_valid_count=64 n1_valid_ratio=1 n2_gt_valid_count=64 n2_in_gt_bg=0.9844 n2_in_gt_bg_count=63 n2_valid_count=64 n2_valid_ratio=1 neg_in_pred_bg=1 neg_in_pred_bg_count=128 negative_pair_count=64 negative_pair_distance_sum=3210 p1_gt_valid_count=64 p1_in_gt_fg=1 p1_in_gt_fg_count=64 p1_valid_count=64 p1_valid_ratio=1 p2_gt_valid_count=64 p2_in_gt_fg=1 p2_in_gt_fg_count=64 p2_valid_count=64 p2_valid_ratio=1 point_distance_sum=4767 point_overlap_count=0 point_overlap_ratio=0 point_pair_count=128 pos_in_pred_fg=1 pos_in_pred_fg_count=128 positive_pair_count=64 positive_pair_distance_sum=1558 roi_count=64 valid_neg_count=128 valid_pos_count=128 warmup_stage=2
2026-07-31 03:06:35,556 - portable_sam_fusion - INFO - [DEBUG-BOX] epoch=48 step=14000 fallback_count=0 fallback_ratio=0 num_rois=64 refined_proposal_iou=0 refined_proposal_iou_sum=0 refined_valid_count=0
2026-07-31 03:06:35,556 - portable_sam_fusion - INFO - [DEBUG-COARSE] epoch=48 step=14000 bce_raw=0.1254 boundary_fn=1674 boundary_fp=1367 boundary_tp=2.574e+04 dice=0.06203 dice_loss_raw=0.06203 iou=0.884 loss_weight=0.1 raw_boundary_fn=1674 raw_boundary_fp=1367 raw_boundary_tp=2.574e+04 raw_dice_score=0.938 raw_iou=0.884 weighted_loss=0.01874
2026-07-31 03:06:35,556 - portable_sam_fusion - INFO - [DEBUG-CONTEXT] epoch=48 step=14000 enabled=0
2026-07-31 03:06:35,556 - portable_sam_fusion - INFO - [DEBUG-JITTER] epoch=48 step=14000 area_ratio_count=64 area_ratio_mean=1 area_ratio_sum=64 fallback_count=0 mean_iou=1 num_jittered=0 num_rois=64
2026-07-31 03:06:35,556 - portable_sam_fusion - INFO - [DEBUG-SP] epoch=48 step=14000 all_invalid_count=0 all_invalid_ratio=0 empty_count=0 empty_ratio=0 full_count=0 full_ratio=0 mean_point_distance=34.35 n1_gt_valid_count=64 n1_in_gt_bg=0.8906 n1_in_gt_bg_count=57 n1_valid_count=64 n1_valid_ratio=1 n2_gt_valid_count=64 n2_in_gt_bg=1 n2_in_gt_bg_count=64 n2_valid_count=64 n2_valid_ratio=1 neg_in_pred_bg=1 neg_in_pred_bg_count=128 negative_pair_count=64 negative_pair_distance_sum=3145 p1_gt_valid_count=64 p1_in_gt_fg=1 p1_in_gt_fg_count=64 p1_valid_count=64 p1_valid_ratio=1 p2_gt_valid_count=64 p2_in_gt_fg=1 p2_in_gt_fg_count=64 p2_valid_count=64 p2_valid_ratio=1 point_distance_sum=4396 point_overlap_count=0 point_overlap_ratio=0 point_pair_count=128 pos_in_pred_fg=1 pos_in_pred_fg_count=128 positive_pair_count=64 positive_pair_distance_sum=1251 roi_count=64 valid_neg_count=128 valid_pos_count=128 warmup_stage=2
2026-07-31 03:07:30,304 - portable_sam_fusion - INFO - [DEBUG-BOX] epoch=48 step=14050 fallback_count=0 fallback_ratio=0 num_rois=64 refined_proposal_iou=0 refined_proposal_iou_sum=0 refined_valid_count=0
2026-07-31 03:07:30,305 - portable_sam_fusion - INFO - [DEBUG-COARSE] epoch=48 step=14050 bce_raw=0.1429 boundary_fn=2102 boundary_fp=2168 boundary_tp=2.298e+04 dice=0.05582 dice_loss_raw=0.05582 iou=0.8959 loss_weight=0.1 raw_boundary_fn=2102 raw_boundary_fp=2168 raw_boundary_tp=2.298e+04 raw_dice_score=0.9442 raw_iou=0.8959 weighted_loss=0.01987
2026-07-31 03:07:30,305 - portable_sam_fusion - INFO - [DEBUG-CONTEXT] epoch=48 step=14050 enabled=0
2026-07-31 03:07:30,305 - portable_sam_fusion - INFO - [DEBUG-JITTER] epoch=48 step=14050 area_ratio_count=64 area_ratio_mean=1 area_ratio_sum=64 fallback_count=0 mean_iou=1 num_jittered=0 num_rois=64
2026-07-31 03:07:30,305 - portable_sam_fusion - INFO - [DEBUG-SP] epoch=48 step=14050 all_invalid_count=0 all_invalid_ratio=0 empty_count=0 empty_ratio=0 full_count=0 full_ratio=0 mean_point_distance=30.87 n1_gt_valid_count=64 n1_in_gt_bg=0.8438 n1_in_gt_bg_count=54 n1_valid_count=64 n1_valid_ratio=1 n2_gt_valid_count=64 n2_in_gt_bg=0.9844 n2_in_gt_bg_count=63 n2_valid_count=64 n2_valid_ratio=1 neg_in_pred_bg=1 neg_in_pred_bg_count=128 negative_pair_count=64 negative_pair_distance_sum=2973 p1_gt_valid_count=64 p1_in_gt_fg=1 p1_in_gt_fg_count=64 p1_valid_count=64 p1_valid_ratio=1 p2_gt_valid_count=64 p2_in_gt_fg=1 p2_in_gt_fg_count=64 p2_valid_count=64 p2_valid_ratio=1 point_distance_sum=3951 point_overlap_count=0 point_overlap_ratio=0 point_pair_count=128 pos_in_pred_fg=1 pos_in_pred_fg_count=128 positive_pair_count=64 positive_pair_distance_sum=978.4 roi_count=64 valid_neg_count=128 valid_pos_count=128 warmup_stage=2
2026-07-31 03:08:24,572 - portable_sam_fusion - INFO - [DEBUG-BOX] epoch=48 step=14100 fallback_count=0 fallback_ratio=0 num_rois=64 refined_proposal_iou=0 refined_proposal_iou_sum=0 refined_valid_count=0
2026-07-31 03:08:24,573 - portable_sam_fusion - INFO - [DEBUG-COARSE] epoch=48 step=14100 bce_raw=0.1382 boundary_fn=1843 boundary_fp=2164 boundary_tp=2.543e+04 dice=0.06105 dice_loss_raw=0.06105 iou=0.8867 loss_weight=0.1 raw_boundary_fn=1843 raw_boundary_fp=2164 raw_boundary_tp=2.543e+04 raw_dice_score=0.9389 raw_iou=0.8867 weighted_loss=0.01993
2026-07-31 03:08:24,573 - portable_sam_fusion - INFO - [DEBUG-CONTEXT] epoch=48 step=14100 enabled=0
2026-07-31 03:08:24,573 - portable_sam_fusion - INFO - [DEBUG-JITTER] epoch=48 step=14100 area_ratio_count=64 area_ratio_mean=1 area_ratio_sum=64 fallback_count=0 mean_iou=1 num_jittered=0 num_rois=64
2026-07-31 03:08:24,573 - portable_sam_fusion - INFO - [DEBUG-SP] epoch=48 step=14100 all_invalid_count=0 all_invalid_ratio=0 empty_count=0 empty_ratio=0 full_count=0 full_ratio=0 mean_point_distance=40.62 n1_gt_valid_count=64 n1_in_gt_bg=0.8438 n1_in_gt_bg_count=54 n1_valid_count=64 n1_valid_ratio=1 n2_gt_valid_count=64 n2_in_gt_bg=1 n2_in_gt_bg_count=64 n2_valid_count=64 n2_valid_ratio=1 neg_in_pred_bg=1 neg_in_pred_bg_count=128 negative_pair_count=64 negative_pair_distance_sum=3625 p1_gt_valid_count=64 p1_in_gt_fg=1 p1_in_gt_fg_count=64 p1_valid_count=64 p1_valid_ratio=1 p2_gt_valid_count=64 p2_in_gt_fg=1 p2_in_gt_fg_count=64 p2_valid_count=64 p2_valid_ratio=1 point_distance_sum=5200 point_overlap_count=0 point_overlap_ratio=0 point_pair_count=128 pos_in_pred_fg=1 pos_in_pred_fg_count=128 positive_pair_count=64 positive_pair_distance_sum=1575 roi_count=64 valid_neg_count=128 valid_pos_count=128 warmup_stage=2
2026-07-31 03:08:30,415 - portable_sam_fusion - INFO - epoch 48 | mini-batch 288/294 | optimizer_step 3550/5920 | lr=1.785e-04
2026-07-31 03:08:36,696 - portable_sam_fusion - INFO - Epoch 48 detailed losses: loss_rpn_cls=0.0044, loss_rpn_bbox=0.0025, loss_cls=0.1090, acc=95.8558, loss_bbox=0.0401, loss_mask=0.0009, debug_mask_pos_rois=56.9830, debug_mask_logit_mean=-17.2479, debug_mask_logit_std=2.8452, debug_mask_prob_mean=0.0046, debug_mask_prob_ge05=0.0045, debug_mask_target_fill=0.0046, loss_shape_prior=0.0173, schedule/det_weight=1.0000
2026-07-31 03:08:36,696 - portable_sam_fusion - INFO - Epoch 48 primary loss shares: det=89.57% final_mask=0.50% shape=9.93% p2_boundary=0.00%
2026-07-31 03:08:36,697 - portable_sam_fusion - INFO - Epoch 48 schedule: det_loss_weight=1.000 early_stop_start=20 min_delta=0.0005
2026-07-31 03:08:36,697 - portable_sam_fusion - INFO - Epoch 48 learning rates: sat_backbone=1.78e-04, mask_decoder=1.78e-04, shape_prior=1.78e-04, quality_head=1.78e-04, sat_other=1.78e-04
2026-07-31 03:11:22,156 - portable_sam_fusion - INFO - Validation samples: GT=15926, DT=15728, avg_masks_per_image=25.08, avg_mask_fill=0.0047
creating index...
index created!
Loading and preparing results...
DONE (t=0.02s)
creating index...
index created!
Running per image evaluation...
Evaluate annotation type *bbox*
DONE (t=10.05s).
Accumulating evaluation results...
DONE (t=0.15s).
 Average Precision  (AP) @[ IoU=0.50:0.95 | area=   all | maxDets=100 ] = 0.723
 Average Precision  (AP) @[ IoU=0.50      | area=   all | maxDets=100 ] = 0.891
 Average Precision  (AP) @[ IoU=0.75      | area=   all | maxDets=100 ] = 0.832
 Average Precision  (AP) @[ IoU=0.50:0.95 | area= small | maxDets=100 ] = 0.346
 Average Precision  (AP) @[ IoU=0.50:0.95 | area=medium | maxDets=100 ] = 0.759
 Average Precision  (AP) @[ IoU=0.50:0.95 | area= large | maxDets=100 ] = 0.834
 Average Recall     (AR) @[ IoU=0.50:0.95 | area=   all | maxDets=  1 ] = 0.027
 Average Recall     (AR) @[ IoU=0.50:0.95 | area=   all | maxDets= 10 ] = 0.196
 Average Recall     (AR) @[ IoU=0.50:0.95 | area=   all | maxDets=100 ] = 0.764
 Average Recall     (AR) @[ IoU=0.50:0.95 | area= small | maxDets=100 ] = 0.422
 Average Recall     (AR) @[ IoU=0.50:0.95 | area=medium | maxDets=100 ] = 0.801
 Average Recall     (AR) @[ IoU=0.50:0.95 | area= large | maxDets=100 ] = 0.876
2026-07-31 03:11:32,524 - portable_sam_fusion - INFO - Validation bbox/mAP: 0.7229 bbox/mAP_75: 0.8324
Running per image evaluation...
Evaluate annotation type *segm*
DONE (t=10.43s).
Accumulating evaluation results...
DONE (t=0.16s).
 Average Precision  (AP) @[ IoU=0.50:0.95 | area=   all | maxDets=100 ] = 0.635
 Average Precision  (AP) @[ IoU=0.50      | area=   all | maxDets=100 ] = 0.892
 Average Precision  (AP) @[ IoU=0.75      | area=   all | maxDets=100 ] = 0.763
 Average Precision  (AP) @[ IoU=0.50:0.95 | area= small | maxDets=100 ] = 0.238
 Average Precision  (AP) @[ IoU=0.50:0.95 | area=medium | maxDets=100 ] = 0.663
 Average Precision  (AP) @[ IoU=0.50:0.95 | area= large | maxDets=100 ] = 0.786
 Average Recall     (AR) @[ IoU=0.50:0.95 | area=   all | maxDets=  1 ] = 0.025
 Average Recall     (AR) @[ IoU=0.50:0.95 | area=   all | maxDets= 10 ] = 0.180
 Average Recall     (AR) @[ IoU=0.50:0.95 | area=   all | maxDets=100 ] = 0.675
 Average Recall     (AR) @[ IoU=0.50:0.95 | area= small | maxDets=100 ] = 0.297
 Average Recall     (AR) @[ IoU=0.50:0.95 | area=medium | maxDets=100 ] = 0.704
 Average Recall     (AR) @[ IoU=0.50:0.95 | area= large | maxDets=100 ] = 0.829
2026-07-31 03:11:43,146 - portable_sam_fusion - INFO - Validation segm/mAP: 0.6353
2026-07-31 03:11:43,685 - portable_sam_fusion - INFO - Early-stop metric (segm/mAP): raw=0.6353 smooth(5)=0.6347 best=0.6370 counter=4
2026-07-31 03:11:49,199 - portable_sam_fusion - INFO - Epoch 48/80 | train=0.174173 val=disabled segm/mAP=0.6353 bbox/mAP=0.7229 | best_segm=0.6444 best_bbox=0.7277 best_comp=0.0000 | sat_backbone=1.78e-04 mask_decoder=1.78e-04 shape_prior=1.78e-04 quality_head=1.78e-04 sat_other=1.78e-04
2026-07-31 03:12:29,295 - portable_sam_fusion - INFO - [DEBUG-BOX] epoch=49 step=14150 fallback_count=0 fallback_ratio=0 num_rois=64 refined_proposal_iou=0 refined_proposal_iou_sum=0 refined_valid_count=0
2026-07-31 03:12:29,295 - portable_sam_fusion - INFO - [DEBUG-COARSE] epoch=49 step=14150 bce_raw=0.1174 boundary_fn=1635 boundary_fp=1343 boundary_tp=2.548e+04 dice=0.05338 dice_loss_raw=0.05338 iou=0.8994 loss_weight=0.1 raw_boundary_fn=1635 raw_boundary_fp=1343 raw_boundary_tp=2.548e+04 raw_dice_score=0.9466 raw_iou=0.8994 weighted_loss=0.01707
2026-07-31 03:12:29,295 - portable_sam_fusion - INFO - [DEBUG-CONTEXT] epoch=49 step=14150 enabled=0
2026-07-31 03:12:29,295 - portable_sam_fusion - INFO - [DEBUG-JITTER] epoch=49 step=14150 area_ratio_count=64 area_ratio_mean=1 area_ratio_sum=64 fallback_count=0 mean_iou=1 num_jittered=0 num_rois=64
2026-07-31 03:12:29,295 - portable_sam_fusion - INFO - [DEBUG-SP] epoch=49 step=14150 all_invalid_count=0 all_invalid_ratio=0 empty_count=0 empty_ratio=0 full_count=0 full_ratio=0 mean_point_distance=31.62 n1_gt_valid_count=64 n1_in_gt_bg=0.8594 n1_in_gt_bg_count=55 n1_valid_count=64 n1_valid_ratio=1 n2_gt_valid_count=64 n2_in_gt_bg=1 n2_in_gt_bg_count=64 n2_valid_count=64 n2_valid_ratio=1 neg_in_pred_bg=1 neg_in_pred_bg_count=128 negative_pair_count=64 negative_pair_distance_sum=2895 p1_gt_valid_count=64 p1_in_gt_fg=1 p1_in_gt_fg_count=64 p1_valid_count=64 p1_valid_ratio=1 p2_gt_valid_count=64 p2_in_gt_fg=1 p2_in_gt_fg_count=64 p2_valid_count=64 p2_valid_ratio=1 point_distance_sum=4048 point_overlap_count=0 point_overlap_ratio=0 point_pair_count=128 pos_in_pred_fg=1 pos_in_pred_fg_count=128 positive_pair_count=64 positive_pair_distance_sum=1152 roi_count=64 valid_neg_count=128 valid_pos_count=128 warmup_stage=2
2026-07-31 03:13:23,457 - portable_sam_fusion - INFO - [DEBUG-BOX] epoch=49 step=14200 fallback_count=0 fallback_ratio=0 num_rois=64 refined_proposal_iou=0 refined_proposal_iou_sum=0 refined_valid_count=0
2026-07-31 03:13:23,457 - portable_sam_fusion - INFO - [DEBUG-COARSE] epoch=49 step=14200 bce_raw=0.09933 boundary_fn=1487 boundary_fp=1048 boundary_tp=2.69e+04 dice=0.05592 dice_loss_raw=0.05592 iou=0.8958 loss_weight=0.1 raw_boundary_fn=1487 raw_boundary_fp=1048 raw_boundary_tp=2.69e+04 raw_dice_score=0.9441 raw_iou=0.8958 weighted_loss=0.01552
2026-07-31 03:13:23,457 - portable_sam_fusion - INFO - [DEBUG-CONTEXT] epoch=49 step=14200 enabled=0
2026-07-31 03:13:23,457 - portable_sam_fusion - INFO - [DEBUG-JITTER] epoch=49 step=14200 area_ratio_count=64 area_ratio_mean=1 area_ratio_sum=64 fallback_count=0 mean_iou=1 num_jittered=0 num_rois=64
2026-07-31 03:13:23,457 - portable_sam_fusion - INFO - [DEBUG-SP] epoch=49 step=14200 all_invalid_count=0 all_invalid_ratio=0 empty_count=0 empty_ratio=0 full_count=0 full_ratio=0 mean_point_distance=41.02 n1_gt_valid_count=64 n1_in_gt_bg=0.9062 n1_in_gt_bg_count=58 n1_valid_count=64 n1_valid_ratio=1 n2_gt_valid_count=64 n2_in_gt_bg=1 n2_in_gt_bg_count=64 n2_valid_count=64 n2_valid_ratio=1 neg_in_pred_bg=1 neg_in_pred_bg_count=128 negative_pair_count=64 negative_pair_distance_sum=4095 p1_gt_valid_count=64 p1_in_gt_fg=1 p1_in_gt_fg_count=64 p1_valid_count=64 p1_valid_ratio=1 p2_gt_valid_count=64 p2_in_gt_fg=1 p2_in_gt_fg_count=64 p2_valid_count=64 p2_valid_ratio=1 point_distance_sum=5250 point_overlap_count=0 point_overlap_ratio=0 point_pair_count=128 pos_in_pred_fg=1 pos_in_pred_fg_count=128 positive_pair_count=64 positive_pair_distance_sum=1155 roi_count=64 valid_neg_count=128 valid_pos_count=128 warmup_stage=2
2026-07-31 03:14:16,964 - portable_sam_fusion - INFO - [DEBUG-BOX] epoch=49 step=14250 fallback_count=0 fallback_ratio=0 num_rois=0 refined_proposal_iou=0 refined_proposal_iou_sum=0 refined_valid_count=0
2026-07-31 03:14:16,964 - portable_sam_fusion - INFO - [DEBUG-COARSE] epoch=49 step=14250 boundary_fn=0 boundary_fp=0 boundary_tp=0 dice=0 iou=0
2026-07-31 03:14:16,964 - portable_sam_fusion - INFO - [DEBUG-CONTEXT] epoch=49 step=14250 enabled=0
2026-07-31 03:14:16,964 - portable_sam_fusion - INFO - [DEBUG-JITTER] epoch=49 step=14250 area_ratio_count=0 area_ratio_mean=0 area_ratio_sum=0 fallback_count=0 mean_iou=0 num_jittered=0 num_rois=0
2026-07-31 03:14:16,964 - portable_sam_fusion - INFO - [DEBUG-SP] epoch=49 step=14250 all_invalid_count=0 all_invalid_ratio=0 empty_count=0 empty_ratio=0 full_count=1 full_ratio=0.01562 mean_point_distance=23.08 n1_gt_valid_count=63 n1_in_gt_bg=0.9206 n1_in_gt_bg_count=58 n1_valid_count=63 n1_valid_ratio=0.9844 n2_gt_valid_count=63 n2_in_gt_bg=1 n2_in_gt_bg_count=63 n2_valid_count=63 n2_valid_ratio=0.9844 neg_in_pred_bg=1 neg_in_pred_bg_count=126 negative_pair_count=63 negative_pair_distance_sum=2178 p1_gt_valid_count=64 p1_in_gt_fg=1 p1_in_gt_fg_count=64 p1_valid_count=64 p1_valid_ratio=1 p2_gt_valid_count=64 p2_in_gt_fg=1 p2_in_gt_fg_count=64 p2_valid_count=64 p2_valid_ratio=1 point_distance_sum=2931 point_overlap_count=0 point_overlap_ratio=0 point_pair_count=127 pos_in_pred_fg=1 pos_in_pred_fg_count=128 positive_pair_count=64 positive_pair_distance_sum=753.6 roi_count=64 valid_neg_count=126 valid_pos_count=128 warmup_stage=2
2026-07-31 03:15:11,259 - portable_sam_fusion - INFO - [DEBUG-BOX] epoch=49 step=14300 fallback_count=0 fallback_ratio=0 num_rois=64 refined_proposal_iou=0 refined_proposal_iou_sum=0 refined_valid_count=0
2026-07-31 03:15:11,260 - portable_sam_fusion - INFO - [DEBUG-COARSE] epoch=49 step=14300 bce_raw=0.1139 boundary_fn=1659 boundary_fp=1583 boundary_tp=2.628e+04 dice=0.06755 dice_loss_raw=0.06755 iou=0.8756 loss_weight=0.1 raw_boundary_fn=1659 raw_boundary_fp=1583 raw_boundary_tp=2.628e+04 raw_dice_score=0.9324 raw_iou=0.8756 weighted_loss=0.01814
2026-07-31 03:15:11,260 - portable_sam_fusion - INFO - [DEBUG-CONTEXT] epoch=49 step=14300 enabled=0
2026-07-31 03:15:11,260 - portable_sam_fusion - INFO - [DEBUG-JITTER] epoch=49 step=14300 area_ratio_count=64 area_ratio_mean=1 area_ratio_sum=64 fallback_count=0 mean_iou=1 num_jittered=0 num_rois=64
2026-07-31 03:15:11,260 - portable_sam_fusion - INFO - [DEBUG-SP] epoch=49 step=14300 all_invalid_count=0 all_invalid_ratio=0 empty_count=0 empty_ratio=0 full_count=0 full_ratio=0 mean_point_distance=27.69 n1_gt_valid_count=64 n1_in_gt_bg=0.875 n1_in_gt_bg_count=56 n1_valid_count=64 n1_valid_ratio=1 n2_gt_valid_count=64 n2_in_gt_bg=1 n2_in_gt_bg_count=64 n2_valid_count=64 n2_valid_ratio=1 neg_in_pred_bg=1 neg_in_pred_bg_count=128 negative_pair_count=64 negative_pair_distance_sum=2652 p1_gt_valid_count=64 p1_in_gt_fg=1 p1_in_gt_fg_count=64 p1_valid_count=64 p1_valid_ratio=1 p2_gt_valid_count=64 p2_in_gt_fg=1 p2_in_gt_fg_count=64 p2_valid_count=64 p2_valid_ratio=1 point_distance_sum=3544 point_overlap_count=0 point_overlap_ratio=0 point_pair_count=128 pos_in_pred_fg=1 pos_in_pred_fg_count=128 positive_pair_count=64 positive_pair_distance_sum=892.7 roi_count=64 valid_neg_count=128 valid_pos_count=128 warmup_stage=2
2026-07-31 03:15:15,912 - portable_sam_fusion - INFO - epoch 49 | mini-batch 192/294 | optimizer_step 3600/5920 | lr=1.720e-04
2026-07-31 03:16:05,637 - portable_sam_fusion - INFO - [DEBUG-BOX] epoch=49 step=14350 fallback_count=0 fallback_ratio=0 num_rois=64 refined_proposal_iou=0 refined_proposal_iou_sum=0 refined_valid_count=0
2026-07-31 03:16:05,637 - portable_sam_fusion - INFO - [DEBUG-COARSE] epoch=49 step=14350 bce_raw=0.1767 boundary_fn=3033 boundary_fp=3200 boundary_tp=2.483e+04 dice=0.09179 dice_loss_raw=0.09179 iou=0.838 loss_weight=0.1 raw_boundary_fn=3033 raw_boundary_fp=3200 raw_boundary_tp=2.483e+04 raw_dice_score=0.9082 raw_iou=0.838 weighted_loss=0.02685
2026-07-31 03:16:05,637 - portable_sam_fusion - INFO - [DEBUG-CONTEXT] epoch=49 step=14350 enabled=0
2026-07-31 03:16:05,637 - portable_sam_fusion - INFO - [DEBUG-JITTER] epoch=49 step=14350 area_ratio_count=64 area_ratio_mean=1 area_ratio_sum=64 fallback_count=0 mean_iou=1 num_jittered=0 num_rois=64
2026-07-31 03:16:05,637 - portable_sam_fusion - INFO - [DEBUG-SP] epoch=49 step=14350 all_invalid_count=0 all_invalid_ratio=0 empty_count=0 empty_ratio=0 full_count=0 full_ratio=0 mean_point_distance=29.11 n1_gt_valid_count=64 n1_in_gt_bg=0.875 n1_in_gt_bg_count=56 n1_valid_count=64 n1_valid_ratio=1 n2_gt_valid_count=64 n2_in_gt_bg=1 n2_in_gt_bg_count=64 n2_valid_count=64 n2_valid_ratio=1 neg_in_pred_bg=1 neg_in_pred_bg_count=128 negative_pair_count=64 negative_pair_distance_sum=2715 p1_gt_valid_count=64 p1_in_gt_fg=1 p1_in_gt_fg_count=64 p1_valid_count=64 p1_valid_ratio=1 p2_gt_valid_count=64 p2_in_gt_fg=0.9844 p2_in_gt_fg_count=63 p2_valid_count=64 p2_valid_ratio=1 point_distance_sum=3726 point_overlap_count=0 point_overlap_ratio=0 point_pair_count=128 pos_in_pred_fg=1 pos_in_pred_fg_count=128 positive_pair_count=64 positive_pair_distance_sum=1011 roi_count=64 valid_neg_count=128 valid_pos_count=128 warmup_stage=2
2026-07-31 03:17:01,896 - portable_sam_fusion - INFO - [DEBUG-BOX] epoch=49 step=14400 fallback_count=0 fallback_ratio=0 num_rois=64 refined_proposal_iou=0 refined_proposal_iou_sum=0 refined_valid_count=0
2026-07-31 03:17:01,896 - portable_sam_fusion - INFO - [DEBUG-COARSE] epoch=49 step=14400 bce_raw=0.1429 boundary_fn=1868 boundary_fp=2614 boundary_tp=2.32e+04 dice=0.05855 dice_loss_raw=0.05855 iou=0.8918 loss_weight=0.1 raw_boundary_fn=1868 raw_boundary_fp=2614 raw_boundary_tp=2.32e+04 raw_dice_score=0.9414 raw_iou=0.8918 weighted_loss=0.02015
2026-07-31 03:17:01,896 - portable_sam_fusion - INFO - [DEBUG-CONTEXT] epoch=49 step=14400 enabled=0
2026-07-31 03:17:01,896 - portable_sam_fusion - INFO - [DEBUG-JITTER] epoch=49 step=14400 area_ratio_count=64 area_ratio_mean=1 area_ratio_sum=64 fallback_count=0 mean_iou=1 num_jittered=0 num_rois=64
2026-07-31 03:17:01,896 - portable_sam_fusion - INFO - [DEBUG-SP] epoch=49 step=14400 all_invalid_count=0 all_invalid_ratio=0 empty_count=0 empty_ratio=0 full_count=0 full_ratio=0 mean_point_distance=32.16 n1_gt_valid_count=64 n1_in_gt_bg=0.8906 n1_in_gt_bg_count=57 n1_valid_count=64 n1_valid_ratio=1 n2_gt_valid_count=64 n2_in_gt_bg=0.9375 n2_in_gt_bg_count=60 n2_valid_count=64 n2_valid_ratio=1 neg_in_pred_bg=1 neg_in_pred_bg_count=128 negative_pair_count=64 negative_pair_distance_sum=3051 p1_gt_valid_count=64 p1_in_gt_fg=1 p1_in_gt_fg_count=64 p1_valid_count=64 p1_valid_ratio=1 p2_gt_valid_count=64 p2_in_gt_fg=1 p2_in_gt_fg_count=64 p2_valid_count=64 p2_valid_ratio=1 point_distance_sum=4116 point_overlap_count=0 point_overlap_ratio=0 point_pair_count=128 pos_in_pred_fg=1 pos_in_pred_fg_count=128 positive_pair_count=64 positive_pair_distance_sum=1066 roi_count=64 valid_neg_count=128 valid_pos_count=128 warmup_stage=2
2026-07-31 03:17:08,049 - portable_sam_fusion - INFO - Epoch 49 detailed losses: loss_rpn_cls=0.0040, loss_rpn_bbox=0.0023, loss_cls=0.1033, acc=96.1910, loss_bbox=0.0391, loss_mask=0.0010, debug_mask_pos_rois=57.4422, debug_mask_logit_mean=-16.6530, debug_mask_logit_std=2.9359, debug_mask_prob_mean=0.0047, debug_mask_prob_ge05=0.0047, debug_mask_target_fill=0.0047, loss_shape_prior=0.0176, schedule/det_weight=1.0000
2026-07-31 03:17:08,049 - portable_sam_fusion - INFO - Epoch 49 primary loss shares: det=88.87% final_mask=0.60% shape=10.53% p2_boundary=0.00%
2026-07-31 03:17:08,049 - portable_sam_fusion - INFO - Epoch 49 schedule: det_loss_weight=1.000 early_stop_start=20 min_delta=0.0005
2026-07-31 03:17:08,049 - portable_sam_fusion - INFO - Epoch 49 learning rates: sat_backbone=1.69e-04, mask_decoder=1.69e-04, shape_prior=1.69e-04, quality_head=1.69e-04, sat_other=1.69e-04
2026-07-31 03:20:00,189 - portable_sam_fusion - INFO - Validation samples: GT=15926, DT=16609, avg_masks_per_image=26.49, avg_mask_fill=0.0046
creating index...
index created!
Loading and preparing results...
DONE (t=0.02s)
creating index...
index created!
Running per image evaluation...
Evaluate annotation type *bbox*
DONE (t=10.65s).
Accumulating evaluation results...
DONE (t=0.15s).
 Average Precision  (AP) @[ IoU=0.50:0.95 | area=   all | maxDets=100 ] = 0.732
 Average Precision  (AP) @[ IoU=0.50      | area=   all | maxDets=100 ] = 0.898
 Average Precision  (AP) @[ IoU=0.75      | area=   all | maxDets=100 ] = 0.827
 Average Precision  (AP) @[ IoU=0.50:0.95 | area= small | maxDets=100 ] = 0.356
 Average Precision  (AP) @[ IoU=0.50:0.95 | area=medium | maxDets=100 ] = 0.768
 Average Precision  (AP) @[ IoU=0.50:0.95 | area= large | maxDets=100 ] = 0.832
 Average Recall     (AR) @[ IoU=0.50:0.95 | area=   all | maxDets=  1 ] = 0.027
 Average Recall     (AR) @[ IoU=0.50:0.95 | area=   all | maxDets= 10 ] = 0.198
 Average Recall     (AR) @[ IoU=0.50:0.95 | area=   all | maxDets=100 ] = 0.778
 Average Recall     (AR) @[ IoU=0.50:0.95 | area= small | maxDets=100 ] = 0.455
 Average Recall     (AR) @[ IoU=0.50:0.95 | area=medium | maxDets=100 ] = 0.815
 Average Recall     (AR) @[ IoU=0.50:0.95 | area= large | maxDets=100 ] = 0.876
2026-07-31 03:20:11,214 - portable_sam_fusion - INFO - Validation bbox/mAP: 0.7321 bbox/mAP_75: 0.8272
Running per image evaluation...
Evaluate annotation type *segm*
DONE (t=10.61s).
Accumulating evaluation results...
DONE (t=0.17s).
 Average Precision  (AP) @[ IoU=0.50:0.95 | area=   all | maxDets=100 ] = 0.645
 Average Precision  (AP) @[ IoU=0.50      | area=   all | maxDets=100 ] = 0.899
 Average Precision  (AP) @[ IoU=0.75      | area=   all | maxDets=100 ] = 0.769
 Average Precision  (AP) @[ IoU=0.50:0.95 | area= small | maxDets=100 ] = 0.242
 Average Precision  (AP) @[ IoU=0.50:0.95 | area=medium | maxDets=100 ] = 0.670
 Average Precision  (AP) @[ IoU=0.50:0.95 | area= large | maxDets=100 ] = 0.793
 Average Recall     (AR) @[ IoU=0.50:0.95 | area=   all | maxDets=  1 ] = 0.026
 Average Recall     (AR) @[ IoU=0.50:0.95 | area=   all | maxDets= 10 ] = 0.182
 Average Recall     (AR) @[ IoU=0.50:0.95 | area=   all | maxDets=100 ] = 0.685
 Average Recall     (AR) @[ IoU=0.50:0.95 | area= small | maxDets=100 ] = 0.320
 Average Recall     (AR) @[ IoU=0.50:0.95 | area=medium | maxDets=100 ] = 0.714
 Average Recall     (AR) @[ IoU=0.50:0.95 | area= large | maxDets=100 ] = 0.832
2026-07-31 03:20:22,014 - portable_sam_fusion - INFO - Validation segm/mAP: 0.6450
2026-07-31 03:20:22,561 - portable_sam_fusion - INFO - New best segm/mAP: 0.6450
2026-07-31 03:20:22,562 - portable_sam_fusion - INFO - New best bbox/mAP: 0.7321
2026-07-31 03:20:22,562 - portable_sam_fusion - INFO - Early-stop metric (segm/mAP): raw=0.6450 smooth(5)=0.6363 best=0.6370 counter=5
2026-07-31 03:20:25,025 - portable_sam_fusion - INFO - Saved best_model with segm/mAP: 0.6450
2026-07-31 03:20:27,659 - portable_sam_fusion - INFO - Saved best_bbox_model with bbox/mAP: 0.7321
2026-07-31 03:20:32,858 - portable_sam_fusion - INFO - Epoch 49/80 | train=0.167379 val=disabled segm/mAP=0.6450 bbox/mAP=0.7321 | best_segm=0.6450 best_bbox=0.7321 best_comp=0.0000 | sat_backbone=1.69e-04 mask_decoder=1.69e-04 shape_prior=1.69e-04 quality_head=1.69e-04 sat_other=1.69e-04
2026-07-31 03:21:20,175 - portable_sam_fusion - INFO - [DEBUG-BOX] epoch=50 step=14450 fallback_count=0 fallback_ratio=0 num_rois=64 refined_proposal_iou=0 refined_proposal_iou_sum=0 refined_valid_count=0
2026-07-31 03:21:20,175 - portable_sam_fusion - INFO - [DEBUG-COARSE] epoch=50 step=14450 bce_raw=0.1352 boundary_fn=821 boundary_fp=1022 boundary_tp=2.593e+04 dice=0.08859 dice_loss_raw=0.08859 iou=0.8381 loss_weight=0.1 raw_boundary_fn=821 raw_boundary_fp=1022 raw_boundary_tp=2.593e+04 raw_dice_score=0.9114 raw_iou=0.8381 weighted_loss=0.02237
2026-07-31 03:21:20,175 - portable_sam_fusion - INFO - [DEBUG-CONTEXT] epoch=50 step=14450 enabled=0
2026-07-31 03:21:20,175 - portable_sam_fusion - INFO - [DEBUG-JITTER] epoch=50 step=14450 area_ratio_count=64 area_ratio_mean=1 area_ratio_sum=64 fallback_count=0 mean_iou=1 num_jittered=0 num_rois=64
2026-07-31 03:21:20,175 - portable_sam_fusion - INFO - [DEBUG-SP] epoch=50 step=14450 all_invalid_count=0 all_invalid_ratio=0 empty_count=0 empty_ratio=0 full_count=0 full_ratio=0 mean_point_distance=90.79 n1_gt_valid_count=64 n1_in_gt_bg=0.8125 n1_in_gt_bg_count=52 n1_valid_count=64 n1_valid_ratio=1 n2_gt_valid_count=64 n2_in_gt_bg=1 n2_in_gt_bg_count=64 n2_valid_count=64 n2_valid_ratio=1 neg_in_pred_bg=1 neg_in_pred_bg_count=128 negative_pair_count=64 negative_pair_distance_sum=6771 p1_gt_valid_count=64 p1_in_gt_fg=1 p1_in_gt_fg_count=64 p1_valid_count=64 p1_valid_ratio=1 p2_gt_valid_count=64 p2_in_gt_fg=1 p2_in_gt_fg_count=64 p2_valid_count=64 p2_valid_ratio=1 point_distance_sum=1.162e+04 point_overlap_count=0 point_overlap_ratio=0 point_pair_count=128 pos_in_pred_fg=1 pos_in_pred_fg_count=128 positive_pair_count=64 positive_pair_distance_sum=4851 roi_count=64 valid_neg_count=128 valid_pos_count=128 warmup_stage=2
2026-07-31 03:22:10,366 - portable_sam_fusion - INFO - [DEBUG-BOX] epoch=50 step=14500 fallback_count=0 fallback_ratio=0 num_rois=64 refined_proposal_iou=0 refined_proposal_iou_sum=0 refined_valid_count=0
2026-07-31 03:22:10,366 - portable_sam_fusion - INFO - [DEBUG-COARSE] epoch=50 step=14500 bce_raw=0.05853 boundary_fn=273 boundary_fp=289 boundary_tp=2.259e+04 dice=0.02876 dice_loss_raw=0.02876 iou=0.9443 loss_weight=0.1 raw_boundary_fn=273 raw_boundary_fp=289 raw_boundary_tp=2.259e+04 raw_dice_score=0.9712 raw_iou=0.9443 weighted_loss=0.008728
2026-07-31 03:22:10,366 - portable_sam_fusion - INFO - [DEBUG-CONTEXT] epoch=50 step=14500 enabled=0
2026-07-31 03:22:10,366 - portable_sam_fusion - INFO - [DEBUG-JITTER] epoch=50 step=14500 area_ratio_count=64 area_ratio_mean=1 area_ratio_sum=64 fallback_count=0 mean_iou=1 num_jittered=0 num_rois=64
2026-07-31 03:22:10,366 - portable_sam_fusion - INFO - [DEBUG-SP] epoch=50 step=14500 all_invalid_count=0 all_invalid_ratio=0 empty_count=0 empty_ratio=0 full_count=0 full_ratio=0 mean_point_distance=24.93 n1_gt_valid_count=64 n1_in_gt_bg=0.9688 n1_in_gt_bg_count=62 n1_valid_count=64 n1_valid_ratio=1 n2_gt_valid_count=64 n2_in_gt_bg=1 n2_in_gt_bg_count=64 n2_valid_count=64 n2_valid_ratio=1 neg_in_pred_bg=1 neg_in_pred_bg_count=128 negative_pair_count=64 negative_pair_distance_sum=2434 p1_gt_valid_count=64 p1_in_gt_fg=1 p1_in_gt_fg_count=64 p1_valid_count=64 p1_valid_ratio=1 p2_gt_valid_count=64 p2_in_gt_fg=1 p2_in_gt_fg_count=64 p2_valid_count=64 p2_valid_ratio=1 point_distance_sum=3191 point_overlap_count=0 point_overlap_ratio=0 point_pair_count=128 pos_in_pred_fg=1 pos_in_pred_fg_count=128 positive_pair_count=64 positive_pair_distance_sum=756.3 roi_count=64 valid_neg_count=128 valid_pos_count=128 warmup_stage=2
2026-07-31 03:22:13,380 - portable_sam_fusion - INFO - epoch 50 | mini-batch 96/294 | optimizer_step 3650/5920 | lr=1.657e-04
2026-07-31 03:23:05,606 - portable_sam_fusion - INFO - [DEBUG-BOX] epoch=50 step=14550 fallback_count=0 fallback_ratio=0 num_rois=0 refined_proposal_iou=0 refined_proposal_iou_sum=0 refined_valid_count=0
2026-07-31 03:23:05,606 - portable_sam_fusion - INFO - [DEBUG-COARSE] epoch=50 step=14550 boundary_fn=0 boundary_fp=0 boundary_tp=0 dice=0 iou=0
2026-07-31 03:23:05,606 - portable_sam_fusion - INFO - [DEBUG-CONTEXT] epoch=50 step=14550 enabled=0
2026-07-31 03:23:05,606 - portable_sam_fusion - INFO - [DEBUG-JITTER] epoch=50 step=14550 area_ratio_count=0 area_ratio_mean=0 area_ratio_sum=0 fallback_count=0 mean_iou=0 num_jittered=0 num_rois=0
2026-07-31 03:23:05,606 - portable_sam_fusion - INFO - [DEBUG-SP] epoch=50 step=14550 all_invalid_count=0 all_invalid_ratio=0 empty_count=0 empty_ratio=0 full_count=0 full_ratio=0 mean_point_distance=23.79 n1_gt_valid_count=64 n1_in_gt_bg=0.7344 n1_in_gt_bg_count=47 n1_valid_count=64 n1_valid_ratio=1 n2_gt_valid_count=64 n2_in_gt_bg=0.8906 n2_in_gt_bg_count=57 n2_valid_count=64 n2_valid_ratio=1 neg_in_pred_bg=1 neg_in_pred_bg_count=128 negative_pair_count=64 negative_pair_distance_sum=2160 p1_gt_valid_count=64 p1_in_gt_fg=1 p1_in_gt_fg_count=64 p1_valid_count=64 p1_valid_ratio=1 p2_gt_valid_count=64 p2_in_gt_fg=1 p2_in_gt_fg_count=64 p2_valid_count=64 p2_valid_ratio=1 point_distance_sum=3045 point_overlap_count=0 point_overlap_ratio=0 point_pair_count=128 pos_in_pred_fg=1 pos_in_pred_fg_count=128 positive_pair_count=64 positive_pair_distance_sum=884.9 roi_count=64 valid_neg_count=128 valid_pos_count=128 warmup_stage=2
2026-07-31 03:23:58,469 - portable_sam_fusion - INFO - [DEBUG-BOX] epoch=50 step=14600 fallback_count=0 fallback_ratio=0 num_rois=64 refined_proposal_iou=0 refined_proposal_iou_sum=0 refined_valid_count=0
2026-07-31 03:23:58,470 - portable_sam_fusion - INFO - [DEBUG-COARSE] epoch=50 step=14600 bce_raw=0.09901 boundary_fn=1378 boundary_fp=992 boundary_tp=2.578e+04 dice=0.05198 dice_loss_raw=0.05198 iou=0.902 loss_weight=0.1 raw_boundary_fn=1378 raw_boundary_fp=992 raw_boundary_tp=2.578e+04 raw_dice_score=0.948 raw_iou=0.902 weighted_loss=0.0151
2026-07-31 03:23:58,470 - portable_sam_fusion - INFO - [DEBUG-CONTEXT] epoch=50 step=14600 enabled=0
2026-07-31 03:23:58,470 - portable_sam_fusion - INFO - [DEBUG-JITTER] epoch=50 step=14600 area_ratio_count=64 area_ratio_mean=1 area_ratio_sum=64 fallback_count=0 mean_iou=1 num_jittered=0 num_rois=64
2026-07-31 03:23:58,470 - portable_sam_fusion - INFO - [DEBUG-SP] epoch=50 step=14600 all_invalid_count=0 all_invalid_ratio=0 empty_count=0 empty_ratio=0 full_count=0 full_ratio=0 mean_point_distance=30.54 n1_gt_valid_count=64 n1_in_gt_bg=0.8906 n1_in_gt_bg_count=57 n1_valid_count=64 n1_valid_ratio=1 n2_gt_valid_count=64 n2_in_gt_bg=1 n2_in_gt_bg_count=64 n2_valid_count=64 n2_valid_ratio=1 neg_in_pred_bg=1 neg_in_pred_bg_count=128 negative_pair_count=64 negative_pair_distance_sum=2816 p1_gt_valid_count=64 p1_in_gt_fg=1 p1_in_gt_fg_count=64 p1_valid_count=64 p1_valid_ratio=1 p2_gt_valid_count=64 p2_in_gt_fg=1 p2_in_gt_fg_count=64 p2_valid_count=64 p2_valid_ratio=1 point_distance_sum=3910 point_overlap_count=0 point_overlap_ratio=0 point_pair_count=128 pos_in_pred_fg=1 pos_in_pred_fg_count=128 positive_pair_count=64 positive_pair_distance_sum=1094 roi_count=64 valid_neg_count=128 valid_pos_count=128 warmup_stage=2
2026-07-31 03:24:52,363 - portable_sam_fusion - INFO - [DEBUG-BOX] epoch=50 step=14650 fallback_count=0 fallback_ratio=0 num_rois=64 refined_proposal_iou=0 refined_proposal_iou_sum=0 refined_valid_count=0
2026-07-31 03:24:52,363 - portable_sam_fusion - INFO - [DEBUG-COARSE] epoch=50 step=14650 bce_raw=0.07925 boundary_fn=642 boundary_fp=960 boundary_tp=2.671e+04 dice=0.04755 dice_loss_raw=0.04755 iou=0.9102 loss_weight=0.1 raw_boundary_fn=642 raw_boundary_fp=960 raw_boundary_tp=2.671e+04 raw_dice_score=0.9525 raw_iou=0.9102 weighted_loss=0.01268
2026-07-31 03:24:52,363 - portable_sam_fusion - INFO - [DEBUG-CONTEXT] epoch=50 step=14650 enabled=0
2026-07-31 03:24:52,363 - portable_sam_fusion - INFO - [DEBUG-JITTER] epoch=50 step=14650 area_ratio_count=64 area_ratio_mean=1 area_ratio_sum=64 fallback_count=0 mean_iou=1 num_jittered=0 num_rois=64
2026-07-31 03:24:52,364 - portable_sam_fusion - INFO - [DEBUG-SP] epoch=50 step=14650 all_invalid_count=0 all_invalid_ratio=0 empty_count=0 empty_ratio=0 full_count=0 full_ratio=0 mean_point_distance=36.87 n1_gt_valid_count=64 n1_in_gt_bg=0.9375 n1_in_gt_bg_count=60 n1_valid_count=64 n1_valid_ratio=1 n2_gt_valid_count=64 n2_in_gt_bg=1 n2_in_gt_bg_count=64 n2_valid_count=64 n2_valid_ratio=1 neg_in_pred_bg=1 neg_in_pred_bg_count=128 negative_pair_count=64 negative_pair_distance_sum=3504 p1_gt_valid_count=64 p1_in_gt_fg=1 p1_in_gt_fg_count=64 p1_valid_count=64 p1_valid_ratio=1 p2_gt_valid_count=64 p2_in_gt_fg=1 p2_in_gt_fg_count=64 p2_valid_count=64 p2_valid_ratio=1 point_distance_sum=4720 point_overlap_count=0 point_overlap_ratio=0 point_pair_count=128 pos_in_pred_fg=1 pos_in_pred_fg_count=128 positive_pair_count=64 positive_pair_distance_sum=1216 roi_count=64 valid_neg_count=128 valid_pos_count=128 warmup_stage=2
2026-07-31 03:25:46,702 - portable_sam_fusion - INFO - [DEBUG-BOX] epoch=50 step=14700 fallback_count=0 fallback_ratio=0 num_rois=64 refined_proposal_iou=0 refined_proposal_iou_sum=0 refined_valid_count=0
2026-07-31 03:25:46,702 - portable_sam_fusion - INFO - [DEBUG-COARSE] epoch=50 step=14700 bce_raw=0.1222 boundary_fn=1567 boundary_fp=1622 boundary_tp=2.642e+04 dice=0.06376 dice_loss_raw=0.06376 iou=0.8826 loss_weight=0.1 raw_boundary_fn=1567 raw_boundary_fp=1622 raw_boundary_tp=2.642e+04 raw_dice_score=0.9362 raw_iou=0.8826 weighted_loss=0.01859
2026-07-31 03:25:46,702 - portable_sam_fusion - INFO - [DEBUG-CONTEXT] epoch=50 step=14700 enabled=0
2026-07-31 03:25:46,702 - portable_sam_fusion - INFO - [DEBUG-JITTER] epoch=50 step=14700 area_ratio_count=64 area_ratio_mean=1 area_ratio_sum=64 fallback_count=0 mean_iou=1 num_jittered=0 num_rois=64
2026-07-31 03:25:46,702 - portable_sam_fusion - INFO - [DEBUG-SP] epoch=50 step=14700 all_invalid_count=0 all_invalid_ratio=0 empty_count=0 empty_ratio=0 full_count=0 full_ratio=0 mean_point_distance=37.71 n1_gt_valid_count=64 n1_in_gt_bg=0.8281 n1_in_gt_bg_count=53 n1_valid_count=64 n1_valid_ratio=1 n2_gt_valid_count=64 n2_in_gt_bg=1 n2_in_gt_bg_count=64 n2_valid_count=64 n2_valid_ratio=1 neg_in_pred_bg=1 neg_in_pred_bg_count=128 negative_pair_count=64 negative_pair_distance_sum=3490 p1_gt_valid_count=64 p1_in_gt_fg=1 p1_in_gt_fg_count=64 p1_valid_count=64 p1_valid_ratio=1 p2_gt_valid_count=64 p2_in_gt_fg=1 p2_in_gt_fg_count=64 p2_valid_count=64 p2_valid_ratio=1 point_distance_sum=4827 point_overlap_count=0 point_overlap_ratio=0 point_pair_count=128 pos_in_pred_fg=1 pos_in_pred_fg_count=128 positive_pair_count=64 positive_pair_distance_sum=1337 roi_count=64 valid_neg_count=128 valid_pos_count=128 warmup_stage=2
2026-07-31 03:25:47,043 - portable_sam_fusion - INFO - epoch 50 | mini-batch 294/294 | optimizer_step 3700/5920 | lr=1.594e-04
2026-07-31 03:25:47,060 - portable_sam_fusion - INFO - Epoch 50 detailed losses: loss_rpn_cls=0.0038, loss_rpn_bbox=0.0023, loss_cls=0.0921, acc=96.6100, loss_bbox=0.0367, loss_mask=0.0009, debug_mask_pos_rois=54.7891, debug_mask_logit_mean=-16.5052, debug_mask_logit_std=2.7827, debug_mask_prob_mean=0.0045, debug_mask_prob_ge05=0.0044, debug_mask_target_fill=0.0045, loss_shape_prior=0.0165, schedule/det_weight=1.0000
2026-07-31 03:25:47,060 - portable_sam_fusion - INFO - Epoch 50 primary loss shares: det=88.58% final_mask=0.61% shape=10.81% p2_boundary=0.00%
2026-07-31 03:25:47,060 - portable_sam_fusion - INFO - Epoch 50 schedule: det_loss_weight=1.000 early_stop_start=20 min_delta=0.0005
2026-07-31 03:25:47,060 - portable_sam_fusion - INFO - Epoch 50 learning rates: sat_backbone=1.59e-04, mask_decoder=1.59e-04, shape_prior=1.59e-04, quality_head=1.59e-04, sat_other=1.59e-04
2026-07-31 03:28:34,677 - portable_sam_fusion - INFO - Validation samples: GT=15926, DT=15915, avg_masks_per_image=25.38, avg_mask_fill=0.0047
creating index...
index created!
Loading and preparing results...
DONE (t=0.02s)
creating index...
index created!
Running per image evaluation...
Evaluate annotation type *bbox*
DONE (t=10.10s).
Accumulating evaluation results...
DONE (t=0.15s).
 Average Precision  (AP) @[ IoU=0.50:0.95 | area=   all | maxDets=100 ] = 0.730
 Average Precision  (AP) @[ IoU=0.50      | area=   all | maxDets=100 ] = 0.890
 Average Precision  (AP) @[ IoU=0.75      | area=   all | maxDets=100 ] = 0.828
 Average Precision  (AP) @[ IoU=0.50:0.95 | area= small | maxDets=100 ] = 0.344
 Average Precision  (AP) @[ IoU=0.50:0.95 | area=medium | maxDets=100 ] = 0.769
 Average Precision  (AP) @[ IoU=0.50:0.95 | area= large | maxDets=100 ] = 0.829
 Average Recall     (AR) @[ IoU=0.50:0.95 | area=   all | maxDets=  1 ] = 0.027
 Average Recall     (AR) @[ IoU=0.50:0.95 | area=   all | maxDets= 10 ] = 0.199
 Average Recall     (AR) @[ IoU=0.50:0.95 | area=   all | maxDets=100 ] = 0.774
 Average Recall     (AR) @[ IoU=0.50:0.95 | area= small | maxDets=100 ] = 0.437
 Average Recall     (AR) @[ IoU=0.50:0.95 | area=medium | maxDets=100 ] = 0.816
 Average Recall     (AR) @[ IoU=0.50:0.95 | area= large | maxDets=100 ] = 0.871
2026-07-31 03:28:45,109 - portable_sam_fusion - INFO - Validation bbox/mAP: 0.7298 bbox/mAP_75: 0.8285
Running per image evaluation...
Evaluate annotation type *segm*
DONE (t=10.46s).
Accumulating evaluation results...
DONE (t=0.16s).
 Average Precision  (AP) @[ IoU=0.50:0.95 | area=   all | maxDets=100 ] = 0.636
 Average Precision  (AP) @[ IoU=0.50      | area=   all | maxDets=100 ] = 0.891
 Average Precision  (AP) @[ IoU=0.75      | area=   all | maxDets=100 ] = 0.760
 Average Precision  (AP) @[ IoU=0.50:0.95 | area= small | maxDets=100 ] = 0.235
 Average Precision  (AP) @[ IoU=0.50:0.95 | area=medium | maxDets=100 ] = 0.661
 Average Precision  (AP) @[ IoU=0.50:0.95 | area= large | maxDets=100 ] = 0.790
 Average Recall     (AR) @[ IoU=0.50:0.95 | area=   all | maxDets=  1 ] = 0.025
 Average Recall     (AR) @[ IoU=0.50:0.95 | area=   all | maxDets= 10 ] = 0.181
 Average Recall     (AR) @[ IoU=0.50:0.95 | area=   all | maxDets=100 ] = 0.677
 Average Recall     (AR) @[ IoU=0.50:0.95 | area= small | maxDets=100 ] = 0.303
 Average Recall     (AR) @[ IoU=0.50:0.95 | area=medium | maxDets=100 ] = 0.706
 Average Recall     (AR) @[ IoU=0.50:0.95 | area= large | maxDets=100 ] = 0.829
2026-07-31 03:28:55,759 - portable_sam_fusion - INFO - Validation segm/mAP: 0.6360
2026-07-31 03:28:56,333 - portable_sam_fusion - INFO - Early-stop metric (segm/mAP): raw=0.6360 smooth(5)=0.6370 best=0.6370 counter=6
2026-07-31 03:29:01,773 - portable_sam_fusion - INFO - Epoch 50/80 | train=0.152214 val=disabled segm/mAP=0.6360 bbox/mAP=0.7298 | best_segm=0.6450 best_bbox=0.7321 best_comp=0.0000 | sat_backbone=1.59e-04 mask_decoder=1.59e-04 shape_prior=1.59e-04 quality_head=1.59e-04 sat_other=1.59e-04
2026-07-31 03:29:58,179 - portable_sam_fusion - INFO - [DEBUG-BOX] epoch=51 step=14750 fallback_count=0 fallback_ratio=0 num_rois=64 refined_proposal_iou=0 refined_proposal_iou_sum=0 refined_valid_count=0
2026-07-31 03:29:58,179 - portable_sam_fusion - INFO - [DEBUG-COARSE] epoch=51 step=14750 bce_raw=0.09994 boundary_fn=1144 boundary_fp=1071 boundary_tp=2.459e+04 dice=0.0461 dice_loss_raw=0.0461 iou=0.9127 loss_weight=0.1 raw_boundary_fn=1144 raw_boundary_fp=1071 raw_boundary_tp=2.459e+04 raw_dice_score=0.9539 raw_iou=0.9127 weighted_loss=0.0146
2026-07-31 03:29:58,179 - portable_sam_fusion - INFO - [DEBUG-CONTEXT] epoch=51 step=14750 enabled=0
2026-07-31 03:29:58,179 - portable_sam_fusion - INFO - [DEBUG-JITTER] epoch=51 step=14750 area_ratio_count=64 area_ratio_mean=1 area_ratio_sum=64 fallback_count=0 mean_iou=1 num_jittered=0 num_rois=64
2026-07-31 03:29:58,179 - portable_sam_fusion - INFO - [DEBUG-SP] epoch=51 step=14750 all_invalid_count=0 all_invalid_ratio=0 empty_count=0 empty_ratio=0 full_count=0 full_ratio=0 mean_point_distance=32.81 n1_gt_valid_count=64 n1_in_gt_bg=0.8906 n1_in_gt_bg_count=57 n1_valid_count=64 n1_valid_ratio=1 n2_gt_valid_count=63 n2_in_gt_bg=1 n2_in_gt_bg_count=63 n2_valid_count=63 n2_valid_ratio=0.9844 neg_in_pred_bg=1 neg_in_pred_bg_count=127 negative_pair_count=63 negative_pair_distance_sum=3201 p1_gt_valid_count=64 p1_in_gt_fg=1 p1_in_gt_fg_count=64 p1_valid_count=64 p1_valid_ratio=1 p2_gt_valid_count=64 p2_in_gt_fg=1 p2_in_gt_fg_count=64 p2_valid_count=64 p2_valid_ratio=1 point_distance_sum=4167 point_overlap_count=0 point_overlap_ratio=0 point_pair_count=127 pos_in_pred_fg=1 pos_in_pred_fg_count=128 positive_pair_count=64 positive_pair_distance_sum=966 roi_count=64 valid_neg_count=127 valid_pos_count=128 warmup_stage=2
2026-07-31 03:30:51,872 - portable_sam_fusion - INFO - [DEBUG-BOX] epoch=51 step=14800 fallback_count=0 fallback_ratio=0 num_rois=64 refined_proposal_iou=0 refined_proposal_iou_sum=0 refined_valid_count=0
2026-07-31 03:30:51,872 - portable_sam_fusion - INFO - [DEBUG-COARSE] epoch=51 step=14800 bce_raw=0.1073 boundary_fn=1341 boundary_fp=1644 boundary_tp=2.312e+04 dice=0.04522 dice_loss_raw=0.04522 iou=0.9148 loss_weight=0.1 raw_boundary_fn=1341 raw_boundary_fp=1644 raw_boundary_tp=2.312e+04 raw_dice_score=0.9548 raw_iou=0.9148 weighted_loss=0.01525
2026-07-31 03:30:51,872 - portable_sam_fusion - INFO - [DEBUG-CONTEXT] epoch=51 step=14800 enabled=0
2026-07-31 03:30:51,872 - portable_sam_fusion - INFO - [DEBUG-JITTER] epoch=51 step=14800 area_ratio_count=64 area_ratio_mean=1 area_ratio_sum=64 fallback_count=0 mean_iou=1 num_jittered=0 num_rois=64
2026-07-31 03:30:51,872 - portable_sam_fusion - INFO - [DEBUG-SP] epoch=51 step=14800 all_invalid_count=0 all_invalid_ratio=0 empty_count=0 empty_ratio=0 full_count=0 full_ratio=0 mean_point_distance=25.08 n1_gt_valid_count=64 n1_in_gt_bg=0.8281 n1_in_gt_bg_count=53 n1_valid_count=64 n1_valid_ratio=1 n2_gt_valid_count=64 n2_in_gt_bg=0.9531 n2_in_gt_bg_count=61 n2_valid_count=64 n2_valid_ratio=1 neg_in_pred_bg=1 neg_in_pred_bg_count=128 negative_pair_count=64 negative_pair_distance_sum=2476 p1_gt_valid_count=64 p1_in_gt_fg=1 p1_in_gt_fg_count=64 p1_valid_count=64 p1_valid_ratio=1 p2_gt_valid_count=64 p2_in_gt_fg=1 p2_in_gt_fg_count=64 p2_valid_count=64 p2_valid_ratio=1 point_distance_sum=3211 point_overlap_count=0 point_overlap_ratio=0 point_pair_count=128 pos_in_pred_fg=1 pos_in_pred_fg_count=128 positive_pair_count=64 positive_pair_distance_sum=734.4 roi_count=64 valid_neg_count=128 valid_pos_count=128 warmup_stage=2
2026-07-31 03:31:46,868 - portable_sam_fusion - INFO - [DEBUG-BOX] epoch=51 step=14850 fallback_count=0 fallback_ratio=0 num_rois=64 refined_proposal_iou=0 refined_proposal_iou_sum=0 refined_valid_count=0
2026-07-31 03:31:46,868 - portable_sam_fusion - INFO - [DEBUG-COARSE] epoch=51 step=14850 bce_raw=0.06428 boundary_fn=218 boundary_fp=347 boundary_tp=2.282e+04 dice=0.03108 dice_loss_raw=0.03108 iou=0.94 loss_weight=0.1 raw_boundary_fn=218 raw_boundary_fp=347 raw_boundary_tp=2.282e+04 raw_dice_score=0.9689 raw_iou=0.94 weighted_loss=0.009535
2026-07-31 03:31:46,868 - portable_sam_fusion - INFO - [DEBUG-CONTEXT] epoch=51 step=14850 enabled=0
2026-07-31 03:31:46,869 - portable_sam_fusion - INFO - [DEBUG-JITTER] epoch=51 step=14850 area_ratio_count=64 area_ratio_mean=1 area_ratio_sum=64 fallback_count=0 mean_iou=1 num_jittered=0 num_rois=64
2026-07-31 03:31:46,869 - portable_sam_fusion - INFO - [DEBUG-SP] epoch=51 step=14850 all_invalid_count=0 all_invalid_ratio=0 empty_count=0 empty_ratio=0 full_count=0 full_ratio=0 mean_point_distance=41.27 n1_gt_valid_count=64 n1_in_gt_bg=0.9375 n1_in_gt_bg_count=60 n1_valid_count=64 n1_valid_ratio=1 n2_gt_valid_count=64 n2_in_gt_bg=0.9688 n2_in_gt_bg_count=62 n2_valid_count=64 n2_valid_ratio=1 neg_in_pred_bg=1 neg_in_pred_bg_count=128 negative_pair_count=64 negative_pair_distance_sum=3648 p1_gt_valid_count=64 p1_in_gt_fg=1 p1_in_gt_fg_count=64 p1_valid_count=64 p1_valid_ratio=1 p2_gt_valid_count=64 p2_in_gt_fg=1 p2_in_gt_fg_count=64 p2_valid_count=64 p2_valid_ratio=1 point_distance_sum=5283 point_overlap_count=0 point_overlap_ratio=0 point_pair_count=128 pos_in_pred_fg=1 pos_in_pred_fg_count=128 positive_pair_count=64 positive_pair_distance_sum=1635 roi_count=64 valid_neg_count=128 valid_pos_count=128 warmup_stage=2
2026-07-31 03:32:39,932 - portable_sam_fusion - INFO - [DEBUG-BOX] epoch=51 step=14900 fallback_count=0 fallback_ratio=0 num_rois=0 refined_proposal_iou=0 refined_proposal_iou_sum=0 refined_valid_count=0
2026-07-31 03:32:39,932 - portable_sam_fusion - INFO - [DEBUG-COARSE] epoch=51 step=14900 boundary_fn=0 boundary_fp=0 boundary_tp=0 dice=0 iou=0
2026-07-31 03:32:39,933 - portable_sam_fusion - INFO - [DEBUG-CONTEXT] epoch=51 step=14900 enabled=0
2026-07-31 03:32:39,933 - portable_sam_fusion - INFO - [DEBUG-JITTER] epoch=51 step=14900 area_ratio_count=0 area_ratio_mean=0 area_ratio_sum=0 fallback_count=0 mean_iou=0 num_jittered=0 num_rois=0
2026-07-31 03:32:39,933 - portable_sam_fusion - INFO - [DEBUG-SP] epoch=51 step=14900 all_invalid_count=0 all_invalid_ratio=0 empty_count=0 empty_ratio=0 full_count=0 full_ratio=0 mean_point_distance=28.05 n1_gt_valid_count=64 n1_in_gt_bg=0.8906 n1_in_gt_bg_count=57 n1_valid_count=64 n1_valid_ratio=1 n2_gt_valid_count=64 n2_in_gt_bg=0.9844 n2_in_gt_bg_count=63 n2_valid_count=64 n2_valid_ratio=1 neg_in_pred_bg=1 neg_in_pred_bg_count=128 negative_pair_count=64 negative_pair_distance_sum=2656 p1_gt_valid_count=64 p1_in_gt_fg=1 p1_in_gt_fg_count=64 p1_valid_count=64 p1_valid_ratio=1 p2_gt_valid_count=64 p2_in_gt_fg=1 p2_in_gt_fg_count=64 p2_valid_count=64 p2_valid_ratio=1 point_distance_sum=3591 point_overlap_count=0 point_overlap_ratio=0 point_pair_count=128 pos_in_pred_fg=1 pos_in_pred_fg_count=128 positive_pair_count=64 positive_pair_distance_sum=934.2 roi_count=64 valid_neg_count=128 valid_pos_count=128 warmup_stage=2
2026-07-31 03:32:40,208 - portable_sam_fusion - INFO - epoch 51 | mini-batch 200/294 | optimizer_step 3750/5920 | lr=1.531e-04
2026-07-31 03:33:33,929 - portable_sam_fusion - INFO - [DEBUG-BOX] epoch=51 step=14950 fallback_count=0 fallback_ratio=0 num_rois=64 refined_proposal_iou=0 refined_proposal_iou_sum=0 refined_valid_count=0
2026-07-31 03:33:33,929 - portable_sam_fusion - INFO - [DEBUG-COARSE] epoch=51 step=14950 bce_raw=0.1002 boundary_fn=1147 boundary_fp=1239 boundary_tp=2.548e+04 dice=0.05191 dice_loss_raw=0.05191 iou=0.9037 loss_weight=0.1 raw_boundary_fn=1147 raw_boundary_fp=1239 raw_boundary_tp=2.548e+04 raw_dice_score=0.9481 raw_iou=0.9037 weighted_loss=0.01521
2026-07-31 03:33:33,929 - portable_sam_fusion - INFO - [DEBUG-CONTEXT] epoch=51 step=14950 enabled=0
2026-07-31 03:33:33,929 - portable_sam_fusion - INFO - [DEBUG-JITTER] epoch=51 step=14950 area_ratio_count=64 area_ratio_mean=1 area_ratio_sum=64 fallback_count=0 mean_iou=1 num_jittered=0 num_rois=64
2026-07-31 03:33:33,929 - portable_sam_fusion - INFO - [DEBUG-SP] epoch=51 step=14950 all_invalid_count=0 all_invalid_ratio=0 empty_count=0 empty_ratio=0 full_count=0 full_ratio=0 mean_point_distance=40.71 n1_gt_valid_count=64 n1_in_gt_bg=0.9531 n1_in_gt_bg_count=61 n1_valid_count=64 n1_valid_ratio=1 n2_gt_valid_count=64 n2_in_gt_bg=1 n2_in_gt_bg_count=64 n2_valid_count=64 n2_valid_ratio=1 neg_in_pred_bg=1 neg_in_pred_bg_count=128 negative_pair_count=64 negative_pair_distance_sum=3943 p1_gt_valid_count=64 p1_in_gt_fg=1 p1_in_gt_fg_count=64 p1_valid_count=64 p1_valid_ratio=1 p2_gt_valid_count=64 p2_in_gt_fg=1 p2_in_gt_fg_count=64 p2_valid_count=64 p2_valid_ratio=1 point_distance_sum=5211 point_overlap_count=0 point_overlap_ratio=0 point_pair_count=128 pos_in_pred_fg=1 pos_in_pred_fg_count=128 positive_pair_count=64 positive_pair_distance_sum=1268 roi_count=64 valid_neg_count=128 valid_pos_count=128 warmup_stage=2
2026-07-31 03:34:20,319 - portable_sam_fusion - INFO - Epoch 51 detailed losses: loss_rpn_cls=0.0042, loss_rpn_bbox=0.0023, loss_cls=0.1011, acc=96.2469, loss_bbox=0.0368, loss_mask=0.0010, debug_mask_pos_rois=55.9694, debug_mask_logit_mean=-17.1523, debug_mask_logit_std=2.9105, debug_mask_prob_mean=0.0052, debug_mask_prob_ge05=0.0052, debug_mask_target_fill=0.0052, loss_shape_prior=0.0167, schedule/det_weight=1.0000
2026-07-31 03:34:20,319 - portable_sam_fusion - INFO - Epoch 51 primary loss shares: det=89.07% final_mask=0.62% shape=10.31% p2_boundary=0.00%
2026-07-31 03:34:20,319 - portable_sam_fusion - INFO - Epoch 51 schedule: det_loss_weight=1.000 early_stop_start=20 min_delta=0.0005
2026-07-31 03:34:20,319 - portable_sam_fusion - INFO - Epoch 51 learning rates: sat_backbone=1.50e-04, mask_decoder=1.50e-04, shape_prior=1.50e-04, quality_head=1.50e-04, sat_other=1.50e-04
2026-07-31 03:37:08,169 - portable_sam_fusion - INFO - Validation samples: GT=15926, DT=16260, avg_masks_per_image=25.93, avg_mask_fill=0.0046
creating index...
index created!
Loading and preparing results...
DONE (t=0.02s)
creating index...
index created!
Running per image evaluation...
Evaluate annotation type *bbox*
DONE (t=10.16s).
Accumulating evaluation results...
DONE (t=0.16s).
 Average Precision  (AP) @[ IoU=0.50:0.95 | area=   all | maxDets=100 ] = 0.720
 Average Precision  (AP) @[ IoU=0.50      | area=   all | maxDets=100 ] = 0.888
 Average Precision  (AP) @[ IoU=0.75      | area=   all | maxDets=100 ] = 0.827
 Average Precision  (AP) @[ IoU=0.50:0.95 | area= small | maxDets=100 ] = 0.339
 Average Precision  (AP) @[ IoU=0.50:0.95 | area=medium | maxDets=100 ] = 0.757
 Average Precision  (AP) @[ IoU=0.50:0.95 | area= large | maxDets=100 ] = 0.827
 Average Recall     (AR) @[ IoU=0.50:0.95 | area=   all | maxDets=  1 ] = 0.027
 Average Recall     (AR) @[ IoU=0.50:0.95 | area=   all | maxDets= 10 ] = 0.196
 Average Recall     (AR) @[ IoU=0.50:0.95 | area=   all | maxDets=100 ] = 0.768
 Average Recall     (AR) @[ IoU=0.50:0.95 | area= small | maxDets=100 ] = 0.431
 Average Recall     (AR) @[ IoU=0.50:0.95 | area=medium | maxDets=100 ] = 0.806
 Average Recall     (AR) @[ IoU=0.50:0.95 | area= large | maxDets=100 ] = 0.872
2026-07-31 03:37:18,657 - portable_sam_fusion - INFO - Validation bbox/mAP: 0.7201 bbox/mAP_75: 0.8266
Running per image evaluation...
Evaluate annotation type *segm*
DONE (t=10.54s).
Accumulating evaluation results...
DONE (t=0.15s).
 Average Precision  (AP) @[ IoU=0.50:0.95 | area=   all | maxDets=100 ] = 0.624
 Average Precision  (AP) @[ IoU=0.50      | area=   all | maxDets=100 ] = 0.888
 Average Precision  (AP) @[ IoU=0.75      | area=   all | maxDets=100 ] = 0.746
 Average Precision  (AP) @[ IoU=0.50:0.95 | area= small | maxDets=100 ] = 0.228
 Average Precision  (AP) @[ IoU=0.50:0.95 | area=medium | maxDets=100 ] = 0.651
 Average Precision  (AP) @[ IoU=0.50:0.95 | area= large | maxDets=100 ] = 0.780
 Average Recall     (AR) @[ IoU=0.50:0.95 | area=   all | maxDets=  1 ] = 0.025
 Average Recall     (AR) @[ IoU=0.50:0.95 | area=   all | maxDets= 10 ] = 0.179
 Average Recall     (AR) @[ IoU=0.50:0.95 | area=   all | maxDets=100 ] = 0.671
 Average Recall     (AR) @[ IoU=0.50:0.95 | area= small | maxDets=100 ] = 0.297
 Average Recall     (AR) @[ IoU=0.50:0.95 | area=medium | maxDets=100 ] = 0.699
 Average Recall     (AR) @[ IoU=0.50:0.95 | area= large | maxDets=100 ] = 0.827
2026-07-31 03:37:29,377 - portable_sam_fusion - INFO - Validation segm/mAP: 0.6244
2026-07-31 03:37:30,192 - portable_sam_fusion - INFO - Early-stop metric (segm/mAP): raw=0.6244 smooth(5)=0.6355 best=0.6370 counter=7
2026-07-31 03:37:35,548 - portable_sam_fusion - INFO - Epoch 51/80 | train=0.162014 val=disabled segm/mAP=0.6244 bbox/mAP=0.7201 | best_segm=0.6450 best_bbox=0.7321 best_comp=0.0000 | sat_backbone=1.50e-04 mask_decoder=1.50e-04 shape_prior=1.50e-04 quality_head=1.50e-04 sat_other=1.50e-04
2026-07-31 03:37:43,159 - portable_sam_fusion - INFO - [DEBUG-BOX] epoch=52 step=15000 fallback_count=0 fallback_ratio=0 num_rois=64 refined_proposal_iou=0 refined_proposal_iou_sum=0 refined_valid_count=0
2026-07-31 03:37:43,160 - portable_sam_fusion - INFO - [DEBUG-COARSE] epoch=52 step=15000 bce_raw=0.123 boundary_fn=1446 boundary_fp=1914 boundary_tp=2.495e+04 dice=0.07351 dice_loss_raw=0.07351 iou=0.8662 loss_weight=0.1 raw_boundary_fn=1446 raw_boundary_fp=1914 raw_boundary_tp=2.495e+04 raw_dice_score=0.9265 raw_iou=0.8662 weighted_loss=0.01965
2026-07-31 03:37:43,160 - portable_sam_fusion - INFO - [DEBUG-CONTEXT] epoch=52 step=15000 enabled=0
2026-07-31 03:37:43,160 - portable_sam_fusion - INFO - [DEBUG-JITTER] epoch=52 step=15000 area_ratio_count=64 area_ratio_mean=1 area_ratio_sum=64 fallback_count=0 mean_iou=1 num_jittered=0 num_rois=64
2026-07-31 03:37:43,160 - portable_sam_fusion - INFO - [DEBUG-SP] epoch=52 step=15000 all_invalid_count=0 all_invalid_ratio=0 empty_count=0 empty_ratio=0 full_count=0 full_ratio=0 mean_point_distance=23.76 n1_gt_valid_count=64 n1_in_gt_bg=0.875 n1_in_gt_bg_count=56 n1_valid_count=64 n1_valid_ratio=1 n2_gt_valid_count=64 n2_in_gt_bg=1 n2_in_gt_bg_count=64 n2_valid_count=64 n2_valid_ratio=1 neg_in_pred_bg=1 neg_in_pred_bg_count=128 negative_pair_count=64 negative_pair_distance_sum=2035 p1_gt_valid_count=64 p1_in_gt_fg=1 p1_in_gt_fg_count=64 p1_valid_count=64 p1_valid_ratio=1 p2_gt_valid_count=64 p2_in_gt_fg=1 p2_in_gt_fg_count=64 p2_valid_count=64 p2_valid_ratio=1 point_distance_sum=3041 point_overlap_count=0 point_overlap_ratio=0 point_pair_count=128 pos_in_pred_fg=1 pos_in_pred_fg_count=128 positive_pair_count=64 positive_pair_distance_sum=1006 roi_count=64 valid_neg_count=128 valid_pos_count=128 warmup_stage=2
2026-07-31 03:38:37,327 - portable_sam_fusion - INFO - [DEBUG-BOX] epoch=52 step=15050 fallback_count=0 fallback_ratio=0 num_rois=64 refined_proposal_iou=0 refined_proposal_iou_sum=0 refined_valid_count=0
2026-07-31 03:38:37,327 - portable_sam_fusion - INFO - [DEBUG-COARSE] epoch=52 step=15050 bce_raw=0.1347 boundary_fn=2768 boundary_fp=1874 boundary_tp=2.594e+04 dice=0.07305 dice_loss_raw=0.07305 iou=0.8665 loss_weight=0.1 raw_boundary_fn=2768 raw_boundary_fp=1874 raw_boundary_tp=2.594e+04 raw_dice_score=0.9269 raw_iou=0.8665 weighted_loss=0.02077
2026-07-31 03:38:37,327 - portable_sam_fusion - INFO - [DEBUG-CONTEXT] epoch=52 step=15050 enabled=0
2026-07-31 03:38:37,327 - portable_sam_fusion - INFO - [DEBUG-JITTER] epoch=52 step=15050 area_ratio_count=64 area_ratio_mean=1 area_ratio_sum=64 fallback_count=0 mean_iou=1 num_jittered=0 num_rois=64
2026-07-31 03:38:37,327 - portable_sam_fusion - INFO - [DEBUG-SP] epoch=52 step=15050 all_invalid_count=0 all_invalid_ratio=0 empty_count=0 empty_ratio=0 full_count=0 full_ratio=0 mean_point_distance=31.21 n1_gt_valid_count=64 n1_in_gt_bg=0.9062 n1_in_gt_bg_count=58 n1_valid_count=64 n1_valid_ratio=1 n2_gt_valid_count=64 n2_in_gt_bg=1 n2_in_gt_bg_count=64 n2_valid_count=64 n2_valid_ratio=1 neg_in_pred_bg=1 neg_in_pred_bg_count=128 negative_pair_count=64 negative_pair_distance_sum=2992 p1_gt_valid_count=64 p1_in_gt_fg=1 p1_in_gt_fg_count=64 p1_valid_count=64 p1_valid_ratio=1 p2_gt_valid_count=64 p2_in_gt_fg=1 p2_in_gt_fg_count=64 p2_valid_count=64 p2_valid_ratio=1 point_distance_sum=3994 point_overlap_count=0 point_overlap_ratio=0 point_pair_count=128 pos_in_pred_fg=1 pos_in_pred_fg_count=128 positive_pair_count=64 positive_pair_distance_sum=1003 roi_count=64 valid_neg_count=128 valid_pos_count=128 warmup_stage=2
2026-07-31 03:39:30,949 - portable_sam_fusion - INFO - epoch 52 | mini-batch 104/294 | optimizer_step 3800/5920 | lr=1.469e-04
2026-07-31 03:39:32,940 - portable_sam_fusion - INFO - [DEBUG-BOX] epoch=52 step=15100 fallback_count=0 fallback_ratio=0 num_rois=64 refined_proposal_iou=0 refined_proposal_iou_sum=0 refined_valid_count=0
2026-07-31 03:39:32,940 - portable_sam_fusion - INFO - [DEBUG-COARSE] epoch=52 step=15100 bce_raw=0.1361 boundary_fn=1734 boundary_fp=2034 boundary_tp=2.627e+04 dice=0.07392 dice_loss_raw=0.07392 iou=0.8647 loss_weight=0.1 raw_boundary_fn=1734 raw_boundary_fp=2034 raw_boundary_tp=2.627e+04 raw_dice_score=0.9261 raw_iou=0.8647 weighted_loss=0.021
2026-07-31 03:39:32,940 - portable_sam_fusion - INFO - [DEBUG-CONTEXT] epoch=52 step=15100 enabled=0
2026-07-31 03:39:32,940 - portable_sam_fusion - INFO - [DEBUG-JITTER] epoch=52 step=15100 area_ratio_count=64 area_ratio_mean=1 area_ratio_sum=64 fallback_count=0 mean_iou=1 num_jittered=0 num_rois=64
2026-07-31 03:39:32,940 - portable_sam_fusion - INFO - [DEBUG-SP] epoch=52 step=15100 all_invalid_count=0 all_invalid_ratio=0 empty_count=0 empty_ratio=0 full_count=0 full_ratio=0 mean_point_distance=30.87 n1_gt_valid_count=64 n1_in_gt_bg=0.9531 n1_in_gt_bg_count=61 n1_valid_count=64 n1_valid_ratio=1 n2_gt_valid_count=64 n2_in_gt_bg=1 n2_in_gt_bg_count=64 n2_valid_count=64 n2_valid_ratio=1 neg_in_pred_bg=1 neg_in_pred_bg_count=128 negative_pair_count=64 negative_pair_distance_sum=2931 p1_gt_valid_count=64 p1_in_gt_fg=1 p1_in_gt_fg_count=64 p1_valid_count=64 p1_valid_ratio=1 p2_gt_valid_count=64 p2_in_gt_fg=1 p2_in_gt_fg_count=64 p2_valid_count=64 p2_valid_ratio=1 point_distance_sum=3952 point_overlap_count=0 point_overlap_ratio=0 point_pair_count=128 pos_in_pred_fg=1 pos_in_pred_fg_count=128 positive_pair_count=64 positive_pair_distance_sum=1021 roi_count=64 valid_neg_count=128 valid_pos_count=128 warmup_stage=2
2026-07-31 03:40:25,735 - portable_sam_fusion - INFO - [DEBUG-BOX] epoch=52 step=15150 fallback_count=0 fallback_ratio=0 num_rois=64 refined_proposal_iou=0 refined_proposal_iou_sum=0 refined_valid_count=0
2026-07-31 03:40:25,735 - portable_sam_fusion - INFO - [DEBUG-COARSE] epoch=52 step=15150 bce_raw=0.1082 boundary_fn=1218 boundary_fp=1040 boundary_tp=2.726e+04 dice=0.05476 dice_loss_raw=0.05476 iou=0.8984 loss_weight=0.1 raw_boundary_fn=1218 raw_boundary_fp=1040 raw_boundary_tp=2.726e+04 raw_dice_score=0.9452 raw_iou=0.8984 weighted_loss=0.0163
2026-07-31 03:40:25,736 - portable_sam_fusion - INFO - [DEBUG-CONTEXT] epoch=52 step=15150 enabled=0
2026-07-31 03:40:25,736 - portable_sam_fusion - INFO - [DEBUG-JITTER] epoch=52 step=15150 area_ratio_count=64 area_ratio_mean=1 area_ratio_sum=64 fallback_count=0 mean_iou=1 num_jittered=0 num_rois=64
2026-07-31 03:40:25,736 - portable_sam_fusion - INFO - [DEBUG-SP] epoch=52 step=15150 all_invalid_count=0 all_invalid_ratio=0 empty_count=0 empty_ratio=0 full_count=0 full_ratio=0 mean_point_distance=42.92 n1_gt_valid_count=64 n1_in_gt_bg=0.9062 n1_in_gt_bg_count=58 n1_valid_count=64 n1_valid_ratio=1 n2_gt_valid_count=64 n2_in_gt_bg=0.9844 n2_in_gt_bg_count=63 n2_valid_count=64 n2_valid_ratio=1 neg_in_pred_bg=1 neg_in_pred_bg_count=128 negative_pair_count=64 negative_pair_distance_sum=4105 p1_gt_valid_count=64 p1_in_gt_fg=1 p1_in_gt_fg_count=64 p1_valid_count=64 p1_valid_ratio=1 p2_gt_valid_count=64 p2_in_gt_fg=1 p2_in_gt_fg_count=64 p2_valid_count=64 p2_valid_ratio=1 point_distance_sum=5493 point_overlap_count=0 point_overlap_ratio=0 point_pair_count=128 pos_in_pred_fg=1 pos_in_pred_fg_count=128 positive_pair_count=64 positive_pair_distance_sum=1388 roi_count=64 valid_neg_count=128 valid_pos_count=128 warmup_stage=2
2026-07-31 03:41:17,731 - portable_sam_fusion - INFO - [DEBUG-BOX] epoch=52 step=15200 fallback_count=0 fallback_ratio=0 num_rois=64 refined_proposal_iou=0 refined_proposal_iou_sum=0 refined_valid_count=0
2026-07-31 03:41:17,731 - portable_sam_fusion - INFO - [DEBUG-COARSE] epoch=52 step=15200 bce_raw=0.152 boundary_fn=2205 boundary_fp=2308 boundary_tp=2.333e+04 dice=0.06138 dice_loss_raw=0.06138 iou=0.8866 loss_weight=0.1 raw_boundary_fn=2205 raw_boundary_fp=2308 raw_boundary_tp=2.333e+04 raw_dice_score=0.9386 raw_iou=0.8866 weighted_loss=0.02134
2026-07-31 03:41:17,731 - portable_sam_fusion - INFO - [DEBUG-CONTEXT] epoch=52 step=15200 enabled=0
2026-07-31 03:41:17,731 - portable_sam_fusion - INFO - [DEBUG-JITTER] epoch=52 step=15200 area_ratio_count=64 area_ratio_mean=1 area_ratio_sum=64 fallback_count=0 mean_iou=1 num_jittered=0 num_rois=64
2026-07-31 03:41:17,731 - portable_sam_fusion - INFO - [DEBUG-SP] epoch=52 step=15200 all_invalid_count=0 all_invalid_ratio=0 empty_count=0 empty_ratio=0 full_count=0 full_ratio=0 mean_point_distance=37.35 n1_gt_valid_count=64 n1_in_gt_bg=0.8906 n1_in_gt_bg_count=57 n1_valid_count=64 n1_valid_ratio=1 n2_gt_valid_count=64 n2_in_gt_bg=1 n2_in_gt_bg_count=64 n2_valid_count=64 n2_valid_ratio=1 neg_in_pred_bg=1 neg_in_pred_bg_count=128 negative_pair_count=64 negative_pair_distance_sum=3521 p1_gt_valid_count=64 p1_in_gt_fg=1 p1_in_gt_fg_count=64 p1_valid_count=64 p1_valid_ratio=1 p2_gt_valid_count=64 p2_in_gt_fg=1 p2_in_gt_fg_count=64 p2_valid_count=64 p2_valid_ratio=1 point_distance_sum=4780 point_overlap_count=0 point_overlap_ratio=0 point_pair_count=128 pos_in_pred_fg=1 pos_in_pred_fg_count=128 positive_pair_count=64 positive_pair_distance_sum=1259 roi_count=64 valid_neg_count=128 valid_pos_count=128 warmup_stage=2
2026-07-31 03:42:12,688 - portable_sam_fusion - INFO - [DEBUG-BOX] epoch=52 step=15250 fallback_count=0 fallback_ratio=0 num_rois=64 refined_proposal_iou=0 refined_proposal_iou_sum=0 refined_valid_count=0
2026-07-31 03:42:12,688 - portable_sam_fusion - INFO - [DEBUG-COARSE] epoch=52 step=15250 bce_raw=0.1785 boundary_fn=2947 boundary_fp=2906 boundary_tp=2.284e+04 dice=0.07211 dice_loss_raw=0.07211 iou=0.8705 loss_weight=0.1 raw_boundary_fn=2947 raw_boundary_fp=2906 raw_boundary_tp=2.284e+04 raw_dice_score=0.9279 raw_iou=0.8705 weighted_loss=0.02506
2026-07-31 03:42:12,688 - portable_sam_fusion - INFO - [DEBUG-CONTEXT] epoch=52 step=15250 enabled=0
2026-07-31 03:42:12,688 - portable_sam_fusion - INFO - [DEBUG-JITTER] epoch=52 step=15250 area_ratio_count=64 area_ratio_mean=1 area_ratio_sum=64 fallback_count=0 mean_iou=1 num_jittered=0 num_rois=64
2026-07-31 03:42:12,689 - portable_sam_fusion - INFO - [DEBUG-SP] epoch=52 step=15250 all_invalid_count=0 all_invalid_ratio=0 empty_count=0 empty_ratio=0 full_count=0 full_ratio=0 mean_point_distance=30.75 n1_gt_valid_count=64 n1_in_gt_bg=0.8594 n1_in_gt_bg_count=55 n1_valid_count=64 n1_valid_ratio=1 n2_gt_valid_count=64 n2_in_gt_bg=1 n2_in_gt_bg_count=64 n2_valid_count=64 n2_valid_ratio=1 neg_in_pred_bg=1 neg_in_pred_bg_count=128 negative_pair_count=64 negative_pair_distance_sum=2923 p1_gt_valid_count=64 p1_in_gt_fg=1 p1_in_gt_fg_count=64 p1_valid_count=64 p1_valid_ratio=1 p2_gt_valid_count=64 p2_in_gt_fg=1 p2_in_gt_fg_count=64 p2_valid_count=64 p2_valid_ratio=1 point_distance_sum=3936 point_overlap_count=0 point_overlap_ratio=0 point_pair_count=128 pos_in_pred_fg=1 pos_in_pred_fg_count=128 positive_pair_count=64 positive_pair_distance_sum=1014 roi_count=64 valid_neg_count=128 valid_pos_count=128 warmup_stage=2
2026-07-31 03:42:53,143 - portable_sam_fusion - INFO - Epoch 52 detailed losses: loss_rpn_cls=0.0038, loss_rpn_bbox=0.0023, loss_cls=0.0964, acc=96.4036, loss_bbox=0.0354, loss_mask=0.0009, debug_mask_pos_rois=56.6905, debug_mask_logit_mean=-17.5701, debug_mask_logit_std=3.0453, debug_mask_prob_mean=0.0049, debug_mask_prob_ge05=0.0049, debug_mask_target_fill=0.0049, loss_shape_prior=0.0164, schedule/det_weight=1.0000
2026-07-31 03:42:53,143 - portable_sam_fusion - INFO - Epoch 52 primary loss shares: det=88.82% final_mask=0.61% shape=10.57% p2_boundary=0.00%
2026-07-31 03:42:53,143 - portable_sam_fusion - INFO - Epoch 52 schedule: det_loss_weight=1.000 early_stop_start=20 min_delta=0.0005
2026-07-31 03:42:53,143 - portable_sam_fusion - INFO - Epoch 52 learning rates: sat_backbone=1.41e-04, mask_decoder=1.41e-04, shape_prior=1.41e-04, quality_head=1.41e-04, sat_other=1.41e-04
2026-07-31 03:45:42,495 - portable_sam_fusion - INFO - Validation samples: GT=15926, DT=16203, avg_masks_per_image=25.84, avg_mask_fill=0.0045
creating index...
index created!
Loading and preparing results...
DONE (t=0.02s)
creating index...
index created!
Running per image evaluation...
Evaluate annotation type *bbox*
DONE (t=10.23s).
Accumulating evaluation results...
DONE (t=0.16s).
 Average Precision  (AP) @[ IoU=0.50:0.95 | area=   all | maxDets=100 ] = 0.721
 Average Precision  (AP) @[ IoU=0.50      | area=   all | maxDets=100 ] = 0.898
 Average Precision  (AP) @[ IoU=0.75      | area=   all | maxDets=100 ] = 0.830
 Average Precision  (AP) @[ IoU=0.50:0.95 | area= small | maxDets=100 ] = 0.349
 Average Precision  (AP) @[ IoU=0.50:0.95 | area=medium | maxDets=100 ] = 0.755
 Average Precision  (AP) @[ IoU=0.50:0.95 | area= large | maxDets=100 ] = 0.825
 Average Recall     (AR) @[ IoU=0.50:0.95 | area=   all | maxDets=  1 ] = 0.027
 Average Recall     (AR) @[ IoU=0.50:0.95 | area=   all | maxDets= 10 ] = 0.195
 Average Recall     (AR) @[ IoU=0.50:0.95 | area=   all | maxDets=100 ] = 0.765
 Average Recall     (AR) @[ IoU=0.50:0.95 | area= small | maxDets=100 ] = 0.440
 Average Recall     (AR) @[ IoU=0.50:0.95 | area=medium | maxDets=100 ] = 0.801
 Average Recall     (AR) @[ IoU=0.50:0.95 | area= large | maxDets=100 ] = 0.868
2026-07-31 03:45:53,059 - portable_sam_fusion - INFO - Validation bbox/mAP: 0.7212 bbox/mAP_75: 0.8295
Running per image evaluation...
Evaluate annotation type *segm*
DONE (t=10.49s).
Accumulating evaluation results...
DONE (t=0.16s).
 Average Precision  (AP) @[ IoU=0.50:0.95 | area=   all | maxDets=100 ] = 0.636
 Average Precision  (AP) @[ IoU=0.50      | area=   all | maxDets=100 ] = 0.890
 Average Precision  (AP) @[ IoU=0.75      | area=   all | maxDets=100 ] = 0.761
 Average Precision  (AP) @[ IoU=0.50:0.95 | area= small | maxDets=100 ] = 0.240
 Average Precision  (AP) @[ IoU=0.50:0.95 | area=medium | maxDets=100 ] = 0.664
 Average Precision  (AP) @[ IoU=0.50:0.95 | area= large | maxDets=100 ] = 0.785
 Average Recall     (AR) @[ IoU=0.50:0.95 | area=   all | maxDets=  1 ] = 0.025
 Average Recall     (AR) @[ IoU=0.50:0.95 | area=   all | maxDets= 10 ] = 0.180
 Average Recall     (AR) @[ IoU=0.50:0.95 | area=   all | maxDets=100 ] = 0.679
 Average Recall     (AR) @[ IoU=0.50:0.95 | area= small | maxDets=100 ] = 0.311
 Average Recall     (AR) @[ IoU=0.50:0.95 | area=medium | maxDets=100 ] = 0.707
 Average Recall     (AR) @[ IoU=0.50:0.95 | area= large | maxDets=100 ] = 0.830
2026-07-31 03:46:03,744 - portable_sam_fusion - INFO - Validation segm/mAP: 0.6356
2026-07-31 03:46:04,736 - portable_sam_fusion - INFO - Early-stop metric (segm/mAP): raw=0.6356 smooth(5)=0.6353 best=0.6370 counter=8
2026-07-31 03:46:10,139 - portable_sam_fusion - INFO - Epoch 52/80 | train=0.155186 val=disabled segm/mAP=0.6356 bbox/mAP=0.7212 | best_segm=0.6450 best_bbox=0.7321 best_comp=0.0000 | sat_backbone=1.41e-04 mask_decoder=1.41e-04 shape_prior=1.41e-04 quality_head=1.41e-04 sat_other=1.41e-04
2026-07-31 03:46:19,899 - portable_sam_fusion - INFO - epoch 53 | mini-batch 8/294 | optimizer_step 3850/5920 | lr=1.408e-04
2026-07-31 03:46:23,493 - portable_sam_fusion - INFO - [DEBUG-BOX] epoch=53 step=15300 fallback_count=0 fallback_ratio=0 num_rois=64 refined_proposal_iou=0 refined_proposal_iou_sum=0 refined_valid_count=0
2026-07-31 03:46:23,494 - portable_sam_fusion - INFO - [DEBUG-COARSE] epoch=53 step=15300 bce_raw=0.1543 boundary_fn=2391 boundary_fp=2691 boundary_tp=2.326e+04 dice=0.0644 dice_loss_raw=0.0644 iou=0.8812 loss_weight=0.1 raw_boundary_fn=2391 raw_boundary_fp=2691 raw_boundary_tp=2.326e+04 raw_dice_score=0.9356 raw_iou=0.8812 weighted_loss=0.02187
2026-07-31 03:46:23,494 - portable_sam_fusion - INFO - [DEBUG-CONTEXT] epoch=53 step=15300 enabled=0
2026-07-31 03:46:23,494 - portable_sam_fusion - INFO - [DEBUG-JITTER] epoch=53 step=15300 area_ratio_count=64 area_ratio_mean=1 area_ratio_sum=64 fallback_count=0 mean_iou=1 num_jittered=0 num_rois=64
2026-07-31 03:46:23,494 - portable_sam_fusion - INFO - [DEBUG-SP] epoch=53 step=15300 all_invalid_count=0 all_invalid_ratio=0 empty_count=0 empty_ratio=0 full_count=0 full_ratio=0 mean_point_distance=29.49 n1_gt_valid_count=64 n1_in_gt_bg=0.8438 n1_in_gt_bg_count=54 n1_valid_count=64 n1_valid_ratio=1 n2_gt_valid_count=63 n2_in_gt_bg=1 n2_in_gt_bg_count=63 n2_valid_count=63 n2_valid_ratio=0.9844 neg_in_pred_bg=1 neg_in_pred_bg_count=127 negative_pair_count=63 negative_pair_distance_sum=2898 p1_gt_valid_count=64 p1_in_gt_fg=1 p1_in_gt_fg_count=64 p1_valid_count=64 p1_valid_ratio=1 p2_gt_valid_count=64 p2_in_gt_fg=1 p2_in_gt_fg_count=64 p2_valid_count=64 p2_valid_ratio=1 point_distance_sum=3745 point_overlap_count=0 point_overlap_ratio=0 point_pair_count=127 pos_in_pred_fg=1 pos_in_pred_fg_count=128 positive_pair_count=64 positive_pair_distance_sum=847.2 roi_count=64 valid_neg_count=127 valid_pos_count=128 warmup_stage=2
2026-07-31 03:47:17,316 - portable_sam_fusion - INFO - [DEBUG-BOX] epoch=53 step=15350 fallback_count=0 fallback_ratio=0 num_rois=64 refined_proposal_iou=0 refined_proposal_iou_sum=0 refined_valid_count=0
2026-07-31 03:47:17,316 - portable_sam_fusion - INFO - [DEBUG-COARSE] epoch=53 step=15350 bce_raw=0.1555 boundary_fn=2458 boundary_fp=2743 boundary_tp=2.365e+04 dice=0.07084 dice_loss_raw=0.07084 iou=0.8699 loss_weight=0.1 raw_boundary_fn=2458 raw_boundary_fp=2743 raw_boundary_tp=2.365e+04 raw_dice_score=0.9292 raw_iou=0.8699 weighted_loss=0.02264
2026-07-31 03:47:17,316 - portable_sam_fusion - INFO - [DEBUG-CONTEXT] epoch=53 step=15350 enabled=0
2026-07-31 03:47:17,316 - portable_sam_fusion - INFO - [DEBUG-JITTER] epoch=53 step=15350 area_ratio_count=64 area_ratio_mean=1 area_ratio_sum=64 fallback_count=0 mean_iou=1 num_jittered=0 num_rois=64
2026-07-31 03:47:17,316 - portable_sam_fusion - INFO - [DEBUG-SP] epoch=53 step=15350 all_invalid_count=0 all_invalid_ratio=0 empty_count=0 empty_ratio=0 full_count=0 full_ratio=0 mean_point_distance=37.63 n1_gt_valid_count=64 n1_in_gt_bg=0.8438 n1_in_gt_bg_count=54 n1_valid_count=64 n1_valid_ratio=1 n2_gt_valid_count=64 n2_in_gt_bg=1 n2_in_gt_bg_count=64 n2_valid_count=64 n2_valid_ratio=1 neg_in_pred_bg=1 neg_in_pred_bg_count=128 negative_pair_count=64 negative_pair_distance_sum=3478 p1_gt_valid_count=64 p1_in_gt_fg=1 p1_in_gt_fg_count=64 p1_valid_count=64 p1_valid_ratio=1 p2_gt_valid_count=64 p2_in_gt_fg=1 p2_in_gt_fg_count=64 p2_valid_count=64 p2_valid_ratio=1 point_distance_sum=4817 point_overlap_count=0 point_overlap_ratio=0 point_pair_count=128 pos_in_pred_fg=1 pos_in_pred_fg_count=128 positive_pair_count=64 positive_pair_distance_sum=1340 roi_count=64 valid_neg_count=128 valid_pos_count=128 warmup_stage=2
2026-07-31 03:48:12,554 - portable_sam_fusion - INFO - [DEBUG-BOX] epoch=53 step=15400 fallback_count=0 fallback_ratio=0 num_rois=64 refined_proposal_iou=0 refined_proposal_iou_sum=0 refined_valid_count=0
2026-07-31 03:48:12,554 - portable_sam_fusion - INFO - [DEBUG-COARSE] epoch=53 step=15400 bce_raw=0.131 boundary_fn=2259 boundary_fp=1683 boundary_tp=2.647e+04 dice=0.0665 dice_loss_raw=0.0665 iou=0.8774 loss_weight=0.1 raw_boundary_fn=2259 raw_boundary_fp=1683 raw_boundary_tp=2.647e+04 raw_dice_score=0.9335 raw_iou=0.8774 weighted_loss=0.01975
2026-07-31 03:48:12,554 - portable_sam_fusion - INFO - [DEBUG-CONTEXT] epoch=53 step=15400 enabled=0
2026-07-31 03:48:12,554 - portable_sam_fusion - INFO - [DEBUG-JITTER] epoch=53 step=15400 area_ratio_count=64 area_ratio_mean=1 area_ratio_sum=64 fallback_count=0 mean_iou=1 num_jittered=0 num_rois=64
2026-07-31 03:48:12,554 - portable_sam_fusion - INFO - [DEBUG-SP] epoch=53 step=15400 all_invalid_count=0 all_invalid_ratio=0 empty_count=0 empty_ratio=0 full_count=0 full_ratio=0 mean_point_distance=33.02 n1_gt_valid_count=64 n1_in_gt_bg=0.9688 n1_in_gt_bg_count=62 n1_valid_count=64 n1_valid_ratio=1 n2_gt_valid_count=64 n2_in_gt_bg=1 n2_in_gt_bg_count=64 n2_valid_count=64 n2_valid_ratio=1 neg_in_pred_bg=1 neg_in_pred_bg_count=128 negative_pair_count=64 negative_pair_distance_sum=3133 p1_gt_valid_count=64 p1_in_gt_fg=1 p1_in_gt_fg_count=64 p1_valid_count=64 p1_valid_ratio=1 p2_gt_valid_count=64 p2_in_gt_fg=1 p2_in_gt_fg_count=64 p2_valid_count=64 p2_valid_ratio=1 point_distance_sum=4227 point_overlap_count=0 point_overlap_ratio=0 point_pair_count=128 pos_in_pred_fg=1 pos_in_pred_fg_count=128 positive_pair_count=64 positive_pair_distance_sum=1094 roi_count=64 valid_neg_count=128 valid_pos_count=128 warmup_stage=2
2026-07-31 03:49:07,641 - portable_sam_fusion - INFO - [DEBUG-BOX] epoch=53 step=15450 fallback_count=0 fallback_ratio=0 num_rois=64 refined_proposal_iou=0 refined_proposal_iou_sum=0 refined_valid_count=0
2026-07-31 03:49:07,641 - portable_sam_fusion - INFO - [DEBUG-COARSE] epoch=53 step=15450 bce_raw=0.1073 boundary_fn=1140 boundary_fp=1652 boundary_tp=2.328e+04 dice=0.05151 dice_loss_raw=0.05151 iou=0.9028 loss_weight=0.1 raw_boundary_fn=1140 raw_boundary_fp=1652 raw_boundary_tp=2.328e+04 raw_dice_score=0.9485 raw_iou=0.9028 weighted_loss=0.01588
2026-07-31 03:49:07,641 - portable_sam_fusion - INFO - [DEBUG-CONTEXT] epoch=53 step=15450 enabled=0
2026-07-31 03:49:07,641 - portable_sam_fusion - INFO - [DEBUG-JITTER] epoch=53 step=15450 area_ratio_count=64 area_ratio_mean=1 area_ratio_sum=64 fallback_count=0 mean_iou=1 num_jittered=0 num_rois=64
2026-07-31 03:49:07,642 - portable_sam_fusion - INFO - [DEBUG-SP] epoch=53 step=15450 all_invalid_count=0 all_invalid_ratio=0 empty_count=0 empty_ratio=0 full_count=0 full_ratio=0 mean_point_distance=23.84 n1_gt_valid_count=64 n1_in_gt_bg=0.7969 n1_in_gt_bg_count=51 n1_valid_count=64 n1_valid_ratio=1 n2_gt_valid_count=64 n2_in_gt_bg=0.9688 n2_in_gt_bg_count=62 n2_valid_count=64 n2_valid_ratio=1 neg_in_pred_bg=1 neg_in_pred_bg_count=128 negative_pair_count=64 negative_pair_distance_sum=2367 p1_gt_valid_count=64 p1_in_gt_fg=1 p1_in_gt_fg_count=64 p1_valid_count=64 p1_valid_ratio=1 p2_gt_valid_count=64 p2_in_gt_fg=1 p2_in_gt_fg_count=64 p2_valid_count=64 p2_valid_ratio=1 point_distance_sum=3051 point_overlap_count=0 point_overlap_ratio=0 point_pair_count=128 pos_in_pred_fg=1 pos_in_pred_fg_count=128 positive_pair_count=64 positive_pair_distance_sum=684 roi_count=64 valid_neg_count=128 valid_pos_count=128 warmup_stage=2
2026-07-31 03:49:57,243 - portable_sam_fusion - INFO - epoch 53 | mini-batch 208/294 | optimizer_step 3900/5920 | lr=1.348e-04
2026-07-31 03:50:01,359 - portable_sam_fusion - INFO - [DEBUG-BOX] epoch=53 step=15500 fallback_count=0 fallback_ratio=0 num_rois=64 refined_proposal_iou=0 refined_proposal_iou_sum=0 refined_valid_count=0
2026-07-31 03:50:01,359 - portable_sam_fusion - INFO - [DEBUG-COARSE] epoch=53 step=15500 bce_raw=0.1027 boundary_fn=1260 boundary_fp=1223 boundary_tp=2.555e+04 dice=0.05408 dice_loss_raw=0.05408 iou=0.8998 loss_weight=0.1 raw_boundary_fn=1260 raw_boundary_fp=1223 raw_boundary_tp=2.555e+04 raw_dice_score=0.9459 raw_iou=0.8998 weighted_loss=0.01568
2026-07-31 03:50:01,359 - portable_sam_fusion - INFO - [DEBUG-CONTEXT] epoch=53 step=15500 enabled=0
2026-07-31 03:50:01,359 - portable_sam_fusion - INFO - [DEBUG-JITTER] epoch=53 step=15500 area_ratio_count=64 area_ratio_mean=1 area_ratio_sum=64 fallback_count=0 mean_iou=1 num_jittered=0 num_rois=64
2026-07-31 03:50:01,359 - portable_sam_fusion - INFO - [DEBUG-SP] epoch=53 step=15500 all_invalid_count=0 all_invalid_ratio=0 empty_count=0 empty_ratio=0 full_count=0 full_ratio=0 mean_point_distance=34.95 n1_gt_valid_count=64 n1_in_gt_bg=0.9219 n1_in_gt_bg_count=59 n1_valid_count=64 n1_valid_ratio=1 n2_gt_valid_count=64 n2_in_gt_bg=0.9844 n2_in_gt_bg_count=63 n2_valid_count=64 n2_valid_ratio=1 neg_in_pred_bg=1 neg_in_pred_bg_count=128 negative_pair_count=64 negative_pair_distance_sum=3424 p1_gt_valid_count=64 p1_in_gt_fg=1 p1_in_gt_fg_count=64 p1_valid_count=64 p1_valid_ratio=1 p2_gt_valid_count=64 p2_in_gt_fg=1 p2_in_gt_fg_count=64 p2_valid_count=64 p2_valid_ratio=1 point_distance_sum=4473 point_overlap_count=0 point_overlap_ratio=0 point_pair_count=128 pos_in_pred_fg=1 pos_in_pred_fg_count=128 positive_pair_count=64 positive_pair_distance_sum=1049 roi_count=64 valid_neg_count=128 valid_pos_count=128 warmup_stage=2
2026-07-31 03:50:52,699 - portable_sam_fusion - INFO - [DEBUG-BOX] epoch=53 step=15550 fallback_count=0 fallback_ratio=0 num_rois=64 refined_proposal_iou=0 refined_proposal_iou_sum=0 refined_valid_count=0
2026-07-31 03:50:52,699 - portable_sam_fusion - INFO - [DEBUG-COARSE] epoch=53 step=15550 bce_raw=0.1325 boundary_fn=2887 boundary_fp=2434 boundary_tp=2.182e+04 dice=0.05091 dice_loss_raw=0.05091 iou=0.9055 loss_weight=0.1 raw_boundary_fn=2887 raw_boundary_fp=2434 raw_boundary_tp=2.182e+04 raw_dice_score=0.9491 raw_iou=0.9055 weighted_loss=0.01834
2026-07-31 03:50:52,699 - portable_sam_fusion - INFO - [DEBUG-CONTEXT] epoch=53 step=15550 enabled=0
2026-07-31 03:50:52,699 - portable_sam_fusion - INFO - [DEBUG-JITTER] epoch=53 step=15550 area_ratio_count=64 area_ratio_mean=1 area_ratio_sum=64 fallback_count=0 mean_iou=1 num_jittered=0 num_rois=64
2026-07-31 03:50:52,699 - portable_sam_fusion - INFO - [DEBUG-SP] epoch=53 step=15550 all_invalid_count=0 all_invalid_ratio=0 empty_count=0 empty_ratio=0 full_count=3 full_ratio=0.04688 mean_point_distance=49.48 n1_gt_valid_count=61 n1_in_gt_bg=0.7213 n1_in_gt_bg_count=44 n1_valid_count=61 n1_valid_ratio=0.9531 n2_gt_valid_count=59 n2_in_gt_bg=0.9831 n2_in_gt_bg_count=58 n2_valid_count=59 n2_valid_ratio=0.9219 neg_in_pred_bg=1 neg_in_pred_bg_count=120 negative_pair_count=59 negative_pair_distance_sum=4587 p1_gt_valid_count=64 p1_in_gt_fg=1 p1_in_gt_fg_count=64 p1_valid_count=64 p1_valid_ratio=1 p2_gt_valid_count=64 p2_in_gt_fg=1 p2_in_gt_fg_count=64 p2_valid_count=64 p2_valid_ratio=1 point_distance_sum=6086 point_overlap_count=0 point_overlap_ratio=0 point_pair_count=123 pos_in_pred_fg=1 pos_in_pred_fg_count=128 positive_pair_count=64 positive_pair_distance_sum=1499 roi_count=64 valid_neg_count=120 valid_pos_count=128 warmup_stage=2
2026-07-31 03:51:26,958 - portable_sam_fusion - INFO - Epoch 53 detailed losses: loss_rpn_cls=0.0045, loss_rpn_bbox=0.0021, loss_cls=0.0930, acc=96.4939, loss_bbox=0.0360, loss_mask=0.0009, debug_mask_pos_rois=56.5612, debug_mask_logit_mean=-18.2166, debug_mask_logit_std=3.1007, debug_mask_prob_mean=0.0048, debug_mask_prob_ge05=0.0048, debug_mask_target_fill=0.0048, loss_shape_prior=0.0167, schedule/det_weight=1.0000
2026-07-31 03:51:26,958 - portable_sam_fusion - INFO - Epoch 53 primary loss shares: det=88.50% final_mask=0.59% shape=10.91% p2_boundary=0.00%
2026-07-31 03:51:26,958 - portable_sam_fusion - INFO - Epoch 53 schedule: det_loss_weight=1.000 early_stop_start=20 min_delta=0.0005
2026-07-31 03:51:26,958 - portable_sam_fusion - INFO - Epoch 53 learning rates: sat_backbone=1.32e-04, mask_decoder=1.32e-04, shape_prior=1.32e-04, quality_head=1.32e-04, sat_other=1.32e-04
2026-07-31 03:54:13,468 - portable_sam_fusion - INFO - Validation samples: GT=15926, DT=15740, avg_masks_per_image=25.10, avg_mask_fill=0.0046
creating index...
index created!
Loading and preparing results...
DONE (t=0.02s)
creating index...
index created!
Running per image evaluation...
Evaluate annotation type *bbox*
DONE (t=10.08s).
Accumulating evaluation results...
DONE (t=0.16s).
 Average Precision  (AP) @[ IoU=0.50:0.95 | area=   all | maxDets=100 ] = 0.729
 Average Precision  (AP) @[ IoU=0.50      | area=   all | maxDets=100 ] = 0.889
 Average Precision  (AP) @[ IoU=0.75      | area=   all | maxDets=100 ] = 0.829
 Average Precision  (AP) @[ IoU=0.50:0.95 | area= small | maxDets=100 ] = 0.348
 Average Precision  (AP) @[ IoU=0.50:0.95 | area=medium | maxDets=100 ] = 0.766
 Average Precision  (AP) @[ IoU=0.50:0.95 | area= large | maxDets=100 ] = 0.836
 Average Recall     (AR) @[ IoU=0.50:0.95 | area=   all | maxDets=  1 ] = 0.027
 Average Recall     (AR) @[ IoU=0.50:0.95 | area=   all | maxDets= 10 ] = 0.198
 Average Recall     (AR) @[ IoU=0.50:0.95 | area=   all | maxDets=100 ] = 0.773
 Average Recall     (AR) @[ IoU=0.50:0.95 | area= small | maxDets=100 ] = 0.430
 Average Recall     (AR) @[ IoU=0.50:0.95 | area=medium | maxDets=100 ] = 0.812
 Average Recall     (AR) @[ IoU=0.50:0.95 | area= large | maxDets=100 ] = 0.879
2026-07-31 03:54:23,888 - portable_sam_fusion - INFO - Validation bbox/mAP: 0.7294 bbox/mAP_75: 0.8290
Running per image evaluation...
Evaluate annotation type *segm*
DONE (t=10.36s).
Accumulating evaluation results...
DONE (t=0.16s).
 Average Precision  (AP) @[ IoU=0.50:0.95 | area=   all | maxDets=100 ] = 0.634
 Average Precision  (AP) @[ IoU=0.50      | area=   all | maxDets=100 ] = 0.891
 Average Precision  (AP) @[ IoU=0.75      | area=   all | maxDets=100 ] = 0.759
 Average Precision  (AP) @[ IoU=0.50:0.95 | area= small | maxDets=100 ] = 0.242
 Average Precision  (AP) @[ IoU=0.50:0.95 | area=medium | maxDets=100 ] = 0.657
 Average Precision  (AP) @[ IoU=0.50:0.95 | area= large | maxDets=100 ] = 0.787
 Average Recall     (AR) @[ IoU=0.50:0.95 | area=   all | maxDets=  1 ] = 0.025
 Average Recall     (AR) @[ IoU=0.50:0.95 | area=   all | maxDets= 10 ] = 0.180
 Average Recall     (AR) @[ IoU=0.50:0.95 | area=   all | maxDets=100 ] = 0.674
 Average Recall     (AR) @[ IoU=0.50:0.95 | area= small | maxDets=100 ] = 0.305
 Average Recall     (AR) @[ IoU=0.50:0.95 | area=medium | maxDets=100 ] = 0.701
 Average Recall     (AR) @[ IoU=0.50:0.95 | area= large | maxDets=100 ] = 0.829
2026-07-31 03:54:34,438 - portable_sam_fusion - INFO - Validation segm/mAP: 0.6338
2026-07-31 03:54:35,127 - portable_sam_fusion - INFO - Early-stop metric (segm/mAP): raw=0.6338 smooth(5)=0.6350 best=0.6370 counter=9
2026-07-31 03:54:40,527 - portable_sam_fusion - INFO - Epoch 53/80 | train=0.153328 val=disabled segm/mAP=0.6338 bbox/mAP=0.7294 | best_segm=0.6450 best_bbox=0.7321 best_comp=0.0000 | sat_backbone=1.32e-04 mask_decoder=1.32e-04 shape_prior=1.32e-04 quality_head=1.32e-04 sat_other=1.32e-04
2026-07-31 03:54:59,949 - portable_sam_fusion - INFO - [DEBUG-BOX] epoch=54 step=15600 fallback_count=0 fallback_ratio=0 num_rois=64 refined_proposal_iou=0 refined_proposal_iou_sum=0 refined_valid_count=0
2026-07-31 03:54:59,949 - portable_sam_fusion - INFO - [DEBUG-COARSE] epoch=54 step=15600 bce_raw=0.05447 boundary_fn=23 boundary_fp=17 boundary_tp=2.534e+04 dice=0.03838 dice_loss_raw=0.03838 iou=0.9267 loss_weight=0.1 raw_boundary_fn=23 raw_boundary_fp=17 raw_boundary_tp=2.534e+04 raw_dice_score=0.9616 raw_iou=0.9267 weighted_loss=0.009285
2026-07-31 03:54:59,949 - portable_sam_fusion - INFO - [DEBUG-CONTEXT] epoch=54 step=15600 enabled=0
2026-07-31 03:54:59,949 - portable_sam_fusion - INFO - [DEBUG-JITTER] epoch=54 step=15600 area_ratio_count=64 area_ratio_mean=1 area_ratio_sum=64 fallback_count=0 mean_iou=1 num_jittered=0 num_rois=64
2026-07-31 03:54:59,949 - portable_sam_fusion - INFO - [DEBUG-SP] epoch=54 step=15600 all_invalid_count=0 all_invalid_ratio=0 empty_count=0 empty_ratio=0 full_count=0 full_ratio=0 mean_point_distance=90.44 n1_gt_valid_count=64 n1_in_gt_bg=0.9375 n1_in_gt_bg_count=60 n1_valid_count=64 n1_valid_ratio=1 n2_gt_valid_count=64 n2_in_gt_bg=1 n2_in_gt_bg_count=64 n2_valid_count=64 n2_valid_ratio=1 neg_in_pred_bg=1 neg_in_pred_bg_count=128 negative_pair_count=64 negative_pair_distance_sum=9664 p1_gt_valid_count=64 p1_in_gt_fg=1 p1_in_gt_fg_count=64 p1_valid_count=64 p1_valid_ratio=1 p2_gt_valid_count=64 p2_in_gt_fg=1 p2_in_gt_fg_count=64 p2_valid_count=64 p2_valid_ratio=1 point_distance_sum=1.158e+04 point_overlap_count=0 point_overlap_ratio=0 point_pair_count=128 pos_in_pred_fg=1 pos_in_pred_fg_count=128 positive_pair_count=64 positive_pair_distance_sum=1913 roi_count=64 valid_neg_count=128 valid_pos_count=128 warmup_stage=2
2026-07-31 03:55:52,742 - portable_sam_fusion - INFO - [DEBUG-BOX] epoch=54 step=15650 fallback_count=0 fallback_ratio=0 num_rois=64 refined_proposal_iou=0 refined_proposal_iou_sum=0 refined_valid_count=0
2026-07-31 03:55:52,742 - portable_sam_fusion - INFO - [DEBUG-COARSE] epoch=54 step=15650 bce_raw=0.1362 boundary_fn=2037 boundary_fp=3124 boundary_tp=2.176e+04 dice=0.05669 dice_loss_raw=0.05669 iou=0.8944 loss_weight=0.1 raw_boundary_fn=2037 raw_boundary_fp=3124 raw_boundary_tp=2.176e+04 raw_dice_score=0.9433 raw_iou=0.8944 weighted_loss=0.01929
2026-07-31 03:55:52,742 - portable_sam_fusion - INFO - [DEBUG-CONTEXT] epoch=54 step=15650 enabled=0
2026-07-31 03:55:52,742 - portable_sam_fusion - INFO - [DEBUG-JITTER] epoch=54 step=15650 area_ratio_count=64 area_ratio_mean=1 area_ratio_sum=64 fallback_count=0 mean_iou=1 num_jittered=0 num_rois=64
2026-07-31 03:55:52,742 - portable_sam_fusion - INFO - [DEBUG-SP] epoch=54 step=15650 all_invalid_count=0 all_invalid_ratio=0 empty_count=0 empty_ratio=0 full_count=0 full_ratio=0 mean_point_distance=21.45 n1_gt_valid_count=64 n1_in_gt_bg=0.8438 n1_in_gt_bg_count=54 n1_valid_count=64 n1_valid_ratio=1 n2_gt_valid_count=64 n2_in_gt_bg=0.9531 n2_in_gt_bg_count=61 n2_valid_count=64 n2_valid_ratio=1 neg_in_pred_bg=1 neg_in_pred_bg_count=128 negative_pair_count=64 negative_pair_distance_sum=2110 p1_gt_valid_count=64 p1_in_gt_fg=1 p1_in_gt_fg_count=64 p1_valid_count=64 p1_valid_ratio=1 p2_gt_valid_count=64 p2_in_gt_fg=1 p2_in_gt_fg_count=64 p2_valid_count=64 p2_valid_ratio=1 point_distance_sum=2745 point_overlap_count=0 point_overlap_ratio=0 point_pair_count=128 pos_in_pred_fg=1 pos_in_pred_fg_count=128 positive_pair_count=64 positive_pair_distance_sum=635.3 roi_count=64 valid_neg_count=128 valid_pos_count=128 warmup_stage=2
2026-07-31 03:56:38,414 - portable_sam_fusion - INFO - epoch 54 | mini-batch 112/294 | optimizer_step 3950/5920 | lr=1.289e-04
2026-07-31 03:56:45,319 - portable_sam_fusion - INFO - [DEBUG-BOX] epoch=54 step=15700 fallback_count=0 fallback_ratio=0 num_rois=64 refined_proposal_iou=0 refined_proposal_iou_sum=0 refined_valid_count=0
2026-07-31 03:56:45,319 - portable_sam_fusion - INFO - [DEBUG-COARSE] epoch=54 step=15700 bce_raw=0.1301 boundary_fn=2311 boundary_fp=3054 boundary_tp=2.184e+04 dice=0.05954 dice_loss_raw=0.05954 iou=0.8897 loss_weight=0.1 raw_boundary_fn=2311 raw_boundary_fp=3054 raw_boundary_tp=2.184e+04 raw_dice_score=0.9405 raw_iou=0.8897 weighted_loss=0.01897
2026-07-31 03:56:45,319 - portable_sam_fusion - INFO - [DEBUG-CONTEXT] epoch=54 step=15700 enabled=0
2026-07-31 03:56:45,319 - portable_sam_fusion - INFO - [DEBUG-JITTER] epoch=54 step=15700 area_ratio_count=64 area_ratio_mean=1 area_ratio_sum=64 fallback_count=0 mean_iou=1 num_jittered=0 num_rois=64
2026-07-31 03:56:45,319 - portable_sam_fusion - INFO - [DEBUG-SP] epoch=54 step=15700 all_invalid_count=0 all_invalid_ratio=0 empty_count=0 empty_ratio=0 full_count=0 full_ratio=0 mean_point_distance=35.05 n1_gt_valid_count=64 n1_in_gt_bg=0.8125 n1_in_gt_bg_count=52 n1_valid_count=64 n1_valid_ratio=1 n2_gt_valid_count=64 n2_in_gt_bg=0.9688 n2_in_gt_bg_count=62 n2_valid_count=64 n2_valid_ratio=1 neg_in_pred_bg=1 neg_in_pred_bg_count=128 negative_pair_count=64 negative_pair_distance_sum=3169 p1_gt_valid_count=64 p1_in_gt_fg=0.9844 p1_in_gt_fg_count=63 p1_valid_count=64 p1_valid_ratio=1 p2_gt_valid_count=64 p2_in_gt_fg=1 p2_in_gt_fg_count=64 p2_valid_count=64 p2_valid_ratio=1 point_distance_sum=4487 point_overlap_count=0 point_overlap_ratio=0 point_pair_count=128 pos_in_pred_fg=1 pos_in_pred_fg_count=128 positive_pair_count=64 positive_pair_distance_sum=1318 roi_count=64 valid_neg_count=128 valid_pos_count=128 warmup_stage=2
2026-07-31 03:57:41,129 - portable_sam_fusion - INFO - [DEBUG-BOX] epoch=54 step=15750 fallback_count=0 fallback_ratio=0 num_rois=64 refined_proposal_iou=0 refined_proposal_iou_sum=0 refined_valid_count=0
2026-07-31 03:57:41,129 - portable_sam_fusion - INFO - [DEBUG-COARSE] epoch=54 step=15750 bce_raw=0.1257 boundary_fn=1362 boundary_fp=2012 boundary_tp=2.293e+04 dice=0.05279 dice_loss_raw=0.05279 iou=0.9074 loss_weight=0.1 raw_boundary_fn=1362 raw_boundary_fp=2012 raw_boundary_tp=2.293e+04 raw_dice_score=0.9472 raw_iou=0.9074 weighted_loss=0.01785
2026-07-31 03:57:41,129 - portable_sam_fusion - INFO - [DEBUG-CONTEXT] epoch=54 step=15750 enabled=0
2026-07-31 03:57:41,129 - portable_sam_fusion - INFO - [DEBUG-JITTER] epoch=54 step=15750 area_ratio_count=64 area_ratio_mean=1 area_ratio_sum=64 fallback_count=0 mean_iou=1 num_jittered=0 num_rois=64
2026-07-31 03:57:41,129 - portable_sam_fusion - INFO - [DEBUG-SP] epoch=54 step=15750 all_invalid_count=0 all_invalid_ratio=0 empty_count=0 empty_ratio=0 full_count=1 full_ratio=0.01562 mean_point_distance=43.96 n1_gt_valid_count=63 n1_in_gt_bg=0.8889 n1_in_gt_bg_count=56 n1_valid_count=63 n1_valid_ratio=0.9844 n2_gt_valid_count=63 n2_in_gt_bg=1 n2_in_gt_bg_count=63 n2_valid_count=63 n2_valid_ratio=0.9844 neg_in_pred_bg=1 neg_in_pred_bg_count=126 negative_pair_count=63 negative_pair_distance_sum=4336 p1_gt_valid_count=64 p1_in_gt_fg=0.9844 p1_in_gt_fg_count=63 p1_valid_count=64 p1_valid_ratio=1 p2_gt_valid_count=64 p2_in_gt_fg=0.9844 p2_in_gt_fg_count=63 p2_valid_count=64 p2_valid_ratio=1 point_distance_sum=5582 point_overlap_count=0 point_overlap_ratio=0 point_pair_count=127 pos_in_pred_fg=1 pos_in_pred_fg_count=128 positive_pair_count=64 positive_pair_distance_sum=1246 roi_count=64 valid_neg_count=126 valid_pos_count=128 warmup_stage=2
2026-07-31 03:58:35,046 - portable_sam_fusion - INFO - [DEBUG-BOX] epoch=54 step=15800 fallback_count=0 fallback_ratio=0 num_rois=64 refined_proposal_iou=0 refined_proposal_iou_sum=0 refined_valid_count=0
2026-07-31 03:58:35,046 - portable_sam_fusion - INFO - [DEBUG-COARSE] epoch=54 step=15800 bce_raw=0.1199 boundary_fn=1613 boundary_fp=1662 boundary_tp=2.72e+04 dice=0.06936 dice_loss_raw=0.06936 iou=0.8729 loss_weight=0.1 raw_boundary_fn=1613 raw_boundary_fp=1662 raw_boundary_tp=2.72e+04 raw_dice_score=0.9306 raw_iou=0.8729 weighted_loss=0.01893
2026-07-31 03:58:35,046 - portable_sam_fusion - INFO - [DEBUG-CONTEXT] epoch=54 step=15800 enabled=0
2026-07-31 03:58:35,046 - portable_sam_fusion - INFO - [DEBUG-JITTER] epoch=54 step=15800 area_ratio_count=64 area_ratio_mean=1 area_ratio_sum=64 fallback_count=0 mean_iou=1 num_jittered=0 num_rois=64
2026-07-31 03:58:35,046 - portable_sam_fusion - INFO - [DEBUG-SP] epoch=54 step=15800 all_invalid_count=0 all_invalid_ratio=0 empty_count=0 empty_ratio=0 full_count=0 full_ratio=0 mean_point_distance=27.97 n1_gt_valid_count=64 n1_in_gt_bg=0.9062 n1_in_gt_bg_count=58 n1_valid_count=64 n1_valid_ratio=1 n2_gt_valid_count=64 n2_in_gt_bg=1 n2_in_gt_bg_count=64 n2_valid_count=64 n2_valid_ratio=1 neg_in_pred_bg=1 neg_in_pred_bg_count=128 negative_pair_count=64 negative_pair_distance_sum=2740 p1_gt_valid_count=64 p1_in_gt_fg=1 p1_in_gt_fg_count=64 p1_valid_count=64 p1_valid_ratio=1 p2_gt_valid_count=64 p2_in_gt_fg=1 p2_in_gt_fg_count=64 p2_valid_count=64 p2_valid_ratio=1 point_distance_sum=3580 point_overlap_count=0 point_overlap_ratio=0 point_pair_count=128 pos_in_pred_fg=1 pos_in_pred_fg_count=128 positive_pair_count=64 positive_pair_distance_sum=839.5 roi_count=64 valid_neg_count=128 valid_pos_count=128 warmup_stage=2
2026-07-31 03:59:32,914 - portable_sam_fusion - INFO - [DEBUG-BOX] epoch=54 step=15850 fallback_count=0 fallback_ratio=0 num_rois=64 refined_proposal_iou=0 refined_proposal_iou_sum=0 refined_valid_count=0
2026-07-31 03:59:32,914 - portable_sam_fusion - INFO - [DEBUG-COARSE] epoch=54 step=15850 bce_raw=0.06164 boundary_fn=269 boundary_fp=228 boundary_tp=2.403e+04 dice=0.03882 dice_loss_raw=0.03882 iou=0.9261 loss_weight=0.1 raw_boundary_fn=269 raw_boundary_fp=228 raw_boundary_tp=2.403e+04 raw_dice_score=0.9612 raw_iou=0.9261 weighted_loss=0.01005
2026-07-31 03:59:32,914 - portable_sam_fusion - INFO - [DEBUG-CONTEXT] epoch=54 step=15850 enabled=0
2026-07-31 03:59:32,914 - portable_sam_fusion - INFO - [DEBUG-JITTER] epoch=54 step=15850 area_ratio_count=64 area_ratio_mean=1 area_ratio_sum=64 fallback_count=0 mean_iou=1 num_jittered=0 num_rois=64
2026-07-31 03:59:32,914 - portable_sam_fusion - INFO - [DEBUG-SP] epoch=54 step=15850 all_invalid_count=0 all_invalid_ratio=0 empty_count=0 empty_ratio=0 full_count=0 full_ratio=0 mean_point_distance=45.33 n1_gt_valid_count=64 n1_in_gt_bg=0.9844 n1_in_gt_bg_count=63 n1_valid_count=64 n1_valid_ratio=1 n2_gt_valid_count=64 n2_in_gt_bg=1 n2_in_gt_bg_count=64 n2_valid_count=64 n2_valid_ratio=1 neg_in_pred_bg=1 neg_in_pred_bg_count=128 negative_pair_count=64 negative_pair_distance_sum=4370 p1_gt_valid_count=64 p1_in_gt_fg=1 p1_in_gt_fg_count=64 p1_valid_count=64 p1_valid_ratio=1 p2_gt_valid_count=64 p2_in_gt_fg=1 p2_in_gt_fg_count=64 p2_valid_count=64 p2_valid_ratio=1 point_distance_sum=5802 point_overlap_count=0 point_overlap_ratio=0 point_pair_count=128 pos_in_pred_fg=1 pos_in_pred_fg_count=128 positive_pair_count=64 positive_pair_distance_sum=1432 roi_count=64 valid_neg_count=128 valid_pos_count=128 warmup_stage=2
2026-07-31 04:00:01,932 - portable_sam_fusion - INFO - Epoch 54 detailed losses: loss_rpn_cls=0.0039, loss_rpn_bbox=0.0022, loss_cls=0.0944, acc=96.4396, loss_bbox=0.0353, loss_mask=0.0011, debug_mask_pos_rois=55.5918, debug_mask_logit_mean=-17.1689, debug_mask_logit_std=2.9802, debug_mask_prob_mean=0.0054, debug_mask_prob_ge05=0.0054, debug_mask_target_fill=0.0054, loss_shape_prior=0.0167, schedule/det_weight=1.0000
2026-07-31 04:00:01,932 - portable_sam_fusion - INFO - Epoch 54 primary loss shares: det=88.41% final_mask=0.70% shape=10.89% p2_boundary=0.00%
2026-07-31 04:00:01,933 - portable_sam_fusion - INFO - Epoch 54 schedule: det_loss_weight=1.000 early_stop_start=20 min_delta=0.0005
2026-07-31 04:00:01,933 - portable_sam_fusion - INFO - Epoch 54 learning rates: sat_backbone=1.24e-04, mask_decoder=1.24e-04, shape_prior=1.24e-04, quality_head=1.24e-04, sat_other=1.24e-04
2026-07-31 04:02:52,735 - portable_sam_fusion - INFO - Validation samples: GT=15926, DT=16318, avg_masks_per_image=26.03, avg_mask_fill=0.0046
creating index...
index created!
Loading and preparing results...
DONE (t=0.02s)
creating index...
index created!
Running per image evaluation...
Evaluate annotation type *bbox*
DONE (t=10.22s).
Accumulating evaluation results...
DONE (t=0.16s).
 Average Precision  (AP) @[ IoU=0.50:0.95 | area=   all | maxDets=100 ] = 0.739
 Average Precision  (AP) @[ IoU=0.50      | area=   all | maxDets=100 ] = 0.899
 Average Precision  (AP) @[ IoU=0.75      | area=   all | maxDets=100 ] = 0.839
 Average Precision  (AP) @[ IoU=0.50:0.95 | area= small | maxDets=100 ] = 0.361
 Average Precision  (AP) @[ IoU=0.50:0.95 | area=medium | maxDets=100 ] = 0.773
 Average Precision  (AP) @[ IoU=0.50:0.95 | area= large | maxDets=100 ] = 0.843
 Average Recall     (AR) @[ IoU=0.50:0.95 | area=   all | maxDets=  1 ] = 0.027
 Average Recall     (AR) @[ IoU=0.50:0.95 | area=   all | maxDets= 10 ] = 0.200
 Average Recall     (AR) @[ IoU=0.50:0.95 | area=   all | maxDets=100 ] = 0.780
 Average Recall     (AR) @[ IoU=0.50:0.95 | area= small | maxDets=100 ] = 0.454
 Average Recall     (AR) @[ IoU=0.50:0.95 | area=medium | maxDets=100 ] = 0.816
 Average Recall     (AR) @[ IoU=0.50:0.95 | area= large | maxDets=100 ] = 0.883
2026-07-31 04:03:03,303 - portable_sam_fusion - INFO - Validation bbox/mAP: 0.7386 bbox/mAP_75: 0.8391
Running per image evaluation...
Evaluate annotation type *segm*
DONE (t=10.60s).
Accumulating evaluation results...
DONE (t=0.16s).
 Average Precision  (AP) @[ IoU=0.50:0.95 | area=   all | maxDets=100 ] = 0.633
 Average Precision  (AP) @[ IoU=0.50      | area=   all | maxDets=100 ] = 0.891
 Average Precision  (AP) @[ IoU=0.75      | area=   all | maxDets=100 ] = 0.752
 Average Precision  (AP) @[ IoU=0.50:0.95 | area= small | maxDets=100 ] = 0.236
 Average Precision  (AP) @[ IoU=0.50:0.95 | area=medium | maxDets=100 ] = 0.659
 Average Precision  (AP) @[ IoU=0.50:0.95 | area= large | maxDets=100 ] = 0.785
 Average Recall     (AR) @[ IoU=0.50:0.95 | area=   all | maxDets=  1 ] = 0.025
 Average Recall     (AR) @[ IoU=0.50:0.95 | area=   all | maxDets= 10 ] = 0.179
 Average Recall     (AR) @[ IoU=0.50:0.95 | area=   all | maxDets=100 ] = 0.673
 Average Recall     (AR) @[ IoU=0.50:0.95 | area= small | maxDets=100 ] = 0.309
 Average Recall     (AR) @[ IoU=0.50:0.95 | area=medium | maxDets=100 ] = 0.699
 Average Recall     (AR) @[ IoU=0.50:0.95 | area= large | maxDets=100 ] = 0.827
2026-07-31 04:03:14,087 - portable_sam_fusion - INFO - Validation segm/mAP: 0.6332
2026-07-31 04:03:14,844 - portable_sam_fusion - INFO - New best bbox/mAP: 0.7386
2026-07-31 04:03:14,845 - portable_sam_fusion - INFO - Early-stop metric (segm/mAP): raw=0.6332 smooth(5)=0.6326 best=0.6370 counter=10
2026-07-31 04:03:17,308 - portable_sam_fusion - INFO - Saved best_bbox_model with bbox/mAP: 0.7386
2026-07-31 04:03:23,001 - portable_sam_fusion - INFO - Epoch 54/80 | train=0.153574 val=disabled segm/mAP=0.6332 bbox/mAP=0.7386 | best_segm=0.6450 best_bbox=0.7386 best_comp=0.0000 | sat_backbone=1.24e-04 mask_decoder=1.24e-04 shape_prior=1.24e-04 quality_head=1.24e-04 sat_other=1.24e-04
2026-07-31 04:03:23,001 - portable_sam_fusion - INFO - Early stopping triggered (patience=10)
