image_id,file_name,ours_f1,ours_mean_iou,ours_precision,ours_recall,ours_fp,ours_fn,yolo_f1,yolo_mean_iou,yolo_precision,yolo_recall,yolo_fp,yolo_fn
3003,3003.TIF,0.836,0.847,0.852,0.821,4,5,0.694,0.837,0.810,0.607,4,11
3004,3004.TIF,0.929,0.889,1.000,0.867,0,2,0.857,0.905,0.923,0.800,1,3
3005,3005.TIF,1.000,0.930,1.000,1.000,0,0,1.000,0.943,1.000,1.000,0,0
3007,3007.TIF,0.857,0.805,1.000,0.750,0,3,0.800,0.785,1.000,0.667,0,4
3008,3008.TIF,0.750,0.860,0.828,0.686,5,11,0.814,0.804,1.000,0.686,0,11
3009,3009.TIF,0.822,0.896,0.938,0.732,2,11,0.754,0.877,0.929,0.634,2,15
3100,3100.TIF,1.000,0.967,1.000,1.000,0,0,1.000,0.919,1.000,1.000,0,0
3101,3101.TIF,1.000,0.920,1.000,1.000,0,0,1.000,0.682,1.000,1.000,0,0
3102,3102.TIF,1.000,0.858,1.000,1.000,0,0,1.000,0.793,1.000,1.000,0,0
3104,3104.TIF,1.000,0.795,1.000,1.000,0,0,1.000,0.855,1.000,1.000,0,0
3107,3107.TIF,1.000,0.807,1.000,1.000,0,0,0.667,0.852,1.000,0.500,0,2
3108,3108.TIF,0.737,0.853,0.875,0.636,1,4,0.700,0.888,0.778,0.636,2,4
3109,3109.TIF,0.588,0.924,0.714,0.500,4,10,0.625,0.930,0.833,0.500,2,10
30010,30010.TIF,0.964,0.918,1.000,0.930,0,4,0.945,0.891,0.981,0.912,1,5
30011,30011.TIF,0.917,0.913,0.968,0.871,2,9,0.926,0.877,0.955,0.900,3,7
30012,30012.TIF,0.943,0.904,0.976,0.911,1,4,0.879,0.880,0.870,0.889,6,5
30013,30013.TIF,0.923,0.891,0.947,0.900,1,2,0.857,0.850,1.000,0.750,0,5
30014,30014.TIF,0.865,0.871,0.842,0.889,3,2,0.889,0.842,0.889,0.889,2,2
30015,30015.TIF,0.943,0.854,0.926,0.962,2,1,0.909,0.838,0.862,0.962,4,1
30016,30016.TIF,0.894,0.843,0.875,0.913,6,4,0.818,0.852,0.857,0.783,6,10
30017,30017.TIF,0.846,0.819,0.957,0.759,1,7,0.824,0.819,0.955,0.724,1,8
30018,30018.TIF,0.750,0.887,0.750,0.750,1,1,0.889,0.826,0.800,1.000,1,0
30020,30020.TIF,0.960,0.885,0.960,0.960,1,1,0.958,0.869,1.000,0.920,0,2
30021,30021.TIF,1.000,0.870,1.000,1.000,0,0,0.977,0.867,0.955,1.000,1,0
30025,30025.TIF,0.893,0.888,1.000,0.806,0,6,0.815,0.890,0.957,0.710,1,9
30026,30026.TIF,0.900,0.885,0.957,0.849,2,8,0.907,0.867,1.000,0.830,0,9
30027,30027.TIF,0.957,0.890,0.917,1.000,2,0,0.909,0.873,0.909,0.909,2,2
30028,30028.TIF,0.667,0.887,1.000,0.500,0,1,0.667,0.695,1.000,0.500,0,1
30029,30029.TIF,0.250,0.975,0.200,0.333,4,2,1.000,0.938,1.000,1.000,0,0
30030,30030.TIF,0.955,0.891,0.955,0.955,1,1,0.905,0.864,0.950,0.864,1,3
30031,30031.TIF,0.952,0.902,0.986,0.921,1,6,0.947,0.880,0.959,0.934,3,5
30032,30032.TIF,0.942,0.907,0.989,0.899,1,10,0.933,0.884,0.957,0.909,4,9
30033,30033.TIF,0.942,0.883,0.985,0.903,1,7,0.859,0.864,0.921,0.806,5,14
30034,30034.TIF,0.895,0.879,0.850,0.944,3,1,0.914,0.906,0.941,0.889,1,2
30035,30035.TIF,0.800,0.730,1.000,0.667,0,1,0.500,0.807,1.000,0.333,0,2
30038,30038.TIF,0.821,0.862,0.800,0.842,4,3,0.688,0.835,0.846,0.579,2,8
30039,30039.TIF,0.846,0.844,0.880,0.815,3,5,0.735,0.851,0.818,0.667,4,9
30040,30040.TIF,1.000,0.790,1.000,1.000,0,0,0.667,0.755,1.000,0.500,0,1
30041,30041.TIF,0.923,0.830,1.000,0.857,0,1,0.923,0.874,1.000,0.857,0,1
30042,30042.TIF,0.939,0.858,0.902,0.979,5,1,0.938,0.841,0.918,0.957,4,2
30043,30043.TIF,0.958,0.862,0.958,0.958,1,1,0.939,0.823,0.920,0.958,2,1
30046,30046.TIF,0.818,0.832,0.818,0.818,2,2,0.842,0.817,1.000,0.727,0,3
30047,30047.TIF,0.886,0.885,0.975,0.812,1,9,0.891,0.872,0.932,0.854,3,7
30048,30048.TIF,0.921,0.870,0.967,0.879,1,4,0.871,0.881,0.931,0.818,2,6
30049,30049.TIF,0.865,0.854,0.889,0.842,2,3,0.848,0.859,1.000,0.737,0,5
30050,30050.TIF,0.556,0.850,1.000,0.385,0,8,0.526,0.763,0.833,0.385,1,8
30051,30051.TIF,1.000,0.911,1.000,1.000,0,0,1.000,0.885,1.000,1.000,0,0
30052,30052.TIF,0.949,0.893,0.974,0.925,1,3,0.937,0.862,0.949,0.925,2,3
30053,30053.TIF,0.906,0.900,0.969,0.851,2,11,0.924,0.868,0.944,0.905,4,7
30054,30054.TIF,0.936,0.888,0.917,0.957,4,2,0.936,0.849,0.917,0.957,4,2
30055,30055.TIF,0.875,0.862,0.955,0.808,1,5,0.783,0.833,0.900,0.692,2,8
30056,30056.TIF,0.871,0.864,0.900,0.844,3,5,0.857,0.855,1.000,0.750,0,8
30057,30057.TIF,0.667,0.798,1.000,0.500,0,1,0.000,0.000,0.000,0.000,0,2
30058,30058.TIF,0.667,0.852,1.000,0.500,0,1,0.667,0.872,1.000,0.500,0,1
30059,30059.TIF,0.909,0.852,1.000,0.833,0,1,0.909,0.852,1.000,0.833,0,1
30060,30060.TIF,1.000,0.862,1.000,1.000,0,0,0.960,0.829,1.000,0.923,0,1
30061,30061.TIF,0.968,0.860,1.000,0.938,0,1,0.933,0.822,1.000,0.875,0,2
30062,30062.TIF,0.909,0.834,0.909,0.909,1,1,0.909,0.811,0.909,0.909,1,1
30063,30063.TIF,0.946,0.841,0.972,0.921,1,3,0.895,0.817,0.895,0.895,4,4
30064,30064.TIF,0.960,0.865,0.941,0.980,3,1,0.940,0.828,0.922,0.959,4,2
30065,30065.TIF,0.963,0.842,0.963,0.963,1,1,0.889,0.823,0.889,0.889,3,3
30068,30068.TIF,0.917,0.863,0.846,1.000,2,0,1.000,0.909,1.000,1.000,0,0
30069,30069.TIF,0.800,0.869,0.769,0.833,3,2,0.737,0.946,1.000,0.583,0,5
30070,30070.TIF,0.750,0.874,0.750,0.750,2,2,0.588,0.831,0.556,0.625,4,3
30071,30071.TIF,0.688,0.854,0.688,0.688,5,5,0.667,0.822,0.818,0.562,2,7
30072,30072.TIF,0.733,0.863,0.846,0.647,2,6,0.571,0.846,0.727,0.471,3,9
30073,30073.TIF,1.000,0.889,1.000,1.000,0,0,0.923,0.929,0.857,1.000,1,0
30074,30074.TIF,0.923,0.908,0.923,0.923,3,3,0.897,0.898,0.897,0.897,4,4
30075,30075.TIF,0.918,0.901,0.933,0.903,2,3,0.918,0.883,0.933,0.903,2,3
30076,30076.TIF,0.667,0.860,0.667,0.667,2,2,0.667,0.848,0.667,0.667,2,2
30077,30077.TIF,0.766,0.836,0.947,0.643,1,10,0.783,0.862,1.000,0.643,0,10
30078,30078.TIF,0.820,0.828,1.000,0.695,0,18,0.763,0.837,0.974,0.627,1,22
30081,30081.TIF,0.870,0.809,1.000,0.769,0,3,0.818,0.813,1.000,0.692,0,4
30082,30082.TIF,0.696,0.823,0.889,0.571,1,6,0.667,0.800,1.000,0.500,0,7
30083,30083.TIF,0.000,0.000,0.000,0.000,0,1,0.000,0.000,0.000,0.000,0,1
30084,30084.TIF,0.837,0.845,0.857,0.818,3,4,0.878,0.815,0.947,0.818,1,4
30085,30085.TIF,0.892,0.831,0.943,0.846,2,6,0.849,0.825,0.912,0.795,3,8
30086,30086.TIF,0.930,0.851,0.946,0.914,3,5,0.930,0.825,0.946,0.914,3,5
30087,30087.TIF,0.983,0.835,1.000,0.967,0,1,0.885,0.846,0.871,0.900,4,3
30089,30089.TIF,0.750,0.814,0.750,0.750,1,1,0.571,0.868,0.667,0.500,1,2
30090,30090.TIF,0.516,0.913,0.348,1.000,15,0,1.000,0.908,1.000,1.000,0,0
30091,30091.TIF,0.429,0.909,0.375,0.500,5,3,0.500,0.946,1.000,0.333,0,4
30092,30092.TIF,0.458,0.906,0.297,1.000,26,0,0.513,0.892,0.357,0.909,18,1
30093,30093.TIF,0.783,0.903,0.667,0.947,9,1,0.750,0.888,0.714,0.789,6,4
30094,30094.TIF,0.947,0.883,0.900,1.000,2,0,0.973,0.875,0.947,1.000,1,0
30095,30095.TIF,0.800,0.837,0.800,0.800,2,2,0.667,0.864,0.750,0.600,2,4
30096,30096.TIF,0.700,0.913,0.778,0.636,2,4,0.800,0.859,0.889,0.727,1,3
30097,30097.TIF,1.000,0.833,1.000,1.000,0,0,1.000,0.919,1.000,1.000,0,0
30098,30098.TIF,0.923,0.772,1.000,0.857,0,1,0.727,0.717,1.000,0.571,0,3
30099,30099.TIF,0.878,0.835,0.947,0.818,1,4,0.900,0.796,1.000,0.818,0,4
31010,31010.TIF,0.750,0.845,0.750,0.750,4,4,0.692,0.861,0.900,0.562,1,7
31011,31011.TIF,0.914,0.921,0.941,0.889,1,2,0.914,0.908,0.941,0.889,1,2
31012,31012.TIF,0.903,0.922,1.000,0.824,0,3,0.800,0.917,0.923,0.706,1,5
31013,31013.TIF,0.722,0.874,0.812,0.650,3,7,0.533,0.879,0.800,0.400,2,12
31014,31014.TIF,0.700,0.894,0.737,0.667,5,7,0.737,0.872,0.824,0.667,3,7
31015,31015.TIF,0.519,0.888,0.368,0.875,12,1,0.615,0.930,0.800,0.500,1,4
31017,31017.TIF,1.000,0.949,1.000,1.000,0,0,1.000,0.770,1.000,1.000,0,0
31021,31021.TIF,1.000,0.792,1.000,1.000,0,0,1.000,0.829,1.000,1.000,0,0
31025,31025.TIF,0.800,0.930,0.750,0.857,2,1,1.000,0.892,1.000,1.000,0,0
31026,31026.TIF,0.718,0.901,0.737,0.700,5,6,0.625,0.909,0.833,0.500,2,10
31027,31027.TIF,0.800,0.851,0.842,0.762,3,5,0.684,0.827,0.765,0.619,4,8
31028,31028.TIF,0.909,0.909,0.893,0.926,3,2,0.875,0.885,1.000,0.778,0,6
31029,31029.TIF,0.810,0.897,0.810,0.810,4,4,0.645,0.927,1.000,0.476,0,11
31030,31030.TIF,0.704,0.910,0.792,0.633,5,11,0.410,0.927,0.889,0.267,1,22
31031,31031.TIF,0.787,0.896,0.857,0.727,4,9,0.596,0.902,1.000,0.424,0,19
31032,31032.TIF,0.605,0.898,0.520,0.722,12,5,0.286,0.911,1.000,0.167,0,15
31037,31037.TIF,1.000,0.697,1.000,1.000,0,0,1.000,0.751,1.000,1.000,0,0
31043,31043.TIF,0.857,0.861,0.857,0.857,1,1,0.857,0.835,0.857,0.857,1,1
31044,31044.TIF,0.625,0.854,0.526,0.769,9,3,0.696,0.855,0.800,0.615,2,5
31045,31045.TIF,0.857,0.916,0.800,0.923,3,1,0.846,0.909,0.846,0.846,2,2
31046,31046.TIF,0.875,0.861,1.000,0.778,0,4,0.813,0.899,0.929,0.722,1,5
31047,31047.TIF,0.923,0.868,1.000,0.857,0,2,0.846,0.857,0.917,0.786,1,3
31048,31048.TIF,0.800,0.915,0.909,0.714,1,4,0.636,0.885,0.875,0.500,1,7
31049,31049.TIF,0.692,0.856,0.600,0.818,12,4,0.647,0.839,0.917,0.500,1,11
31050,31050.TIF,0.714,0.896,0.833,0.625,1,3,0.875,0.801,0.875,0.875,1,1
31051,31051.TIF,0.800,0.819,0.667,1.000,1,0,1.000,0.853,1.000,1.000,0,0
31054,31054.TIF,0.000,0.000,0.000,0.000,0,1,0.000,0.000,0.000,0.000,0,1
31060,31060.TIF,0.857,0.814,1.000,0.750,0,1,0.500,0.825,0.500,0.500,2,2
31061,31061.TIF,0.733,0.880,0.647,0.846,6,2,0.727,0.924,0.889,0.615,1,5
31062,31062.TIF,0.645,0.885,0.526,0.833,9,2,0.667,0.926,1.000,0.500,0,6
31063,31063.TIF,0.857,0.899,0.750,1.000,4,0,0.786,0.871,0.688,0.917,5,1
31064,31064.TIF,0.941,0.880,0.889,1.000,1,0,0.875,0.864,0.875,0.875,1,1
31065,31065.TIF,0.800,0.853,0.769,0.833,3,2,0.556,0.863,0.833,0.417,1,7
31066,31066.TIF,0.913,0.879,0.879,0.951,8,3,0.924,0.858,0.948,0.902,3,6
31067,31067.TIF,0.925,0.882,0.912,0.939,3,2,0.957,0.827,0.917,1.000,3,0
31068,31068.TIF,0.800,0.914,0.667,1.000,1,0,0.667,0.798,0.500,1.000,2,0
31069,31069.TIF,1.000,0.918,1.000,1.000,0,0,1.000,0.919,1.000,1.000,0,0
31073,31073.TIF,1.000,0.965,1.000,1.000,0,0,1.000,0.814,1.000,1.000,0,0
31074,31074.TIF,1.000,0.928,1.000,1.000,0,0,1.000,0.981,1.000,1.000,0,0
31075,31075.TIF,0.889,0.917,0.800,1.000,1,0,0.750,0.847,0.750,0.750,1,1
31076,31076.TIF,0.692,0.887,0.818,0.600,2,6,0.640,0.887,0.800,0.533,2,7
31077,31077.TIF,1.000,0.919,1.000,1.000,0,0,0.500,0.860,0.500,0.500,1,1
31078,31078.TIF,0.778,0.879,0.700,0.875,3,1,0.824,0.853,0.778,0.875,2,1
31079,31079.TIF,0.615,0.851,0.444,1.000,10,0,0.556,0.795,0.500,0.625,5,3
31080,31080.TIF,0.857,0.836,0.857,0.857,1,1,0.833,0.851,1.000,0.714,0,2
31081,31081.TIF,0.800,0.885,0.750,0.857,2,1,0.769,0.910,0.833,0.714,1,2
31082,31082.TIF,0.706,0.810,0.545,1.000,5,0,0.667,0.839,0.556,0.833,4,1
31083,31083.TIF,0.950,0.882,0.960,0.941,4,6,0.940,0.848,0.959,0.922,4,8
31084,31084.TIF,1.000,0.883,1.000,1.000,0,0,0.961,0.846,0.974,0.949,1,2
31086,31086.TIF,1.000,0.918,1.000,1.000,0,0,1.000,0.911,1.000,1.000,0,0
31090,31090.TIF,0.667,0.922,0.500,1.000,1,0,0.000,0.000,0.000,0.000,0,1
31091,31091.TIF,1.000,0.959,1.000,1.000,0,0,0.000,0.000,0.000,0.000,0,1
31092,31092.TIF,0.880,0.868,0.846,0.917,2,1,0.818,0.895,0.900,0.750,1,3
31093,31093.TIF,0.900,0.892,1.000,0.818,0,2,0.778,0.926,1.000,0.636,0,4
31094,31094.TIF,0.889,0.882,0.800,1.000,1,0,0.889,0.869,0.800,1.000,1,0
31095,31095.TIF,0.727,0.894,0.571,1.000,3,0,0.727,0.900,0.571,1.000,3,0
31096,31096.TIF,0.625,0.903,0.500,0.833,5,1,0.625,0.801,0.500,0.833,5,1
31097,31097.TIF,0.500,0.904,0.750,0.375,1,5,0.400,0.784,0.429,0.375,4,5
31098,31098.TIF,0.706,0.833,0.750,0.667,2,3,0.800,0.846,1.000,0.667,0,3
31099,31099.TIF,0.545,0.915,0.375,1.000,5,0,0.333,0.905,0.333,0.333,2,2
300100,300100.TIF,0.912,0.845,0.969,0.861,1,5,0.928,0.822,0.970,0.889,1,4
300102,300102.TIF,0.667,0.974,1.000,0.500,0,1,0.667,0.954,1.000,0.500,0,1
300103,300103.TIF,0.762,0.814,0.727,0.800,3,2,0.778,0.832,0.875,0.700,1,3
300104,300104.TIF,0.750,0.798,1.000,0.600,0,2,0.333,0.785,1.000,0.200,0,4
300105,300105.TIF,0.900,0.900,0.900,0.900,1,1,0.889,0.902,1.000,0.800,0,2
300106,300106.TIF,0.917,0.841,0.846,1.000,2,0,0.957,0.823,0.917,1.000,1,0
300107,300107.TIF,0.941,0.870,0.909,0.976,4,1,0.907,0.835,0.867,0.951,6,2
300108,300108.TIF,0.933,0.841,0.918,0.949,5,3,0.897,0.834,0.912,0.881,5,7
300109,300109.TIF,0.945,0.836,0.929,0.963,2,1,0.873,0.845,0.857,0.889,4,3
300110,300110.TIF,0.857,0.901,1.000,0.750,0,1,0.857,0.806,1.000,0.750,0,1
300111,300111.TIF,0.730,0.871,0.885,0.622,3,14,0.688,0.834,0.815,0.595,5,15
300112,300112.TIF,0.829,0.903,0.895,0.773,2,5,0.780,0.892,0.842,0.727,3,6
300113,300113.TIF,0.294,0.867,0.179,0.833,23,1,0.706,0.893,0.545,1.000,5,0
300114,300114.TIF,0.214,0.896,0.120,1.000,44,0,0.435,0.897,0.294,0.833,12,1
300115,300115.TIF,0.522,0.894,0.353,1.000,11,0,0.667,0.912,0.500,1.000,6,0
300116,300116.TIF,0.947,0.910,0.900,1.000,1,0,0.818,0.934,0.692,1.000,4,0
300117,300117.TIF,0.800,0.874,0.800,0.800,2,2,0.778,0.784,0.875,0.700,1,3
300118,300118.TIF,0.632,0.761,0.667,0.600,3,4,0.737,0.767,0.778,0.700,2,3
300119,300119.TIF,0.667,0.806,0.667,0.667,1,1,0.857,0.809,0.750,1.000,1,0
300120,300120.TIF,0.824,0.723,1.000,0.700,0,3,0.571,0.722,1.000,0.400,0,6
300121,300121.TIF,0.833,0.764,0.909,0.769,1,3,0.870,0.764,1.000,0.769,0,3
300122,300122.TIF,0.667,0.862,1.000,0.500,0,1,0.500,0.776,0.500,0.500,1,1
300125,300125.TIF,1.000,0.780,1.000,1.000,0,0,0.750,0.769,0.750,0.750,1,1
300126,300126.TIF,0.895,0.875,1.000,0.810,0,4,0.927,0.823,0.950,0.905,1,2
300127,300127.TIF,0.941,0.873,0.952,0.930,2,3,0.929,0.859,0.951,0.907,2,4
300128,300128.TIF,0.978,0.863,1.000,0.957,0,2,0.955,0.861,1.000,0.913,0,4
300129,300129.TIF,0.942,0.859,0.961,0.925,2,4,0.923,0.848,0.941,0.906,3,5
300130,300130.TIF,0.940,0.848,0.959,0.922,2,4,0.941,0.833,0.941,0.941,3,3
300131,300131.TIF,0.979,0.864,0.958,1.000,1,0,0.978,0.843,1.000,0.957,0,1
300132,300132.TIF,0.723,0.859,0.630,0.850,10,3,0.723,0.866,0.630,0.850,10,3
300133,300133.TIF,0.643,0.876,0.643,0.643,5,5,0.640,0.840,0.727,0.571,3,6
300134,300134.TIF,0.784,0.887,0.690,0.909,9,2,0.750,0.891,0.833,0.682,3,7
300135,300135.TIF,0.303,0.875,0.185,0.833,22,1,0.600,0.900,0.750,0.500,1,3
300136,300136.TIF,0.273,0.770,0.158,1.000,32,0,0.308,0.857,0.286,0.333,5,4
300137,300137.TIF,0.667,0.852,0.500,1.000,9,0,0.778,0.884,0.778,0.778,2,2
300138,300138.TIF,0.762,0.890,0.727,0.800,3,2,1.000,0.904,1.000,1.000,0,0
300139,300139.TIF,0.909,0.893,0.833,1.000,1,0,1.000,0.944,1.000,1.000,0,0
300140,300140.TIF,0.750,0.865,0.600,1.000,2,0,0.857,0.915,0.750,1.000,1,0
300141,300141.TIF,0.000,0.000,0.000,0.000,0,1,0.000,0.000,0.000,0.000,0,1
300144,300144.TIF,1.000,0.853,1.000,1.000,0,0,1.000,0.792,1.000,1.000,0,0
300146,300146.TIF,0.769,0.894,0.625,1.000,3,0,0.625,0.867,0.455,1.000,6,0
300147,300147.TIF,0.611,0.864,0.458,0.917,13,1,0.600,0.850,0.500,0.750,9,3
300148,300148.TIF,0.935,0.851,0.935,0.935,2,2,0.984,0.830,1.000,0.968,0,1
300149,300149.TIF,0.977,0.866,1.000,0.956,0,2,0.977,0.842,1.000,0.956,0,2
300150,300150.TIF,0.895,0.891,0.922,0.870,4,7,0.906,0.876,0.923,0.889,4,6
300151,300151.TIF,0.927,0.880,0.944,0.911,3,5,0.912,0.842,0.897,0.929,6,4
300152,300152.TIF,0.968,0.866,0.979,0.958,1,2,0.939,0.824,0.920,0.958,4,2
300153,300153.TIF,0.917,0.858,1.000,0.846,0,4,0.898,0.850,0.957,0.846,1,4
300154,300154.TIF,0.907,0.884,0.898,0.917,5,4,0.887,0.877,0.878,0.896,6,5
300155,300155.TIF,0.720,0.902,0.643,0.818,5,2,0.762,0.878,0.800,0.727,2,3
300156,300156.TIF,0.111,0.860,0.059,1.000,32,0,0.500,0.902,0.500,0.500,1,1
300158,300158.TIF,0.632,0.898,0.500,0.857,6,1,0.545,0.923,0.750,0.429,1,4
300159,300159.TIF,0.750,0.889,0.667,0.857,6,2,0.923,0.915,1.000,0.857,0,2
300160,300160.TIF,0.750,0.855,0.923,0.632,1,7,0.538,0.900,1.000,0.368,0,12
300161,300161.TIF,0.839,0.908,1.000,0.722,0,5,0.667,0.925,1.000,0.500,0,9
300162,300162.TIF,0.800,0.946,1.000,0.667,0,1,0.667,0.949,0.667,0.667,1,1
300163,300163.TIF,0.000,0.000,0.000,0.000,0,1,0.000,0.000,0.000,0.000,0,1
300164,300164.TIF,1.000,0.757,1.000,1.000,0,0,0.000,0.000,0.000,0.000,3,1
300169,300169.TIF,0.600,0.857,0.500,0.750,6,2,0.778,0.770,0.700,0.875,3,1
300170,300170.TIF,0.898,0.852,0.957,0.846,1,4,0.920,0.834,0.958,0.885,1,3
300171,300171.TIF,0.953,0.878,0.981,0.927,1,4,0.954,0.847,0.963,0.945,2,3
300172,300172.TIF,0.905,0.879,0.915,0.896,4,5,0.891,0.882,0.932,0.854,3,7
300173,300173.TIF,0.914,0.887,0.970,0.865,1,5,0.845,0.824,0.882,0.811,4,7
300174,300174.TIF,0.847,0.859,0.806,0.893,6,3,0.873,0.846,0.889,0.857,3,4
300175,300175.TIF,0.828,0.800,0.923,0.750,1,4,0.867,0.774,0.929,0.812,1,3
300176,300176.TIF,0.932,0.872,0.965,0.902,2,6,0.906,0.851,0.946,0.869,3,8
300177,300177.TIF,0.727,0.891,0.727,0.727,6,6,0.810,0.858,0.850,0.773,3,5
300178,300178.TIF,0.435,0.886,0.333,0.625,10,3,0.778,0.868,0.700,0.875,3,1
300179,300179.TIF,0.889,0.850,0.800,1.000,2,0,0.737,0.909,0.636,0.875,4,1
300180,300180.TIF,0.880,0.905,0.846,0.917,2,1,0.846,0.898,0.786,0.917,3,1
300181,300181.TIF,0.846,0.881,0.733,1.000,4,0,0.762,0.890,0.800,0.727,2,3
300182,300182.TIF,0.833,0.898,1.000,0.714,0,2,0.833,0.828,1.000,0.714,0,2
300183,300183.TIF,0.842,0.856,0.889,0.800,1,2,0.750,0.850,1.000,0.600,0,4
300186,300186.TIF,1.000,0.880,1.000,1.000,0,0,0.667,0.829,0.500,1.000,1,0
300187,300187.TIF,1.000,0.807,1.000,1.000,0,0,1.000,0.803,1.000,1.000,0,0
300191,300191.TIF,0.857,0.816,1.000,0.750,0,1,0.667,0.787,1.000,0.500,0,2
300192,300192.TIF,0.987,0.870,1.000,0.974,0,1,0.974,0.837,1.000,0.949,0,2
300193,300193.TIF,0.970,0.889,0.961,0.980,2,1,0.970,0.868,0.961,0.980,2,1
300194,300194.TIF,0.944,0.875,0.944,0.944,2,2,0.957,0.854,1.000,0.917,0,3
300195,300195.TIF,0.932,0.866,0.953,0.911,2,4,0.864,0.854,0.884,0.844,5,7
300196,300196.TIF,0.950,0.856,0.950,0.950,2,2,0.925,0.834,0.925,0.925,3,3
300197,300197.TIF,0.889,0.859,0.889,0.889,1,1,0.842,0.806,0.800,0.889,2,1
300198,300198.TIF,0.842,0.898,1.000,0.727,0,3,0.762,0.873,0.800,0.727,2,3
300199,300199.TIF,0.929,0.893,1.000,0.867,0,2,0.769,0.924,0.909,0.667,1,5
300200,300200.TIF,0.895,0.901,0.944,0.850,1,3,0.865,0.893,0.941,0.800,1,4
300201,300201.TIF,0.682,0.913,0.652,0.714,8,6,0.750,0.887,0.789,0.714,4,6
300202,300202.TIF,0.815,0.928,0.786,0.846,3,2,0.800,0.920,0.833,0.769,2,3
300203,300203.TIF,0.762,0.910,1.000,0.615,0,5,0.636,0.826,0.778,0.538,2,6
300204,300204.TIF,0.600,0.869,0.818,0.474,2,10,0.519,0.900,0.875,0.368,1,12
300205,300205.TIF,0.800,0.854,1.000,0.667,0,2,0.500,0.866,1.000,0.333,0,4
300210,300210.TIF,1.000,0.886,1.000,1.000,0,0,1.000,0.849,1.000,1.000,0,0
300211,300211.TIF,1.000,0.909,1.000,1.000,0,0,0.957,0.897,1.000,0.917,0,1
300212,300212.TIF,0.759,0.908,0.688,0.846,5,2,0.759,0.916,0.688,0.846,5,2
300213,300213.TIF,0.909,0.910,1.000,0.833,0,2,0.880,0.853,0.846,0.917,2,1
300214,300214.TIF,0.975,0.876,1.000,0.951,0,2,0.937,0.846,0.974,0.902,1,4
300215,300215.TIF,0.952,0.856,0.962,0.943,2,3,0.941,0.853,0.980,0.906,1,5
300216,300216.TIF,0.913,0.861,0.913,0.913,4,4,0.891,0.853,0.891,0.891,5,5
300217,300217.TIF,0.911,0.872,0.902,0.920,5,4,0.902,0.840,0.885,0.920,6,4
300218,300218.TIF,0.979,0.861,0.979,0.979,1,1,0.958,0.854,0.939,0.979,3,1
300219,300219.TIF,0.966,0.855,0.933,1.000,1,0,0.933,0.817,0.875,1.000,2,0
300220,300220.TIF,0.913,0.851,0.935,0.892,4,7,0.848,0.837,0.836,0.862,11,9
300221,300221.TIF,0.899,0.865,1.000,0.816,0,7,0.865,0.836,0.889,0.842,4,6
300222,300222.TIF,0.743,0.821,0.650,0.867,7,2,0.690,0.868,0.714,0.667,4,5
300223,300223.TIF,0.806,0.858,0.829,0.784,6,8,0.677,0.828,0.786,0.595,6,15
300224,300224.TIF,0.882,0.870,0.938,0.833,1,3,0.839,0.868,1.000,0.722,0,5
300225,300225.TIF,0.882,0.872,0.882,0.882,2,2,0.690,0.856,0.833,0.588,2,7
300226,300226.TIF,0.783,0.885,0.900,0.692,1,4,0.500,0.917,0.714,0.385,2,8
300227,300227.TIF,0.000,0.000,0.000,0.000,0,2,0.000,0.000,0.000,0.000,0,2
300230,300230.TIF,0.857,0.847,0.750,1.000,2,0,0.545,0.945,0.600,0.500,2,3
300231,300231.TIF,0.941,0.920,1.000,0.889,0,1,0.842,0.886,0.800,0.889,2,1
300232,300232.TIF,0.857,0.913,1.000,0.750,0,3,0.818,0.912,0.900,0.750,1,3
300233,300233.TIF,0.839,0.870,0.867,0.812,2,3,0.828,0.892,0.923,0.750,1,4
300234,300234.TIF,0.900,0.931,0.900,0.900,1,1,0.947,0.929,1.000,0.900,0,1
300235,300235.TIF,0.909,0.875,1.000,0.833,0,1,0.833,0.837,0.833,0.833,1,1
300236,300236.TIF,0.892,0.875,0.906,0.879,3,4,0.903,0.840,0.966,0.848,1,5
300237,300237.TIF,0.932,0.857,0.948,0.917,3,5,0.966,0.845,1.000,0.933,0,4
300238,300238.TIF,0.947,0.889,0.982,0.915,1,5,0.947,0.851,0.982,0.915,1,5
300239,300239.TIF,0.866,0.886,0.894,0.840,5,8,0.939,0.856,0.958,0.920,2,4
300240,300240.TIF,0.956,0.878,0.964,0.947,2,3,0.944,0.875,1.000,0.895,0,6
300241,300241.TIF,1.000,0.862,1.000,1.000,0,0,0.980,0.839,0.960,1.000,1,0
300242,300242.TIF,0.838,0.850,0.905,0.781,6,16,0.792,0.840,0.803,0.781,14,16
300243,300243.TIF,0.853,0.881,0.906,0.806,3,7,0.862,0.876,0.966,0.778,1,8
300244,300244.TIF,0.706,0.872,0.632,0.800,7,3,0.645,0.875,0.625,0.667,6,5
300245,300245.TIF,0.885,0.877,0.885,0.885,11,11,0.926,0.841,0.936,0.917,6,8
300246,300246.TIF,0.908,0.886,0.908,0.908,7,7,0.920,0.856,0.932,0.908,5,7
300247,300247.TIF,0.963,0.920,1.000,0.929,0,1,0.929,0.889,0.929,0.929,1,1
300251,300251.TIF,0.800,0.885,0.727,0.889,3,1,0.824,0.817,0.875,0.778,1,2
300252,300252.TIF,0.903,0.882,0.875,0.933,2,1,0.857,0.878,0.923,0.800,1,3
300253,300253.TIF,1.000,0.889,1.000,1.000,0,0,0.923,0.894,1.000,0.857,0,2
300254,300254.TIF,0.941,0.889,0.889,1.000,1,0,0.941,0.864,0.889,1.000,1,0
300255,300255.TIF,0.667,0.721,0.667,0.667,4,4,0.818,0.839,0.900,0.750,1,3
300256,300256.TIF,0.857,0.861,0.750,1.000,1,0,1.000,0.932,1.000,1.000,0,0
300258,300258.TIF,0.889,0.873,1.000,0.800,0,1,0.889,0.819,1.000,0.800,0,1
300259,300259.TIF,0.933,0.860,0.966,0.903,1,3,0.918,0.843,0.933,0.903,2,3
300260,300260.TIF,0.961,0.889,0.974,0.949,1,2,0.949,0.862,0.949,0.949,2,2
300261,300261.TIF,0.857,0.891,0.931,0.794,2,7,0.938,0.870,1.000,0.882,0,4
300262,300262.TIF,0.938,0.891,0.938,0.938,3,3,0.969,0.884,0.959,0.979,2,1
300263,300263.TIF,0.966,0.888,0.966,0.966,1,1,0.947,0.861,0.964,0.931,1,2
300264,300264.TIF,0.846,0.847,0.786,0.917,3,1,0.818,0.859,0.900,0.750,1,3
300265,300265.TIF,0.852,0.872,0.839,0.867,5,4,0.720,0.832,0.900,0.600,2,12
300266,300266.TIF,0.906,0.823,0.960,0.857,1,4,0.863,0.856,0.957,0.786,1,6
300267,300267.TIF,0.921,0.891,0.927,0.916,6,7,0.940,0.851,0.929,0.952,6,4
300268,300268.TIF,0.920,0.899,0.980,0.867,2,15,0.920,0.862,0.980,0.867,2,15
300269,300269.TIF,0.968,0.875,0.978,0.957,1,2,0.958,0.842,0.939,0.979,3,1
300270,300270.TIF,0.952,0.885,1.000,0.909,0,2,0.905,0.867,0.950,0.864,1,3
300271,300271.TIF,0.800,0.882,0.667,1.000,1,0,1.000,0.795,1.000,1.000,0,0
300272,300272.TIF,0.972,0.887,0.946,1.000,2,0,0.972,0.856,0.946,1.000,2,0
300273,300273.TIF,0.840,0.869,0.877,0.806,7,12,0.850,0.864,0.879,0.823,7,11
300274,300274.TIF,0.773,0.830,0.810,0.739,4,6,0.703,0.854,0.929,0.565,1,10
300275,300275.TIF,0.783,0.912,0.643,1.000,5,0,0.778,0.910,0.778,0.778,2,2
300276,300276.TIF,1.000,0.909,1.000,1.000,0,0,1.000,0.903,1.000,1.000,0,0
300282,300282.TIF,1.000,0.860,1.000,1.000,0,0,0.800,0.833,1.000,0.667,0,1
300283,300283.TIF,1.000,0.884,1.000,1.000,0,0,1.000,0.855,1.000,1.000,0,0
300284,300284.TIF,0.857,0.898,0.750,1.000,1,0,1.000,0.817,1.000,1.000,0,0
300285,300285.TIF,0.667,0.795,1.000,0.500,0,1,1.000,0.762,1.000,1.000,0,0
300286,300286.TIF,0.923,0.877,0.931,0.915,4,5,0.922,0.845,0.946,0.898,3,6
300287,300287.TIF,0.889,0.881,0.923,0.857,2,4,0.809,0.880,1.000,0.679,0,9
300288,300288.TIF,0.737,0.836,0.778,0.700,6,9,0.760,0.825,0.950,0.633,1,11
300289,300289.TIF,0.940,0.881,0.959,0.921,3,6,0.895,0.840,0.895,0.895,8,8
300290,300290.TIF,0.957,0.883,1.000,0.918,0,5,0.920,0.847,1.000,0.852,0,9
300291,300291.TIF,0.969,0.892,0.979,0.959,1,2,0.951,0.849,0.907,1.000,5,0
300292,300292.TIF,0.957,0.881,0.989,0.928,1,7,0.958,0.858,0.968,0.948,3,5
300293,300293.TIF,0.919,0.905,0.919,0.919,3,3,0.932,0.868,0.944,0.919,2,3
300294,300294.TIF,0.948,0.900,0.941,0.955,4,3,0.947,0.876,0.955,0.940,3,4
300295,300295.TIF,0.947,0.862,0.959,0.934,3,5,0.901,0.854,0.907,0.895,7,8
300296,300296.TIF,0.839,0.879,0.929,0.765,1,4,0.765,0.848,0.765,0.765,4,4
300308,300308.TIF,0.958,0.881,0.964,0.952,3,4,0.941,0.857,0.930,0.952,6,4
300309,300309.TIF,0.955,0.857,0.955,0.955,2,2,0.921,0.833,0.911,0.932,4,3
300310,300310.TIF,0.892,0.851,0.879,0.906,4,3,0.896,0.828,0.857,0.938,5,2
300311,300311.TIF,0.930,0.873,0.971,0.892,1,4,0.972,0.839,1.000,0.946,0,2
300312,300312.TIF,0.940,0.885,0.963,0.918,3,7,0.921,0.861,0.950,0.894,4,9
300313,300313.TIF,0.962,0.890,0.974,0.949,2,4,0.931,0.862,0.925,0.937,6,5
300314,300314.TIF,0.913,0.889,0.932,0.895,5,8,0.935,0.842,0.923,0.947,6,4
300315,300315.TIF,0.911,0.898,0.981,0.850,1,9,0.903,0.881,0.962,0.850,2,9
300316,300316.TIF,0.952,0.909,0.967,0.937,2,4,0.960,0.898,0.968,0.952,2,3
300317,300317.TIF,0.974,0.902,0.966,0.983,2,1,0.915,0.911,0.900,0.931,6,4
300318,300318.TIF,0.889,0.909,0.800,1.000,6,0,0.923,0.912,0.857,1.000,4,0
300330,300330.TIF,0.936,0.859,0.964,0.909,3,8,0.971,0.846,0.977,0.966,2,3
300331,300331.TIF,0.978,0.857,1.000,0.957,0,3,0.917,0.839,0.953,0.884,3,8
300332,300332.TIF,0.893,0.867,0.926,0.862,4,8,0.879,0.832,0.879,0.879,7,7
300333,300333.TIF,0.915,0.866,0.893,0.938,9,5,0.883,0.832,0.867,0.900,11,8
300334,300334.TIF,0.922,0.854,0.934,0.910,5,7,0.938,0.827,0.915,0.962,7,3
300335,300335.TIF,0.988,0.857,0.976,1.000,1,0,0.988,0.829,0.976,1.000,1,0
300336,300336.TIF,0.909,0.860,0.882,0.938,4,2,0.875,0.827,0.875,0.875,4,4
300337,300337.TIF,0.917,0.887,0.897,0.938,7,4,0.926,0.857,0.887,0.969,8,2
300338,300338.TIF,0.985,0.893,0.985,0.985,1,1,0.970,0.880,0.956,0.985,3,1
300339,300339.TIF,0.978,0.890,1.000,0.957,0,3,0.942,0.886,0.956,0.929,3,5
300340,300340.TIF,0.955,0.897,0.946,0.964,3,2,0.912,0.884,0.881,0.945,7,3
300341,300341.TIF,0.800,0.791,0.667,1.000,1,0,0.800,0.807,0.667,1.000,1,0
300342,300342.TIF,1.000,0.790,1.000,1.000,0,0,1.000,0.669,1.000,1.000,0,0
300343,300343.TIF,0.000,0.000,0.000,0.000,0,1,0.000,0.000,0.000,0.000,0,1
300352,300352.TIF,0.923,0.850,0.917,0.930,6,5,0.881,0.844,0.875,0.887,9,8
300353,300353.TIF,0.808,0.847,0.778,0.840,6,4,0.840,0.818,0.840,0.840,4,4
300354,300354.TIF,0.842,0.878,0.800,0.889,10,5,0.867,0.847,0.867,0.867,6,6
300355,300355.TIF,0.891,0.848,0.900,0.882,5,6,0.843,0.834,0.843,0.843,8,8
300356,300356.TIF,0.948,0.858,0.932,0.965,4,2,0.924,0.829,0.887,0.965,7,2
300357,300357.TIF,0.907,0.877,0.919,0.895,3,4,0.947,0.838,0.947,0.947,2,2
300358,300358.TIF,0.955,0.887,0.977,0.933,1,3,0.966,0.851,0.977,0.956,1,2
300359,300359.TIF,0.967,0.895,0.967,0.967,2,2,0.924,0.870,0.932,0.917,4,5
300360,300360.TIF,1.000,0.896,1.000,1.000,0,0,0.990,0.869,0.981,1.000,1,0
300361,300361.TIF,0.985,0.902,1.000,0.971,0,1,1.000,0.874,1.000,1.000,0,0
300362,300362.TIF,0.978,0.890,0.978,0.978,1,1,0.905,0.885,0.878,0.935,6,3
300363,300363.TIF,1.000,0.784,1.000,1.000,0,0,0.923,0.830,0.857,1.000,1,0
300364,300364.TIF,0.000,0.000,0.000,0.000,0,1,0.000,0.000,0.000,0.000,0,1
300365,300365.TIF,0.000,0.000,0.000,0.000,0,1,0.000,0.000,0.000,0.000,0,1
300374,300374.TIF,0.940,0.861,0.917,0.965,5,2,0.900,0.856,0.857,0.947,9,3
300375,300375.TIF,0.955,0.854,0.981,0.930,1,4,0.904,0.823,0.897,0.912,6,5
300376,300376.TIF,0.962,0.867,0.967,0.957,3,4,0.926,0.834,0.898,0.957,10,4
300377,300377.TIF,0.958,0.889,0.958,0.958,4,4,0.918,0.860,0.900,0.938,10,6
300378,300378.TIF,0.934,0.889,0.990,0.884,1,13,0.934,0.857,0.990,0.884,1,13
300379,300379.TIF,0.985,0.876,0.980,0.990,2,1,0.945,0.847,0.940,0.949,6,5
300380,300380.TIF,0.955,0.894,0.941,0.970,4,2,0.963,0.871,0.942,0.985,4,1
300381,300381.TIF,0.947,0.916,0.926,0.969,5,2,0.977,0.906,0.984,0.969,1,2
300382,300382.TIF,0.943,0.893,0.943,0.943,2,2,0.919,0.854,0.872,0.971,5,1
300383,300383.TIF,0.967,0.887,0.935,1.000,2,0,0.983,0.888,0.967,1.000,1,0
300384,300384.TIF,0.857,0.857,0.750,1.000,1,0,0.857,0.880,0.750,1.000,1,0
300396,300396.TIF,0.938,0.856,0.957,0.918,2,4,0.940,0.816,0.922,0.959,4,2
300397,300397.TIF,0.945,0.851,0.929,0.963,6,3,0.929,0.822,0.897,0.963,9,3
300398,300398.TIF,0.909,0.870,1.000,0.833,0,20,0.882,0.859,0.970,0.808,3,23
300399,300399.TIF,0.951,0.870,0.946,0.957,5,4,0.938,0.837,0.900,0.978,10,2
300400,300400.TIF,0.938,0.890,0.990,0.892,1,12,0.938,0.871,0.990,0.892,1,12
300401,300401.TIF,0.974,0.891,0.969,0.979,3,2,0.969,0.860,0.950,0.990,5,1
300402,300402.TIF,0.926,0.908,0.949,0.903,3,6,0.945,0.878,0.923,0.968,5,2
300403,300403.TIF,0.969,0.914,0.959,0.979,2,1,0.979,0.907,0.979,0.979,1,1
300404,300404.TIF,0.923,0.872,0.923,0.923,2,2,0.868,0.851,0.852,0.885,4,3
300405,300405.TIF,0.978,0.862,1.000,0.957,0,1,0.978,0.850,1.000,0.957,0,1
300418,300418.TIF,0.987,0.872,0.987,0.987,1,1,0.967,0.848,0.961,0.974,3,2
300419,300419.TIF,0.929,0.876,1.000,0.867,0,4,0.857,0.865,0.923,0.800,2,6
300420,300420.TIF,0.926,0.869,0.920,0.932,6,5,0.942,0.847,0.901,0.986,8,1
300421,300421.TIF,0.883,0.881,0.980,0.803,2,24,0.865,0.858,0.960,0.787,4,26
300422,300422.TIF,0.907,0.883,0.970,0.851,3,17,0.907,0.854,0.970,0.851,3,17
300423,300423.TIF,0.988,0.887,0.975,1.000,2,0,0.905,0.862,0.854,0.962,13,3
300424,300424.TIF,0.944,0.886,0.911,0.981,5,1,0.944,0.859,0.911,0.981,5,1
300425,300425.TIF,0.969,0.828,0.939,1.000,2,0,0.882,0.771,0.811,0.968,7,1
300426,300426.TIF,0.943,0.852,0.962,0.926,2,4,0.930,0.833,0.883,0.981,7,1
300427,300427.TIF,0.925,0.857,0.958,0.895,3,8,0.941,0.838,0.935,0.947,5,4
300428,300428.TIF,0.900,0.886,0.900,0.900,2,2,0.952,0.852,0.909,1.000,2,0
300440,300440.TIF,0.933,0.882,0.970,0.898,3,11,0.942,0.848,0.980,0.907,2,10
300441,300441.TIF,0.945,0.866,0.923,0.968,5,2,0.937,0.843,0.909,0.968,6,2
300442,300442.TIF,0.948,0.878,0.932,0.965,6,3,0.917,0.854,0.865,0.976,13,2
300443,300443.TIF,0.919,0.890,0.960,0.881,4,13,0.928,0.853,0.970,0.890,3,12
300444,300444.TIF,0.926,0.885,0.953,0.900,4,9,0.949,0.849,0.966,0.933,3,6
300445,300445.TIF,0.947,0.881,0.953,0.942,4,5,0.953,0.859,0.964,0.942,3,5
300446,300446.TIF,0.872,0.856,0.820,0.932,9,3,0.879,0.831,0.851,0.909,7,4
300447,300447.TIF,0.917,0.888,0.930,0.904,5,7,0.898,0.862,0.892,0.904,8,7
300448,300448.TIF,0.940,0.880,0.932,0.948,4,3,0.908,0.845,0.885,0.931,7,4
300449,300449.TIF,0.966,0.885,0.935,1.000,5,0,0.907,0.848,0.872,0.944,10,4
300450,300450.TIF,0.933,0.893,0.918,0.949,5,3,0.959,0.883,0.935,0.983,4,1
300451,300451.TIF,0.632,0.860,0.462,1.000,7,0,0.750,0.859,0.600,1.000,4,0
300455,300455.TIF,1.000,0.900,1.000,1.000,0,0,1.000,0.875,1.000,1.000,0,0
300456,300456.TIF,0.000,0.000,0.000,0.000,0,2,1.000,0.911,1.000,1.000,0,0
300462,300462.TIF,0.960,0.882,0.970,0.950,3,5,0.945,0.845,0.950,0.941,5,6
300463,300463.TIF,0.937,0.876,0.960,0.914,4,9,0.927,0.847,0.950,0.905,5,10
300464,300464.TIF,0.877,0.886,1.000,0.781,0,28,0.877,0.870,1.000,0.781,0,28
300465,300465.TIF,0.948,0.892,1.000,0.901,0,11,0.938,0.853,0.990,0.892,1,12
300466,300466.TIF,0.966,0.885,0.966,0.966,2,2,0.949,0.847,0.933,0.966,4,2
300467,300467.TIF,0.884,0.839,0.826,0.950,4,1,0.878,0.829,0.857,0.900,3,2
300468,300468.TIF,0.933,0.881,0.933,0.933,1,1,0.839,0.819,0.812,0.867,3,2
300469,300469.TIF,0.915,0.890,0.890,0.942,8,4,0.913,0.836,0.913,0.913,6,6
300470,300470.TIF,0.941,0.877,0.957,0.926,4,7,0.892,0.841,0.870,0.916,13,8
300471,300471.TIF,0.894,0.894,0.846,0.948,10,3,0.900,0.846,0.871,0.931,8,4
300472,300472.TIF,0.852,0.881,0.839,0.867,5,4,0.786,0.850,0.846,0.733,4,8
300473,300473.TIF,0.821,0.890,0.762,0.889,5,2,0.706,0.861,0.750,0.667,4,6
300474,300474.TIF,0.667,0.926,0.500,1.000,1,0,1.000,0.961,1.000,1.000,0,0
300484,300484.TIF,0.930,0.897,1.000,0.870,0,15,0.912,0.868,0.980,0.852,2,17
300485,300485.TIF,0.970,0.885,0.980,0.960,2,4,0.940,0.847,0.940,0.940,6,6
300486,300486.TIF,0.969,0.887,0.979,0.960,2,4,0.955,0.853,0.950,0.960,5,4
300487,300487.TIF,0.979,0.887,0.972,0.986,2,1,0.951,0.855,0.932,0.971,5,2
300488,300488.TIF,0.923,0.868,0.857,1.000,1,0,0.923,0.880,0.857,1.000,1,0
300489,300489.TIF,0.899,0.865,0.951,0.853,3,10,0.894,0.855,0.922,0.868,5,9
300490,300490.TIF,0.951,0.878,0.980,0.925,2,8,0.942,0.854,0.970,0.915,3,9
300491,300491.TIF,0.945,0.899,0.917,0.975,7,2,0.933,0.866,0.895,0.975,9,2
300492,300492.TIF,0.939,0.880,1.000,0.885,0,6,0.922,0.846,0.940,0.904,3,5
300493,300493.TIF,0.864,0.877,0.950,0.792,1,5,0.773,0.861,0.850,0.708,3,7
300494,300494.TIF,0.727,0.885,0.909,0.606,2,13,0.667,0.902,0.944,0.515,1,16
300495,300495.TIF,0.914,0.875,1.000,0.842,0,3,0.733,0.816,1.000,0.579,0,8
300496,300496.TIF,0.844,0.832,0.905,0.792,2,5,0.809,0.832,0.826,0.792,4,5
300497,300497.TIF,0.688,0.835,0.611,0.786,7,3,0.645,0.811,0.588,0.714,7,4
300498,300498.TIF,0.222,0.891,0.143,0.500,6,1,0.000,0.000,0.000,0.000,6,2
300506,300506.TIF,0.925,0.897,0.961,0.892,3,9,0.880,0.860,0.880,0.880,10,10
300507,300507.TIF,0.952,0.884,0.963,0.940,3,5,0.929,0.854,0.919,0.940,7,5
300508,300508.TIF,0.964,0.877,0.976,0.952,2,4,0.936,0.840,0.910,0.964,8,3
300509,300509.TIF,0.960,0.887,1.000,0.923,0,8,0.951,0.862,0.970,0.933,3,7
300510,300510.TIF,0.870,0.846,0.833,0.909,4,2,0.905,0.837,0.950,0.864,1,3
300511,300511.TIF,0.934,0.866,0.966,0.905,2,6,0.943,0.869,0.967,0.921,2,5
300512,300512.TIF,0.954,0.871,0.979,0.931,2,7,0.935,0.856,0.940,0.931,6,7
300513,300513.TIF,0.942,0.876,0.950,0.934,3,4,0.919,0.853,0.905,0.934,6,4
300514,300514.TIF,0.619,0.880,0.867,0.481,2,14,0.634,0.861,0.929,0.481,1,14
300515,300515.TIF,0.727,0.862,0.889,0.615,2,10,0.619,0.859,0.812,0.500,3,13
300516,300516.TIF,0.762,0.874,0.941,0.640,2,18,0.595,0.862,0.917,0.440,2,28
300517,300517.TIF,0.950,0.916,1.000,0.905,0,2,0.842,0.871,0.941,0.762,1,5
300518,300518.TIF,0.759,0.857,0.957,0.629,1,13,0.737,0.827,0.955,0.600,1,14
300519,300519.TIF,1.000,0.883,1.000,1.000,0,0,0.914,0.860,1.000,0.842,0,3
300520,300520.TIF,0.941,0.910,1.000,0.889,0,1,0.875,0.872,1.000,0.778,0,2
300521,300521.TIF,1.000,0.910,1.000,1.000,0,0,0.667,0.919,0.667,0.667,1,1
300528,300528.TIF,0.939,0.870,0.958,0.920,1,2,0.913,0.856,1.000,0.840,0,4
300529,300529.TIF,0.947,0.886,0.973,0.923,2,6,0.974,0.864,0.987,0.962,1,3
300530,300530.TIF,0.897,0.890,1.000,0.813,0,23,0.897,0.867,1.000,0.813,0,23
300531,300531.TIF,0.925,0.877,0.990,0.868,1,15,0.916,0.865,0.980,0.860,2,16
300532,300532.TIF,0.912,0.842,0.929,0.897,2,3,0.912,0.854,0.929,0.897,2,3
300533,300533.TIF,0.741,0.851,0.769,0.714,3,4,0.741,0.811,0.769,0.714,3,4
300534,300534.TIF,0.933,0.878,0.875,1.000,1,0,1.000,0.851,1.000,1.000,0,0
300535,300535.TIF,0.792,0.862,0.679,0.950,9,1,0.850,0.870,0.850,0.850,3,3
300536,300536.TIF,0.727,0.917,0.727,0.727,3,3,0.800,0.915,0.889,0.727,1,3
300537,300537.TIF,0.688,0.900,0.733,0.647,4,6,0.667,0.860,0.900,0.529,1,8
300538,300538.TIF,0.903,0.891,0.966,0.848,1,5,0.692,0.896,0.947,0.545,1,15
300539,300539.TIF,0.833,0.881,0.800,0.870,5,3,0.718,0.885,0.875,0.609,2,9
300540,300540.TIF,0.792,0.878,0.905,0.704,2,8,0.698,0.896,0.938,0.556,1,12
300541,300541.TIF,0.808,0.885,0.913,0.724,2,8,0.708,0.844,0.895,0.586,2,12
300542,300542.TIF,0.833,0.865,0.833,0.833,2,2,0.667,0.883,1.000,0.500,0,6
300543,300543.TIF,0.750,0.898,0.750,0.750,1,1,0.857,0.897,1.000,0.750,0,1
300548,300548.TIF,0.000,0.000,0.000,0.000,0,1,0.000,0.000,0.000,0.000,0,1
300549,300549.TIF,0.000,0.000,0.000,0.000,0,1,0.000,0.000,0.000,0.000,0,1
300550,300550.TIF,0.969,0.870,0.984,0.955,1,3,0.887,0.846,0.829,0.955,13,3
300551,300551.TIF,0.941,0.866,0.960,0.923,4,8,0.931,0.846,0.950,0.913,5,9
300552,300552.TIF,0.947,0.875,0.990,0.908,1,10,0.919,0.854,0.960,0.881,4,13
300553,300553.TIF,0.918,0.865,0.960,0.880,4,13,0.923,0.856,0.960,0.889,4,12
300554,300554.TIF,0.952,0.866,0.972,0.933,2,5,0.915,0.847,0.897,0.933,8,5
300555,300555.TIF,0.903,0.862,0.933,0.875,4,8,0.889,0.837,0.903,0.875,6,8
300556,300556.TIF,0.865,0.822,0.842,0.889,3,2,0.944,0.792,0.944,0.944,1,1
300557,300557.TIF,0.812,0.834,0.812,0.812,3,3,0.714,0.806,0.833,0.625,2,6
300558,300558.TIF,0.844,0.888,0.864,0.826,3,4,0.829,0.877,0.944,0.739,1,6
300559,300559.TIF,0.690,0.846,0.833,0.588,2,7,0.714,0.896,0.909,0.588,1,7
300560,300560.TIF,0.788,0.843,0.812,0.765,3,4,0.645,0.824,0.714,0.588,4,7
300561,300561.TIF,0.783,0.891,0.692,0.900,4,1,0.667,0.796,1.000,0.500,0,5
300562,300562.TIF,0.750,0.925,0.706,0.800,5,3,0.720,0.919,0.900,0.600,1,6
300563,300563.TIF,0.581,0.891,0.643,0.529,5,8,0.640,0.845,1.000,0.471,0,9
300564,300564.TIF,0.909,0.804,1.000,0.833,0,2,0.857,0.776,1.000,0.750,0,3
300570,300570.TIF,0.000,0.000,0.000,0.000,0,1,0.000,0.000,0.000,0.000,0,1
300571,300571.TIF,0.000,0.000,0.000,0.000,0,1,0.000,0.000,0.000,0.000,0,1
300572,300572.TIF,0.951,0.868,0.980,0.925,2,8,0.913,0.850,0.940,0.887,6,12
300573,300573.TIF,0.931,0.859,0.940,0.922,6,8,0.921,0.849,0.930,0.912,7,9
300574,300574.TIF,0.938,0.866,0.990,0.892,1,12,0.919,0.859,0.970,0.874,3,14
300575,300575.TIF,0.914,0.868,0.960,0.873,4,14,0.914,0.841,0.960,0.873,4,14
300576,300576.TIF,0.943,0.867,1.000,0.893,0,12,0.915,0.866,0.970,0.866,3,15
300577,300577.TIF,0.911,0.870,0.935,0.888,6,11,0.953,0.853,0.968,0.939,3,6
300578,300578.TIF,0.971,0.853,1.000,0.944,0,1,0.971,0.822,1.000,0.944,0,1
300579,300579.TIF,1.000,0.858,1.000,1.000,0,0,0.600,0.777,1.000,0.429,0,4
300580,300580.TIF,0.667,0.914,0.556,0.833,8,2,0.609,0.897,0.636,0.583,4,5
300581,300581.TIF,0.714,0.841,0.588,0.909,7,1,0.400,0.783,0.444,0.364,5,7
300582,300582.TIF,0.917,0.906,1.000,0.846,0,2,0.833,0.917,0.909,0.769,1,3
300583,300583.TIF,0.800,0.879,0.714,0.909,4,1,0.737,0.888,0.875,0.636,1,4
300584,300584.TIF,0.688,0.901,0.688,0.688,5,5,0.741,0.867,0.909,0.625,1,6
300585,300585.TIF,0.737,0.888,0.700,0.778,3,2,0.800,0.869,1.000,0.667,0,3
300590,300590.TIF,0.000,0.000,0.000,0.000,0,1,1.000,0.742,1.000,1.000,0,0
300591,300591.TIF,0.000,0.000,0.000,0.000,0,1,1.000,0.803,1.000,1.000,0,0
300594,300594.TIF,0.971,0.876,0.981,0.962,1,2,0.962,0.839,0.980,0.943,1,3
300595,300595.TIF,0.952,0.862,0.990,0.917,1,9,0.923,0.848,0.960,0.889,4,12
300596,300596.TIF,0.913,0.859,0.950,0.880,5,13,0.923,0.847,0.960,0.889,4,12
300597,300597.TIF,0.909,0.852,0.915,0.904,7,8,0.940,0.843,0.940,0.940,5,5
300598,300598.TIF,0.899,0.875,0.980,0.831,2,20,0.908,0.877,0.990,0.839,1,19
300599,300599.TIF,0.976,0.868,0.976,0.976,2,2,0.958,0.853,0.952,0.964,4,3
300600,300600.TIF,1.000,0.858,1.000,1.000,0,0,0.952,0.812,1.000,0.909,0,1
300601,300601.TIF,0.667,0.954,0.500,1.000,1,0,0.500,0.968,0.333,1.000,2,0
300602,300602.TIF,0.714,0.879,0.556,1.000,8,0,0.909,0.885,0.833,1.000,2,0
300603,300603.TIF,0.727,0.871,0.667,0.800,4,2,0.842,0.854,0.889,0.800,1,2
300604,300604.TIF,0.875,0.853,1.000,0.778,0,2,0.875,0.844,1.000,0.778,0,2
300605,300605.TIF,0.571,0.823,0.500,0.667,2,1,0.500,0.901,1.000,0.333,0,2
300606,300606.TIF,0.519,0.813,0.636,0.438,4,9,0.545,0.839,1.000,0.375,0,10
300607,300607.TIF,0.500,0.953,0.333,1.000,2,0,1.000,0.929,1.000,1.000,0,0
300612,300612.TIF,0.000,0.000,0.000,0.000,0,1,1.000,0.719,1.000,1.000,0,0
300616,300616.TIF,0.944,0.854,0.959,0.930,4,7,0.919,0.845,0.929,0.910,7,9
300617,300617.TIF,0.862,0.869,1.000,0.758,0,32,0.862,0.859,1.000,0.758,0,32
300618,300618.TIF,0.951,0.864,1.000,0.907,0,10,0.928,0.835,0.960,0.897,4,11
300619,300619.TIF,0.973,0.841,0.964,0.982,2,1,0.955,0.835,0.946,0.964,3,2
300620,300620.TIF,0.881,0.874,1.000,0.787,0,27,0.872,0.862,0.990,0.780,1,28
300621,300621.TIF,0.885,0.863,1.000,0.794,0,26,0.885,0.847,1.000,0.794,0,26
300622,300622.TIF,0.977,0.851,0.984,0.969,1,2,0.916,0.834,0.909,0.923,6,5
300623,300623.TIF,0.750,0.850,0.600,1.000,2,0,0.667,0.884,0.667,0.667,1,1
300624,300624.TIF,0.625,0.844,0.556,0.714,8,4,0.741,0.862,0.769,0.714,3,4
300625,300625.TIF,0.593,0.832,0.571,0.615,6,5,0.667,0.806,0.727,0.615,3,5
300626,300626.TIF,0.632,0.848,0.857,0.500,1,6,0.667,0.879,1.000,0.500,0,6
300638,300638.TIF,0.937,0.875,0.970,0.907,3,10,0.947,0.845,0.980,0.916,2,9
300639,300639.TIF,0.915,0.879,0.970,0.866,3,15,0.915,0.848,0.970,0.866,3,15
300640,300640.TIF,0.915,0.873,0.931,0.900,2,3,0.933,0.840,0.933,0.933,2,2
300641,300641.TIF,0.967,0.863,0.967,0.967,1,1,0.906,0.826,0.853,0.967,5,1
300642,300642.TIF,0.942,0.881,0.980,0.907,2,10,0.933,0.864,0.970,0.898,3,11
300643,300643.TIF,0.946,0.867,0.964,0.930,2,4,0.948,0.847,0.932,0.965,4,2
300644,300644.TIF,0.909,0.828,0.938,0.882,1,2,0.824,0.832,0.824,0.824,3,3
300645,300645.TIF,0.000,0.000,0.000,0.000,1,4,0.400,0.838,1.000,0.250,0,3
300646,300646.TIF,0.750,0.829,0.750,0.750,5,5,0.563,0.871,0.750,0.450,3,11
300647,300647.TIF,0.848,0.863,0.933,0.778,1,4,0.643,0.902,0.900,0.500,1,9
300648,300648.TIF,1.000,0.876,1.000,1.000,0,0,0.923,0.900,1.000,0.857,0,1
300660,300660.TIF,0.855,0.871,0.970,0.764,3,30,0.863,0.837,0.980,0.772,2,29
300661,300661.TIF,0.902,0.839,0.939,0.868,3,7,0.897,0.830,0.889,0.906,6,5
300662,300662.TIF,1.000,0.905,1.000,1.000,0,0,1.000,0.935,1.000,1.000,0,0
300663,300663.TIF,0.939,0.882,0.964,0.915,2,5,0.966,0.868,0.966,0.966,2,2
300664,300664.TIF,0.925,0.913,0.974,0.881,2,10,0.940,0.895,0.940,0.940,5,5
300665,300665.TIF,0.945,0.883,0.956,0.935,2,3,0.903,0.904,0.894,0.913,5,4
300666,300666.TIF,0.960,0.880,0.923,1.000,1,0,0.960,0.867,0.923,1.000,1,0
300667,300667.TIF,1.000,0.866,1.000,1.000,0,0,1.000,0.876,1.000,1.000,0,0
300668,300668.TIF,0.500,0.813,0.500,0.500,1,1,0.000,0.000,0.000,0.000,0,2
300682,300682.TIF,0.856,0.873,0.980,0.760,2,31,0.865,0.851,0.990,0.767,1,30
300683,300683.TIF,0.922,0.867,0.978,0.873,2,13,0.950,0.826,0.960,0.941,4,6
300684,300684.TIF,0.894,0.871,0.875,0.913,3,2,0.933,0.844,0.955,0.913,1,2
300685,300685.TIF,0.977,0.888,0.984,0.969,1,2,0.931,0.867,0.924,0.938,5,4
300686,300686.TIF,0.919,0.879,0.970,0.874,3,14,0.900,0.880,0.950,0.856,5,16
300687,300687.TIF,0.948,0.875,0.948,0.948,3,3,0.957,0.859,0.965,0.948,2,3
300688,300688.TIF,1.000,0.882,1.000,1.000,0,0,0.970,0.870,0.941,1.000,1,0
300689,300689.TIF,1.000,0.935,1.000,1.000,0,0,1.000,0.837,1.000,1.000,0,0
300690,300690.TIF,0.000,0.000,0.000,0.000,0,5,0.571,0.816,1.000,0.400,0,3
300691,300691.TIF,0.308,0.715,1.000,0.182,0,9,0.625,0.759,1.000,0.455,0,6
300692,300692.TIF,1.000,0.837,1.000,1.000,0,0,0.000,0.000,0.000,0.000,0,4
300693,300693.TIF,0.909,0.868,1.000,0.833,0,1,0.444,0.903,0.667,0.333,1,4
300694,300694.TIF,1.000,0.892,1.000,1.000,0,0,1.000,0.877,1.000,1.000,0,0
300704,300704.TIF,0.952,0.877,0.990,0.917,1,9,0.952,0.877,0.990,0.917,1,9
300705,300705.TIF,0.888,0.847,0.978,0.813,2,20,0.874,0.842,0.946,0.813,5,20
300706,300706.TIF,0.904,0.876,0.971,0.846,2,12,0.918,0.859,0.985,0.859,1,11
300707,300707.TIF,0.935,0.857,0.951,0.921,3,5,0.929,0.830,0.922,0.937,5,4
300708,300708.TIF,0.946,0.865,0.967,0.926,3,7,0.936,0.858,0.946,0.926,5,7
300709,300709.TIF,0.925,0.859,0.954,0.899,3,7,0.925,0.864,0.954,0.899,3,7
300710,300710.TIF,0.981,0.876,0.964,1.000,2,0,0.951,0.878,0.980,0.925,1,4
300711,300711.TIF,0.914,0.886,0.842,1.000,3,0,0.968,0.875,1.000,0.938,0,1
300713,300713.TIF,0.000,0.000,0.000,0.000,0,3,0.800,0.821,1.000,0.667,0,1
300714,300714.TIF,0.857,0.868,1.000,0.750,0,1,1.000,0.848,1.000,1.000,0,0
300715,300715.TIF,0.839,0.883,1.000,0.722,0,5,0.462,0.918,0.750,0.333,2,12
300716,300716.TIF,0.444,0.889,0.800,0.308,1,9,0.421,0.890,0.667,0.308,2,9
300717,300717.TIF,0.870,0.899,0.909,0.833,1,2,0.833,0.902,0.833,0.833,2,2
300718,300718.TIF,1.000,0.930,1.000,1.000,0,0,1.000,0.862,1.000,1.000,0,0
300726,300726.TIF,0.943,0.871,0.990,0.900,1,11,0.943,0.857,0.990,0.900,1,11
300727,300727.TIF,0.892,0.875,0.990,0.811,1,23,0.883,0.862,0.980,0.803,2,24
300728,300728.TIF,0.913,0.882,1.000,0.840,0,19,0.895,0.875,0.980,0.824,2,21
300729,300729.TIF,0.939,0.863,0.966,0.913,3,8,0.941,0.836,0.935,0.946,6,5
300730,300730.TIF,0.870,0.868,0.926,0.820,4,11,0.926,0.837,0.933,0.918,4,5
300731,300731.TIF,0.930,0.886,0.969,0.894,3,11,0.926,0.868,0.949,0.904,5,10
300732,300732.TIF,0.976,0.873,1.000,0.952,0,5,0.946,0.874,0.970,0.924,3,8
300733,300733.TIF,0.982,0.886,0.976,0.988,2,1,0.958,0.864,0.930,0.988,6,1
300735,300735.TIF,1.000,0.797,1.000,1.000,0,0,0.000,0.000,0.000,0.000,0,1
300736,300736.TIF,1.000,0.886,1.000,1.000,0,0,1.000,0.876,1.000,1.000,0,0
300737,300737.TIF,0.722,0.913,0.929,0.591,1,9,0.606,0.884,0.909,0.455,1,12
300738,300738.TIF,0.932,0.868,1.000,0.872,0,5,0.892,0.842,0.943,0.846,2,6
300739,300739.TIF,0.937,0.873,0.960,0.914,4,9,0.917,0.847,0.940,0.895,6,11
300740,300740.TIF,0.937,0.869,0.894,0.983,7,1,0.921,0.857,0.879,0.967,8,2
300741,300741.TIF,1.000,0.906,1.000,1.000,0,0,0.857,0.925,0.750,1.000,1,0
300745,300745.TIF,0.000,0.000,0.000,0.000,0,1,0.000,0.000,0.000,0.000,0,1
300746,300746.TIF,0.000,0.000,0.000,0.000,0,1,0.000,0.000,0.000,0.000,0,1
300748,300748.TIF,0.930,0.874,0.941,0.920,5,7,0.915,0.860,0.900,0.931,9,6
300749,300749.TIF,0.935,0.865,0.959,0.912,4,9,0.931,0.853,0.940,0.922,6,8
300750,300750.TIF,0.930,0.865,0.952,0.909,4,8,0.930,0.855,0.952,0.909,4,8
300751,300751.TIF,0.903,0.854,0.936,0.871,6,13,0.878,0.863,0.905,0.851,9,15
300752,300752.TIF,0.910,0.873,0.988,0.844,1,15,0.875,0.859,0.963,0.802,3,19
300753,300753.TIF,0.837,0.894,1.000,0.719,0,39,0.820,0.875,0.980,0.705,2,41
300754,300754.TIF,0.905,0.866,1.000,0.826,0,21,0.887,0.857,0.980,0.810,2,23
300755,300755.TIF,0.929,0.870,0.929,0.929,6,6,0.930,0.835,0.909,0.952,8,4
300756,300756.TIF,0.842,0.854,0.800,0.889,2,1,0.889,0.814,0.889,0.889,1,1
300757,300757.TIF,0.800,0.822,1.000,0.667,0,4,0.762,0.872,0.889,0.667,1,4
300758,300758.TIF,1.000,0.906,1.000,1.000,0,0,0.833,0.941,0.833,0.833,1,1
300759,300759.TIF,0.842,0.859,0.774,0.923,7,2,0.808,0.872,0.808,0.808,5,5
300760,300760.TIF,0.944,0.883,0.966,0.924,3,7,0.894,0.850,0.920,0.870,7,12
300761,300761.TIF,0.840,0.877,1.000,0.725,0,38,0.840,0.876,1.000,0.725,0,38
300762,300762.TIF,0.908,0.867,0.940,0.879,6,13,0.899,0.862,0.930,0.869,7,14
300763,300763.TIF,0.964,0.863,0.964,0.964,3,3,0.936,0.844,0.910,0.964,8,3
300764,300764.TIF,0.952,0.875,0.930,0.976,3,1,0.952,0.859,0.930,0.976,3,1
300770,300770.TIF,0.936,0.861,0.979,0.896,2,11,0.942,0.862,0.970,0.915,3,9
300771,300771.TIF,0.935,0.877,0.989,0.887,1,12,0.932,0.866,0.960,0.906,4,10
300772,300772.TIF,0.898,0.869,0.933,0.866,6,13,0.912,0.839,0.917,0.907,8,9
300773,300773.TIF,0.925,0.867,0.939,0.912,6,9,0.901,0.853,0.910,0.892,9,11
300774,300774.TIF,0.889,0.858,0.941,0.842,5,15,0.889,0.851,0.941,0.842,5,15
300775,300775.TIF,0.904,0.887,0.990,0.832,1,20,0.904,0.855,0.990,0.832,1,20
300776,300776.TIF,0.891,0.886,0.980,0.817,2,22,0.891,0.862,0.980,0.817,2,22
300777,300777.TIF,0.877,0.889,1.000,0.781,0,28,0.851,0.861,0.970,0.758,3,31
300778,300778.TIF,0.956,0.885,0.946,0.967,5,3,0.946,0.842,0.917,0.978,8,2
300779,300779.TIF,0.920,0.891,0.920,0.920,2,2,0.836,0.868,0.767,0.920,7,2
300780,300780.TIF,0.923,0.878,0.889,0.960,3,1,0.923,0.842,0.889,0.960,3,1
300781,300781.TIF,0.958,0.869,0.958,0.958,4,4,0.944,0.837,0.920,0.968,8,3
300782,300782.TIF,0.897,0.892,1.000,0.813,0,23,0.897,0.869,1.000,0.813,0,23
300783,300783.TIF,0.840,0.892,1.000,0.725,0,38,0.840,0.871,1.000,0.725,0,38
300784,300784.TIF,0.916,0.854,0.959,0.877,4,13,0.903,0.825,0.930,0.877,7,13
300785,300785.TIF,0.946,0.857,0.960,0.932,4,7,0.906,0.850,0.920,0.893,8,11
300786,300786.TIF,0.938,0.872,0.923,0.952,5,3,0.947,0.855,0.912,0.984,6,1
300787,300787.TIF,1.000,0.871,1.000,1.000,0,0,1.000,0.826,1.000,1.000,0,0
300792,300792.TIF,0.922,0.864,0.981,0.869,1,8,0.933,0.841,0.949,0.918,3,5
300793,300793.TIF,0.911,0.843,0.944,0.879,3,7,0.875,0.844,0.907,0.845,5,9
300794,300794.TIF,0.898,0.862,0.978,0.830,2,18,0.899,0.863,0.967,0.840,3,17
300795,300795.TIF,0.926,0.879,0.940,0.913,4,6,0.938,0.850,0.895,0.986,8,1
300796,300796.TIF,0.892,0.886,0.933,0.854,5,12,0.931,0.853,0.961,0.902,3,8
300797,300797.TIF,0.888,0.883,0.950,0.833,5,19,0.879,0.851,0.940,0.825,6,20
300798,300798.TIF,0.956,0.886,0.970,0.942,3,6,0.936,0.853,0.950,0.922,5,8
300799,300799.TIF,0.921,0.878,0.930,0.912,7,9,0.911,0.852,0.920,0.902,8,10
300800,300800.TIF,0.930,0.895,0.914,0.946,5,3,0.929,0.859,0.929,0.929,4,4
300801,300801.TIF,0.861,0.853,0.829,0.895,7,4,0.865,0.838,0.889,0.842,4,6
300802,300802.TIF,0.917,0.881,0.902,0.932,6,4,0.893,0.854,0.871,0.915,8,5
300803,300803.TIF,0.906,0.892,0.960,0.857,4,16,0.925,0.861,0.980,0.875,2,14
300804,300804.TIF,0.939,0.875,1.000,0.885,0,13,0.930,0.866,0.990,0.876,1,14
300805,300805.TIF,0.947,0.881,0.990,0.908,1,10,0.938,0.854,0.980,0.899,2,11
300806,300806.TIF,0.928,0.885,0.970,0.890,3,12,0.909,0.860,0.950,0.872,5,14
300807,300807.TIF,0.912,0.882,0.980,0.852,2,17,0.902,0.854,0.970,0.843,3,18
300808,300808.TIF,0.885,0.880,1.000,0.794,0,26,0.885,0.859,1.000,0.794,0,26
300809,300809.TIF,0.981,0.861,1.000,0.962,0,2,0.972,0.828,0.963,0.981,2,1
300812,300812.TIF,0.000,0.000,0.000,0.000,0,1,0.000,0.000,0.000,0.000,0,1
300814,300814.TIF,0.000,0.000,0.000,0.000,0,1,0.000,0.000,0.000,0.000,0,1
300816,300816.TIF,0.971,0.856,0.944,1.000,1,0,0.875,0.854,0.933,0.824,1,3
300817,300817.TIF,0.895,0.881,0.944,0.850,1,3,0.850,0.823,0.850,0.850,3,3
300818,300818.TIF,0.921,0.860,0.967,0.879,1,4,0.921,0.811,0.967,0.879,1,4
300819,300819.TIF,0.922,0.881,0.965,0.883,3,11,0.928,0.843,0.966,0.894,3,10
300820,300820.TIF,0.919,0.887,0.970,0.874,3,14,0.891,0.862,0.940,0.847,6,17
300821,300821.TIF,0.900,0.870,0.900,0.900,5,5,0.898,0.860,0.917,0.880,4,6
300822,300822.TIF,0.931,0.854,0.900,0.964,3,1,0.816,0.898,0.952,0.714,1,8
300823,300823.TIF,0.875,0.859,0.814,0.946,8,2,0.883,0.843,0.850,0.919,6,3
300824,300824.TIF,0.944,0.879,0.914,0.977,8,2,0.907,0.867,0.865,0.954,13,4
300825,300825.TIF,0.924,0.877,0.912,0.936,7,5,0.912,0.858,0.890,0.936,9,5
300826,300826.TIF,0.939,0.894,0.928,0.951,6,4,0.917,0.866,0.885,0.951,10,4
300827,300827.TIF,0.941,0.880,0.960,0.923,4,8,0.922,0.850,0.940,0.904,6,10
300828,300828.TIF,0.931,0.876,0.940,0.922,6,8,0.931,0.849,0.940,0.922,6,8
300829,300829.TIF,0.960,0.881,0.924,1.000,7,0,0.927,0.838,0.883,0.976,11,2
300830,300830.TIF,0.966,0.869,0.977,0.955,2,4,0.934,0.843,0.904,0.966,9,3
300831,300831.TIF,0.920,0.885,0.920,0.920,2,2,0.926,0.847,0.862,1.000,4,0
300836,300836.TIF,0.667,0.930,1.000,0.500,0,1,0.667,0.930,1.000,0.500,0,1
300838,300838.TIF,1.000,0.876,1.000,1.000,0,0,0.800,0.873,1.000,0.667,0,4
300839,300839.TIF,1.000,0.945,1.000,1.000,0,0,1.000,0.938,1.000,1.000,0,0
300840,300840.TIF,1.000,0.871,1.000,1.000,0,0,0.857,0.853,1.000,0.750,0,1
300841,300841.TIF,0.992,0.880,0.983,1.000,1,0,0.931,0.861,0.947,0.915,3,5
300842,300842.TIF,0.947,0.866,0.900,1.000,4,0,0.849,0.843,0.838,0.861,6,5
300843,300843.TIF,0.667,0.853,0.647,0.688,6,5,0.800,0.871,0.857,0.750,2,4
300844,300844.TIF,0.942,0.882,0.915,0.970,6,2,0.941,0.849,0.928,0.955,5,3
300845,300845.TIF,0.818,0.883,0.789,0.849,12,8,0.865,0.843,0.828,0.906,10,5
300846,300846.TIF,0.881,0.870,0.863,0.900,10,7,0.890,0.835,0.855,0.929,11,5
300847,300847.TIF,0.910,0.876,0.930,0.892,5,8,0.887,0.861,0.870,0.905,10,7
300848,300848.TIF,0.956,0.878,0.962,0.950,3,4,0.957,0.829,0.951,0.963,4,3
300849,300849.TIF,0.924,0.876,0.938,0.910,6,9,0.930,0.845,0.930,0.930,7,7
300850,300850.TIF,0.951,0.885,0.980,0.925,2,8,0.951,0.863,0.980,0.925,2,8
300851,300851.TIF,0.959,0.882,0.940,0.979,6,2,0.918,0.852,0.900,0.938,10,6
300852,300852.TIF,0.920,0.880,0.908,0.932,7,5,0.889,0.847,0.861,0.919,11,6
300853,300853.TIF,0.857,0.866,0.750,1.000,1,0,0.750,0.885,0.600,1.000,2,0
300854,300854.TIF,0.000,0.000,0.000,0.000,0,2,0.500,0.800,0.500,0.500,1,1
300855,300855.TIF,0.000,0.000,0.000,0.000,0,2,0.667,0.742,1.000,0.500,0,1
300858,300858.TIF,0.975,0.881,0.975,0.975,1,1,0.962,0.843,0.974,0.950,1,2
300859,300859.TIF,0.955,0.888,0.913,1.000,2,0,0.905,0.853,0.905,0.905,2,2
300860,300860.TIF,0.667,0.931,0.600,0.750,2,1,0.889,0.862,0.800,1.000,1,0
300861,300861.TIF,0.857,0.921,0.750,1.000,1,0,1.000,0.880,1.000,1.000,0,0
300862,300862.TIF,1.000,0.891,1.000,1.000,0,0,1.000,0.856,1.000,1.000,0,0
300863,300863.TIF,0.992,0.878,1.000,0.984,0,1,0.893,0.850,0.915,0.871,5,8
300864,300864.TIF,0.951,0.876,0.975,0.929,1,3,0.821,0.857,0.889,0.762,4,10
300865,300865.TIF,0.881,0.856,0.881,0.881,7,7,0.857,0.833,0.906,0.814,5,11
300866,300866.TIF,0.922,0.860,0.942,0.903,4,7,0.887,0.831,0.900,0.875,7,9
300867,300867.TIF,0.820,0.873,0.862,0.781,4,7,0.812,0.841,0.812,0.812,6,6
300868,300868.TIF,0.974,0.880,1.000,0.949,0,4,0.926,0.859,0.904,0.949,8,4
300869,300869.TIF,0.942,0.859,0.970,0.915,3,9,0.903,0.843,0.930,0.877,7,13
300870,300870.TIF,0.917,0.875,0.917,0.917,5,5,0.817,0.852,0.817,0.817,11,11
300871,300871.TIF,0.935,0.868,0.915,0.956,8,4,0.878,0.830,0.838,0.922,16,7
300872,300872.TIF,0.924,0.877,0.910,0.938,9,6,0.893,0.841,0.880,0.907,12,9
300873,300873.TIF,0.957,0.879,0.957,0.957,4,4,0.937,0.852,0.918,0.957,8,4
300874,300874.TIF,0.959,0.882,0.973,0.947,2,4,0.959,0.858,0.986,0.933,1,5
300875,300875.TIF,1.000,0.817,1.000,1.000,0,0,1.000,0.852,1.000,1.000,0,0
300876,300876.TIF,0.667,0.861,1.000,0.500,0,1,0.000,0.000,0.000,0.000,0,2
300877,300877.TIF,0.800,0.724,0.667,1.000,1,0,0.000,0.000,0.000,0.000,0,2
300880,300880.TIF,0.963,0.883,0.978,0.948,2,5,0.942,0.841,0.947,0.938,5,6
300881,300881.TIF,0.963,0.884,1.000,0.929,0,3,0.938,0.855,0.974,0.905,1,4
300882,300882.TIF,1.000,0.805,1.000,1.000,0,0,1.000,0.817,1.000,1.000,0,0
300883,300883.TIF,0.833,0.858,0.714,1.000,2,0,1.000,0.786,1.000,1.000,0,0
300884,300884.TIF,0.929,0.885,0.923,0.935,6,5,0.935,0.853,0.935,0.935,5,5
300885,300885.TIF,0.942,0.878,0.980,0.907,2,10,0.923,0.852,0.960,0.889,4,12
300886,300886.TIF,0.919,0.888,0.919,0.919,7,7,0.895,0.850,0.853,0.942,14,5
300887,300887.TIF,0.958,0.873,0.963,0.952,3,4,0.958,0.842,0.963,0.952,3,4
300888,300888.TIF,0.971,0.903,1.000,0.943,0,2,0.986,0.851,1.000,0.971,0,1
300889,300889.TIF,0.927,0.870,0.919,0.934,5,4,0.943,0.841,0.935,0.951,4,3
300890,300890.TIF,0.929,0.863,0.919,0.940,7,5,0.921,0.839,0.872,0.976,12,2
300891,300891.TIF,0.956,0.869,0.962,0.950,3,4,0.908,0.852,0.892,0.925,9,6
300892,300892.TIF,0.956,0.872,0.956,0.956,4,4,0.928,0.850,0.923,0.933,7,6
300893,300893.TIF,0.919,0.873,0.929,0.908,6,8,0.943,0.834,0.943,0.943,5,5
300894,300894.TIF,0.946,0.872,0.960,0.932,4,7,0.936,0.840,0.950,0.922,5,8
300895,300895.TIF,0.913,0.881,0.907,0.919,7,6,0.901,0.854,0.883,0.919,9,6
300896,300896.TIF,0.935,0.857,0.956,0.915,2,4,0.917,0.841,0.898,0.936,5,3
300897,300897.TIF,0.857,0.925,0.750,1.000,1,0,1.000,0.918,1.000,1.000,0,0
300898,300898.TIF,0.667,0.846,1.000,0.500,0,1,0.500,0.723,0.500,0.500,1,1
300899,300899.TIF,0.667,0.764,1.000,0.500,0,1,0.000,0.000,0.000,0.000,0,2
300900,300900.TIF,1.000,0.888,1.000,1.000,0,0,1.000,0.899,1.000,1.000,0,0
300902,300902.TIF,0.949,0.873,0.974,0.925,1,3,0.949,0.840,0.974,0.925,1,3
300906,300906.TIF,0.939,0.873,0.925,0.954,5,3,0.923,0.844,0.923,0.923,5,5
300907,300907.TIF,0.951,0.870,0.980,0.925,2,8,0.942,0.856,0.970,0.915,3,9
300908,300908.TIF,0.908,0.886,0.865,0.955,10,3,0.883,0.859,0.821,0.955,14,3
300909,300909.TIF,0.911,0.887,0.891,0.932,5,3,0.897,0.860,0.907,0.886,4,5
300910,300910.TIF,0.905,0.864,0.905,0.905,6,6,0.952,0.831,0.967,0.937,2,4
300911,300911.TIF,0.905,0.852,0.910,0.900,8,9,0.939,0.822,0.944,0.933,5,6
300912,300912.TIF,0.911,0.847,0.932,0.891,3,5,0.925,0.834,0.915,0.935,4,3
300913,300913.TIF,0.976,0.864,0.976,0.976,1,1,0.902,0.840,0.902,0.902,4,4
300914,300914.TIF,0.957,0.877,0.990,0.925,1,8,0.957,0.850,0.990,0.925,1,8
300915,300915.TIF,0.970,0.853,0.970,0.970,3,3,0.949,0.839,0.949,0.949,5,5
300916,300916.TIF,0.933,0.860,0.933,0.933,6,6,0.891,0.829,0.918,0.867,7,12
300917,300917.TIF,0.947,0.866,0.968,0.928,3,7,0.918,0.840,0.918,0.918,8,8
300918,300918.TIF,0.940,0.866,0.966,0.915,3,8,0.897,0.831,0.870,0.926,13,7
300919,300919.TIF,0.959,0.873,0.983,0.935,1,4,0.929,0.861,0.908,0.952,6,3
300920,300920.TIF,0.895,0.872,0.919,0.872,3,5,0.919,0.823,0.971,0.872,1,5
300921,300921.TIF,1.000,0.891,1.000,1.000,0,0,0.952,0.832,1.000,0.909,0,1
300924,300924.TIF,0.976,0.841,1.000,0.952,0,1,1.000,0.877,1.000,1.000,0,0
300925,300925.TIF,0.667,0.923,0.500,1.000,1,0,1.000,0.866,1.000,1.000,0,0
300928,300928.TIF,0.953,0.879,0.986,0.922,1,6,0.940,0.834,0.959,0.922,3,6
300929,300929.TIF,0.949,0.873,0.974,0.925,2,6,0.955,0.848,0.974,0.938,2,5
300930,300930.TIF,0.886,0.874,0.951,0.830,2,8,0.876,0.857,0.929,0.830,3,8
300931,300931.TIF,0.936,0.879,0.978,0.898,1,5,0.926,0.850,0.957,0.898,2,5
300932,300932.TIF,0.939,0.872,0.964,0.915,2,5,0.914,0.852,0.930,0.898,4,6
300933,300933.TIF,0.934,0.855,0.990,0.884,1,13,0.915,0.838,0.970,0.866,3,15
300934,300934.TIF,0.867,0.848,0.961,0.790,2,13,0.824,0.819,0.860,0.790,8,13
300935,300935.TIF,0.813,0.845,0.929,0.722,2,10,0.825,0.827,0.963,0.722,1,10
300936,300936.TIF,0.879,0.873,0.938,0.826,5,16,0.859,0.840,0.859,0.859,13,13
300937,300937.TIF,0.920,0.869,0.980,0.867,2,15,0.911,0.836,0.970,0.858,3,16
300938,300938.TIF,0.909,0.887,1.000,0.833,0,20,0.873,0.861,0.960,0.800,4,24
300939,300939.TIF,0.925,0.874,0.990,0.868,1,15,0.925,0.843,0.990,0.868,1,15
300940,300940.TIF,0.965,0.861,0.976,0.954,2,4,0.943,0.842,0.943,0.943,5,5
300941,300941.TIF,0.961,0.893,0.987,0.937,1,5,0.968,0.862,0.974,0.962,2,3
300942,300942.TIF,0.953,0.881,0.932,0.976,3,1,0.930,0.859,0.909,0.952,4,2
300943,300943.TIF,0.909,0.867,1.000,0.833,0,2,0.917,0.826,0.917,0.917,1,1
300946,300946.TIF,1.000,0.889,1.000,1.000,0,0,1.000,0.844,1.000,1.000,0,0
300950,300950.TIF,0.965,0.876,0.976,0.953,1,2,0.965,0.826,0.976,0.953,1,2
300951,300951.TIF,0.970,0.870,0.988,0.953,1,4,0.941,0.830,0.952,0.930,4,6
300952,300952.TIF,0.987,0.869,0.987,0.987,1,1,0.942,0.847,0.948,0.936,4,5
300953,300953.TIF,0.880,0.856,0.880,0.880,3,3,0.863,0.817,0.846,0.880,4,3
300954,300954.TIF,0.846,0.843,0.786,0.917,3,1,0.545,0.815,0.600,0.500,4,6
300955,300955.TIF,0.921,0.877,0.906,0.935,6,4,0.951,0.841,0.967,0.935,2,4
300956,300956.TIF,0.967,0.860,0.989,0.946,1,5,0.933,0.833,0.955,0.913,4,8
300957,300957.TIF,0.898,0.877,0.929,0.868,6,12,0.870,0.845,0.860,0.879,13,11
300958,300958.TIF,0.922,0.888,1.000,0.855,0,17,0.922,0.860,1.000,0.855,0,17
300959,300959.TIF,0.902,0.873,0.970,0.843,3,18,0.884,0.851,0.950,0.826,5,20
300960,300960.TIF,0.930,0.871,1.000,0.870,0,15,0.912,0.843,0.980,0.852,2,17
300961,300961.TIF,0.966,0.882,1.000,0.935,0,7,0.966,0.848,1.000,0.935,0,7
300962,300962.TIF,0.971,0.871,0.990,0.952,1,5,0.922,0.855,0.940,0.904,6,10
300963,300963.TIF,0.953,0.889,0.944,0.962,3,2,0.917,0.859,0.893,0.943,6,3
300965,300965.TIF,1.000,0.887,1.000,1.000,0,0,1.000,0.910,1.000,1.000,0,0
300966,300966.TIF,1.000,0.870,1.000,1.000,0,0,1.000,0.894,1.000,1.000,0,0
300970,300970.TIF,0.667,0.886,0.667,0.667,1,1,0.800,0.830,1.000,0.667,0,1
300972,300972.TIF,0.889,0.857,0.909,0.870,2,3,0.917,0.801,0.880,0.957,3,1
300973,300973.TIF,0.937,0.872,0.947,0.927,5,7,0.928,0.839,0.918,0.938,8,6
300974,300974.TIF,0.948,0.886,1.000,0.901,0,11,0.919,0.856,0.970,0.874,3,14
300975,300975.TIF,0.916,0.876,0.942,0.891,3,6,0.944,0.853,0.962,0.927,2,4
300977,300977.TIF,1.000,0.859,1.000,1.000,0,0,1.000,0.817,1.000,1.000,0,0
300978,300978.TIF,0.968,0.876,0.968,0.968,2,2,0.960,0.843,0.968,0.952,2,3
300979,300979.TIF,0.918,0.872,0.947,0.891,5,11,0.896,0.843,0.900,0.891,10,11
300980,300980.TIF,0.919,0.881,0.970,0.874,3,14,0.919,0.845,0.970,0.874,3,14
300981,300981.TIF,0.867,0.875,0.980,0.778,2,28,0.867,0.854,0.980,0.778,2,28
300982,300982.TIF,0.880,0.889,0.990,0.792,1,26,0.889,0.856,1.000,0.800,0,25
300983,300983.TIF,0.903,0.888,0.980,0.838,2,19,0.912,0.856,0.990,0.846,1,18
300984,300984.TIF,0.881,0.893,1.000,0.787,0,27,0.863,0.869,0.980,0.772,2,29
300985,300985.TIF,0.949,0.869,0.970,0.929,2,5,0.943,0.853,0.943,0.943,4,4
300986,300986.TIF,0.909,0.831,1.000,0.833,0,1,0.909,0.793,1.000,0.833,0,1
300987,300987.TIF,1.000,0.817,1.000,1.000,0,0,1.000,0.809,1.000,1.000,0,0
300989,300989.TIF,0.667,0.876,1.000,0.500,0,1,0.667,0.814,1.000,0.500,0,1
300990,300990.TIF,1.000,0.845,1.000,1.000,0,0,1.000,0.763,1.000,1.000,0,0
300993,300993.TIF,1.000,0.866,1.000,1.000,0,0,1.000,0.884,1.000,1.000,0,0
300994,300994.TIF,0.952,0.875,1.000,0.909,0,2,0.930,0.815,0.952,0.909,1,2
300995,300995.TIF,0.890,0.875,0.970,0.822,3,21,0.899,0.844,0.980,0.831,2,20
300996,300996.TIF,0.941,0.874,0.960,0.923,4,8,0.912,0.832,0.930,0.894,7,11
300997,300997.TIF,0.967,0.869,1.000,0.937,0,5,0.961,0.838,0.987,0.937,1,5
300998,300998.TIF,0.800,0.874,1.000,0.667,0,2,0.800,0.807,1.000,0.667,0,2
310100,310100.TIF,0.943,0.882,0.961,0.925,3,6,0.942,0.839,0.973,0.912,2,7
310101,310101.TIF,0.982,0.878,1.000,0.966,0,1,0.964,0.862,1.000,0.931,0,2
310106,310106.TIF,1.000,0.704,1.000,1.000,0,0,0.500,0.614,0.333,1.000,2,0
310107,310107.TIF,1.000,0.907,1.000,1.000,0,0,0.545,0.849,0.500,0.600,3,2
310108,310108.TIF,0.667,0.866,0.500,1.000,3,0,0.750,0.907,0.600,1.000,2,0
310109,310109.TIF,0.750,0.832,0.600,1.000,4,0,0.833,0.923,0.833,0.833,1,1
310110,310110.TIF,1.000,0.944,1.000,1.000,0,0,1.000,0.919,1.000,1.000,0,0
310111,310111.TIF,0.962,0.873,0.962,0.962,1,1,0.902,0.840,0.920,0.885,2,3
310112,310112.TIF,0.842,0.832,0.889,0.800,3,6,0.836,0.847,0.920,0.767,2,7
310113,310113.TIF,0.896,0.830,0.968,0.833,1,6,0.706,0.799,0.750,0.667,8,12
310114,310114.TIF,0.867,0.876,0.897,0.839,3,5,0.806,0.849,0.806,0.806,6,6
310115,310115.TIF,0.842,0.907,0.800,0.889,2,1,0.889,0.883,0.889,0.889,1,1
310116,310116.TIF,0.889,0.816,1.000,0.800,0,1,0.667,0.917,0.750,0.600,1,2
310117,310117.TIF,0.933,0.897,0.977,0.894,1,5,0.913,0.846,0.933,0.894,3,5
310118,310118.TIF,0.969,0.879,1.000,0.939,0,2,0.985,0.843,1.000,0.970,0,1
310119,310119.TIF,0.874,0.859,0.849,0.900,8,5,0.824,0.836,0.808,0.840,10,8
310120,310120.TIF,0.846,0.896,0.917,0.786,1,3,0.786,0.841,0.786,0.786,3,3
310122,310122.TIF,0.571,0.915,0.500,0.667,2,1,0.571,0.930,0.500,0.667,2,1
310123,310123.TIF,0.833,0.901,0.833,0.833,1,1,0.857,0.850,0.750,1.000,2,0
310124,310124.TIF,0.857,0.922,0.750,1.000,2,0,0.800,0.939,1.000,0.667,0,2
310125,310125.TIF,0.720,0.885,0.643,0.818,5,2,0.727,0.883,0.727,0.727,3,3
310126,310126.TIF,0.952,0.901,1.000,0.909,0,1,0.870,0.902,0.833,0.909,2,1
310127,310127.TIF,0.867,0.915,0.812,0.929,3,1,0.813,0.898,0.722,0.929,5,1
310128,310128.TIF,0.955,0.885,0.970,0.941,2,4,0.912,0.845,0.912,0.912,6,6
310129,310129.TIF,0.917,0.889,1.000,0.847,0,18,0.917,0.862,1.000,0.847,0,18
310130,310130.TIF,0.856,0.895,0.980,0.760,2,31,0.865,0.866,0.990,0.767,1,30
310131,310131.TIF,0.923,0.882,0.960,0.889,4,12,0.942,0.861,0.980,0.907,2,10
310132,310132.TIF,0.867,0.883,0.867,0.867,6,6,0.899,0.863,0.909,0.889,4,5
310133,310133.TIF,0.750,0.879,0.750,0.750,7,7,0.667,0.876,1.000,0.500,0,14
310134,310134.TIF,0.889,0.826,0.941,0.842,1,3,0.914,0.820,1.000,0.842,0,3
310135,310135.TIF,1.000,0.870,1.000,1.000,0,0,1.000,0.820,1.000,1.000,0,0
310136,310136.TIF,0.698,0.877,0.833,0.600,3,10,0.784,0.769,0.769,0.800,6,5
310137,310137.TIF,0.800,0.884,0.909,0.714,1,4,0.720,0.823,0.818,0.643,2,5
310138,310138.TIF,0.857,0.919,1.000,0.750,0,1,0.667,0.950,1.000,0.500,0,2
310139,310139.TIF,0.667,0.852,0.615,0.727,5,3,0.667,0.885,0.700,0.636,3,4
310140,310140.TIF,0.966,0.892,0.933,1.000,1,0,0.923,0.902,1.000,0.857,0,2
310141,310141.TIF,1.000,0.913,1.000,1.000,0,0,0.909,0.919,1.000,0.833,0,2
310142,310142.TIF,0.875,0.907,0.875,0.875,1,1,0.933,0.899,1.000,0.875,0,1
310143,310143.TIF,0.978,0.907,0.957,1.000,1,0,1.000,0.879,1.000,1.000,0,0
310144,310144.TIF,0.927,0.899,0.884,0.974,5,1,0.907,0.847,0.830,1.000,8,0
310145,310145.TIF,0.928,0.895,0.960,0.897,4,11,0.899,0.855,0.930,0.869,7,14
310146,310146.TIF,0.912,0.892,0.990,0.846,1,18,0.903,0.857,0.980,0.838,2,19
310147,310147.TIF,0.890,0.906,0.970,0.822,3,21,0.881,0.864,0.960,0.814,4,22
310148,310148.TIF,0.946,0.889,0.946,0.946,5,5,0.935,0.865,0.945,0.925,5,7
310149,310149.TIF,0.897,0.878,0.953,0.847,3,11,0.865,0.844,0.884,0.847,8,11
310150,310150.TIF,0.864,0.891,0.927,0.809,3,9,0.857,0.864,0.973,0.766,1,11
310151,310151.TIF,0.942,0.870,0.980,0.907,1,5,0.893,0.838,0.939,0.852,3,8
310152,310152.TIF,0.900,0.869,0.931,0.871,2,4,0.918,0.830,0.933,0.903,2,3
310153,310153.TIF,0.800,0.906,0.667,1.000,1,0,0.800,0.935,0.667,1.000,1,0
310155,310155.TIF,0.667,0.701,1.000,0.500,0,1,0.667,0.626,1.000,0.500,0,1
310156,310156.TIF,0.818,0.845,0.818,0.818,2,2,0.700,0.839,0.778,0.636,2,4
310157,310157.TIF,0.947,0.888,0.900,1.000,1,0,1.000,0.900,1.000,1.000,0,0
310158,310158.TIF,0.833,0.907,0.882,0.789,2,4,0.857,0.894,0.938,0.789,1,4
310159,310159.TIF,0.872,0.863,0.895,0.850,2,3,0.857,0.865,1.000,0.750,0,5
310160,310160.TIF,0.953,0.910,0.981,0.927,1,4,0.945,0.868,0.945,0.945,3,3
310161,310161.TIF,0.945,0.896,0.989,0.904,1,10,0.931,0.856,0.950,0.913,5,9
310162,310162.TIF,0.950,0.890,0.979,0.922,2,8,0.926,0.857,0.940,0.913,6,9
310163,310163.TIF,0.908,0.900,1.000,0.832,0,16,0.910,0.848,0.976,0.853,2,14
310164,310164.TIF,0.905,0.896,1.000,0.826,0,21,0.878,0.854,0.970,0.802,3,24
310165,310165.TIF,0.948,0.900,1.000,0.901,0,11,0.938,0.874,0.990,0.892,1,12
310166,310166.TIF,0.986,0.909,0.986,0.986,1,1,0.972,0.889,0.972,0.972,2,2
310167,310167.TIF,0.984,0.910,1.000,0.969,0,1,0.923,0.885,0.909,0.938,3,2
310168,310168.TIF,0.923,0.903,0.889,0.960,3,1,0.923,0.859,0.889,0.960,3,1
310169,310169.TIF,0.968,0.871,0.938,1.000,1,0,0.938,0.853,0.882,1.000,2,0
310170,310170.TIF,0.800,0.877,0.667,1.000,1,0,1.000,0.795,1.000,1.000,0,0
310173,310173.TIF,0.833,0.883,0.833,0.833,1,1,0.667,0.859,0.667,0.667,2,2
310174,310174.TIF,1.000,0.890,1.000,1.000,0,0,0.833,0.878,1.000,0.714,0,2
310175,310175.TIF,1.000,0.908,1.000,1.000,0,0,0.923,0.935,1.000,0.857,0,1
310176,310176.TIF,0.920,0.875,0.976,0.870,1,6,0.884,0.832,0.950,0.826,2,8
310177,310177.TIF,0.944,0.892,1.000,0.894,0,11,0.931,0.856,0.950,0.913,5,9
310178,310178.TIF,0.930,0.909,1.000,0.870,0,15,0.921,0.868,0.990,0.861,1,16
310179,310179.TIF,0.866,0.909,1.000,0.763,0,31,0.866,0.874,1.000,0.763,0,31
310180,310180.TIF,0.944,0.898,0.979,0.912,2,9,0.939,0.850,0.979,0.902,2,10
310181,310181.TIF,0.835,0.912,0.990,0.723,1,38,0.827,0.878,0.980,0.715,2,39
310182,310182.TIF,0.959,0.889,0.979,0.940,1,3,0.950,0.851,0.941,0.960,3,2
310183,310183.TIF,1.000,0.895,1.000,1.000,0,0,0.957,0.918,1.000,0.917,0,1
310184,310184.TIF,0.870,0.883,0.833,0.909,2,1,0.737,0.833,0.875,0.636,1,4
310185,310185.TIF,0.737,0.901,0.778,0.700,2,3,0.471,0.914,0.571,0.400,3,6
310186,310186.TIF,0.750,0.895,1.000,0.600,0,2,0.750,0.929,1.000,0.600,0,2
310189,310189.TIF,0.909,0.868,0.833,1.000,1,0,0.750,0.803,1.000,0.600,0,2
310190,310190.TIF,0.609,0.833,0.609,0.609,9,9,0.571,0.839,0.833,0.435,2,13
310191,310191.TIF,0.800,0.840,0.857,0.750,2,4,0.815,0.825,1.000,0.688,0,5
310192,310192.TIF,0.896,0.848,0.909,0.882,3,4,0.737,0.831,0.913,0.618,2,13
310193,310193.TIF,0.949,0.904,1.000,0.903,0,6,0.932,0.863,0.982,0.887,1,7
310194,310194.TIF,0.927,0.900,0.965,0.892,3,10,0.941,0.843,0.936,0.946,6,5
310195,310195.TIF,0.931,0.883,0.964,0.900,3,9,0.932,0.829,0.953,0.911,4,8
310196,310196.TIF,0.949,0.898,0.979,0.922,2,8,0.911,0.861,0.920,0.902,8,10
310197,310197.TIF,0.946,0.904,1.000,0.898,0,11,0.952,0.860,0.990,0.917,1,9
310198,310198.TIF,0.909,0.896,1.000,0.833,0,20,0.900,0.868,0.990,0.825,1,21
310199,310199.TIF,0.897,0.887,0.929,0.867,2,4,0.929,0.830,1.000,0.867,0,4
310200,310200.TIF,0.909,0.844,0.833,1.000,1,0,1.000,0.859,1.000,1.000,0,0
310201,310201.TIF,1.000,0.928,1.000,1.000,0,0,1.000,0.855,1.000,1.000,0,0
310202,310202.TIF,1.000,0.925,1.000,1.000,0,0,0.769,0.837,0.714,0.833,2,1
310203,310203.TIF,1.000,0.947,1.000,1.000,0,0,1.000,0.963,1.000,1.000,0,0
310206,310206.TIF,0.545,0.841,0.375,1.000,5,0,0.500,0.768,0.400,0.667,3,1
310207,310207.TIF,0.588,0.777,0.500,0.714,5,2,0.429,0.879,0.429,0.429,4,4
310208,310208.TIF,0.909,0.814,1.000,0.833,0,2,0.696,0.752,0.727,0.667,3,4
310209,310209.TIF,0.927,0.861,0.962,0.894,3,9,0.921,0.812,0.950,0.894,4,9
310210,310210.TIF,0.883,0.882,0.980,0.803,2,24,0.901,0.846,1.000,0.820,0,22
310211,310211.TIF,0.907,0.890,0.980,0.845,2,18,0.889,0.845,0.960,0.828,4,20
310212,310212.TIF,0.915,0.886,0.978,0.858,2,15,0.936,0.852,0.979,0.896,2,11
310213,310213.TIF,0.876,0.890,0.964,0.802,3,20,0.844,0.857,0.890,0.802,10,20
310214,310214.TIF,0.899,0.877,0.976,0.833,2,16,0.876,0.822,0.910,0.844,8,15
310215,310215.TIF,0.938,0.874,0.990,0.892,1,12,0.948,0.850,1.000,0.901,0,11
310216,310216.TIF,0.954,0.872,1.000,0.912,0,3,0.925,0.830,0.939,0.912,2,3
310217,310217.TIF,1.000,0.931,1.000,1.000,0,0,0.000,0.000,0.000,0.000,1,1
310218,310218.TIF,1.000,0.907,1.000,1.000,0,0,0.800,0.943,1.000,0.667,0,1
310219,310219.TIF,0.875,0.903,0.933,0.824,1,3,0.848,0.891,0.875,0.824,2,3
310220,310220.TIF,0.909,0.885,1.000,0.833,0,2,0.909,0.896,1.000,0.833,0,2
310222,310222.TIF,0.800,0.929,1.000,0.667,0,1,0.800,0.914,1.000,0.667,0,1
310223,310223.TIF,0.600,0.890,0.500,0.750,6,2,0.429,0.870,0.500,0.375,3,5
310224,310224.TIF,0.500,0.866,0.333,1.000,6,0,0.750,0.877,0.600,1.000,2,0
310225,310225.TIF,0.667,0.955,0.500,1.000,1,0,1.000,0.924,1.000,1.000,0,0
310226,310226.TIF,0.938,0.889,0.974,0.905,2,8,0.951,0.842,0.975,0.929,2,6
310227,310227.TIF,0.851,0.886,0.970,0.758,3,31,0.842,0.843,0.960,0.750,4,32
310228,310228.TIF,0.926,0.883,0.978,0.880,2,12,0.933,0.827,0.968,0.900,3,10
310229,310229.TIF,0.922,0.894,0.959,0.887,2,6,0.942,0.838,0.961,0.925,2,4
310230,310230.TIF,0.957,0.917,0.982,0.932,1,4,0.974,0.847,1.000,0.949,0,3
310231,310231.TIF,0.940,0.891,0.984,0.900,1,7,0.905,0.851,0.925,0.886,5,8
310232,310232.TIF,0.932,0.872,1.000,0.873,0,13,0.944,0.836,0.989,0.902,1,10
310233,310233.TIF,0.885,0.894,1.000,0.794,0,26,0.885,0.863,1.000,0.794,0,26
310234,310234.TIF,0.892,0.883,0.904,0.880,7,9,0.919,0.834,0.932,0.907,5,7
310235,310235.TIF,1.000,0.883,1.000,1.000,0,0,0.889,0.873,0.923,0.857,1,2
310236,310236.TIF,0.952,0.888,1.000,0.909,0,1,0.909,0.849,0.909,0.909,1,1
310237,310237.TIF,0.947,0.877,0.900,1.000,1,0,0.824,0.823,0.875,0.778,1,2
310239,310239.TIF,0.667,0.959,1.000,0.500,0,1,0.667,0.960,1.000,0.500,0,1
310240,310240.TIF,1.000,0.956,1.000,1.000,0,0,1.000,0.968,1.000,1.000,0,0
310241,310241.TIF,0.800,0.927,0.667,1.000,1,0,1.000,0.854,1.000,1.000,0,0
310242,310242.TIF,1.000,0.978,1.000,1.000,0,0,1.000,0.875,1.000,1.000,0,0
310243,310243.TIF,0.940,0.884,0.979,0.904,1,5,0.971,0.823,0.980,0.962,1,2
310244,310244.TIF,0.949,0.868,1.000,0.903,0,6,0.942,0.820,0.966,0.919,2,5
310245,310245.TIF,1.000,0.867,1.000,1.000,0,0,0.947,0.778,0.900,1.000,1,0
310246,310246.TIF,0.500,0.856,0.600,0.429,2,4,0.727,0.860,1.000,0.571,0,3
310247,310247.TIF,0.875,0.879,1.000,0.778,0,2,0.800,0.845,1.000,0.667,0,3
310248,310248.TIF,0.900,0.878,0.857,0.947,3,1,0.778,0.857,0.824,0.737,3,5
310249,310249.TIF,0.913,0.876,0.983,0.853,1,10,0.906,0.816,0.967,0.853,2,10
310250,310250.TIF,0.833,0.895,1.000,0.714,0,40,0.825,0.859,0.990,0.707,1,41
310251,310251.TIF,0.825,0.888,0.990,0.707,1,41,0.817,0.845,0.980,0.700,2,42
310252,310252.TIF,0.937,0.882,0.961,0.914,3,7,0.887,0.854,0.899,0.877,8,10
310253,310253.TIF,0.957,0.854,0.957,0.957,1,1,0.909,0.837,0.952,0.870,1,3
310254,310254.TIF,0.667,0.682,0.667,0.667,1,1,0.667,0.761,0.667,0.667,1,1
310257,310257.TIF,0.400,0.932,0.250,1.000,6,0,0.286,0.823,0.200,0.500,4,1
310258,310258.TIF,1.000,0.868,1.000,1.000,0,0,0.400,0.941,0.500,0.333,1,2
310260,310260.TIF,0.973,0.881,0.947,1.000,1,0,0.971,0.811,1.000,0.944,0,1
310261,310261.TIF,1.000,0.910,1.000,1.000,0,0,0.900,0.846,0.900,0.900,1,1
310263,310263.TIF,0.000,0.000,0.000,0.000,0,1,0.000,0.000,0.000,0.000,0,1
310264,310264.TIF,0.667,0.894,1.000,0.500,0,1,1.000,0.834,1.000,1.000,0,0
310265,310265.TIF,0.886,0.900,0.875,0.897,5,4,0.875,0.834,0.854,0.897,6,4
310266,310266.TIF,0.953,0.886,0.947,0.959,4,3,0.947,0.835,0.934,0.959,5,3
310267,310267.TIF,0.937,0.859,0.960,0.914,4,9,0.917,0.827,0.940,0.895,6,11
310268,310268.TIF,0.929,0.859,0.903,0.956,7,3,0.901,0.831,0.865,0.941,10,4
310269,310269.TIF,0.942,0.870,0.964,0.920,3,7,0.947,0.831,0.976,0.920,2,7
310270,310270.TIF,0.928,0.861,0.921,0.935,5,4,0.905,0.831,0.891,0.919,7,5
310271,310271.TIF,1.000,0.923,1.000,1.000,0,0,1.000,0.908,1.000,1.000,0,0
310274,310274.TIF,1.000,0.900,1.000,1.000,0,0,1.000,0.873,1.000,1.000,0,0
310275,310275.TIF,1.000,0.965,1.000,1.000,0,0,1.000,0.914,1.000,1.000,0,0
310281,310281.TIF,1.000,0.839,1.000,1.000,0,0,1.000,0.671,1.000,1.000,0,0
310282,310282.TIF,0.941,0.870,0.955,0.928,3,5,0.915,0.833,0.890,0.942,8,4
310283,310283.TIF,0.979,0.886,0.989,0.969,1,3,0.963,0.856,0.979,0.948,2,5
310284,310284.TIF,0.941,0.890,0.969,0.913,3,9,0.951,0.858,0.970,0.933,3,7
310285,310285.TIF,0.919,0.884,0.969,0.873,2,9,0.906,0.846,0.926,0.887,5,8
310286,310286.TIF,0.937,0.886,0.974,0.902,1,4,0.914,0.853,0.925,0.902,3,4
310287,310287.TIF,0.966,0.899,0.986,0.946,1,4,0.954,0.861,0.935,0.973,5,2
310288,310288.TIF,0.955,0.914,0.955,0.955,1,1,0.977,0.893,1.000,0.955,0,1
310289,310289.TIF,0.400,0.756,0.500,0.333,1,2,0.500,0.698,1.000,0.333,0,2
310290,310290.TIF,0.900,0.812,1.000,0.818,0,2,0.842,0.768,1.000,0.727,0,3
310299,310299.TIF,0.919,0.881,0.944,0.895,1,2,0.889,0.837,0.941,0.842,1,3
310300,310300.TIF,0.962,0.898,0.984,0.940,1,4,0.938,0.878,0.968,0.910,2,6
310301,310301.TIF,0.935,0.881,0.956,0.916,4,8,0.910,0.851,0.915,0.905,8,9
310302,310302.TIF,0.852,0.887,0.980,0.754,2,32,0.861,0.852,0.990,0.762,1,31
310303,310303.TIF,0.955,0.878,0.969,0.941,3,6,0.955,0.836,0.960,0.950,4,5
310304,310304.TIF,0.946,0.878,0.936,0.957,6,4,0.903,0.836,0.894,0.913,10,8
310305,310305.TIF,0.930,0.898,0.917,0.943,3,2,0.873,0.862,0.861,0.886,5,4
310306,310306.TIF,0.800,0.752,0.800,0.800,1,1,0.500,0.834,0.667,0.400,1,3
310307,310307.TIF,0.824,0.833,0.933,0.737,1,5,0.727,0.784,0.857,0.632,2,7
310316,310316.TIF,0.667,0.947,1.000,0.500,0,1,0.667,0.778,1.000,0.500,0,1
310317,310317.TIF,0.950,0.923,0.974,0.927,1,3,0.927,0.896,0.927,0.927,3,3
310318,310318.TIF,0.968,0.890,0.987,0.949,1,4,0.975,0.874,0.975,0.975,2,2
310319,310319.TIF,0.889,0.881,1.000,0.800,0,25,0.880,0.847,0.990,0.792,1,26
310320,310320.TIF,0.897,0.878,1.000,0.813,0,23,0.888,0.848,0.990,0.805,1,24
310321,310321.TIF,0.951,0.873,0.980,0.925,2,8,0.932,0.843,0.960,0.906,4,10
310322,310322.TIF,0.921,0.854,0.897,0.946,4,2,0.904,0.844,0.917,0.892,3,4
310324,310324.TIF,1.000,0.890,1.000,1.000,0,0,1.000,0.923,1.000,1.000,0,0
310325,310325.TIF,0.667,0.863,1.000,0.500,0,1,0.667,0.911,1.000,0.500,0,1
310334,310334.TIF,0.968,0.900,1.000,0.938,0,1,0.903,0.884,0.933,0.875,1,2
310335,310335.TIF,0.990,0.911,0.980,1.000,1,0,0.970,0.896,0.942,1.000,3,0
310336,310336.TIF,0.943,0.875,0.954,0.933,4,6,0.926,0.836,0.942,0.910,5,8
310337,310337.TIF,0.873,0.868,1.000,0.775,0,29,0.873,0.838,1.000,0.775,0,29
310338,310338.TIF,0.955,0.858,0.960,0.950,4,5,0.930,0.837,0.930,0.930,7,7
310339,310339.TIF,1.000,0.820,1.000,1.000,0,0,0.950,0.852,0.950,0.950,1,1
310340,310340.TIF,0.667,0.820,1.000,0.500,0,1,0.667,0.912,1.000,0.500,0,1
310341,310341.TIF,0.833,0.837,0.833,0.833,1,1,0.727,0.816,0.800,0.667,1,2
310342,310342.TIF,0.889,0.895,0.889,0.889,1,1,0.941,0.862,1.000,0.889,0,1
310350,310350.TIF,1.000,0.919,1.000,1.000,0,0,1.000,0.954,1.000,1.000,0,0
310351,310351.TIF,1.000,0.888,1.000,1.000,0,0,1.000,0.817,1.000,1.000,0,0
310352,310352.TIF,1.000,0.819,1.000,1.000,0,0,0.947,0.800,0.900,1.000,1,0
310353,310353.TIF,0.915,0.886,0.878,0.956,6,2,0.933,0.856,0.933,0.933,3,3
310354,310354.TIF,0.950,0.887,0.950,0.950,4,4,0.963,0.845,0.963,0.963,3,3
310355,310355.TIF,0.966,0.872,0.986,0.947,1,4,0.920,0.840,0.920,0.920,6,6
310356,310356.TIF,1.000,0.851,1.000,1.000,0,0,0.884,0.852,0.905,0.864,2,3
310357,310357.TIF,0.545,0.885,0.667,0.462,3,7,0.632,0.879,1.000,0.462,0,7
310358,310358.TIF,0.800,0.860,0.750,0.857,2,1,0.769,0.847,0.833,0.714,1,2
310359,310359.TIF,0.667,0.866,1.000,0.500,0,2,0.400,0.885,1.000,0.250,0,3
310360,310360.TIF,1.000,0.875,1.000,1.000,0,0,0.667,0.628,1.000,0.500,0,1
310367,310367.TIF,0.923,0.860,0.857,1.000,2,0,0.833,0.840,0.833,0.833,2,2
310368,310368.TIF,1.000,0.862,1.000,1.000,0,0,0.882,0.826,0.833,0.938,3,1
310369,310369.TIF,0.903,0.862,0.824,1.000,3,0,0.813,0.850,0.722,0.929,5,1
310370,310370.TIF,0.972,0.885,0.972,0.972,1,1,0.946,0.861,0.921,0.972,3,1
310371,310371.TIF,0.968,0.885,1.000,0.938,0,2,0.921,0.858,0.935,0.906,2,3
310372,310372.TIF,1.000,0.907,1.000,1.000,0,0,0.933,0.843,1.000,0.875,0,1
310373,310373.TIF,1.000,0.899,1.000,1.000,0,0,1.000,0.847,1.000,1.000,0,0
310374,310374.TIF,0.800,0.868,1.000,0.667,0,1,0.667,0.890,0.667,0.667,1,1
310375,310375.TIF,1.000,0.927,1.000,1.000,0,0,1.000,0.912,1.000,1.000,0,0
310376,310376.TIF,0.000,0.000,0.000,0.000,0,2,0.000,0.000,0.000,0.000,0,2
310377,310377.TIF,0.500,0.907,1.000,0.333,0,4,0.250,0.920,0.500,0.167,1,5
310378,310378.TIF,0.286,0.957,1.000,0.167,0,5,0.500,0.875,1.000,0.333,0,4
310382,310382.TIF,0.800,0.788,1.000,0.667,0,1,0.800,0.758,1.000,0.667,0,1
310383,310383.TIF,1.000,0.897,1.000,1.000,0,0,0.889,0.886,1.000,0.800,0,1
310384,310384.TIF,0.955,0.899,1.000,0.913,0,2,0.955,0.859,1.000,0.913,0,2
310385,310385.TIF,0.955,0.881,0.977,0.933,1,3,0.945,0.864,0.935,0.956,3,2
310386,310386.TIF,0.970,0.916,0.961,0.980,2,1,0.933,0.896,0.891,0.980,6,1
310387,310387.TIF,0.966,0.907,0.935,1.000,3,0,0.944,0.879,0.913,0.977,4,1
310388,310388.TIF,0.956,0.908,0.956,0.956,2,2,0.926,0.886,0.880,0.978,6,1
310389,310389.TIF,1.000,0.897,1.000,1.000,0,0,0.941,0.837,0.889,1.000,1,0
310390,310390.TIF,1.000,0.896,1.000,1.000,0,0,1.000,0.905,1.000,1.000,0,0
310391,310391.TIF,1.000,0.814,1.000,1.000,0,0,0.800,0.844,1.000,0.667,0,1
310392,310392.TIF,0.667,0.802,0.500,1.000,3,0,0.400,0.910,0.500,0.333,1,2
310394,310394.TIF,0.750,0.848,1.000,0.600,0,6,0.815,0.819,0.917,0.733,1,4
310395,310395.TIF,0.786,0.833,0.786,0.786,3,3,0.846,0.783,0.917,0.786,1,3
310396,310396.TIF,0.667,0.876,0.667,0.667,1,1,0.800,0.847,1.000,0.667,0,1
310397,310397.TIF,1.000,0.882,1.000,1.000,0,0,1.000,0.913,1.000,1.000,0,0
310398,310398.TIF,1.000,0.930,1.000,1.000,0,0,0.667,0.960,0.500,1.000,1,0
310399,310399.TIF,0.923,0.816,1.000,0.857,0,1,0.857,0.769,0.857,0.857,1,1
310400,310400.TIF,0.778,0.889,0.778,0.778,2,2,0.875,0.860,1.000,0.778,0,2
310401,310401.TIF,0.885,0.914,0.885,0.885,3,3,0.885,0.871,0.885,0.885,3,3
310402,310402.TIF,0.909,0.914,0.932,0.887,4,7,0.876,0.900,0.898,0.855,6,9
310403,310403.TIF,0.969,0.921,0.984,0.954,1,3,0.954,0.887,0.954,0.954,3,3
310404,310404.TIF,0.941,0.924,0.941,0.941,2,2,0.928,0.895,0.914,0.941,3,2
310405,310405.TIF,1.000,0.920,1.000,1.000,0,0,0.870,0.860,0.769,1.000,3,0
310406,310406.TIF,1.000,0.929,1.000,1.000,0,0,0.952,0.910,0.909,1.000,1,0
310407,310407.TIF,0.933,0.922,1.000,0.875,0,1,1.000,0.892,1.000,1.000,0,0
310408,310408.TIF,0.800,0.902,0.667,1.000,1,0,0.444,0.904,0.286,1.000,5,0
310409,310409.TIF,0.857,0.915,0.750,1.000,1,0,0.800,0.893,1.000,0.667,0,1
310411,310411.TIF,0.857,0.904,0.750,1.000,2,0,0.909,0.802,1.000,0.833,0,1
310412,310412.TIF,0.846,0.878,0.786,0.917,3,1,0.880,0.856,0.846,0.917,2,1
310413,310413.TIF,0.923,0.830,1.000,0.857,0,1,0.833,0.824,1.000,0.714,0,2
310414,310414.TIF,1.000,0.809,1.000,1.000,0,0,1.000,0.729,1.000,1.000,0,0
310415,310415.TIF,1.000,0.890,1.000,1.000,0,0,0.857,0.856,1.000,0.750,0,1
310417,310417.TIF,0.857,0.798,1.000,0.750,0,1,0.571,0.910,0.667,0.500,1,2
310418,310418.TIF,0.889,0.861,0.800,1.000,1,0,0.889,0.851,0.800,1.000,1,0
310419,310419.TIF,0.886,0.914,0.838,0.939,6,2,0.896,0.908,0.882,0.909,4,3
310420,310420.TIF,0.986,0.902,0.972,1.000,1,0,0.957,0.882,0.971,0.943,1,2
310421,310421.TIF,0.957,0.870,0.917,1.000,1,0,1.000,0.872,1.000,1.000,0,0
310422,310422.TIF,1.000,0.868,1.000,1.000,0,0,1.000,0.833,1.000,1.000,0,0
310424,310424.TIF,1.000,0.834,1.000,1.000,0,0,1.000,0.829,1.000,1.000,0,0
310425,310425.TIF,0.667,0.933,1.000,0.500,0,1,0.286,0.941,0.200,0.500,4,1
310426,310426.TIF,0.800,0.875,1.000,0.667,0,1,0.800,0.874,1.000,0.667,0,1
310428,310428.TIF,0.833,0.774,1.000,0.714,0,2,0.923,0.805,1.000,0.857,0,1
310429,310429.TIF,0.941,0.860,1.000,0.889,0,2,0.909,0.826,1.000,0.833,0,3
310430,310430.TIF,0.963,0.823,1.000,0.929,0,1,0.889,0.799,0.923,0.857,1,2
310431,310431.TIF,1.000,0.870,1.000,1.000,0,0,0.875,0.802,0.875,0.875,1,1
310432,310432.TIF,0.800,0.736,1.000,0.667,0,1,0.500,0.680,1.000,0.333,0,2
310436,310436.TIF,1.000,0.641,1.000,1.000,0,0,0.000,0.000,0.000,0.000,0,1
310437,310437.TIF,0.667,0.773,1.000,0.500,0,2,0.667,0.788,1.000,0.500,0,2
310438,310438.TIF,0.818,0.869,0.692,1.000,4,0,0.818,0.902,0.692,1.000,4,0
310439,310439.TIF,0.909,0.918,1.000,0.833,0,1,0.909,0.881,1.000,0.833,0,1
310442,310442.TIF,0.818,0.839,0.818,0.818,2,2,0.762,0.832,0.800,0.727,2,3
310443,310443.TIF,1.000,0.841,1.000,1.000,0,0,0.800,0.781,1.000,0.667,0,2
310444,310444.TIF,0.857,0.803,1.000,0.750,0,2,0.714,0.830,0.833,0.625,1,3
310445,310445.TIF,0.857,0.831,0.818,0.900,2,1,0.667,0.823,0.750,0.600,2,4
310446,310446.TIF,0.778,0.868,0.875,0.700,1,3,0.800,0.836,0.800,0.800,2,2
310448,310448.TIF,0.737,0.867,0.700,0.778,3,2,0.700,0.834,0.636,0.778,4,2
310449,310449.TIF,0.857,0.830,1.000,0.750,0,1,0.750,0.824,0.750,0.750,1,1
310450,310450.TIF,1.000,0.905,1.000,1.000,0,0,1.000,0.895,1.000,1.000,0,0
310451,310451.TIF,1.000,0.830,1.000,1.000,0,0,0.667,0.789,0.500,1.000,1,0
310453,310453.TIF,1.000,0.868,1.000,1.000,0,0,1.000,0.836,1.000,1.000,0,0
310454,310454.TIF,0.857,0.843,1.000,0.750,0,2,0.857,0.839,1.000,0.750,0,2
310455,310455.TIF,1.000,0.882,1.000,1.000,0,0,0.875,0.869,0.875,0.875,1,1
310456,310456.TIF,0.667,0.892,0.600,0.750,2,1,0.667,0.885,1.000,0.500,0,2
310459,310459.TIF,0.909,0.831,1.000,0.833,0,2,0.857,0.797,1.000,0.750,0,3
310460,310460.TIF,0.815,0.821,0.733,0.917,4,1,0.769,0.783,0.714,0.833,4,2
310461,310461.TIF,0.941,0.863,0.941,0.941,1,1,0.857,0.854,0.833,0.882,3,2
310462,310462.TIF,1.000,0.865,1.000,1.000,0,0,0.727,0.841,0.667,0.800,2,1
310463,310463.TIF,1.000,0.881,1.000,1.000,0,0,1.000,0.818,1.000,1.000,0,0
310464,310464.TIF,0.857,0.830,0.818,0.900,2,1,0.909,0.850,0.833,1.000,2,0
310465,310465.TIF,1.000,0.924,1.000,1.000,0,0,1.000,0.906,1.000,1.000,0,0
310466,310466.TIF,1.000,0.824,1.000,1.000,0,0,0.800,0.679,1.000,0.667,0,1
310467,310467.TIF,0.857,0.841,1.000,0.750,0,1,0.857,0.814,1.000,0.750,0,1
310468,310468.TIF,0.769,0.898,1.000,0.625,0,3,0.714,0.864,0.833,0.625,1,3
310469,310469.TIF,1.000,0.885,1.000,1.000,0,0,1.000,0.875,1.000,1.000,0,0
310470,310470.TIF,0.842,0.887,0.889,0.800,1,2,0.900,0.867,0.900,0.900,1,1
310471,310471.TIF,0.857,0.880,0.750,1.000,2,0,0.615,0.865,0.571,0.667,3,2
310472,310472.TIF,0.963,0.874,1.000,0.929,0,1,0.815,0.891,0.846,0.786,2,3
310473,310473.TIF,0.533,0.887,0.500,0.571,4,3,0.667,0.827,0.800,0.571,1,3
310474,310474.TIF,1.000,0.936,1.000,1.000,0,0,1.000,0.937,1.000,1.000,0,0
310476,310476.TIF,0.857,0.890,0.750,1.000,2,0,0.923,0.835,0.857,1.000,1,0
310477,310477.TIF,0.960,0.842,1.000,0.923,0,1,0.870,0.810,1.000,0.769,0,3
310478,310478.TIF,0.875,0.874,0.778,1.000,2,0,0.933,0.833,0.875,1.000,1,0
310480,310480.TIF,1.000,0.816,1.000,1.000,0,0,0.667,0.828,0.667,0.667,1,1
310481,310481.TIF,0.933,0.882,0.875,1.000,1,0,0.857,0.881,0.857,0.857,1,1
310482,310482.TIF,0.800,0.925,1.000,0.667,0,1,0.800,0.879,1.000,0.667,0,1
310483,310483.TIF,0.588,0.834,0.714,0.500,2,5,0.533,0.875,0.800,0.400,1,6
310484,310484.TIF,0.889,0.820,1.000,0.800,0,1,0.750,0.862,1.000,0.600,0,2
310485,310485.TIF,0.815,0.857,0.846,0.786,2,3,0.769,0.818,0.833,0.714,2,4
310486,310486.TIF,0.818,0.913,0.750,0.900,3,1,0.900,0.871,0.900,0.900,1,1
310487,310487.TIF,0.889,0.889,1.000,0.800,0,1,0.889,0.870,1.000,0.800,0,1
310488,310488.TIF,0.909,0.868,0.909,0.909,1,1,0.952,0.835,1.000,0.909,0,1
310489,310489.TIF,0.857,0.786,0.750,1.000,1,0,0.800,0.847,1.000,0.667,0,1
310490,310490.TIF,0.889,0.821,0.800,1.000,1,0,0.500,0.844,0.500,0.500,2,2
310491,310491.TIF,0.909,0.863,0.833,1.000,1,0,0.667,0.872,0.750,0.600,1,2
310493,310493.TIF,0.875,0.869,0.875,0.875,1,1,0.750,0.881,0.750,0.750,2,2
310494,310494.TIF,0.810,0.818,0.895,0.739,2,6,0.837,0.797,0.900,0.783,2,5
310495,310495.TIF,0.800,0.844,0.667,1.000,1,0,1.000,0.788,1.000,1.000,0,0
310496,310496.TIF,0.727,0.855,0.667,0.800,2,1,0.727,0.731,0.667,0.800,2,1
310497,310497.TIF,0.667,0.928,1.000,0.500,0,1,0.667,0.894,1.000,0.500,0,1
310498,310498.TIF,0.762,0.856,0.727,0.800,3,2,0.737,0.750,0.778,0.700,2,3
310499,310499.TIF,0.889,0.824,0.870,0.909,3,2,0.927,0.801,1.000,0.864,0,3
310500,310500.TIF,0.667,0.906,1.000,0.500,0,4,0.545,0.901,1.000,0.375,0,5
310501,310501.TIF,1.000,0.935,1.000,1.000,0,0,0.857,0.936,1.000,0.750,0,1
310502,310502.TIF,1.000,0.868,1.000,1.000,0,0,0.667,0.858,1.000,0.500,0,2
310504,310504.TIF,0.800,0.742,0.667,1.000,1,0,0.400,0.929,0.333,0.500,2,1
310505,310505.TIF,0.667,0.873,0.667,0.667,1,1,0.857,0.871,0.750,1.000,1,0
310506,310506.TIF,0.800,0.900,0.667,1.000,1,0,0.800,0.791,0.667,1.000,1,0
310507,310507.TIF,0.667,0.865,0.500,1.000,2,0,0.800,0.733,0.667,1.000,1,0
310510,310510.TIF,0.900,0.812,0.900,0.900,1,1,0.900,0.775,0.900,0.900,1,1
310511,310511.TIF,0.872,0.804,0.850,0.895,3,2,0.857,0.818,0.938,0.789,1,4
310512,310512.TIF,0.933,0.862,0.875,1.000,1,0,0.769,0.859,0.833,0.714,1,2
310513,310513.TIF,0.889,0.845,0.889,0.889,1,1,0.706,0.887,0.750,0.667,2,3
310514,310514.TIF,0.800,0.920,0.750,0.857,2,1,0.923,0.916,1.000,0.857,0,1
310515,310515.TIF,0.903,0.859,0.875,0.933,2,1,0.786,0.881,0.846,0.733,2,4
310516,310516.TIF,0.854,0.823,0.974,0.760,1,12,0.867,0.819,0.975,0.780,1,11
310517,310517.TIF,0.900,0.824,1.000,0.818,0,2,0.706,0.758,1.000,0.545,0,5
310518,310518.TIF,1.000,0.966,1.000,1.000,0,0,1.000,0.864,1.000,1.000,0,0
310519,310519.TIF,0.889,0.899,1.000,0.800,0,1,0.889,0.880,1.000,0.800,0,1
310520,310520.TIF,1.000,0.845,1.000,1.000,0,0,1.000,0.829,1.000,1.000,0,0
310521,310521.TIF,0.706,0.853,0.857,0.600,1,4,0.737,0.844,0.778,0.700,2,3
310522,310522.TIF,0.875,0.855,0.778,1.000,2,0,0.833,0.897,1.000,0.714,0,2
310523,310523.TIF,1.000,0.883,1.000,1.000,0,0,0.889,0.875,0.800,1.000,1,0
310525,310525.TIF,1.000,0.882,1.000,1.000,0,0,1.000,0.919,1.000,1.000,0,0
310526,310526.TIF,1.000,0.913,1.000,1.000,0,0,1.000,0.902,1.000,1.000,0,0
310527,310527.TIF,0.895,0.807,1.000,0.810,0,4,0.667,0.771,0.917,0.524,1,10
310528,310528.TIF,0.872,0.769,0.895,0.850,2,3,0.687,0.787,0.917,0.550,1,9
310529,310529.TIF,1.000,0.882,1.000,1.000,0,0,1.000,0.751,1.000,1.000,0,0
310530,310530.TIF,0.800,0.929,0.750,0.857,2,1,0.857,0.897,0.857,0.857,1,1
310531,310531.TIF,0.850,0.909,0.810,0.895,4,2,0.865,0.841,0.889,0.842,2,3
310532,310532.TIF,0.828,0.816,0.857,0.800,2,3,0.692,0.852,0.818,0.600,2,6
310533,310533.TIF,0.833,0.817,0.909,0.769,1,3,0.783,0.733,0.900,0.692,1,4
310534,310534.TIF,0.800,0.751,0.857,0.750,1,2,0.769,0.763,1.000,0.625,0,3
310535,310535.TIF,0.833,0.815,0.833,0.833,1,1,0.833,0.834,0.833,0.833,1,1
310536,310536.TIF,0.857,0.864,0.923,0.800,1,3,0.800,0.807,0.800,0.800,3,3
310537,310537.TIF,0.727,0.891,0.571,1.000,3,0,0.800,0.810,0.667,1.000,2,0
310538,310538.TIF,0.889,0.851,1.000,0.800,0,1,0.889,0.808,1.000,0.800,0,1
310539,310539.TIF,0.769,0.828,1.000,0.625,0,3,0.615,0.829,0.800,0.500,1,4
310540,310540.TIF,1.000,0.874,1.000,1.000,0,0,1.000,0.886,1.000,1.000,0,0
310541,310541.TIF,1.000,0.912,1.000,1.000,0,0,1.000,0.926,1.000,1.000,0,0
310542,310542.TIF,1.000,0.929,1.000,1.000,0,0,1.000,0.872,1.000,1.000,0,0
310543,310543.TIF,1.000,0.915,1.000,1.000,0,0,1.000,0.866,1.000,1.000,0,0
310545,310545.TIF,0.875,0.890,0.875,0.875,1,1,0.800,0.872,0.857,0.750,1,2
310546,310546.TIF,0.750,0.918,1.000,0.600,0,2,0.889,0.863,1.000,0.800,0,1
310547,310547.TIF,0.897,0.832,0.929,0.867,1,2,0.769,0.804,0.909,0.667,1,5
310548,310548.TIF,0.902,0.860,0.920,0.885,2,3,0.920,0.834,0.958,0.885,1,3
310549,310549.TIF,0.667,0.800,0.692,0.643,4,5,0.533,0.756,0.500,0.571,8,6
310550,310550.TIF,0.667,0.884,1.000,0.500,0,1,0.667,0.907,1.000,0.500,0,1
310551,310551.TIF,0.615,0.918,0.800,0.500,1,4,0.857,0.769,1.000,0.750,0,2
310552,310552.TIF,0.679,0.798,0.857,0.562,3,14,0.512,0.795,1.000,0.344,0,21
310553,310553.TIF,1.000,0.847,1.000,1.000,0,0,0.857,0.823,0.750,1.000,1,0
310554,310554.TIF,0.923,0.852,0.857,1.000,1,0,1.000,0.815,1.000,1.000,0,0
310555,310555.TIF,0.750,0.836,1.000,0.600,0,2,0.750,0.838,1.000,0.600,0,2
310556,310556.TIF,0.600,0.750,1.000,0.429,0,4,0.600,0.822,1.000,0.429,0,4
310557,310557.TIF,1.000,0.876,1.000,1.000,0,0,1.000,0.872,1.000,1.000,0,0
310558,310558.TIF,1.000,0.953,1.000,1.000,0,0,1.000,0.902,1.000,1.000,0,0
310559,310559.TIF,1.000,0.810,1.000,1.000,0,0,1.000,0.836,1.000,1.000,0,0
310561,310561.TIF,1.000,0.863,1.000,1.000,0,0,0.667,0.846,0.500,1.000,3,0
310562,310562.TIF,1.000,0.924,1.000,1.000,0,0,1.000,0.855,1.000,1.000,0,0
310563,310563.TIF,0.857,0.861,1.000,0.750,0,3,0.818,0.843,0.900,0.750,1,3
310564,310564.TIF,0.818,0.849,1.000,0.692,0,4,0.783,0.841,0.900,0.692,1,4
310565,310565.TIF,0.933,0.876,1.000,0.875,0,2,0.897,0.874,1.000,0.812,0,3
310566,310566.TIF,0.857,0.855,0.900,0.818,1,2,0.727,0.834,0.727,0.727,3,3
310568,310568.TIF,0.571,0.918,0.667,0.500,1,2,0.667,0.743,0.600,0.750,2,1
310569,310569.TIF,0.750,0.833,0.750,0.750,3,3,0.636,0.878,0.700,0.583,3,5
310570,310570.TIF,0.881,0.903,0.963,0.812,1,6,0.867,0.837,0.929,0.812,2,6
310571,310571.TIF,0.875,0.889,0.778,1.000,2,0,0.933,0.855,0.875,1.000,1,0
310572,310572.TIF,1.000,0.892,1.000,1.000,0,0,1.000,0.892,1.000,1.000,0,0
310573,310573.TIF,0.800,0.858,1.000,0.667,0,1,0.800,0.839,1.000,0.667,0,1
310574,310574.TIF,0.500,0.880,0.500,0.500,1,1,0.667,0.881,1.000,0.500,0,1
310575,310575.TIF,1.000,0.889,1.000,1.000,0,0,1.000,0.897,1.000,1.000,0,0
310576,310576.TIF,0.923,0.831,1.000,0.857,0,1,0.833,0.793,1.000,0.714,0,2
310577,310577.TIF,1.000,0.891,1.000,1.000,0,0,1.000,0.893,1.000,1.000,0,0
310578,310578.TIF,0.800,0.855,0.750,0.857,2,1,0.857,0.789,0.857,0.857,1,1
310579,310579.TIF,0.857,0.849,1.000,0.750,0,2,0.933,0.889,1.000,0.875,0,1
310580,310580.TIF,0.800,0.847,0.889,0.727,1,3,0.700,0.810,0.778,0.636,2,4
310582,310582.TIF,1.000,0.869,1.000,1.000,0,0,1.000,0.771,1.000,1.000,0,0
310583,310583.TIF,1.000,0.833,1.000,1.000,0,0,1.000,0.741,1.000,1.000,0,0
310584,310584.TIF,1.000,0.914,1.000,1.000,0,0,1.000,0.897,1.000,1.000,0,0
310585,310585.TIF,0.667,0.906,0.500,1.000,1,0,1.000,0.922,1.000,1.000,0,0
310586,310586.TIF,0.966,0.869,0.933,1.000,1,0,0.929,0.874,0.929,0.929,1,1
310587,310587.TIF,0.984,0.896,1.000,0.968,0,1,0.968,0.872,0.968,0.968,1,1
310588,310588.TIF,0.889,0.830,1.000,0.800,0,1,0.800,0.817,0.800,0.800,1,1
310589,310589.TIF,0.889,0.863,1.000,0.800,0,1,1.000,0.776,1.000,1.000,0,0
310590,310590.TIF,0.857,0.813,1.000,0.750,0,3,0.632,0.875,0.857,0.500,1,6
310591,310591.TIF,0.824,0.832,0.875,0.778,1,2,0.737,0.761,0.700,0.778,3,2
310592,310592.TIF,0.889,0.864,0.941,0.842,1,3,0.889,0.824,0.941,0.842,1,3
310593,310593.TIF,0.857,0.891,1.000,0.750,0,1,0.857,0.860,1.000,0.750,0,1
310594,310594.TIF,1.000,0.873,1.000,1.000,0,0,1.000,0.843,1.000,1.000,0,0
310595,310595.TIF,0.800,0.847,0.857,0.750,1,2,0.800,0.832,0.857,0.750,1,2
310596,310596.TIF,0.824,0.865,0.778,0.875,2,1,0.800,0.765,0.667,1.000,4,0
310597,310597.TIF,0.800,0.791,1.000,0.667,0,2,0.667,0.844,1.000,0.500,0,3
310598,310598.TIF,0.909,0.875,0.833,1.000,1,0,0.909,0.847,0.833,1.000,1,0
310599,310599.TIF,0.909,0.923,1.000,0.833,0,1,0.833,0.894,0.833,0.833,1,1
310600,310600.TIF,0.842,0.880,0.889,0.800,1,2,0.800,0.851,0.800,0.800,2,2
310601,310601.TIF,0.800,0.824,1.000,0.667,0,3,0.714,0.862,1.000,0.556,0,4
310603,310603.TIF,0.857,0.843,0.857,0.857,1,1,0.769,0.812,0.833,0.714,1,2
310604,310604.TIF,1.000,0.828,1.000,1.000,0,0,0.947,0.776,0.900,1.000,1,0
310605,310605.TIF,1.000,0.819,1.000,1.000,0,0,0.889,0.816,1.000,0.800,0,1
310606,310606.TIF,0.857,0.816,0.857,0.857,1,1,0.923,0.819,1.000,0.857,0,1
310607,310607.TIF,1.000,0.873,1.000,1.000,0,0,1.000,0.860,1.000,1.000,0,0
310608,310608.TIF,0.400,0.695,0.333,0.500,2,1,0.500,0.719,0.500,0.500,1,1
310609,310609.TIF,0.750,0.792,0.857,0.667,1,3,0.625,0.711,0.714,0.556,2,4
310612,310612.TIF,0.800,0.870,1.000,0.667,0,1,0.667,0.832,0.667,0.667,1,1
310613,310613.TIF,0.923,0.896,0.857,1.000,2,0,0.923,0.873,0.857,1.000,2,0
310614,310614.TIF,0.923,0.823,0.857,1.000,1,0,0.800,0.858,1.000,0.667,0,2
310615,310615.TIF,0.857,0.877,0.857,0.857,1,1,0.800,0.872,0.750,0.857,2,1
310616,310616.TIF,0.800,0.882,0.909,0.714,1,4,0.800,0.797,0.909,0.714,1,4
310617,310617.TIF,0.923,0.890,1.000,0.857,0,1,0.800,0.851,0.750,0.857,2,1
310618,310618.TIF,1.000,0.915,1.000,1.000,0,0,0.800,0.911,0.667,1.000,1,0
310629,310629.TIF,0.667,0.886,1.000,0.500,0,1,0.667,0.874,1.000,0.500,0,1
310630,310630.TIF,0.947,0.860,0.900,1.000,1,0,0.857,0.833,0.750,1.000,3,0
310631,310631.TIF,0.909,0.830,1.000,0.833,0,1,0.800,0.870,1.000,0.667,0,2
310632,310632.TIF,0.842,0.856,0.800,0.889,2,1,0.889,0.842,0.889,0.889,1,1
310633,310633.TIF,1.000,0.881,1.000,1.000,0,0,0.889,0.781,0.800,1.000,1,0
310634,310634.TIF,0.857,0.896,0.750,1.000,1,0,0.857,0.833,0.750,1.000,1,0
310636,310636.TIF,1.000,0.850,1.000,1.000,0,0,0.778,0.797,0.700,0.875,3,1
310637,310637.TIF,1.000,0.863,1.000,1.000,0,0,1.000,0.863,1.000,1.000,0,0
310644,310644.TIF,0.000,0.000,0.000,0.000,0,1,0.000,0.000,0.000,0.000,0,1
310645,310645.TIF,1.000,0.755,1.000,1.000,0,0,0.667,0.676,1.000,0.500,0,1
310646,310646.TIF,1.000,0.830,1.000,1.000,0,0,1.000,0.882,1.000,1.000,0,0
310647,310647.TIF,1.000,0.867,1.000,1.000,0,0,0.933,0.851,1.000,0.875,0,1
310648,310648.TIF,0.933,0.855,1.000,0.875,0,1,0.933,0.809,1.000,0.875,0,1
310649,310649.TIF,1.000,0.861,1.000,1.000,0,0,1.000,0.802,1.000,1.000,0,0
310650,310650.TIF,1.000,0.864,1.000,1.000,0,0,1.000,0.841,1.000,1.000,0,0
310654,310654.TIF,1.000,0.864,1.000,1.000,0,0,1.000,0.745,1.000,1.000,0,0
310655,310655.TIF,0.500,0.797,1.000,0.333,0,2,0.400,0.861,0.500,0.333,1,2
310664,310664.TIF,0.857,0.902,1.000,0.750,0,1,1.000,0.815,1.000,1.000,0,0
310665,310665.TIF,1.000,0.822,1.000,1.000,0,0,1.000,0.793,1.000,1.000,0,0
310672,310672.TIF,0.000,0.000,0.000,0.000,1,3,0.500,0.878,1.000,0.333,0,2
3001000,3001000.TIF,0.885,0.868,0.885,0.885,3,3,0.824,0.830,0.840,0.808,4,5
3001001,3001001.TIF,0.952,0.878,0.963,0.940,3,5,0.941,0.850,0.930,0.952,6,4
3001002,3001002.TIF,0.956,0.862,0.980,0.933,2,7,0.935,0.838,0.979,0.895,2,11
3001003,3001003.TIF,0.916,0.868,0.965,0.872,3,12,0.895,0.841,0.885,0.904,11,9
3001004,3001004.TIF,0.936,0.872,0.950,0.922,5,8,0.939,0.857,0.979,0.903,2,10
3001005,3001005.TIF,0.971,0.871,1.000,0.943,0,5,0.966,0.855,0.977,0.955,2,4
3001006,3001006.TIF,0.961,0.866,0.961,0.961,3,3,0.915,0.839,0.921,0.909,6,7
3001007,3001007.TIF,0.914,0.869,0.941,0.889,1,2,0.875,0.823,1.000,0.778,0,4
3001008,3001008.TIF,0.857,0.858,1.000,0.750,0,1,0.857,0.809,1.000,0.750,0,1
3001009,3001009.TIF,0.900,0.850,0.947,0.857,2,6,0.854,0.840,0.875,0.833,5,7
3001010,3001010.TIF,0.906,0.867,0.923,0.889,4,6,0.891,0.856,0.875,0.907,7,5
3001011,3001011.TIF,0.967,0.864,0.967,0.967,1,1,0.967,0.850,0.967,0.967,1,1
3001012,3001012.TIF,0.923,0.860,1.000,0.857,0,1,0.923,0.837,1.000,0.857,0,1
3001014,3001014.TIF,1.000,0.886,1.000,1.000,0,0,0.800,0.913,0.667,1.000,1,0
3001016,3001016.TIF,0.909,0.919,1.000,0.833,0,1,0.909,0.860,1.000,0.833,0,1
3001017,3001017.TIF,0.927,0.884,0.938,0.916,5,7,0.920,0.858,0.938,0.904,5,8
3001018,3001018.TIF,0.933,0.868,0.933,0.933,2,2,0.881,0.840,0.897,0.867,3,4
3001019,3001019.TIF,0.980,0.871,0.980,0.980,1,1,0.958,0.857,0.979,0.939,1,3
3001020,3001020.TIF,0.964,0.876,0.952,0.976,2,1,0.964,0.858,0.952,0.976,2,1
3001021,3001021.TIF,1.000,0.871,1.000,1.000,0,0,1.000,0.853,1.000,1.000,0,0
3001022,3001022.TIF,0.952,0.892,0.976,0.930,1,3,0.989,0.858,0.977,1.000,1,0
3001023,3001023.TIF,0.947,0.872,0.990,0.908,1,10,0.947,0.848,0.990,0.908,1,10
3001024,3001024.TIF,0.924,0.873,0.970,0.882,3,13,0.905,0.845,0.950,0.864,5,15
3001025,3001025.TIF,0.906,0.879,0.960,0.857,3,12,0.911,0.848,0.906,0.917,8,7
3001026,3001026.TIF,0.917,0.863,0.917,0.917,3,3,0.870,0.839,0.909,0.833,3,6
3001027,3001027.TIF,0.941,0.868,1.000,0.889,0,1,0.889,0.816,0.889,0.889,1,1
3001028,3001028.TIF,1.000,0.928,1.000,1.000,0,0,0.750,0.756,0.600,1.000,2,0
3001029,3001029.TIF,1.000,0.938,1.000,1.000,0,0,0.909,0.883,0.833,1.000,1,0
3001030,3001030.TIF,0.927,0.885,0.944,0.911,3,5,0.911,0.896,0.911,0.911,5,5
3001031,3001031.TIF,0.916,0.876,0.989,0.853,1,15,0.925,0.871,0.939,0.912,6,9
3001032,3001032.TIF,0.934,0.865,0.977,0.895,2,10,0.917,0.859,0.965,0.874,3,12
3001033,3001033.TIF,0.950,0.853,0.950,0.950,1,1,0.895,0.810,0.944,0.850,1,3
3001034,3001034.TIF,1.000,0.838,1.000,1.000,0,0,1.000,0.846,1.000,1.000,0,0
3001036,3001036.TIF,1.000,0.807,1.000,1.000,0,0,1.000,0.628,1.000,1.000,0,0
3001037,3001037.TIF,1.000,0.902,1.000,1.000,0,0,0.667,0.906,0.500,1.000,1,0
3001038,3001038.TIF,1.000,0.936,1.000,1.000,0,0,1.000,0.904,1.000,1.000,0,0
3001039,3001039.TIF,0.914,0.894,0.941,0.889,1,2,0.811,0.858,0.789,0.833,4,3
3001040,3001040.TIF,0.800,0.859,0.800,0.800,1,1,0.667,0.915,0.750,0.600,1,2
3001041,3001041.TIF,0.936,0.881,0.957,0.917,1,2,0.898,0.848,0.880,0.917,3,2
3001042,3001042.TIF,1.000,0.892,1.000,1.000,0,0,0.987,0.877,1.000,0.974,0,1
3001043,3001043.TIF,0.949,0.886,0.959,0.940,2,3,0.970,0.873,0.980,0.960,1,2
3001044,3001044.TIF,0.924,0.883,0.934,0.914,6,8,0.926,0.856,0.916,0.935,8,6
3001045,3001045.TIF,0.894,0.884,0.970,0.829,3,20,0.903,0.854,0.980,0.838,2,19
3001046,3001046.TIF,0.957,0.866,0.944,0.971,4,2,0.971,0.845,0.958,0.986,3,1
3001047,3001047.TIF,0.970,0.872,0.941,1.000,1,0,0.941,0.808,0.889,1.000,2,0
3001048,3001048.TIF,1.000,0.920,1.000,1.000,0,0,1.000,0.877,1.000,1.000,0,0
3001049,3001049.TIF,0.880,0.857,0.846,0.917,2,1,0.762,0.888,0.889,0.667,1,4
3001050,3001050.TIF,0.920,0.889,0.889,0.952,5,2,0.929,0.876,0.929,0.929,3,3
3001051,3001051.TIF,0.957,0.896,0.930,0.985,5,1,0.950,0.882,0.905,1.000,7,0
3001052,3001052.TIF,0.947,0.881,0.976,0.920,2,7,0.906,0.860,0.939,0.875,5,11
3001053,3001053.TIF,0.933,0.881,0.989,0.882,1,12,0.930,0.859,0.949,0.912,5,9
3001054,3001054.TIF,0.954,0.866,0.973,0.936,2,5,0.947,0.848,0.986,0.910,1,7
3001055,3001055.TIF,1.000,0.877,1.000,1.000,0,0,0.571,0.906,0.667,0.500,1,2
3001058,3001058.TIF,0.800,0.884,1.000,0.667,0,3,0.889,0.763,0.889,0.889,1,1
3001059,3001059.TIF,0.842,0.880,0.889,0.800,1,2,0.778,0.826,0.875,0.700,1,3
3001060,3001060.TIF,1.000,0.927,1.000,1.000,0,0,1.000,0.892,1.000,1.000,0,0
3001061,3001061.TIF,1.000,0.882,1.000,1.000,0,0,1.000,0.843,1.000,1.000,0,0
3001063,3001063.TIF,0.667,0.911,0.500,1.000,1,0,0.667,0.901,0.500,1.000,1,0
3001064,3001064.TIF,1.000,0.936,1.000,1.000,0,0,1.000,0.898,1.000,1.000,0,0
3001065,3001065.TIF,0.750,0.823,1.000,0.600,0,2,0.889,0.759,1.000,0.800,0,1
3001066,3001066.TIF,0.966,0.846,1.000,0.933,0,2,0.897,0.818,0.929,0.867,2,4
3001067,3001067.TIF,0.952,0.863,0.976,0.930,1,3,0.943,0.836,0.932,0.953,3,2
3001068,3001068.TIF,0.909,0.838,0.909,0.909,1,1,0.952,0.781,1.000,0.909,0,1
3001071,3001071.TIF,0.921,0.869,0.935,0.906,2,3,0.812,0.836,0.812,0.812,6,6
3001072,3001072.TIF,0.956,0.884,0.980,0.933,2,7,0.917,0.881,0.940,0.895,6,11
3001073,3001073.TIF,0.926,0.875,0.926,0.926,7,7,0.910,0.854,0.915,0.905,8,9
3001074,3001074.TIF,0.885,0.882,1.000,0.794,0,26,0.867,0.874,0.980,0.778,2,28
3001075,3001075.TIF,0.951,0.889,0.946,0.956,5,4,0.920,0.870,0.896,0.945,10,5
3001076,3001076.TIF,0.959,0.866,0.940,0.979,3,1,0.968,0.848,0.979,0.958,1,2
3001079,3001079.TIF,0.750,0.917,0.600,1.000,2,0,1.000,0.809,1.000,1.000,0,0
3001080,3001080.TIF,0.923,0.885,0.968,0.882,2,8,0.938,0.850,0.984,0.897,1,7
3001081,3001081.TIF,0.893,0.880,0.909,0.877,5,7,0.873,0.865,0.906,0.842,5,9
3001082,3001082.TIF,0.897,0.897,0.929,0.867,1,2,0.714,0.875,0.769,0.667,3,5
3001083,3001083.TIF,0.933,0.870,0.933,0.933,3,3,0.921,0.850,0.932,0.911,3,4
3001084,3001084.TIF,0.986,0.880,0.972,1.000,1,0,0.986,0.868,0.972,1.000,1,0
3001085,3001085.TIF,1.000,0.804,1.000,1.000,0,0,1.000,0.873,1.000,1.000,0,0
3001086,3001086.TIF,1.000,0.905,1.000,1.000,0,0,1.000,0.917,1.000,1.000,0,0
3001092,3001092.TIF,0.000,0.000,0.000,0.000,0,1,0.000,0.000,0.000,0.000,1,1
3001093,3001093.TIF,0.874,0.889,0.864,0.884,6,5,0.874,0.873,0.864,0.884,6,5
3001094,3001094.TIF,0.913,0.889,0.950,0.880,5,13,0.913,0.879,0.950,0.880,5,13
3001095,3001095.TIF,0.952,0.880,0.976,0.930,2,6,0.952,0.878,0.976,0.930,2,6
3001096,3001096.TIF,0.915,0.878,0.970,0.866,3,15,0.925,0.884,0.980,0.875,2,14
3001097,3001097.TIF,0.952,0.872,0.990,0.917,1,9,0.942,0.875,0.980,0.907,2,10
3001098,3001098.TIF,0.964,0.867,1.000,0.931,0,2,0.926,0.857,1.000,0.862,0,4
3001101,3001101.TIF,0.977,0.890,1.000,0.955,0,1,0.930,0.854,0.952,0.909,1,2
3001102,3001102.TIF,0.940,0.880,0.933,0.946,5,4,0.913,0.845,0.907,0.919,7,6
3001103,3001103.TIF,0.898,0.889,0.917,0.880,6,9,0.924,0.879,0.957,0.893,3,8
3001104,3001104.TIF,0.933,0.907,0.921,0.946,3,2,0.958,0.882,1.000,0.919,0,3
3001105,3001105.TIF,0.960,0.887,0.969,0.950,3,5,0.948,0.871,0.989,0.910,1,9
3001106,3001106.TIF,0.931,0.876,0.960,0.905,4,10,0.927,0.862,0.950,0.905,5,10
3001107,3001107.TIF,0.963,0.866,1.000,0.929,0,2,0.929,0.881,0.929,0.929,2,2
3001110,3001110.TIF,1.000,0.935,1.000,1.000,0,0,1.000,0.897,1.000,1.000,0,0
3001114,3001114.TIF,1.000,0.862,1.000,1.000,0,0,1.000,0.825,1.000,1.000,0,0
3001115,3001115.TIF,0.964,0.876,0.964,0.964,2,2,0.956,0.868,0.931,0.982,4,1
3001116,3001116.TIF,0.870,0.884,0.970,0.789,3,26,0.852,0.881,0.950,0.772,5,28
3001117,3001117.TIF,0.912,0.893,0.990,0.846,1,18,0.894,0.885,0.970,0.829,3,20
3001118,3001118.TIF,0.876,0.873,0.990,0.786,1,27,0.876,0.884,0.990,0.786,1,27
3001119,3001119.TIF,0.868,0.870,0.990,0.773,1,29,0.860,0.868,0.980,0.766,2,30
3001120,3001120.TIF,0.980,0.881,0.980,0.980,1,1,0.980,0.865,0.962,1.000,2,0
3001121,3001121.TIF,1.000,0.891,1.000,1.000,0,0,1.000,0.903,1.000,1.000,0,0
3001123,3001123.TIF,0.945,0.875,0.956,0.935,2,3,0.911,0.848,0.932,0.891,3,5
3001124,3001124.TIF,0.969,0.879,0.963,0.975,3,2,0.932,0.848,0.915,0.949,7,4
3001125,3001125.TIF,0.983,0.885,0.978,0.989,2,1,0.916,0.865,0.911,0.921,8,7
3001126,3001126.TIF,0.960,0.901,0.954,0.965,4,3,0.943,0.885,0.932,0.953,6,4
3001127,3001127.TIF,0.964,0.880,0.979,0.949,2,5,0.924,0.867,0.919,0.929,8,7
3001128,3001128.TIF,0.897,0.876,0.960,0.842,4,18,0.879,0.861,0.940,0.825,6,20
3001129,3001129.TIF,0.951,0.874,0.983,0.921,1,5,0.959,0.844,1.000,0.921,0,5
3001131,3001131.TIF,0.000,0.000,0.000,0.000,0,1,1.000,0.661,1.000,1.000,0,0
3001136,3001136.TIF,1.000,0.898,1.000,1.000,0,0,0.986,0.875,1.000,0.973,0,1
3001137,3001137.TIF,0.936,0.886,0.936,0.936,3,3,0.905,0.867,0.896,0.915,5,4
3001138,3001138.TIF,0.948,0.887,0.979,0.920,2,8,0.945,0.874,0.949,0.940,5,6
3001139,3001139.TIF,0.931,0.893,0.969,0.896,3,11,0.891,0.886,0.938,0.849,6,16
3001140,3001140.TIF,0.891,0.859,0.968,0.826,3,19,0.864,0.875,0.918,0.817,8,20
3001141,3001141.TIF,0.948,0.860,0.988,0.911,1,8,0.889,0.838,0.938,0.844,5,14
3001142,3001142.TIF,0.942,0.863,0.990,0.899,1,11,0.928,0.830,0.970,0.890,3,12
3001143,3001143.TIF,0.974,0.859,0.974,0.974,1,1,0.933,0.846,0.946,0.921,2,3
3001144,3001144.TIF,1.000,0.849,1.000,1.000,0,0,0.914,0.882,0.941,0.889,1,2
3001145,3001145.TIF,0.970,0.887,0.980,0.960,1,2,0.929,0.866,0.939,0.920,3,4
3001146,3001146.TIF,0.935,0.871,0.942,0.929,4,5,0.889,0.852,0.865,0.914,10,6
3001147,3001147.TIF,0.942,0.878,0.920,0.964,7,3,0.935,0.863,0.929,0.940,6,5
3001148,3001148.TIF,0.947,0.893,0.990,0.908,1,10,0.938,0.872,0.980,0.899,2,11
3001149,3001149.TIF,0.958,0.865,0.958,0.958,4,4,0.916,0.862,0.916,0.916,8,8
3001150,3001150.TIF,0.907,0.875,0.980,0.845,2,18,0.898,0.853,0.970,0.836,3,19
3001151,3001151.TIF,0.881,0.883,0.889,0.873,6,7,0.899,0.839,0.907,0.891,5,6
3001153,3001153.TIF,0.800,0.839,0.667,1.000,1,0,0.800,0.820,0.667,1.000,1,0
3001157,3001157.TIF,0.957,0.905,1.000,0.917,0,1,1.000,0.870,1.000,1.000,0,0
3001158,3001158.TIF,0.931,0.872,0.918,0.944,6,4,0.950,0.867,0.957,0.944,3,4
3001159,3001159.TIF,0.952,0.877,0.957,0.947,4,5,0.963,0.864,0.968,0.957,3,4
3001160,3001160.TIF,0.950,0.869,0.950,0.950,4,4,0.943,0.860,0.961,0.925,3,6
3001161,3001161.TIF,0.925,0.874,0.958,0.893,4,11,0.925,0.863,0.958,0.893,4,11
3001162,3001162.TIF,0.959,0.862,0.976,0.942,2,5,0.953,0.849,0.953,0.953,4,4
3001163,3001163.TIF,0.955,0.856,0.984,0.926,1,5,0.904,0.840,0.910,0.897,6,7
3001164,3001164.TIF,0.981,0.860,0.981,0.981,1,1,0.925,0.843,0.942,0.907,3,5
3001165,3001165.TIF,0.878,0.865,0.947,0.818,2,8,0.884,0.821,0.905,0.864,4,6
3001166,3001166.TIF,0.932,0.880,0.932,0.932,4,4,0.939,0.866,0.964,0.915,2,5
3001167,3001167.TIF,0.957,0.895,0.966,0.949,2,3,0.974,0.875,1.000,0.949,0,3
3001168,3001168.TIF,0.961,0.901,0.953,0.968,3,2,0.952,0.895,0.967,0.937,2,4
3001169,3001169.TIF,0.942,0.881,0.931,0.953,6,4,0.889,0.875,0.884,0.894,10,9
3001170,3001170.TIF,0.950,0.884,0.960,0.941,4,6,0.941,0.864,0.950,0.931,5,7
3001171,3001171.TIF,0.970,0.886,0.980,0.960,2,4,0.940,0.872,0.940,0.940,6,6
3001172,3001172.TIF,0.938,0.883,0.990,0.892,1,12,0.929,0.865,0.980,0.883,2,13
3001173,3001173.TIF,0.977,0.879,0.969,0.984,2,1,0.932,0.850,0.899,0.969,7,2
3001174,3001174.TIF,0.957,0.918,0.917,1.000,1,0,0.957,0.907,0.917,1.000,1,0
3001175,3001175.TIF,0.970,0.905,0.941,1.000,2,0,0.970,0.919,0.941,1.000,2,0
3001176,3001176.TIF,1.000,0.917,1.000,1.000,0,0,1.000,0.912,1.000,1.000,0,0
3001177,3001177.TIF,1.000,0.802,1.000,1.000,0,0,1.000,0.645,1.000,1.000,0,0
3001179,3001179.TIF,0.901,0.874,0.941,0.865,2,5,0.901,0.863,0.941,0.865,2,5
3001180,3001180.TIF,0.981,0.890,0.981,0.981,1,1,1.000,0.878,1.000,1.000,0,0
3001181,3001181.TIF,0.968,0.893,1.000,0.938,0,2,0.933,0.866,1.000,0.875,0,4
3001182,3001182.TIF,0.970,0.894,0.960,0.980,2,1,0.949,0.884,0.940,0.959,3,2
3001183,3001183.TIF,0.965,0.871,0.976,0.954,2,4,0.936,0.877,0.942,0.931,5,6
3001184,3001184.TIF,0.907,0.858,0.949,0.869,5,14,0.908,0.837,0.940,0.879,6,13
3001185,3001185.TIF,0.949,0.872,0.966,0.933,2,4,0.957,0.850,0.982,0.933,1,4
3001186,3001186.TIF,0.959,0.907,0.940,0.979,3,1,0.958,0.895,0.958,0.958,2,2
3001187,3001187.TIF,0.944,0.871,0.944,0.944,2,2,0.986,0.853,1.000,0.972,0,1
3001188,3001188.TIF,0.947,0.877,0.940,0.955,4,3,0.946,0.860,0.968,0.924,2,5
3001189,3001189.TIF,0.922,0.863,0.937,0.908,4,6,0.953,0.838,0.968,0.938,2,4
3001190,3001190.TIF,0.918,0.888,0.918,0.918,6,6,0.929,0.887,0.970,0.890,2,8
3001191,3001191.TIF,0.963,0.877,0.963,0.963,3,3,0.928,0.862,0.917,0.939,7,5
3001192,3001192.TIF,0.969,0.884,0.984,0.954,1,3,0.947,0.856,0.926,0.969,5,2
3001193,3001193.TIF,0.957,0.883,0.963,0.951,3,4,0.919,0.863,0.925,0.914,6,7
3001194,3001194.TIF,0.952,0.888,0.986,0.921,1,6,0.933,0.852,0.946,0.921,4,6
3001195,3001195.TIF,0.957,0.867,0.957,0.957,2,2,0.968,0.860,0.978,0.957,1,2
3001196,3001196.TIF,0.963,0.900,1.000,0.929,0,1,0.880,0.894,1.000,0.786,0,3
3001197,3001197.TIF,1.000,0.897,1.000,1.000,0,0,0.917,0.888,1.000,0.846,0,2
3001198,3001198.TIF,1.000,0.924,1.000,1.000,0,0,1.000,0.905,1.000,1.000,0,0
3001200,3001200.TIF,1.000,0.931,1.000,1.000,0,0,1.000,0.866,1.000,1.000,0,0
3001201,3001201.TIF,0.889,0.846,1.000,0.800,0,2,0.889,0.797,1.000,0.800,0,2
3001202,3001202.TIF,1.000,0.799,1.000,1.000,0,0,1.000,0.616,1.000,1.000,0,0
3001203,3001203.TIF,1.000,0.953,1.000,1.000,0,0,1.000,0.948,1.000,1.000,0,0
3001204,3001204.TIF,1.000,0.866,1.000,1.000,0,0,0.977,0.858,0.955,1.000,2,0
3001205,3001205.TIF,0.978,0.878,0.967,0.989,3,1,0.978,0.862,0.978,0.978,2,2
3001206,3001206.TIF,0.925,0.848,0.939,0.912,6,9,0.891,0.821,0.900,0.882,10,12
3001207,3001207.TIF,0.938,0.862,0.948,0.929,5,7,0.919,0.831,0.910,0.929,9,7
3001208,3001208.TIF,0.949,0.872,0.966,0.933,3,6,0.894,0.854,0.899,0.889,9,10
3001209,3001209.TIF,0.949,0.886,0.933,0.966,2,1,0.929,0.866,0.963,0.897,1,3
3001210,3001210.TIF,0.923,0.874,0.900,0.947,2,1,0.872,0.842,0.850,0.895,3,2
3001211,3001211.TIF,1.000,0.860,1.000,1.000,0,0,1.000,0.822,1.000,1.000,0,0
3001212,3001212.TIF,1.000,0.877,1.000,1.000,0,0,1.000,0.866,1.000,1.000,0,0
3001213,3001213.TIF,0.870,0.874,0.851,0.889,7,5,0.843,0.862,0.921,0.778,3,10
3001214,3001214.TIF,0.938,0.882,0.918,0.957,4,2,0.935,0.871,0.956,0.915,2,4
3001215,3001215.TIF,0.956,0.883,0.977,0.935,1,3,0.966,0.872,1.000,0.935,0,3
3001216,3001216.TIF,0.942,0.886,0.980,0.907,1,5,0.951,0.875,1.000,0.907,0,5
3001217,3001217.TIF,0.984,0.909,0.984,0.984,1,1,0.945,0.903,0.952,0.938,3,4
3001218,3001218.TIF,0.955,0.910,1.000,0.914,0,3,0.957,0.875,0.971,0.943,1,2
3001222,3001222.TIF,0.615,0.722,0.800,0.500,1,4,0.769,0.777,1.000,0.625,0,3
3001223,3001223.TIF,0.933,0.916,1.000,0.875,0,1,0.769,0.882,1.000,0.625,0,3
3001226,3001226.TIF,0.902,0.849,0.939,0.868,3,7,0.916,0.821,0.907,0.925,5,4
3001227,3001227.TIF,0.906,0.853,0.940,0.875,4,9,0.859,0.858,0.921,0.806,5,14
3001228,3001228.TIF,0.873,0.870,0.960,0.800,4,24,0.864,0.847,0.950,0.792,5,25
3001229,3001229.TIF,0.942,0.878,0.980,0.907,2,10,0.942,0.840,0.980,0.907,2,10
3001230,3001230.TIF,0.930,0.872,0.948,0.912,4,7,0.897,0.850,0.921,0.875,6,10
3001231,3001231.TIF,0.916,0.872,0.927,0.905,3,4,0.952,0.835,0.952,0.952,2,2
3001232,3001232.TIF,0.667,0.896,1.000,0.500,0,1,0.667,0.874,1.000,0.500,0,1
3001233,3001233.TIF,1.000,0.878,1.000,1.000,0,0,1.000,0.913,1.000,1.000,0,0
3001234,3001234.TIF,0.966,0.865,0.977,0.956,1,2,0.930,0.846,0.976,0.889,1,5
3001235,3001235.TIF,0.900,0.852,0.935,0.867,5,11,0.906,0.840,0.947,0.867,4,11
3001236,3001236.TIF,0.940,0.882,0.965,0.917,2,5,0.912,0.873,0.963,0.867,2,8
3001237,3001237.TIF,0.913,0.864,0.913,0.913,2,2,0.905,0.841,1.000,0.826,0,4
3001238,3001238.TIF,0.933,0.892,0.955,0.913,2,4,0.899,0.899,0.930,0.870,3,6
3001239,3001239.TIF,0.960,0.898,0.980,0.941,1,3,0.928,0.911,0.978,0.882,1,6
3001240,3001240.TIF,0.889,0.916,0.909,0.870,2,3,0.933,0.891,0.955,0.913,1,2
3001245,3001245.TIF,0.750,0.812,0.706,0.800,5,3,0.621,0.779,0.643,0.600,5,6
3001246,3001246.TIF,0.857,0.826,0.818,0.900,2,1,0.632,0.745,0.667,0.600,3,4
3001247,3001247.TIF,0.875,0.813,0.824,0.933,3,1,0.815,0.801,0.917,0.733,1,4
3001248,3001248.TIF,0.929,0.869,1.000,0.867,0,12,0.906,0.839,0.963,0.856,3,13
3001249,3001249.TIF,0.926,0.849,0.900,0.955,7,3,0.925,0.837,0.912,0.939,6,4
3001250,3001250.TIF,0.921,0.880,0.990,0.861,1,16,0.912,0.851,0.980,0.852,2,17
3001251,3001251.TIF,0.922,0.888,1.000,0.855,0,17,0.903,0.858,0.980,0.838,2,19
3001252,3001252.TIF,0.947,0.888,0.947,0.947,5,5,0.923,0.855,0.900,0.947,10,5
3001253,3001253.TIF,0.873,0.876,0.889,0.857,6,8,0.875,0.833,0.875,0.875,7,7
3001254,3001254.TIF,0.000,0.000,0.000,0.000,0,1,0.000,0.000,0.000,0.000,0,1
3001255,3001255.TIF,0.872,0.867,0.810,0.944,4,1,0.865,0.847,0.842,0.889,3,2
3001256,3001256.TIF,0.946,0.885,0.978,0.916,2,8,0.912,0.860,0.954,0.874,4,12
3001257,3001257.TIF,0.970,0.873,0.980,0.961,1,2,0.929,0.855,0.958,0.902,2,5
3001258,3001258.TIF,0.921,0.896,0.906,0.935,3,2,0.931,0.900,1.000,0.871,0,4
3001260,3001260.TIF,0.952,0.879,0.909,1.000,1,0,1.000,0.853,1.000,1.000,0,0
3001261,3001261.TIF,0.870,0.890,0.833,0.909,2,1,0.952,0.859,1.000,0.909,0,1
3001262,3001262.TIF,0.333,0.940,0.333,0.333,2,2,0.800,0.728,1.000,0.667,0,1
3001267,3001267.TIF,1.000,0.749,1.000,1.000,0,0,1.000,0.768,1.000,1.000,0,0
3001268,3001268.TIF,1.000,0.913,1.000,1.000,0,0,1.000,0.846,1.000,1.000,0,0
3001269,3001269.TIF,0.918,0.860,0.905,0.931,7,5,0.892,0.828,0.868,0.917,10,6
3001270,3001270.TIF,0.891,0.852,0.980,0.817,2,22,0.873,0.845,0.960,0.800,4,24
3001271,3001271.TIF,0.916,0.871,0.939,0.894,6,11,0.912,0.859,0.930,0.894,7,11
3001272,3001272.TIF,0.880,0.897,0.990,0.792,1,26,0.880,0.861,0.990,0.792,1,26
3001273,3001273.TIF,0.892,0.894,0.990,0.811,1,23,0.883,0.868,0.980,0.803,2,24
3001274,3001274.TIF,0.901,0.891,1.000,0.820,0,22,0.901,0.862,1.000,0.820,0,22
3001275,3001275.TIF,0.950,0.864,0.980,0.923,1,4,0.900,0.834,0.938,0.865,3,7
3001276,3001276.TIF,0.000,0.000,0.000,0.000,0,1,0.000,0.000,0.000,0.000,0,1
3001277,3001277.TIF,0.915,0.851,0.956,0.878,2,6,0.894,0.828,0.933,0.857,3,7
3001278,3001278.TIF,0.913,0.886,1.000,0.840,0,19,0.904,0.857,0.990,0.832,1,20
3001279,3001279.TIF,0.957,0.875,0.987,0.928,1,6,0.933,0.871,0.950,0.916,4,7
3001280,3001280.TIF,0.939,0.887,0.939,0.939,2,2,0.954,0.877,0.969,0.939,1,2
3001285,3001285.TIF,1.000,0.896,1.000,1.000,0,0,1.000,0.693,1.000,1.000,0,0
3001287,3001287.TIF,1.000,0.853,1.000,1.000,0,0,1.000,0.890,1.000,1.000,0,0
3001288,3001288.TIF,0.964,0.880,0.931,1.000,2,0,0.963,0.875,0.963,0.963,1,1
3001289,3001289.TIF,0.929,0.872,0.963,0.897,1,3,0.873,0.865,0.923,0.828,2,5
3001290,3001290.TIF,0.959,0.862,0.983,0.937,1,4,0.943,0.859,0.967,0.921,2,5
3001291,3001291.TIF,0.917,0.872,0.940,0.895,6,11,0.937,0.848,0.960,0.914,4,9
3001292,3001292.TIF,0.917,0.863,1.000,0.847,0,18,0.899,0.846,0.980,0.831,2,20
3001293,3001293.TIF,0.942,0.882,0.970,0.915,3,9,0.922,0.857,0.950,0.896,5,11
3001294,3001294.TIF,0.970,0.889,0.980,0.961,2,4,0.970,0.867,0.980,0.961,2,4
3001295,3001295.TIF,0.964,0.891,1.000,0.931,0,7,0.964,0.876,0.990,0.941,1,6
3001296,3001296.TIF,0.944,0.892,0.979,0.911,2,9,0.934,0.874,0.958,0.911,4,9
3001297,3001297.TIF,0.826,0.867,0.905,0.760,4,12,0.800,0.853,0.900,0.720,4,14
3001298,3001298.TIF,0.800,0.940,0.667,1.000,2,0,0.889,0.860,0.800,1.000,1,0
3001299,3001299.TIF,0.964,0.872,0.971,0.957,2,3,0.950,0.844,0.944,0.957,4,3
3001300,3001300.TIF,0.909,0.885,1.000,0.833,0,20,0.891,0.859,0.980,0.817,2,22
3001301,3001301.TIF,0.905,0.889,1.000,0.826,0,21,0.896,0.867,0.990,0.818,1,22
3001302,3001302.TIF,0.966,0.885,0.933,1.000,3,0,0.940,0.879,0.951,0.929,2,3
3001307,3001307.TIF,1.000,0.863,1.000,1.000,0,0,1.000,0.599,1.000,1.000,0,0
3001308,3001308.TIF,1.000,0.900,1.000,1.000,0,0,0.909,0.839,0.833,1.000,1,0
3001309,3001309.TIF,0.944,0.889,0.962,0.927,2,4,0.963,0.877,0.981,0.945,1,3
3001310,3001310.TIF,0.934,0.895,0.990,0.884,1,13,0.943,0.884,1.000,0.893,0,12
3001311,3001311.TIF,0.870,0.886,1.000,0.769,0,30,0.870,0.871,1.000,0.769,0,30
3001312,3001312.TIF,0.897,0.875,0.960,0.842,4,18,0.907,0.875,0.970,0.851,3,17
3001313,3001313.TIF,0.916,0.879,0.935,0.897,6,10,0.933,0.860,0.929,0.938,7,6
3001314,3001314.TIF,0.910,0.862,0.915,0.905,8,9,0.890,0.868,0.885,0.895,11,10
3001315,3001315.TIF,0.926,0.867,0.932,0.920,5,6,0.899,0.861,0.905,0.893,7,8
3001316,3001316.TIF,1.000,0.839,1.000,1.000,0,0,1.000,0.834,1.000,1.000,0,0
3001317,3001317.TIF,0.947,0.920,1.000,0.900,0,1,0.947,0.909,1.000,0.900,0,1
3001318,3001318.TIF,0.974,0.896,0.987,0.961,1,3,0.980,0.862,0.987,0.974,1,2
3001319,3001319.TIF,0.902,0.874,0.902,0.902,5,5,0.893,0.827,0.885,0.902,6,5
3001320,3001320.TIF,0.943,0.861,0.917,0.971,3,1,0.955,0.860,0.970,0.941,1,2
3001321,3001321.TIF,0.971,0.866,0.990,0.952,1,5,0.951,0.858,0.970,0.933,3,7
3001322,3001322.TIF,0.950,0.870,0.970,0.932,3,7,0.946,0.847,0.960,0.932,4,7
3001323,3001323.TIF,0.934,0.888,0.990,0.884,1,13,0.925,0.862,0.980,0.875,2,14
3001324,3001324.TIF,0.938,0.886,0.946,0.930,3,4,0.897,0.874,0.881,0.912,7,5
3001329,3001329.TIF,1.000,0.850,1.000,1.000,0,0,0.857,0.795,1.000,0.750,0,1
3001330,3001330.TIF,0.920,0.881,0.976,0.870,1,6,0.978,0.845,1.000,0.957,0,2
3001331,3001331.TIF,0.949,0.880,0.989,0.912,1,9,0.933,0.862,0.978,0.892,2,11
3001332,3001332.TIF,0.913,0.886,1.000,0.840,0,19,0.886,0.862,0.970,0.815,3,22
3001333,3001333.TIF,0.921,0.878,0.990,0.861,1,16,0.902,0.880,0.970,0.843,3,18
3001334,3001334.TIF,0.930,0.899,1.000,0.869,0,11,0.911,0.879,0.973,0.857,2,12
3001335,3001335.TIF,0.927,0.883,0.969,0.888,3,12,0.937,0.878,0.980,0.897,2,11
3001336,3001336.TIF,0.892,0.869,0.902,0.883,9,11,0.870,0.876,0.889,0.851,10,14
3001337,3001337.TIF,0.939,0.877,0.954,0.925,3,5,0.925,0.875,0.925,0.925,5,5
3001339,3001339.TIF,0.750,0.865,0.600,1.000,4,0,0.615,0.840,0.571,0.667,3,2
3001340,3001340.TIF,0.915,0.905,0.952,0.881,3,8,0.925,0.866,0.925,0.925,5,5
3001341,3001341.TIF,0.933,0.896,0.972,0.897,1,4,0.883,0.872,0.895,0.872,4,5
3001342,3001342.TIF,0.976,0.870,0.952,1.000,1,0,0.974,0.863,1.000,0.950,0,1
3001343,3001343.TIF,0.943,0.883,1.000,0.892,0,9,0.928,0.880,0.928,0.928,6,6
3001344,3001344.TIF,0.880,0.874,0.857,0.904,11,7,0.865,0.835,0.897,0.836,7,12
3001345,3001345.TIF,0.902,0.877,0.892,0.914,9,7,0.906,0.848,0.923,0.889,6,9
3001346,3001346.TIF,0.922,0.894,0.959,0.887,2,6,0.911,0.876,0.958,0.868,2,7
3001347,3001347.TIF,1.000,0.824,1.000,1.000,0,0,1.000,0.818,1.000,1.000,0,0
3001350,3001350.TIF,0.889,0.874,0.800,1.000,2,0,0.889,0.871,0.800,1.000,2,0
3001351,3001351.TIF,0.916,0.885,0.938,0.896,4,7,0.962,0.841,0.970,0.955,2,3
3001352,3001352.TIF,0.933,0.876,0.954,0.912,4,8,0.944,0.839,0.955,0.934,4,6
3001353,3001353.TIF,0.926,0.894,1.000,0.862,0,16,0.926,0.860,1.000,0.862,0,16
3001354,3001354.TIF,0.958,0.881,0.986,0.932,1,5,0.965,0.845,0.986,0.945,1,4
3001355,3001355.TIF,0.933,0.903,0.955,0.913,2,4,0.921,0.874,0.953,0.891,2,5
3001356,3001356.TIF,0.928,0.888,0.985,0.877,1,9,0.912,0.890,0.984,0.849,1,11
3001357,3001357.TIF,0.928,0.886,0.970,0.889,3,12,0.942,0.875,0.990,0.898,1,11
3001358,3001358.TIF,0.950,0.884,0.966,0.934,3,6,0.951,0.881,0.936,0.967,6,3
3001359,3001359.TIF,0.901,0.857,0.952,0.855,3,10,0.868,0.877,0.933,0.812,4,13
3001361,3001361.TIF,0.935,0.888,0.906,0.967,3,1,0.915,0.896,0.931,0.900,2,3
3001362,3001362.TIF,0.899,0.901,0.961,0.845,2,9,0.926,0.879,1.000,0.862,0,8
3001363,3001363.TIF,0.926,0.892,1.000,0.862,0,4,0.964,0.888,1.000,0.931,0,2
3001364,3001364.TIF,0.962,0.914,1.000,0.926,0,2,0.981,0.895,1.000,0.963,0,1
3001365,3001365.TIF,0.963,0.880,0.985,0.942,1,4,0.940,0.883,0.969,0.913,2,6
3001366,3001366.TIF,0.778,0.885,0.840,0.724,4,8,0.745,0.866,0.864,0.655,3,10
3001367,3001367.TIF,0.800,0.827,0.714,0.909,4,1,0.522,0.822,0.500,0.545,6,5
3001368,3001368.TIF,0.914,0.858,0.889,0.941,2,1,0.872,0.831,0.773,1.000,5,0
3001369,3001369.TIF,0.889,0.902,0.800,1.000,1,0,0.889,0.794,0.800,1.000,1,0
3001371,3001371.TIF,1.000,0.932,1.000,1.000,0,0,0.857,0.832,0.750,1.000,1,0
3001372,3001372.TIF,0.949,0.878,0.949,0.949,4,4,0.942,0.850,0.948,0.936,4,5
3001373,3001373.TIF,0.907,0.887,0.917,0.898,8,10,0.909,0.856,0.900,0.918,10,8
3001374,3001374.TIF,0.909,0.882,0.962,0.862,3,12,0.904,0.849,0.949,0.862,4,12
3001375,3001375.TIF,0.934,0.882,0.990,0.884,1,13,0.943,0.856,1.000,0.893,0,12
3001376,3001376.TIF,0.935,0.889,0.923,0.947,3,2,0.933,0.848,0.946,0.921,2,3
3001377,3001377.TIF,0.949,0.872,0.959,0.940,2,3,0.931,0.852,0.922,0.940,4,3
3001378,3001378.TIF,0.921,0.880,0.891,0.953,5,2,0.894,0.847,0.905,0.884,4,5
3001379,3001379.TIF,0.883,0.878,0.919,0.850,8,16,0.850,0.860,0.880,0.822,12,19
3001380,3001380.TIF,0.958,0.880,0.968,0.948,3,5,0.942,0.871,0.947,0.938,5,6
3001381,3001381.TIF,0.976,0.868,0.976,0.976,1,1,0.988,0.855,0.976,1.000,1,0
3001382,3001382.TIF,1.000,0.940,1.000,1.000,0,0,1.000,0.945,1.000,1.000,0,0
3001383,3001383.TIF,0.946,0.869,0.946,0.946,2,2,0.889,0.892,0.914,0.865,3,5
3001384,3001384.TIF,0.911,0.898,0.962,0.864,2,8,0.903,0.880,0.944,0.864,3,8
3001385,3001385.TIF,0.889,0.891,0.960,0.828,1,5,0.906,0.891,1.000,0.828,0,5
3001386,3001386.TIF,0.925,0.891,0.949,0.902,2,4,0.900,0.869,0.923,0.878,3,5
3001387,3001387.TIF,0.960,0.888,0.952,0.968,3,2,0.898,0.890,0.946,0.855,3,9
3001388,3001388.TIF,0.733,0.844,0.647,0.846,6,2,0.727,0.896,0.889,0.615,1,5
3001389,3001389.TIF,0.571,0.748,0.400,1.000,6,0,0.857,0.729,1.000,0.750,0,1
3001390,3001390.TIF,0.880,0.837,0.786,1.000,3,0,0.880,0.809,0.786,1.000,3,0
3001391,3001391.TIF,0.933,0.889,1.000,0.875,0,2,0.839,0.867,0.867,0.812,2,3
3001392,3001392.TIF,0.952,0.916,0.952,0.952,1,1,0.976,0.908,1.000,0.952,0,1
3001393,3001393.TIF,0.952,0.895,0.952,0.952,2,2,0.951,0.879,0.975,0.929,1,3
3001394,3001394.TIF,0.911,0.884,0.970,0.858,3,16,0.911,0.857,0.970,0.858,3,16
3001395,3001395.TIF,0.976,0.885,1.000,0.952,0,5,0.976,0.856,1.000,0.952,0,5
3001396,3001396.TIF,0.937,0.884,0.960,0.914,4,9,0.921,0.848,0.959,0.886,4,12
3001397,3001397.TIF,0.931,0.890,0.969,0.896,3,11,0.912,0.855,0.949,0.877,5,13
3001398,3001398.TIF,0.914,0.884,0.968,0.865,3,14,0.925,0.854,0.968,0.885,3,12
3001399,3001399.TIF,0.953,0.885,0.976,0.932,2,6,0.949,0.859,0.954,0.943,4,5
3001400,3001400.TIF,0.800,0.868,0.780,0.821,9,7,0.789,0.855,0.811,0.769,7,9
3001401,3001401.TIF,0.936,0.885,0.971,0.904,2,7,0.887,0.867,0.913,0.863,6,10
3001402,3001402.TIF,0.950,0.888,0.950,0.950,3,3,0.949,0.882,0.966,0.933,2,4
3001403,3001403.TIF,0.941,0.857,0.889,1.000,3,0,0.939,0.847,0.920,0.958,2,1
3001405,3001405.TIF,0.935,0.883,0.935,0.935,3,3,0.936,0.865,0.917,0.957,4,2
3001406,3001406.TIF,0.917,0.890,0.943,0.893,3,6,0.907,0.879,0.942,0.875,3,7
3001407,3001407.TIF,0.950,0.864,1.000,0.905,0,2,0.850,0.876,0.895,0.810,2,4
3001408,3001408.TIF,0.935,0.891,0.935,0.935,2,2,0.918,0.886,0.933,0.903,2,3
3001409,3001409.TIF,0.957,0.895,0.957,0.957,3,3,0.943,0.892,0.943,0.943,4,4
3001410,3001410.TIF,0.898,0.891,0.946,0.855,3,9,0.821,0.895,0.873,0.774,7,14
3001411,3001411.TIF,0.959,0.900,0.972,0.946,1,2,0.901,0.904,0.941,0.865,2,5
3001412,3001412.TIF,0.966,0.904,1.000,0.933,0,2,0.947,0.886,1.000,0.900,0,3
3001413,3001413.TIF,0.977,0.909,1.000,0.956,0,2,0.966,0.901,1.000,0.933,0,3
3001414,3001414.TIF,0.964,0.915,1.000,0.930,0,3,0.952,0.890,0.976,0.930,1,3
3001415,3001415.TIF,0.934,0.894,0.941,0.928,4,5,0.962,0.867,1.000,0.928,0,5
3001416,3001416.TIF,0.927,0.890,0.927,0.927,6,6,0.920,0.861,0.926,0.915,6,7
3001417,3001417.TIF,0.976,0.903,0.988,0.965,1,3,0.941,0.869,0.941,0.941,5,5
3001418,3001418.TIF,0.966,0.900,1.000,0.935,0,7,0.947,0.867,0.980,0.916,2,9
3001419,3001419.TIF,0.912,0.896,0.957,0.871,4,13,0.896,0.866,0.945,0.851,5,15
3001420,3001420.TIF,0.943,0.893,0.957,0.930,3,5,0.957,0.868,0.971,0.944,2,4
3001421,3001421.TIF,0.944,0.899,0.981,0.911,1,5,0.936,0.896,0.962,0.911,2,5
3001422,3001422.TIF,0.815,0.914,0.733,0.917,8,2,0.830,0.908,0.759,0.917,7,2
3001423,3001423.TIF,0.936,0.906,0.957,0.917,2,4,0.958,0.884,0.958,0.958,2,2
3001424,3001424.TIF,0.948,0.910,0.979,0.920,1,4,0.958,0.901,1.000,0.920,0,4
3001425,3001425.TIF,0.900,0.884,0.818,1.000,2,0,0.947,0.860,0.900,1.000,1,0
3001426,3001426.TIF,1.000,0.893,1.000,1.000,0,0,1.000,0.816,1.000,1.000,0,0
3001427,3001427.TIF,0.932,0.901,0.953,0.911,2,4,0.909,0.894,0.930,0.889,3,5
3001428,3001428.TIF,0.911,0.886,0.939,0.885,3,6,0.923,0.890,0.923,0.923,4,4
3001429,3001429.TIF,0.952,0.854,1.000,0.909,0,1,0.952,0.861,1.000,0.909,0,1
3001430,3001430.TIF,0.975,0.910,0.975,0.975,1,1,0.963,0.917,0.951,0.975,2,1
3001431,3001431.TIF,0.947,0.910,0.973,0.923,1,3,0.895,0.889,0.919,0.872,3,5
3001432,3001432.TIF,0.957,0.905,1.000,0.917,0,5,0.957,0.891,0.982,0.933,1,4
3001433,3001433.TIF,0.939,0.915,0.939,0.939,3,3,0.959,0.899,0.959,0.959,2,2
3001434,3001434.TIF,0.960,0.901,0.960,0.960,2,2,0.949,0.892,0.959,0.940,2,3
3001435,3001435.TIF,0.928,0.895,0.941,0.914,2,3,0.882,0.881,0.909,0.857,3,5
3001436,3001436.TIF,0.927,0.912,0.950,0.905,3,6,0.909,0.893,0.948,0.873,3,8
3001437,3001437.TIF,0.922,0.889,0.954,0.892,4,10,0.876,0.864,0.918,0.839,7,15
3001438,3001438.TIF,0.928,0.877,0.923,0.933,7,6,0.933,0.862,0.933,0.933,6,6
3001439,3001439.TIF,0.939,0.908,0.969,0.912,1,3,0.954,0.870,1.000,0.912,0,3
3001440,3001440.TIF,0.977,0.899,0.977,0.977,2,2,0.983,0.869,0.978,0.989,2,1
3001441,3001441.TIF,0.928,0.882,0.970,0.890,3,12,0.909,0.865,0.950,0.872,5,14
3001442,3001442.TIF,0.921,0.878,0.989,0.861,1,15,0.889,0.848,0.929,0.852,7,16
3001443,3001443.TIF,0.889,0.885,0.928,0.853,5,11,0.901,0.873,0.955,0.853,3,11
3001444,3001444.TIF,0.922,0.893,0.981,0.869,1,8,0.897,0.899,0.945,0.852,3,9
3001445,3001445.TIF,0.967,0.886,1.000,0.937,0,4,0.918,0.888,0.949,0.889,3,7
3001446,3001446.TIF,0.967,0.886,1.000,0.936,0,3,0.911,0.875,0.953,0.872,2,6
3001448,3001448.TIF,0.921,0.909,0.921,0.921,3,3,0.932,0.899,0.971,0.895,1,4
3001449,3001449.TIF,0.945,0.894,0.981,0.912,1,5,0.914,0.910,1.000,0.842,0,9
3001450,3001450.TIF,0.933,0.865,0.966,0.903,1,3,0.931,0.891,1.000,0.871,0,4
3001451,3001451.TIF,1.000,0.719,1.000,1.000,0,0,1.000,0.808,1.000,1.000,0,0
3001452,3001452.TIF,0.965,0.901,0.953,0.976,2,1,0.941,0.884,0.930,0.952,3,2
3001453,3001453.TIF,0.974,0.893,0.974,0.974,1,1,0.961,0.885,0.974,0.949,1,2
3001454,3001454.TIF,0.991,0.911,1.000,0.982,0,1,0.991,0.896,1.000,0.982,0,1
3001455,3001455.TIF,0.917,0.904,0.926,0.909,4,5,0.944,0.897,0.962,0.927,2,4
3001456,3001456.TIF,0.930,0.911,0.976,0.889,1,5,0.899,0.893,0.909,0.889,4,5
3001457,3001457.TIF,0.964,0.899,0.952,0.976,2,1,0.929,0.894,0.907,0.951,4,2
3001458,3001458.TIF,0.933,0.908,1.000,0.875,0,8,0.934,0.889,0.983,0.891,1,7
3001459,3001459.TIF,0.927,0.892,0.967,0.890,3,11,0.913,0.873,0.937,0.890,6,11
3001460,3001460.TIF,0.922,0.881,0.956,0.890,3,8,0.938,0.858,0.944,0.932,4,5
3001461,3001461.TIF,0.857,0.859,0.750,1.000,1,0,1.000,0.770,1.000,1.000,0,0
3001462,3001462.TIF,0.932,0.885,0.932,0.932,4,4,0.889,0.848,0.897,0.881,6,7
3001463,3001463.TIF,0.915,0.886,0.929,0.901,7,10,0.925,0.849,0.930,0.921,7,8
3001464,3001464.TIF,0.921,0.885,0.927,0.916,6,7,0.915,0.863,0.926,0.904,6,8
3001465,3001465.TIF,0.899,0.895,0.954,0.849,3,11,0.891,0.879,0.953,0.836,3,12
3001466,3001466.TIF,0.952,0.885,0.952,0.952,3,3,0.958,0.888,1.000,0.919,0,5
3001467,3001467.TIF,0.955,0.876,1.000,0.914,0,3,0.925,0.857,0.969,0.886,1,4
3001468,3001468.TIF,0.960,0.884,1.000,0.923,0,2,0.939,0.848,1.000,0.885,0,3
3001469,3001469.TIF,1.000,0.927,1.000,1.000,0,0,1.000,0.899,1.000,1.000,0,0
3001470,3001470.TIF,0.974,0.891,1.000,0.950,0,1,0.950,0.882,0.950,0.950,1,1
3001471,3001471.TIF,1.000,0.912,1.000,1.000,0,0,1.000,0.903,1.000,1.000,0,0
3001474,3001474.TIF,0.913,0.882,0.944,0.883,4,9,0.913,0.864,0.944,0.883,4,9
3001475,3001475.TIF,0.926,0.876,0.957,0.898,2,5,0.891,0.870,0.953,0.837,2,8
3001476,3001476.TIF,1.000,0.905,1.000,1.000,0,0,0.857,0.871,0.857,0.857,1,1
3001477,3001477.TIF,1.000,0.897,1.000,1.000,0,0,1.000,0.881,1.000,1.000,0,0
3001478,3001478.TIF,0.959,0.899,0.959,0.959,2,2,0.969,0.885,0.979,0.959,1,2
3001479,3001479.TIF,0.963,0.901,0.963,0.963,2,2,0.943,0.896,0.962,0.926,2,4
3001480,3001480.TIF,0.901,0.891,0.955,0.853,3,11,0.899,0.889,0.984,0.827,1,13
3001481,3001481.TIF,0.879,0.882,0.919,0.843,8,17,0.868,0.868,0.918,0.824,8,19
3001482,3001482.TIF,0.930,0.869,0.952,0.909,4,8,0.889,0.849,0.916,0.864,7,12
3001483,3001483.TIF,0.932,0.860,0.932,0.932,3,3,0.920,0.832,0.930,0.909,3,4
3001484,3001484.TIF,0.957,0.893,0.965,0.948,2,3,0.920,0.881,0.945,0.897,3,6
3001485,3001485.TIF,0.929,0.886,0.967,0.894,2,7,0.889,0.879,0.933,0.848,4,10
3001486,3001486.TIF,0.963,0.893,1.000,0.929,0,5,0.948,0.881,0.985,0.914,1,6
3001487,3001487.TIF,0.908,0.900,0.967,0.855,2,10,0.884,0.900,0.950,0.826,3,12
3001488,3001488.TIF,0.942,0.900,1.000,0.891,0,6,0.942,0.891,1.000,0.891,0,6
3001489,3001489.TIF,0.941,0.853,0.889,1.000,2,0,0.968,0.841,1.000,0.938,0,1
3001490,3001490.TIF,1.000,0.887,1.000,1.000,0,0,0.947,0.851,1.000,0.900,0,1
3001496,3001496.TIF,0.947,0.879,0.986,0.911,1,7,0.922,0.843,0.947,0.899,4,8
3001497,3001497.TIF,0.962,0.887,1.000,0.927,0,3,0.950,0.872,0.974,0.927,1,3
3001499,3001499.TIF,0.800,0.830,1.000,0.667,0,1,0.500,0.795,1.000,0.333,0,2
3001500,3001500.TIF,0.842,0.898,0.889,0.800,1,2,0.889,0.853,1.000,0.800,0,2
3001501,3001501.TIF,0.944,0.894,0.944,0.944,1,1,0.875,0.919,1.000,0.778,0,4
3001502,3001502.TIF,0.902,0.903,0.925,0.881,3,5,0.923,0.889,1.000,0.857,0,6
3001503,3001503.TIF,0.935,0.880,0.973,0.900,2,8,0.934,0.865,0.986,0.887,1,9
3001504,3001504.TIF,0.960,0.874,0.977,0.944,2,5,0.932,0.842,0.953,0.911,4,8
3001505,3001505.TIF,0.982,0.888,0.988,0.976,1,2,0.970,0.866,0.976,0.964,2,3
3001506,3001506.TIF,0.938,0.888,0.927,0.950,6,4,0.945,0.864,0.928,0.963,6,3
3001507,3001507.TIF,0.913,0.884,0.951,0.879,3,8,0.891,0.882,0.919,0.864,5,9
3001508,3001508.TIF,0.934,0.886,0.966,0.905,2,6,0.889,0.882,0.963,0.825,2,11
3001509,3001509.TIF,0.928,0.905,0.938,0.918,3,4,0.936,0.889,0.978,0.898,1,5
3001510,3001510.TIF,0.976,0.891,1.000,0.952,0,1,0.950,0.897,1.000,0.905,0,2
3001511,3001511.TIF,0.857,0.689,0.750,1.000,1,0,1.000,0.670,1.000,1.000,0,0
3001518,3001518.TIF,0.971,0.885,0.971,0.971,1,1,0.914,0.845,0.914,0.914,3,3
3001519,3001519.TIF,1.000,0.910,1.000,1.000,0,0,0.963,0.906,0.929,1.000,1,0
3001521,3001521.TIF,0.000,0.000,0.000,0.000,0,1,0.000,0.000,0.000,0.000,0,1
3001522,3001522.TIF,1.000,0.855,1.000,1.000,0,0,0.000,0.000,0.000,0.000,0,1
3001525,3001525.TIF,0.919,0.876,1.000,0.850,0,3,0.833,0.854,0.938,0.750,1,5
3001526,3001526.TIF,0.861,0.858,0.939,0.795,2,8,0.838,0.856,0.886,0.795,4,8
3001527,3001527.TIF,0.920,0.900,0.930,0.909,3,4,0.941,0.874,0.976,0.909,1,4
3001528,3001528.TIF,0.922,0.884,0.940,0.904,3,5,0.941,0.862,0.960,0.923,2,4
3001529,3001529.TIF,0.907,0.874,0.895,0.919,4,3,0.877,0.881,0.889,0.865,4,5
3001530,3001530.TIF,0.963,0.883,0.963,0.963,1,1,0.906,0.848,0.923,0.889,2,3
3001531,3001531.TIF,0.909,0.877,0.833,1.000,1,0,0.909,0.809,0.833,1.000,1,0
